time,data
2025-05-01T14:14:25,0.009608
2025-05-01T14:14:25.010000,0.016613
2025-05-01T14:14:25.020000,0.021276
2025-05-01T14:14:25.030000,0.011937
2025-05-01T14:14:25.040000,-0.004080
2025-05-01T14:14:25.050000,0.009938
2025-05-01T14:14:25.060000,-0.007554
2025-05-01T14:14:25.070000,-0.013513
2025-05-01T14:14:25.080000,-0.006821
2025-05-01T14:14:25.090000,0.003759
2025-05-01T14:14:25.100000,-0.011643
2025-05-01T14:14:25.110000,0.006633
2025-05-01T14:14:25.120000,0.014756
2025-05-01T14:14:25.130000,-0.017451
2025-05-01T14:14:25.140000,0.004586
2025-05-01T14:14:25.150000,0.002105
2025-05-01T14:14:25.160000,0.001316
2025-05-01T14:14:25.170000,0.013287
2025-05-01T14:14:25.180000,0.004207
2025-05-01T14:14:25.190000,0.009738
2025-05-01T14:14:25.200000,0.016542
2025-05-01T14:14:25.210000,0.000618
2025-05-01T14:14:25.220000,0.013329
2025-05-01T14:14:25.230000,0.008589
2025-05-01T14:14:25.240000,0.002264
2025-05-01T14:14:25.250000,0.019644
2025-05-01T14:14:25.260000,-0.007312
2025-05-01T14:14:25.270000,-0.011833
2025-05-01T14:14:25.280000,0.010246
2025-05-01T14:14:25.290000,-0.016616
2025-05-01T14:14:25.300000,0.010305
2025-05-01T14:14:25.310000,-0.002991
2025-05-01T14:14:25.320000,-0.008855
2025-05-01T14:14:25.330000,-0.005064
2025-05-01T14:14:25.340000,-0.007473
2025-05-01T14:14:25.350000,-0.001593
2025-05-01T14:14:25.360000,0.002169
2025-05-01T14:14:25.370000,-0.004182
2025-05-01T14:14:25.380000,-0.001100
2025-05-01T14:14:25.390000,-0.002623
2025-05-01T14:14:25.400000,0.011166
2025-05-01T14:14:25.410000,0.010110
2025-05-01T14:14:25.420000,0.014900
2025-05-01T14:14:25.430000,-0.002948
2025-05-01T14:14:25.440000,-0.008342
2025-05-01T14:14:25.450000,-0.005295
2025-05-01T14:14:25.460000,0.017148
2025-05-01T14:14:25.470000,0.010553
2025-05-01T14:14:25.480000,-0.001117
2025-05-01T14:14:25.490000,0.001980
2025-05-01T14:14:25.500000,-0.007708
2025-05-01T14:14:25.510000,0.018492
2025-05-01T14:14:25.520000,0.007662
2025-05-01T14:14:25.530000,0.002123
2025-05-01T14:14:25.540000,0.011595
2025-05-01T14:14:25.550000,0.008795
2025-05-01T14:14:25.560000,-0.005465
2025-05-01T14:14:25.570000,-0.001218
2025-05-01T14:14:25.580000,0.001452
2025-05-01T14:14:25.590000,0.015534
2025-05-01T14:14:25.600000,-0.007529
2025-05-01T14:14:25.610000,0.006960
2025-05-01T14:14:25.620000,0.005938
2025-05-01T14:14:25.630000,-0.001718
2025-05-01T14:14:25.640000,0.002360
2025-05-01T14:14:25.650000,0.009936
2025-05-01T14:14:25.660000,0.008949
2025-05-01T14:14:25.670000,-0.000222
2025-05-01T14:14:25.680000,-0.001064
2025-05-01T14:14:25.690000,0.001050
2025-05-01T14:14:25.700000,-0.000192
2025-05-01T14:14:25.710000,0.001050
2025-05-01T14:14:25.720000,0.019907
2025-05-01T14:14:25.730000,0.001233
2025-05-01T14:14:25.740000,-0.004596
2025-05-01T14:14:25.750000,0.001792
2025-05-01T14:14:25.760000,-0.013137
2025-05-01T14:14:25.770000,0.005038
2025-05-01T14:14:25.780000,0.000611
2025-05-01T14:14:25.790000,-0.007521
2025-05-01T14:14:25.800000,0.006973
2025-05-01T14:14:25.810000,0.000602
2025-05-01T14:14:25.820000,-0.005067
2025-05-01T14:14:25.830000,-0.007231
2025-05-01T14:14:25.840000,-0.020106
2025-05-01T14:14:25.850000,-0.024002
2025-05-01T14:14:25.860000,-0.002277
2025-05-01T14:14:25.870000,-0.002078
2025-05-01T14:14:25.880000,0.005468
2025-05-01T14:14:25.890000,0.007919
2025-05-01T14:14:25.900000,0.009165
2025-05-01T14:14:25.910000,0.011750
2025-05-01T14:14:25.920000,-0.000514
2025-05-01T14:14:25.930000,-0.008607
2025-05-01T14:14:25.940000,-0.013464
2025-05-01T14:14:25.950000,-0.008133
2025-05-01T14:14:25.960000,-0.005514
2025-05-01T14:14:25.970000,-0.002494
2025-05-01T14:14:25.980000,0.001674
2025-05-01T14:14:25.990000,0.002678
2025-05-01T14:14:26,-0.009604
2025-05-01T14:14:26.010000,0.012240
2025-05-01T14:14:26.020000,-0.005163
2025-05-01T14:14:26.030000,-0.013411
2025-05-01T14:14:26.040000,-0.006049
2025-05-01T14:14:26.050000,0.010740
2025-05-01T14:14:26.060000,-0.013105
2025-05-01T14:14:26.070000,-0.018031
2025-05-01T14:14:26.080000,-0.001938
2025-05-01T14:14:26.090000,0.022745
2025-05-01T14:14:26.100000,-0.005890
2025-05-01T14:14:26.110000,0.008223
2025-05-01T14:14:26.120000,-0.016511
2025-05-01T14:14:26.130000,-0.002144
2025-05-01T14:14:26.140000,-0.002180
2025-05-01T14:14:26.150000,0.007887
2025-05-01T14:14:26.160000,0.003461
2025-05-01T14:14:26.170000,-0.020831
2025-05-01T14:14:26.180000,0.011732
2025-05-01T14:14:26.190000,0.006019
2025-05-01T14:14:26.200000,-0.001546
2025-05-01T14:14:26.210000,-0.006554
2025-05-01T14:14:26.220000,-0.015137
2025-05-01T14:14:26.230000,-0.014949
2025-05-01T14:14:26.240000,0.013875
2025-05-01T14:14:26.250000,0.003669
2025-05-01T14:14:26.260000,0.021312
2025-05-01T14:14:26.270000,0.002230
2025-05-01T14:14:26.280000,-0.002479
2025-05-01T14:14:26.290000,0.000089
2025-05-01T14:14:26.300000,-0.009472
2025-05-01T14:14:26.310000,0.010940
2025-05-01T14:14:26.320000,0.006123
2025-05-01T14:14:26.330000,0.007655
2025-05-01T14:14:26.340000,0.007660
2025-05-01T14:14:26.350000,0.000189
2025-05-01T14:14:26.360000,-0.005605
2025-05-01T14:14:26.370000,-0.009367
2025-05-01T14:14:26.380000,0.003130
2025-05-01T14:14:26.390000,-0.012160
2025-05-01T14:14:26.400000,-0.000567
2025-05-01T14:14:26.410000,-0.010007
2025-05-01T14:14:26.420000,-0.001636
2025-05-01T14:14:26.430000,0.007639
2025-05-01T14:14:26.440000,-0.001338
2025-05-01T14:14:26.450000,0.001991
2025-05-01T14:14:26.460000,0.002596
2025-05-01T14:14:26.470000,0.017013
2025-05-01T14:14:26.480000,0.004155
2025-05-01T14:14:26.490000,0.006726
2025-05-01T14:14:26.500000,-0.018588
2025-05-01T14:14:26.510000,-0.013627
2025-05-01T14:14:26.520000,-0.004335
2025-05-01T14:14:26.530000,0.001974
2025-05-01T14:14:26.540000,-0.001214
2025-05-01T14:14:26.550000,0.001675
2025-05-01T14:14:26.560000,0.006730
2025-05-01T14:14:26.570000,0.003342
2025-05-01T14:14:26.580000,0.010246
2025-05-01T14:14:26.590000,-0.008478
2025-05-01T14:14:26.600000,-0.015991
2025-05-01T14:14:26.610000,-0.000357
2025-05-01T14:14:26.620000,-0.011560
2025-05-01T14:14:26.630000,0.005824
2025-05-01T14:14:26.640000,-0.013844
2025-05-01T14:14:26.650000,-0.008414
2025-05-01T14:14:26.660000,0.000059
2025-05-01T14:14:26.670000,-0.010150
2025-05-01T14:14:26.680000,-0.003086
2025-05-01T14:14:26.690000,-0.018505
2025-05-01T14:14:26.700000,-0.015718
2025-05-01T14:14:26.710000,-0.021258
2025-05-01T14:14:26.720000,-0.006340
2025-05-01T14:14:26.730000,0.003779
2025-05-01T14:14:26.740000,-0.010604
2025-05-01T14:14:26.750000,-0.004511
2025-05-01T14:14:26.760000,0.000083
2025-05-01T14:14:26.770000,0.003839
2025-05-01T14:14:26.780000,0.003171
2025-05-01T14:14:26.790000,0.014681
2025-05-01T14:14:26.800000,-0.014004
2025-05-01T14:14:26.810000,0.006642
2025-05-01T14:14:26.820000,-0.009375
2025-05-01T14:14:26.830000,-0.010623
2025-05-01T14:14:26.840000,0.001677
2025-05-01T14:14:26.850000,0.001276
2025-05-01T14:14:26.860000,0.003527
2025-05-01T14:14:26.870000,-0.007983
2025-05-01T14:14:26.880000,0.002967
2025-05-01T14:14:26.890000,-0.006523
2025-05-01T14:14:26.900000,-0.011019
2025-05-01T14:14:26.910000,-0.019514
2025-05-01T14:14:26.920000,-0.005758
2025-05-01T14:14:26.930000,0.010110
2025-05-01T14:14:26.940000,-0.000215
2025-05-01T14:14:26.950000,-0.007413
2025-05-01T14:14:26.960000,-0.001649
2025-05-01T14:14:26.970000,-0.008939
2025-05-01T14:14:26.980000,0.011945
2025-05-01T14:14:26.990000,-0.003221
2025-05-01T14:14:27,0.002043
2025-05-01T14:14:27.010000,-0.007588
2025-05-01T14:14:27.020000,0.002536
2025-05-01T14:14:27.030000,-0.004903
2025-05-01T14:14:27.040000,-0.020259
2025-05-01T14:14:27.050000,-0.001824
2025-05-01T14:14:27.060000,0.007529
2025-05-01T14:14:27.070000,0.014517
2025-05-01T14:14:27.080000,0.002110
2025-05-01T14:14:27.090000,0.003089
2025-05-01T14:14:27.100000,0.004701
2025-05-01T14:14:27.110000,0.006058
2025-05-01T14:14:27.120000,0.008429
2025-05-01T14:14:27.130000,-0.003516
2025-05-01T14:14:27.140000,-0.008465
2025-05-01T14:14:27.150000,-0.005643
2025-05-01T14:14:27.160000,-0.005861
2025-05-01T14:14:27.170000,-0.003374
2025-05-01T14:14:27.180000,-0.004468
2025-05-01T14:14:27.190000,0.013668
2025-05-01T14:14:27.200000,-0.008499
2025-05-01T14:14:27.210000,-0.010865
2025-05-01T14:14:27.220000,0.009289
2025-05-01T14:14:27.230000,-0.003697
2025-05-01T14:14:27.240000,-0.014673
2025-05-01T14:14:27.250000,-0.001149
2025-05-01T14:14:27.260000,-0.005566
2025-05-01T14:14:27.270000,0.011753
2025-05-01T14:14:27.280000,0.000231
2025-05-01T14:14:27.290000,0.026209
2025-05-01T14:14:27.300000,0.007925
2025-05-01T14:14:27.310000,-0.001205
2025-05-01T14:14:27.320000,-0.008061
2025-05-01T14:14:27.330000,-0.005572
2025-05-01T14:14:27.340000,-0.005008
2025-05-01T14:14:27.350000,-0.014455
2025-05-01T14:14:27.360000,-0.001579
2025-05-01T14:14:27.370000,0.002113
2025-05-01T14:14:27.380000,-0.005005
2025-05-01T14:14:27.390000,-0.001386
2025-05-01T14:14:27.400000,-0.011888
2025-05-01T14:14:27.410000,-0.013505
2025-05-01T14:14:27.420000,0.001735
2025-05-01T14:14:27.430000,-0.003958
2025-05-01T14:14:27.440000,0.007978
2025-05-01T14:14:27.450000,-0.015156
2025-05-01T14:14:27.460000,-0.000389
2025-05-01T14:14:27.470000,0.013388
2025-05-01T14:14:27.480000,0.000286
2025-05-01T14:14:27.490000,0.031449
2025-05-01T14:14:27.500000,0.012429
2025-05-01T14:14:27.510000,-0.009883
2025-05-01T14:14:27.520000,-0.014414
2025-05-01T14:14:27.530000,-0.002393
2025-05-01T14:14:27.540000,0.008163
2025-05-01T14:14:27.550000,-0.003116
2025-05-01T14:14:27.560000,0.006054
2025-05-01T14:14:27.570000,-0.005334
2025-05-01T14:14:27.580000,0.012304
2025-05-01T14:14:27.590000,-0.017737
2025-05-01T14:14:27.600000,0.000922
2025-05-01T14:14:27.610000,0.007622
2025-05-01T14:14:27.620000,-0.010518
2025-05-01T14:14:27.630000,0.004534
2025-05-01T14:14:27.640000,0.011717
2025-05-01T14:14:27.650000,-0.000880
2025-05-01T14:14:27.660000,-0.012448
2025-05-01T14:14:27.670000,0.009211
2025-05-01T14:14:27.680000,-0.004474
2025-05-01T14:14:27.690000,0.001728
2025-05-01T14:14:27.700000,0.010646
2025-05-01T14:14:27.710000,-0.001829
2025-05-01T14:14:27.720000,-0.000880
2025-05-01T14:14:27.730000,0.029544
2025-05-01T14:14:27.740000,-0.004230
2025-05-01T14:14:27.750000,0.004365
2025-05-01T14:14:27.760000,0.013927
2025-05-01T14:14:27.770000,-0.017430
2025-05-01T14:14:27.780000,-0.005627
2025-05-01T14:14:27.790000,-0.012715
2025-05-01T14:14:27.800000,0.009337
2025-05-01T14:14:27.810000,-0.000938
2025-05-01T14:14:27.820000,0.005138
2025-05-01T14:14:27.830000,0.015282
2025-05-01T14:14:27.840000,0.011281
2025-05-01T14:14:27.850000,-0.010956
2025-05-01T14:14:27.860000,-0.004609
2025-05-01T14:14:27.870000,0.006148
2025-05-01T14:14:27.880000,-0.003879
2025-05-01T14:14:27.890000,-0.015188
2025-05-01T14:14:27.900000,0.000656
2025-05-01T14:14:27.910000,-0.009901
2025-05-01T14:14:27.920000,0.009783
2025-05-01T14:14:27.930000,-0.003645
2025-05-01T14:14:27.940000,0.012595
2025-05-01T14:14:27.950000,0.006265
2025-05-01T14:14:27.960000,0.005814
2025-05-01T14:14:27.970000,0.005207
2025-05-01T14:14:27.980000,0.000042
2025-05-01T14:14:27.990000,0.001313
2025-05-01T14:14:28,-0.001851
2025-05-01T14:14:28.010000,-0.004670
2025-05-01T14:14:28.020000,0.002221
2025-05-01T14:14:28.030000,-0.003419
2025-05-01T14:14:28.040000,-0.011558
2025-05-01T14:14:28.050000,0.003494
2025-05-01T14:14:28.060000,0.009205
2025-05-01T14:14:28.070000,0.010051
2025-05-01T14:14:28.080000,0.006351
2025-05-01T14:14:28.090000,0.003639
2025-05-01T14:14:28.100000,0.006283
2025-05-01T14:14:28.110000,0.015272
2025-05-01T14:14:28.120000,-0.004208
2025-05-01T14:14:28.130000,-0.009701
2025-05-01T14:14:28.140000,0.006540
2025-05-01T14:14:28.150000,-0.003010
2025-05-01T14:14:28.160000,-0.004500
2025-05-01T14:14:28.170000,0.003610
2025-05-01T14:14:28.180000,-0.003212
2025-05-01T14:14:28.190000,-0.014130
2025-05-01T14:14:28.200000,0.002099
2025-05-01T14:14:28.210000,0.004683
2025-05-01T14:14:28.220000,-0.015388
2025-05-01T14:14:28.230000,-0.006157
2025-05-01T14:14:28.240000,0.001891
2025-05-01T14:14:28.250000,-0.007049
2025-05-01T14:14:28.260000,0.010214
2025-05-01T14:14:28.270000,0.009770
2025-05-01T14:14:28.280000,-0.012498
2025-05-01T14:14:28.290000,0.022170
2025-05-01T14:14:28.300000,0.018037
2025-05-01T14:14:28.310000,0.000597
2025-05-01T14:14:28.320000,0.010923
2025-05-01T14:14:28.330000,-0.003932
2025-05-01T14:14:28.340000,0.009328
2025-05-01T14:14:28.350000,0.016798
2025-05-01T14:14:28.360000,0.012340
2025-05-01T14:14:28.370000,0.002599
2025-05-01T14:14:28.380000,-0.012463
2025-05-01T14:14:28.390000,-0.005456
2025-05-01T14:14:28.400000,0.004857
2025-05-01T14:14:28.410000,-0.022107
2025-05-01T14:14:28.420000,-0.007868
2025-05-01T14:14:28.430000,-0.003612
2025-05-01T14:14:28.440000,0.003397
2025-05-01T14:14:28.450000,-0.007830
2025-05-01T14:14:28.460000,-0.004046
2025-05-01T14:14:28.470000,-0.003809
2025-05-01T14:14:28.480000,0.010448
2025-05-01T14:14:28.490000,0.010500
2025-05-01T14:14:28.500000,0.010455
2025-05-01T14:14:28.510000,-0.004990
2025-05-01T14:14:28.520000,-0.029035
2025-05-01T14:14:28.530000,0.009090
2025-05-01T14:14:28.540000,-0.010669
2025-05-01T14:14:28.550000,-0.006611
2025-05-01T14:14:28.560000,-0.004769
2025-05-01T14:14:28.570000,-0.010399
2025-05-01T14:14:28.580000,0.001489
2025-05-01T14:14:28.590000,-0.005148
2025-05-01T14:14:28.600000,0.012572
2025-05-01T14:14:28.610000,-0.009248
2025-05-01T14:14:28.620000,-0.027010
2025-05-01T14:14:28.630000,-0.003395
2025-05-01T14:14:28.640000,0.002049
2025-05-01T14:14:28.650000,-0.004691
2025-05-01T14:14:28.660000,-0.001133
2025-05-01T14:14:28.670000,-0.013757
2025-05-01T14:14:28.680000,0.003604
2025-05-01T14:14:28.690000,0.005423
2025-05-01T14:14:28.700000,0.000919
2025-05-01T14:14:28.710000,0.007236
2025-05-01T14:14:28.720000,-0.004691
2025-05-01T14:14:28.730000,0.014383
2025-05-01T14:14:28.740000,0.006888
2025-05-01T14:14:28.750000,0.010235
2025-05-01T14:14:28.760000,-0.015367
2025-05-01T14:14:28.770000,0.012000
2025-05-01T14:14:28.780000,0.002072
2025-05-01T14:14:28.790000,0.002376
2025-05-01T14:14:28.800000,-0.005923
2025-05-01T14:14:28.810000,0.019544
2025-05-01T14:14:28.820000,-0.009919
2025-05-01T14:14:28.830000,0.008927
2025-05-01T14:14:28.840000,-0.007166
2025-05-01T14:14:28.850000,-0.004834
2025-05-01T14:14:28.860000,-0.007902
2025-05-01T14:14:28.870000,0.015272
2025-05-01T14:14:28.880000,0.019937
2025-05-01T14:14:28.890000,0.007605
2025-05-01T14:14:28.900000,-0.017042
2025-05-01T14:14:28.910000,0.007157
2025-05-01T14:14:28.920000,-0.006904
2025-05-01T14:14:28.930000,0.004530
2025-05-01T14:14:28.940000,0.004333
2025-05-01T14:14:28.950000,0.010400
2025-05-01T14:14:28.960000,-0.002136
2025-05-01T14:14:28.970000,-0.007941
2025-05-01T14:14:28.980000,-0.008531
2025-05-01T14:14:28.990000,0.014640
2025-05-01T14:14:29,-0.008026
2025-05-01T14:14:29.010000,-0.001236
2025-05-01T14:14:29.020000,-0.004200
2025-05-01T14:14:29.030000,0.002300
2025-05-01T14:14:29.040000,-0.007585
2025-05-01T14:14:29.050000,-0.005302
2025-05-01T14:14:29.060000,0.003398
2025-05-01T14:14:29.070000,-0.001940
2025-05-01T14:14:29.080000,-0.002225
2025-05-01T14:14:29.090000,0.007281
2025-05-01T14:14:29.100000,-0.004036
2025-05-01T14:14:29.110000,0.018098
2025-05-01T14:14:29.120000,-0.021932
2025-05-01T14:14:29.130000,0.007843
2025-05-01T14:14:29.140000,-0.012031
2025-05-01T14:14:29.150000,-0.006637
2025-05-01T14:14:29.160000,0.004899
2025-05-01T14:14:29.170000,-0.018993
2025-05-01T14:14:29.180000,0.016440
2025-05-01T14:14:29.190000,-0.020183
2025-05-01T14:14:29.200000,-0.001430
2025-05-01T14:14:29.210000,-0.005983
2025-05-01T14:14:29.220000,0.003370
2025-05-01T14:14:29.230000,0.022116
2025-05-01T14:14:29.240000,-0.002819
2025-05-01T14:14:29.250000,0.009370
2025-05-01T14:14:29.260000,-0.008949
2025-05-01T14:14:29.270000,0.020848
2025-05-01T14:14:29.280000,0.007574
2025-05-01T14:14:29.290000,0.008012
2025-05-01T14:14:29.300000,-0.016690
2025-05-01T14:14:29.310000,0.005673
2025-05-01T14:14:29.320000,-0.007700
2025-05-01T14:14:29.330000,-0.013892
2025-05-01T14:14:29.340000,-0.016384
2025-05-01T14:14:29.350000,0.003310
2025-05-01T14:14:29.360000,0.002954
2025-05-01T14:14:29.370000,-0.010377
2025-05-01T14:14:29.380000,0.000897
2025-05-01T14:14:29.390000,0.015706
2025-05-01T14:14:29.400000,0.010528
2025-05-01T14:14:29.410000,0.005516
2025-05-01T14:14:29.420000,-0.002857
2025-05-01T14:14:29.430000,0.015814
2025-05-01T14:14:29.440000,0.009362
2025-05-01T14:14:29.450000,0.017064
2025-05-01T14:14:29.460000,0.023009
2025-05-01T14:14:29.470000,0.013283
2025-05-01T14:14:29.480000,0.013980
2025-05-01T14:14:29.490000,0.001246
2025-05-01T14:14:29.500000,-0.000717
2025-05-01T14:14:29.510000,-0.011095
2025-05-01T14:14:29.520000,-0.007493
2025-05-01T14:14:29.530000,-0.007799
2025-05-01T14:14:29.540000,-0.035443
2025-05-01T14:14:29.550000,-0.038979
2025-05-01T14:14:29.560000,-0.036708
2025-05-01T14:14:29.570000,-0.030315
2025-05-01T14:14:29.580000,-0.037623
2025-05-01T14:14:29.590000,-0.018231
2025-05-01T14:14:29.600000,0.021724
2025-05-01T14:14:29.610000,0.017201
2025-05-01T14:14:29.620000,0.045417
2025-05-01T14:14:29.630000,0.057253
2025-05-01T14:14:29.640000,0.068742
2025-05-01T14:14:29.650000,0.089499
2025-05-01T14:14:29.660000,0.086606
2025-05-01T14:14:29.670000,0.076198
2025-05-01T14:14:29.680000,0.075218
2025-05-01T14:14:29.690000,0.058262
2025-05-01T14:14:29.700000,0.006305
2025-05-01T14:14:29.710000,-0.057219
2025-05-01T14:14:29.720000,-0.090599
2025-05-01T14:14:29.730000,-0.150614
2025-05-01T14:14:29.740000,-0.201639
2025-05-01T14:14:29.750000,-0.236261
2025-05-01T14:14:29.760000,-0.250680
2025-05-01T14:14:29.770000,-0.252429
2025-05-01T14:14:29.780000,-0.181700
2025-05-01T14:14:29.790000,-0.109100
2025-05-01T14:14:29.800000,0.011774
2025-05-01T14:14:29.810000,0.116963
2025-05-01T14:14:29.820000,0.171900
2025-05-01T14:14:29.830000,0.229524
2025-05-01T14:14:29.840000,0.243957
2025-05-01T14:14:29.850000,0.242399
2025-05-01T14:14:29.860000,0.207579
2025-05-01T14:14:29.870000,0.165718
2025-05-01T14:14:29.880000,0.111674
2025-05-01T14:14:29.890000,0.050246
2025-05-01T14:14:29.900000,0.004338
2025-05-01T14:14:29.910000,-0.054625
2025-05-01T14:14:29.920000,-0.056815
2025-05-01T14:14:29.930000,-0.082766
2025-05-01T14:14:29.940000,-0.089932
2025-05-01T14:14:29.950000,-0.069940
2025-05-01T14:14:29.960000,-0.091532
2025-05-01T14:14:29.970000,-0.051428
2025-05-01T14:14:29.980000,-0.024193
2025-05-01T14:14:29.990000,-0.020641
2025-05-01T14:14:30,0.004328
2025-05-01T14:14:30.010000,0.012230
2025-05-01T14:14:30.020000,0.019599
2025-05-01T14:14:30.030000,0.019275
2025-05-01T14:14:30.040000,0.029262
2025-05-01T14:14:30.050000,0.046355
2025-05-01T14:14:30.060000,0.041373
2025-05-01T14:14:30.070000,0.035604
2025-05-01T14:14:30.080000,-0.007459
2025-05-01T14:14:30.090000,0.021742
2025-05-01T14:14:30.100000,-0.002355
2025-05-01T14:14:30.110000,-0.008870
2025-05-01T14:14:30.120000,-0.017102
2025-05-01T14:14:30.130000,-0.010744
2025-05-01T14:14:30.140000,0.007450
2025-05-01T14:14:30.150000,-0.026047
2025-05-01T14:14:30.160000,0.000105
2025-05-01T14:14:30.170000,-0.007347
2025-05-01T14:14:30.180000,-0.005866
2025-05-01T14:14:30.190000,-0.003924
2025-05-01T14:14:30.200000,0.002296
2025-05-01T14:14:30.210000,0.006476
2025-05-01T14:14:30.220000,0.000489
2025-05-01T14:14:30.230000,0.002429
2025-05-01T14:14:30.240000,0.011673
2025-05-01T14:14:30.250000,-0.001776
2025-05-01T14:14:30.260000,-0.006960
2025-05-01T14:14:30.270000,0.016846
2025-05-01T14:14:30.280000,-0.008278
2025-05-01T14:14:30.290000,0.003781
2025-05-01T14:14:30.300000,-0.012916
2025-05-01T14:14:30.310000,-0.007364
2025-05-01T14:14:30.320000,-0.004675
2025-05-01T14:14:30.330000,-0.006538
2025-05-01T14:14:30.340000,-0.005435
2025-05-01T14:14:30.350000,0.001834
2025-05-01T14:14:30.360000,-0.002234
2025-05-01T14:14:30.370000,0.007483
2025-05-01T14:14:30.380000,0.003567
2025-05-01T14:14:30.390000,0.003294
2025-05-01T14:14:30.400000,0.003642
2025-05-01T14:14:30.410000,0.011362
2025-05-01T14:14:30.420000,0.008809
2025-05-01T14:14:30.430000,0.000662
2025-05-01T14:14:30.440000,0.007232
2025-05-01T14:14:30.450000,0.006611
2025-05-01T14:14:30.460000,-0.010462
2025-05-01T14:14:30.470000,0.014342
2025-05-01T14:14:30.480000,0.011768
2025-05-01T14:14:30.490000,0.006953
2025-05-01T14:14:30.500000,-0.001013
2025-05-01T14:14:30.510000,0.006101
2025-05-01T14:14:30.520000,0.016490
2025-05-01T14:14:30.530000,-0.004040
2025-05-01T14:14:30.540000,0.002495
2025-05-01T14:14:30.550000,-0.013698
2025-05-01T14:14:30.560000,-0.012454
2025-05-01T14:14:30.570000,-0.004372
2025-05-01T14:14:30.580000,0.006525
2025-05-01T14:14:30.590000,0.010304
2025-05-01T14:14:30.600000,-0.016162
2025-05-01T14:14:30.610000,0.001764
2025-05-01T14:14:30.620000,-0.006775
2025-05-01T14:14:30.630000,-0.001828
2025-05-01T14:14:30.640000,-0.009480
2025-05-01T14:14:30.650000,0.013808
2025-05-01T14:14:30.660000,-0.015592
2025-05-01T14:14:30.670000,-0.012432
2025-05-01T14:14:30.680000,0.000186
2025-05-01T14:14:30.690000,0.000576
2025-05-01T14:14:30.700000,0.011768
2025-05-01T14:14:30.710000,-0.002205
2025-05-01T14:14:30.720000,0.003787
2025-05-01T14:14:30.730000,-0.017499
2025-05-01T14:14:30.740000,0.006360
2025-05-01T14:14:30.750000,0.013624
2025-05-01T14:14:30.760000,-0.009396
2025-05-01T14:14:30.770000,-0.018265
2025-05-01T14:14:30.780000,-0.001245
2025-05-01T14:14:30.790000,0.012058
2025-05-01T14:14:30.800000,-0.003395
2025-05-01T14:14:30.810000,0.005547
2025-05-01T14:14:30.820000,0.005018
2025-05-01T14:14:30.830000,0.000892
2025-05-01T14:14:30.840000,-0.019086
2025-05-01T14:14:30.850000,0.011201
2025-05-01T14:14:30.860000,-0.004743
2025-05-01T14:14:30.870000,0.020413
2025-05-01T14:14:30.880000,-0.019857
2025-05-01T14:14:30.890000,-0.006739
2025-05-01T14:14:30.900000,0.009036
2025-05-01T14:14:30.910000,0.008271
2025-05-01T14:14:30.920000,0.004571
2025-05-01T14:14:30.930000,-0.013587
2025-05-01T14:14:30.940000,0.001521
2025-05-01T14:14:30.950000,0.000601
2025-05-01T14:14:30.960000,-0.005648
2025-05-01T14:14:30.970000,-0.000025
2025-05-01T14:14:30.980000,0.013681
2025-05-01T14:14:30.990000,-0.005688
2025-05-01T14:14:31,0.004644
2025-05-01T14:14:31.010000,0.007564
2025-05-01T14:14:31.020000,0.010189
2025-05-01T14:14:31.030000,0.016367
2025-05-01T14:14:31.040000,0.011917
2025-05-01T14:14:31.050000,0.004558
2025-05-01T14:14:31.060000,0.016587
2025-05-01T14:14:31.070000,-0.000063
2025-05-01T14:14:31.080000,0.015356
2025-05-01T14:14:31.090000,0.014963
2025-05-01T14:14:31.100000,-0.000837
2025-05-01T14:14:31.110000,0.010722
2025-05-01T14:14:31.120000,0.007842
2025-05-01T14:14:31.130000,0.006047
2025-05-01T14:14:31.140000,-0.011940
2025-05-01T14:14:31.150000,-0.024729
2025-05-01T14:14:31.160000,0.007748
2025-05-01T14:14:31.170000,0.009275
2025-05-01T14:14:31.180000,0.011546
2025-05-01T14:14:31.190000,-0.012347
2025-05-01T14:14:31.200000,-0.008986
2025-05-01T14:14:31.210000,-0.010785
2025-05-01T14:14:31.220000,0.007455
2025-05-01T14:14:31.230000,0.003190
2025-05-01T14:14:31.240000,0.009887
2025-05-01T14:14:31.250000,-0.000065
2025-05-01T14:14:31.260000,0.011127
2025-05-01T14:14:31.270000,-0.000367
2025-05-01T14:14:31.280000,0.010683
2025-05-01T14:14:31.290000,0.016584
2025-05-01T14:14:31.300000,-0.002511
2025-05-01T14:14:31.310000,-0.006952
2025-05-01T14:14:31.320000,-0.018408
2025-05-01T14:14:31.330000,0.019280
2025-05-01T14:14:31.340000,-0.009274
2025-05-01T14:14:31.350000,0.003048
2025-05-01T14:14:31.360000,0.014764
2025-05-01T14:14:31.370000,-0.004917
2025-05-01T14:14:31.380000,0.016427
2025-05-01T14:14:31.390000,0.007018
2025-05-01T14:14:31.400000,-0.007603
2025-05-01T14:14:31.410000,0.004182
2025-05-01T14:14:31.420000,0.005603
2025-05-01T14:14:31.430000,-0.010300
2025-05-01T14:14:31.440000,-0.005129
2025-05-01T14:14:31.450000,-0.016631
2025-05-01T14:14:31.460000,-0.000516
2025-05-01T14:14:31.470000,-0.020135
2025-05-01T14:14:31.480000,0.001565
2025-05-01T14:14:31.490000,-0.003693
2025-05-01T14:14:31.500000,0.000936
2025-05-01T14:14:31.510000,0.013401
2025-05-01T14:14:31.520000,0.020572
2025-05-01T14:14:31.530000,0.000556
2025-05-01T14:14:31.540000,0.017251
2025-05-01T14:14:31.550000,-0.008327
2025-05-01T14:14:31.560000,-0.002591
2025-05-01T14:14:31.570000,-0.007052
2025-05-01T14:14:31.580000,-0.001376
2025-05-01T14:14:31.590000,-0.007406
2025-05-01T14:14:31.600000,-0.031834
2025-05-01T14:14:31.610000,0.005472
2025-05-01T14:14:31.620000,0.006036
2025-05-01T14:14:31.630000,-0.000244
2025-05-01T14:14:31.640000,-0.017889
2025-05-01T14:14:31.650000,0.017854
2025-05-01T14:14:31.660000,-0.004093
2025-05-01T14:14:31.670000,-0.012061
2025-05-01T14:14:31.680000,-0.008881
2025-05-01T14:14:31.690000,0.000451
2025-05-01T14:14:31.700000,0.000257
2025-05-01T14:14:31.710000,0.014746
2025-05-01T14:14:31.720000,0.005742
2025-05-01T14:14:31.730000,-0.000879
2025-05-01T14:14:31.740000,0.003488
2025-05-01T14:14:31.750000,0.003006
2025-05-01T14:14:31.760000,-0.004953
2025-05-01T14:14:31.770000,-0.003075
2025-05-01T14:14:31.780000,-0.009734
2025-05-01T14:14:31.790000,-0.010501
2025-05-01T14:14:31.800000,0.007266
2025-05-01T14:14:31.810000,0.001186
2025-05-01T14:14:31.820000,-0.026450
2025-05-01T14:14:31.830000,-0.005744
2025-05-01T14:14:31.840000,-0.006499
2025-05-01T14:14:31.850000,0.008857
2025-05-01T14:14:31.860000,0.011849
2025-05-01T14:14:31.870000,-0.019362
2025-05-01T14:14:31.880000,0.014934
2025-05-01T14:14:31.890000,-0.001482
2025-05-01T14:14:31.900000,0.004107
2025-05-01T14:14:31.910000,0.010187
2025-05-01T14:14:31.920000,-0.005334
2025-05-01T14:14:31.930000,0.012648
2025-05-01T14:14:31.940000,0.004718
2025-05-01T14:14:31.950000,-0.017499
2025-05-01T14:14:31.960000,0.001764
2025-05-01T14:14:31.970000,-0.002383
2025-05-01T14:14:31.980000,0.003185
2025-05-01T14:14:31.990000,-0.001833
2025-05-01T14:14:32,0.000769
2025-05-01T14:14:32.010000,-0.009785
2025-05-01T14:14:32.020000,-0.007022
2025-05-01T14:14:32.030000,0.001700
2025-05-01T14:14:32.040000,-0.004414
2025-05-01T14:14:32.050000,0.000831
2025-05-01T14:14:32.060000,0.013260
2025-05-01T14:14:32.070000,0.009120
2025-05-01T14:14:32.080000,-0.006184
2025-05-01T14:14:32.090000,-0.012647
2025-05-01T14:14:32.100000,0.000813
2025-05-01T14:14:32.110000,-0.001909
2025-05-01T14:14:32.120000,0.002366
2025-05-01T14:14:32.130000,-0.016766
2025-05-01T14:14:32.140000,-0.005046
2025-05-01T14:14:32.150000,-0.001959
2025-05-01T14:14:32.160000,-0.021459
2025-05-01T14:14:32.170000,-0.001476
2025-05-01T14:14:32.180000,0.001296
2025-05-01T14:14:32.190000,-0.002455
2025-05-01T14:14:32.200000,0.029942
2025-05-01T14:14:32.210000,-0.009929
2025-05-01T14:14:32.220000,0.017227
2025-05-01T14:14:32.230000,0.002811
2025-05-01T14:14:32.240000,-0.004591
2025-05-01T14:14:32.250000,-0.008073
2025-05-01T14:14:32.260000,-0.002986
2025-05-01T14:14:32.270000,-0.006454
2025-05-01T14:14:32.280000,0.004560
2025-05-01T14:14:32.290000,0.000352
2025-05-01T14:14:32.300000,-0.007256
2025-05-01T14:14:32.310000,-0.008470
2025-05-01T14:14:32.320000,-0.007710
2025-05-01T14:14:32.330000,-0.004668
2025-05-01T14:14:32.340000,-0.009967
2025-05-01T14:14:32.350000,-0.003589
2025-05-01T14:14:32.360000,0.014719
2025-05-01T14:14:32.370000,0.009294
2025-05-01T14:14:32.380000,-0.001034
2025-05-01T14:14:32.390000,-0.014113
2025-05-01T14:14:32.400000,-0.001995
2025-05-01T14:14:32.410000,-0.015738
2025-05-01T14:14:32.420000,0.001337
2025-05-01T14:14:32.430000,0.005305
2025-05-01T14:14:32.440000,0.007322
2025-05-01T14:14:32.450000,-0.006556
2025-05-01T14:14:32.460000,0.003075
2025-05-01T14:14:32.470000,-0.014801
2025-05-01T14:14:32.480000,0.007949
2025-05-01T14:14:32.490000,0.004747
2025-05-01T14:14:32.500000,-0.010166
2025-05-01T14:14:32.510000,0.012676
2025-05-01T14:14:32.520000,0.003584
2025-05-01T14:14:32.530000,0.007635
2025-05-01T14:14:32.540000,-0.008164
2025-05-01T14:14:32.550000,-0.000428
2025-05-01T14:14:32.560000,0.012694
2025-05-01T14:14:32.570000,0.006300
2025-05-01T14:14:32.580000,0.008755
2025-05-01T14:14:32.590000,-0.015884
2025-05-01T14:14:32.600000,-0.003912
2025-05-01T14:14:32.610000,-0.000612
2025-05-01T14:14:32.620000,-0.025293
2025-05-01T14:14:32.630000,-0.006792
2025-05-01T14:14:32.640000,0.008754
2025-05-01T14:14:32.650000,-0.006308
2025-05-01T14:14:32.660000,0.003981
2025-05-01T14:14:32.670000,-0.013318
2025-05-01T14:14:32.680000,0.007588
2025-05-01T14:14:32.690000,-0.005922
2025-05-01T14:14:32.700000,0.013043
2025-05-01T14:14:32.710000,0.014776
2025-05-01T14:14:32.720000,0.009489
2025-05-01T14:14:32.730000,-0.003230
2025-05-01T14:14:32.740000,-0.000252
2025-05-01T14:14:32.750000,-0.011543
2025-05-01T14:14:32.760000,-0.000481
2025-05-01T14:14:32.770000,-0.000547
2025-05-01T14:14:32.780000,0.011699
2025-05-01T14:14:32.790000,-0.004013
2025-05-01T14:14:32.800000,0.017544
2025-05-01T14:14:32.810000,-0.000481
2025-05-01T14:14:32.820000,0.010511
2025-05-01T14:14:32.830000,0.001327
2025-05-01T14:14:32.840000,0.008238
2025-05-01T14:14:32.850000,-0.003147
2025-05-01T14:14:32.860000,0.016535
2025-05-01T14:14:32.870000,0.003329
2025-05-01T14:14:32.880000,-0.000651
2025-05-01T14:14:32.890000,0.009437
2025-05-01T14:14:32.900000,-0.003643
2025-05-01T14:14:32.910000,0.001700
2025-05-01T14:14:32.920000,0.004793
2025-05-01T14:14:32.930000,0.008851
2025-05-01T14:14:32.940000,0.004891
2025-05-01T14:14:32.950000,-0.001554
2025-05-01T14:14:32.960000,-0.006853
2025-05-01T14:14:32.970000,-0.009014
2025-05-01T14:14:32.980000,0.008556
2025-05-01T14:14:32.990000,-0.011516
2025-05-01T14:14:33,0.007848
2025-05-01T14:14:33.010000,0.002215
2025-05-01T14:14:33.020000,0.002502
2025-05-01T14:14:33.030000,-0.007208
2025-05-01T14:14:33.040000,-0.008222
2025-05-01T14:14:33.050000,-0.004827
2025-05-01T14:14:33.060000,-0.008672
2025-05-01T14:14:33.070000,-0.006921
2025-05-01T14:14:33.080000,-0.023660
2025-05-01T14:14:33.090000,-0.003831
2025-05-01T14:14:33.100000,-0.014361
2025-05-01T14:14:33.110000,-0.004336
2025-05-01T14:14:33.120000,0.004158
2025-05-01T14:14:33.130000,-0.001760
2025-05-01T14:14:33.140000,-0.015064
2025-05-01T14:14:33.150000,-0.015155
2025-05-01T14:14:33.160000,0.002712
2025-05-01T14:14:33.170000,0.018749
2025-05-01T14:14:33.180000,-0.001042
2025-05-01T14:14:33.190000,0.015723
2025-05-01T14:14:33.200000,-0.003790
2025-05-01T14:14:33.210000,-0.002087
2025-05-01T14:14:33.220000,-0.008666
2025-05-01T14:14:33.230000,-0.001763
2025-05-01T14:14:33.240000,0.004940
2025-05-01T14:14:33.250000,0.006356
2025-05-01T14:14:33.260000,-0.007022
2025-05-01T14:14:33.270000,0.011634
2025-05-01T14:14:33.280000,0.017803
2025-05-01T14:14:33.290000,0.003614
2025-05-01T14:14:33.300000,-0.000359
2025-05-01T14:14:33.310000,0.010659
2025-05-01T14:14:33.320000,0.012965
2025-05-01T14:14:33.330000,0.005500
2025-05-01T14:14:33.340000,0.009223
2025-05-01T14:14:33.350000,-0.012136
2025-05-01T14:14:33.360000,0.005881
2025-05-01T14:14:33.370000,0.006709
2025-05-01T14:14:33.380000,-0.004953
2025-05-01T14:14:33.390000,-0.001519
2025-05-01T14:14:33.400000,0.002588
2025-05-01T14:14:33.410000,-0.009490
2025-05-01T14:14:33.420000,-0.011901
2025-05-01T14:14:33.430000,-0.024679
2025-05-01T14:14:33.440000,0.006321
2025-05-01T14:14:33.450000,0.010577
2025-05-01T14:14:33.460000,-0.005244
2025-05-01T14:14:33.470000,-0.020312
2025-05-01T14:14:33.480000,-0.007137
2025-05-01T14:14:33.490000,-0.011072
2025-05-01T14:14:33.500000,0.010063
2025-05-01T14:14:33.510000,0.005622
2025-05-01T14:14:33.520000,0.003306
2025-05-01T14:14:33.530000,0.004263
2025-05-01T14:14:33.540000,-0.002380
2025-05-01T14:14:33.550000,-0.005942
2025-05-01T14:14:33.560000,-0.003294
2025-05-01T14:14:33.570000,0.000063
2025-05-01T14:14:33.580000,0.000661
2025-05-01T14:14:33.590000,0.000348
2025-05-01T14:14:33.600000,-0.002890
2025-05-01T14:14:33.610000,-0.010968
2025-05-01T14:14:33.620000,0.013867
2025-05-01T14:14:33.630000,-0.005643
2025-05-01T14:14:33.640000,-0.003660
2025-05-01T14:14:33.650000,-0.009174
2025-05-01T14:14:33.660000,0.007306
2025-05-01T14:14:33.670000,-0.010874
2025-05-01T14:14:33.680000,0.011498
2025-05-01T14:14:33.690000,-0.005509
2025-05-01T14:14:33.700000,0.001285
2025-05-01T14:14:33.710000,0.019484
2025-05-01T14:14:33.720000,-0.007575
2025-05-01T14:14:33.730000,0.009694
2025-05-01T14:14:33.740000,0.003787
2025-05-01T14:14:33.750000,0.002792
2025-05-01T14:14:33.760000,-0.000137
2025-05-01T14:14:33.770000,0.001245
2025-05-01T14:14:33.780000,-0.005952
2025-05-01T14:14:33.790000,0.000303
2025-05-01T14:14:33.800000,0.011173
2025-05-01T14:14:33.810000,0.008561
2025-05-01T14:14:33.820000,-0.002246
2025-05-01T14:14:33.830000,-0.003053
2025-05-01T14:14:33.840000,-0.003131
2025-05-01T14:14:33.850000,-0.011155
2025-05-01T14:14:33.860000,-0.009620
2025-05-01T14:14:33.870000,-0.015635
2025-05-01T14:14:33.880000,-0.000410
2025-05-01T14:14:33.890000,-0.003310
2025-05-01T14:14:33.900000,0.025770
2025-05-01T14:14:33.910000,-0.000942
2025-05-01T14:14:33.920000,0.005237
2025-05-01T14:14:33.930000,0.002752
2025-05-01T14:14:33.940000,-0.003406
2025-05-01T14:14:33.950000,0.020551
2025-05-01T14:14:33.960000,-0.001468
2025-05-01T14:14:33.970000,-0.006818
2025-05-01T14:14:33.980000,-0.007627
2025-05-01T14:14:33.990000,0.004281
2025-05-01T14:14:34,-0.017154
2025-05-01T14:14:34.010000,0.023004
2025-05-01T14:14:34.020000,0.009421
2025-05-01T14:14:34.030000,0.005423
2025-05-01T14:14:34.040000,0.003003
2025-05-01T14:14:34.050000,-0.003751
2025-05-01T14:14:34.060000,0.000434
2025-05-01T14:14:34.070000,0.010945
2025-05-01T14:14:34.080000,0.002972
2025-05-01T14:14:34.090000,-0.029035
2025-05-01T14:14:34.100000,0.003989
2025-05-01T14:14:34.110000,-0.001267
2025-05-01T14:14:34.120000,-0.009904
2025-05-01T14:14:34.130000,-0.019958
2025-05-01T14:14:34.140000,-0.002922
2025-05-01T14:14:34.150000,0.013849
2025-05-01T14:14:34.160000,0.003433
2025-05-01T14:14:34.170000,0.006025
2025-05-01T14:14:34.180000,0.023042
2025-05-01T14:14:34.190000,0.007277
2025-05-01T14:14:34.200000,-0.009577
2025-05-01T14:14:34.210000,-0.006759
2025-05-01T14:14:34.220000,-0.000097
2025-05-01T14:14:34.230000,0.006283
2025-05-01T14:14:34.240000,0.009199
2025-05-01T14:14:34.250000,0.017322
2025-05-01T14:14:34.260000,0.005362
2025-05-01T14:14:34.270000,0.015083
2025-05-01T14:14:34.280000,-0.009476
2025-05-01T14:14:34.290000,0.006849
2025-05-01T14:14:34.300000,0.007807
2025-05-01T14:14:34.310000,-0.001407
2025-05-01T14:14:34.320000,-0.007932
2025-05-01T14:14:34.330000,0.011009
2025-05-01T14:14:34.340000,0.011145
2025-05-01T14:14:34.350000,-0.009547
2025-05-01T14:14:34.360000,0.005098
2025-05-01T14:14:34.370000,0.013509
2025-05-01T14:14:34.380000,0.001617
2025-05-01T14:14:34.390000,-0.010692
2025-05-01T14:14:34.400000,-0.015498
2025-05-01T14:14:34.410000,-0.004251
2025-05-01T14:14:34.420000,-0.001145
2025-05-01T14:14:34.430000,-0.021429
2025-05-01T14:14:34.440000,-0.008287
2025-05-01T14:14:34.450000,0.014367
2025-05-01T14:14:34.460000,0.000659
2025-05-01T14:14:34.470000,-0.002841
2025-05-01T14:14:34.480000,-0.004416
2025-05-01T14:14:34.490000,0.004926
2025-05-01T14:14:34.500000,0.010987
2025-05-01T14:14:34.510000,-0.006445
2025-05-01T14:14:34.520000,0.012291
2025-05-01T14:14:34.530000,-0.002659
2025-05-01T14:14:34.540000,0.002000
2025-05-01T14:14:34.550000,0.003092
2025-05-01T14:14:34.560000,0.015349
2025-05-01T14:14:34.570000,-0.008043
2025-05-01T14:14:34.580000,0.017392
2025-05-01T14:14:34.590000,0.001256
2025-05-01T14:14:34.600000,0.005227
2025-05-01T14:14:34.610000,-0.010201
2025-05-01T14:14:34.620000,-0.009358
2025-05-01T14:14:34.630000,0.008105
2025-05-01T14:14:34.640000,-0.002504
2025-05-01T14:14:34.650000,0.002011
2025-05-01T14:14:34.660000,0.003522
2025-05-01T14:14:34.670000,0.005779
2025-05-01T14:14:34.680000,-0.012689
2025-05-01T14:14:34.690000,0.001893
2025-05-01T14:14:34.700000,-0.004047
2025-05-01T14:14:34.710000,0.005209
2025-05-01T14:14:34.720000,-0.004170
2025-05-01T14:14:34.730000,-0.004598
2025-05-01T14:14:34.740000,-0.000101
2025-05-01T14:14:34.750000,-0.013934
2025-05-01T14:14:34.760000,-0.015780
2025-05-01T14:14:34.770000,-0.007437
2025-05-01T14:14:34.780000,-0.000770
2025-05-01T14:14:34.790000,0.008537
2025-05-01T14:14:34.800000,-0.008495
2025-05-01T14:14:34.810000,0.009835
2025-05-01T14:14:34.820000,-0.009463
2025-05-01T14:14:34.830000,-0.011105
2025-05-01T14:14:34.840000,0.010284
2025-05-01T14:14:34.850000,0.011133
2025-05-01T14:14:34.860000,0.012534
2025-05-01T14:14:34.870000,0.000120
2025-05-01T14:14:34.880000,0.006745
2025-05-01T14:14:34.890000,0.012859
2025-05-01T14:14:34.900000,-0.010092
2025-05-01T14:14:34.910000,-0.012715
2025-05-01T14:14:34.920000,-0.006961
2025-05-01T14:14:34.930000,-0.009871
2025-05-01T14:14:34.940000,-0.002067
2025-05-01T14:14:34.950000,-0.004203
2025-05-01T14:14:34.960000,0.020106
2025-05-01T14:14:34.970000,-0.000606
2025-05-01T14:14:34.980000,-0.005532
2025-05-01T14:14:34.990000,0.000041
2025-05-01T14:14:35,-0.000819
2025-05-01T14:14:35.010000,-0.004155
2025-05-01T14:14:35.020000,-0.004755
2025-05-01T14:14:35.030000,-0.010806
2025-05-01T14:14:35.040000,0.020362
2025-05-01T14:14:35.050000,0.013240
2025-05-01T14:14:35.060000,-0.000850
2025-05-01T14:14:35.070000,0.014850
2025-05-01T14:14:35.080000,-0.005441
2025-05-01T14:14:35.090000,-0.001907
2025-05-01T14:14:35.100000,-0.003969
2025-05-01T14:14:35.110000,0.008692
2025-05-01T14:14:35.120000,0.018230
2025-05-01T14:14:35.130000,-0.001996
2025-05-01T14:14:35.140000,-0.005365
2025-05-01T14:14:35.150000,0.008069
2025-05-01T14:14:35.160000,0.008733
2025-05-01T14:14:35.170000,-0.010131
2025-05-01T14:14:35.180000,-0.005047
2025-05-01T14:14:35.190000,0.006364
2025-05-01T14:14:35.200000,-0.000360
2025-05-01T14:14:35.210000,-0.007608
2025-05-01T14:14:35.220000,-0.000286
2025-05-01T14:14:35.230000,-0.006040
2025-05-01T14:14:35.240000,-0.001702
2025-05-01T14:14:35.250000,0.004547
2025-05-01T14:14:35.260000,0.005260
2025-05-01T14:14:35.270000,-0.002868
2025-05-01T14:14:35.280000,0.010454
2025-05-01T14:14:35.290000,-0.005966
2025-05-01T14:14:35.300000,-0.000183
2025-05-01T14:14:35.310000,-0.009321
2025-05-01T14:14:35.320000,-0.004484
2025-05-01T14:14:35.330000,-0.010933
2025-05-01T14:14:35.340000,0.008433
2025-05-01T14:14:35.350000,-0.006728
2025-05-01T14:14:35.360000,0.001919
2025-05-01T14:14:35.370000,0.003441
2025-05-01T14:14:35.380000,0.007633
2025-05-01T14:14:35.390000,0.008197
2025-05-01T14:14:35.400000,-0.001194
2025-05-01T14:14:35.410000,-0.006327
2025-05-01T14:14:35.420000,0.002882
2025-05-01T14:14:35.430000,0.013229
2025-05-01T14:14:35.440000,-0.000822
2025-05-01T14:14:35.450000,-0.008134
2025-05-01T14:14:35.460000,-0.003337
2025-05-01T14:14:35.470000,-0.001497
2025-05-01T14:14:35.480000,0.010832
2025-05-01T14:14:35.490000,-0.019264
2025-05-01T14:14:35.500000,-0.008775
2025-05-01T14:14:35.510000,0.003235
2025-05-01T14:14:35.520000,0.012909
2025-05-01T14:14:35.530000,0.012491
2025-05-01T14:14:35.540000,-0.013725
2025-05-01T14:14:35.550000,0.009479
2025-05-01T14:14:35.560000,-0.000509
2025-05-01T14:14:35.570000,-0.006504
2025-05-01T14:14:35.580000,-0.013091
2025-05-01T14:14:35.590000,0.008236
2025-05-01T14:14:35.600000,-0.013483
2025-05-01T14:14:35.610000,0.024660
2025-05-01T14:14:35.620000,-0.005332
2025-05-01T14:14:35.630000,-0.021739
2025-05-01T14:14:35.640000,-0.008356
2025-05-01T14:14:35.650000,0.024494
2025-05-01T14:14:35.660000,-0.012642
2025-05-01T14:14:35.670000,-0.014800
2025-05-01T14:14:35.680000,0.007743
2025-05-01T14:14:35.690000,0.012840
2025-05-01T14:14:35.700000,-0.009914
2025-05-01T14:14:35.710000,0.015911
2025-05-01T14:14:35.720000,0.016869
2025-05-01T14:14:35.730000,-0.003544
2025-05-01T14:14:35.740000,0.009101
2025-05-01T14:14:35.750000,0.007870
2025-05-01T14:14:35.760000,0.014858
2025-05-01T14:14:35.770000,-0.010382
2025-05-01T14:14:35.780000,-0.002986
2025-05-01T14:14:35.790000,-0.008235
2025-05-01T14:14:35.800000,0.007166
2025-05-01T14:14:35.810000,-0.010626
2025-05-01T14:14:35.820000,0.001953
2025-05-01T14:14:35.830000,-0.012470
2025-05-01T14:14:35.840000,-0.008904
2025-05-01T14:14:35.850000,-0.010165
2025-05-01T14:14:35.860000,0.009391
2025-05-01T14:14:35.870000,-0.001186
2025-05-01T14:14:35.880000,0.001447
2025-05-01T14:14:35.890000,0.009685
2025-05-01T14:14:35.900000,0.000548
2025-05-01T14:14:35.910000,-0.015058
2025-05-01T14:14:35.920000,-0.012035
2025-05-01T14:14:35.930000,0.001830
2025-05-01T14:14:35.940000,0.001985
2025-05-01T14:14:35.950000,0.015031
2025-05-01T14:14:35.960000,-0.012763
2025-05-01T14:14:35.970000,-0.010621
2025-05-01T14:14:35.980000,-0.009736
2025-05-01T14:14:35.990000,-0.018983
2025-05-01T14:14:36,-0.000127
2025-05-01T14:14:36.010000,0.000271
2025-05-01T14:14:36.020000,-0.000804
2025-05-01T14:14:36.030000,0.003799
2025-05-01T14:14:36.040000,0.016882
2025-05-01T14:14:36.050000,-0.004175
2025-05-01T14:14:36.060000,0.005569
2025-05-01T14:14:36.070000,-0.012910
2025-05-01T14:14:36.080000,0.008622
2025-05-01T14:14:36.090000,0.013559
2025-05-01T14:14:36.100000,0.006749
2025-05-01T14:14:36.110000,-0.022518
2025-05-01T14:14:36.120000,-0.013481
2025-05-01T14:14:36.130000,-0.008553
2025-05-01T14:14:36.140000,-0.016044
2025-05-01T14:14:36.150000,0.013932
2025-05-01T14:14:36.160000,0.002584
2025-05-01T14:14:36.170000,-0.001378
2025-05-01T14:14:36.180000,-0.004147
2025-05-01T14:14:36.190000,0.030948
2025-05-01T14:14:36.200000,0.011080
2025-05-01T14:14:36.210000,0.000091
2025-05-01T14:14:36.220000,-0.008623
2025-05-01T14:14:36.230000,-0.006879
2025-05-01T14:14:36.240000,-0.006067
2025-05-01T14:14:36.250000,-0.001670
2025-05-01T14:14:36.260000,0.005764
2025-05-01T14:14:36.270000,0.003301
2025-05-01T14:14:36.280000,-0.005506
2025-05-01T14:14:36.290000,-0.001724
2025-05-01T14:14:36.300000,-0.009278
2025-05-01T14:14:36.310000,-0.014888
2025-05-01T14:14:36.320000,-0.007366
2025-05-01T14:14:36.330000,-0.010373
2025-05-01T14:14:36.340000,-0.005303
2025-05-01T14:14:36.350000,-0.006341
2025-05-01T14:14:36.360000,-0.004361
2025-05-01T14:14:36.370000,0.017663
2025-05-01T14:14:36.380000,-0.000380
2025-05-01T14:14:36.390000,-0.001270
2025-05-01T14:14:36.400000,-0.019406
2025-05-01T14:14:36.410000,-0.012656
2025-05-01T14:14:36.420000,-0.017133
2025-05-01T14:14:36.430000,-0.011511
2025-05-01T14:14:36.440000,0.028057
2025-05-01T14:14:36.450000,-0.009110
2025-05-01T14:14:36.460000,-0.000324
2025-05-01T14:14:36.470000,-0.002283
2025-05-01T14:14:36.480000,-0.012706
2025-05-01T14:14:36.490000,0.009009
2025-05-01T14:14:36.500000,0.011572
2025-05-01T14:14:36.510000,-0.001410
2025-05-01T14:14:36.520000,0.009677
2025-05-01T14:14:36.530000,0.006764
2025-05-01T14:14:36.540000,-0.019261
2025-05-01T14:14:36.550000,0.010738
2025-05-01T14:14:36.560000,0.003973
2025-05-01T14:14:36.570000,0.005615
2025-05-01T14:14:36.580000,0.004226
2025-05-01T14:14:36.590000,-0.008209
2025-05-01T14:14:36.600000,0.000839
2025-05-01T14:14:36.610000,0.010269
2025-05-01T14:14:36.620000,-0.000966
2025-05-01T14:14:36.630000,-0.011270
2025-05-01T14:14:36.640000,-0.006726
2025-05-01T14:14:36.650000,0.020392
2025-05-01T14:14:36.660000,-0.022423
2025-05-01T14:14:36.670000,-0.016915
2025-05-01T14:14:36.680000,-0.001248
2025-05-01T14:14:36.690000,-0.000624
2025-05-01T14:14:36.700000,0.003756
2025-05-01T14:14:36.710000,0.001744
2025-05-01T14:14:36.720000,-0.009118
2025-05-01T14:14:36.730000,-0.008217
2025-05-01T14:14:36.740000,0.012415
2025-05-01T14:14:36.750000,-0.007973
2025-05-01T14:14:36.760000,-0.010055
2025-05-01T14:14:36.770000,-0.002228
2025-05-01T14:14:36.780000,-0.008934
2025-05-01T14:14:36.790000,-0.019233
2025-05-01T14:14:36.800000,-0.009171
2025-05-01T14:14:36.810000,0.015854
2025-05-01T14:14:36.820000,0.021745
2025-05-01T14:14:36.830000,-0.014215
2025-05-01T14:14:36.840000,0.011418
2025-05-01T14:14:36.850000,-0.014681
2025-05-01T14:14:36.860000,-0.005086
2025-05-01T14:14:36.870000,0.027499
2025-05-01T14:14:36.880000,-0.004311
2025-05-01T14:14:36.890000,0.002374
2025-05-01T14:14:36.900000,0.018386
2025-05-01T14:14:36.910000,-0.003489
2025-05-01T14:14:36.920000,-0.017549
2025-05-01T14:14:36.930000,-0.012214
2025-05-01T14:14:36.940000,0.006576
2025-05-01T14:14:36.950000,0.000578
2025-05-01T14:14:36.960000,-0.010280
2025-05-01T14:14:36.970000,-0.002581
2025-05-01T14:14:36.980000,-0.010263
2025-05-01T14:14:36.990000,-0.013705
2025-05-01T14:14:37,-0.007356
2025-05-01T14:14:37.010000,-0.004617
2025-05-01T14:14:37.020000,0.000369
2025-05-01T14:14:37.030000,-0.000064
2025-05-01T14:14:37.040000,-0.003445
2025-05-01T14:14:37.050000,-0.012243
2025-05-01T14:14:37.060000,0.007694
2025-05-01T14:14:37.070000,-0.004393
2025-05-01T14:14:37.080000,0.016927
2025-05-01T14:14:37.090000,-0.007875
2025-05-01T14:14:37.100000,0.009147
2025-05-01T14:14:37.110000,-0.005834
2025-05-01T14:14:37.120000,-0.009551
2025-05-01T14:14:37.130000,0.027580
2025-05-01T14:14:37.140000,0.008261
2025-05-01T14:14:37.150000,-0.003224
2025-05-01T14:14:37.160000,-0.010082
2025-05-01T14:14:37.170000,0.013119
2025-05-01T14:14:37.180000,0.007151
2025-05-01T14:14:37.190000,-0.000058
2025-05-01T14:14:37.200000,-0.002009
2025-05-01T14:14:37.210000,-0.008095
2025-05-01T14:14:37.220000,0.005298
2025-05-01T14:14:37.230000,0.002350
2025-05-01T14:14:37.240000,0.000781
2025-05-01T14:14:37.250000,-0.009607
2025-05-01T14:14:37.260000,0.007623
2025-05-01T14:14:37.270000,-0.008095
2025-05-01T14:14:37.280000,0.005216
2025-05-01T14:14:37.290000,0.007492
2025-05-01T14:14:37.300000,0.002401
2025-05-01T14:14:37.310000,-0.015444
2025-05-01T14:14:37.320000,0.002261
2025-05-01T14:14:37.330000,0.008529
2025-05-01T14:14:37.340000,0.019146
2025-05-01T14:14:37.350000,-0.001633
2025-05-01T14:14:37.360000,0.005144
2025-05-01T14:14:37.370000,0.006814
2025-05-01T14:14:37.380000,-0.021651
2025-05-01T14:14:37.390000,-0.010348
2025-05-01T14:14:37.400000,0.005310
2025-05-01T14:14:37.410000,0.007954
2025-05-01T14:14:37.420000,0.015616
2025-05-01T14:14:37.430000,0.000936
2025-05-01T14:14:37.440000,0.013088
2025-05-01T14:14:37.450000,0.012082
2025-05-01T14:14:37.460000,0.005518
2025-05-01T14:14:37.470000,-0.009825
2025-05-01T14:14:37.480000,-0.000700
2025-05-01T14:14:37.490000,-0.000926
2025-05-01T14:14:37.500000,0.001278
2025-05-01T14:14:37.510000,-0.013607
2025-05-01T14:14:37.520000,0.006492
2025-05-01T14:14:37.530000,-0.018232
2025-05-01T14:14:37.540000,-0.008122
2025-05-01T14:14:37.550000,-0.004470
2025-05-01T14:14:37.560000,-0.001553
2025-05-01T14:14:37.570000,-0.008554
2025-05-01T14:14:37.580000,-0.010690
2025-05-01T14:14:37.590000,0.005533
2025-05-01T14:14:37.600000,-0.006522
2025-05-01T14:14:37.610000,-0.001300
2025-05-01T14:14:37.620000,0.002224
2025-05-01T14:14:37.630000,0.003966
2025-05-01T14:14:37.640000,-0.021366
2025-05-01T14:14:37.650000,0.021470
2025-05-01T14:14:37.660000,0.004190
2025-05-01T14:14:37.670000,-0.010138
2025-05-01T14:14:37.680000,-0.004277
2025-05-01T14:14:37.690000,0.018128
2025-05-01T14:14:37.700000,0.007962
2025-05-01T14:14:37.710000,0.019184
2025-05-01T14:14:37.720000,-0.002958
2025-05-01T14:14:37.730000,0.005145
2025-05-01T14:14:37.740000,0.010921
2025-05-01T14:14:37.750000,-0.009811
2025-05-01T14:14:37.760000,-0.003971
2025-05-01T14:14:37.770000,0.000649
2025-05-01T14:14:37.780000,0.001962
2025-05-01T14:14:37.790000,0.005976
2025-05-01T14:14:37.800000,-0.013543
2025-05-01T14:14:37.810000,0.007165
2025-05-01T14:14:37.820000,0.000680
2025-05-01T14:14:37.830000,0.019204
2025-05-01T14:14:37.840000,-0.011388
2025-05-01T14:14:37.850000,0.013832
2025-05-01T14:14:37.860000,0.007739
2025-05-01T14:14:37.870000,-0.002051
2025-05-01T14:14:37.880000,0.013430
2025-05-01T14:14:37.890000,-0.001359
2025-05-01T14:14:37.900000,-0.015004
2025-05-01T14:14:37.910000,-0.004847
2025-05-01T14:14:37.920000,0.001536
2025-05-01T14:14:37.930000,0.020587
2025-05-01T14:14:37.940000,-0.010131
2025-05-01T14:14:37.950000,-0.004569
2025-05-01T14:14:37.960000,-0.007252
2025-05-01T14:14:37.970000,-0.003032
2025-05-01T14:14:37.980000,-0.005319
2025-05-01T14:14:37.990000,-0.003196
2025-05-01T14:14:38,0.007008
2025-05-01T14:14:38.010000,0.009913
2025-05-01T14:14:38.020000,-0.005669
2025-05-01T14:14:38.030000,-0.000955
2025-05-01T14:14:38.040000,-0.008935
2025-05-01T14:14:38.050000,0.008555
2025-05-01T14:14:38.060000,-0.005955
2025-05-01T14:14:38.070000,-0.019268
2025-05-01T14:14:38.080000,0.007859
2025-05-01T14:14:38.090000,0.019567
2025-05-01T14:14:38.100000,0.009060
2025-05-01T14:14:38.110000,0.002729
2025-05-01T14:14:38.120000,-0.003630
2025-05-01T14:14:38.130000,-0.019101
2025-05-01T14:14:38.140000,-0.003731
2025-05-01T14:14:38.150000,-0.014212
2025-05-01T14:14:38.160000,-0.008306
2025-05-01T14:14:38.170000,-0.003077
2025-05-01T14:14:38.180000,0.014071
2025-05-01T14:14:38.190000,0.009220
2025-05-01T14:14:38.200000,0.000176
2025-05-01T14:14:38.210000,-0.008688
2025-05-01T14:14:38.220000,0.028146
2025-05-01T14:14:38.230000,-0.004392
2025-05-01T14:14:38.240000,-0.006731
2025-05-01T14:14:38.250000,-0.008250
2025-05-01T14:14:38.260000,0.001386
2025-05-01T14:14:38.270000,0.012794
2025-05-01T14:14:38.280000,-0.008809
2025-05-01T14:14:38.290000,0.004087
2025-05-01T14:14:38.300000,-0.004805
2025-05-01T14:14:38.310000,-0.004234
2025-05-01T14:14:38.320000,0.007978
2025-05-01T14:14:38.330000,-0.000699
2025-05-01T14:14:38.340000,-0.001690
2025-05-01T14:14:38.350000,-0.004029
2025-05-01T14:14:38.360000,0.007183
2025-05-01T14:14:38.370000,0.002897
2025-05-01T14:14:38.380000,0.015037
2025-05-01T14:14:38.390000,0.000687
2025-05-01T14:14:38.400000,-0.009622
2025-05-01T14:14:38.410000,-0.003748
2025-05-01T14:14:38.420000,0.015462
2025-05-01T14:14:38.430000,0.002321
2025-05-01T14:14:38.440000,0.005974
2025-05-01T14:14:38.450000,0.014121
2025-05-01T14:14:38.460000,0.013974
2025-05-01T14:14:38.470000,-0.005588
2025-05-01T14:14:38.480000,-0.000737
2025-05-01T14:14:38.490000,-0.000146
2025-05-01T14:14:38.500000,0.004888
2025-05-01T14:14:38.510000,-0.011242
2025-05-01T14:14:38.520000,0.012354
2025-05-01T14:14:38.530000,-0.013073
2025-05-01T14:14:38.540000,0.016658
2025-05-01T14:14:38.550000,-0.008750
2025-05-01T14:14:38.560000,0.004211
2025-05-01T14:14:38.570000,-0.016146
2025-05-01T14:14:38.580000,-0.001662
2025-05-01T14:14:38.590000,0.007815
2025-05-01T14:14:38.600000,0.001025
2025-05-01T14:14:38.610000,0.012249
2025-05-01T14:14:38.620000,0.006286
2025-05-01T14:14:38.630000,-0.009771
2025-05-01T14:14:38.640000,0.013777
2025-05-01T14:14:38.650000,-0.009395
2025-05-01T14:14:38.660000,-0.000458
2025-05-01T14:14:38.670000,-0.015240
2025-05-01T14:14:38.680000,-0.004605
2025-05-01T14:14:38.690000,0.011984
2025-05-01T14:14:38.700000,-0.001293
2025-05-01T14:14:38.710000,-0.000817
2025-05-01T14:14:38.720000,-0.001029
2025-05-01T14:14:38.730000,0.005719
2025-05-01T14:14:38.740000,0.009874
2025-05-01T14:14:38.750000,-0.004214
2025-05-01T14:14:38.760000,-0.005620
2025-05-01T14:14:38.770000,-0.003546
2025-05-01T14:14:38.780000,-0.011110
2025-05-01T14:14:38.790000,0.008971
2025-05-01T14:14:38.800000,-0.002600
2025-05-01T14:14:38.810000,0.006708
2025-05-01T14:14:38.820000,0.003835
2025-05-01T14:14:38.830000,-0.007061
2025-05-01T14:14:38.840000,0.000816
2025-05-01T14:14:38.850000,-0.001512
2025-05-01T14:14:38.860000,0.008071
2025-05-01T14:14:38.870000,-0.004932
2025-05-01T14:14:38.880000,-0.002183
2025-05-01T14:14:38.890000,0.002873
2025-05-01T14:14:38.900000,-0.006423
2025-05-01T14:14:38.910000,0.000036
2025-05-01T14:14:38.920000,0.000251
2025-05-01T14:14:38.930000,-0.002429
2025-05-01T14:14:38.940000,0.006018
2025-05-01T14:14:38.950000,0.017074
2025-05-01T14:14:38.960000,0.017195
2025-05-01T14:14:38.970000,0.011524
2025-05-01T14:14:38.980000,0.004078
2025-05-01T14:14:38.990000,0.005305
2025-05-01T14:14:39,-0.005995
2025-05-01T14:14:39.010000,-0.002623
2025-05-01T14:14:39.020000,0.014870
2025-05-01T14:14:39.030000,0.008562
2025-05-01T14:14:39.040000,-0.005706
2025-05-01T14:14:39.050000,-0.010382
2025-05-01T14:14:39.060000,-0.001318
2025-05-01T14:14:39.070000,0.012061
2025-05-01T14:14:39.080000,0.000122
2025-05-01T14:14:39.090000,0.003605
2025-05-01T14:14:39.100000,0.009027
2025-05-01T14:14:39.110000,-0.000918
2025-05-01T14:14:39.120000,-0.008828
2025-05-01T14:14:39.130000,0.014817
2025-05-01T14:14:39.140000,-0.000348
2025-05-01T14:14:39.150000,0.007175
2025-05-01T14:14:39.160000,0.013867
2025-05-01T14:14:39.170000,-0.004645
2025-05-01T14:14:39.180000,0.009611
2025-05-01T14:14:39.190000,0.013394
2025-05-01T14:14:39.200000,-0.002591
2025-05-01T14:14:39.210000,0.000755
2025-05-01T14:14:39.220000,0.004609
2025-05-01T14:14:39.230000,-0.012385
2025-05-01T14:14:39.240000,-0.000910
2025-05-01T14:14:39.250000,-0.002302
2025-05-01T14:14:39.260000,-0.007858
2025-05-01T14:14:39.270000,0.020148
2025-05-01T14:14:39.280000,0.006064
2025-05-01T14:14:39.290000,-0.013909
2025-05-01T14:14:39.300000,0.007279
2025-05-01T14:14:39.310000,-0.005643
2025-05-01T14:14:39.320000,-0.004225
2025-05-01T14:14:39.330000,0.003680
2025-05-01T14:14:39.340000,-0.027492
2025-05-01T14:14:39.350000,-0.004083
2025-05-01T14:14:39.360000,0.000496
2025-05-01T14:14:39.370000,0.007306
2025-05-01T14:14:39.380000,0.004969
2025-05-01T14:14:39.390000,-0.012631
2025-05-01T14:14:39.400000,0.005970
2025-05-01T14:14:39.410000,-0.006779
2025-05-01T14:14:39.420000,0.000226
2025-05-01T14:14:39.430000,-0.010111
2025-05-01T14:14:39.440000,0.017689
2025-05-01T14:14:39.450000,-0.008759
2025-05-01T14:14:39.460000,0.005092
2025-05-01T14:14:39.470000,0.004788
2025-05-01T14:14:39.480000,-0.015333
2025-05-01T14:14:39.490000,0.000964
2025-05-01T14:14:39.500000,-0.004942
2025-05-01T14:14:39.510000,0.002510
2025-05-01T14:14:39.520000,-0.014529
2025-05-01T14:14:39.530000,0.001717
2025-05-01T14:14:39.540000,0.002490
2025-05-01T14:14:39.550000,-0.000840
2025-05-01T14:14:39.560000,0.020647
2025-05-01T14:14:39.570000,0.003360
2025-05-01T14:14:39.580000,-0.006718
2025-05-01T14:14:39.590000,-0.009279
2025-05-01T14:14:39.600000,0.005776
2025-05-01T14:14:39.610000,0.010523
2025-05-01T14:14:39.620000,-0.007764
2025-05-01T14:14:39.630000,0.004555
2025-05-01T14:14:39.640000,-0.004050
2025-05-01T14:14:39.650000,0.008941
2025-05-01T14:14:39.660000,-0.028860
2025-05-01T14:14:39.670000,-0.002092
2025-05-01T14:14:39.680000,-0.005242
2025-05-01T14:14:39.690000,0.021798
2025-05-01T14:14:39.700000,-0.002528
2025-05-01T14:14:39.710000,0.000562
2025-05-01T14:14:39.720000,-0.016564
2025-05-01T14:14:39.730000,0.001642
2025-05-01T14:14:39.740000,-0.004758
2025-05-01T14:14:39.750000,-0.021434
2025-05-01T14:14:39.760000,0.011875
2025-05-01T14:14:39.770000,-0.011902
2025-05-01T14:14:39.780000,-0.011865
2025-05-01T14:14:39.790000,-0.003974
2025-05-01T14:14:39.800000,-0.000988
2025-05-01T14:14:39.810000,0.003191
2025-05-01T14:14:39.820000,-0.008561
2025-05-01T14:14:39.830000,0.006745
2025-05-01T14:14:39.840000,0.010237
2025-05-01T14:14:39.850000,0.009692
2025-05-01T14:14:39.860000,-0.010034
2025-05-01T14:14:39.870000,0.006508
2025-05-01T14:14:39.880000,0.012118
2025-05-01T14:14:39.890000,0.003658
2025-05-01T14:14:39.900000,-0.007285
2025-05-01T14:14:39.910000,0.019782
2025-05-01T14:14:39.920000,0.004003
2025-05-01T14:14:39.930000,0.015623
2025-05-01T14:14:39.940000,0.014011
2025-05-01T14:14:39.950000,0.000705
2025-05-01T14:14:39.960000,-0.012100
2025-05-01T14:14:39.970000,0.001504
2025-05-01T14:14:39.980000,0.007550
2025-05-01T14:14:39.990000,-0.003082
2025-05-01T14:14:40,0.006396
2025-05-01T14:14:40.010000,-0.014410
2025-05-01T14:14:40.020000,0.020897
2025-05-01T14:14:40.030000,-0.005284
2025-05-01T14:14:40.040000,-0.005447
2025-05-01T14:14:40.050000,-0.002890
2025-05-01T14:14:40.060000,0.000715
2025-05-01T14:14:40.070000,-0.004976
2025-05-01T14:14:40.080000,-0.011730
2025-05-01T14:14:40.090000,0.000311
2025-05-01T14:14:40.100000,-0.002094
2025-05-01T14:14:40.110000,-0.005069
2025-05-01T14:14:40.120000,-0.003003
2025-05-01T14:14:40.130000,-0.013721
2025-05-01T14:14:40.140000,0.013768
2025-05-01T14:14:40.150000,-0.000684
2025-05-01T14:14:40.160000,-0.005245
2025-05-01T14:14:40.170000,0.005539
2025-05-01T14:14:40.180000,0.003175
2025-05-01T14:14:40.190000,-0.016378
2025-05-01T14:14:40.200000,0.002215
2025-05-01T14:14:40.210000,-0.008403
2025-05-01T14:14:40.220000,-0.010903
2025-05-01T14:14:40.230000,0.006247
2025-05-01T14:14:40.240000,0.011105
2025-05-01T14:14:40.250000,-0.010964
2025-05-01T14:14:40.260000,0.022645
2025-05-01T14:14:40.270000,0.007286
2025-05-01T14:14:40.280000,0.001413
2025-05-01T14:14:40.290000,-0.011734
2025-05-01T14:14:40.300000,-0.005575
2025-05-01T14:14:40.310000,0.002701
2025-05-01T14:14:40.320000,0.000616
2025-05-01T14:14:40.330000,0.003310
2025-05-01T14:14:40.340000,0.008496
2025-05-01T14:14:40.350000,0.001700
2025-05-01T14:14:40.360000,-0.003212
2025-05-01T14:14:40.370000,-0.000595
2025-05-01T14:14:40.380000,0.006167
2025-05-01T14:14:40.390000,-0.019307
2025-05-01T14:14:40.400000,0.009613
2025-05-01T14:14:40.410000,-0.003998
2025-05-01T14:14:40.420000,0.004772
2025-05-01T14:14:40.430000,-0.009563
2025-05-01T14:14:40.440000,-0.003530
2025-05-01T14:14:40.450000,-0.000733
2025-05-01T14:14:40.460000,-0.010646
2025-05-01T14:14:40.470000,0.014848
2025-05-01T14:14:40.480000,-0.010416
2025-05-01T14:14:40.490000,-0.007969
2025-05-01T14:14:40.500000,0.016339
2025-05-01T14:14:40.510000,0.010738
2025-05-01T14:14:40.520000,-0.003891
2025-05-01T14:14:40.530000,-0.002872
2025-05-01T14:14:40.540000,0.000823
2025-05-01T14:14:40.550000,0.020191
2025-05-01T14:14:40.560000,-0.000655
2025-05-01T14:14:40.570000,0.003605
2025-05-01T14:14:40.580000,0.025274
2025-05-01T14:14:40.590000,0.005146
2025-05-01T14:14:40.600000,-0.000926
2025-05-01T14:14:40.610000,0.006430
2025-05-01T14:14:40.620000,-0.005817
2025-05-01T14:14:40.630000,-0.007312
2025-05-01T14:14:40.640000,0.000205
2025-05-01T14:14:40.650000,-0.011519
2025-05-01T14:14:40.660000,0.002991
2025-05-01T14:14:40.670000,0.010801
2025-05-01T14:14:40.680000,0.004742
2025-05-01T14:14:40.690000,0.001257
2025-05-01T14:14:40.700000,0.003039
2025-05-01T14:14:40.710000,0.026255
2025-05-01T14:14:40.720000,0.009664
2025-05-01T14:14:40.730000,0.000894
2025-05-01T14:14:40.740000,0.012538
2025-05-01T14:14:40.750000,0.009525
2025-05-01T14:14:40.760000,0.008436
2025-05-01T14:14:40.770000,-0.010501
2025-05-01T14:14:40.780000,-0.003602
2025-05-01T14:14:40.790000,0.001346
2025-05-01T14:14:40.800000,0.006631
2025-05-01T14:14:40.810000,0.018064
2025-05-01T14:14:40.820000,0.020305
2025-05-01T14:14:40.830000,-0.016012
2025-05-01T14:14:40.840000,-0.004998
2025-05-01T14:14:40.850000,-0.000195
2025-05-01T14:14:40.860000,0.001818
2025-05-01T14:14:40.870000,-0.009416
2025-05-01T14:14:40.880000,0.014669
2025-05-01T14:14:40.890000,-0.006929
2025-05-01T14:14:40.900000,0.000095
2025-05-01T14:14:40.910000,-0.013484
2025-05-01T14:14:40.920000,-0.013782
2025-05-01T14:14:40.930000,-0.007818
2025-05-01T14:14:40.940000,-0.004921
2025-05-01T14:14:40.950000,0.012396
2025-05-01T14:14:40.960000,-0.006118
2025-05-01T14:14:40.970000,-0.004565
2025-05-01T14:14:40.980000,-0.007202
2025-05-01T14:14:40.990000,0.018059
2025-05-01T14:14:41,0.006723
2025-05-01T14:14:41.010000,0.012399
2025-05-01T14:14:41.020000,0.010533
2025-05-01T14:14:41.030000,-0.007632
2025-05-01T14:14:41.040000,0.018416
2025-05-01T14:14:41.050000,0.005089
2025-05-01T14:14:41.060000,-0.001466
2025-05-01T14:14:41.070000,-0.011460
2025-05-01T14:14:41.080000,-0.003622
2025-05-01T14:14:41.090000,0.008054
2025-05-01T14:14:41.100000,0.013361
2025-05-01T14:14:41.110000,0.023828
2025-05-01T14:14:41.120000,-0.007664
2025-05-01T14:14:41.130000,-0.008370
2025-05-01T14:14:41.140000,0.021488
2025-05-01T14:14:41.150000,-0.018133
2025-05-01T14:14:41.160000,-0.004503
2025-05-01T14:14:41.170000,0.003462
2025-05-01T14:14:41.180000,0.000904
2025-05-01T14:14:41.190000,-0.003269
2025-05-01T14:14:41.200000,-0.011462
2025-05-01T14:14:41.210000,-0.001948
2025-05-01T14:14:41.220000,0.002815
2025-05-01T14:14:41.230000,0.006165
2025-05-01T14:14:41.240000,-0.009307
2025-05-01T14:14:41.250000,0.001863
2025-05-01T14:14:41.260000,0.002967
2025-05-01T14:14:41.270000,-0.005924
2025-05-01T14:14:41.280000,0.018987
2025-05-01T14:14:41.290000,0.000392
2025-05-01T14:14:41.300000,0.004604
2025-05-01T14:14:41.310000,-0.004000
2025-05-01T14:14:41.320000,-0.001154
2025-05-01T14:14:41.330000,-0.003067
2025-05-01T14:14:41.340000,-0.007964
2025-05-01T14:14:41.350000,0.005989
2025-05-01T14:14:41.360000,0.010681
2025-05-01T14:14:41.370000,0.005635
2025-05-01T14:14:41.380000,0.004366
2025-05-01T14:14:41.390000,-0.006315
2025-05-01T14:14:41.400000,-0.018841
2025-05-01T14:14:41.410000,-0.007059
2025-05-01T14:14:41.420000,-0.002105
2025-05-01T14:14:41.430000,0.009473
2025-05-01T14:14:41.440000,0.016755
2025-05-01T14:14:41.450000,-0.015201
2025-05-01T14:14:41.460000,0.003194
2025-05-01T14:14:41.470000,-0.010880
2025-05-01T14:14:41.480000,-0.013537
2025-05-01T14:14:41.490000,0.028189
2025-05-01T14:14:41.500000,-0.000975
2025-05-01T14:14:41.510000,0.005946
2025-05-01T14:14:41.520000,-0.000862
2025-05-01T14:14:41.530000,0.017071
2025-05-01T14:14:41.540000,-0.005024
2025-05-01T14:14:41.550000,-0.009526
2025-05-01T14:14:41.560000,-0.003811
2025-05-01T14:14:41.570000,0.005803
2025-05-01T14:14:41.580000,-0.017068
2025-05-01T14:14:41.590000,0.007594
2025-05-01T14:14:41.600000,0.002537
2025-05-01T14:14:41.610000,-0.000141
2025-05-01T14:14:41.620000,0.004917
2025-05-01T14:14:41.630000,0.012071
2025-05-01T14:14:41.640000,-0.009177
2025-05-01T14:14:41.650000,-0.003043
2025-05-01T14:14:41.660000,-0.002758
2025-05-01T14:14:41.670000,-0.005372
2025-05-01T14:14:41.680000,-0.012299
2025-05-01T14:14:41.690000,-0.013861
2025-05-01T14:14:41.700000,0.011139
2025-05-01T14:14:41.710000,0.000924
2025-05-01T14:14:41.720000,0.007781
2025-05-01T14:14:41.730000,0.002632
2025-05-01T14:14:41.740000,0.001870
2025-05-01T14:14:41.750000,0.005205
2025-05-01T14:14:41.760000,-0.013539
2025-05-01T14:14:41.770000,-0.000844
2025-05-01T14:14:41.780000,-0.002630
2025-05-01T14:14:41.790000,-0.015023
2025-05-01T14:14:41.800000,-0.008226
2025-05-01T14:14:41.810000,0.007495
2025-05-01T14:14:41.820000,0.018196
2025-05-01T14:14:41.830000,0.011348
2025-05-01T14:14:41.840000,-0.009376
2025-05-01T14:14:41.850000,0.007123
2025-05-01T14:14:41.860000,-0.010494
2025-05-01T14:14:41.870000,0.011508
2025-05-01T14:14:41.880000,-0.008985
2025-05-01T14:14:41.890000,0.022147
2025-05-01T14:14:41.900000,0.002723
2025-05-01T14:14:41.910000,0.006363
2025-05-01T14:14:41.920000,-0.002845
2025-05-01T14:14:41.930000,-0.003851
2025-05-01T14:14:41.940000,0.002328
2025-05-01T14:14:41.950000,-0.021422
2025-05-01T14:14:41.960000,-0.002532
2025-05-01T14:14:41.970000,0.017282
2025-05-01T14:14:41.980000,-0.006736
2025-05-01T14:14:41.990000,-0.009934
2025-05-01T14:14:42,0.006783
2025-05-01T14:14:42.010000,0.001500
2025-05-01T14:14:42.020000,-0.017962
2025-05-01T14:14:42.030000,-0.012679
2025-05-01T14:14:42.040000,0.004363
2025-05-01T14:14:42.050000,-0.023071
2025-05-01T14:14:42.060000,0.002263
2025-05-01T14:14:42.070000,-0.003466
2025-05-01T14:14:42.080000,-0.023596
2025-05-01T14:14:42.090000,0.010678
2025-05-01T14:14:42.100000,0.009290
2025-05-01T14:14:42.110000,-0.011399
2025-05-01T14:14:42.120000,-0.004223
2025-05-01T14:14:42.130000,-0.012787
2025-05-01T14:14:42.140000,-0.000797
2025-05-01T14:14:42.150000,0.010076
2025-05-01T14:14:42.160000,0.006446
2025-05-01T14:14:42.170000,0.000082
2025-05-01T14:14:42.180000,0.004040
2025-05-01T14:14:42.190000,-0.007686
2025-05-01T14:14:42.200000,0.007170
2025-05-01T14:14:42.210000,-0.004242
2025-05-01T14:14:42.220000,0.019095
2025-05-01T14:14:42.230000,0.005524
2025-05-01T14:14:42.240000,-0.003870
2025-05-01T14:14:42.250000,-0.001250
2025-05-01T14:14:42.260000,0.004030
2025-05-01T14:14:42.270000,-0.001178
2025-05-01T14:14:42.280000,-0.018801
2025-05-01T14:14:42.290000,0.013525
2025-05-01T14:14:42.300000,-0.009047
2025-05-01T14:14:42.310000,-0.003833
2025-05-01T14:14:42.320000,0.003612
2025-05-01T14:14:42.330000,0.000555
2025-05-01T14:14:42.340000,0.002052
2025-05-01T14:14:42.350000,-0.002100
2025-05-01T14:14:42.360000,0.012698
2025-05-01T14:14:42.370000,-0.004042
2025-05-01T14:14:42.380000,-0.001577
2025-05-01T14:14:42.390000,0.007257
2025-05-01T14:14:42.400000,-0.006723
2025-05-01T14:14:42.410000,-0.002678
2025-05-01T14:14:42.420000,-0.017610
2025-05-01T14:14:42.430000,-0.000680
2025-05-01T14:14:42.440000,-0.009516
2025-05-01T14:14:42.450000,0.005968
2025-05-01T14:14:42.460000,-0.020600
2025-05-01T14:14:42.470000,-0.005813
2025-05-01T14:14:42.480000,-0.010567
2025-05-01T14:14:42.490000,0.014517
2025-05-01T14:14:42.500000,-0.002416
2025-05-01T14:14:42.510000,-0.002496
2025-05-01T14:14:42.520000,-0.011426
2025-05-01T14:14:42.530000,-0.019192
2025-05-01T14:14:42.540000,-0.000118
2025-05-01T14:14:42.550000,-0.017303
2025-05-01T14:14:42.560000,-0.001607
2025-05-01T14:14:42.570000,0.000938
2025-05-01T14:14:42.580000,0.009501
2025-05-01T14:14:42.590000,-0.000203
2025-05-01T14:14:42.600000,-0.011227
2025-05-01T14:14:42.610000,0.003372
2025-05-01T14:14:42.620000,0.014271
2025-05-01T14:14:42.630000,-0.002503
2025-05-01T14:14:42.640000,-0.008306
2025-05-01T14:14:42.650000,-0.008260
2025-05-01T14:14:42.660000,0.017924
2025-05-01T14:14:42.670000,-0.029336
2025-05-01T14:14:42.680000,-0.015692
2025-05-01T14:14:42.690000,-0.008332
2025-05-01T14:14:42.700000,-0.012281
2025-05-01T14:14:42.710000,0.001683
2025-05-01T14:14:42.720000,-0.004433
2025-05-01T14:14:42.730000,-0.017287
2025-05-01T14:14:42.740000,-0.015680
2025-05-01T14:14:42.750000,-0.000640
2025-05-01T14:14:42.760000,-0.002232
2025-05-01T14:14:42.770000,0.024433
2025-05-01T14:14:42.780000,0.006014
2025-05-01T14:14:42.790000,0.008710
2025-05-01T14:14:42.800000,-0.005980
2025-05-01T14:14:42.810000,-0.020443
2025-05-01T14:14:42.820000,0.000313
2025-05-01T14:14:42.830000,-0.002821
2025-05-01T14:14:42.840000,-0.009889
2025-05-01T14:14:42.850000,-0.005488
2025-05-01T14:14:42.860000,0.007369
2025-05-01T14:14:42.870000,-0.005332
2025-05-01T14:14:42.880000,0.034215
2025-05-01T14:14:42.890000,-0.007472
2025-05-01T14:14:42.900000,-0.005187
2025-05-01T14:14:42.910000,0.008821
2025-05-01T14:14:42.920000,-0.000493
2025-05-01T14:14:42.930000,-0.008164
2025-05-01T14:14:42.940000,-0.006017
2025-05-01T14:14:42.950000,-0.013331
2025-05-01T14:14:42.960000,-0.001212
2025-05-01T14:14:42.970000,-0.009627
2025-05-01T14:14:42.980000,0.013076
2025-05-01T14:14:42.990000,-0.001509
2025-05-01T14:14:43,-0.001297
2025-05-01T14:14:43.010000,-0.012873
2025-05-01T14:14:43.020000,-0.000303
2025-05-01T14:14:43.030000,0.000727
2025-05-01T14:14:43.040000,-0.000381
2025-05-01T14:14:43.050000,-0.009049
2025-05-01T14:14:43.060000,0.013583
2025-05-01T14:14:43.070000,0.009469
2025-05-01T14:14:43.080000,0.008843
2025-05-01T14:14:43.090000,0.007301
2025-05-01T14:14:43.100000,-0.018594
2025-05-01T14:14:43.110000,-0.000755
2025-05-01T14:14:43.120000,-0.009197
2025-05-01T14:14:43.130000,0.025178
2025-05-01T14:14:43.140000,-0.020796
2025-05-01T14:14:43.150000,0.000841
2025-05-01T14:14:43.160000,-0.002161
2025-05-01T14:14:43.170000,-0.005168
2025-05-01T14:14:43.180000,-0.001923
2025-05-01T14:14:43.190000,0.000874
2025-05-01T14:14:43.200000,0.004358
2025-05-01T14:14:43.210000,-0.018010
2025-05-01T14:14:43.220000,0.005349
2025-05-01T14:14:43.230000,-0.020618
2025-05-01T14:14:43.240000,-0.005929
2025-05-01T14:14:43.250000,-0.002539
2025-05-01T14:14:43.260000,0.014000
2025-05-01T14:14:43.270000,0.025292
2025-05-01T14:14:43.280000,-0.012119
2025-05-01T14:14:43.290000,-0.024312
2025-05-01T14:14:43.300000,0.017340
2025-05-01T14:14:43.310000,0.008948
2025-05-01T14:14:43.320000,-0.015612
2025-05-01T14:14:43.330000,-0.005208
2025-05-01T14:14:43.340000,-0.016284
2025-05-01T14:14:43.350000,-0.008758
2025-05-01T14:14:43.360000,0.000620
2025-05-01T14:14:43.370000,-0.003529
2025-05-01T14:14:43.380000,-0.000713
2025-05-01T14:14:43.390000,-0.002838
2025-05-01T14:14:43.400000,-0.009952
2025-05-01T14:14:43.410000,0.009177
2025-05-01T14:14:43.420000,-0.014811
2025-05-01T14:14:43.430000,0.001835
2025-05-01T14:14:43.440000,0.005943
2025-05-01T14:14:43.450000,-0.006397
2025-05-01T14:14:43.460000,-0.006304
2025-05-01T14:14:43.470000,-0.007860
2025-05-01T14:14:43.480000,-0.006374
2025-05-01T14:14:43.490000,0.012332
2025-05-01T14:14:43.500000,-0.006323
2025-05-01T14:14:43.510000,0.003665
2025-05-01T14:14:43.520000,-0.001861
2025-05-01T14:14:43.530000,0.003450
2025-05-01T14:14:43.540000,0.006037
2025-05-01T14:14:43.550000,-0.003923
2025-05-01T14:14:43.560000,0.002103
2025-05-01T14:14:43.570000,-0.012911
2025-05-01T14:14:43.580000,-0.019922
2025-05-01T14:14:43.590000,-0.007436
2025-05-01T14:14:43.600000,0.003089
2025-05-01T14:14:43.610000,-0.008402
2025-05-01T14:14:43.620000,0.004847
2025-05-01T14:14:43.630000,-0.001320
2025-05-01T14:14:43.640000,0.023894
2025-05-01T14:14:43.650000,0.005857
2025-05-01T14:14:43.660000,-0.012454
2025-05-01T14:14:43.670000,0.000077
2025-05-01T14:14:43.680000,-0.000934
2025-05-01T14:14:43.690000,-0.005186
2025-05-01T14:14:43.700000,-0.014485
2025-05-01T14:14:43.710000,0.005192
2025-05-01T14:14:43.720000,-0.007422
2025-05-01T14:14:43.730000,-0.003281
2025-05-01T14:14:43.740000,-0.003996
2025-05-01T14:14:43.750000,0.006610
2025-05-01T14:14:43.760000,0.012128
2025-05-01T14:14:43.770000,-0.009162
2025-05-01T14:14:43.780000,-0.006259
2025-05-01T14:14:43.790000,0.010056
2025-05-01T14:14:43.800000,0.002194
2025-05-01T14:14:43.810000,-0.000297
2025-05-01T14:14:43.820000,-0.010177
2025-05-01T14:14:43.830000,0.010398
2025-05-01T14:14:43.840000,-0.002488
2025-05-01T14:14:43.850000,-0.005023
2025-05-01T14:14:43.860000,-0.006592
2025-05-01T14:14:43.870000,0.005705
2025-05-01T14:14:43.880000,0.003213
2025-05-01T14:14:43.890000,-0.006267
2025-05-01T14:14:43.900000,-0.008200
2025-05-01T14:14:43.910000,0.000421
2025-05-01T14:14:43.920000,-0.000946
2025-05-01T14:14:43.930000,0.004048
2025-05-01T14:14:43.940000,-0.007746
2025-05-01T14:14:43.950000,0.003741
2025-05-01T14:14:43.960000,-0.000499
2025-05-01T14:14:43.970000,-0.014759
2025-05-01T14:14:43.980000,0.019216
2025-05-01T14:14:43.990000,-0.002191
2025-05-01T14:14:44,0.007428
2025-05-01T14:14:44.010000,-0.013305
2025-05-01T14:14:44.020000,-0.009454
2025-05-01T14:14:44.030000,0.014168
2025-05-01T14:14:44.040000,0.003721
2025-05-01T14:14:44.050000,0.004928
2025-05-01T14:14:44.060000,0.010552
2025-05-01T14:14:44.070000,0.002126
2025-05-01T14:14:44.080000,-0.004182
2025-05-01T14:14:44.090000,-0.013606
2025-05-01T14:14:44.100000,-0.011697
2025-05-01T14:14:44.110000,-0.007731
2025-05-01T14:14:44.120000,-0.006050
2025-05-01T14:14:44.130000,-0.026682
2025-05-01T14:14:44.140000,-0.020944
2025-05-01T14:14:44.150000,-0.007803
2025-05-01T14:14:44.160000,0.004766
2025-05-01T14:14:44.170000,-0.002875
2025-05-01T14:14:44.180000,-0.003649
2025-05-01T14:14:44.190000,-0.005199
2025-05-01T14:14:44.200000,0.004909
2025-05-01T14:14:44.210000,0.009378
2025-05-01T14:14:44.220000,-0.009818
2025-05-01T14:14:44.230000,-0.026305
2025-05-01T14:14:44.240000,-0.003847
2025-05-01T14:14:44.250000,-0.012981
2025-05-01T14:14:44.260000,0.014284
2025-05-01T14:14:44.270000,-0.004422
2025-05-01T14:14:44.280000,-0.001408
2025-05-01T14:14:44.290000,0.010873
2025-05-01T14:14:44.300000,0.010482
2025-05-01T14:14:44.310000,0.003441
2025-05-01T14:14:44.320000,-0.006871
2025-05-01T14:14:44.330000,-0.019576
2025-05-01T14:14:44.340000,0.006240
2025-05-01T14:14:44.350000,0.012827
2025-05-01T14:14:44.360000,-0.001733
2025-05-01T14:14:44.370000,0.000182
2025-05-01T14:14:44.380000,-0.005741
2025-05-01T14:14:44.390000,0.018465
2025-05-01T14:14:44.400000,0.008796
2025-05-01T14:14:44.410000,0.001126
2025-05-01T14:14:44.420000,-0.016295
2025-05-01T14:14:44.430000,0.002290
2025-05-01T14:14:44.440000,-0.011023
2025-05-01T14:14:44.450000,0.009664
2025-05-01T14:14:44.460000,0.004024
2025-05-01T14:14:44.470000,0.008683
2025-05-01T14:14:44.480000,-0.003542
2025-05-01T14:14:44.490000,0.000530
2025-05-01T14:14:44.500000,-0.016637
2025-05-01T14:14:44.510000,0.010792
2025-05-01T14:14:44.520000,-0.000384
2025-05-01T14:14:44.530000,-0.008739
2025-05-01T14:14:44.540000,0.011599
2025-05-01T14:14:44.550000,0.001205
2025-05-01T14:14:44.560000,0.005955
2025-05-01T14:14:44.570000,-0.008343
2025-05-01T14:14:44.580000,0.007297
2025-05-01T14:14:44.590000,0.001185
2025-05-01T14:14:44.600000,0.007594
2025-05-01T14:14:44.610000,-0.004938
2025-05-01T14:14:44.620000,0.007415
2025-05-01T14:14:44.630000,-0.012969
2025-05-01T14:14:44.640000,-0.013170
2025-05-01T14:14:44.650000,0.011338
2025-05-01T14:14:44.660000,0.007329
2025-05-01T14:14:44.670000,0.016251
2025-05-01T14:14:44.680000,0.003376
2025-05-01T14:14:44.690000,0.016103
2025-05-01T14:14:44.700000,-0.021192
2025-05-01T14:14:44.710000,0.000261
2025-05-01T14:14:44.720000,0.005564
2025-05-01T14:14:44.730000,0.011730
2025-05-01T14:14:44.740000,0.013923
2025-05-01T14:14:44.750000,-0.000389
2025-05-01T14:14:44.760000,-0.013519
2025-05-01T14:14:44.770000,0.008295
2025-05-01T14:14:44.780000,-0.001127
2025-05-01T14:14:44.790000,-0.015417
2025-05-01T14:14:44.800000,-0.005435
2025-05-01T14:14:44.810000,0.003342
2025-05-01T14:14:44.820000,0.009979
2025-05-01T14:14:44.830000,-0.022644
2025-05-01T14:14:44.840000,0.020710
2025-05-01T14:14:44.850000,0.001284
2025-05-01T14:14:44.860000,-0.014057
2025-05-01T14:14:44.870000,0.010882
2025-05-01T14:14:44.880000,0.006447
2025-05-01T14:14:44.890000,-0.019291
2025-05-01T14:14:44.900000,0.015557
2025-05-01T14:14:44.910000,-0.013569
2025-05-01T14:14:44.920000,0.006213
2025-05-01T14:14:44.930000,0.001751
2025-05-01T14:14:44.940000,-0.009313
2025-05-01T14:14:44.950000,0.001038
2025-05-01T14:14:44.960000,-0.011040
2025-05-01T14:14:44.970000,-0.005579
2025-05-01T14:14:44.980000,0.009331
2025-05-01T14:14:44.990000,0.000207
2025-05-01T14:14:45,0.010798
2025-05-01T14:14:45.010000,-0.015537
2025-05-01T14:14:45.020000,-0.001023
2025-05-01T14:14:45.030000,0.009570
2025-05-01T14:14:45.040000,-0.013642
2025-05-01T14:14:45.050000,0.001453
2025-05-01T14:14:45.060000,0.019065
2025-05-01T14:14:45.070000,0.004039
2025-05-01T14:14:45.080000,-0.005360
2025-05-01T14:14:45.090000,-0.001099
2025-05-01T14:14:45.100000,-0.019722
2025-05-01T14:14:45.110000,0.005651
2025-05-01T14:14:45.120000,-0.000941
2025-05-01T14:14:45.130000,0.002508
2025-05-01T14:14:45.140000,-0.008129
2025-05-01T14:14:45.150000,-0.000911
2025-05-01T14:14:45.160000,-0.010802
2025-05-01T14:14:45.170000,-0.004681
2025-05-01T14:14:45.180000,0.006362
2025-05-01T14:14:45.190000,-0.007188
2025-05-01T14:14:45.200000,-0.007568
2025-05-01T14:14:45.210000,-0.005363
2025-05-01T14:14:45.220000,-0.010705
2025-05-01T14:14:45.230000,0.009718
2025-05-01T14:14:45.240000,-0.015174
2025-05-01T14:14:45.250000,0.000455
2025-05-01T14:14:45.260000,-0.004183
2025-05-01T14:14:45.270000,-0.014362
2025-05-01T14:14:45.280000,-0.014107
2025-05-01T14:14:45.290000,0.013868
2025-05-01T14:14:45.300000,-0.000252
2025-05-01T14:14:45.310000,-0.005568
2025-05-01T14:14:45.320000,0.009718
2025-05-01T14:14:45.330000,-0.005651
2025-05-01T14:14:45.340000,-0.008049
2025-05-01T14:14:45.350000,0.011125
2025-05-01T14:14:45.360000,-0.009489
2025-05-01T14:14:45.370000,-0.019517
2025-05-01T14:14:45.380000,0.002484
2025-05-01T14:14:45.390000,-0.010904
2025-05-01T14:14:45.400000,0.002079
2025-05-01T14:14:45.410000,0.000329
2025-05-01T14:14:45.420000,0.001560
2025-05-01T14:14:45.430000,-0.000293
2025-05-01T14:14:45.440000,-0.021282
2025-05-01T14:14:45.450000,-0.016588
2025-05-01T14:14:45.460000,0.002309
2025-05-01T14:14:45.470000,-0.012844
2025-05-01T14:14:45.480000,-0.000764
2025-05-01T14:14:45.490000,0.008983
2025-05-01T14:14:45.500000,0.019280
2025-05-01T14:14:45.510000,0.012225
2025-05-01T14:14:45.520000,0.003038
2025-05-01T14:14:45.530000,0.012134
2025-05-01T14:14:45.540000,0.014265
2025-05-01T14:14:45.550000,0.002224
2025-05-01T14:14:45.560000,-0.004471
2025-05-01T14:14:45.570000,0.001876
2025-05-01T14:14:45.580000,0.013345
2025-05-01T14:14:45.590000,0.002771
2025-05-01T14:14:45.600000,-0.001413
2025-05-01T14:14:45.610000,-0.004545
2025-05-01T14:14:45.620000,0.016230
2025-05-01T14:14:45.630000,-0.002672
2025-05-01T14:14:45.640000,-0.017208
2025-05-01T14:14:45.650000,-0.007597
2025-05-01T14:14:45.660000,0.011702
2025-05-01T14:14:45.670000,-0.007504
2025-05-01T14:14:45.680000,-0.008000
2025-05-01T14:14:45.690000,-0.015139
2025-05-01T14:14:45.700000,-0.003776
2025-05-01T14:14:45.710000,-0.014605
2025-05-01T14:14:45.720000,0.003134
2025-05-01T14:14:45.730000,-0.016141
2025-05-01T14:14:45.740000,0.006047
2025-05-01T14:14:45.750000,0.014446
2025-05-01T14:14:45.760000,0.002162
2025-05-01T14:14:45.770000,0.003200
2025-05-01T14:14:45.780000,0.001820
2025-05-01T14:14:45.790000,0.009659
2025-05-01T14:14:45.800000,-0.006468
2025-05-01T14:14:45.810000,-0.008035
2025-05-01T14:14:45.820000,-0.016892
2025-05-01T14:14:45.830000,-0.005069
2025-05-01T14:14:45.840000,0.012844
2025-05-01T14:14:45.850000,-0.004080
2025-05-01T14:14:45.860000,-0.017992
2025-05-01T14:14:45.870000,0.004559
2025-05-01T14:14:45.880000,0.012254
2025-05-01T14:14:45.890000,-0.005110
2025-05-01T14:14:45.900000,-0.000331
2025-05-01T14:14:45.910000,-0.009723
2025-05-01T14:14:45.920000,-0.006543
2025-05-01T14:14:45.930000,0.005654
2025-05-01T14:14:45.940000,0.010813
2025-05-01T14:14:45.950000,0.005327
2025-05-01T14:14:45.960000,-0.015646
2025-05-01T14:14:45.970000,0.015914
2025-05-01T14:14:45.980000,0.004346
2025-05-01T14:14:45.990000,0.003890
2025-05-01T14:14:46,0.003262
2025-05-01T14:14:46.010000,-0.013776
2025-05-01T14:14:46.020000,-0.018214
2025-05-01T14:14:46.030000,0.002711
2025-05-01T14:14:46.040000,0.010155
2025-05-01T14:14:46.050000,-0.007408
2025-05-01T14:14:46.060000,-0.011628
2025-05-01T14:14:46.070000,0.000440
2025-05-01T14:14:46.080000,0.000407
2025-05-01T14:14:46.090000,0.013024
2025-05-01T14:14:46.100000,-0.001948
2025-05-01T14:14:46.110000,-0.000103
2025-05-01T14:14:46.120000,-0.005648
2025-05-01T14:14:46.130000,0.002457
2025-05-01T14:14:46.140000,0.006399
2025-05-01T14:14:46.150000,0.000987
2025-05-01T14:14:46.160000,-0.006642
2025-05-01T14:14:46.170000,-0.014138
2025-05-01T14:14:46.180000,-0.001192
2025-05-01T14:14:46.190000,-0.004723
2025-05-01T14:14:46.200000,-0.006640
2025-05-01T14:14:46.210000,0.009692
2025-05-01T14:14:46.220000,-0.006451
2025-05-01T14:14:46.230000,0.001184
2025-05-01T14:14:46.240000,0.012310
2025-05-01T14:14:46.250000,-0.009525
2025-05-01T14:14:46.260000,-0.016699
2025-05-01T14:14:46.270000,-0.002911
2025-05-01T14:14:46.280000,0.013300
2025-05-01T14:14:46.290000,0.003629
2025-05-01T14:14:46.300000,-0.012044
2025-05-01T14:14:46.310000,-0.016884
2025-05-01T14:14:46.320000,0.003300
2025-05-01T14:14:46.330000,-0.019158
2025-05-01T14:14:46.340000,0.008947
2025-05-01T14:14:46.350000,0.002609
2025-05-01T14:14:46.360000,0.004136
2025-05-01T14:14:46.370000,0.011023
2025-05-01T14:14:46.380000,0.002900
2025-05-01T14:14:46.390000,-0.010508
2025-05-01T14:14:46.400000,-0.002168
2025-05-01T14:14:46.410000,-0.001686
2025-05-01T14:14:46.420000,0.001120
2025-05-01T14:14:46.430000,-0.001359
2025-05-01T14:14:46.440000,0.026701
2025-05-01T14:14:46.450000,0.004900
2025-05-01T14:14:46.460000,-0.010868
2025-05-01T14:14:46.470000,-0.006990
2025-05-01T14:14:46.480000,-0.005561
2025-05-01T14:14:46.490000,0.003739
2025-05-01T14:14:46.500000,-0.012978
2025-05-01T14:14:46.510000,0.003988
2025-05-01T14:14:46.520000,0.008272
2025-05-01T14:14:46.530000,-0.010821
2025-05-01T14:14:46.540000,-0.016033
2025-05-01T14:14:46.550000,0.003009
2025-05-01T14:14:46.560000,-0.001098
2025-05-01T14:14:46.570000,-0.002080
2025-05-01T14:14:46.580000,-0.004230
2025-05-01T14:14:46.590000,-0.016830
2025-05-01T14:14:46.600000,-0.008267
2025-05-01T14:14:46.610000,0.005175
2025-05-01T14:14:46.620000,0.025752
2025-05-01T14:14:46.630000,-0.004293
2025-05-01T14:14:46.640000,0.003768
2025-05-01T14:14:46.650000,-0.001452
2025-05-01T14:14:46.660000,-0.006675
2025-05-01T14:14:46.670000,-0.005330
2025-05-01T14:14:46.680000,-0.012038
2025-05-01T14:14:46.690000,-0.003507
2025-05-01T14:14:46.700000,0.000446
2025-05-01T14:14:46.710000,0.004415
2025-05-01T14:14:46.720000,-0.001341
2025-05-01T14:14:46.730000,-0.010954
2025-05-01T14:14:46.740000,0.008971
2025-05-01T14:14:46.750000,0.001784
2025-05-01T14:14:46.760000,-0.000811
2025-05-01T14:14:46.770000,-0.001071
2025-05-01T14:14:46.780000,-0.009473
2025-05-01T14:14:46.790000,-0.001081
2025-05-01T14:14:46.800000,0.007144
2025-05-01T14:14:46.810000,-0.005866
2025-05-01T14:14:46.820000,-0.005978
2025-05-01T14:14:46.830000,-0.011748
2025-05-01T14:14:46.840000,0.024722
2025-05-01T14:14:46.850000,0.013029
2025-05-01T14:14:46.860000,-0.009202
2025-05-01T14:14:46.870000,-0.002888
2025-05-01T14:14:46.880000,-0.015554
2025-05-01T14:14:46.890000,-0.011164
2025-05-01T14:14:46.900000,0.018336
2025-05-01T14:14:46.910000,0.001505
2025-05-01T14:14:46.920000,0.004271
2025-05-01T14:14:46.930000,0.007675
2025-05-01T14:14:46.940000,-0.018336
2025-05-01T14:14:46.950000,0.001713
2025-05-01T14:14:46.960000,0.001951
2025-05-01T14:14:46.970000,0.009972
2025-05-01T14:14:46.980000,0.014850
2025-05-01T14:14:46.990000,-0.007104
2025-05-01T14:14:47,-0.000408
2025-05-01T14:14:47.010000,-0.000110
2025-05-01T14:14:47.020000,0.000738
2025-05-01T14:14:47.030000,-0.002281
2025-05-01T14:14:47.040000,-0.002835
2025-05-01T14:14:47.050000,-0.010087
2025-05-01T14:14:47.060000,-0.005629
2025-05-01T14:14:47.070000,0.000379
2025-05-01T14:14:47.080000,0.009602
2025-05-01T14:14:47.090000,0.011376
2025-05-01T14:14:47.100000,0.008030
2025-05-01T14:14:47.110000,0.004560
2025-05-01T14:14:47.120000,0.002597
2025-05-01T14:14:47.130000,-0.008248
2025-05-01T14:14:47.140000,-0.005909
2025-05-01T14:14:47.150000,0.009522
2025-05-01T14:14:47.160000,-0.004551
2025-05-01T14:14:47.170000,0.005143
2025-05-01T14:14:47.180000,0.001054
2025-05-01T14:14:47.190000,0.014427
2025-05-01T14:14:47.200000,-0.012335
2025-05-01T14:14:47.210000,-0.004245
2025-05-01T14:14:47.220000,-0.008581
2025-05-01T14:14:47.230000,-0.010716
2025-05-01T14:14:47.240000,-0.008955
2025-05-01T14:14:47.250000,0.020867
2025-05-01T14:14:47.260000,0.004317
2025-05-01T14:14:47.270000,-0.009000
2025-05-01T14:14:47.280000,0.001656
2025-05-01T14:14:47.290000,0.001869
2025-05-01T14:14:47.300000,0.007885
2025-05-01T14:14:47.310000,0.001684
2025-05-01T14:14:47.320000,0.010214
2025-05-01T14:14:47.330000,0.003650
2025-05-01T14:14:47.340000,0.011612
2025-05-01T14:14:47.350000,0.005889
2025-05-01T14:14:47.360000,-0.017908
2025-05-01T14:14:47.370000,0.023373
2025-05-01T14:14:47.380000,0.000923
2025-05-01T14:14:47.390000,0.009160
2025-05-01T14:14:47.400000,-0.006044
2025-05-01T14:14:47.410000,0.008650
2025-05-01T14:14:47.420000,0.002454
2025-05-01T14:14:47.430000,0.008538
2025-05-01T14:14:47.440000,0.011900
2025-05-01T14:14:47.450000,-0.003096
2025-05-01T14:14:47.460000,-0.004225
2025-05-01T14:14:47.470000,0.005889
2025-05-01T14:14:47.480000,-0.007665
2025-05-01T14:14:47.490000,0.001387
2025-05-01T14:14:47.500000,0.000524
2025-05-01T14:14:47.510000,0.002175
2025-05-01T14:14:47.520000,-0.008791
2025-05-01T14:14:47.530000,-0.005746
2025-05-01T14:14:47.540000,0.003265
2025-05-01T14:14:47.550000,0.006224
2025-05-01T14:14:47.560000,0.003974
2025-05-01T14:14:47.570000,-0.010336
2025-05-01T14:14:47.580000,0.011244
2025-05-01T14:14:47.590000,-0.003913
2025-05-01T14:14:47.600000,-0.001143
2025-05-01T14:14:47.610000,-0.000676
2025-05-01T14:14:47.620000,0.010696
2025-05-01T14:14:47.630000,-0.002589
2025-05-01T14:14:47.640000,-0.006370
2025-05-01T14:14:47.650000,-0.004511
2025-05-01T14:14:47.660000,0.022924
2025-05-01T14:14:47.670000,-0.001504
2025-05-01T14:14:47.680000,-0.002930
2025-05-01T14:14:47.690000,-0.014257
2025-05-01T14:14:47.700000,-0.001667
2025-05-01T14:14:47.710000,0.014808
2025-05-01T14:14:47.720000,-0.002635
2025-05-01T14:14:47.730000,-0.004151
2025-05-01T14:14:47.740000,0.014222
2025-05-01T14:14:47.750000,0.009969
2025-05-01T14:14:47.760000,0.000107
2025-05-01T14:14:47.770000,0.002186
2025-05-01T14:14:47.780000,0.017131
2025-05-01T14:14:47.790000,-0.005754
2025-05-01T14:14:47.800000,-0.004983
2025-05-01T14:14:47.810000,-0.009421
2025-05-01T14:14:47.820000,-0.008464
2025-05-01T14:14:47.830000,0.013987
2025-05-01T14:14:47.840000,0.008457
2025-05-01T14:14:47.850000,-0.006663
2025-05-01T14:14:47.860000,-0.000442
2025-05-01T14:14:47.870000,0.010125
2025-05-01T14:14:47.880000,0.003589
2025-05-01T14:14:47.890000,-0.000384
2025-05-01T14:14:47.900000,-0.023657
2025-05-01T14:14:47.910000,0.003098
2025-05-01T14:14:47.920000,-0.013085
2025-05-01T14:14:47.930000,-0.007129
2025-05-01T14:14:47.940000,0.003459
2025-05-01T14:14:47.950000,0.008907
2025-05-01T14:14:47.960000,-0.004519
2025-05-01T14:14:47.970000,0.006314
2025-05-01T14:14:47.980000,0.010686
2025-05-01T14:14:47.990000,-0.007463
2025-05-01T14:14:48,0.005843
2025-05-01T14:14:48.010000,0.019029
2025-05-01T14:14:48.020000,0.010903
2025-05-01T14:14:48.030000,0.015106
2025-05-01T14:14:48.040000,0.010189
2025-05-01T14:14:48.050000,-0.009035
2025-05-01T14:14:48.060000,0.008186
2025-05-01T14:14:48.070000,0.004940
2025-05-01T14:14:48.080000,0.021157
2025-05-01T14:14:48.090000,-0.001890
2025-05-01T14:14:48.100000,-0.009796
2025-05-01T14:14:48.110000,0.001316
2025-05-01T14:14:48.120000,0.010665
2025-05-01T14:14:48.130000,-0.006766
2025-05-01T14:14:48.140000,0.012656
2025-05-01T14:14:48.150000,-0.009187
2025-05-01T14:14:48.160000,-0.004511
2025-05-01T14:14:48.170000,0.011732
2025-05-01T14:14:48.180000,-0.000987
2025-05-01T14:14:48.190000,-0.001220
2025-05-01T14:14:48.200000,-0.005964
2025-05-01T14:14:48.210000,0.014532
2025-05-01T14:14:48.220000,-0.003658
2025-05-01T14:14:48.230000,-0.007197
2025-05-01T14:14:48.240000,-0.007438
2025-05-01T14:14:48.250000,0.009291
2025-05-01T14:14:48.260000,0.007811
2025-05-01T14:14:48.270000,-0.015159
2025-05-01T14:14:48.280000,0.012674
2025-05-01T14:14:48.290000,-0.022369
2025-05-01T14:14:48.300000,0.004567
2025-05-01T14:14:48.310000,-0.009815
2025-05-01T14:14:48.320000,-0.005866
2025-05-01T14:14:48.330000,0.018623
2025-05-01T14:14:48.340000,0.009910
2025-05-01T14:14:48.350000,-0.005844
2025-05-01T14:14:48.360000,-0.003480
2025-05-01T14:14:48.370000,-0.010720
2025-05-01T14:14:48.380000,0.001593
2025-05-01T14:14:48.390000,-0.002100
2025-05-01T14:14:48.400000,-0.006744
2025-05-01T14:14:48.410000,0.003484
2025-05-01T14:14:48.420000,0.019137
2025-05-01T14:14:48.430000,0.002834
2025-05-01T14:14:48.440000,-0.004150
2025-05-01T14:14:48.450000,-0.016558
2025-05-01T14:14:48.460000,-0.014985
2025-05-01T14:14:48.470000,0.009187
2025-05-01T14:14:48.480000,0.020118
2025-05-01T14:14:48.490000,-0.002129
2025-05-01T14:14:48.500000,-0.006443
2025-05-01T14:14:48.510000,-0.019684
2025-05-01T14:14:48.520000,0.008198
2025-05-01T14:14:48.530000,0.002121
2025-05-01T14:14:48.540000,-0.012148
2025-05-01T14:14:48.550000,-0.004684
2025-05-01T14:14:48.560000,0.018434
2025-05-01T14:14:48.570000,-0.015225
2025-05-01T14:14:48.580000,-0.022102
2025-05-01T14:14:48.590000,-0.006858
2025-05-01T14:14:48.600000,0.006547
2025-05-01T14:14:48.610000,-0.017103
2025-05-01T14:14:48.620000,-0.021598
2025-05-01T14:14:48.630000,-0.007569
2025-05-01T14:14:48.640000,-0.010460
2025-05-01T14:14:48.650000,-0.003302
2025-05-01T14:14:48.660000,-0.004528
2025-05-01T14:14:48.670000,0.008445
2025-05-01T14:14:48.680000,-0.014290
2025-05-01T14:14:48.690000,-0.016013
2025-05-01T14:14:48.700000,0.015988
2025-05-01T14:14:48.710000,-0.006475
2025-05-01T14:14:48.720000,-0.000073
2025-05-01T14:14:48.730000,0.003731
2025-05-01T14:14:48.740000,-0.000303
2025-05-01T14:14:48.750000,0.002977
2025-05-01T14:14:48.760000,-0.011638
2025-05-01T14:14:48.770000,-0.005770
2025-05-01T14:14:48.780000,0.004894
2025-05-01T14:14:48.790000,0.005831
2025-05-01T14:14:48.800000,0.000974
2025-05-01T14:14:48.810000,0.002890
2025-05-01T14:14:48.820000,-0.013630
2025-05-01T14:14:48.830000,0.008250
2025-05-01T14:14:48.840000,-0.002698
2025-05-01T14:14:48.850000,0.024471
2025-05-01T14:14:48.860000,0.013033
2025-05-01T14:14:48.870000,0.011718
2025-05-01T14:14:48.880000,-0.003602
2025-05-01T14:14:48.890000,-0.010536
2025-05-01T14:14:48.900000,-0.012411
2025-05-01T14:14:48.910000,0.000816
2025-05-01T14:14:48.920000,-0.010923
2025-05-01T14:14:48.930000,-0.016116
2025-05-01T14:14:48.940000,0.006326
2025-05-01T14:14:48.950000,0.003175
2025-05-01T14:14:48.960000,0.001957
2025-05-01T14:14:48.970000,-0.003257
2025-05-01T14:14:48.980000,0.009954
2025-05-01T14:14:48.990000,-0.010569
2025-05-01T14:14:49,-0.007456
2025-05-01T14:14:49.010000,0.013895
2025-05-01T14:14:49.020000,-0.015429
2025-05-01T14:14:49.030000,0.017252
2025-05-01T14:14:49.040000,-0.018147
2025-05-01T14:14:49.050000,-0.013114
2025-05-01T14:14:49.060000,0.019134
2025-05-01T14:14:49.070000,0.002277
2025-05-01T14:14:49.080000,-0.011765
2025-05-01T14:14:49.090000,-0.010123
2025-05-01T14:14:49.100000,-0.010762
2025-05-01T14:14:49.110000,0.012555
2025-05-01T14:14:49.120000,-0.012511
2025-05-01T14:14:49.130000,-0.012735
2025-05-01T14:14:49.140000,0.002225
2025-05-01T14:14:49.150000,0.001652
2025-05-01T14:14:49.160000,0.007590
2025-05-01T14:14:49.170000,0.001261
2025-05-01T14:14:49.180000,-0.000614
2025-05-01T14:14:49.190000,-0.010531
2025-05-01T14:14:49.200000,-0.019222
2025-05-01T14:14:49.210000,0.001531
2025-05-01T14:14:49.220000,0.022089
2025-05-01T14:14:49.230000,0.007044
2025-05-01T14:14:49.240000,-0.007754
2025-05-01T14:14:49.250000,-0.003179
2025-05-01T14:14:49.260000,0.002239
2025-05-01T14:14:49.270000,0.003147
2025-05-01T14:14:49.280000,0.011495
2025-05-01T14:14:49.290000,-0.011205
2025-05-01T14:14:49.300000,-0.010372
2025-05-01T14:14:49.310000,0.016638
2025-05-01T14:14:49.320000,-0.000354
2025-05-01T14:14:49.330000,-0.007508
2025-05-01T14:14:49.340000,0.003952
2025-05-01T14:14:49.350000,-0.009861
2025-05-01T14:14:49.360000,0.025676
2025-05-01T14:14:49.370000,0.008189
2025-05-01T14:14:49.380000,-0.002948
2025-05-01T14:14:49.390000,-0.006854
2025-05-01T14:14:49.400000,0.008145
2025-05-01T14:14:49.410000,0.003816
2025-05-01T14:14:49.420000,0.007154
2025-05-01T14:14:49.430000,-0.011719
2025-05-01T14:14:49.440000,-0.003551
2025-05-01T14:14:49.450000,-0.005379
2025-05-01T14:14:49.460000,-0.002126
2025-05-01T14:14:49.470000,0.002087
2025-05-01T14:14:49.480000,-0.007762
2025-05-01T14:14:49.490000,0.026236
2025-05-01T14:14:49.500000,-0.000840
2025-05-01T14:14:49.510000,0.003861
2025-05-01T14:14:49.520000,0.000420
2025-05-01T14:14:49.530000,-0.018669
2025-05-01T14:14:49.540000,0.017793
2025-05-01T14:14:49.550000,0.010947
2025-05-01T14:14:49.560000,-0.003067
2025-05-01T14:14:49.570000,0.009044
2025-05-01T14:14:49.580000,-0.009734
2025-05-01T14:14:49.590000,-0.014389
2025-05-01T14:14:49.600000,-0.015376
2025-05-01T14:14:49.610000,-0.007945
2025-05-01T14:14:49.620000,-0.001405
2025-05-01T14:14:49.630000,-0.006444
2025-05-01T14:14:49.640000,-0.007150
2025-05-01T14:14:49.650000,0.010684
2025-05-01T14:14:49.660000,0.006695
2025-05-01T14:14:49.670000,-0.004891
2025-05-01T14:14:49.680000,-0.003875
2025-05-01T14:14:49.690000,0.000660
2025-05-01T14:14:49.700000,0.021749
2025-05-01T14:14:49.710000,-0.007550
2025-05-01T14:14:49.720000,0.006647
2025-05-01T14:14:49.730000,-0.002420
2025-05-01T14:14:49.740000,-0.005149
2025-05-01T14:14:49.750000,-0.001238
2025-05-01T14:14:49.760000,0.007276
2025-05-01T14:14:49.770000,0.016661
2025-05-01T14:14:49.780000,-0.000324
2025-05-01T14:14:49.790000,-0.005795
2025-05-01T14:14:49.800000,0.001800
2025-05-01T14:14:49.810000,0.002784
2025-05-01T14:14:49.820000,-0.021415
2025-05-01T14:14:49.830000,-0.004599
2025-05-01T14:14:49.840000,0.015496
2025-05-01T14:14:49.850000,-0.005595
2025-05-01T14:14:49.860000,0.015484
2025-05-01T14:14:49.870000,0.010075
2025-05-01T14:14:49.880000,0.013613
2025-05-01T14:14:49.890000,-0.006005
2025-05-01T14:14:49.900000,0.017697
2025-05-01T14:14:49.910000,-0.000612
2025-05-01T14:14:49.920000,-0.009048
2025-05-01T14:14:49.930000,0.007946
2025-05-01T14:14:49.940000,0.003243
2025-05-01T14:14:49.950000,0.013422
2025-05-01T14:14:49.960000,-0.003649
2025-05-01T14:14:49.970000,-0.012152
2025-05-01T14:14:49.980000,-0.019175
2025-05-01T14:14:49.990000,0.002474
2025-05-01T14:14:50,-0.000579
2025-05-01T14:14:50.010000,0.006391
2025-05-01T14:14:50.020000,-0.001752
2025-05-01T14:14:50.030000,0.013606
2025-05-01T14:14:50.040000,-0.003065
2025-05-01T14:14:50.050000,0.017901
2025-05-01T14:14:50.060000,0.000349
2025-05-01T14:14:50.070000,-0.009400
2025-05-01T14:14:50.080000,-0.002264
2025-05-01T14:14:50.090000,0.002501
2025-05-01T14:14:50.100000,0.009549
2025-05-01T14:14:50.110000,0.003261
2025-05-01T14:14:50.120000,-0.002475
2025-05-01T14:14:50.130000,0.006479
2025-05-01T14:14:50.140000,0.001711
2025-05-01T14:14:50.150000,-0.000636
2025-05-01T14:14:50.160000,-0.015752
2025-05-01T14:14:50.170000,-0.008124
2025-05-01T14:14:50.180000,-0.007355
2025-05-01T14:14:50.190000,-0.008374
2025-05-01T14:14:50.200000,-0.014841
2025-05-01T14:14:50.210000,0.005246
2025-05-01T14:14:50.220000,-0.003240
2025-05-01T14:14:50.230000,0.014271
2025-05-01T14:14:50.240000,-0.004443
2025-05-01T14:14:50.250000,-0.003252
2025-05-01T14:14:50.260000,-0.010225
2025-05-01T14:14:50.270000,-0.003813
2025-05-01T14:14:50.280000,-0.010492
2025-05-01T14:14:50.290000,-0.001942
2025-05-01T14:14:50.300000,0.011058
2025-05-01T14:14:50.310000,0.001210
2025-05-01T14:14:50.320000,-0.017406
2025-05-01T14:14:50.330000,-0.005562
2025-05-01T14:14:50.340000,-0.001837
2025-05-01T14:14:50.350000,0.019126
2025-05-01T14:14:50.360000,0.002892
2025-05-01T14:14:50.370000,0.000689
2025-05-01T14:14:50.380000,-0.006693
2025-05-01T14:14:50.390000,-0.000913
2025-05-01T14:14:50.400000,0.003304
2025-05-01T14:14:50.410000,0.014863
2025-05-01T14:14:50.420000,0.005918
2025-05-01T14:14:50.430000,-0.008567
2025-05-01T14:14:50.440000,0.003519
2025-05-01T14:14:50.450000,0.002163
2025-05-01T14:14:50.460000,0.000773
2025-05-01T14:14:50.470000,-0.012081
2025-05-01T14:14:50.480000,-0.015173
2025-05-01T14:14:50.490000,-0.013848
2025-05-01T14:14:50.500000,0.012445
2025-05-01T14:14:50.510000,0.003823
2025-05-01T14:14:50.520000,-0.013112
2025-05-01T14:14:50.530000,0.003970
2025-05-01T14:14:50.540000,0.019168
2025-05-01T14:14:50.550000,-0.010996
2025-05-01T14:14:50.560000,0.004827
2025-05-01T14:14:50.570000,0.004264
2025-05-01T14:14:50.580000,0.002023
2025-05-01T14:14:50.590000,-0.001545
2025-05-01T14:14:50.600000,0.006725
2025-05-01T14:14:50.610000,0.005861
2025-05-01T14:14:50.620000,0.001392
2025-05-01T14:14:50.630000,0.000519
2025-05-01T14:14:50.640000,0.014305
2025-05-01T14:14:50.650000,-0.010467
2025-05-01T14:14:50.660000,-0.000890
2025-05-01T14:14:50.670000,0.006045
2025-05-01T14:14:50.680000,-0.019958
2025-05-01T14:14:50.690000,0.017228
2025-05-01T14:14:50.700000,-0.007578
2025-05-01T14:14:50.710000,-0.009007
2025-05-01T14:14:50.720000,-0.004278
2025-05-01T14:14:50.730000,0.009635
2025-05-01T14:14:50.740000,-0.007759
2025-05-01T14:14:50.750000,0.002491
2025-05-01T14:14:50.760000,-0.007453
2025-05-01T14:14:50.770000,-0.010175
2025-05-01T14:14:50.780000,0.007641
2025-05-01T14:14:50.790000,-0.013963
2025-05-01T14:14:50.800000,0.012277
2025-05-01T14:14:50.810000,-0.001768
2025-05-01T14:14:50.820000,-0.003102
2025-05-01T14:14:50.830000,0.000137
2025-05-01T14:14:50.840000,-0.000350
2025-05-01T14:14:50.850000,-0.005365
2025-05-01T14:14:50.860000,-0.007988
2025-05-01T14:14:50.870000,0.007861
2025-05-01T14:14:50.880000,-0.024300
2025-05-01T14:14:50.890000,-0.004767
2025-05-01T14:14:50.900000,-0.008163
2025-05-01T14:14:50.910000,-0.001059
2025-05-01T14:14:50.920000,0.006635
2025-05-01T14:14:50.930000,0.003492
2025-05-01T14:14:50.940000,-0.002722
2025-05-01T14:14:50.950000,-0.007964
2025-05-01T14:14:50.960000,-0.002775
2025-05-01T14:14:50.970000,0.004493
2025-05-01T14:14:50.980000,0.010290
2025-05-01T14:14:50.990000,0.006987
2025-05-01T14:14:51,-0.002690
2025-05-01T14:14:51.010000,-0.003818
2025-05-01T14:14:51.020000,0.001256
2025-05-01T14:14:51.030000,0.017164
2025-05-01T14:14:51.040000,0.004955
2025-05-01T14:14:51.050000,-0.017149
2025-05-01T14:14:51.060000,0.002803
2025-05-01T14:14:51.070000,-0.027798
2025-05-01T14:14:51.080000,0.011152
2025-05-01T14:14:51.090000,0.003804
2025-05-01T14:14:51.100000,-0.002228
2025-05-01T14:14:51.110000,0.006882
2025-05-01T14:14:51.120000,-0.011053
2025-05-01T14:14:51.130000,0.004127
2025-05-01T14:14:51.140000,0.012000
2025-05-01T14:14:51.150000,0.016343
2025-05-01T14:14:51.160000,-0.014815
2025-05-01T14:14:51.170000,-0.009518
2025-05-01T14:14:51.180000,0.019062
2025-05-01T14:14:51.190000,0.005342
2025-05-01T14:14:51.200000,-0.001808
2025-05-01T14:14:51.210000,-0.003997
2025-05-01T14:14:51.220000,-0.006428
2025-05-01T14:14:51.230000,0.008228
2025-05-01T14:14:51.240000,-0.004991
2025-05-01T14:14:51.250000,-0.008195
2025-05-01T14:14:51.260000,-0.019804
2025-05-01T14:14:51.270000,0.012452
2025-05-01T14:14:51.280000,-0.007853
2025-05-01T14:14:51.290000,0.006095
2025-05-01T14:14:51.300000,-0.015673
2025-05-01T14:14:51.310000,0.003200
2025-05-01T14:14:51.320000,0.004976
2025-05-01T14:14:51.330000,0.000156
2025-05-01T14:14:51.340000,-0.002431
2025-05-01T14:14:51.350000,0.000494
2025-05-01T14:14:51.360000,-0.008395
2025-05-01T14:14:51.370000,-0.006694
2025-05-01T14:14:51.380000,-0.005758
2025-05-01T14:14:51.390000,0.011310
2025-05-01T14:14:51.400000,-0.005757
2025-05-01T14:14:51.410000,-0.008405
2025-05-01T14:14:51.420000,0.006612
2025-05-01T14:14:51.430000,-0.000913
2025-05-01T14:14:51.440000,0.005575
2025-05-01T14:14:51.450000,0.011975
2025-05-01T14:14:51.460000,0.004660
2025-05-01T14:14:51.470000,0.008751
2025-05-01T14:14:51.480000,-0.001455
2025-05-01T14:14:51.490000,0.007366
2025-05-01T14:14:51.500000,0.006639
2025-05-01T14:14:51.510000,0.003565
2025-05-01T14:14:51.520000,0.006278
2025-05-01T14:14:51.530000,0.005055
2025-05-01T14:14:51.540000,-0.009836
2025-05-01T14:14:51.550000,-0.003837
2025-05-01T14:14:51.560000,0.009345
2025-05-01T14:14:51.570000,0.004321
2025-05-01T14:14:51.580000,0.001094
2025-05-01T14:14:51.590000,-0.003623
2025-05-01T14:14:51.600000,-0.004680
2025-05-01T14:14:51.610000,0.001957
2025-05-01T14:14:51.620000,0.008750
2025-05-01T14:14:51.630000,-0.011927
2025-05-01T14:14:51.640000,-0.022456
2025-05-01T14:14:51.650000,0.005425
2025-05-01T14:14:51.660000,0.022725
2025-05-01T14:14:51.670000,-0.007732
2025-05-01T14:14:51.680000,0.005801
2025-05-01T14:14:51.690000,0.009369
2025-05-01T14:14:51.700000,0.000607
2025-05-01T14:14:51.710000,-0.020782
2025-05-01T14:14:51.720000,0.002379
2025-05-01T14:14:51.730000,0.021679
2025-05-01T14:14:51.740000,0.024547
2025-05-01T14:14:51.750000,-0.006244
2025-05-01T14:14:51.760000,0.000208
2025-05-01T14:14:51.770000,0.000334
2025-05-01T14:14:51.780000,-0.001606
2025-05-01T14:14:51.790000,-0.010105
2025-05-01T14:14:51.800000,0.003144
2025-05-01T14:14:51.810000,0.002043
2025-05-01T14:14:51.820000,0.006085
2025-05-01T14:14:51.830000,-0.014315
2025-05-01T14:14:51.840000,0.002969
2025-05-01T14:14:51.850000,0.019510
2025-05-01T14:14:51.860000,-0.012564
2025-05-01T14:14:51.870000,0.009880
2025-05-01T14:14:51.880000,0.007744
2025-05-01T14:14:51.890000,0.014626
2025-05-01T14:14:51.900000,0.010767
2025-05-01T14:14:51.910000,-0.008822
2025-05-01T14:14:51.920000,-0.007996
2025-05-01T14:14:51.930000,-0.008308
2025-05-01T14:14:51.940000,0.012953
2025-05-01T14:14:51.950000,-0.008625
2025-05-01T14:14:51.960000,0.004378
2025-05-01T14:14:51.970000,-0.030597
2025-05-01T14:14:51.980000,-0.008774
2025-05-01T14:14:51.990000,0.013650
2025-05-01T14:14:52,-0.011178
2025-05-01T14:14:52.010000,0.010753
2025-05-01T14:14:52.020000,-0.019711
2025-05-01T14:14:52.030000,0.000969
2025-05-01T14:14:52.040000,0.014085
2025-05-01T14:14:52.050000,0.015128
2025-05-01T14:14:52.060000,0.003131
2025-05-01T14:14:52.070000,0.012497
2025-05-01T14:14:52.080000,0.009026
2025-05-01T14:14:52.090000,0.005806
2025-05-01T14:14:52.100000,-0.007382
2025-05-01T14:14:52.110000,-0.007896
2025-05-01T14:14:52.120000,0.020781
2025-05-01T14:14:52.130000,0.006710
2025-05-01T14:14:52.140000,-0.003539
2025-05-01T14:14:52.150000,0.018138
2025-05-01T14:14:52.160000,0.020376
2025-05-01T14:14:52.170000,0.013110
2025-05-01T14:14:52.180000,-0.007076
2025-05-01T14:14:52.190000,-0.002484
2025-05-01T14:14:52.200000,0.006805
2025-05-01T14:14:52.210000,-0.002610
2025-05-01T14:14:52.220000,-0.016113
2025-05-01T14:14:52.230000,0.009341
2025-05-01T14:14:52.240000,0.000462
2025-05-01T14:14:52.250000,-0.011394
2025-05-01T14:14:52.260000,0.007605
2025-05-01T14:14:52.270000,-0.003604
2025-05-01T14:14:52.280000,-0.015056
2025-05-01T14:14:52.290000,-0.001198
2025-05-01T14:14:52.300000,0.015984
2025-05-01T14:14:52.310000,0.002493
2025-05-01T14:14:52.320000,0.003377
2025-05-01T14:14:52.330000,0.000648
2025-05-01T14:14:52.340000,0.011389
2025-05-01T14:14:52.350000,-0.003055
2025-05-01T14:14:52.360000,-0.015088
2025-05-01T14:14:52.370000,-0.001417
2025-05-01T14:14:52.380000,-0.001743
2025-05-01T14:14:52.390000,-0.017479
2025-05-01T14:14:52.400000,-0.010695
2025-05-01T14:14:52.410000,-0.007896
2025-05-01T14:14:52.420000,0.005498
2025-05-01T14:14:52.430000,0.018114
2025-05-01T14:14:52.440000,-0.019139
2025-05-01T14:14:52.450000,-0.023601
2025-05-01T14:14:52.460000,0.003127
2025-05-01T14:14:52.470000,0.006805
2025-05-01T14:14:52.480000,-0.003451
2025-05-01T14:14:52.490000,0.014205
2025-05-01T14:14:52.500000,0.010981
2025-05-01T14:14:52.510000,0.001724
2025-05-01T14:14:52.520000,-0.000645
2025-05-01T14:14:52.530000,0.020170
2025-05-01T14:14:52.540000,0.004338
2025-05-01T14:14:52.550000,-0.002920
2025-05-01T14:14:52.560000,0.008299
2025-05-01T14:14:52.570000,-0.000611
2025-05-01T14:14:52.580000,-0.002844
2025-05-01T14:14:52.590000,0.006643
2025-05-01T14:14:52.600000,-0.001350
2025-05-01T14:14:52.610000,-0.003234
2025-05-01T14:14:52.620000,0.007166
2025-05-01T14:14:52.630000,-0.011218
2025-05-01T14:14:52.640000,0.005331
2025-05-01T14:14:52.650000,0.010319
2025-05-01T14:14:52.660000,-0.006254
2025-05-01T14:14:52.670000,0.007143
2025-05-01T14:14:52.680000,-0.006573
2025-05-01T14:14:52.690000,0.006543
2025-05-01T14:14:52.700000,0.000080
2025-05-01T14:14:52.710000,-0.013012
2025-05-01T14:14:52.720000,-0.007522
2025-05-01T14:14:52.730000,0.012908
2025-05-01T14:14:52.740000,-0.017760
2025-05-01T14:14:52.750000,-0.000478
2025-05-01T14:14:52.760000,-0.014562
2025-05-01T14:14:52.770000,-0.002772
2025-05-01T14:14:52.780000,0.009386
2025-05-01T14:14:52.790000,0.006371
2025-05-01T14:14:52.800000,0.009482
2025-05-01T14:14:52.810000,0.004314
2025-05-01T14:14:52.820000,-0.002669
2025-05-01T14:14:52.830000,0.002869
2025-05-01T14:14:52.840000,0.009144
2025-05-01T14:14:52.850000,0.005546
2025-05-01T14:14:52.860000,-0.015897
2025-05-01T14:14:52.870000,-0.008098
2025-05-01T14:14:52.880000,-0.002825
2025-05-01T14:14:52.890000,-0.024358
2025-05-01T14:14:52.900000,-0.006909
2025-05-01T14:14:52.910000,-0.003932
2025-05-01T14:14:52.920000,0.003987
2025-05-01T14:14:52.930000,-0.003218
2025-05-01T14:14:52.940000,-0.004118
2025-05-01T14:14:52.950000,-0.013690
2025-05-01T14:14:52.960000,-0.009738
2025-05-01T14:14:52.970000,0.004591
2025-05-01T14:14:52.980000,-0.008182
2025-05-01T14:14:52.990000,-0.003832
2025-05-01T14:14:53,-0.002006
2025-05-01T14:14:53.010000,0.001266
2025-05-01T14:14:53.020000,0.010350
2025-05-01T14:14:53.030000,-0.018083
2025-05-01T14:14:53.040000,0.013939
2025-05-01T14:14:53.050000,-0.005442
2025-05-01T14:14:53.060000,-0.007997
2025-05-01T14:14:53.070000,-0.011182
2025-05-01T14:14:53.080000,0.003256
2025-05-01T14:14:53.090000,-0.013864
2025-05-01T14:14:53.100000,0.006914
2025-05-01T14:14:53.110000,-0.011672
2025-05-01T14:14:53.120000,-0.028424
2025-05-01T14:14:53.130000,0.015016
2025-05-01T14:14:53.140000,-0.002972
2025-05-01T14:14:53.150000,0.005015
2025-05-01T14:14:53.160000,-0.007825
2025-05-01T14:14:53.170000,-0.000757
2025-05-01T14:14:53.180000,0.026634
2025-05-01T14:14:53.190000,0.010415
2025-05-01T14:14:53.200000,0.012400
2025-05-01T14:14:53.210000,0.002669
2025-05-01T14:14:53.220000,0.013334
2025-05-01T14:14:53.230000,-0.016256
2025-05-01T14:14:53.240000,0.002647
2025-05-01T14:14:53.250000,-0.012659
2025-05-01T14:14:53.260000,0.006433
2025-05-01T14:14:53.270000,-0.013457
2025-05-01T14:14:53.280000,0.008699
2025-05-01T14:14:53.290000,0.020140
2025-05-01T14:14:53.300000,0.005680
2025-05-01T14:14:53.310000,-0.005568
2025-05-01T14:14:53.320000,-0.018857
2025-05-01T14:14:53.330000,-0.000782
2025-05-01T14:14:53.340000,-0.001510
2025-05-01T14:14:53.350000,0.013345
2025-05-01T14:14:53.360000,0.002838
2025-05-01T14:14:53.370000,-0.010083
2025-05-01T14:14:53.380000,0.004934
2025-05-01T14:14:53.390000,-0.005791
2025-05-01T14:14:53.400000,0.003750
2025-05-01T14:14:53.410000,0.005122
2025-05-01T14:14:53.420000,0.014967
2025-05-01T14:14:53.430000,0.002620
2025-05-01T14:14:53.440000,0.005815
2025-05-01T14:14:53.450000,-0.003935
2025-05-01T14:14:53.460000,-0.009081
2025-05-01T14:14:53.470000,-0.021929
2025-05-01T14:14:53.480000,0.008622
2025-05-01T14:14:53.490000,0.006939
2025-05-01T14:14:53.500000,-0.001925
2025-05-01T14:14:53.510000,-0.008564
2025-05-01T14:14:53.520000,0.000872
2025-05-01T14:14:53.530000,0.010396
2025-05-01T14:14:53.540000,-0.008255
2025-05-01T14:14:53.550000,0.006375
2025-05-01T14:14:53.560000,0.000422
2025-05-01T14:14:53.570000,0.005131
2025-05-01T14:14:53.580000,0.004532
2025-05-01T14:14:53.590000,0.001728
2025-05-01T14:14:53.600000,-0.000231
2025-05-01T14:14:53.610000,0.003338
2025-05-01T14:14:53.620000,-0.004134
2025-05-01T14:14:53.630000,-0.004706
2025-05-01T14:14:53.640000,-0.000010
2025-05-01T14:14:53.650000,0.008117
2025-05-01T14:14:53.660000,0.004966
2025-05-01T14:14:53.670000,-0.003596
2025-05-01T14:14:53.680000,0.004509
2025-05-01T14:14:53.690000,-0.001999
2025-05-01T14:14:53.700000,0.005268
2025-05-01T14:14:53.710000,-0.006205
2025-05-01T14:14:53.720000,-0.016605
2025-05-01T14:14:53.730000,0.011164
2025-05-01T14:14:53.740000,0.003837
2025-05-01T14:14:53.750000,0.007181
2025-05-01T14:14:53.760000,-0.000336
2025-05-01T14:14:53.770000,-0.000160
2025-05-01T14:14:53.780000,0.000873
2025-05-01T14:14:53.790000,0.008225
2025-05-01T14:14:53.800000,0.001876
2025-05-01T14:14:53.810000,0.001521
2025-05-01T14:14:53.820000,0.007692
2025-05-01T14:14:53.830000,-0.000648
2025-05-01T14:14:53.840000,0.011256
2025-05-01T14:14:53.850000,-0.005850
2025-05-01T14:14:53.860000,0.001318
2025-05-01T14:14:53.870000,0.004862
2025-05-01T14:14:53.880000,0.017638
2025-05-01T14:14:53.890000,0.000615
2025-05-01T14:14:53.900000,-0.010273
2025-05-01T14:14:53.910000,0.007214
2025-05-01T14:14:53.920000,0.011106
2025-05-01T14:14:53.930000,0.004147
2025-05-01T14:14:53.940000,0.006348
2025-05-01T14:14:53.950000,0.000017
2025-05-01T14:14:53.960000,0.004661
2025-05-01T14:14:53.970000,-0.000347
2025-05-01T14:14:53.980000,0.015853
2025-05-01T14:14:53.990000,0.008948
2025-05-01T14:14:54,-0.003199
2025-05-01T14:14:54.010000,-0.008198
2025-05-01T14:14:54.020000,0.003763
2025-05-01T14:14:54.030000,-0.002289
2025-05-01T14:14:54.040000,0.001863
2025-05-01T14:14:54.050000,0.000441
2025-05-01T14:14:54.060000,0.008383
2025-05-01T14:14:54.070000,-0.007961
2025-05-01T14:14:54.080000,-0.014084
2025-05-01T14:14:54.090000,-0.020126
2025-05-01T14:14:54.100000,0.021167
2025-05-01T14:14:54.110000,-0.011293
2025-05-01T14:14:54.120000,0.000369
2025-05-01T14:14:54.130000,-0.007839
2025-05-01T14:14:54.140000,-0.009095
2025-05-01T14:14:54.150000,-0.008731
2025-05-01T14:14:54.160000,0.005530
2025-05-01T14:14:54.170000,0.008968
2025-05-01T14:14:54.180000,-0.008664
2025-05-01T14:14:54.190000,-0.003746
2025-05-01T14:14:54.200000,0.002305
2025-05-01T14:14:54.210000,-0.002698
2025-05-01T14:14:54.220000,-0.032561
2025-05-01T14:14:54.230000,0.009458
2025-05-01T14:14:54.240000,0.003787
2025-05-01T14:14:54.250000,0.003218
2025-05-01T14:14:54.260000,0.017566
2025-05-01T14:14:54.270000,0.009643
2025-05-01T14:14:54.280000,0.008734
2025-05-01T14:14:54.290000,-0.006233
2025-05-01T14:14:54.300000,-0.007548
2025-05-01T14:14:54.310000,-0.005051
2025-05-01T14:14:54.320000,0.014684
2025-05-01T14:14:54.330000,0.015651
2025-05-01T14:14:54.340000,0.003841
2025-05-01T14:14:54.350000,0.010353
2025-05-01T14:14:54.360000,0.005931
2025-05-01T14:14:54.370000,0.005037
2025-05-01T14:14:54.380000,-0.007240
2025-05-01T14:14:54.390000,0.000701
2025-05-01T14:14:54.400000,-0.007916
2025-05-01T14:14:54.410000,-0.000938
2025-05-01T14:14:54.420000,0.004392
2025-05-01T14:14:54.430000,0.007757
2025-05-01T14:14:54.440000,0.007372
2025-05-01T14:14:54.450000,-0.014653
2025-05-01T14:14:54.460000,-0.002237
2025-05-01T14:14:54.470000,-0.009284
2025-05-01T14:14:54.480000,0.007848
2025-05-01T14:14:54.490000,0.012933
2025-05-01T14:14:54.500000,0.015339
2025-05-01T14:14:54.510000,0.002900
2025-05-01T14:14:54.520000,0.010612
2025-05-01T14:14:54.530000,0.006090
2025-05-01T14:14:54.540000,0.001142
2025-05-01T14:14:54.550000,-0.008280
2025-05-01T14:14:54.560000,-0.003744
2025-05-01T14:14:54.570000,0.000005
2025-05-01T14:14:54.580000,-0.013308
2025-05-01T14:14:54.590000,-0.000465
2025-05-01T14:14:54.600000,-0.004275
2025-05-01T14:14:54.610000,-0.004610
2025-05-01T14:14:54.620000,0.010428
2025-05-01T14:14:54.630000,-0.011102
2025-05-01T14:14:54.640000,-0.002211
2025-05-01T14:14:54.650000,0.029835
2025-05-01T14:14:54.660000,0.004147
2025-05-01T14:14:54.670000,-0.006546
2025-05-01T14:14:54.680000,-0.014463
2025-05-01T14:14:54.690000,-0.005871
2025-05-01T14:14:54.700000,0.019769
2025-05-01T14:14:54.710000,0.016803
2025-05-01T14:14:54.720000,0.008081
2025-05-01T14:14:54.730000,0.009712
2025-05-01T14:14:54.740000,0.014163
2025-05-01T14:14:54.750000,-0.003372
2025-05-01T14:14:54.760000,-0.020019
2025-05-01T14:14:54.770000,0.011030
2025-05-01T14:14:54.780000,0.027576
2025-05-01T14:14:54.790000,-0.002016
2025-05-01T14:14:54.800000,-0.001653
2025-05-01T14:14:54.810000,-0.010917
2025-05-01T14:14:54.820000,-0.001974
2025-05-01T14:14:54.830000,-0.019964
2025-05-01T14:14:54.840000,0.002376
2025-05-01T14:14:54.850000,0.022179
2025-05-01T14:14:54.860000,-0.012426
2025-05-01T14:14:54.870000,-0.008486
2025-05-01T14:14:54.880000,-0.005384
2025-05-01T14:14:54.890000,-0.001845
2025-05-01T14:14:54.900000,-0.007721
2025-05-01T14:14:54.910000,-0.014895
2025-05-01T14:14:54.920000,0.003192
2025-05-01T14:14:54.930000,0.002732
2025-05-01T14:14:54.940000,-0.003336
2025-05-01T14:14:54.950000,0.000215
2025-05-01T14:14:54.960000,-0.005829
2025-05-01T14:14:54.970000,0.012536
2025-05-01T14:14:54.980000,-0.010179
2025-05-01T14:14:54.990000,0.003405
2025-05-01T14:14:55,-0.009727
2025-05-01T14:14:55.010000,0.014081
2025-05-01T14:14:55.020000,-0.003564
2025-05-01T14:14:55.030000,0.008836
2025-05-01T14:14:55.040000,-0.011422
2025-05-01T14:14:55.050000,-0.007433
2025-05-01T14:14:55.060000,0.009553
2025-05-01T14:14:55.070000,0.023517
2025-05-01T14:14:55.080000,-0.001594
2025-05-01T14:14:55.090000,-0.013828
2025-05-01T14:14:55.100000,-0.008538
2025-05-01T14:14:55.110000,0.017877
2025-05-01T14:14:55.120000,0.009412
2025-05-01T14:14:55.130000,-0.003212
2025-05-01T14:14:55.140000,0.000840
2025-05-01T14:14:55.150000,-0.014089
2025-05-01T14:14:55.160000,-0.007615
2025-05-01T14:14:55.170000,-0.005040
2025-05-01T14:14:55.180000,-0.021016
2025-05-01T14:14:55.190000,0.027708
2025-05-01T14:14:55.200000,-0.013691
2025-05-01T14:14:55.210000,-0.014962
2025-05-01T14:14:55.220000,-0.001241
2025-05-01T14:14:55.230000,0.006396
2025-05-01T14:14:55.240000,0.011386
2025-05-01T14:14:55.250000,-0.004704
2025-05-01T14:14:55.260000,0.008780
2025-05-01T14:14:55.270000,0.009841
2025-05-01T14:14:55.280000,-0.007606
2025-05-01T14:14:55.290000,-0.003661
2025-05-01T14:14:55.300000,-0.013453
2025-05-01T14:14:55.310000,-0.000724
2025-05-01T14:14:55.320000,-0.000526
2025-05-01T14:14:55.330000,-0.006810
2025-05-01T14:14:55.340000,0.006311
2025-05-01T14:14:55.350000,-0.005022
2025-05-01T14:14:55.360000,-0.016666
2025-05-01T14:14:55.370000,-0.014578
2025-05-01T14:14:55.380000,0.000890
2025-05-01T14:14:55.390000,0.002720
2025-05-01T14:14:55.400000,-0.007889
2025-05-01T14:14:55.410000,0.006116
2025-05-01T14:14:55.420000,-0.006880
2025-05-01T14:14:55.430000,-0.001986
2025-05-01T14:14:55.440000,-0.008370
2025-05-01T14:14:55.450000,-0.005336
2025-05-01T14:14:55.460000,0.004992
2025-05-01T14:14:55.470000,-0.011787
2025-05-01T14:14:55.480000,-0.021476
2025-05-01T14:14:55.490000,-0.004587
2025-05-01T14:14:55.500000,0.004851
2025-05-01T14:14:55.510000,0.022332
2025-05-01T14:14:55.520000,-0.006481
2025-05-01T14:14:55.530000,-0.009631
2025-05-01T14:14:55.540000,0.003777
2025-05-01T14:14:55.550000,-0.007111
2025-05-01T14:14:55.560000,0.008487
2025-05-01T14:14:55.570000,0.011837
2025-05-01T14:14:55.580000,0.009852
2025-05-01T14:14:55.590000,0.005965
2025-05-01T14:14:55.600000,-0.002441
2025-05-01T14:14:55.610000,0.015371
2025-05-01T14:14:55.620000,0.000748
2025-05-01T14:14:55.630000,0.001158
2025-05-01T14:14:55.640000,-0.005318
2025-05-01T14:14:55.650000,-0.008021
2025-05-01T14:14:55.660000,0.007087
2025-05-01T14:14:55.670000,-0.010256
2025-05-01T14:14:55.680000,-0.002058
2025-05-01T14:14:55.690000,0.014380
2025-05-01T14:14:55.700000,0.016819
2025-05-01T14:14:55.710000,-0.007934
2025-05-01T14:14:55.720000,-0.011001
2025-05-01T14:14:55.730000,0.001903
2025-05-01T14:14:55.740000,0.006460
2025-05-01T14:14:55.750000,0.012515
2025-05-01T14:14:55.760000,0.014979
2025-05-01T14:14:55.770000,-0.004838
2025-05-01T14:14:55.780000,0.005611
2025-05-01T14:14:55.790000,-0.003399
2025-05-01T14:14:55.800000,0.011528
2025-05-01T14:14:55.810000,-0.004381
2025-05-01T14:14:55.820000,-0.003888
2025-05-01T14:14:55.830000,-0.012182
2025-05-01T14:14:55.840000,-0.001125
2025-05-01T14:14:55.850000,0.004837
2025-05-01T14:14:55.860000,-0.003639
2025-05-01T14:14:55.870000,-0.006898
2025-05-01T14:14:55.880000,-0.010010
2025-05-01T14:14:55.890000,0.009954
2025-05-01T14:14:55.900000,0.001881
2025-05-01T14:14:55.910000,-0.014400
2025-05-01T14:14:55.920000,-0.007544
2025-05-01T14:14:55.930000,-0.006093
2025-05-01T14:14:55.940000,0.005937
2025-05-01T14:14:55.950000,-0.005020
2025-05-01T14:14:55.960000,0.000194
2025-05-01T14:14:55.970000,-0.016424
2025-05-01T14:14:55.980000,0.006585
2025-05-01T14:14:55.990000,0.000961
2025-05-01T14:14:56,0.005441
2025-05-01T14:14:56.010000,-0.015155
2025-05-01T14:14:56.020000,0.013583
2025-05-01T14:14:56.030000,-0.006766
2025-05-01T14:14:56.040000,0.013734
2025-05-01T14:14:56.050000,-0.000583
2025-05-01T14:14:56.060000,-0.008038
2025-05-01T14:14:56.070000,-0.008630
2025-05-01T14:14:56.080000,-0.009720
2025-05-01T14:14:56.090000,0.011239
2025-05-01T14:14:56.100000,-0.014659
2025-05-01T14:14:56.110000,0.011905
2025-05-01T14:14:56.120000,0.002967
2025-05-01T14:14:56.130000,-0.005603
2025-05-01T14:14:56.140000,0.009459
2025-05-01T14:14:56.150000,0.004145
2025-05-01T14:14:56.160000,0.013091
2025-05-01T14:14:56.170000,-0.024903
2025-05-01T14:14:56.180000,0.001250
2025-05-01T14:14:56.190000,-0.008303
2025-05-01T14:14:56.200000,0.017413
2025-05-01T14:14:56.210000,0.010503
2025-05-01T14:14:56.220000,-0.021443
2025-05-01T14:14:56.230000,-0.018078
2025-05-01T14:14:56.240000,0.004635
2025-05-01T14:14:56.250000,-0.007240
2025-05-01T14:14:56.260000,0.000991
2025-05-01T14:14:56.270000,-0.013414
2025-05-01T14:14:56.280000,-0.007379
2025-05-01T14:14:56.290000,-0.004209
2025-05-01T14:14:56.300000,0.018371
2025-05-01T14:14:56.310000,-0.000834
2025-05-01T14:14:56.320000,0.002916
2025-05-01T14:14:56.330000,0.007592
2025-05-01T14:14:56.340000,-0.006365
2025-05-01T14:14:56.350000,-0.018930
2025-05-01T14:14:56.360000,0.013583
2025-05-01T14:14:56.370000,0.023291
2025-05-01T14:14:56.380000,-0.010398
2025-05-01T14:14:56.390000,0.000034
2025-05-01T14:14:56.400000,0.000289
2025-05-01T14:14:56.410000,-0.000155
2025-05-01T14:14:56.420000,0.019173
2025-05-01T14:14:56.430000,-0.011887
2025-05-01T14:14:56.440000,-0.006408
2025-05-01T14:14:56.450000,0.016517
2025-05-01T14:14:56.460000,0.011409
2025-05-01T14:14:56.470000,-0.014454
2025-05-01T14:14:56.480000,0.014630
2025-05-01T14:14:56.490000,-0.010409
2025-05-01T14:14:56.500000,-0.019072
2025-05-01T14:14:56.510000,0.000893
2025-05-01T14:14:56.520000,0.015332
2025-05-01T14:14:56.530000,0.002051
2025-05-01T14:14:56.540000,-0.004943
2025-05-01T14:14:56.550000,0.006929
2025-05-01T14:14:56.560000,0.000288
2025-05-01T14:14:56.570000,0.002729
2025-05-01T14:14:56.580000,-0.007728
2025-05-01T14:14:56.590000,-0.008981
2025-05-01T14:14:56.600000,0.001231
2025-05-01T14:14:56.610000,0.003193
2025-05-01T14:14:56.620000,0.004091
2025-05-01T14:14:56.630000,-0.002686
2025-05-01T14:14:56.640000,-0.004880
2025-05-01T14:14:56.650000,-0.008465
2025-05-01T14:14:56.660000,-0.006844
2025-05-01T14:14:56.670000,-0.010426
2025-05-01T14:14:56.680000,0.020507
2025-05-01T14:14:56.690000,0.003075
2025-05-01T14:14:56.700000,-0.004228
2025-05-01T14:14:56.710000,-0.000876
2025-05-01T14:14:56.720000,-0.007414
2025-05-01T14:14:56.730000,0.001698
2025-05-01T14:14:56.740000,0.003231
2025-05-01T14:14:56.750000,-0.009306
2025-05-01T14:14:56.760000,0.012961
2025-05-01T14:14:56.770000,0.009591
2025-05-01T14:14:56.780000,-0.006190
2025-05-01T14:14:56.790000,-0.005548
2025-05-01T14:14:56.800000,-0.002082
2025-05-01T14:14:56.810000,0.002697
2025-05-01T14:14:56.820000,0.005067
2025-05-01T14:14:56.830000,0.014273
2025-05-01T14:14:56.840000,0.003043
2025-05-01T14:14:56.850000,0.005156
2025-05-01T14:14:56.860000,-0.008344
2025-05-01T14:14:56.870000,0.002666
2025-05-01T14:14:56.880000,-0.007952
2025-05-01T14:14:56.890000,-0.007536
2025-05-01T14:14:56.900000,0.011249
2025-05-01T14:14:56.910000,-0.002720
2025-05-01T14:14:56.920000,-0.002551
2025-05-01T14:14:56.930000,0.000136
2025-05-01T14:14:56.940000,0.004155
2025-05-01T14:14:56.950000,-0.009231
2025-05-01T14:14:56.960000,-0.008223
2025-05-01T14:14:56.970000,-0.007700
2025-05-01T14:14:56.980000,-0.001211
2025-05-01T14:14:56.990000,-0.002959
2025-05-01T14:14:57,-0.005686
2025-05-01T14:14:57.010000,-0.005679
2025-05-01T14:14:57.020000,0.000480
2025-05-01T14:14:57.030000,0.004077
2025-05-01T14:14:57.040000,-0.007013
2025-05-01T14:14:57.050000,-0.012949
2025-05-01T14:14:57.060000,0.013852
2025-05-01T14:14:57.070000,-0.011648
2025-05-01T14:14:57.080000,-0.007775
2025-05-01T14:14:57.090000,-0.004745
2025-05-01T14:14:57.100000,0.013038
2025-05-01T14:14:57.110000,0.008720
2025-05-01T14:14:57.120000,0.004362
2025-05-01T14:14:57.130000,-0.002991
2025-05-01T14:14:57.140000,0.007743
2025-05-01T14:14:57.150000,0.005108
2025-05-01T14:14:57.160000,-0.006130
2025-05-01T14:14:57.170000,-0.008812
2025-05-01T14:14:57.180000,-0.001523
2025-05-01T14:14:57.190000,0.011912
2025-05-01T14:14:57.200000,-0.007985
2025-05-01T14:14:57.210000,-0.003622
2025-05-01T14:14:57.220000,0.000464
2025-05-01T14:14:57.230000,0.009226
2025-05-01T14:14:57.240000,0.000354
2025-05-01T14:14:57.250000,0.010387
2025-05-01T14:14:57.260000,-0.004072
2025-05-01T14:14:57.270000,-0.003358
2025-05-01T14:14:57.280000,0.019370
2025-05-01T14:14:57.290000,-0.001655
2025-05-01T14:14:57.300000,-0.003351
2025-05-01T14:14:57.310000,0.007562
2025-05-01T14:14:57.320000,-0.001747
2025-05-01T14:14:57.330000,-0.027066
2025-05-01T14:14:57.340000,-0.007551
2025-05-01T14:14:57.350000,-0.009146
2025-05-01T14:14:57.360000,-0.002104
2025-05-01T14:14:57.370000,-0.003299
2025-05-01T14:14:57.380000,0.000392
2025-05-01T14:14:57.390000,-0.003259
2025-05-01T14:14:57.400000,0.002520
2025-05-01T14:14:57.410000,0.002052
2025-05-01T14:14:57.420000,-0.006587
2025-05-01T14:14:57.430000,-0.012071
2025-05-01T14:14:57.440000,0.021518
2025-05-01T14:14:57.450000,-0.007460
2025-05-01T14:14:57.460000,0.005480
2025-05-01T14:14:57.470000,0.004915
2025-05-01T14:14:57.480000,0.007592
2025-05-01T14:14:57.490000,0.008731
2025-05-01T14:14:57.500000,0.001033
2025-05-01T14:14:57.510000,-0.010794
2025-05-01T14:14:57.520000,-0.008678
2025-05-01T14:14:57.530000,0.001021
2025-05-01T14:14:57.540000,-0.007016
2025-05-01T14:14:57.550000,-0.011632
2025-05-01T14:14:57.560000,0.005026
2025-05-01T14:14:57.570000,0.016870
2025-05-01T14:14:57.580000,0.000161
2025-05-01T14:14:57.590000,0.008627
2025-05-01T14:14:57.600000,0.010372
2025-05-01T14:14:57.610000,-0.004593
2025-05-01T14:14:57.620000,-0.001202
2025-05-01T14:14:57.630000,0.006709
2025-05-01T14:14:57.640000,0.000216
2025-05-01T14:14:57.650000,-0.017385
2025-05-01T14:14:57.660000,-0.005393
2025-05-01T14:14:57.670000,-0.017997
2025-05-01T14:14:57.680000,-0.008194
2025-05-01T14:14:57.690000,-0.001011
2025-05-01T14:14:57.700000,-0.013204
2025-05-01T14:14:57.710000,0.011778
2025-05-01T14:14:57.720000,-0.000974
2025-05-01T14:14:57.730000,-0.008727
2025-05-01T14:14:57.740000,-0.001560
2025-05-01T14:14:57.750000,-0.012495
2025-05-01T14:14:57.760000,-0.004257
2025-05-01T14:14:57.770000,-0.004126
2025-05-01T14:14:57.780000,0.005526
2025-05-01T14:14:57.790000,-0.006762
2025-05-01T14:14:57.800000,-0.016843
2025-05-01T14:14:57.810000,0.013596
2025-05-01T14:14:57.820000,-0.002017
2025-05-01T14:14:57.830000,-0.002989
2025-05-01T14:14:57.840000,0.007179
2025-05-01T14:14:57.850000,0.007471
2025-05-01T14:14:57.860000,-0.011369
2025-05-01T14:14:57.870000,-0.006768
2025-05-01T14:14:57.880000,-0.004352
2025-05-01T14:14:57.890000,-0.001591
2025-05-01T14:14:57.900000,0.009150
2025-05-01T14:14:57.910000,0.005249
2025-05-01T14:14:57.920000,-0.007266
2025-05-01T14:14:57.930000,-0.001732
2025-05-01T14:14:57.940000,0.012840
2025-05-01T14:14:57.950000,0.015411
2025-05-01T14:14:57.960000,0.009218
2025-05-01T14:14:57.970000,-0.000070
2025-05-01T14:14:57.980000,-0.016318
2025-05-01T14:14:57.990000,-0.006407
2025-05-01T14:14:58,-0.001827
2025-05-01T14:14:58.010000,0.013895
2025-05-01T14:14:58.020000,-0.015164
2025-05-01T14:14:58.030000,0.017814
2025-05-01T14:14:58.040000,-0.010011
2025-05-01T14:14:58.050000,0.007359
2025-05-01T14:14:58.060000,-0.003347
2025-05-01T14:14:58.070000,-0.004597
2025-05-01T14:14:58.080000,0.015557
2025-05-01T14:14:58.090000,0.025271
2025-05-01T14:14:58.100000,0.008382
2025-05-01T14:14:58.110000,-0.014115
2025-05-01T14:14:58.120000,0.006011
2025-05-01T14:14:58.130000,-0.007858
2025-05-01T14:14:58.140000,0.009205
2025-05-01T14:14:58.150000,0.004483
2025-05-01T14:14:58.160000,0.008041
2025-05-01T14:14:58.170000,-0.000471
2025-05-01T14:14:58.180000,-0.011692
2025-05-01T14:14:58.190000,-0.009591
2025-05-01T14:14:58.200000,-0.019020
2025-05-01T14:14:58.210000,-0.008638
2025-05-01T14:14:58.220000,0.004822
2025-05-01T14:14:58.230000,0.001290
2025-05-01T14:14:58.240000,-0.001907
2025-05-01T14:14:58.250000,-0.010894
2025-05-01T14:14:58.260000,0.001012
2025-05-01T14:14:58.270000,0.004589
2025-05-01T14:14:58.280000,0.005031
2025-05-01T14:14:58.290000,0.022955
2025-05-01T14:14:58.300000,-0.003468
2025-05-01T14:14:58.310000,0.010377
2025-05-01T14:14:58.320000,0.003391
2025-05-01T14:14:58.330000,0.026248
2025-05-01T14:14:58.340000,0.019678
2025-05-01T14:14:58.350000,-0.005455
2025-05-01T14:14:58.360000,-0.002666
2025-05-01T14:14:58.370000,0.003033
2025-05-01T14:14:58.380000,-0.014938
2025-05-01T14:14:58.390000,0.002772
2025-05-01T14:14:58.400000,0.013618
2025-05-01T14:14:58.410000,-0.023451
2025-05-01T14:14:58.420000,-0.010646
2025-05-01T14:14:58.430000,0.009260
2025-05-01T14:14:58.440000,-0.008259
2025-05-01T14:14:58.450000,0.005064
2025-05-01T14:14:58.460000,0.005057
2025-05-01T14:14:58.470000,-0.009242
2025-05-01T14:14:58.480000,0.002443
2025-05-01T14:14:58.490000,-0.005501
2025-05-01T14:14:58.500000,0.008028
2025-05-01T14:14:58.510000,-0.014750
2025-05-01T14:14:58.520000,0.007266
2025-05-01T14:14:58.530000,-0.004095
2025-05-01T14:14:58.540000,0.004213
2025-05-01T14:14:58.550000,0.022541
2025-05-01T14:14:58.560000,-0.007125
2025-05-01T14:14:58.570000,0.016494
2025-05-01T14:14:58.580000,-0.000084
2025-05-01T14:14:58.590000,0.008624
2025-05-01T14:14:58.600000,0.002057
2025-05-01T14:14:58.610000,0.000154
2025-05-01T14:14:58.620000,0.003169
2025-05-01T14:14:58.630000,-0.016212
2025-05-01T14:14:58.640000,-0.008380
2025-05-01T14:14:58.650000,0.004292
2025-05-01T14:14:58.660000,-0.001057
2025-05-01T14:14:58.670000,0.018541
2025-05-01T14:14:58.680000,0.015965
2025-05-01T14:14:58.690000,0.005683
2025-05-01T14:14:58.700000,-0.011728
2025-05-01T14:14:58.710000,-0.007188
2025-05-01T14:14:58.720000,0.004299
2025-05-01T14:14:58.730000,0.005238
2025-05-01T14:14:58.740000,0.019164
2025-05-01T14:14:58.750000,0.000144
2025-05-01T14:14:58.760000,-0.018814
2025-05-01T14:14:58.770000,0.000199
2025-05-01T14:14:58.780000,-0.005605
2025-05-01T14:14:58.790000,0.012020
2025-05-01T14:14:58.800000,-0.015692
2025-05-01T14:14:58.810000,0.004961
2025-05-01T14:14:58.820000,-0.008752
2025-05-01T14:14:58.830000,0.010500
2025-05-01T14:14:58.840000,-0.010652
2025-05-01T14:14:58.850000,0.006770
2025-05-01T14:14:58.860000,-0.015652
2025-05-01T14:14:58.870000,0.008359
2025-05-01T14:14:58.880000,-0.015969
2025-05-01T14:14:58.890000,0.001081
2025-05-01T14:14:58.900000,0.005882
2025-05-01T14:14:58.910000,0.000886
2025-05-01T14:14:58.920000,-0.005824
2025-05-01T14:14:58.930000,-0.006905
2025-05-01T14:14:58.940000,0.007630
2025-05-01T14:14:58.950000,-0.014721
2025-05-01T14:14:58.960000,-0.004905
2025-05-01T14:14:58.970000,0.006768
2025-05-01T14:14:58.980000,-0.006077
2025-05-01T14:14:58.990000,-0.012335
2025-05-01T14:14:59,0.005884
2025-05-01T14:14:59.010000,-0.004618
2025-05-01T14:14:59.020000,0.000146
2025-05-01T14:14:59.030000,-0.000032
2025-05-01T14:14:59.040000,-0.008251
2025-05-01T14:14:59.050000,0.013710
2025-05-01T14:14:59.060000,-0.001678
2025-05-01T14:14:59.070000,0.005254
2025-05-01T14:14:59.080000,-0.002165
2025-05-01T14:14:59.090000,-0.010794
2025-05-01T14:14:59.100000,-0.001021
2025-05-01T14:14:59.110000,-0.006250
2025-05-01T14:14:59.120000,-0.012889
2025-05-01T14:14:59.130000,-0.010039
2025-05-01T14:14:59.140000,-0.001246
2025-05-01T14:14:59.150000,0.003664
2025-05-01T14:14:59.160000,0.006446
2025-05-01T14:14:59.170000,0.013931
2025-05-01T14:14:59.180000,0.005976
2025-05-01T14:14:59.190000,0.006973
2025-05-01T14:14:59.200000,0.013769
2025-05-01T14:14:59.210000,0.004640
2025-05-01T14:14:59.220000,0.004591
2025-05-01T14:14:59.230000,0.005115
2025-05-01T14:14:59.240000,-0.009223
2025-05-01T14:14:59.250000,-0.011519
2025-05-01T14:14:59.260000,-0.005943
2025-05-01T14:14:59.270000,0.006441
2025-05-01T14:14:59.280000,-0.007576
2025-05-01T14:14:59.290000,0.002231
2025-05-01T14:14:59.300000,-0.008215
2025-05-01T14:14:59.310000,-0.004492
2025-05-01T14:14:59.320000,0.010611
2025-05-01T14:14:59.330000,0.002941
2025-05-01T14:14:59.340000,0.019326
2025-05-01T14:14:59.350000,-0.003113
2025-05-01T14:14:59.360000,-0.012315
2025-05-01T14:14:59.370000,-0.003221
2025-05-01T14:14:59.380000,0.006109
2025-05-01T14:14:59.390000,0.002781
2025-05-01T14:14:59.400000,0.010021
2025-05-01T14:14:59.410000,-0.017080
2025-05-01T14:14:59.420000,-0.011971
2025-05-01T14:14:59.430000,0.006701
2025-05-01T14:14:59.440000,0.006841
2025-05-01T14:14:59.450000,-0.003614
2025-05-01T14:14:59.460000,-0.015595
2025-05-01T14:14:59.470000,0.001472
2025-05-01T14:14:59.480000,-0.009622
2025-05-01T14:14:59.490000,-0.007004
2025-05-01T14:14:59.500000,0.001899
2025-05-01T14:14:59.510000,0.000090
2025-05-01T14:14:59.520000,0.003380
2025-05-01T14:14:59.530000,0.012658
2025-05-01T14:14:59.540000,-0.000817
2025-05-01T14:14:59.550000,-0.012389
2025-05-01T14:14:59.560000,-0.002684
2025-05-01T14:14:59.570000,-0.006557
2025-05-01T14:14:59.580000,0.016808
2025-05-01T14:14:59.590000,0.006945
2025-05-01T14:14:59.600000,0.001031
2025-05-01T14:14:59.610000,-0.002767
2025-05-01T14:14:59.620000,0.015259
2025-05-01T14:14:59.630000,-0.000750
2025-05-01T14:14:59.640000,-0.014640
2025-05-01T14:14:59.650000,0.003232
2025-05-01T14:14:59.660000,-0.003630
2025-05-01T14:14:59.670000,0.016351
2025-05-01T14:14:59.680000,0.013350
2025-05-01T14:14:59.690000,0.003127
2025-05-01T14:14:59.700000,0.001776
2025-05-01T14:14:59.710000,0.005442
2025-05-01T14:14:59.720000,0.003485
2025-05-01T14:14:59.730000,0.009277
2025-05-01T14:14:59.740000,0.007241
2025-05-01T14:14:59.750000,-0.002030
2025-05-01T14:14:59.760000,-0.000377
2025-05-01T14:14:59.770000,-0.000828
2025-05-01T14:14:59.780000,0.007941
2025-05-01T14:14:59.790000,-0.009751
2025-05-01T14:14:59.800000,0.013388
2025-05-01T14:14:59.810000,-0.002338
2025-05-01T14:14:59.820000,-0.005567
2025-05-01T14:14:59.830000,0.002600
2025-05-01T14:14:59.840000,0.010558
2025-05-01T14:14:59.850000,-0.011438
2025-05-01T14:14:59.860000,0.011913
2025-05-01T14:14:59.870000,-0.008248
2025-05-01T14:14:59.880000,-0.002801
2025-05-01T14:14:59.890000,0.008052
2025-05-01T14:14:59.900000,-0.007076
2025-05-01T14:14:59.910000,-0.016221
2025-05-01T14:14:59.920000,-0.008508
2025-05-01T14:14:59.930000,0.022103
2025-05-01T14:14:59.940000,0.018705
2025-05-01T14:14:59.950000,0.011031
2025-05-01T14:14:59.960000,0.007818
2025-05-01T14:14:59.970000,0.000211
2025-05-01T14:14:59.980000,0.003333
2025-05-01T14:14:59.990000,0.006759
2025-05-01T14:15:00,0.000703
2025-05-01T14:15:00.010000,0.006327
2025-05-01T14:15:00.020000,0.004111
2025-05-01T14:15:00.030000,0.010632
2025-05-01T14:15:00.040000,0.003540
2025-05-01T14:15:00.050000,-0.001458
2025-05-01T14:15:00.060000,-0.001247
2025-05-01T14:15:00.070000,0.008093
2025-05-01T14:15:00.080000,0.011155
2025-05-01T14:15:00.090000,0.010951
2025-05-01T14:15:00.100000,0.010300
2025-05-01T14:15:00.110000,-0.000731
2025-05-01T14:15:00.120000,-0.003264
2025-05-01T14:15:00.130000,-0.001024
2025-05-01T14:15:00.140000,-0.014102
2025-05-01T14:15:00.150000,0.013230
2025-05-01T14:15:00.160000,-0.021118
2025-05-01T14:15:00.170000,0.005924
2025-05-01T14:15:00.180000,-0.002026
2025-05-01T14:15:00.190000,-0.000521
2025-05-01T14:15:00.200000,0.005401
2025-05-01T14:15:00.210000,0.010837
2025-05-01T14:15:00.220000,-0.007330
2025-05-01T14:15:00.230000,-0.014499
2025-05-01T14:15:00.240000,0.006088
2025-05-01T14:15:00.250000,0.006295
2025-05-01T14:15:00.260000,-0.004774
2025-05-01T14:15:00.270000,-0.005193
2025-05-01T14:15:00.280000,0.012151
2025-05-01T14:15:00.290000,-0.006707
2025-05-01T14:15:00.300000,-0.011424
2025-05-01T14:15:00.310000,-0.006259
2025-05-01T14:15:00.320000,0.000988
2025-05-01T14:15:00.330000,-0.007598
2025-05-01T14:15:00.340000,-0.010357
2025-05-01T14:15:00.350000,-0.002326
2025-05-01T14:15:00.360000,-0.000353
2025-05-01T14:15:00.370000,-0.002806
2025-05-01T14:15:00.380000,0.005064
2025-05-01T14:15:00.390000,0.002414
2025-05-01T14:15:00.400000,0.001022
2025-05-01T14:15:00.410000,-0.010248
2025-05-01T14:15:00.420000,0.012228
2025-05-01T14:15:00.430000,0.015817
2025-05-01T14:15:00.440000,-0.025616
2025-05-01T14:15:00.450000,0.007578
2025-05-01T14:15:00.460000,-0.008117
2025-05-01T14:15:00.470000,0.012392
2025-05-01T14:15:00.480000,0.002012
2025-05-01T14:15:00.490000,0.007517
2025-05-01T14:15:00.500000,-0.014753
2025-05-01T14:15:00.510000,-0.012647
2025-05-01T14:15:00.520000,-0.003113
2025-05-01T14:15:00.530000,-0.017760
2025-05-01T14:15:00.540000,-0.007520
2025-05-01T14:15:00.550000,0.000637
2025-05-01T14:15:00.560000,0.010840
2025-05-01T14:15:00.570000,-0.007776
2025-05-01T14:15:00.580000,-0.006687
2025-05-01T14:15:00.590000,-0.002403
2025-05-01T14:15:00.600000,0.000596
2025-05-01T14:15:00.610000,-0.016633
2025-05-01T14:15:00.620000,0.002979
2025-05-01T14:15:00.630000,-0.001918
2025-05-01T14:15:00.640000,-0.003656
2025-05-01T14:15:00.650000,-0.011052
2025-05-01T14:15:00.660000,-0.000899
2025-05-01T14:15:00.670000,0.002135
2025-05-01T14:15:00.680000,0.009892
2025-05-01T14:15:00.690000,-0.004112
2025-05-01T14:15:00.700000,-0.008776
2025-05-01T14:15:00.710000,0.008997
2025-05-01T14:15:00.720000,-0.008088
2025-05-01T14:15:00.730000,-0.020291
2025-05-01T14:15:00.740000,0.005698
2025-05-01T14:15:00.750000,-0.015269
2025-05-01T14:15:00.760000,-0.014717
2025-05-01T14:15:00.770000,-0.015443
2025-05-01T14:15:00.780000,0.011720
2025-05-01T14:15:00.790000,-0.010318
2025-05-01T14:15:00.800000,0.001573
2025-05-01T14:15:00.810000,-0.009841
2025-05-01T14:15:00.820000,-0.001536
2025-05-01T14:15:00.830000,0.008048
2025-05-01T14:15:00.840000,-0.000271
2025-05-01T14:15:00.850000,0.000582
2025-05-01T14:15:00.860000,0.007282
2025-05-01T14:15:00.870000,-0.026323
2025-05-01T14:15:00.880000,-0.015173
2025-05-01T14:15:00.890000,-0.011962
2025-05-01T14:15:00.900000,-0.000029
2025-05-01T14:15:00.910000,0.023423
2025-05-01T14:15:00.920000,0.002100
2025-05-01T14:15:00.930000,0.005422
2025-05-01T14:15:00.940000,0.009530
2025-05-01T14:15:00.950000,0.022187
2025-05-01T14:15:00.960000,0.018534
2025-05-01T14:15:00.970000,-0.005584
2025-05-01T14:15:00.980000,0.020288
2025-05-01T14:15:00.990000,-0.016852
2025-05-01T14:15:01,-0.000278
2025-05-01T14:15:01.010000,0.008101
2025-05-01T14:15:01.020000,0.003447
2025-05-01T14:15:01.030000,0.014776
2025-05-01T14:15:01.040000,0.000670
2025-05-01T14:15:01.050000,-0.000943
2025-05-01T14:15:01.060000,-0.007276
2025-05-01T14:15:01.070000,0.007504
2025-05-01T14:15:01.080000,0.006273
2025-05-01T14:15:01.090000,-0.004302
2025-05-01T14:15:01.100000,-0.001419
2025-05-01T14:15:01.110000,-0.022946
2025-05-01T14:15:01.120000,0.001416
2025-05-01T14:15:01.130000,-0.009923
2025-05-01T14:15:01.140000,0.001042
2025-05-01T14:15:01.150000,-0.008554
2025-05-01T14:15:01.160000,-0.002935
2025-05-01T14:15:01.170000,-0.005770
2025-05-01T14:15:01.180000,0.002546
2025-05-01T14:15:01.190000,-0.010247
2025-05-01T14:15:01.200000,-0.014682
2025-05-01T14:15:01.210000,0.001303
2025-05-01T14:15:01.220000,0.001704
2025-05-01T14:15:01.230000,0.001467
2025-05-01T14:15:01.240000,-0.004167
2025-05-01T14:15:01.250000,0.002540
2025-05-01T14:15:01.260000,0.014210
2025-05-01T14:15:01.270000,-0.004898
2025-05-01T14:15:01.280000,-0.003635
2025-05-01T14:15:01.290000,0.008057
2025-05-01T14:15:01.300000,-0.003934
2025-05-01T14:15:01.310000,0.009237
2025-05-01T14:15:01.320000,0.012077
2025-05-01T14:15:01.330000,-0.008562
2025-05-01T14:15:01.340000,0.002820
2025-05-01T14:15:01.350000,-0.009204
2025-05-01T14:15:01.360000,0.009518
2025-05-01T14:15:01.370000,0.001526
2025-05-01T14:15:01.380000,-0.013479
2025-05-01T14:15:01.390000,-0.002539
2025-05-01T14:15:01.400000,-0.011337
2025-05-01T14:15:01.410000,-0.002560
2025-05-01T14:15:01.420000,-0.006065
2025-05-01T14:15:01.430000,0.006665
2025-05-01T14:15:01.440000,-0.003158
2025-05-01T14:15:01.450000,-0.000466
2025-05-01T14:15:01.460000,0.011826
2025-05-01T14:15:01.470000,-0.000584
2025-05-01T14:15:01.480000,-0.004976
2025-05-01T14:15:01.490000,-0.003767
2025-05-01T14:15:01.500000,0.014563
2025-05-01T14:15:01.510000,-0.006007
2025-05-01T14:15:01.520000,-0.005497
2025-05-01T14:15:01.530000,0.012475
2025-05-01T14:15:01.540000,-0.010385
2025-05-01T14:15:01.550000,0.003840
2025-05-01T14:15:01.560000,-0.022551
2025-05-01T14:15:01.570000,0.007167
2025-05-01T14:15:01.580000,0.007473
2025-05-01T14:15:01.590000,-0.005294
2025-05-01T14:15:01.600000,-0.006013
2025-05-01T14:15:01.610000,0.007202
2025-05-01T14:15:01.620000,0.006759
2025-05-01T14:15:01.630000,-0.006334
2025-05-01T14:15:01.640000,-0.005758
2025-05-01T14:15:01.650000,0.018523
2025-05-01T14:15:01.660000,0.014839
2025-05-01T14:15:01.670000,-0.024224
2025-05-01T14:15:01.680000,0.009136
2025-05-01T14:15:01.690000,-0.009895
2025-05-01T14:15:01.700000,0.006375
2025-05-01T14:15:01.710000,0.013706
2025-05-01T14:15:01.720000,0.001270
2025-05-01T14:15:01.730000,-0.005088
2025-05-01T14:15:01.740000,0.001843
2025-05-01T14:15:01.750000,0.006713
2025-05-01T14:15:01.760000,0.013344
2025-05-01T14:15:01.770000,-0.002704
2025-05-01T14:15:01.780000,-0.002816
2025-05-01T14:15:01.790000,0.001586
2025-05-01T14:15:01.800000,0.001553
2025-05-01T14:15:01.810000,-0.016454
2025-05-01T14:15:01.820000,0.007988
2025-05-01T14:15:01.830000,-0.005875
2025-05-01T14:15:01.840000,-0.011760
2025-05-01T14:15:01.850000,-0.008794
2025-05-01T14:15:01.860000,-0.001764
2025-05-01T14:15:01.870000,0.017301
2025-05-01T14:15:01.880000,0.005505
2025-05-01T14:15:01.890000,0.000775
2025-05-01T14:15:01.900000,0.007025
2025-05-01T14:15:01.910000,0.008237
2025-05-01T14:15:01.920000,-0.010728
2025-05-01T14:15:01.930000,-0.006137
2025-05-01T14:15:01.940000,-0.000899
2025-05-01T14:15:01.950000,0.001828
2025-05-01T14:15:01.960000,0.006222
2025-05-01T14:15:01.970000,0.003772
2025-05-01T14:15:01.980000,-0.003382
2025-05-01T14:15:01.990000,0.012312
2025-05-01T14:15:02,0.001224
2025-05-01T14:15:02.010000,-0.007321
2025-05-01T14:15:02.020000,0.020203
2025-05-01T14:15:02.030000,-0.020323
2025-05-01T14:15:02.040000,-0.000590
2025-05-01T14:15:02.050000,-0.004340
2025-05-01T14:15:02.060000,-0.010794
2025-05-01T14:15:02.070000,0.002278
2025-05-01T14:15:02.080000,0.001782
2025-05-01T14:15:02.090000,-0.007854
2025-05-01T14:15:02.100000,-0.010583
2025-05-01T14:15:02.110000,-0.004861
2025-05-01T14:15:02.120000,-0.001605
2025-05-01T14:15:02.130000,0.004448
2025-05-01T14:15:02.140000,-0.003823
2025-05-01T14:15:02.150000,-0.010065
2025-05-01T14:15:02.160000,-0.002855
2025-05-01T14:15:02.170000,0.008126
2025-05-01T14:15:02.180000,0.010285
2025-05-01T14:15:02.190000,0.026082
2025-05-01T14:15:02.200000,-0.001259
2025-05-01T14:15:02.210000,0.002212
2025-05-01T14:15:02.220000,-0.006480
2025-05-01T14:15:02.230000,-0.007387
2025-05-01T14:15:02.240000,0.011969
2025-05-01T14:15:02.250000,-0.001694
2025-05-01T14:15:02.260000,0.009691
2025-05-01T14:15:02.270000,0.000194
2025-05-01T14:15:02.280000,0.025176
2025-05-01T14:15:02.290000,-0.005050
2025-05-01T14:15:02.300000,0.009346
2025-05-01T14:15:02.310000,-0.020756
2025-05-01T14:15:02.320000,-0.007957
2025-05-01T14:15:02.330000,-0.003612
2025-05-01T14:15:02.340000,0.008971
2025-05-01T14:15:02.350000,-0.013767
2025-05-01T14:15:02.360000,0.002925
2025-05-01T14:15:02.370000,0.005853
2025-05-01T14:15:02.380000,-0.007387
2025-05-01T14:15:02.390000,-0.011882
2025-05-01T14:15:02.400000,-0.009963
2025-05-01T14:15:02.410000,0.003279
2025-05-01T14:15:02.420000,0.015740
2025-05-01T14:15:02.430000,0.015958
2025-05-01T14:15:02.440000,-0.008064
2025-05-01T14:15:02.450000,-0.009972
2025-05-01T14:15:02.460000,-0.005718
2025-05-01T14:15:02.470000,0.014375
2025-05-01T14:15:02.480000,0.020220
2025-05-01T14:15:02.490000,0.002066
2025-05-01T14:15:02.500000,-0.000981
2025-05-01T14:15:02.510000,0.008210
2025-05-01T14:15:02.520000,-0.000076
2025-05-01T14:15:02.530000,-0.009005
2025-05-01T14:15:02.540000,-0.015902
2025-05-01T14:15:02.550000,0.005863
2025-05-01T14:15:02.560000,0.018069
2025-05-01T14:15:02.570000,-0.001373
2025-05-01T14:15:02.580000,0.010388
2025-05-01T14:15:02.590000,-0.003203
2025-05-01T14:15:02.600000,0.008812
2025-05-01T14:15:02.610000,0.002029
2025-05-01T14:15:02.620000,-0.013335
2025-05-01T14:15:02.630000,-0.005763
2025-05-01T14:15:02.640000,0.006239
2025-05-01T14:15:02.650000,-0.004044
2025-05-01T14:15:02.660000,-0.019047
2025-05-01T14:15:02.670000,-0.019569
2025-05-01T14:15:02.680000,-0.001574
2025-05-01T14:15:02.690000,0.006169
2025-05-01T14:15:02.700000,0.001949
2025-05-01T14:15:02.710000,-0.004990
2025-05-01T14:15:02.720000,0.003002
2025-05-01T14:15:02.730000,0.005241
2025-05-01T14:15:02.740000,0.004162
2025-05-01T14:15:02.750000,-0.010887
2025-05-01T14:15:02.760000,0.014043
2025-05-01T14:15:02.770000,0.002984
2025-05-01T14:15:02.780000,0.007440
2025-05-01T14:15:02.790000,0.015287
2025-05-01T14:15:02.800000,-0.010702
2025-05-01T14:15:02.810000,0.001590
2025-05-01T14:15:02.820000,0.005360
2025-05-01T14:15:02.830000,0.015136
2025-05-01T14:15:02.840000,0.000400
2025-05-01T14:15:02.850000,0.007441
2025-05-01T14:15:02.860000,-0.017014
2025-05-01T14:15:02.870000,-0.008981
2025-05-01T14:15:02.880000,0.012653
2025-05-01T14:15:02.890000,0.001130
2025-05-01T14:15:02.900000,0.003531
2025-05-01T14:15:02.910000,-0.016190
2025-05-01T14:15:02.920000,0.013133
2025-05-01T14:15:02.930000,0.015700
2025-05-01T14:15:02.940000,-0.008603
2025-05-01T14:15:02.950000,-0.004178
2025-05-01T14:15:02.960000,0.005885
2025-05-01T14:15:02.970000,0.000982
2025-05-01T14:15:02.980000,0.004880
2025-05-01T14:15:02.990000,0.005387
2025-05-01T14:15:03,0.002031
2025-05-01T14:15:03.010000,-0.006304
2025-05-01T14:15:03.020000,0.011345
2025-05-01T14:15:03.030000,-0.010073
2025-05-01T14:15:03.040000,-0.000789
2025-05-01T14:15:03.050000,-0.000552
2025-05-01T14:15:03.060000,0.004962
2025-05-01T14:15:03.070000,-0.014371
2025-05-01T14:15:03.080000,0.006955
2025-05-01T14:15:03.090000,-0.002595
2025-05-01T14:15:03.100000,0.004193
2025-05-01T14:15:03.110000,0.000116
2025-05-01T14:15:03.120000,-0.000791
2025-05-01T14:15:03.130000,0.002674
2025-05-01T14:15:03.140000,0.008001
2025-05-01T14:15:03.150000,-0.007637
2025-05-01T14:15:03.160000,-0.002352
2025-05-01T14:15:03.170000,-0.014193
2025-05-01T14:15:03.180000,-0.006497
2025-05-01T14:15:03.190000,0.008816
2025-05-01T14:15:03.200000,0.014035
2025-05-01T14:15:03.210000,-0.000953
2025-05-01T14:15:03.220000,-0.018758
2025-05-01T14:15:03.230000,0.006333
2025-05-01T14:15:03.240000,0.013740
2025-05-01T14:15:03.250000,0.011246
2025-05-01T14:15:03.260000,0.003992
2025-05-01T14:15:03.270000,-0.008363
2025-05-01T14:15:03.280000,0.007717
2025-05-01T14:15:03.290000,-0.005399
2025-05-01T14:15:03.300000,0.021488
2025-05-01T14:15:03.310000,0.005675
2025-05-01T14:15:03.320000,0.002971
2025-05-01T14:15:03.330000,0.001715
2025-05-01T14:15:03.340000,-0.010672
2025-05-01T14:15:03.350000,-0.004624
2025-05-01T14:15:03.360000,0.005315
2025-05-01T14:15:03.370000,0.004203
2025-05-01T14:15:03.380000,-0.013235
2025-05-01T14:15:03.390000,0.013902
2025-05-01T14:15:03.400000,0.001183
2025-05-01T14:15:03.410000,-0.019272
2025-05-01T14:15:03.420000,-0.007904
2025-05-01T14:15:03.430000,0.004616
2025-05-01T14:15:03.440000,0.003776
2025-05-01T14:15:03.450000,0.004039
2025-05-01T14:15:03.460000,0.009535
2025-05-01T14:15:03.470000,-0.003315
2025-05-01T14:15:03.480000,0.009542
2025-05-01T14:15:03.490000,-0.001936
2025-05-01T14:15:03.500000,0.006066
2025-05-01T14:15:03.510000,-0.008486
2025-05-01T14:15:03.520000,0.001767
2025-05-01T14:15:03.530000,-0.010725
2025-05-01T14:15:03.540000,0.006101
2025-05-01T14:15:03.550000,-0.014917
2025-05-01T14:15:03.560000,-0.006892
2025-05-01T14:15:03.570000,-0.000461
2025-05-01T14:15:03.580000,0.000334
2025-05-01T14:15:03.590000,-0.001358
2025-05-01T14:15:03.600000,-0.004595
2025-05-01T14:15:03.610000,-0.010341
2025-05-01T14:15:03.620000,0.014172
2025-05-01T14:15:03.630000,-0.012822
2025-05-01T14:15:03.640000,0.004798
2025-05-01T14:15:03.650000,-0.019439
2025-05-01T14:15:03.660000,-0.002067
2025-05-01T14:15:03.670000,-0.004314
2025-05-01T14:15:03.680000,-0.006898
2025-05-01T14:15:03.690000,0.015063
2025-05-01T14:15:03.700000,-0.010551
2025-05-01T14:15:03.710000,-0.012696
2025-05-01T14:15:03.720000,0.003812
2025-05-01T14:15:03.730000,0.008334
2025-05-01T14:15:03.740000,0.006048
2025-05-01T14:15:03.750000,-0.005021
2025-05-01T14:15:03.760000,0.002789
2025-05-01T14:15:03.770000,0.009195
2025-05-01T14:15:03.780000,-0.002382
2025-05-01T14:15:03.790000,0.002222
2025-05-01T14:15:03.800000,0.002907
2025-05-01T14:15:03.810000,-0.012634
2025-05-01T14:15:03.820000,0.004789
2025-05-01T14:15:03.830000,0.002443
2025-05-01T14:15:03.840000,-0.005130
2025-05-01T14:15:03.850000,-0.002051
2025-05-01T14:15:03.860000,-0.003331
2025-05-01T14:15:03.870000,0.000340
2025-05-01T14:15:03.880000,0.000401
2025-05-01T14:15:03.890000,-0.003861
2025-05-01T14:15:03.900000,0.009006
2025-05-01T14:15:03.910000,0.004681
2025-05-01T14:15:03.920000,0.001735
2025-05-01T14:15:03.930000,-0.004644
2025-05-01T14:15:03.940000,0.008157
2025-05-01T14:15:03.950000,0.011146
2025-05-01T14:15:03.960000,0.009042
2025-05-01T14:15:03.970000,0.001483
2025-05-01T14:15:03.980000,0.009281
2025-05-01T14:15:03.990000,-0.005211
2025-05-01T14:15:04,0.007648
2025-05-01T14:15:04.010000,0.013005
2025-05-01T14:15:04.020000,0.011129
2025-05-01T14:15:04.030000,-0.002615
2025-05-01T14:15:04.040000,0.004687
2025-05-01T14:15:04.050000,-0.004762
2025-05-01T14:15:04.060000,0.013262
2025-05-01T14:15:04.070000,-0.012237
2025-05-01T14:15:04.080000,0.001295
2025-05-01T14:15:04.090000,0.003721
2025-05-01T14:15:04.100000,0.003765
2025-05-01T14:15:04.110000,-0.017442
2025-05-01T14:15:04.120000,0.015653
2025-05-01T14:15:04.130000,-0.009421
2025-05-01T14:15:04.140000,0.017266
2025-05-01T14:15:04.150000,0.006221
2025-05-01T14:15:04.160000,-0.003963
2025-05-01T14:15:04.170000,-0.011483
2025-05-01T14:15:04.180000,0.005892
2025-05-01T14:15:04.190000,0.002568
2025-05-01T14:15:04.200000,0.001034
2025-05-01T14:15:04.210000,-0.019025
2025-05-01T14:15:04.220000,0.003688
2025-05-01T14:15:04.230000,-0.014851
2025-05-01T14:15:04.240000,0.006602
2025-05-01T14:15:04.250000,-0.000677
2025-05-01T14:15:04.260000,-0.005925
2025-05-01T14:15:04.270000,0.010474
2025-05-01T14:15:04.280000,0.003115
2025-05-01T14:15:04.290000,-0.009286
2025-05-01T14:15:04.300000,-0.001403
2025-05-01T14:15:04.310000,-0.002934
2025-05-01T14:15:04.320000,-0.006378
2025-05-01T14:15:04.330000,0.001744
2025-05-01T14:15:04.340000,0.003850
2025-05-01T14:15:04.350000,0.009117
2025-05-01T14:15:04.360000,0.009039
2025-05-01T14:15:04.370000,-0.008439
2025-05-01T14:15:04.380000,0.008543
2025-05-01T14:15:04.390000,0.011096
2025-05-01T14:15:04.400000,-0.000942
2025-05-01T14:15:04.410000,-0.000251
2025-05-01T14:15:04.420000,0.003814
2025-05-01T14:15:04.430000,-0.001673
2025-05-01T14:15:04.440000,-0.000391
2025-05-01T14:15:04.450000,0.004741
2025-05-01T14:15:04.460000,0.003863
2025-05-01T14:15:04.470000,0.013377
2025-05-01T14:15:04.480000,-0.000701
2025-05-01T14:15:04.490000,-0.008736
2025-05-01T14:15:04.500000,0.032510
2025-05-01T14:15:04.510000,0.000159
2025-05-01T14:15:04.520000,0.004855
2025-05-01T14:15:04.530000,-0.000678
2025-05-01T14:15:04.540000,0.001952
2025-05-01T14:15:04.550000,0.016856
2025-05-01T14:15:04.560000,-0.001106
2025-05-01T14:15:04.570000,-0.003621
2025-05-01T14:15:04.580000,0.013029
2025-05-01T14:15:04.590000,-0.004068
2025-05-01T14:15:04.600000,0.004210
2025-05-01T14:15:04.610000,0.002637
2025-05-01T14:15:04.620000,0.002702
2025-05-01T14:15:04.630000,0.001825
2025-05-01T14:15:04.640000,0.002857
2025-05-01T14:15:04.650000,-0.011454
2025-05-01T14:15:04.660000,0.010289
2025-05-01T14:15:04.670000,-0.002146
2025-05-01T14:15:04.680000,0.006980
2025-05-01T14:15:04.690000,-0.025505
2025-05-01T14:15:04.700000,0.029177
2025-05-01T14:15:04.710000,-0.005648
2025-05-01T14:15:04.720000,-0.004807
2025-05-01T14:15:04.730000,-0.003187
2025-05-01T14:15:04.740000,-0.009507
2025-05-01T14:15:04.750000,0.015917
2025-05-01T14:15:04.760000,0.002668
2025-05-01T14:15:04.770000,0.015110
2025-05-01T14:15:04.780000,0.005282
2025-05-01T14:15:04.790000,-0.011899
2025-05-01T14:15:04.800000,0.004499
2025-05-01T14:15:04.810000,0.002094
2025-05-01T14:15:04.820000,-0.009319
2025-05-01T14:15:04.830000,-0.000066
2025-05-01T14:15:04.840000,0.005302
2025-05-01T14:15:04.850000,-0.016719
2025-05-01T14:15:04.860000,0.006465
2025-05-01T14:15:04.870000,-0.002364
2025-05-01T14:15:04.880000,0.002769
2025-05-01T14:15:04.890000,0.007536
2025-05-01T14:15:04.900000,-0.003754
2025-05-01T14:15:04.910000,0.009162
2025-05-01T14:15:04.920000,-0.009791
2025-05-01T14:15:04.930000,-0.000321
2025-05-01T14:15:04.940000,0.011347
2025-05-01T14:15:04.950000,0.000060
2025-05-01T14:15:04.960000,-0.004118
2025-05-01T14:15:04.970000,-0.004171
2025-05-01T14:15:04.980000,0.001095
2025-05-01T14:15:04.990000,0.001757
2025-05-01T14:15:05,-0.020642
2025-05-01T14:15:05.010000,0.013227
2025-05-01T14:15:05.020000,-0.002381
2025-05-01T14:15:05.030000,-0.002961
2025-05-01T14:15:05.040000,0.011538
2025-05-01T14:15:05.050000,0.006617
2025-05-01T14:15:05.060000,-0.000108
2025-05-01T14:15:05.070000,0.000320
2025-05-01T14:15:05.080000,-0.000341
2025-05-01T14:15:05.090000,0.001017
2025-05-01T14:15:05.100000,0.003448
2025-05-01T14:15:05.110000,0.006243
2025-05-01T14:15:05.120000,0.016544
2025-05-01T14:15:05.130000,-0.008284
2025-05-01T14:15:05.140000,-0.008315
2025-05-01T14:15:05.150000,0.010013
2025-05-01T14:15:05.160000,-0.006925
2025-05-01T14:15:05.170000,-0.001442
2025-05-01T14:15:05.180000,-0.001003
2025-05-01T14:15:05.190000,-0.002829
2025-05-01T14:15:05.200000,-0.000411
2025-05-01T14:15:05.210000,0.000087
2025-05-01T14:15:05.220000,-0.011194
2025-05-01T14:15:05.230000,0.008091
2025-05-01T14:15:05.240000,0.001325
2025-05-01T14:15:05.250000,-0.003492
2025-05-01T14:15:05.260000,-0.003852
2025-05-01T14:15:05.270000,-0.017065
2025-05-01T14:15:05.280000,-0.006553
2025-05-01T14:15:05.290000,0.000660
2025-05-01T14:15:05.300000,-0.017565
2025-05-01T14:15:05.310000,-0.002384
2025-05-01T14:15:05.320000,0.005289
2025-05-01T14:15:05.330000,0.009909
2025-05-01T14:15:05.340000,0.013486
2025-05-01T14:15:05.350000,0.000813
2025-05-01T14:15:05.360000,-0.007958
2025-05-01T14:15:05.370000,-0.018436
2025-05-01T14:15:05.380000,0.010013
2025-05-01T14:15:05.390000,-0.001021
2025-05-01T14:15:05.400000,0.010706
2025-05-01T14:15:05.410000,-0.014941
2025-05-01T14:15:05.420000,0.008326
2025-05-01T14:15:05.430000,-0.001925
2025-05-01T14:15:05.440000,-0.014616
2025-05-01T14:15:05.450000,-0.003265
2025-05-01T14:15:05.460000,0.002628
2025-05-01T14:15:05.470000,-0.010075
2025-05-01T14:15:05.480000,0.005570
2025-05-01T14:15:05.490000,0.001000
2025-05-01T14:15:05.500000,0.022155
2025-05-01T14:15:05.510000,0.005676
2025-05-01T14:15:05.520000,-0.010932
2025-05-01T14:15:05.530000,-0.020361
2025-05-01T14:15:05.540000,0.003506
2025-05-01T14:15:05.550000,0.002540
2025-05-01T14:15:05.560000,0.003527
2025-05-01T14:15:05.570000,-0.005277
2025-05-01T14:15:05.580000,0.011669
2025-05-01T14:15:05.590000,-0.018524
2025-05-01T14:15:05.600000,0.013389
2025-05-01T14:15:05.610000,-0.009679
2025-05-01T14:15:05.620000,-0.007458
2025-05-01T14:15:05.630000,0.009457
2025-05-01T14:15:05.640000,-0.010813
2025-05-01T14:15:05.650000,-0.004254
2025-05-01T14:15:05.660000,0.003864
2025-05-01T14:15:05.670000,0.005787
2025-05-01T14:15:05.680000,-0.009450
2025-05-01T14:15:05.690000,-0.006530
2025-05-01T14:15:05.700000,0.004594
2025-05-01T14:15:05.710000,-0.005248
2025-05-01T14:15:05.720000,-0.001235
2025-05-01T14:15:05.730000,-0.005776
2025-05-01T14:15:05.740000,-0.008630
2025-05-01T14:15:05.750000,0.007930
2025-05-01T14:15:05.760000,0.002891
2025-05-01T14:15:05.770000,0.006902
2025-05-01T14:15:05.780000,0.002266
2025-05-01T14:15:05.790000,-0.001839
2025-05-01T14:15:05.800000,0.000438
2025-05-01T14:15:05.810000,0.004425
2025-05-01T14:15:05.820000,-0.000957
2025-05-01T14:15:05.830000,-0.017049
2025-05-01T14:15:05.840000,0.003684
2025-05-01T14:15:05.850000,-0.001882
2025-05-01T14:15:05.860000,0.003801
2025-05-01T14:15:05.870000,0.002920
2025-05-01T14:15:05.880000,0.002976
2025-05-01T14:15:05.890000,0.005707
2025-05-01T14:15:05.900000,0.003212
2025-05-01T14:15:05.910000,0.003407
2025-05-01T14:15:05.920000,0.020115
2025-05-01T14:15:05.930000,-0.006745
2025-05-01T14:15:05.940000,-0.007759
2025-05-01T14:15:05.950000,-0.008239
2025-05-01T14:15:05.960000,-0.000272
2025-05-01T14:15:05.970000,-0.012282
2025-05-01T14:15:05.980000,-0.015291
2025-05-01T14:15:05.990000,0.001958
2025-05-01T14:15:06,-0.007994
2025-05-01T14:15:06.010000,-0.002544
2025-05-01T14:15:06.020000,0.000441
2025-05-01T14:15:06.030000,0.002284
2025-05-01T14:15:06.040000,-0.012616
2025-05-01T14:15:06.050000,-0.003107
2025-05-01T14:15:06.060000,0.003906
2025-05-01T14:15:06.070000,-0.005154
2025-05-01T14:15:06.080000,0.005264
2025-05-01T14:15:06.090000,0.008209
2025-05-01T14:15:06.100000,-0.004326
2025-05-01T14:15:06.110000,0.000144
2025-05-01T14:15:06.120000,-0.004287
2025-05-01T14:15:06.130000,-0.004415
2025-05-01T14:15:06.140000,0.011536
2025-05-01T14:15:06.150000,-0.006238
2025-05-01T14:15:06.160000,0.000850
2025-05-01T14:15:06.170000,-0.003611
2025-05-01T14:15:06.180000,-0.000582
2025-05-01T14:15:06.190000,0.013355
2025-05-01T14:15:06.200000,0.004819
2025-05-01T14:15:06.210000,0.008179
2025-05-01T14:15:06.220000,-0.000076
2025-05-01T14:15:06.230000,0.010217
2025-05-01T14:15:06.240000,-0.011419
2025-05-01T14:15:06.250000,-0.010723
2025-05-01T14:15:06.260000,0.006757
2025-05-01T14:15:06.270000,0.001748
2025-05-01T14:15:06.280000,-0.000874
2025-05-01T14:15:06.290000,-0.004797
2025-05-01T14:15:06.300000,0.008870
2025-05-01T14:15:06.310000,0.000460
2025-05-01T14:15:06.320000,-0.007270
2025-05-01T14:15:06.330000,-0.005757
2025-05-01T14:15:06.340000,-0.011919
2025-05-01T14:15:06.350000,0.009348
2025-05-01T14:15:06.360000,0.013033
2025-05-01T14:15:06.370000,0.020178
2025-05-01T14:15:06.380000,-0.008594
2025-05-01T14:15:06.390000,0.012593
2025-05-01T14:15:06.400000,-0.009006
2025-05-01T14:15:06.410000,-0.000408
2025-05-01T14:15:06.420000,0.001699
2025-05-01T14:15:06.430000,0.014631
2025-05-01T14:15:06.440000,-0.014160
2025-05-01T14:15:06.450000,0.001760
2025-05-01T14:15:06.460000,0.003399
2025-05-01T14:15:06.470000,-0.006660
2025-05-01T14:15:06.480000,0.009870
2025-05-01T14:15:06.490000,0.006399
2025-05-01T14:15:06.500000,-0.013937
2025-05-01T14:15:06.510000,0.014354
2025-05-01T14:15:06.520000,0.017773
2025-05-01T14:15:06.530000,0.008236
2025-05-01T14:15:06.540000,0.014302
2025-05-01T14:15:06.550000,0.006604
2025-05-01T14:15:06.560000,-0.009863
2025-05-01T14:15:06.570000,-0.006474
2025-05-01T14:15:06.580000,-0.012480
2025-05-01T14:15:06.590000,0.002825
2025-05-01T14:15:06.600000,0.000205
2025-05-01T14:15:06.610000,0.001360
2025-05-01T14:15:06.620000,-0.004811
2025-05-01T14:15:06.630000,-0.011770
2025-05-01T14:15:06.640000,0.003725
2025-05-01T14:15:06.650000,-0.000193
2025-05-01T14:15:06.660000,0.026170
2025-05-01T14:15:06.670000,0.016443
2025-05-01T14:15:06.680000,0.012370
2025-05-01T14:15:06.690000,0.001380
2025-05-01T14:15:06.700000,-0.009071
2025-05-01T14:15:06.710000,0.006925
2025-05-01T14:15:06.720000,-0.013374
2025-05-01T14:15:06.730000,0.011887
2025-05-01T14:15:06.740000,0.002733
2025-05-01T14:15:06.750000,0.007115
2025-05-01T14:15:06.760000,0.002788
2025-05-01T14:15:06.770000,-0.005121
2025-05-01T14:15:06.780000,-0.002851
2025-05-01T14:15:06.790000,-0.006187
2025-05-01T14:15:06.800000,-0.002052
2025-05-01T14:15:06.810000,0.006575
2025-05-01T14:15:06.820000,-0.010543
2025-05-01T14:15:06.830000,-0.001248
2025-05-01T14:15:06.840000,-0.011124
2025-05-01T14:15:06.850000,-0.010511
2025-05-01T14:15:06.860000,-0.004928
2025-05-01T14:15:06.870000,-0.010363
2025-05-01T14:15:06.880000,0.012646
2025-05-01T14:15:06.890000,-0.002416
2025-05-01T14:15:06.900000,-0.005573
2025-05-01T14:15:06.910000,0.011688
2025-05-01T14:15:06.920000,0.001364
2025-05-01T14:15:06.930000,0.020294
2025-05-01T14:15:06.940000,-0.002266
2025-05-01T14:15:06.950000,0.028234
2025-05-01T14:15:06.960000,0.019306
2025-05-01T14:15:06.970000,0.000646
2025-05-01T14:15:06.980000,0.016358
2025-05-01T14:15:06.990000,-0.005540
2025-05-01T14:15:07,-0.020126
2025-05-01T14:15:07.010000,-0.002861
2025-05-01T14:15:07.020000,-0.008715
2025-05-01T14:15:07.030000,-0.016512
2025-05-01T14:15:07.040000,-0.011290
2025-05-01T14:15:07.050000,0.001289
2025-05-01T14:15:07.060000,0.009219
2025-05-01T14:15:07.070000,-0.001807
2025-05-01T14:15:07.080000,-0.010015
2025-05-01T14:15:07.090000,-0.006436
2025-05-01T14:15:07.100000,-0.008284
2025-05-01T14:15:07.110000,-0.000082
2025-05-01T14:15:07.120000,0.009232
2025-05-01T14:15:07.130000,0.012851
2025-05-01T14:15:07.140000,0.004741
2025-05-01T14:15:07.150000,0.003498
2025-05-01T14:15:07.160000,-0.012815
2025-05-01T14:15:07.170000,-0.009318
2025-05-01T14:15:07.180000,0.000563
2025-05-01T14:15:07.190000,0.015542
2025-05-01T14:15:07.200000,-0.004610
2025-05-01T14:15:07.210000,0.009505
2025-05-01T14:15:07.220000,0.002154
2025-05-01T14:15:07.230000,-0.002959
2025-05-01T14:15:07.240000,0.012818
2025-05-01T14:15:07.250000,0.003659
2025-05-01T14:15:07.260000,0.003875
2025-05-01T14:15:07.270000,0.005188
2025-05-01T14:15:07.280000,-0.003125
2025-05-01T14:15:07.290000,0.004282
2025-05-01T14:15:07.300000,-0.013197
2025-05-01T14:15:07.310000,0.004823
2025-05-01T14:15:07.320000,0.002271
2025-05-01T14:15:07.330000,0.013307
2025-05-01T14:15:07.340000,0.019085
2025-05-01T14:15:07.350000,0.010543
2025-05-01T14:15:07.360000,-0.001297
2025-05-01T14:15:07.370000,0.016072
2025-05-01T14:15:07.380000,-0.003502
2025-05-01T14:15:07.390000,0.020069
2025-05-01T14:15:07.400000,-0.004969
2025-05-01T14:15:07.410000,0.005102
2025-05-01T14:15:07.420000,0.002062
2025-05-01T14:15:07.430000,0.005920
2025-05-01T14:15:07.440000,-0.003315
2025-05-01T14:15:07.450000,0.007047
2025-05-01T14:15:07.460000,0.011297
2025-05-01T14:15:07.470000,0.001341
2025-05-01T14:15:07.480000,0.001904
2025-05-01T14:15:07.490000,-0.000385
2025-05-01T14:15:07.500000,0.000071
2025-05-01T14:15:07.510000,0.007898
2025-05-01T14:15:07.520000,0.010184
2025-05-01T14:15:07.530000,0.007125
2025-05-01T14:15:07.540000,-0.013845
2025-05-01T14:15:07.550000,-0.022726
2025-05-01T14:15:07.560000,-0.011216
2025-05-01T14:15:07.570000,-0.014277
2025-05-01T14:15:07.580000,0.005069
2025-05-01T14:15:07.590000,0.009539
2025-05-01T14:15:07.600000,-0.004111
2025-05-01T14:15:07.610000,-0.005813
2025-05-01T14:15:07.620000,-0.004516
2025-05-01T14:15:07.630000,-0.013550
2025-05-01T14:15:07.640000,0.002028
2025-05-01T14:15:07.650000,-0.003371
2025-05-01T14:15:07.660000,0.003835
2025-05-01T14:15:07.670000,-0.015039
2025-05-01T14:15:07.680000,-0.012961
2025-05-01T14:15:07.690000,0.007586
2025-05-01T14:15:07.700000,0.008868
2025-05-01T14:15:07.710000,-0.010789
2025-05-01T14:15:07.720000,0.019282
2025-05-01T14:15:07.730000,-0.000273
2025-05-01T14:15:07.740000,-0.006343
2025-05-01T14:15:07.750000,0.012924
2025-05-01T14:15:07.760000,-0.007166
2025-05-01T14:15:07.770000,-0.006535
2025-05-01T14:15:07.780000,0.006726
2025-05-01T14:15:07.790000,-0.007154
2025-05-01T14:15:07.800000,-0.019334
2025-05-01T14:15:07.810000,0.003946
2025-05-01T14:15:07.820000,-0.003027
2025-05-01T14:15:07.830000,0.023162
2025-05-01T14:15:07.840000,-0.000779
2025-05-01T14:15:07.850000,0.013651
2025-05-01T14:15:07.860000,-0.004504
2025-05-01T14:15:07.870000,-0.002756
2025-05-01T14:15:07.880000,0.003505
2025-05-01T14:15:07.890000,0.018489
2025-05-01T14:15:07.900000,0.002737
2025-05-01T14:15:07.910000,-0.004635
2025-05-01T14:15:07.920000,0.004370
2025-05-01T14:15:07.930000,-0.004419
2025-05-01T14:15:07.940000,0.017852
2025-05-01T14:15:07.950000,0.006612
2025-05-01T14:15:07.960000,0.009318
2025-05-01T14:15:07.970000,0.007723
2025-05-01T14:15:07.980000,-0.005267
2025-05-01T14:15:07.990000,0.006209
2025-05-01T14:15:08,0.002705
2025-05-01T14:15:08.010000,0.005714
2025-05-01T14:15:08.020000,-0.006938
2025-05-01T14:15:08.030000,-0.004822
2025-05-01T14:15:08.040000,-0.012274
2025-05-01T14:15:08.050000,-0.009859
2025-05-01T14:15:08.060000,-0.000058
2025-05-01T14:15:08.070000,0.008770
2025-05-01T14:15:08.080000,-0.005077
2025-05-01T14:15:08.090000,0.000847
2025-05-01T14:15:08.100000,0.009291
2025-05-01T14:15:08.110000,-0.000686
2025-05-01T14:15:08.120000,0.000709
2025-05-01T14:15:08.130000,-0.011186
2025-05-01T14:15:08.140000,-0.015298
2025-05-01T14:15:08.150000,-0.008681
2025-05-01T14:15:08.160000,-0.002723
2025-05-01T14:15:08.170000,-0.012064
2025-05-01T14:15:08.180000,0.011795
2025-05-01T14:15:08.190000,0.010845
2025-05-01T14:15:08.200000,-0.007138
2025-05-01T14:15:08.210000,0.015636
2025-05-01T14:15:08.220000,0.004811
2025-05-01T14:15:08.230000,-0.008510
2025-05-01T14:15:08.240000,0.000355
2025-05-01T14:15:08.250000,0.000764
2025-05-01T14:15:08.260000,-0.004869
2025-05-01T14:15:08.270000,-0.001173
2025-05-01T14:15:08.280000,0.001338
2025-05-01T14:15:08.290000,0.004267
2025-05-01T14:15:08.300000,0.013149
2025-05-01T14:15:08.310000,0.005645
2025-05-01T14:15:08.320000,0.009005
2025-05-01T14:15:08.330000,-0.013968
2025-05-01T14:15:08.340000,0.007496
2025-05-01T14:15:08.350000,0.003708
2025-05-01T14:15:08.360000,-0.013683
2025-05-01T14:15:08.370000,-0.004075
2025-05-01T14:15:08.380000,-0.018107
2025-05-01T14:15:08.390000,-0.003829
2025-05-01T14:15:08.400000,0.009059
2025-05-01T14:15:08.410000,0.005386
2025-05-01T14:15:08.420000,0.006854
2025-05-01T14:15:08.430000,0.006565
2025-05-01T14:15:08.440000,0.001340
2025-05-01T14:15:08.450000,0.010899
2025-05-01T14:15:08.460000,-0.007971
2025-05-01T14:15:08.470000,0.003963
2025-05-01T14:15:08.480000,0.006856
2025-05-01T14:15:08.490000,0.015933
2025-05-01T14:15:08.500000,0.000068
2025-05-01T14:15:08.510000,-0.014961
2025-05-01T14:15:08.520000,0.001321
2025-05-01T14:15:08.530000,0.005600
2025-05-01T14:15:08.540000,0.018303
2025-05-01T14:15:08.550000,-0.013928
2025-05-01T14:15:08.560000,0.000648
2025-05-01T14:15:08.570000,-0.006702
2025-05-01T14:15:08.580000,0.000025
2025-05-01T14:15:08.590000,0.008851
2025-05-01T14:15:08.600000,-0.006466
2025-05-01T14:15:08.610000,0.015752
2025-05-01T14:15:08.620000,-0.007359
2025-05-01T14:15:08.630000,-0.001710
2025-05-01T14:15:08.640000,0.010409
2025-05-01T14:15:08.650000,-0.007081
2025-05-01T14:15:08.660000,0.004634
2025-05-01T14:15:08.670000,-0.000805
2025-05-01T14:15:08.680000,0.000048
2025-05-01T14:15:08.690000,-0.014734
2025-05-01T14:15:08.700000,-0.006062
2025-05-01T14:15:08.710000,-0.004377
2025-05-01T14:15:08.720000,0.004835
2025-05-01T14:15:08.730000,-0.019485
2025-05-01T14:15:08.740000,-0.006465
2025-05-01T14:15:08.750000,-0.003071
2025-05-01T14:15:08.760000,0.003595
2025-05-01T14:15:08.770000,0.003909
2025-05-01T14:15:08.780000,-0.001561
2025-05-01T14:15:08.790000,-0.020255
2025-05-01T14:15:08.800000,0.003762
2025-05-01T14:15:08.810000,0.017056
2025-05-01T14:15:08.820000,-0.004842
2025-05-01T14:15:08.830000,0.000812
2025-05-01T14:15:08.840000,-0.001375
2025-05-01T14:15:08.850000,0.001549
2025-05-01T14:15:08.860000,0.004658
2025-05-01T14:15:08.870000,-0.008041
2025-05-01T14:15:08.880000,-0.006054
2025-05-01T14:15:08.890000,-0.002983
2025-05-01T14:15:08.900000,-0.004811
2025-05-01T14:15:08.910000,0.005404
2025-05-01T14:15:08.920000,0.006022
2025-05-01T14:15:08.930000,-0.008191
2025-05-01T14:15:08.940000,0.000582
2025-05-01T14:15:08.950000,-0.002743
2025-05-01T14:15:08.960000,0.005924
2025-05-01T14:15:08.970000,0.001333
2025-05-01T14:15:08.980000,0.002412
2025-05-01T14:15:08.990000,0.004942
2025-05-01T14:15:09,0.016494
2025-05-01T14:15:09.010000,0.006477
2025-05-01T14:15:09.020000,-0.010737
2025-05-01T14:15:09.030000,0.000955
2025-05-01T14:15:09.040000,0.017377
2025-05-01T14:15:09.050000,0.012602
2025-05-01T14:15:09.060000,-0.008092
2025-05-01T14:15:09.070000,-0.004624
2025-05-01T14:15:09.080000,-0.002396
2025-05-01T14:15:09.090000,0.021103
2025-05-01T14:15:09.100000,0.007542
2025-05-01T14:15:09.110000,-0.003069
2025-05-01T14:15:09.120000,-0.008146
2025-05-01T14:15:09.130000,-0.011832
2025-05-01T14:15:09.140000,-0.003894
2025-05-01T14:15:09.150000,0.003551
2025-05-01T14:15:09.160000,0.004657
2025-05-01T14:15:09.170000,-0.009657
2025-05-01T14:15:09.180000,-0.017293
2025-05-01T14:15:09.190000,-0.007379
2025-05-01T14:15:09.200000,0.008099
2025-05-01T14:15:09.210000,-0.012141
2025-05-01T14:15:09.220000,0.010094
2025-05-01T14:15:09.230000,-0.010224
2025-05-01T14:15:09.240000,0.006150
2025-05-01T14:15:09.250000,-0.017556
2025-05-01T14:15:09.260000,0.004557
2025-05-01T14:15:09.270000,0.004545
2025-05-01T14:15:09.280000,-0.012908
2025-05-01T14:15:09.290000,0.010491
2025-05-01T14:15:09.300000,0.011996
2025-05-01T14:15:09.310000,0.012019
2025-05-01T14:15:09.320000,-0.012036
2025-05-01T14:15:09.330000,-0.008978
2025-05-01T14:15:09.340000,-0.001475
2025-05-01T14:15:09.350000,0.007319
2025-05-01T14:15:09.360000,0.000612
2025-05-01T14:15:09.370000,-0.020697
2025-05-01T14:15:09.380000,-0.006282
2025-05-01T14:15:09.390000,0.000389
2025-05-01T14:15:09.400000,-0.000917
2025-05-01T14:15:09.410000,-0.019448
2025-05-01T14:15:09.420000,0.000253
2025-05-01T14:15:09.430000,-0.009443
2025-05-01T14:15:09.440000,0.015642
2025-05-01T14:15:09.450000,-0.001828
2025-05-01T14:15:09.460000,0.000426
2025-05-01T14:15:09.470000,-0.018647
2025-05-01T14:15:09.480000,0.007882
2025-05-01T14:15:09.490000,-0.021090
2025-05-01T14:15:09.500000,0.010280
2025-05-01T14:15:09.510000,0.016812
2025-05-01T14:15:09.520000,0.001950
2025-05-01T14:15:09.530000,-0.009276
2025-05-01T14:15:09.540000,-0.006513
2025-05-01T14:15:09.550000,-0.009429
2025-05-01T14:15:09.560000,-0.010581
2025-05-01T14:15:09.570000,0.009382
2025-05-01T14:15:09.580000,-0.000508
2025-05-01T14:15:09.590000,-0.002759
2025-05-01T14:15:09.600000,0.012793
2025-05-01T14:15:09.610000,-0.000926
2025-05-01T14:15:09.620000,0.007911
2025-05-01T14:15:09.630000,-0.004649
2025-05-01T14:15:09.640000,-0.005988
2025-05-01T14:15:09.650000,-0.011020
2025-05-01T14:15:09.660000,-0.013952
2025-05-01T14:15:09.670000,-0.011833
2025-05-01T14:15:09.680000,-0.007433
2025-05-01T14:15:09.690000,0.004640
2025-05-01T14:15:09.700000,0.010450
2025-05-01T14:15:09.710000,-0.010739
2025-05-01T14:15:09.720000,0.006715
2025-05-01T14:15:09.730000,-0.013997
2025-05-01T14:15:09.740000,0.000010
2025-05-01T14:15:09.750000,0.002071
2025-05-01T14:15:09.760000,-0.015461
2025-05-01T14:15:09.770000,0.001270
2025-05-01T14:15:09.780000,0.002040
2025-05-01T14:15:09.790000,0.008721
2025-05-01T14:15:09.800000,-0.003666
2025-05-01T14:15:09.810000,0.001736
2025-05-01T14:15:09.820000,0.007885
2025-05-01T14:15:09.830000,0.009895
2025-05-01T14:15:09.840000,0.007558
2025-05-01T14:15:09.850000,0.003955
2025-05-01T14:15:09.860000,0.006064
2025-05-01T14:15:09.870000,-0.013788
2025-05-01T14:15:09.880000,0.006257
2025-05-01T14:15:09.890000,-0.004181
2025-05-01T14:15:09.900000,-0.004421
2025-05-01T14:15:09.910000,-0.011010
2025-05-01T14:15:09.920000,-0.004214
2025-05-01T14:15:09.930000,0.013494
2025-05-01T14:15:09.940000,0.005569
2025-05-01T14:15:09.950000,-0.017229
2025-05-01T14:15:09.960000,0.001193
2025-05-01T14:15:09.970000,-0.007415
2025-05-01T14:15:09.980000,-0.007028
2025-05-01T14:15:09.990000,-0.001480
2025-05-01T14:15:10,0.012287
2025-05-01T14:15:10.010000,0.012679
2025-05-01T14:15:10.020000,0.002718
2025-05-01T14:15:10.030000,-0.013361
2025-05-01T14:15:10.040000,0.003071
2025-05-01T14:15:10.050000,-0.004344
2025-05-01T14:15:10.060000,-0.008608
2025-05-01T14:15:10.070000,0.021458
2025-05-01T14:15:10.080000,0.001926
2025-05-01T14:15:10.090000,-0.004587
2025-05-01T14:15:10.100000,-0.000059
2025-05-01T14:15:10.110000,0.006981
2025-05-01T14:15:10.120000,0.001284
2025-05-01T14:15:10.130000,0.000848
2025-05-01T14:15:10.140000,0.009454
2025-05-01T14:15:10.150000,0.000344
2025-05-01T14:15:10.160000,0.004927
2025-05-01T14:15:10.170000,0.001490
2025-05-01T14:15:10.180000,0.002336
2025-05-01T14:15:10.190000,0.009251
2025-05-01T14:15:10.200000,0.001630
2025-05-01T14:15:10.210000,-0.002754
2025-05-01T14:15:10.220000,-0.000888
2025-05-01T14:15:10.230000,-0.001342
2025-05-01T14:15:10.240000,-0.006886
2025-05-01T14:15:10.250000,-0.012022
2025-05-01T14:15:10.260000,0.005847
2025-05-01T14:15:10.270000,0.013990
2025-05-01T14:15:10.280000,-0.008861
2025-05-01T14:15:10.290000,0.016716
2025-05-01T14:15:10.300000,-0.014772
2025-05-01T14:15:10.310000,-0.001346
2025-05-01T14:15:10.320000,0.004961
2025-05-01T14:15:10.330000,-0.004616
2025-05-01T14:15:10.340000,-0.004368
2025-05-01T14:15:10.350000,0.001883
2025-05-01T14:15:10.360000,0.002198
2025-05-01T14:15:10.370000,0.003402
2025-05-01T14:15:10.380000,-0.005738
2025-05-01T14:15:10.390000,-0.005908
2025-05-01T14:15:10.400000,-0.006569
2025-05-01T14:15:10.410000,0.004240
2025-05-01T14:15:10.420000,-0.008495
2025-05-01T14:15:10.430000,-0.004847
2025-05-01T14:15:10.440000,-0.007862
2025-05-01T14:15:10.450000,0.001521
2025-05-01T14:15:10.460000,0.003781
2025-05-01T14:15:10.470000,-0.005445
2025-05-01T14:15:10.480000,0.005787
2025-05-01T14:15:10.490000,-0.002670
2025-05-01T14:15:10.500000,-0.013577
2025-05-01T14:15:10.510000,-0.004708
2025-05-01T14:15:10.520000,0.004803
2025-05-01T14:15:10.530000,0.002232
2025-05-01T14:15:10.540000,0.011154
2025-05-01T14:15:10.550000,-0.009154
2025-05-01T14:15:10.560000,0.007019
2025-05-01T14:15:10.570000,-0.010321
2025-05-01T14:15:10.580000,-0.004015
2025-05-01T14:15:10.590000,0.003841
2025-05-01T14:15:10.600000,-0.009323
2025-05-01T14:15:10.610000,-0.003868
2025-05-01T14:15:10.620000,-0.001086
2025-05-01T14:15:10.630000,0.004856
2025-05-01T14:15:10.640000,-0.000215
2025-05-01T14:15:10.650000,-0.005683
2025-05-01T14:15:10.660000,0.014864
2025-05-01T14:15:10.670000,-0.009543
2025-05-01T14:15:10.680000,0.001811
2025-05-01T14:15:10.690000,-0.010251
2025-05-01T14:15:10.700000,0.002255
2025-05-01T14:15:10.710000,0.008045
2025-05-01T14:15:10.720000,-0.004031
2025-05-01T14:15:10.730000,0.008764
2025-05-01T14:15:10.740000,-0.003351
2025-05-01T14:15:10.750000,0.016035
2025-05-01T14:15:10.760000,0.005959
2025-05-01T14:15:10.770000,-0.005430
2025-05-01T14:15:10.780000,0.003508
2025-05-01T14:15:10.790000,-0.019879
2025-05-01T14:15:10.800000,-0.008176
2025-05-01T14:15:10.810000,-0.004652
2025-05-01T14:15:10.820000,0.002509
2025-05-01T14:15:10.830000,-0.014987
2025-05-01T14:15:10.840000,-0.001236
2025-05-01T14:15:10.850000,0.005407
2025-05-01T14:15:10.860000,-0.005692
2025-05-01T14:15:10.870000,-0.005547
2025-05-01T14:15:10.880000,-0.000884
2025-05-01T14:15:10.890000,-0.004672
2025-05-01T14:15:10.900000,-0.020835
2025-05-01T14:15:10.910000,-0.010448
2025-05-01T14:15:10.920000,-0.001737
2025-05-01T14:15:10.930000,-0.005506
2025-05-01T14:15:10.940000,0.006428
2025-05-01T14:15:10.950000,0.003140
2025-05-01T14:15:10.960000,0.005847
2025-05-01T14:15:10.970000,0.004906
2025-05-01T14:15:10.980000,-0.001213
2025-05-01T14:15:10.990000,-0.005396
2025-05-01T14:15:11,-0.004559
2025-05-01T14:15:11.010000,0.006719
2025-05-01T14:15:11.020000,0.004788
2025-05-01T14:15:11.030000,-0.008183
2025-05-01T14:15:11.040000,-0.003637
2025-05-01T14:15:11.050000,-0.005772
2025-05-01T14:15:11.060000,0.010033
2025-05-01T14:15:11.070000,0.016507
2025-05-01T14:15:11.080000,-0.005872
2025-05-01T14:15:11.090000,-0.018240
2025-05-01T14:15:11.100000,0.007226
2025-05-01T14:15:11.110000,-0.005408
2025-05-01T14:15:11.120000,-0.003789
2025-05-01T14:15:11.130000,0.004045
2025-05-01T14:15:11.140000,-0.003098
2025-05-01T14:15:11.150000,0.001145
2025-05-01T14:15:11.160000,-0.001173
2025-05-01T14:15:11.170000,-0.012107
2025-05-01T14:15:11.180000,-0.014007
2025-05-01T14:15:11.190000,-0.010016
2025-05-01T14:15:11.200000,-0.005272
2025-05-01T14:15:11.210000,0.002894
2025-05-01T14:15:11.220000,0.005517
2025-05-01T14:15:11.230000,-0.013416
2025-05-01T14:15:11.240000,-0.004378
2025-05-01T14:15:11.250000,-0.000786
2025-05-01T14:15:11.260000,-0.004723
2025-05-01T14:15:11.270000,0.005195
2025-05-01T14:15:11.280000,0.011340
2025-05-01T14:15:11.290000,-0.004085
2025-05-01T14:15:11.300000,-0.004503
2025-05-01T14:15:11.310000,0.004139
2025-05-01T14:15:11.320000,0.002179
2025-05-01T14:15:11.330000,0.014554
2025-05-01T14:15:11.340000,-0.005563
2025-05-01T14:15:11.350000,-0.003662
2025-05-01T14:15:11.360000,0.002782
2025-05-01T14:15:11.370000,0.005839
2025-05-01T14:15:11.380000,0.003593
2025-05-01T14:15:11.390000,0.001474
2025-05-01T14:15:11.400000,0.003318
2025-05-01T14:15:11.410000,-0.023084
2025-05-01T14:15:11.420000,-0.005911
2025-05-01T14:15:11.430000,0.008435
2025-05-01T14:15:11.440000,-0.013305
2025-05-01T14:15:11.450000,0.004476
2025-05-01T14:15:11.460000,-0.000631
2025-05-01T14:15:11.470000,0.002193
2025-05-01T14:15:11.480000,-0.006595
2025-05-01T14:15:11.490000,0.009196
2025-05-01T14:15:11.500000,0.000395
2025-05-01T14:15:11.510000,-0.009607
2025-05-01T14:15:11.520000,0.004653
2025-05-01T14:15:11.530000,-0.012508
2025-05-01T14:15:11.540000,-0.006309
2025-05-01T14:15:11.550000,-0.005116
2025-05-01T14:15:11.560000,-0.003858
2025-05-01T14:15:11.570000,-0.008845
2025-05-01T14:15:11.580000,-0.011824
2025-05-01T14:15:11.590000,-0.005800
2025-05-01T14:15:11.600000,0.008051
2025-05-01T14:15:11.610000,0.000301
2025-05-01T14:15:11.620000,-0.014036
2025-05-01T14:15:11.630000,-0.013521
2025-05-01T14:15:11.640000,-0.013907
2025-05-01T14:15:11.650000,0.015796
2025-05-01T14:15:11.660000,0.005129
2025-05-01T14:15:11.670000,-0.013701
2025-05-01T14:15:11.680000,0.006633
2025-05-01T14:15:11.690000,-0.018607
2025-05-01T14:15:11.700000,-0.004865
2025-05-01T14:15:11.710000,-0.004782
2025-05-01T14:15:11.720000,-0.017170
2025-05-01T14:15:11.730000,-0.007024
2025-05-01T14:15:11.740000,0.004449
2025-05-01T14:15:11.750000,-0.007114
2025-05-01T14:15:11.760000,0.010228
2025-05-01T14:15:11.770000,-0.002167
2025-05-01T14:15:11.780000,0.005325
2025-05-01T14:15:11.790000,0.009140
2025-05-01T14:15:11.800000,0.010072
2025-05-01T14:15:11.810000,0.010617
2025-05-01T14:15:11.820000,0.008286
2025-05-01T14:15:11.830000,0.004347
2025-05-01T14:15:11.840000,0.007059
2025-05-01T14:15:11.850000,0.011381
2025-05-01T14:15:11.860000,0.000670
2025-05-01T14:15:11.870000,0.010474
2025-05-01T14:15:11.880000,0.017290
2025-05-01T14:15:11.890000,0.003120
2025-05-01T14:15:11.900000,0.005831
2025-05-01T14:15:11.910000,0.006672
2025-05-01T14:15:11.920000,0.002453
2025-05-01T14:15:11.930000,0.009337
2025-05-01T14:15:11.940000,0.005969
2025-05-01T14:15:11.950000,-0.004315
2025-05-01T14:15:11.960000,0.001251
2025-05-01T14:15:11.970000,0.002188
2025-05-01T14:15:11.980000,-0.006561
2025-05-01T14:15:11.990000,-0.004332
2025-05-01T14:15:12,-0.001865
2025-05-01T14:15:12.010000,-0.007686
2025-05-01T14:15:12.020000,0.003732
2025-05-01T14:15:12.030000,0.000624
2025-05-01T14:15:12.040000,0.007815
2025-05-01T14:15:12.050000,-0.007746
2025-05-01T14:15:12.060000,-0.010913
2025-05-01T14:15:12.070000,-0.006243
2025-05-01T14:15:12.080000,0.003322
2025-05-01T14:15:12.090000,-0.009709
2025-05-01T14:15:12.100000,0.003694
2025-05-01T14:15:12.110000,-0.009796
2025-05-01T14:15:12.120000,-0.000903
2025-05-01T14:15:12.130000,-0.011187
2025-05-01T14:15:12.140000,0.001387
2025-05-01T14:15:12.150000,-0.003810
2025-05-01T14:15:12.160000,-0.015610
2025-05-01T14:15:12.170000,-0.003243
2025-05-01T14:15:12.180000,0.017308
2025-05-01T14:15:12.190000,0.008851
2025-05-01T14:15:12.200000,-0.011306
2025-05-01T14:15:12.210000,-0.004489
2025-05-01T14:15:12.220000,-0.015352
2025-05-01T14:15:12.230000,-0.009615
2025-05-01T14:15:12.240000,-0.012280
2025-05-01T14:15:12.250000,0.005913
2025-05-01T14:15:12.260000,0.006451
2025-05-01T14:15:12.270000,-0.008115
2025-05-01T14:15:12.280000,-0.008998
2025-05-01T14:15:12.290000,-0.005898
2025-05-01T14:15:12.300000,0.001737
2025-05-01T14:15:12.310000,0.014909
2025-05-01T14:15:12.320000,0.001139
2025-05-01T14:15:12.330000,0.008384
2025-05-01T14:15:12.340000,0.002115
2025-05-01T14:15:12.350000,0.013578
2025-05-01T14:15:12.360000,0.009348
2025-05-01T14:15:12.370000,0.028933
2025-05-01T14:15:12.380000,-0.015687
2025-05-01T14:15:12.390000,-0.000127
2025-05-01T14:15:12.400000,0.005554
2025-05-01T14:15:12.410000,-0.005045
2025-05-01T14:15:12.420000,0.002566
2025-05-01T14:15:12.430000,0.015756
2025-05-01T14:15:12.440000,-0.006483
2025-05-01T14:15:12.450000,0.002363
2025-05-01T14:15:12.460000,-0.008402
2025-05-01T14:15:12.470000,-0.012692
2025-05-01T14:15:12.480000,0.009275
2025-05-01T14:15:12.490000,0.001404
2025-05-01T14:15:12.500000,0.011198
2025-05-01T14:15:12.510000,0.003438
2025-05-01T14:15:12.520000,0.001115
2025-05-01T14:15:12.530000,0.006173
2025-05-01T14:15:12.540000,-0.003993
2025-05-01T14:15:12.550000,0.007221
2025-05-01T14:15:12.560000,-0.006757
2025-05-01T14:15:12.570000,-0.004042
2025-05-01T14:15:12.580000,0.021640
2025-05-01T14:15:12.590000,0.002951
2025-05-01T14:15:12.600000,-0.000124
2025-05-01T14:15:12.610000,-0.019373
2025-05-01T14:15:12.620000,-0.003418
2025-05-01T14:15:12.630000,-0.006644
2025-05-01T14:15:12.640000,0.009032
2025-05-01T14:15:12.650000,-0.012050
2025-05-01T14:15:12.660000,0.001430
2025-05-01T14:15:12.670000,0.000944
2025-05-01T14:15:12.680000,0.008350
2025-05-01T14:15:12.690000,-0.007888
2025-05-01T14:15:12.700000,0.006664
2025-05-01T14:15:12.710000,-0.013563
2025-05-01T14:15:12.720000,-0.004658
2025-05-01T14:15:12.730000,0.001085
2025-05-01T14:15:12.740000,0.020803
2025-05-01T14:15:12.750000,-0.007978
2025-05-01T14:15:12.760000,-0.002392
2025-05-01T14:15:12.770000,0.002044
2025-05-01T14:15:12.780000,-0.007491
2025-05-01T14:15:12.790000,-0.011537
2025-05-01T14:15:12.800000,0.011918
2025-05-01T14:15:12.810000,0.017045
2025-05-01T14:15:12.820000,-0.015459
2025-05-01T14:15:12.830000,-0.005702
2025-05-01T14:15:12.840000,-0.019183
2025-05-01T14:15:12.850000,-0.007586
2025-05-01T14:15:12.860000,0.013996
2025-05-01T14:15:12.870000,-0.011908
2025-05-01T14:15:12.880000,0.012872
2025-05-01T14:15:12.890000,-0.018248
2025-05-01T14:15:12.900000,0.002520
2025-05-01T14:15:12.910000,0.005599
2025-05-01T14:15:12.920000,0.001394
2025-05-01T14:15:12.930000,-0.006872
2025-05-01T14:15:12.940000,0.001835
2025-05-01T14:15:12.950000,-0.003388
2025-05-01T14:15:12.960000,-0.010368
2025-05-01T14:15:12.970000,-0.015735
2025-05-01T14:15:12.980000,-0.008151
2025-05-01T14:15:12.990000,-0.000504
2025-05-01T14:15:13,0.008218
2025-05-01T14:15:13.010000,0.006260
2025-05-01T14:15:13.020000,0.005304
2025-05-01T14:15:13.030000,-0.001499
2025-05-01T14:15:13.040000,0.000725
2025-05-01T14:15:13.050000,0.000236
2025-05-01T14:15:13.060000,-0.003287
2025-05-01T14:15:13.070000,-0.003561
2025-05-01T14:15:13.080000,0.000750
2025-05-01T14:15:13.090000,0.006749
2025-05-01T14:15:13.100000,-0.000108
2025-05-01T14:15:13.110000,-0.004788
2025-05-01T14:15:13.120000,0.013206
2025-05-01T14:15:13.130000,0.008203
2025-05-01T14:15:13.140000,-0.007069
2025-05-01T14:15:13.150000,0.003134
2025-05-01T14:15:13.160000,0.000663
2025-05-01T14:15:13.170000,-0.008377
2025-05-01T14:15:13.180000,-0.014734
2025-05-01T14:15:13.190000,0.002665
2025-05-01T14:15:13.200000,0.010837
2025-05-01T14:15:13.210000,0.007585
2025-05-01T14:15:13.220000,0.003545
2025-05-01T14:15:13.230000,0.005153
2025-05-01T14:15:13.240000,0.010553
2025-05-01T14:15:13.250000,-0.002562
2025-05-01T14:15:13.260000,-0.001180
2025-05-01T14:15:13.270000,-0.000552
2025-05-01T14:15:13.280000,-0.003058
2025-05-01T14:15:13.290000,-0.003539
2025-05-01T14:15:13.300000,-0.007037
2025-05-01T14:15:13.310000,0.004092
2025-05-01T14:15:13.320000,0.004672
2025-05-01T14:15:13.330000,0.004910
2025-05-01T14:15:13.340000,-0.013566
2025-05-01T14:15:13.350000,-0.004289
2025-05-01T14:15:13.360000,0.000584
2025-05-01T14:15:13.370000,-0.008004
2025-05-01T14:15:13.380000,0.008837
2025-05-01T14:15:13.390000,-0.010057
2025-05-01T14:15:13.400000,0.007331
2025-05-01T14:15:13.410000,-0.001083
2025-05-01T14:15:13.420000,-0.001764
2025-05-01T14:15:13.430000,-0.004123
2025-05-01T14:15:13.440000,-0.007852
2025-05-01T14:15:13.450000,-0.000605
2025-05-01T14:15:13.460000,-0.002143
2025-05-01T14:15:13.470000,0.002556
2025-05-01T14:15:13.480000,-0.007539
2025-05-01T14:15:13.490000,0.011181
2025-05-01T14:15:13.500000,-0.021932
2025-05-01T14:15:13.510000,-0.003181
2025-05-01T14:15:13.520000,-0.006472
2025-05-01T14:15:13.530000,-0.019628
2025-05-01T14:15:13.540000,0.006239
2025-05-01T14:15:13.550000,0.014956
2025-05-01T14:15:13.560000,-0.015967
2025-05-01T14:15:13.570000,-0.001587
2025-05-01T14:15:13.580000,-0.015712
2025-05-01T14:15:13.590000,0.001517
2025-05-01T14:15:13.600000,-0.002255
2025-05-01T14:15:13.610000,0.016347
2025-05-01T14:15:13.620000,-0.001302
2025-05-01T14:15:13.630000,-0.010596
2025-05-01T14:15:13.640000,0.010427
2025-05-01T14:15:13.650000,0.002836
2025-05-01T14:15:13.660000,0.010756
2025-05-01T14:15:13.670000,-0.016054
2025-05-01T14:15:13.680000,-0.006529
2025-05-01T14:15:13.690000,0.007753
2025-05-01T14:15:13.700000,-0.008861
2025-05-01T14:15:13.710000,-0.005406
2025-05-01T14:15:13.720000,-0.015037
2025-05-01T14:15:13.730000,-0.002862
2025-05-01T14:15:13.740000,-0.021276
2025-05-01T14:15:13.750000,0.007478
2025-05-01T14:15:13.760000,0.018230
2025-05-01T14:15:13.770000,0.013239
2025-05-01T14:15:13.780000,-0.014464
2025-05-01T14:15:13.790000,-0.016624
2025-05-01T14:15:13.800000,0.009068
2025-05-01T14:15:13.810000,0.001694
2025-05-01T14:15:13.820000,0.007907
2025-05-01T14:15:13.830000,0.010036
2025-05-01T14:15:13.840000,0.002792
2025-05-01T14:15:13.850000,0.007150
2025-05-01T14:15:13.860000,-0.012575
2025-05-01T14:15:13.870000,0.013882
2025-05-01T14:15:13.880000,-0.007362
2025-05-01T14:15:13.890000,-0.018664
2025-05-01T14:15:13.900000,-0.000335
2025-05-01T14:15:13.910000,-0.009230
2025-05-01T14:15:13.920000,-0.010667
2025-05-01T14:15:13.930000,0.004281
2025-05-01T14:15:13.940000,-0.009444
2025-05-01T14:15:13.950000,-0.001667
2025-05-01T14:15:13.960000,-0.000447
2025-05-01T14:15:13.970000,0.003278
2025-05-01T14:15:13.980000,0.002301
2025-05-01T14:15:13.990000,0.008005
2025-05-01T14:15:14,-0.001983
2025-05-01T14:15:14.010000,-0.010259
2025-05-01T14:15:14.020000,0.010497
2025-05-01T14:15:14.030000,0.000375
2025-05-01T14:15:14.040000,0.007380
2025-05-01T14:15:14.050000,-0.008677
2025-05-01T14:15:14.060000,-0.015251
2025-05-01T14:15:14.070000,0.004418
2025-05-01T14:15:14.080000,-0.006185
2025-05-01T14:15:14.090000,-0.001209
2025-05-01T14:15:14.100000,-0.017858
2025-05-01T14:15:14.110000,-0.021983
2025-05-01T14:15:14.120000,-0.012328
2025-05-01T14:15:14.130000,0.003291
2025-05-01T14:15:14.140000,-0.009715
2025-05-01T14:15:14.150000,-0.000260
2025-05-01T14:15:14.160000,-0.003540
2025-05-01T14:15:14.170000,0.002414
2025-05-01T14:15:14.180000,0.007862
2025-05-01T14:15:14.190000,0.016796
2025-05-01T14:15:14.200000,-0.009164
2025-05-01T14:15:14.210000,-0.014177
2025-05-01T14:15:14.220000,0.014978
2025-05-01T14:15:14.230000,0.003303
2025-05-01T14:15:14.240000,0.009913
2025-05-01T14:15:14.250000,0.003683
2025-05-01T14:15:14.260000,-0.004262
2025-05-01T14:15:14.270000,-0.011557
2025-05-01T14:15:14.280000,-0.014790
2025-05-01T14:15:14.290000,-0.008041
2025-05-01T14:15:14.300000,-0.001262
2025-05-01T14:15:14.310000,0.006258
2025-05-01T14:15:14.320000,-0.010656
2025-05-01T14:15:14.330000,0.011380
2025-05-01T14:15:14.340000,0.000701
2025-05-01T14:15:14.350000,-0.002962
2025-05-01T14:15:14.360000,-0.014765
2025-05-01T14:15:14.370000,-0.002139
2025-05-01T14:15:14.380000,0.006894
2025-05-01T14:15:14.390000,0.005186
2025-05-01T14:15:14.400000,0.010378
2025-05-01T14:15:14.410000,-0.006644
2025-05-01T14:15:14.420000,-0.008046
2025-05-01T14:15:14.430000,-0.005005
2025-05-01T14:15:14.440000,-0.006248
2025-05-01T14:15:14.450000,0.015538
2025-05-01T14:15:14.460000,0.006552
2025-05-01T14:15:14.470000,0.015002
2025-05-01T14:15:14.480000,-0.006826
2025-05-01T14:15:14.490000,-0.005900
2025-05-01T14:15:14.500000,-0.004749
2025-05-01T14:15:14.510000,-0.000779
2025-05-01T14:15:14.520000,-0.004759
2025-05-01T14:15:14.530000,-0.001273
2025-05-01T14:15:14.540000,-0.004833
2025-05-01T14:15:14.550000,0.002107
2025-05-01T14:15:14.560000,0.007350
2025-05-01T14:15:14.570000,-0.000132
2025-05-01T14:15:14.580000,0.009223
2025-05-01T14:15:14.590000,0.005446
2025-05-01T14:15:14.600000,-0.002994
2025-05-01T14:15:14.610000,-0.003542
2025-05-01T14:15:14.620000,-0.010019
2025-05-01T14:15:14.630000,0.022810
2025-05-01T14:15:14.640000,-0.025023
2025-05-01T14:15:14.650000,-0.007942
2025-05-01T14:15:14.660000,-0.002147
2025-05-01T14:15:14.670000,-0.001088
2025-05-01T14:15:14.680000,0.002097
2025-05-01T14:15:14.690000,0.014845
2025-05-01T14:15:14.700000,-0.004488
2025-05-01T14:15:14.710000,-0.000307
2025-05-01T14:15:14.720000,0.009714
2025-05-01T14:15:14.730000,0.007122
2025-05-01T14:15:14.740000,0.011482
2025-05-01T14:15:14.750000,0.009750
2025-05-01T14:15:14.760000,0.004819
2025-05-01T14:15:14.770000,0.014338
2025-05-01T14:15:14.780000,0.009139
2025-05-01T14:15:14.790000,-0.000210
2025-05-01T14:15:14.800000,0.003546
2025-05-01T14:15:14.810000,-0.024831
2025-05-01T14:15:14.820000,-0.003859
2025-05-01T14:15:14.830000,0.022316
2025-05-01T14:15:14.840000,-0.005145
2025-05-01T14:15:14.850000,0.003643
2025-05-01T14:15:14.860000,0.009443
2025-05-01T14:15:14.870000,0.009383
2025-05-01T14:15:14.880000,-0.002011
2025-05-01T14:15:14.890000,0.004976
2025-05-01T14:15:14.900000,-0.009506
2025-05-01T14:15:14.910000,0.006102
2025-05-01T14:15:14.920000,-0.003949
2025-05-01T14:15:14.930000,-0.013028
2025-05-01T14:15:14.940000,-0.010877
2025-05-01T14:15:14.950000,-0.003699
2025-05-01T14:15:14.960000,-0.006557
2025-05-01T14:15:14.970000,-0.006521
2025-05-01T14:15:14.980000,0.000210
2025-05-01T14:15:14.990000,-0.001014
2025-05-01T14:15:15,-0.007247
2025-05-01T14:15:15.010000,0.004013
2025-05-01T14:15:15.020000,0.007058
2025-05-01T14:15:15.030000,0.005517
2025-05-01T14:15:15.040000,-0.000836
2025-05-01T14:15:15.050000,0.003550
2025-05-01T14:15:15.060000,-0.013192
2025-05-01T14:15:15.070000,0.000335
2025-05-01T14:15:15.080000,-0.005503
2025-05-01T14:15:15.090000,0.014232
2025-05-01T14:15:15.100000,0.019502
2025-05-01T14:15:15.110000,0.013108
2025-05-01T14:15:15.120000,0.012599
2025-05-01T14:15:15.130000,-0.008135
2025-05-01T14:15:15.140000,-0.022801
2025-05-01T14:15:15.150000,-0.000026
2025-05-01T14:15:15.160000,-0.002623
2025-05-01T14:15:15.170000,0.001773
2025-05-01T14:15:15.180000,-0.002855
2025-05-01T14:15:15.190000,-0.008223
2025-05-01T14:15:15.200000,-0.005390
2025-05-01T14:15:15.210000,-0.004193
2025-05-01T14:15:15.220000,-0.003635
2025-05-01T14:15:15.230000,0.003881
2025-05-01T14:15:15.240000,-0.005767
2025-05-01T14:15:15.250000,-0.004503
2025-05-01T14:15:15.260000,-0.000752
2025-05-01T14:15:15.270000,-0.012722
2025-05-01T14:15:15.280000,0.006086
2025-05-01T14:15:15.290000,-0.002849
2025-05-01T14:15:15.300000,0.015566
2025-05-01T14:15:15.310000,-0.011746
2025-05-01T14:15:15.320000,0.012316
2025-05-01T14:15:15.330000,0.005241
2025-05-01T14:15:15.340000,0.004811
2025-05-01T14:15:15.350000,0.003975
2025-05-01T14:15:15.360000,0.016515
2025-05-01T14:15:15.370000,0.002602
2025-05-01T14:15:15.380000,-0.014853
2025-05-01T14:15:15.390000,0.003209
2025-05-01T14:15:15.400000,-0.000649
2025-05-01T14:15:15.410000,-0.013770
2025-05-01T14:15:15.420000,-0.006361
2025-05-01T14:15:15.430000,-0.001675
2025-05-01T14:15:15.440000,-0.003532
2025-05-01T14:15:15.450000,-0.009058
2025-05-01T14:15:15.460000,-0.011857
2025-05-01T14:15:15.470000,-0.004909
2025-05-01T14:15:15.480000,-0.024870
2025-05-01T14:15:15.490000,0.014011
2025-05-01T14:15:15.500000,0.004944
2025-05-01T14:15:15.510000,0.005629
2025-05-01T14:15:15.520000,-0.019842
2025-05-01T14:15:15.530000,-0.026994
2025-05-01T14:15:15.540000,0.009407
2025-05-01T14:15:15.550000,-0.004635
2025-05-01T14:15:15.560000,0.001400
2025-05-01T14:15:15.570000,0.012150
2025-05-01T14:15:15.580000,0.006751
2025-05-01T14:15:15.590000,-0.012128
2025-05-01T14:15:15.600000,-0.002357
2025-05-01T14:15:15.610000,-0.002903
2025-05-01T14:15:15.620000,0.013276
2025-05-01T14:15:15.630000,-0.011418
2025-05-01T14:15:15.640000,0.009111
2025-05-01T14:15:15.650000,0.008538
2025-05-01T14:15:15.660000,-0.003484
2025-05-01T14:15:15.670000,-0.005287
2025-05-01T14:15:15.680000,-0.022736
2025-05-01T14:15:15.690000,0.008294
2025-05-01T14:15:15.700000,-0.014285
2025-05-01T14:15:15.710000,-0.000895
2025-05-01T14:15:15.720000,0.005266
2025-05-01T14:15:15.730000,0.001337
2025-05-01T14:15:15.740000,0.006532
2025-05-01T14:15:15.750000,-0.030326
2025-05-01T14:15:15.760000,-0.000964
2025-05-01T14:15:15.770000,0.002033
2025-05-01T14:15:15.780000,-0.030834
2025-05-01T14:15:15.790000,0.000286
2025-05-01T14:15:15.800000,-0.003851
2025-05-01T14:15:15.810000,0.007194
2025-05-01T14:15:15.820000,0.006963
2025-05-01T14:15:15.830000,-0.000865
2025-05-01T14:15:15.840000,0.005701
2025-05-01T14:15:15.850000,-0.004966
2025-05-01T14:15:15.860000,-0.008928
2025-05-01T14:15:15.870000,0.013457
2025-05-01T14:15:15.880000,-0.011488
2025-05-01T14:15:15.890000,0.006141
2025-05-01T14:15:15.900000,0.007904
2025-05-01T14:15:15.910000,-0.011119
2025-05-01T14:15:15.920000,-0.011696
2025-05-01T14:15:15.930000,-0.011573
2025-05-01T14:15:15.940000,0.008530
2025-05-01T14:15:15.950000,0.014124
2025-05-01T14:15:15.960000,-0.001753
2025-05-01T14:15:15.970000,-0.011500
2025-05-01T14:15:15.980000,-0.005898
2025-05-01T14:15:15.990000,0.009577
2025-05-01T14:15:16,-0.014980
2025-05-01T14:15:16.010000,-0.007408
2025-05-01T14:15:16.020000,0.009288
2025-05-01T14:15:16.030000,-0.009482
2025-05-01T14:15:16.040000,0.001593
2025-05-01T14:15:16.050000,0.014038
2025-05-01T14:15:16.060000,0.003299
2025-05-01T14:15:16.070000,-0.005415
2025-05-01T14:15:16.080000,0.003415
2025-05-01T14:15:16.090000,-0.008565
2025-05-01T14:15:16.100000,0.002010
2025-05-01T14:15:16.110000,-0.019338
2025-05-01T14:15:16.120000,-0.004777
2025-05-01T14:15:16.130000,-0.001690
2025-05-01T14:15:16.140000,-0.006672
2025-05-01T14:15:16.150000,0.009973
2025-05-01T14:15:16.160000,-0.002994
2025-05-01T14:15:16.170000,0.005143
2025-05-01T14:15:16.180000,0.003304
2025-05-01T14:15:16.190000,0.011471
2025-05-01T14:15:16.200000,0.004084
2025-05-01T14:15:16.210000,-0.013265
2025-05-01T14:15:16.220000,-0.001169
2025-05-01T14:15:16.230000,0.008408
2025-05-01T14:15:16.240000,0.016964
2025-05-01T14:15:16.250000,-0.011768
2025-05-01T14:15:16.260000,0.006892
2025-05-01T14:15:16.270000,-0.001994
2025-05-01T14:15:16.280000,0.013660
2025-05-01T14:15:16.290000,-0.007959
2025-05-01T14:15:16.300000,-0.002473
2025-05-01T14:15:16.310000,-0.007316
2025-05-01T14:15:16.320000,0.004770
2025-05-01T14:15:16.330000,-0.003483
2025-05-01T14:15:16.340000,0.004754
2025-05-01T14:15:16.350000,-0.003731
2025-05-01T14:15:16.360000,-0.005103
2025-05-01T14:15:16.370000,0.001112
2025-05-01T14:15:16.380000,-0.000318
2025-05-01T14:15:16.390000,-0.007113
2025-05-01T14:15:16.400000,0.003896
2025-05-01T14:15:16.410000,-0.000949
2025-05-01T14:15:16.420000,0.009200
2025-05-01T14:15:16.430000,-0.004027
2025-05-01T14:15:16.440000,-0.004925
2025-05-01T14:15:16.450000,0.013547
2025-05-01T14:15:16.460000,0.005520
2025-05-01T14:15:16.470000,-0.009488
2025-05-01T14:15:16.480000,-0.005288
2025-05-01T14:15:16.490000,-0.006683
2025-05-01T14:15:16.500000,0.006543
2025-05-01T14:15:16.510000,0.008226
2025-05-01T14:15:16.520000,0.006084
2025-05-01T14:15:16.530000,-0.008651
2025-05-01T14:15:16.540000,0.010574
2025-05-01T14:15:16.550000,0.001556
2025-05-01T14:15:16.560000,0.004564
2025-05-01T14:15:16.570000,0.006380
2025-05-01T14:15:16.580000,-0.016025
2025-05-01T14:15:16.590000,0.023505
2025-05-01T14:15:16.600000,-0.003905
2025-05-01T14:15:16.610000,-0.002043
2025-05-01T14:15:16.620000,0.005666
2025-05-01T14:15:16.630000,-0.003213
2025-05-01T14:15:16.640000,0.005914
2025-05-01T14:15:16.650000,-0.005645
2025-05-01T14:15:16.660000,-0.005985
2025-05-01T14:15:16.670000,0.010451
2025-05-01T14:15:16.680000,0.002948
2025-05-01T14:15:16.690000,0.010913
2025-05-01T14:15:16.700000,-0.018206
2025-05-01T14:15:16.710000,0.005811
2025-05-01T14:15:16.720000,0.003680
2025-05-01T14:15:16.730000,0.005673
2025-05-01T14:15:16.740000,-0.001275
2025-05-01T14:15:16.750000,0.010480
2025-05-01T14:15:16.760000,0.009808
2025-05-01T14:15:16.770000,0.004038
2025-05-01T14:15:16.780000,0.003172
2025-05-01T14:15:16.790000,-0.001605
2025-05-01T14:15:16.800000,0.012965
2025-05-01T14:15:16.810000,0.015921
2025-05-01T14:15:16.820000,-0.013953
2025-05-01T14:15:16.830000,-0.003906
2025-05-01T14:15:16.840000,-0.015444
2025-05-01T14:15:16.850000,-0.000823
2025-05-01T14:15:16.860000,-0.009049
2025-05-01T14:15:16.870000,0.001456
2025-05-01T14:15:16.880000,-0.000936
2025-05-01T14:15:16.890000,-0.009595
2025-05-01T14:15:16.900000,-0.005296
2025-05-01T14:15:16.910000,0.007234
2025-05-01T14:15:16.920000,-0.006948
2025-05-01T14:15:16.930000,-0.020505
2025-05-01T14:15:16.940000,0.007490
2025-05-01T14:15:16.950000,-0.007471
2025-05-01T14:15:16.960000,-0.016650
2025-05-01T14:15:16.970000,-0.007529
2025-05-01T14:15:16.980000,0.004431
2025-05-01T14:15:16.990000,-0.001857
2025-05-01T14:15:17,0.017888
2025-05-01T14:15:17.010000,-0.001686
2025-05-01T14:15:17.020000,0.002761
2025-05-01T14:15:17.030000,-0.006256
2025-05-01T14:15:17.040000,0.007331
2025-05-01T14:15:17.050000,0.014480
2025-05-01T14:15:17.060000,0.008680
2025-05-01T14:15:17.070000,-0.006127
2025-05-01T14:15:17.080000,-0.000196
2025-05-01T14:15:17.090000,0.010771
2025-05-01T14:15:17.100000,0.008879
2025-05-01T14:15:17.110000,0.002643
2025-05-01T14:15:17.120000,0.009637
2025-05-01T14:15:17.130000,0.002307
2025-05-01T14:15:17.140000,0.003190
2025-05-01T14:15:17.150000,0.016394
2025-05-01T14:15:17.160000,-0.005755
2025-05-01T14:15:17.170000,0.007918
2025-05-01T14:15:17.180000,-0.005587
2025-05-01T14:15:17.190000,-0.002590
2025-05-01T14:15:17.200000,-0.001265
2025-05-01T14:15:17.210000,0.000441
2025-05-01T14:15:17.220000,0.008352
2025-05-01T14:15:17.230000,-0.004918
2025-05-01T14:15:17.240000,0.000542
2025-05-01T14:15:17.250000,-0.001435
2025-05-01T14:15:17.260000,-0.008480
2025-05-01T14:15:17.270000,-0.008995
2025-05-01T14:15:17.280000,-0.005595
2025-05-01T14:15:17.290000,-0.010007
2025-05-01T14:15:17.300000,-0.010499
2025-05-01T14:15:17.310000,-0.002844
2025-05-01T14:15:17.320000,-0.011430
2025-05-01T14:15:17.330000,-0.007039
2025-05-01T14:15:17.340000,0.002390
2025-05-01T14:15:17.350000,-0.002112
2025-05-01T14:15:17.360000,0.004664
2025-05-01T14:15:17.370000,0.009871
2025-05-01T14:15:17.380000,0.013287
2025-05-01T14:15:17.390000,0.006199
2025-05-01T14:15:17.400000,0.008753
2025-05-01T14:15:17.410000,-0.011934
2025-05-01T14:15:17.420000,-0.011159
2025-05-01T14:15:17.430000,-0.000962
2025-05-01T14:15:17.440000,0.010062
2025-05-01T14:15:17.450000,-0.004455
2025-05-01T14:15:17.460000,-0.012239
2025-05-01T14:15:17.470000,-0.017798
2025-05-01T14:15:17.480000,0.002053
2025-05-01T14:15:17.490000,-0.009223
2025-05-01T14:15:17.500000,0.012785
2025-05-01T14:15:17.510000,0.000523
2025-05-01T14:15:17.520000,-0.001672
2025-05-01T14:15:17.530000,0.006727
2025-05-01T14:15:17.540000,0.008961
2025-05-01T14:15:17.550000,-0.004890
2025-05-01T14:15:17.560000,-0.007186
2025-05-01T14:15:17.570000,0.006129
2025-05-01T14:15:17.580000,0.008919
2025-05-01T14:15:17.590000,-0.000758
2025-05-01T14:15:17.600000,0.007063
2025-05-01T14:15:17.610000,0.007149
2025-05-01T14:15:17.620000,-0.014850
2025-05-01T14:15:17.630000,-0.010079
2025-05-01T14:15:17.640000,-0.000067
2025-05-01T14:15:17.650000,-0.002460
2025-05-01T14:15:17.660000,-0.012600
2025-05-01T14:15:17.670000,0.013697
2025-05-01T14:15:17.680000,0.001022
2025-05-01T14:15:17.690000,0.005009
2025-05-01T14:15:17.700000,-0.020287
2025-05-01T14:15:17.710000,0.001602
2025-05-01T14:15:17.720000,0.008081
2025-05-01T14:15:17.730000,-0.000538
2025-05-01T14:15:17.740000,0.000478
2025-05-01T14:15:17.750000,0.004396
2025-05-01T14:15:17.760000,0.005606
2025-05-01T14:15:17.770000,-0.002936
2025-05-01T14:15:17.780000,-0.005092
2025-05-01T14:15:17.790000,0.004389
2025-05-01T14:15:17.800000,-0.007448
2025-05-01T14:15:17.810000,0.000423
2025-05-01T14:15:17.820000,0.000357
2025-05-01T14:15:17.830000,0.006312
2025-05-01T14:15:17.840000,0.019206
2025-05-01T14:15:17.850000,0.000303
2025-05-01T14:15:17.860000,0.008818
2025-05-01T14:15:17.870000,0.000978
2025-05-01T14:15:17.880000,-0.004163
2025-05-01T14:15:17.890000,-0.005289
2025-05-01T14:15:17.900000,-0.004086
2025-05-01T14:15:17.910000,0.003601
2025-05-01T14:15:17.920000,0.006358
2025-05-01T14:15:17.930000,0.000805
2025-05-01T14:15:17.940000,0.004906
2025-05-01T14:15:17.950000,-0.004036
2025-05-01T14:15:17.960000,0.003985
2025-05-01T14:15:17.970000,0.010388
2025-05-01T14:15:17.980000,0.005831
2025-05-01T14:15:17.990000,-0.002671
2025-05-01T14:15:18,0.008012
2025-05-01T14:15:18.010000,-0.008740
2025-05-01T14:15:18.020000,-0.005143
2025-05-01T14:15:18.030000,-0.012061
2025-05-01T14:15:18.040000,-0.008498
2025-05-01T14:15:18.050000,-0.004763
2025-05-01T14:15:18.060000,0.007675
2025-05-01T14:15:18.070000,0.006446
2025-05-01T14:15:18.080000,-0.004134
2025-05-01T14:15:18.090000,-0.008260
2025-05-01T14:15:18.100000,-0.014632
2025-05-01T14:15:18.110000,0.001120
2025-05-01T14:15:18.120000,0.001457
2025-05-01T14:15:18.130000,-0.007200
2025-05-01T14:15:18.140000,-0.016649
2025-05-01T14:15:18.150000,-0.002120
2025-05-01T14:15:18.160000,-0.007927
2025-05-01T14:15:18.170000,-0.016719
2025-05-01T14:15:18.180000,0.006858
2025-05-01T14:15:18.190000,0.008450
2025-05-01T14:15:18.200000,0.000984
2025-05-01T14:15:18.210000,-0.001175
2025-05-01T14:15:18.220000,0.018711
2025-05-01T14:15:18.230000,0.000030
2025-05-01T14:15:18.240000,-0.012714
2025-05-01T14:15:18.250000,-0.005206
2025-05-01T14:15:18.260000,-0.005195
2025-05-01T14:15:18.270000,-0.003026
2025-05-01T14:15:18.280000,-0.003814
2025-05-01T14:15:18.290000,0.000038
2025-05-01T14:15:18.300000,0.002770
2025-05-01T14:15:18.310000,0.016005
2025-05-01T14:15:18.320000,-0.002803
2025-05-01T14:15:18.330000,-0.006539
2025-05-01T14:15:18.340000,0.000189
2025-05-01T14:15:18.350000,-0.000066
2025-05-01T14:15:18.360000,-0.006024
2025-05-01T14:15:18.370000,-0.014229
2025-05-01T14:15:18.380000,0.000169
2025-05-01T14:15:18.390000,0.012381
2025-05-01T14:15:18.400000,0.009790
2025-05-01T14:15:18.410000,-0.006646
2025-05-01T14:15:18.420000,0.018585
2025-05-01T14:15:18.430000,0.004684
2025-05-01T14:15:18.440000,0.014324
2025-05-01T14:15:18.450000,0.008179
2025-05-01T14:15:18.460000,-0.034077
2025-05-01T14:15:18.470000,-0.005236
2025-05-01T14:15:18.480000,0.001253
2025-05-01T14:15:18.490000,0.001046
2025-05-01T14:15:18.500000,-0.006359
2025-05-01T14:15:18.510000,-0.009238
2025-05-01T14:15:18.520000,-0.004800
2025-05-01T14:15:18.530000,0.007448
2025-05-01T14:15:18.540000,-0.007519
2025-05-01T14:15:18.550000,-0.018677
2025-05-01T14:15:18.560000,-0.002968
2025-05-01T14:15:18.570000,0.014068
2025-05-01T14:15:18.580000,-0.007053
2025-05-01T14:15:18.590000,-0.009471
2025-05-01T14:15:18.600000,0.007617
2025-05-01T14:15:18.610000,-0.001521
2025-05-01T14:15:18.620000,-0.006991
2025-05-01T14:15:18.630000,-0.013275
2025-05-01T14:15:18.640000,0.003909
2025-05-01T14:15:18.650000,0.015561
2025-05-01T14:15:18.660000,0.008502
2025-05-01T14:15:18.670000,0.014836
2025-05-01T14:15:18.680000,-0.015656
2025-05-01T14:15:18.690000,0.013366
2025-05-01T14:15:18.700000,-0.013312
2025-05-01T14:15:18.710000,-0.000681
2025-05-01T14:15:18.720000,-0.000582
2025-05-01T14:15:18.730000,-0.000614
2025-05-01T14:15:18.740000,0.010002
2025-05-01T14:15:18.750000,0.019276
2025-05-01T14:15:18.760000,0.016548
2025-05-01T14:15:18.770000,-0.003348
2025-05-01T14:15:18.780000,-0.015314
2025-05-01T14:15:18.790000,-0.007784
2025-05-01T14:15:18.800000,0.013453
2025-05-01T14:15:18.810000,0.014530
2025-05-01T14:15:18.820000,0.011482
2025-05-01T14:15:18.830000,-0.018945
2025-05-01T14:15:18.840000,-0.006620
2025-05-01T14:15:18.850000,0.003227
2025-05-01T14:15:18.860000,-0.003935
2025-05-01T14:15:18.870000,0.015752
2025-05-01T14:15:18.880000,0.004064
2025-05-01T14:15:18.890000,0.005102
2025-05-01T14:15:18.900000,0.018487
2025-05-01T14:15:18.910000,0.004848
2025-05-01T14:15:18.920000,-0.030994
2025-05-01T14:15:18.930000,0.002169
2025-05-01T14:15:18.940000,0.003579
2025-05-01T14:15:18.950000,0.010051
2025-05-01T14:15:18.960000,0.006902
2025-05-01T14:15:18.970000,0.007763
2025-05-01T14:15:18.980000,-0.007260
2025-05-01T14:15:18.990000,0.003812
2025-05-01T14:15:19,-0.007605
2025-05-01T14:15:19.010000,0.010210
2025-05-01T14:15:19.020000,-0.007932
2025-05-01T14:15:19.030000,-0.019590
2025-05-01T14:15:19.040000,0.004833
2025-05-01T14:15:19.050000,-0.021910
2025-05-01T14:15:19.060000,-0.001035
2025-05-01T14:15:19.070000,-0.000907
2025-05-01T14:15:19.080000,-0.005148
2025-05-01T14:15:19.090000,-0.025706
2025-05-01T14:15:19.100000,-0.002972
2025-05-01T14:15:19.110000,0.021460
2025-05-01T14:15:19.120000,-0.016172
2025-05-01T14:15:19.130000,-0.017553
2025-05-01T14:15:19.140000,0.022682
2025-05-01T14:15:19.150000,0.003146
2025-05-01T14:15:19.160000,-0.005447
2025-05-01T14:15:19.170000,0.016583
2025-05-01T14:15:19.180000,0.000242
2025-05-01T14:15:19.190000,-0.011099
2025-05-01T14:15:19.200000,0.008758
2025-05-01T14:15:19.210000,0.001996
2025-05-01T14:15:19.220000,-0.012553
2025-05-01T14:15:19.230000,-0.008498
2025-05-01T14:15:19.240000,0.004611
2025-05-01T14:15:19.250000,-0.012169
2025-05-01T14:15:19.260000,-0.023530
2025-05-01T14:15:19.270000,-0.007833
2025-05-01T14:15:19.280000,0.010705
2025-05-01T14:15:19.290000,-0.022734
2025-05-01T14:15:19.300000,-0.015812
2025-05-01T14:15:19.310000,-0.003371
2025-05-01T14:15:19.320000,0.005793
2025-05-01T14:15:19.330000,0.012841
2025-05-01T14:15:19.340000,0.007129
2025-05-01T14:15:19.350000,0.002825
2025-05-01T14:15:19.360000,-0.006953
2025-05-01T14:15:19.370000,0.006543
2025-05-01T14:15:19.380000,0.001198
2025-05-01T14:15:19.390000,0.012288
2025-05-01T14:15:19.400000,0.013391
2025-05-01T14:15:19.410000,-0.000679
2025-05-01T14:15:19.420000,0.020924
2025-05-01T14:15:19.430000,-0.004619
2025-05-01T14:15:19.440000,0.004354
2025-05-01T14:15:19.450000,0.005424
2025-05-01T14:15:19.460000,-0.014261
2025-05-01T14:15:19.470000,-0.003369
2025-05-01T14:15:19.480000,-0.009744
2025-05-01T14:15:19.490000,-0.009125
2025-05-01T14:15:19.500000,-0.000145
2025-05-01T14:15:19.510000,-0.010054
2025-05-01T14:15:19.520000,-0.009964
2025-05-01T14:15:19.530000,0.016309
2025-05-01T14:15:19.540000,-0.003977
2025-05-01T14:15:19.550000,-0.003820
2025-05-01T14:15:19.560000,0.000624
2025-05-01T14:15:19.570000,0.001116
2025-05-01T14:15:19.580000,-0.000318
2025-05-01T14:15:19.590000,0.001743
2025-05-01T14:15:19.600000,0.007798
2025-05-01T14:15:19.610000,-0.003584
2025-05-01T14:15:19.620000,-0.015819
2025-05-01T14:15:19.630000,0.000243
2025-05-01T14:15:19.640000,-0.003164
2025-05-01T14:15:19.650000,0.003874
2025-05-01T14:15:19.660000,0.020921
2025-05-01T14:15:19.670000,-0.005417
2025-05-01T14:15:19.680000,0.006074
2025-05-01T14:15:19.690000,-0.005285
2025-05-01T14:15:19.700000,-0.007252
2025-05-01T14:15:19.710000,0.005579
2025-05-01T14:15:19.720000,-0.022084
2025-05-01T14:15:19.730000,0.002009
2025-05-01T14:15:19.740000,-0.017146
2025-05-01T14:15:19.750000,-0.016266
2025-05-01T14:15:19.760000,-0.013739
2025-05-01T14:15:19.770000,-0.025546
2025-05-01T14:15:19.780000,0.000205
2025-05-01T14:15:19.790000,0.010773
2025-05-01T14:15:19.800000,-0.010544
2025-05-01T14:15:19.810000,-0.014776
2025-05-01T14:15:19.820000,0.017139
2025-05-01T14:15:19.830000,-0.002332
2025-05-01T14:15:19.840000,-0.006518
2025-05-01T14:15:19.850000,-0.003459
2025-05-01T14:15:19.860000,-0.002099
2025-05-01T14:15:19.870000,0.005342
2025-05-01T14:15:19.880000,-0.004550
2025-05-01T14:15:19.890000,-0.012497
2025-05-01T14:15:19.900000,-0.006279
2025-05-01T14:15:19.910000,0.001291
2025-05-01T14:15:19.920000,0.012749
2025-05-01T14:15:19.930000,0.004290
2025-05-01T14:15:19.940000,0.003751
2025-05-01T14:15:19.950000,-0.005251
2025-05-01T14:15:19.960000,-0.020151
2025-05-01T14:15:19.970000,-0.013125
2025-05-01T14:15:19.980000,0.003006
2025-05-01T14:15:19.990000,-0.013159
2025-05-01T14:15:20,-0.005215
2025-05-01T14:15:20.010000,-0.002333
2025-05-01T14:15:20.020000,0.001097
2025-05-01T14:15:20.030000,-0.016446
2025-05-01T14:15:20.040000,0.009294
2025-05-01T14:15:20.050000,0.003114
2025-05-01T14:15:20.060000,-0.010156
2025-05-01T14:15:20.070000,-0.005661
2025-05-01T14:15:20.080000,0.001311
2025-05-01T14:15:20.090000,-0.001630
2025-05-01T14:15:20.100000,-0.010315
2025-05-01T14:15:20.110000,0.011642
2025-05-01T14:15:20.120000,-0.001746
2025-05-01T14:15:20.130000,-0.017463
2025-05-01T14:15:20.140000,0.000891
2025-05-01T14:15:20.150000,0.005707
2025-05-01T14:15:20.160000,0.009213
2025-05-01T14:15:20.170000,0.001818
2025-05-01T14:15:20.180000,-0.011709
2025-05-01T14:15:20.190000,-0.002541
2025-05-01T14:15:20.200000,0.009672
2025-05-01T14:15:20.210000,-0.009775
2025-05-01T14:15:20.220000,-0.009041
2025-05-01T14:15:20.230000,0.009083
2025-05-01T14:15:20.240000,0.015977
2025-05-01T14:15:20.250000,0.010392
2025-05-01T14:15:20.260000,0.003248
2025-05-01T14:15:20.270000,-0.010863
2025-05-01T14:15:20.280000,-0.003165
2025-05-01T14:15:20.290000,-0.000953
2025-05-01T14:15:20.300000,0.015293
2025-05-01T14:15:20.310000,0.008823
2025-05-01T14:15:20.320000,0.001697
2025-05-01T14:15:20.330000,0.011202
2025-05-01T14:15:20.340000,0.019145
2025-05-01T14:15:20.350000,0.001179
2025-05-01T14:15:20.360000,0.003330
2025-05-01T14:15:20.370000,-0.014726
2025-05-01T14:15:20.380000,-0.003371
2025-05-01T14:15:20.390000,0.000839
2025-05-01T14:15:20.400000,0.004475
2025-05-01T14:15:20.410000,0.015986
2025-05-01T14:15:20.420000,-0.002917
2025-05-01T14:15:20.430000,0.005337
2025-05-01T14:15:20.440000,-0.015476
2025-05-01T14:15:20.450000,-0.009822
2025-05-01T14:15:20.460000,-0.020819
2025-05-01T14:15:20.470000,0.002984
2025-05-01T14:15:20.480000,0.016015
2025-05-01T14:15:20.490000,-0.014173
2025-05-01T14:15:20.500000,-0.010801
2025-05-01T14:15:20.510000,-0.019008
2025-05-01T14:15:20.520000,0.020577
2025-05-01T14:15:20.530000,-0.001161
2025-05-01T14:15:20.540000,0.004008
2025-05-01T14:15:20.550000,-0.013539
2025-05-01T14:15:20.560000,0.000452
2025-05-01T14:15:20.570000,-0.002755
2025-05-01T14:15:20.580000,0.015204
2025-05-01T14:15:20.590000,-0.004805
2025-05-01T14:15:20.600000,0.003167
2025-05-01T14:15:20.610000,0.009481
2025-05-01T14:15:20.620000,0.007826
2025-05-01T14:15:20.630000,-0.006332
2025-05-01T14:15:20.640000,0.006829
2025-05-01T14:15:20.650000,0.010526
2025-05-01T14:15:20.660000,-0.012008
2025-05-01T14:15:20.670000,0.012195
2025-05-01T14:15:20.680000,0.001358
2025-05-01T14:15:20.690000,0.009269
2025-05-01T14:15:20.700000,0.000441
2025-05-01T14:15:20.710000,0.000839
2025-05-01T14:15:20.720000,-0.010292
2025-05-01T14:15:20.730000,-0.005734
2025-05-01T14:15:20.740000,0.016815
2025-05-01T14:15:20.750000,-0.001321
2025-05-01T14:15:20.760000,0.001011
2025-05-01T14:15:20.770000,0.000201
2025-05-01T14:15:20.780000,-0.014189
2025-05-01T14:15:20.790000,-0.000302
2025-05-01T14:15:20.800000,-0.001901
2025-05-01T14:15:20.810000,0.012839
2025-05-01T14:15:20.820000,-0.009983
2025-05-01T14:15:20.830000,-0.003690
2025-05-01T14:15:20.840000,0.009545
2025-05-01T14:15:20.850000,-0.007348
2025-05-01T14:15:20.860000,-0.007990
2025-05-01T14:15:20.870000,-0.010331
2025-05-01T14:15:20.880000,0.000418
2025-05-01T14:15:20.890000,0.001447
2025-05-01T14:15:20.900000,-0.003029
2025-05-01T14:15:20.910000,0.013247
2025-05-01T14:15:20.920000,0.001042
2025-05-01T14:15:20.930000,0.004483
2025-05-01T14:15:20.940000,0.005316
2025-05-01T14:15:20.950000,-0.007986
2025-05-01T14:15:20.960000,-0.007491
2025-05-01T14:15:20.970000,0.002535
2025-05-01T14:15:20.980000,-0.006041
2025-05-01T14:15:20.990000,-0.005062
2025-05-01T14:15:21,-0.006065
2025-05-01T14:15:21.010000,-0.008584
2025-05-01T14:15:21.020000,-0.006506
2025-05-01T14:15:21.030000,-0.005058
2025-05-01T14:15:21.040000,0.006819
2025-05-01T14:15:21.050000,-0.003710
2025-05-01T14:15:21.060000,0.009930
2025-05-01T14:15:21.070000,-0.004260
2025-05-01T14:15:21.080000,0.007924
2025-05-01T14:15:21.090000,0.003567
2025-05-01T14:15:21.100000,-0.012770
2025-05-01T14:15:21.110000,0.000198
2025-05-01T14:15:21.120000,0.001622
2025-05-01T14:15:21.130000,0.004727
2025-05-01T14:15:21.140000,0.002925
2025-05-01T14:15:21.150000,0.010475
2025-05-01T14:15:21.160000,0.003108
2025-05-01T14:15:21.170000,-0.008425
2025-05-01T14:15:21.180000,-0.020955
2025-05-01T14:15:21.190000,-0.001199
2025-05-01T14:15:21.200000,0.001090
2025-05-01T14:15:21.210000,0.001780
2025-05-01T14:15:21.220000,0.003599
2025-05-01T14:15:21.230000,0.007505
2025-05-01T14:15:21.240000,0.003149
2025-05-01T14:15:21.250000,-0.006359
2025-05-01T14:15:21.260000,-0.013418
2025-05-01T14:15:21.270000,0.013817
2025-05-01T14:15:21.280000,0.000700
2025-05-01T14:15:21.290000,0.002076
2025-05-01T14:15:21.300000,0.015534
2025-05-01T14:15:21.310000,0.003167
2025-05-01T14:15:21.320000,0.005513
2025-05-01T14:15:21.330000,-0.005210
2025-05-01T14:15:21.340000,-0.011187
2025-05-01T14:15:21.350000,-0.005195
2025-05-01T14:15:21.360000,0.015047
2025-05-01T14:15:21.370000,-0.005779
2025-05-01T14:15:21.380000,-0.021344
2025-05-01T14:15:21.390000,-0.003982
2025-05-01T14:15:21.400000,0.002694
2025-05-01T14:15:21.410000,-0.002743
2025-05-01T14:15:21.420000,-0.008288
2025-05-01T14:15:21.430000,0.000864
2025-05-01T14:15:21.440000,-0.008312
2025-05-01T14:15:21.450000,0.009708
2025-05-01T14:15:21.460000,0.003254
2025-05-01T14:15:21.470000,-0.024028
2025-05-01T14:15:21.480000,-0.006249
2025-05-01T14:15:21.490000,0.012448
2025-05-01T14:15:21.500000,-0.005945
2025-05-01T14:15:21.510000,0.005742
2025-05-01T14:15:21.520000,-0.008118
2025-05-01T14:15:21.530000,0.004954
2025-05-01T14:15:21.540000,0.001337
2025-05-01T14:15:21.550000,0.004199
2025-05-01T14:15:21.560000,0.000740
2025-05-01T14:15:21.570000,-0.004621
2025-05-01T14:15:21.580000,0.001367
2025-05-01T14:15:21.590000,0.007776
2025-05-01T14:15:21.600000,-0.004547
2025-05-01T14:15:21.610000,0.010818
2025-05-01T14:15:21.620000,0.000687
2025-05-01T14:15:21.630000,-0.016460
2025-05-01T14:15:21.640000,0.003431
2025-05-01T14:15:21.650000,0.000285
2025-05-01T14:15:21.660000,-0.014456
2025-05-01T14:15:21.670000,-0.006427
2025-05-01T14:15:21.680000,0.001164
2025-05-01T14:15:21.690000,-0.011735
2025-05-01T14:15:21.700000,-0.003216
2025-05-01T14:15:21.710000,-0.012830
2025-05-01T14:15:21.720000,0.008041
2025-05-01T14:15:21.730000,0.011085
2025-05-01T14:15:21.740000,0.003895
2025-05-01T14:15:21.750000,0.005953
2025-05-01T14:15:21.760000,0.010416
2025-05-01T14:15:21.770000,-0.009300
2025-05-01T14:15:21.780000,-0.002409
2025-05-01T14:15:21.790000,-0.005822
2025-05-01T14:15:21.800000,-0.015077
2025-05-01T14:15:21.810000,-0.031064
2025-05-01T14:15:21.820000,-0.011699
2025-05-01T14:15:21.830000,-0.004959
2025-05-01T14:15:21.840000,-0.018382
2025-05-01T14:15:21.850000,-0.012046
2025-05-01T14:15:21.860000,0.016633
2025-05-01T14:15:21.870000,0.016814
2025-05-01T14:15:21.880000,-0.006293
2025-05-01T14:15:21.890000,-0.000595
2025-05-01T14:15:21.900000,0.009793
2025-05-01T14:15:21.910000,-0.022162
2025-05-01T14:15:21.920000,0.010657
2025-05-01T14:15:21.930000,-0.013637
2025-05-01T14:15:21.940000,-0.013312
2025-05-01T14:15:21.950000,0.005767
2025-05-01T14:15:21.960000,-0.011513
2025-05-01T14:15:21.970000,-0.000064
2025-05-01T14:15:21.980000,0.009688
2025-05-01T14:15:21.990000,-0.023768
2025-05-01T14:15:22,-0.022483
2025-05-01T14:15:22.010000,0.002557
2025-05-01T14:15:22.020000,0.011124
2025-05-01T14:15:22.030000,0.006222
2025-05-01T14:15:22.040000,-0.006782
2025-05-01T14:15:22.050000,0.000754
2025-05-01T14:15:22.060000,-0.010517
2025-05-01T14:15:22.070000,0.000603
2025-05-01T14:15:22.080000,0.016288
2025-05-01T14:15:22.090000,0.001994
2025-05-01T14:15:22.100000,-0.010476
2025-05-01T14:15:22.110000,0.003749
2025-05-01T14:15:22.120000,-0.005297
2025-05-01T14:15:22.130000,-0.010125
2025-05-01T14:15:22.140000,-0.006122
2025-05-01T14:15:22.150000,0.000388
2025-05-01T14:15:22.160000,-0.006911
2025-05-01T14:15:22.170000,-0.001596
2025-05-01T14:15:22.180000,-0.003753
2025-05-01T14:15:22.190000,-0.011173
2025-05-01T14:15:22.200000,-0.018142
2025-05-01T14:15:22.210000,-0.011396
2025-05-01T14:15:22.220000,-0.002275
2025-05-01T14:15:22.230000,0.007382
2025-05-01T14:15:22.240000,-0.002228
2025-05-01T14:15:22.250000,0.008092
2025-05-01T14:15:22.260000,0.005520
2025-05-01T14:15:22.270000,-0.003525
2025-05-01T14:15:22.280000,0.007132
2025-05-01T14:15:22.290000,-0.019490
2025-05-01T14:15:22.300000,-0.003512
2025-05-01T14:15:22.310000,-0.004174
2025-05-01T14:15:22.320000,0.015049
2025-05-01T14:15:22.330000,-0.000539
2025-05-01T14:15:22.340000,-0.001457
2025-05-01T14:15:22.350000,-0.026027
2025-05-01T14:15:22.360000,0.011056
2025-05-01T14:15:22.370000,0.018305
2025-05-01T14:15:22.380000,0.001600
2025-05-01T14:15:22.390000,-0.000668
2025-05-01T14:15:22.400000,-0.005313
2025-05-01T14:15:22.410000,-0.011683
2025-05-01T14:15:22.420000,0.015078
2025-05-01T14:15:22.430000,-0.011119
2025-05-01T14:15:22.440000,0.006928
2025-05-01T14:15:22.450000,0.002488
2025-05-01T14:15:22.460000,0.007752
2025-05-01T14:15:22.470000,0.000255
2025-05-01T14:15:22.480000,-0.008296
2025-05-01T14:15:22.490000,0.007014
2025-05-01T14:15:22.500000,-0.003025
2025-05-01T14:15:22.510000,0.002868
2025-05-01T14:15:22.520000,-0.007283
2025-05-01T14:15:22.530000,-0.011319
2025-05-01T14:15:22.540000,-0.011959
2025-05-01T14:15:22.550000,0.001134
2025-05-01T14:15:22.560000,0.015080
2025-05-01T14:15:22.570000,0.003842
2025-05-01T14:15:22.580000,0.008752
2025-05-01T14:15:22.590000,-0.003146
2025-05-01T14:15:22.600000,0.000874
2025-05-01T14:15:22.610000,-0.001190
2025-05-01T14:15:22.620000,-0.006985
2025-05-01T14:15:22.630000,-0.001945
2025-05-01T14:15:22.640000,-0.010961
2025-05-01T14:15:22.650000,-0.012685
2025-05-01T14:15:22.660000,0.006555
2025-05-01T14:15:22.670000,0.001871
2025-05-01T14:15:22.680000,-0.009102
2025-05-01T14:15:22.690000,-0.005198
2025-05-01T14:15:22.700000,0.007639
2025-05-01T14:15:22.710000,-0.012407
2025-05-01T14:15:22.720000,0.007056
2025-05-01T14:15:22.730000,-0.011051
2025-05-01T14:15:22.740000,0.005222
2025-05-01T14:15:22.750000,0.015895
2025-05-01T14:15:22.760000,0.007948
2025-05-01T14:15:22.770000,-0.018825
2025-05-01T14:15:22.780000,-0.010892
2025-05-01T14:15:22.790000,-0.007710
2025-05-01T14:15:22.800000,-0.000457
2025-05-01T14:15:22.810000,0.006055
2025-05-01T14:15:22.820000,-0.001269
2025-05-01T14:15:22.830000,0.017985
2025-05-01T14:15:22.840000,-0.002637
2025-05-01T14:15:22.850000,-0.000793
2025-05-01T14:15:22.860000,0.001734
2025-05-01T14:15:22.870000,0.004836
2025-05-01T14:15:22.880000,0.013500
2025-05-01T14:15:22.890000,0.027447
2025-05-01T14:15:22.900000,-0.000284
2025-05-01T14:15:22.910000,0.012597
2025-05-01T14:15:22.920000,0.000035
2025-05-01T14:15:22.930000,0.007998
2025-05-01T14:15:22.940000,-0.019434
2025-05-01T14:15:22.950000,-0.013843
2025-05-01T14:15:22.960000,0.002575
2025-05-01T14:15:22.970000,-0.004450
2025-05-01T14:15:22.980000,0.007312
2025-05-01T14:15:22.990000,0.008481
2025-05-01T14:15:23,-0.007330
2025-05-01T14:15:23.010000,-0.001661
2025-05-01T14:15:23.020000,-0.005414
2025-05-01T14:15:23.030000,-0.005952
2025-05-01T14:15:23.040000,0.019512
2025-05-01T14:15:23.050000,-0.004113
2025-05-01T14:15:23.060000,-0.009210
2025-05-01T14:15:23.070000,-0.003800
2025-05-01T14:15:23.080000,0.007354
2025-05-01T14:15:23.090000,0.006534
2025-05-01T14:15:23.100000,0.002129
2025-05-01T14:15:23.110000,0.017656
2025-05-01T14:15:23.120000,-0.008156
2025-05-01T14:15:23.130000,-0.015084
2025-05-01T14:15:23.140000,-0.011627
2025-05-01T14:15:23.150000,0.003970
2025-05-01T14:15:23.160000,0.002367
2025-05-01T14:15:23.170000,0.019535
2025-05-01T14:15:23.180000,0.004662
2025-05-01T14:15:23.190000,0.001843
2025-05-01T14:15:23.200000,-0.006181
2025-05-01T14:15:23.210000,-0.003975
2025-05-01T14:15:23.220000,0.001585
2025-05-01T14:15:23.230000,-0.009507
2025-05-01T14:15:23.240000,-0.012262
2025-05-01T14:15:23.250000,0.006660
2025-05-01T14:15:23.260000,0.003481
2025-05-01T14:15:23.270000,0.009531
2025-05-01T14:15:23.280000,0.004136
2025-05-01T14:15:23.290000,0.002725
2025-05-01T14:15:23.300000,-0.012262
2025-05-01T14:15:23.310000,-0.033719
2025-05-01T14:15:23.320000,0.020803
2025-05-01T14:15:23.330000,-0.012646
2025-05-01T14:15:23.340000,0.013637
2025-05-01T14:15:23.350000,0.014356
2025-05-01T14:15:23.360000,0.001335
2025-05-01T14:15:23.370000,-0.023211
2025-05-01T14:15:23.380000,-0.000724
2025-05-01T14:15:23.390000,0.004009
2025-05-01T14:15:23.400000,-0.017911
2025-05-01T14:15:23.410000,-0.001171
2025-05-01T14:15:23.420000,-0.014106
2025-05-01T14:15:23.430000,-0.016032
2025-05-01T14:15:23.440000,0.003350
2025-05-01T14:15:23.450000,-0.008038
2025-05-01T14:15:23.460000,0.003126
2025-05-01T14:15:23.470000,-0.004503
2025-05-01T14:15:23.480000,0.003704
2025-05-01T14:15:23.490000,0.000942
2025-05-01T14:15:23.500000,-0.001202
2025-05-01T14:15:23.510000,-0.007792
2025-05-01T14:15:23.520000,-0.021029
2025-05-01T14:15:23.530000,-0.010540
2025-05-01T14:15:23.540000,-0.008393
2025-05-01T14:15:23.550000,0.000234
2025-05-01T14:15:23.560000,-0.006011
2025-05-01T14:15:23.570000,-0.001236
2025-05-01T14:15:23.580000,0.006960
2025-05-01T14:15:23.590000,-0.009635
2025-05-01T14:15:23.600000,-0.006337
2025-05-01T14:15:23.610000,0.013506
2025-05-01T14:15:23.620000,0.000665
2025-05-01T14:15:23.630000,0.008408
2025-05-01T14:15:23.640000,-0.001089
2025-05-01T14:15:23.650000,-0.001326
2025-05-01T14:15:23.660000,-0.037856
2025-05-01T14:15:23.670000,0.003196
2025-05-01T14:15:23.680000,0.003587
2025-05-01T14:15:23.690000,0.003687
2025-05-01T14:15:23.700000,-0.009763
2025-05-01T14:15:23.710000,0.004286
2025-05-01T14:15:23.720000,-0.013703
2025-05-01T14:15:23.730000,0.003281
2025-05-01T14:15:23.740000,0.002974
2025-05-01T14:15:23.750000,0.001002
2025-05-01T14:15:23.760000,0.012188
2025-05-01T14:15:23.770000,0.013529
2025-05-01T14:15:23.780000,-0.030146
2025-05-01T14:15:23.790000,-0.008748
2025-05-01T14:15:23.800000,0.001390
2025-05-01T14:15:23.810000,0.003516
2025-05-01T14:15:23.820000,0.014833
2025-05-01T14:15:23.830000,-0.001163
2025-05-01T14:15:23.840000,0.009229
2025-05-01T14:15:23.850000,0.007354
2025-05-01T14:15:23.860000,0.002430
2025-05-01T14:15:23.870000,-0.003380
2025-05-01T14:15:23.880000,0.022449
2025-05-01T14:15:23.890000,0.003015
2025-05-01T14:15:23.900000,0.005346
2025-05-01T14:15:23.910000,-0.006346
2025-05-01T14:15:23.920000,-0.003191
2025-05-01T14:15:23.930000,0.003845
2025-05-01T14:15:23.940000,0.004990
2025-05-01T14:15:23.950000,-0.001222
2025-05-01T14:15:23.960000,0.011985
2025-05-01T14:15:23.970000,0.004444
2025-05-01T14:15:23.980000,-0.001983
2025-05-01T14:15:23.990000,0.007485
2025-05-01T14:15:24,-0.009780
2025-05-01T14:15:24.010000,-0.024757
2025-05-01T14:15:24.020000,0.006416
2025-05-01T14:15:24.030000,-0.008080
2025-05-01T14:15:24.040000,-0.024012
2025-05-01T14:15:24.050000,0.006537
2025-05-01T14:15:24.060000,0.007876
2025-05-01T14:15:24.070000,0.005976
2025-05-01T14:15:24.080000,-0.000278
2025-05-01T14:15:24.090000,-0.006995
2025-05-01T14:15:24.100000,-0.001618
2025-05-01T14:15:24.110000,-0.004283
2025-05-01T14:15:24.120000,0.003120
2025-05-01T14:15:24.130000,-0.002533
2025-05-01T14:15:24.140000,-0.007654
2025-05-01T14:15:24.150000,-0.004514
2025-05-01T14:15:24.160000,-0.021973
2025-05-01T14:15:24.170000,-0.009876
2025-05-01T14:15:24.180000,-0.019163
2025-05-01T14:15:24.190000,-0.022218
2025-05-01T14:15:24.200000,0.001858
2025-05-01T14:15:24.210000,-0.002036
2025-05-01T14:15:24.220000,0.001616
2025-05-01T14:15:24.230000,0.007081
2025-05-01T14:15:24.240000,0.001714
2025-05-01T14:15:24.250000,0.010519
2025-05-01T14:15:24.260000,0.000454
2025-05-01T14:15:24.270000,0.017501
2025-05-01T14:15:24.280000,-0.012065
2025-05-01T14:15:24.290000,-0.008395
2025-05-01T14:15:24.300000,-0.006851
2025-05-01T14:15:24.310000,0.022095
2025-05-01T14:15:24.320000,-0.004467
2025-05-01T14:15:24.330000,0.011820
2025-05-01T14:15:24.340000,0.000098
2025-05-01T14:15:24.350000,0.011342
2025-05-01T14:15:24.360000,-0.002413
2025-05-01T14:15:24.370000,-0.001786
2025-05-01T14:15:24.380000,0.009109
2025-05-01T14:15:24.390000,0.000987
2025-05-01T14:15:24.400000,0.017095
2025-05-01T14:15:24.410000,0.005250
2025-05-01T14:15:24.420000,-0.004960
2025-05-01T14:15:24.430000,0.009287
2025-05-01T14:15:24.440000,-0.015396
2025-05-01T14:15:24.450000,-0.005565
2025-05-01T14:15:24.460000,-0.001932
2025-05-01T14:15:24.470000,-0.003344
2025-05-01T14:15:24.480000,0.005990
2025-05-01T14:15:24.490000,0.011095
2025-05-01T14:15:24.500000,0.007693
2025-05-01T14:15:24.510000,-0.009415
2025-05-01T14:15:24.520000,-0.004090
2025-05-01T14:15:24.530000,-0.001491
2025-05-01T14:15:24.540000,-0.003584
2025-05-01T14:15:24.550000,-0.006160
2025-05-01T14:15:24.560000,-0.001532
2025-05-01T14:15:24.570000,0.003477
2025-05-01T14:15:24.580000,-0.002077
2025-05-01T14:15:24.590000,0.016409
2025-05-01T14:15:24.600000,-0.015698
2025-05-01T14:15:24.610000,0.002628
2025-05-01T14:15:24.620000,-0.009424
2025-05-01T14:15:24.630000,0.001907
2025-05-01T14:15:24.640000,0.000648
2025-05-01T14:15:24.650000,-0.007199
2025-05-01T14:15:24.660000,-0.009331
2025-05-01T14:15:24.670000,-0.000062
2025-05-01T14:15:24.680000,0.004313
2025-05-01T14:15:24.690000,0.002129
2025-05-01T14:15:24.700000,0.008054
2025-05-01T14:15:24.710000,-0.001189
2025-05-01T14:15:24.720000,-0.001423
2025-05-01T14:15:24.730000,0.001739
2025-05-01T14:15:24.740000,-0.003942
2025-05-01T14:15:24.750000,0.006582
2025-05-01T14:15:24.760000,-0.002501
2025-05-01T14:15:24.770000,0.007739
2025-05-01T14:15:24.780000,-0.012197
2025-05-01T14:15:24.790000,0.013621
2025-05-01T14:15:24.800000,0.008353
2025-05-01T14:15:24.810000,-0.011820
2025-05-01T14:15:24.820000,-0.003692
2025-05-01T14:15:24.830000,-0.014799
2025-05-01T14:15:24.840000,0.020803
2025-05-01T14:15:24.850000,0.008281
2025-05-01T14:15:24.860000,0.000253
2025-05-01T14:15:24.870000,-0.002230
2025-05-01T14:15:24.880000,-0.006223
2025-05-01T14:15:24.890000,0.010802
2025-05-01T14:15:24.900000,-0.009485
2025-05-01T14:15:24.910000,0.013428
2025-05-01T14:15:24.920000,0.012736
2025-05-01T14:15:24.930000,0.009753
2025-05-01T14:15:24.940000,-0.009311
2025-05-01T14:15:24.950000,-0.010695
2025-05-01T14:15:24.960000,-0.006487
2025-05-01T14:15:24.970000,-0.010857
2025-05-01T14:15:24.980000,0.001372
2025-05-01T14:15:24.990000,-0.008968
2025-05-01T14:15:25,-0.012437
2025-05-01T14:15:25.010000,0.009716
2025-05-01T14:15:25.020000,0.008524
2025-05-01T14:15:25.030000,0.008991
2025-05-01T14:15:25.040000,0.010089
2025-05-01T14:15:25.050000,0.033830
2025-05-01T14:15:25.060000,0.001998
2025-05-01T14:15:25.070000,0.002725
2025-05-01T14:15:25.080000,0.014665
2025-05-01T14:15:25.090000,-0.008149
2025-05-01T14:15:25.100000,0.012515
2025-05-01T14:15:25.110000,-0.005809
2025-05-01T14:15:25.120000,-0.019988
2025-05-01T14:15:25.130000,-0.006291
2025-05-01T14:15:25.140000,-0.026523
2025-05-01T14:15:25.150000,0.010196
2025-05-01T14:15:25.160000,0.006676
2025-05-01T14:15:25.170000,0.010928
2025-05-01T14:15:25.180000,-0.007898
2025-05-01T14:15:25.190000,0.008429
2025-05-01T14:15:25.200000,-0.006140
2025-05-01T14:15:25.210000,0.013643
2025-05-01T14:15:25.220000,-0.007267
2025-05-01T14:15:25.230000,-0.011129
2025-05-01T14:15:25.240000,-0.009676
2025-05-01T14:15:25.250000,-0.016452
2025-05-01T14:15:25.260000,0.001276
2025-05-01T14:15:25.270000,-0.013876
2025-05-01T14:15:25.280000,0.004287
2025-05-01T14:15:25.290000,-0.003545
2025-05-01T14:15:25.300000,-0.014805
2025-05-01T14:15:25.310000,0.005024
2025-05-01T14:15:25.320000,0.007250
2025-05-01T14:15:25.330000,0.009624
2025-05-01T14:15:25.340000,0.000961
2025-05-01T14:15:25.350000,-0.001154
2025-05-01T14:15:25.360000,-0.003310
2025-05-01T14:15:25.370000,0.005263
2025-05-01T14:15:25.380000,-0.011295
2025-05-01T14:15:25.390000,0.008465
2025-05-01T14:15:25.400000,-0.004999
2025-05-01T14:15:25.410000,-0.006334
2025-05-01T14:15:25.420000,-0.004548
2025-05-01T14:15:25.430000,0.004025
2025-05-01T14:15:25.440000,0.010637
2025-05-01T14:15:25.450000,0.011192
2025-05-01T14:15:25.460000,0.015725
2025-05-01T14:15:25.470000,0.001203
2025-05-01T14:15:25.480000,0.017012
2025-05-01T14:15:25.490000,0.007714
2025-05-01T14:15:25.500000,0.031417
2025-05-01T14:15:25.510000,0.001029
2025-05-01T14:15:25.520000,0.001837
2025-05-01T14:15:25.530000,0.006663
2025-05-01T14:15:25.540000,0.002556
2025-05-01T14:15:25.550000,-0.021381
2025-05-01T14:15:25.560000,-0.010002
2025-05-01T14:15:25.570000,0.003828
2025-05-01T14:15:25.580000,0.007735
2025-05-01T14:15:25.590000,0.009751
2025-05-01T14:15:25.600000,-0.010902
2025-05-01T14:15:25.610000,-0.019292
2025-05-01T14:15:25.620000,-0.010063
2025-05-01T14:15:25.630000,-0.006799
2025-05-01T14:15:25.640000,-0.005457
2025-05-01T14:15:25.650000,-0.001598
2025-05-01T14:15:25.660000,0.008395
2025-05-01T14:15:25.670000,-0.006927
2025-05-01T14:15:25.680000,0.009195
2025-05-01T14:15:25.690000,0.009548
2025-05-01T14:15:25.700000,-0.011263
2025-05-01T14:15:25.710000,-0.009059
2025-05-01T14:15:25.720000,-0.002494
2025-05-01T14:15:25.730000,-0.003453
2025-05-01T14:15:25.740000,-0.004643
2025-05-01T14:15:25.750000,0.006274
2025-05-01T14:15:25.760000,-0.001446
2025-05-01T14:15:25.770000,-0.004855
2025-05-01T14:15:25.780000,-0.023859
2025-05-01T14:15:25.790000,-0.007886
2025-05-01T14:15:25.800000,0.024728
2025-05-01T14:15:25.810000,0.026048
2025-05-01T14:15:25.820000,0.001858
2025-05-01T14:15:25.830000,0.020720
2025-05-01T14:15:25.840000,-0.000185
2025-05-01T14:15:25.850000,0.011864
2025-05-01T14:15:25.860000,0.000208
2025-05-01T14:15:25.870000,0.018134
2025-05-01T14:15:25.880000,-0.004879
2025-05-01T14:15:25.890000,-0.019653
2025-05-01T14:15:25.900000,0.006999
2025-05-01T14:15:25.910000,-0.001247
2025-05-01T14:15:25.920000,0.011629
2025-05-01T14:15:25.930000,-0.012128
2025-05-01T14:15:25.940000,0.008198
2025-05-01T14:15:25.950000,0.028196
2025-05-01T14:15:25.960000,0.015509
2025-05-01T14:15:25.970000,0.008604
2025-05-01T14:15:25.980000,-0.007202
2025-05-01T14:15:25.990000,-0.001762
2025-05-01T14:15:26,-0.001388
2025-05-01T14:15:26.010000,0.001940
2025-05-01T14:15:26.020000,-0.006101
2025-05-01T14:15:26.030000,0.006106
2025-05-01T14:15:26.040000,-0.004082
2025-05-01T14:15:26.050000,-0.001735
2025-05-01T14:15:26.060000,0.004902
2025-05-01T14:15:26.070000,-0.014719
2025-05-01T14:15:26.080000,-0.009932
2025-05-01T14:15:26.090000,-0.015665
2025-05-01T14:15:26.100000,-0.009382
2025-05-01T14:15:26.110000,-0.003331
2025-05-01T14:15:26.120000,0.019586
2025-05-01T14:15:26.130000,-0.001965
2025-05-01T14:15:26.140000,0.003997
2025-05-01T14:15:26.150000,0.007377
2025-05-01T14:15:26.160000,-0.006506
2025-05-01T14:15:26.170000,0.001710
2025-05-01T14:15:26.180000,0.011421
2025-05-01T14:15:26.190000,0.003302
2025-05-01T14:15:26.200000,0.012077
2025-05-01T14:15:26.210000,-0.009235
2025-05-01T14:15:26.220000,-0.005962
2025-05-01T14:15:26.230000,-0.007891
2025-05-01T14:15:26.240000,0.005046
2025-05-01T14:15:26.250000,0.005082
2025-05-01T14:15:26.260000,-0.004622
2025-05-01T14:15:26.270000,0.003318
2025-05-01T14:15:26.280000,0.007600
2025-05-01T14:15:26.290000,0.010392
2025-05-01T14:15:26.300000,-0.011616
2025-05-01T14:15:26.310000,0.014063
2025-05-01T14:15:26.320000,-0.001843
2025-05-01T14:15:26.330000,0.002487
2025-05-01T14:15:26.340000,-0.000774
2025-05-01T14:15:26.350000,-0.015947
2025-05-01T14:15:26.360000,-0.009586
2025-05-01T14:15:26.370000,0.008327
2025-05-01T14:15:26.380000,-0.014514
2025-05-01T14:15:26.390000,-0.007384
2025-05-01T14:15:26.400000,0.006955
2025-05-01T14:15:26.410000,-0.001919
2025-05-01T14:15:26.420000,-0.003251
2025-05-01T14:15:26.430000,-0.002875
2025-05-01T14:15:26.440000,-0.020639
2025-05-01T14:15:26.450000,0.005926
2025-05-01T14:15:26.460000,-0.007961
2025-05-01T14:15:26.470000,-0.000513
2025-05-01T14:15:26.480000,-0.020170
2025-05-01T14:15:26.490000,-0.018460
2025-05-01T14:15:26.500000,-0.022057
2025-05-01T14:15:26.510000,-0.010791
2025-05-01T14:15:26.520000,0.001703
2025-05-01T14:15:26.530000,0.010796
2025-05-01T14:15:26.540000,-0.002479
2025-05-01T14:15:26.550000,0.017641
2025-05-01T14:15:26.560000,0.003864
2025-05-01T14:15:26.570000,0.004108
2025-05-01T14:15:26.580000,-0.003412
2025-05-01T14:15:26.590000,-0.006880
2025-05-01T14:15:26.600000,-0.005814
2025-05-01T14:15:26.610000,0.006926
2025-05-01T14:15:26.620000,0.012078
2025-05-01T14:15:26.630000,0.003047
2025-05-01T14:15:26.640000,0.013671
2025-05-01T14:15:26.650000,0.000231
2025-05-01T14:15:26.660000,-0.002735
2025-05-01T14:15:26.670000,0.003396
2025-05-01T14:15:26.680000,-0.012012
2025-05-01T14:15:26.690000,-0.025574
2025-05-01T14:15:26.700000,-0.005531
2025-05-01T14:15:26.710000,0.008061
2025-05-01T14:15:26.720000,0.000009
2025-05-01T14:15:26.730000,-0.011106
2025-05-01T14:15:26.740000,-0.013725
2025-05-01T14:15:26.750000,0.008398
2025-05-01T14:15:26.760000,0.006719
2025-05-01T14:15:26.770000,-0.003542
2025-05-01T14:15:26.780000,0.011780
2025-05-01T14:15:26.790000,0.022908
2025-05-01T14:15:26.800000,0.009944
2025-05-01T14:15:26.810000,-0.007141
2025-05-01T14:15:26.820000,0.001034
2025-05-01T14:15:26.830000,0.008383
2025-05-01T14:15:26.840000,-0.004854
2025-05-01T14:15:26.850000,0.006590
2025-05-01T14:15:26.860000,-0.019136
2025-05-01T14:15:26.870000,-0.002949
2025-05-01T14:15:26.880000,0.013337
2025-05-01T14:15:26.890000,-0.009402
2025-05-01T14:15:26.900000,0.014450
2025-05-01T14:15:26.910000,-0.002350
2025-05-01T14:15:26.920000,0.006573
2025-05-01T14:15:26.930000,-0.010621
2025-05-01T14:15:26.940000,-0.006503
2025-05-01T14:15:26.950000,-0.008164
2025-05-01T14:15:26.960000,0.003397
2025-05-01T14:15:26.970000,-0.006293
2025-05-01T14:15:26.980000,0.012392
2025-05-01T14:15:26.990000,0.006921
2025-05-01T14:15:27,0.001093
2025-05-01T14:15:27.010000,-0.009371
2025-05-01T14:15:27.020000,0.018402
2025-05-01T14:15:27.030000,-0.005362
2025-05-01T14:15:27.040000,-0.021796
2025-05-01T14:15:27.050000,-0.010472
2025-05-01T14:15:27.060000,0.004969
2025-05-01T14:15:27.070000,0.015216
2025-05-01T14:15:27.080000,-0.017891
2025-05-01T14:15:27.090000,0.015060
2025-05-01T14:15:27.100000,-0.000775
2025-05-01T14:15:27.110000,-0.017316
2025-05-01T14:15:27.120000,0.023357
2025-05-01T14:15:27.130000,-0.002753
2025-05-01T14:15:27.140000,0.003573
2025-05-01T14:15:27.150000,0.001082
2025-05-01T14:15:27.160000,-0.000374
2025-05-01T14:15:27.170000,0.005633
2025-05-01T14:15:27.180000,0.002145
2025-05-01T14:15:27.190000,-0.013407
2025-05-01T14:15:27.200000,-0.026339
2025-05-01T14:15:27.210000,-0.001623
2025-05-01T14:15:27.220000,0.004073
2025-05-01T14:15:27.230000,0.002678
2025-05-01T14:15:27.240000,0.011408
2025-05-01T14:15:27.250000,0.007659
2025-05-01T14:15:27.260000,-0.015750
2025-05-01T14:15:27.270000,-0.008599
2025-05-01T14:15:27.280000,0.006814
2025-05-01T14:15:27.290000,-0.002080
2025-05-01T14:15:27.300000,-0.002935
2025-05-01T14:15:27.310000,-0.002050
2025-05-01T14:15:27.320000,-0.007339
2025-05-01T14:15:27.330000,0.002691
2025-05-01T14:15:27.340000,0.000495
2025-05-01T14:15:27.350000,0.006517
2025-05-01T14:15:27.360000,-0.019604
2025-05-01T14:15:27.370000,-0.018379
2025-05-01T14:15:27.380000,0.012950
2025-05-01T14:15:27.390000,-0.008972
2025-05-01T14:15:27.400000,-0.019383
2025-05-01T14:15:27.410000,0.000490
2025-05-01T14:15:27.420000,-0.003864
2025-05-01T14:15:27.430000,-0.007164
2025-05-01T14:15:27.440000,0.000625
2025-05-01T14:15:27.450000,-0.000664
2025-05-01T14:15:27.460000,0.001735
2025-05-01T14:15:27.470000,-0.003229
2025-05-01T14:15:27.480000,0.008285
2025-05-01T14:15:27.490000,0.003633
2025-05-01T14:15:27.500000,0.007413
2025-05-01T14:15:27.510000,0.012719
2025-05-01T14:15:27.520000,0.021870
2025-05-01T14:15:27.530000,-0.023480
2025-05-01T14:15:27.540000,0.011727
2025-05-01T14:15:27.550000,0.000725
2025-05-01T14:15:27.560000,0.007631
2025-05-01T14:15:27.570000,-0.001144
2025-05-01T14:15:27.580000,-0.004537
2025-05-01T14:15:27.590000,-0.006345
2025-05-01T14:15:27.600000,0.012410
2025-05-01T14:15:27.610000,0.011029
2025-05-01T14:15:27.620000,0.006324
2025-05-01T14:15:27.630000,-0.010369
2025-05-01T14:15:27.640000,-0.003402
2025-05-01T14:15:27.650000,-0.007910
2025-05-01T14:15:27.660000,-0.005235
2025-05-01T14:15:27.670000,-0.003061
2025-05-01T14:15:27.680000,0.003644
2025-05-01T14:15:27.690000,0.024229
2025-05-01T14:15:27.700000,-0.006161
2025-05-01T14:15:27.710000,-0.007600
2025-05-01T14:15:27.720000,0.002143
2025-05-01T14:15:27.730000,0.006814
2025-05-01T14:15:27.740000,-0.026543
2025-05-01T14:15:27.750000,0.007883
2025-05-01T14:15:27.760000,-0.018155
2025-05-01T14:15:27.770000,-0.005639
2025-05-01T14:15:27.780000,-0.007342
2025-05-01T14:15:27.790000,-0.008699
2025-05-01T14:15:27.800000,-0.008466
2025-05-01T14:15:27.810000,-0.008366
2025-05-01T14:15:27.820000,-0.002029
2025-05-01T14:15:27.830000,0.016785
2025-05-01T14:15:27.840000,0.004111
2025-05-01T14:15:27.850000,-0.001457
2025-05-01T14:15:27.860000,0.017031
2025-05-01T14:15:27.870000,0.008350
2025-05-01T14:15:27.880000,-0.002040
2025-05-01T14:15:27.890000,0.027710
2025-05-01T14:15:27.900000,-0.014030
2025-05-01T14:15:27.910000,-0.022198
2025-05-01T14:15:27.920000,-0.008995
2025-05-01T14:15:27.930000,0.003078
2025-05-01T14:15:27.940000,0.007698
2025-05-01T14:15:27.950000,-0.000789
2025-05-01T14:15:27.960000,-0.013598
2025-05-01T14:15:27.970000,-0.007825
2025-05-01T14:15:27.980000,-0.012674
2025-05-01T14:15:27.990000,-0.000736
2025-05-01T14:15:28,-0.006718
2025-05-01T14:15:28.010000,-0.010020
2025-05-01T14:15:28.020000,0.004480
2025-05-01T14:15:28.030000,0.003184
2025-05-01T14:15:28.040000,-0.006723
2025-05-01T14:15:28.050000,-0.008510
2025-05-01T14:15:28.060000,-0.019488
2025-05-01T14:15:28.070000,0.006958
2025-05-01T14:15:28.080000,0.000846
2025-05-01T14:15:28.090000,0.029312
2025-05-01T14:15:28.100000,-0.013097
2025-05-01T14:15:28.110000,-0.009722
2025-05-01T14:15:28.120000,0.001430
2025-05-01T14:15:28.130000,0.004271
2025-05-01T14:15:28.140000,0.001181
2025-05-01T14:15:28.150000,-0.009110
2025-05-01T14:15:28.160000,-0.003671
2025-05-01T14:15:28.170000,-0.008036
2025-05-01T14:15:28.180000,0.004914
2025-05-01T14:15:28.190000,0.005113
2025-05-01T14:15:28.200000,-0.000093
2025-05-01T14:15:28.210000,-0.015666
2025-05-01T14:15:28.220000,-0.000552
2025-05-01T14:15:28.230000,0.004153
2025-05-01T14:15:28.240000,-0.010114
2025-05-01T14:15:28.250000,-0.002821
2025-05-01T14:15:28.260000,-0.001800
2025-05-01T14:15:28.270000,0.004064
2025-05-01T14:15:28.280000,-0.004927
2025-05-01T14:15:28.290000,0.001858
2025-05-01T14:15:28.300000,0.009322
2025-05-01T14:15:28.310000,-0.003821
2025-05-01T14:15:28.320000,0.008439
2025-05-01T14:15:28.330000,0.004498
2025-05-01T14:15:28.340000,-0.017317
2025-05-01T14:15:28.350000,0.007244
2025-05-01T14:15:28.360000,0.016493
2025-05-01T14:15:28.370000,-0.005895
2025-05-01T14:15:28.380000,-0.013609
2025-05-01T14:15:28.390000,-0.002232
2025-05-01T14:15:28.400000,-0.005725
2025-05-01T14:15:28.410000,-0.003211
2025-05-01T14:15:28.420000,-0.004216
2025-05-01T14:15:28.430000,-0.016617
2025-05-01T14:15:28.440000,0.012852
2025-05-01T14:15:28.450000,-0.005415
2025-05-01T14:15:28.460000,-0.009199
2025-05-01T14:15:28.470000,0.000489
2025-05-01T14:15:28.480000,0.011568
2025-05-01T14:15:28.490000,0.006333
2025-05-01T14:15:28.500000,-0.008910
2025-05-01T14:15:28.510000,-0.020476
2025-05-01T14:15:28.520000,-0.004197
2025-05-01T14:15:28.530000,0.001471
2025-05-01T14:15:28.540000,0.025497
2025-05-01T14:15:28.550000,-0.004180
2025-05-01T14:15:28.560000,-0.022278
2025-05-01T14:15:28.570000,-0.004724
2025-05-01T14:15:28.580000,0.009423
2025-05-01T14:15:28.590000,-0.009873
2025-05-01T14:15:28.600000,0.004329
2025-05-01T14:15:28.610000,-0.011415
2025-05-01T14:15:28.620000,0.003627
2025-05-01T14:15:28.630000,-0.004200
2025-05-01T14:15:28.640000,0.000238
2025-05-01T14:15:28.650000,-0.009915
2025-05-01T14:15:28.660000,-0.009051
2025-05-01T14:15:28.670000,-0.008701
2025-05-01T14:15:28.680000,0.015065
2025-05-01T14:15:28.690000,0.020539
2025-05-01T14:15:28.700000,0.013252
2025-05-01T14:15:28.710000,-0.003503
2025-05-01T14:15:28.720000,0.009065
2025-05-01T14:15:28.730000,-0.001990
2025-05-01T14:15:28.740000,-0.008988
2025-05-01T14:15:28.750000,-0.001089
2025-05-01T14:15:28.760000,-0.009145
2025-05-01T14:15:28.770000,0.006668
2025-05-01T14:15:28.780000,0.008288
2025-05-01T14:15:28.790000,-0.003978
2025-05-01T14:15:28.800000,0.001507
2025-05-01T14:15:28.810000,-0.005332
2025-05-01T14:15:28.820000,0.000141
2025-05-01T14:15:28.830000,-0.015112
2025-05-01T14:15:28.840000,-0.011465
2025-05-01T14:15:28.850000,0.011059
2025-05-01T14:15:28.860000,-0.010644
2025-05-01T14:15:28.870000,-0.002949
2025-05-01T14:15:28.880000,0.002059
2025-05-01T14:15:28.890000,0.007252
2025-05-01T14:15:28.900000,0.013986
2025-05-01T14:15:28.910000,-0.001294
2025-05-01T14:15:28.920000,0.004163
2025-05-01T14:15:28.930000,-0.007628
2025-05-01T14:15:28.940000,0.005384
2025-05-01T14:15:28.950000,0.000063
2025-05-01T14:15:28.960000,-0.006365
2025-05-01T14:15:28.970000,-0.009702
2025-05-01T14:15:28.980000,0.015346
2025-05-01T14:15:28.990000,-0.007245
2025-05-01T14:15:29,0.001569
2025-05-01T14:15:29.010000,-0.004754
2025-05-01T14:15:29.020000,0.002595
2025-05-01T14:15:29.030000,-0.014340
2025-05-01T14:15:29.040000,-0.004142
2025-05-01T14:15:29.050000,0.002329
2025-05-01T14:15:29.060000,0.005555
2025-05-01T14:15:29.070000,0.014716
2025-05-01T14:15:29.080000,-0.010731
2025-05-01T14:15:29.090000,0.004470
2025-05-01T14:15:29.100000,0.004215
2025-05-01T14:15:29.110000,0.002105
2025-05-01T14:15:29.120000,-0.002139
2025-05-01T14:15:29.130000,0.002405
2025-05-01T14:15:29.140000,-0.004804
2025-05-01T14:15:29.150000,0.008865
2025-05-01T14:15:29.160000,-0.009171
2025-05-01T14:15:29.170000,0.002246
2025-05-01T14:15:29.180000,0.017169
2025-05-01T14:15:29.190000,0.010931
2025-05-01T14:15:29.200000,-0.009810
2025-05-01T14:15:29.210000,0.000747
2025-05-01T14:15:29.220000,-0.010595
2025-05-01T14:15:29.230000,-0.016269
2025-05-01T14:15:29.240000,-0.004049
2025-05-01T14:15:29.250000,0.010713
2025-05-01T14:15:29.260000,0.012471
2025-05-01T14:15:29.270000,-0.010231
2025-05-01T14:15:29.280000,0.017715
2025-05-01T14:15:29.290000,0.001298
2025-05-01T14:15:29.300000,-0.020578
2025-05-01T14:15:29.310000,-0.021026
2025-05-01T14:15:29.320000,-0.000872
2025-05-01T14:15:29.330000,0.014730
2025-05-01T14:15:29.340000,0.000826
2025-05-01T14:15:29.350000,0.016701
2025-05-01T14:15:29.360000,-0.015456
2025-05-01T14:15:29.370000,-0.009310
2025-05-01T14:15:29.380000,-0.001494
2025-05-01T14:15:29.390000,-0.004102
2025-05-01T14:15:29.400000,-0.001762
2025-05-01T14:15:29.410000,0.025837
2025-05-01T14:15:29.420000,0.010755
2025-05-01T14:15:29.430000,0.003693
2025-05-01T14:15:29.440000,-0.001747
2025-05-01T14:15:29.450000,-0.006577
2025-05-01T14:15:29.460000,-0.001975
2025-05-01T14:15:29.470000,-0.008142
2025-05-01T14:15:29.480000,0.009516
2025-05-01T14:15:29.490000,-0.012275
2025-05-01T14:15:29.500000,-0.014260
2025-05-01T14:15:29.510000,0.006538
2025-05-01T14:15:29.520000,0.010513
2025-05-01T14:15:29.530000,-0.004360
2025-05-01T14:15:29.540000,0.005508
2025-05-01T14:15:29.550000,-0.002311
2025-05-01T14:15:29.560000,-0.008710
2025-05-01T14:15:29.570000,-0.021198
2025-05-01T14:15:29.580000,0.009878
2025-05-01T14:15:29.590000,0.000163
2025-05-01T14:15:29.600000,0.008143
2025-05-01T14:15:29.610000,0.003360
2025-05-01T14:15:29.620000,0.006254
2025-05-01T14:15:29.630000,0.002207
2025-05-01T14:15:29.640000,0.007782
2025-05-01T14:15:29.650000,-0.020804
2025-05-01T14:15:29.660000,0.011927
2025-05-01T14:15:29.670000,0.027833
2025-05-01T14:15:29.680000,-0.006515
2025-05-01T14:15:29.690000,-0.015357
2025-05-01T14:15:29.700000,-0.005142
2025-05-01T14:15:29.710000,-0.005029
2025-05-01T14:15:29.720000,0.000637
2025-05-01T14:15:29.730000,-0.002360
2025-05-01T14:15:29.740000,-0.009884
2025-05-01T14:15:29.750000,0.020775
2025-05-01T14:15:29.760000,0.001603
2025-05-01T14:15:29.770000,0.006794
2025-05-01T14:15:29.780000,0.006598
2025-05-01T14:15:29.790000,0.003401
2025-05-01T14:15:29.800000,0.009467
2025-05-01T14:15:29.810000,-0.004057
2025-05-01T14:15:29.820000,-0.008855
2025-05-01T14:15:29.830000,0.006765
2025-05-01T14:15:29.840000,-0.002225
2025-05-01T14:15:29.850000,0.004146
2025-05-01T14:15:29.860000,0.008393
2025-05-01T14:15:29.870000,0.020353
2025-05-01T14:15:29.880000,0.020426
2025-05-01T14:15:29.890000,0.009883
2025-05-01T14:15:29.900000,0.003615
2025-05-01T14:15:29.910000,-0.003750
2025-05-01T14:15:29.920000,0.009898
2025-05-01T14:15:29.930000,0.008291
2025-05-01T14:15:29.940000,0.010699
2025-05-01T14:15:29.950000,0.003045
2025-05-01T14:15:29.960000,0.000414
2025-05-01T14:15:29.970000,0.015822
2025-05-01T14:15:29.980000,0.000321
2025-05-01T14:15:29.990000,0.001791
2025-05-01T14:15:30,0.013651
2025-05-01T14:15:30.010000,-0.017198
2025-05-01T14:15:30.020000,-0.009151
2025-05-01T14:15:30.030000,-0.002728
2025-05-01T14:15:30.040000,0.006314
2025-05-01T14:15:30.050000,0.005860
2025-05-01T14:15:30.060000,-0.009029
2025-05-01T14:15:30.070000,-0.015147
2025-05-01T14:15:30.080000,0.009409
2025-05-01T14:15:30.090000,-0.004596
2025-05-01T14:15:30.100000,-0.014989
2025-05-01T14:15:30.110000,0.005008
2025-05-01T14:15:30.120000,0.001186
2025-05-01T14:15:30.130000,-0.003062
2025-05-01T14:15:30.140000,-0.009170
2025-05-01T14:15:30.150000,0.000804
2025-05-01T14:15:30.160000,-0.002997
2025-05-01T14:15:30.170000,0.009886
2025-05-01T14:15:30.180000,0.014137
2025-05-01T14:15:30.190000,0.003615
2025-05-01T14:15:30.200000,0.001964
2025-05-01T14:15:30.210000,-0.006169
2025-05-01T14:15:30.220000,0.018348
2025-05-01T14:15:30.230000,-0.004635
2025-05-01T14:15:30.240000,0.006304
2025-05-01T14:15:30.250000,0.004830
2025-05-01T14:15:30.260000,0.006826
2025-05-01T14:15:30.270000,0.018773
2025-05-01T14:15:30.280000,-0.022720
2025-05-01T14:15:30.290000,0.003393
2025-05-01T14:15:30.300000,0.001946
2025-05-01T14:15:30.310000,0.008996
2025-05-01T14:15:30.320000,0.009981
2025-05-01T14:15:30.330000,-0.004238
2025-05-01T14:15:30.340000,-0.006069
2025-05-01T14:15:30.350000,-0.008344
2025-05-01T14:15:30.360000,-0.005298
2025-05-01T14:15:30.370000,0.005449
2025-05-01T14:15:30.380000,0.001301
2025-05-01T14:15:30.390000,0.015224
2025-05-01T14:15:30.400000,-0.011336
2025-05-01T14:15:30.410000,0.005637
2025-05-01T14:15:30.420000,0.001586
2025-05-01T14:15:30.430000,0.003895
2025-05-01T14:15:30.440000,-0.005696
2025-05-01T14:15:30.450000,0.024808
2025-05-01T14:15:30.460000,0.004921
2025-05-01T14:15:30.470000,0.015820
2025-05-01T14:15:30.480000,-0.005850
2025-05-01T14:15:30.490000,-0.003875
2025-05-01T14:15:30.500000,0.003230
2025-05-01T14:15:30.510000,0.002402
2025-05-01T14:15:30.520000,-0.002180
2025-05-01T14:15:30.530000,-0.000770
2025-05-01T14:15:30.540000,0.009387
2025-05-01T14:15:30.550000,0.001644
2025-05-01T14:15:30.560000,-0.016080
2025-05-01T14:15:30.570000,0.004564
2025-05-01T14:15:30.580000,0.006828
2025-05-01T14:15:30.590000,0.003374
2025-05-01T14:15:30.600000,0.023902
2025-05-01T14:15:30.610000,0.018039
2025-05-01T14:15:30.620000,0.004176
2025-05-01T14:15:30.630000,-0.006033
2025-05-01T14:15:30.640000,0.005929
2025-05-01T14:15:30.650000,0.012889
2025-05-01T14:15:30.660000,-0.007681
2025-05-01T14:15:30.670000,-0.004531
2025-05-01T14:15:30.680000,0.012654
2025-05-01T14:15:30.690000,0.004114
2025-05-01T14:15:30.700000,-0.001262
2025-05-01T14:15:30.710000,0.003098
2025-05-01T14:15:30.720000,-0.013876
2025-05-01T14:15:30.730000,0.001140
2025-05-01T14:15:30.740000,0.006083
2025-05-01T14:15:30.750000,0.008361
2025-05-01T14:15:30.760000,-0.001764
2025-05-01T14:15:30.770000,-0.020944
2025-05-01T14:15:30.780000,-0.014607
2025-05-01T14:15:30.790000,-0.006548
2025-05-01T14:15:30.800000,0.006151
2025-05-01T14:15:30.810000,-0.001929
2025-05-01T14:15:30.820000,-0.004238
2025-05-01T14:15:30.830000,-0.023046
2025-05-01T14:15:30.840000,0.000912
2025-05-01T14:15:30.850000,-0.007380
2025-05-01T14:15:30.860000,0.010147
2025-05-01T14:15:30.870000,0.013952
2025-05-01T14:15:30.880000,0.009575
2025-05-01T14:15:30.890000,-0.014622
2025-05-01T14:15:30.900000,-0.018304
2025-05-01T14:15:30.910000,-0.005092
2025-05-01T14:15:30.920000,0.012825
2025-05-01T14:15:30.930000,-0.013111
2025-05-01T14:15:30.940000,0.014413
2025-05-01T14:15:30.950000,-0.007139
2025-05-01T14:15:30.960000,-0.005393
2025-05-01T14:15:30.970000,0.003214
2025-05-01T14:15:30.980000,-0.007481
2025-05-01T14:15:30.990000,0.000498
2025-05-01T14:15:31,0.005990
2025-05-01T14:15:31.010000,0.012686
2025-05-01T14:15:31.020000,-0.010558
2025-05-01T14:15:31.030000,0.004643
2025-05-01T14:15:31.040000,0.005322
2025-05-01T14:15:31.050000,0.003738
2025-05-01T14:15:31.060000,-0.022524
2025-05-01T14:15:31.070000,0.001976
2025-05-01T14:15:31.080000,0.003991
2025-05-01T14:15:31.090000,0.013475
2025-05-01T14:15:31.100000,-0.000481
2025-05-01T14:15:31.110000,0.002029
2025-05-01T14:15:31.120000,-0.009880
2025-05-01T14:15:31.130000,0.003926
2025-05-01T14:15:31.140000,-0.016958
2025-05-01T14:15:31.150000,-0.011381
2025-05-01T14:15:31.160000,-0.004258
2025-05-01T14:15:31.170000,0.003287
2025-05-01T14:15:31.180000,0.003488
2025-05-01T14:15:31.190000,0.000012
2025-05-01T14:15:31.200000,-0.001430
2025-05-01T14:15:31.210000,0.010280
2025-05-01T14:15:31.220000,-0.011691
2025-05-01T14:15:31.230000,-0.006336
2025-05-01T14:15:31.240000,0.004356
2025-05-01T14:15:31.250000,-0.002801
2025-05-01T14:15:31.260000,-0.004092
2025-05-01T14:15:31.270000,-0.002375
2025-05-01T14:15:31.280000,-0.003403
2025-05-01T14:15:31.290000,-0.003999
2025-05-01T14:15:31.300000,-0.008697
2025-05-01T14:15:31.310000,0.007363
2025-05-01T14:15:31.320000,-0.007260
2025-05-01T14:15:31.330000,-0.008114
2025-05-01T14:15:31.340000,0.004283
2025-05-01T14:15:31.350000,0.012178
2025-05-01T14:15:31.360000,0.014972
2025-05-01T14:15:31.370000,-0.004957
2025-05-01T14:15:31.380000,0.017181
2025-05-01T14:15:31.390000,0.000382
2025-05-01T14:15:31.400000,0.003663
2025-05-01T14:15:31.410000,-0.001776
2025-05-01T14:15:31.420000,0.012613
2025-05-01T14:15:31.430000,-0.003366
2025-05-01T14:15:31.440000,0.006444
2025-05-01T14:15:31.450000,0.001325
2025-05-01T14:15:31.460000,-0.009556
2025-05-01T14:15:31.470000,-0.007672
2025-05-01T14:15:31.480000,-0.006770
2025-05-01T14:15:31.490000,-0.013432
2025-05-01T14:15:31.500000,-0.002385
2025-05-01T14:15:31.510000,0.002734
2025-05-01T14:15:31.520000,-0.001160
2025-05-01T14:15:31.530000,-0.000167
2025-05-01T14:15:31.540000,0.001974
2025-05-01T14:15:31.550000,-0.009068
2025-05-01T14:15:31.560000,0.009410
2025-05-01T14:15:31.570000,-0.000184
2025-05-01T14:15:31.580000,0.006499
2025-05-01T14:15:31.590000,-0.003765
2025-05-01T14:15:31.600000,-0.017053
2025-05-01T14:15:31.610000,0.006432
2025-05-01T14:15:31.620000,-0.009143
2025-05-01T14:15:31.630000,-0.006212
2025-05-01T14:15:31.640000,0.002961
2025-05-01T14:15:31.650000,-0.005081
2025-05-01T14:15:31.660000,0.025229
2025-05-01T14:15:31.670000,0.008102
2025-05-01T14:15:31.680000,0.013284
2025-05-01T14:15:31.690000,-0.004044
2025-05-01T14:15:31.700000,-0.011493
2025-05-01T14:15:31.710000,-0.008835
2025-05-01T14:15:31.720000,0.004130
2025-05-01T14:15:31.730000,-0.006708
2025-05-01T14:15:31.740000,0.008618
2025-05-01T14:15:31.750000,-0.010931
2025-05-01T14:15:31.760000,-0.000465
2025-05-01T14:15:31.770000,0.014705
2025-05-01T14:15:31.780000,0.006644
2025-05-01T14:15:31.790000,-0.004642
2025-05-01T14:15:31.800000,-0.007514
2025-05-01T14:15:31.810000,-0.015317
2025-05-01T14:15:31.820000,0.027100
2025-05-01T14:15:31.830000,0.014450
2025-05-01T14:15:31.840000,0.001896
2025-05-01T14:15:31.850000,0.006094
2025-05-01T14:15:31.860000,-0.009117
2025-05-01T14:15:31.870000,0.001390
2025-05-01T14:15:31.880000,0.002527
2025-05-01T14:15:31.890000,-0.010674
2025-05-01T14:15:31.900000,0.006998
2025-05-01T14:15:31.910000,0.000226
2025-05-01T14:15:31.920000,0.006668
2025-05-01T14:15:31.930000,-0.009889
2025-05-01T14:15:31.940000,-0.003109
2025-05-01T14:15:31.950000,0.005200
2025-05-01T14:15:31.960000,0.003790
2025-05-01T14:15:31.970000,-0.008184
2025-05-01T14:15:31.980000,0.016317
2025-05-01T14:15:31.990000,-0.005172
2025-05-01T14:15:32,-0.006941
2025-05-01T14:15:32.010000,0.005718
2025-05-01T14:15:32.020000,0.001072
2025-05-01T14:15:32.030000,-0.003798
2025-05-01T14:15:32.040000,-0.023331
2025-05-01T14:15:32.050000,-0.005287
2025-05-01T14:15:32.060000,0.011193
2025-05-01T14:15:32.070000,0.000778
2025-05-01T14:15:32.080000,-0.008416
2025-05-01T14:15:32.090000,0.019473
2025-05-01T14:15:32.100000,0.001747
2025-05-01T14:15:32.110000,0.001511
2025-05-01T14:15:32.120000,0.017671
2025-05-01T14:15:32.130000,-0.010070
2025-05-01T14:15:32.140000,0.000167
2025-05-01T14:15:32.150000,0.000882
2025-05-01T14:15:32.160000,0.004010
2025-05-01T14:15:32.170000,-0.010440
2025-05-01T14:15:32.180000,-0.006400
2025-05-01T14:15:32.190000,0.011502
2025-05-01T14:15:32.200000,-0.014735
2025-05-01T14:15:32.210000,-0.001444
2025-05-01T14:15:32.220000,-0.006099
2025-05-01T14:15:32.230000,-0.003739
2025-05-01T14:15:32.240000,-0.001827
2025-05-01T14:15:32.250000,-0.013857
2025-05-01T14:15:32.260000,0.010174
2025-05-01T14:15:32.270000,-0.000610
2025-05-01T14:15:32.280000,-0.020906
2025-05-01T14:15:32.290000,0.010096
2025-05-01T14:15:32.300000,0.001010
2025-05-01T14:15:32.310000,0.016938
2025-05-01T14:15:32.320000,0.004388
2025-05-01T14:15:32.330000,0.010807
2025-05-01T14:15:32.340000,0.003451
2025-05-01T14:15:32.350000,0.009494
2025-05-01T14:15:32.360000,-0.022712
2025-05-01T14:15:32.370000,-0.023142
2025-05-01T14:15:32.380000,0.005823
2025-05-01T14:15:32.390000,-0.005434
2025-05-01T14:15:32.400000,0.005580
2025-05-01T14:15:32.410000,0.005410
2025-05-01T14:15:32.420000,-0.010080
2025-05-01T14:15:32.430000,0.004810
2025-05-01T14:15:32.440000,-0.014083
2025-05-01T14:15:32.450000,-0.002130
2025-05-01T14:15:32.460000,-0.005052
2025-05-01T14:15:32.470000,0.015774
2025-05-01T14:15:32.480000,-0.020124
2025-05-01T14:15:32.490000,-0.009094
2025-05-01T14:15:32.500000,0.005729
2025-05-01T14:15:32.510000,-0.000833
2025-05-01T14:15:32.520000,0.001326
2025-05-01T14:15:32.530000,-0.000487
2025-05-01T14:15:32.540000,-0.001247
2025-05-01T14:15:32.550000,0.027042
2025-05-01T14:15:32.560000,-0.006985
2025-05-01T14:15:32.570000,0.002302
2025-05-01T14:15:32.580000,0.003794
2025-05-01T14:15:32.590000,0.025688
2025-05-01T14:15:32.600000,0.003434
2025-05-01T14:15:32.610000,-0.007601
2025-05-01T14:15:32.620000,0.013840
2025-05-01T14:15:32.630000,-0.007552
2025-05-01T14:15:32.640000,0.007697
2025-05-01T14:15:32.650000,-0.009350
2025-05-01T14:15:32.660000,-0.007468
2025-05-01T14:15:32.670000,-0.001232
2025-05-01T14:15:32.680000,-0.000596
2025-05-01T14:15:32.690000,-0.000675
2025-05-01T14:15:32.700000,0.027148
2025-05-01T14:15:32.710000,-0.015520
2025-05-01T14:15:32.720000,-0.005983
2025-05-01T14:15:32.730000,0.000560
2025-05-01T14:15:32.740000,0.029847
2025-05-01T14:15:32.750000,0.006922
2025-05-01T14:15:32.760000,-0.007543
2025-05-01T14:15:32.770000,0.005672
2025-05-01T14:15:32.780000,0.002517
2025-05-01T14:15:32.790000,-0.010092
2025-05-01T14:15:32.800000,0.001795
2025-05-01T14:15:32.810000,-0.021512
2025-05-01T14:15:32.820000,0.012758
2025-05-01T14:15:32.830000,-0.009722
2025-05-01T14:15:32.840000,0.003804
2025-05-01T14:15:32.850000,0.011715
2025-05-01T14:15:32.860000,0.003901
2025-05-01T14:15:32.870000,0.015201
2025-05-01T14:15:32.880000,0.011548
2025-05-01T14:15:32.890000,-0.009385
2025-05-01T14:15:32.900000,0.005455
2025-05-01T14:15:32.910000,-0.008344
2025-05-01T14:15:32.920000,-0.012350
2025-05-01T14:15:32.930000,-0.000943
2025-05-01T14:15:32.940000,0.005537
2025-05-01T14:15:32.950000,0.020250
2025-05-01T14:15:32.960000,-0.002945
2025-05-01T14:15:32.970000,0.009678
2025-05-01T14:15:32.980000,-0.018683
2025-05-01T14:15:32.990000,0.002481
2025-05-01T14:15:33,0.016063
2025-05-01T14:15:33.010000,0.016397
2025-05-01T14:15:33.020000,0.005012
2025-05-01T14:15:33.030000,0.011318
2025-05-01T14:15:33.040000,0.006178
2025-05-01T14:15:33.050000,-0.011551
2025-05-01T14:15:33.060000,0.004174
2025-05-01T14:15:33.070000,-0.013315
2025-05-01T14:15:33.080000,-0.006694
2025-05-01T14:15:33.090000,-0.007518
2025-05-01T14:15:33.100000,-0.004815
2025-05-01T14:15:33.110000,-0.002288
2025-05-01T14:15:33.120000,-0.001328
2025-05-01T14:15:33.130000,0.003737
2025-05-01T14:15:33.140000,-0.003641
2025-05-01T14:15:33.150000,0.006368
2025-05-01T14:15:33.160000,-0.000808
2025-05-01T14:15:33.170000,-0.024435
2025-05-01T14:15:33.180000,-0.000541
2025-05-01T14:15:33.190000,0.019213
2025-05-01T14:15:33.200000,0.014549
2025-05-01T14:15:33.210000,-0.003359
2025-05-01T14:15:33.220000,-0.010258
2025-05-01T14:15:33.230000,0.004201
2025-05-01T14:15:33.240000,0.010652
2025-05-01T14:15:33.250000,0.008252
2025-05-01T14:15:33.260000,-0.004734
2025-05-01T14:15:33.270000,-0.002079
2025-05-01T14:15:33.280000,0.007873
2025-05-01T14:15:33.290000,-0.007368
2025-05-01T14:15:33.300000,0.014548
2025-05-01T14:15:33.310000,-0.018240
2025-05-01T14:15:33.320000,0.012652
2025-05-01T14:15:33.330000,0.003120
2025-05-01T14:15:33.340000,-0.004887
2025-05-01T14:15:33.350000,-0.005553
2025-05-01T14:15:33.360000,0.003066
2025-05-01T14:15:33.370000,0.002046
2025-05-01T14:15:33.380000,0.008207
2025-05-01T14:15:33.390000,0.019330
2025-05-01T14:15:33.400000,0.003905
2025-05-01T14:15:33.410000,0.003336
2025-05-01T14:15:33.420000,0.005787
2025-05-01T14:15:33.430000,0.004972
2025-05-01T14:15:33.440000,-0.000613
2025-05-01T14:15:33.450000,0.001161
2025-05-01T14:15:33.460000,0.031894
2025-05-01T14:15:33.470000,0.013113
2025-05-01T14:15:33.480000,0.001007
2025-05-01T14:15:33.490000,0.019538
2025-05-01T14:15:33.500000,0.003586
2025-05-01T14:15:33.510000,0.019098
2025-05-01T14:15:33.520000,-0.020454
2025-05-01T14:15:33.530000,-0.008133
2025-05-01T14:15:33.540000,0.000190
2025-05-01T14:15:33.550000,-0.005188
2025-05-01T14:15:33.560000,-0.012010
2025-05-01T14:15:33.570000,-0.004472
2025-05-01T14:15:33.580000,-0.014568
2025-05-01T14:15:33.590000,0.004827
2025-05-01T14:15:33.600000,0.006074
2025-05-01T14:15:33.610000,-0.009281
2025-05-01T14:15:33.620000,0.004195
2025-05-01T14:15:33.630000,0.006353
2025-05-01T14:15:33.640000,-0.001865
2025-05-01T14:15:33.650000,0.004137
2025-05-01T14:15:33.660000,-0.009889
2025-05-01T14:15:33.670000,0.018686
2025-05-01T14:15:33.680000,0.011267
2025-05-01T14:15:33.690000,0.009358
2025-05-01T14:15:33.700000,0.006004
2025-05-01T14:15:33.710000,-0.014608
2025-05-01T14:15:33.720000,0.012675
2025-05-01T14:15:33.730000,-0.009970
2025-05-01T14:15:33.740000,0.017507
2025-05-01T14:15:33.750000,-0.012019
2025-05-01T14:15:33.760000,0.008085
2025-05-01T14:15:33.770000,0.011579
2025-05-01T14:15:33.780000,0.006048
2025-05-01T14:15:33.790000,0.000539
2025-05-01T14:15:33.800000,0.003322
2025-05-01T14:15:33.810000,-0.007429
2025-05-01T14:15:33.820000,0.013680
2025-05-01T14:15:33.830000,0.003208
2025-05-01T14:15:33.840000,-0.003504
2025-05-01T14:15:33.850000,0.000432
2025-05-01T14:15:33.860000,-0.022016
2025-05-01T14:15:33.870000,0.001594
2025-05-01T14:15:33.880000,-0.002445
2025-05-01T14:15:33.890000,-0.005560
2025-05-01T14:15:33.900000,-0.000337
2025-05-01T14:15:33.910000,-0.009788
2025-05-01T14:15:33.920000,-0.004465
2025-05-01T14:15:33.930000,0.000463
2025-05-01T14:15:33.940000,0.006188
2025-05-01T14:15:33.950000,-0.004966
2025-05-01T14:15:33.960000,-0.004206
2025-05-01T14:15:33.970000,-0.014071
2025-05-01T14:15:33.980000,0.007421
2025-05-01T14:15:33.990000,0.004505
2025-05-01T14:15:34,0.015701
2025-05-01T14:15:34.010000,-0.031033
2025-05-01T14:15:34.020000,-0.006550
2025-05-01T14:15:34.030000,0.006260
2025-05-01T14:15:34.040000,0.001579
2025-05-01T14:15:34.050000,0.008963
2025-05-01T14:15:34.060000,0.000928
2025-05-01T14:15:34.070000,0.007721
2025-05-01T14:15:34.080000,-0.010340
2025-05-01T14:15:34.090000,0.003218
2025-05-01T14:15:34.100000,0.015793
2025-05-01T14:15:34.110000,0.004543
2025-05-01T14:15:34.120000,0.000875
2025-05-01T14:15:34.130000,0.000338
2025-05-01T14:15:34.140000,0.008334
2025-05-01T14:15:34.150000,-0.001130
2025-05-01T14:15:34.160000,0.009880
2025-05-01T14:15:34.170000,0.005154
2025-05-01T14:15:34.180000,-0.005078
2025-05-01T14:15:34.190000,0.000396
2025-05-01T14:15:34.200000,0.013410
2025-05-01T14:15:34.210000,-0.007723
2025-05-01T14:15:34.220000,0.015253
2025-05-01T14:15:34.230000,0.008269
2025-05-01T14:15:34.240000,0.004325
2025-05-01T14:15:34.250000,0.002693
2025-05-01T14:15:34.260000,0.004108
2025-05-01T14:15:34.270000,0.004044
2025-05-01T14:15:34.280000,0.002571
2025-05-01T14:15:34.290000,-0.000786
2025-05-01T14:15:34.300000,0.020857
2025-05-01T14:15:34.310000,-0.002562
2025-05-01T14:15:34.320000,0.004109
2025-05-01T14:15:34.330000,-0.001895
2025-05-01T14:15:34.340000,0.005723
2025-05-01T14:15:34.350000,0.003120
2025-05-01T14:15:34.360000,-0.001211
2025-05-01T14:15:34.370000,-0.002814
2025-05-01T14:15:34.380000,-0.015077
2025-05-01T14:15:34.390000,-0.004212
2025-05-01T14:15:34.400000,0.011398
2025-05-01T14:15:34.410000,0.001220
2025-05-01T14:15:34.420000,-0.004267
2025-05-01T14:15:34.430000,-0.003569
2025-05-01T14:15:34.440000,-0.011349
2025-05-01T14:15:34.450000,-0.014087
2025-05-01T14:15:34.460000,0.013228
2025-05-01T14:15:34.470000,-0.003192
2025-05-01T14:15:34.480000,0.014182
2025-05-01T14:15:34.490000,0.015362
2025-05-01T14:15:34.500000,0.001936
2025-05-01T14:15:34.510000,-0.004060
2025-05-01T14:15:34.520000,0.000565
2025-05-01T14:15:34.530000,-0.005604
2025-05-01T14:15:34.540000,-0.005478
2025-05-01T14:15:34.550000,0.000368
2025-05-01T14:15:34.560000,0.013692
2025-05-01T14:15:34.570000,-0.002018
2025-05-01T14:15:34.580000,-0.003763
2025-05-01T14:15:34.590000,-0.001152
2025-05-01T14:15:34.600000,-0.009772
2025-05-01T14:15:34.610000,0.012195
2025-05-01T14:15:34.620000,0.015601
2025-05-01T14:15:34.630000,-0.003233
2025-05-01T14:15:34.640000,-0.001343
2025-05-01T14:15:34.650000,-0.004005
2025-05-01T14:15:34.660000,0.006015
2025-05-01T14:15:34.670000,0.008552
2025-05-01T14:15:34.680000,-0.008162
2025-05-01T14:15:34.690000,0.003572
2025-05-01T14:15:34.700000,0.001097
2025-05-01T14:15:34.710000,-0.016175
2025-05-01T14:15:34.720000,-0.004726
2025-05-01T14:15:34.730000,0.007300
2025-05-01T14:15:34.740000,-0.005506
2025-05-01T14:15:34.750000,0.003867
2025-05-01T14:15:34.760000,0.015446
2025-05-01T14:15:34.770000,0.017682
2025-05-01T14:15:34.780000,0.009577
2025-05-01T14:15:34.790000,0.007341
2025-05-01T14:15:34.800000,-0.004987
2025-05-01T14:15:34.810000,0.006406
2025-05-01T14:15:34.820000,0.020312
2025-05-01T14:15:34.830000,-0.013261
2025-05-01T14:15:34.840000,-0.000527
2025-05-01T14:15:34.850000,0.009619
2025-05-01T14:15:34.860000,0.002902
2025-05-01T14:15:34.870000,-0.009665
2025-05-01T14:15:34.880000,-0.000732
2025-05-01T14:15:34.890000,0.001272
2025-05-01T14:15:34.900000,0.005227
2025-05-01T14:15:34.910000,0.026719
2025-05-01T14:15:34.920000,0.006265
2025-05-01T14:15:34.930000,-0.011604
2025-05-01T14:15:34.940000,-0.013441
2025-05-01T14:15:34.950000,-0.009113
2025-05-01T14:15:34.960000,-0.008374
2025-05-01T14:15:34.970000,0.009816
2025-05-01T14:15:34.980000,0.015062
2025-05-01T14:15:34.990000,0.009930
2025-05-01T14:15:35,0.004551
2025-05-01T14:15:35.010000,-0.005079
2025-05-01T14:15:35.020000,-0.001497
2025-05-01T14:15:35.030000,-0.017985
2025-05-01T14:15:35.040000,-0.010880
2025-05-01T14:15:35.050000,-0.005428
2025-05-01T14:15:35.060000,-0.006174
2025-05-01T14:15:35.070000,0.008572
2025-05-01T14:15:35.080000,-0.011810
2025-05-01T14:15:35.090000,-0.006606
2025-05-01T14:15:35.100000,-0.016351
2025-05-01T14:15:35.110000,0.002298
2025-05-01T14:15:35.120000,-0.002082
2025-05-01T14:15:35.130000,0.001215
2025-05-01T14:15:35.140000,-0.015051
2025-05-01T14:15:35.150000,-0.008687
2025-05-01T14:15:35.160000,0.002358
2025-05-01T14:15:35.170000,0.003078
2025-05-01T14:15:35.180000,-0.005599
2025-05-01T14:15:35.190000,-0.000253
2025-05-01T14:15:35.200000,0.000755
2025-05-01T14:15:35.210000,0.005063
2025-05-01T14:15:35.220000,-0.001202
2025-05-01T14:15:35.230000,-0.012121
2025-05-01T14:15:35.240000,0.009413
2025-05-01T14:15:35.250000,-0.002938
2025-05-01T14:15:35.260000,-0.005673
2025-05-01T14:15:35.270000,-0.002977
2025-05-01T14:15:35.280000,0.003909
2025-05-01T14:15:35.290000,-0.012071
2025-05-01T14:15:35.300000,-0.008619
2025-05-01T14:15:35.310000,0.006109
2025-05-01T14:15:35.320000,0.002585
2025-05-01T14:15:35.330000,0.007243
2025-05-01T14:15:35.340000,-0.005049
2025-05-01T14:15:35.350000,0.019783
2025-05-01T14:15:35.360000,0.003871
2025-05-01T14:15:35.370000,-0.005809
2025-05-01T14:15:35.380000,-0.000889
2025-05-01T14:15:35.390000,-0.000745
2025-05-01T14:15:35.400000,0.002145
2025-05-01T14:15:35.410000,-0.002445
2025-05-01T14:15:35.420000,-0.000819
2025-05-01T14:15:35.430000,0.008112
2025-05-01T14:15:35.440000,-0.002903
2025-05-01T14:15:35.450000,0.001588
2025-05-01T14:15:35.460000,0.009990
2025-05-01T14:15:35.470000,-0.009649
2025-05-01T14:15:35.480000,0.005096
2025-05-01T14:15:35.490000,-0.019095
2025-05-01T14:15:35.500000,-0.008512
2025-05-01T14:15:35.510000,-0.013467
2025-05-01T14:15:35.520000,-0.003572
2025-05-01T14:15:35.530000,-0.004798
2025-05-01T14:15:35.540000,0.004345
2025-05-01T14:15:35.550000,0.003055
2025-05-01T14:15:35.560000,-0.009876
2025-05-01T14:15:35.570000,0.002532
2025-05-01T14:15:35.580000,-0.004029
2025-05-01T14:15:35.590000,-0.008579
2025-05-01T14:15:35.600000,-0.000418
2025-05-01T14:15:35.610000,-0.000374
2025-05-01T14:15:35.620000,0.001199
2025-05-01T14:15:35.630000,0.013732
2025-05-01T14:15:35.640000,-0.000349
2025-05-01T14:15:35.650000,0.009337
2025-05-01T14:15:35.660000,-0.002715
2025-05-01T14:15:35.670000,-0.001430
2025-05-01T14:15:35.680000,-0.004679
2025-05-01T14:15:35.690000,-0.007955
2025-05-01T14:15:35.700000,0.004156
2025-05-01T14:15:35.710000,0.004623
2025-05-01T14:15:35.720000,0.007708
2025-05-01T14:15:35.730000,0.010021
2025-05-01T14:15:35.740000,0.009852
2025-05-01T14:15:35.750000,0.000743
2025-05-01T14:15:35.760000,0.004802
2025-05-01T14:15:35.770000,-0.000794
2025-05-01T14:15:35.780000,0.005870
2025-05-01T14:15:35.790000,-0.021581
2025-05-01T14:15:35.800000,-0.002640
2025-05-01T14:15:35.810000,0.015727
2025-05-01T14:15:35.820000,0.000526
2025-05-01T14:15:35.830000,0.005333
2025-05-01T14:15:35.840000,0.031581
2025-05-01T14:15:35.850000,0.022047
2025-05-01T14:15:35.860000,0.013608
2025-05-01T14:15:35.870000,0.000990
2025-05-01T14:15:35.880000,-0.003779
2025-05-01T14:15:35.890000,-0.008509
2025-05-01T14:15:35.900000,0.001813
2025-05-01T14:15:35.910000,-0.006143
2025-05-01T14:15:35.920000,0.013126
2025-05-01T14:15:35.930000,-0.001745
2025-05-01T14:15:35.940000,0.011589
2025-05-01T14:15:35.950000,-0.008998
2025-05-01T14:15:35.960000,0.009193
2025-05-01T14:15:35.970000,0.009377
2025-05-01T14:15:35.980000,-0.010392
2025-05-01T14:15:35.990000,0.006318
2025-05-01T14:15:36,-0.023276
2025-05-01T14:15:36.010000,0.010982
2025-05-01T14:15:36.020000,-0.007151
2025-05-01T14:15:36.030000,0.006772
2025-05-01T14:15:36.040000,0.016270
2025-05-01T14:15:36.050000,-0.003732
2025-05-01T14:15:36.060000,0.013669
2025-05-01T14:15:36.070000,-0.002474
2025-05-01T14:15:36.080000,0.000489
2025-05-01T14:15:36.090000,0.016732
2025-05-01T14:15:36.100000,0.002338
2025-05-01T14:15:36.110000,0.005208
2025-05-01T14:15:36.120000,0.011206
2025-05-01T14:15:36.130000,-0.016357
2025-05-01T14:15:36.140000,0.011844
2025-05-01T14:15:36.150000,0.008517
2025-05-01T14:15:36.160000,-0.007078
2025-05-01T14:15:36.170000,0.017390
2025-05-01T14:15:36.180000,-0.005122
2025-05-01T14:15:36.190000,0.004163
2025-05-01T14:15:36.200000,0.010115
2025-05-01T14:15:36.210000,0.016731
2025-05-01T14:15:36.220000,0.000417
2025-05-01T14:15:36.230000,-0.017965
2025-05-01T14:15:36.240000,0.004482
2025-05-01T14:15:36.250000,0.012910
2025-05-01T14:15:36.260000,0.001260
2025-05-01T14:15:36.270000,-0.007427
2025-05-01T14:15:36.280000,-0.006882
2025-05-01T14:15:36.290000,0.001141
2025-05-01T14:15:36.300000,-0.012078
2025-05-01T14:15:36.310000,0.017650
2025-05-01T14:15:36.320000,-0.000323
2025-05-01T14:15:36.330000,-0.002786
2025-05-01T14:15:36.340000,-0.006782
2025-05-01T14:15:36.350000,-0.000706
2025-05-01T14:15:36.360000,0.006086
2025-05-01T14:15:36.370000,0.006912
2025-05-01T14:15:36.380000,0.005582
2025-05-01T14:15:36.390000,-0.011092
2025-05-01T14:15:36.400000,-0.001002
2025-05-01T14:15:36.410000,-0.002970
2025-05-01T14:15:36.420000,0.010391
2025-05-01T14:15:36.430000,0.007736
2025-05-01T14:15:36.440000,0.001257
2025-05-01T14:15:36.450000,0.009335
2025-05-01T14:15:36.460000,0.003929
2025-05-01T14:15:36.470000,0.008053
2025-05-01T14:15:36.480000,-0.006321
2025-05-01T14:15:36.490000,0.015990
2025-05-01T14:15:36.500000,0.011075
2025-05-01T14:15:36.510000,0.005116
2025-05-01T14:15:36.520000,0.009277
2025-05-01T14:15:36.530000,0.021874
2025-05-01T14:15:36.540000,-0.000606
2025-05-01T14:15:36.550000,0.009570
2025-05-01T14:15:36.560000,0.012134
2025-05-01T14:15:36.570000,-0.005593
2025-05-01T14:15:36.580000,0.006431
2025-05-01T14:15:36.590000,0.000711
2025-05-01T14:15:36.600000,-0.010627
2025-05-01T14:15:36.610000,-0.018625
2025-05-01T14:15:36.620000,0.007974
2025-05-01T14:15:36.630000,0.007503
2025-05-01T14:15:36.640000,-0.003741
2025-05-01T14:15:36.650000,-0.007689
2025-05-01T14:15:36.660000,-0.005473
2025-05-01T14:15:36.670000,0.002594
2025-05-01T14:15:36.680000,-0.009887
2025-05-01T14:15:36.690000,-0.006985
2025-05-01T14:15:36.700000,-0.012297
2025-05-01T14:15:36.710000,-0.000687
2025-05-01T14:15:36.720000,-0.004298
2025-05-01T14:15:36.730000,-0.004950
2025-05-01T14:15:36.740000,-0.018995
2025-05-01T14:15:36.750000,0.027899
2025-05-01T14:15:36.760000,-0.013814
2025-05-01T14:15:36.770000,0.001379
2025-05-01T14:15:36.780000,0.004665
2025-05-01T14:15:36.790000,0.005327
2025-05-01T14:15:36.800000,-0.003272
2025-05-01T14:15:36.810000,0.004381
2025-05-01T14:15:36.820000,-0.010290
2025-05-01T14:15:36.830000,-0.004534
2025-05-01T14:15:36.840000,-0.011475
2025-05-01T14:15:36.850000,0.003006
2025-05-01T14:15:36.860000,-0.006976
2025-05-01T14:15:36.870000,0.011443
2025-05-01T14:15:36.880000,0.010591
2025-05-01T14:15:36.890000,-0.000702
2025-05-01T14:15:36.900000,-0.005846
2025-05-01T14:15:36.910000,-0.001073
2025-05-01T14:15:36.920000,0.007903
2025-05-01T14:15:36.930000,0.003493
2025-05-01T14:15:36.940000,0.011931
2025-05-01T14:15:36.950000,0.017073
2025-05-01T14:15:36.960000,-0.003786
2025-05-01T14:15:36.970000,-0.000052
2025-05-01T14:15:36.980000,-0.003327
2025-05-01T14:15:36.990000,-0.011471
2025-05-01T14:15:37,-0.004493
2025-05-01T14:15:37.010000,0.009736
2025-05-01T14:15:37.020000,-0.003496
2025-05-01T14:15:37.030000,-0.001024
2025-05-01T14:15:37.040000,0.009365
2025-05-01T14:15:37.050000,-0.002134
2025-05-01T14:15:37.060000,0.011905
2025-05-01T14:15:37.070000,-0.019633
2025-05-01T14:15:37.080000,-0.006960
2025-05-01T14:15:37.090000,-0.009894
2025-05-01T14:15:37.100000,-0.009635
2025-05-01T14:15:37.110000,-0.001123
2025-05-01T14:15:37.120000,-0.005615
2025-05-01T14:15:37.130000,0.012975
2025-05-01T14:15:37.140000,0.016101
2025-05-01T14:15:37.150000,0.008645
2025-05-01T14:15:37.160000,-0.002256
2025-05-01T14:15:37.170000,0.020290
2025-05-01T14:15:37.180000,0.002260
2025-05-01T14:15:37.190000,0.006492
2025-05-01T14:15:37.200000,-0.002036
2025-05-01T14:15:37.210000,0.000051
2025-05-01T14:15:37.220000,0.000768
2025-05-01T14:15:37.230000,-0.001809
2025-05-01T14:15:37.240000,-0.019447
2025-05-01T14:15:37.250000,0.003567
2025-05-01T14:15:37.260000,0.009739
2025-05-01T14:15:37.270000,0.016212
2025-05-01T14:15:37.280000,0.002511
2025-05-01T14:15:37.290000,0.008333
2025-05-01T14:15:37.300000,-0.013276
2025-05-01T14:15:37.310000,-0.019620
2025-05-01T14:15:37.320000,-0.019075
2025-05-01T14:15:37.330000,-0.007913
2025-05-01T14:15:37.340000,-0.003127
2025-05-01T14:15:37.350000,-0.002224
2025-05-01T14:15:37.360000,0.004849
2025-05-01T14:15:37.370000,-0.003471
2025-05-01T14:15:37.380000,-0.005773
2025-05-01T14:15:37.390000,0.001643
2025-05-01T14:15:37.400000,0.000200
2025-05-01T14:15:37.410000,-0.001501
2025-05-01T14:15:37.420000,-0.001455
2025-05-01T14:15:37.430000,0.010683
2025-05-01T14:15:37.440000,0.004047
2025-05-01T14:15:37.450000,-0.000101
2025-05-01T14:15:37.460000,0.010088
2025-05-01T14:15:37.470000,-0.000041
2025-05-01T14:15:37.480000,0.002167
2025-05-01T14:15:37.490000,0.010990
2025-05-01T14:15:37.500000,0.011694
2025-05-01T14:15:37.510000,-0.001409
2025-05-01T14:15:37.520000,-0.006740
2025-05-01T14:15:37.530000,-0.001631
2025-05-01T14:15:37.540000,0.004993
2025-05-01T14:15:37.550000,0.002055
2025-05-01T14:15:37.560000,0.007102
2025-05-01T14:15:37.570000,0.016406
2025-05-01T14:15:37.580000,0.015063
2025-05-01T14:15:37.590000,-0.008280
2025-05-01T14:15:37.600000,-0.014464
2025-05-01T14:15:37.610000,-0.015578
2025-05-01T14:15:37.620000,0.024303
2025-05-01T14:15:37.630000,-0.006337
2025-05-01T14:15:37.640000,0.009104
2025-05-01T14:15:37.650000,0.003384
2025-05-01T14:15:37.660000,0.002336
2025-05-01T14:15:37.670000,0.005312
2025-05-01T14:15:37.680000,-0.008053
2025-05-01T14:15:37.690000,0.009014
2025-05-01T14:15:37.700000,0.001186
2025-05-01T14:15:37.710000,0.002849
2025-05-01T14:15:37.720000,-0.006857
2025-05-01T14:15:37.730000,-0.006671
2025-05-01T14:15:37.740000,0.007299
2025-05-01T14:15:37.750000,0.008027
2025-05-01T14:15:37.760000,-0.001358
2025-05-01T14:15:37.770000,-0.004859
2025-05-01T14:15:37.780000,0.003364
2025-05-01T14:15:37.790000,0.000616
2025-05-01T14:15:37.800000,0.025068
2025-05-01T14:15:37.810000,-0.001085
2025-05-01T14:15:37.820000,-0.009709
2025-05-01T14:15:37.830000,-0.008958
2025-05-01T14:15:37.840000,-0.002140
2025-05-01T14:15:37.850000,0.010164
2025-05-01T14:15:37.860000,-0.008177
2025-05-01T14:15:37.870000,0.007073
2025-05-01T14:15:37.880000,0.008912
2025-05-01T14:15:37.890000,-0.004758
2025-05-01T14:15:37.900000,0.003818
2025-05-01T14:15:37.910000,0.012351
2025-05-01T14:15:37.920000,0.004939
2025-05-01T14:15:37.930000,0.003145
2025-05-01T14:15:37.940000,-0.009079
2025-05-01T14:15:37.950000,-0.006301
2025-05-01T14:15:37.960000,-0.010527
2025-05-01T14:15:37.970000,0.000770
2025-05-01T14:15:37.980000,-0.007542
2025-05-01T14:15:37.990000,0.000866
2025-05-01T14:15:38,-0.010287
2025-05-01T14:15:38.010000,-0.002659
2025-05-01T14:15:38.020000,-0.001980
2025-05-01T14:15:38.030000,0.023075
2025-05-01T14:15:38.040000,-0.004934
2025-05-01T14:15:38.050000,0.009826
2025-05-01T14:15:38.060000,-0.008973
2025-05-01T14:15:38.070000,-0.005127
2025-05-01T14:15:38.080000,0.005417
2025-05-01T14:15:38.090000,0.000628
2025-05-01T14:15:38.100000,-0.001375
2025-05-01T14:15:38.110000,-0.004999
2025-05-01T14:15:38.120000,-0.005590
2025-05-01T14:15:38.130000,-0.013416
2025-05-01T14:15:38.140000,-0.010522
2025-05-01T14:15:38.150000,0.004897
2025-05-01T14:15:38.160000,-0.012129
2025-05-01T14:15:38.170000,-0.007683
2025-05-01T14:15:38.180000,0.000268
2025-05-01T14:15:38.190000,0.013477
2025-05-01T14:15:38.200000,-0.012294
2025-05-01T14:15:38.210000,0.005400
2025-05-01T14:15:38.220000,-0.021590
2025-05-01T14:15:38.230000,-0.004290
2025-05-01T14:15:38.240000,0.018667
2025-05-01T14:15:38.250000,0.002131
2025-05-01T14:15:38.260000,-0.007553
2025-05-01T14:15:38.270000,-0.000865
2025-05-01T14:15:38.280000,-0.001783
2025-05-01T14:15:38.290000,-0.009644
2025-05-01T14:15:38.300000,-0.016198
2025-05-01T14:15:38.310000,-0.007127
2025-05-01T14:15:38.320000,0.005125
2025-05-01T14:15:38.330000,0.007709
2025-05-01T14:15:38.340000,0.011852
2025-05-01T14:15:38.350000,0.006964
2025-05-01T14:15:38.360000,-0.000205
2025-05-01T14:15:38.370000,-0.001324
2025-05-01T14:15:38.380000,-0.008020
2025-05-01T14:15:38.390000,-0.000522
2025-05-01T14:15:38.400000,0.009582
2025-05-01T14:15:38.410000,-0.013894
2025-05-01T14:15:38.420000,-0.007585
2025-05-01T14:15:38.430000,0.001093
2025-05-01T14:15:38.440000,0.021137
2025-05-01T14:15:38.450000,-0.012311
2025-05-01T14:15:38.460000,0.004106
2025-05-01T14:15:38.470000,-0.007550
2025-05-01T14:15:38.480000,0.007738
2025-05-01T14:15:38.490000,0.010522
2025-05-01T14:15:38.500000,-0.004305
2025-05-01T14:15:38.510000,-0.001586
2025-05-01T14:15:38.520000,0.002390
2025-05-01T14:15:38.530000,0.002439
2025-05-01T14:15:38.540000,-0.013823
2025-05-01T14:15:38.550000,-0.008871
2025-05-01T14:15:38.560000,-0.004306
2025-05-01T14:15:38.570000,0.008483
2025-05-01T14:15:38.580000,0.008522
2025-05-01T14:15:38.590000,0.003629
2025-05-01T14:15:38.600000,0.009647
2025-05-01T14:15:38.610000,-0.012745
2025-05-01T14:15:38.620000,0.009860
2025-05-01T14:15:38.630000,0.026576
2025-05-01T14:15:38.640000,-0.003418
2025-05-01T14:15:38.650000,-0.006155
2025-05-01T14:15:38.660000,-0.009718
2025-05-01T14:15:38.670000,0.003940
2025-05-01T14:15:38.680000,0.008629
2025-05-01T14:15:38.690000,-0.002928
2025-05-01T14:15:38.700000,0.006448
2025-05-01T14:15:38.710000,-0.000866
2025-05-01T14:15:38.720000,-0.004378
2025-05-01T14:15:38.730000,-0.023514
2025-05-01T14:15:38.740000,-0.006126
2025-05-01T14:15:38.750000,0.005686
2025-05-01T14:15:38.760000,-0.000129
2025-05-01T14:15:38.770000,0.006622
2025-05-01T14:15:38.780000,0.003890
2025-05-01T14:15:38.790000,0.000269
2025-05-01T14:15:38.800000,-0.025483
2025-05-01T14:15:38.810000,0.019268
2025-05-01T14:15:38.820000,-0.011122
2025-05-01T14:15:38.830000,-0.010124
2025-05-01T14:15:38.840000,0.012223
2025-05-01T14:15:38.850000,0.001384
2025-05-01T14:15:38.860000,0.011292
2025-05-01T14:15:38.870000,0.014621
2025-05-01T14:15:38.880000,-0.011479
2025-05-01T14:15:38.890000,0.005218
2025-05-01T14:15:38.900000,0.000322
2025-05-01T14:15:38.910000,-0.011240
2025-05-01T14:15:38.920000,0.006365
2025-05-01T14:15:38.930000,-0.020165
2025-05-01T14:15:38.940000,-0.002239
2025-05-01T14:15:38.950000,-0.006265
2025-05-01T14:15:38.960000,-0.001798
2025-05-01T14:15:38.970000,-0.007326
2025-05-01T14:15:38.980000,0.005146
2025-05-01T14:15:38.990000,-0.004658
2025-05-01T14:15:39,0.007520
2025-05-01T14:15:39.010000,-0.012156
2025-05-01T14:15:39.020000,0.008696
2025-05-01T14:15:39.030000,-0.010710
2025-05-01T14:15:39.040000,-0.011344
2025-05-01T14:15:39.050000,-0.000922
2025-05-01T14:15:39.060000,0.001484
2025-05-01T14:15:39.070000,-0.003239
2025-05-01T14:15:39.080000,-0.006641
2025-05-01T14:15:39.090000,-0.008886
2025-05-01T14:15:39.100000,-0.008159
2025-05-01T14:15:39.110000,0.000929
2025-05-01T14:15:39.120000,0.013677
2025-05-01T14:15:39.130000,0.011416
2025-05-01T14:15:39.140000,0.001421
2025-05-01T14:15:39.150000,-0.016710
2025-05-01T14:15:39.160000,0.014141
2025-05-01T14:15:39.170000,-0.003889
2025-05-01T14:15:39.180000,-0.001343
2025-05-01T14:15:39.190000,-0.005207
2025-05-01T14:15:39.200000,-0.010467
2025-05-01T14:15:39.210000,-0.004971
2025-05-01T14:15:39.220000,-0.002691
2025-05-01T14:15:39.230000,0.015491
2025-05-01T14:15:39.240000,-0.007364
2025-05-01T14:15:39.250000,-0.028960
2025-05-01T14:15:39.260000,-0.019940
2025-05-01T14:15:39.270000,0.007362
2025-05-01T14:15:39.280000,-0.006914
2025-05-01T14:15:39.290000,0.001212
2025-05-01T14:15:39.300000,-0.021587
2025-05-01T14:15:39.310000,-0.006700
2025-05-01T14:15:39.320000,0.006921
2025-05-01T14:15:39.330000,0.005229
2025-05-01T14:15:39.340000,-0.010373
2025-05-01T14:15:39.350000,0.018649
2025-05-01T14:15:39.360000,-0.002247
2025-05-01T14:15:39.370000,-0.001570
2025-05-01T14:15:39.380000,-0.000277
2025-05-01T14:15:39.390000,0.022792
2025-05-01T14:15:39.400000,-0.002899
2025-05-01T14:15:39.410000,-0.002164
2025-05-01T14:15:39.420000,-0.002009
2025-05-01T14:15:39.430000,-0.004010
2025-05-01T14:15:39.440000,0.000417
2025-05-01T14:15:39.450000,0.000743
2025-05-01T14:15:39.460000,0.000098
2025-05-01T14:15:39.470000,0.010546
2025-05-01T14:15:39.480000,0.001196
2025-05-01T14:15:39.490000,-0.007263
2025-05-01T14:15:39.500000,-0.006383
2025-05-01T14:15:39.510000,0.000959
2025-05-01T14:15:39.520000,-0.002239
2025-05-01T14:15:39.530000,-0.012517
2025-05-01T14:15:39.540000,-0.002696
2025-05-01T14:15:39.550000,0.013220
2025-05-01T14:15:39.560000,0.013570
2025-05-01T14:15:39.570000,-0.015995
2025-05-01T14:15:39.580000,0.000549
2025-05-01T14:15:39.590000,-0.012455
2025-05-01T14:15:39.600000,0.008231
2025-05-01T14:15:39.610000,0.006909
2025-05-01T14:15:39.620000,-0.005815
2025-05-01T14:15:39.630000,-0.010774
2025-05-01T14:15:39.640000,-0.018202
2025-05-01T14:15:39.650000,0.007854
2025-05-01T14:15:39.660000,-0.004620
2025-05-01T14:15:39.670000,0.001665
2025-05-01T14:15:39.680000,0.010176
2025-05-01T14:15:39.690000,0.001239
2025-05-01T14:15:39.700000,0.002432
2025-05-01T14:15:39.710000,0.021185
2025-05-01T14:15:39.720000,-0.011982
2025-05-01T14:15:39.730000,-0.002730
2025-05-01T14:15:39.740000,-0.004365
2025-05-01T14:15:39.750000,-0.001941
2025-05-01T14:15:39.760000,-0.004615
2025-05-01T14:15:39.770000,-0.003640
2025-05-01T14:15:39.780000,-0.044899
2025-05-01T14:15:39.790000,-0.004453
2025-05-01T14:15:39.800000,-0.003118
2025-05-01T14:15:39.810000,0.007970
2025-05-01T14:15:39.820000,0.004770
2025-05-01T14:15:39.830000,0.000581
2025-05-01T14:15:39.840000,-0.000947
2025-05-01T14:15:39.850000,-0.007300
2025-05-01T14:15:39.860000,0.010907
2025-05-01T14:15:39.870000,-0.013632
2025-05-01T14:15:39.880000,0.012096
2025-05-01T14:15:39.890000,0.004797
2025-05-01T14:15:39.900000,-0.005129
2025-05-01T14:15:39.910000,-0.000707
2025-05-01T14:15:39.920000,-0.006672
2025-05-01T14:15:39.930000,0.003224
2025-05-01T14:15:39.940000,0.000279
2025-05-01T14:15:39.950000,-0.010920
2025-05-01T14:15:39.960000,0.005454
2025-05-01T14:15:39.970000,0.000406
2025-05-01T14:15:39.980000,-0.006579
2025-05-01T14:15:39.990000,0.000506
2025-05-01T14:15:40,-0.009435
2025-05-01T14:15:40.010000,0.012648
2025-05-01T14:15:40.020000,-0.012185
2025-05-01T14:15:40.030000,-0.014433
2025-05-01T14:15:40.040000,0.002738
2025-05-01T14:15:40.050000,0.009427
2025-05-01T14:15:40.060000,-0.024726
2025-05-01T14:15:40.070000,-0.018560
2025-05-01T14:15:40.080000,-0.010859
2025-05-01T14:15:40.090000,0.008737
2025-05-01T14:15:40.100000,0.003687
2025-05-01T14:15:40.110000,-0.000532
2025-05-01T14:15:40.120000,0.006299
2025-05-01T14:15:40.130000,0.007674
2025-05-01T14:15:40.140000,0.000827
2025-05-01T14:15:40.150000,0.010456
2025-05-01T14:15:40.160000,0.010338
2025-05-01T14:15:40.170000,-0.004111
2025-05-01T14:15:40.180000,0.002921
2025-05-01T14:15:40.190000,0.001564
2025-05-01T14:15:40.200000,0.013193
2025-05-01T14:15:40.210000,-0.008402
2025-05-01T14:15:40.220000,0.004962
2025-05-01T14:15:40.230000,-0.012883
2025-05-01T14:15:40.240000,-0.008785
2025-05-01T14:15:40.250000,-0.003232
2025-05-01T14:15:40.260000,-0.009469
2025-05-01T14:15:40.270000,0.002452
2025-05-01T14:15:40.280000,-0.006715
2025-05-01T14:15:40.290000,-0.021592
2025-05-01T14:15:40.300000,0.004635
2025-05-01T14:15:40.310000,-0.008695
2025-05-01T14:15:40.320000,0.008021
2025-05-01T14:15:40.330000,0.013711
2025-05-01T14:15:40.340000,-0.001647
2025-05-01T14:15:40.350000,0.003892
2025-05-01T14:15:40.360000,-0.010206
2025-05-01T14:15:40.370000,-0.008044
2025-05-01T14:15:40.380000,0.009662
2025-05-01T14:15:40.390000,0.000484
2025-05-01T14:15:40.400000,-0.001850
2025-05-01T14:15:40.410000,-0.010339
2025-05-01T14:15:40.420000,0.002546
2025-05-01T14:15:40.430000,0.000256
2025-05-01T14:15:40.440000,0.023247
2025-05-01T14:15:40.450000,0.019742
2025-05-01T14:15:40.460000,0.007738
2025-05-01T14:15:40.470000,0.001043
2025-05-01T14:15:40.480000,0.002548
2025-05-01T14:15:40.490000,0.009302
2025-05-01T14:15:40.500000,-0.008174
2025-05-01T14:15:40.510000,-0.012576
2025-05-01T14:15:40.520000,-0.009096
2025-05-01T14:15:40.530000,-0.008408
2025-05-01T14:15:40.540000,-0.000439
2025-05-01T14:15:40.550000,0.022989
2025-05-01T14:15:40.560000,-0.008226
2025-05-01T14:15:40.570000,-0.015896
2025-05-01T14:15:40.580000,-0.026827
2025-05-01T14:15:40.590000,0.006915
2025-05-01T14:15:40.600000,0.003814
2025-05-01T14:15:40.610000,0.002539
2025-05-01T14:15:40.620000,0.008462
2025-05-01T14:15:40.630000,0.002013
2025-05-01T14:15:40.640000,0.005398
2025-05-01T14:15:40.650000,-0.011793
2025-05-01T14:15:40.660000,0.011369
2025-05-01T14:15:40.670000,0.002051
2025-05-01T14:15:40.680000,0.011258
2025-05-01T14:15:40.690000,-0.015596
2025-05-01T14:15:40.700000,0.016734
2025-05-01T14:15:40.710000,0.018707
2025-05-01T14:15:40.720000,-0.003579
2025-05-01T14:15:40.730000,0.003535
2025-05-01T14:15:40.740000,0.011958
2025-05-01T14:15:40.750000,-0.002480
2025-05-01T14:15:40.760000,0.003294
2025-05-01T14:15:40.770000,0.022270
2025-05-01T14:15:40.780000,-0.003183
2025-05-01T14:15:40.790000,0.019516
2025-05-01T14:15:40.800000,-0.023002
2025-05-01T14:15:40.810000,0.006417
2025-05-01T14:15:40.820000,-0.011914
2025-05-01T14:15:40.830000,0.005448
2025-05-01T14:15:40.840000,0.002954
2025-05-01T14:15:40.850000,-0.002531
2025-05-01T14:15:40.860000,-0.000123
2025-05-01T14:15:40.870000,-0.006044
2025-05-01T14:15:40.880000,-0.015788
2025-05-01T14:15:40.890000,-0.005815
2025-05-01T14:15:40.900000,-0.004962
2025-05-01T14:15:40.910000,0.000289
2025-05-01T14:15:40.920000,0.010736
2025-05-01T14:15:40.930000,0.012228
2025-05-01T14:15:40.940000,-0.006933
2025-05-01T14:15:40.950000,-0.001154
2025-05-01T14:15:40.960000,-0.007479
2025-05-01T14:15:40.970000,-0.003826
2025-05-01T14:15:40.980000,0.008714
2025-05-01T14:15:40.990000,0.002557
2025-05-01T14:15:41,-0.018183
2025-05-01T14:15:41.010000,0.000479
2025-05-01T14:15:41.020000,-0.013197
2025-05-01T14:15:41.030000,0.001999
2025-05-01T14:15:41.040000,0.006433
2025-05-01T14:15:41.050000,-0.018032
2025-05-01T14:15:41.060000,-0.019530
2025-05-01T14:15:41.070000,-0.021984
2025-05-01T14:15:41.080000,-0.001843
2025-05-01T14:15:41.090000,-0.009210
2025-05-01T14:15:41.100000,0.019486
2025-05-01T14:15:41.110000,0.002639
2025-05-01T14:15:41.120000,0.003936
2025-05-01T14:15:41.130000,-0.024099
2025-05-01T14:15:41.140000,0.007670
2025-05-01T14:15:41.150000,-0.013722
2025-05-01T14:15:41.160000,0.000655
2025-05-01T14:15:41.170000,0.007202
2025-05-01T14:15:41.180000,-0.004339
2025-05-01T14:15:41.190000,0.024900
2025-05-01T14:15:41.200000,-0.008673
2025-05-01T14:15:41.210000,-0.026261
2025-05-01T14:15:41.220000,0.002187
2025-05-01T14:15:41.230000,0.003286
2025-05-01T14:15:41.240000,0.005216
2025-05-01T14:15:41.250000,-0.002069
2025-05-01T14:15:41.260000,-0.019995
2025-05-01T14:15:41.270000,0.005117
2025-05-01T14:15:41.280000,-0.005979
2025-05-01T14:15:41.290000,0.003309
2025-05-01T14:15:41.300000,0.000208
2025-05-01T14:15:41.310000,-0.006612
2025-05-01T14:15:41.320000,-0.003659
2025-05-01T14:15:41.330000,-0.011777
2025-05-01T14:15:41.340000,-0.000805
2025-05-01T14:15:41.350000,-0.001351
2025-05-01T14:15:41.360000,-0.010211
2025-05-01T14:15:41.370000,-0.012672
2025-05-01T14:15:41.380000,-0.015925
2025-05-01T14:15:41.390000,0.014056
2025-05-01T14:15:41.400000,0.016021
2025-05-01T14:15:41.410000,-0.011549
2025-05-01T14:15:41.420000,-0.005268
2025-05-01T14:15:41.430000,-0.004533
2025-05-01T14:15:41.440000,0.012132
2025-05-01T14:15:41.450000,-0.002181
2025-05-01T14:15:41.460000,0.002909
2025-05-01T14:15:41.470000,0.014621
2025-05-01T14:15:41.480000,-0.003906
2025-05-01T14:15:41.490000,0.006655
2025-05-01T14:15:41.500000,-0.006254
2025-05-01T14:15:41.510000,-0.019645
2025-05-01T14:15:41.520000,0.010562
2025-05-01T14:15:41.530000,0.000670
2025-05-01T14:15:41.540000,-0.018338
2025-05-01T14:15:41.550000,0.002737
2025-05-01T14:15:41.560000,0.004961
2025-05-01T14:15:41.570000,-0.012074
2025-05-01T14:15:41.580000,-0.009905
2025-05-01T14:15:41.590000,0.017517
2025-05-01T14:15:41.600000,-0.009412
2025-05-01T14:15:41.610000,0.005237
2025-05-01T14:15:41.620000,0.009271
2025-05-01T14:15:41.630000,0.000228
2025-05-01T14:15:41.640000,0.019864
2025-05-01T14:15:41.650000,0.001773
2025-05-01T14:15:41.660000,0.002455
2025-05-01T14:15:41.670000,0.004634
2025-05-01T14:15:41.680000,-0.010848
2025-05-01T14:15:41.690000,-0.008875
2025-05-01T14:15:41.700000,0.008588
2025-05-01T14:15:41.710000,-0.004619
2025-05-01T14:15:41.720000,-0.005803
2025-05-01T14:15:41.730000,-0.012494
2025-05-01T14:15:41.740000,0.004050
2025-05-01T14:15:41.750000,0.002549
2025-05-01T14:15:41.760000,-0.001938
2025-05-01T14:15:41.770000,-0.002597
2025-05-01T14:15:41.780000,-0.004235
2025-05-01T14:15:41.790000,-0.007296
2025-05-01T14:15:41.800000,-0.009963
2025-05-01T14:15:41.810000,-0.004206
2025-05-01T14:15:41.820000,-0.006823
2025-05-01T14:15:41.830000,-0.027462
2025-05-01T14:15:41.840000,0.021401
2025-05-01T14:15:41.850000,-0.007074
2025-05-01T14:15:41.860000,-0.008784
2025-05-01T14:15:41.870000,0.011260
2025-05-01T14:15:41.880000,-0.010030
2025-05-01T14:15:41.890000,0.006110
2025-05-01T14:15:41.900000,0.010705
2025-05-01T14:15:41.910000,0.001551
2025-05-01T14:15:41.920000,-0.007936
2025-05-01T14:15:41.930000,-0.003684
2025-05-01T14:15:41.940000,-0.000727
2025-05-01T14:15:41.950000,-0.004253
2025-05-01T14:15:41.960000,-0.003534
2025-05-01T14:15:41.970000,0.002086
2025-05-01T14:15:41.980000,-0.006164
2025-05-01T14:15:41.990000,-0.006803
2025-05-01T14:15:42,0.004787
2025-05-01T14:15:42.010000,0.004577
2025-05-01T14:15:42.020000,0.002211
2025-05-01T14:15:42.030000,0.020201
2025-05-01T14:15:42.040000,0.001441
2025-05-01T14:15:42.050000,-0.019469
2025-05-01T14:15:42.060000,-0.000410
2025-05-01T14:15:42.070000,-0.000846
2025-05-01T14:15:42.080000,0.001734
2025-05-01T14:15:42.090000,0.000350
2025-05-01T14:15:42.100000,-0.000968
2025-05-01T14:15:42.110000,0.015512
2025-05-01T14:15:42.120000,-0.014050
2025-05-01T14:15:42.130000,-0.015560
2025-05-01T14:15:42.140000,0.010858
2025-05-01T14:15:42.150000,0.005629
2025-05-01T14:15:42.160000,-0.003013
2025-05-01T14:15:42.170000,-0.012631
2025-05-01T14:15:42.180000,-0.003176
2025-05-01T14:15:42.190000,-0.016627
2025-05-01T14:15:42.200000,-0.010229
2025-05-01T14:15:42.210000,-0.005569
2025-05-01T14:15:42.220000,0.002227
2025-05-01T14:15:42.230000,-0.003081
2025-05-01T14:15:42.240000,0.017523
2025-05-01T14:15:42.250000,-0.007906
2025-05-01T14:15:42.260000,-0.002493
2025-05-01T14:15:42.270000,-0.001729
2025-05-01T14:15:42.280000,0.006849
2025-05-01T14:15:42.290000,-0.022831
2025-05-01T14:15:42.300000,-0.011294
2025-05-01T14:15:42.310000,-0.007334
2025-05-01T14:15:42.320000,0.023800
2025-05-01T14:15:42.330000,-0.008201
2025-05-01T14:15:42.340000,0.016662
2025-05-01T14:15:42.350000,0.015521
2025-05-01T14:15:42.360000,0.029093
2025-05-01T14:15:42.370000,0.000904
2025-05-01T14:15:42.380000,0.007441
2025-05-01T14:15:42.390000,-0.000454
2025-05-01T14:15:42.400000,0.004012
2025-05-01T14:15:42.410000,0.006365
2025-05-01T14:15:42.420000,0.001399
2025-05-01T14:15:42.430000,0.001699
2025-05-01T14:15:42.440000,-0.011386
2025-05-01T14:15:42.450000,-0.032053
2025-05-01T14:15:42.460000,-0.011497
2025-05-01T14:15:42.470000,-0.001755
2025-05-01T14:15:42.480000,0.006799
2025-05-01T14:15:42.490000,0.007327
2025-05-01T14:15:42.500000,-0.011915
2025-05-01T14:15:42.510000,0.001826
2025-05-01T14:15:42.520000,-0.004535
2025-05-01T14:15:42.530000,-0.018342
2025-05-01T14:15:42.540000,0.005789
2025-05-01T14:15:42.550000,-0.001725
2025-05-01T14:15:42.560000,0.009051
2025-05-01T14:15:42.570000,0.015374
2025-05-01T14:15:42.580000,0.014203
2025-05-01T14:15:42.590000,-0.000263
2025-05-01T14:15:42.600000,0.018209
2025-05-01T14:15:42.610000,-0.014883
2025-05-01T14:15:42.620000,0.005337
2025-05-01T14:15:42.630000,0.007010
2025-05-01T14:15:42.640000,0.014896
2025-05-01T14:15:42.650000,0.002370
2025-05-01T14:15:42.660000,-0.013715
2025-05-01T14:15:42.670000,0.003833
2025-05-01T14:15:42.680000,-0.017572
2025-05-01T14:15:42.690000,-0.009364
2025-05-01T14:15:42.700000,0.008564
2025-05-01T14:15:42.710000,0.006781
2025-05-01T14:15:42.720000,-0.010942
2025-05-01T14:15:42.730000,0.005149
2025-05-01T14:15:42.740000,-0.001403
2025-05-01T14:15:42.750000,-0.014576
2025-05-01T14:15:42.760000,-0.001296
2025-05-01T14:15:42.770000,-0.003493
2025-05-01T14:15:42.780000,-0.014120
2025-05-01T14:15:42.790000,-0.006899
2025-05-01T14:15:42.800000,0.007895
2025-05-01T14:15:42.810000,0.015356
2025-05-01T14:15:42.820000,-0.009142
2025-05-01T14:15:42.830000,0.005820
2025-05-01T14:15:42.840000,0.006430
2025-05-01T14:15:42.850000,0.015250
2025-05-01T14:15:42.860000,0.006862
2025-05-01T14:15:42.870000,0.006653
2025-05-01T14:15:42.880000,-0.008374
2025-05-01T14:15:42.890000,-0.004373
2025-05-01T14:15:42.900000,0.013926
2025-05-01T14:15:42.910000,0.001103
2025-05-01T14:15:42.920000,-0.004263
2025-05-01T14:15:42.930000,-0.000987
2025-05-01T14:15:42.940000,0.005304
2025-05-01T14:15:42.950000,-0.012328
2025-05-01T14:15:42.960000,-0.001770
2025-05-01T14:15:42.970000,-0.000478
2025-05-01T14:15:42.980000,0.016472
2025-05-01T14:15:42.990000,-0.013019
2025-05-01T14:15:43,0.009791
2025-05-01T14:15:43.010000,0.004912
2025-05-01T14:15:43.020000,-0.003421
2025-05-01T14:15:43.030000,-0.009243
2025-05-01T14:15:43.040000,-0.004134
2025-05-01T14:15:43.050000,-0.008412
2025-05-01T14:15:43.060000,-0.007558
2025-05-01T14:15:43.070000,-0.002061
2025-05-01T14:15:43.080000,0.009215
2025-05-01T14:15:43.090000,0.017922
2025-05-01T14:15:43.100000,-0.005892
2025-05-01T14:15:43.110000,-0.007386
2025-05-01T14:15:43.120000,-0.017853
2025-05-01T14:15:43.130000,0.006395
2025-05-01T14:15:43.140000,0.003441
2025-05-01T14:15:43.150000,0.005827
2025-05-01T14:15:43.160000,-0.007724
2025-05-01T14:15:43.170000,0.012016
2025-05-01T14:15:43.180000,0.019825
2025-05-01T14:15:43.190000,0.000192
2025-05-01T14:15:43.200000,-0.006013
2025-05-01T14:15:43.210000,-0.003788
2025-05-01T14:15:43.220000,-0.012472
2025-05-01T14:15:43.230000,0.000033
2025-05-01T14:15:43.240000,-0.004564
2025-05-01T14:15:43.250000,-0.011125
2025-05-01T14:15:43.260000,0.000164
2025-05-01T14:15:43.270000,-0.013122
2025-05-01T14:15:43.280000,-0.009856
2025-05-01T14:15:43.290000,0.005818
2025-05-01T14:15:43.300000,-0.000404
2025-05-01T14:15:43.310000,0.004500
2025-05-01T14:15:43.320000,-0.010766
2025-05-01T14:15:43.330000,-0.010387
2025-05-01T14:15:43.340000,0.013599
2025-05-01T14:15:43.350000,-0.019437
2025-05-01T14:15:43.360000,0.006188
2025-05-01T14:15:43.370000,-0.000830
2025-05-01T14:15:43.380000,0.001624
2025-05-01T14:15:43.390000,-0.023559
2025-05-01T14:15:43.400000,0.002891
2025-05-01T14:15:43.410000,-0.007237
2025-05-01T14:15:43.420000,0.015822
2025-05-01T14:15:43.430000,-0.004476
2025-05-01T14:15:43.440000,-0.017715
2025-05-01T14:15:43.450000,-0.005233
2025-05-01T14:15:43.460000,0.010157
2025-05-01T14:15:43.470000,0.000543
2025-05-01T14:15:43.480000,0.012838
2025-05-01T14:15:43.490000,0.015463
2025-05-01T14:15:43.500000,0.008869
2025-05-01T14:15:43.510000,0.003358
2025-05-01T14:15:43.520000,-0.000618
2025-05-01T14:15:43.530000,-0.002894
2025-05-01T14:15:43.540000,-0.009726
2025-05-01T14:15:43.550000,0.005589
2025-05-01T14:15:43.560000,-0.005141
2025-05-01T14:15:43.570000,0.006608
2025-05-01T14:15:43.580000,0.018040
2025-05-01T14:15:43.590000,-0.001975
2025-05-01T14:15:43.600000,0.005931
2025-05-01T14:15:43.610000,0.002220
2025-05-01T14:15:43.620000,0.004407
2025-05-01T14:15:43.630000,-0.015605
2025-05-01T14:15:43.640000,0.011772
2025-05-01T14:15:43.650000,-0.009591
2025-05-01T14:15:43.660000,0.004657
2025-05-01T14:15:43.670000,-0.012727
2025-05-01T14:15:43.680000,-0.002545
2025-05-01T14:15:43.690000,0.000345
2025-05-01T14:15:43.700000,-0.003324
2025-05-01T14:15:43.710000,-0.011524
2025-05-01T14:15:43.720000,-0.003759
2025-05-01T14:15:43.730000,0.014175
2025-05-01T14:15:43.740000,-0.002582
2025-05-01T14:15:43.750000,-0.001966
2025-05-01T14:15:43.760000,-0.014346
2025-05-01T14:15:43.770000,0.004220
2025-05-01T14:15:43.780000,-0.000460
2025-05-01T14:15:43.790000,0.010528
2025-05-01T14:15:43.800000,0.004794
2025-05-01T14:15:43.810000,0.000763
2025-05-01T14:15:43.820000,0.007129
2025-05-01T14:15:43.830000,0.002569
2025-05-01T14:15:43.840000,0.000284
2025-05-01T14:15:43.850000,0.008073
2025-05-01T14:15:43.860000,-0.001413
2025-05-01T14:15:43.870000,0.015555
2025-05-01T14:15:43.880000,0.015198
2025-05-01T14:15:43.890000,-0.000309
2025-05-01T14:15:43.900000,0.003240
2025-05-01T14:15:43.910000,-0.010857
2025-05-01T14:15:43.920000,0.012248
2025-05-01T14:15:43.930000,0.005387
2025-05-01T14:15:43.940000,0.004493
2025-05-01T14:15:43.950000,0.008858
2025-05-01T14:15:43.960000,-0.017556
2025-05-01T14:15:43.970000,-0.002942
2025-05-01T14:15:43.980000,-0.012402
2025-05-01T14:15:43.990000,-0.008767
2025-05-01T14:15:44,0.012638
2025-05-01T14:15:44.010000,-0.006090
2025-05-01T14:15:44.020000,-0.002323
2025-05-01T14:15:44.030000,0.000651
2025-05-01T14:15:44.040000,-0.002074
2025-05-01T14:15:44.050000,-0.000426
2025-05-01T14:15:44.060000,-0.006573
2025-05-01T14:15:44.070000,0.002775
2025-05-01T14:15:44.080000,-0.017199
2025-05-01T14:15:44.090000,0.014869
2025-05-01T14:15:44.100000,-0.006497
2025-05-01T14:15:44.110000,-0.003256
2025-05-01T14:15:44.120000,-0.004784
2025-05-01T14:15:44.130000,-0.003492
2025-05-01T14:15:44.140000,0.004771
2025-05-01T14:15:44.150000,-0.014187
2025-05-01T14:15:44.160000,-0.001438
2025-05-01T14:15:44.170000,0.000128
2025-05-01T14:15:44.180000,0.002216
2025-05-01T14:15:44.190000,-0.000806
2025-05-01T14:15:44.200000,0.003451
2025-05-01T14:15:44.210000,-0.010699
2025-05-01T14:15:44.220000,-0.014357
2025-05-01T14:15:44.230000,0.015729
2025-05-01T14:15:44.240000,0.008866
2025-05-01T14:15:44.250000,-0.003117
2025-05-01T14:15:44.260000,-0.004758
2025-05-01T14:15:44.270000,-0.000143
2025-05-01T14:15:44.280000,0.003381
2025-05-01T14:15:44.290000,0.006802
2025-05-01T14:15:44.300000,0.011958
2025-05-01T14:15:44.310000,0.004626
2025-05-01T14:15:44.320000,-0.011283
2025-05-01T14:15:44.330000,-0.015774
2025-05-01T14:15:44.340000,0.003193
2025-05-01T14:15:44.350000,-0.005609
2025-05-01T14:15:44.360000,-0.005584
2025-05-01T14:15:44.370000,0.001094
2025-05-01T14:15:44.380000,0.003001
2025-05-01T14:15:44.390000,0.006979
2025-05-01T14:15:44.400000,0.001135
2025-05-01T14:15:44.410000,-0.007249
2025-05-01T14:15:44.420000,0.010818
2025-05-01T14:15:44.430000,0.010178
2025-05-01T14:15:44.440000,0.003355
2025-05-01T14:15:44.450000,0.002741
2025-05-01T14:15:44.460000,0.017539
2025-05-01T14:15:44.470000,0.000121
2025-05-01T14:15:44.480000,0.014189
2025-05-01T14:15:44.490000,0.011408
2025-05-01T14:15:44.500000,-0.003197
2025-05-01T14:15:44.510000,-0.008462
2025-05-01T14:15:44.520000,-0.003740
2025-05-01T14:15:44.530000,-0.021067
2025-05-01T14:15:44.540000,0.020360
2025-05-01T14:15:44.550000,-0.000329
2025-05-01T14:15:44.560000,0.000811
2025-05-01T14:15:44.570000,0.000519
2025-05-01T14:15:44.580000,-0.007433
2025-05-01T14:15:44.590000,-0.002938
2025-05-01T14:15:44.600000,0.006571
2025-05-01T14:15:44.610000,-0.006024
2025-05-01T14:15:44.620000,-0.006972
2025-05-01T14:15:44.630000,0.004877
2025-05-01T14:15:44.640000,0.004169
2025-05-01T14:15:44.650000,0.006156
2025-05-01T14:15:44.660000,-0.015283
2025-05-01T14:15:44.670000,-0.020900
2025-05-01T14:15:44.680000,0.011483
2025-05-01T14:15:44.690000,-0.016482
2025-05-01T14:15:44.700000,0.002773
2025-05-01T14:15:44.710000,0.015675
2025-05-01T14:15:44.720000,0.014597
2025-05-01T14:15:44.730000,0.004318
2025-05-01T14:15:44.740000,-0.002463
2025-05-01T14:15:44.750000,-0.004575
2025-05-01T14:15:44.760000,0.006423
2025-05-01T14:15:44.770000,0.016521
2025-05-01T14:15:44.780000,0.006763
2025-05-01T14:15:44.790000,0.016317
2025-05-01T14:15:44.800000,-0.004400
2025-05-01T14:15:44.810000,-0.015282
2025-05-01T14:15:44.820000,-0.013282
2025-05-01T14:15:44.830000,0.004419
2025-05-01T14:15:44.840000,-0.002923
2025-05-01T14:15:44.850000,-0.001314
2025-05-01T14:15:44.860000,-0.008337
2025-05-01T14:15:44.870000,-0.024290
2025-05-01T14:15:44.880000,-0.001407
2025-05-01T14:15:44.890000,-0.004161
2025-05-01T14:15:44.900000,-0.009714
2025-05-01T14:15:44.910000,0.000444
2025-05-01T14:15:44.920000,-0.004154
2025-05-01T14:15:44.930000,0.001356
2025-05-01T14:15:44.940000,-0.001290
2025-05-01T14:15:44.950000,-0.000413
2025-05-01T14:15:44.960000,-0.001212
2025-05-01T14:15:44.970000,-0.001405
2025-05-01T14:15:44.980000,0.001345
2025-05-01T14:15:44.990000,0.012106
2025-05-01T14:15:45,0.012602
2025-05-01T14:15:45.010000,-0.029194
2025-05-01T14:15:45.020000,-0.007790
2025-05-01T14:15:45.030000,-0.001929
2025-05-01T14:15:45.040000,0.011163
2025-05-01T14:15:45.050000,-0.010807
2025-05-01T14:15:45.060000,0.007363
2025-05-01T14:15:45.070000,0.001729
2025-05-01T14:15:45.080000,-0.007390
2025-05-01T14:15:45.090000,0.006814
2025-05-01T14:15:45.100000,0.012995
2025-05-01T14:15:45.110000,-0.000235
2025-05-01T14:15:45.120000,-0.015786
2025-05-01T14:15:45.130000,0.002870
2025-05-01T14:15:45.140000,0.003708
2025-05-01T14:15:45.150000,0.022078
2025-05-01T14:15:45.160000,-0.010081
2025-05-01T14:15:45.170000,-0.000290
2025-05-01T14:15:45.180000,-0.015242
2025-05-01T14:15:45.190000,0.016174
2025-05-01T14:15:45.200000,-0.019912
2025-05-01T14:15:45.210000,-0.005562
2025-05-01T14:15:45.220000,0.007619
2025-05-01T14:15:45.230000,-0.022720
2025-05-01T14:15:45.240000,-0.009398
2025-05-01T14:15:45.250000,-0.001823
2025-05-01T14:15:45.260000,0.002154
2025-05-01T14:15:45.270000,-0.001371
2025-05-01T14:15:45.280000,0.015725
2025-05-01T14:15:45.290000,0.013402
2025-05-01T14:15:45.300000,0.006167
2025-05-01T14:15:45.310000,0.000059
2025-05-01T14:15:45.320000,-0.007240
2025-05-01T14:15:45.330000,0.008931
2025-05-01T14:15:45.340000,0.006155
2025-05-01T14:15:45.350000,-0.011635
2025-05-01T14:15:45.360000,-0.003765
2025-05-01T14:15:45.370000,-0.011222
2025-05-01T14:15:45.380000,-0.003542
2025-05-01T14:15:45.390000,-0.012704
2025-05-01T14:15:45.400000,-0.009440
2025-05-01T14:15:45.410000,-0.000746
2025-05-01T14:15:45.420000,0.008985
2025-05-01T14:15:45.430000,0.000074
2025-05-01T14:15:45.440000,0.000282
2025-05-01T14:15:45.450000,-0.006959
2025-05-01T14:15:45.460000,-0.002998
2025-05-01T14:15:45.470000,0.000318
2025-05-01T14:15:45.480000,0.008099
2025-05-01T14:15:45.490000,-0.014148
2025-05-01T14:15:45.500000,-0.016435
2025-05-01T14:15:45.510000,-0.007010
2025-05-01T14:15:45.520000,0.010612
2025-05-01T14:15:45.530000,0.004457
2025-05-01T14:15:45.540000,-0.010091
2025-05-01T14:15:45.550000,-0.015578
2025-05-01T14:15:45.560000,0.003293
2025-05-01T14:15:45.570000,-0.027136
2025-05-01T14:15:45.580000,-0.007637
2025-05-01T14:15:45.590000,0.004140
2025-05-01T14:15:45.600000,0.003864
2025-05-01T14:15:45.610000,0.017784
2025-05-01T14:15:45.620000,0.009844
2025-05-01T14:15:45.630000,0.001842
2025-05-01T14:15:45.640000,-0.003246
2025-05-01T14:15:45.650000,-0.013668
2025-05-01T14:15:45.660000,0.003362
2025-05-01T14:15:45.670000,-0.001086
2025-05-01T14:15:45.680000,-0.015840
2025-05-01T14:15:45.690000,0.002543
2025-05-01T14:15:45.700000,-0.002388
2025-05-01T14:15:45.710000,0.003706
2025-05-01T14:15:45.720000,-0.012177
2025-05-01T14:15:45.730000,-0.004945
2025-05-01T14:15:45.740000,0.004259
2025-05-01T14:15:45.750000,0.010986
2025-05-01T14:15:45.760000,0.004481
2025-05-01T14:15:45.770000,-0.014610
2025-05-01T14:15:45.780000,0.006389
2025-05-01T14:15:45.790000,-0.008878
2025-05-01T14:15:45.800000,0.006823
2025-05-01T14:15:45.810000,-0.007658
2025-05-01T14:15:45.820000,0.020754
2025-05-01T14:15:45.830000,0.021780
2025-05-01T14:15:45.840000,-0.014635
2025-05-01T14:15:45.850000,-0.028483
2025-05-01T14:15:45.860000,0.005900
2025-05-01T14:15:45.870000,-0.008664
2025-05-01T14:15:45.880000,-0.000551
2025-05-01T14:15:45.890000,-0.002471
2025-05-01T14:15:45.900000,-0.009846
2025-05-01T14:15:45.910000,-0.004800
2025-05-01T14:15:45.920000,-0.012271
2025-05-01T14:15:45.930000,0.005959
2025-05-01T14:15:45.940000,0.010376
2025-05-01T14:15:45.950000,0.005123
2025-05-01T14:15:45.960000,-0.017852
2025-05-01T14:15:45.970000,0.012231
2025-05-01T14:15:45.980000,-0.009506
2025-05-01T14:15:45.990000,0.000557
2025-05-01T14:15:46,-0.000283
2025-05-01T14:15:46.010000,0.001649
2025-05-01T14:15:46.020000,0.017440
2025-05-01T14:15:46.030000,-0.020155
2025-05-01T14:15:46.040000,-0.011541
2025-05-01T14:15:46.050000,0.012823
2025-05-01T14:15:46.060000,0.009235
2025-05-01T14:15:46.070000,0.010255
2025-05-01T14:15:46.080000,-0.000844
2025-05-01T14:15:46.090000,0.009925
2025-05-01T14:15:46.100000,-0.003752
2025-05-01T14:15:46.110000,-0.011847
2025-05-01T14:15:46.120000,-0.000838
2025-05-01T14:15:46.130000,-0.008809
2025-05-01T14:15:46.140000,0.009168
2025-05-01T14:15:46.150000,0.005039
2025-05-01T14:15:46.160000,0.014450
2025-05-01T14:15:46.170000,-0.010813
2025-05-01T14:15:46.180000,-0.023285
2025-05-01T14:15:46.190000,-0.001269
2025-05-01T14:15:46.200000,-0.018988
2025-05-01T14:15:46.210000,0.013996
2025-05-01T14:15:46.220000,-0.010990
2025-05-01T14:15:46.230000,0.011497
2025-05-01T14:15:46.240000,-0.007627
2025-05-01T14:15:46.250000,-0.008926
2025-05-01T14:15:46.260000,-0.011941
2025-05-01T14:15:46.270000,0.011484
2025-05-01T14:15:46.280000,-0.002723
2025-05-01T14:15:46.290000,0.003953
2025-05-01T14:15:46.300000,-0.015021
2025-05-01T14:15:46.310000,0.012412
2025-05-01T14:15:46.320000,0.000261
2025-05-01T14:15:46.330000,0.016600
2025-05-01T14:15:46.340000,-0.010779
2025-05-01T14:15:46.350000,-0.017745
2025-05-01T14:15:46.360000,0.006275
2025-05-01T14:15:46.370000,0.014724
2025-05-01T14:15:46.380000,0.006983
2025-05-01T14:15:46.390000,0.004336
2025-05-01T14:15:46.400000,0.007295
2025-05-01T14:15:46.410000,-0.001453
2025-05-01T14:15:46.420000,0.002307
2025-05-01T14:15:46.430000,-0.005103
2025-05-01T14:15:46.440000,0.013261
2025-05-01T14:15:46.450000,0.013065
2025-05-01T14:15:46.460000,-0.001363
2025-05-01T14:15:46.470000,0.000365
2025-05-01T14:15:46.480000,-0.010852
2025-05-01T14:15:46.490000,0.010807
2025-05-01T14:15:46.500000,-0.011698
2025-05-01T14:15:46.510000,0.006207
2025-05-01T14:15:46.520000,0.006684
2025-05-01T14:15:46.530000,-0.002933
2025-05-01T14:15:46.540000,0.001995
2025-05-01T14:15:46.550000,-0.009324
2025-05-01T14:15:46.560000,-0.002861
2025-05-01T14:15:46.570000,0.018188
2025-05-01T14:15:46.580000,-0.005610
2025-05-01T14:15:46.590000,-0.011429
2025-05-01T14:15:46.600000,-0.004169
2025-05-01T14:15:46.610000,-0.003068
2025-05-01T14:15:46.620000,-0.005896
2025-05-01T14:15:46.630000,-0.011361
2025-05-01T14:15:46.640000,0.014370
2025-05-01T14:15:46.650000,0.000172
2025-05-01T14:15:46.660000,0.000787
2025-05-01T14:15:46.670000,0.004182
2025-05-01T14:15:46.680000,-0.002940
2025-05-01T14:15:46.690000,0.005284
2025-05-01T14:15:46.700000,-0.000879
2025-05-01T14:15:46.710000,0.014753
2025-05-01T14:15:46.720000,0.002243
2025-05-01T14:15:46.730000,0.013797
2025-05-01T14:15:46.740000,-0.006050
2025-05-01T14:15:46.750000,-0.013152
2025-05-01T14:15:46.760000,0.006266
2025-05-01T14:15:46.770000,0.008740
2025-05-01T14:15:46.780000,-0.016541
2025-05-01T14:15:46.790000,-0.009554
2025-05-01T14:15:46.800000,-0.014757
2025-05-01T14:15:46.810000,0.015098
2025-05-01T14:15:46.820000,0.007794
2025-05-01T14:15:46.830000,-0.000990
2025-05-01T14:15:46.840000,0.024247
2025-05-01T14:15:46.850000,-0.008123
2025-05-01T14:15:46.860000,-0.017176
2025-05-01T14:15:46.870000,0.005271
2025-05-01T14:15:46.880000,0.007549
2025-05-01T14:15:46.890000,0.006371
2025-05-01T14:15:46.900000,0.002957
2025-05-01T14:15:46.910000,0.020415
2025-05-01T14:15:46.920000,-0.001550
2025-05-01T14:15:46.930000,0.004193
2025-05-01T14:15:46.940000,0.002256
2025-05-01T14:15:46.950000,0.009474
2025-05-01T14:15:46.960000,-0.020770
2025-05-01T14:15:46.970000,-0.001825
2025-05-01T14:15:46.980000,-0.001801
2025-05-01T14:15:46.990000,0.007312
2025-05-01T14:15:47,-0.013488
2025-05-01T14:15:47.010000,-0.004898
2025-05-01T14:15:47.020000,0.002701
2025-05-01T14:15:47.030000,-0.007331
2025-05-01T14:15:47.040000,0.014866
2025-05-01T14:15:47.050000,-0.019575
2025-05-01T14:15:47.060000,0.005822
2025-05-01T14:15:47.070000,0.002574
2025-05-01T14:15:47.080000,0.003864
2025-05-01T14:15:47.090000,-0.002935
2025-05-01T14:15:47.100000,0.001185
2025-05-01T14:15:47.110000,0.014163
2025-05-01T14:15:47.120000,-0.009855
2025-05-01T14:15:47.130000,-0.003629
2025-05-01T14:15:47.140000,-0.010807
2025-05-01T14:15:47.150000,-0.003603
2025-05-01T14:15:47.160000,0.008060
2025-05-01T14:15:47.170000,0.010013
2025-05-01T14:15:47.180000,0.014115
2025-05-01T14:15:47.190000,-0.013521
2025-05-01T14:15:47.200000,-0.002338
2025-05-01T14:15:47.210000,0.002497
2025-05-01T14:15:47.220000,-0.009608
2025-05-01T14:15:47.230000,-0.001580
2025-05-01T14:15:47.240000,0.009016
2025-05-01T14:15:47.250000,-0.013793
2025-05-01T14:15:47.260000,-0.002591
2025-05-01T14:15:47.270000,0.008149
2025-05-01T14:15:47.280000,-0.005785
2025-05-01T14:15:47.290000,0.008266
2025-05-01T14:15:47.300000,-0.004920
2025-05-01T14:15:47.310000,0.001891
2025-05-01T14:15:47.320000,0.002649
2025-05-01T14:15:47.330000,-0.007027
2025-05-01T14:15:47.340000,-0.007458
2025-05-01T14:15:47.350000,-0.016806
2025-05-01T14:15:47.360000,0.003287
2025-05-01T14:15:47.370000,0.012103
2025-05-01T14:15:47.380000,0.023208
2025-05-01T14:15:47.390000,0.015650
2025-05-01T14:15:47.400000,0.011659
2025-05-01T14:15:47.410000,0.009098
2025-05-01T14:15:47.420000,-0.008549
2025-05-01T14:15:47.430000,-0.009402
2025-05-01T14:15:47.440000,0.009757
2025-05-01T14:15:47.450000,0.000615
2025-05-01T14:15:47.460000,-0.009075
2025-05-01T14:15:47.470000,0.007317
2025-05-01T14:15:47.480000,0.009269
2025-05-01T14:15:47.490000,0.001950
2025-05-01T14:15:47.500000,0.003272
2025-05-01T14:15:47.510000,-0.005533
2025-05-01T14:15:47.520000,0.002938
2025-05-01T14:15:47.530000,0.000252
2025-05-01T14:15:47.540000,0.020826
2025-05-01T14:15:47.550000,0.005698
2025-05-01T14:15:47.560000,0.012668
2025-05-01T14:15:47.570000,0.006908
2025-05-01T14:15:47.580000,-0.014253
2025-05-01T14:15:47.590000,-0.003313
2025-05-01T14:15:47.600000,0.002500
2025-05-01T14:15:47.610000,-0.000722
2025-05-01T14:15:47.620000,-0.002107
2025-05-01T14:15:47.630000,-0.005052
2025-05-01T14:15:47.640000,0.003259
2025-05-01T14:15:47.650000,0.006280
2025-05-01T14:15:47.660000,0.005180
2025-05-01T14:15:47.670000,-0.002931
2025-05-01T14:15:47.680000,-0.003857
2025-05-01T14:15:47.690000,0.001730
2025-05-01T14:15:47.700000,0.008490
2025-05-01T14:15:47.710000,-0.012213
2025-05-01T14:15:47.720000,0.007324
2025-05-01T14:15:47.730000,-0.008574
2025-05-01T14:15:47.740000,-0.014299
2025-05-01T14:15:47.750000,-0.002632
2025-05-01T14:15:47.760000,0.004296
2025-05-01T14:15:47.770000,0.010787
2025-05-01T14:15:47.780000,0.003198
2025-05-01T14:15:47.790000,-0.012769
2025-05-01T14:15:47.800000,-0.010960
2025-05-01T14:15:47.810000,-0.008928
2025-05-01T14:15:47.820000,0.006637
2025-05-01T14:15:47.830000,0.004746
2025-05-01T14:15:47.840000,-0.002965
2025-05-01T14:15:47.850000,0.003896
2025-05-01T14:15:47.860000,-0.002575
2025-05-01T14:15:47.870000,0.011741
2025-05-01T14:15:47.880000,-0.005343
2025-05-01T14:15:47.890000,0.003500
2025-05-01T14:15:47.900000,0.004149
2025-05-01T14:15:47.910000,-0.004443
2025-05-01T14:15:47.920000,-0.000936
2025-05-01T14:15:47.930000,0.006489
2025-05-01T14:15:47.940000,-0.009268
2025-05-01T14:15:47.950000,-0.000275
2025-05-01T14:15:47.960000,0.000263
2025-05-01T14:15:47.970000,-0.002069
2025-05-01T14:15:47.980000,0.012902
2025-05-01T14:15:47.990000,0.032204
2025-05-01T14:15:48,-0.014402
2025-05-01T14:15:48.010000,0.018449
2025-05-01T14:15:48.020000,-0.008983
2025-05-01T14:15:48.030000,-0.009944
2025-05-01T14:15:48.040000,-0.001060
2025-05-01T14:15:48.050000,-0.001676
2025-05-01T14:15:48.060000,0.011382
2025-05-01T14:15:48.070000,0.013234
2025-05-01T14:15:48.080000,0.003602
2025-05-01T14:15:48.090000,-0.007889
2025-05-01T14:15:48.100000,0.005970
2025-05-01T14:15:48.110000,0.016604
2025-05-01T14:15:48.120000,-0.007032
2025-05-01T14:15:48.130000,-0.006996
2025-05-01T14:15:48.140000,0.005271
2025-05-01T14:15:48.150000,0.025033
2025-05-01T14:15:48.160000,-0.005191
2025-05-01T14:15:48.170000,0.008662
2025-05-01T14:15:48.180000,0.002116
2025-05-01T14:15:48.190000,-0.003530
2025-05-01T14:15:48.200000,0.004420
2025-05-01T14:15:48.210000,0.005258
2025-05-01T14:15:48.220000,-0.018928
2025-05-01T14:15:48.230000,0.002105
2025-05-01T14:15:48.240000,0.021414
2025-05-01T14:15:48.250000,-0.014276
2025-05-01T14:15:48.260000,-0.010057
2025-05-01T14:15:48.270000,-0.001741
2025-05-01T14:15:48.280000,-0.007423
2025-05-01T14:15:48.290000,-0.007827
2025-05-01T14:15:48.300000,-0.014388
2025-05-01T14:15:48.310000,0.008690
2025-05-01T14:15:48.320000,0.001024
2025-05-01T14:15:48.330000,-0.006459
2025-05-01T14:15:48.340000,0.007478
2025-05-01T14:15:48.350000,-0.022047
2025-05-01T14:15:48.360000,-0.003470
2025-05-01T14:15:48.370000,-0.002222
2025-05-01T14:15:48.380000,0.009000
2025-05-01T14:15:48.390000,-0.005858
2025-05-01T14:15:48.400000,-0.011098
2025-05-01T14:15:48.410000,-0.011030
2025-05-01T14:15:48.420000,0.006875
2025-05-01T14:15:48.430000,-0.005935
2025-05-01T14:15:48.440000,0.021382
2025-05-01T14:15:48.450000,-0.022065
2025-05-01T14:15:48.460000,-0.003435
2025-05-01T14:15:48.470000,-0.014235
2025-05-01T14:15:48.480000,-0.001637
2025-05-01T14:15:48.490000,-0.009951
2025-05-01T14:15:48.500000,0.006424
2025-05-01T14:15:48.510000,0.005121
2025-05-01T14:15:48.520000,0.005937
2025-05-01T14:15:48.530000,0.001581
2025-05-01T14:15:48.540000,0.012491
2025-05-01T14:15:48.550000,0.013313
2025-05-01T14:15:48.560000,-0.010618
2025-05-01T14:15:48.570000,0.000707
2025-05-01T14:15:48.580000,0.003284
2025-05-01T14:15:48.590000,-0.018764
2025-05-01T14:15:48.600000,0.005945
2025-05-01T14:15:48.610000,-0.015660
2025-05-01T14:15:48.620000,0.005444
2025-05-01T14:15:48.630000,0.002154
2025-05-01T14:15:48.640000,0.006531
2025-05-01T14:15:48.650000,-0.017694
2025-05-01T14:15:48.660000,-0.010468
2025-05-01T14:15:48.670000,-0.001785
2025-05-01T14:15:48.680000,0.019693
2025-05-01T14:15:48.690000,0.018500
2025-05-01T14:15:48.700000,-0.007821
2025-05-01T14:15:48.710000,0.000195
2025-05-01T14:15:48.720000,0.005061
2025-05-01T14:15:48.730000,0.000475
2025-05-01T14:15:48.740000,-0.005221
2025-05-01T14:15:48.750000,-0.003650
2025-05-01T14:15:48.760000,0.000428
2025-05-01T14:15:48.770000,-0.003842
2025-05-01T14:15:48.780000,-0.007996
2025-05-01T14:15:48.790000,-0.005529
2025-05-01T14:15:48.800000,0.004779
2025-05-01T14:15:48.810000,-0.009411
2025-05-01T14:15:48.820000,-0.001898
2025-05-01T14:15:48.830000,0.008676
2025-05-01T14:15:48.840000,-0.005459
2025-05-01T14:15:48.850000,-0.008724
2025-05-01T14:15:48.860000,0.000820
2025-05-01T14:15:48.870000,0.015834
2025-05-01T14:15:48.880000,-0.000055
2025-05-01T14:15:48.890000,-0.005678
2025-05-01T14:15:48.900000,-0.004170
2025-05-01T14:15:48.910000,-0.019374
2025-05-01T14:15:48.920000,-0.012383
2025-05-01T14:15:48.930000,-0.001606
2025-05-01T14:15:48.940000,-0.010591
2025-05-01T14:15:48.950000,-0.001403
2025-05-01T14:15:48.960000,0.000633
2025-05-01T14:15:48.970000,0.002754
2025-05-01T14:15:48.980000,0.003414
2025-05-01T14:15:48.990000,-0.012999
2025-05-01T14:15:49,-0.003521
2025-05-01T14:15:49.010000,0.007247
2025-05-01T14:15:49.020000,-0.007441
2025-05-01T14:15:49.030000,0.011080
2025-05-01T14:15:49.040000,0.004061
2025-05-01T14:15:49.050000,0.005703
2025-05-01T14:15:49.060000,-0.004242
2025-05-01T14:15:49.070000,-0.004355
2025-05-01T14:15:49.080000,0.003096
2025-05-01T14:15:49.090000,0.005828
2025-05-01T14:15:49.100000,-0.013756
2025-05-01T14:15:49.110000,0.000767
2025-05-01T14:15:49.120000,0.018120
2025-05-01T14:15:49.130000,0.002981
2025-05-01T14:15:49.140000,0.011435
2025-05-01T14:15:49.150000,0.001433
2025-05-01T14:15:49.160000,0.005635
2025-05-01T14:15:49.170000,-0.009395
2025-05-01T14:15:49.180000,-0.003246
2025-05-01T14:15:49.190000,0.008871
2025-05-01T14:15:49.200000,0.005152
2025-05-01T14:15:49.210000,-0.007535
2025-05-01T14:15:49.220000,-0.016574
2025-05-01T14:15:49.230000,-0.007975
2025-05-01T14:15:49.240000,0.007432
2025-05-01T14:15:49.250000,-0.010249
2025-05-01T14:15:49.260000,-0.005656
2025-05-01T14:15:49.270000,-0.007408
2025-05-01T14:15:49.280000,-0.012208
2025-05-01T14:15:49.290000,0.003328
2025-05-01T14:15:49.300000,-0.022231
2025-05-01T14:15:49.310000,0.007139
2025-05-01T14:15:49.320000,-0.011279
2025-05-01T14:15:49.330000,0.001689
2025-05-01T14:15:49.340000,0.001558
2025-05-01T14:15:49.350000,-0.004894
2025-05-01T14:15:49.360000,0.001090
2025-05-01T14:15:49.370000,-0.003807
2025-05-01T14:15:49.380000,0.012166
2025-05-01T14:15:49.390000,-0.004143
2025-05-01T14:15:49.400000,-0.009407
2025-05-01T14:15:49.410000,-0.009202
2025-05-01T14:15:49.420000,-0.001216
2025-05-01T14:15:49.430000,-0.000267
2025-05-01T14:15:49.440000,0.016306
2025-05-01T14:15:49.450000,-0.001096
2025-05-01T14:15:49.460000,-0.002119
2025-05-01T14:15:49.470000,0.015698
2025-05-01T14:15:49.480000,0.008843
2025-05-01T14:15:49.490000,0.004218
2025-05-01T14:15:49.500000,0.017378
2025-05-01T14:15:49.510000,-0.000262
2025-05-01T14:15:49.520000,0.002872
2025-05-01T14:15:49.530000,0.019563
2025-05-01T14:15:49.540000,-0.007420
2025-05-01T14:15:49.550000,-0.004680
2025-05-01T14:15:49.560000,0.011085
2025-05-01T14:15:49.570000,0.019901
2025-05-01T14:15:49.580000,-0.016571
2025-05-01T14:15:49.590000,0.008708
2025-05-01T14:15:49.600000,0.003172
2025-05-01T14:15:49.610000,0.010820
2025-05-01T14:15:49.620000,-0.012372
2025-05-01T14:15:49.630000,-0.010811
2025-05-01T14:15:49.640000,-0.007704
2025-05-01T14:15:49.650000,-0.024059
2025-05-01T14:15:49.660000,-0.018031
2025-05-01T14:15:49.670000,-0.007320
2025-05-01T14:15:49.680000,-0.010380
2025-05-01T14:15:49.690000,0.000159
2025-05-01T14:15:49.700000,0.024664
2025-05-01T14:15:49.710000,0.020210
2025-05-01T14:15:49.720000,-0.009060
2025-05-01T14:15:49.730000,0.010640
2025-05-01T14:15:49.740000,0.003855
2025-05-01T14:15:49.750000,-0.012118
2025-05-01T14:15:49.760000,0.005964
2025-05-01T14:15:49.770000,-0.000112
2025-05-01T14:15:49.780000,-0.014174
2025-05-01T14:15:49.790000,-0.007971
2025-05-01T14:15:49.800000,0.013059
2025-05-01T14:15:49.810000,-0.014682
2025-05-01T14:15:49.820000,-0.001549
2025-05-01T14:15:49.830000,0.009932
2025-05-01T14:15:49.840000,-0.006300
2025-05-01T14:15:49.850000,-0.009195
2025-05-01T14:15:49.860000,0.003340
2025-05-01T14:15:49.870000,0.014870
2025-05-01T14:15:49.880000,-0.004961
2025-05-01T14:15:49.890000,0.018240
2025-05-01T14:15:49.900000,0.015620
2025-05-01T14:15:49.910000,-0.007541
2025-05-01T14:15:49.920000,0.005260
2025-05-01T14:15:49.930000,0.004027
2025-05-01T14:15:49.940000,0.013627
2025-05-01T14:15:49.950000,0.016241
2025-05-01T14:15:49.960000,0.004199
2025-05-01T14:15:49.970000,0.005208
2025-05-01T14:15:49.980000,-0.000642
2025-05-01T14:15:49.990000,0.006893
2025-05-01T14:15:50,0.010227
2025-05-01T14:15:50.010000,0.004928
2025-05-01T14:15:50.020000,0.000561
2025-05-01T14:15:50.030000,-0.010933
2025-05-01T14:15:50.040000,-0.000312
2025-05-01T14:15:50.050000,0.005833
2025-05-01T14:15:50.060000,-0.004007
2025-05-01T14:15:50.070000,-0.012335
2025-05-01T14:15:50.080000,-0.003367
2025-05-01T14:15:50.090000,-0.020211
2025-05-01T14:15:50.100000,-0.012624
2025-05-01T14:15:50.110000,-0.000517
2025-05-01T14:15:50.120000,-0.003777
2025-05-01T14:15:50.130000,-0.008876
2025-05-01T14:15:50.140000,0.005600
2025-05-01T14:15:50.150000,-0.003017
2025-05-01T14:15:50.160000,0.009425
2025-05-01T14:15:50.170000,0.000044
2025-05-01T14:15:50.180000,0.014656
2025-05-01T14:15:50.190000,-0.015239
2025-05-01T14:15:50.200000,0.005450
2025-05-01T14:15:50.210000,-0.017292
2025-05-01T14:15:50.220000,-0.002557
2025-05-01T14:15:50.230000,-0.000742
2025-05-01T14:15:50.240000,-0.012693
2025-05-01T14:15:50.250000,-0.013184
2025-05-01T14:15:50.260000,0.010037
2025-05-01T14:15:50.270000,-0.002820
2025-05-01T14:15:50.280000,-0.009064
2025-05-01T14:15:50.290000,0.004109
2025-05-01T14:15:50.300000,0.009653
2025-05-01T14:15:50.310000,-0.000596
2025-05-01T14:15:50.320000,-0.017877
2025-05-01T14:15:50.330000,-0.001039
2025-05-01T14:15:50.340000,-0.005762
2025-05-01T14:15:50.350000,-0.005054
2025-05-01T14:15:50.360000,0.002310
2025-05-01T14:15:50.370000,0.012756
2025-05-01T14:15:50.380000,-0.020898
2025-05-01T14:15:50.390000,-0.008599
2025-05-01T14:15:50.400000,0.007661
2025-05-01T14:15:50.410000,0.008674
2025-05-01T14:15:50.420000,0.002650
2025-05-01T14:15:50.430000,0.001382
2025-05-01T14:15:50.440000,-0.013437
2025-05-01T14:15:50.450000,-0.010433
2025-05-01T14:15:50.460000,0.019564
2025-05-01T14:15:50.470000,-0.002997
2025-05-01T14:15:50.480000,0.010411
2025-05-01T14:15:50.490000,0.002642
2025-05-01T14:15:50.500000,0.000672
2025-05-01T14:15:50.510000,0.017699
2025-05-01T14:15:50.520000,-0.013254
2025-05-01T14:15:50.530000,0.009306
2025-05-01T14:15:50.540000,-0.013956
2025-05-01T14:15:50.550000,0.011066
2025-05-01T14:15:50.560000,-0.001525
2025-05-01T14:15:50.570000,0.009612
2025-05-01T14:15:50.580000,0.000252
2025-05-01T14:15:50.590000,0.007937
2025-05-01T14:15:50.600000,0.012945
2025-05-01T14:15:50.610000,-0.000534
2025-05-01T14:15:50.620000,0.010257
2025-05-01T14:15:50.630000,0.004958
2025-05-01T14:15:50.640000,-0.001412
2025-05-01T14:15:50.650000,-0.000227
2025-05-01T14:15:50.660000,-0.001445
2025-05-01T14:15:50.670000,-0.001640
2025-05-01T14:15:50.680000,0.002755
2025-05-01T14:15:50.690000,-0.004952
2025-05-01T14:15:50.700000,0.006474
2025-05-01T14:15:50.710000,-0.006120
2025-05-01T14:15:50.720000,-0.004038
2025-05-01T14:15:50.730000,0.002940
2025-05-01T14:15:50.740000,0.006115
2025-05-01T14:15:50.750000,-0.004942
2025-05-01T14:15:50.760000,0.016149
2025-05-01T14:15:50.770000,0.018329
2025-05-01T14:15:50.780000,0.014129
2025-05-01T14:15:50.790000,0.000806
2025-05-01T14:15:50.800000,-0.011744
2025-05-01T14:15:50.810000,0.017230
2025-05-01T14:15:50.820000,-0.018892
2025-05-01T14:15:50.830000,0.014148
2025-05-01T14:15:50.840000,-0.005944
2025-05-01T14:15:50.850000,0.014848
2025-05-01T14:15:50.860000,0.010807
2025-05-01T14:15:50.870000,0.007778
2025-05-01T14:15:50.880000,0.019557
2025-05-01T14:15:50.890000,-0.022743
2025-05-01T14:15:50.900000,0.003955
2025-05-01T14:15:50.910000,0.010185
2025-05-01T14:15:50.920000,0.008488
2025-05-01T14:15:50.930000,0.016013
2025-05-01T14:15:50.940000,0.003742
2025-05-01T14:15:50.950000,0.003524
2025-05-01T14:15:50.960000,-0.005737
2025-05-01T14:15:50.970000,0.000240
2025-05-01T14:15:50.980000,-0.013654
2025-05-01T14:15:50.990000,-0.018042
2025-05-01T14:15:51,0.012499
2025-05-01T14:15:51.010000,-0.008365
2025-05-01T14:15:51.020000,-0.004182
2025-05-01T14:15:51.030000,0.002890
2025-05-01T14:15:51.040000,0.017308
2025-05-01T14:15:51.050000,-0.001546
2025-05-01T14:15:51.060000,-0.005481
2025-05-01T14:15:51.070000,0.003594
2025-05-01T14:15:51.080000,-0.000166
2025-05-01T14:15:51.090000,-0.003809
2025-05-01T14:15:51.100000,0.011890
2025-05-01T14:15:51.110000,0.003331
2025-05-01T14:15:51.120000,-0.011231
2025-05-01T14:15:51.130000,0.009394
2025-05-01T14:15:51.140000,-0.018060
2025-05-01T14:15:51.150000,0.010641
2025-05-01T14:15:51.160000,-0.000498
2025-05-01T14:15:51.170000,-0.016880
2025-05-01T14:15:51.180000,-0.003044
2025-05-01T14:15:51.190000,-0.000435
2025-05-01T14:15:51.200000,-0.003514
2025-05-01T14:15:51.210000,0.013332
2025-05-01T14:15:51.220000,-0.011131
2025-05-01T14:15:51.230000,0.015758
2025-05-01T14:15:51.240000,-0.000433
2025-05-01T14:15:51.250000,-0.019970
2025-05-01T14:15:51.260000,0.014115
2025-05-01T14:15:51.270000,-0.002496
2025-05-01T14:15:51.280000,0.003437
2025-05-01T14:15:51.290000,0.014532
2025-05-01T14:15:51.300000,0.019547
2025-05-01T14:15:51.310000,-0.009184
2025-05-01T14:15:51.320000,-0.007950
2025-05-01T14:15:51.330000,-0.013570
2025-05-01T14:15:51.340000,-0.008487
2025-05-01T14:15:51.350000,-0.006040
2025-05-01T14:15:51.360000,0.001470
2025-05-01T14:15:51.370000,-0.005239
2025-05-01T14:15:51.380000,-0.014162
2025-05-01T14:15:51.390000,0.014996
2025-05-01T14:15:51.400000,0.009789
2025-05-01T14:15:51.410000,0.011088
2025-05-01T14:15:51.420000,-0.001464
2025-05-01T14:15:51.430000,0.006664
2025-05-01T14:15:51.440000,0.010709
2025-05-01T14:15:51.450000,0.008787
2025-05-01T14:15:51.460000,-0.001279
2025-05-01T14:15:51.470000,-0.008051
2025-05-01T14:15:51.480000,0.003407
2025-05-01T14:15:51.490000,0.019426
2025-05-01T14:15:51.500000,0.004154
2025-05-01T14:15:51.510000,-0.009560
2025-05-01T14:15:51.520000,-0.001617
2025-05-01T14:15:51.530000,-0.003585
2025-05-01T14:15:51.540000,0.012968
2025-05-01T14:15:51.550000,0.011953
2025-05-01T14:15:51.560000,-0.012250
2025-05-01T14:15:51.570000,-0.003858
2025-05-01T14:15:51.580000,-0.012707
2025-05-01T14:15:51.590000,-0.016145
2025-05-01T14:15:51.600000,0.012327
2025-05-01T14:15:51.610000,-0.002413
2025-05-01T14:15:51.620000,0.007456
2025-05-01T14:15:51.630000,0.003043
2025-05-01T14:15:51.640000,-0.007680
2025-05-01T14:15:51.650000,0.016368
2025-05-01T14:15:51.660000,0.008283
2025-05-01T14:15:51.670000,-0.004272
2025-05-01T14:15:51.680000,-0.005131
2025-05-01T14:15:51.690000,-0.014696
2025-05-01T14:15:51.700000,0.007739
2025-05-01T14:15:51.710000,-0.006983
2025-05-01T14:15:51.720000,0.001386
2025-05-01T14:15:51.730000,0.001313
2025-05-01T14:15:51.740000,-0.006582
2025-05-01T14:15:51.750000,0.006240
2025-05-01T14:15:51.760000,-0.015162
2025-05-01T14:15:51.770000,0.008484
2025-05-01T14:15:51.780000,0.000883
2025-05-01T14:15:51.790000,0.005510
2025-05-01T14:15:51.800000,-0.001472
2025-05-01T14:15:51.810000,-0.002090
2025-05-01T14:15:51.820000,-0.005561
2025-05-01T14:15:51.830000,-0.016318
2025-05-01T14:15:51.840000,0.002248
2025-05-01T14:15:51.850000,0.005586
2025-05-01T14:15:51.860000,0.009067
2025-05-01T14:15:51.870000,0.003936
2025-05-01T14:15:51.880000,0.004095
2025-05-01T14:15:51.890000,0.013011
2025-05-01T14:15:51.900000,0.009134
2025-05-01T14:15:51.910000,0.011058
2025-05-01T14:15:51.920000,-0.008111
2025-05-01T14:15:51.930000,0.000251
2025-05-01T14:15:51.940000,-0.011970
2025-05-01T14:15:51.950000,-0.006180
2025-05-01T14:15:51.960000,0.009648
2025-05-01T14:15:51.970000,0.004667
2025-05-01T14:15:51.980000,0.002760
2025-05-01T14:15:51.990000,-0.001783
2025-05-01T14:15:52,0.012352
2025-05-01T14:15:52.010000,0.002910
2025-05-01T14:15:52.020000,-0.007104
2025-05-01T14:15:52.030000,0.001645
2025-05-01T14:15:52.040000,0.002478
2025-05-01T14:15:52.050000,0.020855
2025-05-01T14:15:52.060000,0.010827
2025-05-01T14:15:52.070000,-0.010933
2025-05-01T14:15:52.080000,0.006786
2025-05-01T14:15:52.090000,0.002330
2025-05-01T14:15:52.100000,-0.004580
2025-05-01T14:15:52.110000,0.013631
2025-05-01T14:15:52.120000,0.007981
2025-05-01T14:15:52.130000,-0.015545
2025-05-01T14:15:52.140000,0.002392
2025-05-01T14:15:52.150000,0.000519
2025-05-01T14:15:52.160000,0.001814
2025-05-01T14:15:52.170000,0.002523
2025-05-01T14:15:52.180000,0.000594
2025-05-01T14:15:52.190000,-0.008279
2025-05-01T14:15:52.200000,-0.009474
2025-05-01T14:15:52.210000,0.001278
2025-05-01T14:15:52.220000,-0.013248
2025-05-01T14:15:52.230000,-0.012093
2025-05-01T14:15:52.240000,0.003687
2025-05-01T14:15:52.250000,0.003067
2025-05-01T14:15:52.260000,-0.004446
2025-05-01T14:15:52.270000,0.012247
2025-05-01T14:15:52.280000,0.006774
2025-05-01T14:15:52.290000,0.008934
2025-05-01T14:15:52.300000,0.012336
2025-05-01T14:15:52.310000,0.001148
2025-05-01T14:15:52.320000,0.001655
2025-05-01T14:15:52.330000,0.007294
2025-05-01T14:15:52.340000,0.012448
2025-05-01T14:15:52.350000,0.006637
2025-05-01T14:15:52.360000,0.000750
2025-05-01T14:15:52.370000,-0.005323
2025-05-01T14:15:52.380000,0.000642
2025-05-01T14:15:52.390000,0.007648
2025-05-01T14:15:52.400000,0.012981
2025-05-01T14:15:52.410000,0.015815
2025-05-01T14:15:52.420000,0.010712
2025-05-01T14:15:52.430000,0.003501
2025-05-01T14:15:52.440000,0.000272
2025-05-01T14:15:52.450000,-0.004817
2025-05-01T14:15:52.460000,-0.007779
2025-05-01T14:15:52.470000,0.011428
2025-05-01T14:15:52.480000,-0.009500
2025-05-01T14:15:52.490000,-0.000005
2025-05-01T14:15:52.500000,-0.009994
2025-05-01T14:15:52.510000,-0.006223
2025-05-01T14:15:52.520000,-0.000000
2025-05-01T14:15:52.530000,0.010322
2025-05-01T14:15:52.540000,-0.006200
2025-05-01T14:15:52.550000,0.009660
2025-05-01T14:15:52.560000,0.002216
2025-05-01T14:15:52.570000,0.008323
2025-05-01T14:15:52.580000,-0.019298
2025-05-01T14:15:52.590000,-0.000561
2025-05-01T14:15:52.600000,0.007456
2025-05-01T14:15:52.610000,-0.008561
2025-05-01T14:15:52.620000,0.008526
2025-05-01T14:15:52.630000,-0.009492
2025-05-01T14:15:52.640000,0.020437
2025-05-01T14:15:52.650000,-0.012589
2025-05-01T14:15:52.660000,-0.019045
2025-05-01T14:15:52.670000,0.004992
2025-05-01T14:15:52.680000,0.006258
2025-05-01T14:15:52.690000,0.008079
2025-05-01T14:15:52.700000,-0.005792
2025-05-01T14:15:52.710000,0.000696
2025-05-01T14:15:52.720000,0.023638
2025-05-01T14:15:52.730000,-0.010286
2025-05-01T14:15:52.740000,-0.019105
2025-05-01T14:15:52.750000,-0.010195
2025-05-01T14:15:52.760000,-0.004722
2025-05-01T14:15:52.770000,-0.022351
2025-05-01T14:15:52.780000,0.003420
2025-05-01T14:15:52.790000,-0.017104
2025-05-01T14:15:52.800000,0.009695
2025-05-01T14:15:52.810000,0.010836
2025-05-01T14:15:52.820000,0.003617
2025-05-01T14:15:52.830000,-0.006108
2025-05-01T14:15:52.840000,0.018509
2025-05-01T14:15:52.850000,0.011678
2025-05-01T14:15:52.860000,0.002950
2025-05-01T14:15:52.870000,-0.004498
2025-05-01T14:15:52.880000,0.006705
2025-05-01T14:15:52.890000,0.007416
2025-05-01T14:15:52.900000,-0.008024
2025-05-01T14:15:52.910000,0.003221
2025-05-01T14:15:52.920000,-0.000621
2025-05-01T14:15:52.930000,0.008664
2025-05-01T14:15:52.940000,-0.020640
2025-05-01T14:15:52.950000,0.007190
2025-05-01T14:15:52.960000,-0.001621
2025-05-01T14:15:52.970000,0.011602
2025-05-01T14:15:52.980000,0.015656
2025-05-01T14:15:52.990000,0.001435
2025-05-01T14:15:53,0.006434
2025-05-01T14:15:53.010000,-0.007292
2025-05-01T14:15:53.020000,0.016063
2025-05-01T14:15:53.030000,-0.001208
2025-05-01T14:15:53.040000,-0.005981
2025-05-01T14:15:53.050000,-0.006079
2025-05-01T14:15:53.060000,0.012267
2025-05-01T14:15:53.070000,0.005282
2025-05-01T14:15:53.080000,-0.008750
2025-05-01T14:15:53.090000,-0.016854
2025-05-01T14:15:53.100000,-0.005783
2025-05-01T14:15:53.110000,-0.005275
2025-05-01T14:15:53.120000,0.018966
2025-05-01T14:15:53.130000,0.004460
2025-05-01T14:15:53.140000,0.005035
2025-05-01T14:15:53.150000,-0.002059
2025-05-01T14:15:53.160000,0.008584
2025-05-01T14:15:53.170000,0.004828
2025-05-01T14:15:53.180000,0.008013
2025-05-01T14:15:53.190000,0.000639
2025-05-01T14:15:53.200000,0.002369
2025-05-01T14:15:53.210000,-0.002362
2025-05-01T14:15:53.220000,0.020055
2025-05-01T14:15:53.230000,0.019873
2025-05-01T14:15:53.240000,0.003740
2025-05-01T14:15:53.250000,0.008930
2025-05-01T14:15:53.260000,-0.027275
2025-05-01T14:15:53.270000,0.009069
2025-05-01T14:15:53.280000,0.010109
2025-05-01T14:15:53.290000,-0.001165
2025-05-01T14:15:53.300000,0.013522
2025-05-01T14:15:53.310000,0.002686
2025-05-01T14:15:53.320000,0.000331
2025-05-01T14:15:53.330000,-0.006116
2025-05-01T14:15:53.340000,0.015193
2025-05-01T14:15:53.350000,0.007445
2025-05-01T14:15:53.360000,-0.001716
2025-05-01T14:15:53.370000,0.009084
2025-05-01T14:15:53.380000,-0.002576
2025-05-01T14:15:53.390000,0.001600
2025-05-01T14:15:53.400000,0.002899
2025-05-01T14:15:53.410000,-0.004020
2025-05-01T14:15:53.420000,0.002517
2025-05-01T14:15:53.430000,0.000281
2025-05-01T14:15:53.440000,-0.005201
2025-05-01T14:15:53.450000,0.003989
2025-05-01T14:15:53.460000,0.005993
2025-05-01T14:15:53.470000,-0.012938
2025-05-01T14:15:53.480000,0.000027
2025-05-01T14:15:53.490000,-0.007415
2025-05-01T14:15:53.500000,-0.005682
2025-05-01T14:15:53.510000,-0.002564
2025-05-01T14:15:53.520000,0.010253
2025-05-01T14:15:53.530000,0.019437
2025-05-01T14:15:53.540000,-0.005877
2025-05-01T14:15:53.550000,-0.010349
2025-05-01T14:15:53.560000,0.003710
2025-05-01T14:15:53.570000,0.005744
2025-05-01T14:15:53.580000,-0.001850
2025-05-01T14:15:53.590000,-0.019464
2025-05-01T14:15:53.600000,0.001173
2025-05-01T14:15:53.610000,0.000153
2025-05-01T14:15:53.620000,0.000509
2025-05-01T14:15:53.630000,0.000729
2025-05-01T14:15:53.640000,0.011677
2025-05-01T14:15:53.650000,-0.000130
2025-05-01T14:15:53.660000,0.000172
2025-05-01T14:15:53.670000,-0.003499
2025-05-01T14:15:53.680000,0.000609
2025-05-01T14:15:53.690000,0.007839
2025-05-01T14:15:53.700000,-0.001666
2025-05-01T14:15:53.710000,0.016476
2025-05-01T14:15:53.720000,0.019581
2025-05-01T14:15:53.730000,0.006927
2025-05-01T14:15:53.740000,0.010784
2025-05-01T14:15:53.750000,-0.005412
2025-05-01T14:15:53.760000,-0.012967
2025-05-01T14:15:53.770000,-0.001314
2025-05-01T14:15:53.780000,0.001296
2025-05-01T14:15:53.790000,0.013663
2025-05-01T14:15:53.800000,-0.018056
2025-05-01T14:15:53.810000,0.009193
2025-05-01T14:15:53.820000,-0.002068
2025-05-01T14:15:53.830000,0.004299
2025-05-01T14:15:53.840000,0.009624
2025-05-01T14:15:53.850000,0.001815
2025-05-01T14:15:53.860000,0.010940
2025-05-01T14:15:53.870000,0.012316
2025-05-01T14:15:53.880000,0.006859
2025-05-01T14:15:53.890000,-0.002767
2025-05-01T14:15:53.900000,-0.019330
2025-05-01T14:15:53.910000,0.013514
2025-05-01T14:15:53.920000,-0.008508
2025-05-01T14:15:53.930000,-0.013479
2025-05-01T14:15:53.940000,-0.009712
2025-05-01T14:15:53.950000,0.008095
2025-05-01T14:15:53.960000,-0.002950
2025-05-01T14:15:53.970000,-0.007811
2025-05-01T14:15:53.980000,0.012249
2025-05-01T14:15:53.990000,0.001618
2025-05-01T14:15:54,0.027565
2025-05-01T14:15:54.010000,-0.017210
2025-05-01T14:15:54.020000,-0.005114
2025-05-01T14:15:54.030000,-0.004113
2025-05-01T14:15:54.040000,0.008521
2025-05-01T14:15:54.050000,0.011981
2025-05-01T14:15:54.060000,-0.004691
2025-05-01T14:15:54.070000,-0.007252
2025-05-01T14:15:54.080000,-0.013567
2025-05-01T14:15:54.090000,0.022573
2025-05-01T14:15:54.100000,-0.004281
2025-05-01T14:15:54.110000,0.011911
2025-05-01T14:15:54.120000,-0.006070
2025-05-01T14:15:54.130000,0.021021
2025-05-01T14:15:54.140000,0.005625
2025-05-01T14:15:54.150000,0.000215
2025-05-01T14:15:54.160000,-0.001486
2025-05-01T14:15:54.170000,-0.000487
2025-05-01T14:15:54.180000,0.002262
2025-05-01T14:15:54.190000,0.007410
2025-05-01T14:15:54.200000,-0.013754
2025-05-01T14:15:54.210000,0.005755
2025-05-01T14:15:54.220000,0.004022
2025-05-01T14:15:54.230000,-0.019036
2025-05-01T14:15:54.240000,-0.009603
2025-05-01T14:15:54.250000,0.006300
2025-05-01T14:15:54.260000,-0.011996
2025-05-01T14:15:54.270000,0.015820
2025-05-01T14:15:54.280000,0.011397
2025-05-01T14:15:54.290000,0.001648
2025-05-01T14:15:54.300000,-0.004234
2025-05-01T14:15:54.310000,0.002427
2025-05-01T14:15:54.320000,-0.002274
2025-05-01T14:15:54.330000,-0.003843
2025-05-01T14:15:54.340000,0.020863
2025-05-01T14:15:54.350000,0.013039
2025-05-01T14:15:54.360000,0.001390
2025-05-01T14:15:54.370000,0.015692
2025-05-01T14:15:54.380000,-0.004047
2025-05-01T14:15:54.390000,0.004130
2025-05-01T14:15:54.400000,0.004121
2025-05-01T14:15:54.410000,-0.002453
2025-05-01T14:15:54.420000,0.000549
2025-05-01T14:15:54.430000,-0.002974
2025-05-01T14:15:54.440000,-0.008641
2025-05-01T14:15:54.450000,-0.024371
2025-05-01T14:15:54.460000,0.005041
2025-05-01T14:15:54.470000,-0.000975
2025-05-01T14:15:54.480000,0.009397
2025-05-01T14:15:54.490000,-0.005045
2025-05-01T14:15:54.500000,0.007422
2025-05-01T14:15:54.510000,0.000175
2025-05-01T14:15:54.520000,0.001231
2025-05-01T14:15:54.530000,0.002354
2025-05-01T14:15:54.540000,0.003078
2025-05-01T14:15:54.550000,0.004460
2025-05-01T14:15:54.560000,0.002606
2025-05-01T14:15:54.570000,-0.013498
2025-05-01T14:15:54.580000,0.014875
2025-05-01T14:15:54.590000,-0.000382
2025-05-01T14:15:54.600000,0.020032
2025-05-01T14:15:54.610000,-0.007796
2025-05-01T14:15:54.620000,-0.010802
2025-05-01T14:15:54.630000,-0.007608
2025-05-01T14:15:54.640000,0.010100
2025-05-01T14:15:54.650000,-0.003153
2025-05-01T14:15:54.660000,-0.001015
2025-05-01T14:15:54.670000,0.002402
2025-05-01T14:15:54.680000,-0.006965
2025-05-01T14:15:54.690000,0.011418
2025-05-01T14:15:54.700000,-0.014252
2025-05-01T14:15:54.710000,-0.012963
2025-05-01T14:15:54.720000,-0.027451
2025-05-01T14:15:54.730000,-0.008815
2025-05-01T14:15:54.740000,-0.009688
2025-05-01T14:15:54.750000,-0.016566
2025-05-01T14:15:54.760000,0.001092
2025-05-01T14:15:54.770000,0.008131
2025-05-01T14:15:54.780000,0.009949
2025-05-01T14:15:54.790000,0.017585
2025-05-01T14:15:54.800000,0.004718
2025-05-01T14:15:54.810000,0.005440
2025-05-01T14:15:54.820000,-0.001174
2025-05-01T14:15:54.830000,-0.012698
2025-05-01T14:15:54.840000,0.009022
2025-05-01T14:15:54.850000,-0.005368
2025-05-01T14:15:54.860000,0.007401
2025-05-01T14:15:54.870000,-0.008141
2025-05-01T14:15:54.880000,-0.003170
2025-05-01T14:15:54.890000,0.000719
2025-05-01T14:15:54.900000,-0.014303
2025-05-01T14:15:54.910000,0.027538
2025-05-01T14:15:54.920000,-0.012690
2025-05-01T14:15:54.930000,0.008165
2025-05-01T14:15:54.940000,0.010158
2025-05-01T14:15:54.950000,0.008878
2025-05-01T14:15:54.960000,0.013434
2025-05-01T14:15:54.970000,-0.009707
2025-05-01T14:15:54.980000,-0.004928
2025-05-01T14:15:54.990000,-0.007578
2025-05-01T14:15:55,0.013377
2025-05-01T14:15:55.010000,0.014438
2025-05-01T14:15:55.020000,-0.002011
2025-05-01T14:15:55.030000,0.011706
2025-05-01T14:15:55.040000,-0.000731
2025-05-01T14:15:55.050000,-0.009208
2025-05-01T14:15:55.060000,-0.010181
2025-05-01T14:15:55.070000,-0.000838
2025-05-01T14:15:55.080000,0.012628
2025-05-01T14:15:55.090000,0.001909
2025-05-01T14:15:55.100000,-0.000225
2025-05-01T14:15:55.110000,-0.021265
2025-05-01T14:15:55.120000,0.004557
2025-05-01T14:15:55.130000,-0.002193
2025-05-01T14:15:55.140000,0.003452
2025-05-01T14:15:55.150000,-0.015592
2025-05-01T14:15:55.160000,-0.008930
2025-05-01T14:15:55.170000,-0.004936
2025-05-01T14:15:55.180000,0.001139
2025-05-01T14:15:55.190000,0.008843
2025-05-01T14:15:55.200000,0.004211
2025-05-01T14:15:55.210000,-0.003098
2025-05-01T14:15:55.220000,-0.006123
2025-05-01T14:15:55.230000,0.016131
2025-05-01T14:15:55.240000,-0.024429
2025-05-01T14:15:55.250000,-0.008503
2025-05-01T14:15:55.260000,0.012712
2025-05-01T14:15:55.270000,-0.004348
2025-05-01T14:15:55.280000,-0.009467
2025-05-01T14:15:55.290000,-0.015209
2025-05-01T14:15:55.300000,0.012251
2025-05-01T14:15:55.310000,-0.004897
2025-05-01T14:15:55.320000,-0.002793
2025-05-01T14:15:55.330000,-0.002447
2025-05-01T14:15:55.340000,-0.006156
2025-05-01T14:15:55.350000,-0.000022
2025-05-01T14:15:55.360000,0.004721
2025-05-01T14:15:55.370000,-0.010695
2025-05-01T14:15:55.380000,0.014813
2025-05-01T14:15:55.390000,0.012585
2025-05-01T14:15:55.400000,0.008367
2025-05-01T14:15:55.410000,-0.005763
2025-05-01T14:15:55.420000,-0.003254
2025-05-01T14:15:55.430000,0.007230
2025-05-01T14:15:55.440000,0.012218
2025-05-01T14:15:55.450000,-0.004583
2025-05-01T14:15:55.460000,-0.005487
2025-05-01T14:15:55.470000,0.000162
2025-05-01T14:15:55.480000,-0.001805
2025-05-01T14:15:55.490000,-0.004045
2025-05-01T14:15:55.500000,-0.006788
2025-05-01T14:15:55.510000,0.002379
2025-05-01T14:15:55.520000,-0.002409
2025-05-01T14:15:55.530000,-0.014570
2025-05-01T14:15:55.540000,-0.007070
2025-05-01T14:15:55.550000,0.018063
2025-05-01T14:15:55.560000,-0.012176
2025-05-01T14:15:55.570000,-0.016061
2025-05-01T14:15:55.580000,0.017644
2025-05-01T14:15:55.590000,0.008767
2025-05-01T14:15:55.600000,-0.007287
2025-05-01T14:15:55.610000,0.000343
2025-05-01T14:15:55.620000,-0.010829
2025-05-01T14:15:55.630000,0.010261
2025-05-01T14:15:55.640000,-0.013105
2025-05-01T14:15:55.650000,0.009801
2025-05-01T14:15:55.660000,-0.002119
2025-05-01T14:15:55.670000,0.010525
2025-05-01T14:15:55.680000,0.003961
2025-05-01T14:15:55.690000,0.007881
2025-05-01T14:15:55.700000,-0.004991
2025-05-01T14:15:55.710000,-0.001074
2025-05-01T14:15:55.720000,-0.003133
2025-05-01T14:15:55.730000,0.003547
2025-05-01T14:15:55.740000,-0.005441
2025-05-01T14:15:55.750000,-0.008992
2025-05-01T14:15:55.760000,-0.000632
2025-05-01T14:15:55.770000,-0.006693
2025-05-01T14:15:55.780000,-0.023343
2025-05-01T14:15:55.790000,-0.006194
2025-05-01T14:15:55.800000,0.012785
2025-05-01T14:15:55.810000,-0.016879
2025-05-01T14:15:55.820000,0.002020
2025-05-01T14:15:55.830000,-0.000942
2025-05-01T14:15:55.840000,-0.001796
2025-05-01T14:15:55.850000,-0.000703
2025-05-01T14:15:55.860000,0.000724
2025-05-01T14:15:55.870000,0.006320
2025-05-01T14:15:55.880000,0.002598
2025-05-01T14:15:55.890000,0.004710
2025-05-01T14:15:55.900000,-0.011689
2025-05-01T14:15:55.910000,-0.003835
2025-05-01T14:15:55.920000,0.004812
2025-05-01T14:15:55.930000,0.020073
2025-05-01T14:15:55.940000,0.031145
2025-05-01T14:15:55.950000,-0.004142
2025-05-01T14:15:55.960000,0.002871
2025-05-01T14:15:55.970000,-0.005074
2025-05-01T14:15:55.980000,-0.002500
2025-05-01T14:15:55.990000,-0.002280
2025-05-01T14:15:56,0.006205
2025-05-01T14:15:56.010000,-0.010250
2025-05-01T14:15:56.020000,0.002898
2025-05-01T14:15:56.030000,-0.001675
2025-05-01T14:15:56.040000,-0.022202
2025-05-01T14:15:56.050000,0.000982
2025-05-01T14:15:56.060000,0.007234
2025-05-01T14:15:56.070000,-0.017386
2025-05-01T14:15:56.080000,0.005001
2025-05-01T14:15:56.090000,-0.004370
2025-05-01T14:15:56.100000,0.008147
2025-05-01T14:15:56.110000,0.013924
2025-05-01T14:15:56.120000,-0.000392
2025-05-01T14:15:56.130000,-0.000902
2025-05-01T14:15:56.140000,0.005347
2025-05-01T14:15:56.150000,-0.009935
2025-05-01T14:15:56.160000,0.001321
2025-05-01T14:15:56.170000,0.004439
2025-05-01T14:15:56.180000,-0.021691
2025-05-01T14:15:56.190000,-0.005896
2025-05-01T14:15:56.200000,0.005861
2025-05-01T14:15:56.210000,0.001289
2025-05-01T14:15:56.220000,-0.002387
2025-05-01T14:15:56.230000,0.007435
2025-05-01T14:15:56.240000,0.006653
2025-05-01T14:15:56.250000,0.007047
2025-05-01T14:15:56.260000,-0.011873
2025-05-01T14:15:56.270000,-0.005382
2025-05-01T14:15:56.280000,0.007757
2025-05-01T14:15:56.290000,0.002805
2025-05-01T14:15:56.300000,0.010479
2025-05-01T14:15:56.310000,-0.003575
2025-05-01T14:15:56.320000,0.010338
2025-05-01T14:15:56.330000,0.005079
2025-05-01T14:15:56.340000,-0.011353
2025-05-01T14:15:56.350000,-0.008262
2025-05-01T14:15:56.360000,0.015002
2025-05-01T14:15:56.370000,-0.009613
2025-05-01T14:15:56.380000,-0.006872
2025-05-01T14:15:56.390000,0.014094
2025-05-01T14:15:56.400000,0.018114
2025-05-01T14:15:56.410000,-0.008452
2025-05-01T14:15:56.420000,0.002383
2025-05-01T14:15:56.430000,0.002667
2025-05-01T14:15:56.440000,-0.001752
2025-05-01T14:15:56.450000,-0.009548
2025-05-01T14:15:56.460000,-0.004276
2025-05-01T14:15:56.470000,-0.010469
2025-05-01T14:15:56.480000,0.011961
2025-05-01T14:15:56.490000,-0.012151
2025-05-01T14:15:56.500000,-0.014558
2025-05-01T14:15:56.510000,-0.008733
2025-05-01T14:15:56.520000,-0.004057
2025-05-01T14:15:56.530000,0.007459
2025-05-01T14:15:56.540000,0.018032
2025-05-01T14:15:56.550000,0.025489
2025-05-01T14:15:56.560000,0.004110
2025-05-01T14:15:56.570000,0.001235
2025-05-01T14:15:56.580000,0.004347
2025-05-01T14:15:56.590000,-0.018189
2025-05-01T14:15:56.600000,0.011927
2025-05-01T14:15:56.610000,0.003243
2025-05-01T14:15:56.620000,-0.002753
2025-05-01T14:15:56.630000,-0.020068
2025-05-01T14:15:56.640000,-0.012452
2025-05-01T14:15:56.650000,0.014950
2025-05-01T14:15:56.660000,0.000724
2025-05-01T14:15:56.670000,-0.001778
2025-05-01T14:15:56.680000,0.001399
2025-05-01T14:15:56.690000,-0.008777
2025-05-01T14:15:56.700000,0.013774
2025-05-01T14:15:56.710000,0.006769
2025-05-01T14:15:56.720000,0.001657
2025-05-01T14:15:56.730000,-0.001757
2025-05-01T14:15:56.740000,-0.012063
2025-05-01T14:15:56.750000,-0.000825
2025-05-01T14:15:56.760000,-0.007074
2025-05-01T14:15:56.770000,-0.005639
2025-05-01T14:15:56.780000,-0.002820
2025-05-01T14:15:56.790000,0.011087
2025-05-01T14:15:56.800000,0.009051
2025-05-01T14:15:56.810000,0.010890
2025-05-01T14:15:56.820000,-0.005840
2025-05-01T14:15:56.830000,-0.006319
2025-05-01T14:15:56.840000,0.003900
2025-05-01T14:15:56.850000,0.000903
2025-05-01T14:15:56.860000,0.003660
2025-05-01T14:15:56.870000,0.010563
2025-05-01T14:15:56.880000,0.007421
2025-05-01T14:15:56.890000,-0.000775
2025-05-01T14:15:56.900000,-0.008037
2025-05-01T14:15:56.910000,0.014393
2025-05-01T14:15:56.920000,0.013059
2025-05-01T14:15:56.930000,0.010070
2025-05-01T14:15:56.940000,-0.010035
2025-05-01T14:15:56.950000,-0.010902
2025-05-01T14:15:56.960000,0.006659
2025-05-01T14:15:56.970000,0.004824
2025-05-01T14:15:56.980000,0.004935
2025-05-01T14:15:56.990000,0.005774
2025-05-01T14:15:57,-0.004053
2025-05-01T14:15:57.010000,-0.003797
2025-05-01T14:15:57.020000,0.001010
2025-05-01T14:15:57.030000,0.005773
2025-05-01T14:15:57.040000,-0.005571
2025-05-01T14:15:57.050000,0.000330
2025-05-01T14:15:57.060000,0.002112
2025-05-01T14:15:57.070000,-0.019163
2025-05-01T14:15:57.080000,0.005532
2025-05-01T14:15:57.090000,0.003789
2025-05-01T14:15:57.100000,0.003095
2025-05-01T14:15:57.110000,-0.000290
2025-05-01T14:15:57.120000,0.002732
2025-05-01T14:15:57.130000,0.004275
2025-05-01T14:15:57.140000,-0.002505
2025-05-01T14:15:57.150000,-0.001897
2025-05-01T14:15:57.160000,-0.011012
2025-05-01T14:15:57.170000,0.007107
2025-05-01T14:15:57.180000,0.022642
2025-05-01T14:15:57.190000,-0.002868
2025-05-01T14:15:57.200000,0.009383
2025-05-01T14:15:57.210000,0.031390
2025-05-01T14:15:57.220000,-0.002677
2025-05-01T14:15:57.230000,0.000789
2025-05-01T14:15:57.240000,0.002194
2025-05-01T14:15:57.250000,-0.002886
2025-05-01T14:15:57.260000,-0.007429
2025-05-01T14:15:57.270000,0.006282
2025-05-01T14:15:57.280000,-0.009407
2025-05-01T14:15:57.290000,-0.002093
2025-05-01T14:15:57.300000,-0.012270
2025-05-01T14:15:57.310000,0.005991
2025-05-01T14:15:57.320000,0.024829
2025-05-01T14:15:57.330000,-0.009212
2025-05-01T14:15:57.340000,0.007638
2025-05-01T14:15:57.350000,0.010177
2025-05-01T14:15:57.360000,-0.003367
2025-05-01T14:15:57.370000,-0.012747
2025-05-01T14:15:57.380000,-0.003246
2025-05-01T14:15:57.390000,0.007587
2025-05-01T14:15:57.400000,0.002112
2025-05-01T14:15:57.410000,0.008181
2025-05-01T14:15:57.420000,-0.000859
2025-05-01T14:15:57.430000,-0.013363
2025-05-01T14:15:57.440000,-0.013500
2025-05-01T14:15:57.450000,0.003266
2025-05-01T14:15:57.460000,0.007653
2025-05-01T14:15:57.470000,0.023931
2025-05-01T14:15:57.480000,-0.013749
2025-05-01T14:15:57.490000,-0.005601
2025-05-01T14:15:57.500000,-0.004251
2025-05-01T14:15:57.510000,-0.010720
2025-05-01T14:15:57.520000,0.006730
2025-05-01T14:15:57.530000,-0.006577
2025-05-01T14:15:57.540000,0.004604
2025-05-01T14:15:57.550000,-0.001195
2025-05-01T14:15:57.560000,0.006030
2025-05-01T14:15:57.570000,0.005087
2025-05-01T14:15:57.580000,-0.001668
2025-05-01T14:15:57.590000,0.000169
2025-05-01T14:15:57.600000,-0.002758
2025-05-01T14:15:57.610000,0.005308
2025-05-01T14:15:57.620000,-0.006750
2025-05-01T14:15:57.630000,-0.011320
2025-05-01T14:15:57.640000,-0.004082
2025-05-01T14:15:57.650000,-0.001560
2025-05-01T14:15:57.660000,-0.015787
2025-05-01T14:15:57.670000,-0.000609
2025-05-01T14:15:57.680000,-0.000210
2025-05-01T14:15:57.690000,-0.000580
2025-05-01T14:15:57.700000,0.007574
2025-05-01T14:15:57.710000,-0.000870
2025-05-01T14:15:57.720000,-0.001524
2025-05-01T14:15:57.730000,0.004152
2025-05-01T14:15:57.740000,0.005482
2025-05-01T14:15:57.750000,-0.009292
2025-05-01T14:15:57.760000,-0.005848
2025-05-01T14:15:57.770000,-0.001705
2025-05-01T14:15:57.780000,0.007111
2025-05-01T14:15:57.790000,-0.000211
2025-05-01T14:15:57.800000,0.014287
2025-05-01T14:15:57.810000,-0.006683
2025-05-01T14:15:57.820000,0.001029
2025-05-01T14:15:57.830000,0.016661
2025-05-01T14:15:57.840000,0.010503
2025-05-01T14:15:57.850000,0.006735
2025-05-01T14:15:57.860000,0.003665
2025-05-01T14:15:57.870000,-0.002799
2025-05-01T14:15:57.880000,-0.012672
2025-05-01T14:15:57.890000,-0.003340
2025-05-01T14:15:57.900000,-0.010455
2025-05-01T14:15:57.910000,0.005248
2025-05-01T14:15:57.920000,-0.018351
2025-05-01T14:15:57.930000,-0.011538
2025-05-01T14:15:57.940000,-0.007931
2025-05-01T14:15:57.950000,-0.002431
2025-05-01T14:15:57.960000,-0.013707
2025-05-01T14:15:57.970000,0.016553
2025-05-01T14:15:57.980000,-0.010337
2025-05-01T14:15:57.990000,0.009859
2025-05-01T14:15:58,-0.003341
2025-05-01T14:15:58.010000,-0.005188
2025-05-01T14:15:58.020000,0.005224
2025-05-01T14:15:58.030000,0.007864
2025-05-01T14:15:58.040000,-0.006461
2025-05-01T14:15:58.050000,-0.000843
2025-05-01T14:15:58.060000,-0.007513
2025-05-01T14:15:58.070000,-0.010462
2025-05-01T14:15:58.080000,0.009621
2025-05-01T14:15:58.090000,-0.006516
2025-05-01T14:15:58.100000,-0.011612
2025-05-01T14:15:58.110000,0.001798
2025-05-01T14:15:58.120000,-0.006326
2025-05-01T14:15:58.130000,0.007678
2025-05-01T14:15:58.140000,0.024100
2025-05-01T14:15:58.150000,-0.015474
2025-05-01T14:15:58.160000,-0.005370
2025-05-01T14:15:58.170000,-0.000673
2025-05-01T14:15:58.180000,0.003988
2025-05-01T14:15:58.190000,0.007791
2025-05-01T14:15:58.200000,0.005387
2025-05-01T14:15:58.210000,-0.012823
2025-05-01T14:15:58.220000,-0.011085
2025-05-01T14:15:58.230000,0.002722
2025-05-01T14:15:58.240000,-0.010106
2025-05-01T14:15:58.250000,0.002744
2025-05-01T14:15:58.260000,0.004266
2025-05-01T14:15:58.270000,0.005172
2025-05-01T14:15:58.280000,0.017901
2025-05-01T14:15:58.290000,0.001564
2025-05-01T14:15:58.300000,0.011869
2025-05-01T14:15:58.310000,0.006962
2025-05-01T14:15:58.320000,-0.008703
2025-05-01T14:15:58.330000,-0.020168
2025-05-01T14:15:58.340000,-0.008128
2025-05-01T14:15:58.350000,-0.016981
2025-05-01T14:15:58.360000,-0.009487
2025-05-01T14:15:58.370000,-0.001151
2025-05-01T14:15:58.380000,-0.003823
2025-05-01T14:15:58.390000,-0.005481
2025-05-01T14:15:58.400000,0.023023
2025-05-01T14:15:58.410000,-0.001958
2025-05-01T14:15:58.420000,-0.016331
2025-05-01T14:15:58.430000,-0.009857
2025-05-01T14:15:58.440000,-0.027660
2025-05-01T14:15:58.450000,-0.005041
2025-05-01T14:15:58.460000,-0.004040
2025-05-01T14:15:58.470000,0.002403
2025-05-01T14:15:58.480000,-0.008054
2025-05-01T14:15:58.490000,0.007668
2025-05-01T14:15:58.500000,-0.002652
2025-05-01T14:15:58.510000,0.000436
2025-05-01T14:15:58.520000,0.014631
2025-05-01T14:15:58.530000,0.005652
2025-05-01T14:15:58.540000,0.004298
2025-05-01T14:15:58.550000,0.002619
2025-05-01T14:15:58.560000,0.009230
2025-05-01T14:15:58.570000,-0.000869
2025-05-01T14:15:58.580000,0.009096
2025-05-01T14:15:58.590000,0.005808
2025-05-01T14:15:58.600000,-0.010457
2025-05-01T14:15:58.610000,-0.000859
2025-05-01T14:15:58.620000,-0.008771
2025-05-01T14:15:58.630000,-0.022501
2025-05-01T14:15:58.640000,-0.009479
2025-05-01T14:15:58.650000,-0.004026
2025-05-01T14:15:58.660000,-0.005381
2025-05-01T14:15:58.670000,0.001216
2025-05-01T14:15:58.680000,0.004823
2025-05-01T14:15:58.690000,-0.011487
2025-05-01T14:15:58.700000,0.001331
2025-05-01T14:15:58.710000,0.002903
2025-05-01T14:15:58.720000,-0.000966
2025-05-01T14:15:58.730000,0.004501
2025-05-01T14:15:58.740000,0.001385
2025-05-01T14:15:58.750000,0.001201
2025-05-01T14:15:58.760000,0.011007
2025-05-01T14:15:58.770000,-0.011109
2025-05-01T14:15:58.780000,-0.012754
2025-05-01T14:15:58.790000,-0.010545
2025-05-01T14:15:58.800000,-0.000631
2025-05-01T14:15:58.810000,-0.015443
2025-05-01T14:15:58.820000,0.002401
2025-05-01T14:15:58.830000,-0.012733
2025-05-01T14:15:58.840000,0.003374
2025-05-01T14:15:58.850000,0.003468
2025-05-01T14:15:58.860000,-0.006328
2025-05-01T14:15:58.870000,0.004225
2025-05-01T14:15:58.880000,-0.002010
2025-05-01T14:15:58.890000,0.001957
2025-05-01T14:15:58.900000,-0.001928
2025-05-01T14:15:58.910000,-0.004930
2025-05-01T14:15:58.920000,-0.006606
2025-05-01T14:15:58.930000,-0.000709
2025-05-01T14:15:58.940000,-0.006166
2025-05-01T14:15:58.950000,-0.005359
2025-05-01T14:15:58.960000,-0.004705
2025-05-01T14:15:58.970000,0.002653
2025-05-01T14:15:58.980000,-0.006816
2025-05-01T14:15:58.990000,-0.003003
2025-05-01T14:15:59,0.010734
2025-05-01T14:15:59.010000,-0.019726
2025-05-01T14:15:59.020000,-0.007803
2025-05-01T14:15:59.030000,-0.019735
2025-05-01T14:15:59.040000,-0.005237
2025-05-01T14:15:59.050000,0.011360
2025-05-01T14:15:59.060000,-0.022784
2025-05-01T14:15:59.070000,0.000081
2025-05-01T14:15:59.080000,0.015142
2025-05-01T14:15:59.090000,-0.001780
2025-05-01T14:15:59.100000,-0.015939
2025-05-01T14:15:59.110000,-0.010626
2025-05-01T14:15:59.120000,-0.017956
2025-05-01T14:15:59.130000,0.008803
2025-05-01T14:15:59.140000,0.003011
2025-05-01T14:15:59.150000,-0.001931
2025-05-01T14:15:59.160000,0.013029
2025-05-01T14:15:59.170000,-0.001503
2025-05-01T14:15:59.180000,0.000286
2025-05-01T14:15:59.190000,-0.002893
2025-05-01T14:15:59.200000,0.009949
2025-05-01T14:15:59.210000,0.020439
2025-05-01T14:15:59.220000,0.005869
2025-05-01T14:15:59.230000,0.016124
2025-05-01T14:15:59.240000,0.013012
2025-05-01T14:15:59.250000,0.003800
2025-05-01T14:15:59.260000,-0.000536
2025-05-01T14:15:59.270000,-0.004173
2025-05-01T14:15:59.280000,-0.009709
2025-05-01T14:15:59.290000,0.013520
2025-05-01T14:15:59.300000,-0.018562
2025-05-01T14:15:59.310000,-0.014912
2025-05-01T14:15:59.320000,-0.012038
2025-05-01T14:15:59.330000,0.002943
2025-05-01T14:15:59.340000,0.001632
2025-05-01T14:15:59.350000,-0.012660
2025-05-01T14:15:59.360000,0.020926
2025-05-01T14:15:59.370000,0.015767
2025-05-01T14:15:59.380000,-0.015906
2025-05-01T14:15:59.390000,0.005316
2025-05-01T14:15:59.400000,-0.004859
2025-05-01T14:15:59.410000,-0.002885
2025-05-01T14:15:59.420000,0.005206
2025-05-01T14:15:59.430000,0.007227
2025-05-01T14:15:59.440000,-0.013026
2025-05-01T14:15:59.450000,0.008418
2025-05-01T14:15:59.460000,0.001609
2025-05-01T14:15:59.470000,-0.014726
2025-05-01T14:15:59.480000,0.015925
2025-05-01T14:15:59.490000,-0.015863
2025-05-01T14:15:59.500000,0.006942
2025-05-01T14:15:59.510000,0.000090
2025-05-01T14:15:59.520000,0.003476
2025-05-01T14:15:59.530000,-0.009819
2025-05-01T14:15:59.540000,-0.002286
2025-05-01T14:15:59.550000,-0.004311
2025-05-01T14:15:59.560000,0.005574
2025-05-01T14:15:59.570000,-0.001985
2025-05-01T14:15:59.580000,0.004700
2025-05-01T14:15:59.590000,-0.007657
2025-05-01T14:15:59.600000,-0.001892
2025-05-01T14:15:59.610000,-0.001835
2025-05-01T14:15:59.620000,0.006552
2025-05-01T14:15:59.630000,-0.010149
2025-05-01T14:15:59.640000,-0.010796
2025-05-01T14:15:59.650000,-0.003200
2025-05-01T14:15:59.660000,-0.003118
2025-05-01T14:15:59.670000,-0.006433
2025-05-01T14:15:59.680000,-0.000290
2025-05-01T14:15:59.690000,-0.008174
2025-05-01T14:15:59.700000,-0.004319
2025-05-01T14:15:59.710000,-0.007768
2025-05-01T14:15:59.720000,-0.007563
2025-05-01T14:15:59.730000,-0.015637
2025-05-01T14:15:59.740000,0.004689
2025-05-01T14:15:59.750000,-0.002243
2025-05-01T14:15:59.760000,-0.000741
2025-05-01T14:15:59.770000,-0.003735
2025-05-01T14:15:59.780000,0.011690
2025-05-01T14:15:59.790000,-0.001290
2025-05-01T14:15:59.800000,0.004174
2025-05-01T14:15:59.810000,-0.014916
2025-05-01T14:15:59.820000,0.008130
2025-05-01T14:15:59.830000,-0.009129
2025-05-01T14:15:59.840000,-0.002169
2025-05-01T14:15:59.850000,0.015323
2025-05-01T14:15:59.860000,-0.010136
2025-05-01T14:15:59.870000,0.006415
2025-05-01T14:15:59.880000,-0.012778
2025-05-01T14:15:59.890000,0.003224
2025-05-01T14:15:59.900000,-0.013022
2025-05-01T14:15:59.910000,0.000297
2025-05-01T14:15:59.920000,-0.013043
2025-05-01T14:15:59.930000,0.006363
2025-05-01T14:15:59.940000,0.007168
2025-05-01T14:15:59.950000,-0.000235
2025-05-01T14:15:59.960000,0.007864
2025-05-01T14:15:59.970000,-0.010022
2025-05-01T14:15:59.980000,0.007370
2025-05-01T14:15:59.990000,0.004753
2025-05-01T14:16:00,0.000845
2025-05-01T14:16:00.010000,0.002282
2025-05-01T14:16:00.020000,0.008282
2025-05-01T14:16:00.030000,0.013722
2025-05-01T14:16:00.040000,0.008448
2025-05-01T14:16:00.050000,-0.006287
2025-05-01T14:16:00.060000,-0.003477
2025-05-01T14:16:00.070000,0.004216
2025-05-01T14:16:00.080000,0.003118
2025-05-01T14:16:00.090000,0.016627
2025-05-01T14:16:00.100000,0.001243
2025-05-01T14:16:00.110000,0.009876
2025-05-01T14:16:00.120000,-0.011567
2025-05-01T14:16:00.130000,0.014740
2025-05-01T14:16:00.140000,-0.016240
2025-05-01T14:16:00.150000,0.010374
2025-05-01T14:16:00.160000,0.007478
2025-05-01T14:16:00.170000,-0.002327
2025-05-01T14:16:00.180000,0.019113
2025-05-01T14:16:00.190000,-0.003691
2025-05-01T14:16:00.200000,-0.015188
2025-05-01T14:16:00.210000,-0.008606
2025-05-01T14:16:00.220000,0.006866
2025-05-01T14:16:00.230000,-0.005286
2025-05-01T14:16:00.240000,0.007320
2025-05-01T14:16:00.250000,-0.025450
2025-05-01T14:16:00.260000,0.001947
2025-05-01T14:16:00.270000,0.007902
2025-05-01T14:16:00.280000,0.015416
2025-05-01T14:16:00.290000,0.007371
2025-05-01T14:16:00.300000,-0.008887
2025-05-01T14:16:00.310000,0.004423
2025-05-01T14:16:00.320000,-0.009012
2025-05-01T14:16:00.330000,0.012625
2025-05-01T14:16:00.340000,0.015980
2025-05-01T14:16:00.350000,0.034896
2025-05-01T14:16:00.360000,0.019062
2025-05-01T14:16:00.370000,0.014765
2025-05-01T14:16:00.380000,0.003361
2025-05-01T14:16:00.390000,-0.010542
2025-05-01T14:16:00.400000,-0.006043
2025-05-01T14:16:00.410000,-0.004912
2025-05-01T14:16:00.420000,-0.006826
2025-05-01T14:16:00.430000,0.016205
2025-05-01T14:16:00.440000,0.019235
2025-05-01T14:16:00.450000,0.014384
2025-05-01T14:16:00.460000,0.019474
2025-05-01T14:16:00.470000,0.011975
2025-05-01T14:16:00.480000,0.002547
2025-05-01T14:16:00.490000,-0.015380
2025-05-01T14:16:00.500000,-0.001826
2025-05-01T14:16:00.510000,0.002892
2025-05-01T14:16:00.520000,0.001146
2025-05-01T14:16:00.530000,0.002844
2025-05-01T14:16:00.540000,0.016420
2025-05-01T14:16:00.550000,0.005767
2025-05-01T14:16:00.560000,0.014131
2025-05-01T14:16:00.570000,0.008334
2025-05-01T14:16:00.580000,0.010966
2025-05-01T14:16:00.590000,0.003896
2025-05-01T14:16:00.600000,0.003937
2025-05-01T14:16:00.610000,0.000120
2025-05-01T14:16:00.620000,0.004782
2025-05-01T14:16:00.630000,-0.003588
2025-05-01T14:16:00.640000,0.017540
2025-05-01T14:16:00.650000,0.007618
2025-05-01T14:16:00.660000,0.002642
2025-05-01T14:16:00.670000,0.007618
2025-05-01T14:16:00.680000,0.005076
2025-05-01T14:16:00.690000,-0.013189
2025-05-01T14:16:00.700000,0.019524
2025-05-01T14:16:00.710000,-0.003468
2025-05-01T14:16:00.720000,-0.011294
2025-05-01T14:16:00.730000,-0.007586
2025-05-01T14:16:00.740000,-0.002237
2025-05-01T14:16:00.750000,0.005248
2025-05-01T14:16:00.760000,-0.013326
2025-05-01T14:16:00.770000,-0.013345
2025-05-01T14:16:00.780000,0.001959
2025-05-01T14:16:00.790000,0.023495
2025-05-01T14:16:00.800000,-0.000509
2025-05-01T14:16:00.810000,0.012669
2025-05-01T14:16:00.820000,0.005181
2025-05-01T14:16:00.830000,-0.005322
2025-05-01T14:16:00.840000,0.006429
2025-05-01T14:16:00.850000,-0.007131
2025-05-01T14:16:00.860000,-0.005383
2025-05-01T14:16:00.870000,-0.020252
2025-05-01T14:16:00.880000,-0.015236
2025-05-01T14:16:00.890000,0.004204
2025-05-01T14:16:00.900000,-0.012450
2025-05-01T14:16:00.910000,0.003494
2025-05-01T14:16:00.920000,-0.021419
2025-05-01T14:16:00.930000,0.002114
2025-05-01T14:16:00.940000,-0.017755
2025-05-01T14:16:00.950000,0.000554
2025-05-01T14:16:00.960000,-0.022836
2025-05-01T14:16:00.970000,-0.001700
2025-05-01T14:16:00.980000,0.016004
2025-05-01T14:16:00.990000,0.002949
2025-05-01T14:16:01,0.021548
2025-05-01T14:16:01.010000,-0.011505
2025-05-01T14:16:01.020000,0.008163
2025-05-01T14:16:01.030000,-0.018397
2025-05-01T14:16:01.040000,-0.000796
2025-05-01T14:16:01.050000,0.004112
2025-05-01T14:16:01.060000,0.009313
2025-05-01T14:16:01.070000,-0.011806
2025-05-01T14:16:01.080000,-0.001821
2025-05-01T14:16:01.090000,0.006698
2025-05-01T14:16:01.100000,-0.012472
2025-05-01T14:16:01.110000,0.004223
2025-05-01T14:16:01.120000,0.014991
2025-05-01T14:16:01.130000,0.004459
2025-05-01T14:16:01.140000,-0.010668
2025-05-01T14:16:01.150000,-0.001149
2025-05-01T14:16:01.160000,0.016269
2025-05-01T14:16:01.170000,0.003423
2025-05-01T14:16:01.180000,-0.012725
2025-05-01T14:16:01.190000,-0.010189
2025-05-01T14:16:01.200000,-0.004017
2025-05-01T14:16:01.210000,0.017333
2025-05-01T14:16:01.220000,-0.007356
2025-05-01T14:16:01.230000,0.017992
2025-05-01T14:16:01.240000,-0.003185
2025-05-01T14:16:01.250000,-0.018140
2025-05-01T14:16:01.260000,-0.000930
2025-05-01T14:16:01.270000,-0.006843
2025-05-01T14:16:01.280000,-0.019094
2025-05-01T14:16:01.290000,-0.002739
2025-05-01T14:16:01.300000,0.010522
2025-05-01T14:16:01.310000,-0.006648
2025-05-01T14:16:01.320000,0.006362
2025-05-01T14:16:01.330000,0.019815
2025-05-01T14:16:01.340000,-0.002327
2025-05-01T14:16:01.350000,-0.013580
2025-05-01T14:16:01.360000,0.016762
2025-05-01T14:16:01.370000,-0.014572
2025-05-01T14:16:01.380000,0.002698
2025-05-01T14:16:01.390000,-0.014876
2025-05-01T14:16:01.400000,-0.003895
2025-05-01T14:16:01.410000,0.010974
2025-05-01T14:16:01.420000,0.010722
2025-05-01T14:16:01.430000,-0.013729
2025-05-01T14:16:01.440000,0.004288
2025-05-01T14:16:01.450000,-0.013025
2025-05-01T14:16:01.460000,-0.011426
2025-05-01T14:16:01.470000,0.006714
2025-05-01T14:16:01.480000,0.007219
2025-05-01T14:16:01.490000,0.012339
2025-05-01T14:16:01.500000,-0.010054
2025-05-01T14:16:01.510000,0.000520
2025-05-01T14:16:01.520000,0.003459
2025-05-01T14:16:01.530000,-0.004923
2025-05-01T14:16:01.540000,-0.013348
2025-05-01T14:16:01.550000,0.003359
2025-05-01T14:16:01.560000,0.009642
2025-05-01T14:16:01.570000,0.027971
2025-05-01T14:16:01.580000,-0.010182
2025-05-01T14:16:01.590000,0.010705
2025-05-01T14:16:01.600000,-0.005817
2025-05-01T14:16:01.610000,0.005709
2025-05-01T14:16:01.620000,0.002771
2025-05-01T14:16:01.630000,0.000365
2025-05-01T14:16:01.640000,0.005541
2025-05-01T14:16:01.650000,-0.016194
2025-05-01T14:16:01.660000,-0.001658
2025-05-01T14:16:01.670000,0.017349
2025-05-01T14:16:01.680000,0.002574
2025-05-01T14:16:01.690000,-0.000784
2025-05-01T14:16:01.700000,0.009430
2025-05-01T14:16:01.710000,0.009636
2025-05-01T14:16:01.720000,0.009900
2025-05-01T14:16:01.730000,0.000552
2025-05-01T14:16:01.740000,0.008227
2025-05-01T14:16:01.750000,-0.010336
2025-05-01T14:16:01.760000,-0.004193
2025-05-01T14:16:01.770000,-0.001737
2025-05-01T14:16:01.780000,0.020535
2025-05-01T14:16:01.790000,-0.003793
2025-05-01T14:16:01.800000,-0.000017
2025-05-01T14:16:01.810000,-0.013845
2025-05-01T14:16:01.820000,-0.012928
2025-05-01T14:16:01.830000,0.008078
2025-05-01T14:16:01.840000,-0.018905
2025-05-01T14:16:01.850000,0.006493
2025-05-01T14:16:01.860000,-0.000255
2025-05-01T14:16:01.870000,0.019628
2025-05-01T14:16:01.880000,0.000448
2025-05-01T14:16:01.890000,0.006011
2025-05-01T14:16:01.900000,0.000965
2025-05-01T14:16:01.910000,0.006322
2025-05-01T14:16:01.920000,0.002069
2025-05-01T14:16:01.930000,0.013530
2025-05-01T14:16:01.940000,0.010405
2025-05-01T14:16:01.950000,0.001037
2025-05-01T14:16:01.960000,0.019593
2025-05-01T14:16:01.970000,-0.012645
2025-05-01T14:16:01.980000,0.010855
2025-05-01T14:16:01.990000,0.006049
2025-05-01T14:16:02,-0.000725
2025-05-01T14:16:02.010000,-0.011904
2025-05-01T14:16:02.020000,-0.005168
2025-05-01T14:16:02.030000,0.003858
2025-05-01T14:16:02.040000,0.031089
2025-05-01T14:16:02.050000,0.008867
2025-05-01T14:16:02.060000,-0.009751
2025-05-01T14:16:02.070000,0.003753
2025-05-01T14:16:02.080000,0.001198
2025-05-01T14:16:02.090000,0.000725
2025-05-01T14:16:02.100000,0.000274
2025-05-01T14:16:02.110000,-0.011044
2025-05-01T14:16:02.120000,0.000638
2025-05-01T14:16:02.130000,0.003820
2025-05-01T14:16:02.140000,-0.008766
2025-05-01T14:16:02.150000,0.000010
2025-05-01T14:16:02.160000,0.002478
2025-05-01T14:16:02.170000,-0.006397
2025-05-01T14:16:02.180000,-0.007714
2025-05-01T14:16:02.190000,-0.008609
2025-05-01T14:16:02.200000,0.002063
2025-05-01T14:16:02.210000,0.020179
2025-05-01T14:16:02.220000,-0.020542
2025-05-01T14:16:02.230000,-0.001698
2025-05-01T14:16:02.240000,0.001645
2025-05-01T14:16:02.250000,-0.005889
2025-05-01T14:16:02.260000,-0.004101
2025-05-01T14:16:02.270000,0.013966
2025-05-01T14:16:02.280000,-0.003289
2025-05-01T14:16:02.290000,0.009286
2025-05-01T14:16:02.300000,0.004299
2025-05-01T14:16:02.310000,-0.008165
2025-05-01T14:16:02.320000,-0.006820
2025-05-01T14:16:02.330000,-0.014157
2025-05-01T14:16:02.340000,0.001200
2025-05-01T14:16:02.350000,0.008198
2025-05-01T14:16:02.360000,-0.004940
2025-05-01T14:16:02.370000,-0.017867
2025-05-01T14:16:02.380000,-0.017107
2025-05-01T14:16:02.390000,0.017720
2025-05-01T14:16:02.400000,-0.006839
2025-05-01T14:16:02.410000,-0.000200
2025-05-01T14:16:02.420000,-0.004746
2025-05-01T14:16:02.430000,0.009603
2025-05-01T14:16:02.440000,0.021673
2025-05-01T14:16:02.450000,-0.004092
2025-05-01T14:16:02.460000,0.003508
2025-05-01T14:16:02.470000,0.005825
2025-05-01T14:16:02.480000,-0.003984
2025-05-01T14:16:02.490000,0.005966
2025-05-01T14:16:02.500000,0.006019
2025-05-01T14:16:02.510000,-0.001637
2025-05-01T14:16:02.520000,0.002512
2025-05-01T14:16:02.530000,0.013710
2025-05-01T14:16:02.540000,-0.013893
2025-05-01T14:16:02.550000,-0.003534
2025-05-01T14:16:02.560000,0.006860
2025-05-01T14:16:02.570000,0.012395
2025-05-01T14:16:02.580000,0.008215
2025-05-01T14:16:02.590000,-0.004414
2025-05-01T14:16:02.600000,0.005178
2025-05-01T14:16:02.610000,0.012795
2025-05-01T14:16:02.620000,0.009399
2025-05-01T14:16:02.630000,0.008165
2025-05-01T14:16:02.640000,0.016354
2025-05-01T14:16:02.650000,0.009043
2025-05-01T14:16:02.660000,0.011565
2025-05-01T14:16:02.670000,0.022690
2025-05-01T14:16:02.680000,0.004554
2025-05-01T14:16:02.690000,-0.008294
2025-05-01T14:16:02.700000,-0.007609
2025-05-01T14:16:02.710000,-0.005838
2025-05-01T14:16:02.720000,0.007291
2025-05-01T14:16:02.730000,-0.000646
2025-05-01T14:16:02.740000,-0.010279
2025-05-01T14:16:02.750000,-0.003947
2025-05-01T14:16:02.760000,-0.039949
2025-05-01T14:16:02.770000,-0.009049
2025-05-01T14:16:02.780000,0.003955
2025-05-01T14:16:02.790000,0.003648
2025-05-01T14:16:02.800000,0.022457
2025-05-01T14:16:02.810000,0.002799
2025-05-01T14:16:02.820000,0.007530
2025-05-01T14:16:02.830000,-0.014701
2025-05-01T14:16:02.840000,0.007529
2025-05-01T14:16:02.850000,0.017518
2025-05-01T14:16:02.860000,0.013661
2025-05-01T14:16:02.870000,-0.000054
2025-05-01T14:16:02.880000,0.002655
2025-05-01T14:16:02.890000,-0.000671
2025-05-01T14:16:02.900000,-0.004670
2025-05-01T14:16:02.910000,-0.004512
2025-05-01T14:16:02.920000,-0.010976
2025-05-01T14:16:02.930000,0.004925
2025-05-01T14:16:02.940000,0.007374
2025-05-01T14:16:02.950000,-0.002519
2025-05-01T14:16:02.960000,0.018547
2025-05-01T14:16:02.970000,-0.005116
2025-05-01T14:16:02.980000,0.001706
2025-05-01T14:16:02.990000,0.003671
2025-05-01T14:16:03,-0.006951
2025-05-01T14:16:03.010000,-0.000419
2025-05-01T14:16:03.020000,0.014629
2025-05-01T14:16:03.030000,0.018119
2025-05-01T14:16:03.040000,0.001908
2025-05-01T14:16:03.050000,0.012753
2025-05-01T14:16:03.060000,0.004582
2025-05-01T14:16:03.070000,-0.006449
2025-05-01T14:16:03.080000,0.006374
2025-05-01T14:16:03.090000,0.009314
2025-05-01T14:16:03.100000,-0.000124
2025-05-01T14:16:03.110000,-0.001134
2025-05-01T14:16:03.120000,-0.000825
2025-05-01T14:16:03.130000,-0.012746
2025-05-01T14:16:03.140000,-0.004915
2025-05-01T14:16:03.150000,0.007562
2025-05-01T14:16:03.160000,-0.004320
2025-05-01T14:16:03.170000,0.015236
2025-05-01T14:16:03.180000,-0.003738
2025-05-01T14:16:03.190000,-0.005399
2025-05-01T14:16:03.200000,-0.003283
2025-05-01T14:16:03.210000,-0.012427
2025-05-01T14:16:03.220000,-0.019508
2025-05-01T14:16:03.230000,0.001905
2025-05-01T14:16:03.240000,0.003245
2025-05-01T14:16:03.250000,0.022697
2025-05-01T14:16:03.260000,0.009092
2025-05-01T14:16:03.270000,-0.010828
2025-05-01T14:16:03.280000,-0.003625
2025-05-01T14:16:03.290000,-0.013243
2025-05-01T14:16:03.300000,-0.017142
2025-05-01T14:16:03.310000,-0.003926
2025-05-01T14:16:03.320000,0.012138
2025-05-01T14:16:03.330000,0.002245
2025-05-01T14:16:03.340000,-0.013763
2025-05-01T14:16:03.350000,0.006868
2025-05-01T14:16:03.360000,0.012080
2025-05-01T14:16:03.370000,0.007013
2025-05-01T14:16:03.380000,0.008386
2025-05-01T14:16:03.390000,-0.006183
2025-05-01T14:16:03.400000,-0.005677
2025-05-01T14:16:03.410000,0.001539
2025-05-01T14:16:03.420000,0.003666
2025-05-01T14:16:03.430000,-0.001991
2025-05-01T14:16:03.440000,-0.006614
2025-05-01T14:16:03.450000,0.002478
2025-05-01T14:16:03.460000,-0.001706
2025-05-01T14:16:03.470000,-0.005484
2025-05-01T14:16:03.480000,0.003228
2025-05-01T14:16:03.490000,-0.008740
2025-05-01T14:16:03.500000,0.002297
2025-05-01T14:16:03.510000,-0.004468
2025-05-01T14:16:03.520000,-0.002368
2025-05-01T14:16:03.530000,0.026473
2025-05-01T14:16:03.540000,0.009048
2025-05-01T14:16:03.550000,0.004350
2025-05-01T14:16:03.560000,0.011055
2025-05-01T14:16:03.570000,0.014248
2025-05-01T14:16:03.580000,-0.007403
2025-05-01T14:16:03.590000,-0.014076
2025-05-01T14:16:03.600000,-0.009222
2025-05-01T14:16:03.610000,-0.011420
2025-05-01T14:16:03.620000,0.009849
2025-05-01T14:16:03.630000,0.012262
2025-05-01T14:16:03.640000,0.005319
2025-05-01T14:16:03.650000,-0.003525
2025-05-01T14:16:03.660000,-0.009265
2025-05-01T14:16:03.670000,-0.017172
2025-05-01T14:16:03.680000,-0.014499
2025-05-01T14:16:03.690000,-0.004338
2025-05-01T14:16:03.700000,0.002464
2025-05-01T14:16:03.710000,-0.015198
2025-05-01T14:16:03.720000,-0.015449
2025-05-01T14:16:03.730000,0.022002
2025-05-01T14:16:03.740000,0.003003
2025-05-01T14:16:03.750000,0.004100
2025-05-01T14:16:03.760000,-0.006026
2025-05-01T14:16:03.770000,-0.019454
2025-05-01T14:16:03.780000,0.017074
2025-05-01T14:16:03.790000,0.005642
2025-05-01T14:16:03.800000,-0.003644
2025-05-01T14:16:03.810000,-0.007273
2025-05-01T14:16:03.820000,0.001978
2025-05-01T14:16:03.830000,-0.004811
2025-05-01T14:16:03.840000,0.004099
2025-05-01T14:16:03.850000,0.012912
2025-05-01T14:16:03.860000,-0.009385
2025-05-01T14:16:03.870000,0.003922
2025-05-01T14:16:03.880000,0.007518
2025-05-01T14:16:03.890000,-0.006946
2025-05-01T14:16:03.900000,-0.015643
2025-05-01T14:16:03.910000,0.010815
2025-05-01T14:16:03.920000,-0.003816
2025-05-01T14:16:03.930000,0.003714
2025-05-01T14:16:03.940000,0.008692
2025-05-01T14:16:03.950000,0.009881
2025-05-01T14:16:03.960000,0.005672
2025-05-01T14:16:03.970000,0.008319
2025-05-01T14:16:03.980000,-0.004526
2025-05-01T14:16:03.990000,0.010604
2025-05-01T14:16:04,0.006904
2025-05-01T14:16:04.010000,-0.000448
2025-05-01T14:16:04.020000,0.006607
2025-05-01T14:16:04.030000,0.000198
2025-05-01T14:16:04.040000,-0.009473
2025-05-01T14:16:04.050000,0.001514
2025-05-01T14:16:04.060000,0.023006
2025-05-01T14:16:04.070000,-0.005064
2025-05-01T14:16:04.080000,0.002131
2025-05-01T14:16:04.090000,-0.007851
2025-05-01T14:16:04.100000,0.016273
2025-05-01T14:16:04.110000,-0.022779
2025-05-01T14:16:04.120000,0.011737
2025-05-01T14:16:04.130000,0.006133
2025-05-01T14:16:04.140000,0.004857
2025-05-01T14:16:04.150000,-0.002036
2025-05-01T14:16:04.160000,-0.012771
2025-05-01T14:16:04.170000,0.008892
2025-05-01T14:16:04.180000,0.003081
2025-05-01T14:16:04.190000,-0.015016
2025-05-01T14:16:04.200000,-0.004510
2025-05-01T14:16:04.210000,0.003416
2025-05-01T14:16:04.220000,0.007178
2025-05-01T14:16:04.230000,0.007766
2025-05-01T14:16:04.240000,-0.005006
2025-05-01T14:16:04.250000,0.000659
2025-05-01T14:16:04.260000,0.012324
2025-05-01T14:16:04.270000,-0.001864
2025-05-01T14:16:04.280000,-0.022171
2025-05-01T14:16:04.290000,-0.018017
2025-05-01T14:16:04.300000,0.017859
2025-05-01T14:16:04.310000,-0.007761
2025-05-01T14:16:04.320000,-0.003025
2025-05-01T14:16:04.330000,-0.019889
2025-05-01T14:16:04.340000,0.003049
2025-05-01T14:16:04.350000,0.005259
2025-05-01T14:16:04.360000,-0.000303
2025-05-01T14:16:04.370000,0.007619
2025-05-01T14:16:04.380000,0.000084
2025-05-01T14:16:04.390000,0.016549
2025-05-01T14:16:04.400000,-0.014840
2025-05-01T14:16:04.410000,-0.015365
2025-05-01T14:16:04.420000,0.011624
2025-05-01T14:16:04.430000,0.014502
2025-05-01T14:16:04.440000,0.004506
2025-05-01T14:16:04.450000,0.004980
2025-05-01T14:16:04.460000,0.013791
2025-05-01T14:16:04.470000,0.004389
2025-05-01T14:16:04.480000,-0.000319
2025-05-01T14:16:04.490000,0.003290
2025-05-01T14:16:04.500000,0.003559
2025-05-01T14:16:04.510000,-0.005978
2025-05-01T14:16:04.520000,-0.002888
2025-05-01T14:16:04.530000,0.002485
2025-05-01T14:16:04.540000,0.000520
2025-05-01T14:16:04.550000,0.000637
2025-05-01T14:16:04.560000,0.002174
2025-05-01T14:16:04.570000,-0.003003
2025-05-01T14:16:04.580000,0.001258
2025-05-01T14:16:04.590000,-0.005853
2025-05-01T14:16:04.600000,0.001595
2025-05-01T14:16:04.610000,-0.004318
2025-05-01T14:16:04.620000,0.004239
2025-05-01T14:16:04.630000,-0.005469
2025-05-01T14:16:04.640000,0.005306
2025-05-01T14:16:04.650000,-0.001046
2025-05-01T14:16:04.660000,0.018273
2025-05-01T14:16:04.670000,-0.008579
2025-05-01T14:16:04.680000,0.007450
2025-05-01T14:16:04.690000,-0.008354
2025-05-01T14:16:04.700000,0.004659
2025-05-01T14:16:04.710000,-0.012191
2025-05-01T14:16:04.720000,0.009246
2025-05-01T14:16:04.730000,0.015301
2025-05-01T14:16:04.740000,-0.005031
2025-05-01T14:16:04.750000,0.006071
2025-05-01T14:16:04.760000,0.016678
2025-05-01T14:16:04.770000,-0.008427
2025-05-01T14:16:04.780000,-0.000197
2025-05-01T14:16:04.790000,0.013623
2025-05-01T14:16:04.800000,0.001625
2025-05-01T14:16:04.810000,0.011294
2025-05-01T14:16:04.820000,-0.031503
2025-05-01T14:16:04.830000,-0.010023
2025-05-01T14:16:04.840000,0.019217
2025-05-01T14:16:04.850000,-0.002648
2025-05-01T14:16:04.860000,0.015860
2025-05-01T14:16:04.870000,-0.003640
2025-05-01T14:16:04.880000,0.006913
2025-05-01T14:16:04.890000,0.000088
2025-05-01T14:16:04.900000,-0.009613
2025-05-01T14:16:04.910000,-0.006946
2025-05-01T14:16:04.920000,-0.013204
2025-05-01T14:16:04.930000,-0.004532
2025-05-01T14:16:04.940000,0.001704
2025-05-01T14:16:04.950000,-0.013804
2025-05-01T14:16:04.960000,-0.014131
2025-05-01T14:16:04.970000,0.005611
2025-05-01T14:16:04.980000,0.003145
2025-05-01T14:16:04.990000,-0.006945
