time,data
2025-05-01T14:14:25,0.019139
2025-05-01T14:14:25.010000,-0.012803
2025-05-01T14:14:25.020000,-0.018284
2025-05-01T14:14:25.030000,0.006651
2025-05-01T14:14:25.040000,0.016575
2025-05-01T14:14:25.050000,0.006599
2025-05-01T14:14:25.060000,-0.008130
2025-05-01T14:14:25.070000,0.000349
2025-05-01T14:14:25.080000,0.009469
2025-05-01T14:14:25.090000,0.014651
2025-05-01T14:14:25.100000,0.003097
2025-05-01T14:14:25.110000,-0.005095
2025-05-01T14:14:25.120000,0.007832
2025-05-01T14:14:25.130000,-0.004181
2025-05-01T14:14:25.140000,-0.017596
2025-05-01T14:14:25.150000,0.013460
2025-05-01T14:14:25.160000,0.016037
2025-05-01T14:14:25.170000,-0.004559
2025-05-01T14:14:25.180000,-0.007209
2025-05-01T14:14:25.190000,0.002477
2025-05-01T14:14:25.200000,0.007505
2025-05-01T14:14:25.210000,-0.000299
2025-05-01T14:14:25.220000,0.000334
2025-05-01T14:14:25.230000,0.002417
2025-05-01T14:14:25.240000,-0.006149
2025-05-01T14:14:25.250000,-0.012898
2025-05-01T14:14:25.260000,-0.004075
2025-05-01T14:14:25.270000,-0.001734
2025-05-01T14:14:25.280000,0.020391
2025-05-01T14:14:25.290000,-0.007904
2025-05-01T14:14:25.300000,0.007579
2025-05-01T14:14:25.310000,-0.000055
2025-05-01T14:14:25.320000,-0.013467
2025-05-01T14:14:25.330000,-0.007727
2025-05-01T14:14:25.340000,0.015646
2025-05-01T14:14:25.350000,0.001023
2025-05-01T14:14:25.360000,0.004106
2025-05-01T14:14:25.370000,-0.008343
2025-05-01T14:14:25.380000,0.014268
2025-05-01T14:14:25.390000,-0.014938
2025-05-01T14:14:25.400000,-0.007248
2025-05-01T14:14:25.410000,-0.000487
2025-05-01T14:14:25.420000,0.007057
2025-05-01T14:14:25.430000,0.003436
2025-05-01T14:14:25.440000,0.003772
2025-05-01T14:14:25.450000,0.013057
2025-05-01T14:14:25.460000,0.001016
2025-05-01T14:14:25.470000,0.017500
2025-05-01T14:14:25.480000,0.003424
2025-05-01T14:14:25.490000,0.015806
2025-05-01T14:14:25.500000,0.019341
2025-05-01T14:14:25.510000,0.007040
2025-05-01T14:14:25.520000,0.006801
2025-05-01T14:14:25.530000,-0.008967
2025-05-01T14:14:25.540000,-0.007725
2025-05-01T14:14:25.550000,0.008230
2025-05-01T14:14:25.560000,-0.001555
2025-05-01T14:14:25.570000,-0.003155
2025-05-01T14:14:25.580000,-0.005258
2025-05-01T14:14:25.590000,-0.000199
2025-05-01T14:14:25.600000,0.003303
2025-05-01T14:14:25.610000,0.007881
2025-05-01T14:14:25.620000,0.000598
2025-05-01T14:14:25.630000,-0.013116
2025-05-01T14:14:25.640000,-0.011489
2025-05-01T14:14:25.650000,-0.000781
2025-05-01T14:14:25.660000,-0.002118
2025-05-01T14:14:25.670000,-0.009013
2025-05-01T14:14:25.680000,0.009625
2025-05-01T14:14:25.690000,-0.010079
2025-05-01T14:14:25.700000,0.002936
2025-05-01T14:14:25.710000,-0.012919
2025-05-01T14:14:25.720000,-0.016091
2025-05-01T14:14:25.730000,-0.008235
2025-05-01T14:14:25.740000,0.004601
2025-05-01T14:14:25.750000,-0.013197
2025-05-01T14:14:25.760000,0.008733
2025-05-01T14:14:25.770000,-0.003569
2025-05-01T14:14:25.780000,0.006602
2025-05-01T14:14:25.790000,0.023711
2025-05-01T14:14:25.800000,0.006545
2025-05-01T14:14:25.810000,-0.000952
2025-05-01T14:14:25.820000,-0.005604
2025-05-01T14:14:25.830000,0.025563
2025-05-01T14:14:25.840000,0.003186
2025-05-01T14:14:25.850000,-0.007275
2025-05-01T14:14:25.860000,0.003261
2025-05-01T14:14:25.870000,0.002164
2025-05-01T14:14:25.880000,0.012347
2025-05-01T14:14:25.890000,0.003438
2025-05-01T14:14:25.900000,0.008774
2025-05-01T14:14:25.910000,-0.005966
2025-05-01T14:14:25.920000,0.005315
2025-05-01T14:14:25.930000,0.019798
2025-05-01T14:14:25.940000,0.002094
2025-05-01T14:14:25.950000,-0.006274
2025-05-01T14:14:25.960000,-0.003524
2025-05-01T14:14:25.970000,-0.000967
2025-05-01T14:14:25.980000,0.006997
2025-05-01T14:14:25.990000,0.010766
2025-05-01T14:14:26,-0.019194
2025-05-01T14:14:26.010000,-0.015302
2025-05-01T14:14:26.020000,-0.015940
2025-05-01T14:14:26.030000,-0.007891
2025-05-01T14:14:26.040000,-0.016089
2025-05-01T14:14:26.050000,0.015316
2025-05-01T14:14:26.060000,-0.007386
2025-05-01T14:14:26.070000,-0.005676
2025-05-01T14:14:26.080000,0.020827
2025-05-01T14:14:26.090000,-0.014412
2025-05-01T14:14:26.100000,0.002784
2025-05-01T14:14:26.110000,-0.008942
2025-05-01T14:14:26.120000,-0.006577
2025-05-01T14:14:26.130000,0.004507
2025-05-01T14:14:26.140000,0.000370
2025-05-01T14:14:26.150000,0.004081
2025-05-01T14:14:26.160000,-0.010786
2025-05-01T14:14:26.170000,-0.010598
2025-05-01T14:14:26.180000,-0.009089
2025-05-01T14:14:26.190000,-0.000246
2025-05-01T14:14:26.200000,0.007531
2025-05-01T14:14:26.210000,-0.005976
2025-05-01T14:14:26.220000,-0.004181
2025-05-01T14:14:26.230000,0.011306
2025-05-01T14:14:26.240000,0.002091
2025-05-01T14:14:26.250000,0.005727
2025-05-01T14:14:26.260000,0.019103
2025-05-01T14:14:26.270000,-0.008750
2025-05-01T14:14:26.280000,0.004859
2025-05-01T14:14:26.290000,0.004907
2025-05-01T14:14:26.300000,-0.000236
2025-05-01T14:14:26.310000,-0.008117
2025-05-01T14:14:26.320000,-0.009706
2025-05-01T14:14:26.330000,-0.005124
2025-05-01T14:14:26.340000,0.000156
2025-05-01T14:14:26.350000,-0.008879
2025-05-01T14:14:26.360000,-0.007893
2025-05-01T14:14:26.370000,0.002898
2025-05-01T14:14:26.380000,-0.003818
2025-05-01T14:14:26.390000,0.006670
2025-05-01T14:14:26.400000,0.007059
2025-05-01T14:14:26.410000,0.003871
2025-05-01T14:14:26.420000,-0.003138
2025-05-01T14:14:26.430000,0.001147
2025-05-01T14:14:26.440000,0.013106
2025-05-01T14:14:26.450000,-0.016499
2025-05-01T14:14:26.460000,-0.008115
2025-05-01T14:14:26.470000,0.007056
2025-05-01T14:14:26.480000,-0.012825
2025-05-01T14:14:26.490000,-0.019426
2025-05-01T14:14:26.500000,0.000638
2025-05-01T14:14:26.510000,-0.003599
2025-05-01T14:14:26.520000,0.015067
2025-05-01T14:14:26.530000,0.009161
2025-05-01T14:14:26.540000,0.006813
2025-05-01T14:14:26.550000,0.003593
2025-05-01T14:14:26.560000,-0.018192
2025-05-01T14:14:26.570000,0.001845
2025-05-01T14:14:26.580000,0.008076
2025-05-01T14:14:26.590000,-0.001307
2025-05-01T14:14:26.600000,0.018702
2025-05-01T14:14:26.610000,0.001829
2025-05-01T14:14:26.620000,0.002179
2025-05-01T14:14:26.630000,0.013265
2025-05-01T14:14:26.640000,-0.002700
2025-05-01T14:14:26.650000,0.022442
2025-05-01T14:14:26.660000,0.005772
2025-05-01T14:14:26.670000,0.002294
2025-05-01T14:14:26.680000,-0.002831
2025-05-01T14:14:26.690000,0.001177
2025-05-01T14:14:26.700000,0.008358
2025-05-01T14:14:26.710000,0.007898
2025-05-01T14:14:26.720000,0.017557
2025-05-01T14:14:26.730000,0.002650
2025-05-01T14:14:26.740000,0.012128
2025-05-01T14:14:26.750000,-0.008053
2025-05-01T14:14:26.760000,0.002940
2025-05-01T14:14:26.770000,0.014945
2025-05-01T14:14:26.780000,-0.012424
2025-05-01T14:14:26.790000,-0.004458
2025-05-01T14:14:26.800000,-0.007118
2025-05-01T14:14:26.810000,0.001584
2025-05-01T14:14:26.820000,0.007431
2025-05-01T14:14:26.830000,0.005146
2025-05-01T14:14:26.840000,0.014630
2025-05-01T14:14:26.850000,0.011611
2025-05-01T14:14:26.860000,-0.003333
2025-05-01T14:14:26.870000,0.009001
2025-05-01T14:14:26.880000,-0.003055
2025-05-01T14:14:26.890000,-0.005404
2025-05-01T14:14:26.900000,0.002064
2025-05-01T14:14:26.910000,0.007133
2025-05-01T14:14:26.920000,-0.005239
2025-05-01T14:14:26.930000,-0.022930
2025-05-01T14:14:26.940000,0.002257
2025-05-01T14:14:26.950000,0.003793
2025-05-01T14:14:26.960000,-0.003780
2025-05-01T14:14:26.970000,-0.004003
2025-05-01T14:14:26.980000,0.018367
2025-05-01T14:14:26.990000,0.019218
2025-05-01T14:14:27,-0.001955
2025-05-01T14:14:27.010000,0.007121
2025-05-01T14:14:27.020000,-0.007666
2025-05-01T14:14:27.030000,-0.020769
2025-05-01T14:14:27.040000,0.013866
2025-05-01T14:14:27.050000,0.006691
2025-05-01T14:14:27.060000,0.011801
2025-05-01T14:14:27.070000,-0.020253
2025-05-01T14:14:27.080000,0.008715
2025-05-01T14:14:27.090000,0.015513
2025-05-01T14:14:27.100000,-0.017421
2025-05-01T14:14:27.110000,0.001037
2025-05-01T14:14:27.120000,0.007338
2025-05-01T14:14:27.130000,0.002483
2025-05-01T14:14:27.140000,0.014254
2025-05-01T14:14:27.150000,-0.011110
2025-05-01T14:14:27.160000,0.007993
2025-05-01T14:14:27.170000,0.011372
2025-05-01T14:14:27.180000,0.014603
2025-05-01T14:14:27.190000,0.002200
2025-05-01T14:14:27.200000,0.000387
2025-05-01T14:14:27.210000,-0.003458
2025-05-01T14:14:27.220000,0.003396
2025-05-01T14:14:27.230000,0.000556
2025-05-01T14:14:27.240000,0.009000
2025-05-01T14:14:27.250000,0.015350
2025-05-01T14:14:27.260000,-0.009011
2025-05-01T14:14:27.270000,0.019875
2025-05-01T14:14:27.280000,-0.006145
2025-05-01T14:14:27.290000,-0.000404
2025-05-01T14:14:27.300000,0.005268
2025-05-01T14:14:27.310000,0.021189
2025-05-01T14:14:27.320000,0.010463
2025-05-01T14:14:27.330000,0.017598
2025-05-01T14:14:27.340000,-0.011363
2025-05-01T14:14:27.350000,0.020542
2025-05-01T14:14:27.360000,0.007158
2025-05-01T14:14:27.370000,-0.011532
2025-05-01T14:14:27.380000,0.001709
2025-05-01T14:14:27.390000,-0.008271
2025-05-01T14:14:27.400000,0.010221
2025-05-01T14:14:27.410000,-0.000490
2025-05-01T14:14:27.420000,-0.019671
2025-05-01T14:14:27.430000,0.013645
2025-05-01T14:14:27.440000,0.015010
2025-05-01T14:14:27.450000,-0.031378
2025-05-01T14:14:27.460000,-0.002228
2025-05-01T14:14:27.470000,0.005428
2025-05-01T14:14:27.480000,-0.001343
2025-05-01T14:14:27.490000,-0.009389
2025-05-01T14:14:27.500000,-0.015073
2025-05-01T14:14:27.510000,-0.004853
2025-05-01T14:14:27.520000,0.000396
2025-05-01T14:14:27.530000,0.007137
2025-05-01T14:14:27.540000,0.006684
2025-05-01T14:14:27.550000,-0.003957
2025-05-01T14:14:27.560000,0.002073
2025-05-01T14:14:27.570000,-0.016199
2025-05-01T14:14:27.580000,0.008626
2025-05-01T14:14:27.590000,0.006130
2025-05-01T14:14:27.600000,0.006991
2025-05-01T14:14:27.610000,-0.011309
2025-05-01T14:14:27.620000,0.001045
2025-05-01T14:14:27.630000,0.004545
2025-05-01T14:14:27.640000,0.003322
2025-05-01T14:14:27.650000,-0.007463
2025-05-01T14:14:27.660000,0.003934
2025-05-01T14:14:27.670000,-0.003462
2025-05-01T14:14:27.680000,0.020737
2025-05-01T14:14:27.690000,-0.000830
2025-05-01T14:14:27.700000,-0.021161
2025-05-01T14:14:27.710000,0.005471
2025-05-01T14:14:27.720000,-0.003075
2025-05-01T14:14:27.730000,0.002291
2025-05-01T14:14:27.740000,0.004040
2025-05-01T14:14:27.750000,0.005142
2025-05-01T14:14:27.760000,-0.002687
2025-05-01T14:14:27.770000,0.006469
2025-05-01T14:14:27.780000,-0.022487
2025-05-01T14:14:27.790000,-0.016291
2025-05-01T14:14:27.800000,-0.013173
2025-05-01T14:14:27.810000,0.001123
2025-05-01T14:14:27.820000,-0.026036
2025-05-01T14:14:27.830000,0.003864
2025-05-01T14:14:27.840000,0.014353
2025-05-01T14:14:27.850000,0.002545
2025-05-01T14:14:27.860000,-0.007699
2025-05-01T14:14:27.870000,-0.009468
2025-05-01T14:14:27.880000,0.017039
2025-05-01T14:14:27.890000,-0.013215
2025-05-01T14:14:27.900000,-0.009502
2025-05-01T14:14:27.910000,0.011409
2025-05-01T14:14:27.920000,0.010387
2025-05-01T14:14:27.930000,-0.011461
2025-05-01T14:14:27.940000,-0.003564
2025-05-01T14:14:27.950000,0.000282
2025-05-01T14:14:27.960000,0.002848
2025-05-01T14:14:27.970000,-0.001917
2025-05-01T14:14:27.980000,-0.010331
2025-05-01T14:14:27.990000,-0.008971
2025-05-01T14:14:28,0.023399
2025-05-01T14:14:28.010000,-0.015731
2025-05-01T14:14:28.020000,-0.007992
2025-05-01T14:14:28.030000,0.012138
2025-05-01T14:14:28.040000,0.001380
2025-05-01T14:14:28.050000,-0.004949
2025-05-01T14:14:28.060000,0.006466
2025-05-01T14:14:28.070000,-0.007027
2025-05-01T14:14:28.080000,0.000131
2025-05-01T14:14:28.090000,0.012604
2025-05-01T14:14:28.100000,-0.003514
2025-05-01T14:14:28.110000,0.012543
2025-05-01T14:14:28.120000,0.014486
2025-05-01T14:14:28.130000,0.001541
2025-05-01T14:14:28.140000,0.013692
2025-05-01T14:14:28.150000,-0.003941
2025-05-01T14:14:28.160000,-0.004110
2025-05-01T14:14:28.170000,0.008365
2025-05-01T14:14:28.180000,-0.002525
2025-05-01T14:14:28.190000,0.006914
2025-05-01T14:14:28.200000,-0.002290
2025-05-01T14:14:28.210000,0.002839
2025-05-01T14:14:28.220000,-0.007303
2025-05-01T14:14:28.230000,-0.000675
2025-05-01T14:14:28.240000,0.005024
2025-05-01T14:14:28.250000,0.011419
2025-05-01T14:14:28.260000,0.003591
2025-05-01T14:14:28.270000,0.016093
2025-05-01T14:14:28.280000,0.004876
2025-05-01T14:14:28.290000,-0.006457
2025-05-01T14:14:28.300000,0.005053
2025-05-01T14:14:28.310000,-0.011792
2025-05-01T14:14:28.320000,0.006118
2025-05-01T14:14:28.330000,-0.035649
2025-05-01T14:14:28.340000,0.000019
2025-05-01T14:14:28.350000,-0.005544
2025-05-01T14:14:28.360000,0.012354
2025-05-01T14:14:28.370000,-0.001512
2025-05-01T14:14:28.380000,-0.017701
2025-05-01T14:14:28.390000,-0.002177
2025-05-01T14:14:28.400000,0.001983
2025-05-01T14:14:28.410000,-0.030463
2025-05-01T14:14:28.420000,0.008861
2025-05-01T14:14:28.430000,0.008918
2025-05-01T14:14:28.440000,0.000243
2025-05-01T14:14:28.450000,0.013888
2025-05-01T14:14:28.460000,0.000313
2025-05-01T14:14:28.470000,0.001216
2025-05-01T14:14:28.480000,-0.003781
2025-05-01T14:14:28.490000,0.010307
2025-05-01T14:14:28.500000,0.001122
2025-05-01T14:14:28.510000,-0.019090
2025-05-01T14:14:28.520000,-0.004783
2025-05-01T14:14:28.530000,-0.005983
2025-05-01T14:14:28.540000,0.019229
2025-05-01T14:14:28.550000,0.001380
2025-05-01T14:14:28.560000,-0.000785
2025-05-01T14:14:28.570000,-0.022879
2025-05-01T14:14:28.580000,0.008513
2025-05-01T14:14:28.590000,0.003550
2025-05-01T14:14:28.600000,0.002093
2025-05-01T14:14:28.610000,0.000037
2025-05-01T14:14:28.620000,-0.008762
2025-05-01T14:14:28.630000,0.007972
2025-05-01T14:14:28.640000,0.010208
2025-05-01T14:14:28.650000,0.016338
2025-05-01T14:14:28.660000,0.011682
2025-05-01T14:14:28.670000,0.006559
2025-05-01T14:14:28.680000,0.019975
2025-05-01T14:14:28.690000,-0.009491
2025-05-01T14:14:28.700000,0.009426
2025-05-01T14:14:28.710000,0.001627
2025-05-01T14:14:28.720000,0.009948
2025-05-01T14:14:28.730000,-0.004159
2025-05-01T14:14:28.740000,0.007928
2025-05-01T14:14:28.750000,-0.005858
2025-05-01T14:14:28.760000,-0.002240
2025-05-01T14:14:28.770000,0.003985
2025-05-01T14:14:28.780000,-0.003729
2025-05-01T14:14:28.790000,-0.009419
2025-05-01T14:14:28.800000,0.004955
2025-05-01T14:14:28.810000,-0.001474
2025-05-01T14:14:28.820000,0.017538
2025-05-01T14:14:28.830000,0.008606
2025-05-01T14:14:28.840000,-0.001942
2025-05-01T14:14:28.850000,-0.003168
2025-05-01T14:14:28.860000,-0.017698
2025-05-01T14:14:28.870000,-0.004070
2025-05-01T14:14:28.880000,-0.005593
2025-05-01T14:14:28.890000,-0.009770
2025-05-01T14:14:28.900000,-0.007799
2025-05-01T14:14:28.910000,0.011873
2025-05-01T14:14:28.920000,-0.000520
2025-05-01T14:14:28.930000,0.010981
2025-05-01T14:14:28.940000,0.002718
2025-05-01T14:14:28.950000,-0.011582
2025-05-01T14:14:28.960000,0.001946
2025-05-01T14:14:28.970000,-0.005167
2025-05-01T14:14:28.980000,-0.003660
2025-05-01T14:14:28.990000,-0.014728
2025-05-01T14:14:29,0.011727
2025-05-01T14:14:29.010000,0.002587
2025-05-01T14:14:29.020000,0.022288
2025-05-01T14:14:29.030000,-0.008862
2025-05-01T14:14:29.040000,-0.001899
2025-05-01T14:14:29.050000,0.013338
2025-05-01T14:14:29.060000,-0.007512
2025-05-01T14:14:29.070000,-0.009970
2025-05-01T14:14:29.080000,-0.011276
2025-05-01T14:14:29.090000,0.001285
2025-05-01T14:14:29.100000,0.013763
2025-05-01T14:14:29.110000,0.000960
2025-05-01T14:14:29.120000,-0.009980
2025-05-01T14:14:29.130000,-0.009280
2025-05-01T14:14:29.140000,0.007967
2025-05-01T14:14:29.150000,-0.010040
2025-05-01T14:14:29.160000,0.003331
2025-05-01T14:14:29.170000,-0.007057
2025-05-01T14:14:29.180000,-0.012807
2025-05-01T14:14:29.190000,0.002161
2025-05-01T14:14:29.200000,-0.006876
2025-05-01T14:14:29.210000,0.005379
2025-05-01T14:14:29.220000,0.001250
2025-05-01T14:14:29.230000,0.020677
2025-05-01T14:14:29.240000,-0.006835
2025-05-01T14:14:29.250000,-0.010085
2025-05-01T14:14:29.260000,0.000070
2025-05-01T14:14:29.270000,0.002810
2025-05-01T14:14:29.280000,0.006777
2025-05-01T14:14:29.290000,0.002316
2025-05-01T14:14:29.300000,-0.012226
2025-05-01T14:14:29.310000,-0.002497
2025-05-01T14:14:29.320000,-0.002527
2025-05-01T14:14:29.330000,0.021606
2025-05-01T14:14:29.340000,0.002196
2025-05-01T14:14:29.350000,0.000598
2025-05-01T14:14:29.360000,0.012626
2025-05-01T14:14:29.370000,-0.004682
2025-05-01T14:14:29.380000,0.001032
2025-05-01T14:14:29.390000,0.006448
2025-05-01T14:14:29.400000,0.008044
2025-05-01T14:14:29.410000,-0.001894
2025-05-01T14:14:29.420000,-0.005697
2025-05-01T14:14:29.430000,0.000954
2025-05-01T14:14:29.440000,-0.006709
2025-05-01T14:14:29.450000,0.007921
2025-05-01T14:14:29.460000,0.010549
2025-05-01T14:14:29.470000,-0.007365
2025-05-01T14:14:29.480000,0.007259
2025-05-01T14:14:29.490000,-0.009879
2025-05-01T14:14:29.500000,-0.003845
2025-05-01T14:14:29.510000,0.003337
2025-05-01T14:14:29.520000,-0.011323
2025-05-01T14:14:29.530000,0.015285
2025-05-01T14:14:29.540000,-0.013829
2025-05-01T14:14:29.550000,0.010877
2025-05-01T14:14:29.560000,0.004030
2025-05-01T14:14:29.570000,0.011290
2025-05-01T14:14:29.580000,-0.021863
2025-05-01T14:14:29.590000,0.000403
2025-05-01T14:14:29.600000,0.011588
2025-05-01T14:14:29.610000,0.010404
2025-05-01T14:14:29.620000,0.007793
2025-05-01T14:14:29.630000,-0.019316
2025-05-01T14:14:29.640000,-0.009612
2025-05-01T14:14:29.650000,-0.009045
2025-05-01T14:14:29.660000,0.003485
2025-05-01T14:14:29.670000,-0.013856
2025-05-01T14:14:29.680000,-0.003477
2025-05-01T14:14:29.690000,-0.001374
2025-05-01T14:14:29.700000,0.013351
2025-05-01T14:14:29.710000,0.006943
2025-05-01T14:14:29.720000,0.011634
2025-05-01T14:14:29.730000,0.003903
2025-05-01T14:14:29.740000,-0.006572
2025-05-01T14:14:29.750000,0.002738
2025-05-01T14:14:29.760000,0.004234
2025-05-01T14:14:29.770000,0.008834
2025-05-01T14:14:29.780000,0.008114
2025-05-01T14:14:29.790000,-0.008985
2025-05-01T14:14:29.800000,-0.016280
2025-05-01T14:14:29.810000,0.003012
2025-05-01T14:14:29.820000,-0.011598
2025-05-01T14:14:29.830000,-0.009207
2025-05-01T14:14:29.840000,0.017738
2025-05-01T14:14:29.850000,-0.013544
2025-05-01T14:14:29.860000,-0.002809
2025-05-01T14:14:29.870000,-0.010975
2025-05-01T14:14:29.880000,-0.000568
2025-05-01T14:14:29.890000,0.006126
2025-05-01T14:14:29.900000,0.007076
2025-05-01T14:14:29.910000,0.000833
2025-05-01T14:14:29.920000,-0.017622
2025-05-01T14:14:29.930000,0.001329
2025-05-01T14:14:29.940000,-0.015130
2025-05-01T14:14:29.950000,-0.008315
2025-05-01T14:14:29.960000,0.008632
2025-05-01T14:14:29.970000,0.002521
2025-05-01T14:14:29.980000,-0.017183
2025-05-01T14:14:29.990000,-0.010405
2025-05-01T14:14:30,0.013989
2025-05-01T14:14:30.010000,0.003422
2025-05-01T14:14:30.020000,0.008807
2025-05-01T14:14:30.030000,0.006643
2025-05-01T14:14:30.040000,-0.016046
2025-05-01T14:14:30.050000,-0.009176
2025-05-01T14:14:30.060000,0.002628
2025-05-01T14:14:30.070000,0.002926
2025-05-01T14:14:30.080000,0.002595
2025-05-01T14:14:30.090000,0.019210
2025-05-01T14:14:30.100000,0.005606
2025-05-01T14:14:30.110000,0.000802
2025-05-01T14:14:30.120000,-0.000717
2025-05-01T14:14:30.130000,0.014099
2025-05-01T14:14:30.140000,-0.022645
2025-05-01T14:14:30.150000,-0.003501
2025-05-01T14:14:30.160000,-0.001536
2025-05-01T14:14:30.170000,-0.008622
2025-05-01T14:14:30.180000,-0.006484
2025-05-01T14:14:30.190000,-0.003991
2025-05-01T14:14:30.200000,-0.007069
2025-05-01T14:14:30.210000,-0.009995
2025-05-01T14:14:30.220000,-0.004240
2025-05-01T14:14:30.230000,0.003312
2025-05-01T14:14:30.240000,0.015776
2025-05-01T14:14:30.250000,0.004266
2025-05-01T14:14:30.260000,-0.000325
2025-05-01T14:14:30.270000,0.004929
2025-05-01T14:14:30.280000,-0.002712
2025-05-01T14:14:30.290000,0.005791
2025-05-01T14:14:30.300000,-0.008616
2025-05-01T14:14:30.310000,-0.009368
2025-05-01T14:14:30.320000,0.008680
2025-05-01T14:14:30.330000,-0.009610
2025-05-01T14:14:30.340000,0.009764
2025-05-01T14:14:30.350000,0.023126
2025-05-01T14:14:30.360000,0.003584
2025-05-01T14:14:30.370000,0.005147
2025-05-01T14:14:30.380000,-0.019850
2025-05-01T14:14:30.390000,-0.005049
2025-05-01T14:14:30.400000,-0.014714
2025-05-01T14:14:30.410000,0.000884
2025-05-01T14:14:30.420000,0.015631
2025-05-01T14:14:30.430000,0.010748
2025-05-01T14:14:30.440000,0.014051
2025-05-01T14:14:30.450000,-0.006895
2025-05-01T14:14:30.460000,-0.017128
2025-05-01T14:14:30.470000,-0.008713
2025-05-01T14:14:30.480000,-0.010206
2025-05-01T14:14:30.490000,-0.004591
2025-05-01T14:14:30.500000,0.001744
2025-05-01T14:14:30.510000,-0.003725
2025-05-01T14:14:30.520000,-0.013404
2025-05-01T14:14:30.530000,0.014493
2025-05-01T14:14:30.540000,0.011175
2025-05-01T14:14:30.550000,0.010493
2025-05-01T14:14:30.560000,-0.025588
2025-05-01T14:14:30.570000,-0.008465
2025-05-01T14:14:30.580000,0.006057
2025-05-01T14:14:30.590000,0.004350
2025-05-01T14:14:30.600000,-0.002877
2025-05-01T14:14:30.610000,-0.010281
2025-05-01T14:14:30.620000,-0.011761
2025-05-01T14:14:30.630000,-0.013761
2025-05-01T14:14:30.640000,0.001834
2025-05-01T14:14:30.650000,-0.009498
2025-05-01T14:14:30.660000,0.006153
2025-05-01T14:14:30.670000,-0.000940
2025-05-01T14:14:30.680000,0.008163
2025-05-01T14:14:30.690000,-0.003400
2025-05-01T14:14:30.700000,0.004062
2025-05-01T14:14:30.710000,-0.008703
2025-05-01T14:14:30.720000,-0.003700
2025-05-01T14:14:30.730000,0.015418
2025-05-01T14:14:30.740000,-0.012301
2025-05-01T14:14:30.750000,0.009804
2025-05-01T14:14:30.760000,0.001948
2025-05-01T14:14:30.770000,-0.021062
2025-05-01T14:14:30.780000,-0.011732
2025-05-01T14:14:30.790000,0.003117
2025-05-01T14:14:30.800000,0.000996
2025-05-01T14:14:30.810000,0.009076
2025-05-01T14:14:30.820000,0.007605
2025-05-01T14:14:30.830000,0.006295
2025-05-01T14:14:30.840000,0.006654
2025-05-01T14:14:30.850000,-0.003189
2025-05-01T14:14:30.860000,0.012363
2025-05-01T14:14:30.870000,-0.001768
2025-05-01T14:14:30.880000,-0.001521
2025-05-01T14:14:30.890000,-0.013889
2025-05-01T14:14:30.900000,0.000813
2025-05-01T14:14:30.910000,-0.010980
2025-05-01T14:14:30.920000,0.014621
2025-05-01T14:14:30.930000,0.003191
2025-05-01T14:14:30.940000,0.003236
2025-05-01T14:14:30.950000,0.000305
2025-05-01T14:14:30.960000,-0.003777
2025-05-01T14:14:30.970000,0.019557
2025-05-01T14:14:30.980000,0.004770
2025-05-01T14:14:30.990000,-0.003441
2025-05-01T14:14:31,0.002425
2025-05-01T14:14:31.010000,0.006334
2025-05-01T14:14:31.020000,0.001150
2025-05-01T14:14:31.030000,0.010699
2025-05-01T14:14:31.040000,-0.000581
2025-05-01T14:14:31.050000,0.010605
2025-05-01T14:14:31.060000,0.008979
2025-05-01T14:14:31.070000,-0.008364
2025-05-01T14:14:31.080000,0.013782
2025-05-01T14:14:31.090000,0.005167
2025-05-01T14:14:31.100000,-0.000607
2025-05-01T14:14:31.110000,0.013153
2025-05-01T14:14:31.120000,0.010151
2025-05-01T14:14:31.130000,-0.006096
2025-05-01T14:14:31.140000,-0.003452
2025-05-01T14:14:31.150000,0.001088
2025-05-01T14:14:31.160000,0.019020
2025-05-01T14:14:31.170000,0.009951
2025-05-01T14:14:31.180000,0.003438
2025-05-01T14:14:31.190000,0.013039
2025-05-01T14:14:31.200000,-0.015858
2025-05-01T14:14:31.210000,0.007919
2025-05-01T14:14:31.220000,-0.004207
2025-05-01T14:14:31.230000,0.009012
2025-05-01T14:14:31.240000,0.018280
2025-05-01T14:14:31.250000,0.005262
2025-05-01T14:14:31.260000,0.007997
2025-05-01T14:14:31.270000,0.015442
2025-05-01T14:14:31.280000,-0.000888
2025-05-01T14:14:31.290000,-0.014917
2025-05-01T14:14:31.300000,0.011719
2025-05-01T14:14:31.310000,-0.002700
2025-05-01T14:14:31.320000,-0.000323
2025-05-01T14:14:31.330000,0.018274
2025-05-01T14:14:31.340000,0.007235
2025-05-01T14:14:31.350000,0.005632
2025-05-01T14:14:31.360000,0.005698
2025-05-01T14:14:31.370000,-0.002011
2025-05-01T14:14:31.380000,-0.016980
2025-05-01T14:14:31.390000,0.000114
2025-05-01T14:14:31.400000,0.003781
2025-05-01T14:14:31.410000,-0.004148
2025-05-01T14:14:31.420000,0.010492
2025-05-01T14:14:31.430000,0.012731
2025-05-01T14:14:31.440000,-0.005791
2025-05-01T14:14:31.450000,0.016811
2025-05-01T14:14:31.460000,-0.010830
2025-05-01T14:14:31.470000,0.005575
2025-05-01T14:14:31.480000,-0.003013
2025-05-01T14:14:31.490000,-0.009506
2025-05-01T14:14:31.500000,0.015490
2025-05-01T14:14:31.510000,-0.012109
2025-05-01T14:14:31.520000,0.001895
2025-05-01T14:14:31.530000,-0.010865
2025-05-01T14:14:31.540000,-0.002550
2025-05-01T14:14:31.550000,0.009926
2025-05-01T14:14:31.560000,-0.007097
2025-05-01T14:14:31.570000,-0.002026
2025-05-01T14:14:31.580000,0.000613
2025-05-01T14:14:31.590000,0.006278
2025-05-01T14:14:31.600000,0.000587
2025-05-01T14:14:31.610000,-0.004239
2025-05-01T14:14:31.620000,-0.015558
2025-05-01T14:14:31.630000,-0.005806
2025-05-01T14:14:31.640000,-0.003261
2025-05-01T14:14:31.650000,-0.003015
2025-05-01T14:14:31.660000,-0.013761
2025-05-01T14:14:31.670000,0.013883
2025-05-01T14:14:31.680000,0.004964
2025-05-01T14:14:31.690000,-0.001188
2025-05-01T14:14:31.700000,0.008670
2025-05-01T14:14:31.710000,0.018311
2025-05-01T14:14:31.720000,-0.020272
2025-05-01T14:14:31.730000,-0.014379
2025-05-01T14:14:31.740000,-0.006893
2025-05-01T14:14:31.750000,0.020355
2025-05-01T14:14:31.760000,-0.000302
2025-05-01T14:14:31.770000,0.008141
2025-05-01T14:14:31.780000,-0.001311
2025-05-01T14:14:31.790000,-0.010614
2025-05-01T14:14:31.800000,-0.007360
2025-05-01T14:14:31.810000,-0.006840
2025-05-01T14:14:31.820000,-0.014649
2025-05-01T14:14:31.830000,-0.008919
2025-05-01T14:14:31.840000,0.002732
2025-05-01T14:14:31.850000,-0.017031
2025-05-01T14:14:31.860000,0.003960
2025-05-01T14:14:31.870000,0.003047
2025-05-01T14:14:31.880000,0.002141
2025-05-01T14:14:31.890000,-0.017609
2025-05-01T14:14:31.900000,-0.002270
2025-05-01T14:14:31.910000,0.005140
2025-05-01T14:14:31.920000,0.011990
2025-05-01T14:14:31.930000,-0.002546
2025-05-01T14:14:31.940000,0.012949
2025-05-01T14:14:31.950000,0.003944
2025-05-01T14:14:31.960000,-0.022051
2025-05-01T14:14:31.970000,0.005736
2025-05-01T14:14:31.980000,0.002855
2025-05-01T14:14:31.990000,-0.001800
2025-05-01T14:14:32,-0.008071
2025-05-01T14:14:32.010000,0.002910
2025-05-01T14:14:32.020000,-0.006093
2025-05-01T14:14:32.030000,-0.016714
2025-05-01T14:14:32.040000,0.011259
2025-05-01T14:14:32.050000,-0.011394
2025-05-01T14:14:32.060000,0.003392
2025-05-01T14:14:32.070000,0.007707
2025-05-01T14:14:32.080000,0.006476
2025-05-01T14:14:32.090000,-0.008452
2025-05-01T14:14:32.100000,0.007032
2025-05-01T14:14:32.110000,0.001129
2025-05-01T14:14:32.120000,0.004557
2025-05-01T14:14:32.130000,0.005807
2025-05-01T14:14:32.140000,0.001727
2025-05-01T14:14:32.150000,-0.010886
2025-05-01T14:14:32.160000,-0.005645
2025-05-01T14:14:32.170000,0.007214
2025-05-01T14:14:32.180000,-0.010827
2025-05-01T14:14:32.190000,0.013580
2025-05-01T14:14:32.200000,-0.009261
2025-05-01T14:14:32.210000,-0.010969
2025-05-01T14:14:32.220000,0.022719
2025-05-01T14:14:32.230000,0.017254
2025-05-01T14:14:32.240000,0.006511
2025-05-01T14:14:32.250000,0.001498
2025-05-01T14:14:32.260000,-0.017053
2025-05-01T14:14:32.270000,-0.000276
2025-05-01T14:14:32.280000,-0.007376
2025-05-01T14:14:32.290000,0.001159
2025-05-01T14:14:32.300000,0.012269
2025-05-01T14:14:32.310000,-0.008368
2025-05-01T14:14:32.320000,-0.022288
2025-05-01T14:14:32.330000,-0.002632
2025-05-01T14:14:32.340000,0.013187
2025-05-01T14:14:32.350000,0.015926
2025-05-01T14:14:32.360000,-0.002639
2025-05-01T14:14:32.370000,0.016719
2025-05-01T14:14:32.380000,0.005504
2025-05-01T14:14:32.390000,-0.007934
2025-05-01T14:14:32.400000,0.009568
2025-05-01T14:14:32.410000,0.000734
2025-05-01T14:14:32.420000,0.014474
2025-05-01T14:14:32.430000,0.006955
2025-05-01T14:14:32.440000,-0.000017
2025-05-01T14:14:32.450000,-0.008717
2025-05-01T14:14:32.460000,0.005728
2025-05-01T14:14:32.470000,0.016732
2025-05-01T14:14:32.480000,0.003103
2025-05-01T14:14:32.490000,0.015558
2025-05-01T14:14:32.500000,-0.008886
2025-05-01T14:14:32.510000,0.003103
2025-05-01T14:14:32.520000,-0.000458
2025-05-01T14:14:32.530000,-0.010235
2025-05-01T14:14:32.540000,-0.007221
2025-05-01T14:14:32.550000,-0.001436
2025-05-01T14:14:32.560000,0.010999
2025-05-01T14:14:32.570000,-0.005864
2025-05-01T14:14:32.580000,-0.002575
2025-05-01T14:14:32.590000,0.015649
2025-05-01T14:14:32.600000,0.002850
2025-05-01T14:14:32.610000,0.005949
2025-05-01T14:14:32.620000,-0.001706
2025-05-01T14:14:32.630000,0.017485
2025-05-01T14:14:32.640000,-0.005662
2025-05-01T14:14:32.650000,-0.008985
2025-05-01T14:14:32.660000,-0.020935
2025-05-01T14:14:32.670000,0.002679
2025-05-01T14:14:32.680000,-0.002201
2025-05-01T14:14:32.690000,0.018510
2025-05-01T14:14:32.700000,0.014344
2025-05-01T14:14:32.710000,0.013114
2025-05-01T14:14:32.720000,0.009234
2025-05-01T14:14:32.730000,0.006673
2025-05-01T14:14:32.740000,0.008114
2025-05-01T14:14:32.750000,-0.020558
2025-05-01T14:14:32.760000,-0.020275
2025-05-01T14:14:32.770000,0.000717
2025-05-01T14:14:32.780000,-0.022959
2025-05-01T14:14:32.790000,0.008218
2025-05-01T14:14:32.800000,-0.007495
2025-05-01T14:14:32.810000,-0.007079
2025-05-01T14:14:32.820000,0.002705
2025-05-01T14:14:32.830000,-0.004675
2025-05-01T14:14:32.840000,-0.004142
2025-05-01T14:14:32.850000,0.003366
2025-05-01T14:14:32.860000,-0.012225
2025-05-01T14:14:32.870000,-0.002228
2025-05-01T14:14:32.880000,-0.002577
2025-05-01T14:14:32.890000,0.001270
2025-05-01T14:14:32.900000,0.003931
2025-05-01T14:14:32.910000,-0.002575
2025-05-01T14:14:32.920000,-0.004388
2025-05-01T14:14:32.930000,0.014940
2025-05-01T14:14:32.940000,-0.004790
2025-05-01T14:14:32.950000,-0.000726
2025-05-01T14:14:32.960000,0.016741
2025-05-01T14:14:32.970000,0.009895
2025-05-01T14:14:32.980000,0.002182
2025-05-01T14:14:32.990000,0.007571
2025-05-01T14:14:33,0.001290
2025-05-01T14:14:33.010000,-0.003329
2025-05-01T14:14:33.020000,0.008794
2025-05-01T14:14:33.030000,0.007013
2025-05-01T14:14:33.040000,-0.003278
2025-05-01T14:14:33.050000,0.008082
2025-05-01T14:14:33.060000,0.010417
2025-05-01T14:14:33.070000,-0.014867
2025-05-01T14:14:33.080000,0.002353
2025-05-01T14:14:33.090000,-0.000924
2025-05-01T14:14:33.100000,-0.007510
2025-05-01T14:14:33.110000,0.012658
2025-05-01T14:14:33.120000,-0.011989
2025-05-01T14:14:33.130000,0.001952
2025-05-01T14:14:33.140000,0.004017
2025-05-01T14:14:33.150000,-0.000198
2025-05-01T14:14:33.160000,0.008445
2025-05-01T14:14:33.170000,0.003799
2025-05-01T14:14:33.180000,0.016368
2025-05-01T14:14:33.190000,0.009320
2025-05-01T14:14:33.200000,-0.011570
2025-05-01T14:14:33.210000,0.005092
2025-05-01T14:14:33.220000,0.002322
2025-05-01T14:14:33.230000,-0.014676
2025-05-01T14:14:33.240000,-0.005783
2025-05-01T14:14:33.250000,0.000992
2025-05-01T14:14:33.260000,0.023264
2025-05-01T14:14:33.270000,-0.017474
2025-05-01T14:14:33.280000,0.002074
2025-05-01T14:14:33.290000,-0.007360
2025-05-01T14:14:33.300000,-0.004784
2025-05-01T14:14:33.310000,0.002381
2025-05-01T14:14:33.320000,0.002800
2025-05-01T14:14:33.330000,-0.018752
2025-05-01T14:14:33.340000,-0.004746
2025-05-01T14:14:33.350000,-0.008473
2025-05-01T14:14:33.360000,-0.012151
2025-05-01T14:14:33.370000,-0.001962
2025-05-01T14:14:33.380000,0.000685
2025-05-01T14:14:33.390000,0.004990
2025-05-01T14:14:33.400000,-0.023811
2025-05-01T14:14:33.410000,-0.019080
2025-05-01T14:14:33.420000,0.002897
2025-05-01T14:14:33.430000,-0.011807
2025-05-01T14:14:33.440000,0.006000
2025-05-01T14:14:33.450000,0.014895
2025-05-01T14:14:33.460000,-0.011187
2025-05-01T14:14:33.470000,0.015419
2025-05-01T14:14:33.480000,-0.002492
2025-05-01T14:14:33.490000,-0.021486
2025-05-01T14:14:33.500000,-0.005296
2025-05-01T14:14:33.510000,0.017634
2025-05-01T14:14:33.520000,0.004583
2025-05-01T14:14:33.530000,0.003376
2025-05-01T14:14:33.540000,-0.000548
2025-05-01T14:14:33.550000,-0.000296
2025-05-01T14:14:33.560000,-0.002940
2025-05-01T14:14:33.570000,0.001326
2025-05-01T14:14:33.580000,-0.015425
2025-05-01T14:14:33.590000,-0.003255
2025-05-01T14:14:33.600000,-0.007571
2025-05-01T14:14:33.610000,-0.006262
2025-05-01T14:14:33.620000,0.003279
2025-05-01T14:14:33.630000,-0.004311
2025-05-01T14:14:33.640000,-0.006109
2025-05-01T14:14:33.650000,0.005845
2025-05-01T14:14:33.660000,0.001667
2025-05-01T14:14:33.670000,0.001116
2025-05-01T14:14:33.680000,-0.012293
2025-05-01T14:14:33.690000,-0.012805
2025-05-01T14:14:33.700000,-0.011729
2025-05-01T14:14:33.710000,-0.000770
2025-05-01T14:14:33.720000,0.008872
2025-05-01T14:14:33.730000,0.002882
2025-05-01T14:14:33.740000,0.002700
2025-05-01T14:14:33.750000,0.014293
2025-05-01T14:14:33.760000,0.015512
2025-05-01T14:14:33.770000,-0.005002
2025-05-01T14:14:33.780000,-0.004547
2025-05-01T14:14:33.790000,0.007349
2025-05-01T14:14:33.800000,0.006139
2025-05-01T14:14:33.810000,-0.010273
2025-05-01T14:14:33.820000,0.004412
2025-05-01T14:14:33.830000,-0.003656
2025-05-01T14:14:33.840000,-0.003703
2025-05-01T14:14:33.850000,0.001314
2025-05-01T14:14:33.860000,-0.002105
2025-05-01T14:14:33.870000,-0.011268
2025-05-01T14:14:33.880000,-0.010584
2025-05-01T14:14:33.890000,0.024694
2025-05-01T14:14:33.900000,-0.021566
2025-05-01T14:14:33.910000,0.001558
2025-05-01T14:14:33.920000,0.015584
2025-05-01T14:14:33.930000,-0.003679
2025-05-01T14:14:33.940000,0.003036
2025-05-01T14:14:33.950000,-0.004840
2025-05-01T14:14:33.960000,-0.003080
2025-05-01T14:14:33.970000,0.001588
2025-05-01T14:14:33.980000,-0.006913
2025-05-01T14:14:33.990000,-0.030229
2025-05-01T14:14:34,0.005728
2025-05-01T14:14:34.010000,-0.008283
2025-05-01T14:14:34.020000,0.011295
2025-05-01T14:14:34.030000,-0.003114
2025-05-01T14:14:34.040000,-0.008664
2025-05-01T14:14:34.050000,-0.009674
2025-05-01T14:14:34.060000,-0.002517
2025-05-01T14:14:34.070000,0.020772
2025-05-01T14:14:34.080000,-0.003197
2025-05-01T14:14:34.090000,0.011723
2025-05-01T14:14:34.100000,0.006058
2025-05-01T14:14:34.110000,-0.007901
2025-05-01T14:14:34.120000,0.000585
2025-05-01T14:14:34.130000,-0.009790
2025-05-01T14:14:34.140000,-0.011754
2025-05-01T14:14:34.150000,0.014645
2025-05-01T14:14:34.160000,-0.005092
2025-05-01T14:14:34.170000,-0.007066
2025-05-01T14:14:34.180000,0.002788
2025-05-01T14:14:34.190000,0.003426
2025-05-01T14:14:34.200000,0.003978
2025-05-01T14:14:34.210000,-0.017760
2025-05-01T14:14:34.220000,-0.015805
2025-05-01T14:14:34.230000,0.003055
2025-05-01T14:14:34.240000,0.008457
2025-05-01T14:14:34.250000,-0.000775
2025-05-01T14:14:34.260000,0.007247
2025-05-01T14:14:34.270000,-0.009309
2025-05-01T14:14:34.280000,-0.015491
2025-05-01T14:14:34.290000,-0.029242
2025-05-01T14:14:34.300000,-0.014162
2025-05-01T14:14:34.310000,-0.001329
2025-05-01T14:14:34.320000,-0.002571
2025-05-01T14:14:34.330000,0.013830
2025-05-01T14:14:34.340000,-0.004896
2025-05-01T14:14:34.350000,0.006687
2025-05-01T14:14:34.360000,0.013630
2025-05-01T14:14:34.370000,0.013632
2025-05-01T14:14:34.380000,0.008610
2025-05-01T14:14:34.390000,0.003890
2025-05-01T14:14:34.400000,-0.007685
2025-05-01T14:14:34.410000,-0.004628
2025-05-01T14:14:34.420000,0.006830
2025-05-01T14:14:34.430000,-0.003615
2025-05-01T14:14:34.440000,0.000361
2025-05-01T14:14:34.450000,0.005255
2025-05-01T14:14:34.460000,0.011407
2025-05-01T14:14:34.470000,0.016074
2025-05-01T14:14:34.480000,0.016023
2025-05-01T14:14:34.490000,0.001349
2025-05-01T14:14:34.500000,0.005887
2025-05-01T14:14:34.510000,0.007679
2025-05-01T14:14:34.520000,-0.007403
2025-05-01T14:14:34.530000,-0.021396
2025-05-01T14:14:34.540000,0.015165
2025-05-01T14:14:34.550000,0.018581
2025-05-01T14:14:34.560000,0.012897
2025-05-01T14:14:34.570000,-0.025110
2025-05-01T14:14:34.580000,0.003051
2025-05-01T14:14:34.590000,-0.008572
2025-05-01T14:14:34.600000,0.010615
2025-05-01T14:14:34.610000,-0.007802
2025-05-01T14:14:34.620000,0.000682
2025-05-01T14:14:34.630000,-0.003513
2025-05-01T14:14:34.640000,0.000756
2025-05-01T14:14:34.650000,-0.014297
2025-05-01T14:14:34.660000,-0.018424
2025-05-01T14:14:34.670000,-0.002345
2025-05-01T14:14:34.680000,0.006241
2025-05-01T14:14:34.690000,0.017491
2025-05-01T14:14:34.700000,0.007580
2025-05-01T14:14:34.710000,-0.001918
2025-05-01T14:14:34.720000,-0.019407
2025-05-01T14:14:34.730000,-0.008354
2025-05-01T14:14:34.740000,-0.000509
2025-05-01T14:14:34.750000,0.009229
2025-05-01T14:14:34.760000,-0.005551
2025-05-01T14:14:34.770000,-0.008530
2025-05-01T14:14:34.780000,-0.007576
2025-05-01T14:14:34.790000,0.009234
2025-05-01T14:14:34.800000,0.021477
2025-05-01T14:14:34.810000,0.017038
2025-05-01T14:14:34.820000,-0.001332
2025-05-01T14:14:34.830000,0.003789
2025-05-01T14:14:34.840000,0.014754
2025-05-01T14:14:34.850000,0.008862
2025-05-01T14:14:34.860000,0.017824
2025-05-01T14:14:34.870000,0.018573
2025-05-01T14:14:34.880000,0.009996
2025-05-01T14:14:34.890000,-0.010690
2025-05-01T14:14:34.900000,-0.027450
2025-05-01T14:14:34.910000,-0.020178
2025-05-01T14:14:34.920000,-0.018182
2025-05-01T14:14:34.930000,-0.030657
2025-05-01T14:14:34.940000,-0.029290
2025-05-01T14:14:34.950000,-0.045031
2025-05-01T14:14:34.960000,-0.034417
2025-05-01T14:14:34.970000,-0.019136
2025-05-01T14:14:34.980000,-0.001279
2025-05-01T14:14:34.990000,0.018875
2025-05-01T14:14:35,0.027045
2025-05-01T14:14:35.010000,0.036972
2025-05-01T14:14:35.020000,0.034432
2025-05-01T14:14:35.030000,0.089695
2025-05-01T14:14:35.040000,0.089763
2025-05-01T14:14:35.050000,0.101993
2025-05-01T14:14:35.060000,0.080779
2025-05-01T14:14:35.070000,0.081457
2025-05-01T14:14:35.080000,0.038577
2025-05-01T14:14:35.090000,-0.007049
2025-05-01T14:14:35.100000,-0.060848
2025-05-01T14:14:35.110000,-0.109589
2025-05-01T14:14:35.120000,-0.148753
2025-05-01T14:14:35.130000,-0.216503
2025-05-01T14:14:35.140000,-0.244770
2025-05-01T14:14:35.150000,-0.261747
2025-05-01T14:14:35.160000,-0.243117
2025-05-01T14:14:35.170000,-0.190167
2025-05-01T14:14:35.180000,-0.106296
2025-05-01T14:14:35.190000,0.004426
2025-05-01T14:14:35.200000,0.122513
2025-05-01T14:14:35.210000,0.191069
2025-05-01T14:14:35.220000,0.235871
2025-05-01T14:14:35.230000,0.266047
2025-05-01T14:14:35.240000,0.261289
2025-05-01T14:14:35.250000,0.209344
2025-05-01T14:14:35.260000,0.178713
2025-05-01T14:14:35.270000,0.105464
2025-05-01T14:14:35.280000,0.058118
2025-05-01T14:14:35.290000,-0.009913
2025-05-01T14:14:35.300000,-0.030286
2025-05-01T14:14:35.310000,-0.076170
2025-05-01T14:14:35.320000,-0.095168
2025-05-01T14:14:35.330000,-0.107593
2025-05-01T14:14:35.340000,-0.073824
2025-05-01T14:14:35.350000,-0.082298
2025-05-01T14:14:35.360000,-0.042962
2025-05-01T14:14:35.370000,-0.023262
2025-05-01T14:14:35.380000,-0.021275
2025-05-01T14:14:35.390000,-0.005072
2025-05-01T14:14:35.400000,-0.000496
2025-05-01T14:14:35.410000,0.022364
2025-05-01T14:14:35.420000,0.030192
2025-05-01T14:14:35.430000,0.042394
2025-05-01T14:14:35.440000,0.062379
2025-05-01T14:14:35.450000,0.015841
2025-05-01T14:14:35.460000,0.019812
2025-05-01T14:14:35.470000,0.023614
2025-05-01T14:14:35.480000,0.011080
2025-05-01T14:14:35.490000,0.003553
2025-05-01T14:14:35.500000,0.009889
2025-05-01T14:14:35.510000,-0.014990
2025-05-01T14:14:35.520000,0.010657
2025-05-01T14:14:35.530000,-0.017104
2025-05-01T14:14:35.540000,-0.007917
2025-05-01T14:14:35.550000,-0.009393
2025-05-01T14:14:35.560000,0.008824
2025-05-01T14:14:35.570000,-0.016622
2025-05-01T14:14:35.580000,0.008762
2025-05-01T14:14:35.590000,-0.017143
2025-05-01T14:14:35.600000,0.009580
2025-05-01T14:14:35.610000,0.013674
2025-05-01T14:14:35.620000,-0.003853
2025-05-01T14:14:35.630000,0.003545
2025-05-01T14:14:35.640000,0.010261
2025-05-01T14:14:35.650000,0.006000
2025-05-01T14:14:35.660000,-0.019257
2025-05-01T14:14:35.670000,0.007778
2025-05-01T14:14:35.680000,-0.007902
2025-05-01T14:14:35.690000,0.011424
2025-05-01T14:14:35.700000,0.000222
2025-05-01T14:14:35.710000,0.010509
2025-05-01T14:14:35.720000,0.005231
2025-05-01T14:14:35.730000,-0.025568
2025-05-01T14:14:35.740000,-0.021515
2025-05-01T14:14:35.750000,0.003354
2025-05-01T14:14:35.760000,0.007913
2025-05-01T14:14:35.770000,0.002329
2025-05-01T14:14:35.780000,-0.012840
2025-05-01T14:14:35.790000,-0.009721
2025-05-01T14:14:35.800000,-0.015067
2025-05-01T14:14:35.810000,0.012428
2025-05-01T14:14:35.820000,-0.009076
2025-05-01T14:14:35.830000,0.005769
2025-05-01T14:14:35.840000,0.010020
2025-05-01T14:14:35.850000,0.001274
2025-05-01T14:14:35.860000,0.008282
2025-05-01T14:14:35.870000,-0.003051
2025-05-01T14:14:35.880000,0.010888
2025-05-01T14:14:35.890000,-0.015782
2025-05-01T14:14:35.900000,-0.003065
2025-05-01T14:14:35.910000,-0.002176
2025-05-01T14:14:35.920000,-0.007834
2025-05-01T14:14:35.930000,-0.000345
2025-05-01T14:14:35.940000,0.006312
2025-05-01T14:14:35.950000,-0.014685
2025-05-01T14:14:35.960000,-0.008120
2025-05-01T14:14:35.970000,-0.019853
2025-05-01T14:14:35.980000,0.002092
2025-05-01T14:14:35.990000,0.016262
2025-05-01T14:14:36,-0.000224
2025-05-01T14:14:36.010000,0.007038
2025-05-01T14:14:36.020000,-0.001090
2025-05-01T14:14:36.030000,-0.008506
2025-05-01T14:14:36.040000,-0.002984
2025-05-01T14:14:36.050000,-0.005454
2025-05-01T14:14:36.060000,-0.004362
2025-05-01T14:14:36.070000,-0.012554
2025-05-01T14:14:36.080000,0.007322
2025-05-01T14:14:36.090000,0.018322
2025-05-01T14:14:36.100000,-0.004570
2025-05-01T14:14:36.110000,0.002908
2025-05-01T14:14:36.120000,-0.017635
2025-05-01T14:14:36.130000,-0.005522
2025-05-01T14:14:36.140000,-0.002923
2025-05-01T14:14:36.150000,-0.010955
2025-05-01T14:14:36.160000,0.005227
2025-05-01T14:14:36.170000,0.009173
2025-05-01T14:14:36.180000,-0.018644
2025-05-01T14:14:36.190000,0.024381
2025-05-01T14:14:36.200000,0.008455
2025-05-01T14:14:36.210000,-0.002564
2025-05-01T14:14:36.220000,0.002889
2025-05-01T14:14:36.230000,-0.004313
2025-05-01T14:14:36.240000,-0.003001
2025-05-01T14:14:36.250000,-0.012204
2025-05-01T14:14:36.260000,-0.006587
2025-05-01T14:14:36.270000,-0.018586
2025-05-01T14:14:36.280000,0.009476
2025-05-01T14:14:36.290000,0.010465
2025-05-01T14:14:36.300000,-0.005476
2025-05-01T14:14:36.310000,-0.020118
2025-05-01T14:14:36.320000,0.001699
2025-05-01T14:14:36.330000,-0.001009
2025-05-01T14:14:36.340000,-0.001127
2025-05-01T14:14:36.350000,-0.004761
2025-05-01T14:14:36.360000,0.003946
2025-05-01T14:14:36.370000,-0.016082
2025-05-01T14:14:36.380000,-0.010291
2025-05-01T14:14:36.390000,-0.004243
2025-05-01T14:14:36.400000,0.013612
2025-05-01T14:14:36.410000,0.000187
2025-05-01T14:14:36.420000,-0.007960
2025-05-01T14:14:36.430000,-0.000171
2025-05-01T14:14:36.440000,0.007613
2025-05-01T14:14:36.450000,0.000731
2025-05-01T14:14:36.460000,-0.011161
2025-05-01T14:14:36.470000,-0.008406
2025-05-01T14:14:36.480000,0.014914
2025-05-01T14:14:36.490000,0.007528
2025-05-01T14:14:36.500000,-0.001978
2025-05-01T14:14:36.510000,-0.003305
2025-05-01T14:14:36.520000,0.022351
2025-05-01T14:14:36.530000,-0.012762
2025-05-01T14:14:36.540000,0.008863
2025-05-01T14:14:36.550000,-0.002770
2025-05-01T14:14:36.560000,-0.000323
2025-05-01T14:14:36.570000,-0.002438
2025-05-01T14:14:36.580000,0.022301
2025-05-01T14:14:36.590000,-0.000871
2025-05-01T14:14:36.600000,0.008386
2025-05-01T14:14:36.610000,-0.001379
2025-05-01T14:14:36.620000,0.012979
2025-05-01T14:14:36.630000,0.000017
2025-05-01T14:14:36.640000,0.032093
2025-05-01T14:14:36.650000,-0.000527
2025-05-01T14:14:36.660000,0.015884
2025-05-01T14:14:36.670000,-0.015144
2025-05-01T14:14:36.680000,0.000175
2025-05-01T14:14:36.690000,0.010735
2025-05-01T14:14:36.700000,-0.001637
2025-05-01T14:14:36.710000,-0.002230
2025-05-01T14:14:36.720000,0.015045
2025-05-01T14:14:36.730000,0.006476
2025-05-01T14:14:36.740000,-0.015414
2025-05-01T14:14:36.750000,0.012711
2025-05-01T14:14:36.760000,0.004850
2025-05-01T14:14:36.770000,0.006594
2025-05-01T14:14:36.780000,0.013444
2025-05-01T14:14:36.790000,0.007007
2025-05-01T14:14:36.800000,-0.003070
2025-05-01T14:14:36.810000,0.002222
2025-05-01T14:14:36.820000,-0.008375
2025-05-01T14:14:36.830000,0.010500
2025-05-01T14:14:36.840000,-0.007837
2025-05-01T14:14:36.850000,-0.003489
2025-05-01T14:14:36.860000,0.010648
2025-05-01T14:14:36.870000,0.001777
2025-05-01T14:14:36.880000,0.000581
2025-05-01T14:14:36.890000,-0.004190
2025-05-01T14:14:36.900000,-0.001619
2025-05-01T14:14:36.910000,-0.003479
2025-05-01T14:14:36.920000,0.008659
2025-05-01T14:14:36.930000,-0.000297
2025-05-01T14:14:36.940000,-0.009364
2025-05-01T14:14:36.950000,0.000902
2025-05-01T14:14:36.960000,0.002754
2025-05-01T14:14:36.970000,-0.000786
2025-05-01T14:14:36.980000,0.006787
2025-05-01T14:14:36.990000,-0.010629
2025-05-01T14:14:37,0.003785
2025-05-01T14:14:37.010000,-0.014324
2025-05-01T14:14:37.020000,-0.021717
2025-05-01T14:14:37.030000,-0.007631
2025-05-01T14:14:37.040000,-0.013405
2025-05-01T14:14:37.050000,-0.008022
2025-05-01T14:14:37.060000,0.000573
2025-05-01T14:14:37.070000,-0.000742
2025-05-01T14:14:37.080000,-0.017926
2025-05-01T14:14:37.090000,-0.004041
2025-05-01T14:14:37.100000,0.000645
2025-05-01T14:14:37.110000,0.002559
2025-05-01T14:14:37.120000,-0.013180
2025-05-01T14:14:37.130000,-0.028014
2025-05-01T14:14:37.140000,0.016484
2025-05-01T14:14:37.150000,0.014215
2025-05-01T14:14:37.160000,0.000163
2025-05-01T14:14:37.170000,-0.001257
2025-05-01T14:14:37.180000,0.003318
2025-05-01T14:14:37.190000,-0.009260
2025-05-01T14:14:37.200000,0.014687
2025-05-01T14:14:37.210000,0.006087
2025-05-01T14:14:37.220000,0.008709
2025-05-01T14:14:37.230000,0.004263
2025-05-01T14:14:37.240000,-0.002590
2025-05-01T14:14:37.250000,-0.020430
2025-05-01T14:14:37.260000,0.022177
2025-05-01T14:14:37.270000,-0.013589
2025-05-01T14:14:37.280000,-0.001426
2025-05-01T14:14:37.290000,0.012300
2025-05-01T14:14:37.300000,0.000675
2025-05-01T14:14:37.310000,-0.016531
2025-05-01T14:14:37.320000,0.000941
2025-05-01T14:14:37.330000,-0.005780
2025-05-01T14:14:37.340000,0.012839
2025-05-01T14:14:37.350000,-0.010587
2025-05-01T14:14:37.360000,0.011536
2025-05-01T14:14:37.370000,0.014126
2025-05-01T14:14:37.380000,0.001523
2025-05-01T14:14:37.390000,-0.015353
2025-05-01T14:14:37.400000,-0.012435
2025-05-01T14:14:37.410000,-0.014979
2025-05-01T14:14:37.420000,-0.004312
2025-05-01T14:14:37.430000,0.004298
2025-05-01T14:14:37.440000,-0.010866
2025-05-01T14:14:37.450000,0.004325
2025-05-01T14:14:37.460000,-0.001538
2025-05-01T14:14:37.470000,0.000285
2025-05-01T14:14:37.480000,0.001172
2025-05-01T14:14:37.490000,0.002590
2025-05-01T14:14:37.500000,-0.000629
2025-05-01T14:14:37.510000,0.000047
2025-05-01T14:14:37.520000,0.013377
2025-05-01T14:14:37.530000,0.005257
2025-05-01T14:14:37.540000,0.001598
2025-05-01T14:14:37.550000,-0.004600
2025-05-01T14:14:37.560000,-0.005770
2025-05-01T14:14:37.570000,-0.000002
2025-05-01T14:14:37.580000,-0.002479
2025-05-01T14:14:37.590000,0.006418
2025-05-01T14:14:37.600000,0.008683
2025-05-01T14:14:37.610000,0.000227
2025-05-01T14:14:37.620000,-0.000004
2025-05-01T14:14:37.630000,-0.000123
2025-05-01T14:14:37.640000,-0.007139
2025-05-01T14:14:37.650000,-0.006551
2025-05-01T14:14:37.660000,0.012843
2025-05-01T14:14:37.670000,0.007281
2025-05-01T14:14:37.680000,0.001662
2025-05-01T14:14:37.690000,0.011750
2025-05-01T14:14:37.700000,0.002225
2025-05-01T14:14:37.710000,0.003364
2025-05-01T14:14:37.720000,-0.007547
2025-05-01T14:14:37.730000,-0.008565
2025-05-01T14:14:37.740000,-0.003763
2025-05-01T14:14:37.750000,-0.003950
2025-05-01T14:14:37.760000,-0.001283
2025-05-01T14:14:37.770000,-0.006546
2025-05-01T14:14:37.780000,-0.005648
2025-05-01T14:14:37.790000,-0.005756
2025-05-01T14:14:37.800000,-0.024389
2025-05-01T14:14:37.810000,-0.010299
2025-05-01T14:14:37.820000,0.007945
2025-05-01T14:14:37.830000,0.007069
2025-05-01T14:14:37.840000,-0.004787
2025-05-01T14:14:37.850000,-0.003411
2025-05-01T14:14:37.860000,-0.006111
2025-05-01T14:14:37.870000,0.005262
2025-05-01T14:14:37.880000,-0.001962
2025-05-01T14:14:37.890000,0.014784
2025-05-01T14:14:37.900000,-0.008686
2025-05-01T14:14:37.910000,-0.011729
2025-05-01T14:14:37.920000,-0.006055
2025-05-01T14:14:37.930000,-0.003194
2025-05-01T14:14:37.940000,-0.010665
2025-05-01T14:14:37.950000,0.017550
2025-05-01T14:14:37.960000,-0.000339
2025-05-01T14:14:37.970000,-0.005724
2025-05-01T14:14:37.980000,0.002943
2025-05-01T14:14:37.990000,-0.001343
2025-05-01T14:14:38,-0.018536
2025-05-01T14:14:38.010000,-0.008168
2025-05-01T14:14:38.020000,-0.002990
2025-05-01T14:14:38.030000,0.007834
2025-05-01T14:14:38.040000,-0.016908
2025-05-01T14:14:38.050000,0.011683
2025-05-01T14:14:38.060000,0.009518
2025-05-01T14:14:38.070000,0.000752
2025-05-01T14:14:38.080000,0.001310
2025-05-01T14:14:38.090000,0.003736
2025-05-01T14:14:38.100000,0.001972
2025-05-01T14:14:38.110000,-0.001698
2025-05-01T14:14:38.120000,-0.003289
2025-05-01T14:14:38.130000,-0.006260
2025-05-01T14:14:38.140000,0.002489
2025-05-01T14:14:38.150000,-0.006468
2025-05-01T14:14:38.160000,-0.010331
2025-05-01T14:14:38.170000,-0.012648
2025-05-01T14:14:38.180000,-0.005639
2025-05-01T14:14:38.190000,0.004933
2025-05-01T14:14:38.200000,-0.007455
2025-05-01T14:14:38.210000,0.003406
2025-05-01T14:14:38.220000,-0.005961
2025-05-01T14:14:38.230000,-0.001689
2025-05-01T14:14:38.240000,0.001027
2025-05-01T14:14:38.250000,0.002289
2025-05-01T14:14:38.260000,0.000344
2025-05-01T14:14:38.270000,0.002133
2025-05-01T14:14:38.280000,0.012005
2025-05-01T14:14:38.290000,0.006897
2025-05-01T14:14:38.300000,-0.001040
2025-05-01T14:14:38.310000,-0.014662
2025-05-01T14:14:38.320000,0.001358
2025-05-01T14:14:38.330000,0.008975
2025-05-01T14:14:38.340000,0.013010
2025-05-01T14:14:38.350000,0.011541
2025-05-01T14:14:38.360000,-0.003878
2025-05-01T14:14:38.370000,-0.007364
2025-05-01T14:14:38.380000,0.004578
2025-05-01T14:14:38.390000,0.005258
2025-05-01T14:14:38.400000,-0.004835
2025-05-01T14:14:38.410000,0.006621
2025-05-01T14:14:38.420000,0.003716
2025-05-01T14:14:38.430000,0.027412
2025-05-01T14:14:38.440000,0.008447
2025-05-01T14:14:38.450000,-0.013521
2025-05-01T14:14:38.460000,-0.006105
2025-05-01T14:14:38.470000,0.027542
2025-05-01T14:14:38.480000,0.003731
2025-05-01T14:14:38.490000,-0.009761
2025-05-01T14:14:38.500000,0.004695
2025-05-01T14:14:38.510000,0.019460
2025-05-01T14:14:38.520000,0.006664
2025-05-01T14:14:38.530000,0.015683
2025-05-01T14:14:38.540000,-0.009738
2025-05-01T14:14:38.550000,-0.019106
2025-05-01T14:14:38.560000,0.004471
2025-05-01T14:14:38.570000,-0.010702
2025-05-01T14:14:38.580000,0.003184
2025-05-01T14:14:38.590000,-0.002458
2025-05-01T14:14:38.600000,0.003909
2025-05-01T14:14:38.610000,0.008853
2025-05-01T14:14:38.620000,0.005033
2025-05-01T14:14:38.630000,-0.001019
2025-05-01T14:14:38.640000,-0.014714
2025-05-01T14:14:38.650000,-0.001462
2025-05-01T14:14:38.660000,-0.000220
2025-05-01T14:14:38.670000,0.005666
2025-05-01T14:14:38.680000,-0.004635
2025-05-01T14:14:38.690000,0.005139
2025-05-01T14:14:38.700000,0.003721
2025-05-01T14:14:38.710000,-0.002587
2025-05-01T14:14:38.720000,0.004879
2025-05-01T14:14:38.730000,-0.016984
2025-05-01T14:14:38.740000,-0.013567
2025-05-01T14:14:38.750000,-0.001158
2025-05-01T14:14:38.760000,0.016951
2025-05-01T14:14:38.770000,0.009952
2025-05-01T14:14:38.780000,-0.002483
2025-05-01T14:14:38.790000,-0.020005
2025-05-01T14:14:38.800000,-0.003443
2025-05-01T14:14:38.810000,0.017462
2025-05-01T14:14:38.820000,0.001749
2025-05-01T14:14:38.830000,-0.004983
2025-05-01T14:14:38.840000,0.002532
2025-05-01T14:14:38.850000,0.012559
2025-05-01T14:14:38.860000,-0.009241
2025-05-01T14:14:38.870000,-0.009667
2025-05-01T14:14:38.880000,0.002011
2025-05-01T14:14:38.890000,-0.007692
2025-05-01T14:14:38.900000,-0.007834
2025-05-01T14:14:38.910000,-0.010689
2025-05-01T14:14:38.920000,0.012044
2025-05-01T14:14:38.930000,-0.002091
2025-05-01T14:14:38.940000,0.009388
2025-05-01T14:14:38.950000,-0.002442
2025-05-01T14:14:38.960000,-0.001849
2025-05-01T14:14:38.970000,0.003830
2025-05-01T14:14:38.980000,0.023063
2025-05-01T14:14:38.990000,0.003917
2025-05-01T14:14:39,-0.007665
2025-05-01T14:14:39.010000,0.014134
2025-05-01T14:14:39.020000,-0.006730
2025-05-01T14:14:39.030000,-0.003220
2025-05-01T14:14:39.040000,-0.000737
2025-05-01T14:14:39.050000,-0.003431
2025-05-01T14:14:39.060000,-0.002299
2025-05-01T14:14:39.070000,-0.018587
2025-05-01T14:14:39.080000,-0.012369
2025-05-01T14:14:39.090000,0.007795
2025-05-01T14:14:39.100000,0.000490
2025-05-01T14:14:39.110000,0.015794
2025-05-01T14:14:39.120000,-0.010568
2025-05-01T14:14:39.130000,0.000339
2025-05-01T14:14:39.140000,-0.001458
2025-05-01T14:14:39.150000,0.019644
2025-05-01T14:14:39.160000,-0.004758
2025-05-01T14:14:39.170000,0.010925
2025-05-01T14:14:39.180000,0.007655
2025-05-01T14:14:39.190000,-0.008910
2025-05-01T14:14:39.200000,-0.011920
2025-05-01T14:14:39.210000,-0.002612
2025-05-01T14:14:39.220000,-0.004110
2025-05-01T14:14:39.230000,-0.016392
2025-05-01T14:14:39.240000,-0.005193
2025-05-01T14:14:39.250000,-0.000536
2025-05-01T14:14:39.260000,0.009600
2025-05-01T14:14:39.270000,-0.004056
2025-05-01T14:14:39.280000,0.003900
2025-05-01T14:14:39.290000,-0.007574
2025-05-01T14:14:39.300000,-0.009142
2025-05-01T14:14:39.310000,-0.002492
2025-05-01T14:14:39.320000,0.007898
2025-05-01T14:14:39.330000,-0.016831
2025-05-01T14:14:39.340000,-0.002029
2025-05-01T14:14:39.350000,-0.005467
2025-05-01T14:14:39.360000,0.007284
2025-05-01T14:14:39.370000,0.005245
2025-05-01T14:14:39.380000,0.014171
2025-05-01T14:14:39.390000,0.008497
2025-05-01T14:14:39.400000,-0.001692
2025-05-01T14:14:39.410000,0.010110
2025-05-01T14:14:39.420000,-0.005908
2025-05-01T14:14:39.430000,-0.010323
2025-05-01T14:14:39.440000,0.002174
2025-05-01T14:14:39.450000,0.006515
2025-05-01T14:14:39.460000,-0.002977
2025-05-01T14:14:39.470000,-0.002707
2025-05-01T14:14:39.480000,-0.016175
2025-05-01T14:14:39.490000,0.001274
2025-05-01T14:14:39.500000,-0.006737
2025-05-01T14:14:39.510000,0.007206
2025-05-01T14:14:39.520000,0.009019
2025-05-01T14:14:39.530000,0.011263
2025-05-01T14:14:39.540000,0.008154
2025-05-01T14:14:39.550000,-0.004745
2025-05-01T14:14:39.560000,0.013807
2025-05-01T14:14:39.570000,-0.009762
2025-05-01T14:14:39.580000,-0.003539
2025-05-01T14:14:39.590000,0.010043
2025-05-01T14:14:39.600000,0.006133
2025-05-01T14:14:39.610000,-0.008158
2025-05-01T14:14:39.620000,-0.010984
2025-05-01T14:14:39.630000,-0.000802
2025-05-01T14:14:39.640000,0.018833
2025-05-01T14:14:39.650000,0.000192
2025-05-01T14:14:39.660000,-0.015612
2025-05-01T14:14:39.670000,0.011511
2025-05-01T14:14:39.680000,-0.014113
2025-05-01T14:14:39.690000,-0.023006
2025-05-01T14:14:39.700000,0.005538
2025-05-01T14:14:39.710000,0.014732
2025-05-01T14:14:39.720000,0.012282
2025-05-01T14:14:39.730000,-0.012395
2025-05-01T14:14:39.740000,-0.003761
2025-05-01T14:14:39.750000,-0.004230
2025-05-01T14:14:39.760000,-0.012871
2025-05-01T14:14:39.770000,-0.017684
2025-05-01T14:14:39.780000,0.003274
2025-05-01T14:14:39.790000,0.003715
2025-05-01T14:14:39.800000,-0.005522
2025-05-01T14:14:39.810000,-0.012774
2025-05-01T14:14:39.820000,0.002154
2025-05-01T14:14:39.830000,0.020074
2025-05-01T14:14:39.840000,-0.013293
2025-05-01T14:14:39.850000,-0.016432
2025-05-01T14:14:39.860000,-0.017555
2025-05-01T14:14:39.870000,0.022146
2025-05-01T14:14:39.880000,-0.004823
2025-05-01T14:14:39.890000,0.010942
2025-05-01T14:14:39.900000,-0.003465
2025-05-01T14:14:39.910000,0.012931
2025-05-01T14:14:39.920000,-0.002098
2025-05-01T14:14:39.930000,-0.001475
2025-05-01T14:14:39.940000,0.006116
2025-05-01T14:14:39.950000,-0.001562
2025-05-01T14:14:39.960000,-0.008382
2025-05-01T14:14:39.970000,0.001177
2025-05-01T14:14:39.980000,-0.007458
2025-05-01T14:14:39.990000,-0.003502
2025-05-01T14:14:40,-0.019444
2025-05-01T14:14:40.010000,0.003611
2025-05-01T14:14:40.020000,-0.010768
2025-05-01T14:14:40.030000,0.017265
2025-05-01T14:14:40.040000,-0.008639
2025-05-01T14:14:40.050000,0.012844
2025-05-01T14:14:40.060000,-0.032102
2025-05-01T14:14:40.070000,-0.007201
2025-05-01T14:14:40.080000,0.007134
2025-05-01T14:14:40.090000,0.003839
2025-05-01T14:14:40.100000,-0.015402
2025-05-01T14:14:40.110000,-0.007331
2025-05-01T14:14:40.120000,0.006220
2025-05-01T14:14:40.130000,0.013288
2025-05-01T14:14:40.140000,0.010023
2025-05-01T14:14:40.150000,-0.000551
2025-05-01T14:14:40.160000,0.006918
2025-05-01T14:14:40.170000,-0.005782
2025-05-01T14:14:40.180000,-0.013418
2025-05-01T14:14:40.190000,-0.009587
2025-05-01T14:14:40.200000,-0.001488
2025-05-01T14:14:40.210000,0.004713
2025-05-01T14:14:40.220000,-0.006075
2025-05-01T14:14:40.230000,-0.012480
2025-05-01T14:14:40.240000,-0.019998
2025-05-01T14:14:40.250000,-0.004621
2025-05-01T14:14:40.260000,0.001521
2025-05-01T14:14:40.270000,-0.004428
2025-05-01T14:14:40.280000,-0.014246
2025-05-01T14:14:40.290000,-0.015089
2025-05-01T14:14:40.300000,0.000077
2025-05-01T14:14:40.310000,0.004775
2025-05-01T14:14:40.320000,0.011967
2025-05-01T14:14:40.330000,0.002143
2025-05-01T14:14:40.340000,-0.001936
2025-05-01T14:14:40.350000,-0.006129
2025-05-01T14:14:40.360000,-0.002686
2025-05-01T14:14:40.370000,-0.005588
2025-05-01T14:14:40.380000,0.000779
2025-05-01T14:14:40.390000,-0.011100
2025-05-01T14:14:40.400000,0.003957
2025-05-01T14:14:40.410000,-0.000457
2025-05-01T14:14:40.420000,-0.001166
2025-05-01T14:14:40.430000,-0.009896
2025-05-01T14:14:40.440000,0.013314
2025-05-01T14:14:40.450000,-0.002030
2025-05-01T14:14:40.460000,-0.006830
2025-05-01T14:14:40.470000,-0.004609
2025-05-01T14:14:40.480000,0.012107
2025-05-01T14:14:40.490000,-0.006991
2025-05-01T14:14:40.500000,0.000485
2025-05-01T14:14:40.510000,0.001264
2025-05-01T14:14:40.520000,-0.016164
2025-05-01T14:14:40.530000,-0.012823
2025-05-01T14:14:40.540000,-0.017660
2025-05-01T14:14:40.550000,0.009585
2025-05-01T14:14:40.560000,0.015710
2025-05-01T14:14:40.570000,0.005916
2025-05-01T14:14:40.580000,0.013463
2025-05-01T14:14:40.590000,0.012843
2025-05-01T14:14:40.600000,0.008998
2025-05-01T14:14:40.610000,-0.006491
2025-05-01T14:14:40.620000,0.009191
2025-05-01T14:14:40.630000,0.000443
2025-05-01T14:14:40.640000,-0.012022
2025-05-01T14:14:40.650000,0.009112
2025-05-01T14:14:40.660000,-0.014834
2025-05-01T14:14:40.670000,0.009470
2025-05-01T14:14:40.680000,0.013557
2025-05-01T14:14:40.690000,0.005647
2025-05-01T14:14:40.700000,-0.001992
2025-05-01T14:14:40.710000,0.000278
2025-05-01T14:14:40.720000,-0.008664
2025-05-01T14:14:40.730000,-0.009219
2025-05-01T14:14:40.740000,-0.004845
2025-05-01T14:14:40.750000,-0.007465
2025-05-01T14:14:40.760000,-0.004035
2025-05-01T14:14:40.770000,-0.005943
2025-05-01T14:14:40.780000,0.021906
2025-05-01T14:14:40.790000,-0.000573
2025-05-01T14:14:40.800000,0.012266
2025-05-01T14:14:40.810000,0.007198
2025-05-01T14:14:40.820000,-0.012241
2025-05-01T14:14:40.830000,0.012522
2025-05-01T14:14:40.840000,-0.000309
2025-05-01T14:14:40.850000,0.006426
2025-05-01T14:14:40.860000,-0.013050
2025-05-01T14:14:40.870000,0.001818
2025-05-01T14:14:40.880000,-0.012398
2025-05-01T14:14:40.890000,-0.002262
2025-05-01T14:14:40.900000,0.008890
2025-05-01T14:14:40.910000,-0.006474
2025-05-01T14:14:40.920000,-0.025645
2025-05-01T14:14:40.930000,-0.002722
2025-05-01T14:14:40.940000,-0.008624
2025-05-01T14:14:40.950000,-0.004171
2025-05-01T14:14:40.960000,-0.002243
2025-05-01T14:14:40.970000,0.009328
2025-05-01T14:14:40.980000,0.024299
2025-05-01T14:14:40.990000,-0.006521
2025-05-01T14:14:41,0.002740
2025-05-01T14:14:41.010000,-0.008111
2025-05-01T14:14:41.020000,0.007673
2025-05-01T14:14:41.030000,0.009688
2025-05-01T14:14:41.040000,0.017637
2025-05-01T14:14:41.050000,-0.006517
2025-05-01T14:14:41.060000,0.006456
2025-05-01T14:14:41.070000,-0.011705
2025-05-01T14:14:41.080000,0.003478
2025-05-01T14:14:41.090000,-0.014287
2025-05-01T14:14:41.100000,0.018398
2025-05-01T14:14:41.110000,-0.002648
2025-05-01T14:14:41.120000,-0.002305
2025-05-01T14:14:41.130000,0.007337
2025-05-01T14:14:41.140000,-0.005738
2025-05-01T14:14:41.150000,-0.008191
2025-05-01T14:14:41.160000,-0.012351
2025-05-01T14:14:41.170000,-0.011100
2025-05-01T14:14:41.180000,0.009994
2025-05-01T14:14:41.190000,-0.001084
2025-05-01T14:14:41.200000,0.002871
2025-05-01T14:14:41.210000,0.002347
2025-05-01T14:14:41.220000,0.006350
2025-05-01T14:14:41.230000,0.001898
2025-05-01T14:14:41.240000,0.004495
2025-05-01T14:14:41.250000,-0.006061
2025-05-01T14:14:41.260000,-0.012469
2025-05-01T14:14:41.270000,0.000228
2025-05-01T14:14:41.280000,-0.009734
2025-05-01T14:14:41.290000,-0.008183
2025-05-01T14:14:41.300000,0.010972
2025-05-01T14:14:41.310000,0.002210
2025-05-01T14:14:41.320000,-0.009316
2025-05-01T14:14:41.330000,0.001320
2025-05-01T14:14:41.340000,-0.001975
2025-05-01T14:14:41.350000,-0.000533
2025-05-01T14:14:41.360000,-0.014321
2025-05-01T14:14:41.370000,-0.004040
2025-05-01T14:14:41.380000,0.011634
2025-05-01T14:14:41.390000,0.014084
2025-05-01T14:14:41.400000,0.014192
2025-05-01T14:14:41.410000,0.000543
2025-05-01T14:14:41.420000,-0.000181
2025-05-01T14:14:41.430000,0.008256
2025-05-01T14:14:41.440000,-0.006502
2025-05-01T14:14:41.450000,-0.009979
2025-05-01T14:14:41.460000,-0.007414
2025-05-01T14:14:41.470000,0.007486
2025-05-01T14:14:41.480000,0.010544
2025-05-01T14:14:41.490000,-0.004771
2025-05-01T14:14:41.500000,0.010625
2025-05-01T14:14:41.510000,0.005087
2025-05-01T14:14:41.520000,-0.011804
2025-05-01T14:14:41.530000,-0.012172
2025-05-01T14:14:41.540000,0.003419
2025-05-01T14:14:41.550000,0.013505
2025-05-01T14:14:41.560000,-0.018679
2025-05-01T14:14:41.570000,-0.002603
2025-05-01T14:14:41.580000,0.005262
2025-05-01T14:14:41.590000,-0.006410
2025-05-01T14:14:41.600000,-0.001969
2025-05-01T14:14:41.610000,-0.008433
2025-05-01T14:14:41.620000,-0.004349
2025-05-01T14:14:41.630000,-0.013078
2025-05-01T14:14:41.640000,-0.004518
2025-05-01T14:14:41.650000,0.009960
2025-05-01T14:14:41.660000,0.002208
2025-05-01T14:14:41.670000,-0.013739
2025-05-01T14:14:41.680000,-0.005695
2025-05-01T14:14:41.690000,-0.004119
2025-05-01T14:14:41.700000,-0.006773
2025-05-01T14:14:41.710000,0.010084
2025-05-01T14:14:41.720000,-0.013427
2025-05-01T14:14:41.730000,-0.013307
2025-05-01T14:14:41.740000,0.000675
2025-05-01T14:14:41.750000,-0.002246
2025-05-01T14:14:41.760000,0.010772
2025-05-01T14:14:41.770000,0.001824
2025-05-01T14:14:41.780000,-0.020823
2025-05-01T14:14:41.790000,0.002342
2025-05-01T14:14:41.800000,0.011542
2025-05-01T14:14:41.810000,0.003720
2025-05-01T14:14:41.820000,-0.011419
2025-05-01T14:14:41.830000,-0.012700
2025-05-01T14:14:41.840000,-0.008134
2025-05-01T14:14:41.850000,-0.005066
2025-05-01T14:14:41.860000,-0.000657
2025-05-01T14:14:41.870000,-0.003267
2025-05-01T14:14:41.880000,0.008769
2025-05-01T14:14:41.890000,-0.003519
2025-05-01T14:14:41.900000,-0.003372
2025-05-01T14:14:41.910000,0.010521
2025-05-01T14:14:41.920000,0.010680
2025-05-01T14:14:41.930000,0.024005
2025-05-01T14:14:41.940000,-0.007985
2025-05-01T14:14:41.950000,0.001367
2025-05-01T14:14:41.960000,0.003466
2025-05-01T14:14:41.970000,-0.002094
2025-05-01T14:14:41.980000,0.001753
2025-05-01T14:14:41.990000,0.004894
2025-05-01T14:14:42,0.005299
2025-05-01T14:14:42.010000,-0.012419
2025-05-01T14:14:42.020000,-0.006993
2025-05-01T14:14:42.030000,-0.001681
2025-05-01T14:14:42.040000,0.007596
2025-05-01T14:14:42.050000,0.018265
2025-05-01T14:14:42.060000,-0.001513
2025-05-01T14:14:42.070000,0.004578
2025-05-01T14:14:42.080000,0.011982
2025-05-01T14:14:42.090000,-0.013008
2025-05-01T14:14:42.100000,-0.006802
2025-05-01T14:14:42.110000,-0.002444
2025-05-01T14:14:42.120000,0.006490
2025-05-01T14:14:42.130000,-0.008478
2025-05-01T14:14:42.140000,-0.007615
2025-05-01T14:14:42.150000,0.008375
2025-05-01T14:14:42.160000,-0.017429
2025-05-01T14:14:42.170000,-0.001972
2025-05-01T14:14:42.180000,0.012401
2025-05-01T14:14:42.190000,0.012942
2025-05-01T14:14:42.200000,0.004896
2025-05-01T14:14:42.210000,-0.007588
2025-05-01T14:14:42.220000,0.025770
2025-05-01T14:14:42.230000,0.004399
2025-05-01T14:14:42.240000,-0.008184
2025-05-01T14:14:42.250000,-0.012738
2025-05-01T14:14:42.260000,0.001356
2025-05-01T14:14:42.270000,0.004165
2025-05-01T14:14:42.280000,0.012303
2025-05-01T14:14:42.290000,0.011151
2025-05-01T14:14:42.300000,-0.016323
2025-05-01T14:14:42.310000,-0.013858
2025-05-01T14:14:42.320000,0.005112
2025-05-01T14:14:42.330000,-0.014464
2025-05-01T14:14:42.340000,0.001953
2025-05-01T14:14:42.350000,-0.001221
2025-05-01T14:14:42.360000,-0.000069
2025-05-01T14:14:42.370000,0.004199
2025-05-01T14:14:42.380000,0.003024
2025-05-01T14:14:42.390000,0.002844
2025-05-01T14:14:42.400000,0.015629
2025-05-01T14:14:42.410000,0.003617
2025-05-01T14:14:42.420000,0.018984
2025-05-01T14:14:42.430000,0.002406
2025-05-01T14:14:42.440000,0.003630
2025-05-01T14:14:42.450000,0.006488
2025-05-01T14:14:42.460000,0.004762
2025-05-01T14:14:42.470000,0.029031
2025-05-01T14:14:42.480000,-0.025179
2025-05-01T14:14:42.490000,0.010357
2025-05-01T14:14:42.500000,0.004836
2025-05-01T14:14:42.510000,-0.012629
2025-05-01T14:14:42.520000,-0.003297
2025-05-01T14:14:42.530000,-0.004298
2025-05-01T14:14:42.540000,-0.000214
2025-05-01T14:14:42.550000,-0.007565
2025-05-01T14:14:42.560000,-0.001029
2025-05-01T14:14:42.570000,-0.003284
2025-05-01T14:14:42.580000,0.013199
2025-05-01T14:14:42.590000,-0.003009
2025-05-01T14:14:42.600000,0.012224
2025-05-01T14:14:42.610000,0.002415
2025-05-01T14:14:42.620000,0.005200
2025-05-01T14:14:42.630000,0.003406
2025-05-01T14:14:42.640000,0.005104
2025-05-01T14:14:42.650000,-0.002558
2025-05-01T14:14:42.660000,0.006026
2025-05-01T14:14:42.670000,0.007599
2025-05-01T14:14:42.680000,-0.005886
2025-05-01T14:14:42.690000,0.011996
2025-05-01T14:14:42.700000,-0.003411
2025-05-01T14:14:42.710000,-0.002721
2025-05-01T14:14:42.720000,0.017489
2025-05-01T14:14:42.730000,0.003906
2025-05-01T14:14:42.740000,-0.018402
2025-05-01T14:14:42.750000,0.001172
2025-05-01T14:14:42.760000,0.000971
2025-05-01T14:14:42.770000,0.027805
2025-05-01T14:14:42.780000,0.028870
2025-05-01T14:14:42.790000,0.018519
2025-05-01T14:14:42.800000,0.002366
2025-05-01T14:14:42.810000,-0.009500
2025-05-01T14:14:42.820000,-0.006984
2025-05-01T14:14:42.830000,0.002352
2025-05-01T14:14:42.840000,0.013357
2025-05-01T14:14:42.850000,0.014517
2025-05-01T14:14:42.860000,-0.011366
2025-05-01T14:14:42.870000,0.003675
2025-05-01T14:14:42.880000,0.000010
2025-05-01T14:14:42.890000,-0.005147
2025-05-01T14:14:42.900000,0.006429
2025-05-01T14:14:42.910000,0.005605
2025-05-01T14:14:42.920000,0.013240
2025-05-01T14:14:42.930000,0.001455
2025-05-01T14:14:42.940000,-0.003455
2025-05-01T14:14:42.950000,0.005912
2025-05-01T14:14:42.960000,-0.012109
2025-05-01T14:14:42.970000,0.001843
2025-05-01T14:14:42.980000,-0.003491
2025-05-01T14:14:42.990000,-0.008192
2025-05-01T14:14:43,0.003104
2025-05-01T14:14:43.010000,0.011957
2025-05-01T14:14:43.020000,-0.004904
2025-05-01T14:14:43.030000,0.005164
2025-05-01T14:14:43.040000,0.006921
2025-05-01T14:14:43.050000,-0.009959
2025-05-01T14:14:43.060000,0.001243
2025-05-01T14:14:43.070000,0.018648
2025-05-01T14:14:43.080000,0.005669
2025-05-01T14:14:43.090000,0.008350
2025-05-01T14:14:43.100000,0.006227
2025-05-01T14:14:43.110000,-0.011622
2025-05-01T14:14:43.120000,0.010448
2025-05-01T14:14:43.130000,0.032363
2025-05-01T14:14:43.140000,0.017836
2025-05-01T14:14:43.150000,0.022067
2025-05-01T14:14:43.160000,0.003598
2025-05-01T14:14:43.170000,-0.012431
2025-05-01T14:14:43.180000,0.002331
2025-05-01T14:14:43.190000,0.001302
2025-05-01T14:14:43.200000,0.013429
2025-05-01T14:14:43.210000,-0.005614
2025-05-01T14:14:43.220000,0.002277
2025-05-01T14:14:43.230000,0.015829
2025-05-01T14:14:43.240000,0.001809
2025-05-01T14:14:43.250000,0.015673
2025-05-01T14:14:43.260000,0.022198
2025-05-01T14:14:43.270000,0.022468
2025-05-01T14:14:43.280000,-0.003540
2025-05-01T14:14:43.290000,0.004520
2025-05-01T14:14:43.300000,-0.006131
2025-05-01T14:14:43.310000,0.005825
2025-05-01T14:14:43.320000,0.008099
2025-05-01T14:14:43.330000,-0.014724
2025-05-01T14:14:43.340000,-0.009274
2025-05-01T14:14:43.350000,0.014123
2025-05-01T14:14:43.360000,-0.000155
2025-05-01T14:14:43.370000,0.001502
2025-05-01T14:14:43.380000,-0.004907
2025-05-01T14:14:43.390000,-0.013814
2025-05-01T14:14:43.400000,-0.004613
2025-05-01T14:14:43.410000,-0.004090
2025-05-01T14:14:43.420000,-0.002005
2025-05-01T14:14:43.430000,-0.000381
2025-05-01T14:14:43.440000,-0.005515
2025-05-01T14:14:43.450000,0.019682
2025-05-01T14:14:43.460000,-0.002524
2025-05-01T14:14:43.470000,-0.000281
2025-05-01T14:14:43.480000,-0.007766
2025-05-01T14:14:43.490000,0.000297
2025-05-01T14:14:43.500000,-0.011033
2025-05-01T14:14:43.510000,-0.002884
2025-05-01T14:14:43.520000,0.011010
2025-05-01T14:14:43.530000,-0.005118
2025-05-01T14:14:43.540000,0.010226
2025-05-01T14:14:43.550000,0.013928
2025-05-01T14:14:43.560000,0.004056
2025-05-01T14:14:43.570000,0.006097
2025-05-01T14:14:43.580000,-0.014096
2025-05-01T14:14:43.590000,-0.010111
2025-05-01T14:14:43.600000,0.013766
2025-05-01T14:14:43.610000,0.012797
2025-05-01T14:14:43.620000,0.006968
2025-05-01T14:14:43.630000,0.002724
2025-05-01T14:14:43.640000,-0.003694
2025-05-01T14:14:43.650000,-0.006035
2025-05-01T14:14:43.660000,-0.007922
2025-05-01T14:14:43.670000,0.002039
2025-05-01T14:14:43.680000,-0.007009
2025-05-01T14:14:43.690000,0.002503
2025-05-01T14:14:43.700000,-0.003013
2025-05-01T14:14:43.710000,-0.011919
2025-05-01T14:14:43.720000,-0.000414
2025-05-01T14:14:43.730000,-0.028480
2025-05-01T14:14:43.740000,0.020403
2025-05-01T14:14:43.750000,-0.012294
2025-05-01T14:14:43.760000,0.005975
2025-05-01T14:14:43.770000,-0.009641
2025-05-01T14:14:43.780000,-0.009757
2025-05-01T14:14:43.790000,-0.004267
2025-05-01T14:14:43.800000,-0.002458
2025-05-01T14:14:43.810000,-0.009253
2025-05-01T14:14:43.820000,0.010044
2025-05-01T14:14:43.830000,-0.006315
2025-05-01T14:14:43.840000,-0.008288
2025-05-01T14:14:43.850000,0.002752
2025-05-01T14:14:43.860000,0.008081
2025-05-01T14:14:43.870000,-0.008778
2025-05-01T14:14:43.880000,0.000944
2025-05-01T14:14:43.890000,0.013214
2025-05-01T14:14:43.900000,-0.004597
2025-05-01T14:14:43.910000,0.004606
2025-05-01T14:14:43.920000,0.023182
2025-05-01T14:14:43.930000,-0.028982
2025-05-01T14:14:43.940000,-0.004029
2025-05-01T14:14:43.950000,-0.001562
2025-05-01T14:14:43.960000,0.021290
2025-05-01T14:14:43.970000,-0.000032
2025-05-01T14:14:43.980000,-0.007917
2025-05-01T14:14:43.990000,0.017896
2025-05-01T14:14:44,-0.008697
2025-05-01T14:14:44.010000,-0.017923
2025-05-01T14:14:44.020000,0.020202
2025-05-01T14:14:44.030000,-0.005760
2025-05-01T14:14:44.040000,0.008480
2025-05-01T14:14:44.050000,0.002803
2025-05-01T14:14:44.060000,0.003403
2025-05-01T14:14:44.070000,0.009428
2025-05-01T14:14:44.080000,0.006611
2025-05-01T14:14:44.090000,0.009324
2025-05-01T14:14:44.100000,-0.002361
2025-05-01T14:14:44.110000,0.006362
2025-05-01T14:14:44.120000,-0.020781
2025-05-01T14:14:44.130000,0.009791
2025-05-01T14:14:44.140000,-0.006108
2025-05-01T14:14:44.150000,-0.018305
2025-05-01T14:14:44.160000,0.008437
2025-05-01T14:14:44.170000,-0.004180
2025-05-01T14:14:44.180000,0.014417
2025-05-01T14:14:44.190000,-0.011305
2025-05-01T14:14:44.200000,-0.008893
2025-05-01T14:14:44.210000,-0.002267
2025-05-01T14:14:44.220000,0.007915
2025-05-01T14:14:44.230000,-0.009528
2025-05-01T14:14:44.240000,-0.009257
2025-05-01T14:14:44.250000,0.000238
2025-05-01T14:14:44.260000,-0.010658
2025-05-01T14:14:44.270000,-0.013303
2025-05-01T14:14:44.280000,0.010521
2025-05-01T14:14:44.290000,-0.001234
2025-05-01T14:14:44.300000,0.002898
2025-05-01T14:14:44.310000,-0.004336
2025-05-01T14:14:44.320000,0.004710
2025-05-01T14:14:44.330000,0.015343
2025-05-01T14:14:44.340000,-0.015144
2025-05-01T14:14:44.350000,0.002571
2025-05-01T14:14:44.360000,0.001716
2025-05-01T14:14:44.370000,-0.020970
2025-05-01T14:14:44.380000,-0.002565
2025-05-01T14:14:44.390000,-0.006549
2025-05-01T14:14:44.400000,0.017728
2025-05-01T14:14:44.410000,-0.009264
2025-05-01T14:14:44.420000,-0.005344
2025-05-01T14:14:44.430000,-0.002014
2025-05-01T14:14:44.440000,-0.004208
2025-05-01T14:14:44.450000,-0.003658
2025-05-01T14:14:44.460000,-0.000238
2025-05-01T14:14:44.470000,-0.013259
2025-05-01T14:14:44.480000,0.007055
2025-05-01T14:14:44.490000,-0.017472
2025-05-01T14:14:44.500000,0.022707
2025-05-01T14:14:44.510000,0.001475
2025-05-01T14:14:44.520000,0.009343
2025-05-01T14:14:44.530000,-0.006831
2025-05-01T14:14:44.540000,-0.003948
2025-05-01T14:14:44.550000,-0.004073
2025-05-01T14:14:44.560000,0.022588
2025-05-01T14:14:44.570000,-0.001910
2025-05-01T14:14:44.580000,-0.006290
2025-05-01T14:14:44.590000,0.002590
2025-05-01T14:14:44.600000,0.001877
2025-05-01T14:14:44.610000,-0.024407
2025-05-01T14:14:44.620000,-0.011015
2025-05-01T14:14:44.630000,-0.018589
2025-05-01T14:14:44.640000,0.001501
2025-05-01T14:14:44.650000,-0.017170
2025-05-01T14:14:44.660000,0.006970
2025-05-01T14:14:44.670000,-0.013714
2025-05-01T14:14:44.680000,-0.020908
2025-05-01T14:14:44.690000,-0.011278
2025-05-01T14:14:44.700000,-0.002320
2025-05-01T14:14:44.710000,-0.001113
2025-05-01T14:14:44.720000,0.001267
2025-05-01T14:14:44.730000,-0.000585
2025-05-01T14:14:44.740000,0.006724
2025-05-01T14:14:44.750000,0.008474
2025-05-01T14:14:44.760000,-0.006740
2025-05-01T14:14:44.770000,0.005812
2025-05-01T14:14:44.780000,0.004568
2025-05-01T14:14:44.790000,0.015819
2025-05-01T14:14:44.800000,0.010360
2025-05-01T14:14:44.810000,-0.000742
2025-05-01T14:14:44.820000,0.007113
2025-05-01T14:14:44.830000,0.001553
2025-05-01T14:14:44.840000,-0.005633
2025-05-01T14:14:44.850000,0.007581
2025-05-01T14:14:44.860000,-0.023041
2025-05-01T14:14:44.870000,-0.007253
2025-05-01T14:14:44.880000,-0.003625
2025-05-01T14:14:44.890000,0.013060
2025-05-01T14:14:44.900000,-0.001749
2025-05-01T14:14:44.910000,-0.013887
2025-05-01T14:14:44.920000,-0.016771
2025-05-01T14:14:44.930000,-0.007790
2025-05-01T14:14:44.940000,0.015079
2025-05-01T14:14:44.950000,0.003717
2025-05-01T14:14:44.960000,-0.001539
2025-05-01T14:14:44.970000,0.010306
2025-05-01T14:14:44.980000,-0.001869
2025-05-01T14:14:44.990000,0.009641
2025-05-01T14:14:45,0.001502
2025-05-01T14:14:45.010000,0.008494
2025-05-01T14:14:45.020000,-0.002459
2025-05-01T14:14:45.030000,-0.020376
2025-05-01T14:14:45.040000,0.011179
2025-05-01T14:14:45.050000,0.007295
2025-05-01T14:14:45.060000,-0.000934
2025-05-01T14:14:45.070000,0.005094
2025-05-01T14:14:45.080000,-0.009509
2025-05-01T14:14:45.090000,-0.007979
2025-05-01T14:14:45.100000,-0.004143
2025-05-01T14:14:45.110000,0.018429
2025-05-01T14:14:45.120000,-0.001093
2025-05-01T14:14:45.130000,-0.008403
2025-05-01T14:14:45.140000,0.005928
2025-05-01T14:14:45.150000,-0.001113
2025-05-01T14:14:45.160000,-0.000882
2025-05-01T14:14:45.170000,0.000701
2025-05-01T14:14:45.180000,-0.001803
2025-05-01T14:14:45.190000,-0.012179
2025-05-01T14:14:45.200000,0.002268
2025-05-01T14:14:45.210000,-0.006206
2025-05-01T14:14:45.220000,-0.000438
2025-05-01T14:14:45.230000,-0.005393
2025-05-01T14:14:45.240000,0.004844
2025-05-01T14:14:45.250000,0.002690
2025-05-01T14:14:45.260000,-0.011126
2025-05-01T14:14:45.270000,0.010264
2025-05-01T14:14:45.280000,-0.001254
2025-05-01T14:14:45.290000,0.028046
2025-05-01T14:14:45.300000,0.001268
2025-05-01T14:14:45.310000,0.000231
2025-05-01T14:14:45.320000,-0.012069
2025-05-01T14:14:45.330000,0.001463
2025-05-01T14:14:45.340000,-0.001793
2025-05-01T14:14:45.350000,0.009622
2025-05-01T14:14:45.360000,0.007275
2025-05-01T14:14:45.370000,0.012932
2025-05-01T14:14:45.380000,0.001220
2025-05-01T14:14:45.390000,-0.001082
2025-05-01T14:14:45.400000,0.000581
2025-05-01T14:14:45.410000,-0.000246
2025-05-01T14:14:45.420000,-0.001558
2025-05-01T14:14:45.430000,-0.006618
2025-05-01T14:14:45.440000,0.008430
2025-05-01T14:14:45.450000,-0.015877
2025-05-01T14:14:45.460000,-0.013044
2025-05-01T14:14:45.470000,-0.000092
2025-05-01T14:14:45.480000,0.003808
2025-05-01T14:14:45.490000,0.018986
2025-05-01T14:14:45.500000,0.004976
2025-05-01T14:14:45.510000,-0.011320
2025-05-01T14:14:45.520000,0.006456
2025-05-01T14:14:45.530000,-0.003034
2025-05-01T14:14:45.540000,0.003503
2025-05-01T14:14:45.550000,-0.009983
2025-05-01T14:14:45.560000,0.007891
2025-05-01T14:14:45.570000,-0.001388
2025-05-01T14:14:45.580000,-0.004821
2025-05-01T14:14:45.590000,-0.002421
2025-05-01T14:14:45.600000,-0.007405
2025-05-01T14:14:45.610000,-0.002403
2025-05-01T14:14:45.620000,0.021811
2025-05-01T14:14:45.630000,0.008335
2025-05-01T14:14:45.640000,-0.004615
2025-05-01T14:14:45.650000,-0.008771
2025-05-01T14:14:45.660000,0.012112
2025-05-01T14:14:45.670000,0.010535
2025-05-01T14:14:45.680000,-0.005451
2025-05-01T14:14:45.690000,-0.007280
2025-05-01T14:14:45.700000,0.010565
2025-05-01T14:14:45.710000,0.004505
2025-05-01T14:14:45.720000,-0.001312
2025-05-01T14:14:45.730000,0.003413
2025-05-01T14:14:45.740000,0.004155
2025-05-01T14:14:45.750000,0.000177
2025-05-01T14:14:45.760000,0.003065
2025-05-01T14:14:45.770000,0.003955
2025-05-01T14:14:45.780000,-0.005252
2025-05-01T14:14:45.790000,-0.004985
2025-05-01T14:14:45.800000,-0.002346
2025-05-01T14:14:45.810000,-0.007620
2025-05-01T14:14:45.820000,0.002742
2025-05-01T14:14:45.830000,-0.002616
2025-05-01T14:14:45.840000,-0.008311
2025-05-01T14:14:45.850000,0.009907
2025-05-01T14:14:45.860000,-0.005459
2025-05-01T14:14:45.870000,0.000334
2025-05-01T14:14:45.880000,-0.020437
2025-05-01T14:14:45.890000,0.012418
2025-05-01T14:14:45.900000,-0.002874
2025-05-01T14:14:45.910000,0.001709
2025-05-01T14:14:45.920000,0.005271
2025-05-01T14:14:45.930000,0.004283
2025-05-01T14:14:45.940000,0.013351
2025-05-01T14:14:45.950000,0.004421
2025-05-01T14:14:45.960000,-0.002071
2025-05-01T14:14:45.970000,0.020890
2025-05-01T14:14:45.980000,0.014075
2025-05-01T14:14:45.990000,-0.029566
2025-05-01T14:14:46,-0.002492
2025-05-01T14:14:46.010000,-0.007907
2025-05-01T14:14:46.020000,0.004479
2025-05-01T14:14:46.030000,-0.006083
2025-05-01T14:14:46.040000,0.008509
2025-05-01T14:14:46.050000,0.007638
2025-05-01T14:14:46.060000,0.010156
2025-05-01T14:14:46.070000,0.026152
2025-05-01T14:14:46.080000,0.015395
2025-05-01T14:14:46.090000,-0.003390
2025-05-01T14:14:46.100000,0.004011
2025-05-01T14:14:46.110000,0.005494
2025-05-01T14:14:46.120000,0.015303
2025-05-01T14:14:46.130000,0.019319
2025-05-01T14:14:46.140000,0.007435
2025-05-01T14:14:46.150000,0.015205
2025-05-01T14:14:46.160000,0.001393
2025-05-01T14:14:46.170000,-0.000695
2025-05-01T14:14:46.180000,-0.001318
2025-05-01T14:14:46.190000,-0.031353
2025-05-01T14:14:46.200000,-0.003273
2025-05-01T14:14:46.210000,0.001819
2025-05-01T14:14:46.220000,-0.006426
2025-05-01T14:14:46.230000,0.002012
2025-05-01T14:14:46.240000,0.007016
2025-05-01T14:14:46.250000,-0.006427
2025-05-01T14:14:46.260000,0.005963
2025-05-01T14:14:46.270000,-0.004256
2025-05-01T14:14:46.280000,0.015849
2025-05-01T14:14:46.290000,-0.015323
2025-05-01T14:14:46.300000,-0.010368
2025-05-01T14:14:46.310000,0.001655
2025-05-01T14:14:46.320000,0.017115
2025-05-01T14:14:46.330000,-0.018189
2025-05-01T14:14:46.340000,-0.004997
2025-05-01T14:14:46.350000,0.006744
2025-05-01T14:14:46.360000,-0.013254
2025-05-01T14:14:46.370000,-0.003642
2025-05-01T14:14:46.380000,0.002987
2025-05-01T14:14:46.390000,0.010354
2025-05-01T14:14:46.400000,0.001001
2025-05-01T14:14:46.410000,0.004260
2025-05-01T14:14:46.420000,-0.008716
2025-05-01T14:14:46.430000,0.011831
2025-05-01T14:14:46.440000,0.009373
2025-05-01T14:14:46.450000,0.008699
2025-05-01T14:14:46.460000,-0.000557
2025-05-01T14:14:46.470000,-0.012439
2025-05-01T14:14:46.480000,-0.000520
2025-05-01T14:14:46.490000,0.007903
2025-05-01T14:14:46.500000,0.014156
2025-05-01T14:14:46.510000,-0.023456
2025-05-01T14:14:46.520000,0.003537
2025-05-01T14:14:46.530000,-0.006020
2025-05-01T14:14:46.540000,-0.010835
2025-05-01T14:14:46.550000,-0.006324
2025-05-01T14:14:46.560000,0.003070
2025-05-01T14:14:46.570000,-0.011758
2025-05-01T14:14:46.580000,-0.002621
2025-05-01T14:14:46.590000,0.006014
2025-05-01T14:14:46.600000,-0.004294
2025-05-01T14:14:46.610000,-0.024686
2025-05-01T14:14:46.620000,-0.001702
2025-05-01T14:14:46.630000,-0.000392
2025-05-01T14:14:46.640000,-0.006819
2025-05-01T14:14:46.650000,-0.006997
2025-05-01T14:14:46.660000,-0.007312
2025-05-01T14:14:46.670000,0.008935
2025-05-01T14:14:46.680000,0.003332
2025-05-01T14:14:46.690000,0.008097
2025-05-01T14:14:46.700000,0.002317
2025-05-01T14:14:46.710000,0.006637
2025-05-01T14:14:46.720000,0.009571
2025-05-01T14:14:46.730000,0.003272
2025-05-01T14:14:46.740000,-0.002672
2025-05-01T14:14:46.750000,0.010914
2025-05-01T14:14:46.760000,-0.002477
2025-05-01T14:14:46.770000,-0.002858
2025-05-01T14:14:46.780000,-0.003785
2025-05-01T14:14:46.790000,-0.003593
2025-05-01T14:14:46.800000,0.011763
2025-05-01T14:14:46.810000,0.002986
2025-05-01T14:14:46.820000,-0.010145
2025-05-01T14:14:46.830000,0.002009
2025-05-01T14:14:46.840000,0.011135
2025-05-01T14:14:46.850000,-0.000240
2025-05-01T14:14:46.860000,0.004751
2025-05-01T14:14:46.870000,0.003419
2025-05-01T14:14:46.880000,-0.000718
2025-05-01T14:14:46.890000,-0.022223
2025-05-01T14:14:46.900000,-0.005271
2025-05-01T14:14:46.910000,-0.006761
2025-05-01T14:14:46.920000,-0.008712
2025-05-01T14:14:46.930000,0.006831
2025-05-01T14:14:46.940000,-0.007315
2025-05-01T14:14:46.950000,0.021456
2025-05-01T14:14:46.960000,0.000050
2025-05-01T14:14:46.970000,0.019615
2025-05-01T14:14:46.980000,0.001058
2025-05-01T14:14:46.990000,-0.018528
2025-05-01T14:14:47,-0.008209
2025-05-01T14:14:47.010000,-0.004844
2025-05-01T14:14:47.020000,-0.011019
2025-05-01T14:14:47.030000,0.002002
2025-05-01T14:14:47.040000,-0.016644
2025-05-01T14:14:47.050000,-0.000725
2025-05-01T14:14:47.060000,-0.026271
2025-05-01T14:14:47.070000,-0.008489
2025-05-01T14:14:47.080000,-0.009260
2025-05-01T14:14:47.090000,0.008921
2025-05-01T14:14:47.100000,-0.011822
2025-05-01T14:14:47.110000,-0.009848
2025-05-01T14:14:47.120000,0.018021
2025-05-01T14:14:47.130000,-0.015244
2025-05-01T14:14:47.140000,-0.004598
2025-05-01T14:14:47.150000,0.004313
2025-05-01T14:14:47.160000,0.004892
2025-05-01T14:14:47.170000,-0.021698
2025-05-01T14:14:47.180000,0.003132
2025-05-01T14:14:47.190000,0.017922
2025-05-01T14:14:47.200000,0.002955
2025-05-01T14:14:47.210000,-0.001969
2025-05-01T14:14:47.220000,-0.001641
2025-05-01T14:14:47.230000,0.006040
2025-05-01T14:14:47.240000,-0.020848
2025-05-01T14:14:47.250000,0.022877
2025-05-01T14:14:47.260000,0.000282
2025-05-01T14:14:47.270000,-0.013112
2025-05-01T14:14:47.280000,0.003948
2025-05-01T14:14:47.290000,0.005618
2025-05-01T14:14:47.300000,-0.012780
2025-05-01T14:14:47.310000,-0.007832
2025-05-01T14:14:47.320000,-0.006642
2025-05-01T14:14:47.330000,0.002388
2025-05-01T14:14:47.340000,-0.008098
2025-05-01T14:14:47.350000,0.019062
2025-05-01T14:14:47.360000,-0.000904
2025-05-01T14:14:47.370000,0.010931
2025-05-01T14:14:47.380000,-0.002918
2025-05-01T14:14:47.390000,0.002823
2025-05-01T14:14:47.400000,-0.001657
2025-05-01T14:14:47.410000,0.008731
2025-05-01T14:14:47.420000,0.006251
2025-05-01T14:14:47.430000,-0.000358
2025-05-01T14:14:47.440000,0.003824
2025-05-01T14:14:47.450000,-0.017138
2025-05-01T14:14:47.460000,-0.001461
2025-05-01T14:14:47.470000,0.004619
2025-05-01T14:14:47.480000,-0.002947
2025-05-01T14:14:47.490000,0.016495
2025-05-01T14:14:47.500000,0.007909
2025-05-01T14:14:47.510000,-0.002746
2025-05-01T14:14:47.520000,0.012520
2025-05-01T14:14:47.530000,0.000177
2025-05-01T14:14:47.540000,0.005461
2025-05-01T14:14:47.550000,0.015490
2025-05-01T14:14:47.560000,-0.001365
2025-05-01T14:14:47.570000,-0.008562
2025-05-01T14:14:47.580000,-0.018332
2025-05-01T14:14:47.590000,0.005747
2025-05-01T14:14:47.600000,0.001811
2025-05-01T14:14:47.610000,0.001096
2025-05-01T14:14:47.620000,-0.009815
2025-05-01T14:14:47.630000,0.005502
2025-05-01T14:14:47.640000,-0.010105
2025-05-01T14:14:47.650000,-0.029596
2025-05-01T14:14:47.660000,0.005343
2025-05-01T14:14:47.670000,0.000149
2025-05-01T14:14:47.680000,0.006943
2025-05-01T14:14:47.690000,0.006533
2025-05-01T14:14:47.700000,0.011250
2025-05-01T14:14:47.710000,-0.006086
2025-05-01T14:14:47.720000,0.001639
2025-05-01T14:14:47.730000,-0.015389
2025-05-01T14:14:47.740000,0.004578
2025-05-01T14:14:47.750000,0.005959
2025-05-01T14:14:47.760000,0.008834
2025-05-01T14:14:47.770000,-0.002316
2025-05-01T14:14:47.780000,-0.009101
2025-05-01T14:14:47.790000,0.004864
2025-05-01T14:14:47.800000,-0.007921
2025-05-01T14:14:47.810000,-0.023905
2025-05-01T14:14:47.820000,0.008647
2025-05-01T14:14:47.830000,0.012144
2025-05-01T14:14:47.840000,-0.003044
2025-05-01T14:14:47.850000,0.001433
2025-05-01T14:14:47.860000,0.027802
2025-05-01T14:14:47.870000,-0.003239
2025-05-01T14:14:47.880000,0.021511
2025-05-01T14:14:47.890000,-0.011916
2025-05-01T14:14:47.900000,-0.001910
2025-05-01T14:14:47.910000,-0.014708
2025-05-01T14:14:47.920000,-0.008146
2025-05-01T14:14:47.930000,-0.002481
2025-05-01T14:14:47.940000,0.012010
2025-05-01T14:14:47.950000,-0.002374
2025-05-01T14:14:47.960000,0.003927
2025-05-01T14:14:47.970000,-0.013909
2025-05-01T14:14:47.980000,0.005524
2025-05-01T14:14:47.990000,0.004762
2025-05-01T14:14:48,0.009665
2025-05-01T14:14:48.010000,-0.000111
2025-05-01T14:14:48.020000,-0.003643
2025-05-01T14:14:48.030000,-0.006824
2025-05-01T14:14:48.040000,-0.012928
2025-05-01T14:14:48.050000,-0.003698
2025-05-01T14:14:48.060000,0.007079
2025-05-01T14:14:48.070000,-0.007161
2025-05-01T14:14:48.080000,0.002327
2025-05-01T14:14:48.090000,-0.001327
2025-05-01T14:14:48.100000,-0.009191
2025-05-01T14:14:48.110000,0.017854
2025-05-01T14:14:48.120000,-0.002472
2025-05-01T14:14:48.130000,0.007377
2025-05-01T14:14:48.140000,-0.009244
2025-05-01T14:14:48.150000,-0.006494
2025-05-01T14:14:48.160000,-0.000854
2025-05-01T14:14:48.170000,-0.007082
2025-05-01T14:14:48.180000,0.008748
2025-05-01T14:14:48.190000,0.015695
2025-05-01T14:14:48.200000,0.002408
2025-05-01T14:14:48.210000,-0.017584
2025-05-01T14:14:48.220000,0.012795
2025-05-01T14:14:48.230000,-0.021123
2025-05-01T14:14:48.240000,-0.000159
2025-05-01T14:14:48.250000,-0.007954
2025-05-01T14:14:48.260000,0.005186
2025-05-01T14:14:48.270000,-0.013296
2025-05-01T14:14:48.280000,0.000743
2025-05-01T14:14:48.290000,-0.016370
2025-05-01T14:14:48.300000,0.004298
2025-05-01T14:14:48.310000,-0.008954
2025-05-01T14:14:48.320000,0.006162
2025-05-01T14:14:48.330000,-0.004700
2025-05-01T14:14:48.340000,0.028027
2025-05-01T14:14:48.350000,0.007389
2025-05-01T14:14:48.360000,-0.007282
2025-05-01T14:14:48.370000,0.007007
2025-05-01T14:14:48.380000,-0.003760
2025-05-01T14:14:48.390000,-0.009971
2025-05-01T14:14:48.400000,0.004458
2025-05-01T14:14:48.410000,-0.024149
2025-05-01T14:14:48.420000,-0.000227
2025-05-01T14:14:48.430000,-0.000230
2025-05-01T14:14:48.440000,-0.008313
2025-05-01T14:14:48.450000,-0.010384
2025-05-01T14:14:48.460000,0.003208
2025-05-01T14:14:48.470000,-0.004741
2025-05-01T14:14:48.480000,0.001234
2025-05-01T14:14:48.490000,0.005396
2025-05-01T14:14:48.500000,-0.002959
2025-05-01T14:14:48.510000,0.002939
2025-05-01T14:14:48.520000,0.004841
2025-05-01T14:14:48.530000,0.005098
2025-05-01T14:14:48.540000,0.014071
2025-05-01T14:14:48.550000,-0.006588
2025-05-01T14:14:48.560000,-0.017558
2025-05-01T14:14:48.570000,-0.010108
2025-05-01T14:14:48.580000,-0.016899
2025-05-01T14:14:48.590000,-0.016871
2025-05-01T14:14:48.600000,-0.018076
2025-05-01T14:14:48.610000,-0.001191
2025-05-01T14:14:48.620000,-0.025151
2025-05-01T14:14:48.630000,-0.002379
2025-05-01T14:14:48.640000,-0.010877
2025-05-01T14:14:48.650000,-0.003907
2025-05-01T14:14:48.660000,0.012663
2025-05-01T14:14:48.670000,0.007633
2025-05-01T14:14:48.680000,-0.012697
2025-05-01T14:14:48.690000,0.000324
2025-05-01T14:14:48.700000,-0.001107
2025-05-01T14:14:48.710000,0.001501
2025-05-01T14:14:48.720000,0.004603
2025-05-01T14:14:48.730000,-0.018080
2025-05-01T14:14:48.740000,0.008243
2025-05-01T14:14:48.750000,-0.004585
2025-05-01T14:14:48.760000,0.004313
2025-05-01T14:14:48.770000,-0.006852
2025-05-01T14:14:48.780000,-0.001258
2025-05-01T14:14:48.790000,-0.009974
2025-05-01T14:14:48.800000,-0.018872
2025-05-01T14:14:48.810000,-0.008288
2025-05-01T14:14:48.820000,0.001713
2025-05-01T14:14:48.830000,0.014085
2025-05-01T14:14:48.840000,0.004652
2025-05-01T14:14:48.850000,-0.008192
2025-05-01T14:14:48.860000,0.013680
2025-05-01T14:14:48.870000,-0.016861
2025-05-01T14:14:48.880000,-0.013962
2025-05-01T14:14:48.890000,0.001498
2025-05-01T14:14:48.900000,-0.009399
2025-05-01T14:14:48.910000,-0.007560
2025-05-01T14:14:48.920000,0.000575
2025-05-01T14:14:48.930000,0.007644
2025-05-01T14:14:48.940000,-0.011728
2025-05-01T14:14:48.950000,-0.018097
2025-05-01T14:14:48.960000,0.002775
2025-05-01T14:14:48.970000,0.005074
2025-05-01T14:14:48.980000,-0.006639
2025-05-01T14:14:48.990000,0.015995
2025-05-01T14:14:49,-0.003426
2025-05-01T14:14:49.010000,0.013760
2025-05-01T14:14:49.020000,-0.017248
2025-05-01T14:14:49.030000,-0.007514
2025-05-01T14:14:49.040000,-0.000389
2025-05-01T14:14:49.050000,0.003778
2025-05-01T14:14:49.060000,-0.007083
2025-05-01T14:14:49.070000,0.006825
2025-05-01T14:14:49.080000,0.007466
2025-05-01T14:14:49.090000,0.000553
2025-05-01T14:14:49.100000,0.007208
2025-05-01T14:14:49.110000,0.001818
2025-05-01T14:14:49.120000,0.012706
2025-05-01T14:14:49.130000,0.000497
2025-05-01T14:14:49.140000,0.003819
2025-05-01T14:14:49.150000,-0.005501
2025-05-01T14:14:49.160000,-0.000308
2025-05-01T14:14:49.170000,-0.008357
2025-05-01T14:14:49.180000,0.002097
2025-05-01T14:14:49.190000,0.006137
2025-05-01T14:14:49.200000,-0.012834
2025-05-01T14:14:49.210000,-0.010410
2025-05-01T14:14:49.220000,-0.010469
2025-05-01T14:14:49.230000,-0.009331
2025-05-01T14:14:49.240000,-0.012810
2025-05-01T14:14:49.250000,0.003474
2025-05-01T14:14:49.260000,-0.007024
2025-05-01T14:14:49.270000,-0.001753
2025-05-01T14:14:49.280000,-0.000136
2025-05-01T14:14:49.290000,0.000089
2025-05-01T14:14:49.300000,-0.003669
2025-05-01T14:14:49.310000,0.015403
2025-05-01T14:14:49.320000,-0.004253
2025-05-01T14:14:49.330000,0.001139
2025-05-01T14:14:49.340000,-0.004020
2025-05-01T14:14:49.350000,0.000119
2025-05-01T14:14:49.360000,-0.002846
2025-05-01T14:14:49.370000,0.001275
2025-05-01T14:14:49.380000,0.001286
2025-05-01T14:14:49.390000,0.000175
2025-05-01T14:14:49.400000,-0.021729
2025-05-01T14:14:49.410000,0.004238
2025-05-01T14:14:49.420000,-0.005000
2025-05-01T14:14:49.430000,0.004987
2025-05-01T14:14:49.440000,0.004200
2025-05-01T14:14:49.450000,0.006556
2025-05-01T14:14:49.460000,0.003372
2025-05-01T14:14:49.470000,-0.005148
2025-05-01T14:14:49.480000,-0.003653
2025-05-01T14:14:49.490000,0.013607
2025-05-01T14:14:49.500000,-0.009477
2025-05-01T14:14:49.510000,-0.002999
2025-05-01T14:14:49.520000,0.010766
2025-05-01T14:14:49.530000,0.007916
2025-05-01T14:14:49.540000,-0.017667
2025-05-01T14:14:49.550000,0.004920
2025-05-01T14:14:49.560000,-0.014898
2025-05-01T14:14:49.570000,-0.000473
2025-05-01T14:14:49.580000,-0.002592
2025-05-01T14:14:49.590000,-0.001666
2025-05-01T14:14:49.600000,-0.003639
2025-05-01T14:14:49.610000,0.010411
2025-05-01T14:14:49.620000,0.009467
2025-05-01T14:14:49.630000,-0.007481
2025-05-01T14:14:49.640000,-0.013965
2025-05-01T14:14:49.650000,0.012750
2025-05-01T14:14:49.660000,-0.002953
2025-05-01T14:14:49.670000,0.004865
2025-05-01T14:14:49.680000,0.003745
2025-05-01T14:14:49.690000,0.018482
2025-05-01T14:14:49.700000,-0.009397
2025-05-01T14:14:49.710000,-0.006357
2025-05-01T14:14:49.720000,0.002341
2025-05-01T14:14:49.730000,0.003634
2025-05-01T14:14:49.740000,0.004597
2025-05-01T14:14:49.750000,0.001408
2025-05-01T14:14:49.760000,0.007136
2025-05-01T14:14:49.770000,0.003191
2025-05-01T14:14:49.780000,0.003230
2025-05-01T14:14:49.790000,0.006142
2025-05-01T14:14:49.800000,0.001370
2025-05-01T14:14:49.810000,0.000980
2025-05-01T14:14:49.820000,-0.005660
2025-05-01T14:14:49.830000,0.007564
2025-05-01T14:14:49.840000,-0.001613
2025-05-01T14:14:49.850000,0.008187
2025-05-01T14:14:49.860000,-0.003319
2025-05-01T14:14:49.870000,0.000237
2025-05-01T14:14:49.880000,-0.015375
2025-05-01T14:14:49.890000,0.012635
2025-05-01T14:14:49.900000,0.012161
2025-05-01T14:14:49.910000,0.000030
2025-05-01T14:14:49.920000,-0.016207
2025-05-01T14:14:49.930000,-0.003210
2025-05-01T14:14:49.940000,-0.001243
2025-05-01T14:14:49.950000,-0.002102
2025-05-01T14:14:49.960000,-0.013351
2025-05-01T14:14:49.970000,-0.007378
2025-05-01T14:14:49.980000,0.005191
2025-05-01T14:14:49.990000,-0.009863
2025-05-01T14:14:50,-0.001093
2025-05-01T14:14:50.010000,-0.007615
2025-05-01T14:14:50.020000,0.007283
2025-05-01T14:14:50.030000,-0.012479
2025-05-01T14:14:50.040000,-0.015652
2025-05-01T14:14:50.050000,-0.022151
2025-05-01T14:14:50.060000,-0.001791
2025-05-01T14:14:50.070000,0.007094
2025-05-01T14:14:50.080000,0.004602
2025-05-01T14:14:50.090000,0.003090
2025-05-01T14:14:50.100000,0.003047
2025-05-01T14:14:50.110000,-0.005493
2025-05-01T14:14:50.120000,0.012528
2025-05-01T14:14:50.130000,-0.005999
2025-05-01T14:14:50.140000,-0.016098
2025-05-01T14:14:50.150000,-0.005822
2025-05-01T14:14:50.160000,-0.005630
2025-05-01T14:14:50.170000,0.005703
2025-05-01T14:14:50.180000,-0.023178
2025-05-01T14:14:50.190000,0.011733
2025-05-01T14:14:50.200000,-0.009552
2025-05-01T14:14:50.210000,0.008031
2025-05-01T14:14:50.220000,0.018128
2025-05-01T14:14:50.230000,0.006210
2025-05-01T14:14:50.240000,0.012684
2025-05-01T14:14:50.250000,0.005678
2025-05-01T14:14:50.260000,0.019403
2025-05-01T14:14:50.270000,0.009603
2025-05-01T14:14:50.280000,-0.019308
2025-05-01T14:14:50.290000,-0.001535
2025-05-01T14:14:50.300000,-0.004128
2025-05-01T14:14:50.310000,-0.007206
2025-05-01T14:14:50.320000,-0.007726
2025-05-01T14:14:50.330000,-0.015331
2025-05-01T14:14:50.340000,-0.005606
2025-05-01T14:14:50.350000,0.013363
2025-05-01T14:14:50.360000,-0.005309
2025-05-01T14:14:50.370000,-0.006806
2025-05-01T14:14:50.380000,-0.003781
2025-05-01T14:14:50.390000,-0.010436
2025-05-01T14:14:50.400000,0.006258
2025-05-01T14:14:50.410000,0.006873
2025-05-01T14:14:50.420000,-0.005562
2025-05-01T14:14:50.430000,0.014584
2025-05-01T14:14:50.440000,-0.016950
2025-05-01T14:14:50.450000,0.010176
2025-05-01T14:14:50.460000,-0.012100
2025-05-01T14:14:50.470000,0.007138
2025-05-01T14:14:50.480000,-0.004907
2025-05-01T14:14:50.490000,-0.020037
2025-05-01T14:14:50.500000,0.005074
2025-05-01T14:14:50.510000,-0.005367
2025-05-01T14:14:50.520000,-0.008655
2025-05-01T14:14:50.530000,-0.014329
2025-05-01T14:14:50.540000,0.004608
2025-05-01T14:14:50.550000,-0.008764
2025-05-01T14:14:50.560000,0.001697
2025-05-01T14:14:50.570000,0.010292
2025-05-01T14:14:50.580000,-0.003936
2025-05-01T14:14:50.590000,-0.005818
2025-05-01T14:14:50.600000,0.003547
2025-05-01T14:14:50.610000,0.015230
2025-05-01T14:14:50.620000,0.011873
2025-05-01T14:14:50.630000,0.007295
2025-05-01T14:14:50.640000,0.004502
2025-05-01T14:14:50.650000,-0.001615
2025-05-01T14:14:50.660000,0.014184
2025-05-01T14:14:50.670000,0.007633
2025-05-01T14:14:50.680000,-0.002891
2025-05-01T14:14:50.690000,0.007020
2025-05-01T14:14:50.700000,-0.002877
2025-05-01T14:14:50.710000,0.000532
2025-05-01T14:14:50.720000,0.006108
2025-05-01T14:14:50.730000,-0.003531
2025-05-01T14:14:50.740000,0.009775
2025-05-01T14:14:50.750000,-0.007676
2025-05-01T14:14:50.760000,-0.002475
2025-05-01T14:14:50.770000,0.008816
2025-05-01T14:14:50.780000,0.005098
2025-05-01T14:14:50.790000,0.002651
2025-05-01T14:14:50.800000,-0.003968
2025-05-01T14:14:50.810000,0.014390
2025-05-01T14:14:50.820000,-0.013068
2025-05-01T14:14:50.830000,-0.001429
2025-05-01T14:14:50.840000,-0.000239
2025-05-01T14:14:50.850000,0.006920
2025-05-01T14:14:50.860000,0.001497
2025-05-01T14:14:50.870000,0.019191
2025-05-01T14:14:50.880000,-0.008490
2025-05-01T14:14:50.890000,0.005733
2025-05-01T14:14:50.900000,-0.009872
2025-05-01T14:14:50.910000,0.002139
2025-05-01T14:14:50.920000,-0.001011
2025-05-01T14:14:50.930000,-0.012480
2025-05-01T14:14:50.940000,0.004645
2025-05-01T14:14:50.950000,-0.010734
2025-05-01T14:14:50.960000,-0.004390
2025-05-01T14:14:50.970000,0.016069
2025-05-01T14:14:50.980000,0.000631
2025-05-01T14:14:50.990000,-0.008180
2025-05-01T14:14:51,-0.013341
2025-05-01T14:14:51.010000,0.002130
2025-05-01T14:14:51.020000,-0.000543
2025-05-01T14:14:51.030000,0.003823
2025-05-01T14:14:51.040000,0.000924
2025-05-01T14:14:51.050000,0.011161
2025-05-01T14:14:51.060000,-0.000639
2025-05-01T14:14:51.070000,-0.010698
2025-05-01T14:14:51.080000,0.004957
2025-05-01T14:14:51.090000,-0.005850
2025-05-01T14:14:51.100000,0.016608
2025-05-01T14:14:51.110000,0.006947
2025-05-01T14:14:51.120000,0.004955
2025-05-01T14:14:51.130000,-0.014854
2025-05-01T14:14:51.140000,0.008442
2025-05-01T14:14:51.150000,-0.007774
2025-05-01T14:14:51.160000,-0.020004
2025-05-01T14:14:51.170000,-0.000585
2025-05-01T14:14:51.180000,0.017504
2025-05-01T14:14:51.190000,0.010646
2025-05-01T14:14:51.200000,-0.012407
2025-05-01T14:14:51.210000,0.013768
2025-05-01T14:14:51.220000,0.000697
2025-05-01T14:14:51.230000,-0.003528
2025-05-01T14:14:51.240000,-0.006718
2025-05-01T14:14:51.250000,0.003969
2025-05-01T14:14:51.260000,-0.015528
2025-05-01T14:14:51.270000,0.007014
2025-05-01T14:14:51.280000,-0.007366
2025-05-01T14:14:51.290000,-0.009163
2025-05-01T14:14:51.300000,-0.002466
2025-05-01T14:14:51.310000,0.000209
2025-05-01T14:14:51.320000,0.000157
2025-05-01T14:14:51.330000,-0.004734
2025-05-01T14:14:51.340000,0.003682
2025-05-01T14:14:51.350000,0.010401
2025-05-01T14:14:51.360000,-0.006742
2025-05-01T14:14:51.370000,0.008848
2025-05-01T14:14:51.380000,0.017576
2025-05-01T14:14:51.390000,0.004992
2025-05-01T14:14:51.400000,0.012708
2025-05-01T14:14:51.410000,0.008321
2025-05-01T14:14:51.420000,0.004952
2025-05-01T14:14:51.430000,-0.000270
2025-05-01T14:14:51.440000,-0.000408
2025-05-01T14:14:51.450000,0.012225
2025-05-01T14:14:51.460000,-0.003603
2025-05-01T14:14:51.470000,0.000504
2025-05-01T14:14:51.480000,0.000577
2025-05-01T14:14:51.490000,-0.004100
2025-05-01T14:14:51.500000,0.000666
2025-05-01T14:14:51.510000,-0.011794
2025-05-01T14:14:51.520000,0.011283
2025-05-01T14:14:51.530000,0.016846
2025-05-01T14:14:51.540000,-0.020799
2025-05-01T14:14:51.550000,0.001076
2025-05-01T14:14:51.560000,-0.006250
2025-05-01T14:14:51.570000,0.005305
2025-05-01T14:14:51.580000,0.007196
2025-05-01T14:14:51.590000,-0.014147
2025-05-01T14:14:51.600000,-0.015062
2025-05-01T14:14:51.610000,0.010919
2025-05-01T14:14:51.620000,0.002679
2025-05-01T14:14:51.630000,0.001596
2025-05-01T14:14:51.640000,-0.001134
2025-05-01T14:14:51.650000,0.002106
2025-05-01T14:14:51.660000,-0.006517
2025-05-01T14:14:51.670000,0.019749
2025-05-01T14:14:51.680000,0.005766
2025-05-01T14:14:51.690000,-0.005334
2025-05-01T14:14:51.700000,0.019759
2025-05-01T14:14:51.710000,-0.011739
2025-05-01T14:14:51.720000,-0.001563
2025-05-01T14:14:51.730000,0.004899
2025-05-01T14:14:51.740000,-0.010384
2025-05-01T14:14:51.750000,-0.002534
2025-05-01T14:14:51.760000,0.021361
2025-05-01T14:14:51.770000,-0.014332
2025-05-01T14:14:51.780000,-0.003305
2025-05-01T14:14:51.790000,-0.000614
2025-05-01T14:14:51.800000,0.015952
2025-05-01T14:14:51.810000,-0.000945
2025-05-01T14:14:51.820000,0.018217
2025-05-01T14:14:51.830000,0.010078
2025-05-01T14:14:51.840000,0.008157
2025-05-01T14:14:51.850000,-0.003603
2025-05-01T14:14:51.860000,0.004853
2025-05-01T14:14:51.870000,0.029925
2025-05-01T14:14:51.880000,-0.013038
2025-05-01T14:14:51.890000,-0.007319
2025-05-01T14:14:51.900000,0.014869
2025-05-01T14:14:51.910000,-0.005420
2025-05-01T14:14:51.920000,-0.013779
2025-05-01T14:14:51.930000,-0.010814
2025-05-01T14:14:51.940000,-0.003075
2025-05-01T14:14:51.950000,-0.017718
2025-05-01T14:14:51.960000,0.006854
2025-05-01T14:14:51.970000,0.009251
2025-05-01T14:14:51.980000,0.004100
2025-05-01T14:14:51.990000,-0.020350
2025-05-01T14:14:52,0.028934
2025-05-01T14:14:52.010000,0.011465
2025-05-01T14:14:52.020000,-0.012366
2025-05-01T14:14:52.030000,-0.022697
2025-05-01T14:14:52.040000,0.014050
2025-05-01T14:14:52.050000,-0.002834
2025-05-01T14:14:52.060000,0.009917
2025-05-01T14:14:52.070000,-0.024107
2025-05-01T14:14:52.080000,-0.009835
2025-05-01T14:14:52.090000,-0.018466
2025-05-01T14:14:52.100000,-0.009232
2025-05-01T14:14:52.110000,-0.005262
2025-05-01T14:14:52.120000,-0.023381
2025-05-01T14:14:52.130000,0.010629
2025-05-01T14:14:52.140000,-0.028964
2025-05-01T14:14:52.150000,0.002440
2025-05-01T14:14:52.160000,-0.005491
2025-05-01T14:14:52.170000,0.010862
2025-05-01T14:14:52.180000,0.001722
2025-05-01T14:14:52.190000,0.005927
2025-05-01T14:14:52.200000,-0.018542
2025-05-01T14:14:52.210000,-0.000642
2025-05-01T14:14:52.220000,0.012614
2025-05-01T14:14:52.230000,-0.005982
2025-05-01T14:14:52.240000,0.012218
2025-05-01T14:14:52.250000,0.005808
2025-05-01T14:14:52.260000,-0.015941
2025-05-01T14:14:52.270000,-0.008833
2025-05-01T14:14:52.280000,0.001025
2025-05-01T14:14:52.290000,0.007969
2025-05-01T14:14:52.300000,0.009719
2025-05-01T14:14:52.310000,0.007417
2025-05-01T14:14:52.320000,0.010343
2025-05-01T14:14:52.330000,-0.000984
2025-05-01T14:14:52.340000,-0.008975
2025-05-01T14:14:52.350000,0.012900
2025-05-01T14:14:52.360000,0.006086
2025-05-01T14:14:52.370000,0.006046
2025-05-01T14:14:52.380000,-0.003803
2025-05-01T14:14:52.390000,-0.013923
2025-05-01T14:14:52.400000,-0.009380
2025-05-01T14:14:52.410000,-0.001205
2025-05-01T14:14:52.420000,0.011299
2025-05-01T14:14:52.430000,0.002900
2025-05-01T14:14:52.440000,-0.004091
2025-05-01T14:14:52.450000,0.010024
2025-05-01T14:14:52.460000,0.005630
2025-05-01T14:14:52.470000,0.007275
2025-05-01T14:14:52.480000,-0.005708
2025-05-01T14:14:52.490000,-0.007966
2025-05-01T14:14:52.500000,-0.017746
2025-05-01T14:14:52.510000,-0.001024
2025-05-01T14:14:52.520000,-0.004989
2025-05-01T14:14:52.530000,0.004379
2025-05-01T14:14:52.540000,-0.001516
2025-05-01T14:14:52.550000,-0.004027
2025-05-01T14:14:52.560000,-0.003864
2025-05-01T14:14:52.570000,-0.001982
2025-05-01T14:14:52.580000,-0.001767
2025-05-01T14:14:52.590000,0.009398
2025-05-01T14:14:52.600000,-0.003572
2025-05-01T14:14:52.610000,-0.014645
2025-05-01T14:14:52.620000,-0.009600
2025-05-01T14:14:52.630000,-0.008646
2025-05-01T14:14:52.640000,0.003976
2025-05-01T14:14:52.650000,-0.006952
2025-05-01T14:14:52.660000,0.008866
2025-05-01T14:14:52.670000,-0.000460
2025-05-01T14:14:52.680000,-0.000205
2025-05-01T14:14:52.690000,0.003576
2025-05-01T14:14:52.700000,-0.003384
2025-05-01T14:14:52.710000,0.003193
2025-05-01T14:14:52.720000,-0.007627
2025-05-01T14:14:52.730000,0.010790
2025-05-01T14:14:52.740000,0.015812
2025-05-01T14:14:52.750000,0.011851
2025-05-01T14:14:52.760000,0.002185
2025-05-01T14:14:52.770000,0.003486
2025-05-01T14:14:52.780000,-0.003845
2025-05-01T14:14:52.790000,-0.009818
2025-05-01T14:14:52.800000,-0.008714
2025-05-01T14:14:52.810000,0.008729
2025-05-01T14:14:52.820000,-0.006082
2025-05-01T14:14:52.830000,-0.000930
2025-05-01T14:14:52.840000,0.004139
2025-05-01T14:14:52.850000,0.006184
2025-05-01T14:14:52.860000,0.027098
2025-05-01T14:14:52.870000,0.009322
2025-05-01T14:14:52.880000,-0.002958
2025-05-01T14:14:52.890000,0.014819
2025-05-01T14:14:52.900000,-0.011336
2025-05-01T14:14:52.910000,-0.015051
2025-05-01T14:14:52.920000,-0.005916
2025-05-01T14:14:52.930000,0.004244
2025-05-01T14:14:52.940000,-0.003883
2025-05-01T14:14:52.950000,0.003617
2025-05-01T14:14:52.960000,-0.002001
2025-05-01T14:14:52.970000,0.000580
2025-05-01T14:14:52.980000,0.006861
2025-05-01T14:14:52.990000,-0.017576
2025-05-01T14:14:53,-0.004014
2025-05-01T14:14:53.010000,-0.009420
2025-05-01T14:14:53.020000,-0.014972
2025-05-01T14:14:53.030000,-0.011562
2025-05-01T14:14:53.040000,-0.005654
2025-05-01T14:14:53.050000,-0.000579
2025-05-01T14:14:53.060000,0.001941
2025-05-01T14:14:53.070000,0.008763
2025-05-01T14:14:53.080000,-0.007461
2025-05-01T14:14:53.090000,0.007244
2025-05-01T14:14:53.100000,-0.000620
2025-05-01T14:14:53.110000,0.002229
2025-05-01T14:14:53.120000,-0.005172
2025-05-01T14:14:53.130000,-0.012225
2025-05-01T14:14:53.140000,0.003183
2025-05-01T14:14:53.150000,-0.001882
2025-05-01T14:14:53.160000,-0.003866
2025-05-01T14:14:53.170000,0.011687
2025-05-01T14:14:53.180000,-0.004454
2025-05-01T14:14:53.190000,-0.006150
2025-05-01T14:14:53.200000,0.004399
2025-05-01T14:14:53.210000,0.005138
2025-05-01T14:14:53.220000,-0.003311
2025-05-01T14:14:53.230000,-0.005510
2025-05-01T14:14:53.240000,0.012493
2025-05-01T14:14:53.250000,0.000231
2025-05-01T14:14:53.260000,0.000211
2025-05-01T14:14:53.270000,0.005788
2025-05-01T14:14:53.280000,-0.007285
2025-05-01T14:14:53.290000,-0.009233
2025-05-01T14:14:53.300000,-0.002909
2025-05-01T14:14:53.310000,0.000449
2025-05-01T14:14:53.320000,-0.010620
2025-05-01T14:14:53.330000,0.010676
2025-05-01T14:14:53.340000,-0.002786
2025-05-01T14:14:53.350000,-0.000095
2025-05-01T14:14:53.360000,0.003435
2025-05-01T14:14:53.370000,-0.009032
2025-05-01T14:14:53.380000,0.008308
2025-05-01T14:14:53.390000,-0.004922
2025-05-01T14:14:53.400000,-0.018666
2025-05-01T14:14:53.410000,0.008942
2025-05-01T14:14:53.420000,0.005509
2025-05-01T14:14:53.430000,-0.020326
2025-05-01T14:14:53.440000,-0.018983
2025-05-01T14:14:53.450000,-0.005729
2025-05-01T14:14:53.460000,0.004223
2025-05-01T14:14:53.470000,0.002830
2025-05-01T14:14:53.480000,-0.007001
2025-05-01T14:14:53.490000,0.007922
2025-05-01T14:14:53.500000,-0.002322
2025-05-01T14:14:53.510000,0.004353
2025-05-01T14:14:53.520000,-0.002485
2025-05-01T14:14:53.530000,0.002951
2025-05-01T14:14:53.540000,0.014450
2025-05-01T14:14:53.550000,0.008098
2025-05-01T14:14:53.560000,-0.005336
2025-05-01T14:14:53.570000,0.010849
2025-05-01T14:14:53.580000,0.008671
2025-05-01T14:14:53.590000,0.000095
2025-05-01T14:14:53.600000,-0.005811
2025-05-01T14:14:53.610000,-0.004209
2025-05-01T14:14:53.620000,0.001048
2025-05-01T14:14:53.630000,-0.007762
2025-05-01T14:14:53.640000,-0.013916
2025-05-01T14:14:53.650000,0.004058
2025-05-01T14:14:53.660000,-0.002306
2025-05-01T14:14:53.670000,0.006596
2025-05-01T14:14:53.680000,-0.000664
2025-05-01T14:14:53.690000,-0.001925
2025-05-01T14:14:53.700000,-0.010123
2025-05-01T14:14:53.710000,-0.012458
2025-05-01T14:14:53.720000,0.012176
2025-05-01T14:14:53.730000,-0.006419
2025-05-01T14:14:53.740000,0.015598
2025-05-01T14:14:53.750000,-0.005513
2025-05-01T14:14:53.760000,0.016687
2025-05-01T14:14:53.770000,-0.006501
2025-05-01T14:14:53.780000,-0.000541
2025-05-01T14:14:53.790000,-0.000259
2025-05-01T14:14:53.800000,0.010328
2025-05-01T14:14:53.810000,-0.006010
2025-05-01T14:14:53.820000,-0.006452
2025-05-01T14:14:53.830000,0.000460
2025-05-01T14:14:53.840000,-0.013820
2025-05-01T14:14:53.850000,-0.015403
2025-05-01T14:14:53.860000,0.004899
2025-05-01T14:14:53.870000,0.005695
2025-05-01T14:14:53.880000,-0.003704
2025-05-01T14:14:53.890000,-0.005865
2025-05-01T14:14:53.900000,-0.003406
2025-05-01T14:14:53.910000,-0.017367
2025-05-01T14:14:53.920000,0.014747
2025-05-01T14:14:53.930000,-0.003924
2025-05-01T14:14:53.940000,-0.007149
2025-05-01T14:14:53.950000,-0.003434
2025-05-01T14:14:53.960000,-0.006578
2025-05-01T14:14:53.970000,-0.001822
2025-05-01T14:14:53.980000,0.010466
2025-05-01T14:14:53.990000,-0.005990
2025-05-01T14:14:54,-0.013499
2025-05-01T14:14:54.010000,0.009463
2025-05-01T14:14:54.020000,-0.010913
2025-05-01T14:14:54.030000,0.017126
2025-05-01T14:14:54.040000,-0.003640
2025-05-01T14:14:54.050000,-0.019582
2025-05-01T14:14:54.060000,0.012923
2025-05-01T14:14:54.070000,-0.009619
2025-05-01T14:14:54.080000,0.014823
2025-05-01T14:14:54.090000,-0.000001
2025-05-01T14:14:54.100000,0.001169
2025-05-01T14:14:54.110000,-0.009783
2025-05-01T14:14:54.120000,0.003535
2025-05-01T14:14:54.130000,0.009188
2025-05-01T14:14:54.140000,-0.006822
2025-05-01T14:14:54.150000,-0.000989
2025-05-01T14:14:54.160000,0.010777
2025-05-01T14:14:54.170000,0.001048
2025-05-01T14:14:54.180000,0.001012
2025-05-01T14:14:54.190000,0.023655
2025-05-01T14:14:54.200000,0.006743
2025-05-01T14:14:54.210000,0.000193
2025-05-01T14:14:54.220000,0.007232
2025-05-01T14:14:54.230000,-0.012644
2025-05-01T14:14:54.240000,0.012837
2025-05-01T14:14:54.250000,-0.002197
2025-05-01T14:14:54.260000,-0.008311
2025-05-01T14:14:54.270000,0.025430
2025-05-01T14:14:54.280000,-0.003182
2025-05-01T14:14:54.290000,0.009928
2025-05-01T14:14:54.300000,0.006408
2025-05-01T14:14:54.310000,0.025629
2025-05-01T14:14:54.320000,-0.000707
2025-05-01T14:14:54.330000,0.014123
2025-05-01T14:14:54.340000,-0.006534
2025-05-01T14:14:54.350000,0.002779
2025-05-01T14:14:54.360000,0.015973
2025-05-01T14:14:54.370000,-0.016178
2025-05-01T14:14:54.380000,0.001253
2025-05-01T14:14:54.390000,0.001663
2025-05-01T14:14:54.400000,-0.001259
2025-05-01T14:14:54.410000,0.008371
2025-05-01T14:14:54.420000,-0.009964
2025-05-01T14:14:54.430000,0.000055
2025-05-01T14:14:54.440000,0.001411
2025-05-01T14:14:54.450000,-0.011535
2025-05-01T14:14:54.460000,0.008761
2025-05-01T14:14:54.470000,0.000937
2025-05-01T14:14:54.480000,0.002593
2025-05-01T14:14:54.490000,-0.004047
2025-05-01T14:14:54.500000,0.005820
2025-05-01T14:14:54.510000,-0.002694
2025-05-01T14:14:54.520000,-0.000585
2025-05-01T14:14:54.530000,-0.003317
2025-05-01T14:14:54.540000,0.001294
2025-05-01T14:14:54.550000,0.000356
2025-05-01T14:14:54.560000,0.016671
2025-05-01T14:14:54.570000,0.005426
2025-05-01T14:14:54.580000,-0.003408
2025-05-01T14:14:54.590000,0.014365
2025-05-01T14:14:54.600000,0.023527
2025-05-01T14:14:54.610000,0.012785
2025-05-01T14:14:54.620000,-0.008214
2025-05-01T14:14:54.630000,0.004416
2025-05-01T14:14:54.640000,0.015892
2025-05-01T14:14:54.650000,0.008628
2025-05-01T14:14:54.660000,-0.003751
2025-05-01T14:14:54.670000,0.009312
2025-05-01T14:14:54.680000,-0.002539
2025-05-01T14:14:54.690000,-0.001272
2025-05-01T14:14:54.700000,-0.006519
2025-05-01T14:14:54.710000,-0.012472
2025-05-01T14:14:54.720000,0.002804
2025-05-01T14:14:54.730000,0.015593
2025-05-01T14:14:54.740000,-0.002259
2025-05-01T14:14:54.750000,0.010297
2025-05-01T14:14:54.760000,0.005295
2025-05-01T14:14:54.770000,-0.005224
2025-05-01T14:14:54.780000,0.000726
2025-05-01T14:14:54.790000,0.007808
2025-05-01T14:14:54.800000,-0.005931
2025-05-01T14:14:54.810000,-0.017933
2025-05-01T14:14:54.820000,0.004393
2025-05-01T14:14:54.830000,0.005791
2025-05-01T14:14:54.840000,-0.003045
2025-05-01T14:14:54.850000,-0.002635
2025-05-01T14:14:54.860000,0.012974
2025-05-01T14:14:54.870000,0.011203
2025-05-01T14:14:54.880000,-0.003006
2025-05-01T14:14:54.890000,0.010351
2025-05-01T14:14:54.900000,-0.001262
2025-05-01T14:14:54.910000,-0.000456
2025-05-01T14:14:54.920000,-0.012983
2025-05-01T14:14:54.930000,-0.028130
2025-05-01T14:14:54.940000,-0.002757
2025-05-01T14:14:54.950000,0.011773
2025-05-01T14:14:54.960000,0.003239
2025-05-01T14:14:54.970000,-0.000135
2025-05-01T14:14:54.980000,-0.004444
2025-05-01T14:14:54.990000,-0.011345
2025-05-01T14:14:55,0.003383
2025-05-01T14:14:55.010000,-0.003302
2025-05-01T14:14:55.020000,0.005783
2025-05-01T14:14:55.030000,0.011266
2025-05-01T14:14:55.040000,0.005897
2025-05-01T14:14:55.050000,-0.011487
2025-05-01T14:14:55.060000,0.001676
2025-05-01T14:14:55.070000,-0.007577
2025-05-01T14:14:55.080000,0.014886
2025-05-01T14:14:55.090000,-0.020272
2025-05-01T14:14:55.100000,0.006428
2025-05-01T14:14:55.110000,0.001678
2025-05-01T14:14:55.120000,0.001819
2025-05-01T14:14:55.130000,-0.010175
2025-05-01T14:14:55.140000,0.015994
2025-05-01T14:14:55.150000,0.007367
2025-05-01T14:14:55.160000,-0.014933
2025-05-01T14:14:55.170000,0.003984
2025-05-01T14:14:55.180000,-0.012678
2025-05-01T14:14:55.190000,-0.002434
2025-05-01T14:14:55.200000,0.020316
2025-05-01T14:14:55.210000,-0.001770
2025-05-01T14:14:55.220000,-0.011296
2025-05-01T14:14:55.230000,-0.012621
2025-05-01T14:14:55.240000,-0.013077
2025-05-01T14:14:55.250000,-0.004968
2025-05-01T14:14:55.260000,0.010253
2025-05-01T14:14:55.270000,-0.013273
2025-05-01T14:14:55.280000,0.015458
2025-05-01T14:14:55.290000,0.008928
2025-05-01T14:14:55.300000,-0.008846
2025-05-01T14:14:55.310000,-0.006259
2025-05-01T14:14:55.320000,0.007901
2025-05-01T14:14:55.330000,-0.019462
2025-05-01T14:14:55.340000,0.000597
2025-05-01T14:14:55.350000,-0.006296
2025-05-01T14:14:55.360000,-0.001322
2025-05-01T14:14:55.370000,-0.010044
2025-05-01T14:14:55.380000,0.013187
2025-05-01T14:14:55.390000,0.010078
2025-05-01T14:14:55.400000,0.008620
2025-05-01T14:14:55.410000,-0.001026
2025-05-01T14:14:55.420000,-0.013194
2025-05-01T14:14:55.430000,0.014891
2025-05-01T14:14:55.440000,0.009777
2025-05-01T14:14:55.450000,-0.000715
2025-05-01T14:14:55.460000,0.019678
2025-05-01T14:14:55.470000,-0.007092
2025-05-01T14:14:55.480000,-0.004769
2025-05-01T14:14:55.490000,-0.001646
2025-05-01T14:14:55.500000,0.003447
2025-05-01T14:14:55.510000,0.016482
2025-05-01T14:14:55.520000,0.015365
2025-05-01T14:14:55.530000,0.011911
2025-05-01T14:14:55.540000,-0.011337
2025-05-01T14:14:55.550000,0.002712
2025-05-01T14:14:55.560000,-0.000063
2025-05-01T14:14:55.570000,-0.000803
2025-05-01T14:14:55.580000,-0.020537
2025-05-01T14:14:55.590000,0.006887
2025-05-01T14:14:55.600000,-0.000004
2025-05-01T14:14:55.610000,0.001494
2025-05-01T14:14:55.620000,0.013989
2025-05-01T14:14:55.630000,-0.000295
2025-05-01T14:14:55.640000,0.009056
2025-05-01T14:14:55.650000,0.006500
2025-05-01T14:14:55.660000,-0.010593
2025-05-01T14:14:55.670000,0.013849
2025-05-01T14:14:55.680000,0.020930
2025-05-01T14:14:55.690000,-0.004099
2025-05-01T14:14:55.700000,-0.001918
2025-05-01T14:14:55.710000,0.004384
2025-05-01T14:14:55.720000,-0.002956
2025-05-01T14:14:55.730000,0.006224
2025-05-01T14:14:55.740000,-0.001234
2025-05-01T14:14:55.750000,-0.011713
2025-05-01T14:14:55.760000,0.006909
2025-05-01T14:14:55.770000,0.009828
2025-05-01T14:14:55.780000,-0.004349
2025-05-01T14:14:55.790000,-0.006290
2025-05-01T14:14:55.800000,-0.011699
2025-05-01T14:14:55.810000,-0.007338
2025-05-01T14:14:55.820000,0.010583
2025-05-01T14:14:55.830000,0.011145
2025-05-01T14:14:55.840000,-0.004198
2025-05-01T14:14:55.850000,0.009965
2025-05-01T14:14:55.860000,-0.003918
2025-05-01T14:14:55.870000,-0.002570
2025-05-01T14:14:55.880000,0.011575
2025-05-01T14:14:55.890000,-0.011731
2025-05-01T14:14:55.900000,0.015176
2025-05-01T14:14:55.910000,0.000771
2025-05-01T14:14:55.920000,0.004662
2025-05-01T14:14:55.930000,0.001955
2025-05-01T14:14:55.940000,-0.001364
2025-05-01T14:14:55.950000,-0.007493
2025-05-01T14:14:55.960000,-0.006028
2025-05-01T14:14:55.970000,0.006684
2025-05-01T14:14:55.980000,-0.014812
2025-05-01T14:14:55.990000,-0.008587
2025-05-01T14:14:56,0.005008
2025-05-01T14:14:56.010000,-0.005245
2025-05-01T14:14:56.020000,-0.008590
2025-05-01T14:14:56.030000,-0.005796
2025-05-01T14:14:56.040000,-0.006120
2025-05-01T14:14:56.050000,-0.029121
2025-05-01T14:14:56.060000,0.007756
2025-05-01T14:14:56.070000,0.009349
2025-05-01T14:14:56.080000,0.010953
2025-05-01T14:14:56.090000,0.011050
2025-05-01T14:14:56.100000,-0.012674
2025-05-01T14:14:56.110000,0.016995
2025-05-01T14:14:56.120000,0.006675
2025-05-01T14:14:56.130000,0.016044
2025-05-01T14:14:56.140000,-0.016906
2025-05-01T14:14:56.150000,-0.000996
2025-05-01T14:14:56.160000,-0.000245
2025-05-01T14:14:56.170000,-0.011100
2025-05-01T14:14:56.180000,-0.003185
2025-05-01T14:14:56.190000,-0.000753
2025-05-01T14:14:56.200000,0.011238
2025-05-01T14:14:56.210000,-0.003505
2025-05-01T14:14:56.220000,0.018320
2025-05-01T14:14:56.230000,0.001726
2025-05-01T14:14:56.240000,-0.009690
2025-05-01T14:14:56.250000,0.013711
2025-05-01T14:14:56.260000,-0.027615
2025-05-01T14:14:56.270000,0.012171
2025-05-01T14:14:56.280000,0.002067
2025-05-01T14:14:56.290000,-0.008088
2025-05-01T14:14:56.300000,-0.000484
2025-05-01T14:14:56.310000,-0.028495
2025-05-01T14:14:56.320000,0.003684
2025-05-01T14:14:56.330000,-0.015019
2025-05-01T14:14:56.340000,0.011907
2025-05-01T14:14:56.350000,0.003212
2025-05-01T14:14:56.360000,-0.006849
2025-05-01T14:14:56.370000,0.007030
2025-05-01T14:14:56.380000,0.007948
2025-05-01T14:14:56.390000,-0.004884
2025-05-01T14:14:56.400000,-0.009638
2025-05-01T14:14:56.410000,-0.016365
2025-05-01T14:14:56.420000,0.009093
2025-05-01T14:14:56.430000,-0.011177
2025-05-01T14:14:56.440000,-0.010920
2025-05-01T14:14:56.450000,0.012139
2025-05-01T14:14:56.460000,0.005886
2025-05-01T14:14:56.470000,-0.010967
2025-05-01T14:14:56.480000,-0.007245
2025-05-01T14:14:56.490000,-0.014710
2025-05-01T14:14:56.500000,0.013379
2025-05-01T14:14:56.510000,0.002594
2025-05-01T14:14:56.520000,-0.006308
2025-05-01T14:14:56.530000,0.002346
2025-05-01T14:14:56.540000,0.000526
2025-05-01T14:14:56.550000,0.010577
2025-05-01T14:14:56.560000,0.002923
2025-05-01T14:14:56.570000,0.002351
2025-05-01T14:14:56.580000,-0.007151
2025-05-01T14:14:56.590000,-0.013007
2025-05-01T14:14:56.600000,-0.012721
2025-05-01T14:14:56.610000,0.020504
2025-05-01T14:14:56.620000,-0.007231
2025-05-01T14:14:56.630000,-0.009997
2025-05-01T14:14:56.640000,0.010628
2025-05-01T14:14:56.650000,-0.007373
2025-05-01T14:14:56.660000,-0.007248
2025-05-01T14:14:56.670000,0.011049
2025-05-01T14:14:56.680000,-0.000440
2025-05-01T14:14:56.690000,-0.004129
2025-05-01T14:14:56.700000,-0.000771
2025-05-01T14:14:56.710000,0.003207
2025-05-01T14:14:56.720000,0.001207
2025-05-01T14:14:56.730000,-0.028053
2025-05-01T14:14:56.740000,0.000161
2025-05-01T14:14:56.750000,-0.007593
2025-05-01T14:14:56.760000,0.002737
2025-05-01T14:14:56.770000,-0.002471
2025-05-01T14:14:56.780000,-0.001824
2025-05-01T14:14:56.790000,-0.015276
2025-05-01T14:14:56.800000,0.019684
2025-05-01T14:14:56.810000,0.006058
2025-05-01T14:14:56.820000,0.002343
2025-05-01T14:14:56.830000,0.022064
2025-05-01T14:14:56.840000,0.002639
2025-05-01T14:14:56.850000,-0.012212
2025-05-01T14:14:56.860000,-0.001771
2025-05-01T14:14:56.870000,0.007757
2025-05-01T14:14:56.880000,0.014742
2025-05-01T14:14:56.890000,-0.002142
2025-05-01T14:14:56.900000,-0.015734
2025-05-01T14:14:56.910000,-0.005760
2025-05-01T14:14:56.920000,-0.009634
2025-05-01T14:14:56.930000,-0.001317
2025-05-01T14:14:56.940000,0.001960
2025-05-01T14:14:56.950000,0.012235
2025-05-01T14:14:56.960000,-0.008436
2025-05-01T14:14:56.970000,0.005499
2025-05-01T14:14:56.980000,0.010229
2025-05-01T14:14:56.990000,-0.008762
2025-05-01T14:14:57,-0.000976
2025-05-01T14:14:57.010000,-0.004305
2025-05-01T14:14:57.020000,0.009306
2025-05-01T14:14:57.030000,0.005589
2025-05-01T14:14:57.040000,0.015926
2025-05-01T14:14:57.050000,-0.002943
2025-05-01T14:14:57.060000,-0.006426
2025-05-01T14:14:57.070000,0.006417
2025-05-01T14:14:57.080000,0.015247
2025-05-01T14:14:57.090000,0.004258
2025-05-01T14:14:57.100000,-0.000797
2025-05-01T14:14:57.110000,-0.009174
2025-05-01T14:14:57.120000,0.020521
2025-05-01T14:14:57.130000,-0.012613
2025-05-01T14:14:57.140000,-0.004400
2025-05-01T14:14:57.150000,0.004965
2025-05-01T14:14:57.160000,0.006252
2025-05-01T14:14:57.170000,0.000359
2025-05-01T14:14:57.180000,0.005114
2025-05-01T14:14:57.190000,0.000875
2025-05-01T14:14:57.200000,-0.000175
2025-05-01T14:14:57.210000,-0.004077
2025-05-01T14:14:57.220000,-0.011623
2025-05-01T14:14:57.230000,-0.013433
2025-05-01T14:14:57.240000,-0.014357
2025-05-01T14:14:57.250000,-0.002933
2025-05-01T14:14:57.260000,0.020405
2025-05-01T14:14:57.270000,-0.013042
2025-05-01T14:14:57.280000,0.002495
2025-05-01T14:14:57.290000,0.004916
2025-05-01T14:14:57.300000,0.014315
2025-05-01T14:14:57.310000,0.004249
2025-05-01T14:14:57.320000,-0.004523
2025-05-01T14:14:57.330000,0.006520
2025-05-01T14:14:57.340000,-0.002628
2025-05-01T14:14:57.350000,0.000086
2025-05-01T14:14:57.360000,0.001007
2025-05-01T14:14:57.370000,-0.014336
2025-05-01T14:14:57.380000,0.007605
2025-05-01T14:14:57.390000,0.000954
2025-05-01T14:14:57.400000,0.011573
2025-05-01T14:14:57.410000,0.008968
2025-05-01T14:14:57.420000,0.002238
2025-05-01T14:14:57.430000,0.005288
2025-05-01T14:14:57.440000,-0.021649
2025-05-01T14:14:57.450000,-0.013934
2025-05-01T14:14:57.460000,-0.006856
2025-05-01T14:14:57.470000,0.016132
2025-05-01T14:14:57.480000,0.002177
2025-05-01T14:14:57.490000,0.006150
2025-05-01T14:14:57.500000,0.005196
2025-05-01T14:14:57.510000,0.014715
2025-05-01T14:14:57.520000,-0.001265
2025-05-01T14:14:57.530000,-0.007554
2025-05-01T14:14:57.540000,0.013353
2025-05-01T14:14:57.550000,0.004533
2025-05-01T14:14:57.560000,-0.009133
2025-05-01T14:14:57.570000,0.004187
2025-05-01T14:14:57.580000,-0.000869
2025-05-01T14:14:57.590000,-0.010450
2025-05-01T14:14:57.600000,0.008603
2025-05-01T14:14:57.610000,0.007090
2025-05-01T14:14:57.620000,0.002853
2025-05-01T14:14:57.630000,-0.006666
2025-05-01T14:14:57.640000,0.011044
2025-05-01T14:14:57.650000,-0.022752
2025-05-01T14:14:57.660000,-0.002489
2025-05-01T14:14:57.670000,0.016386
2025-05-01T14:14:57.680000,-0.001618
2025-05-01T14:14:57.690000,-0.010900
2025-05-01T14:14:57.700000,-0.000221
2025-05-01T14:14:57.710000,0.004741
2025-05-01T14:14:57.720000,0.001156
2025-05-01T14:14:57.730000,0.000437
2025-05-01T14:14:57.740000,0.018522
2025-05-01T14:14:57.750000,0.014198
2025-05-01T14:14:57.760000,-0.016487
2025-05-01T14:14:57.770000,-0.006971
2025-05-01T14:14:57.780000,0.004314
2025-05-01T14:14:57.790000,-0.031332
2025-05-01T14:14:57.800000,0.011834
2025-05-01T14:14:57.810000,0.005243
2025-05-01T14:14:57.820000,0.002181
2025-05-01T14:14:57.830000,0.012594
2025-05-01T14:14:57.840000,-0.021411
2025-05-01T14:14:57.850000,0.003761
2025-05-01T14:14:57.860000,-0.009432
2025-05-01T14:14:57.870000,-0.020480
2025-05-01T14:14:57.880000,-0.006472
2025-05-01T14:14:57.890000,0.021463
2025-05-01T14:14:57.900000,0.017885
2025-05-01T14:14:57.910000,-0.003088
2025-05-01T14:14:57.920000,-0.005363
2025-05-01T14:14:57.930000,-0.009039
2025-05-01T14:14:57.940000,0.000675
2025-05-01T14:14:57.950000,0.001078
2025-05-01T14:14:57.960000,-0.009007
2025-05-01T14:14:57.970000,0.006091
2025-05-01T14:14:57.980000,0.017512
2025-05-01T14:14:57.990000,-0.006292
2025-05-01T14:14:58,-0.011795
2025-05-01T14:14:58.010000,0.000126
2025-05-01T14:14:58.020000,0.013535
2025-05-01T14:14:58.030000,0.017195
2025-05-01T14:14:58.040000,0.000587
2025-05-01T14:14:58.050000,-0.002976
2025-05-01T14:14:58.060000,0.010982
2025-05-01T14:14:58.070000,0.014000
2025-05-01T14:14:58.080000,-0.005618
2025-05-01T14:14:58.090000,-0.004338
2025-05-01T14:14:58.100000,-0.008583
2025-05-01T14:14:58.110000,0.007131
2025-05-01T14:14:58.120000,0.008912
2025-05-01T14:14:58.130000,0.007245
2025-05-01T14:14:58.140000,0.011795
2025-05-01T14:14:58.150000,-0.008080
2025-05-01T14:14:58.160000,0.023846
2025-05-01T14:14:58.170000,-0.013326
2025-05-01T14:14:58.180000,0.013150
2025-05-01T14:14:58.190000,-0.013282
2025-05-01T14:14:58.200000,-0.015165
2025-05-01T14:14:58.210000,-0.006425
2025-05-01T14:14:58.220000,0.002809
2025-05-01T14:14:58.230000,0.016643
2025-05-01T14:14:58.240000,-0.018244
2025-05-01T14:14:58.250000,0.005791
2025-05-01T14:14:58.260000,-0.012366
2025-05-01T14:14:58.270000,-0.013659
2025-05-01T14:14:58.280000,-0.001866
2025-05-01T14:14:58.290000,-0.003128
2025-05-01T14:14:58.300000,-0.012326
2025-05-01T14:14:58.310000,0.011596
2025-05-01T14:14:58.320000,-0.006575
2025-05-01T14:14:58.330000,0.004756
2025-05-01T14:14:58.340000,-0.004113
2025-05-01T14:14:58.350000,-0.003487
2025-05-01T14:14:58.360000,0.022702
2025-05-01T14:14:58.370000,-0.010787
2025-05-01T14:14:58.380000,0.000159
2025-05-01T14:14:58.390000,0.004889
2025-05-01T14:14:58.400000,-0.002195
2025-05-01T14:14:58.410000,0.003678
2025-05-01T14:14:58.420000,0.010280
2025-05-01T14:14:58.430000,0.002660
2025-05-01T14:14:58.440000,-0.012600
2025-05-01T14:14:58.450000,0.004069
2025-05-01T14:14:58.460000,-0.011541
2025-05-01T14:14:58.470000,0.004359
2025-05-01T14:14:58.480000,0.000894
2025-05-01T14:14:58.490000,0.020778
2025-05-01T14:14:58.500000,0.009485
2025-05-01T14:14:58.510000,0.005137
2025-05-01T14:14:58.520000,0.011059
2025-05-01T14:14:58.530000,-0.004179
2025-05-01T14:14:58.540000,-0.000336
2025-05-01T14:14:58.550000,0.005049
2025-05-01T14:14:58.560000,0.004018
2025-05-01T14:14:58.570000,0.002821
2025-05-01T14:14:58.580000,0.003993
2025-05-01T14:14:58.590000,-0.001706
2025-05-01T14:14:58.600000,0.020976
2025-05-01T14:14:58.610000,0.004411
2025-05-01T14:14:58.620000,0.005628
2025-05-01T14:14:58.630000,-0.009396
2025-05-01T14:14:58.640000,0.020164
2025-05-01T14:14:58.650000,-0.002673
2025-05-01T14:14:58.660000,-0.017820
2025-05-01T14:14:58.670000,0.009476
2025-05-01T14:14:58.680000,0.000694
2025-05-01T14:14:58.690000,0.001570
2025-05-01T14:14:58.700000,0.008992
2025-05-01T14:14:58.710000,0.003599
2025-05-01T14:14:58.720000,0.005689
2025-05-01T14:14:58.730000,0.006653
2025-05-01T14:14:58.740000,0.017395
2025-05-01T14:14:58.750000,0.009439
2025-05-01T14:14:58.760000,-0.005227
2025-05-01T14:14:58.770000,-0.003436
2025-05-01T14:14:58.780000,-0.007148
2025-05-01T14:14:58.790000,0.009645
2025-05-01T14:14:58.800000,-0.004572
2025-05-01T14:14:58.810000,-0.011406
2025-05-01T14:14:58.820000,0.000551
2025-05-01T14:14:58.830000,0.005979
2025-05-01T14:14:58.840000,0.008080
2025-05-01T14:14:58.850000,-0.006878
2025-05-01T14:14:58.860000,0.005040
2025-05-01T14:14:58.870000,-0.010038
2025-05-01T14:14:58.880000,0.000354
2025-05-01T14:14:58.890000,-0.005296
2025-05-01T14:14:58.900000,-0.015528
2025-05-01T14:14:58.910000,0.015588
2025-05-01T14:14:58.920000,-0.007054
2025-05-01T14:14:58.930000,-0.008190
2025-05-01T14:14:58.940000,-0.015025
2025-05-01T14:14:58.950000,-0.004639
2025-05-01T14:14:58.960000,-0.001467
2025-05-01T14:14:58.970000,-0.001528
2025-05-01T14:14:58.980000,0.015412
2025-05-01T14:14:58.990000,-0.007196
2025-05-01T14:14:59,-0.000783
2025-05-01T14:14:59.010000,-0.011697
2025-05-01T14:14:59.020000,-0.001753
2025-05-01T14:14:59.030000,0.009901
2025-05-01T14:14:59.040000,-0.014761
2025-05-01T14:14:59.050000,-0.003031
2025-05-01T14:14:59.060000,-0.012082
2025-05-01T14:14:59.070000,-0.000901
2025-05-01T14:14:59.080000,0.008684
2025-05-01T14:14:59.090000,-0.009089
2025-05-01T14:14:59.100000,-0.018983
2025-05-01T14:14:59.110000,0.008251
2025-05-01T14:14:59.120000,-0.001485
2025-05-01T14:14:59.130000,-0.000570
2025-05-01T14:14:59.140000,-0.000792
2025-05-01T14:14:59.150000,0.005600
2025-05-01T14:14:59.160000,0.013354
2025-05-01T14:14:59.170000,0.009740
2025-05-01T14:14:59.180000,0.010000
2025-05-01T14:14:59.190000,0.007365
2025-05-01T14:14:59.200000,-0.011109
2025-05-01T14:14:59.210000,0.023417
2025-05-01T14:14:59.220000,0.001308
2025-05-01T14:14:59.230000,0.012538
2025-05-01T14:14:59.240000,0.008039
2025-05-01T14:14:59.250000,-0.006398
2025-05-01T14:14:59.260000,0.003063
2025-05-01T14:14:59.270000,0.000218
2025-05-01T14:14:59.280000,0.004360
2025-05-01T14:14:59.290000,0.006163
2025-05-01T14:14:59.300000,0.005027
2025-05-01T14:14:59.310000,0.000449
2025-05-01T14:14:59.320000,0.002595
2025-05-01T14:14:59.330000,-0.006217
2025-05-01T14:14:59.340000,-0.013663
2025-05-01T14:14:59.350000,-0.008679
2025-05-01T14:14:59.360000,-0.002384
2025-05-01T14:14:59.370000,-0.005562
2025-05-01T14:14:59.380000,0.001924
2025-05-01T14:14:59.390000,0.012572
2025-05-01T14:14:59.400000,-0.010293
2025-05-01T14:14:59.410000,-0.002028
2025-05-01T14:14:59.420000,-0.001454
2025-05-01T14:14:59.430000,0.010241
2025-05-01T14:14:59.440000,-0.012344
2025-05-01T14:14:59.450000,-0.008174
2025-05-01T14:14:59.460000,-0.007672
2025-05-01T14:14:59.470000,0.006652
2025-05-01T14:14:59.480000,0.004175
2025-05-01T14:14:59.490000,-0.001168
2025-05-01T14:14:59.500000,0.003435
2025-05-01T14:14:59.510000,0.000495
2025-05-01T14:14:59.520000,-0.004724
2025-05-01T14:14:59.530000,-0.020405
2025-05-01T14:14:59.540000,-0.003874
2025-05-01T14:14:59.550000,0.006283
2025-05-01T14:14:59.560000,0.001799
2025-05-01T14:14:59.570000,0.001919
2025-05-01T14:14:59.580000,0.006249
2025-05-01T14:14:59.590000,0.013321
2025-05-01T14:14:59.600000,0.003803
2025-05-01T14:14:59.610000,0.008678
2025-05-01T14:14:59.620000,0.014339
2025-05-01T14:14:59.630000,0.009173
2025-05-01T14:14:59.640000,0.001998
2025-05-01T14:14:59.650000,0.012996
2025-05-01T14:14:59.660000,-0.002731
2025-05-01T14:14:59.670000,0.005505
2025-05-01T14:14:59.680000,0.002855
2025-05-01T14:14:59.690000,-0.024029
2025-05-01T14:14:59.700000,-0.003073
2025-05-01T14:14:59.710000,0.009943
2025-05-01T14:14:59.720000,-0.006344
2025-05-01T14:14:59.730000,0.014015
2025-05-01T14:14:59.740000,0.015239
2025-05-01T14:14:59.750000,0.015069
2025-05-01T14:14:59.760000,-0.015867
2025-05-01T14:14:59.770000,0.006987
2025-05-01T14:14:59.780000,0.015286
2025-05-01T14:14:59.790000,-0.006544
2025-05-01T14:14:59.800000,-0.014860
2025-05-01T14:14:59.810000,-0.004824
2025-05-01T14:14:59.820000,0.001483
2025-05-01T14:14:59.830000,-0.003836
2025-05-01T14:14:59.840000,-0.008360
2025-05-01T14:14:59.850000,0.006647
2025-05-01T14:14:59.860000,0.003950
2025-05-01T14:14:59.870000,0.008308
2025-05-01T14:14:59.880000,0.001954
2025-05-01T14:14:59.890000,0.010883
2025-05-01T14:14:59.900000,0.001930
2025-05-01T14:14:59.910000,0.017907
2025-05-01T14:14:59.920000,-0.016508
2025-05-01T14:14:59.930000,0.013964
2025-05-01T14:14:59.940000,-0.008358
2025-05-01T14:14:59.950000,-0.003887
2025-05-01T14:14:59.960000,0.014474
2025-05-01T14:14:59.970000,0.009242
2025-05-01T14:14:59.980000,0.014900
2025-05-01T14:14:59.990000,0.004363
2025-05-01T14:15:00,0.014097
2025-05-01T14:15:00.010000,0.003875
2025-05-01T14:15:00.020000,0.006004
2025-05-01T14:15:00.030000,0.002856
2025-05-01T14:15:00.040000,0.000935
2025-05-01T14:15:00.050000,-0.008446
2025-05-01T14:15:00.060000,0.019346
2025-05-01T14:15:00.070000,-0.030556
2025-05-01T14:15:00.080000,0.000511
2025-05-01T14:15:00.090000,0.004865
2025-05-01T14:15:00.100000,0.008443
2025-05-01T14:15:00.110000,0.007284
2025-05-01T14:15:00.120000,0.009395
2025-05-01T14:15:00.130000,-0.005323
2025-05-01T14:15:00.140000,-0.001625
2025-05-01T14:15:00.150000,0.008209
2025-05-01T14:15:00.160000,-0.003962
2025-05-01T14:15:00.170000,0.000505
2025-05-01T14:15:00.180000,0.019078
2025-05-01T14:15:00.190000,-0.016190
2025-05-01T14:15:00.200000,0.011516
2025-05-01T14:15:00.210000,-0.000382
2025-05-01T14:15:00.220000,0.015407
2025-05-01T14:15:00.230000,0.010863
2025-05-01T14:15:00.240000,-0.014989
2025-05-01T14:15:00.250000,-0.009073
2025-05-01T14:15:00.260000,-0.008501
2025-05-01T14:15:00.270000,0.007609
2025-05-01T14:15:00.280000,-0.018310
2025-05-01T14:15:00.290000,-0.004062
2025-05-01T14:15:00.300000,-0.030216
2025-05-01T14:15:00.310000,0.001816
2025-05-01T14:15:00.320000,0.015512
2025-05-01T14:15:00.330000,-0.001906
2025-05-01T14:15:00.340000,0.003036
2025-05-01T14:15:00.350000,0.005347
2025-05-01T14:15:00.360000,-0.004347
2025-05-01T14:15:00.370000,-0.002775
2025-05-01T14:15:00.380000,0.011838
2025-05-01T14:15:00.390000,-0.000709
2025-05-01T14:15:00.400000,0.000262
2025-05-01T14:15:00.410000,-0.009212
2025-05-01T14:15:00.420000,0.011099
2025-05-01T14:15:00.430000,0.001945
2025-05-01T14:15:00.440000,0.013011
2025-05-01T14:15:00.450000,-0.003865
2025-05-01T14:15:00.460000,0.017661
2025-05-01T14:15:00.470000,0.003361
2025-05-01T14:15:00.480000,-0.014660
2025-05-01T14:15:00.490000,0.000487
2025-05-01T14:15:00.500000,-0.007036
2025-05-01T14:15:00.510000,0.000429
2025-05-01T14:15:00.520000,0.005171
2025-05-01T14:15:00.530000,-0.004312
2025-05-01T14:15:00.540000,0.006284
2025-05-01T14:15:00.550000,0.006460
2025-05-01T14:15:00.560000,-0.015031
2025-05-01T14:15:00.570000,-0.002680
2025-05-01T14:15:00.580000,-0.007134
2025-05-01T14:15:00.590000,-0.004226
2025-05-01T14:15:00.600000,0.001607
2025-05-01T14:15:00.610000,0.005432
2025-05-01T14:15:00.620000,0.006144
2025-05-01T14:15:00.630000,0.001598
2025-05-01T14:15:00.640000,-0.001462
2025-05-01T14:15:00.650000,0.031491
2025-05-01T14:15:00.660000,-0.008099
2025-05-01T14:15:00.670000,-0.011453
2025-05-01T14:15:00.680000,-0.004115
2025-05-01T14:15:00.690000,-0.003070
2025-05-01T14:15:00.700000,-0.000620
2025-05-01T14:15:00.710000,0.005121
2025-05-01T14:15:00.720000,0.013045
2025-05-01T14:15:00.730000,0.007420
2025-05-01T14:15:00.740000,0.012299
2025-05-01T14:15:00.750000,0.010624
2025-05-01T14:15:00.760000,0.005485
2025-05-01T14:15:00.770000,0.001964
2025-05-01T14:15:00.780000,0.009981
2025-05-01T14:15:00.790000,0.005763
2025-05-01T14:15:00.800000,0.007162
2025-05-01T14:15:00.810000,0.003162
2025-05-01T14:15:00.820000,-0.006076
2025-05-01T14:15:00.830000,-0.002606
2025-05-01T14:15:00.840000,-0.018959
2025-05-01T14:15:00.850000,0.022643
2025-05-01T14:15:00.860000,-0.007993
2025-05-01T14:15:00.870000,-0.018321
2025-05-01T14:15:00.880000,0.008813
2025-05-01T14:15:00.890000,0.008407
2025-05-01T14:15:00.900000,0.004416
2025-05-01T14:15:00.910000,0.014350
2025-05-01T14:15:00.920000,-0.000827
2025-05-01T14:15:00.930000,-0.020604
2025-05-01T14:15:00.940000,-0.016652
2025-05-01T14:15:00.950000,0.010433
2025-05-01T14:15:00.960000,0.007840
2025-05-01T14:15:00.970000,-0.008354
2025-05-01T14:15:00.980000,-0.009075
2025-05-01T14:15:00.990000,-0.007404
2025-05-01T14:15:01,-0.004100
2025-05-01T14:15:01.010000,0.002454
2025-05-01T14:15:01.020000,0.010551
2025-05-01T14:15:01.030000,0.022631
2025-05-01T14:15:01.040000,0.002201
2025-05-01T14:15:01.050000,-0.016455
2025-05-01T14:15:01.060000,-0.010219
2025-05-01T14:15:01.070000,-0.004219
2025-05-01T14:15:01.080000,0.001356
2025-05-01T14:15:01.090000,-0.000971
2025-05-01T14:15:01.100000,0.005849
2025-05-01T14:15:01.110000,-0.006339
2025-05-01T14:15:01.120000,0.008187
2025-05-01T14:15:01.130000,-0.004054
2025-05-01T14:15:01.140000,-0.014748
2025-05-01T14:15:01.150000,0.015414
2025-05-01T14:15:01.160000,0.013925
2025-05-01T14:15:01.170000,-0.010851
2025-05-01T14:15:01.180000,0.009618
2025-05-01T14:15:01.190000,0.003769
2025-05-01T14:15:01.200000,0.001659
2025-05-01T14:15:01.210000,0.003847
2025-05-01T14:15:01.220000,0.005034
2025-05-01T14:15:01.230000,0.018170
2025-05-01T14:15:01.240000,0.006293
2025-05-01T14:15:01.250000,-0.007494
2025-05-01T14:15:01.260000,0.001280
2025-05-01T14:15:01.270000,0.001833
2025-05-01T14:15:01.280000,0.008972
2025-05-01T14:15:01.290000,-0.012124
2025-05-01T14:15:01.300000,-0.005145
2025-05-01T14:15:01.310000,0.000111
2025-05-01T14:15:01.320000,0.001564
2025-05-01T14:15:01.330000,-0.000290
2025-05-01T14:15:01.340000,-0.007019
2025-05-01T14:15:01.350000,-0.000745
2025-05-01T14:15:01.360000,0.003095
2025-05-01T14:15:01.370000,-0.003930
2025-05-01T14:15:01.380000,0.005576
2025-05-01T14:15:01.390000,0.005980
2025-05-01T14:15:01.400000,0.005525
2025-05-01T14:15:01.410000,-0.010931
2025-05-01T14:15:01.420000,-0.003690
2025-05-01T14:15:01.430000,0.001995
2025-05-01T14:15:01.440000,0.012174
2025-05-01T14:15:01.450000,0.003478
2025-05-01T14:15:01.460000,0.008036
2025-05-01T14:15:01.470000,-0.010123
2025-05-01T14:15:01.480000,-0.005574
2025-05-01T14:15:01.490000,0.000562
2025-05-01T14:15:01.500000,0.013859
2025-05-01T14:15:01.510000,-0.017078
2025-05-01T14:15:01.520000,0.003675
2025-05-01T14:15:01.530000,0.020178
2025-05-01T14:15:01.540000,0.009830
2025-05-01T14:15:01.550000,-0.003041
2025-05-01T14:15:01.560000,-0.006750
2025-05-01T14:15:01.570000,0.005137
2025-05-01T14:15:01.580000,-0.010636
2025-05-01T14:15:01.590000,0.010827
2025-05-01T14:15:01.600000,-0.000141
2025-05-01T14:15:01.610000,-0.011994
2025-05-01T14:15:01.620000,0.001595
2025-05-01T14:15:01.630000,0.004584
2025-05-01T14:15:01.640000,-0.008006
2025-05-01T14:15:01.650000,-0.002382
2025-05-01T14:15:01.660000,-0.003911
2025-05-01T14:15:01.670000,-0.018529
2025-05-01T14:15:01.680000,-0.004933
2025-05-01T14:15:01.690000,0.015145
2025-05-01T14:15:01.700000,0.004880
2025-05-01T14:15:01.710000,0.003551
2025-05-01T14:15:01.720000,-0.020416
2025-05-01T14:15:01.730000,0.004905
2025-05-01T14:15:01.740000,0.017173
2025-05-01T14:15:01.750000,0.002220
2025-05-01T14:15:01.760000,-0.007236
2025-05-01T14:15:01.770000,-0.003324
2025-05-01T14:15:01.780000,0.002688
2025-05-01T14:15:01.790000,0.001613
2025-05-01T14:15:01.800000,0.016984
2025-05-01T14:15:01.810000,0.006984
2025-05-01T14:15:01.820000,-0.011657
2025-05-01T14:15:01.830000,-0.016347
2025-05-01T14:15:01.840000,-0.011393
2025-05-01T14:15:01.850000,0.020788
2025-05-01T14:15:01.860000,-0.004877
2025-05-01T14:15:01.870000,0.002008
2025-05-01T14:15:01.880000,0.001007
2025-05-01T14:15:01.890000,0.009926
2025-05-01T14:15:01.900000,-0.015593
2025-05-01T14:15:01.910000,0.000846
2025-05-01T14:15:01.920000,-0.021469
2025-05-01T14:15:01.930000,-0.000636
2025-05-01T14:15:01.940000,-0.000424
2025-05-01T14:15:01.950000,-0.015408
2025-05-01T14:15:01.960000,-0.009291
2025-05-01T14:15:01.970000,0.001650
2025-05-01T14:15:01.980000,0.004780
2025-05-01T14:15:01.990000,0.009984
2025-05-01T14:15:02,0.018378
2025-05-01T14:15:02.010000,0.003965
2025-05-01T14:15:02.020000,-0.004411
2025-05-01T14:15:02.030000,-0.005239
2025-05-01T14:15:02.040000,-0.000827
2025-05-01T14:15:02.050000,-0.013029
2025-05-01T14:15:02.060000,-0.007687
2025-05-01T14:15:02.070000,0.003940
2025-05-01T14:15:02.080000,-0.011351
2025-05-01T14:15:02.090000,-0.002805
2025-05-01T14:15:02.100000,-0.011811
2025-05-01T14:15:02.110000,-0.003274
2025-05-01T14:15:02.120000,-0.002468
2025-05-01T14:15:02.130000,0.003390
2025-05-01T14:15:02.140000,0.014909
2025-05-01T14:15:02.150000,-0.008618
2025-05-01T14:15:02.160000,0.000954
2025-05-01T14:15:02.170000,0.004408
2025-05-01T14:15:02.180000,0.006837
2025-05-01T14:15:02.190000,-0.013513
2025-05-01T14:15:02.200000,0.001136
2025-05-01T14:15:02.210000,0.006515
2025-05-01T14:15:02.220000,-0.018227
2025-05-01T14:15:02.230000,0.013824
2025-05-01T14:15:02.240000,0.006666
2025-05-01T14:15:02.250000,0.003993
2025-05-01T14:15:02.260000,0.001278
2025-05-01T14:15:02.270000,-0.010148
2025-05-01T14:15:02.280000,0.004315
2025-05-01T14:15:02.290000,0.010106
2025-05-01T14:15:02.300000,-0.013296
2025-05-01T14:15:02.310000,0.005985
2025-05-01T14:15:02.320000,-0.010762
2025-05-01T14:15:02.330000,-0.019168
2025-05-01T14:15:02.340000,0.004407
2025-05-01T14:15:02.350000,-0.018443
2025-05-01T14:15:02.360000,-0.006076
2025-05-01T14:15:02.370000,-0.003682
2025-05-01T14:15:02.380000,0.011402
2025-05-01T14:15:02.390000,0.011345
2025-05-01T14:15:02.400000,-0.009580
2025-05-01T14:15:02.410000,-0.003859
2025-05-01T14:15:02.420000,-0.007935
2025-05-01T14:15:02.430000,-0.003180
2025-05-01T14:15:02.440000,0.004588
2025-05-01T14:15:02.450000,0.001970
2025-05-01T14:15:02.460000,-0.004503
2025-05-01T14:15:02.470000,-0.006737
2025-05-01T14:15:02.480000,0.003018
2025-05-01T14:15:02.490000,0.001156
2025-05-01T14:15:02.500000,-0.000459
2025-05-01T14:15:02.510000,0.002660
2025-05-01T14:15:02.520000,-0.007918
2025-05-01T14:15:02.530000,-0.003776
2025-05-01T14:15:02.540000,-0.009570
2025-05-01T14:15:02.550000,-0.006330
2025-05-01T14:15:02.560000,0.007089
2025-05-01T14:15:02.570000,-0.017263
2025-05-01T14:15:02.580000,-0.010417
2025-05-01T14:15:02.590000,0.006585
2025-05-01T14:15:02.600000,0.016853
2025-05-01T14:15:02.610000,-0.010497
2025-05-01T14:15:02.620000,-0.003437
2025-05-01T14:15:02.630000,-0.022061
2025-05-01T14:15:02.640000,0.000465
2025-05-01T14:15:02.650000,-0.002223
2025-05-01T14:15:02.660000,-0.004727
2025-05-01T14:15:02.670000,-0.021324
2025-05-01T14:15:02.680000,0.000372
2025-05-01T14:15:02.690000,-0.009639
2025-05-01T14:15:02.700000,-0.003744
2025-05-01T14:15:02.710000,-0.008152
2025-05-01T14:15:02.720000,-0.006555
2025-05-01T14:15:02.730000,-0.004486
2025-05-01T14:15:02.740000,0.012723
2025-05-01T14:15:02.750000,0.000648
2025-05-01T14:15:02.760000,0.011867
2025-05-01T14:15:02.770000,-0.013603
2025-05-01T14:15:02.780000,-0.002595
2025-05-01T14:15:02.790000,0.006815
2025-05-01T14:15:02.800000,0.001815
2025-05-01T14:15:02.810000,-0.004867
2025-05-01T14:15:02.820000,-0.004202
2025-05-01T14:15:02.830000,-0.013416
2025-05-01T14:15:02.840000,-0.011962
2025-05-01T14:15:02.850000,0.010786
2025-05-01T14:15:02.860000,0.006548
2025-05-01T14:15:02.870000,0.007440
2025-05-01T14:15:02.880000,-0.003358
2025-05-01T14:15:02.890000,0.006281
2025-05-01T14:15:02.900000,0.007889
2025-05-01T14:15:02.910000,-0.003692
2025-05-01T14:15:02.920000,0.003415
2025-05-01T14:15:02.930000,-0.002379
2025-05-01T14:15:02.940000,-0.015741
2025-05-01T14:15:02.950000,-0.009892
2025-05-01T14:15:02.960000,-0.004405
2025-05-01T14:15:02.970000,-0.020142
2025-05-01T14:15:02.980000,-0.013955
2025-05-01T14:15:02.990000,-0.002307
2025-05-01T14:15:03,0.011545
2025-05-01T14:15:03.010000,-0.003596
2025-05-01T14:15:03.020000,0.007314
2025-05-01T14:15:03.030000,0.008953
2025-05-01T14:15:03.040000,-0.007118
2025-05-01T14:15:03.050000,0.009640
2025-05-01T14:15:03.060000,0.013792
2025-05-01T14:15:03.070000,0.008682
2025-05-01T14:15:03.080000,0.013699
2025-05-01T14:15:03.090000,-0.006224
2025-05-01T14:15:03.100000,-0.007396
2025-05-01T14:15:03.110000,-0.013244
2025-05-01T14:15:03.120000,0.018933
2025-05-01T14:15:03.130000,-0.000869
2025-05-01T14:15:03.140000,-0.015026
2025-05-01T14:15:03.150000,0.003800
2025-05-01T14:15:03.160000,0.004705
2025-05-01T14:15:03.170000,0.005482
2025-05-01T14:15:03.180000,-0.020431
2025-05-01T14:15:03.190000,-0.009151
2025-05-01T14:15:03.200000,0.000783
2025-05-01T14:15:03.210000,-0.004425
2025-05-01T14:15:03.220000,-0.004082
2025-05-01T14:15:03.230000,0.011754
2025-05-01T14:15:03.240000,0.004867
2025-05-01T14:15:03.250000,0.001061
2025-05-01T14:15:03.260000,0.018634
2025-05-01T14:15:03.270000,-0.009979
2025-05-01T14:15:03.280000,-0.010404
2025-05-01T14:15:03.290000,-0.006831
2025-05-01T14:15:03.300000,-0.004464
2025-05-01T14:15:03.310000,0.010719
2025-05-01T14:15:03.320000,0.015157
2025-05-01T14:15:03.330000,0.000713
2025-05-01T14:15:03.340000,-0.003838
2025-05-01T14:15:03.350000,-0.011947
2025-05-01T14:15:03.360000,-0.007125
2025-05-01T14:15:03.370000,-0.002778
2025-05-01T14:15:03.380000,0.003962
2025-05-01T14:15:03.390000,0.003532
2025-05-01T14:15:03.400000,-0.010066
2025-05-01T14:15:03.410000,-0.030496
2025-05-01T14:15:03.420000,0.004552
2025-05-01T14:15:03.430000,0.008876
2025-05-01T14:15:03.440000,-0.005058
2025-05-01T14:15:03.450000,-0.011914
2025-05-01T14:15:03.460000,0.000658
2025-05-01T14:15:03.470000,-0.004036
2025-05-01T14:15:03.480000,-0.006478
2025-05-01T14:15:03.490000,0.002811
2025-05-01T14:15:03.500000,-0.000869
2025-05-01T14:15:03.510000,0.011405
2025-05-01T14:15:03.520000,0.007435
2025-05-01T14:15:03.530000,0.000680
2025-05-01T14:15:03.540000,-0.016145
2025-05-01T14:15:03.550000,-0.013146
2025-05-01T14:15:03.560000,0.005185
2025-05-01T14:15:03.570000,-0.006019
2025-05-01T14:15:03.580000,-0.011886
2025-05-01T14:15:03.590000,0.003563
2025-05-01T14:15:03.600000,0.026997
2025-05-01T14:15:03.610000,0.007564
2025-05-01T14:15:03.620000,0.011376
2025-05-01T14:15:03.630000,-0.021496
2025-05-01T14:15:03.640000,0.001429
2025-05-01T14:15:03.650000,0.007503
2025-05-01T14:15:03.660000,-0.015653
2025-05-01T14:15:03.670000,0.007805
2025-05-01T14:15:03.680000,0.012620
2025-05-01T14:15:03.690000,0.007512
2025-05-01T14:15:03.700000,-0.000978
2025-05-01T14:15:03.710000,0.000580
2025-05-01T14:15:03.720000,0.003823
2025-05-01T14:15:03.730000,-0.001194
2025-05-01T14:15:03.740000,-0.010998
2025-05-01T14:15:03.750000,0.003507
2025-05-01T14:15:03.760000,0.001322
2025-05-01T14:15:03.770000,0.004339
2025-05-01T14:15:03.780000,-0.011986
2025-05-01T14:15:03.790000,-0.004982
2025-05-01T14:15:03.800000,0.004077
2025-05-01T14:15:03.810000,0.015186
2025-05-01T14:15:03.820000,-0.004182
2025-05-01T14:15:03.830000,0.008097
2025-05-01T14:15:03.840000,-0.001394
2025-05-01T14:15:03.850000,0.015410
2025-05-01T14:15:03.860000,-0.014588
2025-05-01T14:15:03.870000,-0.003324
2025-05-01T14:15:03.880000,0.015940
2025-05-01T14:15:03.890000,-0.007143
2025-05-01T14:15:03.900000,-0.009837
2025-05-01T14:15:03.910000,0.005592
2025-05-01T14:15:03.920000,0.000302
2025-05-01T14:15:03.930000,0.016681
2025-05-01T14:15:03.940000,-0.020581
2025-05-01T14:15:03.950000,0.005090
2025-05-01T14:15:03.960000,-0.005821
2025-05-01T14:15:03.970000,-0.000415
2025-05-01T14:15:03.980000,0.012042
2025-05-01T14:15:03.990000,0.023890
2025-05-01T14:15:04,-0.008854
2025-05-01T14:15:04.010000,-0.002063
2025-05-01T14:15:04.020000,0.005414
2025-05-01T14:15:04.030000,-0.005808
2025-05-01T14:15:04.040000,-0.002449
2025-05-01T14:15:04.050000,-0.002473
2025-05-01T14:15:04.060000,-0.012505
2025-05-01T14:15:04.070000,-0.003849
2025-05-01T14:15:04.080000,-0.001958
2025-05-01T14:15:04.090000,-0.005673
2025-05-01T14:15:04.100000,0.005377
2025-05-01T14:15:04.110000,-0.002769
2025-05-01T14:15:04.120000,-0.017804
2025-05-01T14:15:04.130000,0.012312
2025-05-01T14:15:04.140000,-0.008321
2025-05-01T14:15:04.150000,0.007943
2025-05-01T14:15:04.160000,0.017408
2025-05-01T14:15:04.170000,-0.000314
2025-05-01T14:15:04.180000,0.015085
2025-05-01T14:15:04.190000,0.008723
2025-05-01T14:15:04.200000,-0.011117
2025-05-01T14:15:04.210000,0.003152
2025-05-01T14:15:04.220000,-0.012881
2025-05-01T14:15:04.230000,0.021005
2025-05-01T14:15:04.240000,-0.019069
2025-05-01T14:15:04.250000,-0.003502
2025-05-01T14:15:04.260000,0.004398
2025-05-01T14:15:04.270000,0.005745
2025-05-01T14:15:04.280000,0.007258
2025-05-01T14:15:04.290000,-0.004723
2025-05-01T14:15:04.300000,0.012819
2025-05-01T14:15:04.310000,-0.001345
2025-05-01T14:15:04.320000,-0.006489
2025-05-01T14:15:04.330000,0.005352
2025-05-01T14:15:04.340000,-0.007005
2025-05-01T14:15:04.350000,0.012183
2025-05-01T14:15:04.360000,-0.020708
2025-05-01T14:15:04.370000,0.015145
2025-05-01T14:15:04.380000,0.002067
2025-05-01T14:15:04.390000,0.016031
2025-05-01T14:15:04.400000,0.017272
2025-05-01T14:15:04.410000,-0.005967
2025-05-01T14:15:04.420000,-0.005056
2025-05-01T14:15:04.430000,-0.010948
2025-05-01T14:15:04.440000,-0.019895
2025-05-01T14:15:04.450000,0.023369
2025-05-01T14:15:04.460000,0.017104
2025-05-01T14:15:04.470000,-0.003268
2025-05-01T14:15:04.480000,0.003814
2025-05-01T14:15:04.490000,0.001744
2025-05-01T14:15:04.500000,-0.008233
2025-05-01T14:15:04.510000,-0.011689
2025-05-01T14:15:04.520000,0.005685
2025-05-01T14:15:04.530000,0.008792
2025-05-01T14:15:04.540000,-0.008259
2025-05-01T14:15:04.550000,-0.022222
2025-05-01T14:15:04.560000,0.004051
2025-05-01T14:15:04.570000,-0.015102
2025-05-01T14:15:04.580000,0.009940
2025-05-01T14:15:04.590000,-0.010193
2025-05-01T14:15:04.600000,0.021402
2025-05-01T14:15:04.610000,0.020268
2025-05-01T14:15:04.620000,0.006264
2025-05-01T14:15:04.630000,0.000285
2025-05-01T14:15:04.640000,-0.007369
2025-05-01T14:15:04.650000,-0.013193
2025-05-01T14:15:04.660000,-0.002189
2025-05-01T14:15:04.670000,0.007877
2025-05-01T14:15:04.680000,-0.000362
2025-05-01T14:15:04.690000,0.010983
2025-05-01T14:15:04.700000,0.004348
2025-05-01T14:15:04.710000,0.007958
2025-05-01T14:15:04.720000,-0.012591
2025-05-01T14:15:04.730000,0.000976
2025-05-01T14:15:04.740000,-0.003016
2025-05-01T14:15:04.750000,-0.010782
2025-05-01T14:15:04.760000,-0.014178
2025-05-01T14:15:04.770000,0.004638
2025-05-01T14:15:04.780000,-0.011571
2025-05-01T14:15:04.790000,-0.002416
2025-05-01T14:15:04.800000,-0.007905
2025-05-01T14:15:04.810000,0.005652
2025-05-01T14:15:04.820000,-0.005011
2025-05-01T14:15:04.830000,0.016326
2025-05-01T14:15:04.840000,0.002097
2025-05-01T14:15:04.850000,0.001352
2025-05-01T14:15:04.860000,0.004056
2025-05-01T14:15:04.870000,0.000811
2025-05-01T14:15:04.880000,0.013648
2025-05-01T14:15:04.890000,-0.005001
2025-05-01T14:15:04.900000,-0.004126
2025-05-01T14:15:04.910000,0.004064
2025-05-01T14:15:04.920000,0.002039
2025-05-01T14:15:04.930000,0.012440
2025-05-01T14:15:04.940000,-0.010101
2025-05-01T14:15:04.950000,0.001725
2025-05-01T14:15:04.960000,0.001997
2025-05-01T14:15:04.970000,0.021595
2025-05-01T14:15:04.980000,0.002180
2025-05-01T14:15:04.990000,-0.014454
2025-05-01T14:15:05,0.010165
2025-05-01T14:15:05.010000,0.009481
2025-05-01T14:15:05.020000,0.011437
2025-05-01T14:15:05.030000,0.004430
2025-05-01T14:15:05.040000,-0.001779
2025-05-01T14:15:05.050000,0.001034
2025-05-01T14:15:05.060000,-0.007116
2025-05-01T14:15:05.070000,0.007716
2025-05-01T14:15:05.080000,0.006236
2025-05-01T14:15:05.090000,-0.003733
2025-05-01T14:15:05.100000,0.000465
2025-05-01T14:15:05.110000,-0.003181
2025-05-01T14:15:05.120000,-0.012477
2025-05-01T14:15:05.130000,-0.010105
2025-05-01T14:15:05.140000,-0.005369
2025-05-01T14:15:05.150000,0.014582
2025-05-01T14:15:05.160000,-0.003186
2025-05-01T14:15:05.170000,-0.009742
2025-05-01T14:15:05.180000,-0.006714
2025-05-01T14:15:05.190000,-0.006393
2025-05-01T14:15:05.200000,0.013586
2025-05-01T14:15:05.210000,-0.003835
2025-05-01T14:15:05.220000,0.013304
2025-05-01T14:15:05.230000,-0.000303
2025-05-01T14:15:05.240000,0.007871
2025-05-01T14:15:05.250000,0.007847
2025-05-01T14:15:05.260000,-0.000993
2025-05-01T14:15:05.270000,-0.006159
2025-05-01T14:15:05.280000,-0.008132
2025-05-01T14:15:05.290000,-0.004130
2025-05-01T14:15:05.300000,-0.015064
2025-05-01T14:15:05.310000,0.003019
2025-05-01T14:15:05.320000,0.004402
2025-05-01T14:15:05.330000,-0.009935
2025-05-01T14:15:05.340000,0.014121
2025-05-01T14:15:05.350000,-0.010646
2025-05-01T14:15:05.360000,-0.016373
2025-05-01T14:15:05.370000,-0.002581
2025-05-01T14:15:05.380000,-0.012093
2025-05-01T14:15:05.390000,-0.008025
2025-05-01T14:15:05.400000,0.006277
2025-05-01T14:15:05.410000,-0.002651
2025-05-01T14:15:05.420000,-0.004971
2025-05-01T14:15:05.430000,0.022475
2025-05-01T14:15:05.440000,0.001548
2025-05-01T14:15:05.450000,-0.000532
2025-05-01T14:15:05.460000,0.004610
2025-05-01T14:15:05.470000,0.005945
2025-05-01T14:15:05.480000,-0.002225
2025-05-01T14:15:05.490000,0.012961
2025-05-01T14:15:05.500000,-0.012172
2025-05-01T14:15:05.510000,0.004473
2025-05-01T14:15:05.520000,0.019154
2025-05-01T14:15:05.530000,-0.001072
2025-05-01T14:15:05.540000,-0.020823
2025-05-01T14:15:05.550000,0.011671
2025-05-01T14:15:05.560000,-0.005404
2025-05-01T14:15:05.570000,0.006792
2025-05-01T14:15:05.580000,-0.002663
2025-05-01T14:15:05.590000,0.000733
2025-05-01T14:15:05.600000,0.004333
2025-05-01T14:15:05.610000,-0.011945
2025-05-01T14:15:05.620000,0.012823
2025-05-01T14:15:05.630000,-0.007987
2025-05-01T14:15:05.640000,0.005772
2025-05-01T14:15:05.650000,0.003253
2025-05-01T14:15:05.660000,-0.003547
2025-05-01T14:15:05.670000,-0.008133
2025-05-01T14:15:05.680000,0.018586
2025-05-01T14:15:05.690000,0.001461
2025-05-01T14:15:05.700000,-0.005613
2025-05-01T14:15:05.710000,0.006777
2025-05-01T14:15:05.720000,-0.002256
2025-05-01T14:15:05.730000,-0.000615
2025-05-01T14:15:05.740000,0.003992
2025-05-01T14:15:05.750000,-0.022225
2025-05-01T14:15:05.760000,-0.005174
2025-05-01T14:15:05.770000,0.005616
2025-05-01T14:15:05.780000,0.004047
2025-05-01T14:15:05.790000,-0.006944
2025-05-01T14:15:05.800000,0.011047
2025-05-01T14:15:05.810000,-0.000288
2025-05-01T14:15:05.820000,-0.002051
2025-05-01T14:15:05.830000,0.005602
2025-05-01T14:15:05.840000,-0.017196
2025-05-01T14:15:05.850000,0.006536
2025-05-01T14:15:05.860000,-0.010309
2025-05-01T14:15:05.870000,-0.009246
2025-05-01T14:15:05.880000,0.017249
2025-05-01T14:15:05.890000,-0.005823
2025-05-01T14:15:05.900000,-0.002069
2025-05-01T14:15:05.910000,-0.003686
2025-05-01T14:15:05.920000,-0.021399
2025-05-01T14:15:05.930000,-0.012402
2025-05-01T14:15:05.940000,0.010701
2025-05-01T14:15:05.950000,-0.021153
2025-05-01T14:15:05.960000,-0.015769
2025-05-01T14:15:05.970000,0.002754
2025-05-01T14:15:05.980000,0.002808
2025-05-01T14:15:05.990000,-0.001614
2025-05-01T14:15:06,-0.011143
2025-05-01T14:15:06.010000,0.002294
2025-05-01T14:15:06.020000,0.014507
2025-05-01T14:15:06.030000,-0.001301
2025-05-01T14:15:06.040000,-0.007476
2025-05-01T14:15:06.050000,0.004857
2025-05-01T14:15:06.060000,0.003748
2025-05-01T14:15:06.070000,-0.001815
2025-05-01T14:15:06.080000,0.000035
2025-05-01T14:15:06.090000,0.000522
2025-05-01T14:15:06.100000,-0.000313
2025-05-01T14:15:06.110000,-0.003265
2025-05-01T14:15:06.120000,-0.002309
2025-05-01T14:15:06.130000,-0.001551
2025-05-01T14:15:06.140000,0.004405
2025-05-01T14:15:06.150000,0.005535
2025-05-01T14:15:06.160000,-0.001640
2025-05-01T14:15:06.170000,-0.001505
2025-05-01T14:15:06.180000,-0.009806
2025-05-01T14:15:06.190000,0.012005
2025-05-01T14:15:06.200000,-0.007876
2025-05-01T14:15:06.210000,0.001146
2025-05-01T14:15:06.220000,0.003655
2025-05-01T14:15:06.230000,0.008064
2025-05-01T14:15:06.240000,-0.033029
2025-05-01T14:15:06.250000,-0.000413
2025-05-01T14:15:06.260000,0.008276
2025-05-01T14:15:06.270000,-0.011220
2025-05-01T14:15:06.280000,0.017114
2025-05-01T14:15:06.290000,-0.012192
2025-05-01T14:15:06.300000,-0.009315
2025-05-01T14:15:06.310000,0.004576
2025-05-01T14:15:06.320000,0.009110
2025-05-01T14:15:06.330000,-0.007212
2025-05-01T14:15:06.340000,0.004904
2025-05-01T14:15:06.350000,0.011600
2025-05-01T14:15:06.360000,-0.002422
2025-05-01T14:15:06.370000,-0.014924
2025-05-01T14:15:06.380000,-0.002696
2025-05-01T14:15:06.390000,-0.006339
2025-05-01T14:15:06.400000,0.000923
2025-05-01T14:15:06.410000,-0.003479
2025-05-01T14:15:06.420000,-0.008061
2025-05-01T14:15:06.430000,-0.003638
2025-05-01T14:15:06.440000,0.007120
2025-05-01T14:15:06.450000,-0.005027
2025-05-01T14:15:06.460000,0.001319
2025-05-01T14:15:06.470000,0.006575
2025-05-01T14:15:06.480000,-0.015221
2025-05-01T14:15:06.490000,-0.007625
2025-05-01T14:15:06.500000,-0.001350
2025-05-01T14:15:06.510000,0.000390
2025-05-01T14:15:06.520000,-0.009127
2025-05-01T14:15:06.530000,-0.013684
2025-05-01T14:15:06.540000,0.015887
2025-05-01T14:15:06.550000,-0.023607
2025-05-01T14:15:06.560000,0.001954
2025-05-01T14:15:06.570000,-0.005684
2025-05-01T14:15:06.580000,0.002119
2025-05-01T14:15:06.590000,-0.005648
2025-05-01T14:15:06.600000,-0.005636
2025-05-01T14:15:06.610000,-0.002445
2025-05-01T14:15:06.620000,-0.012868
2025-05-01T14:15:06.630000,-0.000143
2025-05-01T14:15:06.640000,0.004647
2025-05-01T14:15:06.650000,0.008926
2025-05-01T14:15:06.660000,-0.009412
2025-05-01T14:15:06.670000,0.019093
2025-05-01T14:15:06.680000,-0.018479
2025-05-01T14:15:06.690000,0.005498
2025-05-01T14:15:06.700000,0.021853
2025-05-01T14:15:06.710000,0.015725
2025-05-01T14:15:06.720000,-0.008316
2025-05-01T14:15:06.730000,0.002322
2025-05-01T14:15:06.740000,-0.006712
2025-05-01T14:15:06.750000,-0.009718
2025-05-01T14:15:06.760000,0.009791
2025-05-01T14:15:06.770000,-0.003188
2025-05-01T14:15:06.780000,-0.003456
2025-05-01T14:15:06.790000,-0.015471
2025-05-01T14:15:06.800000,-0.004523
2025-05-01T14:15:06.810000,0.015614
2025-05-01T14:15:06.820000,-0.006774
2025-05-01T14:15:06.830000,-0.010711
2025-05-01T14:15:06.840000,-0.003988
2025-05-01T14:15:06.850000,-0.010001
2025-05-01T14:15:06.860000,-0.011697
2025-05-01T14:15:06.870000,0.011486
2025-05-01T14:15:06.880000,-0.013961
2025-05-01T14:15:06.890000,-0.011066
2025-05-01T14:15:06.900000,0.008413
2025-05-01T14:15:06.910000,-0.012352
2025-05-01T14:15:06.920000,-0.001703
2025-05-01T14:15:06.930000,-0.003920
2025-05-01T14:15:06.940000,0.009245
2025-05-01T14:15:06.950000,-0.013085
2025-05-01T14:15:06.960000,0.012987
2025-05-01T14:15:06.970000,-0.018921
2025-05-01T14:15:06.980000,0.002137
2025-05-01T14:15:06.990000,0.013595
2025-05-01T14:15:07,0.006901
2025-05-01T14:15:07.010000,-0.010900
2025-05-01T14:15:07.020000,-0.003356
2025-05-01T14:15:07.030000,0.014824
2025-05-01T14:15:07.040000,-0.005539
2025-05-01T14:15:07.050000,-0.014716
2025-05-01T14:15:07.060000,0.002156
2025-05-01T14:15:07.070000,0.000818
2025-05-01T14:15:07.080000,0.010892
2025-05-01T14:15:07.090000,-0.013635
2025-05-01T14:15:07.100000,0.008797
2025-05-01T14:15:07.110000,0.018079
2025-05-01T14:15:07.120000,-0.004428
2025-05-01T14:15:07.130000,0.000832
2025-05-01T14:15:07.140000,0.007634
2025-05-01T14:15:07.150000,0.009066
2025-05-01T14:15:07.160000,-0.002424
2025-05-01T14:15:07.170000,0.010312
2025-05-01T14:15:07.180000,0.001333
2025-05-01T14:15:07.190000,0.008489
2025-05-01T14:15:07.200000,-0.004778
2025-05-01T14:15:07.210000,0.026923
2025-05-01T14:15:07.220000,0.002534
2025-05-01T14:15:07.230000,-0.017724
2025-05-01T14:15:07.240000,-0.003984
2025-05-01T14:15:07.250000,0.005426
2025-05-01T14:15:07.260000,-0.015651
2025-05-01T14:15:07.270000,-0.002959
2025-05-01T14:15:07.280000,0.007394
2025-05-01T14:15:07.290000,-0.009174
2025-05-01T14:15:07.300000,0.011471
2025-05-01T14:15:07.310000,-0.012348
2025-05-01T14:15:07.320000,0.001339
2025-05-01T14:15:07.330000,-0.010628
2025-05-01T14:15:07.340000,0.003599
2025-05-01T14:15:07.350000,0.000402
2025-05-01T14:15:07.360000,-0.011725
2025-05-01T14:15:07.370000,0.005863
2025-05-01T14:15:07.380000,-0.005900
2025-05-01T14:15:07.390000,0.011864
2025-05-01T14:15:07.400000,-0.002923
2025-05-01T14:15:07.410000,-0.000412
2025-05-01T14:15:07.420000,0.002040
2025-05-01T14:15:07.430000,-0.011547
2025-05-01T14:15:07.440000,-0.003439
2025-05-01T14:15:07.450000,-0.000084
2025-05-01T14:15:07.460000,0.001637
2025-05-01T14:15:07.470000,0.010491
2025-05-01T14:15:07.480000,-0.004767
2025-05-01T14:15:07.490000,-0.011963
2025-05-01T14:15:07.500000,-0.000569
2025-05-01T14:15:07.510000,-0.008299
2025-05-01T14:15:07.520000,-0.015117
2025-05-01T14:15:07.530000,-0.007966
2025-05-01T14:15:07.540000,0.006228
2025-05-01T14:15:07.550000,0.008015
2025-05-01T14:15:07.560000,-0.000518
2025-05-01T14:15:07.570000,-0.003725
2025-05-01T14:15:07.580000,0.010522
2025-05-01T14:15:07.590000,-0.005801
2025-05-01T14:15:07.600000,-0.004273
2025-05-01T14:15:07.610000,-0.009174
2025-05-01T14:15:07.620000,-0.008768
2025-05-01T14:15:07.630000,0.008731
2025-05-01T14:15:07.640000,0.001080
2025-05-01T14:15:07.650000,-0.002513
2025-05-01T14:15:07.660000,-0.024190
2025-05-01T14:15:07.670000,0.012317
2025-05-01T14:15:07.680000,0.016783
2025-05-01T14:15:07.690000,-0.009202
2025-05-01T14:15:07.700000,0.006988
2025-05-01T14:15:07.710000,0.004531
2025-05-01T14:15:07.720000,-0.014988
2025-05-01T14:15:07.730000,-0.009679
2025-05-01T14:15:07.740000,0.026078
2025-05-01T14:15:07.750000,-0.004122
2025-05-01T14:15:07.760000,-0.000819
2025-05-01T14:15:07.770000,0.003093
2025-05-01T14:15:07.780000,0.002555
2025-05-01T14:15:07.790000,0.000083
2025-05-01T14:15:07.800000,0.006854
2025-05-01T14:15:07.810000,0.004596
2025-05-01T14:15:07.820000,0.005546
2025-05-01T14:15:07.830000,0.007420
2025-05-01T14:15:07.840000,0.006055
2025-05-01T14:15:07.850000,0.000382
2025-05-01T14:15:07.860000,-0.003491
2025-05-01T14:15:07.870000,0.018972
2025-05-01T14:15:07.880000,-0.000812
2025-05-01T14:15:07.890000,-0.019903
2025-05-01T14:15:07.900000,-0.014967
2025-05-01T14:15:07.910000,-0.002463
2025-05-01T14:15:07.920000,0.003318
2025-05-01T14:15:07.930000,0.008839
2025-05-01T14:15:07.940000,-0.008806
2025-05-01T14:15:07.950000,0.006436
2025-05-01T14:15:07.960000,0.005427
2025-05-01T14:15:07.970000,-0.006501
2025-05-01T14:15:07.980000,-0.009024
2025-05-01T14:15:07.990000,0.002734
2025-05-01T14:15:08,0.003666
2025-05-01T14:15:08.010000,-0.005118
2025-05-01T14:15:08.020000,-0.006387
2025-05-01T14:15:08.030000,0.017551
2025-05-01T14:15:08.040000,-0.007164
2025-05-01T14:15:08.050000,0.006007
2025-05-01T14:15:08.060000,0.007171
2025-05-01T14:15:08.070000,-0.008344
2025-05-01T14:15:08.080000,-0.000328
2025-05-01T14:15:08.090000,-0.019147
2025-05-01T14:15:08.100000,0.021135
2025-05-01T14:15:08.110000,-0.005746
2025-05-01T14:15:08.120000,0.011832
2025-05-01T14:15:08.130000,0.000854
2025-05-01T14:15:08.140000,-0.007270
2025-05-01T14:15:08.150000,-0.000229
2025-05-01T14:15:08.160000,0.010274
2025-05-01T14:15:08.170000,0.005129
2025-05-01T14:15:08.180000,-0.011359
2025-05-01T14:15:08.190000,0.007424
2025-05-01T14:15:08.200000,0.012655
2025-05-01T14:15:08.210000,-0.000703
2025-05-01T14:15:08.220000,0.021066
2025-05-01T14:15:08.230000,0.008119
2025-05-01T14:15:08.240000,0.010569
2025-05-01T14:15:08.250000,-0.016303
2025-05-01T14:15:08.260000,0.012675
2025-05-01T14:15:08.270000,0.003564
2025-05-01T14:15:08.280000,-0.011525
2025-05-01T14:15:08.290000,-0.005788
2025-05-01T14:15:08.300000,-0.002618
2025-05-01T14:15:08.310000,-0.004481
2025-05-01T14:15:08.320000,0.000996
2025-05-01T14:15:08.330000,-0.006058
2025-05-01T14:15:08.340000,0.017112
2025-05-01T14:15:08.350000,0.003654
2025-05-01T14:15:08.360000,0.000236
2025-05-01T14:15:08.370000,0.012485
2025-05-01T14:15:08.380000,0.004825
2025-05-01T14:15:08.390000,-0.002114
2025-05-01T14:15:08.400000,-0.016350
2025-05-01T14:15:08.410000,0.010949
2025-05-01T14:15:08.420000,0.010995
2025-05-01T14:15:08.430000,0.001660
2025-05-01T14:15:08.440000,0.009718
2025-05-01T14:15:08.450000,-0.004528
2025-05-01T14:15:08.460000,0.009964
2025-05-01T14:15:08.470000,-0.002665
2025-05-01T14:15:08.480000,-0.018409
2025-05-01T14:15:08.490000,0.007183
2025-05-01T14:15:08.500000,0.003908
2025-05-01T14:15:08.510000,-0.007031
2025-05-01T14:15:08.520000,-0.008159
2025-05-01T14:15:08.530000,-0.003923
2025-05-01T14:15:08.540000,0.007885
2025-05-01T14:15:08.550000,-0.007506
2025-05-01T14:15:08.560000,-0.002097
2025-05-01T14:15:08.570000,0.003979
2025-05-01T14:15:08.580000,0.000358
2025-05-01T14:15:08.590000,0.015014
2025-05-01T14:15:08.600000,-0.006370
2025-05-01T14:15:08.610000,-0.010305
2025-05-01T14:15:08.620000,0.005780
2025-05-01T14:15:08.630000,0.005164
2025-05-01T14:15:08.640000,0.003052
2025-05-01T14:15:08.650000,-0.009729
2025-05-01T14:15:08.660000,0.000694
2025-05-01T14:15:08.670000,-0.005427
2025-05-01T14:15:08.680000,0.009143
2025-05-01T14:15:08.690000,0.007336
2025-05-01T14:15:08.700000,0.002406
2025-05-01T14:15:08.710000,-0.007416
2025-05-01T14:15:08.720000,0.002000
2025-05-01T14:15:08.730000,0.000939
2025-05-01T14:15:08.740000,0.006252
2025-05-01T14:15:08.750000,0.000659
2025-05-01T14:15:08.760000,0.006469
2025-05-01T14:15:08.770000,0.000185
2025-05-01T14:15:08.780000,0.024417
2025-05-01T14:15:08.790000,0.007336
2025-05-01T14:15:08.800000,0.004450
2025-05-01T14:15:08.810000,-0.009932
2025-05-01T14:15:08.820000,-0.011017
2025-05-01T14:15:08.830000,0.009678
2025-05-01T14:15:08.840000,0.014432
2025-05-01T14:15:08.850000,0.003569
2025-05-01T14:15:08.860000,-0.002687
2025-05-01T14:15:08.870000,-0.004406
2025-05-01T14:15:08.880000,-0.002068
2025-05-01T14:15:08.890000,-0.013567
2025-05-01T14:15:08.900000,0.003261
2025-05-01T14:15:08.910000,0.013464
2025-05-01T14:15:08.920000,0.003628
2025-05-01T14:15:08.930000,0.007319
2025-05-01T14:15:08.940000,-0.002397
2025-05-01T14:15:08.950000,-0.008851
2025-05-01T14:15:08.960000,-0.003926
2025-05-01T14:15:08.970000,0.000805
2025-05-01T14:15:08.980000,-0.000423
2025-05-01T14:15:08.990000,-0.009042
2025-05-01T14:15:09,0.015161
2025-05-01T14:15:09.010000,-0.000928
2025-05-01T14:15:09.020000,0.000227
2025-05-01T14:15:09.030000,-0.010161
2025-05-01T14:15:09.040000,-0.005512
2025-05-01T14:15:09.050000,-0.012146
2025-05-01T14:15:09.060000,0.003499
2025-05-01T14:15:09.070000,-0.003371
2025-05-01T14:15:09.080000,-0.006258
2025-05-01T14:15:09.090000,0.015856
2025-05-01T14:15:09.100000,0.002325
2025-05-01T14:15:09.110000,0.007363
2025-05-01T14:15:09.120000,-0.003036
2025-05-01T14:15:09.130000,-0.001413
2025-05-01T14:15:09.140000,0.001099
2025-05-01T14:15:09.150000,-0.012611
2025-05-01T14:15:09.160000,-0.002217
2025-05-01T14:15:09.170000,0.008347
2025-05-01T14:15:09.180000,0.003768
2025-05-01T14:15:09.190000,-0.012168
2025-05-01T14:15:09.200000,0.002890
2025-05-01T14:15:09.210000,-0.011181
2025-05-01T14:15:09.220000,0.003965
2025-05-01T14:15:09.230000,-0.014358
2025-05-01T14:15:09.240000,-0.004112
2025-05-01T14:15:09.250000,-0.019337
2025-05-01T14:15:09.260000,0.001964
2025-05-01T14:15:09.270000,0.001033
2025-05-01T14:15:09.280000,0.007539
2025-05-01T14:15:09.290000,0.006126
2025-05-01T14:15:09.300000,-0.008133
2025-05-01T14:15:09.310000,0.001980
2025-05-01T14:15:09.320000,-0.002394
2025-05-01T14:15:09.330000,-0.020873
2025-05-01T14:15:09.340000,0.002825
2025-05-01T14:15:09.350000,0.011368
2025-05-01T14:15:09.360000,0.002095
2025-05-01T14:15:09.370000,0.001934
2025-05-01T14:15:09.380000,0.006435
2025-05-01T14:15:09.390000,0.010797
2025-05-01T14:15:09.400000,-0.013440
2025-05-01T14:15:09.410000,-0.005167
2025-05-01T14:15:09.420000,-0.017298
2025-05-01T14:15:09.430000,-0.006348
2025-05-01T14:15:09.440000,0.008841
2025-05-01T14:15:09.450000,0.011725
2025-05-01T14:15:09.460000,0.007487
2025-05-01T14:15:09.470000,-0.003719
2025-05-01T14:15:09.480000,0.008578
2025-05-01T14:15:09.490000,0.002589
2025-05-01T14:15:09.500000,-0.008847
2025-05-01T14:15:09.510000,-0.009639
2025-05-01T14:15:09.520000,0.001760
2025-05-01T14:15:09.530000,-0.005164
2025-05-01T14:15:09.540000,-0.005250
2025-05-01T14:15:09.550000,-0.006780
2025-05-01T14:15:09.560000,0.013262
2025-05-01T14:15:09.570000,0.008515
2025-05-01T14:15:09.580000,0.002319
2025-05-01T14:15:09.590000,0.007896
2025-05-01T14:15:09.600000,0.000759
2025-05-01T14:15:09.610000,0.000914
2025-05-01T14:15:09.620000,-0.002443
2025-05-01T14:15:09.630000,-0.002242
2025-05-01T14:15:09.640000,0.001735
2025-05-01T14:15:09.650000,-0.007186
2025-05-01T14:15:09.660000,0.001123
2025-05-01T14:15:09.670000,-0.002438
2025-05-01T14:15:09.680000,0.000225
2025-05-01T14:15:09.690000,0.020146
2025-05-01T14:15:09.700000,-0.004928
2025-05-01T14:15:09.710000,-0.013784
2025-05-01T14:15:09.720000,0.002979
2025-05-01T14:15:09.730000,0.003777
2025-05-01T14:15:09.740000,-0.004754
2025-05-01T14:15:09.750000,-0.007048
2025-05-01T14:15:09.760000,0.006390
2025-05-01T14:15:09.770000,-0.006947
2025-05-01T14:15:09.780000,0.006386
2025-05-01T14:15:09.790000,-0.002682
2025-05-01T14:15:09.800000,0.002150
2025-05-01T14:15:09.810000,0.004396
2025-05-01T14:15:09.820000,-0.022584
2025-05-01T14:15:09.830000,0.011017
2025-05-01T14:15:09.840000,-0.006700
2025-05-01T14:15:09.850000,-0.001071
2025-05-01T14:15:09.860000,0.008438
2025-05-01T14:15:09.870000,0.003824
2025-05-01T14:15:09.880000,-0.005413
2025-05-01T14:15:09.890000,0.013413
2025-05-01T14:15:09.900000,0.004457
2025-05-01T14:15:09.910000,0.015770
2025-05-01T14:15:09.920000,0.006702
2025-05-01T14:15:09.930000,0.008920
2025-05-01T14:15:09.940000,0.016784
2025-05-01T14:15:09.950000,0.005569
2025-05-01T14:15:09.960000,-0.005840
2025-05-01T14:15:09.970000,0.005945
2025-05-01T14:15:09.980000,-0.006666
2025-05-01T14:15:09.990000,-0.012156
2025-05-01T14:15:10,0.006557
2025-05-01T14:15:10.010000,0.011444
2025-05-01T14:15:10.020000,-0.002099
2025-05-01T14:15:10.030000,-0.024676
2025-05-01T14:15:10.040000,0.003577
2025-05-01T14:15:10.050000,-0.008186
2025-05-01T14:15:10.060000,-0.005427
2025-05-01T14:15:10.070000,0.003958
2025-05-01T14:15:10.080000,-0.005050
2025-05-01T14:15:10.090000,-0.010488
2025-05-01T14:15:10.100000,-0.005511
2025-05-01T14:15:10.110000,-0.006995
2025-05-01T14:15:10.120000,-0.010563
2025-05-01T14:15:10.130000,0.021014
2025-05-01T14:15:10.140000,0.001406
2025-05-01T14:15:10.150000,0.007394
2025-05-01T14:15:10.160000,0.002983
2025-05-01T14:15:10.170000,0.018504
2025-05-01T14:15:10.180000,-0.021183
2025-05-01T14:15:10.190000,-0.002034
2025-05-01T14:15:10.200000,0.013656
2025-05-01T14:15:10.210000,-0.000140
2025-05-01T14:15:10.220000,-0.005344
2025-05-01T14:15:10.230000,-0.018847
2025-05-01T14:15:10.240000,-0.008787
2025-05-01T14:15:10.250000,0.006947
2025-05-01T14:15:10.260000,-0.015801
2025-05-01T14:15:10.270000,-0.007807
2025-05-01T14:15:10.280000,0.022240
2025-05-01T14:15:10.290000,-0.014476
2025-05-01T14:15:10.300000,0.001671
2025-05-01T14:15:10.310000,-0.005005
2025-05-01T14:15:10.320000,0.003437
2025-05-01T14:15:10.330000,-0.010310
2025-05-01T14:15:10.340000,0.001245
2025-05-01T14:15:10.350000,0.007720
2025-05-01T14:15:10.360000,-0.007578
2025-05-01T14:15:10.370000,-0.017595
2025-05-01T14:15:10.380000,-0.007619
2025-05-01T14:15:10.390000,-0.017513
2025-05-01T14:15:10.400000,0.004139
2025-05-01T14:15:10.410000,0.004240
2025-05-01T14:15:10.420000,0.004209
2025-05-01T14:15:10.430000,-0.006287
2025-05-01T14:15:10.440000,-0.009315
2025-05-01T14:15:10.450000,0.007901
2025-05-01T14:15:10.460000,0.015665
2025-05-01T14:15:10.470000,-0.008653
2025-05-01T14:15:10.480000,-0.016028
2025-05-01T14:15:10.490000,-0.005826
2025-05-01T14:15:10.500000,-0.009720
2025-05-01T14:15:10.510000,-0.006647
2025-05-01T14:15:10.520000,-0.007140
2025-05-01T14:15:10.530000,-0.007143
2025-05-01T14:15:10.540000,-0.006534
2025-05-01T14:15:10.550000,0.005934
2025-05-01T14:15:10.560000,0.002001
2025-05-01T14:15:10.570000,0.001172
2025-05-01T14:15:10.580000,0.006062
2025-05-01T14:15:10.590000,0.003733
2025-05-01T14:15:10.600000,-0.002894
2025-05-01T14:15:10.610000,0.015868
2025-05-01T14:15:10.620000,0.005283
2025-05-01T14:15:10.630000,-0.010550
2025-05-01T14:15:10.640000,0.010290
2025-05-01T14:15:10.650000,-0.004588
2025-05-01T14:15:10.660000,0.001818
2025-05-01T14:15:10.670000,-0.008756
2025-05-01T14:15:10.680000,-0.006724
2025-05-01T14:15:10.690000,-0.006503
2025-05-01T14:15:10.700000,0.007633
2025-05-01T14:15:10.710000,-0.005019
2025-05-01T14:15:10.720000,0.003628
2025-05-01T14:15:10.730000,0.006488
2025-05-01T14:15:10.740000,0.000306
2025-05-01T14:15:10.750000,0.026466
2025-05-01T14:15:10.760000,-0.002369
2025-05-01T14:15:10.770000,-0.000130
2025-05-01T14:15:10.780000,-0.002010
2025-05-01T14:15:10.790000,-0.014982
2025-05-01T14:15:10.800000,0.012417
2025-05-01T14:15:10.810000,0.006460
2025-05-01T14:15:10.820000,0.001160
2025-05-01T14:15:10.830000,0.012478
2025-05-01T14:15:10.840000,0.002296
2025-05-01T14:15:10.850000,0.016146
2025-05-01T14:15:10.860000,-0.013575
2025-05-01T14:15:10.870000,0.006848
2025-05-01T14:15:10.880000,-0.008754
2025-05-01T14:15:10.890000,0.004118
2025-05-01T14:15:10.900000,-0.008507
2025-05-01T14:15:10.910000,0.001461
2025-05-01T14:15:10.920000,-0.014685
2025-05-01T14:15:10.930000,0.000598
2025-05-01T14:15:10.940000,-0.002450
2025-05-01T14:15:10.950000,0.008375
2025-05-01T14:15:10.960000,-0.020123
2025-05-01T14:15:10.970000,-0.012502
2025-05-01T14:15:10.980000,0.004613
2025-05-01T14:15:10.990000,0.013238
2025-05-01T14:15:11,-0.012369
2025-05-01T14:15:11.010000,-0.001102
2025-05-01T14:15:11.020000,-0.007404
2025-05-01T14:15:11.030000,0.004032
2025-05-01T14:15:11.040000,0.018560
2025-05-01T14:15:11.050000,-0.006376
2025-05-01T14:15:11.060000,0.011559
2025-05-01T14:15:11.070000,0.003380
2025-05-01T14:15:11.080000,-0.009759
2025-05-01T14:15:11.090000,0.004640
2025-05-01T14:15:11.100000,-0.002219
2025-05-01T14:15:11.110000,-0.010348
2025-05-01T14:15:11.120000,0.006275
2025-05-01T14:15:11.130000,0.003356
2025-05-01T14:15:11.140000,-0.002201
2025-05-01T14:15:11.150000,0.005798
2025-05-01T14:15:11.160000,0.007182
2025-05-01T14:15:11.170000,0.005848
2025-05-01T14:15:11.180000,0.001599
2025-05-01T14:15:11.190000,0.004190
2025-05-01T14:15:11.200000,-0.009247
2025-05-01T14:15:11.210000,0.005374
2025-05-01T14:15:11.220000,0.000335
2025-05-01T14:15:11.230000,0.002376
2025-05-01T14:15:11.240000,0.008519
2025-05-01T14:15:11.250000,-0.022766
2025-05-01T14:15:11.260000,0.003681
2025-05-01T14:15:11.270000,-0.009556
2025-05-01T14:15:11.280000,-0.016305
2025-05-01T14:15:11.290000,-0.004288
2025-05-01T14:15:11.300000,-0.000690
2025-05-01T14:15:11.310000,-0.009144
2025-05-01T14:15:11.320000,-0.004674
2025-05-01T14:15:11.330000,0.004261
2025-05-01T14:15:11.340000,0.002797
2025-05-01T14:15:11.350000,-0.001197
2025-05-01T14:15:11.360000,0.023912
2025-05-01T14:15:11.370000,0.008429
2025-05-01T14:15:11.380000,-0.009617
2025-05-01T14:15:11.390000,-0.006912
2025-05-01T14:15:11.400000,-0.003767
2025-05-01T14:15:11.410000,-0.012148
2025-05-01T14:15:11.420000,-0.006944
2025-05-01T14:15:11.430000,-0.015238
2025-05-01T14:15:11.440000,0.001780
2025-05-01T14:15:11.450000,-0.001321
2025-05-01T14:15:11.460000,0.000909
2025-05-01T14:15:11.470000,-0.011587
2025-05-01T14:15:11.480000,0.011148
2025-05-01T14:15:11.490000,0.016804
2025-05-01T14:15:11.500000,-0.011527
2025-05-01T14:15:11.510000,-0.012680
2025-05-01T14:15:11.520000,0.010209
2025-05-01T14:15:11.530000,-0.001461
2025-05-01T14:15:11.540000,0.004124
2025-05-01T14:15:11.550000,0.001820
2025-05-01T14:15:11.560000,-0.007480
2025-05-01T14:15:11.570000,0.006391
2025-05-01T14:15:11.580000,0.012186
2025-05-01T14:15:11.590000,0.006289
2025-05-01T14:15:11.600000,0.000388
2025-05-01T14:15:11.610000,0.017391
2025-05-01T14:15:11.620000,-0.010991
2025-05-01T14:15:11.630000,-0.000349
2025-05-01T14:15:11.640000,0.005429
2025-05-01T14:15:11.650000,-0.005197
2025-05-01T14:15:11.660000,-0.004633
2025-05-01T14:15:11.670000,0.014289
2025-05-01T14:15:11.680000,0.006510
2025-05-01T14:15:11.690000,-0.012972
2025-05-01T14:15:11.700000,0.013439
2025-05-01T14:15:11.710000,-0.026913
2025-05-01T14:15:11.720000,-0.025312
2025-05-01T14:15:11.730000,0.002981
2025-05-01T14:15:11.740000,-0.006421
2025-05-01T14:15:11.750000,0.000592
2025-05-01T14:15:11.760000,0.018030
2025-05-01T14:15:11.770000,0.004305
2025-05-01T14:15:11.780000,0.023565
2025-05-01T14:15:11.790000,0.001057
2025-05-01T14:15:11.800000,-0.009837
2025-05-01T14:15:11.810000,0.012323
2025-05-01T14:15:11.820000,0.000127
2025-05-01T14:15:11.830000,0.001368
2025-05-01T14:15:11.840000,-0.002538
2025-05-01T14:15:11.850000,0.011868
2025-05-01T14:15:11.860000,-0.010080
2025-05-01T14:15:11.870000,-0.026013
2025-05-01T14:15:11.880000,-0.020756
2025-05-01T14:15:11.890000,0.023427
2025-05-01T14:15:11.900000,0.000158
2025-05-01T14:15:11.910000,-0.002165
2025-05-01T14:15:11.920000,-0.012716
2025-05-01T14:15:11.930000,0.002407
2025-05-01T14:15:11.940000,-0.021216
2025-05-01T14:15:11.950000,0.002713
2025-05-01T14:15:11.960000,0.016185
2025-05-01T14:15:11.970000,0.010063
2025-05-01T14:15:11.980000,-0.004812
2025-05-01T14:15:11.990000,0.002861
2025-05-01T14:15:12,0.005222
2025-05-01T14:15:12.010000,0.016500
2025-05-01T14:15:12.020000,-0.005802
2025-05-01T14:15:12.030000,0.005433
2025-05-01T14:15:12.040000,-0.019079
2025-05-01T14:15:12.050000,0.003817
2025-05-01T14:15:12.060000,0.003147
2025-05-01T14:15:12.070000,0.004880
2025-05-01T14:15:12.080000,-0.008421
2025-05-01T14:15:12.090000,0.001890
2025-05-01T14:15:12.100000,-0.004629
2025-05-01T14:15:12.110000,-0.014372
2025-05-01T14:15:12.120000,0.002429
2025-05-01T14:15:12.130000,0.010275
2025-05-01T14:15:12.140000,-0.010565
2025-05-01T14:15:12.150000,0.001902
2025-05-01T14:15:12.160000,-0.001558
2025-05-01T14:15:12.170000,-0.000796
2025-05-01T14:15:12.180000,-0.006129
2025-05-01T14:15:12.190000,0.000043
2025-05-01T14:15:12.200000,-0.003329
2025-05-01T14:15:12.210000,-0.009508
2025-05-01T14:15:12.220000,-0.003448
2025-05-01T14:15:12.230000,-0.000116
2025-05-01T14:15:12.240000,-0.000889
2025-05-01T14:15:12.250000,0.001789
2025-05-01T14:15:12.260000,0.013137
2025-05-01T14:15:12.270000,0.015540
2025-05-01T14:15:12.280000,0.011457
2025-05-01T14:15:12.290000,-0.018267
2025-05-01T14:15:12.300000,0.002041
2025-05-01T14:15:12.310000,0.001997
2025-05-01T14:15:12.320000,-0.007311
2025-05-01T14:15:12.330000,0.006686
2025-05-01T14:15:12.340000,-0.013819
2025-05-01T14:15:12.350000,0.005776
2025-05-01T14:15:12.360000,-0.013137
2025-05-01T14:15:12.370000,-0.003070
2025-05-01T14:15:12.380000,-0.019137
2025-05-01T14:15:12.390000,-0.005206
2025-05-01T14:15:12.400000,-0.007748
2025-05-01T14:15:12.410000,-0.017155
2025-05-01T14:15:12.420000,-0.002814
2025-05-01T14:15:12.430000,-0.001744
2025-05-01T14:15:12.440000,0.007980
2025-05-01T14:15:12.450000,0.009410
2025-05-01T14:15:12.460000,-0.022652
2025-05-01T14:15:12.470000,-0.003751
2025-05-01T14:15:12.480000,0.013888
2025-05-01T14:15:12.490000,-0.000848
2025-05-01T14:15:12.500000,0.019041
2025-05-01T14:15:12.510000,-0.007161
2025-05-01T14:15:12.520000,-0.011663
2025-05-01T14:15:12.530000,0.005629
2025-05-01T14:15:12.540000,-0.013756
2025-05-01T14:15:12.550000,-0.007917
2025-05-01T14:15:12.560000,0.010449
2025-05-01T14:15:12.570000,0.009797
2025-05-01T14:15:12.580000,-0.010126
2025-05-01T14:15:12.590000,-0.005251
2025-05-01T14:15:12.600000,0.001781
2025-05-01T14:15:12.610000,-0.004161
2025-05-01T14:15:12.620000,0.000895
2025-05-01T14:15:12.630000,0.001473
2025-05-01T14:15:12.640000,-0.015841
2025-05-01T14:15:12.650000,0.004205
2025-05-01T14:15:12.660000,0.008238
2025-05-01T14:15:12.670000,-0.009648
2025-05-01T14:15:12.680000,-0.015193
2025-05-01T14:15:12.690000,-0.000716
2025-05-01T14:15:12.700000,0.000917
2025-05-01T14:15:12.710000,-0.017659
2025-05-01T14:15:12.720000,-0.024239
2025-05-01T14:15:12.730000,-0.000990
2025-05-01T14:15:12.740000,0.000323
2025-05-01T14:15:12.750000,0.014602
2025-05-01T14:15:12.760000,-0.002895
2025-05-01T14:15:12.770000,-0.020324
2025-05-01T14:15:12.780000,-0.007903
2025-05-01T14:15:12.790000,0.013641
2025-05-01T14:15:12.800000,0.000919
2025-05-01T14:15:12.810000,-0.020599
2025-05-01T14:15:12.820000,-0.011573
2025-05-01T14:15:12.830000,-0.013444
2025-05-01T14:15:12.840000,-0.005929
2025-05-01T14:15:12.850000,0.002973
2025-05-01T14:15:12.860000,0.000660
2025-05-01T14:15:12.870000,0.002776
2025-05-01T14:15:12.880000,0.003510
2025-05-01T14:15:12.890000,-0.021440
2025-05-01T14:15:12.900000,-0.001417
2025-05-01T14:15:12.910000,-0.007072
2025-05-01T14:15:12.920000,-0.016388
2025-05-01T14:15:12.930000,0.003033
2025-05-01T14:15:12.940000,-0.004613
2025-05-01T14:15:12.950000,0.024959
2025-05-01T14:15:12.960000,-0.000437
2025-05-01T14:15:12.970000,-0.019085
2025-05-01T14:15:12.980000,0.002299
2025-05-01T14:15:12.990000,0.009246
2025-05-01T14:15:13,0.012719
2025-05-01T14:15:13.010000,0.020341
2025-05-01T14:15:13.020000,0.013604
2025-05-01T14:15:13.030000,0.007703
2025-05-01T14:15:13.040000,-0.001396
2025-05-01T14:15:13.050000,0.001020
2025-05-01T14:15:13.060000,0.012274
2025-05-01T14:15:13.070000,-0.015940
2025-05-01T14:15:13.080000,0.009604
2025-05-01T14:15:13.090000,0.000163
2025-05-01T14:15:13.100000,-0.011282
2025-05-01T14:15:13.110000,0.010194
2025-05-01T14:15:13.120000,-0.010146
2025-05-01T14:15:13.130000,-0.000052
2025-05-01T14:15:13.140000,-0.010622
2025-05-01T14:15:13.150000,-0.003650
2025-05-01T14:15:13.160000,-0.002025
2025-05-01T14:15:13.170000,0.016503
2025-05-01T14:15:13.180000,0.024518
2025-05-01T14:15:13.190000,0.006093
2025-05-01T14:15:13.200000,0.011024
2025-05-01T14:15:13.210000,0.002595
2025-05-01T14:15:13.220000,-0.005894
2025-05-01T14:15:13.230000,0.014406
2025-05-01T14:15:13.240000,-0.013128
2025-05-01T14:15:13.250000,-0.004487
2025-05-01T14:15:13.260000,0.005228
2025-05-01T14:15:13.270000,-0.006505
2025-05-01T14:15:13.280000,0.000411
2025-05-01T14:15:13.290000,-0.008194
2025-05-01T14:15:13.300000,-0.004326
2025-05-01T14:15:13.310000,-0.001506
2025-05-01T14:15:13.320000,0.001795
2025-05-01T14:15:13.330000,-0.006136
2025-05-01T14:15:13.340000,0.010876
2025-05-01T14:15:13.350000,-0.014274
2025-05-01T14:15:13.360000,-0.006791
2025-05-01T14:15:13.370000,-0.007626
2025-05-01T14:15:13.380000,-0.011287
2025-05-01T14:15:13.390000,0.002232
2025-05-01T14:15:13.400000,-0.002714
2025-05-01T14:15:13.410000,0.014912
2025-05-01T14:15:13.420000,-0.010154
2025-05-01T14:15:13.430000,-0.006569
2025-05-01T14:15:13.440000,0.008205
2025-05-01T14:15:13.450000,-0.021535
2025-05-01T14:15:13.460000,-0.005517
2025-05-01T14:15:13.470000,-0.018782
2025-05-01T14:15:13.480000,-0.002363
2025-05-01T14:15:13.490000,0.013096
2025-05-01T14:15:13.500000,-0.000175
2025-05-01T14:15:13.510000,0.002994
2025-05-01T14:15:13.520000,0.010965
2025-05-01T14:15:13.530000,0.006246
2025-05-01T14:15:13.540000,-0.007949
2025-05-01T14:15:13.550000,-0.002755
2025-05-01T14:15:13.560000,0.012554
2025-05-01T14:15:13.570000,-0.005179
2025-05-01T14:15:13.580000,-0.010548
2025-05-01T14:15:13.590000,-0.015214
2025-05-01T14:15:13.600000,0.005239
2025-05-01T14:15:13.610000,0.005385
2025-05-01T14:15:13.620000,-0.001129
2025-05-01T14:15:13.630000,-0.012055
2025-05-01T14:15:13.640000,0.001638
2025-05-01T14:15:13.650000,-0.009820
2025-05-01T14:15:13.660000,0.007228
2025-05-01T14:15:13.670000,-0.006898
2025-05-01T14:15:13.680000,0.007359
2025-05-01T14:15:13.690000,0.007264
2025-05-01T14:15:13.700000,0.003632
2025-05-01T14:15:13.710000,0.005111
2025-05-01T14:15:13.720000,-0.023077
2025-05-01T14:15:13.730000,-0.015566
2025-05-01T14:15:13.740000,0.002427
2025-05-01T14:15:13.750000,-0.009565
2025-05-01T14:15:13.760000,0.004747
2025-05-01T14:15:13.770000,-0.001275
2025-05-01T14:15:13.780000,-0.004980
2025-05-01T14:15:13.790000,0.012879
2025-05-01T14:15:13.800000,0.002783
2025-05-01T14:15:13.810000,0.007912
2025-05-01T14:15:13.820000,-0.002905
2025-05-01T14:15:13.830000,-0.014564
2025-05-01T14:15:13.840000,0.016073
2025-05-01T14:15:13.850000,0.020801
2025-05-01T14:15:13.860000,0.005469
2025-05-01T14:15:13.870000,0.000811
2025-05-01T14:15:13.880000,0.000527
2025-05-01T14:15:13.890000,-0.000977
2025-05-01T14:15:13.900000,-0.003152
2025-05-01T14:15:13.910000,0.010098
2025-05-01T14:15:13.920000,-0.002034
2025-05-01T14:15:13.930000,-0.005457
2025-05-01T14:15:13.940000,-0.005554
2025-05-01T14:15:13.950000,0.003679
2025-05-01T14:15:13.960000,0.003241
2025-05-01T14:15:13.970000,0.006255
2025-05-01T14:15:13.980000,-0.018229
2025-05-01T14:15:13.990000,-0.000783
2025-05-01T14:15:14,-0.001002
2025-05-01T14:15:14.010000,0.006942
2025-05-01T14:15:14.020000,0.009269
2025-05-01T14:15:14.030000,0.000408
2025-05-01T14:15:14.040000,0.002415
2025-05-01T14:15:14.050000,0.004068
2025-05-01T14:15:14.060000,0.003097
2025-05-01T14:15:14.070000,0.007270
2025-05-01T14:15:14.080000,-0.010894
2025-05-01T14:15:14.090000,-0.010800
2025-05-01T14:15:14.100000,-0.001756
2025-05-01T14:15:14.110000,0.017252
2025-05-01T14:15:14.120000,-0.010539
2025-05-01T14:15:14.130000,-0.002843
2025-05-01T14:15:14.140000,0.000855
2025-05-01T14:15:14.150000,-0.001439
2025-05-01T14:15:14.160000,0.001214
2025-05-01T14:15:14.170000,-0.001502
2025-05-01T14:15:14.180000,0.010809
2025-05-01T14:15:14.190000,-0.006051
2025-05-01T14:15:14.200000,0.010655
2025-05-01T14:15:14.210000,0.007066
2025-05-01T14:15:14.220000,-0.004819
2025-05-01T14:15:14.230000,-0.010894
2025-05-01T14:15:14.240000,0.015654
2025-05-01T14:15:14.250000,0.003774
2025-05-01T14:15:14.260000,0.009638
2025-05-01T14:15:14.270000,-0.008768
2025-05-01T14:15:14.280000,-0.015665
2025-05-01T14:15:14.290000,-0.020067
2025-05-01T14:15:14.300000,-0.003516
2025-05-01T14:15:14.310000,-0.001385
2025-05-01T14:15:14.320000,0.007831
2025-05-01T14:15:14.330000,0.003217
2025-05-01T14:15:14.340000,-0.004187
2025-05-01T14:15:14.350000,-0.004409
2025-05-01T14:15:14.360000,-0.003570
2025-05-01T14:15:14.370000,-0.003619
2025-05-01T14:15:14.380000,-0.007291
2025-05-01T14:15:14.390000,0.011074
2025-05-01T14:15:14.400000,-0.013059
2025-05-01T14:15:14.410000,0.009523
2025-05-01T14:15:14.420000,0.002788
2025-05-01T14:15:14.430000,0.002593
2025-05-01T14:15:14.440000,0.004698
2025-05-01T14:15:14.450000,0.011893
2025-05-01T14:15:14.460000,0.000421
2025-05-01T14:15:14.470000,-0.011998
2025-05-01T14:15:14.480000,-0.022826
2025-05-01T14:15:14.490000,0.004648
2025-05-01T14:15:14.500000,0.006405
2025-05-01T14:15:14.510000,-0.014999
2025-05-01T14:15:14.520000,0.006947
2025-05-01T14:15:14.530000,0.002038
2025-05-01T14:15:14.540000,0.006153
2025-05-01T14:15:14.550000,-0.004974
2025-05-01T14:15:14.560000,-0.007926
2025-05-01T14:15:14.570000,-0.002420
2025-05-01T14:15:14.580000,-0.013405
2025-05-01T14:15:14.590000,0.007466
2025-05-01T14:15:14.600000,0.008784
2025-05-01T14:15:14.610000,-0.012440
2025-05-01T14:15:14.620000,-0.008499
2025-05-01T14:15:14.630000,0.014937
2025-05-01T14:15:14.640000,-0.002628
2025-05-01T14:15:14.650000,-0.014458
2025-05-01T14:15:14.660000,0.000418
2025-05-01T14:15:14.670000,-0.019657
2025-05-01T14:15:14.680000,-0.008941
2025-05-01T14:15:14.690000,0.008844
2025-05-01T14:15:14.700000,-0.001040
2025-05-01T14:15:14.710000,0.002715
2025-05-01T14:15:14.720000,-0.008375
2025-05-01T14:15:14.730000,0.003581
2025-05-01T14:15:14.740000,-0.011587
2025-05-01T14:15:14.750000,-0.001646
2025-05-01T14:15:14.760000,0.011722
2025-05-01T14:15:14.770000,0.009380
2025-05-01T14:15:14.780000,0.002306
2025-05-01T14:15:14.790000,0.029217
2025-05-01T14:15:14.800000,-0.008402
2025-05-01T14:15:14.810000,0.003615
2025-05-01T14:15:14.820000,0.007031
2025-05-01T14:15:14.830000,0.017220
2025-05-01T14:15:14.840000,0.015986
2025-05-01T14:15:14.850000,0.015488
2025-05-01T14:15:14.860000,0.001011
2025-05-01T14:15:14.870000,-0.004328
2025-05-01T14:15:14.880000,-0.008537
2025-05-01T14:15:14.890000,0.000109
2025-05-01T14:15:14.900000,-0.004318
2025-05-01T14:15:14.910000,0.001041
2025-05-01T14:15:14.920000,-0.008314
2025-05-01T14:15:14.930000,-0.009598
2025-05-01T14:15:14.940000,0.005817
2025-05-01T14:15:14.950000,0.016490
2025-05-01T14:15:14.960000,0.005009
2025-05-01T14:15:14.970000,0.002398
2025-05-01T14:15:14.980000,-0.007607
2025-05-01T14:15:14.990000,-0.006374
2025-05-01T14:15:15,0.008731
2025-05-01T14:15:15.010000,-0.003206
2025-05-01T14:15:15.020000,0.000234
2025-05-01T14:15:15.030000,0.001566
2025-05-01T14:15:15.040000,0.006699
2025-05-01T14:15:15.050000,-0.014843
2025-05-01T14:15:15.060000,-0.009419
2025-05-01T14:15:15.070000,0.005210
2025-05-01T14:15:15.080000,0.005920
2025-05-01T14:15:15.090000,-0.014062
2025-05-01T14:15:15.100000,0.002915
2025-05-01T14:15:15.110000,0.014561
2025-05-01T14:15:15.120000,-0.001075
2025-05-01T14:15:15.130000,-0.001303
2025-05-01T14:15:15.140000,0.006293
2025-05-01T14:15:15.150000,-0.005915
2025-05-01T14:15:15.160000,0.004916
2025-05-01T14:15:15.170000,0.012926
2025-05-01T14:15:15.180000,-0.014013
2025-05-01T14:15:15.190000,0.014665
2025-05-01T14:15:15.200000,-0.003749
2025-05-01T14:15:15.210000,0.011233
2025-05-01T14:15:15.220000,0.014743
2025-05-01T14:15:15.230000,-0.000293
2025-05-01T14:15:15.240000,0.014246
2025-05-01T14:15:15.250000,-0.009573
2025-05-01T14:15:15.260000,-0.006274
2025-05-01T14:15:15.270000,-0.012140
2025-05-01T14:15:15.280000,-0.005684
2025-05-01T14:15:15.290000,0.006944
2025-05-01T14:15:15.300000,-0.006920
2025-05-01T14:15:15.310000,0.015334
2025-05-01T14:15:15.320000,-0.000953
2025-05-01T14:15:15.330000,-0.003210
2025-05-01T14:15:15.340000,-0.007397
2025-05-01T14:15:15.350000,0.014057
2025-05-01T14:15:15.360000,-0.022240
2025-05-01T14:15:15.370000,0.008867
2025-05-01T14:15:15.380000,0.005021
2025-05-01T14:15:15.390000,-0.005529
2025-05-01T14:15:15.400000,-0.007724
2025-05-01T14:15:15.410000,0.012228
2025-05-01T14:15:15.420000,-0.010241
2025-05-01T14:15:15.430000,0.000804
2025-05-01T14:15:15.440000,0.017261
2025-05-01T14:15:15.450000,-0.003754
2025-05-01T14:15:15.460000,-0.023583
2025-05-01T14:15:15.470000,0.005100
2025-05-01T14:15:15.480000,-0.007357
2025-05-01T14:15:15.490000,-0.009247
2025-05-01T14:15:15.500000,0.001090
2025-05-01T14:15:15.510000,-0.001940
2025-05-01T14:15:15.520000,-0.009710
2025-05-01T14:15:15.530000,0.010031
2025-05-01T14:15:15.540000,0.006594
2025-05-01T14:15:15.550000,0.006194
2025-05-01T14:15:15.560000,0.003681
2025-05-01T14:15:15.570000,0.023382
2025-05-01T14:15:15.580000,0.009720
2025-05-01T14:15:15.590000,0.002736
2025-05-01T14:15:15.600000,0.009681
2025-05-01T14:15:15.610000,-0.001460
2025-05-01T14:15:15.620000,0.014100
2025-05-01T14:15:15.630000,-0.005490
2025-05-01T14:15:15.640000,-0.011522
2025-05-01T14:15:15.650000,0.010274
2025-05-01T14:15:15.660000,-0.019617
2025-05-01T14:15:15.670000,0.008631
2025-05-01T14:15:15.680000,0.014231
2025-05-01T14:15:15.690000,0.024322
2025-05-01T14:15:15.700000,0.009331
2025-05-01T14:15:15.710000,0.017410
2025-05-01T14:15:15.720000,0.010279
2025-05-01T14:15:15.730000,0.004703
2025-05-01T14:15:15.740000,0.002087
2025-05-01T14:15:15.750000,0.009285
2025-05-01T14:15:15.760000,-0.017893
2025-05-01T14:15:15.770000,0.002748
2025-05-01T14:15:15.780000,0.009714
2025-05-01T14:15:15.790000,0.008075
2025-05-01T14:15:15.800000,-0.014191
2025-05-01T14:15:15.810000,-0.001943
2025-05-01T14:15:15.820000,0.003967
2025-05-01T14:15:15.830000,0.015234
2025-05-01T14:15:15.840000,0.011878
2025-05-01T14:15:15.850000,-0.000290
2025-05-01T14:15:15.860000,-0.000152
2025-05-01T14:15:15.870000,-0.009572
2025-05-01T14:15:15.880000,0.001839
2025-05-01T14:15:15.890000,-0.005130
2025-05-01T14:15:15.900000,0.003444
2025-05-01T14:15:15.910000,-0.002044
2025-05-01T14:15:15.920000,0.001141
2025-05-01T14:15:15.930000,-0.024282
2025-05-01T14:15:15.940000,-0.000211
2025-05-01T14:15:15.950000,0.006804
2025-05-01T14:15:15.960000,0.024333
2025-05-01T14:15:15.970000,0.009072
2025-05-01T14:15:15.980000,0.002329
2025-05-01T14:15:15.990000,0.015312
2025-05-01T14:15:16,-0.004961
2025-05-01T14:15:16.010000,0.010010
2025-05-01T14:15:16.020000,-0.003270
2025-05-01T14:15:16.030000,0.003777
2025-05-01T14:15:16.040000,-0.004258
2025-05-01T14:15:16.050000,0.006594
2025-05-01T14:15:16.060000,0.016307
2025-05-01T14:15:16.070000,0.010738
2025-05-01T14:15:16.080000,0.004193
2025-05-01T14:15:16.090000,-0.003771
2025-05-01T14:15:16.100000,-0.000762
2025-05-01T14:15:16.110000,0.001436
2025-05-01T14:15:16.120000,-0.016800
2025-05-01T14:15:16.130000,0.019623
2025-05-01T14:15:16.140000,0.006494
2025-05-01T14:15:16.150000,-0.008414
2025-05-01T14:15:16.160000,0.001881
2025-05-01T14:15:16.170000,-0.000144
2025-05-01T14:15:16.180000,0.007981
2025-05-01T14:15:16.190000,0.004698
2025-05-01T14:15:16.200000,-0.009349
2025-05-01T14:15:16.210000,-0.001787
2025-05-01T14:15:16.220000,-0.010069
2025-05-01T14:15:16.230000,0.000212
2025-05-01T14:15:16.240000,-0.010369
2025-05-01T14:15:16.250000,-0.006408
2025-05-01T14:15:16.260000,0.017006
2025-05-01T14:15:16.270000,0.011422
2025-05-01T14:15:16.280000,0.011787
2025-05-01T14:15:16.290000,0.001430
2025-05-01T14:15:16.300000,-0.015170
2025-05-01T14:15:16.310000,-0.000993
2025-05-01T14:15:16.320000,0.006170
2025-05-01T14:15:16.330000,0.009429
2025-05-01T14:15:16.340000,0.000612
2025-05-01T14:15:16.350000,-0.006348
2025-05-01T14:15:16.360000,0.002791
2025-05-01T14:15:16.370000,0.002461
2025-05-01T14:15:16.380000,0.013045
2025-05-01T14:15:16.390000,0.016002
2025-05-01T14:15:16.400000,-0.009542
2025-05-01T14:15:16.410000,0.005177
2025-05-01T14:15:16.420000,-0.002005
2025-05-01T14:15:16.430000,0.010579
2025-05-01T14:15:16.440000,0.011610
2025-05-01T14:15:16.450000,0.006269
2025-05-01T14:15:16.460000,-0.002034
2025-05-01T14:15:16.470000,0.003241
2025-05-01T14:15:16.480000,0.003603
2025-05-01T14:15:16.490000,-0.016742
2025-05-01T14:15:16.500000,-0.008292
2025-05-01T14:15:16.510000,0.019196
2025-05-01T14:15:16.520000,0.007706
2025-05-01T14:15:16.530000,0.004133
2025-05-01T14:15:16.540000,-0.009156
2025-05-01T14:15:16.550000,-0.000878
2025-05-01T14:15:16.560000,0.017999
2025-05-01T14:15:16.570000,0.003045
2025-05-01T14:15:16.580000,-0.010526
2025-05-01T14:15:16.590000,0.009040
2025-05-01T14:15:16.600000,-0.013393
2025-05-01T14:15:16.610000,0.002432
2025-05-01T14:15:16.620000,0.005849
2025-05-01T14:15:16.630000,-0.000741
2025-05-01T14:15:16.640000,-0.003340
2025-05-01T14:15:16.650000,0.006925
2025-05-01T14:15:16.660000,0.003946
2025-05-01T14:15:16.670000,-0.009432
2025-05-01T14:15:16.680000,0.029759
2025-05-01T14:15:16.690000,0.011977
2025-05-01T14:15:16.700000,-0.009855
2025-05-01T14:15:16.710000,-0.015081
2025-05-01T14:15:16.720000,-0.001510
2025-05-01T14:15:16.730000,-0.000971
2025-05-01T14:15:16.740000,0.020217
2025-05-01T14:15:16.750000,0.005504
2025-05-01T14:15:16.760000,0.000263
2025-05-01T14:15:16.770000,0.004390
2025-05-01T14:15:16.780000,0.001575
2025-05-01T14:15:16.790000,-0.017314
2025-05-01T14:15:16.800000,0.005788
2025-05-01T14:15:16.810000,-0.006596
2025-05-01T14:15:16.820000,0.003319
2025-05-01T14:15:16.830000,-0.008436
2025-05-01T14:15:16.840000,-0.005178
2025-05-01T14:15:16.850000,0.004445
2025-05-01T14:15:16.860000,0.007452
2025-05-01T14:15:16.870000,0.006467
2025-05-01T14:15:16.880000,-0.001690
2025-05-01T14:15:16.890000,-0.004029
2025-05-01T14:15:16.900000,-0.004648
2025-05-01T14:15:16.910000,0.014705
2025-05-01T14:15:16.920000,-0.003215
2025-05-01T14:15:16.930000,-0.003289
2025-05-01T14:15:16.940000,-0.009255
2025-05-01T14:15:16.950000,-0.011419
2025-05-01T14:15:16.960000,0.010996
2025-05-01T14:15:16.970000,-0.007805
2025-05-01T14:15:16.980000,-0.015152
2025-05-01T14:15:16.990000,-0.004175
2025-05-01T14:15:17,0.005524
2025-05-01T14:15:17.010000,-0.002677
2025-05-01T14:15:17.020000,-0.023408
2025-05-01T14:15:17.030000,-0.013936
2025-05-01T14:15:17.040000,-0.002668
2025-05-01T14:15:17.050000,-0.009948
2025-05-01T14:15:17.060000,-0.015661
2025-05-01T14:15:17.070000,0.011754
2025-05-01T14:15:17.080000,-0.011982
2025-05-01T14:15:17.090000,-0.002668
2025-05-01T14:15:17.100000,-0.007133
2025-05-01T14:15:17.110000,-0.008214
2025-05-01T14:15:17.120000,-0.002668
2025-05-01T14:15:17.130000,-0.006724
2025-05-01T14:15:17.140000,-0.011693
2025-05-01T14:15:17.150000,-0.002267
2025-05-01T14:15:17.160000,-0.019170
2025-05-01T14:15:17.170000,0.006440
2025-05-01T14:15:17.180000,-0.013226
2025-05-01T14:15:17.190000,0.014066
2025-05-01T14:15:17.200000,0.004734
2025-05-01T14:15:17.210000,0.007758
2025-05-01T14:15:17.220000,0.009322
2025-05-01T14:15:17.230000,0.006037
2025-05-01T14:15:17.240000,-0.000782
2025-05-01T14:15:17.250000,0.012157
2025-05-01T14:15:17.260000,-0.000690
2025-05-01T14:15:17.270000,-0.003946
2025-05-01T14:15:17.280000,-0.000669
2025-05-01T14:15:17.290000,0.002675
2025-05-01T14:15:17.300000,-0.007194
2025-05-01T14:15:17.310000,0.034360
2025-05-01T14:15:17.320000,0.022788
2025-05-01T14:15:17.330000,-0.012227
2025-05-01T14:15:17.340000,0.002934
2025-05-01T14:15:17.350000,0.002069
2025-05-01T14:15:17.360000,0.004001
2025-05-01T14:15:17.370000,0.012902
2025-05-01T14:15:17.380000,0.004003
2025-05-01T14:15:17.390000,-0.002297
2025-05-01T14:15:17.400000,0.005540
2025-05-01T14:15:17.410000,-0.003022
2025-05-01T14:15:17.420000,-0.026167
2025-05-01T14:15:17.430000,0.014142
2025-05-01T14:15:17.440000,-0.008139
2025-05-01T14:15:17.450000,0.014144
2025-05-01T14:15:17.460000,-0.003510
2025-05-01T14:15:17.470000,-0.005289
2025-05-01T14:15:17.480000,-0.003756
2025-05-01T14:15:17.490000,0.004445
2025-05-01T14:15:17.500000,-0.009319
2025-05-01T14:15:17.510000,-0.003291
2025-05-01T14:15:17.520000,-0.000713
2025-05-01T14:15:17.530000,-0.016492
2025-05-01T14:15:17.540000,-0.009230
2025-05-01T14:15:17.550000,-0.021665
2025-05-01T14:15:17.560000,0.002132
2025-05-01T14:15:17.570000,0.004879
2025-05-01T14:15:17.580000,0.002342
2025-05-01T14:15:17.590000,0.001775
2025-05-01T14:15:17.600000,0.007974
2025-05-01T14:15:17.610000,-0.002696
2025-05-01T14:15:17.620000,0.004104
2025-05-01T14:15:17.630000,-0.002811
2025-05-01T14:15:17.640000,-0.013710
2025-05-01T14:15:17.650000,-0.018748
2025-05-01T14:15:17.660000,0.001139
2025-05-01T14:15:17.670000,0.001041
2025-05-01T14:15:17.680000,-0.016123
2025-05-01T14:15:17.690000,0.013269
2025-05-01T14:15:17.700000,-0.008030
2025-05-01T14:15:17.710000,-0.014655
2025-05-01T14:15:17.720000,0.001089
2025-05-01T14:15:17.730000,-0.003603
2025-05-01T14:15:17.740000,-0.008010
2025-05-01T14:15:17.750000,-0.012072
2025-05-01T14:15:17.760000,0.000587
2025-05-01T14:15:17.770000,0.001614
2025-05-01T14:15:17.780000,-0.009520
2025-05-01T14:15:17.790000,0.002326
2025-05-01T14:15:17.800000,-0.010867
2025-05-01T14:15:17.810000,-0.005829
2025-05-01T14:15:17.820000,-0.017809
2025-05-01T14:15:17.830000,0.000424
2025-05-01T14:15:17.840000,0.007183
2025-05-01T14:15:17.850000,0.008109
2025-05-01T14:15:17.860000,0.012196
2025-05-01T14:15:17.870000,-0.003759
2025-05-01T14:15:17.880000,0.009255
2025-05-01T14:15:17.890000,0.006439
2025-05-01T14:15:17.900000,0.004903
2025-05-01T14:15:17.910000,0.015497
2025-05-01T14:15:17.920000,0.000094
2025-05-01T14:15:17.930000,0.012122
2025-05-01T14:15:17.940000,0.012409
2025-05-01T14:15:17.950000,-0.001482
2025-05-01T14:15:17.960000,-0.018027
2025-05-01T14:15:17.970000,-0.010812
2025-05-01T14:15:17.980000,-0.015737
2025-05-01T14:15:17.990000,0.000676
2025-05-01T14:15:18,0.002464
2025-05-01T14:15:18.010000,-0.014541
2025-05-01T14:15:18.020000,-0.002564
2025-05-01T14:15:18.030000,-0.009494
2025-05-01T14:15:18.040000,-0.023728
2025-05-01T14:15:18.050000,-0.004033
2025-05-01T14:15:18.060000,0.001745
2025-05-01T14:15:18.070000,0.000922
2025-05-01T14:15:18.080000,0.006502
2025-05-01T14:15:18.090000,-0.008737
2025-05-01T14:15:18.100000,-0.002336
2025-05-01T14:15:18.110000,0.000047
2025-05-01T14:15:18.120000,-0.012349
2025-05-01T14:15:18.130000,-0.017836
2025-05-01T14:15:18.140000,0.007204
2025-05-01T14:15:18.150000,0.000807
2025-05-01T14:15:18.160000,-0.006094
2025-05-01T14:15:18.170000,0.007887
2025-05-01T14:15:18.180000,-0.005773
2025-05-01T14:15:18.190000,0.008902
2025-05-01T14:15:18.200000,-0.019120
2025-05-01T14:15:18.210000,0.004040
2025-05-01T14:15:18.220000,0.011441
2025-05-01T14:15:18.230000,0.000161
2025-05-01T14:15:18.240000,0.022293
2025-05-01T14:15:18.250000,0.018378
2025-05-01T14:15:18.260000,-0.016918
2025-05-01T14:15:18.270000,-0.010250
2025-05-01T14:15:18.280000,0.013050
2025-05-01T14:15:18.290000,0.010621
2025-05-01T14:15:18.300000,0.004837
2025-05-01T14:15:18.310000,0.002477
2025-05-01T14:15:18.320000,-0.001682
2025-05-01T14:15:18.330000,0.003134
2025-05-01T14:15:18.340000,-0.005641
2025-05-01T14:15:18.350000,0.002786
2025-05-01T14:15:18.360000,-0.001852
2025-05-01T14:15:18.370000,0.011374
2025-05-01T14:15:18.380000,0.005433
2025-05-01T14:15:18.390000,0.000835
2025-05-01T14:15:18.400000,0.010243
2025-05-01T14:15:18.410000,-0.007992
2025-05-01T14:15:18.420000,-0.006475
2025-05-01T14:15:18.430000,-0.004436
2025-05-01T14:15:18.440000,0.005541
2025-05-01T14:15:18.450000,0.002245
2025-05-01T14:15:18.460000,0.002784
2025-05-01T14:15:18.470000,-0.004056
2025-05-01T14:15:18.480000,-0.004008
2025-05-01T14:15:18.490000,-0.004560
2025-05-01T14:15:18.500000,0.009761
2025-05-01T14:15:18.510000,-0.003528
2025-05-01T14:15:18.520000,0.007856
2025-05-01T14:15:18.530000,-0.000292
2025-05-01T14:15:18.540000,0.002933
2025-05-01T14:15:18.550000,-0.001932
2025-05-01T14:15:18.560000,-0.004142
2025-05-01T14:15:18.570000,0.000548
2025-05-01T14:15:18.580000,0.001630
2025-05-01T14:15:18.590000,0.005512
2025-05-01T14:15:18.600000,0.003953
2025-05-01T14:15:18.610000,-0.005451
2025-05-01T14:15:18.620000,0.006800
2025-05-01T14:15:18.630000,0.001131
2025-05-01T14:15:18.640000,0.006324
2025-05-01T14:15:18.650000,-0.021026
2025-05-01T14:15:18.660000,0.028570
2025-05-01T14:15:18.670000,0.000179
2025-05-01T14:15:18.680000,0.015813
2025-05-01T14:15:18.690000,-0.008201
2025-05-01T14:15:18.700000,0.008068
2025-05-01T14:15:18.710000,-0.004755
2025-05-01T14:15:18.720000,0.002524
2025-05-01T14:15:18.730000,0.010193
2025-05-01T14:15:18.740000,-0.001726
2025-05-01T14:15:18.750000,-0.004396
2025-05-01T14:15:18.760000,0.002231
2025-05-01T14:15:18.770000,-0.004103
2025-05-01T14:15:18.780000,0.013753
2025-05-01T14:15:18.790000,-0.011685
2025-05-01T14:15:18.800000,-0.000705
2025-05-01T14:15:18.810000,0.003452
2025-05-01T14:15:18.820000,-0.007491
2025-05-01T14:15:18.830000,-0.009396
2025-05-01T14:15:18.840000,-0.014275
2025-05-01T14:15:18.850000,0.000320
2025-05-01T14:15:18.860000,-0.002334
2025-05-01T14:15:18.870000,0.009359
2025-05-01T14:15:18.880000,-0.000034
2025-05-01T14:15:18.890000,0.011188
2025-05-01T14:15:18.900000,0.017152
2025-05-01T14:15:18.910000,-0.005733
2025-05-01T14:15:18.920000,-0.003308
2025-05-01T14:15:18.930000,0.019009
2025-05-01T14:15:18.940000,0.004252
2025-05-01T14:15:18.950000,0.007474
2025-05-01T14:15:18.960000,-0.007003
2025-05-01T14:15:18.970000,0.006682
2025-05-01T14:15:18.980000,0.012170
2025-05-01T14:15:18.990000,0.014566
2025-05-01T14:15:19,-0.009956
2025-05-01T14:15:19.010000,0.007852
2025-05-01T14:15:19.020000,-0.005379
2025-05-01T14:15:19.030000,-0.008207
2025-05-01T14:15:19.040000,0.011201
2025-05-01T14:15:19.050000,-0.016858
2025-05-01T14:15:19.060000,-0.005547
2025-05-01T14:15:19.070000,-0.008528
2025-05-01T14:15:19.080000,0.014363
2025-05-01T14:15:19.090000,-0.002705
2025-05-01T14:15:19.100000,-0.011270
2025-05-01T14:15:19.110000,0.002949
2025-05-01T14:15:19.120000,0.009120
2025-05-01T14:15:19.130000,-0.003424
2025-05-01T14:15:19.140000,0.012595
2025-05-01T14:15:19.150000,-0.007390
2025-05-01T14:15:19.160000,-0.015556
2025-05-01T14:15:19.170000,-0.001478
2025-05-01T14:15:19.180000,0.003123
2025-05-01T14:15:19.190000,-0.005693
2025-05-01T14:15:19.200000,0.003047
2025-05-01T14:15:19.210000,0.005230
2025-05-01T14:15:19.220000,0.005790
2025-05-01T14:15:19.230000,0.000706
2025-05-01T14:15:19.240000,-0.008295
2025-05-01T14:15:19.250000,-0.002946
2025-05-01T14:15:19.260000,-0.001730
2025-05-01T14:15:19.270000,-0.006580
2025-05-01T14:15:19.280000,-0.000787
2025-05-01T14:15:19.290000,0.014555
2025-05-01T14:15:19.300000,0.004165
2025-05-01T14:15:19.310000,0.006552
2025-05-01T14:15:19.320000,-0.001602
2025-05-01T14:15:19.330000,0.003392
2025-05-01T14:15:19.340000,0.004536
2025-05-01T14:15:19.350000,0.006106
2025-05-01T14:15:19.360000,0.000143
2025-05-01T14:15:19.370000,0.007282
2025-05-01T14:15:19.380000,0.001091
2025-05-01T14:15:19.390000,0.008390
2025-05-01T14:15:19.400000,0.004811
2025-05-01T14:15:19.410000,0.001368
2025-05-01T14:15:19.420000,0.010407
2025-05-01T14:15:19.430000,0.002580
2025-05-01T14:15:19.440000,0.006030
2025-05-01T14:15:19.450000,-0.008724
2025-05-01T14:15:19.460000,0.004334
2025-05-01T14:15:19.470000,0.009088
2025-05-01T14:15:19.480000,0.002248
2025-05-01T14:15:19.490000,-0.004431
2025-05-01T14:15:19.500000,0.000403
2025-05-01T14:15:19.510000,0.006320
2025-05-01T14:15:19.520000,0.009117
2025-05-01T14:15:19.530000,-0.004227
2025-05-01T14:15:19.540000,-0.000173
2025-05-01T14:15:19.550000,-0.009860
2025-05-01T14:15:19.560000,0.011958
2025-05-01T14:15:19.570000,0.002068
2025-05-01T14:15:19.580000,0.002283
2025-05-01T14:15:19.590000,0.002056
2025-05-01T14:15:19.600000,-0.006169
2025-05-01T14:15:19.610000,0.007957
2025-05-01T14:15:19.620000,-0.008472
2025-05-01T14:15:19.630000,-0.004369
2025-05-01T14:15:19.640000,-0.000849
2025-05-01T14:15:19.650000,-0.000080
2025-05-01T14:15:19.660000,-0.001082
2025-05-01T14:15:19.670000,-0.004167
2025-05-01T14:15:19.680000,-0.003981
2025-05-01T14:15:19.690000,0.006459
2025-05-01T14:15:19.700000,0.009209
2025-05-01T14:15:19.710000,-0.008827
2025-05-01T14:15:19.720000,-0.009279
2025-05-01T14:15:19.730000,0.005178
2025-05-01T14:15:19.740000,-0.001302
2025-05-01T14:15:19.750000,0.010742
2025-05-01T14:15:19.760000,0.012248
2025-05-01T14:15:19.770000,-0.001746
2025-05-01T14:15:19.780000,0.003363
2025-05-01T14:15:19.790000,-0.002679
2025-05-01T14:15:19.800000,0.004001
2025-05-01T14:15:19.810000,-0.013190
2025-05-01T14:15:19.820000,-0.007957
2025-05-01T14:15:19.830000,-0.011430
2025-05-01T14:15:19.840000,0.002540
2025-05-01T14:15:19.850000,0.019562
2025-05-01T14:15:19.860000,-0.008334
2025-05-01T14:15:19.870000,0.002291
2025-05-01T14:15:19.880000,-0.010655
2025-05-01T14:15:19.890000,0.010846
2025-05-01T14:15:19.900000,-0.012371
2025-05-01T14:15:19.910000,-0.000553
2025-05-01T14:15:19.920000,-0.012161
2025-05-01T14:15:19.930000,0.023393
2025-05-01T14:15:19.940000,-0.009691
2025-05-01T14:15:19.950000,0.005917
2025-05-01T14:15:19.960000,-0.012868
2025-05-01T14:15:19.970000,0.021675
2025-05-01T14:15:19.980000,-0.017655
2025-05-01T14:15:19.990000,0.014467
2025-05-01T14:15:20,0.002634
2025-05-01T14:15:20.010000,0.002711
2025-05-01T14:15:20.020000,-0.009098
2025-05-01T14:15:20.030000,0.004330
2025-05-01T14:15:20.040000,0.000149
2025-05-01T14:15:20.050000,0.005584
2025-05-01T14:15:20.060000,-0.008091
2025-05-01T14:15:20.070000,-0.022322
2025-05-01T14:15:20.080000,0.006321
2025-05-01T14:15:20.090000,-0.000313
2025-05-01T14:15:20.100000,-0.001683
2025-05-01T14:15:20.110000,0.005509
2025-05-01T14:15:20.120000,-0.018537
2025-05-01T14:15:20.130000,-0.009339
2025-05-01T14:15:20.140000,-0.011742
2025-05-01T14:15:20.150000,-0.001284
2025-05-01T14:15:20.160000,0.017597
2025-05-01T14:15:20.170000,0.012769
2025-05-01T14:15:20.180000,0.015801
2025-05-01T14:15:20.190000,0.007467
2025-05-01T14:15:20.200000,0.000518
2025-05-01T14:15:20.210000,0.007822
2025-05-01T14:15:20.220000,0.014800
2025-05-01T14:15:20.230000,0.009849
2025-05-01T14:15:20.240000,-0.021284
2025-05-01T14:15:20.250000,0.007345
2025-05-01T14:15:20.260000,0.018565
2025-05-01T14:15:20.270000,-0.017257
2025-05-01T14:15:20.280000,-0.003642
2025-05-01T14:15:20.290000,0.007091
2025-05-01T14:15:20.300000,-0.002873
2025-05-01T14:15:20.310000,0.001705
2025-05-01T14:15:20.320000,0.004017
2025-05-01T14:15:20.330000,0.012715
2025-05-01T14:15:20.340000,-0.004434
2025-05-01T14:15:20.350000,0.003370
2025-05-01T14:15:20.360000,-0.004280
2025-05-01T14:15:20.370000,-0.022473
2025-05-01T14:15:20.380000,0.001496
2025-05-01T14:15:20.390000,-0.006353
2025-05-01T14:15:20.400000,0.014297
2025-05-01T14:15:20.410000,0.006721
2025-05-01T14:15:20.420000,-0.001464
2025-05-01T14:15:20.430000,0.007026
2025-05-01T14:15:20.440000,-0.011629
2025-05-01T14:15:20.450000,0.001830
2025-05-01T14:15:20.460000,0.001959
2025-05-01T14:15:20.470000,-0.003335
2025-05-01T14:15:20.480000,0.002753
2025-05-01T14:15:20.490000,0.004960
2025-05-01T14:15:20.500000,-0.018552
2025-05-01T14:15:20.510000,0.009531
2025-05-01T14:15:20.520000,0.017882
2025-05-01T14:15:20.530000,0.005183
2025-05-01T14:15:20.540000,0.004162
2025-05-01T14:15:20.550000,-0.006454
2025-05-01T14:15:20.560000,-0.007476
2025-05-01T14:15:20.570000,-0.006051
2025-05-01T14:15:20.580000,-0.016093
2025-05-01T14:15:20.590000,-0.009681
2025-05-01T14:15:20.600000,0.007756
2025-05-01T14:15:20.610000,-0.001640
2025-05-01T14:15:20.620000,-0.025678
2025-05-01T14:15:20.630000,0.013398
2025-05-01T14:15:20.640000,-0.008314
2025-05-01T14:15:20.650000,-0.000976
2025-05-01T14:15:20.660000,0.014137
2025-05-01T14:15:20.670000,0.005665
2025-05-01T14:15:20.680000,0.006593
2025-05-01T14:15:20.690000,-0.003959
2025-05-01T14:15:20.700000,0.007190
2025-05-01T14:15:20.710000,0.009028
2025-05-01T14:15:20.720000,0.017671
2025-05-01T14:15:20.730000,-0.001389
2025-05-01T14:15:20.740000,0.001177
2025-05-01T14:15:20.750000,0.001250
2025-05-01T14:15:20.760000,-0.012088
2025-05-01T14:15:20.770000,-0.001735
2025-05-01T14:15:20.780000,0.009517
2025-05-01T14:15:20.790000,-0.005757
2025-05-01T14:15:20.800000,-0.004215
2025-05-01T14:15:20.810000,0.008366
2025-05-01T14:15:20.820000,-0.011852
2025-05-01T14:15:20.830000,0.016891
2025-05-01T14:15:20.840000,0.021452
2025-05-01T14:15:20.850000,0.013459
2025-05-01T14:15:20.860000,0.007112
2025-05-01T14:15:20.870000,0.006720
2025-05-01T14:15:20.880000,-0.009671
2025-05-01T14:15:20.890000,0.010903
2025-05-01T14:15:20.900000,-0.002623
2025-05-01T14:15:20.910000,0.001923
2025-05-01T14:15:20.920000,0.003177
2025-05-01T14:15:20.930000,0.009976
2025-05-01T14:15:20.940000,-0.001092
2025-05-01T14:15:20.950000,0.002279
2025-05-01T14:15:20.960000,-0.013819
2025-05-01T14:15:20.970000,-0.000855
2025-05-01T14:15:20.980000,-0.001587
2025-05-01T14:15:20.990000,-0.003792
2025-05-01T14:15:21,0.002385
2025-05-01T14:15:21.010000,0.005184
2025-05-01T14:15:21.020000,-0.008136
2025-05-01T14:15:21.030000,0.008493
2025-05-01T14:15:21.040000,0.001212
2025-05-01T14:15:21.050000,0.011707
2025-05-01T14:15:21.060000,-0.008509
2025-05-01T14:15:21.070000,0.009220
2025-05-01T14:15:21.080000,0.012149
2025-05-01T14:15:21.090000,-0.016490
2025-05-01T14:15:21.100000,0.001021
2025-05-01T14:15:21.110000,0.010156
2025-05-01T14:15:21.120000,0.014860
2025-05-01T14:15:21.130000,-0.005012
2025-05-01T14:15:21.140000,0.009408
2025-05-01T14:15:21.150000,-0.015137
2025-05-01T14:15:21.160000,-0.002268
2025-05-01T14:15:21.170000,-0.007339
2025-05-01T14:15:21.180000,0.003429
2025-05-01T14:15:21.190000,0.010726
2025-05-01T14:15:21.200000,0.018226
2025-05-01T14:15:21.210000,-0.004189
2025-05-01T14:15:21.220000,0.011424
2025-05-01T14:15:21.230000,0.011612
2025-05-01T14:15:21.240000,0.006793
2025-05-01T14:15:21.250000,0.010163
2025-05-01T14:15:21.260000,0.000422
2025-05-01T14:15:21.270000,-0.009369
2025-05-01T14:15:21.280000,0.009374
2025-05-01T14:15:21.290000,0.008523
2025-05-01T14:15:21.300000,-0.013971
2025-05-01T14:15:21.310000,-0.019582
2025-05-01T14:15:21.320000,0.018484
2025-05-01T14:15:21.330000,0.003669
2025-05-01T14:15:21.340000,0.006472
2025-05-01T14:15:21.350000,-0.021628
2025-05-01T14:15:21.360000,0.003679
2025-05-01T14:15:21.370000,-0.002633
2025-05-01T14:15:21.380000,0.008929
2025-05-01T14:15:21.390000,0.003226
2025-05-01T14:15:21.400000,-0.007173
2025-05-01T14:15:21.410000,-0.001784
2025-05-01T14:15:21.420000,-0.000549
2025-05-01T14:15:21.430000,0.003323
2025-05-01T14:15:21.440000,0.003690
2025-05-01T14:15:21.450000,-0.001806
2025-05-01T14:15:21.460000,-0.007788
2025-05-01T14:15:21.470000,-0.009985
2025-05-01T14:15:21.480000,-0.015170
2025-05-01T14:15:21.490000,-0.002676
2025-05-01T14:15:21.500000,0.014475
2025-05-01T14:15:21.510000,0.000264
2025-05-01T14:15:21.520000,0.000512
2025-05-01T14:15:21.530000,0.020810
2025-05-01T14:15:21.540000,-0.018933
2025-05-01T14:15:21.550000,0.016111
2025-05-01T14:15:21.560000,-0.007499
2025-05-01T14:15:21.570000,0.008357
2025-05-01T14:15:21.580000,0.024691
2025-05-01T14:15:21.590000,0.013496
2025-05-01T14:15:21.600000,0.012364
2025-05-01T14:15:21.610000,-0.006260
2025-05-01T14:15:21.620000,-0.010858
2025-05-01T14:15:21.630000,0.017594
2025-05-01T14:15:21.640000,0.008029
2025-05-01T14:15:21.650000,0.003716
2025-05-01T14:15:21.660000,0.024308
2025-05-01T14:15:21.670000,0.014002
2025-05-01T14:15:21.680000,0.005985
2025-05-01T14:15:21.690000,0.003805
2025-05-01T14:15:21.700000,-0.012371
2025-05-01T14:15:21.710000,-0.008092
2025-05-01T14:15:21.720000,-0.015789
2025-05-01T14:15:21.730000,-0.018540
2025-05-01T14:15:21.740000,-0.011232
2025-05-01T14:15:21.750000,-0.010558
2025-05-01T14:15:21.760000,0.008293
2025-05-01T14:15:21.770000,-0.008991
2025-05-01T14:15:21.780000,-0.007123
2025-05-01T14:15:21.790000,0.003225
2025-05-01T14:15:21.800000,0.011683
2025-05-01T14:15:21.810000,0.008440
2025-05-01T14:15:21.820000,-0.005017
2025-05-01T14:15:21.830000,0.009106
2025-05-01T14:15:21.840000,-0.008097
2025-05-01T14:15:21.850000,0.008096
2025-05-01T14:15:21.860000,0.024600
2025-05-01T14:15:21.870000,0.003321
2025-05-01T14:15:21.880000,-0.035765
2025-05-01T14:15:21.890000,-0.018418
2025-05-01T14:15:21.900000,-0.015420
2025-05-01T14:15:21.910000,0.016813
2025-05-01T14:15:21.920000,0.015341
2025-05-01T14:15:21.930000,0.006951
2025-05-01T14:15:21.940000,0.000260
2025-05-01T14:15:21.950000,-0.017070
2025-05-01T14:15:21.960000,-0.005563
2025-05-01T14:15:21.970000,-0.017913
2025-05-01T14:15:21.980000,0.014478
2025-05-01T14:15:21.990000,-0.003677
2025-05-01T14:15:22,-0.007542
2025-05-01T14:15:22.010000,-0.001195
2025-05-01T14:15:22.020000,0.016276
2025-05-01T14:15:22.030000,-0.004638
2025-05-01T14:15:22.040000,0.001790
2025-05-01T14:15:22.050000,-0.014312
2025-05-01T14:15:22.060000,-0.000418
2025-05-01T14:15:22.070000,-0.001959
2025-05-01T14:15:22.080000,0.006499
2025-05-01T14:15:22.090000,-0.011341
2025-05-01T14:15:22.100000,-0.011478
2025-05-01T14:15:22.110000,-0.003022
2025-05-01T14:15:22.120000,-0.012840
2025-05-01T14:15:22.130000,0.006782
2025-05-01T14:15:22.140000,-0.008568
2025-05-01T14:15:22.150000,0.015267
2025-05-01T14:15:22.160000,-0.006380
2025-05-01T14:15:22.170000,-0.000519
2025-05-01T14:15:22.180000,0.004631
2025-05-01T14:15:22.190000,0.000791
2025-05-01T14:15:22.200000,-0.011511
2025-05-01T14:15:22.210000,-0.007062
2025-05-01T14:15:22.220000,-0.006291
2025-05-01T14:15:22.230000,0.010369
2025-05-01T14:15:22.240000,0.001529
2025-05-01T14:15:22.250000,0.012723
2025-05-01T14:15:22.260000,-0.014207
2025-05-01T14:15:22.270000,0.012471
2025-05-01T14:15:22.280000,0.007791
2025-05-01T14:15:22.290000,0.001550
2025-05-01T14:15:22.300000,-0.004423
2025-05-01T14:15:22.310000,-0.003613
2025-05-01T14:15:22.320000,-0.013715
2025-05-01T14:15:22.330000,-0.005772
2025-05-01T14:15:22.340000,0.015133
2025-05-01T14:15:22.350000,-0.008057
2025-05-01T14:15:22.360000,-0.003749
2025-05-01T14:15:22.370000,0.002470
2025-05-01T14:15:22.380000,0.010712
2025-05-01T14:15:22.390000,0.007345
2025-05-01T14:15:22.400000,-0.003544
2025-05-01T14:15:22.410000,-0.007272
2025-05-01T14:15:22.420000,-0.017380
2025-05-01T14:15:22.430000,0.000811
2025-05-01T14:15:22.440000,-0.014308
2025-05-01T14:15:22.450000,0.010349
2025-05-01T14:15:22.460000,-0.005405
2025-05-01T14:15:22.470000,0.007138
2025-05-01T14:15:22.480000,0.000818
2025-05-01T14:15:22.490000,0.010666
2025-05-01T14:15:22.500000,0.017853
2025-05-01T14:15:22.510000,0.008711
2025-05-01T14:15:22.520000,-0.000382
2025-05-01T14:15:22.530000,0.007002
2025-05-01T14:15:22.540000,0.004463
2025-05-01T14:15:22.550000,-0.005056
2025-05-01T14:15:22.560000,-0.009714
2025-05-01T14:15:22.570000,0.001510
2025-05-01T14:15:22.580000,0.003937
2025-05-01T14:15:22.590000,0.020795
2025-05-01T14:15:22.600000,-0.002139
2025-05-01T14:15:22.610000,0.007608
2025-05-01T14:15:22.620000,0.016105
2025-05-01T14:15:22.630000,-0.000063
2025-05-01T14:15:22.640000,0.013382
2025-05-01T14:15:22.650000,-0.010599
2025-05-01T14:15:22.660000,0.006561
2025-05-01T14:15:22.670000,-0.008543
2025-05-01T14:15:22.680000,-0.003299
2025-05-01T14:15:22.690000,-0.004200
2025-05-01T14:15:22.700000,-0.001292
2025-05-01T14:15:22.710000,0.015348
2025-05-01T14:15:22.720000,-0.003852
2025-05-01T14:15:22.730000,0.003844
2025-05-01T14:15:22.740000,-0.016355
2025-05-01T14:15:22.750000,0.005275
2025-05-01T14:15:22.760000,-0.007060
2025-05-01T14:15:22.770000,-0.011307
2025-05-01T14:15:22.780000,0.008502
2025-05-01T14:15:22.790000,0.005786
2025-05-01T14:15:22.800000,0.018806
2025-05-01T14:15:22.810000,-0.027746
2025-05-01T14:15:22.820000,0.004425
2025-05-01T14:15:22.830000,-0.001252
2025-05-01T14:15:22.840000,-0.007904
2025-05-01T14:15:22.850000,0.005098
2025-05-01T14:15:22.860000,-0.012803
2025-05-01T14:15:22.870000,-0.013408
2025-05-01T14:15:22.880000,0.000954
2025-05-01T14:15:22.890000,-0.002283
2025-05-01T14:15:22.900000,-0.001070
2025-05-01T14:15:22.910000,0.002324
2025-05-01T14:15:22.920000,0.015503
2025-05-01T14:15:22.930000,0.011125
2025-05-01T14:15:22.940000,0.000750
2025-05-01T14:15:22.950000,0.001291
2025-05-01T14:15:22.960000,0.000941
2025-05-01T14:15:22.970000,0.002354
2025-05-01T14:15:22.980000,-0.005511
2025-05-01T14:15:22.990000,-0.008716
2025-05-01T14:15:23,0.014005
2025-05-01T14:15:23.010000,0.014614
2025-05-01T14:15:23.020000,-0.000448
2025-05-01T14:15:23.030000,0.002542
2025-05-01T14:15:23.040000,-0.008177
2025-05-01T14:15:23.050000,-0.002141
2025-05-01T14:15:23.060000,0.003923
2025-05-01T14:15:23.070000,0.014709
2025-05-01T14:15:23.080000,0.000039
2025-05-01T14:15:23.090000,0.001852
2025-05-01T14:15:23.100000,0.007037
2025-05-01T14:15:23.110000,-0.012670
2025-05-01T14:15:23.120000,0.006601
2025-05-01T14:15:23.130000,-0.001131
2025-05-01T14:15:23.140000,0.002806
2025-05-01T14:15:23.150000,0.001984
2025-05-01T14:15:23.160000,0.000356
2025-05-01T14:15:23.170000,-0.002153
2025-05-01T14:15:23.180000,0.006520
2025-05-01T14:15:23.190000,-0.017670
2025-05-01T14:15:23.200000,-0.008456
2025-05-01T14:15:23.210000,-0.014641
2025-05-01T14:15:23.220000,-0.007759
2025-05-01T14:15:23.230000,-0.003193
2025-05-01T14:15:23.240000,-0.001063
2025-05-01T14:15:23.250000,-0.000347
2025-05-01T14:15:23.260000,-0.003169
2025-05-01T14:15:23.270000,0.022694
2025-05-01T14:15:23.280000,0.007009
2025-05-01T14:15:23.290000,0.003818
2025-05-01T14:15:23.300000,-0.003094
2025-05-01T14:15:23.310000,0.021249
2025-05-01T14:15:23.320000,-0.000782
2025-05-01T14:15:23.330000,0.008787
2025-05-01T14:15:23.340000,0.022437
2025-05-01T14:15:23.350000,0.008475
2025-05-01T14:15:23.360000,-0.014421
2025-05-01T14:15:23.370000,-0.011860
2025-05-01T14:15:23.380000,0.002352
2025-05-01T14:15:23.390000,0.004610
2025-05-01T14:15:23.400000,0.006947
2025-05-01T14:15:23.410000,0.011927
2025-05-01T14:15:23.420000,0.006106
2025-05-01T14:15:23.430000,-0.016314
2025-05-01T14:15:23.440000,-0.020175
2025-05-01T14:15:23.450000,-0.008721
2025-05-01T14:15:23.460000,-0.015173
2025-05-01T14:15:23.470000,0.005724
2025-05-01T14:15:23.480000,0.015215
2025-05-01T14:15:23.490000,0.004055
2025-05-01T14:15:23.500000,-0.004820
2025-05-01T14:15:23.510000,0.000704
2025-05-01T14:15:23.520000,0.002807
2025-05-01T14:15:23.530000,-0.007666
2025-05-01T14:15:23.540000,-0.012466
2025-05-01T14:15:23.550000,-0.007035
2025-05-01T14:15:23.560000,-0.003123
2025-05-01T14:15:23.570000,-0.008527
2025-05-01T14:15:23.580000,-0.003025
2025-05-01T14:15:23.590000,0.008897
2025-05-01T14:15:23.600000,0.011750
2025-05-01T14:15:23.610000,-0.001744
2025-05-01T14:15:23.620000,0.002833
2025-05-01T14:15:23.630000,-0.012096
2025-05-01T14:15:23.640000,0.006658
2025-05-01T14:15:23.650000,0.005215
2025-05-01T14:15:23.660000,-0.006259
2025-05-01T14:15:23.670000,-0.007659
2025-05-01T14:15:23.680000,-0.020649
2025-05-01T14:15:23.690000,0.004381
2025-05-01T14:15:23.700000,0.009225
2025-05-01T14:15:23.710000,0.012331
2025-05-01T14:15:23.720000,-0.011886
2025-05-01T14:15:23.730000,-0.000917
2025-05-01T14:15:23.740000,0.012635
2025-05-01T14:15:23.750000,-0.005155
2025-05-01T14:15:23.760000,0.000443
2025-05-01T14:15:23.770000,0.009545
2025-05-01T14:15:23.780000,0.013406
2025-05-01T14:15:23.790000,0.007659
2025-05-01T14:15:23.800000,0.018455
2025-05-01T14:15:23.810000,-0.012794
2025-05-01T14:15:23.820000,-0.010187
2025-05-01T14:15:23.830000,0.000670
2025-05-01T14:15:23.840000,0.017100
2025-05-01T14:15:23.850000,0.006697
2025-05-01T14:15:23.860000,0.002449
2025-05-01T14:15:23.870000,-0.002493
2025-05-01T14:15:23.880000,0.004556
2025-05-01T14:15:23.890000,-0.022152
2025-05-01T14:15:23.900000,0.001377
2025-05-01T14:15:23.910000,0.012566
2025-05-01T14:15:23.920000,-0.000045
2025-05-01T14:15:23.930000,-0.014640
2025-05-01T14:15:23.940000,-0.008830
2025-05-01T14:15:23.950000,0.016261
2025-05-01T14:15:23.960000,-0.000080
2025-05-01T14:15:23.970000,-0.000062
2025-05-01T14:15:23.980000,-0.000347
2025-05-01T14:15:23.990000,0.021495
2025-05-01T14:15:24,0.017569
2025-05-01T14:15:24.010000,-0.004993
2025-05-01T14:15:24.020000,0.003318
2025-05-01T14:15:24.030000,0.007012
2025-05-01T14:15:24.040000,0.001481
2025-05-01T14:15:24.050000,0.013198
2025-05-01T14:15:24.060000,0.005240
2025-05-01T14:15:24.070000,-0.007847
2025-05-01T14:15:24.080000,-0.017714
2025-05-01T14:15:24.090000,0.000648
2025-05-01T14:15:24.100000,0.006086
2025-05-01T14:15:24.110000,-0.003075
2025-05-01T14:15:24.120000,-0.011860
2025-05-01T14:15:24.130000,0.007485
2025-05-01T14:15:24.140000,-0.006294
2025-05-01T14:15:24.150000,0.002597
2025-05-01T14:15:24.160000,0.008425
2025-05-01T14:15:24.170000,0.015363
2025-05-01T14:15:24.180000,-0.003079
2025-05-01T14:15:24.190000,0.014088
2025-05-01T14:15:24.200000,0.003482
2025-05-01T14:15:24.210000,-0.006716
2025-05-01T14:15:24.220000,-0.004820
2025-05-01T14:15:24.230000,0.002972
2025-05-01T14:15:24.240000,-0.018136
2025-05-01T14:15:24.250000,-0.018294
2025-05-01T14:15:24.260000,0.009425
2025-05-01T14:15:24.270000,0.009082
2025-05-01T14:15:24.280000,-0.007216
2025-05-01T14:15:24.290000,0.009636
2025-05-01T14:15:24.300000,0.006237
2025-05-01T14:15:24.310000,-0.003384
2025-05-01T14:15:24.320000,-0.017654
2025-05-01T14:15:24.330000,-0.003445
2025-05-01T14:15:24.340000,-0.017387
2025-05-01T14:15:24.350000,0.004064
2025-05-01T14:15:24.360000,0.004791
2025-05-01T14:15:24.370000,0.006302
2025-05-01T14:15:24.380000,-0.007002
2025-05-01T14:15:24.390000,-0.003344
2025-05-01T14:15:24.400000,0.001248
2025-05-01T14:15:24.410000,-0.009602
2025-05-01T14:15:24.420000,0.000531
2025-05-01T14:15:24.430000,0.000795
2025-05-01T14:15:24.440000,0.006099
2025-05-01T14:15:24.450000,0.028419
2025-05-01T14:15:24.460000,0.003107
2025-05-01T14:15:24.470000,-0.020674
2025-05-01T14:15:24.480000,0.011985
2025-05-01T14:15:24.490000,-0.004818
2025-05-01T14:15:24.500000,0.018045
2025-05-01T14:15:24.510000,-0.004667
2025-05-01T14:15:24.520000,-0.017106
2025-05-01T14:15:24.530000,0.008022
2025-05-01T14:15:24.540000,0.024066
2025-05-01T14:15:24.550000,0.009712
2025-05-01T14:15:24.560000,0.007671
2025-05-01T14:15:24.570000,-0.004403
2025-05-01T14:15:24.580000,0.003644
2025-05-01T14:15:24.590000,-0.002452
2025-05-01T14:15:24.600000,-0.002507
2025-05-01T14:15:24.610000,0.016060
2025-05-01T14:15:24.620000,0.000233
2025-05-01T14:15:24.630000,-0.005642
2025-05-01T14:15:24.640000,-0.004080
2025-05-01T14:15:24.650000,0.011752
2025-05-01T14:15:24.660000,-0.003154
2025-05-01T14:15:24.670000,-0.009270
2025-05-01T14:15:24.680000,0.022325
2025-05-01T14:15:24.690000,-0.007255
2025-05-01T14:15:24.700000,0.000607
2025-05-01T14:15:24.710000,-0.004080
2025-05-01T14:15:24.720000,0.006111
2025-05-01T14:15:24.730000,-0.004498
2025-05-01T14:15:24.740000,0.007193
2025-05-01T14:15:24.750000,0.020484
2025-05-01T14:15:24.760000,0.007080
2025-05-01T14:15:24.770000,0.001618
2025-05-01T14:15:24.780000,-0.002308
2025-05-01T14:15:24.790000,0.002639
2025-05-01T14:15:24.800000,0.002840
2025-05-01T14:15:24.810000,-0.006748
2025-05-01T14:15:24.820000,0.020304
2025-05-01T14:15:24.830000,0.032073
2025-05-01T14:15:24.840000,0.002061
2025-05-01T14:15:24.850000,-0.009504
2025-05-01T14:15:24.860000,-0.039228
2025-05-01T14:15:24.870000,0.001891
2025-05-01T14:15:24.880000,-0.008205
2025-05-01T14:15:24.890000,-0.016406
2025-05-01T14:15:24.900000,0.001709
2025-05-01T14:15:24.910000,-0.001321
2025-05-01T14:15:24.920000,0.009061
2025-05-01T14:15:24.930000,0.002452
2025-05-01T14:15:24.940000,-0.001531
2025-05-01T14:15:24.950000,0.006211
2025-05-01T14:15:24.960000,0.003866
2025-05-01T14:15:24.970000,-0.005113
2025-05-01T14:15:24.980000,0.000180
2025-05-01T14:15:24.990000,0.005134
2025-05-01T14:15:25,-0.016867
2025-05-01T14:15:25.010000,0.008520
2025-05-01T14:15:25.020000,0.010061
2025-05-01T14:15:25.030000,-0.000143
2025-05-01T14:15:25.040000,-0.012600
2025-05-01T14:15:25.050000,0.001657
2025-05-01T14:15:25.060000,-0.015623
2025-05-01T14:15:25.070000,-0.001761
2025-05-01T14:15:25.080000,-0.011061
2025-05-01T14:15:25.090000,-0.001730
2025-05-01T14:15:25.100000,-0.013080
2025-05-01T14:15:25.110000,0.007827
2025-05-01T14:15:25.120000,0.008871
2025-05-01T14:15:25.130000,0.009695
2025-05-01T14:15:25.140000,0.008609
2025-05-01T14:15:25.150000,-0.007214
2025-05-01T14:15:25.160000,-0.000402
2025-05-01T14:15:25.170000,-0.022194
2025-05-01T14:15:25.180000,0.008304
2025-05-01T14:15:25.190000,0.001449
2025-05-01T14:15:25.200000,0.004503
2025-05-01T14:15:25.210000,-0.015256
2025-05-01T14:15:25.220000,-0.007325
2025-05-01T14:15:25.230000,0.007125
2025-05-01T14:15:25.240000,0.002601
2025-05-01T14:15:25.250000,-0.007685
2025-05-01T14:15:25.260000,0.001332
2025-05-01T14:15:25.270000,0.003661
2025-05-01T14:15:25.280000,0.003942
2025-05-01T14:15:25.290000,0.003461
2025-05-01T14:15:25.300000,-0.015984
2025-05-01T14:15:25.310000,-0.007228
2025-05-01T14:15:25.320000,-0.004790
2025-05-01T14:15:25.330000,0.011242
2025-05-01T14:15:25.340000,-0.009136
2025-05-01T14:15:25.350000,-0.001990
2025-05-01T14:15:25.360000,0.000064
2025-05-01T14:15:25.370000,-0.001862
2025-05-01T14:15:25.380000,0.011307
2025-05-01T14:15:25.390000,0.006221
2025-05-01T14:15:25.400000,-0.018148
2025-05-01T14:15:25.410000,-0.003851
2025-05-01T14:15:25.420000,0.014887
2025-05-01T14:15:25.430000,-0.012063
2025-05-01T14:15:25.440000,-0.011438
2025-05-01T14:15:25.450000,0.001583
2025-05-01T14:15:25.460000,0.001292
2025-05-01T14:15:25.470000,-0.008582
2025-05-01T14:15:25.480000,0.001510
2025-05-01T14:15:25.490000,0.009674
2025-05-01T14:15:25.500000,-0.018046
2025-05-01T14:15:25.510000,0.005217
2025-05-01T14:15:25.520000,-0.004588
2025-05-01T14:15:25.530000,-0.008156
2025-05-01T14:15:25.540000,0.013414
2025-05-01T14:15:25.550000,-0.003241
2025-05-01T14:15:25.560000,0.007487
2025-05-01T14:15:25.570000,-0.012794
2025-05-01T14:15:25.580000,-0.010071
2025-05-01T14:15:25.590000,-0.008349
2025-05-01T14:15:25.600000,-0.000947
2025-05-01T14:15:25.610000,0.002718
2025-05-01T14:15:25.620000,-0.003857
2025-05-01T14:15:25.630000,-0.000242
2025-05-01T14:15:25.640000,-0.002341
2025-05-01T14:15:25.650000,-0.004679
2025-05-01T14:15:25.660000,-0.009993
2025-05-01T14:15:25.670000,0.002773
2025-05-01T14:15:25.680000,-0.007269
2025-05-01T14:15:25.690000,0.003054
2025-05-01T14:15:25.700000,-0.008849
2025-05-01T14:15:25.710000,-0.014932
2025-05-01T14:15:25.720000,-0.014270
2025-05-01T14:15:25.730000,0.001821
2025-05-01T14:15:25.740000,-0.003221
2025-05-01T14:15:25.750000,-0.004260
2025-05-01T14:15:25.760000,0.007314
2025-05-01T14:15:25.770000,-0.006143
2025-05-01T14:15:25.780000,0.014416
2025-05-01T14:15:25.790000,-0.007920
2025-05-01T14:15:25.800000,-0.005713
2025-05-01T14:15:25.810000,0.011048
2025-05-01T14:15:25.820000,-0.003990
2025-05-01T14:15:25.830000,-0.000593
2025-05-01T14:15:25.840000,-0.004257
2025-05-01T14:15:25.850000,-0.018324
2025-05-01T14:15:25.860000,-0.004382
2025-05-01T14:15:25.870000,0.005965
2025-05-01T14:15:25.880000,0.013787
2025-05-01T14:15:25.890000,0.015135
2025-05-01T14:15:25.900000,0.003000
2025-05-01T14:15:25.910000,-0.016741
2025-05-01T14:15:25.920000,-0.003670
2025-05-01T14:15:25.930000,-0.000479
2025-05-01T14:15:25.940000,-0.003803
2025-05-01T14:15:25.950000,-0.004984
2025-05-01T14:15:25.960000,0.004495
2025-05-01T14:15:25.970000,0.005169
2025-05-01T14:15:25.980000,-0.010634
2025-05-01T14:15:25.990000,0.008356
2025-05-01T14:15:26,0.005987
2025-05-01T14:15:26.010000,0.000930
2025-05-01T14:15:26.020000,-0.014276
2025-05-01T14:15:26.030000,-0.004795
2025-05-01T14:15:26.040000,0.007111
2025-05-01T14:15:26.050000,0.011537
2025-05-01T14:15:26.060000,-0.008265
2025-05-01T14:15:26.070000,0.016837
2025-05-01T14:15:26.080000,-0.015615
2025-05-01T14:15:26.090000,0.006063
2025-05-01T14:15:26.100000,-0.016214
2025-05-01T14:15:26.110000,0.004338
2025-05-01T14:15:26.120000,0.004134
2025-05-01T14:15:26.130000,-0.007104
2025-05-01T14:15:26.140000,-0.010627
2025-05-01T14:15:26.150000,-0.000172
2025-05-01T14:15:26.160000,-0.003148
2025-05-01T14:15:26.170000,-0.010040
2025-05-01T14:15:26.180000,0.023804
2025-05-01T14:15:26.190000,-0.009743
2025-05-01T14:15:26.200000,-0.005578
2025-05-01T14:15:26.210000,-0.000901
2025-05-01T14:15:26.220000,0.012990
2025-05-01T14:15:26.230000,-0.017250
2025-05-01T14:15:26.240000,0.003570
2025-05-01T14:15:26.250000,0.008195
2025-05-01T14:15:26.260000,-0.014474
2025-05-01T14:15:26.270000,0.000930
2025-05-01T14:15:26.280000,-0.011157
2025-05-01T14:15:26.290000,0.020921
2025-05-01T14:15:26.300000,0.001246
2025-05-01T14:15:26.310000,-0.016652
2025-05-01T14:15:26.320000,-0.009029
2025-05-01T14:15:26.330000,-0.000951
2025-05-01T14:15:26.340000,-0.008666
2025-05-01T14:15:26.350000,-0.001107
2025-05-01T14:15:26.360000,-0.000794
2025-05-01T14:15:26.370000,-0.002937
2025-05-01T14:15:26.380000,-0.003843
2025-05-01T14:15:26.390000,0.005065
2025-05-01T14:15:26.400000,0.010157
2025-05-01T14:15:26.410000,-0.015236
2025-05-01T14:15:26.420000,-0.014695
2025-05-01T14:15:26.430000,0.001578
2025-05-01T14:15:26.440000,0.004356
2025-05-01T14:15:26.450000,-0.009874
2025-05-01T14:15:26.460000,-0.002776
2025-05-01T14:15:26.470000,0.000797
2025-05-01T14:15:26.480000,-0.013738
2025-05-01T14:15:26.490000,0.002464
2025-05-01T14:15:26.500000,0.003476
2025-05-01T14:15:26.510000,-0.015950
2025-05-01T14:15:26.520000,-0.021547
2025-05-01T14:15:26.530000,0.008147
2025-05-01T14:15:26.540000,-0.008708
2025-05-01T14:15:26.550000,-0.015873
2025-05-01T14:15:26.560000,-0.011049
2025-05-01T14:15:26.570000,0.017402
2025-05-01T14:15:26.580000,-0.009559
2025-05-01T14:15:26.590000,-0.018424
2025-05-01T14:15:26.600000,-0.007998
2025-05-01T14:15:26.610000,0.003810
2025-05-01T14:15:26.620000,0.009750
2025-05-01T14:15:26.630000,0.001606
2025-05-01T14:15:26.640000,-0.001775
2025-05-01T14:15:26.650000,0.008909
2025-05-01T14:15:26.660000,0.007462
2025-05-01T14:15:26.670000,0.004474
2025-05-01T14:15:26.680000,-0.008379
2025-05-01T14:15:26.690000,-0.016037
2025-05-01T14:15:26.700000,0.002440
2025-05-01T14:15:26.710000,-0.005718
2025-05-01T14:15:26.720000,0.007790
2025-05-01T14:15:26.730000,-0.013590
2025-05-01T14:15:26.740000,-0.009751
2025-05-01T14:15:26.750000,-0.019897
2025-05-01T14:15:26.760000,-0.003497
2025-05-01T14:15:26.770000,0.009428
2025-05-01T14:15:26.780000,0.006949
2025-05-01T14:15:26.790000,-0.015440
2025-05-01T14:15:26.800000,0.006088
2025-05-01T14:15:26.810000,-0.000333
2025-05-01T14:15:26.820000,-0.000278
2025-05-01T14:15:26.830000,0.012542
2025-05-01T14:15:26.840000,-0.014470
2025-05-01T14:15:26.850000,-0.023048
2025-05-01T14:15:26.860000,-0.006084
2025-05-01T14:15:26.870000,0.003480
2025-05-01T14:15:26.880000,-0.011470
2025-05-01T14:15:26.890000,-0.007332
2025-05-01T14:15:26.900000,0.003067
2025-05-01T14:15:26.910000,-0.002223
2025-05-01T14:15:26.920000,-0.006009
2025-05-01T14:15:26.930000,0.003322
2025-05-01T14:15:26.940000,0.001341
2025-05-01T14:15:26.950000,-0.012768
2025-05-01T14:15:26.960000,-0.001095
2025-05-01T14:15:26.970000,-0.001994
2025-05-01T14:15:26.980000,0.014435
2025-05-01T14:15:26.990000,0.000033
2025-05-01T14:15:27,0.000088
2025-05-01T14:15:27.010000,0.005244
2025-05-01T14:15:27.020000,0.002053
2025-05-01T14:15:27.030000,0.000383
2025-05-01T14:15:27.040000,0.007433
2025-05-01T14:15:27.050000,-0.002725
2025-05-01T14:15:27.060000,0.012578
2025-05-01T14:15:27.070000,0.005731
2025-05-01T14:15:27.080000,-0.009504
2025-05-01T14:15:27.090000,0.007552
2025-05-01T14:15:27.100000,-0.014263
2025-05-01T14:15:27.110000,-0.010185
2025-05-01T14:15:27.120000,-0.000913
2025-05-01T14:15:27.130000,0.006060
2025-05-01T14:15:27.140000,0.006430
2025-05-01T14:15:27.150000,0.006823
2025-05-01T14:15:27.160000,0.001100
2025-05-01T14:15:27.170000,-0.003793
2025-05-01T14:15:27.180000,-0.001962
2025-05-01T14:15:27.190000,0.006114
2025-05-01T14:15:27.200000,-0.002345
2025-05-01T14:15:27.210000,0.002581
2025-05-01T14:15:27.220000,-0.000712
2025-05-01T14:15:27.230000,0.004129
2025-05-01T14:15:27.240000,0.005565
2025-05-01T14:15:27.250000,0.008740
2025-05-01T14:15:27.260000,0.010836
2025-05-01T14:15:27.270000,0.013189
2025-05-01T14:15:27.280000,-0.008907
2025-05-01T14:15:27.290000,0.004140
2025-05-01T14:15:27.300000,0.010185
2025-05-01T14:15:27.310000,0.012344
2025-05-01T14:15:27.320000,0.006734
2025-05-01T14:15:27.330000,-0.008765
2025-05-01T14:15:27.340000,-0.023696
2025-05-01T14:15:27.350000,-0.006967
2025-05-01T14:15:27.360000,0.000515
2025-05-01T14:15:27.370000,0.001770
2025-05-01T14:15:27.380000,0.009024
2025-05-01T14:15:27.390000,-0.006705
2025-05-01T14:15:27.400000,0.001271
2025-05-01T14:15:27.410000,0.015722
2025-05-01T14:15:27.420000,0.015304
2025-05-01T14:15:27.430000,-0.012154
2025-05-01T14:15:27.440000,-0.002493
2025-05-01T14:15:27.450000,0.003092
2025-05-01T14:15:27.460000,0.018153
2025-05-01T14:15:27.470000,0.002718
2025-05-01T14:15:27.480000,0.001866
2025-05-01T14:15:27.490000,0.003591
2025-05-01T14:15:27.500000,0.001663
2025-05-01T14:15:27.510000,0.008839
2025-05-01T14:15:27.520000,0.013164
2025-05-01T14:15:27.530000,-0.011859
2025-05-01T14:15:27.540000,-0.000301
2025-05-01T14:15:27.550000,0.009536
2025-05-01T14:15:27.560000,0.004775
2025-05-01T14:15:27.570000,0.016609
2025-05-01T14:15:27.580000,-0.007044
2025-05-01T14:15:27.590000,0.011291
2025-05-01T14:15:27.600000,-0.000287
2025-05-01T14:15:27.610000,-0.008146
2025-05-01T14:15:27.620000,-0.011311
2025-05-01T14:15:27.630000,0.006703
2025-05-01T14:15:27.640000,0.009834
2025-05-01T14:15:27.650000,0.001847
2025-05-01T14:15:27.660000,0.002227
2025-05-01T14:15:27.670000,0.004300
2025-05-01T14:15:27.680000,0.007586
2025-05-01T14:15:27.690000,-0.008387
2025-05-01T14:15:27.700000,-0.002277
2025-05-01T14:15:27.710000,0.000449
2025-05-01T14:15:27.720000,0.009607
2025-05-01T14:15:27.730000,0.001019
2025-05-01T14:15:27.740000,-0.000737
2025-05-01T14:15:27.750000,-0.003407
2025-05-01T14:15:27.760000,-0.005273
2025-05-01T14:15:27.770000,0.007458
2025-05-01T14:15:27.780000,-0.001207
2025-05-01T14:15:27.790000,-0.003103
2025-05-01T14:15:27.800000,-0.004938
2025-05-01T14:15:27.810000,0.011656
2025-05-01T14:15:27.820000,-0.002827
2025-05-01T14:15:27.830000,-0.003748
2025-05-01T14:15:27.840000,-0.006334
2025-05-01T14:15:27.850000,0.009601
2025-05-01T14:15:27.860000,0.012510
2025-05-01T14:15:27.870000,-0.006740
2025-05-01T14:15:27.880000,-0.002627
2025-05-01T14:15:27.890000,-0.002731
2025-05-01T14:15:27.900000,-0.009618
2025-05-01T14:15:27.910000,-0.010040
2025-05-01T14:15:27.920000,0.014516
2025-05-01T14:15:27.930000,-0.005745
2025-05-01T14:15:27.940000,0.001698
2025-05-01T14:15:27.950000,0.001324
2025-05-01T14:15:27.960000,-0.002339
2025-05-01T14:15:27.970000,-0.003502
2025-05-01T14:15:27.980000,0.021259
2025-05-01T14:15:27.990000,0.017225
2025-05-01T14:15:28,0.007906
2025-05-01T14:15:28.010000,-0.002486
2025-05-01T14:15:28.020000,-0.009443
2025-05-01T14:15:28.030000,0.008722
2025-05-01T14:15:28.040000,-0.006398
2025-05-01T14:15:28.050000,-0.006101
2025-05-01T14:15:28.060000,-0.008353
2025-05-01T14:15:28.070000,0.000952
2025-05-01T14:15:28.080000,0.001932
2025-05-01T14:15:28.090000,0.000499
2025-05-01T14:15:28.100000,-0.005659
2025-05-01T14:15:28.110000,0.010342
2025-05-01T14:15:28.120000,0.003918
2025-05-01T14:15:28.130000,0.012441
2025-05-01T14:15:28.140000,0.006105
2025-05-01T14:15:28.150000,0.026460
2025-05-01T14:15:28.160000,0.002950
2025-05-01T14:15:28.170000,0.006758
2025-05-01T14:15:28.180000,0.001466
2025-05-01T14:15:28.190000,0.003064
2025-05-01T14:15:28.200000,0.008718
2025-05-01T14:15:28.210000,-0.010918
2025-05-01T14:15:28.220000,0.001723
2025-05-01T14:15:28.230000,-0.010106
2025-05-01T14:15:28.240000,0.020428
2025-05-01T14:15:28.250000,0.008086
2025-05-01T14:15:28.260000,0.004968
2025-05-01T14:15:28.270000,-0.003702
2025-05-01T14:15:28.280000,-0.000782
2025-05-01T14:15:28.290000,0.018113
2025-05-01T14:15:28.300000,0.020436
2025-05-01T14:15:28.310000,-0.017833
2025-05-01T14:15:28.320000,-0.009920
2025-05-01T14:15:28.330000,0.004105
2025-05-01T14:15:28.340000,0.000919
2025-05-01T14:15:28.350000,-0.000324
2025-05-01T14:15:28.360000,0.016542
2025-05-01T14:15:28.370000,0.007046
2025-05-01T14:15:28.380000,0.004032
2025-05-01T14:15:28.390000,-0.006074
2025-05-01T14:15:28.400000,-0.013154
2025-05-01T14:15:28.410000,0.008635
2025-05-01T14:15:28.420000,-0.018352
2025-05-01T14:15:28.430000,0.015527
2025-05-01T14:15:28.440000,-0.016687
2025-05-01T14:15:28.450000,-0.011525
2025-05-01T14:15:28.460000,0.017914
2025-05-01T14:15:28.470000,0.004598
2025-05-01T14:15:28.480000,0.004157
2025-05-01T14:15:28.490000,-0.004357
2025-05-01T14:15:28.500000,-0.001951
2025-05-01T14:15:28.510000,-0.015272
2025-05-01T14:15:28.520000,-0.003000
2025-05-01T14:15:28.530000,0.006484
2025-05-01T14:15:28.540000,-0.000157
2025-05-01T14:15:28.550000,-0.010405
2025-05-01T14:15:28.560000,0.005205
2025-05-01T14:15:28.570000,0.007024
2025-05-01T14:15:28.580000,0.000862
2025-05-01T14:15:28.590000,-0.015828
2025-05-01T14:15:28.600000,-0.004728
2025-05-01T14:15:28.610000,-0.017714
2025-05-01T14:15:28.620000,-0.009047
2025-05-01T14:15:28.630000,-0.001710
2025-05-01T14:15:28.640000,-0.000187
2025-05-01T14:15:28.650000,0.005580
2025-05-01T14:15:28.660000,-0.006377
2025-05-01T14:15:28.670000,-0.013469
2025-05-01T14:15:28.680000,-0.004564
2025-05-01T14:15:28.690000,-0.004697
2025-05-01T14:15:28.700000,0.001936
2025-05-01T14:15:28.710000,0.016326
2025-05-01T14:15:28.720000,0.001725
2025-05-01T14:15:28.730000,0.003350
2025-05-01T14:15:28.740000,-0.000654
2025-05-01T14:15:28.750000,-0.004723
2025-05-01T14:15:28.760000,-0.000127
2025-05-01T14:15:28.770000,0.003084
2025-05-01T14:15:28.780000,0.001876
2025-05-01T14:15:28.790000,-0.019079
2025-05-01T14:15:28.800000,0.011738
2025-05-01T14:15:28.810000,-0.005304
2025-05-01T14:15:28.820000,-0.005947
2025-05-01T14:15:28.830000,0.006331
2025-05-01T14:15:28.840000,0.007718
2025-05-01T14:15:28.850000,-0.003085
2025-05-01T14:15:28.860000,-0.015196
2025-05-01T14:15:28.870000,0.004967
2025-05-01T14:15:28.880000,-0.005555
2025-05-01T14:15:28.890000,0.001002
2025-05-01T14:15:28.900000,0.006154
2025-05-01T14:15:28.910000,-0.013038
2025-05-01T14:15:28.920000,0.003768
2025-05-01T14:15:28.930000,-0.009266
2025-05-01T14:15:28.940000,-0.004791
2025-05-01T14:15:28.950000,0.010516
2025-05-01T14:15:28.960000,-0.003268
2025-05-01T14:15:28.970000,0.004895
2025-05-01T14:15:28.980000,0.004945
2025-05-01T14:15:28.990000,0.000143
2025-05-01T14:15:29,0.008723
2025-05-01T14:15:29.010000,0.000127
2025-05-01T14:15:29.020000,-0.003820
2025-05-01T14:15:29.030000,-0.010157
2025-05-01T14:15:29.040000,-0.010943
2025-05-01T14:15:29.050000,0.005802
2025-05-01T14:15:29.060000,0.009837
2025-05-01T14:15:29.070000,0.000768
2025-05-01T14:15:29.080000,-0.012515
2025-05-01T14:15:29.090000,-0.013093
2025-05-01T14:15:29.100000,-0.011746
2025-05-01T14:15:29.110000,-0.003399
2025-05-01T14:15:29.120000,0.005931
2025-05-01T14:15:29.130000,0.000810
2025-05-01T14:15:29.140000,-0.001870
2025-05-01T14:15:29.150000,-0.027767
2025-05-01T14:15:29.160000,0.001955
2025-05-01T14:15:29.170000,0.004130
2025-05-01T14:15:29.180000,0.011118
2025-05-01T14:15:29.190000,0.008224
2025-05-01T14:15:29.200000,-0.004812
2025-05-01T14:15:29.210000,0.020024
2025-05-01T14:15:29.220000,-0.003348
2025-05-01T14:15:29.230000,-0.001281
2025-05-01T14:15:29.240000,0.010966
2025-05-01T14:15:29.250000,0.001248
2025-05-01T14:15:29.260000,-0.014371
2025-05-01T14:15:29.270000,0.020305
2025-05-01T14:15:29.280000,0.017845
2025-05-01T14:15:29.290000,0.007164
2025-05-01T14:15:29.300000,0.001863
2025-05-01T14:15:29.310000,0.018693
2025-05-01T14:15:29.320000,0.000560
2025-05-01T14:15:29.330000,0.009042
2025-05-01T14:15:29.340000,0.016290
2025-05-01T14:15:29.350000,-0.005954
2025-05-01T14:15:29.360000,0.009576
2025-05-01T14:15:29.370000,0.014923
2025-05-01T14:15:29.380000,0.011889
2025-05-01T14:15:29.390000,-0.000741
2025-05-01T14:15:29.400000,-0.002434
2025-05-01T14:15:29.410000,0.003310
2025-05-01T14:15:29.420000,0.006171
2025-05-01T14:15:29.430000,0.007605
2025-05-01T14:15:29.440000,-0.006441
2025-05-01T14:15:29.450000,0.000814
2025-05-01T14:15:29.460000,-0.000091
2025-05-01T14:15:29.470000,-0.012675
2025-05-01T14:15:29.480000,0.007489
2025-05-01T14:15:29.490000,0.000414
2025-05-01T14:15:29.500000,0.002695
2025-05-01T14:15:29.510000,0.019148
2025-05-01T14:15:29.520000,0.005909
2025-05-01T14:15:29.530000,0.006436
2025-05-01T14:15:29.540000,0.000983
2025-05-01T14:15:29.550000,0.015182
2025-05-01T14:15:29.560000,0.005719
2025-05-01T14:15:29.570000,0.006406
2025-05-01T14:15:29.580000,0.012387
2025-05-01T14:15:29.590000,-0.024734
2025-05-01T14:15:29.600000,0.006469
2025-05-01T14:15:29.610000,0.004059
2025-05-01T14:15:29.620000,-0.005553
2025-05-01T14:15:29.630000,0.006852
2025-05-01T14:15:29.640000,0.003109
2025-05-01T14:15:29.650000,-0.003978
2025-05-01T14:15:29.660000,-0.000590
2025-05-01T14:15:29.670000,-0.008198
2025-05-01T14:15:29.680000,0.003520
2025-05-01T14:15:29.690000,0.027622
2025-05-01T14:15:29.700000,-0.003480
2025-05-01T14:15:29.710000,0.001603
2025-05-01T14:15:29.720000,0.017573
2025-05-01T14:15:29.730000,-0.004134
2025-05-01T14:15:29.740000,0.002511
2025-05-01T14:15:29.750000,-0.004172
2025-05-01T14:15:29.760000,0.023143
2025-05-01T14:15:29.770000,0.020836
2025-05-01T14:15:29.780000,-0.017094
2025-05-01T14:15:29.790000,-0.005875
2025-05-01T14:15:29.800000,0.001253
2025-05-01T14:15:29.810000,0.017362
2025-05-01T14:15:29.820000,-0.012843
2025-05-01T14:15:29.830000,-0.008932
2025-05-01T14:15:29.840000,-0.000222
2025-05-01T14:15:29.850000,-0.004180
2025-05-01T14:15:29.860000,0.005008
2025-05-01T14:15:29.870000,-0.002354
2025-05-01T14:15:29.880000,-0.009634
2025-05-01T14:15:29.890000,0.011558
2025-05-01T14:15:29.900000,-0.004487
2025-05-01T14:15:29.910000,0.010844
2025-05-01T14:15:29.920000,0.002887
2025-05-01T14:15:29.930000,0.009599
2025-05-01T14:15:29.940000,-0.007551
2025-05-01T14:15:29.950000,0.007633
2025-05-01T14:15:29.960000,0.001235
2025-05-01T14:15:29.970000,0.007608
2025-05-01T14:15:29.980000,-0.015000
2025-05-01T14:15:29.990000,0.011739
2025-05-01T14:15:30,0.009076
2025-05-01T14:15:30.010000,-0.015359
2025-05-01T14:15:30.020000,-0.000120
2025-05-01T14:15:30.030000,0.012224
2025-05-01T14:15:30.040000,0.001105
2025-05-01T14:15:30.050000,0.014450
2025-05-01T14:15:30.060000,-0.001486
2025-05-01T14:15:30.070000,-0.024909
2025-05-01T14:15:30.080000,0.005350
2025-05-01T14:15:30.090000,-0.008365
2025-05-01T14:15:30.100000,-0.007602
2025-05-01T14:15:30.110000,-0.001147
2025-05-01T14:15:30.120000,0.003182
2025-05-01T14:15:30.130000,-0.016207
2025-05-01T14:15:30.140000,-0.007989
2025-05-01T14:15:30.150000,-0.009630
2025-05-01T14:15:30.160000,-0.024362
2025-05-01T14:15:30.170000,0.014754
2025-05-01T14:15:30.180000,0.003879
2025-05-01T14:15:30.190000,-0.000945
2025-05-01T14:15:30.200000,0.012383
2025-05-01T14:15:30.210000,-0.013744
2025-05-01T14:15:30.220000,-0.003673
2025-05-01T14:15:30.230000,-0.002079
2025-05-01T14:15:30.240000,-0.000996
2025-05-01T14:15:30.250000,0.006379
2025-05-01T14:15:30.260000,0.005955
2025-05-01T14:15:30.270000,0.013925
2025-05-01T14:15:30.280000,0.023158
2025-05-01T14:15:30.290000,0.000285
2025-05-01T14:15:30.300000,0.006840
2025-05-01T14:15:30.310000,-0.014392
2025-05-01T14:15:30.320000,0.018493
2025-05-01T14:15:30.330000,0.006474
2025-05-01T14:15:30.340000,0.004653
2025-05-01T14:15:30.350000,0.012333
2025-05-01T14:15:30.360000,-0.003021
2025-05-01T14:15:30.370000,-0.016148
2025-05-01T14:15:30.380000,-0.006577
2025-05-01T14:15:30.390000,-0.004553
2025-05-01T14:15:30.400000,-0.017135
2025-05-01T14:15:30.410000,0.002915
2025-05-01T14:15:30.420000,-0.007124
2025-05-01T14:15:30.430000,0.017108
2025-05-01T14:15:30.440000,-0.008025
2025-05-01T14:15:30.450000,-0.011150
2025-05-01T14:15:30.460000,0.009423
2025-05-01T14:15:30.470000,0.012234
2025-05-01T14:15:30.480000,-0.010067
2025-05-01T14:15:30.490000,0.020619
2025-05-01T14:15:30.500000,0.006290
2025-05-01T14:15:30.510000,0.007547
2025-05-01T14:15:30.520000,-0.008568
2025-05-01T14:15:30.530000,-0.007457
2025-05-01T14:15:30.540000,-0.006774
2025-05-01T14:15:30.550000,-0.000937
2025-05-01T14:15:30.560000,0.024367
2025-05-01T14:15:30.570000,-0.000518
2025-05-01T14:15:30.580000,0.014963
2025-05-01T14:15:30.590000,-0.000899
2025-05-01T14:15:30.600000,-0.001078
2025-05-01T14:15:30.610000,-0.007742
2025-05-01T14:15:30.620000,0.001407
2025-05-01T14:15:30.630000,0.011667
2025-05-01T14:15:30.640000,-0.004640
2025-05-01T14:15:30.650000,0.001200
2025-05-01T14:15:30.660000,0.017953
2025-05-01T14:15:30.670000,0.006194
2025-05-01T14:15:30.680000,0.001323
2025-05-01T14:15:30.690000,0.009594
2025-05-01T14:15:30.700000,0.008307
2025-05-01T14:15:30.710000,0.009298
2025-05-01T14:15:30.720000,0.008241
2025-05-01T14:15:30.730000,-0.001738
2025-05-01T14:15:30.740000,-0.002281
2025-05-01T14:15:30.750000,0.005512
2025-05-01T14:15:30.760000,0.001024
2025-05-01T14:15:30.770000,0.000826
2025-05-01T14:15:30.780000,-0.001583
2025-05-01T14:15:30.790000,0.003173
2025-05-01T14:15:30.800000,0.012799
2025-05-01T14:15:30.810000,-0.010983
2025-05-01T14:15:30.820000,-0.024225
2025-05-01T14:15:30.830000,-0.003488
2025-05-01T14:15:30.840000,-0.006756
2025-05-01T14:15:30.850000,-0.010397
2025-05-01T14:15:30.860000,-0.012004
2025-05-01T14:15:30.870000,0.003906
2025-05-01T14:15:30.880000,0.005721
2025-05-01T14:15:30.890000,0.010065
2025-05-01T14:15:30.900000,-0.000329
2025-05-01T14:15:30.910000,-0.004470
2025-05-01T14:15:30.920000,-0.025544
2025-05-01T14:15:30.930000,0.006592
2025-05-01T14:15:30.940000,-0.008782
2025-05-01T14:15:30.950000,0.011566
2025-05-01T14:15:30.960000,-0.009255
2025-05-01T14:15:30.970000,-0.015056
2025-05-01T14:15:30.980000,-0.003251
2025-05-01T14:15:30.990000,0.002896
2025-05-01T14:15:31,0.002751
2025-05-01T14:15:31.010000,0.014933
2025-05-01T14:15:31.020000,0.002038
2025-05-01T14:15:31.030000,-0.000091
2025-05-01T14:15:31.040000,0.010518
2025-05-01T14:15:31.050000,0.011655
2025-05-01T14:15:31.060000,-0.014208
2025-05-01T14:15:31.070000,-0.016561
2025-05-01T14:15:31.080000,-0.006372
2025-05-01T14:15:31.090000,-0.014965
2025-05-01T14:15:31.100000,0.004829
2025-05-01T14:15:31.110000,0.010362
2025-05-01T14:15:31.120000,-0.011486
2025-05-01T14:15:31.130000,0.012965
2025-05-01T14:15:31.140000,0.008093
2025-05-01T14:15:31.150000,0.011365
2025-05-01T14:15:31.160000,0.001732
2025-05-01T14:15:31.170000,0.001505
2025-05-01T14:15:31.180000,0.002435
2025-05-01T14:15:31.190000,-0.004735
2025-05-01T14:15:31.200000,-0.020949
2025-05-01T14:15:31.210000,-0.005671
2025-05-01T14:15:31.220000,-0.017790
2025-05-01T14:15:31.230000,-0.009564
2025-05-01T14:15:31.240000,-0.014341
2025-05-01T14:15:31.250000,0.006918
2025-05-01T14:15:31.260000,-0.017870
2025-05-01T14:15:31.270000,0.000262
2025-05-01T14:15:31.280000,0.001437
2025-05-01T14:15:31.290000,0.019662
2025-05-01T14:15:31.300000,0.024160
2025-05-01T14:15:31.310000,0.011434
2025-05-01T14:15:31.320000,-0.018654
2025-05-01T14:15:31.330000,0.006928
2025-05-01T14:15:31.340000,-0.007870
2025-05-01T14:15:31.350000,-0.001944
2025-05-01T14:15:31.360000,0.017284
2025-05-01T14:15:31.370000,-0.000617
2025-05-01T14:15:31.380000,-0.002566
2025-05-01T14:15:31.390000,0.004151
2025-05-01T14:15:31.400000,0.014886
2025-05-01T14:15:31.410000,0.009882
2025-05-01T14:15:31.420000,0.003003
2025-05-01T14:15:31.430000,-0.006148
2025-05-01T14:15:31.440000,-0.011434
2025-05-01T14:15:31.450000,-0.001524
2025-05-01T14:15:31.460000,-0.007692
2025-05-01T14:15:31.470000,0.009460
2025-05-01T14:15:31.480000,-0.004362
2025-05-01T14:15:31.490000,0.007691
2025-05-01T14:15:31.500000,0.005651
2025-05-01T14:15:31.510000,0.011565
2025-05-01T14:15:31.520000,0.016907
2025-05-01T14:15:31.530000,0.005487
2025-05-01T14:15:31.540000,-0.001500
2025-05-01T14:15:31.550000,0.006765
2025-05-01T14:15:31.560000,-0.023036
2025-05-01T14:15:31.570000,-0.000252
2025-05-01T14:15:31.580000,-0.000475
2025-05-01T14:15:31.590000,-0.006975
2025-05-01T14:15:31.600000,0.006333
2025-05-01T14:15:31.610000,0.022089
2025-05-01T14:15:31.620000,-0.012030
2025-05-01T14:15:31.630000,0.002304
2025-05-01T14:15:31.640000,-0.009477
2025-05-01T14:15:31.650000,-0.009626
2025-05-01T14:15:31.660000,-0.002589
2025-05-01T14:15:31.670000,0.002583
2025-05-01T14:15:31.680000,0.003075
2025-05-01T14:15:31.690000,0.009533
2025-05-01T14:15:31.700000,0.006607
2025-05-01T14:15:31.710000,-0.027087
2025-05-01T14:15:31.720000,-0.010780
2025-05-01T14:15:31.730000,-0.003047
2025-05-01T14:15:31.740000,-0.004312
2025-05-01T14:15:31.750000,-0.005387
2025-05-01T14:15:31.760000,-0.004173
2025-05-01T14:15:31.770000,-0.008173
2025-05-01T14:15:31.780000,-0.013889
2025-05-01T14:15:31.790000,-0.000558
2025-05-01T14:15:31.800000,-0.007331
2025-05-01T14:15:31.810000,0.013141
2025-05-01T14:15:31.820000,-0.003977
2025-05-01T14:15:31.830000,0.007173
2025-05-01T14:15:31.840000,0.038630
2025-05-01T14:15:31.850000,-0.008902
2025-05-01T14:15:31.860000,0.009909
2025-05-01T14:15:31.870000,-0.012555
2025-05-01T14:15:31.880000,0.006121
2025-05-01T14:15:31.890000,0.007835
2025-05-01T14:15:31.900000,-0.012466
2025-05-01T14:15:31.910000,-0.012078
2025-05-01T14:15:31.920000,0.005996
2025-05-01T14:15:31.930000,0.004713
2025-05-01T14:15:31.940000,-0.007612
2025-05-01T14:15:31.950000,0.003076
2025-05-01T14:15:31.960000,0.019773
2025-05-01T14:15:31.970000,0.016014
2025-05-01T14:15:31.980000,0.029466
2025-05-01T14:15:31.990000,-0.012682
2025-05-01T14:15:32,-0.011722
2025-05-01T14:15:32.010000,0.006176
2025-05-01T14:15:32.020000,-0.014097
2025-05-01T14:15:32.030000,0.003636
2025-05-01T14:15:32.040000,0.007380
2025-05-01T14:15:32.050000,0.004120
2025-05-01T14:15:32.060000,0.012667
2025-05-01T14:15:32.070000,0.000201
2025-05-01T14:15:32.080000,-0.002104
2025-05-01T14:15:32.090000,-0.002291
2025-05-01T14:15:32.100000,-0.003142
2025-05-01T14:15:32.110000,0.005245
2025-05-01T14:15:32.120000,-0.007504
2025-05-01T14:15:32.130000,0.000467
2025-05-01T14:15:32.140000,0.006377
2025-05-01T14:15:32.150000,0.002329
2025-05-01T14:15:32.160000,-0.006250
2025-05-01T14:15:32.170000,0.006873
2025-05-01T14:15:32.180000,0.015345
2025-05-01T14:15:32.190000,-0.005162
2025-05-01T14:15:32.200000,-0.002541
2025-05-01T14:15:32.210000,-0.002054
2025-05-01T14:15:32.220000,0.005074
2025-05-01T14:15:32.230000,0.014014
2025-05-01T14:15:32.240000,0.010371
2025-05-01T14:15:32.250000,-0.018703
2025-05-01T14:15:32.260000,-0.019896
2025-05-01T14:15:32.270000,0.002367
2025-05-01T14:15:32.280000,0.024063
2025-05-01T14:15:32.290000,0.008249
2025-05-01T14:15:32.300000,0.003860
2025-05-01T14:15:32.310000,0.000649
2025-05-01T14:15:32.320000,-0.009389
2025-05-01T14:15:32.330000,-0.011712
2025-05-01T14:15:32.340000,0.004014
2025-05-01T14:15:32.350000,0.002626
2025-05-01T14:15:32.360000,0.003877
2025-05-01T14:15:32.370000,0.010003
2025-05-01T14:15:32.380000,0.006268
2025-05-01T14:15:32.390000,-0.001964
2025-05-01T14:15:32.400000,0.002287
2025-05-01T14:15:32.410000,0.007670
2025-05-01T14:15:32.420000,0.005886
2025-05-01T14:15:32.430000,-0.000947
2025-05-01T14:15:32.440000,-0.005386
2025-05-01T14:15:32.450000,0.003976
2025-05-01T14:15:32.460000,-0.013601
2025-05-01T14:15:32.470000,0.004652
2025-05-01T14:15:32.480000,0.001640
2025-05-01T14:15:32.490000,-0.006134
2025-05-01T14:15:32.500000,-0.018966
2025-05-01T14:15:32.510000,-0.000082
2025-05-01T14:15:32.520000,0.016865
2025-05-01T14:15:32.530000,0.011184
2025-05-01T14:15:32.540000,0.023872
2025-05-01T14:15:32.550000,0.007011
2025-05-01T14:15:32.560000,-0.006283
2025-05-01T14:15:32.570000,-0.005998
2025-05-01T14:15:32.580000,0.000406
2025-05-01T14:15:32.590000,-0.001424
2025-05-01T14:15:32.600000,0.011066
2025-05-01T14:15:32.610000,0.003555
2025-05-01T14:15:32.620000,0.000967
2025-05-01T14:15:32.630000,0.013655
2025-05-01T14:15:32.640000,0.010877
2025-05-01T14:15:32.650000,0.002395
2025-05-01T14:15:32.660000,-0.009656
2025-05-01T14:15:32.670000,-0.015397
2025-05-01T14:15:32.680000,-0.020596
2025-05-01T14:15:32.690000,0.008418
2025-05-01T14:15:32.700000,-0.000190
2025-05-01T14:15:32.710000,0.014364
2025-05-01T14:15:32.720000,0.008359
2025-05-01T14:15:32.730000,0.002596
2025-05-01T14:15:32.740000,-0.000429
2025-05-01T14:15:32.750000,0.001584
2025-05-01T14:15:32.760000,0.028902
2025-05-01T14:15:32.770000,-0.008050
2025-05-01T14:15:32.780000,-0.007658
2025-05-01T14:15:32.790000,-0.011498
2025-05-01T14:15:32.800000,0.002372
2025-05-01T14:15:32.810000,0.008592
2025-05-01T14:15:32.820000,-0.000635
2025-05-01T14:15:32.830000,0.001691
2025-05-01T14:15:32.840000,-0.009546
2025-05-01T14:15:32.850000,-0.012178
2025-05-01T14:15:32.860000,0.006365
2025-05-01T14:15:32.870000,0.025838
2025-05-01T14:15:32.880000,0.011758
2025-05-01T14:15:32.890000,0.000432
2025-05-01T14:15:32.900000,0.008938
2025-05-01T14:15:32.910000,0.007034
2025-05-01T14:15:32.920000,0.003979
2025-05-01T14:15:32.930000,-0.008949
2025-05-01T14:15:32.940000,0.011177
2025-05-01T14:15:32.950000,0.005600
2025-05-01T14:15:32.960000,-0.002313
2025-05-01T14:15:32.970000,-0.011095
2025-05-01T14:15:32.980000,-0.006817
2025-05-01T14:15:32.990000,0.001816
2025-05-01T14:15:33,-0.005105
2025-05-01T14:15:33.010000,0.014080
2025-05-01T14:15:33.020000,0.003331
2025-05-01T14:15:33.030000,0.010418
2025-05-01T14:15:33.040000,-0.007064
2025-05-01T14:15:33.050000,-0.003927
2025-05-01T14:15:33.060000,0.002613
2025-05-01T14:15:33.070000,-0.007453
2025-05-01T14:15:33.080000,0.011622
2025-05-01T14:15:33.090000,0.013844
2025-05-01T14:15:33.100000,-0.006495
2025-05-01T14:15:33.110000,0.015686
2025-05-01T14:15:33.120000,-0.014705
2025-05-01T14:15:33.130000,-0.016246
2025-05-01T14:15:33.140000,-0.006189
2025-05-01T14:15:33.150000,-0.009292
2025-05-01T14:15:33.160000,0.010407
2025-05-01T14:15:33.170000,-0.002565
2025-05-01T14:15:33.180000,-0.000588
2025-05-01T14:15:33.190000,-0.000243
2025-05-01T14:15:33.200000,-0.006685
2025-05-01T14:15:33.210000,-0.010714
2025-05-01T14:15:33.220000,-0.016237
2025-05-01T14:15:33.230000,-0.007070
2025-05-01T14:15:33.240000,-0.002325
2025-05-01T14:15:33.250000,-0.012197
2025-05-01T14:15:33.260000,-0.013702
2025-05-01T14:15:33.270000,0.011594
2025-05-01T14:15:33.280000,0.002552
2025-05-01T14:15:33.290000,-0.000919
2025-05-01T14:15:33.300000,0.003706
2025-05-01T14:15:33.310000,-0.010563
2025-05-01T14:15:33.320000,-0.014341
2025-05-01T14:15:33.330000,0.010594
2025-05-01T14:15:33.340000,0.000600
2025-05-01T14:15:33.350000,0.007264
2025-05-01T14:15:33.360000,-0.003691
2025-05-01T14:15:33.370000,-0.007239
2025-05-01T14:15:33.380000,-0.002686
2025-05-01T14:15:33.390000,0.033206
2025-05-01T14:15:33.400000,0.007691
2025-05-01T14:15:33.410000,-0.017077
2025-05-01T14:15:33.420000,0.015431
2025-05-01T14:15:33.430000,-0.015546
2025-05-01T14:15:33.440000,0.005222
2025-05-01T14:15:33.450000,0.002648
2025-05-01T14:15:33.460000,0.010046
2025-05-01T14:15:33.470000,0.015262
2025-05-01T14:15:33.480000,0.011837
2025-05-01T14:15:33.490000,0.007146
2025-05-01T14:15:33.500000,0.005850
2025-05-01T14:15:33.510000,0.002364
2025-05-01T14:15:33.520000,-0.016164
2025-05-01T14:15:33.530000,-0.001927
2025-05-01T14:15:33.540000,0.022018
2025-05-01T14:15:33.550000,-0.018150
2025-05-01T14:15:33.560000,0.004913
2025-05-01T14:15:33.570000,0.007765
2025-05-01T14:15:33.580000,0.016021
2025-05-01T14:15:33.590000,-0.006407
2025-05-01T14:15:33.600000,0.010569
2025-05-01T14:15:33.610000,0.006453
2025-05-01T14:15:33.620000,-0.022240
2025-05-01T14:15:33.630000,0.000642
2025-05-01T14:15:33.640000,0.008105
2025-05-01T14:15:33.650000,0.004084
2025-05-01T14:15:33.660000,-0.005755
2025-05-01T14:15:33.670000,-0.009891
2025-05-01T14:15:33.680000,0.006467
2025-05-01T14:15:33.690000,-0.004506
2025-05-01T14:15:33.700000,-0.006748
2025-05-01T14:15:33.710000,-0.004152
2025-05-01T14:15:33.720000,0.030890
2025-05-01T14:15:33.730000,-0.010339
2025-05-01T14:15:33.740000,-0.012504
2025-05-01T14:15:33.750000,0.000612
2025-05-01T14:15:33.760000,0.005013
2025-05-01T14:15:33.770000,0.003373
2025-05-01T14:15:33.780000,0.014193
2025-05-01T14:15:33.790000,-0.009943
2025-05-01T14:15:33.800000,0.001631
2025-05-01T14:15:33.810000,-0.008428
2025-05-01T14:15:33.820000,0.010793
2025-05-01T14:15:33.830000,0.005673
2025-05-01T14:15:33.840000,-0.000816
2025-05-01T14:15:33.850000,-0.007290
2025-05-01T14:15:33.860000,-0.007865
2025-05-01T14:15:33.870000,-0.003321
2025-05-01T14:15:33.880000,0.006445
2025-05-01T14:15:33.890000,-0.005347
2025-05-01T14:15:33.900000,-0.012589
2025-05-01T14:15:33.910000,0.013903
2025-05-01T14:15:33.920000,-0.007280
2025-05-01T14:15:33.930000,0.000661
2025-05-01T14:15:33.940000,-0.007471
2025-05-01T14:15:33.950000,0.004614
2025-05-01T14:15:33.960000,0.004195
2025-05-01T14:15:33.970000,-0.014984
2025-05-01T14:15:33.980000,-0.004991
2025-05-01T14:15:33.990000,-0.010077
2025-05-01T14:15:34,0.009476
2025-05-01T14:15:34.010000,0.003239
2025-05-01T14:15:34.020000,0.005865
2025-05-01T14:15:34.030000,0.015614
2025-05-01T14:15:34.040000,-0.005707
2025-05-01T14:15:34.050000,0.022314
2025-05-01T14:15:34.060000,0.000214
2025-05-01T14:15:34.070000,0.005640
2025-05-01T14:15:34.080000,-0.006857
2025-05-01T14:15:34.090000,-0.007827
2025-05-01T14:15:34.100000,0.004285
2025-05-01T14:15:34.110000,0.003004
2025-05-01T14:15:34.120000,-0.005772
2025-05-01T14:15:34.130000,-0.006893
2025-05-01T14:15:34.140000,0.009742
2025-05-01T14:15:34.150000,0.002116
2025-05-01T14:15:34.160000,0.009277
2025-05-01T14:15:34.170000,-0.000926
2025-05-01T14:15:34.180000,-0.016791
2025-05-01T14:15:34.190000,0.001955
2025-05-01T14:15:34.200000,-0.007604
2025-05-01T14:15:34.210000,0.016767
2025-05-01T14:15:34.220000,0.006836
2025-05-01T14:15:34.230000,0.019914
2025-05-01T14:15:34.240000,0.000241
2025-05-01T14:15:34.250000,0.004147
2025-05-01T14:15:34.260000,0.006273
2025-05-01T14:15:34.270000,0.000816
2025-05-01T14:15:34.280000,0.001295
2025-05-01T14:15:34.290000,0.004366
2025-05-01T14:15:34.300000,0.000285
2025-05-01T14:15:34.310000,0.004510
2025-05-01T14:15:34.320000,-0.016924
2025-05-01T14:15:34.330000,0.006414
2025-05-01T14:15:34.340000,0.014237
2025-05-01T14:15:34.350000,-0.013097
2025-05-01T14:15:34.360000,-0.007630
2025-05-01T14:15:34.370000,-0.003544
2025-05-01T14:15:34.380000,0.010735
2025-05-01T14:15:34.390000,0.001690
2025-05-01T14:15:34.400000,-0.001156
2025-05-01T14:15:34.410000,-0.005644
2025-05-01T14:15:34.420000,-0.000747
2025-05-01T14:15:34.430000,-0.003499
2025-05-01T14:15:34.440000,0.003503
2025-05-01T14:15:34.450000,-0.013254
2025-05-01T14:15:34.460000,-0.009999
2025-05-01T14:15:34.470000,-0.008096
2025-05-01T14:15:34.480000,-0.008361
2025-05-01T14:15:34.490000,0.014143
2025-05-01T14:15:34.500000,0.013403
2025-05-01T14:15:34.510000,0.010396
2025-05-01T14:15:34.520000,0.012285
2025-05-01T14:15:34.530000,0.014941
2025-05-01T14:15:34.540000,0.005325
2025-05-01T14:15:34.550000,-0.007451
2025-05-01T14:15:34.560000,-0.009371
2025-05-01T14:15:34.570000,0.007714
2025-05-01T14:15:34.580000,0.009538
2025-05-01T14:15:34.590000,-0.008863
2025-05-01T14:15:34.600000,-0.008764
2025-05-01T14:15:34.610000,-0.007933
2025-05-01T14:15:34.620000,-0.017306
2025-05-01T14:15:34.630000,0.014612
2025-05-01T14:15:34.640000,-0.003820
2025-05-01T14:15:34.650000,-0.003585
2025-05-01T14:15:34.660000,-0.019605
2025-05-01T14:15:34.670000,-0.002537
2025-05-01T14:15:34.680000,0.004616
2025-05-01T14:15:34.690000,-0.000537
2025-05-01T14:15:34.700000,-0.007131
2025-05-01T14:15:34.710000,0.003390
2025-05-01T14:15:34.720000,0.011369
2025-05-01T14:15:34.730000,-0.004487
2025-05-01T14:15:34.740000,0.000917
2025-05-01T14:15:34.750000,-0.010953
2025-05-01T14:15:34.760000,-0.006723
2025-05-01T14:15:34.770000,-0.013893
2025-05-01T14:15:34.780000,0.003725
2025-05-01T14:15:34.790000,0.014360
2025-05-01T14:15:34.800000,-0.005410
2025-05-01T14:15:34.810000,-0.000972
2025-05-01T14:15:34.820000,0.035578
2025-05-01T14:15:34.830000,0.009366
2025-05-01T14:15:34.840000,-0.000994
2025-05-01T14:15:34.850000,0.008559
2025-05-01T14:15:34.860000,-0.001214
2025-05-01T14:15:34.870000,0.002832
2025-05-01T14:15:34.880000,-0.000173
2025-05-01T14:15:34.890000,0.006629
2025-05-01T14:15:34.900000,-0.000440
2025-05-01T14:15:34.910000,-0.003454
2025-05-01T14:15:34.920000,0.003664
2025-05-01T14:15:34.930000,0.005651
2025-05-01T14:15:34.940000,-0.007328
2025-05-01T14:15:34.950000,0.010441
2025-05-01T14:15:34.960000,0.006582
2025-05-01T14:15:34.970000,-0.008215
2025-05-01T14:15:34.980000,-0.006708
2025-05-01T14:15:34.990000,-0.000163
2025-05-01T14:15:35,-0.003598
2025-05-01T14:15:35.010000,-0.004483
2025-05-01T14:15:35.020000,-0.000930
2025-05-01T14:15:35.030000,-0.000692
2025-05-01T14:15:35.040000,-0.021497
2025-05-01T14:15:35.050000,-0.004974
2025-05-01T14:15:35.060000,0.016441
2025-05-01T14:15:35.070000,-0.006082
2025-05-01T14:15:35.080000,-0.000811
2025-05-01T14:15:35.090000,0.012197
2025-05-01T14:15:35.100000,0.017156
2025-05-01T14:15:35.110000,-0.001056
2025-05-01T14:15:35.120000,-0.000700
2025-05-01T14:15:35.130000,-0.017250
2025-05-01T14:15:35.140000,-0.025138
2025-05-01T14:15:35.150000,0.006385
2025-05-01T14:15:35.160000,0.001216
2025-05-01T14:15:35.170000,-0.001911
2025-05-01T14:15:35.180000,-0.006691
2025-05-01T14:15:35.190000,0.014474
2025-05-01T14:15:35.200000,0.013070
2025-05-01T14:15:35.210000,0.001292
2025-05-01T14:15:35.220000,-0.011692
2025-05-01T14:15:35.230000,0.004335
2025-05-01T14:15:35.240000,0.012478
2025-05-01T14:15:35.250000,-0.008034
2025-05-01T14:15:35.260000,-0.009560
2025-05-01T14:15:35.270000,-0.014149
2025-05-01T14:15:35.280000,0.000618
2025-05-01T14:15:35.290000,-0.008968
2025-05-01T14:15:35.300000,-0.001532
2025-05-01T14:15:35.310000,-0.011862
2025-05-01T14:15:35.320000,0.002269
2025-05-01T14:15:35.330000,-0.010360
2025-05-01T14:15:35.340000,0.008885
2025-05-01T14:15:35.350000,0.001978
2025-05-01T14:15:35.360000,-0.007986
2025-05-01T14:15:35.370000,0.001237
2025-05-01T14:15:35.380000,-0.007064
2025-05-01T14:15:35.390000,-0.007838
2025-05-01T14:15:35.400000,0.000285
2025-05-01T14:15:35.410000,-0.006556
2025-05-01T14:15:35.420000,-0.004561
2025-05-01T14:15:35.430000,-0.019789
2025-05-01T14:15:35.440000,-0.001333
2025-05-01T14:15:35.450000,0.007071
2025-05-01T14:15:35.460000,-0.009368
2025-05-01T14:15:35.470000,-0.013768
2025-05-01T14:15:35.480000,0.006200
2025-05-01T14:15:35.490000,0.006830
2025-05-01T14:15:35.500000,-0.000937
2025-05-01T14:15:35.510000,0.006038
2025-05-01T14:15:35.520000,-0.003947
2025-05-01T14:15:35.530000,-0.009120
2025-05-01T14:15:35.540000,0.016216
2025-05-01T14:15:35.550000,-0.014983
2025-05-01T14:15:35.560000,0.008319
2025-05-01T14:15:35.570000,-0.000555
2025-05-01T14:15:35.580000,-0.007109
2025-05-01T14:15:35.590000,0.010613
2025-05-01T14:15:35.600000,0.014590
2025-05-01T14:15:35.610000,-0.012181
2025-05-01T14:15:35.620000,-0.008673
2025-05-01T14:15:35.630000,-0.002798
2025-05-01T14:15:35.640000,0.000389
2025-05-01T14:15:35.650000,-0.008241
2025-05-01T14:15:35.660000,-0.006129
2025-05-01T14:15:35.670000,0.000667
2025-05-01T14:15:35.680000,0.008481
2025-05-01T14:15:35.690000,0.005428
2025-05-01T14:15:35.700000,-0.013207
2025-05-01T14:15:35.710000,0.010921
2025-05-01T14:15:35.720000,-0.001924
2025-05-01T14:15:35.730000,0.007928
2025-05-01T14:15:35.740000,0.010399
2025-05-01T14:15:35.750000,-0.004943
2025-05-01T14:15:35.760000,0.015504
2025-05-01T14:15:35.770000,0.000789
2025-05-01T14:15:35.780000,-0.001908
2025-05-01T14:15:35.790000,-0.012270
2025-05-01T14:15:35.800000,0.017503
2025-05-01T14:15:35.810000,-0.010768
2025-05-01T14:15:35.820000,0.000020
2025-05-01T14:15:35.830000,0.007653
2025-05-01T14:15:35.840000,-0.001497
2025-05-01T14:15:35.850000,0.001777
2025-05-01T14:15:35.860000,-0.019970
2025-05-01T14:15:35.870000,-0.018521
2025-05-01T14:15:35.880000,-0.006557
2025-05-01T14:15:35.890000,0.011887
2025-05-01T14:15:35.900000,0.001799
2025-05-01T14:15:35.910000,0.000800
2025-05-01T14:15:35.920000,-0.008348
2025-05-01T14:15:35.930000,0.006340
2025-05-01T14:15:35.940000,0.005121
2025-05-01T14:15:35.950000,-0.001474
2025-05-01T14:15:35.960000,-0.010319
2025-05-01T14:15:35.970000,-0.000400
2025-05-01T14:15:35.980000,0.002408
2025-05-01T14:15:35.990000,0.007336
2025-05-01T14:15:36,0.013981
2025-05-01T14:15:36.010000,-0.017131
2025-05-01T14:15:36.020000,0.005650
2025-05-01T14:15:36.030000,-0.001279
2025-05-01T14:15:36.040000,-0.023879
2025-05-01T14:15:36.050000,0.003361
2025-05-01T14:15:36.060000,0.004068
2025-05-01T14:15:36.070000,-0.006372
2025-05-01T14:15:36.080000,0.011477
2025-05-01T14:15:36.090000,-0.002511
2025-05-01T14:15:36.100000,0.003584
2025-05-01T14:15:36.110000,0.006152
2025-05-01T14:15:36.120000,0.006884
2025-05-01T14:15:36.130000,-0.004815
2025-05-01T14:15:36.140000,-0.008612
2025-05-01T14:15:36.150000,-0.003262
2025-05-01T14:15:36.160000,0.005075
2025-05-01T14:15:36.170000,0.003638
2025-05-01T14:15:36.180000,-0.007136
2025-05-01T14:15:36.190000,-0.008746
2025-05-01T14:15:36.200000,-0.005335
2025-05-01T14:15:36.210000,0.004185
2025-05-01T14:15:36.220000,-0.011366
2025-05-01T14:15:36.230000,-0.000923
2025-05-01T14:15:36.240000,-0.022467
2025-05-01T14:15:36.250000,-0.017312
2025-05-01T14:15:36.260000,-0.004695
2025-05-01T14:15:36.270000,-0.004409
2025-05-01T14:15:36.280000,-0.012035
2025-05-01T14:15:36.290000,-0.008505
2025-05-01T14:15:36.300000,0.007679
2025-05-01T14:15:36.310000,-0.002629
2025-05-01T14:15:36.320000,0.001757
2025-05-01T14:15:36.330000,-0.007595
2025-05-01T14:15:36.340000,0.008266
2025-05-01T14:15:36.350000,-0.008087
2025-05-01T14:15:36.360000,0.004264
2025-05-01T14:15:36.370000,0.000178
2025-05-01T14:15:36.380000,-0.016147
2025-05-01T14:15:36.390000,-0.009952
2025-05-01T14:15:36.400000,0.001384
2025-05-01T14:15:36.410000,-0.010744
2025-05-01T14:15:36.420000,0.000993
2025-05-01T14:15:36.430000,0.000283
2025-05-01T14:15:36.440000,0.003828
2025-05-01T14:15:36.450000,-0.008134
2025-05-01T14:15:36.460000,-0.018038
2025-05-01T14:15:36.470000,-0.010195
2025-05-01T14:15:36.480000,-0.001882
2025-05-01T14:15:36.490000,-0.000004
2025-05-01T14:15:36.500000,0.018510
2025-05-01T14:15:36.510000,0.001643
2025-05-01T14:15:36.520000,-0.011969
2025-05-01T14:15:36.530000,-0.001136
2025-05-01T14:15:36.540000,-0.004719
2025-05-01T14:15:36.550000,-0.015176
2025-05-01T14:15:36.560000,0.002680
2025-05-01T14:15:36.570000,0.004302
2025-05-01T14:15:36.580000,-0.010874
2025-05-01T14:15:36.590000,0.002050
2025-05-01T14:15:36.600000,0.005006
2025-05-01T14:15:36.610000,0.003594
2025-05-01T14:15:36.620000,-0.003357
2025-05-01T14:15:36.630000,-0.001014
2025-05-01T14:15:36.640000,0.000389
2025-05-01T14:15:36.650000,0.005439
2025-05-01T14:15:36.660000,0.012658
2025-05-01T14:15:36.670000,0.003301
2025-05-01T14:15:36.680000,-0.009025
2025-05-01T14:15:36.690000,0.007561
2025-05-01T14:15:36.700000,-0.005976
2025-05-01T14:15:36.710000,0.008731
2025-05-01T14:15:36.720000,0.005936
2025-05-01T14:15:36.730000,-0.001408
2025-05-01T14:15:36.740000,0.010825
2025-05-01T14:15:36.750000,0.014582
2025-05-01T14:15:36.760000,-0.004275
2025-05-01T14:15:36.770000,-0.010077
2025-05-01T14:15:36.780000,-0.006349
2025-05-01T14:15:36.790000,-0.004435
2025-05-01T14:15:36.800000,0.013283
2025-05-01T14:15:36.810000,0.005906
2025-05-01T14:15:36.820000,0.006675
2025-05-01T14:15:36.830000,-0.013141
2025-05-01T14:15:36.840000,-0.006089
2025-05-01T14:15:36.850000,0.004038
2025-05-01T14:15:36.860000,0.012852
2025-05-01T14:15:36.870000,0.025190
2025-05-01T14:15:36.880000,-0.008235
2025-05-01T14:15:36.890000,0.011603
2025-05-01T14:15:36.900000,0.014633
2025-05-01T14:15:36.910000,0.001432
2025-05-01T14:15:36.920000,0.012788
2025-05-01T14:15:36.930000,-0.002989
2025-05-01T14:15:36.940000,0.001604
2025-05-01T14:15:36.950000,0.006086
2025-05-01T14:15:36.960000,0.006933
2025-05-01T14:15:36.970000,0.000385
2025-05-01T14:15:36.980000,0.010630
2025-05-01T14:15:36.990000,-0.019807
2025-05-01T14:15:37,-0.001805
2025-05-01T14:15:37.010000,0.011540
2025-05-01T14:15:37.020000,0.011695
2025-05-01T14:15:37.030000,0.003601
2025-05-01T14:15:37.040000,0.006865
2025-05-01T14:15:37.050000,0.010777
2025-05-01T14:15:37.060000,0.011509
2025-05-01T14:15:37.070000,0.007906
2025-05-01T14:15:37.080000,-0.015236
2025-05-01T14:15:37.090000,-0.020724
2025-05-01T14:15:37.100000,0.001154
2025-05-01T14:15:37.110000,-0.001669
2025-05-01T14:15:37.120000,-0.005644
2025-05-01T14:15:37.130000,-0.004559
2025-05-01T14:15:37.140000,0.004194
2025-05-01T14:15:37.150000,0.003215
2025-05-01T14:15:37.160000,-0.017967
2025-05-01T14:15:37.170000,-0.014654
2025-05-01T14:15:37.180000,-0.006526
2025-05-01T14:15:37.190000,-0.004721
2025-05-01T14:15:37.200000,-0.010518
2025-05-01T14:15:37.210000,0.008791
2025-05-01T14:15:37.220000,-0.003249
2025-05-01T14:15:37.230000,0.007264
2025-05-01T14:15:37.240000,-0.000535
2025-05-01T14:15:37.250000,0.000782
2025-05-01T14:15:37.260000,-0.011324
2025-05-01T14:15:37.270000,0.025764
2025-05-01T14:15:37.280000,0.001661
2025-05-01T14:15:37.290000,-0.010550
2025-05-01T14:15:37.300000,-0.004561
2025-05-01T14:15:37.310000,-0.022971
2025-05-01T14:15:37.320000,-0.002182
2025-05-01T14:15:37.330000,0.003860
2025-05-01T14:15:37.340000,-0.011153
2025-05-01T14:15:37.350000,-0.000634
2025-05-01T14:15:37.360000,0.007667
2025-05-01T14:15:37.370000,0.012348
2025-05-01T14:15:37.380000,-0.003376
2025-05-01T14:15:37.390000,-0.007467
2025-05-01T14:15:37.400000,0.008217
2025-05-01T14:15:37.410000,-0.014915
2025-05-01T14:15:37.420000,0.010333
2025-05-01T14:15:37.430000,0.019472
2025-05-01T14:15:37.440000,0.005543
2025-05-01T14:15:37.450000,-0.004385
2025-05-01T14:15:37.460000,0.004782
2025-05-01T14:15:37.470000,0.012787
2025-05-01T14:15:37.480000,-0.014066
2025-05-01T14:15:37.490000,-0.004220
2025-05-01T14:15:37.500000,-0.023228
2025-05-01T14:15:37.510000,0.003667
2025-05-01T14:15:37.520000,-0.006457
2025-05-01T14:15:37.530000,0.000491
2025-05-01T14:15:37.540000,-0.012620
2025-05-01T14:15:37.550000,-0.014762
2025-05-01T14:15:37.560000,0.003170
2025-05-01T14:15:37.570000,0.010315
2025-05-01T14:15:37.580000,0.000098
2025-05-01T14:15:37.590000,-0.006523
2025-05-01T14:15:37.600000,0.005069
2025-05-01T14:15:37.610000,-0.005891
2025-05-01T14:15:37.620000,0.000396
2025-05-01T14:15:37.630000,0.013264
2025-05-01T14:15:37.640000,-0.010395
2025-05-01T14:15:37.650000,-0.005948
2025-05-01T14:15:37.660000,0.002417
2025-05-01T14:15:37.670000,-0.030914
2025-05-01T14:15:37.680000,-0.017590
2025-05-01T14:15:37.690000,0.007354
2025-05-01T14:15:37.700000,-0.008690
2025-05-01T14:15:37.710000,-0.000364
2025-05-01T14:15:37.720000,0.019608
2025-05-01T14:15:37.730000,-0.000234
2025-05-01T14:15:37.740000,0.004645
2025-05-01T14:15:37.750000,-0.011917
2025-05-01T14:15:37.760000,0.017272
2025-05-01T14:15:37.770000,-0.010556
2025-05-01T14:15:37.780000,-0.000051
2025-05-01T14:15:37.790000,0.011944
2025-05-01T14:15:37.800000,-0.000936
2025-05-01T14:15:37.810000,-0.003693
2025-05-01T14:15:37.820000,-0.015374
2025-05-01T14:15:37.830000,0.006231
2025-05-01T14:15:37.840000,0.007786
2025-05-01T14:15:37.850000,0.006376
2025-05-01T14:15:37.860000,-0.005250
2025-05-01T14:15:37.870000,-0.008448
2025-05-01T14:15:37.880000,-0.009322
2025-05-01T14:15:37.890000,-0.007320
2025-05-01T14:15:37.900000,-0.005080
2025-05-01T14:15:37.910000,-0.011888
2025-05-01T14:15:37.920000,-0.012469
2025-05-01T14:15:37.930000,0.005886
2025-05-01T14:15:37.940000,0.008883
2025-05-01T14:15:37.950000,-0.008397
2025-05-01T14:15:37.960000,-0.002737
2025-05-01T14:15:37.970000,-0.001536
2025-05-01T14:15:37.980000,-0.005553
2025-05-01T14:15:37.990000,0.021845
2025-05-01T14:15:38,0.006867
2025-05-01T14:15:38.010000,-0.019756
2025-05-01T14:15:38.020000,-0.008648
2025-05-01T14:15:38.030000,-0.000837
2025-05-01T14:15:38.040000,0.019683
2025-05-01T14:15:38.050000,0.008462
2025-05-01T14:15:38.060000,0.008219
2025-05-01T14:15:38.070000,-0.005758
2025-05-01T14:15:38.080000,0.015361
2025-05-01T14:15:38.090000,0.009453
2025-05-01T14:15:38.100000,-0.011381
2025-05-01T14:15:38.110000,0.000213
2025-05-01T14:15:38.120000,0.005040
2025-05-01T14:15:38.130000,0.003577
2025-05-01T14:15:38.140000,-0.005122
2025-05-01T14:15:38.150000,0.020212
2025-05-01T14:15:38.160000,-0.012076
2025-05-01T14:15:38.170000,-0.012122
2025-05-01T14:15:38.180000,0.004552
2025-05-01T14:15:38.190000,-0.010957
2025-05-01T14:15:38.200000,0.008736
2025-05-01T14:15:38.210000,0.006126
2025-05-01T14:15:38.220000,-0.007742
2025-05-01T14:15:38.230000,0.009537
2025-05-01T14:15:38.240000,0.000812
2025-05-01T14:15:38.250000,0.000443
2025-05-01T14:15:38.260000,0.002221
2025-05-01T14:15:38.270000,0.004830
2025-05-01T14:15:38.280000,0.003752
2025-05-01T14:15:38.290000,-0.002649
2025-05-01T14:15:38.300000,0.007242
2025-05-01T14:15:38.310000,0.012757
2025-05-01T14:15:38.320000,-0.022118
2025-05-01T14:15:38.330000,0.014509
2025-05-01T14:15:38.340000,0.000526
2025-05-01T14:15:38.350000,0.003039
2025-05-01T14:15:38.360000,-0.000671
2025-05-01T14:15:38.370000,0.004880
2025-05-01T14:15:38.380000,-0.015634
2025-05-01T14:15:38.390000,-0.005044
2025-05-01T14:15:38.400000,0.011336
2025-05-01T14:15:38.410000,-0.010905
2025-05-01T14:15:38.420000,-0.001297
2025-05-01T14:15:38.430000,-0.005938
2025-05-01T14:15:38.440000,-0.019013
2025-05-01T14:15:38.450000,-0.017177
2025-05-01T14:15:38.460000,0.002995
2025-05-01T14:15:38.470000,-0.002961
2025-05-01T14:15:38.480000,0.008423
2025-05-01T14:15:38.490000,-0.006074
2025-05-01T14:15:38.500000,-0.000193
2025-05-01T14:15:38.510000,0.006103
2025-05-01T14:15:38.520000,0.016935
2025-05-01T14:15:38.530000,-0.018514
2025-05-01T14:15:38.540000,0.000945
2025-05-01T14:15:38.550000,0.003372
2025-05-01T14:15:38.560000,-0.012931
2025-05-01T14:15:38.570000,-0.021528
2025-05-01T14:15:38.580000,0.025066
2025-05-01T14:15:38.590000,-0.004622
2025-05-01T14:15:38.600000,-0.005205
2025-05-01T14:15:38.610000,0.004869
2025-05-01T14:15:38.620000,0.010893
2025-05-01T14:15:38.630000,0.007382
2025-05-01T14:15:38.640000,0.000312
2025-05-01T14:15:38.650000,0.005741
2025-05-01T14:15:38.660000,0.010463
2025-05-01T14:15:38.670000,-0.020937
2025-05-01T14:15:38.680000,-0.021730
2025-05-01T14:15:38.690000,0.001981
2025-05-01T14:15:38.700000,0.013807
2025-05-01T14:15:38.710000,0.008745
2025-05-01T14:15:38.720000,-0.005791
2025-05-01T14:15:38.730000,-0.001048
2025-05-01T14:15:38.740000,0.011778
2025-05-01T14:15:38.750000,-0.009155
2025-05-01T14:15:38.760000,-0.017486
2025-05-01T14:15:38.770000,-0.014059
2025-05-01T14:15:38.780000,0.030801
2025-05-01T14:15:38.790000,0.003484
2025-05-01T14:15:38.800000,-0.005817
2025-05-01T14:15:38.810000,-0.002576
2025-05-01T14:15:38.820000,0.002168
2025-05-01T14:15:38.830000,-0.005950
2025-05-01T14:15:38.840000,0.002752
2025-05-01T14:15:38.850000,0.001761
2025-05-01T14:15:38.860000,-0.008723
2025-05-01T14:15:38.870000,0.015060
2025-05-01T14:15:38.880000,-0.004366
2025-05-01T14:15:38.890000,-0.002827
2025-05-01T14:15:38.900000,0.004807
2025-05-01T14:15:38.910000,0.008965
2025-05-01T14:15:38.920000,-0.005224
2025-05-01T14:15:38.930000,-0.011168
2025-05-01T14:15:38.940000,-0.006432
2025-05-01T14:15:38.950000,0.007401
2025-05-01T14:15:38.960000,-0.001695
2025-05-01T14:15:38.970000,0.000502
2025-05-01T14:15:38.980000,-0.001358
2025-05-01T14:15:38.990000,0.011563
2025-05-01T14:15:39,-0.002497
2025-05-01T14:15:39.010000,0.023471
2025-05-01T14:15:39.020000,0.019537
2025-05-01T14:15:39.030000,-0.011796
2025-05-01T14:15:39.040000,0.001032
2025-05-01T14:15:39.050000,0.000513
2025-05-01T14:15:39.060000,0.008061
2025-05-01T14:15:39.070000,0.005150
2025-05-01T14:15:39.080000,-0.015881
2025-05-01T14:15:39.090000,0.020897
2025-05-01T14:15:39.100000,-0.005789
2025-05-01T14:15:39.110000,-0.003148
2025-05-01T14:15:39.120000,0.003434
2025-05-01T14:15:39.130000,0.005859
2025-05-01T14:15:39.140000,0.012455
2025-05-01T14:15:39.150000,-0.014041
2025-05-01T14:15:39.160000,0.018228
2025-05-01T14:15:39.170000,-0.000290
2025-05-01T14:15:39.180000,0.013735
2025-05-01T14:15:39.190000,-0.005582
2025-05-01T14:15:39.200000,-0.000800
2025-05-01T14:15:39.210000,0.008061
2025-05-01T14:15:39.220000,0.001938
2025-05-01T14:15:39.230000,0.018103
2025-05-01T14:15:39.240000,0.002185
2025-05-01T14:15:39.250000,-0.009831
2025-05-01T14:15:39.260000,-0.006434
2025-05-01T14:15:39.270000,0.018928
2025-05-01T14:15:39.280000,-0.011699
2025-05-01T14:15:39.290000,0.002669
2025-05-01T14:15:39.300000,0.000634
2025-05-01T14:15:39.310000,0.009281
2025-05-01T14:15:39.320000,-0.023428
2025-05-01T14:15:39.330000,0.013475
2025-05-01T14:15:39.340000,0.014065
2025-05-01T14:15:39.350000,-0.015683
2025-05-01T14:15:39.360000,-0.002958
2025-05-01T14:15:39.370000,0.010234
2025-05-01T14:15:39.380000,-0.000750
2025-05-01T14:15:39.390000,-0.015950
2025-05-01T14:15:39.400000,0.007112
2025-05-01T14:15:39.410000,0.014046
2025-05-01T14:15:39.420000,0.028358
2025-05-01T14:15:39.430000,0.034038
2025-05-01T14:15:39.440000,0.001990
2025-05-01T14:15:39.450000,-0.000304
2025-05-01T14:15:39.460000,-0.005769
2025-05-01T14:15:39.470000,0.006498
2025-05-01T14:15:39.480000,-0.003916
2025-05-01T14:15:39.490000,-0.003714
2025-05-01T14:15:39.500000,0.015201
2025-05-01T14:15:39.510000,-0.005487
2025-05-01T14:15:39.520000,-0.008825
2025-05-01T14:15:39.530000,0.007852
2025-05-01T14:15:39.540000,-0.001577
2025-05-01T14:15:39.550000,0.009488
2025-05-01T14:15:39.560000,0.001576
2025-05-01T14:15:39.570000,-0.000961
2025-05-01T14:15:39.580000,0.007779
2025-05-01T14:15:39.590000,-0.004997
2025-05-01T14:15:39.600000,-0.000221
2025-05-01T14:15:39.610000,0.001819
2025-05-01T14:15:39.620000,0.003673
2025-05-01T14:15:39.630000,0.001659
2025-05-01T14:15:39.640000,-0.004460
2025-05-01T14:15:39.650000,0.005537
2025-05-01T14:15:39.660000,-0.005531
2025-05-01T14:15:39.670000,0.012735
2025-05-01T14:15:39.680000,0.000091
2025-05-01T14:15:39.690000,-0.015847
2025-05-01T14:15:39.700000,-0.004780
2025-05-01T14:15:39.710000,0.003318
2025-05-01T14:15:39.720000,-0.007816
2025-05-01T14:15:39.730000,0.024616
2025-05-01T14:15:39.740000,0.018605
2025-05-01T14:15:39.750000,-0.002975
2025-05-01T14:15:39.760000,0.005282
2025-05-01T14:15:39.770000,0.006656
2025-05-01T14:15:39.780000,-0.004433
2025-05-01T14:15:39.790000,0.009371
2025-05-01T14:15:39.800000,-0.007253
2025-05-01T14:15:39.810000,-0.006163
2025-05-01T14:15:39.820000,0.002711
2025-05-01T14:15:39.830000,-0.013818
2025-05-01T14:15:39.840000,-0.018596
2025-05-01T14:15:39.850000,-0.008218
2025-05-01T14:15:39.860000,-0.009325
2025-05-01T14:15:39.870000,-0.009568
2025-05-01T14:15:39.880000,0.007977
2025-05-01T14:15:39.890000,0.001972
2025-05-01T14:15:39.900000,0.008762
2025-05-01T14:15:39.910000,0.022542
2025-05-01T14:15:39.920000,-0.000110
2025-05-01T14:15:39.930000,-0.000121
2025-05-01T14:15:39.940000,0.003112
2025-05-01T14:15:39.950000,-0.025153
2025-05-01T14:15:39.960000,0.002589
2025-05-01T14:15:39.970000,-0.009156
2025-05-01T14:15:39.980000,0.010164
2025-05-01T14:15:39.990000,-0.005121
2025-05-01T14:15:40,-0.005455
2025-05-01T14:15:40.010000,-0.001540
2025-05-01T14:15:40.020000,-0.000804
2025-05-01T14:15:40.030000,-0.013367
2025-05-01T14:15:40.040000,-0.015252
2025-05-01T14:15:40.050000,-0.002710
2025-05-01T14:15:40.060000,-0.004381
2025-05-01T14:15:40.070000,0.000920
2025-05-01T14:15:40.080000,-0.002296
2025-05-01T14:15:40.090000,-0.019601
2025-05-01T14:15:40.100000,0.006259
2025-05-01T14:15:40.110000,0.005064
2025-05-01T14:15:40.120000,0.003529
2025-05-01T14:15:40.130000,-0.009216
2025-05-01T14:15:40.140000,-0.008321
2025-05-01T14:15:40.150000,-0.005384
2025-05-01T14:15:40.160000,-0.003678
2025-05-01T14:15:40.170000,-0.002127
2025-05-01T14:15:40.180000,-0.001997
2025-05-01T14:15:40.190000,-0.001130
2025-05-01T14:15:40.200000,0.008164
2025-05-01T14:15:40.210000,0.006895
2025-05-01T14:15:40.220000,-0.010007
2025-05-01T14:15:40.230000,-0.022441
2025-05-01T14:15:40.240000,0.004638
2025-05-01T14:15:40.250000,-0.001051
2025-05-01T14:15:40.260000,-0.003530
2025-05-01T14:15:40.270000,0.010582
2025-05-01T14:15:40.280000,-0.002144
2025-05-01T14:15:40.290000,0.003879
2025-05-01T14:15:40.300000,0.018246
2025-05-01T14:15:40.310000,-0.000138
2025-05-01T14:15:40.320000,0.006626
2025-05-01T14:15:40.330000,-0.000903
2025-05-01T14:15:40.340000,0.002738
2025-05-01T14:15:40.350000,0.007440
2025-05-01T14:15:40.360000,0.013717
2025-05-01T14:15:40.370000,-0.007893
2025-05-01T14:15:40.380000,0.006656
2025-05-01T14:15:40.390000,-0.001363
2025-05-01T14:15:40.400000,-0.004688
2025-05-01T14:15:40.410000,-0.011914
2025-05-01T14:15:40.420000,0.006545
2025-05-01T14:15:40.430000,-0.016119
2025-05-01T14:15:40.440000,-0.002790
2025-05-01T14:15:40.450000,-0.016861
2025-05-01T14:15:40.460000,-0.000039
2025-05-01T14:15:40.470000,-0.004930
2025-05-01T14:15:40.480000,0.005104
2025-05-01T14:15:40.490000,0.005375
2025-05-01T14:15:40.500000,0.015945
2025-05-01T14:15:40.510000,-0.008621
2025-05-01T14:15:40.520000,0.005139
2025-05-01T14:15:40.530000,0.012578
2025-05-01T14:15:40.540000,-0.008035
2025-05-01T14:15:40.550000,0.004278
2025-05-01T14:15:40.560000,0.007001
2025-05-01T14:15:40.570000,-0.004244
2025-05-01T14:15:40.580000,0.000001
2025-05-01T14:15:40.590000,0.011759
2025-05-01T14:15:40.600000,0.006773
2025-05-01T14:15:40.610000,0.010818
2025-05-01T14:15:40.620000,-0.011205
2025-05-01T14:15:40.630000,-0.000739
2025-05-01T14:15:40.640000,0.000767
2025-05-01T14:15:40.650000,-0.012203
2025-05-01T14:15:40.660000,0.015438
2025-05-01T14:15:40.670000,-0.003625
2025-05-01T14:15:40.680000,-0.000590
2025-05-01T14:15:40.690000,-0.006112
2025-05-01T14:15:40.700000,-0.013293
2025-05-01T14:15:40.710000,-0.008335
2025-05-01T14:15:40.720000,-0.006971
2025-05-01T14:15:40.730000,-0.000438
2025-05-01T14:15:40.740000,0.004335
2025-05-01T14:15:40.750000,0.026116
2025-05-01T14:15:40.760000,-0.020719
2025-05-01T14:15:40.770000,0.003567
2025-05-01T14:15:40.780000,0.016220
2025-05-01T14:15:40.790000,-0.020049
2025-05-01T14:15:40.800000,-0.019508
2025-05-01T14:15:40.810000,-0.010494
2025-05-01T14:15:40.820000,-0.001322
2025-05-01T14:15:40.830000,0.001541
2025-05-01T14:15:40.840000,-0.021718
2025-05-01T14:15:40.850000,0.009866
2025-05-01T14:15:40.860000,0.005408
2025-05-01T14:15:40.870000,-0.001350
2025-05-01T14:15:40.880000,-0.002887
2025-05-01T14:15:40.890000,-0.006988
2025-05-01T14:15:40.900000,0.004095
2025-05-01T14:15:40.910000,0.005608
2025-05-01T14:15:40.920000,0.006742
2025-05-01T14:15:40.930000,-0.020957
2025-05-01T14:15:40.940000,0.030876
2025-05-01T14:15:40.950000,0.007006
2025-05-01T14:15:40.960000,-0.002706
2025-05-01T14:15:40.970000,-0.015614
2025-05-01T14:15:40.980000,0.007573
2025-05-01T14:15:40.990000,0.021297
2025-05-01T14:15:41,0.015623
2025-05-01T14:15:41.010000,-0.013417
2025-05-01T14:15:41.020000,-0.007503
2025-05-01T14:15:41.030000,-0.003739
2025-05-01T14:15:41.040000,-0.002053
2025-05-01T14:15:41.050000,0.002278
2025-05-01T14:15:41.060000,0.005500
2025-05-01T14:15:41.070000,-0.006764
2025-05-01T14:15:41.080000,0.003011
2025-05-01T14:15:41.090000,0.015652
2025-05-01T14:15:41.100000,0.012854
2025-05-01T14:15:41.110000,-0.003691
2025-05-01T14:15:41.120000,-0.018140
2025-05-01T14:15:41.130000,0.012791
2025-05-01T14:15:41.140000,0.001314
2025-05-01T14:15:41.150000,0.006696
2025-05-01T14:15:41.160000,-0.007525
2025-05-01T14:15:41.170000,0.004596
2025-05-01T14:15:41.180000,-0.009008
2025-05-01T14:15:41.190000,-0.005731
2025-05-01T14:15:41.200000,-0.006899
2025-05-01T14:15:41.210000,-0.001854
2025-05-01T14:15:41.220000,0.010544
2025-05-01T14:15:41.230000,-0.003346
2025-05-01T14:15:41.240000,-0.013669
2025-05-01T14:15:41.250000,0.001581
2025-05-01T14:15:41.260000,0.003758
2025-05-01T14:15:41.270000,0.003385
2025-05-01T14:15:41.280000,0.008105
2025-05-01T14:15:41.290000,0.005826
2025-05-01T14:15:41.300000,-0.019573
2025-05-01T14:15:41.310000,0.002978
2025-05-01T14:15:41.320000,0.004216
2025-05-01T14:15:41.330000,0.007502
2025-05-01T14:15:41.340000,0.011584
2025-05-01T14:15:41.350000,-0.012138
2025-05-01T14:15:41.360000,0.002584
2025-05-01T14:15:41.370000,0.009041
2025-05-01T14:15:41.380000,0.011466
2025-05-01T14:15:41.390000,-0.006381
2025-05-01T14:15:41.400000,0.009718
2025-05-01T14:15:41.410000,0.004139
2025-05-01T14:15:41.420000,-0.002008
2025-05-01T14:15:41.430000,-0.009816
2025-05-01T14:15:41.440000,0.003313
2025-05-01T14:15:41.450000,-0.004335
2025-05-01T14:15:41.460000,-0.012943
2025-05-01T14:15:41.470000,-0.005117
2025-05-01T14:15:41.480000,-0.016069
2025-05-01T14:15:41.490000,0.013048
2025-05-01T14:15:41.500000,-0.002620
2025-05-01T14:15:41.510000,0.003446
2025-05-01T14:15:41.520000,-0.011812
2025-05-01T14:15:41.530000,-0.004971
2025-05-01T14:15:41.540000,-0.003003
2025-05-01T14:15:41.550000,0.001149
2025-05-01T14:15:41.560000,-0.001740
2025-05-01T14:15:41.570000,-0.011786
2025-05-01T14:15:41.580000,0.010451
2025-05-01T14:15:41.590000,0.003907
2025-05-01T14:15:41.600000,0.013858
2025-05-01T14:15:41.610000,0.003411
2025-05-01T14:15:41.620000,-0.002121
2025-05-01T14:15:41.630000,-0.005795
2025-05-01T14:15:41.640000,-0.005198
2025-05-01T14:15:41.650000,-0.016467
2025-05-01T14:15:41.660000,-0.003922
2025-05-01T14:15:41.670000,0.001565
2025-05-01T14:15:41.680000,0.000913
2025-05-01T14:15:41.690000,-0.007617
2025-05-01T14:15:41.700000,-0.003816
2025-05-01T14:15:41.710000,0.005194
2025-05-01T14:15:41.720000,-0.011809
2025-05-01T14:15:41.730000,-0.003276
2025-05-01T14:15:41.740000,-0.005904
2025-05-01T14:15:41.750000,0.011035
2025-05-01T14:15:41.760000,0.003965
2025-05-01T14:15:41.770000,-0.003722
2025-05-01T14:15:41.780000,0.009816
2025-05-01T14:15:41.790000,-0.006107
2025-05-01T14:15:41.800000,0.003379
2025-05-01T14:15:41.810000,0.011984
2025-05-01T14:15:41.820000,-0.008645
2025-05-01T14:15:41.830000,0.006289
2025-05-01T14:15:41.840000,-0.005582
2025-05-01T14:15:41.850000,-0.014668
2025-05-01T14:15:41.860000,0.007069
2025-05-01T14:15:41.870000,0.009047
2025-05-01T14:15:41.880000,-0.034435
2025-05-01T14:15:41.890000,0.000237
2025-05-01T14:15:41.900000,-0.005081
2025-05-01T14:15:41.910000,-0.000650
2025-05-01T14:15:41.920000,-0.001609
2025-05-01T14:15:41.930000,-0.005186
2025-05-01T14:15:41.940000,-0.005709
2025-05-01T14:15:41.950000,0.000149
2025-05-01T14:15:41.960000,0.014769
2025-05-01T14:15:41.970000,-0.009084
2025-05-01T14:15:41.980000,0.004086
2025-05-01T14:15:41.990000,-0.016075
2025-05-01T14:15:42,0.008941
2025-05-01T14:15:42.010000,0.006562
2025-05-01T14:15:42.020000,0.003799
2025-05-01T14:15:42.030000,0.013449
2025-05-01T14:15:42.040000,-0.022659
2025-05-01T14:15:42.050000,-0.009331
2025-05-01T14:15:42.060000,-0.005846
2025-05-01T14:15:42.070000,-0.011062
2025-05-01T14:15:42.080000,0.011100
2025-05-01T14:15:42.090000,-0.003264
2025-05-01T14:15:42.100000,0.019215
2025-05-01T14:15:42.110000,-0.020425
2025-05-01T14:15:42.120000,0.005326
2025-05-01T14:15:42.130000,0.002355
2025-05-01T14:15:42.140000,0.002743
2025-05-01T14:15:42.150000,0.006531
2025-05-01T14:15:42.160000,0.000245
2025-05-01T14:15:42.170000,-0.009755
2025-05-01T14:15:42.180000,-0.005527
2025-05-01T14:15:42.190000,0.022277
2025-05-01T14:15:42.200000,0.012281
2025-05-01T14:15:42.210000,0.002408
2025-05-01T14:15:42.220000,0.002336
2025-05-01T14:15:42.230000,0.014317
2025-05-01T14:15:42.240000,-0.014728
2025-05-01T14:15:42.250000,0.016246
2025-05-01T14:15:42.260000,0.003327
2025-05-01T14:15:42.270000,0.024813
2025-05-01T14:15:42.280000,-0.006463
2025-05-01T14:15:42.290000,0.015029
2025-05-01T14:15:42.300000,0.008978
2025-05-01T14:15:42.310000,0.007410
2025-05-01T14:15:42.320000,-0.001650
2025-05-01T14:15:42.330000,0.003035
2025-05-01T14:15:42.340000,-0.000247
2025-05-01T14:15:42.350000,-0.009814
2025-05-01T14:15:42.360000,-0.002138
2025-05-01T14:15:42.370000,-0.001425
2025-05-01T14:15:42.380000,0.009062
2025-05-01T14:15:42.390000,-0.005295
2025-05-01T14:15:42.400000,0.008163
2025-05-01T14:15:42.410000,-0.014774
2025-05-01T14:15:42.420000,0.003030
2025-05-01T14:15:42.430000,0.004354
2025-05-01T14:15:42.440000,-0.009000
2025-05-01T14:15:42.450000,0.021663
2025-05-01T14:15:42.460000,-0.003349
2025-05-01T14:15:42.470000,0.000501
2025-05-01T14:15:42.480000,0.006875
2025-05-01T14:15:42.490000,0.021292
2025-05-01T14:15:42.500000,0.007431
2025-05-01T14:15:42.510000,0.007264
2025-05-01T14:15:42.520000,-0.011753
2025-05-01T14:15:42.530000,0.011261
2025-05-01T14:15:42.540000,-0.014232
2025-05-01T14:15:42.550000,-0.012700
2025-05-01T14:15:42.560000,-0.000219
2025-05-01T14:15:42.570000,0.010230
2025-05-01T14:15:42.580000,-0.010395
2025-05-01T14:15:42.590000,0.005677
2025-05-01T14:15:42.600000,0.010092
2025-05-01T14:15:42.610000,0.006013
2025-05-01T14:15:42.620000,0.007978
2025-05-01T14:15:42.630000,0.008366
2025-05-01T14:15:42.640000,-0.003931
2025-05-01T14:15:42.650000,0.000678
2025-05-01T14:15:42.660000,0.006604
2025-05-01T14:15:42.670000,-0.037561
2025-05-01T14:15:42.680000,-0.014097
2025-05-01T14:15:42.690000,0.005613
2025-05-01T14:15:42.700000,0.005546
2025-05-01T14:15:42.710000,-0.018397
2025-05-01T14:15:42.720000,0.004544
2025-05-01T14:15:42.730000,0.003508
2025-05-01T14:15:42.740000,0.006814
2025-05-01T14:15:42.750000,-0.014011
2025-05-01T14:15:42.760000,0.002967
2025-05-01T14:15:42.770000,0.011700
2025-05-01T14:15:42.780000,-0.019163
2025-05-01T14:15:42.790000,0.009352
2025-05-01T14:15:42.800000,0.009943
2025-05-01T14:15:42.810000,-0.014859
2025-05-01T14:15:42.820000,0.002594
2025-05-01T14:15:42.830000,0.009926
2025-05-01T14:15:42.840000,-0.003406
2025-05-01T14:15:42.850000,0.002588
2025-05-01T14:15:42.860000,0.008983
2025-05-01T14:15:42.870000,0.022205
2025-05-01T14:15:42.880000,-0.001684
2025-05-01T14:15:42.890000,-0.012153
2025-05-01T14:15:42.900000,0.005618
2025-05-01T14:15:42.910000,-0.021326
2025-05-01T14:15:42.920000,0.000026
2025-05-01T14:15:42.930000,0.001717
2025-05-01T14:15:42.940000,0.015323
2025-05-01T14:15:42.950000,-0.011942
2025-05-01T14:15:42.960000,0.000837
2025-05-01T14:15:42.970000,0.005459
2025-05-01T14:15:42.980000,0.001366
2025-05-01T14:15:42.990000,0.008505
2025-05-01T14:15:43,-0.006905
2025-05-01T14:15:43.010000,-0.005043
2025-05-01T14:15:43.020000,0.014170
2025-05-01T14:15:43.030000,-0.000942
2025-05-01T14:15:43.040000,0.000328
2025-05-01T14:15:43.050000,0.022565
2025-05-01T14:15:43.060000,-0.008554
2025-05-01T14:15:43.070000,-0.001504
2025-05-01T14:15:43.080000,0.000155
2025-05-01T14:15:43.090000,-0.008078
2025-05-01T14:15:43.100000,-0.000537
2025-05-01T14:15:43.110000,0.008821
2025-05-01T14:15:43.120000,0.010006
2025-05-01T14:15:43.130000,-0.003895
2025-05-01T14:15:43.140000,-0.010669
2025-05-01T14:15:43.150000,0.010256
2025-05-01T14:15:43.160000,0.005286
2025-05-01T14:15:43.170000,-0.000967
2025-05-01T14:15:43.180000,0.006776
2025-05-01T14:15:43.190000,-0.005113
2025-05-01T14:15:43.200000,-0.007389
2025-05-01T14:15:43.210000,0.000643
2025-05-01T14:15:43.220000,-0.001003
2025-05-01T14:15:43.230000,0.002338
2025-05-01T14:15:43.240000,-0.003607
2025-05-01T14:15:43.250000,-0.009381
2025-05-01T14:15:43.260000,0.005304
2025-05-01T14:15:43.270000,-0.000328
2025-05-01T14:15:43.280000,-0.005503
2025-05-01T14:15:43.290000,0.003899
2025-05-01T14:15:43.300000,0.003264
2025-05-01T14:15:43.310000,0.011119
2025-05-01T14:15:43.320000,-0.000920
2025-05-01T14:15:43.330000,-0.001270
2025-05-01T14:15:43.340000,-0.001263
2025-05-01T14:15:43.350000,0.002756
2025-05-01T14:15:43.360000,0.021930
2025-05-01T14:15:43.370000,0.000732
2025-05-01T14:15:43.380000,-0.000104
2025-05-01T14:15:43.390000,0.008066
2025-05-01T14:15:43.400000,0.002576
2025-05-01T14:15:43.410000,-0.006427
2025-05-01T14:15:43.420000,0.006726
2025-05-01T14:15:43.430000,0.012188
2025-05-01T14:15:43.440000,-0.011755
2025-05-01T14:15:43.450000,0.010029
2025-05-01T14:15:43.460000,0.011241
2025-05-01T14:15:43.470000,-0.009098
2025-05-01T14:15:43.480000,0.012617
2025-05-01T14:15:43.490000,0.000895
2025-05-01T14:15:43.500000,0.000192
2025-05-01T14:15:43.510000,0.012504
2025-05-01T14:15:43.520000,0.005273
2025-05-01T14:15:43.530000,-0.001963
2025-05-01T14:15:43.540000,0.012378
2025-05-01T14:15:43.550000,-0.000464
2025-05-01T14:15:43.560000,-0.011842
2025-05-01T14:15:43.570000,0.017839
2025-05-01T14:15:43.580000,-0.010504
2025-05-01T14:15:43.590000,0.001192
2025-05-01T14:15:43.600000,-0.003804
2025-05-01T14:15:43.610000,-0.005297
2025-05-01T14:15:43.620000,0.012211
2025-05-01T14:15:43.630000,-0.000426
2025-05-01T14:15:43.640000,-0.006727
2025-05-01T14:15:43.650000,-0.010607
2025-05-01T14:15:43.660000,-0.007779
2025-05-01T14:15:43.670000,0.010587
2025-05-01T14:15:43.680000,0.001187
2025-05-01T14:15:43.690000,-0.014776
2025-05-01T14:15:43.700000,0.005623
2025-05-01T14:15:43.710000,0.002951
2025-05-01T14:15:43.720000,0.006673
2025-05-01T14:15:43.730000,-0.010395
2025-05-01T14:15:43.740000,-0.019428
2025-05-01T14:15:43.750000,0.005376
2025-05-01T14:15:43.760000,-0.012050
2025-05-01T14:15:43.770000,-0.013980
2025-05-01T14:15:43.780000,0.013116
2025-05-01T14:15:43.790000,-0.002429
2025-05-01T14:15:43.800000,-0.002885
2025-05-01T14:15:43.810000,0.013783
2025-05-01T14:15:43.820000,0.001313
2025-05-01T14:15:43.830000,-0.005203
2025-05-01T14:15:43.840000,-0.009643
2025-05-01T14:15:43.850000,-0.003766
2025-05-01T14:15:43.860000,0.010602
2025-05-01T14:15:43.870000,0.002323
2025-05-01T14:15:43.880000,0.008388
2025-05-01T14:15:43.890000,0.005188
2025-05-01T14:15:43.900000,-0.008097
2025-05-01T14:15:43.910000,0.011891
2025-05-01T14:15:43.920000,-0.002827
2025-05-01T14:15:43.930000,-0.014069
2025-05-01T14:15:43.940000,0.007144
2025-05-01T14:15:43.950000,-0.007606
2025-05-01T14:15:43.960000,0.000331
2025-05-01T14:15:43.970000,0.020456
2025-05-01T14:15:43.980000,0.006340
2025-05-01T14:15:43.990000,-0.000758
2025-05-01T14:15:44,0.012115
2025-05-01T14:15:44.010000,-0.005448
2025-05-01T14:15:44.020000,-0.014112
2025-05-01T14:15:44.030000,-0.003891
2025-05-01T14:15:44.040000,0.002547
2025-05-01T14:15:44.050000,0.006562
2025-05-01T14:15:44.060000,0.003158
2025-05-01T14:15:44.070000,0.007761
2025-05-01T14:15:44.080000,0.000617
2025-05-01T14:15:44.090000,0.006765
2025-05-01T14:15:44.100000,-0.017435
2025-05-01T14:15:44.110000,0.009475
2025-05-01T14:15:44.120000,0.006537
2025-05-01T14:15:44.130000,0.003580
2025-05-01T14:15:44.140000,-0.011641
2025-05-01T14:15:44.150000,0.002915
2025-05-01T14:15:44.160000,0.006702
2025-05-01T14:15:44.170000,-0.003500
2025-05-01T14:15:44.180000,-0.012531
2025-05-01T14:15:44.190000,-0.001197
2025-05-01T14:15:44.200000,-0.000901
2025-05-01T14:15:44.210000,-0.005009
2025-05-01T14:15:44.220000,-0.006386
2025-05-01T14:15:44.230000,-0.009256
2025-05-01T14:15:44.240000,-0.002719
2025-05-01T14:15:44.250000,-0.001281
2025-05-01T14:15:44.260000,0.016877
2025-05-01T14:15:44.270000,-0.012218
2025-05-01T14:15:44.280000,-0.010984
2025-05-01T14:15:44.290000,0.005366
2025-05-01T14:15:44.300000,-0.001750
2025-05-01T14:15:44.310000,0.000414
2025-05-01T14:15:44.320000,0.000947
2025-05-01T14:15:44.330000,-0.006642
2025-05-01T14:15:44.340000,0.011547
2025-05-01T14:15:44.350000,-0.000738
2025-05-01T14:15:44.360000,-0.014370
2025-05-01T14:15:44.370000,-0.011534
2025-05-01T14:15:44.380000,-0.010280
2025-05-01T14:15:44.390000,-0.001825
2025-05-01T14:15:44.400000,0.018098
2025-05-01T14:15:44.410000,0.004985
2025-05-01T14:15:44.420000,0.018209
2025-05-01T14:15:44.430000,-0.012237
2025-05-01T14:15:44.440000,0.003429
2025-05-01T14:15:44.450000,0.000639
2025-05-01T14:15:44.460000,0.012142
2025-05-01T14:15:44.470000,0.016893
2025-05-01T14:15:44.480000,-0.005354
2025-05-01T14:15:44.490000,-0.003296
2025-05-01T14:15:44.500000,-0.005290
2025-05-01T14:15:44.510000,0.012508
2025-05-01T14:15:44.520000,0.009498
2025-05-01T14:15:44.530000,-0.009643
2025-05-01T14:15:44.540000,0.006502
2025-05-01T14:15:44.550000,0.010851
2025-05-01T14:15:44.560000,-0.000862
2025-05-01T14:15:44.570000,0.014508
2025-05-01T14:15:44.580000,-0.009662
2025-05-01T14:15:44.590000,-0.003469
2025-05-01T14:15:44.600000,-0.007215
2025-05-01T14:15:44.610000,-0.013605
2025-05-01T14:15:44.620000,0.005295
2025-05-01T14:15:44.630000,-0.008582
2025-05-01T14:15:44.640000,0.002314
2025-05-01T14:15:44.650000,-0.009119
2025-05-01T14:15:44.660000,0.015974
2025-05-01T14:15:44.670000,0.019617
2025-05-01T14:15:44.680000,0.010923
2025-05-01T14:15:44.690000,-0.011491
2025-05-01T14:15:44.700000,0.007770
2025-05-01T14:15:44.710000,0.006883
2025-05-01T14:15:44.720000,-0.004665
2025-05-01T14:15:44.730000,0.008455
2025-05-01T14:15:44.740000,-0.013441
2025-05-01T14:15:44.750000,0.003078
2025-05-01T14:15:44.760000,-0.008019
2025-05-01T14:15:44.770000,-0.001511
2025-05-01T14:15:44.780000,-0.002708
2025-05-01T14:15:44.790000,0.006915
2025-05-01T14:15:44.800000,0.005590
2025-05-01T14:15:44.810000,-0.011539
2025-05-01T14:15:44.820000,0.007929
2025-05-01T14:15:44.830000,0.004776
2025-05-01T14:15:44.840000,-0.012897
2025-05-01T14:15:44.850000,-0.014360
2025-05-01T14:15:44.860000,-0.001818
2025-05-01T14:15:44.870000,-0.016863
2025-05-01T14:15:44.880000,-0.001921
2025-05-01T14:15:44.890000,0.008858
2025-05-01T14:15:44.900000,-0.013590
2025-05-01T14:15:44.910000,0.008917
2025-05-01T14:15:44.920000,0.006005
2025-05-01T14:15:44.930000,0.003605
2025-05-01T14:15:44.940000,-0.002122
2025-05-01T14:15:44.950000,-0.006077
2025-05-01T14:15:44.960000,0.004884
2025-05-01T14:15:44.970000,0.002725
2025-05-01T14:15:44.980000,-0.000683
2025-05-01T14:15:44.990000,-0.006821
2025-05-01T14:15:45,0.015819
2025-05-01T14:15:45.010000,-0.015491
2025-05-01T14:15:45.020000,0.004377
2025-05-01T14:15:45.030000,0.011372
2025-05-01T14:15:45.040000,0.010527
2025-05-01T14:15:45.050000,-0.014189
2025-05-01T14:15:45.060000,-0.003129
2025-05-01T14:15:45.070000,-0.001418
2025-05-01T14:15:45.080000,0.014284
2025-05-01T14:15:45.090000,0.001791
2025-05-01T14:15:45.100000,-0.003634
2025-05-01T14:15:45.110000,-0.008258
2025-05-01T14:15:45.120000,0.018831
2025-05-01T14:15:45.130000,0.003218
2025-05-01T14:15:45.140000,-0.010237
2025-05-01T14:15:45.150000,0.010126
2025-05-01T14:15:45.160000,-0.015602
2025-05-01T14:15:45.170000,0.011562
2025-05-01T14:15:45.180000,0.006998
2025-05-01T14:15:45.190000,-0.016338
2025-05-01T14:15:45.200000,-0.010088
2025-05-01T14:15:45.210000,0.006165
2025-05-01T14:15:45.220000,-0.004449
2025-05-01T14:15:45.230000,-0.003975
2025-05-01T14:15:45.240000,-0.007323
2025-05-01T14:15:45.250000,-0.009977
2025-05-01T14:15:45.260000,-0.011308
2025-05-01T14:15:45.270000,-0.000974
2025-05-01T14:15:45.280000,-0.009834
2025-05-01T14:15:45.290000,0.013280
2025-05-01T14:15:45.300000,-0.022794
2025-05-01T14:15:45.310000,0.011013
2025-05-01T14:15:45.320000,-0.016293
2025-05-01T14:15:45.330000,-0.008309
2025-05-01T14:15:45.340000,0.002555
2025-05-01T14:15:45.350000,-0.000920
2025-05-01T14:15:45.360000,-0.016683
2025-05-01T14:15:45.370000,-0.018956
2025-05-01T14:15:45.380000,-0.001086
2025-05-01T14:15:45.390000,-0.006182
2025-05-01T14:15:45.400000,-0.009115
2025-05-01T14:15:45.410000,-0.001060
2025-05-01T14:15:45.420000,-0.004055
2025-05-01T14:15:45.430000,0.010002
2025-05-01T14:15:45.440000,0.001505
2025-05-01T14:15:45.450000,-0.009128
2025-05-01T14:15:45.460000,0.011223
2025-05-01T14:15:45.470000,-0.011122
2025-05-01T14:15:45.480000,0.001712
2025-05-01T14:15:45.490000,-0.004604
2025-05-01T14:15:45.500000,0.000340
2025-05-01T14:15:45.510000,-0.020314
2025-05-01T14:15:45.520000,-0.013854
2025-05-01T14:15:45.530000,-0.015318
2025-05-01T14:15:45.540000,-0.002614
2025-05-01T14:15:45.550000,-0.006643
2025-05-01T14:15:45.560000,0.016035
2025-05-01T14:15:45.570000,0.003560
2025-05-01T14:15:45.580000,0.020604
2025-05-01T14:15:45.590000,0.004669
2025-05-01T14:15:45.600000,0.017035
2025-05-01T14:15:45.610000,-0.018789
2025-05-01T14:15:45.620000,-0.000514
2025-05-01T14:15:45.630000,0.015706
2025-05-01T14:15:45.640000,-0.012121
2025-05-01T14:15:45.650000,-0.002883
2025-05-01T14:15:45.660000,0.021238
2025-05-01T14:15:45.670000,0.015851
2025-05-01T14:15:45.680000,-0.007781
2025-05-01T14:15:45.690000,-0.002147
2025-05-01T14:15:45.700000,-0.006469
2025-05-01T14:15:45.710000,-0.007295
2025-05-01T14:15:45.720000,0.000813
2025-05-01T14:15:45.730000,-0.003414
2025-05-01T14:15:45.740000,-0.007904
2025-05-01T14:15:45.750000,-0.016789
2025-05-01T14:15:45.760000,0.008350
2025-05-01T14:15:45.770000,-0.004688
2025-05-01T14:15:45.780000,-0.014360
2025-05-01T14:15:45.790000,-0.005881
2025-05-01T14:15:45.800000,-0.016425
2025-05-01T14:15:45.810000,-0.012822
2025-05-01T14:15:45.820000,0.005316
2025-05-01T14:15:45.830000,0.010092
2025-05-01T14:15:45.840000,0.008350
2025-05-01T14:15:45.850000,0.021527
2025-05-01T14:15:45.860000,-0.010287
2025-05-01T14:15:45.870000,0.007868
2025-05-01T14:15:45.880000,0.004662
2025-05-01T14:15:45.890000,-0.001423
2025-05-01T14:15:45.900000,-0.010033
2025-05-01T14:15:45.910000,-0.013254
2025-05-01T14:15:45.920000,0.011332
2025-05-01T14:15:45.930000,0.003329
2025-05-01T14:15:45.940000,-0.001196
2025-05-01T14:15:45.950000,-0.001054
2025-05-01T14:15:45.960000,0.004785
2025-05-01T14:15:45.970000,-0.003046
2025-05-01T14:15:45.980000,-0.007543
2025-05-01T14:15:45.990000,0.007851
2025-05-01T14:15:46,-0.007330
2025-05-01T14:15:46.010000,0.002065
2025-05-01T14:15:46.020000,0.011630
2025-05-01T14:15:46.030000,0.003348
2025-05-01T14:15:46.040000,-0.005835
2025-05-01T14:15:46.050000,-0.014815
2025-05-01T14:15:46.060000,-0.017694
2025-05-01T14:15:46.070000,-0.000798
2025-05-01T14:15:46.080000,0.016187
2025-05-01T14:15:46.090000,-0.006824
2025-05-01T14:15:46.100000,0.000064
2025-05-01T14:15:46.110000,0.002966
2025-05-01T14:15:46.120000,-0.006629
2025-05-01T14:15:46.130000,0.001854
2025-05-01T14:15:46.140000,-0.019919
2025-05-01T14:15:46.150000,-0.007253
2025-05-01T14:15:46.160000,-0.005414
2025-05-01T14:15:46.170000,0.004157
2025-05-01T14:15:46.180000,-0.013266
2025-05-01T14:15:46.190000,0.005962
2025-05-01T14:15:46.200000,0.011305
2025-05-01T14:15:46.210000,-0.009401
2025-05-01T14:15:46.220000,-0.003443
2025-05-01T14:15:46.230000,0.006988
2025-05-01T14:15:46.240000,0.020203
2025-05-01T14:15:46.250000,-0.001856
2025-05-01T14:15:46.260000,0.007517
2025-05-01T14:15:46.270000,0.006828
2025-05-01T14:15:46.280000,0.010715
2025-05-01T14:15:46.290000,-0.018981
2025-05-01T14:15:46.300000,0.005182
2025-05-01T14:15:46.310000,-0.003401
2025-05-01T14:15:46.320000,0.007215
2025-05-01T14:15:46.330000,-0.013468
2025-05-01T14:15:46.340000,0.011498
2025-05-01T14:15:46.350000,-0.001230
2025-05-01T14:15:46.360000,0.002201
2025-05-01T14:15:46.370000,0.004751
2025-05-01T14:15:46.380000,0.001201
2025-05-01T14:15:46.390000,-0.006101
2025-05-01T14:15:46.400000,-0.002238
2025-05-01T14:15:46.410000,-0.004719
2025-05-01T14:15:46.420000,-0.006066
2025-05-01T14:15:46.430000,-0.001805
2025-05-01T14:15:46.440000,0.003145
2025-05-01T14:15:46.450000,0.001200
2025-05-01T14:15:46.460000,-0.011772
2025-05-01T14:15:46.470000,-0.011870
2025-05-01T14:15:46.480000,0.013676
2025-05-01T14:15:46.490000,0.011817
2025-05-01T14:15:46.500000,0.015359
2025-05-01T14:15:46.510000,-0.012691
2025-05-01T14:15:46.520000,-0.004124
2025-05-01T14:15:46.530000,0.013878
2025-05-01T14:15:46.540000,0.000240
2025-05-01T14:15:46.550000,0.002754
2025-05-01T14:15:46.560000,0.010065
2025-05-01T14:15:46.570000,0.009721
2025-05-01T14:15:46.580000,-0.005603
2025-05-01T14:15:46.590000,0.003931
2025-05-01T14:15:46.600000,-0.002733
2025-05-01T14:15:46.610000,0.000091
2025-05-01T14:15:46.620000,0.008704
2025-05-01T14:15:46.630000,0.009866
2025-05-01T14:15:46.640000,-0.002916
2025-05-01T14:15:46.650000,0.015176
2025-05-01T14:15:46.660000,-0.007735
2025-05-01T14:15:46.670000,0.000033
2025-05-01T14:15:46.680000,-0.003879
2025-05-01T14:15:46.690000,0.011952
2025-05-01T14:15:46.700000,0.004764
2025-05-01T14:15:46.710000,0.005419
2025-05-01T14:15:46.720000,0.001806
2025-05-01T14:15:46.730000,0.005895
2025-05-01T14:15:46.740000,-0.014703
2025-05-01T14:15:46.750000,-0.008126
2025-05-01T14:15:46.760000,-0.004575
2025-05-01T14:15:46.770000,-0.007206
2025-05-01T14:15:46.780000,0.009361
2025-05-01T14:15:46.790000,0.008066
2025-05-01T14:15:46.800000,0.011087
2025-05-01T14:15:46.810000,0.003828
2025-05-01T14:15:46.820000,0.016604
2025-05-01T14:15:46.830000,-0.010394
2025-05-01T14:15:46.840000,-0.009444
2025-05-01T14:15:46.850000,0.003730
2025-05-01T14:15:46.860000,0.009382
2025-05-01T14:15:46.870000,0.010471
2025-05-01T14:15:46.880000,0.025910
2025-05-01T14:15:46.890000,-0.002916
2025-05-01T14:15:46.900000,-0.012493
2025-05-01T14:15:46.910000,0.002083
2025-05-01T14:15:46.920000,-0.008147
2025-05-01T14:15:46.930000,-0.020709
2025-05-01T14:15:46.940000,0.014698
2025-05-01T14:15:46.950000,-0.005958
2025-05-01T14:15:46.960000,0.007547
2025-05-01T14:15:46.970000,0.009764
2025-05-01T14:15:46.980000,-0.007844
2025-05-01T14:15:46.990000,0.015642
2025-05-01T14:15:47,0.015530
2025-05-01T14:15:47.010000,0.001465
2025-05-01T14:15:47.020000,0.007991
2025-05-01T14:15:47.030000,0.004821
2025-05-01T14:15:47.040000,-0.007257
2025-05-01T14:15:47.050000,-0.007153
2025-05-01T14:15:47.060000,-0.009287
2025-05-01T14:15:47.070000,0.008317
2025-05-01T14:15:47.080000,0.009726
2025-05-01T14:15:47.090000,-0.001362
2025-05-01T14:15:47.100000,-0.009388
2025-05-01T14:15:47.110000,-0.006855
2025-05-01T14:15:47.120000,-0.014438
2025-05-01T14:15:47.130000,0.011927
2025-05-01T14:15:47.140000,-0.005624
2025-05-01T14:15:47.150000,0.004575
2025-05-01T14:15:47.160000,0.008294
2025-05-01T14:15:47.170000,-0.002849
2025-05-01T14:15:47.180000,-0.010385
2025-05-01T14:15:47.190000,-0.010667
2025-05-01T14:15:47.200000,0.012524
2025-05-01T14:15:47.210000,0.005199
2025-05-01T14:15:47.220000,-0.013509
2025-05-01T14:15:47.230000,0.004261
2025-05-01T14:15:47.240000,-0.008620
2025-05-01T14:15:47.250000,0.005807
2025-05-01T14:15:47.260000,0.007128
2025-05-01T14:15:47.270000,0.003770
2025-05-01T14:15:47.280000,-0.013966
2025-05-01T14:15:47.290000,-0.010456
2025-05-01T14:15:47.300000,0.012108
2025-05-01T14:15:47.310000,-0.008021
2025-05-01T14:15:47.320000,-0.003878
2025-05-01T14:15:47.330000,0.001967
2025-05-01T14:15:47.340000,-0.005051
2025-05-01T14:15:47.350000,0.017236
2025-05-01T14:15:47.360000,0.003247
2025-05-01T14:15:47.370000,-0.015401
2025-05-01T14:15:47.380000,0.001555
2025-05-01T14:15:47.390000,0.009809
2025-05-01T14:15:47.400000,-0.022323
2025-05-01T14:15:47.410000,0.015607
2025-05-01T14:15:47.420000,0.007436
2025-05-01T14:15:47.430000,-0.003868
2025-05-01T14:15:47.440000,-0.012917
2025-05-01T14:15:47.450000,-0.000249
2025-05-01T14:15:47.460000,-0.000216
2025-05-01T14:15:47.470000,0.014212
2025-05-01T14:15:47.480000,0.003646
2025-05-01T14:15:47.490000,-0.001518
2025-05-01T14:15:47.500000,0.005474
2025-05-01T14:15:47.510000,-0.006519
2025-05-01T14:15:47.520000,0.002541
2025-05-01T14:15:47.530000,0.013640
2025-05-01T14:15:47.540000,-0.015401
2025-05-01T14:15:47.550000,-0.004499
2025-05-01T14:15:47.560000,0.005860
2025-05-01T14:15:47.570000,0.004407
2025-05-01T14:15:47.580000,0.013661
2025-05-01T14:15:47.590000,0.026910
2025-05-01T14:15:47.600000,-0.015572
2025-05-01T14:15:47.610000,-0.015916
2025-05-01T14:15:47.620000,0.001575
2025-05-01T14:15:47.630000,0.008639
2025-05-01T14:15:47.640000,0.000338
2025-05-01T14:15:47.650000,-0.011357
2025-05-01T14:15:47.660000,0.003705
2025-05-01T14:15:47.670000,0.018397
2025-05-01T14:15:47.680000,0.007509
2025-05-01T14:15:47.690000,0.015581
2025-05-01T14:15:47.700000,0.002095
2025-05-01T14:15:47.710000,-0.010564
2025-05-01T14:15:47.720000,-0.002991
2025-05-01T14:15:47.730000,-0.000997
2025-05-01T14:15:47.740000,0.008317
2025-05-01T14:15:47.750000,0.018645
2025-05-01T14:15:47.760000,0.000008
2025-05-01T14:15:47.770000,0.003120
2025-05-01T14:15:47.780000,0.005581
2025-05-01T14:15:47.790000,0.004212
2025-05-01T14:15:47.800000,-0.022448
2025-05-01T14:15:47.810000,-0.007115
2025-05-01T14:15:47.820000,-0.002253
2025-05-01T14:15:47.830000,0.014468
2025-05-01T14:15:47.840000,0.026203
2025-05-01T14:15:47.850000,0.019336
2025-05-01T14:15:47.860000,-0.000964
2025-05-01T14:15:47.870000,-0.012616
2025-05-01T14:15:47.880000,0.002829
2025-05-01T14:15:47.890000,-0.008750
2025-05-01T14:15:47.900000,-0.010825
2025-05-01T14:15:47.910000,-0.005867
2025-05-01T14:15:47.920000,0.025265
2025-05-01T14:15:47.930000,0.008277
2025-05-01T14:15:47.940000,-0.005628
2025-05-01T14:15:47.950000,0.002554
2025-05-01T14:15:47.960000,0.001579
2025-05-01T14:15:47.970000,0.000218
2025-05-01T14:15:47.980000,-0.004590
2025-05-01T14:15:47.990000,0.008785
2025-05-01T14:15:48,-0.005942
2025-05-01T14:15:48.010000,0.006589
2025-05-01T14:15:48.020000,-0.018873
2025-05-01T14:15:48.030000,0.000002
2025-05-01T14:15:48.040000,0.027552
2025-05-01T14:15:48.050000,0.005133
2025-05-01T14:15:48.060000,-0.005111
2025-05-01T14:15:48.070000,0.007065
2025-05-01T14:15:48.080000,-0.009086
2025-05-01T14:15:48.090000,0.001934
2025-05-01T14:15:48.100000,-0.005070
2025-05-01T14:15:48.110000,-0.002622
2025-05-01T14:15:48.120000,0.007903
2025-05-01T14:15:48.130000,-0.004030
2025-05-01T14:15:48.140000,0.002820
2025-05-01T14:15:48.150000,-0.008315
2025-05-01T14:15:48.160000,0.013216
2025-05-01T14:15:48.170000,-0.005659
2025-05-01T14:15:48.180000,-0.008530
2025-05-01T14:15:48.190000,0.026726
2025-05-01T14:15:48.200000,0.002810
2025-05-01T14:15:48.210000,-0.003143
2025-05-01T14:15:48.220000,0.005554
2025-05-01T14:15:48.230000,0.002162
2025-05-01T14:15:48.240000,0.001332
2025-05-01T14:15:48.250000,0.002515
2025-05-01T14:15:48.260000,0.006661
2025-05-01T14:15:48.270000,0.000050
2025-05-01T14:15:48.280000,0.014021
2025-05-01T14:15:48.290000,-0.020460
2025-05-01T14:15:48.300000,-0.003997
2025-05-01T14:15:48.310000,0.004107
2025-05-01T14:15:48.320000,-0.001159
2025-05-01T14:15:48.330000,0.001400
2025-05-01T14:15:48.340000,0.001650
2025-05-01T14:15:48.350000,0.011927
2025-05-01T14:15:48.360000,-0.008799
2025-05-01T14:15:48.370000,0.001415
2025-05-01T14:15:48.380000,0.004876
2025-05-01T14:15:48.390000,0.007250
2025-05-01T14:15:48.400000,0.007505
2025-05-01T14:15:48.410000,-0.000027
2025-05-01T14:15:48.420000,0.000170
2025-05-01T14:15:48.430000,0.004629
2025-05-01T14:15:48.440000,-0.008064
2025-05-01T14:15:48.450000,-0.000493
2025-05-01T14:15:48.460000,0.006114
2025-05-01T14:15:48.470000,0.009205
2025-05-01T14:15:48.480000,0.002072
2025-05-01T14:15:48.490000,-0.016245
2025-05-01T14:15:48.500000,0.006156
2025-05-01T14:15:48.510000,0.008420
2025-05-01T14:15:48.520000,-0.007900
2025-05-01T14:15:48.530000,-0.006533
2025-05-01T14:15:48.540000,0.006413
2025-05-01T14:15:48.550000,0.000596
2025-05-01T14:15:48.560000,-0.002503
2025-05-01T14:15:48.570000,-0.000145
2025-05-01T14:15:48.580000,-0.008651
2025-05-01T14:15:48.590000,0.004628
2025-05-01T14:15:48.600000,0.009323
2025-05-01T14:15:48.610000,0.008257
2025-05-01T14:15:48.620000,-0.002490
2025-05-01T14:15:48.630000,-0.008736
2025-05-01T14:15:48.640000,0.002792
2025-05-01T14:15:48.650000,-0.011677
2025-05-01T14:15:48.660000,0.002640
2025-05-01T14:15:48.670000,-0.000480
2025-05-01T14:15:48.680000,0.016191
2025-05-01T14:15:48.690000,-0.006618
2025-05-01T14:15:48.700000,-0.007337
2025-05-01T14:15:48.710000,-0.005853
2025-05-01T14:15:48.720000,0.000546
2025-05-01T14:15:48.730000,-0.020924
2025-05-01T14:15:48.740000,0.001029
2025-05-01T14:15:48.750000,0.016819
2025-05-01T14:15:48.760000,0.007080
2025-05-01T14:15:48.770000,0.005324
2025-05-01T14:15:48.780000,-0.000306
2025-05-01T14:15:48.790000,-0.006338
2025-05-01T14:15:48.800000,0.008344
2025-05-01T14:15:48.810000,0.005009
2025-05-01T14:15:48.820000,-0.012995
2025-05-01T14:15:48.830000,0.008183
2025-05-01T14:15:48.840000,0.019903
2025-05-01T14:15:48.850000,-0.025679
2025-05-01T14:15:48.860000,0.004143
2025-05-01T14:15:48.870000,-0.005833
2025-05-01T14:15:48.880000,-0.000502
2025-05-01T14:15:48.890000,0.002357
2025-05-01T14:15:48.900000,0.005815
2025-05-01T14:15:48.910000,0.010849
2025-05-01T14:15:48.920000,0.011520
2025-05-01T14:15:48.930000,0.006643
2025-05-01T14:15:48.940000,0.014293
2025-05-01T14:15:48.950000,0.004096
2025-05-01T14:15:48.960000,0.000431
2025-05-01T14:15:48.970000,-0.005280
2025-05-01T14:15:48.980000,0.007319
2025-05-01T14:15:48.990000,-0.001307
2025-05-01T14:15:49,0.002761
2025-05-01T14:15:49.010000,-0.005069
2025-05-01T14:15:49.020000,0.008308
2025-05-01T14:15:49.030000,0.014414
2025-05-01T14:15:49.040000,0.000720
2025-05-01T14:15:49.050000,0.000551
2025-05-01T14:15:49.060000,-0.012382
2025-05-01T14:15:49.070000,-0.000644
2025-05-01T14:15:49.080000,0.001366
2025-05-01T14:15:49.090000,0.000398
2025-05-01T14:15:49.100000,0.005127
2025-05-01T14:15:49.110000,-0.009488
2025-05-01T14:15:49.120000,0.027947
2025-05-01T14:15:49.130000,0.005374
2025-05-01T14:15:49.140000,0.008318
2025-05-01T14:15:49.150000,-0.003088
2025-05-01T14:15:49.160000,0.010714
2025-05-01T14:15:49.170000,-0.012415
2025-05-01T14:15:49.180000,0.008477
2025-05-01T14:15:49.190000,0.007626
2025-05-01T14:15:49.200000,-0.012182
2025-05-01T14:15:49.210000,0.003327
2025-05-01T14:15:49.220000,0.001701
2025-05-01T14:15:49.230000,0.008833
2025-05-01T14:15:49.240000,0.006401
2025-05-01T14:15:49.250000,-0.006117
2025-05-01T14:15:49.260000,0.008723
2025-05-01T14:15:49.270000,-0.004888
2025-05-01T14:15:49.280000,-0.002282
2025-05-01T14:15:49.290000,-0.001439
2025-05-01T14:15:49.300000,-0.021400
2025-05-01T14:15:49.310000,-0.002780
2025-05-01T14:15:49.320000,0.003797
2025-05-01T14:15:49.330000,-0.018256
2025-05-01T14:15:49.340000,0.009613
2025-05-01T14:15:49.350000,-0.002591
2025-05-01T14:15:49.360000,-0.012932
2025-05-01T14:15:49.370000,0.017195
2025-05-01T14:15:49.380000,0.002179
2025-05-01T14:15:49.390000,-0.001433
2025-05-01T14:15:49.400000,-0.009097
2025-05-01T14:15:49.410000,-0.011016
2025-05-01T14:15:49.420000,0.018375
2025-05-01T14:15:49.430000,0.005433
2025-05-01T14:15:49.440000,-0.008379
2025-05-01T14:15:49.450000,-0.003243
2025-05-01T14:15:49.460000,0.002144
2025-05-01T14:15:49.470000,0.003134
2025-05-01T14:15:49.480000,0.002025
2025-05-01T14:15:49.490000,0.012897
2025-05-01T14:15:49.500000,0.007636
2025-05-01T14:15:49.510000,-0.012680
2025-05-01T14:15:49.520000,-0.007261
2025-05-01T14:15:49.530000,-0.009628
2025-05-01T14:15:49.540000,0.004674
2025-05-01T14:15:49.550000,0.021393
2025-05-01T14:15:49.560000,-0.001447
2025-05-01T14:15:49.570000,-0.007896
2025-05-01T14:15:49.580000,-0.010048
2025-05-01T14:15:49.590000,-0.002402
2025-05-01T14:15:49.600000,0.001826
2025-05-01T14:15:49.610000,0.008492
2025-05-01T14:15:49.620000,-0.002849
2025-05-01T14:15:49.630000,-0.022823
2025-05-01T14:15:49.640000,-0.017570
2025-05-01T14:15:49.650000,-0.003931
2025-05-01T14:15:49.660000,0.006494
2025-05-01T14:15:49.670000,0.001491
2025-05-01T14:15:49.680000,-0.010983
2025-05-01T14:15:49.690000,-0.000168
2025-05-01T14:15:49.700000,0.020042
2025-05-01T14:15:49.710000,0.011607
2025-05-01T14:15:49.720000,0.001455
2025-05-01T14:15:49.730000,0.003410
2025-05-01T14:15:49.740000,-0.003397
2025-05-01T14:15:49.750000,0.010565
2025-05-01T14:15:49.760000,0.003602
2025-05-01T14:15:49.770000,0.002834
2025-05-01T14:15:49.780000,-0.015404
2025-05-01T14:15:49.790000,0.002254
2025-05-01T14:15:49.800000,0.008402
2025-05-01T14:15:49.810000,0.027864
2025-05-01T14:15:49.820000,-0.018267
2025-05-01T14:15:49.830000,-0.010964
2025-05-01T14:15:49.840000,0.008519
2025-05-01T14:15:49.850000,0.002409
2025-05-01T14:15:49.860000,0.002568
2025-05-01T14:15:49.870000,0.006644
2025-05-01T14:15:49.880000,0.004257
2025-05-01T14:15:49.890000,-0.014939
2025-05-01T14:15:49.900000,-0.004119
2025-05-01T14:15:49.910000,0.008203
2025-05-01T14:15:49.920000,0.001385
2025-05-01T14:15:49.930000,-0.024719
2025-05-01T14:15:49.940000,0.010499
2025-05-01T14:15:49.950000,-0.000066
2025-05-01T14:15:49.960000,0.016548
2025-05-01T14:15:49.970000,0.019443
2025-05-01T14:15:49.980000,-0.011484
2025-05-01T14:15:49.990000,-0.010438
2025-05-01T14:15:50,0.019145
2025-05-01T14:15:50.010000,-0.014580
2025-05-01T14:15:50.020000,-0.003120
2025-05-01T14:15:50.030000,-0.007603
2025-05-01T14:15:50.040000,0.023504
2025-05-01T14:15:50.050000,-0.002001
2025-05-01T14:15:50.060000,-0.010625
2025-05-01T14:15:50.070000,0.018448
2025-05-01T14:15:50.080000,-0.012770
2025-05-01T14:15:50.090000,0.008556
2025-05-01T14:15:50.100000,-0.012977
2025-05-01T14:15:50.110000,0.006353
2025-05-01T14:15:50.120000,-0.007664
2025-05-01T14:15:50.130000,0.000702
2025-05-01T14:15:50.140000,0.016731
2025-05-01T14:15:50.150000,0.008020
2025-05-01T14:15:50.160000,0.000291
2025-05-01T14:15:50.170000,0.007189
2025-05-01T14:15:50.180000,0.004383
2025-05-01T14:15:50.190000,0.012106
2025-05-01T14:15:50.200000,0.011617
2025-05-01T14:15:50.210000,-0.005364
2025-05-01T14:15:50.220000,-0.000952
2025-05-01T14:15:50.230000,0.004746
2025-05-01T14:15:50.240000,-0.008954
2025-05-01T14:15:50.250000,-0.006828
2025-05-01T14:15:50.260000,0.011675
2025-05-01T14:15:50.270000,-0.003862
2025-05-01T14:15:50.280000,0.009317
2025-05-01T14:15:50.290000,-0.002850
2025-05-01T14:15:50.300000,0.007960
2025-05-01T14:15:50.310000,0.000512
2025-05-01T14:15:50.320000,0.006552
2025-05-01T14:15:50.330000,-0.002396
2025-05-01T14:15:50.340000,-0.012530
2025-05-01T14:15:50.350000,-0.013806
2025-05-01T14:15:50.360000,0.001130
2025-05-01T14:15:50.370000,0.018351
2025-05-01T14:15:50.380000,-0.008438
2025-05-01T14:15:50.390000,0.014465
2025-05-01T14:15:50.400000,-0.007158
2025-05-01T14:15:50.410000,0.000034
2025-05-01T14:15:50.420000,-0.001564
2025-05-01T14:15:50.430000,-0.005410
2025-05-01T14:15:50.440000,-0.014000
2025-05-01T14:15:50.450000,0.001100
2025-05-01T14:15:50.460000,-0.008466
2025-05-01T14:15:50.470000,-0.001387
2025-05-01T14:15:50.480000,-0.012179
2025-05-01T14:15:50.490000,0.024550
2025-05-01T14:15:50.500000,0.018564
2025-05-01T14:15:50.510000,0.007103
2025-05-01T14:15:50.520000,-0.007056
2025-05-01T14:15:50.530000,-0.004811
2025-05-01T14:15:50.540000,0.004679
2025-05-01T14:15:50.550000,-0.013041
2025-05-01T14:15:50.560000,0.001833
2025-05-01T14:15:50.570000,0.011428
2025-05-01T14:15:50.580000,-0.010865
2025-05-01T14:15:50.590000,0.010901
2025-05-01T14:15:50.600000,0.008703
2025-05-01T14:15:50.610000,0.015088
2025-05-01T14:15:50.620000,-0.002596
2025-05-01T14:15:50.630000,0.002154
2025-05-01T14:15:50.640000,-0.008378
2025-05-01T14:15:50.650000,-0.009915
2025-05-01T14:15:50.660000,-0.006334
2025-05-01T14:15:50.670000,0.000878
2025-05-01T14:15:50.680000,0.001572
2025-05-01T14:15:50.690000,0.000970
2025-05-01T14:15:50.700000,0.001145
2025-05-01T14:15:50.710000,0.005605
2025-05-01T14:15:50.720000,-0.004072
2025-05-01T14:15:50.730000,0.014110
2025-05-01T14:15:50.740000,0.012357
2025-05-01T14:15:50.750000,0.007837
2025-05-01T14:15:50.760000,-0.011763
2025-05-01T14:15:50.770000,-0.017148
2025-05-01T14:15:50.780000,-0.014287
2025-05-01T14:15:50.790000,-0.004403
2025-05-01T14:15:50.800000,-0.005209
2025-05-01T14:15:50.810000,0.001664
2025-05-01T14:15:50.820000,0.000991
2025-05-01T14:15:50.830000,0.003257
2025-05-01T14:15:50.840000,-0.018482
2025-05-01T14:15:50.850000,0.012158
2025-05-01T14:15:50.860000,0.007450
2025-05-01T14:15:50.870000,0.015328
2025-05-01T14:15:50.880000,-0.000079
2025-05-01T14:15:50.890000,-0.016081
2025-05-01T14:15:50.900000,0.003190
2025-05-01T14:15:50.910000,0.012592
2025-05-01T14:15:50.920000,0.008487
2025-05-01T14:15:50.930000,-0.022175
2025-05-01T14:15:50.940000,0.016972
2025-05-01T14:15:50.950000,0.012407
2025-05-01T14:15:50.960000,-0.014567
2025-05-01T14:15:50.970000,0.016169
2025-05-01T14:15:50.980000,0.004499
2025-05-01T14:15:50.990000,-0.008145
2025-05-01T14:15:51,0.009818
2025-05-01T14:15:51.010000,0.002148
2025-05-01T14:15:51.020000,-0.002563
2025-05-01T14:15:51.030000,0.002635
2025-05-01T14:15:51.040000,0.013500
2025-05-01T14:15:51.050000,-0.001125
2025-05-01T14:15:51.060000,0.011140
2025-05-01T14:15:51.070000,0.011218
2025-05-01T14:15:51.080000,-0.009235
2025-05-01T14:15:51.090000,-0.015665
2025-05-01T14:15:51.100000,0.003363
2025-05-01T14:15:51.110000,-0.013495
2025-05-01T14:15:51.120000,-0.011478
2025-05-01T14:15:51.130000,-0.023635
2025-05-01T14:15:51.140000,-0.008186
2025-05-01T14:15:51.150000,-0.010131
2025-05-01T14:15:51.160000,0.005247
2025-05-01T14:15:51.170000,0.008708
2025-05-01T14:15:51.180000,-0.008493
2025-05-01T14:15:51.190000,0.011287
2025-05-01T14:15:51.200000,0.003187
2025-05-01T14:15:51.210000,0.008023
2025-05-01T14:15:51.220000,0.006545
2025-05-01T14:15:51.230000,0.011679
2025-05-01T14:15:51.240000,-0.003285
2025-05-01T14:15:51.250000,0.002142
2025-05-01T14:15:51.260000,-0.000276
2025-05-01T14:15:51.270000,0.010621
2025-05-01T14:15:51.280000,-0.010096
2025-05-01T14:15:51.290000,-0.012128
2025-05-01T14:15:51.300000,0.004627
2025-05-01T14:15:51.310000,0.001750
2025-05-01T14:15:51.320000,0.001222
2025-05-01T14:15:51.330000,-0.008229
2025-05-01T14:15:51.340000,0.002283
2025-05-01T14:15:51.350000,-0.006955
2025-05-01T14:15:51.360000,0.006160
2025-05-01T14:15:51.370000,-0.001365
2025-05-01T14:15:51.380000,-0.004463
2025-05-01T14:15:51.390000,-0.009230
2025-05-01T14:15:51.400000,0.007076
2025-05-01T14:15:51.410000,0.003655
2025-05-01T14:15:51.420000,-0.014239
2025-05-01T14:15:51.430000,-0.007052
2025-05-01T14:15:51.440000,0.009078
2025-05-01T14:15:51.450000,0.000692
2025-05-01T14:15:51.460000,-0.002366
2025-05-01T14:15:51.470000,0.005755
2025-05-01T14:15:51.480000,0.001774
2025-05-01T14:15:51.490000,-0.000943
2025-05-01T14:15:51.500000,-0.010200
2025-05-01T14:15:51.510000,-0.003085
2025-05-01T14:15:51.520000,-0.005184
2025-05-01T14:15:51.530000,-0.019683
2025-05-01T14:15:51.540000,0.003809
2025-05-01T14:15:51.550000,-0.018872
2025-05-01T14:15:51.560000,-0.006301
2025-05-01T14:15:51.570000,-0.013094
2025-05-01T14:15:51.580000,-0.015264
2025-05-01T14:15:51.590000,-0.004488
2025-05-01T14:15:51.600000,0.005328
2025-05-01T14:15:51.610000,-0.010911
2025-05-01T14:15:51.620000,0.000744
2025-05-01T14:15:51.630000,-0.014669
2025-05-01T14:15:51.640000,-0.002037
2025-05-01T14:15:51.650000,-0.002832
2025-05-01T14:15:51.660000,0.005018
2025-05-01T14:15:51.670000,-0.006675
2025-05-01T14:15:51.680000,0.009371
2025-05-01T14:15:51.690000,0.010031
2025-05-01T14:15:51.700000,-0.011325
2025-05-01T14:15:51.710000,-0.007238
2025-05-01T14:15:51.720000,-0.007932
2025-05-01T14:15:51.730000,0.010657
2025-05-01T14:15:51.740000,-0.012473
2025-05-01T14:15:51.750000,0.001705
2025-05-01T14:15:51.760000,0.013857
2025-05-01T14:15:51.770000,-0.013250
2025-05-01T14:15:51.780000,-0.009070
2025-05-01T14:15:51.790000,0.000074
2025-05-01T14:15:51.800000,0.001411
2025-05-01T14:15:51.810000,0.005566
2025-05-01T14:15:51.820000,-0.010057
2025-05-01T14:15:51.830000,-0.001220
2025-05-01T14:15:51.840000,0.003215
2025-05-01T14:15:51.850000,0.001608
2025-05-01T14:15:51.860000,-0.007530
2025-05-01T14:15:51.870000,0.021255
2025-05-01T14:15:51.880000,0.012630
2025-05-01T14:15:51.890000,0.014192
2025-05-01T14:15:51.900000,-0.016895
2025-05-01T14:15:51.910000,-0.011787
2025-05-01T14:15:51.920000,0.012313
2025-05-01T14:15:51.930000,0.007771
2025-05-01T14:15:51.940000,-0.009197
2025-05-01T14:15:51.950000,0.000895
2025-05-01T14:15:51.960000,-0.005713
2025-05-01T14:15:51.970000,-0.024658
2025-05-01T14:15:51.980000,-0.000636
2025-05-01T14:15:51.990000,0.006823
2025-05-01T14:15:52,0.010280
2025-05-01T14:15:52.010000,-0.000383
2025-05-01T14:15:52.020000,-0.002590
2025-05-01T14:15:52.030000,-0.006085
2025-05-01T14:15:52.040000,-0.010381
2025-05-01T14:15:52.050000,-0.007053
2025-05-01T14:15:52.060000,0.006172
2025-05-01T14:15:52.070000,-0.016415
2025-05-01T14:15:52.080000,-0.009543
2025-05-01T14:15:52.090000,0.009624
2025-05-01T14:15:52.100000,0.009805
2025-05-01T14:15:52.110000,0.012094
2025-05-01T14:15:52.120000,0.003897
2025-05-01T14:15:52.130000,-0.001958
2025-05-01T14:15:52.140000,0.006510
2025-05-01T14:15:52.150000,0.003141
2025-05-01T14:15:52.160000,-0.001568
2025-05-01T14:15:52.170000,0.016629
2025-05-01T14:15:52.180000,0.015105
2025-05-01T14:15:52.190000,-0.004411
2025-05-01T14:15:52.200000,0.004480
2025-05-01T14:15:52.210000,-0.001912
2025-05-01T14:15:52.220000,0.000616
2025-05-01T14:15:52.230000,-0.004294
2025-05-01T14:15:52.240000,0.003487
2025-05-01T14:15:52.250000,0.015344
2025-05-01T14:15:52.260000,0.018627
2025-05-01T14:15:52.270000,0.008074
2025-05-01T14:15:52.280000,-0.007895
2025-05-01T14:15:52.290000,0.016383
2025-05-01T14:15:52.300000,-0.003346
2025-05-01T14:15:52.310000,0.008700
2025-05-01T14:15:52.320000,0.004127
2025-05-01T14:15:52.330000,0.006663
2025-05-01T14:15:52.340000,0.006247
2025-05-01T14:15:52.350000,0.005289
2025-05-01T14:15:52.360000,-0.013207
2025-05-01T14:15:52.370000,-0.004214
2025-05-01T14:15:52.380000,0.004430
2025-05-01T14:15:52.390000,-0.004558
2025-05-01T14:15:52.400000,0.012711
2025-05-01T14:15:52.410000,-0.015553
2025-05-01T14:15:52.420000,-0.003358
2025-05-01T14:15:52.430000,0.011341
2025-05-01T14:15:52.440000,-0.011524
2025-05-01T14:15:52.450000,-0.003255
2025-05-01T14:15:52.460000,-0.008188
2025-05-01T14:15:52.470000,-0.006574
2025-05-01T14:15:52.480000,0.001280
2025-05-01T14:15:52.490000,0.001912
2025-05-01T14:15:52.500000,-0.014028
2025-05-01T14:15:52.510000,-0.005555
2025-05-01T14:15:52.520000,-0.012758
2025-05-01T14:15:52.530000,0.014126
2025-05-01T14:15:52.540000,0.003162
2025-05-01T14:15:52.550000,0.008002
2025-05-01T14:15:52.560000,-0.001877
2025-05-01T14:15:52.570000,-0.021058
2025-05-01T14:15:52.580000,-0.011465
2025-05-01T14:15:52.590000,-0.005739
2025-05-01T14:15:52.600000,0.017168
2025-05-01T14:15:52.610000,-0.000525
2025-05-01T14:15:52.620000,0.014883
2025-05-01T14:15:52.630000,-0.000489
2025-05-01T14:15:52.640000,-0.001049
2025-05-01T14:15:52.650000,0.003172
2025-05-01T14:15:52.660000,0.000752
2025-05-01T14:15:52.670000,-0.010440
2025-05-01T14:15:52.680000,-0.002512
2025-05-01T14:15:52.690000,-0.022675
2025-05-01T14:15:52.700000,-0.005722
2025-05-01T14:15:52.710000,0.003994
2025-05-01T14:15:52.720000,-0.006098
2025-05-01T14:15:52.730000,0.009600
2025-05-01T14:15:52.740000,-0.004439
2025-05-01T14:15:52.750000,-0.003980
2025-05-01T14:15:52.760000,0.008688
2025-05-01T14:15:52.770000,0.001734
2025-05-01T14:15:52.780000,0.003921
2025-05-01T14:15:52.790000,-0.028476
2025-05-01T14:15:52.800000,0.011283
2025-05-01T14:15:52.810000,0.002245
2025-05-01T14:15:52.820000,-0.006017
2025-05-01T14:15:52.830000,0.021448
2025-05-01T14:15:52.840000,-0.021535
2025-05-01T14:15:52.850000,0.004729
2025-05-01T14:15:52.860000,-0.015948
2025-05-01T14:15:52.870000,0.012296
2025-05-01T14:15:52.880000,-0.007073
2025-05-01T14:15:52.890000,0.018271
2025-05-01T14:15:52.900000,-0.001545
2025-05-01T14:15:52.910000,-0.008789
2025-05-01T14:15:52.920000,0.008176
2025-05-01T14:15:52.930000,0.010516
2025-05-01T14:15:52.940000,-0.005614
2025-05-01T14:15:52.950000,-0.000635
2025-05-01T14:15:52.960000,-0.010933
2025-05-01T14:15:52.970000,-0.000644
2025-05-01T14:15:52.980000,-0.008155
2025-05-01T14:15:52.990000,-0.005667
2025-05-01T14:15:53,0.007760
2025-05-01T14:15:53.010000,-0.008092
2025-05-01T14:15:53.020000,-0.013344
2025-05-01T14:15:53.030000,-0.007811
2025-05-01T14:15:53.040000,-0.010311
2025-05-01T14:15:53.050000,0.003793
2025-05-01T14:15:53.060000,0.011443
2025-05-01T14:15:53.070000,0.005204
2025-05-01T14:15:53.080000,-0.015538
2025-05-01T14:15:53.090000,-0.002896
2025-05-01T14:15:53.100000,0.012243
2025-05-01T14:15:53.110000,-0.011666
2025-05-01T14:15:53.120000,-0.007300
2025-05-01T14:15:53.130000,-0.008064
2025-05-01T14:15:53.140000,0.021075
2025-05-01T14:15:53.150000,-0.007950
2025-05-01T14:15:53.160000,0.005142
2025-05-01T14:15:53.170000,0.013191
2025-05-01T14:15:53.180000,-0.002159
2025-05-01T14:15:53.190000,-0.001431
2025-05-01T14:15:53.200000,-0.000209
2025-05-01T14:15:53.210000,-0.016337
2025-05-01T14:15:53.220000,0.009590
2025-05-01T14:15:53.230000,0.001032
2025-05-01T14:15:53.240000,-0.003558
2025-05-01T14:15:53.250000,-0.004054
2025-05-01T14:15:53.260000,-0.000982
2025-05-01T14:15:53.270000,-0.003744
2025-05-01T14:15:53.280000,-0.002468
2025-05-01T14:15:53.290000,0.017604
2025-05-01T14:15:53.300000,0.003169
2025-05-01T14:15:53.310000,0.011246
2025-05-01T14:15:53.320000,0.000278
2025-05-01T14:15:53.330000,0.008041
2025-05-01T14:15:53.340000,0.009976
2025-05-01T14:15:53.350000,0.004874
2025-05-01T14:15:53.360000,0.012274
2025-05-01T14:15:53.370000,-0.008091
2025-05-01T14:15:53.380000,-0.005919
2025-05-01T14:15:53.390000,0.003589
2025-05-01T14:15:53.400000,0.019486
2025-05-01T14:15:53.410000,0.007624
2025-05-01T14:15:53.420000,0.018347
2025-05-01T14:15:53.430000,-0.001064
2025-05-01T14:15:53.440000,-0.009135
2025-05-01T14:15:53.450000,-0.018431
2025-05-01T14:15:53.460000,-0.011289
2025-05-01T14:15:53.470000,0.016656
2025-05-01T14:15:53.480000,-0.011637
2025-05-01T14:15:53.490000,0.001616
2025-05-01T14:15:53.500000,-0.000693
2025-05-01T14:15:53.510000,0.008469
2025-05-01T14:15:53.520000,0.002304
2025-05-01T14:15:53.530000,-0.009770
2025-05-01T14:15:53.540000,-0.006094
2025-05-01T14:15:53.550000,-0.014431
2025-05-01T14:15:53.560000,0.022240
2025-05-01T14:15:53.570000,-0.003994
2025-05-01T14:15:53.580000,0.002327
2025-05-01T14:15:53.590000,-0.009362
2025-05-01T14:15:53.600000,0.004250
2025-05-01T14:15:53.610000,0.014450
2025-05-01T14:15:53.620000,-0.000836
2025-05-01T14:15:53.630000,0.007233
2025-05-01T14:15:53.640000,0.005595
2025-05-01T14:15:53.650000,0.009094
2025-05-01T14:15:53.660000,0.006646
2025-05-01T14:15:53.670000,0.005563
2025-05-01T14:15:53.680000,0.002601
2025-05-01T14:15:53.690000,-0.007320
2025-05-01T14:15:53.700000,-0.016692
2025-05-01T14:15:53.710000,0.004425
2025-05-01T14:15:53.720000,0.000204
2025-05-01T14:15:53.730000,-0.008188
2025-05-01T14:15:53.740000,0.028100
2025-05-01T14:15:53.750000,-0.002460
2025-05-01T14:15:53.760000,0.009268
2025-05-01T14:15:53.770000,0.000527
2025-05-01T14:15:53.780000,-0.010378
2025-05-01T14:15:53.790000,-0.001521
2025-05-01T14:15:53.800000,-0.005727
2025-05-01T14:15:53.810000,0.000672
2025-05-01T14:15:53.820000,0.000720
2025-05-01T14:15:53.830000,0.007391
2025-05-01T14:15:53.840000,0.007099
2025-05-01T14:15:53.850000,0.008091
2025-05-01T14:15:53.860000,0.004457
2025-05-01T14:15:53.870000,-0.004774
2025-05-01T14:15:53.880000,0.009371
2025-05-01T14:15:53.890000,0.036020
2025-05-01T14:15:53.900000,-0.020743
2025-05-01T14:15:53.910000,0.015923
2025-05-01T14:15:53.920000,0.007581
2025-05-01T14:15:53.930000,0.004047
2025-05-01T14:15:53.940000,-0.001751
2025-05-01T14:15:53.950000,-0.003259
2025-05-01T14:15:53.960000,-0.009228
2025-05-01T14:15:53.970000,-0.006929
2025-05-01T14:15:53.980000,-0.002255
2025-05-01T14:15:53.990000,0.008121
2025-05-01T14:15:54,0.002342
2025-05-01T14:15:54.010000,0.007874
2025-05-01T14:15:54.020000,-0.010853
2025-05-01T14:15:54.030000,-0.005640
2025-05-01T14:15:54.040000,-0.000908
2025-05-01T14:15:54.050000,-0.024782
2025-05-01T14:15:54.060000,0.012908
2025-05-01T14:15:54.070000,-0.000692
2025-05-01T14:15:54.080000,-0.004279
2025-05-01T14:15:54.090000,0.003223
2025-05-01T14:15:54.100000,0.009809
2025-05-01T14:15:54.110000,-0.011207
2025-05-01T14:15:54.120000,0.005856
2025-05-01T14:15:54.130000,-0.002634
2025-05-01T14:15:54.140000,0.006077
2025-05-01T14:15:54.150000,-0.007743
2025-05-01T14:15:54.160000,-0.006041
2025-05-01T14:15:54.170000,0.006900
2025-05-01T14:15:54.180000,-0.018292
2025-05-01T14:15:54.190000,-0.009936
2025-05-01T14:15:54.200000,0.010652
2025-05-01T14:15:54.210000,0.005929
2025-05-01T14:15:54.220000,0.011695
2025-05-01T14:15:54.230000,-0.002802
2025-05-01T14:15:54.240000,0.012581
2025-05-01T14:15:54.250000,-0.029428
2025-05-01T14:15:54.260000,0.006185
2025-05-01T14:15:54.270000,-0.004160
2025-05-01T14:15:54.280000,0.010429
2025-05-01T14:15:54.290000,0.018475
2025-05-01T14:15:54.300000,0.007866
2025-05-01T14:15:54.310000,-0.009529
2025-05-01T14:15:54.320000,-0.000457
2025-05-01T14:15:54.330000,0.001221
2025-05-01T14:15:54.340000,0.004096
2025-05-01T14:15:54.350000,0.017631
2025-05-01T14:15:54.360000,0.009089
2025-05-01T14:15:54.370000,-0.010062
2025-05-01T14:15:54.380000,0.005306
2025-05-01T14:15:54.390000,0.002909
2025-05-01T14:15:54.400000,0.000097
2025-05-01T14:15:54.410000,0.003850
2025-05-01T14:15:54.420000,0.006616
2025-05-01T14:15:54.430000,0.020060
2025-05-01T14:15:54.440000,0.013361
2025-05-01T14:15:54.450000,0.009835
2025-05-01T14:15:54.460000,0.004485
2025-05-01T14:15:54.470000,0.010562
2025-05-01T14:15:54.480000,-0.023487
2025-05-01T14:15:54.490000,0.003968
2025-05-01T14:15:54.500000,-0.008060
2025-05-01T14:15:54.510000,0.017224
2025-05-01T14:15:54.520000,0.008565
2025-05-01T14:15:54.530000,0.009369
2025-05-01T14:15:54.540000,0.011637
2025-05-01T14:15:54.550000,0.030632
2025-05-01T14:15:54.560000,-0.004767
2025-05-01T14:15:54.570000,-0.005167
2025-05-01T14:15:54.580000,0.001697
2025-05-01T14:15:54.590000,-0.007412
2025-05-01T14:15:54.600000,0.009986
2025-05-01T14:15:54.610000,-0.004723
2025-05-01T14:15:54.620000,0.010432
2025-05-01T14:15:54.630000,0.011039
2025-05-01T14:15:54.640000,-0.001664
2025-05-01T14:15:54.650000,0.002479
2025-05-01T14:15:54.660000,0.003353
2025-05-01T14:15:54.670000,0.009895
2025-05-01T14:15:54.680000,-0.007531
2025-05-01T14:15:54.690000,-0.008379
2025-05-01T14:15:54.700000,0.003230
2025-05-01T14:15:54.710000,-0.001962
2025-05-01T14:15:54.720000,0.003963
2025-05-01T14:15:54.730000,-0.008315
2025-05-01T14:15:54.740000,0.018596
2025-05-01T14:15:54.750000,0.002179
2025-05-01T14:15:54.760000,0.000295
2025-05-01T14:15:54.770000,0.004169
2025-05-01T14:15:54.780000,-0.000670
2025-05-01T14:15:54.790000,0.008943
2025-05-01T14:15:54.800000,-0.002884
2025-05-01T14:15:54.810000,-0.004756
2025-05-01T14:15:54.820000,0.004682
2025-05-01T14:15:54.830000,0.005875
2025-05-01T14:15:54.840000,0.004164
2025-05-01T14:15:54.850000,0.006770
2025-05-01T14:15:54.860000,0.009467
2025-05-01T14:15:54.870000,-0.017143
2025-05-01T14:15:54.880000,0.003703
2025-05-01T14:15:54.890000,0.013787
2025-05-01T14:15:54.900000,-0.013929
2025-05-01T14:15:54.910000,0.013756
2025-05-01T14:15:54.920000,-0.004595
2025-05-01T14:15:54.930000,0.000609
2025-05-01T14:15:54.940000,0.011641
2025-05-01T14:15:54.950000,0.008439
2025-05-01T14:15:54.960000,-0.004091
2025-05-01T14:15:54.970000,-0.001281
2025-05-01T14:15:54.980000,-0.018480
2025-05-01T14:15:54.990000,-0.005111
2025-05-01T14:15:55,-0.006325
2025-05-01T14:15:55.010000,-0.010752
2025-05-01T14:15:55.020000,-0.005203
2025-05-01T14:15:55.030000,-0.016449
2025-05-01T14:15:55.040000,0.004204
2025-05-01T14:15:55.050000,-0.005601
2025-05-01T14:15:55.060000,-0.000625
2025-05-01T14:15:55.070000,-0.004657
2025-05-01T14:15:55.080000,-0.019965
2025-05-01T14:15:55.090000,0.009525
2025-05-01T14:15:55.100000,0.007731
2025-05-01T14:15:55.110000,-0.002566
2025-05-01T14:15:55.120000,-0.012737
2025-05-01T14:15:55.130000,-0.003114
2025-05-01T14:15:55.140000,0.002229
2025-05-01T14:15:55.150000,-0.005629
2025-05-01T14:15:55.160000,-0.010534
2025-05-01T14:15:55.170000,0.008520
2025-05-01T14:15:55.180000,-0.020692
2025-05-01T14:15:55.190000,-0.009682
2025-05-01T14:15:55.200000,0.029654
2025-05-01T14:15:55.210000,-0.007087
2025-05-01T14:15:55.220000,-0.002410
2025-05-01T14:15:55.230000,0.004886
2025-05-01T14:15:55.240000,0.000062
2025-05-01T14:15:55.250000,0.000790
2025-05-01T14:15:55.260000,0.000141
2025-05-01T14:15:55.270000,0.002613
2025-05-01T14:15:55.280000,-0.028844
2025-05-01T14:15:55.290000,-0.003779
2025-05-01T14:15:55.300000,0.001562
2025-05-01T14:15:55.310000,0.011202
2025-05-01T14:15:55.320000,0.002944
2025-05-01T14:15:55.330000,-0.003758
2025-05-01T14:15:55.340000,0.004606
2025-05-01T14:15:55.350000,0.020568
2025-05-01T14:15:55.360000,-0.003582
2025-05-01T14:15:55.370000,0.010366
2025-05-01T14:15:55.380000,-0.019387
2025-05-01T14:15:55.390000,0.004842
2025-05-01T14:15:55.400000,0.004467
2025-05-01T14:15:55.410000,0.015076
2025-05-01T14:15:55.420000,0.002995
2025-05-01T14:15:55.430000,-0.007676
2025-05-01T14:15:55.440000,0.014707
2025-05-01T14:15:55.450000,-0.004429
2025-05-01T14:15:55.460000,0.006976
2025-05-01T14:15:55.470000,-0.009459
2025-05-01T14:15:55.480000,-0.004827
2025-05-01T14:15:55.490000,0.017350
2025-05-01T14:15:55.500000,0.007005
2025-05-01T14:15:55.510000,0.001217
2025-05-01T14:15:55.520000,-0.007872
2025-05-01T14:15:55.530000,0.000875
2025-05-01T14:15:55.540000,0.019182
2025-05-01T14:15:55.550000,-0.011479
2025-05-01T14:15:55.560000,-0.009247
2025-05-01T14:15:55.570000,0.010828
2025-05-01T14:15:55.580000,-0.007761
2025-05-01T14:15:55.590000,0.012432
2025-05-01T14:15:55.600000,0.000707
2025-05-01T14:15:55.610000,0.005686
2025-05-01T14:15:55.620000,0.006907
2025-05-01T14:15:55.630000,0.009881
2025-05-01T14:15:55.640000,-0.010108
2025-05-01T14:15:55.650000,0.003438
2025-05-01T14:15:55.660000,-0.000868
2025-05-01T14:15:55.670000,0.016379
2025-05-01T14:15:55.680000,-0.028000
2025-05-01T14:15:55.690000,-0.011450
2025-05-01T14:15:55.700000,0.006975
2025-05-01T14:15:55.710000,-0.009550
2025-05-01T14:15:55.720000,0.022249
2025-05-01T14:15:55.730000,-0.014478
2025-05-01T14:15:55.740000,0.002118
2025-05-01T14:15:55.750000,-0.000740
2025-05-01T14:15:55.760000,0.001259
2025-05-01T14:15:55.770000,0.001456
2025-05-01T14:15:55.780000,-0.019793
2025-05-01T14:15:55.790000,-0.001409
2025-05-01T14:15:55.800000,-0.003504
2025-05-01T14:15:55.810000,0.003202
2025-05-01T14:15:55.820000,0.009086
2025-05-01T14:15:55.830000,0.002034
2025-05-01T14:15:55.840000,0.003027
2025-05-01T14:15:55.850000,0.005374
2025-05-01T14:15:55.860000,-0.001377
2025-05-01T14:15:55.870000,-0.004500
2025-05-01T14:15:55.880000,0.008311
2025-05-01T14:15:55.890000,-0.012373
2025-05-01T14:15:55.900000,0.013363
2025-05-01T14:15:55.910000,-0.001120
2025-05-01T14:15:55.920000,0.008281
2025-05-01T14:15:55.930000,0.006321
2025-05-01T14:15:55.940000,0.001946
2025-05-01T14:15:55.950000,0.001655
2025-05-01T14:15:55.960000,-0.009017
2025-05-01T14:15:55.970000,-0.027532
2025-05-01T14:15:55.980000,0.019334
2025-05-01T14:15:55.990000,0.002285
2025-05-01T14:15:56,-0.016346
2025-05-01T14:15:56.010000,0.007865
2025-05-01T14:15:56.020000,-0.016693
2025-05-01T14:15:56.030000,-0.010406
2025-05-01T14:15:56.040000,0.004826
2025-05-01T14:15:56.050000,0.002164
2025-05-01T14:15:56.060000,-0.010640
2025-05-01T14:15:56.070000,-0.014375
2025-05-01T14:15:56.080000,0.002003
2025-05-01T14:15:56.090000,-0.023238
2025-05-01T14:15:56.100000,-0.009818
2025-05-01T14:15:56.110000,0.002087
2025-05-01T14:15:56.120000,0.009413
2025-05-01T14:15:56.130000,-0.011489
2025-05-01T14:15:56.140000,-0.007434
2025-05-01T14:15:56.150000,-0.002694
2025-05-01T14:15:56.160000,0.000389
2025-05-01T14:15:56.170000,0.011080
2025-05-01T14:15:56.180000,-0.001203
2025-05-01T14:15:56.190000,0.001343
2025-05-01T14:15:56.200000,-0.005493
2025-05-01T14:15:56.210000,-0.007537
2025-05-01T14:15:56.220000,-0.015533
2025-05-01T14:15:56.230000,-0.001308
2025-05-01T14:15:56.240000,0.005314
2025-05-01T14:15:56.250000,0.021155
2025-05-01T14:15:56.260000,-0.013395
2025-05-01T14:15:56.270000,0.006325
2025-05-01T14:15:56.280000,0.008595
2025-05-01T14:15:56.290000,-0.003779
2025-05-01T14:15:56.300000,-0.018513
2025-05-01T14:15:56.310000,-0.012646
2025-05-01T14:15:56.320000,-0.004616
2025-05-01T14:15:56.330000,0.008812
2025-05-01T14:15:56.340000,-0.017141
2025-05-01T14:15:56.350000,-0.001045
2025-05-01T14:15:56.360000,0.011218
2025-05-01T14:15:56.370000,0.011007
2025-05-01T14:15:56.380000,-0.009038
2025-05-01T14:15:56.390000,-0.006736
2025-05-01T14:15:56.400000,0.000410
2025-05-01T14:15:56.410000,0.018591
2025-05-01T14:15:56.420000,-0.006275
2025-05-01T14:15:56.430000,0.009969
2025-05-01T14:15:56.440000,0.012986
2025-05-01T14:15:56.450000,0.003222
2025-05-01T14:15:56.460000,-0.015165
2025-05-01T14:15:56.470000,0.013774
2025-05-01T14:15:56.480000,-0.000215
2025-05-01T14:15:56.490000,-0.004466
2025-05-01T14:15:56.500000,0.006975
2025-05-01T14:15:56.510000,0.005385
2025-05-01T14:15:56.520000,-0.004408
2025-05-01T14:15:56.530000,-0.000629
2025-05-01T14:15:56.540000,0.001484
2025-05-01T14:15:56.550000,0.002611
2025-05-01T14:15:56.560000,-0.001927
2025-05-01T14:15:56.570000,0.000995
2025-05-01T14:15:56.580000,-0.013391
2025-05-01T14:15:56.590000,0.003679
2025-05-01T14:15:56.600000,0.003326
2025-05-01T14:15:56.610000,-0.006123
2025-05-01T14:15:56.620000,-0.005684
2025-05-01T14:15:56.630000,-0.000489
2025-05-01T14:15:56.640000,0.003743
2025-05-01T14:15:56.650000,0.013385
2025-05-01T14:15:56.660000,0.001926
2025-05-01T14:15:56.670000,-0.005204
2025-05-01T14:15:56.680000,-0.009364
2025-05-01T14:15:56.690000,0.007169
2025-05-01T14:15:56.700000,0.000256
2025-05-01T14:15:56.710000,-0.003231
2025-05-01T14:15:56.720000,0.008421
2025-05-01T14:15:56.730000,-0.013701
2025-05-01T14:15:56.740000,-0.000518
2025-05-01T14:15:56.750000,0.001925
2025-05-01T14:15:56.760000,-0.003048
2025-05-01T14:15:56.770000,-0.000545
2025-05-01T14:15:56.780000,-0.000388
2025-05-01T14:15:56.790000,0.002342
2025-05-01T14:15:56.800000,0.009784
2025-05-01T14:15:56.810000,0.015078
2025-05-01T14:15:56.820000,0.018889
2025-05-01T14:15:56.830000,-0.000233
2025-05-01T14:15:56.840000,-0.000461
2025-05-01T14:15:56.850000,0.010066
2025-05-01T14:15:56.860000,0.003304
2025-05-01T14:15:56.870000,0.022150
2025-05-01T14:15:56.880000,0.003918
2025-05-01T14:15:56.890000,-0.015729
2025-05-01T14:15:56.900000,-0.002317
2025-05-01T14:15:56.910000,-0.005746
2025-05-01T14:15:56.920000,-0.002685
2025-05-01T14:15:56.930000,-0.008831
2025-05-01T14:15:56.940000,-0.012947
2025-05-01T14:15:56.950000,0.004347
2025-05-01T14:15:56.960000,-0.003709
2025-05-01T14:15:56.970000,0.003844
2025-05-01T14:15:56.980000,-0.001673
2025-05-01T14:15:56.990000,0.013200
2025-05-01T14:15:57,0.001551
2025-05-01T14:15:57.010000,-0.005310
2025-05-01T14:15:57.020000,-0.002567
2025-05-01T14:15:57.030000,0.005542
2025-05-01T14:15:57.040000,-0.008527
2025-05-01T14:15:57.050000,-0.002067
2025-05-01T14:15:57.060000,0.004308
2025-05-01T14:15:57.070000,-0.006970
2025-05-01T14:15:57.080000,0.015470
2025-05-01T14:15:57.090000,-0.011410
2025-05-01T14:15:57.100000,0.009005
2025-05-01T14:15:57.110000,0.013251
2025-05-01T14:15:57.120000,-0.001355
2025-05-01T14:15:57.130000,-0.008179
2025-05-01T14:15:57.140000,0.000554
2025-05-01T14:15:57.150000,0.028045
2025-05-01T14:15:57.160000,-0.021461
2025-05-01T14:15:57.170000,-0.008835
2025-05-01T14:15:57.180000,0.004413
2025-05-01T14:15:57.190000,-0.006257
2025-05-01T14:15:57.200000,-0.011147
2025-05-01T14:15:57.210000,0.009347
2025-05-01T14:15:57.220000,0.007684
2025-05-01T14:15:57.230000,0.000069
2025-05-01T14:15:57.240000,0.010665
2025-05-01T14:15:57.250000,-0.004692
2025-05-01T14:15:57.260000,-0.000370
2025-05-01T14:15:57.270000,0.017011
2025-05-01T14:15:57.280000,0.002170
2025-05-01T14:15:57.290000,0.008633
2025-05-01T14:15:57.300000,0.009728
2025-05-01T14:15:57.310000,0.004382
2025-05-01T14:15:57.320000,0.006592
2025-05-01T14:15:57.330000,0.012782
2025-05-01T14:15:57.340000,-0.002630
2025-05-01T14:15:57.350000,-0.004010
2025-05-01T14:15:57.360000,-0.004858
2025-05-01T14:15:57.370000,-0.000086
2025-05-01T14:15:57.380000,0.005971
2025-05-01T14:15:57.390000,-0.004431
2025-05-01T14:15:57.400000,-0.016373
2025-05-01T14:15:57.410000,0.005267
2025-05-01T14:15:57.420000,0.010144
2025-05-01T14:15:57.430000,-0.013742
2025-05-01T14:15:57.440000,-0.023227
2025-05-01T14:15:57.450000,-0.010638
2025-05-01T14:15:57.460000,0.016534
2025-05-01T14:15:57.470000,0.010880
2025-05-01T14:15:57.480000,0.002891
2025-05-01T14:15:57.490000,-0.034026
2025-05-01T14:15:57.500000,0.000270
2025-05-01T14:15:57.510000,0.010153
2025-05-01T14:15:57.520000,-0.012387
2025-05-01T14:15:57.530000,0.010116
2025-05-01T14:15:57.540000,0.005553
2025-05-01T14:15:57.550000,-0.002907
2025-05-01T14:15:57.560000,0.002283
2025-05-01T14:15:57.570000,-0.001326
2025-05-01T14:15:57.580000,0.011706
2025-05-01T14:15:57.590000,-0.006589
2025-05-01T14:15:57.600000,-0.009275
2025-05-01T14:15:57.610000,0.002190
2025-05-01T14:15:57.620000,-0.024934
2025-05-01T14:15:57.630000,-0.002637
2025-05-01T14:15:57.640000,-0.002225
2025-05-01T14:15:57.650000,-0.000250
2025-05-01T14:15:57.660000,-0.010725
2025-05-01T14:15:57.670000,0.007163
2025-05-01T14:15:57.680000,0.004329
2025-05-01T14:15:57.690000,-0.010191
2025-05-01T14:15:57.700000,-0.016566
2025-05-01T14:15:57.710000,-0.000831
2025-05-01T14:15:57.720000,0.020147
2025-05-01T14:15:57.730000,0.000347
2025-05-01T14:15:57.740000,-0.002334
2025-05-01T14:15:57.750000,-0.007371
2025-05-01T14:15:57.760000,-0.008719
2025-05-01T14:15:57.770000,0.020184
2025-05-01T14:15:57.780000,-0.005447
2025-05-01T14:15:57.790000,0.003986
2025-05-01T14:15:57.800000,0.006604
2025-05-01T14:15:57.810000,0.006100
2025-05-01T14:15:57.820000,-0.006232
2025-05-01T14:15:57.830000,-0.003856
2025-05-01T14:15:57.840000,0.005985
2025-05-01T14:15:57.850000,0.014548
2025-05-01T14:15:57.860000,-0.019727
2025-05-01T14:15:57.870000,0.015267
2025-05-01T14:15:57.880000,-0.000346
2025-05-01T14:15:57.890000,-0.006203
2025-05-01T14:15:57.900000,-0.000017
2025-05-01T14:15:57.910000,-0.002791
2025-05-01T14:15:57.920000,-0.011455
2025-05-01T14:15:57.930000,-0.006099
2025-05-01T14:15:57.940000,-0.005926
2025-05-01T14:15:57.950000,-0.011943
2025-05-01T14:15:57.960000,0.009872
2025-05-01T14:15:57.970000,0.005557
2025-05-01T14:15:57.980000,-0.008289
2025-05-01T14:15:57.990000,-0.006159
2025-05-01T14:15:58,0.020274
2025-05-01T14:15:58.010000,0.001789
2025-05-01T14:15:58.020000,-0.011016
2025-05-01T14:15:58.030000,-0.003086
2025-05-01T14:15:58.040000,0.013832
2025-05-01T14:15:58.050000,0.001435
2025-05-01T14:15:58.060000,0.003843
2025-05-01T14:15:58.070000,0.010788
2025-05-01T14:15:58.080000,-0.001381
2025-05-01T14:15:58.090000,0.003194
2025-05-01T14:15:58.100000,0.022696
2025-05-01T14:15:58.110000,0.008053
2025-05-01T14:15:58.120000,0.006981
2025-05-01T14:15:58.130000,0.016783
2025-05-01T14:15:58.140000,-0.009060
2025-05-01T14:15:58.150000,-0.001967
2025-05-01T14:15:58.160000,-0.027543
2025-05-01T14:15:58.170000,-0.005015
2025-05-01T14:15:58.180000,0.001478
2025-05-01T14:15:58.190000,0.002862
2025-05-01T14:15:58.200000,-0.002461
2025-05-01T14:15:58.210000,-0.006969
2025-05-01T14:15:58.220000,-0.002929
2025-05-01T14:15:58.230000,0.014079
2025-05-01T14:15:58.240000,-0.001663
2025-05-01T14:15:58.250000,0.003058
2025-05-01T14:15:58.260000,0.012227
2025-05-01T14:15:58.270000,-0.002928
2025-05-01T14:15:58.280000,-0.000684
2025-05-01T14:15:58.290000,-0.003984
2025-05-01T14:15:58.300000,0.009885
2025-05-01T14:15:58.310000,-0.003184
2025-05-01T14:15:58.320000,0.006940
2025-05-01T14:15:58.330000,-0.011905
2025-05-01T14:15:58.340000,0.014066
2025-05-01T14:15:58.350000,-0.013029
2025-05-01T14:15:58.360000,0.004247
2025-05-01T14:15:58.370000,0.013330
2025-05-01T14:15:58.380000,0.005009
2025-05-01T14:15:58.390000,0.010386
2025-05-01T14:15:58.400000,-0.014040
2025-05-01T14:15:58.410000,-0.002900
2025-05-01T14:15:58.420000,0.001014
2025-05-01T14:15:58.430000,-0.002453
2025-05-01T14:15:58.440000,0.012188
2025-05-01T14:15:58.450000,-0.000152
2025-05-01T14:15:58.460000,-0.013847
2025-05-01T14:15:58.470000,0.000176
2025-05-01T14:15:58.480000,-0.004961
2025-05-01T14:15:58.490000,-0.012294
2025-05-01T14:15:58.500000,0.012646
2025-05-01T14:15:58.510000,-0.005648
2025-05-01T14:15:58.520000,-0.005517
2025-05-01T14:15:58.530000,0.000183
2025-05-01T14:15:58.540000,0.002526
2025-05-01T14:15:58.550000,0.004202
2025-05-01T14:15:58.560000,0.008752
2025-05-01T14:15:58.570000,0.004911
2025-05-01T14:15:58.580000,0.005143
2025-05-01T14:15:58.590000,-0.020359
2025-05-01T14:15:58.600000,-0.004250
2025-05-01T14:15:58.610000,-0.004910
2025-05-01T14:15:58.620000,-0.010066
2025-05-01T14:15:58.630000,-0.005961
2025-05-01T14:15:58.640000,0.000826
2025-05-01T14:15:58.650000,-0.005838
2025-05-01T14:15:58.660000,0.002862
2025-05-01T14:15:58.670000,0.009384
2025-05-01T14:15:58.680000,0.000025
2025-05-01T14:15:58.690000,-0.011745
2025-05-01T14:15:58.700000,0.005716
2025-05-01T14:15:58.710000,0.006299
2025-05-01T14:15:58.720000,0.004172
2025-05-01T14:15:58.730000,0.000084
2025-05-01T14:15:58.740000,0.015249
2025-05-01T14:15:58.750000,-0.003233
2025-05-01T14:15:58.760000,0.008927
2025-05-01T14:15:58.770000,-0.006726
2025-05-01T14:15:58.780000,0.009572
2025-05-01T14:15:58.790000,-0.013336
2025-05-01T14:15:58.800000,0.006991
2025-05-01T14:15:58.810000,-0.021912
2025-05-01T14:15:58.820000,-0.008182
2025-05-01T14:15:58.830000,0.002869
2025-05-01T14:15:58.840000,0.007440
2025-05-01T14:15:58.850000,-0.001767
2025-05-01T14:15:58.860000,0.002479
2025-05-01T14:15:58.870000,-0.002091
2025-05-01T14:15:58.880000,-0.015431
2025-05-01T14:15:58.890000,0.001524
2025-05-01T14:15:58.900000,0.004953
2025-05-01T14:15:58.910000,0.026896
2025-05-01T14:15:58.920000,0.004996
2025-05-01T14:15:58.930000,-0.008123
2025-05-01T14:15:58.940000,0.003464
2025-05-01T14:15:58.950000,-0.011129
2025-05-01T14:15:58.960000,-0.005804
2025-05-01T14:15:58.970000,-0.011504
2025-05-01T14:15:58.980000,-0.000626
2025-05-01T14:15:58.990000,0.002417
2025-05-01T14:15:59,-0.002309
2025-05-01T14:15:59.010000,-0.010841
2025-05-01T14:15:59.020000,0.004215
2025-05-01T14:15:59.030000,0.008828
2025-05-01T14:15:59.040000,-0.003662
2025-05-01T14:15:59.050000,0.001019
2025-05-01T14:15:59.060000,-0.004634
2025-05-01T14:15:59.070000,0.002280
2025-05-01T14:15:59.080000,0.010974
2025-05-01T14:15:59.090000,0.002124
2025-05-01T14:15:59.100000,0.003192
2025-05-01T14:15:59.110000,-0.011978
2025-05-01T14:15:59.120000,0.002753
2025-05-01T14:15:59.130000,-0.007064
2025-05-01T14:15:59.140000,-0.002315
2025-05-01T14:15:59.150000,0.021742
2025-05-01T14:15:59.160000,-0.003541
2025-05-01T14:15:59.170000,-0.001094
2025-05-01T14:15:59.180000,-0.009805
2025-05-01T14:15:59.190000,0.004827
2025-05-01T14:15:59.200000,0.005586
2025-05-01T14:15:59.210000,0.019806
2025-05-01T14:15:59.220000,-0.011791
2025-05-01T14:15:59.230000,0.008837
2025-05-01T14:15:59.240000,-0.004528
2025-05-01T14:15:59.250000,-0.016605
2025-05-01T14:15:59.260000,-0.002080
2025-05-01T14:15:59.270000,0.004922
2025-05-01T14:15:59.280000,0.011895
2025-05-01T14:15:59.290000,-0.010948
2025-05-01T14:15:59.300000,-0.001310
2025-05-01T14:15:59.310000,0.006130
2025-05-01T14:15:59.320000,-0.003098
2025-05-01T14:15:59.330000,0.010290
2025-05-01T14:15:59.340000,-0.007507
2025-05-01T14:15:59.350000,-0.013589
2025-05-01T14:15:59.360000,0.008503
2025-05-01T14:15:59.370000,-0.019724
2025-05-01T14:15:59.380000,-0.001867
2025-05-01T14:15:59.390000,0.004742
2025-05-01T14:15:59.400000,-0.004841
2025-05-01T14:15:59.410000,0.013803
2025-05-01T14:15:59.420000,-0.004559
2025-05-01T14:15:59.430000,-0.013502
2025-05-01T14:15:59.440000,0.001667
2025-05-01T14:15:59.450000,0.005468
2025-05-01T14:15:59.460000,-0.007529
2025-05-01T14:15:59.470000,-0.008815
2025-05-01T14:15:59.480000,0.001244
2025-05-01T14:15:59.490000,-0.004207
2025-05-01T14:15:59.500000,-0.005169
2025-05-01T14:15:59.510000,0.014485
2025-05-01T14:15:59.520000,-0.000913
2025-05-01T14:15:59.530000,0.005213
2025-05-01T14:15:59.540000,-0.002443
2025-05-01T14:15:59.550000,-0.020211
2025-05-01T14:15:59.560000,-0.008150
2025-05-01T14:15:59.570000,-0.006777
2025-05-01T14:15:59.580000,0.005653
2025-05-01T14:15:59.590000,0.005036
2025-05-01T14:15:59.600000,-0.002287
2025-05-01T14:15:59.610000,0.009640
2025-05-01T14:15:59.620000,-0.019300
2025-05-01T14:15:59.630000,-0.010523
2025-05-01T14:15:59.640000,-0.001807
2025-05-01T14:15:59.650000,0.013713
2025-05-01T14:15:59.660000,0.002785
2025-05-01T14:15:59.670000,-0.008761
2025-05-01T14:15:59.680000,0.011531
2025-05-01T14:15:59.690000,-0.009596
2025-05-01T14:15:59.700000,0.011378
2025-05-01T14:15:59.710000,0.001237
2025-05-01T14:15:59.720000,-0.004453
2025-05-01T14:15:59.730000,-0.007550
2025-05-01T14:15:59.740000,-0.000235
2025-05-01T14:15:59.750000,0.002435
2025-05-01T14:15:59.760000,0.015965
2025-05-01T14:15:59.770000,-0.008429
2025-05-01T14:15:59.780000,0.005592
2025-05-01T14:15:59.790000,0.012406
2025-05-01T14:15:59.800000,0.002740
2025-05-01T14:15:59.810000,-0.004379
2025-05-01T14:15:59.820000,0.008636
2025-05-01T14:15:59.830000,-0.003376
2025-05-01T14:15:59.840000,-0.010473
2025-05-01T14:15:59.850000,-0.001698
2025-05-01T14:15:59.860000,0.001946
2025-05-01T14:15:59.870000,0.008865
2025-05-01T14:15:59.880000,-0.010890
2025-05-01T14:15:59.890000,-0.005459
2025-05-01T14:15:59.900000,-0.008716
2025-05-01T14:15:59.910000,0.006668
2025-05-01T14:15:59.920000,0.001016
2025-05-01T14:15:59.930000,0.008705
2025-05-01T14:15:59.940000,0.000405
2025-05-01T14:15:59.950000,0.012969
2025-05-01T14:15:59.960000,0.000870
2025-05-01T14:15:59.970000,0.014671
2025-05-01T14:15:59.980000,-0.010290
2025-05-01T14:15:59.990000,0.001027
2025-05-01T14:16:00,0.007924
2025-05-01T14:16:00.010000,0.010951
2025-05-01T14:16:00.020000,-0.008779
2025-05-01T14:16:00.030000,-0.012770
2025-05-01T14:16:00.040000,0.002184
2025-05-01T14:16:00.050000,0.008187
2025-05-01T14:16:00.060000,-0.010316
2025-05-01T14:16:00.070000,-0.015527
2025-05-01T14:16:00.080000,0.000461
2025-05-01T14:16:00.090000,0.008957
2025-05-01T14:16:00.100000,-0.009611
2025-05-01T14:16:00.110000,0.012453
2025-05-01T14:16:00.120000,0.001849
2025-05-01T14:16:00.130000,0.008720
2025-05-01T14:16:00.140000,0.002275
2025-05-01T14:16:00.150000,-0.000231
2025-05-01T14:16:00.160000,-0.002450
2025-05-01T14:16:00.170000,0.014198
2025-05-01T14:16:00.180000,0.017418
2025-05-01T14:16:00.190000,-0.007785
2025-05-01T14:16:00.200000,0.006414
2025-05-01T14:16:00.210000,0.008535
2025-05-01T14:16:00.220000,-0.010519
2025-05-01T14:16:00.230000,-0.001682
2025-05-01T14:16:00.240000,-0.010885
2025-05-01T14:16:00.250000,-0.016373
2025-05-01T14:16:00.260000,0.006234
2025-05-01T14:16:00.270000,-0.004680
2025-05-01T14:16:00.280000,-0.006658
2025-05-01T14:16:00.290000,0.009815
2025-05-01T14:16:00.300000,0.015299
2025-05-01T14:16:00.310000,0.013754
2025-05-01T14:16:00.320000,-0.013551
2025-05-01T14:16:00.330000,0.010876
2025-05-01T14:16:00.340000,-0.008195
2025-05-01T14:16:00.350000,-0.003515
2025-05-01T14:16:00.360000,-0.004376
2025-05-01T14:16:00.370000,0.003762
2025-05-01T14:16:00.380000,0.000648
2025-05-01T14:16:00.390000,-0.010229
2025-05-01T14:16:00.400000,-0.013619
2025-05-01T14:16:00.410000,-0.002382
2025-05-01T14:16:00.420000,-0.000056
2025-05-01T14:16:00.430000,-0.013771
2025-05-01T14:16:00.440000,-0.012123
2025-05-01T14:16:00.450000,0.015122
2025-05-01T14:16:00.460000,-0.005301
2025-05-01T14:16:00.470000,0.001009
2025-05-01T14:16:00.480000,-0.002790
2025-05-01T14:16:00.490000,0.009762
2025-05-01T14:16:00.500000,-0.015703
2025-05-01T14:16:00.510000,0.011552
2025-05-01T14:16:00.520000,-0.003202
2025-05-01T14:16:00.530000,-0.003602
2025-05-01T14:16:00.540000,0.005566
2025-05-01T14:16:00.550000,0.004415
2025-05-01T14:16:00.560000,-0.011874
2025-05-01T14:16:00.570000,0.016698
2025-05-01T14:16:00.580000,0.010133
2025-05-01T14:16:00.590000,-0.006922
2025-05-01T14:16:00.600000,-0.006870
2025-05-01T14:16:00.610000,0.002358
2025-05-01T14:16:00.620000,0.029870
2025-05-01T14:16:00.630000,0.001436
2025-05-01T14:16:00.640000,0.008957
2025-05-01T14:16:00.650000,0.024782
2025-05-01T14:16:00.660000,-0.004611
2025-05-01T14:16:00.670000,-0.001220
2025-05-01T14:16:00.680000,-0.016189
2025-05-01T14:16:00.690000,0.003754
2025-05-01T14:16:00.700000,0.000921
2025-05-01T14:16:00.710000,0.004859
2025-05-01T14:16:00.720000,0.004639
2025-05-01T14:16:00.730000,-0.004743
2025-05-01T14:16:00.740000,-0.000780
2025-05-01T14:16:00.750000,0.005343
2025-05-01T14:16:00.760000,-0.006141
2025-05-01T14:16:00.770000,0.002160
2025-05-01T14:16:00.780000,-0.005188
2025-05-01T14:16:00.790000,-0.011391
2025-05-01T14:16:00.800000,0.001665
2025-05-01T14:16:00.810000,-0.001632
2025-05-01T14:16:00.820000,0.004029
2025-05-01T14:16:00.830000,0.007714
2025-05-01T14:16:00.840000,0.026366
2025-05-01T14:16:00.850000,-0.002390
2025-05-01T14:16:00.860000,-0.004088
2025-05-01T14:16:00.870000,-0.003760
2025-05-01T14:16:00.880000,0.012203
2025-05-01T14:16:00.890000,-0.005292
2025-05-01T14:16:00.900000,-0.007203
2025-05-01T14:16:00.910000,0.004063
2025-05-01T14:16:00.920000,0.002832
2025-05-01T14:16:00.930000,-0.002413
2025-05-01T14:16:00.940000,0.007742
2025-05-01T14:16:00.950000,0.005827
2025-05-01T14:16:00.960000,0.005152
2025-05-01T14:16:00.970000,0.012690
2025-05-01T14:16:00.980000,0.021878
2025-05-01T14:16:00.990000,-0.001466
2025-05-01T14:16:01,-0.000620
2025-05-01T14:16:01.010000,0.003232
2025-05-01T14:16:01.020000,-0.007491
2025-05-01T14:16:01.030000,0.018338
2025-05-01T14:16:01.040000,-0.005663
2025-05-01T14:16:01.050000,0.009400
2025-05-01T14:16:01.060000,0.001555
2025-05-01T14:16:01.070000,-0.005447
2025-05-01T14:16:01.080000,0.003284
2025-05-01T14:16:01.090000,0.003596
2025-05-01T14:16:01.100000,0.009086
2025-05-01T14:16:01.110000,0.017426
2025-05-01T14:16:01.120000,-0.000695
2025-05-01T14:16:01.130000,0.004873
2025-05-01T14:16:01.140000,0.002330
2025-05-01T14:16:01.150000,0.002409
2025-05-01T14:16:01.160000,0.018911
2025-05-01T14:16:01.170000,0.003625
2025-05-01T14:16:01.180000,-0.011046
2025-05-01T14:16:01.190000,0.008894
2025-05-01T14:16:01.200000,0.001038
2025-05-01T14:16:01.210000,-0.005544
2025-05-01T14:16:01.220000,0.000948
2025-05-01T14:16:01.230000,-0.004687
2025-05-01T14:16:01.240000,-0.003671
2025-05-01T14:16:01.250000,0.002215
2025-05-01T14:16:01.260000,-0.000459
2025-05-01T14:16:01.270000,0.016267
2025-05-01T14:16:01.280000,0.007422
2025-05-01T14:16:01.290000,0.004601
2025-05-01T14:16:01.300000,-0.000633
2025-05-01T14:16:01.310000,0.000526
2025-05-01T14:16:01.320000,-0.012047
2025-05-01T14:16:01.330000,-0.004386
2025-05-01T14:16:01.340000,0.016054
2025-05-01T14:16:01.350000,-0.009177
2025-05-01T14:16:01.360000,-0.010804
2025-05-01T14:16:01.370000,0.012790
2025-05-01T14:16:01.380000,0.002920
2025-05-01T14:16:01.390000,0.004941
2025-05-01T14:16:01.400000,-0.004596
2025-05-01T14:16:01.410000,-0.006784
2025-05-01T14:16:01.420000,0.006430
2025-05-01T14:16:01.430000,-0.004539
2025-05-01T14:16:01.440000,-0.014247
2025-05-01T14:16:01.450000,-0.005205
2025-05-01T14:16:01.460000,0.007348
2025-05-01T14:16:01.470000,-0.026033
2025-05-01T14:16:01.480000,-0.015400
2025-05-01T14:16:01.490000,-0.011989
2025-05-01T14:16:01.500000,-0.007109
2025-05-01T14:16:01.510000,-0.006773
2025-05-01T14:16:01.520000,0.012814
2025-05-01T14:16:01.530000,0.005838
2025-05-01T14:16:01.540000,0.015566
2025-05-01T14:16:01.550000,-0.025762
2025-05-01T14:16:01.560000,-0.015625
2025-05-01T14:16:01.570000,-0.000146
2025-05-01T14:16:01.580000,0.009045
2025-05-01T14:16:01.590000,0.002692
2025-05-01T14:16:01.600000,-0.008002
2025-05-01T14:16:01.610000,-0.001610
2025-05-01T14:16:01.620000,0.000489
2025-05-01T14:16:01.630000,0.018503
2025-05-01T14:16:01.640000,0.025767
2025-05-01T14:16:01.650000,-0.010454
2025-05-01T14:16:01.660000,-0.020059
2025-05-01T14:16:01.670000,-0.011005
2025-05-01T14:16:01.680000,0.014369
2025-05-01T14:16:01.690000,0.006919
2025-05-01T14:16:01.700000,0.001825
2025-05-01T14:16:01.710000,-0.007745
2025-05-01T14:16:01.720000,-0.005470
2025-05-01T14:16:01.730000,0.003793
2025-05-01T14:16:01.740000,-0.008067
2025-05-01T14:16:01.750000,0.000349
2025-05-01T14:16:01.760000,0.010092
2025-05-01T14:16:01.770000,0.003562
2025-05-01T14:16:01.780000,-0.014069
2025-05-01T14:16:01.790000,0.006271
2025-05-01T14:16:01.800000,-0.011774
2025-05-01T14:16:01.810000,-0.002085
2025-05-01T14:16:01.820000,0.017823
2025-05-01T14:16:01.830000,0.010279
2025-05-01T14:16:01.840000,-0.008559
2025-05-01T14:16:01.850000,0.005179
2025-05-01T14:16:01.860000,-0.016085
2025-05-01T14:16:01.870000,0.005138
2025-05-01T14:16:01.880000,0.020547
2025-05-01T14:16:01.890000,-0.013866
2025-05-01T14:16:01.900000,-0.010531
2025-05-01T14:16:01.910000,0.002248
2025-05-01T14:16:01.920000,-0.010274
2025-05-01T14:16:01.930000,-0.004440
2025-05-01T14:16:01.940000,0.015446
2025-05-01T14:16:01.950000,0.011160
2025-05-01T14:16:01.960000,-0.004814
2025-05-01T14:16:01.970000,-0.002930
2025-05-01T14:16:01.980000,-0.017545
2025-05-01T14:16:01.990000,-0.002452
2025-05-01T14:16:02,0.012076
2025-05-01T14:16:02.010000,-0.006081
2025-05-01T14:16:02.020000,0.001221
2025-05-01T14:16:02.030000,0.009207
2025-05-01T14:16:02.040000,0.004660
2025-05-01T14:16:02.050000,0.016109
2025-05-01T14:16:02.060000,0.013343
2025-05-01T14:16:02.070000,-0.007741
2025-05-01T14:16:02.080000,-0.011042
2025-05-01T14:16:02.090000,0.024721
2025-05-01T14:16:02.100000,-0.015841
2025-05-01T14:16:02.110000,0.007353
2025-05-01T14:16:02.120000,0.007014
2025-05-01T14:16:02.130000,0.004396
2025-05-01T14:16:02.140000,-0.013482
2025-05-01T14:16:02.150000,0.003419
2025-05-01T14:16:02.160000,0.002252
2025-05-01T14:16:02.170000,-0.008326
2025-05-01T14:16:02.180000,0.008082
2025-05-01T14:16:02.190000,0.005013
2025-05-01T14:16:02.200000,-0.010654
2025-05-01T14:16:02.210000,-0.014590
2025-05-01T14:16:02.220000,0.006351
2025-05-01T14:16:02.230000,-0.000572
2025-05-01T14:16:02.240000,0.007408
2025-05-01T14:16:02.250000,0.003941
2025-05-01T14:16:02.260000,0.007731
2025-05-01T14:16:02.270000,-0.010427
2025-05-01T14:16:02.280000,-0.000244
2025-05-01T14:16:02.290000,-0.005996
2025-05-01T14:16:02.300000,0.005863
2025-05-01T14:16:02.310000,-0.016885
2025-05-01T14:16:02.320000,0.003735
2025-05-01T14:16:02.330000,-0.012550
2025-05-01T14:16:02.340000,0.013929
2025-05-01T14:16:02.350000,-0.004421
2025-05-01T14:16:02.360000,-0.021574
2025-05-01T14:16:02.370000,0.011218
2025-05-01T14:16:02.380000,-0.003083
2025-05-01T14:16:02.390000,-0.013878
2025-05-01T14:16:02.400000,-0.008285
2025-05-01T14:16:02.410000,-0.012739
2025-05-01T14:16:02.420000,-0.015040
2025-05-01T14:16:02.430000,-0.007154
2025-05-01T14:16:02.440000,0.018673
2025-05-01T14:16:02.450000,-0.002806
2025-05-01T14:16:02.460000,0.006342
2025-05-01T14:16:02.470000,-0.011124
2025-05-01T14:16:02.480000,0.006527
2025-05-01T14:16:02.490000,-0.010457
2025-05-01T14:16:02.500000,0.001547
2025-05-01T14:16:02.510000,0.025917
2025-05-01T14:16:02.520000,-0.009348
2025-05-01T14:16:02.530000,-0.005406
2025-05-01T14:16:02.540000,0.006715
2025-05-01T14:16:02.550000,0.002449
2025-05-01T14:16:02.560000,-0.003477
2025-05-01T14:16:02.570000,-0.000327
2025-05-01T14:16:02.580000,0.000918
2025-05-01T14:16:02.590000,0.002552
2025-05-01T14:16:02.600000,0.017939
2025-05-01T14:16:02.610000,0.003404
2025-05-01T14:16:02.620000,-0.018071
2025-05-01T14:16:02.630000,-0.005744
2025-05-01T14:16:02.640000,-0.007373
2025-05-01T14:16:02.650000,0.017447
2025-05-01T14:16:02.660000,-0.017273
2025-05-01T14:16:02.670000,-0.008515
2025-05-01T14:16:02.680000,-0.000558
2025-05-01T14:16:02.690000,-0.006212
2025-05-01T14:16:02.700000,0.018118
2025-05-01T14:16:02.710000,-0.001967
2025-05-01T14:16:02.720000,0.001003
2025-05-01T14:16:02.730000,0.001862
2025-05-01T14:16:02.740000,0.002871
2025-05-01T14:16:02.750000,0.002645
2025-05-01T14:16:02.760000,0.004557
2025-05-01T14:16:02.770000,-0.008781
2025-05-01T14:16:02.780000,-0.001374
2025-05-01T14:16:02.790000,0.008349
2025-05-01T14:16:02.800000,-0.002542
2025-05-01T14:16:02.810000,0.012303
2025-05-01T14:16:02.820000,0.007922
2025-05-01T14:16:02.830000,0.019073
2025-05-01T14:16:02.840000,-0.012860
2025-05-01T14:16:02.850000,-0.006514
2025-05-01T14:16:02.860000,0.011050
2025-05-01T14:16:02.870000,-0.002557
2025-05-01T14:16:02.880000,-0.011014
2025-05-01T14:16:02.890000,0.008009
2025-05-01T14:16:02.900000,-0.007806
2025-05-01T14:16:02.910000,-0.010501
2025-05-01T14:16:02.920000,-0.012132
2025-05-01T14:16:02.930000,-0.004603
2025-05-01T14:16:02.940000,0.016341
2025-05-01T14:16:02.950000,-0.006421
2025-05-01T14:16:02.960000,0.017752
2025-05-01T14:16:02.970000,0.009865
2025-05-01T14:16:02.980000,0.000813
2025-05-01T14:16:02.990000,0.014185
2025-05-01T14:16:03,0.001829
2025-05-01T14:16:03.010000,-0.000683
2025-05-01T14:16:03.020000,0.001175
2025-05-01T14:16:03.030000,0.000668
2025-05-01T14:16:03.040000,0.006155
2025-05-01T14:16:03.050000,-0.002620
2025-05-01T14:16:03.060000,0.001745
2025-05-01T14:16:03.070000,-0.001437
2025-05-01T14:16:03.080000,-0.010926
2025-05-01T14:16:03.090000,0.002022
2025-05-01T14:16:03.100000,-0.007940
2025-05-01T14:16:03.110000,-0.011410
2025-05-01T14:16:03.120000,0.004916
2025-05-01T14:16:03.130000,-0.000218
2025-05-01T14:16:03.140000,-0.004708
2025-05-01T14:16:03.150000,0.005838
2025-05-01T14:16:03.160000,0.017952
2025-05-01T14:16:03.170000,0.001284
2025-05-01T14:16:03.180000,-0.000755
2025-05-01T14:16:03.190000,-0.006161
2025-05-01T14:16:03.200000,-0.007066
2025-05-01T14:16:03.210000,-0.003086
2025-05-01T14:16:03.220000,-0.007147
2025-05-01T14:16:03.230000,-0.007861
2025-05-01T14:16:03.240000,0.011643
2025-05-01T14:16:03.250000,-0.002039
2025-05-01T14:16:03.260000,0.005891
2025-05-01T14:16:03.270000,0.003889
2025-05-01T14:16:03.280000,0.005438
2025-05-01T14:16:03.290000,0.002560
2025-05-01T14:16:03.300000,-0.013982
2025-05-01T14:16:03.310000,0.009613
2025-05-01T14:16:03.320000,-0.027171
2025-05-01T14:16:03.330000,-0.004065
2025-05-01T14:16:03.340000,0.004979
2025-05-01T14:16:03.350000,0.008104
2025-05-01T14:16:03.360000,-0.020332
2025-05-01T14:16:03.370000,-0.003932
2025-05-01T14:16:03.380000,-0.004417
2025-05-01T14:16:03.390000,-0.009204
2025-05-01T14:16:03.400000,0.002573
2025-05-01T14:16:03.410000,0.000986
2025-05-01T14:16:03.420000,-0.017827
2025-05-01T14:16:03.430000,0.008672
2025-05-01T14:16:03.440000,0.001597
2025-05-01T14:16:03.450000,0.009129
2025-05-01T14:16:03.460000,-0.006770
2025-05-01T14:16:03.470000,0.013782
2025-05-01T14:16:03.480000,0.002761
2025-05-01T14:16:03.490000,0.001092
2025-05-01T14:16:03.500000,-0.006857
2025-05-01T14:16:03.510000,0.011352
2025-05-01T14:16:03.520000,0.011994
2025-05-01T14:16:03.530000,-0.005639
2025-05-01T14:16:03.540000,0.002904
2025-05-01T14:16:03.550000,-0.016133
2025-05-01T14:16:03.560000,0.000707
2025-05-01T14:16:03.570000,-0.003410
2025-05-01T14:16:03.580000,-0.005328
2025-05-01T14:16:03.590000,-0.011080
2025-05-01T14:16:03.600000,-0.001307
2025-05-01T14:16:03.610000,0.015635
2025-05-01T14:16:03.620000,-0.007034
2025-05-01T14:16:03.630000,0.010199
2025-05-01T14:16:03.640000,0.006918
2025-05-01T14:16:03.650000,-0.011121
2025-05-01T14:16:03.660000,0.001161
2025-05-01T14:16:03.670000,0.000303
2025-05-01T14:16:03.680000,-0.001361
2025-05-01T14:16:03.690000,-0.003702
2025-05-01T14:16:03.700000,0.004570
2025-05-01T14:16:03.710000,0.000744
2025-05-01T14:16:03.720000,0.002508
2025-05-01T14:16:03.730000,0.001941
2025-05-01T14:16:03.740000,-0.002267
2025-05-01T14:16:03.750000,-0.020159
2025-05-01T14:16:03.760000,0.012215
2025-05-01T14:16:03.770000,0.004925
2025-05-01T14:16:03.780000,-0.009365
2025-05-01T14:16:03.790000,0.013581
2025-05-01T14:16:03.800000,0.008692
2025-05-01T14:16:03.810000,0.003932
2025-05-01T14:16:03.820000,-0.006686
2025-05-01T14:16:03.830000,-0.016332
2025-05-01T14:16:03.840000,0.018348
2025-05-01T14:16:03.850000,0.009116
2025-05-01T14:16:03.860000,-0.018716
2025-05-01T14:16:03.870000,-0.014279
2025-05-01T14:16:03.880000,-0.006587
2025-05-01T14:16:03.890000,-0.000253
2025-05-01T14:16:03.900000,0.006986
2025-05-01T14:16:03.910000,0.013719
2025-05-01T14:16:03.920000,0.004474
2025-05-01T14:16:03.930000,0.007278
2025-05-01T14:16:03.940000,0.007997
2025-05-01T14:16:03.950000,-0.012740
2025-05-01T14:16:03.960000,-0.002784
2025-05-01T14:16:03.970000,0.003864
2025-05-01T14:16:03.980000,-0.012717
2025-05-01T14:16:03.990000,0.000046
2025-05-01T14:16:04,0.001056
2025-05-01T14:16:04.010000,0.027641
2025-05-01T14:16:04.020000,-0.000313
2025-05-01T14:16:04.030000,-0.014201
2025-05-01T14:16:04.040000,0.003117
2025-05-01T14:16:04.050000,0.002193
2025-05-01T14:16:04.060000,-0.001723
2025-05-01T14:16:04.070000,0.015535
2025-05-01T14:16:04.080000,-0.018118
2025-05-01T14:16:04.090000,-0.018476
2025-05-01T14:16:04.100000,0.018513
2025-05-01T14:16:04.110000,0.003180
2025-05-01T14:16:04.120000,0.001991
2025-05-01T14:16:04.130000,-0.003506
2025-05-01T14:16:04.140000,-0.012919
2025-05-01T14:16:04.150000,-0.010048
2025-05-01T14:16:04.160000,-0.004844
2025-05-01T14:16:04.170000,-0.007113
2025-05-01T14:16:04.180000,0.010229
2025-05-01T14:16:04.190000,0.001338
2025-05-01T14:16:04.200000,-0.017360
2025-05-01T14:16:04.210000,0.012882
2025-05-01T14:16:04.220000,0.012175
2025-05-01T14:16:04.230000,0.015054
2025-05-01T14:16:04.240000,-0.012077
2025-05-01T14:16:04.250000,-0.008845
2025-05-01T14:16:04.260000,-0.006987
2025-05-01T14:16:04.270000,-0.010768
2025-05-01T14:16:04.280000,0.001263
2025-05-01T14:16:04.290000,0.000888
2025-05-01T14:16:04.300000,-0.013966
2025-05-01T14:16:04.310000,0.003656
2025-05-01T14:16:04.320000,0.002290
2025-05-01T14:16:04.330000,0.012352
2025-05-01T14:16:04.340000,-0.003843
2025-05-01T14:16:04.350000,-0.011963
2025-05-01T14:16:04.360000,0.002850
2025-05-01T14:16:04.370000,-0.006281
2025-05-01T14:16:04.380000,0.014633
2025-05-01T14:16:04.390000,0.017930
2025-05-01T14:16:04.400000,0.008920
2025-05-01T14:16:04.410000,-0.001546
2025-05-01T14:16:04.420000,0.017463
2025-05-01T14:16:04.430000,0.013347
2025-05-01T14:16:04.440000,0.015441
2025-05-01T14:16:04.450000,-0.018125
2025-05-01T14:16:04.460000,0.004578
2025-05-01T14:16:04.470000,0.010364
2025-05-01T14:16:04.480000,-0.002642
2025-05-01T14:16:04.490000,-0.001602
2025-05-01T14:16:04.500000,0.007451
2025-05-01T14:16:04.510000,0.011735
2025-05-01T14:16:04.520000,0.005730
2025-05-01T14:16:04.530000,0.005848
2025-05-01T14:16:04.540000,-0.007460
2025-05-01T14:16:04.550000,-0.004058
2025-05-01T14:16:04.560000,-0.016204
2025-05-01T14:16:04.570000,0.001240
2025-05-01T14:16:04.580000,-0.008958
2025-05-01T14:16:04.590000,-0.004541
2025-05-01T14:16:04.600000,-0.026808
2025-05-01T14:16:04.610000,0.001026
2025-05-01T14:16:04.620000,0.002630
2025-05-01T14:16:04.630000,-0.009411
2025-05-01T14:16:04.640000,-0.012259
2025-05-01T14:16:04.650000,0.011144
2025-05-01T14:16:04.660000,-0.000235
2025-05-01T14:16:04.670000,0.002941
2025-05-01T14:16:04.680000,-0.002257
2025-05-01T14:16:04.690000,0.012055
2025-05-01T14:16:04.700000,-0.001284
2025-05-01T14:16:04.710000,-0.017438
2025-05-01T14:16:04.720000,-0.006288
2025-05-01T14:16:04.730000,-0.011320
2025-05-01T14:16:04.740000,-0.002809
2025-05-01T14:16:04.750000,0.008681
2025-05-01T14:16:04.760000,-0.006444
2025-05-01T14:16:04.770000,0.008653
2025-05-01T14:16:04.780000,0.019621
2025-05-01T14:16:04.790000,0.011726
2025-05-01T14:16:04.800000,-0.004484
2025-05-01T14:16:04.810000,0.003210
2025-05-01T14:16:04.820000,0.011562
2025-05-01T14:16:04.830000,-0.009571
2025-05-01T14:16:04.840000,0.000470
2025-05-01T14:16:04.850000,-0.015317
2025-05-01T14:16:04.860000,-0.000749
2025-05-01T14:16:04.870000,-0.004281
2025-05-01T14:16:04.880000,-0.012877
2025-05-01T14:16:04.890000,-0.005958
2025-05-01T14:16:04.900000,0.018546
2025-05-01T14:16:04.910000,-0.011031
2025-05-01T14:16:04.920000,-0.003286
2025-05-01T14:16:04.930000,-0.011268
2025-05-01T14:16:04.940000,0.008076
2025-05-01T14:16:04.950000,-0.005561
2025-05-01T14:16:04.960000,-0.000274
2025-05-01T14:16:04.970000,-0.002966
2025-05-01T14:16:04.980000,0.006365
2025-05-01T14:16:04.990000,-0.000616
