time,data
2025-05-01T14:14:25,-0.004056
2025-05-01T14:14:25.010000,-0.012898
2025-05-01T14:14:25.020000,-0.024620
2025-05-01T14:14:25.030000,-0.012757
2025-05-01T14:14:25.040000,-0.003355
2025-05-01T14:14:25.050000,-0.013184
2025-05-01T14:14:25.060000,-0.006737
2025-05-01T14:14:25.070000,-0.009380
2025-05-01T14:14:25.080000,-0.000442
2025-05-01T14:14:25.090000,-0.001398
2025-05-01T14:14:25.100000,-0.000028
2025-05-01T14:14:25.110000,0.009531
2025-05-01T14:14:25.120000,-0.015924
2025-05-01T14:14:25.130000,-0.011905
2025-05-01T14:14:25.140000,-0.008532
2025-05-01T14:14:25.150000,-0.007220
2025-05-01T14:14:25.160000,0.013145
2025-05-01T14:14:25.170000,0.000104
2025-05-01T14:14:25.180000,0.000080
2025-05-01T14:14:25.190000,0.004237
2025-05-01T14:14:25.200000,-0.000229
2025-05-01T14:14:25.210000,0.001289
2025-05-01T14:14:25.220000,0.006179
2025-05-01T14:14:25.230000,0.008969
2025-05-01T14:14:25.240000,0.010595
2025-05-01T14:14:25.250000,0.011982
2025-05-01T14:14:25.260000,-0.003400
2025-05-01T14:14:25.270000,-0.006269
2025-05-01T14:14:25.280000,0.006397
2025-05-01T14:14:25.290000,0.014449
2025-05-01T14:14:25.300000,-0.006444
2025-05-01T14:14:25.310000,0.000737
2025-05-01T14:14:25.320000,0.008976
2025-05-01T14:14:25.330000,-0.001709
2025-05-01T14:14:25.340000,-0.006613
2025-05-01T14:14:25.350000,-0.001690
2025-05-01T14:14:25.360000,-0.011701
2025-05-01T14:14:25.370000,0.015498
2025-05-01T14:14:25.380000,-0.003493
2025-05-01T14:14:25.390000,-0.010144
2025-05-01T14:14:25.400000,-0.001475
2025-05-01T14:14:25.410000,-0.008454
2025-05-01T14:14:25.420000,-0.004072
2025-05-01T14:14:25.430000,0.006307
2025-05-01T14:14:25.440000,-0.000121
2025-05-01T14:14:25.450000,0.012092
2025-05-01T14:14:25.460000,0.001633
2025-05-01T14:14:25.470000,0.008761
2025-05-01T14:14:25.480000,0.027729
2025-05-01T14:14:25.490000,0.007984
2025-05-01T14:14:25.500000,0.012355
2025-05-01T14:14:25.510000,-0.009969
2025-05-01T14:14:25.520000,-0.007807
2025-05-01T14:14:25.530000,0.012349
2025-05-01T14:14:25.540000,-0.012181
2025-05-01T14:14:25.550000,-0.002875
2025-05-01T14:14:25.560000,-0.008483
2025-05-01T14:14:25.570000,0.000100
2025-05-01T14:14:25.580000,-0.011837
2025-05-01T14:14:25.590000,0.000540
2025-05-01T14:14:25.600000,0.001673
2025-05-01T14:14:25.610000,-0.019129
2025-05-01T14:14:25.620000,0.023445
2025-05-01T14:14:25.630000,0.017896
2025-05-01T14:14:25.640000,-0.019674
2025-05-01T14:14:25.650000,-0.001044
2025-05-01T14:14:25.660000,-0.008790
2025-05-01T14:14:25.670000,-0.011497
2025-05-01T14:14:25.680000,0.007350
2025-05-01T14:14:25.690000,0.001926
2025-05-01T14:14:25.700000,0.003044
2025-05-01T14:14:25.710000,0.007933
2025-05-01T14:14:25.720000,-0.001734
2025-05-01T14:14:25.730000,-0.012452
2025-05-01T14:14:25.740000,0.014953
2025-05-01T14:14:25.750000,-0.009696
2025-05-01T14:14:25.760000,-0.008520
2025-05-01T14:14:25.770000,0.021384
2025-05-01T14:14:25.780000,0.009856
2025-05-01T14:14:25.790000,-0.000838
2025-05-01T14:14:25.800000,-0.021899
2025-05-01T14:14:25.810000,0.001365
2025-05-01T14:14:25.820000,-0.005801
2025-05-01T14:14:25.830000,0.005516
2025-05-01T14:14:25.840000,-0.012698
2025-05-01T14:14:25.850000,-0.009943
2025-05-01T14:14:25.860000,-0.000377
2025-05-01T14:14:25.870000,-0.008858
2025-05-01T14:14:25.880000,-0.012166
2025-05-01T14:14:25.890000,0.012649
2025-05-01T14:14:25.900000,0.001239
2025-05-01T14:14:25.910000,0.010643
2025-05-01T14:14:25.920000,-0.013200
2025-05-01T14:14:25.930000,0.010356
2025-05-01T14:14:25.940000,-0.001549
2025-05-01T14:14:25.950000,-0.027447
2025-05-01T14:14:25.960000,0.003676
2025-05-01T14:14:25.970000,-0.007354
2025-05-01T14:14:25.980000,0.003353
2025-05-01T14:14:25.990000,-0.010063
2025-05-01T14:14:26,-0.015531
2025-05-01T14:14:26.010000,-0.014124
2025-05-01T14:14:26.020000,-0.001186
2025-05-01T14:14:26.030000,0.008929
2025-05-01T14:14:26.040000,-0.000163
2025-05-01T14:14:26.050000,0.001582
2025-05-01T14:14:26.060000,0.000750
2025-05-01T14:14:26.070000,-0.002869
2025-05-01T14:14:26.080000,0.003326
2025-05-01T14:14:26.090000,0.009746
2025-05-01T14:14:26.100000,-0.011631
2025-05-01T14:14:26.110000,-0.020161
2025-05-01T14:14:26.120000,-0.010509
2025-05-01T14:14:26.130000,0.005098
2025-05-01T14:14:26.140000,0.009059
2025-05-01T14:14:26.150000,-0.000557
2025-05-01T14:14:26.160000,0.013971
2025-05-01T14:14:26.170000,0.006664
2025-05-01T14:14:26.180000,-0.000456
2025-05-01T14:14:26.190000,-0.015784
2025-05-01T14:14:26.200000,-0.011108
2025-05-01T14:14:26.210000,0.011644
2025-05-01T14:14:26.220000,-0.002398
2025-05-01T14:14:26.230000,0.019216
2025-05-01T14:14:26.240000,-0.000151
2025-05-01T14:14:26.250000,-0.003717
2025-05-01T14:14:26.260000,-0.005142
2025-05-01T14:14:26.270000,-0.010506
2025-05-01T14:14:26.280000,0.015991
2025-05-01T14:14:26.290000,-0.008440
2025-05-01T14:14:26.300000,0.000560
2025-05-01T14:14:26.310000,0.008800
2025-05-01T14:14:26.320000,-0.001582
2025-05-01T14:14:26.330000,0.007052
2025-05-01T14:14:26.340000,-0.003750
2025-05-01T14:14:26.350000,0.000508
2025-05-01T14:14:26.360000,0.008128
2025-05-01T14:14:26.370000,0.003081
2025-05-01T14:14:26.380000,-0.011045
2025-05-01T14:14:26.390000,0.010017
2025-05-01T14:14:26.400000,0.002708
2025-05-01T14:14:26.410000,0.004776
2025-05-01T14:14:26.420000,-0.004088
2025-05-01T14:14:26.430000,-0.019131
2025-05-01T14:14:26.440000,-0.004740
2025-05-01T14:14:26.450000,0.007126
2025-05-01T14:14:26.460000,-0.002553
2025-05-01T14:14:26.470000,-0.009282
2025-05-01T14:14:26.480000,0.015492
2025-05-01T14:14:26.490000,0.009239
2025-05-01T14:14:26.500000,0.012021
2025-05-01T14:14:26.510000,0.001927
2025-05-01T14:14:26.520000,-0.007310
2025-05-01T14:14:26.530000,0.007531
2025-05-01T14:14:26.540000,0.015950
2025-05-01T14:14:26.550000,-0.003666
2025-05-01T14:14:26.560000,0.009587
2025-05-01T14:14:26.570000,0.004806
2025-05-01T14:14:26.580000,0.003835
2025-05-01T14:14:26.590000,0.005891
2025-05-01T14:14:26.600000,-0.001083
2025-05-01T14:14:26.610000,-0.009995
2025-05-01T14:14:26.620000,0.012517
2025-05-01T14:14:26.630000,0.008605
2025-05-01T14:14:26.640000,-0.015858
2025-05-01T14:14:26.650000,0.009658
2025-05-01T14:14:26.660000,0.000893
2025-05-01T14:14:26.670000,0.003385
2025-05-01T14:14:26.680000,0.007426
2025-05-01T14:14:26.690000,-0.006681
2025-05-01T14:14:26.700000,0.013177
2025-05-01T14:14:26.710000,-0.001121
2025-05-01T14:14:26.720000,0.005418
2025-05-01T14:14:26.730000,-0.015943
2025-05-01T14:14:26.740000,-0.000097
2025-05-01T14:14:26.750000,-0.002627
2025-05-01T14:14:26.760000,-0.007032
2025-05-01T14:14:26.770000,-0.008876
2025-05-01T14:14:26.780000,-0.003862
2025-05-01T14:14:26.790000,0.004238
2025-05-01T14:14:26.800000,0.008699
2025-05-01T14:14:26.810000,-0.015185
2025-05-01T14:14:26.820000,0.002702
2025-05-01T14:14:26.830000,0.011286
2025-05-01T14:14:26.840000,0.010918
2025-05-01T14:14:26.850000,-0.003667
2025-05-01T14:14:26.860000,0.007125
2025-05-01T14:14:26.870000,0.011098
2025-05-01T14:14:26.880000,0.000400
2025-05-01T14:14:26.890000,-0.008437
2025-05-01T14:14:26.900000,-0.000911
2025-05-01T14:14:26.910000,-0.001307
2025-05-01T14:14:26.920000,0.017701
2025-05-01T14:14:26.930000,0.013347
2025-05-01T14:14:26.940000,-0.006062
2025-05-01T14:14:26.950000,0.023756
2025-05-01T14:14:26.960000,0.006933
2025-05-01T14:14:26.970000,0.003662
2025-05-01T14:14:26.980000,-0.012531
2025-05-01T14:14:26.990000,-0.005361
2025-05-01T14:14:27,0.001215
2025-05-01T14:14:27.010000,0.008182
2025-05-01T14:14:27.020000,-0.012503
2025-05-01T14:14:27.030000,0.000291
2025-05-01T14:14:27.040000,0.002247
2025-05-01T14:14:27.050000,-0.012934
2025-05-01T14:14:27.060000,-0.004825
2025-05-01T14:14:27.070000,-0.003908
2025-05-01T14:14:27.080000,0.000588
2025-05-01T14:14:27.090000,0.006620
2025-05-01T14:14:27.100000,-0.002815
2025-05-01T14:14:27.110000,-0.010581
2025-05-01T14:14:27.120000,-0.012232
2025-05-01T14:14:27.130000,0.005469
2025-05-01T14:14:27.140000,-0.027267
2025-05-01T14:14:27.150000,0.001616
2025-05-01T14:14:27.160000,0.012248
2025-05-01T14:14:27.170000,-0.014297
2025-05-01T14:14:27.180000,0.002621
2025-05-01T14:14:27.190000,-0.022118
2025-05-01T14:14:27.200000,0.005073
2025-05-01T14:14:27.210000,-0.006493
2025-05-01T14:14:27.220000,0.005175
2025-05-01T14:14:27.230000,-0.016411
2025-05-01T14:14:27.240000,-0.006928
2025-05-01T14:14:27.250000,0.005523
2025-05-01T14:14:27.260000,0.006590
2025-05-01T14:14:27.270000,-0.005539
2025-05-01T14:14:27.280000,0.011070
2025-05-01T14:14:27.290000,0.035053
2025-05-01T14:14:27.300000,0.014581
2025-05-01T14:14:27.310000,0.003650
2025-05-01T14:14:27.320000,0.004010
2025-05-01T14:14:27.330000,-0.007684
2025-05-01T14:14:27.340000,0.010869
2025-05-01T14:14:27.350000,0.001028
2025-05-01T14:14:27.360000,0.001738
2025-05-01T14:14:27.370000,-0.004571
2025-05-01T14:14:27.380000,-0.000976
2025-05-01T14:14:27.390000,-0.005316
2025-05-01T14:14:27.400000,-0.016777
2025-05-01T14:14:27.410000,0.001559
2025-05-01T14:14:27.420000,0.008115
2025-05-01T14:14:27.430000,0.014976
2025-05-01T14:14:27.440000,-0.003096
2025-05-01T14:14:27.450000,-0.020859
2025-05-01T14:14:27.460000,0.002694
2025-05-01T14:14:27.470000,0.021823
2025-05-01T14:14:27.480000,-0.009967
2025-05-01T14:14:27.490000,0.011623
2025-05-01T14:14:27.500000,0.006509
2025-05-01T14:14:27.510000,0.009359
2025-05-01T14:14:27.520000,0.002187
2025-05-01T14:14:27.530000,0.008467
2025-05-01T14:14:27.540000,-0.004142
2025-05-01T14:14:27.550000,-0.001010
2025-05-01T14:14:27.560000,-0.009564
2025-05-01T14:14:27.570000,-0.000227
2025-05-01T14:14:27.580000,0.005120
2025-05-01T14:14:27.590000,0.000812
2025-05-01T14:14:27.600000,-0.017022
2025-05-01T14:14:27.610000,0.000951
2025-05-01T14:14:27.620000,0.020772
2025-05-01T14:14:27.630000,-0.002949
2025-05-01T14:14:27.640000,-0.004809
2025-05-01T14:14:27.650000,-0.015525
2025-05-01T14:14:27.660000,-0.006134
2025-05-01T14:14:27.670000,-0.007506
2025-05-01T14:14:27.680000,0.006491
2025-05-01T14:14:27.690000,-0.017271
2025-05-01T14:14:27.700000,0.007714
2025-05-01T14:14:27.710000,-0.010988
2025-05-01T14:14:27.720000,0.001636
2025-05-01T14:14:27.730000,0.010854
2025-05-01T14:14:27.740000,0.001677
2025-05-01T14:14:27.750000,0.030275
2025-05-01T14:14:27.760000,-0.021374
2025-05-01T14:14:27.770000,-0.000529
2025-05-01T14:14:27.780000,0.014928
2025-05-01T14:14:27.790000,-0.008797
2025-05-01T14:14:27.800000,0.017775
2025-05-01T14:14:27.810000,0.025595
2025-05-01T14:14:27.820000,0.003191
2025-05-01T14:14:27.830000,-0.015286
2025-05-01T14:14:27.840000,0.014099
2025-05-01T14:14:27.850000,0.005232
2025-05-01T14:14:27.860000,-0.014075
2025-05-01T14:14:27.870000,-0.002501
2025-05-01T14:14:27.880000,-0.004791
2025-05-01T14:14:27.890000,0.002789
2025-05-01T14:14:27.900000,0.027577
2025-05-01T14:14:27.910000,-0.009476
2025-05-01T14:14:27.920000,0.000536
2025-05-01T14:14:27.930000,0.005042
2025-05-01T14:14:27.940000,-0.012334
2025-05-01T14:14:27.950000,-0.002931
2025-05-01T14:14:27.960000,-0.012291
2025-05-01T14:14:27.970000,0.016371
2025-05-01T14:14:27.980000,0.006652
2025-05-01T14:14:27.990000,-0.003337
2025-05-01T14:14:28,-0.002001
2025-05-01T14:14:28.010000,0.001783
2025-05-01T14:14:28.020000,-0.017153
2025-05-01T14:14:28.030000,0.001364
2025-05-01T14:14:28.040000,0.003493
2025-05-01T14:14:28.050000,-0.003478
2025-05-01T14:14:28.060000,0.000512
2025-05-01T14:14:28.070000,0.004599
2025-05-01T14:14:28.080000,-0.000081
2025-05-01T14:14:28.090000,0.007922
2025-05-01T14:14:28.100000,0.006236
2025-05-01T14:14:28.110000,-0.018215
2025-05-01T14:14:28.120000,0.010370
2025-05-01T14:14:28.130000,0.001417
2025-05-01T14:14:28.140000,-0.009224
2025-05-01T14:14:28.150000,-0.001548
2025-05-01T14:14:28.160000,-0.002081
2025-05-01T14:14:28.170000,-0.009189
2025-05-01T14:14:28.180000,0.002363
2025-05-01T14:14:28.190000,-0.011906
2025-05-01T14:14:28.200000,-0.008860
2025-05-01T14:14:28.210000,0.007281
2025-05-01T14:14:28.220000,-0.008966
2025-05-01T14:14:28.230000,0.002671
2025-05-01T14:14:28.240000,-0.012281
2025-05-01T14:14:28.250000,-0.007874
2025-05-01T14:14:28.260000,0.008318
2025-05-01T14:14:28.270000,-0.007058
2025-05-01T14:14:28.280000,0.002666
2025-05-01T14:14:28.290000,0.001535
2025-05-01T14:14:28.300000,-0.027861
2025-05-01T14:14:28.310000,0.008538
2025-05-01T14:14:28.320000,-0.000528
2025-05-01T14:14:28.330000,-0.000164
2025-05-01T14:14:28.340000,0.024080
2025-05-01T14:14:28.350000,-0.002983
2025-05-01T14:14:28.360000,0.008607
2025-05-01T14:14:28.370000,-0.002030
2025-05-01T14:14:28.380000,0.012382
2025-05-01T14:14:28.390000,0.016681
2025-05-01T14:14:28.400000,-0.009406
2025-05-01T14:14:28.410000,-0.009209
2025-05-01T14:14:28.420000,-0.002441
2025-05-01T14:14:28.430000,-0.007530
2025-05-01T14:14:28.440000,0.000780
2025-05-01T14:14:28.450000,-0.010117
2025-05-01T14:14:28.460000,-0.012252
2025-05-01T14:14:28.470000,0.010009
2025-05-01T14:14:28.480000,0.012910
2025-05-01T14:14:28.490000,0.000583
2025-05-01T14:14:28.500000,-0.000892
2025-05-01T14:14:28.510000,0.000554
2025-05-01T14:14:28.520000,0.003254
2025-05-01T14:14:28.530000,-0.015221
2025-05-01T14:14:28.540000,-0.007050
2025-05-01T14:14:28.550000,-0.004261
2025-05-01T14:14:28.560000,-0.012540
2025-05-01T14:14:28.570000,0.001659
2025-05-01T14:14:28.580000,0.006805
2025-05-01T14:14:28.590000,-0.007575
2025-05-01T14:14:28.600000,-0.003661
2025-05-01T14:14:28.610000,-0.012576
2025-05-01T14:14:28.620000,-0.022302
2025-05-01T14:14:28.630000,-0.024018
2025-05-01T14:14:28.640000,0.006732
2025-05-01T14:14:28.650000,-0.016149
2025-05-01T14:14:28.660000,-0.004082
2025-05-01T14:14:28.670000,0.014534
2025-05-01T14:14:28.680000,0.006826
2025-05-01T14:14:28.690000,-0.024525
2025-05-01T14:14:28.700000,-0.001745
2025-05-01T14:14:28.710000,-0.002582
2025-05-01T14:14:28.720000,-0.008156
2025-05-01T14:14:28.730000,-0.020663
2025-05-01T14:14:28.740000,-0.014000
2025-05-01T14:14:28.750000,-0.001845
2025-05-01T14:14:28.760000,-0.012419
2025-05-01T14:14:28.770000,-0.016433
2025-05-01T14:14:28.780000,0.001578
2025-05-01T14:14:28.790000,0.001510
2025-05-01T14:14:28.800000,0.002199
2025-05-01T14:14:28.810000,0.019158
2025-05-01T14:14:28.820000,-0.005177
2025-05-01T14:14:28.830000,-0.008833
2025-05-01T14:14:28.840000,-0.017209
2025-05-01T14:14:28.850000,0.004864
2025-05-01T14:14:28.860000,0.013708
2025-05-01T14:14:28.870000,0.003142
2025-05-01T14:14:28.880000,0.003337
2025-05-01T14:14:28.890000,0.006509
2025-05-01T14:14:28.900000,0.004128
2025-05-01T14:14:28.910000,0.012377
2025-05-01T14:14:28.920000,-0.004322
2025-05-01T14:14:28.930000,0.020093
2025-05-01T14:14:28.940000,0.010554
2025-05-01T14:14:28.950000,0.020521
2025-05-01T14:14:28.960000,-0.002508
2025-05-01T14:14:28.970000,-0.012027
2025-05-01T14:14:28.980000,-0.014342
2025-05-01T14:14:28.990000,0.018373
2025-05-01T14:14:29,0.000041
2025-05-01T14:14:29.010000,-0.000590
2025-05-01T14:14:29.020000,-0.004073
2025-05-01T14:14:29.030000,-0.014243
2025-05-01T14:14:29.040000,0.011468
2025-05-01T14:14:29.050000,0.010680
2025-05-01T14:14:29.060000,-0.001421
2025-05-01T14:14:29.070000,-0.000879
2025-05-01T14:14:29.080000,-0.016462
2025-05-01T14:14:29.090000,0.004551
2025-05-01T14:14:29.100000,0.012384
2025-05-01T14:14:29.110000,-0.010512
2025-05-01T14:14:29.120000,-0.000830
2025-05-01T14:14:29.130000,0.003694
2025-05-01T14:14:29.140000,0.000506
2025-05-01T14:14:29.150000,-0.012833
2025-05-01T14:14:29.160000,-0.004458
2025-05-01T14:14:29.170000,0.005603
2025-05-01T14:14:29.180000,-0.023045
2025-05-01T14:14:29.190000,-0.003522
2025-05-01T14:14:29.200000,-0.003862
2025-05-01T14:14:29.210000,0.001986
2025-05-01T14:14:29.220000,-0.015759
2025-05-01T14:14:29.230000,-0.011205
2025-05-01T14:14:29.240000,-0.002469
2025-05-01T14:14:29.250000,0.000442
2025-05-01T14:14:29.260000,0.012408
2025-05-01T14:14:29.270000,-0.016055
2025-05-01T14:14:29.280000,-0.016243
2025-05-01T14:14:29.290000,0.000972
2025-05-01T14:14:29.300000,0.002804
2025-05-01T14:14:29.310000,-0.010170
2025-05-01T14:14:29.320000,-0.012571
2025-05-01T14:14:29.330000,0.007272
2025-05-01T14:14:29.340000,-0.011097
2025-05-01T14:14:29.350000,0.002313
2025-05-01T14:14:29.360000,0.011042
2025-05-01T14:14:29.370000,-0.000246
2025-05-01T14:14:29.380000,-0.006456
2025-05-01T14:14:29.390000,0.001339
2025-05-01T14:14:29.400000,-0.028351
2025-05-01T14:14:29.410000,0.017357
2025-05-01T14:14:29.420000,0.005907
2025-05-01T14:14:29.430000,0.004752
2025-05-01T14:14:29.440000,-0.003647
2025-05-01T14:14:29.450000,-0.001375
2025-05-01T14:14:29.460000,-0.004845
2025-05-01T14:14:29.470000,0.013918
2025-05-01T14:14:29.480000,-0.005793
2025-05-01T14:14:29.490000,-0.007372
2025-05-01T14:14:29.500000,0.008875
2025-05-01T14:14:29.510000,-0.002456
2025-05-01T14:14:29.520000,-0.010315
2025-05-01T14:14:29.530000,0.005593
2025-05-01T14:14:29.540000,0.008611
2025-05-01T14:14:29.550000,-0.008662
2025-05-01T14:14:29.560000,0.005299
2025-05-01T14:14:29.570000,-0.011277
2025-05-01T14:14:29.580000,-0.000333
2025-05-01T14:14:29.590000,0.027541
2025-05-01T14:14:29.600000,-0.004320
2025-05-01T14:14:29.610000,0.017343
2025-05-01T14:14:29.620000,-0.007369
2025-05-01T14:14:29.630000,0.011056
2025-05-01T14:14:29.640000,-0.008508
2025-05-01T14:14:29.650000,-0.007012
2025-05-01T14:14:29.660000,-0.030507
2025-05-01T14:14:29.670000,-0.001030
2025-05-01T14:14:29.680000,-0.005313
2025-05-01T14:14:29.690000,0.005397
2025-05-01T14:14:29.700000,0.024543
2025-05-01T14:14:29.710000,0.024219
2025-05-01T14:14:29.720000,-0.001450
2025-05-01T14:14:29.730000,-0.005078
2025-05-01T14:14:29.740000,-0.005911
2025-05-01T14:14:29.750000,0.008045
2025-05-01T14:14:29.760000,-0.008667
2025-05-01T14:14:29.770000,0.000301
2025-05-01T14:14:29.780000,-0.010435
2025-05-01T14:14:29.790000,-0.011139
2025-05-01T14:14:29.800000,0.002478
2025-05-01T14:14:29.810000,-0.000771
2025-05-01T14:14:29.820000,-0.000358
2025-05-01T14:14:29.830000,0.004580
2025-05-01T14:14:29.840000,0.004434
2025-05-01T14:14:29.850000,-0.009604
2025-05-01T14:14:29.860000,-0.001110
2025-05-01T14:14:29.870000,-0.002578
2025-05-01T14:14:29.880000,-0.004611
2025-05-01T14:14:29.890000,0.000342
2025-05-01T14:14:29.900000,-0.004690
2025-05-01T14:14:29.910000,0.025303
2025-05-01T14:14:29.920000,0.010740
2025-05-01T14:14:29.930000,0.013460
2025-05-01T14:14:29.940000,0.010540
2025-05-01T14:14:29.950000,0.003985
2025-05-01T14:14:29.960000,-0.012008
2025-05-01T14:14:29.970000,-0.001761
2025-05-01T14:14:29.980000,-0.005742
2025-05-01T14:14:29.990000,-0.023347
2025-05-01T14:14:30,-0.024419
2025-05-01T14:14:30.010000,0.022958
2025-05-01T14:14:30.020000,0.007193
2025-05-01T14:14:30.030000,0.006502
2025-05-01T14:14:30.040000,0.011949
2025-05-01T14:14:30.050000,-0.005955
2025-05-01T14:14:30.060000,-0.009019
2025-05-01T14:14:30.070000,-0.006935
2025-05-01T14:14:30.080000,-0.005042
2025-05-01T14:14:30.090000,0.001894
2025-05-01T14:14:30.100000,0.012727
2025-05-01T14:14:30.110000,0.000458
2025-05-01T14:14:30.120000,-0.011264
2025-05-01T14:14:30.130000,-0.008300
2025-05-01T14:14:30.140000,0.006728
2025-05-01T14:14:30.150000,-0.008873
2025-05-01T14:14:30.160000,-0.004457
2025-05-01T14:14:30.170000,-0.000317
2025-05-01T14:14:30.180000,-0.002228
2025-05-01T14:14:30.190000,-0.000310
2025-05-01T14:14:30.200000,-0.013346
2025-05-01T14:14:30.210000,-0.001245
2025-05-01T14:14:30.220000,0.018706
2025-05-01T14:14:30.230000,0.024013
2025-05-01T14:14:30.240000,-0.011075
2025-05-01T14:14:30.250000,-0.004295
2025-05-01T14:14:30.260000,-0.012269
2025-05-01T14:14:30.270000,-0.000347
2025-05-01T14:14:30.280000,0.006166
2025-05-01T14:14:30.290000,-0.003765
2025-05-01T14:14:30.300000,0.012990
2025-05-01T14:14:30.310000,-0.010114
2025-05-01T14:14:30.320000,-0.009817
2025-05-01T14:14:30.330000,0.008503
2025-05-01T14:14:30.340000,-0.007477
2025-05-01T14:14:30.350000,-0.002809
2025-05-01T14:14:30.360000,-0.010257
2025-05-01T14:14:30.370000,0.003899
2025-05-01T14:14:30.380000,-0.013100
2025-05-01T14:14:30.390000,-0.022810
2025-05-01T14:14:30.400000,0.010573
2025-05-01T14:14:30.410000,-0.023293
2025-05-01T14:14:30.420000,0.012615
2025-05-01T14:14:30.430000,0.007495
2025-05-01T14:14:30.440000,-0.011709
2025-05-01T14:14:30.450000,-0.006859
2025-05-01T14:14:30.460000,-0.007335
2025-05-01T14:14:30.470000,-0.000421
2025-05-01T14:14:30.480000,0.005535
2025-05-01T14:14:30.490000,-0.003971
2025-05-01T14:14:30.500000,-0.005973
2025-05-01T14:14:30.510000,-0.013656
2025-05-01T14:14:30.520000,0.001564
2025-05-01T14:14:30.530000,0.018245
2025-05-01T14:14:30.540000,-0.010503
2025-05-01T14:14:30.550000,-0.004864
2025-05-01T14:14:30.560000,0.001828
2025-05-01T14:14:30.570000,0.004914
2025-05-01T14:14:30.580000,-0.000134
2025-05-01T14:14:30.590000,0.026421
2025-05-01T14:14:30.600000,-0.008882
2025-05-01T14:14:30.610000,-0.010689
2025-05-01T14:14:30.620000,0.015708
2025-05-01T14:14:30.630000,0.001637
2025-05-01T14:14:30.640000,-0.023851
2025-05-01T14:14:30.650000,0.002444
2025-05-01T14:14:30.660000,-0.005905
2025-05-01T14:14:30.670000,-0.006675
2025-05-01T14:14:30.680000,-0.011155
2025-05-01T14:14:30.690000,0.007745
2025-05-01T14:14:30.700000,0.013195
2025-05-01T14:14:30.710000,-0.012559
2025-05-01T14:14:30.720000,0.003522
2025-05-01T14:14:30.730000,-0.010828
2025-05-01T14:14:30.740000,-0.010739
2025-05-01T14:14:30.750000,0.005560
2025-05-01T14:14:30.760000,0.015148
2025-05-01T14:14:30.770000,0.016271
2025-05-01T14:14:30.780000,-0.008123
2025-05-01T14:14:30.790000,0.002980
2025-05-01T14:14:30.800000,-0.006905
2025-05-01T14:14:30.810000,-0.000902
2025-05-01T14:14:30.820000,0.004138
2025-05-01T14:14:30.830000,0.001004
2025-05-01T14:14:30.840000,-0.000605
2025-05-01T14:14:30.850000,0.008113
2025-05-01T14:14:30.860000,-0.004767
2025-05-01T14:14:30.870000,0.010349
2025-05-01T14:14:30.880000,-0.002350
2025-05-01T14:14:30.890000,-0.009987
2025-05-01T14:14:30.900000,0.002612
2025-05-01T14:14:30.910000,-0.015832
2025-05-01T14:14:30.920000,-0.007074
2025-05-01T14:14:30.930000,-0.004739
2025-05-01T14:14:30.940000,0.012159
2025-05-01T14:14:30.950000,0.010485
2025-05-01T14:14:30.960000,0.002446
2025-05-01T14:14:30.970000,-0.025426
2025-05-01T14:14:30.980000,0.007983
2025-05-01T14:14:30.990000,0.005798
2025-05-01T14:14:31,-0.004582
2025-05-01T14:14:31.010000,0.003831
2025-05-01T14:14:31.020000,0.002145
2025-05-01T14:14:31.030000,-0.009902
2025-05-01T14:14:31.040000,0.009536
2025-05-01T14:14:31.050000,0.023725
2025-05-01T14:14:31.060000,-0.000776
2025-05-01T14:14:31.070000,0.004527
2025-05-01T14:14:31.080000,-0.004218
2025-05-01T14:14:31.090000,0.016473
2025-05-01T14:14:31.100000,0.003288
2025-05-01T14:14:31.110000,0.006452
2025-05-01T14:14:31.120000,0.009595
2025-05-01T14:14:31.130000,0.003057
2025-05-01T14:14:31.140000,0.007290
2025-05-01T14:14:31.150000,0.000111
2025-05-01T14:14:31.160000,-0.005728
2025-05-01T14:14:31.170000,-0.023040
2025-05-01T14:14:31.180000,0.007475
2025-05-01T14:14:31.190000,0.023984
2025-05-01T14:14:31.200000,0.006326
2025-05-01T14:14:31.210000,-0.005407
2025-05-01T14:14:31.220000,0.003442
2025-05-01T14:14:31.230000,-0.002416
2025-05-01T14:14:31.240000,0.002142
2025-05-01T14:14:31.250000,0.009635
2025-05-01T14:14:31.260000,0.003563
2025-05-01T14:14:31.270000,0.005219
2025-05-01T14:14:31.280000,0.008547
2025-05-01T14:14:31.290000,-0.009928
2025-05-01T14:14:31.300000,-0.013940
2025-05-01T14:14:31.310000,0.004384
2025-05-01T14:14:31.320000,0.003369
2025-05-01T14:14:31.330000,0.007610
2025-05-01T14:14:31.340000,0.010125
2025-05-01T14:14:31.350000,-0.012824
2025-05-01T14:14:31.360000,-0.004045
2025-05-01T14:14:31.370000,0.004017
2025-05-01T14:14:31.380000,0.003127
2025-05-01T14:14:31.390000,-0.000637
2025-05-01T14:14:31.400000,-0.005025
2025-05-01T14:14:31.410000,0.007879
2025-05-01T14:14:31.420000,0.006390
2025-05-01T14:14:31.430000,0.001370
2025-05-01T14:14:31.440000,-0.010762
2025-05-01T14:14:31.450000,-0.009311
2025-05-01T14:14:31.460000,0.000368
2025-05-01T14:14:31.470000,-0.006695
2025-05-01T14:14:31.480000,0.010651
2025-05-01T14:14:31.490000,-0.001372
2025-05-01T14:14:31.500000,0.013894
2025-05-01T14:14:31.510000,-0.003043
2025-05-01T14:14:31.520000,0.014958
2025-05-01T14:14:31.530000,0.008075
2025-05-01T14:14:31.540000,0.004070
2025-05-01T14:14:31.550000,0.002426
2025-05-01T14:14:31.560000,-0.024926
2025-05-01T14:14:31.570000,-0.004902
2025-05-01T14:14:31.580000,-0.029492
2025-05-01T14:14:31.590000,-0.021748
2025-05-01T14:14:31.600000,-0.013990
2025-05-01T14:14:31.610000,-0.007538
2025-05-01T14:14:31.620000,-0.008238
2025-05-01T14:14:31.630000,0.020251
2025-05-01T14:14:31.640000,-0.000168
2025-05-01T14:14:31.650000,-0.000771
2025-05-01T14:14:31.660000,-0.000825
2025-05-01T14:14:31.670000,0.000493
2025-05-01T14:14:31.680000,-0.013763
2025-05-01T14:14:31.690000,-0.025846
2025-05-01T14:14:31.700000,0.006841
2025-05-01T14:14:31.710000,-0.010719
2025-05-01T14:14:31.720000,-0.006975
2025-05-01T14:14:31.730000,0.019704
2025-05-01T14:14:31.740000,-0.004634
2025-05-01T14:14:31.750000,0.000993
2025-05-01T14:14:31.760000,0.001968
2025-05-01T14:14:31.770000,-0.012841
2025-05-01T14:14:31.780000,0.013707
2025-05-01T14:14:31.790000,-0.009728
2025-05-01T14:14:31.800000,-0.010359
2025-05-01T14:14:31.810000,0.000708
2025-05-01T14:14:31.820000,-0.011086
2025-05-01T14:14:31.830000,-0.003545
2025-05-01T14:14:31.840000,-0.003250
2025-05-01T14:14:31.850000,-0.008442
2025-05-01T14:14:31.860000,-0.005761
2025-05-01T14:14:31.870000,0.003831
2025-05-01T14:14:31.880000,-0.010800
2025-05-01T14:14:31.890000,-0.016439
2025-05-01T14:14:31.900000,-0.002768
2025-05-01T14:14:31.910000,0.011141
2025-05-01T14:14:31.920000,0.001878
2025-05-01T14:14:31.930000,-0.006368
2025-05-01T14:14:31.940000,-0.001199
2025-05-01T14:14:31.950000,-0.004877
2025-05-01T14:14:31.960000,0.000378
2025-05-01T14:14:31.970000,-0.005689
2025-05-01T14:14:31.980000,0.016530
2025-05-01T14:14:31.990000,-0.004295
2025-05-01T14:14:32,0.006873
2025-05-01T14:14:32.010000,0.007793
2025-05-01T14:14:32.020000,0.003802
2025-05-01T14:14:32.030000,-0.001962
2025-05-01T14:14:32.040000,0.012211
2025-05-01T14:14:32.050000,0.000780
2025-05-01T14:14:32.060000,0.009607
2025-05-01T14:14:32.070000,-0.009835
2025-05-01T14:14:32.080000,-0.005680
2025-05-01T14:14:32.090000,-0.005103
2025-05-01T14:14:32.100000,-0.000573
2025-05-01T14:14:32.110000,0.001405
2025-05-01T14:14:32.120000,0.010233
2025-05-01T14:14:32.130000,0.002290
2025-05-01T14:14:32.140000,-0.001630
2025-05-01T14:14:32.150000,-0.013731
2025-05-01T14:14:32.160000,-0.001460
2025-05-01T14:14:32.170000,0.009326
2025-05-01T14:14:32.180000,0.005631
2025-05-01T14:14:32.190000,-0.001855
2025-05-01T14:14:32.200000,-0.016429
2025-05-01T14:14:32.210000,0.013191
2025-05-01T14:14:32.220000,0.008495
2025-05-01T14:14:32.230000,0.010764
2025-05-01T14:14:32.240000,0.001839
2025-05-01T14:14:32.250000,-0.002836
2025-05-01T14:14:32.260000,-0.002100
2025-05-01T14:14:32.270000,0.001861
2025-05-01T14:14:32.280000,-0.004288
2025-05-01T14:14:32.290000,-0.005289
2025-05-01T14:14:32.300000,-0.000130
2025-05-01T14:14:32.310000,-0.002006
2025-05-01T14:14:32.320000,0.009371
2025-05-01T14:14:32.330000,0.001019
2025-05-01T14:14:32.340000,0.007548
2025-05-01T14:14:32.350000,-0.013942
2025-05-01T14:14:32.360000,0.003666
2025-05-01T14:14:32.370000,-0.008403
2025-05-01T14:14:32.380000,0.014750
2025-05-01T14:14:32.390000,-0.007572
2025-05-01T14:14:32.400000,-0.023610
2025-05-01T14:14:32.410000,0.012899
2025-05-01T14:14:32.420000,-0.001824
2025-05-01T14:14:32.430000,-0.001349
2025-05-01T14:14:32.440000,-0.011500
2025-05-01T14:14:32.450000,0.012238
2025-05-01T14:14:32.460000,0.012597
2025-05-01T14:14:32.470000,0.014547
2025-05-01T14:14:32.480000,-0.008701
2025-05-01T14:14:32.490000,-0.001459
2025-05-01T14:14:32.500000,0.008231
2025-05-01T14:14:32.510000,0.001603
2025-05-01T14:14:32.520000,0.003128
2025-05-01T14:14:32.530000,0.009957
2025-05-01T14:14:32.540000,0.014122
2025-05-01T14:14:32.550000,-0.010619
2025-05-01T14:14:32.560000,0.003925
2025-05-01T14:14:32.570000,0.002473
2025-05-01T14:14:32.580000,-0.005840
2025-05-01T14:14:32.590000,0.010631
2025-05-01T14:14:32.600000,0.004224
2025-05-01T14:14:32.610000,-0.004884
2025-05-01T14:14:32.620000,-0.011178
2025-05-01T14:14:32.630000,0.008096
2025-05-01T14:14:32.640000,0.004572
2025-05-01T14:14:32.650000,-0.002563
2025-05-01T14:14:32.660000,-0.008487
2025-05-01T14:14:32.670000,0.004361
2025-05-01T14:14:32.680000,-0.010316
2025-05-01T14:14:32.690000,-0.010866
2025-05-01T14:14:32.700000,-0.008539
2025-05-01T14:14:32.710000,-0.011669
2025-05-01T14:14:32.720000,-0.015188
2025-05-01T14:14:32.730000,0.007509
2025-05-01T14:14:32.740000,-0.001752
2025-05-01T14:14:32.750000,-0.016107
2025-05-01T14:14:32.760000,-0.014612
2025-05-01T14:14:32.770000,-0.013593
2025-05-01T14:14:32.780000,0.011742
2025-05-01T14:14:32.790000,-0.000631
2025-05-01T14:14:32.800000,0.007256
2025-05-01T14:14:32.810000,0.003588
2025-05-01T14:14:32.820000,0.000793
2025-05-01T14:14:32.830000,-0.005636
2025-05-01T14:14:32.840000,-0.003736
2025-05-01T14:14:32.850000,-0.004280
2025-05-01T14:14:32.860000,0.009994
2025-05-01T14:14:32.870000,0.000841
2025-05-01T14:14:32.880000,0.011207
2025-05-01T14:14:32.890000,-0.021344
2025-05-01T14:14:32.900000,-0.008852
2025-05-01T14:14:32.910000,0.002626
2025-05-01T14:14:32.920000,0.000462
2025-05-01T14:14:32.930000,0.004081
2025-05-01T14:14:32.940000,-0.003131
2025-05-01T14:14:32.950000,0.008444
2025-05-01T14:14:32.960000,-0.001592
2025-05-01T14:14:32.970000,-0.004793
2025-05-01T14:14:32.980000,0.002135
2025-05-01T14:14:32.990000,0.023042
2025-05-01T14:14:33,-0.003899
2025-05-01T14:14:33.010000,-0.002858
2025-05-01T14:14:33.020000,0.000128
2025-05-01T14:14:33.030000,0.001279
2025-05-01T14:14:33.040000,-0.004422
2025-05-01T14:14:33.050000,0.006819
2025-05-01T14:14:33.060000,-0.007229
2025-05-01T14:14:33.070000,-0.019141
2025-05-01T14:14:33.080000,-0.005296
2025-05-01T14:14:33.090000,-0.004930
2025-05-01T14:14:33.100000,-0.014466
2025-05-01T14:14:33.110000,0.014535
2025-05-01T14:14:33.120000,-0.022814
2025-05-01T14:14:33.130000,-0.004841
2025-05-01T14:14:33.140000,0.010176
2025-05-01T14:14:33.150000,-0.006590
2025-05-01T14:14:33.160000,0.005606
2025-05-01T14:14:33.170000,0.016514
2025-05-01T14:14:33.180000,-0.009712
2025-05-01T14:14:33.190000,-0.002799
2025-05-01T14:14:33.200000,-0.004366
2025-05-01T14:14:33.210000,0.006750
2025-05-01T14:14:33.220000,-0.006808
2025-05-01T14:14:33.230000,0.010816
2025-05-01T14:14:33.240000,0.000712
2025-05-01T14:14:33.250000,-0.012199
2025-05-01T14:14:33.260000,0.004412
2025-05-01T14:14:33.270000,0.005493
2025-05-01T14:14:33.280000,-0.005891
2025-05-01T14:14:33.290000,-0.003031
2025-05-01T14:14:33.300000,-0.006161
2025-05-01T14:14:33.310000,-0.004829
2025-05-01T14:14:33.320000,-0.002198
2025-05-01T14:14:33.330000,0.025024
2025-05-01T14:14:33.340000,-0.020069
2025-05-01T14:14:33.350000,-0.001236
2025-05-01T14:14:33.360000,0.002079
2025-05-01T14:14:33.370000,-0.003997
2025-05-01T14:14:33.380000,-0.003378
2025-05-01T14:14:33.390000,0.000952
2025-05-01T14:14:33.400000,0.016175
2025-05-01T14:14:33.410000,-0.004948
2025-05-01T14:14:33.420000,0.010935
2025-05-01T14:14:33.430000,-0.015070
2025-05-01T14:14:33.440000,0.001475
2025-05-01T14:14:33.450000,-0.007731
2025-05-01T14:14:33.460000,0.006960
2025-05-01T14:14:33.470000,0.012661
2025-05-01T14:14:33.480000,0.000406
2025-05-01T14:14:33.490000,0.009050
2025-05-01T14:14:33.500000,-0.002206
2025-05-01T14:14:33.510000,-0.004461
2025-05-01T14:14:33.520000,-0.006249
2025-05-01T14:14:33.530000,0.006551
2025-05-01T14:14:33.540000,0.004769
2025-05-01T14:14:33.550000,-0.009958
2025-05-01T14:14:33.560000,0.009136
2025-05-01T14:14:33.570000,0.009577
2025-05-01T14:14:33.580000,-0.000344
2025-05-01T14:14:33.590000,-0.009813
2025-05-01T14:14:33.600000,-0.000356
2025-05-01T14:14:33.610000,-0.002433
2025-05-01T14:14:33.620000,-0.006630
2025-05-01T14:14:33.630000,0.006673
2025-05-01T14:14:33.640000,0.003168
2025-05-01T14:14:33.650000,0.006347
2025-05-01T14:14:33.660000,-0.011526
2025-05-01T14:14:33.670000,-0.004863
2025-05-01T14:14:33.680000,0.006928
2025-05-01T14:14:33.690000,-0.005962
2025-05-01T14:14:33.700000,-0.006776
2025-05-01T14:14:33.710000,-0.011553
2025-05-01T14:14:33.720000,-0.005179
2025-05-01T14:14:33.730000,0.008694
2025-05-01T14:14:33.740000,-0.003850
2025-05-01T14:14:33.750000,0.006700
2025-05-01T14:14:33.760000,-0.014264
2025-05-01T14:14:33.770000,0.004356
2025-05-01T14:14:33.780000,-0.015275
2025-05-01T14:14:33.790000,0.004265
2025-05-01T14:14:33.800000,-0.006588
2025-05-01T14:14:33.810000,0.001678
2025-05-01T14:14:33.820000,-0.015199
2025-05-01T14:14:33.830000,-0.004780
2025-05-01T14:14:33.840000,-0.004124
2025-05-01T14:14:33.850000,0.000175
2025-05-01T14:14:33.860000,0.029497
2025-05-01T14:14:33.870000,-0.011789
2025-05-01T14:14:33.880000,-0.009223
2025-05-01T14:14:33.890000,-0.004019
2025-05-01T14:14:33.900000,-0.024705
2025-05-01T14:14:33.910000,0.006735
2025-05-01T14:14:33.920000,0.015276
2025-05-01T14:14:33.930000,-0.001417
2025-05-01T14:14:33.940000,0.008884
2025-05-01T14:14:33.950000,-0.014194
2025-05-01T14:14:33.960000,-0.003845
2025-05-01T14:14:33.970000,0.017524
2025-05-01T14:14:33.980000,-0.008876
2025-05-01T14:14:33.990000,0.019949
2025-05-01T14:14:34,0.006659
2025-05-01T14:14:34.010000,0.004717
2025-05-01T14:14:34.020000,0.012813
2025-05-01T14:14:34.030000,-0.010654
2025-05-01T14:14:34.040000,0.011677
2025-05-01T14:14:34.050000,0.005974
2025-05-01T14:14:34.060000,0.013386
2025-05-01T14:14:34.070000,-0.013618
2025-05-01T14:14:34.080000,0.012095
2025-05-01T14:14:34.090000,-0.008735
2025-05-01T14:14:34.100000,-0.006515
2025-05-01T14:14:34.110000,-0.014357
2025-05-01T14:14:34.120000,-0.005342
2025-05-01T14:14:34.130000,-0.001402
2025-05-01T14:14:34.140000,-0.000853
2025-05-01T14:14:34.150000,0.003820
2025-05-01T14:14:34.160000,-0.010732
2025-05-01T14:14:34.170000,0.007457
2025-05-01T14:14:34.180000,0.013984
2025-05-01T14:14:34.190000,0.004570
2025-05-01T14:14:34.200000,0.001538
2025-05-01T14:14:34.210000,-0.013793
2025-05-01T14:14:34.220000,-0.025392
2025-05-01T14:14:34.230000,0.009394
2025-05-01T14:14:34.240000,-0.011551
2025-05-01T14:14:34.250000,-0.017175
2025-05-01T14:14:34.260000,0.009744
2025-05-01T14:14:34.270000,0.009120
2025-05-01T14:14:34.280000,0.001742
2025-05-01T14:14:34.290000,0.011303
2025-05-01T14:14:34.300000,0.015277
2025-05-01T14:14:34.310000,0.008218
2025-05-01T14:14:34.320000,0.007531
2025-05-01T14:14:34.330000,0.000135
2025-05-01T14:14:34.340000,-0.001991
2025-05-01T14:14:34.350000,0.029522
2025-05-01T14:14:34.360000,-0.007160
2025-05-01T14:14:34.370000,-0.000814
2025-05-01T14:14:34.380000,-0.001682
2025-05-01T14:14:34.390000,-0.003848
2025-05-01T14:14:34.400000,0.022157
2025-05-01T14:14:34.410000,0.010827
2025-05-01T14:14:34.420000,0.017278
2025-05-01T14:14:34.430000,0.022428
2025-05-01T14:14:34.440000,-0.006963
2025-05-01T14:14:34.450000,0.002446
2025-05-01T14:14:34.460000,0.014258
2025-05-01T14:14:34.470000,-0.001694
2025-05-01T14:14:34.480000,0.002123
2025-05-01T14:14:34.490000,0.011744
2025-05-01T14:14:34.500000,-0.023247
2025-05-01T14:14:34.510000,-0.015425
2025-05-01T14:14:34.520000,-0.001877
2025-05-01T14:14:34.530000,-0.007116
2025-05-01T14:14:34.540000,-0.001657
2025-05-01T14:14:34.550000,-0.030605
2025-05-01T14:14:34.560000,0.007177
2025-05-01T14:14:34.570000,-0.009441
2025-05-01T14:14:34.580000,0.000734
2025-05-01T14:14:34.590000,-0.001886
2025-05-01T14:14:34.600000,0.010710
2025-05-01T14:14:34.610000,0.002080
2025-05-01T14:14:34.620000,0.021677
2025-05-01T14:14:34.630000,0.002277
2025-05-01T14:14:34.640000,0.005839
2025-05-01T14:14:34.650000,0.000123
2025-05-01T14:14:34.660000,-0.001809
2025-05-01T14:14:34.670000,-0.020854
2025-05-01T14:14:34.680000,0.015675
2025-05-01T14:14:34.690000,-0.008992
2025-05-01T14:14:34.700000,0.007163
2025-05-01T14:14:34.710000,-0.013702
2025-05-01T14:14:34.720000,0.013355
2025-05-01T14:14:34.730000,0.006738
2025-05-01T14:14:34.740000,0.000668
2025-05-01T14:14:34.750000,0.005017
2025-05-01T14:14:34.760000,-0.005400
2025-05-01T14:14:34.770000,0.007428
2025-05-01T14:14:34.780000,-0.014317
2025-05-01T14:14:34.790000,0.003380
2025-05-01T14:14:34.800000,-0.001155
2025-05-01T14:14:34.810000,0.000900
2025-05-01T14:14:34.820000,0.007467
2025-05-01T14:14:34.830000,-0.003839
2025-05-01T14:14:34.840000,0.019213
2025-05-01T14:14:34.850000,0.022359
2025-05-01T14:14:34.860000,0.024116
2025-05-01T14:14:34.870000,0.011901
2025-05-01T14:14:34.880000,0.031361
2025-05-01T14:14:34.890000,0.002492
2025-05-01T14:14:34.900000,-0.009477
2025-05-01T14:14:34.910000,-0.022781
2025-05-01T14:14:34.920000,-0.035742
2025-05-01T14:14:34.930000,-0.041603
2025-05-01T14:14:34.940000,-0.039430
2025-05-01T14:14:34.950000,-0.050607
2025-05-01T14:14:34.960000,-0.038315
2025-05-01T14:14:34.970000,-0.035518
2025-05-01T14:14:34.980000,-0.018101
2025-05-01T14:14:34.990000,-0.002587
2025-05-01T14:14:35,0.024568
2025-05-01T14:14:35.010000,0.025002
2025-05-01T14:14:35.020000,0.058388
2025-05-01T14:14:35.030000,0.078185
2025-05-01T14:14:35.040000,0.086468
2025-05-01T14:14:35.050000,0.095534
2025-05-01T14:14:35.060000,0.089112
2025-05-01T14:14:35.070000,0.081091
2025-05-01T14:14:35.080000,0.040649
2025-05-01T14:14:35.090000,-0.003012
2025-05-01T14:14:35.100000,-0.070590
2025-05-01T14:14:35.110000,-0.111285
2025-05-01T14:14:35.120000,-0.170849
2025-05-01T14:14:35.130000,-0.213609
2025-05-01T14:14:35.140000,-0.256180
2025-05-01T14:14:35.150000,-0.234709
2025-05-01T14:14:35.160000,-0.233285
2025-05-01T14:14:35.170000,-0.184589
2025-05-01T14:14:35.180000,-0.114848
2025-05-01T14:14:35.190000,0.005358
2025-05-01T14:14:35.200000,0.107025
2025-05-01T14:14:35.210000,0.196103
2025-05-01T14:14:35.220000,0.241888
2025-05-01T14:14:35.230000,0.266508
2025-05-01T14:14:35.240000,0.252002
2025-05-01T14:14:35.250000,0.211026
2025-05-01T14:14:35.260000,0.156684
2025-05-01T14:14:35.270000,0.108638
2025-05-01T14:14:35.280000,0.060038
2025-05-01T14:14:35.290000,-0.016176
2025-05-01T14:14:35.300000,-0.050186
2025-05-01T14:14:35.310000,-0.062061
2025-05-01T14:14:35.320000,-0.085981
2025-05-01T14:14:35.330000,-0.095736
2025-05-01T14:14:35.340000,-0.093951
2025-05-01T14:14:35.350000,-0.074413
2025-05-01T14:14:35.360000,-0.042967
2025-05-01T14:14:35.370000,-0.048017
2025-05-01T14:14:35.380000,-0.025789
2025-05-01T14:14:35.390000,0.004110
2025-05-01T14:14:35.400000,0.001962
2025-05-01T14:14:35.410000,0.034011
2025-05-01T14:14:35.420000,0.031334
2025-05-01T14:14:35.430000,0.031747
2025-05-01T14:14:35.440000,0.035077
2025-05-01T14:14:35.450000,0.035352
2025-05-01T14:14:35.460000,0.008073
2025-05-01T14:14:35.470000,-0.001703
2025-05-01T14:14:35.480000,0.004599
2025-05-01T14:14:35.490000,0.009699
2025-05-01T14:14:35.500000,0.000456
2025-05-01T14:14:35.510000,0.003117
2025-05-01T14:14:35.520000,-0.010343
2025-05-01T14:14:35.530000,-0.000229
2025-05-01T14:14:35.540000,-0.020398
2025-05-01T14:14:35.550000,-0.004571
2025-05-01T14:14:35.560000,-0.009251
2025-05-01T14:14:35.570000,-0.014774
2025-05-01T14:14:35.580000,-0.018907
2025-05-01T14:14:35.590000,-0.011010
2025-05-01T14:14:35.600000,0.010116
2025-05-01T14:14:35.610000,0.006530
2025-05-01T14:14:35.620000,0.004323
2025-05-01T14:14:35.630000,-0.005439
2025-05-01T14:14:35.640000,0.001388
2025-05-01T14:14:35.650000,-0.006975
2025-05-01T14:14:35.660000,0.020768
2025-05-01T14:14:35.670000,-0.002982
2025-05-01T14:14:35.680000,0.004854
2025-05-01T14:14:35.690000,0.012829
2025-05-01T14:14:35.700000,0.000796
2025-05-01T14:14:35.710000,-0.005125
2025-05-01T14:14:35.720000,-0.010962
2025-05-01T14:14:35.730000,-0.018198
2025-05-01T14:14:35.740000,-0.007368
2025-05-01T14:14:35.750000,0.006707
2025-05-01T14:14:35.760000,-0.012733
2025-05-01T14:14:35.770000,-0.023286
2025-05-01T14:14:35.780000,0.003690
2025-05-01T14:14:35.790000,-0.006726
2025-05-01T14:14:35.800000,-0.003600
2025-05-01T14:14:35.810000,0.018831
2025-05-01T14:14:35.820000,0.006839
2025-05-01T14:14:35.830000,0.013082
2025-05-01T14:14:35.840000,-0.005294
2025-05-01T14:14:35.850000,-0.009941
2025-05-01T14:14:35.860000,0.010958
2025-05-01T14:14:35.870000,0.005870
2025-05-01T14:14:35.880000,0.012398
2025-05-01T14:14:35.890000,0.015423
2025-05-01T14:14:35.900000,0.010223
2025-05-01T14:14:35.910000,-0.004954
2025-05-01T14:14:35.920000,0.003305
2025-05-01T14:14:35.930000,-0.021232
2025-05-01T14:14:35.940000,0.001975
2025-05-01T14:14:35.950000,-0.003166
2025-05-01T14:14:35.960000,0.003905
2025-05-01T14:14:35.970000,-0.003176
2025-05-01T14:14:35.980000,-0.022541
2025-05-01T14:14:35.990000,-0.006417
2025-05-01T14:14:36,-0.003846
2025-05-01T14:14:36.010000,0.003086
2025-05-01T14:14:36.020000,-0.010627
2025-05-01T14:14:36.030000,-0.006366
2025-05-01T14:14:36.040000,0.001023
2025-05-01T14:14:36.050000,-0.005538
2025-05-01T14:14:36.060000,-0.016209
2025-05-01T14:14:36.070000,0.004698
2025-05-01T14:14:36.080000,0.000919
2025-05-01T14:14:36.090000,-0.001067
2025-05-01T14:14:36.100000,0.016433
2025-05-01T14:14:36.110000,0.004268
2025-05-01T14:14:36.120000,-0.005118
2025-05-01T14:14:36.130000,-0.004787
2025-05-01T14:14:36.140000,0.014122
2025-05-01T14:14:36.150000,-0.007082
2025-05-01T14:14:36.160000,0.000949
2025-05-01T14:14:36.170000,0.001508
2025-05-01T14:14:36.180000,0.001678
2025-05-01T14:14:36.190000,-0.015051
2025-05-01T14:14:36.200000,0.000040
2025-05-01T14:14:36.210000,-0.000411
2025-05-01T14:14:36.220000,0.002204
2025-05-01T14:14:36.230000,0.000921
2025-05-01T14:14:36.240000,-0.001184
2025-05-01T14:14:36.250000,0.019068
2025-05-01T14:14:36.260000,-0.004974
2025-05-01T14:14:36.270000,0.010310
2025-05-01T14:14:36.280000,0.007666
2025-05-01T14:14:36.290000,0.019407
2025-05-01T14:14:36.300000,0.020795
2025-05-01T14:14:36.310000,0.018545
2025-05-01T14:14:36.320000,-0.002484
2025-05-01T14:14:36.330000,0.001036
2025-05-01T14:14:36.340000,-0.012270
2025-05-01T14:14:36.350000,0.011991
2025-05-01T14:14:36.360000,0.007144
2025-05-01T14:14:36.370000,-0.026434
2025-05-01T14:14:36.380000,-0.014432
2025-05-01T14:14:36.390000,0.005416
2025-05-01T14:14:36.400000,-0.006898
2025-05-01T14:14:36.410000,0.022891
2025-05-01T14:14:36.420000,0.006312
2025-05-01T14:14:36.430000,-0.010553
2025-05-01T14:14:36.440000,0.017364
2025-05-01T14:14:36.450000,-0.010619
2025-05-01T14:14:36.460000,0.005879
2025-05-01T14:14:36.470000,-0.001695
2025-05-01T14:14:36.480000,-0.006620
2025-05-01T14:14:36.490000,-0.003041
2025-05-01T14:14:36.500000,0.009176
2025-05-01T14:14:36.510000,-0.013252
2025-05-01T14:14:36.520000,-0.013596
2025-05-01T14:14:36.530000,0.014046
2025-05-01T14:14:36.540000,-0.010530
2025-05-01T14:14:36.550000,-0.025744
2025-05-01T14:14:36.560000,0.018284
2025-05-01T14:14:36.570000,0.003495
2025-05-01T14:14:36.580000,0.005531
2025-05-01T14:14:36.590000,0.003881
2025-05-01T14:14:36.600000,-0.011521
2025-05-01T14:14:36.610000,-0.012441
2025-05-01T14:14:36.620000,-0.010133
2025-05-01T14:14:36.630000,-0.000672
2025-05-01T14:14:36.640000,0.007079
2025-05-01T14:14:36.650000,0.017887
2025-05-01T14:14:36.660000,-0.011580
2025-05-01T14:14:36.670000,0.002249
2025-05-01T14:14:36.680000,0.004163
2025-05-01T14:14:36.690000,-0.002474
2025-05-01T14:14:36.700000,0.005470
2025-05-01T14:14:36.710000,0.011733
2025-05-01T14:14:36.720000,0.005082
2025-05-01T14:14:36.730000,0.002198
2025-05-01T14:14:36.740000,-0.003351
2025-05-01T14:14:36.750000,0.001133
2025-05-01T14:14:36.760000,-0.013377
2025-05-01T14:14:36.770000,0.014632
2025-05-01T14:14:36.780000,0.000418
2025-05-01T14:14:36.790000,-0.019490
2025-05-01T14:14:36.800000,-0.015393
2025-05-01T14:14:36.810000,-0.010366
2025-05-01T14:14:36.820000,0.004883
2025-05-01T14:14:36.830000,-0.003947
2025-05-01T14:14:36.840000,-0.004748
2025-05-01T14:14:36.850000,0.018058
2025-05-01T14:14:36.860000,-0.008278
2025-05-01T14:14:36.870000,0.019940
2025-05-01T14:14:36.880000,-0.003735
2025-05-01T14:14:36.890000,0.009626
2025-05-01T14:14:36.900000,-0.009987
2025-05-01T14:14:36.910000,-0.002465
2025-05-01T14:14:36.920000,-0.010118
2025-05-01T14:14:36.930000,-0.000562
2025-05-01T14:14:36.940000,-0.005865
2025-05-01T14:14:36.950000,-0.002009
2025-05-01T14:14:36.960000,0.012062
2025-05-01T14:14:36.970000,0.006994
2025-05-01T14:14:36.980000,-0.002852
2025-05-01T14:14:36.990000,-0.008652
2025-05-01T14:14:37,0.006438
2025-05-01T14:14:37.010000,0.000982
2025-05-01T14:14:37.020000,0.005400
2025-05-01T14:14:37.030000,-0.008647
2025-05-01T14:14:37.040000,0.002700
2025-05-01T14:14:37.050000,0.022097
2025-05-01T14:14:37.060000,-0.003178
2025-05-01T14:14:37.070000,-0.002013
2025-05-01T14:14:37.080000,-0.008978
2025-05-01T14:14:37.090000,0.004722
2025-05-01T14:14:37.100000,0.009816
2025-05-01T14:14:37.110000,-0.000670
2025-05-01T14:14:37.120000,0.013695
2025-05-01T14:14:37.130000,-0.003024
2025-05-01T14:14:37.140000,-0.008588
2025-05-01T14:14:37.150000,-0.012246
2025-05-01T14:14:37.160000,0.001916
2025-05-01T14:14:37.170000,-0.017239
2025-05-01T14:14:37.180000,-0.006931
2025-05-01T14:14:37.190000,-0.016833
2025-05-01T14:14:37.200000,0.004609
2025-05-01T14:14:37.210000,-0.007375
2025-05-01T14:14:37.220000,-0.006224
2025-05-01T14:14:37.230000,-0.000211
2025-05-01T14:14:37.240000,0.010149
2025-05-01T14:14:37.250000,-0.005385
2025-05-01T14:14:37.260000,0.011807
2025-05-01T14:14:37.270000,0.012899
2025-05-01T14:14:37.280000,-0.004654
2025-05-01T14:14:37.290000,0.012326
2025-05-01T14:14:37.300000,-0.006783
2025-05-01T14:14:37.310000,-0.011037
2025-05-01T14:14:37.320000,0.007003
2025-05-01T14:14:37.330000,0.002822
2025-05-01T14:14:37.340000,0.011218
2025-05-01T14:14:37.350000,0.001484
2025-05-01T14:14:37.360000,-0.026205
2025-05-01T14:14:37.370000,0.012539
2025-05-01T14:14:37.380000,0.000017
2025-05-01T14:14:37.390000,-0.000399
2025-05-01T14:14:37.400000,0.009614
2025-05-01T14:14:37.410000,-0.014811
2025-05-01T14:14:37.420000,0.024262
2025-05-01T14:14:37.430000,-0.002586
2025-05-01T14:14:37.440000,-0.003487
2025-05-01T14:14:37.450000,0.004153
2025-05-01T14:14:37.460000,-0.018771
2025-05-01T14:14:37.470000,-0.012415
2025-05-01T14:14:37.480000,0.001463
2025-05-01T14:14:37.490000,-0.005314
2025-05-01T14:14:37.500000,0.000510
2025-05-01T14:14:37.510000,0.004363
2025-05-01T14:14:37.520000,-0.001479
2025-05-01T14:14:37.530000,0.002255
2025-05-01T14:14:37.540000,0.007445
2025-05-01T14:14:37.550000,-0.007219
2025-05-01T14:14:37.560000,-0.000928
2025-05-01T14:14:37.570000,0.005788
2025-05-01T14:14:37.580000,-0.002191
2025-05-01T14:14:37.590000,-0.009830
2025-05-01T14:14:37.600000,0.014642
2025-05-01T14:14:37.610000,-0.000107
2025-05-01T14:14:37.620000,0.005347
2025-05-01T14:14:37.630000,-0.014587
2025-05-01T14:14:37.640000,-0.021351
2025-05-01T14:14:37.650000,0.009706
2025-05-01T14:14:37.660000,-0.001714
2025-05-01T14:14:37.670000,-0.027036
2025-05-01T14:14:37.680000,0.000651
2025-05-01T14:14:37.690000,0.010842
2025-05-01T14:14:37.700000,-0.003891
2025-05-01T14:14:37.710000,-0.018155
2025-05-01T14:14:37.720000,-0.007656
2025-05-01T14:14:37.730000,0.003140
2025-05-01T14:14:37.740000,0.017678
2025-05-01T14:14:37.750000,0.003454
2025-05-01T14:14:37.760000,-0.017895
2025-05-01T14:14:37.770000,0.006141
2025-05-01T14:14:37.780000,0.002154
2025-05-01T14:14:37.790000,0.002101
2025-05-01T14:14:37.800000,0.002104
2025-05-01T14:14:37.810000,0.006526
2025-05-01T14:14:37.820000,-0.005701
2025-05-01T14:14:37.830000,0.010268
2025-05-01T14:14:37.840000,-0.000383
2025-05-01T14:14:37.850000,-0.002649
2025-05-01T14:14:37.860000,0.022564
2025-05-01T14:14:37.870000,-0.005648
2025-05-01T14:14:37.880000,-0.012137
2025-05-01T14:14:37.890000,0.000940
2025-05-01T14:14:37.900000,0.007803
2025-05-01T14:14:37.910000,0.008816
2025-05-01T14:14:37.920000,-0.001271
2025-05-01T14:14:37.930000,0.016747
2025-05-01T14:14:37.940000,0.001216
2025-05-01T14:14:37.950000,-0.007751
2025-05-01T14:14:37.960000,-0.015464
2025-05-01T14:14:37.970000,0.005414
2025-05-01T14:14:37.980000,0.009534
2025-05-01T14:14:37.990000,0.000997
2025-05-01T14:14:38,0.000429
2025-05-01T14:14:38.010000,-0.011412
2025-05-01T14:14:38.020000,-0.017954
2025-05-01T14:14:38.030000,-0.006907
2025-05-01T14:14:38.040000,0.002224
2025-05-01T14:14:38.050000,0.007934
2025-05-01T14:14:38.060000,-0.000768
2025-05-01T14:14:38.070000,-0.003555
2025-05-01T14:14:38.080000,-0.007465
2025-05-01T14:14:38.090000,0.009876
2025-05-01T14:14:38.100000,-0.001622
2025-05-01T14:14:38.110000,-0.011110
2025-05-01T14:14:38.120000,-0.003835
2025-05-01T14:14:38.130000,-0.007792
2025-05-01T14:14:38.140000,-0.003623
2025-05-01T14:14:38.150000,0.008078
2025-05-01T14:14:38.160000,-0.009948
2025-05-01T14:14:38.170000,0.002568
2025-05-01T14:14:38.180000,-0.002270
2025-05-01T14:14:38.190000,0.016044
2025-05-01T14:14:38.200000,0.006325
2025-05-01T14:14:38.210000,0.000084
2025-05-01T14:14:38.220000,-0.011647
2025-05-01T14:14:38.230000,0.000261
2025-05-01T14:14:38.240000,0.012876
2025-05-01T14:14:38.250000,-0.014090
2025-05-01T14:14:38.260000,0.004053
2025-05-01T14:14:38.270000,-0.005435
2025-05-01T14:14:38.280000,0.001052
2025-05-01T14:14:38.290000,0.001803
2025-05-01T14:14:38.300000,-0.013692
2025-05-01T14:14:38.310000,0.008763
2025-05-01T14:14:38.320000,0.000683
2025-05-01T14:14:38.330000,-0.003471
2025-05-01T14:14:38.340000,-0.010998
2025-05-01T14:14:38.350000,-0.001449
2025-05-01T14:14:38.360000,0.001702
2025-05-01T14:14:38.370000,-0.009692
2025-05-01T14:14:38.380000,0.006754
2025-05-01T14:14:38.390000,0.007372
2025-05-01T14:14:38.400000,-0.007736
2025-05-01T14:14:38.410000,0.006072
2025-05-01T14:14:38.420000,-0.003748
2025-05-01T14:14:38.430000,-0.006070
2025-05-01T14:14:38.440000,-0.003587
2025-05-01T14:14:38.450000,-0.012322
2025-05-01T14:14:38.460000,0.005926
2025-05-01T14:14:38.470000,0.006246
2025-05-01T14:14:38.480000,-0.001852
2025-05-01T14:14:38.490000,-0.003329
2025-05-01T14:14:38.500000,0.007185
2025-05-01T14:14:38.510000,-0.006806
2025-05-01T14:14:38.520000,0.011013
2025-05-01T14:14:38.530000,0.005534
2025-05-01T14:14:38.540000,-0.000536
2025-05-01T14:14:38.550000,-0.006796
2025-05-01T14:14:38.560000,0.004219
2025-05-01T14:14:38.570000,-0.003158
2025-05-01T14:14:38.580000,-0.003432
2025-05-01T14:14:38.590000,0.003867
2025-05-01T14:14:38.600000,0.021762
2025-05-01T14:14:38.610000,0.005475
2025-05-01T14:14:38.620000,0.007139
2025-05-01T14:14:38.630000,0.002087
2025-05-01T14:14:38.640000,0.017677
2025-05-01T14:14:38.650000,-0.018403
2025-05-01T14:14:38.660000,0.034659
2025-05-01T14:14:38.670000,-0.000849
2025-05-01T14:14:38.680000,0.012621
2025-05-01T14:14:38.690000,0.006780
2025-05-01T14:14:38.700000,0.001344
2025-05-01T14:14:38.710000,-0.004525
2025-05-01T14:14:38.720000,0.012028
2025-05-01T14:14:38.730000,0.004579
2025-05-01T14:14:38.740000,-0.001681
2025-05-01T14:14:38.750000,0.027061
2025-05-01T14:14:38.760000,-0.019612
2025-05-01T14:14:38.770000,-0.006879
2025-05-01T14:14:38.780000,-0.010436
2025-05-01T14:14:38.790000,0.011230
2025-05-01T14:14:38.800000,0.005335
2025-05-01T14:14:38.810000,-0.003186
2025-05-01T14:14:38.820000,-0.013620
2025-05-01T14:14:38.830000,-0.001999
2025-05-01T14:14:38.840000,-0.017014
2025-05-01T14:14:38.850000,0.010149
2025-05-01T14:14:38.860000,0.011585
2025-05-01T14:14:38.870000,0.005567
2025-05-01T14:14:38.880000,0.001555
2025-05-01T14:14:38.890000,0.003945
2025-05-01T14:14:38.900000,0.017919
2025-05-01T14:14:38.910000,-0.012085
2025-05-01T14:14:38.920000,-0.008236
2025-05-01T14:14:38.930000,0.003129
2025-05-01T14:14:38.940000,0.004482
2025-05-01T14:14:38.950000,-0.000796
2025-05-01T14:14:38.960000,-0.001080
2025-05-01T14:14:38.970000,-0.003250
2025-05-01T14:14:38.980000,-0.007346
2025-05-01T14:14:38.990000,-0.016377
2025-05-01T14:14:39,-0.008803
2025-05-01T14:14:39.010000,-0.006947
2025-05-01T14:14:39.020000,-0.011808
2025-05-01T14:14:39.030000,-0.010472
2025-05-01T14:14:39.040000,0.002633
2025-05-01T14:14:39.050000,-0.006385
2025-05-01T14:14:39.060000,-0.013631
2025-05-01T14:14:39.070000,0.011079
2025-05-01T14:14:39.080000,0.003842
2025-05-01T14:14:39.090000,-0.008301
2025-05-01T14:14:39.100000,0.006915
2025-05-01T14:14:39.110000,-0.004611
2025-05-01T14:14:39.120000,0.006661
2025-05-01T14:14:39.130000,-0.010090
2025-05-01T14:14:39.140000,0.013409
2025-05-01T14:14:39.150000,-0.001961
2025-05-01T14:14:39.160000,0.018594
2025-05-01T14:14:39.170000,0.001128
2025-05-01T14:14:39.180000,-0.017042
2025-05-01T14:14:39.190000,-0.001979
2025-05-01T14:14:39.200000,0.003269
2025-05-01T14:14:39.210000,0.005790
2025-05-01T14:14:39.220000,-0.000727
2025-05-01T14:14:39.230000,0.014785
2025-05-01T14:14:39.240000,0.009805
2025-05-01T14:14:39.250000,-0.005832
2025-05-01T14:14:39.260000,0.003329
2025-05-01T14:14:39.270000,-0.015151
2025-05-01T14:14:39.280000,-0.000370
2025-05-01T14:14:39.290000,-0.001561
2025-05-01T14:14:39.300000,0.006982
2025-05-01T14:14:39.310000,0.005313
2025-05-01T14:14:39.320000,0.007630
2025-05-01T14:14:39.330000,0.015564
2025-05-01T14:14:39.340000,-0.004335
2025-05-01T14:14:39.350000,0.023038
2025-05-01T14:14:39.360000,0.012583
2025-05-01T14:14:39.370000,-0.000099
2025-05-01T14:14:39.380000,-0.006503
2025-05-01T14:14:39.390000,-0.001520
2025-05-01T14:14:39.400000,-0.003448
2025-05-01T14:14:39.410000,0.004688
2025-05-01T14:14:39.420000,0.003580
2025-05-01T14:14:39.430000,-0.003547
2025-05-01T14:14:39.440000,-0.006741
2025-05-01T14:14:39.450000,0.013903
2025-05-01T14:14:39.460000,-0.007441
2025-05-01T14:14:39.470000,0.021137
2025-05-01T14:14:39.480000,0.003075
2025-05-01T14:14:39.490000,-0.022701
2025-05-01T14:14:39.500000,0.006182
2025-05-01T14:14:39.510000,0.008121
2025-05-01T14:14:39.520000,-0.007251
2025-05-01T14:14:39.530000,-0.014898
2025-05-01T14:14:39.540000,0.000861
2025-05-01T14:14:39.550000,-0.013074
2025-05-01T14:14:39.560000,0.001703
2025-05-01T14:14:39.570000,0.003847
2025-05-01T14:14:39.580000,-0.006133
2025-05-01T14:14:39.590000,0.001987
2025-05-01T14:14:39.600000,-0.032270
2025-05-01T14:14:39.610000,-0.006254
2025-05-01T14:14:39.620000,0.010990
2025-05-01T14:14:39.630000,0.000425
2025-05-01T14:14:39.640000,0.011649
2025-05-01T14:14:39.650000,0.001560
2025-05-01T14:14:39.660000,0.001151
2025-05-01T14:14:39.670000,0.011969
2025-05-01T14:14:39.680000,-0.011615
2025-05-01T14:14:39.690000,0.013419
2025-05-01T14:14:39.700000,-0.001662
2025-05-01T14:14:39.710000,0.008170
2025-05-01T14:14:39.720000,-0.007354
2025-05-01T14:14:39.730000,0.003831
2025-05-01T14:14:39.740000,0.002793
2025-05-01T14:14:39.750000,0.019380
2025-05-01T14:14:39.760000,0.015014
2025-05-01T14:14:39.770000,0.003087
2025-05-01T14:14:39.780000,0.012378
2025-05-01T14:14:39.790000,0.010533
2025-05-01T14:14:39.800000,-0.005289
2025-05-01T14:14:39.810000,0.000553
2025-05-01T14:14:39.820000,-0.000942
2025-05-01T14:14:39.830000,-0.008004
2025-05-01T14:14:39.840000,0.005761
2025-05-01T14:14:39.850000,-0.008446
2025-05-01T14:14:39.860000,-0.001020
2025-05-01T14:14:39.870000,0.022186
2025-05-01T14:14:39.880000,0.007440
2025-05-01T14:14:39.890000,-0.001479
2025-05-01T14:14:39.900000,-0.002548
2025-05-01T14:14:39.910000,-0.002450
2025-05-01T14:14:39.920000,0.003817
2025-05-01T14:14:39.930000,-0.002978
2025-05-01T14:14:39.940000,0.003621
2025-05-01T14:14:39.950000,-0.006253
2025-05-01T14:14:39.960000,0.012296
2025-05-01T14:14:39.970000,-0.009456
2025-05-01T14:14:39.980000,-0.011495
2025-05-01T14:14:39.990000,-0.009314
2025-05-01T14:14:40,0.013193
2025-05-01T14:14:40.010000,0.006508
2025-05-01T14:14:40.020000,-0.005544
2025-05-01T14:14:40.030000,-0.007786
2025-05-01T14:14:40.040000,0.013075
2025-05-01T14:14:40.050000,0.018885
2025-05-01T14:14:40.060000,0.007886
2025-05-01T14:14:40.070000,0.005994
2025-05-01T14:14:40.080000,-0.017773
2025-05-01T14:14:40.090000,-0.005923
2025-05-01T14:14:40.100000,-0.000240
2025-05-01T14:14:40.110000,-0.000227
2025-05-01T14:14:40.120000,0.003735
2025-05-01T14:14:40.130000,0.002094
2025-05-01T14:14:40.140000,-0.006133
2025-05-01T14:14:40.150000,-0.003547
2025-05-01T14:14:40.160000,-0.007856
2025-05-01T14:14:40.170000,-0.000585
2025-05-01T14:14:40.180000,0.002875
2025-05-01T14:14:40.190000,0.009869
2025-05-01T14:14:40.200000,0.001394
2025-05-01T14:14:40.210000,-0.005822
2025-05-01T14:14:40.220000,0.007041
2025-05-01T14:14:40.230000,-0.000154
2025-05-01T14:14:40.240000,-0.008933
2025-05-01T14:14:40.250000,-0.004540
2025-05-01T14:14:40.260000,-0.015624
2025-05-01T14:14:40.270000,-0.002600
2025-05-01T14:14:40.280000,-0.002101
2025-05-01T14:14:40.290000,0.003414
2025-05-01T14:14:40.300000,0.005956
2025-05-01T14:14:40.310000,0.011960
2025-05-01T14:14:40.320000,-0.006966
2025-05-01T14:14:40.330000,-0.001047
2025-05-01T14:14:40.340000,-0.019110
2025-05-01T14:14:40.350000,-0.000915
2025-05-01T14:14:40.360000,0.006025
2025-05-01T14:14:40.370000,-0.000392
2025-05-01T14:14:40.380000,0.017499
2025-05-01T14:14:40.390000,0.014907
2025-05-01T14:14:40.400000,-0.000763
2025-05-01T14:14:40.410000,-0.004427
2025-05-01T14:14:40.420000,0.005343
2025-05-01T14:14:40.430000,0.001784
2025-05-01T14:14:40.440000,-0.008750
2025-05-01T14:14:40.450000,-0.017046
2025-05-01T14:14:40.460000,0.002005
2025-05-01T14:14:40.470000,-0.012190
2025-05-01T14:14:40.480000,0.000424
2025-05-01T14:14:40.490000,0.004015
2025-05-01T14:14:40.500000,0.000878
2025-05-01T14:14:40.510000,0.031430
2025-05-01T14:14:40.520000,-0.009730
2025-05-01T14:14:40.530000,-0.007628
2025-05-01T14:14:40.540000,-0.003637
2025-05-01T14:14:40.550000,0.013966
2025-05-01T14:14:40.560000,0.010878
2025-05-01T14:14:40.570000,-0.002813
2025-05-01T14:14:40.580000,-0.011460
2025-05-01T14:14:40.590000,0.009238
2025-05-01T14:14:40.600000,0.010320
2025-05-01T14:14:40.610000,-0.001973
2025-05-01T14:14:40.620000,0.010382
2025-05-01T14:14:40.630000,-0.007564
2025-05-01T14:14:40.640000,0.007349
2025-05-01T14:14:40.650000,0.007531
2025-05-01T14:14:40.660000,-0.017254
2025-05-01T14:14:40.670000,-0.007126
2025-05-01T14:14:40.680000,0.004088
2025-05-01T14:14:40.690000,0.002845
2025-05-01T14:14:40.700000,-0.005495
2025-05-01T14:14:40.710000,-0.018776
2025-05-01T14:14:40.720000,-0.007358
2025-05-01T14:14:40.730000,-0.007876
2025-05-01T14:14:40.740000,-0.002773
2025-05-01T14:14:40.750000,0.007821
2025-05-01T14:14:40.760000,0.002391
2025-05-01T14:14:40.770000,-0.002638
2025-05-01T14:14:40.780000,-0.006014
2025-05-01T14:14:40.790000,-0.015117
2025-05-01T14:14:40.800000,-0.004281
2025-05-01T14:14:40.810000,0.016527
2025-05-01T14:14:40.820000,0.003510
2025-05-01T14:14:40.830000,0.002868
2025-05-01T14:14:40.840000,0.015229
2025-05-01T14:14:40.850000,-0.001086
2025-05-01T14:14:40.860000,-0.016295
2025-05-01T14:14:40.870000,0.001935
2025-05-01T14:14:40.880000,0.008779
2025-05-01T14:14:40.890000,0.008956
2025-05-01T14:14:40.900000,-0.016263
2025-05-01T14:14:40.910000,-0.007688
2025-05-01T14:14:40.920000,0.005782
2025-05-01T14:14:40.930000,-0.002129
2025-05-01T14:14:40.940000,0.000151
2025-05-01T14:14:40.950000,-0.001828
2025-05-01T14:14:40.960000,0.009767
2025-05-01T14:14:40.970000,0.012717
2025-05-01T14:14:40.980000,-0.016705
2025-05-01T14:14:40.990000,0.014582
2025-05-01T14:14:41,0.010918
2025-05-01T14:14:41.010000,-0.008667
2025-05-01T14:14:41.020000,0.017873
2025-05-01T14:14:41.030000,-0.004343
2025-05-01T14:14:41.040000,0.010629
2025-05-01T14:14:41.050000,0.003010
2025-05-01T14:14:41.060000,0.001660
2025-05-01T14:14:41.070000,-0.005974
2025-05-01T14:14:41.080000,-0.013345
2025-05-01T14:14:41.090000,-0.005355
2025-05-01T14:14:41.100000,-0.001646
2025-05-01T14:14:41.110000,-0.015853
2025-05-01T14:14:41.120000,-0.007419
2025-05-01T14:14:41.130000,0.017854
2025-05-01T14:14:41.140000,0.016811
2025-05-01T14:14:41.150000,0.017462
2025-05-01T14:14:41.160000,0.000533
2025-05-01T14:14:41.170000,-0.005197
2025-05-01T14:14:41.180000,0.000867
2025-05-01T14:14:41.190000,-0.011568
2025-05-01T14:14:41.200000,-0.003518
2025-05-01T14:14:41.210000,0.003845
2025-05-01T14:14:41.220000,-0.006680
2025-05-01T14:14:41.230000,-0.009294
2025-05-01T14:14:41.240000,-0.003561
2025-05-01T14:14:41.250000,-0.001153
2025-05-01T14:14:41.260000,-0.004246
2025-05-01T14:14:41.270000,0.003423
2025-05-01T14:14:41.280000,0.004487
2025-05-01T14:14:41.290000,-0.007600
2025-05-01T14:14:41.300000,-0.014365
2025-05-01T14:14:41.310000,-0.004145
2025-05-01T14:14:41.320000,0.016270
2025-05-01T14:14:41.330000,-0.000354
2025-05-01T14:14:41.340000,0.001682
2025-05-01T14:14:41.350000,0.003178
2025-05-01T14:14:41.360000,-0.003342
2025-05-01T14:14:41.370000,-0.007236
2025-05-01T14:14:41.380000,0.012060
2025-05-01T14:14:41.390000,0.002718
2025-05-01T14:14:41.400000,-0.000171
2025-05-01T14:14:41.410000,0.013224
2025-05-01T14:14:41.420000,0.002847
2025-05-01T14:14:41.430000,-0.009674
2025-05-01T14:14:41.440000,0.002070
2025-05-01T14:14:41.450000,0.005839
2025-05-01T14:14:41.460000,0.023385
2025-05-01T14:14:41.470000,0.003372
2025-05-01T14:14:41.480000,0.007838
2025-05-01T14:14:41.490000,-0.016686
2025-05-01T14:14:41.500000,-0.007827
2025-05-01T14:14:41.510000,-0.000961
2025-05-01T14:14:41.520000,0.004707
2025-05-01T14:14:41.530000,0.000681
2025-05-01T14:14:41.540000,-0.002128
2025-05-01T14:14:41.550000,-0.013296
2025-05-01T14:14:41.560000,-0.004686
2025-05-01T14:14:41.570000,0.005653
2025-05-01T14:14:41.580000,0.019759
2025-05-01T14:14:41.590000,0.006014
2025-05-01T14:14:41.600000,0.000222
2025-05-01T14:14:41.610000,-0.004028
2025-05-01T14:14:41.620000,0.001275
2025-05-01T14:14:41.630000,-0.011702
2025-05-01T14:14:41.640000,0.004459
2025-05-01T14:14:41.650000,0.012983
2025-05-01T14:14:41.660000,0.015760
2025-05-01T14:14:41.670000,0.016039
2025-05-01T14:14:41.680000,-0.019678
2025-05-01T14:14:41.690000,-0.003217
2025-05-01T14:14:41.700000,0.006485
2025-05-01T14:14:41.710000,-0.004026
2025-05-01T14:14:41.720000,-0.018071
2025-05-01T14:14:41.730000,0.002615
2025-05-01T14:14:41.740000,0.007358
2025-05-01T14:14:41.750000,0.006225
2025-05-01T14:14:41.760000,-0.000343
2025-05-01T14:14:41.770000,-0.005841
2025-05-01T14:14:41.780000,-0.004465
2025-05-01T14:14:41.790000,-0.008500
2025-05-01T14:14:41.800000,-0.029891
2025-05-01T14:14:41.810000,0.012845
2025-05-01T14:14:41.820000,-0.011068
2025-05-01T14:14:41.830000,0.001419
2025-05-01T14:14:41.840000,0.017744
2025-05-01T14:14:41.850000,0.002144
2025-05-01T14:14:41.860000,-0.004069
2025-05-01T14:14:41.870000,-0.000418
2025-05-01T14:14:41.880000,0.007286
2025-05-01T14:14:41.890000,-0.009411
2025-05-01T14:14:41.900000,-0.011554
2025-05-01T14:14:41.910000,0.012558
2025-05-01T14:14:41.920000,0.028624
2025-05-01T14:14:41.930000,0.011882
2025-05-01T14:14:41.940000,0.003706
2025-05-01T14:14:41.950000,0.003608
2025-05-01T14:14:41.960000,0.001794
2025-05-01T14:14:41.970000,0.003052
2025-05-01T14:14:41.980000,0.004973
2025-05-01T14:14:41.990000,-0.002853
2025-05-01T14:14:42,-0.019131
2025-05-01T14:14:42.010000,-0.007010
2025-05-01T14:14:42.020000,-0.004051
2025-05-01T14:14:42.030000,0.013288
2025-05-01T14:14:42.040000,0.005935
2025-05-01T14:14:42.050000,-0.003965
2025-05-01T14:14:42.060000,-0.014191
2025-05-01T14:14:42.070000,0.008169
2025-05-01T14:14:42.080000,0.008028
2025-05-01T14:14:42.090000,-0.012064
2025-05-01T14:14:42.100000,0.002542
2025-05-01T14:14:42.110000,0.001313
2025-05-01T14:14:42.120000,-0.007582
2025-05-01T14:14:42.130000,0.007935
2025-05-01T14:14:42.140000,0.007086
2025-05-01T14:14:42.150000,-0.005586
2025-05-01T14:14:42.160000,-0.004494
2025-05-01T14:14:42.170000,0.015369
2025-05-01T14:14:42.180000,0.004141
2025-05-01T14:14:42.190000,-0.006575
2025-05-01T14:14:42.200000,-0.007242
2025-05-01T14:14:42.210000,0.004738
2025-05-01T14:14:42.220000,0.012456
2025-05-01T14:14:42.230000,0.000068
2025-05-01T14:14:42.240000,-0.015142
2025-05-01T14:14:42.250000,0.004368
2025-05-01T14:14:42.260000,-0.001958
2025-05-01T14:14:42.270000,0.006798
2025-05-01T14:14:42.280000,0.011359
2025-05-01T14:14:42.290000,-0.003783
2025-05-01T14:14:42.300000,-0.006384
2025-05-01T14:14:42.310000,0.008768
2025-05-01T14:14:42.320000,-0.006476
2025-05-01T14:14:42.330000,-0.010534
2025-05-01T14:14:42.340000,0.007291
2025-05-01T14:14:42.350000,0.010668
2025-05-01T14:14:42.360000,-0.002838
2025-05-01T14:14:42.370000,0.005741
2025-05-01T14:14:42.380000,0.000750
2025-05-01T14:14:42.390000,0.012066
2025-05-01T14:14:42.400000,0.007735
2025-05-01T14:14:42.410000,-0.003693
2025-05-01T14:14:42.420000,0.004303
2025-05-01T14:14:42.430000,0.006936
2025-05-01T14:14:42.440000,0.026002
2025-05-01T14:14:42.450000,-0.013666
2025-05-01T14:14:42.460000,0.000577
2025-05-01T14:14:42.470000,0.006301
2025-05-01T14:14:42.480000,-0.010697
2025-05-01T14:14:42.490000,-0.005178
2025-05-01T14:14:42.500000,-0.003404
2025-05-01T14:14:42.510000,0.008509
2025-05-01T14:14:42.520000,0.005916
2025-05-01T14:14:42.530000,0.012430
2025-05-01T14:14:42.540000,0.004242
2025-05-01T14:14:42.550000,0.002491
2025-05-01T14:14:42.560000,-0.000263
2025-05-01T14:14:42.570000,-0.009628
2025-05-01T14:14:42.580000,-0.000273
2025-05-01T14:14:42.590000,-0.003475
2025-05-01T14:14:42.600000,0.002303
2025-05-01T14:14:42.610000,0.026531
2025-05-01T14:14:42.620000,0.008554
2025-05-01T14:14:42.630000,0.003935
2025-05-01T14:14:42.640000,-0.008299
2025-05-01T14:14:42.650000,0.002377
2025-05-01T14:14:42.660000,-0.005751
2025-05-01T14:14:42.670000,-0.007782
2025-05-01T14:14:42.680000,-0.004556
2025-05-01T14:14:42.690000,-0.002078
2025-05-01T14:14:42.700000,-0.020412
2025-05-01T14:14:42.710000,-0.002042
2025-05-01T14:14:42.720000,-0.000640
2025-05-01T14:14:42.730000,0.007365
2025-05-01T14:14:42.740000,-0.001708
2025-05-01T14:14:42.750000,-0.020818
2025-05-01T14:14:42.760000,-0.000496
2025-05-01T14:14:42.770000,-0.015362
2025-05-01T14:14:42.780000,0.013074
2025-05-01T14:14:42.790000,0.012412
2025-05-01T14:14:42.800000,-0.001909
2025-05-01T14:14:42.810000,0.008118
2025-05-01T14:14:42.820000,0.008228
2025-05-01T14:14:42.830000,-0.002237
2025-05-01T14:14:42.840000,0.002041
2025-05-01T14:14:42.850000,0.000607
2025-05-01T14:14:42.860000,0.002871
2025-05-01T14:14:42.870000,0.010865
2025-05-01T14:14:42.880000,-0.002721
2025-05-01T14:14:42.890000,-0.003306
2025-05-01T14:14:42.900000,-0.015197
2025-05-01T14:14:42.910000,0.014210
2025-05-01T14:14:42.920000,0.006802
2025-05-01T14:14:42.930000,-0.010758
2025-05-01T14:14:42.940000,0.014392
2025-05-01T14:14:42.950000,-0.015129
2025-05-01T14:14:42.960000,-0.001592
2025-05-01T14:14:42.970000,0.007007
2025-05-01T14:14:42.980000,-0.020279
2025-05-01T14:14:42.990000,-0.007261
2025-05-01T14:14:43,-0.002326
2025-05-01T14:14:43.010000,0.008910
2025-05-01T14:14:43.020000,0.019789
2025-05-01T14:14:43.030000,0.001156
2025-05-01T14:14:43.040000,-0.009283
2025-05-01T14:14:43.050000,0.008842
2025-05-01T14:14:43.060000,0.004421
2025-05-01T14:14:43.070000,-0.000912
2025-05-01T14:14:43.080000,-0.008095
2025-05-01T14:14:43.090000,-0.002130
2025-05-01T14:14:43.100000,0.006149
2025-05-01T14:14:43.110000,-0.004787
2025-05-01T14:14:43.120000,-0.020193
2025-05-01T14:14:43.130000,0.001064
2025-05-01T14:14:43.140000,0.000165
2025-05-01T14:14:43.150000,-0.019860
2025-05-01T14:14:43.160000,-0.012131
2025-05-01T14:14:43.170000,0.008051
2025-05-01T14:14:43.180000,0.002595
2025-05-01T14:14:43.190000,-0.000278
2025-05-01T14:14:43.200000,-0.025343
2025-05-01T14:14:43.210000,-0.016096
2025-05-01T14:14:43.220000,0.011757
2025-05-01T14:14:43.230000,0.007786
2025-05-01T14:14:43.240000,0.005134
2025-05-01T14:14:43.250000,0.003118
2025-05-01T14:14:43.260000,-0.007218
2025-05-01T14:14:43.270000,0.013210
2025-05-01T14:14:43.280000,-0.019554
2025-05-01T14:14:43.290000,0.003505
2025-05-01T14:14:43.300000,-0.007216
2025-05-01T14:14:43.310000,-0.010920
2025-05-01T14:14:43.320000,-0.004009
2025-05-01T14:14:43.330000,-0.004010
2025-05-01T14:14:43.340000,-0.011924
2025-05-01T14:14:43.350000,-0.002513
2025-05-01T14:14:43.360000,-0.003916
2025-05-01T14:14:43.370000,0.012048
2025-05-01T14:14:43.380000,0.001957
2025-05-01T14:14:43.390000,0.005504
2025-05-01T14:14:43.400000,-0.005859
2025-05-01T14:14:43.410000,0.009536
2025-05-01T14:14:43.420000,-0.014951
2025-05-01T14:14:43.430000,-0.004667
2025-05-01T14:14:43.440000,0.005702
2025-05-01T14:14:43.450000,0.026636
2025-05-01T14:14:43.460000,0.011634
2025-05-01T14:14:43.470000,-0.012539
2025-05-01T14:14:43.480000,0.001549
2025-05-01T14:14:43.490000,-0.014498
2025-05-01T14:14:43.500000,-0.009456
2025-05-01T14:14:43.510000,0.008266
2025-05-01T14:14:43.520000,0.005324
2025-05-01T14:14:43.530000,0.004348
2025-05-01T14:14:43.540000,-0.006583
2025-05-01T14:14:43.550000,0.009308
2025-05-01T14:14:43.560000,-0.006612
2025-05-01T14:14:43.570000,-0.006644
2025-05-01T14:14:43.580000,0.000552
2025-05-01T14:14:43.590000,-0.002638
2025-05-01T14:14:43.600000,0.014687
2025-05-01T14:14:43.610000,0.005940
2025-05-01T14:14:43.620000,-0.005797
2025-05-01T14:14:43.630000,0.000015
2025-05-01T14:14:43.640000,0.003465
2025-05-01T14:14:43.650000,-0.023759
2025-05-01T14:14:43.660000,-0.009573
2025-05-01T14:14:43.670000,0.007237
2025-05-01T14:14:43.680000,-0.006250
2025-05-01T14:14:43.690000,-0.011846
2025-05-01T14:14:43.700000,0.008586
2025-05-01T14:14:43.710000,-0.007046
2025-05-01T14:14:43.720000,0.007405
2025-05-01T14:14:43.730000,-0.002684
2025-05-01T14:14:43.740000,0.005309
2025-05-01T14:14:43.750000,-0.007868
2025-05-01T14:14:43.760000,-0.012145
2025-05-01T14:14:43.770000,-0.000524
2025-05-01T14:14:43.780000,-0.007344
2025-05-01T14:14:43.790000,0.018945
2025-05-01T14:14:43.800000,0.013345
2025-05-01T14:14:43.810000,-0.001749
2025-05-01T14:14:43.820000,-0.007112
2025-05-01T14:14:43.830000,-0.003403
2025-05-01T14:14:43.840000,0.012841
2025-05-01T14:14:43.850000,0.002013
2025-05-01T14:14:43.860000,-0.018154
2025-05-01T14:14:43.870000,-0.001568
2025-05-01T14:14:43.880000,-0.010090
2025-05-01T14:14:43.890000,-0.004280
2025-05-01T14:14:43.900000,-0.006171
2025-05-01T14:14:43.910000,0.012598
2025-05-01T14:14:43.920000,-0.008823
2025-05-01T14:14:43.930000,-0.012848
2025-05-01T14:14:43.940000,-0.012422
2025-05-01T14:14:43.950000,0.000052
2025-05-01T14:14:43.960000,-0.000592
2025-05-01T14:14:43.970000,-0.019029
2025-05-01T14:14:43.980000,-0.001725
2025-05-01T14:14:43.990000,0.011070
2025-05-01T14:14:44,0.003920
2025-05-01T14:14:44.010000,0.004081
2025-05-01T14:14:44.020000,-0.000100
2025-05-01T14:14:44.030000,0.001638
2025-05-01T14:14:44.040000,-0.009206
2025-05-01T14:14:44.050000,0.002384
2025-05-01T14:14:44.060000,-0.013572
2025-05-01T14:14:44.070000,0.000741
2025-05-01T14:14:44.080000,0.002274
2025-05-01T14:14:44.090000,-0.002815
2025-05-01T14:14:44.100000,0.005957
2025-05-01T14:14:44.110000,-0.002557
2025-05-01T14:14:44.120000,-0.011140
2025-05-01T14:14:44.130000,0.006989
2025-05-01T14:14:44.140000,-0.015222
2025-05-01T14:14:44.150000,0.011987
2025-05-01T14:14:44.160000,0.005454
2025-05-01T14:14:44.170000,-0.003744
2025-05-01T14:14:44.180000,0.008589
2025-05-01T14:14:44.190000,-0.007602
2025-05-01T14:14:44.200000,-0.000614
2025-05-01T14:14:44.210000,0.006336
2025-05-01T14:14:44.220000,-0.004220
2025-05-01T14:14:44.230000,-0.014285
2025-05-01T14:14:44.240000,0.009360
2025-05-01T14:14:44.250000,0.017455
2025-05-01T14:14:44.260000,-0.003912
2025-05-01T14:14:44.270000,0.003046
2025-05-01T14:14:44.280000,-0.004367
2025-05-01T14:14:44.290000,-0.006868
2025-05-01T14:14:44.300000,0.002141
2025-05-01T14:14:44.310000,0.007444
2025-05-01T14:14:44.320000,-0.019310
2025-05-01T14:14:44.330000,-0.006381
2025-05-01T14:14:44.340000,0.008096
2025-05-01T14:14:44.350000,-0.002669
2025-05-01T14:14:44.360000,0.005274
2025-05-01T14:14:44.370000,-0.013580
2025-05-01T14:14:44.380000,0.006322
2025-05-01T14:14:44.390000,0.003263
2025-05-01T14:14:44.400000,0.005955
2025-05-01T14:14:44.410000,-0.009957
2025-05-01T14:14:44.420000,-0.011442
2025-05-01T14:14:44.430000,0.004549
2025-05-01T14:14:44.440000,-0.012709
2025-05-01T14:14:44.450000,-0.010529
2025-05-01T14:14:44.460000,-0.008201
2025-05-01T14:14:44.470000,-0.004775
2025-05-01T14:14:44.480000,-0.011624
2025-05-01T14:14:44.490000,0.006155
2025-05-01T14:14:44.500000,0.006994
2025-05-01T14:14:44.510000,0.003873
2025-05-01T14:14:44.520000,-0.005866
2025-05-01T14:14:44.530000,-0.012056
2025-05-01T14:14:44.540000,-0.000084
2025-05-01T14:14:44.550000,-0.001019
2025-05-01T14:14:44.560000,0.000890
2025-05-01T14:14:44.570000,0.013078
2025-05-01T14:14:44.580000,0.016572
2025-05-01T14:14:44.590000,-0.006045
2025-05-01T14:14:44.600000,-0.000286
2025-05-01T14:14:44.610000,-0.004300
2025-05-01T14:14:44.620000,0.004366
2025-05-01T14:14:44.630000,0.008810
2025-05-01T14:14:44.640000,0.011562
2025-05-01T14:14:44.650000,-0.014898
2025-05-01T14:14:44.660000,0.031925
2025-05-01T14:14:44.670000,0.019681
2025-05-01T14:14:44.680000,0.011344
2025-05-01T14:14:44.690000,0.002527
2025-05-01T14:14:44.700000,0.009384
2025-05-01T14:14:44.710000,0.003591
2025-05-01T14:14:44.720000,0.002363
2025-05-01T14:14:44.730000,-0.010283
2025-05-01T14:14:44.740000,-0.001818
2025-05-01T14:14:44.750000,-0.000468
2025-05-01T14:14:44.760000,0.000424
2025-05-01T14:14:44.770000,0.005064
2025-05-01T14:14:44.780000,0.010198
2025-05-01T14:14:44.790000,0.013807
2025-05-01T14:14:44.800000,-0.008323
2025-05-01T14:14:44.810000,0.014257
2025-05-01T14:14:44.820000,-0.000964
2025-05-01T14:14:44.830000,0.022170
2025-05-01T14:14:44.840000,0.006417
2025-05-01T14:14:44.850000,-0.009267
2025-05-01T14:14:44.860000,0.003578
2025-05-01T14:14:44.870000,-0.003242
2025-05-01T14:14:44.880000,-0.018270
2025-05-01T14:14:44.890000,0.009315
2025-05-01T14:14:44.900000,-0.003010
2025-05-01T14:14:44.910000,0.008325
2025-05-01T14:14:44.920000,-0.005087
2025-05-01T14:14:44.930000,0.007593
2025-05-01T14:14:44.940000,0.002390
2025-05-01T14:14:44.950000,-0.000288
2025-05-01T14:14:44.960000,-0.016605
2025-05-01T14:14:44.970000,0.018827
2025-05-01T14:14:44.980000,-0.004773
2025-05-01T14:14:44.990000,-0.019914
2025-05-01T14:14:45,-0.001915
2025-05-01T14:14:45.010000,-0.003126
2025-05-01T14:14:45.020000,-0.006867
2025-05-01T14:14:45.030000,-0.006104
2025-05-01T14:14:45.040000,0.002992
2025-05-01T14:14:45.050000,0.021533
2025-05-01T14:14:45.060000,-0.013571
2025-05-01T14:14:45.070000,0.007683
2025-05-01T14:14:45.080000,0.002424
2025-05-01T14:14:45.090000,0.013759
2025-05-01T14:14:45.100000,0.008212
2025-05-01T14:14:45.110000,0.013726
2025-05-01T14:14:45.120000,0.012523
2025-05-01T14:14:45.130000,0.001978
2025-05-01T14:14:45.140000,-0.000799
2025-05-01T14:14:45.150000,-0.003469
2025-05-01T14:14:45.160000,-0.021068
2025-05-01T14:14:45.170000,0.003009
2025-05-01T14:14:45.180000,0.001032
2025-05-01T14:14:45.190000,-0.000383
2025-05-01T14:14:45.200000,0.003581
2025-05-01T14:14:45.210000,-0.002886
2025-05-01T14:14:45.220000,-0.000397
2025-05-01T14:14:45.230000,0.008496
2025-05-01T14:14:45.240000,-0.008146
2025-05-01T14:14:45.250000,0.006887
2025-05-01T14:14:45.260000,-0.005678
2025-05-01T14:14:45.270000,-0.014106
2025-05-01T14:14:45.280000,-0.002943
2025-05-01T14:14:45.290000,0.007170
2025-05-01T14:14:45.300000,-0.018554
2025-05-01T14:14:45.310000,0.014000
2025-05-01T14:14:45.320000,0.018084
2025-05-01T14:14:45.330000,0.003560
2025-05-01T14:14:45.340000,0.012214
2025-05-01T14:14:45.350000,0.005681
2025-05-01T14:14:45.360000,0.005230
2025-05-01T14:14:45.370000,0.006566
2025-05-01T14:14:45.380000,-0.011134
2025-05-01T14:14:45.390000,0.016640
2025-05-01T14:14:45.400000,-0.004426
2025-05-01T14:14:45.410000,-0.012785
2025-05-01T14:14:45.420000,-0.009183
2025-05-01T14:14:45.430000,0.001532
2025-05-01T14:14:45.440000,0.007353
2025-05-01T14:14:45.450000,0.014926
2025-05-01T14:14:45.460000,-0.000923
2025-05-01T14:14:45.470000,0.010064
2025-05-01T14:14:45.480000,0.001745
2025-05-01T14:14:45.490000,0.020764
2025-05-01T14:14:45.500000,0.006974
2025-05-01T14:14:45.510000,0.000090
2025-05-01T14:14:45.520000,-0.000284
2025-05-01T14:14:45.530000,0.003786
2025-05-01T14:14:45.540000,-0.015079
2025-05-01T14:14:45.550000,-0.000184
2025-05-01T14:14:45.560000,-0.003877
2025-05-01T14:14:45.570000,-0.009882
2025-05-01T14:14:45.580000,-0.003640
2025-05-01T14:14:45.590000,0.006955
2025-05-01T14:14:45.600000,0.003730
2025-05-01T14:14:45.610000,-0.013002
2025-05-01T14:14:45.620000,0.010186
2025-05-01T14:14:45.630000,0.000950
2025-05-01T14:14:45.640000,-0.018003
2025-05-01T14:14:45.650000,0.007552
2025-05-01T14:14:45.660000,0.014215
2025-05-01T14:14:45.670000,-0.015268
2025-05-01T14:14:45.680000,-0.008689
2025-05-01T14:14:45.690000,0.017538
2025-05-01T14:14:45.700000,0.012439
2025-05-01T14:14:45.710000,0.007193
2025-05-01T14:14:45.720000,0.003253
2025-05-01T14:14:45.730000,0.000590
2025-05-01T14:14:45.740000,0.023531
2025-05-01T14:14:45.750000,0.010619
2025-05-01T14:14:45.760000,0.007042
2025-05-01T14:14:45.770000,0.001315
2025-05-01T14:14:45.780000,-0.005439
2025-05-01T14:14:45.790000,0.013689
2025-05-01T14:14:45.800000,-0.014225
2025-05-01T14:14:45.810000,-0.022322
2025-05-01T14:14:45.820000,0.003502
2025-05-01T14:14:45.830000,-0.006128
2025-05-01T14:14:45.840000,0.008916
2025-05-01T14:14:45.850000,-0.004438
2025-05-01T14:14:45.860000,0.011740
2025-05-01T14:14:45.870000,0.005529
2025-05-01T14:14:45.880000,-0.006187
2025-05-01T14:14:45.890000,0.015748
2025-05-01T14:14:45.900000,0.002176
2025-05-01T14:14:45.910000,0.005556
2025-05-01T14:14:45.920000,-0.000035
2025-05-01T14:14:45.930000,0.016369
2025-05-01T14:14:45.940000,0.005556
2025-05-01T14:14:45.950000,0.022321
2025-05-01T14:14:45.960000,-0.012684
2025-05-01T14:14:45.970000,-0.000666
2025-05-01T14:14:45.980000,0.005693
2025-05-01T14:14:45.990000,0.008253
2025-05-01T14:14:46,0.009185
2025-05-01T14:14:46.010000,-0.015892
2025-05-01T14:14:46.020000,-0.012622
2025-05-01T14:14:46.030000,0.004629
2025-05-01T14:14:46.040000,-0.005531
2025-05-01T14:14:46.050000,-0.001341
2025-05-01T14:14:46.060000,0.003800
2025-05-01T14:14:46.070000,0.004025
2025-05-01T14:14:46.080000,-0.007111
2025-05-01T14:14:46.090000,0.014399
2025-05-01T14:14:46.100000,-0.003087
2025-05-01T14:14:46.110000,0.016503
2025-05-01T14:14:46.120000,-0.008212
2025-05-01T14:14:46.130000,0.003650
2025-05-01T14:14:46.140000,-0.001582
2025-05-01T14:14:46.150000,0.008843
2025-05-01T14:14:46.160000,0.000500
2025-05-01T14:14:46.170000,-0.003466
2025-05-01T14:14:46.180000,0.000988
2025-05-01T14:14:46.190000,-0.002395
2025-05-01T14:14:46.200000,0.004469
2025-05-01T14:14:46.210000,0.019698
2025-05-01T14:14:46.220000,0.011233
2025-05-01T14:14:46.230000,-0.007618
2025-05-01T14:14:46.240000,-0.003526
2025-05-01T14:14:46.250000,-0.003579
2025-05-01T14:14:46.260000,-0.002419
2025-05-01T14:14:46.270000,-0.002154
2025-05-01T14:14:46.280000,0.013399
2025-05-01T14:14:46.290000,-0.001938
2025-05-01T14:14:46.300000,0.005192
2025-05-01T14:14:46.310000,0.012510
2025-05-01T14:14:46.320000,-0.009460
2025-05-01T14:14:46.330000,-0.013519
2025-05-01T14:14:46.340000,-0.000325
2025-05-01T14:14:46.350000,0.006636
2025-05-01T14:14:46.360000,-0.010235
2025-05-01T14:14:46.370000,-0.008284
2025-05-01T14:14:46.380000,-0.000803
2025-05-01T14:14:46.390000,0.012918
2025-05-01T14:14:46.400000,0.007685
2025-05-01T14:14:46.410000,-0.001765
2025-05-01T14:14:46.420000,0.000658
2025-05-01T14:14:46.430000,0.000033
2025-05-01T14:14:46.440000,0.010097
2025-05-01T14:14:46.450000,0.000417
2025-05-01T14:14:46.460000,0.003954
2025-05-01T14:14:46.470000,-0.005898
2025-05-01T14:14:46.480000,-0.005905
2025-05-01T14:14:46.490000,-0.005619
2025-05-01T14:14:46.500000,0.006681
2025-05-01T14:14:46.510000,-0.005347
2025-05-01T14:14:46.520000,0.001751
2025-05-01T14:14:46.530000,0.014886
2025-05-01T14:14:46.540000,0.008671
2025-05-01T14:14:46.550000,-0.002468
2025-05-01T14:14:46.560000,-0.001053
2025-05-01T14:14:46.570000,0.006359
2025-05-01T14:14:46.580000,-0.010445
2025-05-01T14:14:46.590000,-0.009707
2025-05-01T14:14:46.600000,-0.010102
2025-05-01T14:14:46.610000,-0.005804
2025-05-01T14:14:46.620000,-0.003984
2025-05-01T14:14:46.630000,-0.007865
2025-05-01T14:14:46.640000,-0.000717
2025-05-01T14:14:46.650000,0.004647
2025-05-01T14:14:46.660000,0.026539
2025-05-01T14:14:46.670000,-0.010020
2025-05-01T14:14:46.680000,-0.006362
2025-05-01T14:14:46.690000,0.019019
2025-05-01T14:14:46.700000,-0.003199
2025-05-01T14:14:46.710000,-0.007701
2025-05-01T14:14:46.720000,-0.000623
2025-05-01T14:14:46.730000,-0.002576
2025-05-01T14:14:46.740000,-0.017478
2025-05-01T14:14:46.750000,-0.005910
2025-05-01T14:14:46.760000,0.008164
2025-05-01T14:14:46.770000,-0.006201
2025-05-01T14:14:46.780000,-0.007433
2025-05-01T14:14:46.790000,-0.008300
2025-05-01T14:14:46.800000,-0.003114
2025-05-01T14:14:46.810000,0.004782
2025-05-01T14:14:46.820000,-0.003929
2025-05-01T14:14:46.830000,0.003957
2025-05-01T14:14:46.840000,-0.002925
2025-05-01T14:14:46.850000,-0.011537
2025-05-01T14:14:46.860000,-0.004666
2025-05-01T14:14:46.870000,0.000217
2025-05-01T14:14:46.880000,0.007138
2025-05-01T14:14:46.890000,0.007873
2025-05-01T14:14:46.900000,-0.017116
2025-05-01T14:14:46.910000,-0.006968
2025-05-01T14:14:46.920000,-0.009148
2025-05-01T14:14:46.930000,-0.005311
2025-05-01T14:14:46.940000,0.004257
2025-05-01T14:14:46.950000,-0.003193
2025-05-01T14:14:46.960000,-0.010552
2025-05-01T14:14:46.970000,0.014622
2025-05-01T14:14:46.980000,0.002437
2025-05-01T14:14:46.990000,0.001945
2025-05-01T14:14:47,0.013523
2025-05-01T14:14:47.010000,0.003910
2025-05-01T14:14:47.020000,0.007759
2025-05-01T14:14:47.030000,-0.003145
2025-05-01T14:14:47.040000,0.007204
2025-05-01T14:14:47.050000,-0.018226
2025-05-01T14:14:47.060000,-0.006574
2025-05-01T14:14:47.070000,0.014536
2025-05-01T14:14:47.080000,0.004962
2025-05-01T14:14:47.090000,0.011499
2025-05-01T14:14:47.100000,-0.010601
2025-05-01T14:14:47.110000,-0.000769
2025-05-01T14:14:47.120000,-0.013583
2025-05-01T14:14:47.130000,-0.010391
2025-05-01T14:14:47.140000,-0.003310
2025-05-01T14:14:47.150000,0.000749
2025-05-01T14:14:47.160000,0.008005
2025-05-01T14:14:47.170000,0.009187
2025-05-01T14:14:47.180000,-0.002708
2025-05-01T14:14:47.190000,0.024489
2025-05-01T14:14:47.200000,0.006615
2025-05-01T14:14:47.210000,-0.001029
2025-05-01T14:14:47.220000,-0.000465
2025-05-01T14:14:47.230000,-0.004787
2025-05-01T14:14:47.240000,-0.007314
2025-05-01T14:14:47.250000,0.009362
2025-05-01T14:14:47.260000,-0.018346
2025-05-01T14:14:47.270000,-0.000679
2025-05-01T14:14:47.280000,0.015221
2025-05-01T14:14:47.290000,-0.005285
2025-05-01T14:14:47.300000,0.006493
2025-05-01T14:14:47.310000,0.000946
2025-05-01T14:14:47.320000,-0.011192
2025-05-01T14:14:47.330000,0.010040
2025-05-01T14:14:47.340000,-0.007647
2025-05-01T14:14:47.350000,0.015167
2025-05-01T14:14:47.360000,-0.007020
2025-05-01T14:14:47.370000,-0.024679
2025-05-01T14:14:47.380000,-0.010849
2025-05-01T14:14:47.390000,-0.014359
2025-05-01T14:14:47.400000,0.004456
2025-05-01T14:14:47.410000,-0.007577
2025-05-01T14:14:47.420000,0.006672
2025-05-01T14:14:47.430000,0.003407
2025-05-01T14:14:47.440000,0.002233
2025-05-01T14:14:47.450000,-0.009072
2025-05-01T14:14:47.460000,-0.039682
2025-05-01T14:14:47.470000,0.003612
2025-05-01T14:14:47.480000,-0.000155
2025-05-01T14:14:47.490000,-0.006099
2025-05-01T14:14:47.500000,-0.005287
2025-05-01T14:14:47.510000,0.013376
2025-05-01T14:14:47.520000,0.003746
2025-05-01T14:14:47.530000,0.001771
2025-05-01T14:14:47.540000,0.016038
2025-05-01T14:14:47.550000,0.000166
2025-05-01T14:14:47.560000,0.004649
2025-05-01T14:14:47.570000,-0.003512
2025-05-01T14:14:47.580000,-0.013581
2025-05-01T14:14:47.590000,-0.006352
2025-05-01T14:14:47.600000,-0.017077
2025-05-01T14:14:47.610000,-0.005701
2025-05-01T14:14:47.620000,-0.006762
2025-05-01T14:14:47.630000,0.005144
2025-05-01T14:14:47.640000,-0.008466
2025-05-01T14:14:47.650000,-0.010982
2025-05-01T14:14:47.660000,-0.000490
2025-05-01T14:14:47.670000,0.004298
2025-05-01T14:14:47.680000,-0.008443
2025-05-01T14:14:47.690000,0.007020
2025-05-01T14:14:47.700000,0.007885
2025-05-01T14:14:47.710000,-0.007172
2025-05-01T14:14:47.720000,-0.010637
2025-05-01T14:14:47.730000,-0.011959
2025-05-01T14:14:47.740000,0.010865
2025-05-01T14:14:47.750000,0.007101
2025-05-01T14:14:47.760000,-0.005098
2025-05-01T14:14:47.770000,0.001659
2025-05-01T14:14:47.780000,0.003881
2025-05-01T14:14:47.790000,0.007972
2025-05-01T14:14:47.800000,0.001549
2025-05-01T14:14:47.810000,-0.001150
2025-05-01T14:14:47.820000,-0.009764
2025-05-01T14:14:47.830000,0.003184
2025-05-01T14:14:47.840000,-0.012416
2025-05-01T14:14:47.850000,-0.004495
2025-05-01T14:14:47.860000,0.001587
2025-05-01T14:14:47.870000,-0.005211
2025-05-01T14:14:47.880000,0.003897
2025-05-01T14:14:47.890000,-0.016109
2025-05-01T14:14:47.900000,0.006590
2025-05-01T14:14:47.910000,0.010335
2025-05-01T14:14:47.920000,-0.018262
2025-05-01T14:14:47.930000,-0.001039
2025-05-01T14:14:47.940000,0.006329
2025-05-01T14:14:47.950000,-0.014616
2025-05-01T14:14:47.960000,-0.007867
2025-05-01T14:14:47.970000,0.002410
2025-05-01T14:14:47.980000,-0.013751
2025-05-01T14:14:47.990000,-0.006908
2025-05-01T14:14:48,-0.004226
2025-05-01T14:14:48.010000,0.003419
2025-05-01T14:14:48.020000,0.007674
2025-05-01T14:14:48.030000,0.010658
2025-05-01T14:14:48.040000,-0.014266
2025-05-01T14:14:48.050000,-0.009304
2025-05-01T14:14:48.060000,0.004438
2025-05-01T14:14:48.070000,0.006947
2025-05-01T14:14:48.080000,0.007641
2025-05-01T14:14:48.090000,0.010086
2025-05-01T14:14:48.100000,0.002403
2025-05-01T14:14:48.110000,0.010745
2025-05-01T14:14:48.120000,-0.014765
2025-05-01T14:14:48.130000,-0.003886
2025-05-01T14:14:48.140000,-0.005389
2025-05-01T14:14:48.150000,0.015494
2025-05-01T14:14:48.160000,-0.006588
2025-05-01T14:14:48.170000,-0.012579
2025-05-01T14:14:48.180000,0.015548
2025-05-01T14:14:48.190000,0.003503
2025-05-01T14:14:48.200000,0.011596
2025-05-01T14:14:48.210000,0.001346
2025-05-01T14:14:48.220000,0.005713
2025-05-01T14:14:48.230000,0.004236
2025-05-01T14:14:48.240000,0.000849
2025-05-01T14:14:48.250000,-0.003415
2025-05-01T14:14:48.260000,0.003743
2025-05-01T14:14:48.270000,0.003135
2025-05-01T14:14:48.280000,0.018641
2025-05-01T14:14:48.290000,-0.003022
2025-05-01T14:14:48.300000,-0.003934
2025-05-01T14:14:48.310000,0.015438
2025-05-01T14:14:48.320000,0.009439
2025-05-01T14:14:48.330000,-0.015145
2025-05-01T14:14:48.340000,-0.005625
2025-05-01T14:14:48.350000,0.002553
2025-05-01T14:14:48.360000,0.008995
2025-05-01T14:14:48.370000,0.004988
2025-05-01T14:14:48.380000,-0.004963
2025-05-01T14:14:48.390000,0.005860
2025-05-01T14:14:48.400000,0.002271
2025-05-01T14:14:48.410000,0.007164
2025-05-01T14:14:48.420000,-0.009456
2025-05-01T14:14:48.430000,-0.002828
2025-05-01T14:14:48.440000,-0.006062
2025-05-01T14:14:48.450000,0.003386
2025-05-01T14:14:48.460000,-0.014955
2025-05-01T14:14:48.470000,0.007006
2025-05-01T14:14:48.480000,0.003343
2025-05-01T14:14:48.490000,0.010898
2025-05-01T14:14:48.500000,0.004255
2025-05-01T14:14:48.510000,-0.008554
2025-05-01T14:14:48.520000,0.021051
2025-05-01T14:14:48.530000,0.006534
2025-05-01T14:14:48.540000,-0.007546
2025-05-01T14:14:48.550000,-0.016745
2025-05-01T14:14:48.560000,0.009740
2025-05-01T14:14:48.570000,0.001550
2025-05-01T14:14:48.580000,0.012714
2025-05-01T14:14:48.590000,-0.016423
2025-05-01T14:14:48.600000,-0.011385
2025-05-01T14:14:48.610000,-0.019513
2025-05-01T14:14:48.620000,-0.019942
2025-05-01T14:14:48.630000,0.007132
2025-05-01T14:14:48.640000,-0.016784
2025-05-01T14:14:48.650000,0.001319
2025-05-01T14:14:48.660000,-0.001325
2025-05-01T14:14:48.670000,-0.000087
2025-05-01T14:14:48.680000,-0.000503
2025-05-01T14:14:48.690000,0.009168
2025-05-01T14:14:48.700000,-0.004424
2025-05-01T14:14:48.710000,-0.014013
2025-05-01T14:14:48.720000,0.000869
2025-05-01T14:14:48.730000,0.007561
2025-05-01T14:14:48.740000,-0.006198
2025-05-01T14:14:48.750000,0.016787
2025-05-01T14:14:48.760000,0.013481
2025-05-01T14:14:48.770000,0.000227
2025-05-01T14:14:48.780000,-0.017219
2025-05-01T14:14:48.790000,0.007644
2025-05-01T14:14:48.800000,0.000174
2025-05-01T14:14:48.810000,0.007356
2025-05-01T14:14:48.820000,0.013441
2025-05-01T14:14:48.830000,0.013215
2025-05-01T14:14:48.840000,0.004155
2025-05-01T14:14:48.850000,-0.018928
2025-05-01T14:14:48.860000,0.004584
2025-05-01T14:14:48.870000,0.010903
2025-05-01T14:14:48.880000,-0.004839
2025-05-01T14:14:48.890000,-0.002492
2025-05-01T14:14:48.900000,0.001204
2025-05-01T14:14:48.910000,0.002062
2025-05-01T14:14:48.920000,-0.007601
2025-05-01T14:14:48.930000,0.016719
2025-05-01T14:14:48.940000,0.014544
2025-05-01T14:14:48.950000,0.007638
2025-05-01T14:14:48.960000,0.005885
2025-05-01T14:14:48.970000,-0.003572
2025-05-01T14:14:48.980000,0.006508
2025-05-01T14:14:48.990000,-0.008196
2025-05-01T14:14:49,-0.005190
2025-05-01T14:14:49.010000,-0.006225
2025-05-01T14:14:49.020000,0.008510
2025-05-01T14:14:49.030000,0.005479
2025-05-01T14:14:49.040000,0.001935
2025-05-01T14:14:49.050000,-0.004096
2025-05-01T14:14:49.060000,-0.006634
2025-05-01T14:14:49.070000,0.013522
2025-05-01T14:14:49.080000,0.008373
2025-05-01T14:14:49.090000,-0.010503
2025-05-01T14:14:49.100000,0.002503
2025-05-01T14:14:49.110000,0.005852
2025-05-01T14:14:49.120000,-0.005654
2025-05-01T14:14:49.130000,-0.003966
2025-05-01T14:14:49.140000,0.002151
2025-05-01T14:14:49.150000,-0.000963
2025-05-01T14:14:49.160000,-0.006990
2025-05-01T14:14:49.170000,-0.011203
2025-05-01T14:14:49.180000,-0.013230
2025-05-01T14:14:49.190000,0.007378
2025-05-01T14:14:49.200000,-0.002003
2025-05-01T14:14:49.210000,-0.032455
2025-05-01T14:14:49.220000,0.009978
2025-05-01T14:14:49.230000,0.000956
2025-05-01T14:14:49.240000,-0.011729
2025-05-01T14:14:49.250000,0.004511
2025-05-01T14:14:49.260000,0.005398
2025-05-01T14:14:49.270000,0.002665
2025-05-01T14:14:49.280000,-0.012029
2025-05-01T14:14:49.290000,0.018634
2025-05-01T14:14:49.300000,0.020563
2025-05-01T14:14:49.310000,-0.003385
2025-05-01T14:14:49.320000,-0.010810
2025-05-01T14:14:49.330000,0.004943
2025-05-01T14:14:49.340000,0.005859
2025-05-01T14:14:49.350000,-0.000997
2025-05-01T14:14:49.360000,-0.011692
2025-05-01T14:14:49.370000,0.005753
2025-05-01T14:14:49.380000,-0.004139
2025-05-01T14:14:49.390000,-0.000912
2025-05-01T14:14:49.400000,-0.013140
2025-05-01T14:14:49.410000,0.002919
2025-05-01T14:14:49.420000,-0.006668
2025-05-01T14:14:49.430000,-0.001558
2025-05-01T14:14:49.440000,-0.013729
2025-05-01T14:14:49.450000,0.000963
2025-05-01T14:14:49.460000,-0.005864
2025-05-01T14:14:49.470000,0.015962
2025-05-01T14:14:49.480000,-0.012963
2025-05-01T14:14:49.490000,-0.004204
2025-05-01T14:14:49.500000,-0.007726
2025-05-01T14:14:49.510000,-0.005287
2025-05-01T14:14:49.520000,-0.015288
2025-05-01T14:14:49.530000,0.013203
2025-05-01T14:14:49.540000,-0.014579
2025-05-01T14:14:49.550000,-0.001946
2025-05-01T14:14:49.560000,-0.013082
2025-05-01T14:14:49.570000,-0.000088
2025-05-01T14:14:49.580000,-0.008317
2025-05-01T14:14:49.590000,0.003755
2025-05-01T14:14:49.600000,0.000037
2025-05-01T14:14:49.610000,-0.012552
2025-05-01T14:14:49.620000,0.027461
2025-05-01T14:14:49.630000,0.008196
2025-05-01T14:14:49.640000,-0.000879
2025-05-01T14:14:49.650000,0.006813
2025-05-01T14:14:49.660000,0.010561
2025-05-01T14:14:49.670000,0.008027
2025-05-01T14:14:49.680000,-0.003959
2025-05-01T14:14:49.690000,0.002519
2025-05-01T14:14:49.700000,-0.014617
2025-05-01T14:14:49.710000,-0.008534
2025-05-01T14:14:49.720000,-0.000222
2025-05-01T14:14:49.730000,0.001432
2025-05-01T14:14:49.740000,0.008189
2025-05-01T14:14:49.750000,-0.011956
2025-05-01T14:14:49.760000,-0.004524
2025-05-01T14:14:49.770000,-0.002090
2025-05-01T14:14:49.780000,-0.018372
2025-05-01T14:14:49.790000,-0.006168
2025-05-01T14:14:49.800000,0.008805
2025-05-01T14:14:49.810000,-0.011418
2025-05-01T14:14:49.820000,0.023210
2025-05-01T14:14:49.830000,0.013430
2025-05-01T14:14:49.840000,-0.009963
2025-05-01T14:14:49.850000,-0.014440
2025-05-01T14:14:49.860000,-0.002302
2025-05-01T14:14:49.870000,0.004352
2025-05-01T14:14:49.880000,-0.006669
2025-05-01T14:14:49.890000,0.009600
2025-05-01T14:14:49.900000,0.005864
2025-05-01T14:14:49.910000,0.003700
2025-05-01T14:14:49.920000,-0.007775
2025-05-01T14:14:49.930000,0.021314
2025-05-01T14:14:49.940000,-0.014266
2025-05-01T14:14:49.950000,-0.009983
2025-05-01T14:14:49.960000,-0.017613
2025-05-01T14:14:49.970000,-0.022660
2025-05-01T14:14:49.980000,-0.004441
2025-05-01T14:14:49.990000,0.014443
2025-05-01T14:14:50,-0.009352
2025-05-01T14:14:50.010000,-0.026797
2025-05-01T14:14:50.020000,-0.018426
2025-05-01T14:14:50.030000,-0.025031
2025-05-01T14:14:50.040000,-0.014169
2025-05-01T14:14:50.050000,0.000227
2025-05-01T14:14:50.060000,-0.012634
2025-05-01T14:14:50.070000,0.000982
2025-05-01T14:14:50.080000,0.021258
2025-05-01T14:14:50.090000,-0.014114
2025-05-01T14:14:50.100000,-0.026068
2025-05-01T14:14:50.110000,-0.011003
2025-05-01T14:14:50.120000,-0.025527
2025-05-01T14:14:50.130000,0.001695
2025-05-01T14:14:50.140000,0.019408
2025-05-01T14:14:50.150000,-0.016353
2025-05-01T14:14:50.160000,-0.001597
2025-05-01T14:14:50.170000,-0.009978
2025-05-01T14:14:50.180000,0.012391
2025-05-01T14:14:50.190000,0.009165
2025-05-01T14:14:50.200000,-0.014918
2025-05-01T14:14:50.210000,0.001483
2025-05-01T14:14:50.220000,-0.005150
2025-05-01T14:14:50.230000,-0.003227
2025-05-01T14:14:50.240000,0.014939
2025-05-01T14:14:50.250000,-0.002500
2025-05-01T14:14:50.260000,-0.006485
2025-05-01T14:14:50.270000,-0.002894
2025-05-01T14:14:50.280000,-0.012993
2025-05-01T14:14:50.290000,-0.013920
2025-05-01T14:14:50.300000,0.005509
2025-05-01T14:14:50.310000,-0.018842
2025-05-01T14:14:50.320000,-0.001546
2025-05-01T14:14:50.330000,0.018285
2025-05-01T14:14:50.340000,-0.003527
2025-05-01T14:14:50.350000,-0.007518
2025-05-01T14:14:50.360000,0.011244
2025-05-01T14:14:50.370000,-0.001795
2025-05-01T14:14:50.380000,0.007110
2025-05-01T14:14:50.390000,-0.004102
2025-05-01T14:14:50.400000,-0.008854
2025-05-01T14:14:50.410000,-0.017864
2025-05-01T14:14:50.420000,-0.004528
2025-05-01T14:14:50.430000,-0.010118
2025-05-01T14:14:50.440000,-0.009125
2025-05-01T14:14:50.450000,0.001418
2025-05-01T14:14:50.460000,-0.004431
2025-05-01T14:14:50.470000,-0.007080
2025-05-01T14:14:50.480000,0.015094
2025-05-01T14:14:50.490000,-0.014396
2025-05-01T14:14:50.500000,-0.004138
2025-05-01T14:14:50.510000,-0.001372
2025-05-01T14:14:50.520000,0.014892
2025-05-01T14:14:50.530000,0.005670
2025-05-01T14:14:50.540000,-0.006876
2025-05-01T14:14:50.550000,0.007502
2025-05-01T14:14:50.560000,-0.011219
2025-05-01T14:14:50.570000,-0.009242
2025-05-01T14:14:50.580000,0.013174
2025-05-01T14:14:50.590000,0.012494
2025-05-01T14:14:50.600000,-0.006335
2025-05-01T14:14:50.610000,-0.014091
2025-05-01T14:14:50.620000,-0.009713
2025-05-01T14:14:50.630000,0.002008
2025-05-01T14:14:50.640000,-0.003810
2025-05-01T14:14:50.650000,-0.006863
2025-05-01T14:14:50.660000,0.001281
2025-05-01T14:14:50.670000,0.020742
2025-05-01T14:14:50.680000,0.005598
2025-05-01T14:14:50.690000,-0.000124
2025-05-01T14:14:50.700000,-0.006480
2025-05-01T14:14:50.710000,-0.004904
2025-05-01T14:14:50.720000,-0.007991
2025-05-01T14:14:50.730000,-0.003228
2025-05-01T14:14:50.740000,0.010270
2025-05-01T14:14:50.750000,-0.008927
2025-05-01T14:14:50.760000,-0.019734
2025-05-01T14:14:50.770000,0.000098
2025-05-01T14:14:50.780000,0.008795
2025-05-01T14:14:50.790000,-0.007299
2025-05-01T14:14:50.800000,-0.001362
2025-05-01T14:14:50.810000,0.000811
2025-05-01T14:14:50.820000,0.001015
2025-05-01T14:14:50.830000,0.013351
2025-05-01T14:14:50.840000,-0.012094
2025-05-01T14:14:50.850000,-0.000836
2025-05-01T14:14:50.860000,-0.010072
2025-05-01T14:14:50.870000,0.005673
2025-05-01T14:14:50.880000,-0.010206
2025-05-01T14:14:50.890000,-0.004504
2025-05-01T14:14:50.900000,-0.017639
2025-05-01T14:14:50.910000,-0.002065
2025-05-01T14:14:50.920000,-0.005686
2025-05-01T14:14:50.930000,-0.002887
2025-05-01T14:14:50.940000,0.008434
2025-05-01T14:14:50.950000,0.000649
2025-05-01T14:14:50.960000,-0.025877
2025-05-01T14:14:50.970000,-0.006561
2025-05-01T14:14:50.980000,-0.006487
2025-05-01T14:14:50.990000,-0.018603
2025-05-01T14:14:51,0.009799
2025-05-01T14:14:51.010000,0.008382
2025-05-01T14:14:51.020000,-0.007299
2025-05-01T14:14:51.030000,0.009799
2025-05-01T14:14:51.040000,-0.007174
2025-05-01T14:14:51.050000,0.015637
2025-05-01T14:14:51.060000,-0.007996
2025-05-01T14:14:51.070000,0.014617
2025-05-01T14:14:51.080000,0.008702
2025-05-01T14:14:51.090000,-0.005567
2025-05-01T14:14:51.100000,0.009495
2025-05-01T14:14:51.110000,-0.002959
2025-05-01T14:14:51.120000,0.010304
2025-05-01T14:14:51.130000,0.002550
2025-05-01T14:14:51.140000,-0.000027
2025-05-01T14:14:51.150000,-0.006808
2025-05-01T14:14:51.160000,-0.000129
2025-05-01T14:14:51.170000,-0.011905
2025-05-01T14:14:51.180000,0.000041
2025-05-01T14:14:51.190000,-0.009163
2025-05-01T14:14:51.200000,0.005454
2025-05-01T14:14:51.210000,0.005219
2025-05-01T14:14:51.220000,-0.008995
2025-05-01T14:14:51.230000,0.008601
2025-05-01T14:14:51.240000,-0.005779
2025-05-01T14:14:51.250000,-0.000400
2025-05-01T14:14:51.260000,0.006202
2025-05-01T14:14:51.270000,0.014828
2025-05-01T14:14:51.280000,-0.008149
2025-05-01T14:14:51.290000,-0.016188
2025-05-01T14:14:51.300000,0.014154
2025-05-01T14:14:51.310000,0.002788
2025-05-01T14:14:51.320000,-0.003751
2025-05-01T14:14:51.330000,-0.015793
2025-05-01T14:14:51.340000,-0.010993
2025-05-01T14:14:51.350000,0.004597
2025-05-01T14:14:51.360000,0.000857
2025-05-01T14:14:51.370000,0.017614
2025-05-01T14:14:51.380000,0.001603
2025-05-01T14:14:51.390000,0.011554
2025-05-01T14:14:51.400000,-0.004448
2025-05-01T14:14:51.410000,0.006559
2025-05-01T14:14:51.420000,-0.008610
2025-05-01T14:14:51.430000,-0.008829
2025-05-01T14:14:51.440000,0.002235
2025-05-01T14:14:51.450000,0.007032
2025-05-01T14:14:51.460000,-0.018869
2025-05-01T14:14:51.470000,0.006781
2025-05-01T14:14:51.480000,0.004883
2025-05-01T14:14:51.490000,0.024540
2025-05-01T14:14:51.500000,0.014379
2025-05-01T14:14:51.510000,-0.001177
2025-05-01T14:14:51.520000,-0.000152
2025-05-01T14:14:51.530000,-0.008189
2025-05-01T14:14:51.540000,0.001773
2025-05-01T14:14:51.550000,0.007884
2025-05-01T14:14:51.560000,-0.008665
2025-05-01T14:14:51.570000,-0.011035
2025-05-01T14:14:51.580000,0.007415
2025-05-01T14:14:51.590000,0.016344
2025-05-01T14:14:51.600000,-0.020753
2025-05-01T14:14:51.610000,0.005816
2025-05-01T14:14:51.620000,0.008441
2025-05-01T14:14:51.630000,-0.000086
2025-05-01T14:14:51.640000,0.007039
2025-05-01T14:14:51.650000,0.004545
2025-05-01T14:14:51.660000,-0.004059
2025-05-01T14:14:51.670000,0.011995
2025-05-01T14:14:51.680000,-0.015075
2025-05-01T14:14:51.690000,-0.003002
2025-05-01T14:14:51.700000,0.020064
2025-05-01T14:14:51.710000,-0.021052
2025-05-01T14:14:51.720000,-0.009408
2025-05-01T14:14:51.730000,-0.006376
2025-05-01T14:14:51.740000,0.010855
2025-05-01T14:14:51.750000,0.008442
2025-05-01T14:14:51.760000,-0.001756
2025-05-01T14:14:51.770000,0.024169
2025-05-01T14:14:51.780000,-0.003451
2025-05-01T14:14:51.790000,0.007720
2025-05-01T14:14:51.800000,0.004506
2025-05-01T14:14:51.810000,-0.001387
2025-05-01T14:14:51.820000,-0.004993
2025-05-01T14:14:51.830000,0.016135
2025-05-01T14:14:51.840000,-0.004464
2025-05-01T14:14:51.850000,-0.019335
2025-05-01T14:14:51.860000,0.006099
2025-05-01T14:14:51.870000,0.009531
2025-05-01T14:14:51.880000,0.019243
2025-05-01T14:14:51.890000,-0.007692
2025-05-01T14:14:51.900000,0.005880
2025-05-01T14:14:51.910000,0.011689
2025-05-01T14:14:51.920000,-0.003873
2025-05-01T14:14:51.930000,-0.005044
2025-05-01T14:14:51.940000,-0.009510
2025-05-01T14:14:51.950000,-0.008340
2025-05-01T14:14:51.960000,0.011939
2025-05-01T14:14:51.970000,-0.012947
2025-05-01T14:14:51.980000,0.008533
2025-05-01T14:14:51.990000,0.028109
2025-05-01T14:14:52,-0.014817
2025-05-01T14:14:52.010000,-0.020224
2025-05-01T14:14:52.020000,-0.000886
2025-05-01T14:14:52.030000,0.005231
2025-05-01T14:14:52.040000,0.001128
2025-05-01T14:14:52.050000,-0.005749
2025-05-01T14:14:52.060000,0.004456
2025-05-01T14:14:52.070000,0.004696
2025-05-01T14:14:52.080000,0.003236
2025-05-01T14:14:52.090000,-0.006968
2025-05-01T14:14:52.100000,0.002816
2025-05-01T14:14:52.110000,-0.007515
2025-05-01T14:14:52.120000,-0.019352
2025-05-01T14:14:52.130000,0.002174
2025-05-01T14:14:52.140000,-0.013291
2025-05-01T14:14:52.150000,-0.001010
2025-05-01T14:14:52.160000,0.002764
2025-05-01T14:14:52.170000,0.012611
2025-05-01T14:14:52.180000,-0.002333
2025-05-01T14:14:52.190000,0.002652
2025-05-01T14:14:52.200000,-0.002140
2025-05-01T14:14:52.210000,0.005502
2025-05-01T14:14:52.220000,0.006112
2025-05-01T14:14:52.230000,0.006278
2025-05-01T14:14:52.240000,-0.006585
2025-05-01T14:14:52.250000,0.005257
2025-05-01T14:14:52.260000,-0.024416
2025-05-01T14:14:52.270000,0.017429
2025-05-01T14:14:52.280000,0.000143
2025-05-01T14:14:52.290000,-0.024661
2025-05-01T14:14:52.300000,-0.002065
2025-05-01T14:14:52.310000,-0.009061
2025-05-01T14:14:52.320000,-0.007530
2025-05-01T14:14:52.330000,-0.003103
2025-05-01T14:14:52.340000,0.007974
2025-05-01T14:14:52.350000,0.016585
2025-05-01T14:14:52.360000,0.007620
2025-05-01T14:14:52.370000,-0.014165
2025-05-01T14:14:52.380000,0.013482
2025-05-01T14:14:52.390000,-0.010066
2025-05-01T14:14:52.400000,-0.000910
2025-05-01T14:14:52.410000,0.008144
2025-05-01T14:14:52.420000,0.000231
2025-05-01T14:14:52.430000,0.012406
2025-05-01T14:14:52.440000,-0.006259
2025-05-01T14:14:52.450000,0.016965
2025-05-01T14:14:52.460000,0.003712
2025-05-01T14:14:52.470000,0.010395
2025-05-01T14:14:52.480000,0.000491
2025-05-01T14:14:52.490000,0.003787
2025-05-01T14:14:52.500000,0.006850
2025-05-01T14:14:52.510000,0.004732
2025-05-01T14:14:52.520000,-0.003377
2025-05-01T14:14:52.530000,-0.006442
2025-05-01T14:14:52.540000,-0.008023
2025-05-01T14:14:52.550000,-0.013587
2025-05-01T14:14:52.560000,0.015702
2025-05-01T14:14:52.570000,-0.008461
2025-05-01T14:14:52.580000,-0.002705
2025-05-01T14:14:52.590000,0.005971
2025-05-01T14:14:52.600000,-0.014082
2025-05-01T14:14:52.610000,0.008328
2025-05-01T14:14:52.620000,0.008254
2025-05-01T14:14:52.630000,-0.011747
2025-05-01T14:14:52.640000,-0.000404
2025-05-01T14:14:52.650000,0.000002
2025-05-01T14:14:52.660000,0.004310
2025-05-01T14:14:52.670000,0.006988
2025-05-01T14:14:52.680000,-0.012192
2025-05-01T14:14:52.690000,-0.008181
2025-05-01T14:14:52.700000,-0.007386
2025-05-01T14:14:52.710000,-0.000131
2025-05-01T14:14:52.720000,-0.007394
2025-05-01T14:14:52.730000,0.002076
2025-05-01T14:14:52.740000,-0.012588
2025-05-01T14:14:52.750000,0.020216
2025-05-01T14:14:52.760000,-0.005078
2025-05-01T14:14:52.770000,-0.009319
2025-05-01T14:14:52.780000,0.000441
2025-05-01T14:14:52.790000,-0.002572
2025-05-01T14:14:52.800000,-0.003531
2025-05-01T14:14:52.810000,-0.003803
2025-05-01T14:14:52.820000,0.003211
2025-05-01T14:14:52.830000,-0.008593
2025-05-01T14:14:52.840000,-0.007577
2025-05-01T14:14:52.850000,0.009446
2025-05-01T14:14:52.860000,-0.031728
2025-05-01T14:14:52.870000,-0.009456
2025-05-01T14:14:52.880000,0.007406
2025-05-01T14:14:52.890000,-0.000162
2025-05-01T14:14:52.900000,0.002050
2025-05-01T14:14:52.910000,-0.011593
2025-05-01T14:14:52.920000,0.009324
2025-05-01T14:14:52.930000,0.002840
2025-05-01T14:14:52.940000,-0.006144
2025-05-01T14:14:52.950000,-0.014201
2025-05-01T14:14:52.960000,0.004091
2025-05-01T14:14:52.970000,-0.000829
2025-05-01T14:14:52.980000,-0.006991
2025-05-01T14:14:52.990000,0.012632
2025-05-01T14:14:53,-0.008449
2025-05-01T14:14:53.010000,0.008807
2025-05-01T14:14:53.020000,0.014025
2025-05-01T14:14:53.030000,-0.001176
2025-05-01T14:14:53.040000,0.004139
2025-05-01T14:14:53.050000,0.005063
2025-05-01T14:14:53.060000,-0.009623
2025-05-01T14:14:53.070000,0.004836
2025-05-01T14:14:53.080000,-0.015357
2025-05-01T14:14:53.090000,0.008448
2025-05-01T14:14:53.100000,0.008723
2025-05-01T14:14:53.110000,0.004921
2025-05-01T14:14:53.120000,0.017162
2025-05-01T14:14:53.130000,0.014358
2025-05-01T14:14:53.140000,-0.016120
2025-05-01T14:14:53.150000,-0.000682
2025-05-01T14:14:53.160000,-0.016599
2025-05-01T14:14:53.170000,-0.003455
2025-05-01T14:14:53.180000,-0.000650
2025-05-01T14:14:53.190000,0.001325
2025-05-01T14:14:53.200000,0.008839
2025-05-01T14:14:53.210000,-0.021551
2025-05-01T14:14:53.220000,0.013720
2025-05-01T14:14:53.230000,0.008196
2025-05-01T14:14:53.240000,-0.013083
2025-05-01T14:14:53.250000,0.002880
2025-05-01T14:14:53.260000,-0.002072
2025-05-01T14:14:53.270000,0.008117
2025-05-01T14:14:53.280000,-0.005565
2025-05-01T14:14:53.290000,0.011076
2025-05-01T14:14:53.300000,0.008908
2025-05-01T14:14:53.310000,-0.023914
2025-05-01T14:14:53.320000,0.001331
2025-05-01T14:14:53.330000,0.001999
2025-05-01T14:14:53.340000,-0.004681
2025-05-01T14:14:53.350000,0.003402
2025-05-01T14:14:53.360000,0.000373
2025-05-01T14:14:53.370000,-0.027092
2025-05-01T14:14:53.380000,-0.013912
2025-05-01T14:14:53.390000,-0.005663
2025-05-01T14:14:53.400000,0.021966
2025-05-01T14:14:53.410000,-0.010104
2025-05-01T14:14:53.420000,0.018501
2025-05-01T14:14:53.430000,-0.012847
2025-05-01T14:14:53.440000,0.014572
2025-05-01T14:14:53.450000,-0.010026
2025-05-01T14:14:53.460000,0.004310
2025-05-01T14:14:53.470000,0.008987
2025-05-01T14:14:53.480000,0.004890
2025-05-01T14:14:53.490000,0.007261
2025-05-01T14:14:53.500000,0.011711
2025-05-01T14:14:53.510000,0.004208
2025-05-01T14:14:53.520000,0.004781
2025-05-01T14:14:53.530000,-0.001336
2025-05-01T14:14:53.540000,-0.004625
2025-05-01T14:14:53.550000,0.004730
2025-05-01T14:14:53.560000,0.008647
2025-05-01T14:14:53.570000,0.000060
2025-05-01T14:14:53.580000,0.003602
2025-05-01T14:14:53.590000,0.009561
2025-05-01T14:14:53.600000,-0.005722
2025-05-01T14:14:53.610000,0.015417
2025-05-01T14:14:53.620000,-0.019657
2025-05-01T14:14:53.630000,-0.009576
2025-05-01T14:14:53.640000,-0.000524
2025-05-01T14:14:53.650000,0.012987
2025-05-01T14:14:53.660000,0.007709
2025-05-01T14:14:53.670000,-0.008215
2025-05-01T14:14:53.680000,0.002208
2025-05-01T14:14:53.690000,-0.007987
2025-05-01T14:14:53.700000,0.000192
2025-05-01T14:14:53.710000,0.001048
2025-05-01T14:14:53.720000,0.009759
2025-05-01T14:14:53.730000,-0.018158
2025-05-01T14:14:53.740000,-0.017867
2025-05-01T14:14:53.750000,-0.008218
2025-05-01T14:14:53.760000,-0.022087
2025-05-01T14:14:53.770000,-0.019047
2025-05-01T14:14:53.780000,0.013585
2025-05-01T14:14:53.790000,-0.014017
2025-05-01T14:14:53.800000,-0.015701
2025-05-01T14:14:53.810000,0.011704
2025-05-01T14:14:53.820000,0.007449
2025-05-01T14:14:53.830000,0.012930
2025-05-01T14:14:53.840000,-0.004458
2025-05-01T14:14:53.850000,0.006770
2025-05-01T14:14:53.860000,0.006868
2025-05-01T14:14:53.870000,0.005696
2025-05-01T14:14:53.880000,-0.006736
2025-05-01T14:14:53.890000,-0.019261
2025-05-01T14:14:53.900000,0.005149
2025-05-01T14:14:53.910000,0.006436
2025-05-01T14:14:53.920000,0.011845
2025-05-01T14:14:53.930000,0.004062
2025-05-01T14:14:53.940000,0.012943
2025-05-01T14:14:53.950000,0.003365
2025-05-01T14:14:53.960000,0.008913
2025-05-01T14:14:53.970000,0.001307
2025-05-01T14:14:53.980000,-0.008197
2025-05-01T14:14:53.990000,-0.001459
2025-05-01T14:14:54,-0.002538
2025-05-01T14:14:54.010000,-0.012948
2025-05-01T14:14:54.020000,-0.005826
2025-05-01T14:14:54.030000,0.007279
2025-05-01T14:14:54.040000,-0.002412
2025-05-01T14:14:54.050000,0.008774
2025-05-01T14:14:54.060000,0.007632
2025-05-01T14:14:54.070000,0.006285
2025-05-01T14:14:54.080000,0.002785
2025-05-01T14:14:54.090000,-0.005467
2025-05-01T14:14:54.100000,-0.006013
2025-05-01T14:14:54.110000,0.001072
2025-05-01T14:14:54.120000,-0.011270
2025-05-01T14:14:54.130000,-0.015925
2025-05-01T14:14:54.140000,0.006744
2025-05-01T14:14:54.150000,-0.008946
2025-05-01T14:14:54.160000,0.002356
2025-05-01T14:14:54.170000,-0.011049
2025-05-01T14:14:54.180000,-0.007135
2025-05-01T14:14:54.190000,-0.000840
2025-05-01T14:14:54.200000,-0.013243
2025-05-01T14:14:54.210000,-0.023080
2025-05-01T14:14:54.220000,0.005371
2025-05-01T14:14:54.230000,0.023788
2025-05-01T14:14:54.240000,0.007010
2025-05-01T14:14:54.250000,-0.000285
2025-05-01T14:14:54.260000,-0.004423
2025-05-01T14:14:54.270000,0.026121
2025-05-01T14:14:54.280000,0.011027
2025-05-01T14:14:54.290000,-0.001167
2025-05-01T14:14:54.300000,0.000658
2025-05-01T14:14:54.310000,-0.004919
2025-05-01T14:14:54.320000,0.003552
2025-05-01T14:14:54.330000,0.006508
2025-05-01T14:14:54.340000,0.001461
2025-05-01T14:14:54.350000,-0.009197
2025-05-01T14:14:54.360000,-0.009576
2025-05-01T14:14:54.370000,0.004768
2025-05-01T14:14:54.380000,-0.010083
2025-05-01T14:14:54.390000,-0.017029
2025-05-01T14:14:54.400000,-0.002712
2025-05-01T14:14:54.410000,0.007653
2025-05-01T14:14:54.420000,0.002715
2025-05-01T14:14:54.430000,0.016594
2025-05-01T14:14:54.440000,-0.000916
2025-05-01T14:14:54.450000,0.003264
2025-05-01T14:14:54.460000,0.002944
2025-05-01T14:14:54.470000,0.006640
2025-05-01T14:14:54.480000,0.007804
2025-05-01T14:14:54.490000,0.002880
2025-05-01T14:14:54.500000,-0.020890
2025-05-01T14:14:54.510000,-0.007748
2025-05-01T14:14:54.520000,-0.016499
2025-05-01T14:14:54.530000,0.002195
2025-05-01T14:14:54.540000,0.005334
2025-05-01T14:14:54.550000,-0.002521
2025-05-01T14:14:54.560000,-0.001564
2025-05-01T14:14:54.570000,0.004830
2025-05-01T14:14:54.580000,0.001662
2025-05-01T14:14:54.590000,-0.008688
2025-05-01T14:14:54.600000,-0.001709
2025-05-01T14:14:54.610000,-0.016954
2025-05-01T14:14:54.620000,0.009499
2025-05-01T14:14:54.630000,0.011809
2025-05-01T14:14:54.640000,-0.003282
2025-05-01T14:14:54.650000,0.001778
2025-05-01T14:14:54.660000,0.014528
2025-05-01T14:14:54.670000,-0.007502
2025-05-01T14:14:54.680000,-0.003310
2025-05-01T14:14:54.690000,0.012195
2025-05-01T14:14:54.700000,0.009724
2025-05-01T14:14:54.710000,-0.002212
2025-05-01T14:14:54.720000,0.002915
2025-05-01T14:14:54.730000,-0.004598
2025-05-01T14:14:54.740000,0.011469
2025-05-01T14:14:54.750000,0.002983
2025-05-01T14:14:54.760000,0.007146
2025-05-01T14:14:54.770000,-0.015591
2025-05-01T14:14:54.780000,0.007116
2025-05-01T14:14:54.790000,-0.013474
2025-05-01T14:14:54.800000,-0.017295
2025-05-01T14:14:54.810000,0.012487
2025-05-01T14:14:54.820000,-0.012393
2025-05-01T14:14:54.830000,0.003150
2025-05-01T14:14:54.840000,0.013797
2025-05-01T14:14:54.850000,0.019741
2025-05-01T14:14:54.860000,-0.006643
2025-05-01T14:14:54.870000,0.001309
2025-05-01T14:14:54.880000,-0.021297
2025-05-01T14:14:54.890000,-0.009295
2025-05-01T14:14:54.900000,-0.001243
2025-05-01T14:14:54.910000,-0.015019
2025-05-01T14:14:54.920000,0.004809
2025-05-01T14:14:54.930000,0.008861
2025-05-01T14:14:54.940000,-0.009302
2025-05-01T14:14:54.950000,0.022627
2025-05-01T14:14:54.960000,-0.004835
2025-05-01T14:14:54.970000,0.006804
2025-05-01T14:14:54.980000,0.022071
2025-05-01T14:14:54.990000,-0.024931
2025-05-01T14:14:55,-0.008013
2025-05-01T14:14:55.010000,-0.005781
2025-05-01T14:14:55.020000,-0.022529
2025-05-01T14:14:55.030000,-0.000710
2025-05-01T14:14:55.040000,0.007415
2025-05-01T14:14:55.050000,0.001820
2025-05-01T14:14:55.060000,-0.002560
2025-05-01T14:14:55.070000,0.016873
2025-05-01T14:14:55.080000,-0.005762
2025-05-01T14:14:55.090000,0.010973
2025-05-01T14:14:55.100000,0.000108
2025-05-01T14:14:55.110000,-0.001597
2025-05-01T14:14:55.120000,0.016942
2025-05-01T14:14:55.130000,-0.006247
2025-05-01T14:14:55.140000,-0.005658
2025-05-01T14:14:55.150000,-0.011595
2025-05-01T14:14:55.160000,-0.005219
2025-05-01T14:14:55.170000,-0.011198
2025-05-01T14:14:55.180000,-0.007266
2025-05-01T14:14:55.190000,-0.004656
2025-05-01T14:14:55.200000,-0.000037
2025-05-01T14:14:55.210000,-0.011927
2025-05-01T14:14:55.220000,0.024050
2025-05-01T14:14:55.230000,-0.001936
2025-05-01T14:14:55.240000,0.002220
2025-05-01T14:14:55.250000,-0.010571
2025-05-01T14:14:55.260000,-0.012544
2025-05-01T14:14:55.270000,-0.008409
2025-05-01T14:14:55.280000,-0.007497
2025-05-01T14:14:55.290000,-0.001175
2025-05-01T14:14:55.300000,0.006444
2025-05-01T14:14:55.310000,0.012080
2025-05-01T14:14:55.320000,0.004092
2025-05-01T14:14:55.330000,0.011729
2025-05-01T14:14:55.340000,0.009936
2025-05-01T14:14:55.350000,-0.006542
2025-05-01T14:14:55.360000,0.003371
2025-05-01T14:14:55.370000,0.001777
2025-05-01T14:14:55.380000,0.008101
2025-05-01T14:14:55.390000,0.000022
2025-05-01T14:14:55.400000,0.009763
2025-05-01T14:14:55.410000,-0.007478
2025-05-01T14:14:55.420000,0.003902
2025-05-01T14:14:55.430000,-0.009002
2025-05-01T14:14:55.440000,-0.010446
2025-05-01T14:14:55.450000,0.003028
2025-05-01T14:14:55.460000,0.008541
2025-05-01T14:14:55.470000,0.003850
2025-05-01T14:14:55.480000,-0.015769
2025-05-01T14:14:55.490000,-0.012845
2025-05-01T14:14:55.500000,-0.014874
2025-05-01T14:14:55.510000,0.003344
2025-05-01T14:14:55.520000,0.016154
2025-05-01T14:14:55.530000,0.016731
2025-05-01T14:14:55.540000,-0.013641
2025-05-01T14:14:55.550000,-0.006903
2025-05-01T14:14:55.560000,-0.021199
2025-05-01T14:14:55.570000,-0.018955
2025-05-01T14:14:55.580000,-0.003598
2025-05-01T14:14:55.590000,-0.001901
2025-05-01T14:14:55.600000,0.002973
2025-05-01T14:14:55.610000,0.004162
2025-05-01T14:14:55.620000,-0.005874
2025-05-01T14:14:55.630000,-0.005817
2025-05-01T14:14:55.640000,-0.006442
2025-05-01T14:14:55.650000,-0.018437
2025-05-01T14:14:55.660000,0.011297
2025-05-01T14:14:55.670000,0.009434
2025-05-01T14:14:55.680000,-0.017332
2025-05-01T14:14:55.690000,-0.001513
2025-05-01T14:14:55.700000,0.003759
2025-05-01T14:14:55.710000,0.011823
2025-05-01T14:14:55.720000,0.011994
2025-05-01T14:14:55.730000,0.011404
2025-05-01T14:14:55.740000,-0.007451
2025-05-01T14:14:55.750000,0.005952
2025-05-01T14:14:55.760000,-0.011159
2025-05-01T14:14:55.770000,0.013446
2025-05-01T14:14:55.780000,-0.007010
2025-05-01T14:14:55.790000,0.000505
2025-05-01T14:14:55.800000,0.015075
2025-05-01T14:14:55.810000,-0.001364
2025-05-01T14:14:55.820000,0.000457
2025-05-01T14:14:55.830000,-0.007263
2025-05-01T14:14:55.840000,-0.007334
2025-05-01T14:14:55.850000,-0.008027
2025-05-01T14:14:55.860000,-0.006709
2025-05-01T14:14:55.870000,-0.002816
2025-05-01T14:14:55.880000,-0.011581
2025-05-01T14:14:55.890000,0.005671
2025-05-01T14:14:55.900000,0.004644
2025-05-01T14:14:55.910000,0.010649
2025-05-01T14:14:55.920000,-0.005233
2025-05-01T14:14:55.930000,-0.004236
2025-05-01T14:14:55.940000,-0.003838
2025-05-01T14:14:55.950000,0.004414
2025-05-01T14:14:55.960000,-0.002661
2025-05-01T14:14:55.970000,0.012415
2025-05-01T14:14:55.980000,-0.003218
2025-05-01T14:14:55.990000,0.002339
2025-05-01T14:14:56,-0.000193
2025-05-01T14:14:56.010000,0.010533
2025-05-01T14:14:56.020000,-0.016510
2025-05-01T14:14:56.030000,-0.006852
2025-05-01T14:14:56.040000,-0.000663
2025-05-01T14:14:56.050000,0.000144
2025-05-01T14:14:56.060000,0.000370
2025-05-01T14:14:56.070000,-0.019948
2025-05-01T14:14:56.080000,0.003104
2025-05-01T14:14:56.090000,-0.008566
2025-05-01T14:14:56.100000,-0.013971
2025-05-01T14:14:56.110000,0.000971
2025-05-01T14:14:56.120000,-0.001642
2025-05-01T14:14:56.130000,0.002362
2025-05-01T14:14:56.140000,-0.012839
2025-05-01T14:14:56.150000,0.007133
2025-05-01T14:14:56.160000,0.010546
2025-05-01T14:14:56.170000,-0.000500
2025-05-01T14:14:56.180000,-0.003348
2025-05-01T14:14:56.190000,-0.004843
2025-05-01T14:14:56.200000,-0.002523
2025-05-01T14:14:56.210000,-0.012761
2025-05-01T14:14:56.220000,0.009163
2025-05-01T14:14:56.230000,0.000315
2025-05-01T14:14:56.240000,-0.005436
2025-05-01T14:14:56.250000,-0.006581
2025-05-01T14:14:56.260000,0.012697
2025-05-01T14:14:56.270000,-0.012202
2025-05-01T14:14:56.280000,0.001404
2025-05-01T14:14:56.290000,-0.000493
2025-05-01T14:14:56.300000,-0.010335
2025-05-01T14:14:56.310000,0.024871
2025-05-01T14:14:56.320000,0.001825
2025-05-01T14:14:56.330000,0.000303
2025-05-01T14:14:56.340000,0.007723
2025-05-01T14:14:56.350000,0.017330
2025-05-01T14:14:56.360000,0.000651
2025-05-01T14:14:56.370000,-0.000979
2025-05-01T14:14:56.380000,0.006391
2025-05-01T14:14:56.390000,-0.009435
2025-05-01T14:14:56.400000,0.008780
2025-05-01T14:14:56.410000,-0.004037
2025-05-01T14:14:56.420000,-0.005695
2025-05-01T14:14:56.430000,0.009496
2025-05-01T14:14:56.440000,0.008250
2025-05-01T14:14:56.450000,-0.017410
2025-05-01T14:14:56.460000,0.005450
2025-05-01T14:14:56.470000,-0.006543
2025-05-01T14:14:56.480000,0.007632
2025-05-01T14:14:56.490000,0.019035
2025-05-01T14:14:56.500000,0.014477
2025-05-01T14:14:56.510000,-0.013242
2025-05-01T14:14:56.520000,0.020417
2025-05-01T14:14:56.530000,0.015349
2025-05-01T14:14:56.540000,-0.009611
2025-05-01T14:14:56.550000,-0.006762
2025-05-01T14:14:56.560000,0.011530
2025-05-01T14:14:56.570000,0.004507
2025-05-01T14:14:56.580000,-0.011668
2025-05-01T14:14:56.590000,-0.002661
2025-05-01T14:14:56.600000,0.022019
2025-05-01T14:14:56.610000,0.000088
2025-05-01T14:14:56.620000,-0.008285
2025-05-01T14:14:56.630000,0.014693
2025-05-01T14:14:56.640000,-0.024711
2025-05-01T14:14:56.650000,-0.006983
2025-05-01T14:14:56.660000,-0.011270
2025-05-01T14:14:56.670000,-0.008700
2025-05-01T14:14:56.680000,-0.007065
2025-05-01T14:14:56.690000,0.007743
2025-05-01T14:14:56.700000,0.005806
2025-05-01T14:14:56.710000,-0.000335
2025-05-01T14:14:56.720000,0.003937
2025-05-01T14:14:56.730000,0.002525
2025-05-01T14:14:56.740000,0.008677
2025-05-01T14:14:56.750000,0.013068
2025-05-01T14:14:56.760000,0.001221
2025-05-01T14:14:56.770000,-0.005244
2025-05-01T14:14:56.780000,-0.000649
2025-05-01T14:14:56.790000,-0.006948
2025-05-01T14:14:56.800000,0.013498
2025-05-01T14:14:56.810000,-0.001618
2025-05-01T14:14:56.820000,-0.019400
2025-05-01T14:14:56.830000,0.011356
2025-05-01T14:14:56.840000,-0.009090
2025-05-01T14:14:56.850000,-0.011119
2025-05-01T14:14:56.860000,-0.014637
2025-05-01T14:14:56.870000,-0.010974
2025-05-01T14:14:56.880000,0.004250
2025-05-01T14:14:56.890000,-0.012240
2025-05-01T14:14:56.900000,-0.007139
2025-05-01T14:14:56.910000,0.005612
2025-05-01T14:14:56.920000,-0.008434
2025-05-01T14:14:56.930000,0.002015
2025-05-01T14:14:56.940000,-0.003857
2025-05-01T14:14:56.950000,-0.022502
2025-05-01T14:14:56.960000,0.009392
2025-05-01T14:14:56.970000,0.001195
2025-05-01T14:14:56.980000,0.003443
2025-05-01T14:14:56.990000,-0.012638
2025-05-01T14:14:57,0.003351
2025-05-01T14:14:57.010000,-0.003993
2025-05-01T14:14:57.020000,0.003094
2025-05-01T14:14:57.030000,0.008287
2025-05-01T14:14:57.040000,0.006540
2025-05-01T14:14:57.050000,0.006880
2025-05-01T14:14:57.060000,0.010208
2025-05-01T14:14:57.070000,-0.004401
2025-05-01T14:14:57.080000,-0.025104
2025-05-01T14:14:57.090000,-0.001010
2025-05-01T14:14:57.100000,-0.006809
2025-05-01T14:14:57.110000,0.014982
2025-05-01T14:14:57.120000,0.002838
2025-05-01T14:14:57.130000,-0.011772
2025-05-01T14:14:57.140000,-0.017501
2025-05-01T14:14:57.150000,0.000303
2025-05-01T14:14:57.160000,0.010406
2025-05-01T14:14:57.170000,0.009621
2025-05-01T14:14:57.180000,0.010097
2025-05-01T14:14:57.190000,-0.003861
2025-05-01T14:14:57.200000,-0.000384
2025-05-01T14:14:57.210000,-0.008200
2025-05-01T14:14:57.220000,-0.009938
2025-05-01T14:14:57.230000,-0.001423
2025-05-01T14:14:57.240000,-0.008063
2025-05-01T14:14:57.250000,-0.003879
2025-05-01T14:14:57.260000,-0.002313
2025-05-01T14:14:57.270000,0.007714
2025-05-01T14:14:57.280000,0.012859
2025-05-01T14:14:57.290000,0.002060
2025-05-01T14:14:57.300000,0.001040
2025-05-01T14:14:57.310000,-0.012732
2025-05-01T14:14:57.320000,-0.001324
2025-05-01T14:14:57.330000,-0.010594
2025-05-01T14:14:57.340000,-0.000295
2025-05-01T14:14:57.350000,-0.002645
2025-05-01T14:14:57.360000,-0.020189
2025-05-01T14:14:57.370000,-0.004748
2025-05-01T14:14:57.380000,0.014815
2025-05-01T14:14:57.390000,0.002428
2025-05-01T14:14:57.400000,0.010432
2025-05-01T14:14:57.410000,0.001659
2025-05-01T14:14:57.420000,-0.001664
2025-05-01T14:14:57.430000,-0.006362
2025-05-01T14:14:57.440000,0.004665
2025-05-01T14:14:57.450000,-0.015025
2025-05-01T14:14:57.460000,0.002725
2025-05-01T14:14:57.470000,0.004203
2025-05-01T14:14:57.480000,0.015578
2025-05-01T14:14:57.490000,0.003331
2025-05-01T14:14:57.500000,0.006225
2025-05-01T14:14:57.510000,0.005759
2025-05-01T14:14:57.520000,-0.009011
2025-05-01T14:14:57.530000,-0.008098
2025-05-01T14:14:57.540000,0.003277
2025-05-01T14:14:57.550000,0.018435
2025-05-01T14:14:57.560000,-0.005350
2025-05-01T14:14:57.570000,0.014713
2025-05-01T14:14:57.580000,-0.018866
2025-05-01T14:14:57.590000,-0.007469
2025-05-01T14:14:57.600000,0.003143
2025-05-01T14:14:57.610000,-0.002926
2025-05-01T14:14:57.620000,-0.009134
2025-05-01T14:14:57.630000,0.006003
2025-05-01T14:14:57.640000,0.023414
2025-05-01T14:14:57.650000,0.020144
2025-05-01T14:14:57.660000,0.002635
2025-05-01T14:14:57.670000,-0.009372
2025-05-01T14:14:57.680000,0.000615
2025-05-01T14:14:57.690000,0.000100
2025-05-01T14:14:57.700000,0.001803
2025-05-01T14:14:57.710000,-0.001096
2025-05-01T14:14:57.720000,0.001697
2025-05-01T14:14:57.730000,-0.008303
2025-05-01T14:14:57.740000,-0.003949
2025-05-01T14:14:57.750000,-0.002363
2025-05-01T14:14:57.760000,-0.010175
2025-05-01T14:14:57.770000,-0.001911
2025-05-01T14:14:57.780000,0.002621
2025-05-01T14:14:57.790000,-0.015583
2025-05-01T14:14:57.800000,0.006639
2025-05-01T14:14:57.810000,0.007288
2025-05-01T14:14:57.820000,-0.026070
2025-05-01T14:14:57.830000,-0.007708
2025-05-01T14:14:57.840000,-0.010723
2025-05-01T14:14:57.850000,-0.007868
2025-05-01T14:14:57.860000,0.000958
2025-05-01T14:14:57.870000,-0.020157
2025-05-01T14:14:57.880000,-0.012400
2025-05-01T14:14:57.890000,0.000094
2025-05-01T14:14:57.900000,-0.005914
2025-05-01T14:14:57.910000,-0.013044
2025-05-01T14:14:57.920000,-0.012932
2025-05-01T14:14:57.930000,0.005471
2025-05-01T14:14:57.940000,0.003019
2025-05-01T14:14:57.950000,0.013015
2025-05-01T14:14:57.960000,-0.002426
2025-05-01T14:14:57.970000,0.011107
2025-05-01T14:14:57.980000,-0.010266
2025-05-01T14:14:57.990000,0.009094
2025-05-01T14:14:58,-0.000843
2025-05-01T14:14:58.010000,-0.005807
2025-05-01T14:14:58.020000,-0.005741
2025-05-01T14:14:58.030000,0.005098
2025-05-01T14:14:58.040000,-0.018748
2025-05-01T14:14:58.050000,0.013764
2025-05-01T14:14:58.060000,0.003680
2025-05-01T14:14:58.070000,0.003017
2025-05-01T14:14:58.080000,0.019132
2025-05-01T14:14:58.090000,0.001443
2025-05-01T14:14:58.100000,0.008926
2025-05-01T14:14:58.110000,0.007850
2025-05-01T14:14:58.120000,-0.000670
2025-05-01T14:14:58.130000,0.001901
2025-05-01T14:14:58.140000,0.002196
2025-05-01T14:14:58.150000,-0.000694
2025-05-01T14:14:58.160000,-0.007376
2025-05-01T14:14:58.170000,0.011496
2025-05-01T14:14:58.180000,0.012982
2025-05-01T14:14:58.190000,0.006876
2025-05-01T14:14:58.200000,0.018080
2025-05-01T14:14:58.210000,0.000091
2025-05-01T14:14:58.220000,-0.000987
2025-05-01T14:14:58.230000,-0.001146
2025-05-01T14:14:58.240000,0.007321
2025-05-01T14:14:58.250000,-0.008689
2025-05-01T14:14:58.260000,0.001999
2025-05-01T14:14:58.270000,-0.004687
2025-05-01T14:14:58.280000,-0.013130
2025-05-01T14:14:58.290000,0.017414
2025-05-01T14:14:58.300000,-0.001078
2025-05-01T14:14:58.310000,-0.012970
2025-05-01T14:14:58.320000,0.006043
2025-05-01T14:14:58.330000,-0.002279
2025-05-01T14:14:58.340000,0.007336
2025-05-01T14:14:58.350000,-0.002698
2025-05-01T14:14:58.360000,0.011446
2025-05-01T14:14:58.370000,-0.000849
2025-05-01T14:14:58.380000,-0.008855
2025-05-01T14:14:58.390000,-0.010733
2025-05-01T14:14:58.400000,-0.003763
2025-05-01T14:14:58.410000,-0.011410
2025-05-01T14:14:58.420000,0.016274
2025-05-01T14:14:58.430000,-0.000667
2025-05-01T14:14:58.440000,0.008359
2025-05-01T14:14:58.450000,0.005613
2025-05-01T14:14:58.460000,-0.012457
2025-05-01T14:14:58.470000,-0.005481
2025-05-01T14:14:58.480000,0.006705
2025-05-01T14:14:58.490000,-0.009497
2025-05-01T14:14:58.500000,0.007588
2025-05-01T14:14:58.510000,-0.007234
2025-05-01T14:14:58.520000,0.011724
2025-05-01T14:14:58.530000,0.011093
2025-05-01T14:14:58.540000,-0.009812
2025-05-01T14:14:58.550000,-0.003358
2025-05-01T14:14:58.560000,0.000295
2025-05-01T14:14:58.570000,0.001188
2025-05-01T14:14:58.580000,-0.001865
2025-05-01T14:14:58.590000,0.011357
2025-05-01T14:14:58.600000,-0.006132
2025-05-01T14:14:58.610000,-0.012196
2025-05-01T14:14:58.620000,-0.019654
2025-05-01T14:14:58.630000,-0.006777
2025-05-01T14:14:58.640000,0.003691
2025-05-01T14:14:58.650000,-0.009932
2025-05-01T14:14:58.660000,0.013620
2025-05-01T14:14:58.670000,-0.003505
2025-05-01T14:14:58.680000,0.006327
2025-05-01T14:14:58.690000,-0.007644
2025-05-01T14:14:58.700000,-0.006386
2025-05-01T14:14:58.710000,0.004020
2025-05-01T14:14:58.720000,0.006227
2025-05-01T14:14:58.730000,0.005036
2025-05-01T14:14:58.740000,-0.019069
2025-05-01T14:14:58.750000,-0.015026
2025-05-01T14:14:58.760000,0.003770
2025-05-01T14:14:58.770000,-0.001094
2025-05-01T14:14:58.780000,-0.025464
2025-05-01T14:14:58.790000,0.000395
2025-05-01T14:14:58.800000,-0.007952
2025-05-01T14:14:58.810000,-0.003676
2025-05-01T14:14:58.820000,-0.010101
2025-05-01T14:14:58.830000,-0.009511
2025-05-01T14:14:58.840000,-0.017601
2025-05-01T14:14:58.850000,0.022956
2025-05-01T14:14:58.860000,0.004918
2025-05-01T14:14:58.870000,0.011095
2025-05-01T14:14:58.880000,0.002376
2025-05-01T14:14:58.890000,-0.008334
2025-05-01T14:14:58.900000,-0.003893
2025-05-01T14:14:58.910000,0.004929
2025-05-01T14:14:58.920000,0.026415
2025-05-01T14:14:58.930000,0.010400
2025-05-01T14:14:58.940000,0.021114
2025-05-01T14:14:58.950000,0.005359
2025-05-01T14:14:58.960000,-0.018777
2025-05-01T14:14:58.970000,-0.009382
2025-05-01T14:14:58.980000,-0.000952
2025-05-01T14:14:58.990000,0.014932
2025-05-01T14:14:59,-0.008924
2025-05-01T14:14:59.010000,0.001941
2025-05-01T14:14:59.020000,0.014541
2025-05-01T14:14:59.030000,-0.005203
2025-05-01T14:14:59.040000,-0.005653
2025-05-01T14:14:59.050000,-0.002246
2025-05-01T14:14:59.060000,0.003745
2025-05-01T14:14:59.070000,0.009260
2025-05-01T14:14:59.080000,0.013227
2025-05-01T14:14:59.090000,0.011934
2025-05-01T14:14:59.100000,-0.009790
2025-05-01T14:14:59.110000,0.001815
2025-05-01T14:14:59.120000,0.000642
2025-05-01T14:14:59.130000,-0.005869
2025-05-01T14:14:59.140000,0.004778
2025-05-01T14:14:59.150000,-0.003830
2025-05-01T14:14:59.160000,0.008418
2025-05-01T14:14:59.170000,-0.003178
2025-05-01T14:14:59.180000,0.003154
2025-05-01T14:14:59.190000,0.000762
2025-05-01T14:14:59.200000,-0.015250
2025-05-01T14:14:59.210000,0.017369
2025-05-01T14:14:59.220000,0.008871
2025-05-01T14:14:59.230000,-0.011845
2025-05-01T14:14:59.240000,-0.003935
2025-05-01T14:14:59.250000,-0.005661
2025-05-01T14:14:59.260000,0.000556
2025-05-01T14:14:59.270000,0.000980
2025-05-01T14:14:59.280000,0.009845
2025-05-01T14:14:59.290000,0.003836
2025-05-01T14:14:59.300000,0.000233
2025-05-01T14:14:59.310000,-0.012406
2025-05-01T14:14:59.320000,-0.005082
2025-05-01T14:14:59.330000,0.005362
2025-05-01T14:14:59.340000,0.003186
2025-05-01T14:14:59.350000,-0.023317
2025-05-01T14:14:59.360000,-0.007212
2025-05-01T14:14:59.370000,-0.004164
2025-05-01T14:14:59.380000,-0.004489
2025-05-01T14:14:59.390000,0.012800
2025-05-01T14:14:59.400000,-0.012944
2025-05-01T14:14:59.410000,0.000162
2025-05-01T14:14:59.420000,0.013279
2025-05-01T14:14:59.430000,0.000314
2025-05-01T14:14:59.440000,0.000158
2025-05-01T14:14:59.450000,-0.004717
2025-05-01T14:14:59.460000,-0.003556
2025-05-01T14:14:59.470000,0.011595
2025-05-01T14:14:59.480000,0.003865
2025-05-01T14:14:59.490000,-0.009004
2025-05-01T14:14:59.500000,-0.001066
2025-05-01T14:14:59.510000,-0.013972
2025-05-01T14:14:59.520000,-0.007088
2025-05-01T14:14:59.530000,-0.006296
2025-05-01T14:14:59.540000,-0.000908
2025-05-01T14:14:59.550000,0.005711
2025-05-01T14:14:59.560000,-0.001080
2025-05-01T14:14:59.570000,-0.010173
2025-05-01T14:14:59.580000,-0.003436
2025-05-01T14:14:59.590000,0.013845
2025-05-01T14:14:59.600000,0.005568
2025-05-01T14:14:59.610000,-0.003924
2025-05-01T14:14:59.620000,-0.001007
2025-05-01T14:14:59.630000,0.014948
2025-05-01T14:14:59.640000,0.012851
2025-05-01T14:14:59.650000,-0.012632
2025-05-01T14:14:59.660000,0.008554
2025-05-01T14:14:59.670000,0.014186
2025-05-01T14:14:59.680000,0.005356
2025-05-01T14:14:59.690000,0.016029
2025-05-01T14:14:59.700000,0.007721
2025-05-01T14:14:59.710000,-0.006636
2025-05-01T14:14:59.720000,0.005547
2025-05-01T14:14:59.730000,-0.006448
2025-05-01T14:14:59.740000,-0.009174
2025-05-01T14:14:59.750000,-0.002783
2025-05-01T14:14:59.760000,0.005802
2025-05-01T14:14:59.770000,-0.004400
2025-05-01T14:14:59.780000,0.016168
2025-05-01T14:14:59.790000,-0.001278
2025-05-01T14:14:59.800000,0.004801
2025-05-01T14:14:59.810000,-0.005902
2025-05-01T14:14:59.820000,-0.003865
2025-05-01T14:14:59.830000,-0.002944
2025-05-01T14:14:59.840000,0.005236
2025-05-01T14:14:59.850000,-0.001103
2025-05-01T14:14:59.860000,0.000049
2025-05-01T14:14:59.870000,0.014800
2025-05-01T14:14:59.880000,-0.008474
2025-05-01T14:14:59.890000,0.016212
2025-05-01T14:14:59.900000,-0.001477
2025-05-01T14:14:59.910000,0.026963
2025-05-01T14:14:59.920000,-0.006426
2025-05-01T14:14:59.930000,-0.001798
2025-05-01T14:14:59.940000,-0.028142
2025-05-01T14:14:59.950000,-0.004454
2025-05-01T14:14:59.960000,0.000644
2025-05-01T14:14:59.970000,0.012683
2025-05-01T14:14:59.980000,-0.008391
2025-05-01T14:14:59.990000,-0.005755
2025-05-01T14:15:00,-0.000248
2025-05-01T14:15:00.010000,-0.025522
2025-05-01T14:15:00.020000,-0.004174
2025-05-01T14:15:00.030000,-0.008377
2025-05-01T14:15:00.040000,0.002279
2025-05-01T14:15:00.050000,0.001609
2025-05-01T14:15:00.060000,-0.001696
2025-05-01T14:15:00.070000,-0.002218
2025-05-01T14:15:00.080000,0.010447
2025-05-01T14:15:00.090000,0.004315
2025-05-01T14:15:00.100000,-0.011367
2025-05-01T14:15:00.110000,-0.001626
2025-05-01T14:15:00.120000,-0.000728
2025-05-01T14:15:00.130000,-0.005150
2025-05-01T14:15:00.140000,-0.001386
2025-05-01T14:15:00.150000,0.010788
2025-05-01T14:15:00.160000,-0.000147
2025-05-01T14:15:00.170000,-0.012204
2025-05-01T14:15:00.180000,0.005227
2025-05-01T14:15:00.190000,-0.000062
2025-05-01T14:15:00.200000,0.000110
2025-05-01T14:15:00.210000,0.002080
2025-05-01T14:15:00.220000,0.004312
2025-05-01T14:15:00.230000,-0.001458
2025-05-01T14:15:00.240000,0.023292
2025-05-01T14:15:00.250000,0.009667
2025-05-01T14:15:00.260000,0.027269
2025-05-01T14:15:00.270000,-0.012317
2025-05-01T14:15:00.280000,0.011681
2025-05-01T14:15:00.290000,-0.009829
2025-05-01T14:15:00.300000,-0.000346
2025-05-01T14:15:00.310000,-0.005946
2025-05-01T14:15:00.320000,-0.009642
2025-05-01T14:15:00.330000,-0.014508
2025-05-01T14:15:00.340000,0.006972
2025-05-01T14:15:00.350000,-0.006555
2025-05-01T14:15:00.360000,-0.014900
2025-05-01T14:15:00.370000,-0.012632
2025-05-01T14:15:00.380000,0.002571
2025-05-01T14:15:00.390000,-0.006947
2025-05-01T14:15:00.400000,-0.018616
2025-05-01T14:15:00.410000,0.009404
2025-05-01T14:15:00.420000,-0.002485
2025-05-01T14:15:00.430000,0.008449
2025-05-01T14:15:00.440000,-0.000526
2025-05-01T14:15:00.450000,-0.003391
2025-05-01T14:15:00.460000,-0.006415
2025-05-01T14:15:00.470000,-0.018465
2025-05-01T14:15:00.480000,-0.003125
2025-05-01T14:15:00.490000,0.000988
2025-05-01T14:15:00.500000,-0.015388
2025-05-01T14:15:00.510000,0.019230
2025-05-01T14:15:00.520000,-0.006404
2025-05-01T14:15:00.530000,-0.010947
2025-05-01T14:15:00.540000,0.000014
2025-05-01T14:15:00.550000,-0.000653
2025-05-01T14:15:00.560000,-0.005414
2025-05-01T14:15:00.570000,0.003487
2025-05-01T14:15:00.580000,0.011038
2025-05-01T14:15:00.590000,0.005036
2025-05-01T14:15:00.600000,-0.013013
2025-05-01T14:15:00.610000,-0.000394
2025-05-01T14:15:00.620000,0.014535
2025-05-01T14:15:00.630000,0.004023
2025-05-01T14:15:00.640000,0.000823
2025-05-01T14:15:00.650000,0.004420
2025-05-01T14:15:00.660000,0.003202
2025-05-01T14:15:00.670000,-0.008471
2025-05-01T14:15:00.680000,0.008757
2025-05-01T14:15:00.690000,-0.002000
2025-05-01T14:15:00.700000,0.004070
2025-05-01T14:15:00.710000,-0.004646
2025-05-01T14:15:00.720000,0.009127
2025-05-01T14:15:00.730000,0.004163
2025-05-01T14:15:00.740000,-0.001580
2025-05-01T14:15:00.750000,0.020313
2025-05-01T14:15:00.760000,-0.013619
2025-05-01T14:15:00.770000,0.019800
2025-05-01T14:15:00.780000,0.013501
2025-05-01T14:15:00.790000,0.007147
2025-05-01T14:15:00.800000,-0.016432
2025-05-01T14:15:00.810000,0.002849
2025-05-01T14:15:00.820000,0.008870
2025-05-01T14:15:00.830000,-0.010708
2025-05-01T14:15:00.840000,0.015381
2025-05-01T14:15:00.850000,0.017150
2025-05-01T14:15:00.860000,-0.002696
2025-05-01T14:15:00.870000,-0.004916
2025-05-01T14:15:00.880000,0.000202
2025-05-01T14:15:00.890000,0.013666
2025-05-01T14:15:00.900000,0.020672
2025-05-01T14:15:00.910000,-0.007097
2025-05-01T14:15:00.920000,0.010673
2025-05-01T14:15:00.930000,0.002665
2025-05-01T14:15:00.940000,-0.007498
2025-05-01T14:15:00.950000,0.000414
2025-05-01T14:15:00.960000,-0.005183
2025-05-01T14:15:00.970000,-0.004731
2025-05-01T14:15:00.980000,-0.013325
2025-05-01T14:15:00.990000,0.011654
2025-05-01T14:15:01,-0.013194
2025-05-01T14:15:01.010000,-0.005042
2025-05-01T14:15:01.020000,0.015405
2025-05-01T14:15:01.030000,-0.002510
2025-05-01T14:15:01.040000,-0.000474
2025-05-01T14:15:01.050000,0.017064
2025-05-01T14:15:01.060000,-0.003462
2025-05-01T14:15:01.070000,-0.003067
2025-05-01T14:15:01.080000,-0.016402
2025-05-01T14:15:01.090000,-0.002471
2025-05-01T14:15:01.100000,-0.011428
2025-05-01T14:15:01.110000,0.012218
2025-05-01T14:15:01.120000,-0.006529
2025-05-01T14:15:01.130000,0.021164
2025-05-01T14:15:01.140000,-0.002240
2025-05-01T14:15:01.150000,-0.014580
2025-05-01T14:15:01.160000,0.010996
2025-05-01T14:15:01.170000,0.006190
2025-05-01T14:15:01.180000,-0.003961
2025-05-01T14:15:01.190000,-0.008502
2025-05-01T14:15:01.200000,0.008234
2025-05-01T14:15:01.210000,0.010111
2025-05-01T14:15:01.220000,0.030877
2025-05-01T14:15:01.230000,0.005344
2025-05-01T14:15:01.240000,-0.006146
2025-05-01T14:15:01.250000,0.023673
2025-05-01T14:15:01.260000,0.017304
2025-05-01T14:15:01.270000,-0.012570
2025-05-01T14:15:01.280000,-0.005366
2025-05-01T14:15:01.290000,0.017314
2025-05-01T14:15:01.300000,-0.002477
2025-05-01T14:15:01.310000,0.005465
2025-05-01T14:15:01.320000,0.006913
2025-05-01T14:15:01.330000,0.000303
2025-05-01T14:15:01.340000,0.008635
2025-05-01T14:15:01.350000,-0.005687
2025-05-01T14:15:01.360000,0.012001
2025-05-01T14:15:01.370000,-0.014078
2025-05-01T14:15:01.380000,-0.004592
2025-05-01T14:15:01.390000,0.013894
2025-05-01T14:15:01.400000,0.003762
2025-05-01T14:15:01.410000,-0.001835
2025-05-01T14:15:01.420000,-0.001855
2025-05-01T14:15:01.430000,0.009146
2025-05-01T14:15:01.440000,0.009467
2025-05-01T14:15:01.450000,-0.011660
2025-05-01T14:15:01.460000,-0.001784
2025-05-01T14:15:01.470000,0.007672
2025-05-01T14:15:01.480000,-0.012869
2025-05-01T14:15:01.490000,0.000201
2025-05-01T14:15:01.500000,0.008678
2025-05-01T14:15:01.510000,-0.024730
2025-05-01T14:15:01.520000,0.002878
2025-05-01T14:15:01.530000,-0.016578
2025-05-01T14:15:01.540000,-0.000021
2025-05-01T14:15:01.550000,-0.002403
2025-05-01T14:15:01.560000,0.008075
2025-05-01T14:15:01.570000,-0.010927
2025-05-01T14:15:01.580000,-0.007402
2025-05-01T14:15:01.590000,-0.004532
2025-05-01T14:15:01.600000,-0.010541
2025-05-01T14:15:01.610000,0.009764
2025-05-01T14:15:01.620000,-0.005285
2025-05-01T14:15:01.630000,0.009011
2025-05-01T14:15:01.640000,0.000866
2025-05-01T14:15:01.650000,0.016540
2025-05-01T14:15:01.660000,-0.012178
2025-05-01T14:15:01.670000,0.005553
2025-05-01T14:15:01.680000,0.007912
2025-05-01T14:15:01.690000,0.021879
2025-05-01T14:15:01.700000,-0.008263
2025-05-01T14:15:01.710000,-0.020128
2025-05-01T14:15:01.720000,0.007172
2025-05-01T14:15:01.730000,-0.001166
2025-05-01T14:15:01.740000,0.004574
2025-05-01T14:15:01.750000,-0.017082
2025-05-01T14:15:01.760000,-0.009988
2025-05-01T14:15:01.770000,-0.000094
2025-05-01T14:15:01.780000,0.009445
2025-05-01T14:15:01.790000,-0.008063
2025-05-01T14:15:01.800000,0.004858
2025-05-01T14:15:01.810000,0.003288
2025-05-01T14:15:01.820000,0.006612
2025-05-01T14:15:01.830000,0.000286
2025-05-01T14:15:01.840000,-0.005382
2025-05-01T14:15:01.850000,0.012406
2025-05-01T14:15:01.860000,-0.005259
2025-05-01T14:15:01.870000,-0.007621
2025-05-01T14:15:01.880000,-0.014602
2025-05-01T14:15:01.890000,-0.014570
2025-05-01T14:15:01.900000,0.017705
2025-05-01T14:15:01.910000,-0.012425
2025-05-01T14:15:01.920000,-0.020222
2025-05-01T14:15:01.930000,0.008665
2025-05-01T14:15:01.940000,-0.021184
2025-05-01T14:15:01.950000,0.008376
2025-05-01T14:15:01.960000,0.004946
2025-05-01T14:15:01.970000,-0.000100
2025-05-01T14:15:01.980000,0.001657
2025-05-01T14:15:01.990000,0.000982
2025-05-01T14:15:02,-0.004775
2025-05-01T14:15:02.010000,0.006206
2025-05-01T14:15:02.020000,0.003411
2025-05-01T14:15:02.030000,-0.007433
2025-05-01T14:15:02.040000,-0.014199
2025-05-01T14:15:02.050000,0.011139
2025-05-01T14:15:02.060000,0.013833
2025-05-01T14:15:02.070000,-0.004713
2025-05-01T14:15:02.080000,-0.004902
2025-05-01T14:15:02.090000,-0.002243
2025-05-01T14:15:02.100000,-0.011520
2025-05-01T14:15:02.110000,-0.006657
2025-05-01T14:15:02.120000,-0.000247
2025-05-01T14:15:02.130000,-0.012151
2025-05-01T14:15:02.140000,0.000278
2025-05-01T14:15:02.150000,-0.005546
2025-05-01T14:15:02.160000,0.011392
2025-05-01T14:15:02.170000,-0.004436
2025-05-01T14:15:02.180000,0.016159
2025-05-01T14:15:02.190000,0.016320
2025-05-01T14:15:02.200000,-0.008060
2025-05-01T14:15:02.210000,0.000254
2025-05-01T14:15:02.220000,0.001393
2025-05-01T14:15:02.230000,-0.003109
2025-05-01T14:15:02.240000,0.006093
2025-05-01T14:15:02.250000,-0.014774
2025-05-01T14:15:02.260000,-0.008984
2025-05-01T14:15:02.270000,-0.011062
2025-05-01T14:15:02.280000,0.006666
2025-05-01T14:15:02.290000,0.000050
2025-05-01T14:15:02.300000,0.010424
2025-05-01T14:15:02.310000,0.011566
2025-05-01T14:15:02.320000,0.014249
2025-05-01T14:15:02.330000,0.007616
2025-05-01T14:15:02.340000,0.001865
2025-05-01T14:15:02.350000,-0.009053
2025-05-01T14:15:02.360000,0.009650
2025-05-01T14:15:02.370000,0.007160
2025-05-01T14:15:02.380000,0.005619
2025-05-01T14:15:02.390000,-0.012456
2025-05-01T14:15:02.400000,0.001780
2025-05-01T14:15:02.410000,-0.000496
2025-05-01T14:15:02.420000,-0.005518
2025-05-01T14:15:02.430000,-0.019849
2025-05-01T14:15:02.440000,0.009439
2025-05-01T14:15:02.450000,-0.009196
2025-05-01T14:15:02.460000,-0.006316
2025-05-01T14:15:02.470000,-0.017124
2025-05-01T14:15:02.480000,0.008812
2025-05-01T14:15:02.490000,0.004659
2025-05-01T14:15:02.500000,-0.011768
2025-05-01T14:15:02.510000,-0.001367
2025-05-01T14:15:02.520000,0.005526
2025-05-01T14:15:02.530000,0.011739
2025-05-01T14:15:02.540000,0.018161
2025-05-01T14:15:02.550000,-0.002655
2025-05-01T14:15:02.560000,0.003062
2025-05-01T14:15:02.570000,0.018422
2025-05-01T14:15:02.580000,-0.010296
2025-05-01T14:15:02.590000,-0.007091
2025-05-01T14:15:02.600000,-0.003654
2025-05-01T14:15:02.610000,0.014686
2025-05-01T14:15:02.620000,-0.017692
2025-05-01T14:15:02.630000,-0.001109
2025-05-01T14:15:02.640000,0.002794
2025-05-01T14:15:02.650000,0.008368
2025-05-01T14:15:02.660000,-0.001937
2025-05-01T14:15:02.670000,0.019127
2025-05-01T14:15:02.680000,0.003013
2025-05-01T14:15:02.690000,0.009151
2025-05-01T14:15:02.700000,-0.008406
2025-05-01T14:15:02.710000,-0.000931
2025-05-01T14:15:02.720000,0.022739
2025-05-01T14:15:02.730000,0.010081
2025-05-01T14:15:02.740000,-0.010514
2025-05-01T14:15:02.750000,0.009078
2025-05-01T14:15:02.760000,-0.021710
2025-05-01T14:15:02.770000,-0.007875
2025-05-01T14:15:02.780000,-0.009139
2025-05-01T14:15:02.790000,0.005243
2025-05-01T14:15:02.800000,0.008776
2025-05-01T14:15:02.810000,-0.005193
2025-05-01T14:15:02.820000,0.013568
2025-05-01T14:15:02.830000,0.009691
2025-05-01T14:15:02.840000,-0.004156
2025-05-01T14:15:02.850000,0.007968
2025-05-01T14:15:02.860000,0.001575
2025-05-01T14:15:02.870000,-0.006130
2025-05-01T14:15:02.880000,-0.002048
2025-05-01T14:15:02.890000,-0.000339
2025-05-01T14:15:02.900000,0.011014
2025-05-01T14:15:02.910000,0.015009
2025-05-01T14:15:02.920000,-0.006348
2025-05-01T14:15:02.930000,-0.015690
2025-05-01T14:15:02.940000,-0.004012
2025-05-01T14:15:02.950000,-0.018997
2025-05-01T14:15:02.960000,-0.003206
2025-05-01T14:15:02.970000,-0.001675
2025-05-01T14:15:02.980000,0.013841
2025-05-01T14:15:02.990000,0.005666
2025-05-01T14:15:03,-0.001315
2025-05-01T14:15:03.010000,0.006054
2025-05-01T14:15:03.020000,-0.002317
2025-05-01T14:15:03.030000,-0.010585
2025-05-01T14:15:03.040000,0.006363
2025-05-01T14:15:03.050000,-0.002548
2025-05-01T14:15:03.060000,-0.001143
2025-05-01T14:15:03.070000,0.012948
2025-05-01T14:15:03.080000,-0.014043
2025-05-01T14:15:03.090000,0.000569
2025-05-01T14:15:03.100000,-0.004934
2025-05-01T14:15:03.110000,-0.020669
2025-05-01T14:15:03.120000,0.006393
2025-05-01T14:15:03.130000,-0.009458
2025-05-01T14:15:03.140000,0.008969
2025-05-01T14:15:03.150000,-0.000713
2025-05-01T14:15:03.160000,0.014003
2025-05-01T14:15:03.170000,-0.010329
2025-05-01T14:15:03.180000,-0.010243
2025-05-01T14:15:03.190000,-0.005165
2025-05-01T14:15:03.200000,-0.014138
2025-05-01T14:15:03.210000,-0.001970
2025-05-01T14:15:03.220000,-0.001487
2025-05-01T14:15:03.230000,0.005136
2025-05-01T14:15:03.240000,-0.008260
2025-05-01T14:15:03.250000,-0.015483
2025-05-01T14:15:03.260000,0.002109
2025-05-01T14:15:03.270000,0.001353
2025-05-01T14:15:03.280000,-0.025374
2025-05-01T14:15:03.290000,0.000588
2025-05-01T14:15:03.300000,-0.000897
2025-05-01T14:15:03.310000,-0.004198
2025-05-01T14:15:03.320000,-0.001914
2025-05-01T14:15:03.330000,-0.000415
2025-05-01T14:15:03.340000,0.015068
2025-05-01T14:15:03.350000,0.010676
2025-05-01T14:15:03.360000,-0.013403
2025-05-01T14:15:03.370000,-0.001016
2025-05-01T14:15:03.380000,0.011417
2025-05-01T14:15:03.390000,0.000832
2025-05-01T14:15:03.400000,0.007450
2025-05-01T14:15:03.410000,-0.001049
2025-05-01T14:15:03.420000,-0.003748
2025-05-01T14:15:03.430000,-0.009889
2025-05-01T14:15:03.440000,-0.004079
2025-05-01T14:15:03.450000,-0.006170
2025-05-01T14:15:03.460000,0.010010
2025-05-01T14:15:03.470000,0.008568
2025-05-01T14:15:03.480000,-0.009642
2025-05-01T14:15:03.490000,0.006584
2025-05-01T14:15:03.500000,-0.003120
2025-05-01T14:15:03.510000,-0.032280
2025-05-01T14:15:03.520000,0.015384
2025-05-01T14:15:03.530000,-0.019020
2025-05-01T14:15:03.540000,-0.001093
2025-05-01T14:15:03.550000,-0.001606
2025-05-01T14:15:03.560000,0.009216
2025-05-01T14:15:03.570000,0.000868
2025-05-01T14:15:03.580000,0.007007
2025-05-01T14:15:03.590000,-0.006804
2025-05-01T14:15:03.600000,-0.009233
2025-05-01T14:15:03.610000,-0.015339
2025-05-01T14:15:03.620000,0.008492
2025-05-01T14:15:03.630000,-0.020504
2025-05-01T14:15:03.640000,-0.009412
2025-05-01T14:15:03.650000,0.007887
2025-05-01T14:15:03.660000,0.005409
2025-05-01T14:15:03.670000,-0.001413
2025-05-01T14:15:03.680000,0.017488
2025-05-01T14:15:03.690000,-0.021169
2025-05-01T14:15:03.700000,-0.008154
2025-05-01T14:15:03.710000,-0.001264
2025-05-01T14:15:03.720000,-0.000098
2025-05-01T14:15:03.730000,0.011272
2025-05-01T14:15:03.740000,-0.014202
2025-05-01T14:15:03.750000,-0.015245
2025-05-01T14:15:03.760000,-0.011796
2025-05-01T14:15:03.770000,-0.015000
2025-05-01T14:15:03.780000,0.001301
2025-05-01T14:15:03.790000,-0.016651
2025-05-01T14:15:03.800000,-0.003031
2025-05-01T14:15:03.810000,0.000114
2025-05-01T14:15:03.820000,0.002761
2025-05-01T14:15:03.830000,0.003219
2025-05-01T14:15:03.840000,-0.008497
2025-05-01T14:15:03.850000,-0.005900
2025-05-01T14:15:03.860000,0.001547
2025-05-01T14:15:03.870000,-0.000681
2025-05-01T14:15:03.880000,0.002950
2025-05-01T14:15:03.890000,0.004184
2025-05-01T14:15:03.900000,-0.011107
2025-05-01T14:15:03.910000,0.001456
2025-05-01T14:15:03.920000,0.013372
2025-05-01T14:15:03.930000,0.004927
2025-05-01T14:15:03.940000,-0.002847
2025-05-01T14:15:03.950000,-0.010094
2025-05-01T14:15:03.960000,-0.022112
2025-05-01T14:15:03.970000,-0.001047
2025-05-01T14:15:03.980000,-0.015557
2025-05-01T14:15:03.990000,-0.003190
2025-05-01T14:15:04,0.005001
2025-05-01T14:15:04.010000,0.017223
2025-05-01T14:15:04.020000,-0.015515
2025-05-01T14:15:04.030000,-0.012853
2025-05-01T14:15:04.040000,-0.001224
2025-05-01T14:15:04.050000,-0.006829
2025-05-01T14:15:04.060000,0.004394
2025-05-01T14:15:04.070000,-0.010905
2025-05-01T14:15:04.080000,0.014671
2025-05-01T14:15:04.090000,-0.000975
2025-05-01T14:15:04.100000,-0.020276
2025-05-01T14:15:04.110000,-0.019314
2025-05-01T14:15:04.120000,-0.002821
2025-05-01T14:15:04.130000,-0.000110
2025-05-01T14:15:04.140000,-0.013460
2025-05-01T14:15:04.150000,0.012223
2025-05-01T14:15:04.160000,0.011029
2025-05-01T14:15:04.170000,0.010828
2025-05-01T14:15:04.180000,0.002503
2025-05-01T14:15:04.190000,-0.002793
2025-05-01T14:15:04.200000,-0.001246
2025-05-01T14:15:04.210000,0.009424
2025-05-01T14:15:04.220000,0.010414
2025-05-01T14:15:04.230000,-0.000484
2025-05-01T14:15:04.240000,0.002369
2025-05-01T14:15:04.250000,0.004687
2025-05-01T14:15:04.260000,-0.001227
2025-05-01T14:15:04.270000,-0.007689
2025-05-01T14:15:04.280000,0.009857
2025-05-01T14:15:04.290000,-0.017232
2025-05-01T14:15:04.300000,0.012804
2025-05-01T14:15:04.310000,0.010355
2025-05-01T14:15:04.320000,-0.000943
2025-05-01T14:15:04.330000,-0.008218
2025-05-01T14:15:04.340000,0.007516
2025-05-01T14:15:04.350000,-0.013833
2025-05-01T14:15:04.360000,-0.004852
2025-05-01T14:15:04.370000,0.003075
2025-05-01T14:15:04.380000,0.022970
2025-05-01T14:15:04.390000,-0.008274
2025-05-01T14:15:04.400000,-0.000356
2025-05-01T14:15:04.410000,0.008059
2025-05-01T14:15:04.420000,-0.021810
2025-05-01T14:15:04.430000,-0.008594
2025-05-01T14:15:04.440000,-0.000559
2025-05-01T14:15:04.450000,0.003447
2025-05-01T14:15:04.460000,-0.002408
2025-05-01T14:15:04.470000,0.009161
2025-05-01T14:15:04.480000,0.009492
2025-05-01T14:15:04.490000,-0.006471
2025-05-01T14:15:04.500000,-0.005864
2025-05-01T14:15:04.510000,-0.001891
2025-05-01T14:15:04.520000,-0.014776
2025-05-01T14:15:04.530000,0.011009
2025-05-01T14:15:04.540000,-0.002365
2025-05-01T14:15:04.550000,0.004790
2025-05-01T14:15:04.560000,0.005091
2025-05-01T14:15:04.570000,-0.004993
2025-05-01T14:15:04.580000,-0.002952
2025-05-01T14:15:04.590000,0.003067
2025-05-01T14:15:04.600000,-0.009852
2025-05-01T14:15:04.610000,-0.003716
2025-05-01T14:15:04.620000,-0.015005
2025-05-01T14:15:04.630000,0.021829
2025-05-01T14:15:04.640000,0.003564
2025-05-01T14:15:04.650000,-0.011462
2025-05-01T14:15:04.660000,-0.016009
2025-05-01T14:15:04.670000,-0.012881
2025-05-01T14:15:04.680000,0.012042
2025-05-01T14:15:04.690000,0.004885
2025-05-01T14:15:04.700000,-0.006075
2025-05-01T14:15:04.710000,-0.006468
2025-05-01T14:15:04.720000,0.005384
2025-05-01T14:15:04.730000,0.001567
2025-05-01T14:15:04.740000,0.009287
2025-05-01T14:15:04.750000,-0.001432
2025-05-01T14:15:04.760000,0.001712
2025-05-01T14:15:04.770000,-0.002583
2025-05-01T14:15:04.780000,0.002822
2025-05-01T14:15:04.790000,0.001135
2025-05-01T14:15:04.800000,0.010197
2025-05-01T14:15:04.810000,-0.002558
2025-05-01T14:15:04.820000,0.001453
2025-05-01T14:15:04.830000,0.001433
2025-05-01T14:15:04.840000,-0.002956
2025-05-01T14:15:04.850000,0.004086
2025-05-01T14:15:04.860000,-0.001081
2025-05-01T14:15:04.870000,0.020412
2025-05-01T14:15:04.880000,0.004533
2025-05-01T14:15:04.890000,-0.008244
2025-05-01T14:15:04.900000,-0.011732
2025-05-01T14:15:04.910000,0.007586
2025-05-01T14:15:04.920000,-0.016898
2025-05-01T14:15:04.930000,0.011514
2025-05-01T14:15:04.940000,0.009607
2025-05-01T14:15:04.950000,-0.001141
2025-05-01T14:15:04.960000,-0.004248
2025-05-01T14:15:04.970000,-0.008920
2025-05-01T14:15:04.980000,-0.014829
2025-05-01T14:15:04.990000,-0.009253
2025-05-01T14:15:05,-0.011462
2025-05-01T14:15:05.010000,0.000042
2025-05-01T14:15:05.020000,0.000418
2025-05-01T14:15:05.030000,0.003440
2025-05-01T14:15:05.040000,0.014611
2025-05-01T14:15:05.050000,0.005983
2025-05-01T14:15:05.060000,-0.002211
2025-05-01T14:15:05.070000,-0.012612
2025-05-01T14:15:05.080000,0.011144
2025-05-01T14:15:05.090000,0.003651
2025-05-01T14:15:05.100000,0.009727
2025-05-01T14:15:05.110000,0.017625
2025-05-01T14:15:05.120000,0.009824
2025-05-01T14:15:05.130000,-0.015419
2025-05-01T14:15:05.140000,0.002550
2025-05-01T14:15:05.150000,0.011343
2025-05-01T14:15:05.160000,0.005967
2025-05-01T14:15:05.170000,-0.009782
2025-05-01T14:15:05.180000,0.004431
2025-05-01T14:15:05.190000,-0.021661
2025-05-01T14:15:05.200000,0.007443
2025-05-01T14:15:05.210000,0.019934
2025-05-01T14:15:05.220000,-0.001278
2025-05-01T14:15:05.230000,-0.009948
2025-05-01T14:15:05.240000,0.003673
2025-05-01T14:15:05.250000,0.010890
2025-05-01T14:15:05.260000,0.003824
2025-05-01T14:15:05.270000,0.003990
2025-05-01T14:15:05.280000,0.007418
2025-05-01T14:15:05.290000,0.007711
2025-05-01T14:15:05.300000,0.004504
2025-05-01T14:15:05.310000,0.006272
2025-05-01T14:15:05.320000,0.005406
2025-05-01T14:15:05.330000,-0.004863
2025-05-01T14:15:05.340000,0.011438
2025-05-01T14:15:05.350000,0.011103
2025-05-01T14:15:05.360000,-0.000703
2025-05-01T14:15:05.370000,0.000422
2025-05-01T14:15:05.380000,0.004877
2025-05-01T14:15:05.390000,0.006471
2025-05-01T14:15:05.400000,0.009752
2025-05-01T14:15:05.410000,0.007069
2025-05-01T14:15:05.420000,-0.000432
2025-05-01T14:15:05.430000,-0.007425
2025-05-01T14:15:05.440000,0.010958
2025-05-01T14:15:05.450000,0.002821
2025-05-01T14:15:05.460000,-0.001093
2025-05-01T14:15:05.470000,-0.006028
2025-05-01T14:15:05.480000,0.003135
2025-05-01T14:15:05.490000,0.007590
2025-05-01T14:15:05.500000,0.002120
2025-05-01T14:15:05.510000,-0.006832
2025-05-01T14:15:05.520000,-0.003845
2025-05-01T14:15:05.530000,0.009695
2025-05-01T14:15:05.540000,0.005733
2025-05-01T14:15:05.550000,0.005586
2025-05-01T14:15:05.560000,0.004063
2025-05-01T14:15:05.570000,0.011441
2025-05-01T14:15:05.580000,0.001395
2025-05-01T14:15:05.590000,0.009372
2025-05-01T14:15:05.600000,-0.010253
2025-05-01T14:15:05.610000,0.008875
2025-05-01T14:15:05.620000,-0.005433
2025-05-01T14:15:05.630000,-0.008244
2025-05-01T14:15:05.640000,-0.011023
2025-05-01T14:15:05.650000,0.014799
2025-05-01T14:15:05.660000,-0.008894
2025-05-01T14:15:05.670000,-0.000844
2025-05-01T14:15:05.680000,0.007468
2025-05-01T14:15:05.690000,-0.000461
2025-05-01T14:15:05.700000,-0.008286
2025-05-01T14:15:05.710000,-0.005302
2025-05-01T14:15:05.720000,-0.000797
2025-05-01T14:15:05.730000,0.005422
2025-05-01T14:15:05.740000,0.001956
2025-05-01T14:15:05.750000,-0.009034
2025-05-01T14:15:05.760000,-0.010480
2025-05-01T14:15:05.770000,-0.001200
2025-05-01T14:15:05.780000,-0.001289
2025-05-01T14:15:05.790000,0.008925
2025-05-01T14:15:05.800000,0.019323
2025-05-01T14:15:05.810000,0.018208
2025-05-01T14:15:05.820000,-0.000300
2025-05-01T14:15:05.830000,-0.013088
2025-05-01T14:15:05.840000,0.016842
2025-05-01T14:15:05.850000,0.003084
2025-05-01T14:15:05.860000,0.015084
2025-05-01T14:15:05.870000,-0.009449
2025-05-01T14:15:05.880000,0.008743
2025-05-01T14:15:05.890000,0.008869
2025-05-01T14:15:05.900000,-0.003031
2025-05-01T14:15:05.910000,-0.005236
2025-05-01T14:15:05.920000,-0.007261
2025-05-01T14:15:05.930000,-0.009470
2025-05-01T14:15:05.940000,-0.008064
2025-05-01T14:15:05.950000,-0.006697
2025-05-01T14:15:05.960000,-0.012449
2025-05-01T14:15:05.970000,-0.001298
2025-05-01T14:15:05.980000,-0.005438
2025-05-01T14:15:05.990000,0.001195
2025-05-01T14:15:06,-0.008904
2025-05-01T14:15:06.010000,-0.006656
2025-05-01T14:15:06.020000,-0.008709
2025-05-01T14:15:06.030000,-0.011297
2025-05-01T14:15:06.040000,-0.001789
2025-05-01T14:15:06.050000,0.010344
2025-05-01T14:15:06.060000,-0.013702
2025-05-01T14:15:06.070000,-0.006303
2025-05-01T14:15:06.080000,-0.001219
2025-05-01T14:15:06.090000,0.009271
2025-05-01T14:15:06.100000,0.005147
2025-05-01T14:15:06.110000,0.006857
2025-05-01T14:15:06.120000,-0.001249
2025-05-01T14:15:06.130000,0.000351
2025-05-01T14:15:06.140000,0.018990
2025-05-01T14:15:06.150000,-0.010968
2025-05-01T14:15:06.160000,0.002716
2025-05-01T14:15:06.170000,0.008514
2025-05-01T14:15:06.180000,-0.001787
2025-05-01T14:15:06.190000,0.011073
2025-05-01T14:15:06.200000,-0.004090
2025-05-01T14:15:06.210000,0.021106
2025-05-01T14:15:06.220000,0.001615
2025-05-01T14:15:06.230000,-0.013696
2025-05-01T14:15:06.240000,0.015222
2025-05-01T14:15:06.250000,-0.012401
2025-05-01T14:15:06.260000,-0.009769
2025-05-01T14:15:06.270000,-0.021550
2025-05-01T14:15:06.280000,-0.014824
2025-05-01T14:15:06.290000,0.006983
2025-05-01T14:15:06.300000,0.008465
2025-05-01T14:15:06.310000,-0.010881
2025-05-01T14:15:06.320000,-0.014026
2025-05-01T14:15:06.330000,-0.018975
2025-05-01T14:15:06.340000,-0.008340
2025-05-01T14:15:06.350000,0.014613
2025-05-01T14:15:06.360000,-0.004577
2025-05-01T14:15:06.370000,0.019347
2025-05-01T14:15:06.380000,0.011632
2025-05-01T14:15:06.390000,-0.016103
2025-05-01T14:15:06.400000,0.002668
2025-05-01T14:15:06.410000,0.006439
2025-05-01T14:15:06.420000,0.014723
2025-05-01T14:15:06.430000,0.007750
2025-05-01T14:15:06.440000,-0.007345
2025-05-01T14:15:06.450000,0.002233
2025-05-01T14:15:06.460000,-0.006296
2025-05-01T14:15:06.470000,0.006544
2025-05-01T14:15:06.480000,-0.010596
2025-05-01T14:15:06.490000,0.012530
2025-05-01T14:15:06.500000,0.005310
2025-05-01T14:15:06.510000,0.003749
2025-05-01T14:15:06.520000,-0.004978
2025-05-01T14:15:06.530000,-0.009148
2025-05-01T14:15:06.540000,-0.005618
2025-05-01T14:15:06.550000,-0.008477
2025-05-01T14:15:06.560000,-0.006210
2025-05-01T14:15:06.570000,0.003273
2025-05-01T14:15:06.580000,0.001052
2025-05-01T14:15:06.590000,-0.011056
2025-05-01T14:15:06.600000,0.001993
2025-05-01T14:15:06.610000,-0.003162
2025-05-01T14:15:06.620000,-0.003365
2025-05-01T14:15:06.630000,0.009638
2025-05-01T14:15:06.640000,-0.012279
2025-05-01T14:15:06.650000,0.017274
2025-05-01T14:15:06.660000,0.007063
2025-05-01T14:15:06.670000,-0.019309
2025-05-01T14:15:06.680000,-0.009208
2025-05-01T14:15:06.690000,-0.001675
2025-05-01T14:15:06.700000,0.000464
2025-05-01T14:15:06.710000,-0.003105
2025-05-01T14:15:06.720000,0.005753
2025-05-01T14:15:06.730000,-0.018311
2025-05-01T14:15:06.740000,-0.005505
2025-05-01T14:15:06.750000,0.019582
2025-05-01T14:15:06.760000,-0.001351
2025-05-01T14:15:06.770000,-0.013918
2025-05-01T14:15:06.780000,0.010276
2025-05-01T14:15:06.790000,-0.007563
2025-05-01T14:15:06.800000,0.006280
2025-05-01T14:15:06.810000,-0.013103
2025-05-01T14:15:06.820000,0.016941
2025-05-01T14:15:06.830000,0.005774
2025-05-01T14:15:06.840000,0.003668
2025-05-01T14:15:06.850000,-0.000360
2025-05-01T14:15:06.860000,-0.001621
2025-05-01T14:15:06.870000,0.012384
2025-05-01T14:15:06.880000,0.004217
2025-05-01T14:15:06.890000,0.000401
2025-05-01T14:15:06.900000,-0.010378
2025-05-01T14:15:06.910000,0.014161
2025-05-01T14:15:06.920000,0.006982
2025-05-01T14:15:06.930000,0.010207
2025-05-01T14:15:06.940000,-0.013904
2025-05-01T14:15:06.950000,-0.001592
2025-05-01T14:15:06.960000,-0.011864
2025-05-01T14:15:06.970000,-0.002212
2025-05-01T14:15:06.980000,0.000336
2025-05-01T14:15:06.990000,-0.014756
2025-05-01T14:15:07,-0.009547
2025-05-01T14:15:07.010000,0.018277
2025-05-01T14:15:07.020000,0.007456
2025-05-01T14:15:07.030000,-0.002391
2025-05-01T14:15:07.040000,-0.003210
2025-05-01T14:15:07.050000,-0.007205
2025-05-01T14:15:07.060000,-0.004098
2025-05-01T14:15:07.070000,0.025439
2025-05-01T14:15:07.080000,-0.002667
2025-05-01T14:15:07.090000,0.010475
2025-05-01T14:15:07.100000,-0.011260
2025-05-01T14:15:07.110000,-0.000710
2025-05-01T14:15:07.120000,-0.013116
2025-05-01T14:15:07.130000,-0.000795
2025-05-01T14:15:07.140000,0.002078
2025-05-01T14:15:07.150000,-0.007423
2025-05-01T14:15:07.160000,0.022170
2025-05-01T14:15:07.170000,-0.008714
2025-05-01T14:15:07.180000,-0.001321
2025-05-01T14:15:07.190000,-0.011736
2025-05-01T14:15:07.200000,0.003548
2025-05-01T14:15:07.210000,-0.016459
2025-05-01T14:15:07.220000,0.018623
2025-05-01T14:15:07.230000,0.001516
2025-05-01T14:15:07.240000,0.008358
2025-05-01T14:15:07.250000,-0.003514
2025-05-01T14:15:07.260000,-0.010372
2025-05-01T14:15:07.270000,0.002026
2025-05-01T14:15:07.280000,-0.001391
2025-05-01T14:15:07.290000,0.007428
2025-05-01T14:15:07.300000,0.005988
2025-05-01T14:15:07.310000,0.028005
2025-05-01T14:15:07.320000,0.022838
2025-05-01T14:15:07.330000,0.011864
2025-05-01T14:15:07.340000,0.005397
2025-05-01T14:15:07.350000,-0.001862
2025-05-01T14:15:07.360000,0.012870
2025-05-01T14:15:07.370000,-0.023974
2025-05-01T14:15:07.380000,-0.013010
2025-05-01T14:15:07.390000,0.023895
2025-05-01T14:15:07.400000,0.019041
2025-05-01T14:15:07.410000,0.006816
2025-05-01T14:15:07.420000,0.000075
2025-05-01T14:15:07.430000,-0.005197
2025-05-01T14:15:07.440000,-0.000680
2025-05-01T14:15:07.450000,0.002769
2025-05-01T14:15:07.460000,0.015390
2025-05-01T14:15:07.470000,0.008639
2025-05-01T14:15:07.480000,-0.007679
2025-05-01T14:15:07.490000,0.001687
2025-05-01T14:15:07.500000,0.006435
2025-05-01T14:15:07.510000,-0.007314
2025-05-01T14:15:07.520000,0.003726
2025-05-01T14:15:07.530000,-0.012831
2025-05-01T14:15:07.540000,-0.009635
2025-05-01T14:15:07.550000,-0.006240
2025-05-01T14:15:07.560000,0.009379
2025-05-01T14:15:07.570000,0.009465
2025-05-01T14:15:07.580000,0.002004
2025-05-01T14:15:07.590000,0.001864
2025-05-01T14:15:07.600000,0.005659
2025-05-01T14:15:07.610000,0.001899
2025-05-01T14:15:07.620000,-0.014593
2025-05-01T14:15:07.630000,0.016119
2025-05-01T14:15:07.640000,0.002262
2025-05-01T14:15:07.650000,0.011276
2025-05-01T14:15:07.660000,0.005369
2025-05-01T14:15:07.670000,0.002622
2025-05-01T14:15:07.680000,-0.008421
2025-05-01T14:15:07.690000,0.019729
2025-05-01T14:15:07.700000,-0.011950
2025-05-01T14:15:07.710000,-0.015344
2025-05-01T14:15:07.720000,0.005024
2025-05-01T14:15:07.730000,-0.011474
2025-05-01T14:15:07.740000,0.006952
2025-05-01T14:15:07.750000,-0.016993
2025-05-01T14:15:07.760000,0.015950
2025-05-01T14:15:07.770000,-0.011339
2025-05-01T14:15:07.780000,-0.010710
2025-05-01T14:15:07.790000,0.023750
2025-05-01T14:15:07.800000,0.000825
2025-05-01T14:15:07.810000,-0.000509
2025-05-01T14:15:07.820000,-0.009236
2025-05-01T14:15:07.830000,0.001216
2025-05-01T14:15:07.840000,-0.003547
2025-05-01T14:15:07.850000,-0.014637
2025-05-01T14:15:07.860000,0.006910
2025-05-01T14:15:07.870000,-0.017427
2025-05-01T14:15:07.880000,0.006421
2025-05-01T14:15:07.890000,0.000112
2025-05-01T14:15:07.900000,0.015181
2025-05-01T14:15:07.910000,-0.007455
2025-05-01T14:15:07.920000,-0.005821
2025-05-01T14:15:07.930000,-0.014757
2025-05-01T14:15:07.940000,-0.021171
2025-05-01T14:15:07.950000,-0.013092
2025-05-01T14:15:07.960000,-0.002103
2025-05-01T14:15:07.970000,-0.013360
2025-05-01T14:15:07.980000,-0.005445
2025-05-01T14:15:07.990000,-0.018967
2025-05-01T14:15:08,-0.007388
2025-05-01T14:15:08.010000,-0.002059
2025-05-01T14:15:08.020000,0.002191
2025-05-01T14:15:08.030000,0.008636
2025-05-01T14:15:08.040000,0.022015
2025-05-01T14:15:08.050000,0.011191
2025-05-01T14:15:08.060000,-0.011625
2025-05-01T14:15:08.070000,-0.005394
2025-05-01T14:15:08.080000,0.013048
2025-05-01T14:15:08.090000,-0.002598
2025-05-01T14:15:08.100000,-0.009429
2025-05-01T14:15:08.110000,0.004398
2025-05-01T14:15:08.120000,0.001393
2025-05-01T14:15:08.130000,0.008471
2025-05-01T14:15:08.140000,0.004121
2025-05-01T14:15:08.150000,-0.015656
2025-05-01T14:15:08.160000,-0.016648
2025-05-01T14:15:08.170000,0.009862
2025-05-01T14:15:08.180000,-0.005352
2025-05-01T14:15:08.190000,0.012217
2025-05-01T14:15:08.200000,0.001339
2025-05-01T14:15:08.210000,-0.007083
2025-05-01T14:15:08.220000,0.000367
2025-05-01T14:15:08.230000,-0.009303
2025-05-01T14:15:08.240000,-0.007278
2025-05-01T14:15:08.250000,-0.003162
2025-05-01T14:15:08.260000,0.003966
2025-05-01T14:15:08.270000,0.007070
2025-05-01T14:15:08.280000,0.004469
2025-05-01T14:15:08.290000,0.007955
2025-05-01T14:15:08.300000,-0.000637
2025-05-01T14:15:08.310000,-0.006007
2025-05-01T14:15:08.320000,0.009278
2025-05-01T14:15:08.330000,-0.012720
2025-05-01T14:15:08.340000,-0.002342
2025-05-01T14:15:08.350000,-0.007108
2025-05-01T14:15:08.360000,-0.003508
2025-05-01T14:15:08.370000,-0.010113
2025-05-01T14:15:08.380000,0.008948
2025-05-01T14:15:08.390000,0.017281
2025-05-01T14:15:08.400000,-0.006875
2025-05-01T14:15:08.410000,-0.010866
2025-05-01T14:15:08.420000,-0.005994
2025-05-01T14:15:08.430000,-0.002745
2025-05-01T14:15:08.440000,0.018563
2025-05-01T14:15:08.450000,0.009247
2025-05-01T14:15:08.460000,-0.002450
2025-05-01T14:15:08.470000,-0.006587
2025-05-01T14:15:08.480000,0.007353
2025-05-01T14:15:08.490000,-0.013392
2025-05-01T14:15:08.500000,-0.013898
2025-05-01T14:15:08.510000,-0.008518
2025-05-01T14:15:08.520000,-0.006429
2025-05-01T14:15:08.530000,-0.000539
2025-05-01T14:15:08.540000,0.001560
2025-05-01T14:15:08.550000,0.023714
2025-05-01T14:15:08.560000,0.008135
2025-05-01T14:15:08.570000,0.007955
2025-05-01T14:15:08.580000,0.012853
2025-05-01T14:15:08.590000,0.008709
2025-05-01T14:15:08.600000,-0.002027
2025-05-01T14:15:08.610000,-0.017383
2025-05-01T14:15:08.620000,0.008670
2025-05-01T14:15:08.630000,-0.008280
2025-05-01T14:15:08.640000,0.002856
2025-05-01T14:15:08.650000,-0.000246
2025-05-01T14:15:08.660000,0.002344
2025-05-01T14:15:08.670000,0.004369
2025-05-01T14:15:08.680000,-0.001534
2025-05-01T14:15:08.690000,-0.005542
2025-05-01T14:15:08.700000,-0.005624
2025-05-01T14:15:08.710000,-0.005296
2025-05-01T14:15:08.720000,0.000868
2025-05-01T14:15:08.730000,0.023016
2025-05-01T14:15:08.740000,-0.009807
2025-05-01T14:15:08.750000,0.034905
2025-05-01T14:15:08.760000,0.004104
2025-05-01T14:15:08.770000,0.012072
2025-05-01T14:15:08.780000,0.003306
2025-05-01T14:15:08.790000,-0.001126
2025-05-01T14:15:08.800000,0.010571
2025-05-01T14:15:08.810000,-0.010660
2025-05-01T14:15:08.820000,0.013459
2025-05-01T14:15:08.830000,-0.003953
2025-05-01T14:15:08.840000,-0.009279
2025-05-01T14:15:08.850000,-0.002849
2025-05-01T14:15:08.860000,-0.001576
2025-05-01T14:15:08.870000,0.010568
2025-05-01T14:15:08.880000,-0.026132
2025-05-01T14:15:08.890000,0.014927
2025-05-01T14:15:08.900000,-0.010153
2025-05-01T14:15:08.910000,0.006616
2025-05-01T14:15:08.920000,0.000305
2025-05-01T14:15:08.930000,-0.003908
2025-05-01T14:15:08.940000,-0.007164
2025-05-01T14:15:08.950000,0.000801
2025-05-01T14:15:08.960000,0.008065
2025-05-01T14:15:08.970000,-0.004547
2025-05-01T14:15:08.980000,-0.011287
2025-05-01T14:15:08.990000,0.001695
2025-05-01T14:15:09,0.009527
2025-05-01T14:15:09.010000,0.008370
2025-05-01T14:15:09.020000,0.003089
2025-05-01T14:15:09.030000,-0.010262
2025-05-01T14:15:09.040000,0.013064
2025-05-01T14:15:09.050000,-0.005853
2025-05-01T14:15:09.060000,0.002677
2025-05-01T14:15:09.070000,-0.018548
2025-05-01T14:15:09.080000,0.003481
2025-05-01T14:15:09.090000,0.003972
2025-05-01T14:15:09.100000,-0.003850
2025-05-01T14:15:09.110000,-0.005100
2025-05-01T14:15:09.120000,-0.017300
2025-05-01T14:15:09.130000,-0.017816
2025-05-01T14:15:09.140000,0.001602
2025-05-01T14:15:09.150000,0.001895
2025-05-01T14:15:09.160000,-0.002663
2025-05-01T14:15:09.170000,0.002019
2025-05-01T14:15:09.180000,0.025202
2025-05-01T14:15:09.190000,-0.002853
2025-05-01T14:15:09.200000,-0.004263
2025-05-01T14:15:09.210000,0.000371
2025-05-01T14:15:09.220000,-0.001334
2025-05-01T14:15:09.230000,0.000046
2025-05-01T14:15:09.240000,0.014352
2025-05-01T14:15:09.250000,-0.014191
2025-05-01T14:15:09.260000,0.004195
2025-05-01T14:15:09.270000,-0.007091
2025-05-01T14:15:09.280000,-0.011610
2025-05-01T14:15:09.290000,0.003799
2025-05-01T14:15:09.300000,-0.001259
2025-05-01T14:15:09.310000,-0.016606
2025-05-01T14:15:09.320000,0.011391
2025-05-01T14:15:09.330000,-0.007773
2025-05-01T14:15:09.340000,0.004917
2025-05-01T14:15:09.350000,0.013855
2025-05-01T14:15:09.360000,0.010863
2025-05-01T14:15:09.370000,0.010174
2025-05-01T14:15:09.380000,0.010225
2025-05-01T14:15:09.390000,0.007306
2025-05-01T14:15:09.400000,-0.002282
2025-05-01T14:15:09.410000,-0.004632
2025-05-01T14:15:09.420000,-0.020067
2025-05-01T14:15:09.430000,0.011699
2025-05-01T14:15:09.440000,0.003886
2025-05-01T14:15:09.450000,0.006641
2025-05-01T14:15:09.460000,-0.019897
2025-05-01T14:15:09.470000,0.003839
2025-05-01T14:15:09.480000,-0.001154
2025-05-01T14:15:09.490000,0.011217
2025-05-01T14:15:09.500000,-0.012999
2025-05-01T14:15:09.510000,0.004908
2025-05-01T14:15:09.520000,0.014555
2025-05-01T14:15:09.530000,0.003509
2025-05-01T14:15:09.540000,0.005778
2025-05-01T14:15:09.550000,-0.002292
2025-05-01T14:15:09.560000,-0.001631
2025-05-01T14:15:09.570000,0.012277
2025-05-01T14:15:09.580000,0.000972
2025-05-01T14:15:09.590000,0.012508
2025-05-01T14:15:09.600000,0.000420
2025-05-01T14:15:09.610000,0.008257
2025-05-01T14:15:09.620000,0.013046
2025-05-01T14:15:09.630000,0.003381
2025-05-01T14:15:09.640000,-0.002393
2025-05-01T14:15:09.650000,0.007607
2025-05-01T14:15:09.660000,0.010790
2025-05-01T14:15:09.670000,-0.015282
2025-05-01T14:15:09.680000,0.015415
2025-05-01T14:15:09.690000,0.016782
2025-05-01T14:15:09.700000,-0.011152
2025-05-01T14:15:09.710000,-0.007615
2025-05-01T14:15:09.720000,0.005507
2025-05-01T14:15:09.730000,-0.006726
2025-05-01T14:15:09.740000,0.013131
2025-05-01T14:15:09.750000,0.002001
2025-05-01T14:15:09.760000,0.014920
2025-05-01T14:15:09.770000,-0.012695
2025-05-01T14:15:09.780000,-0.010318
2025-05-01T14:15:09.790000,0.010557
2025-05-01T14:15:09.800000,0.005166
2025-05-01T14:15:09.810000,-0.006493
2025-05-01T14:15:09.820000,0.002326
2025-05-01T14:15:09.830000,0.000625
2025-05-01T14:15:09.840000,-0.000446
2025-05-01T14:15:09.850000,-0.002457
2025-05-01T14:15:09.860000,0.005944
2025-05-01T14:15:09.870000,0.003292
2025-05-01T14:15:09.880000,0.002099
2025-05-01T14:15:09.890000,0.001658
2025-05-01T14:15:09.900000,0.006839
2025-05-01T14:15:09.910000,-0.014500
2025-05-01T14:15:09.920000,-0.003521
2025-05-01T14:15:09.930000,-0.001195
2025-05-01T14:15:09.940000,-0.008603
2025-05-01T14:15:09.950000,-0.003729
2025-05-01T14:15:09.960000,0.006485
2025-05-01T14:15:09.970000,-0.020082
2025-05-01T14:15:09.980000,0.011276
2025-05-01T14:15:09.990000,-0.024840
2025-05-01T14:15:10,-0.003325
2025-05-01T14:15:10.010000,-0.002796
2025-05-01T14:15:10.020000,0.008422
2025-05-01T14:15:10.030000,-0.000507
2025-05-01T14:15:10.040000,0.017605
2025-05-01T14:15:10.050000,-0.015072
2025-05-01T14:15:10.060000,0.013264
2025-05-01T14:15:10.070000,0.009785
2025-05-01T14:15:10.080000,-0.012498
2025-05-01T14:15:10.090000,-0.000328
2025-05-01T14:15:10.100000,-0.001783
2025-05-01T14:15:10.110000,0.001517
2025-05-01T14:15:10.120000,-0.000773
2025-05-01T14:15:10.130000,0.000018
2025-05-01T14:15:10.140000,-0.009441
2025-05-01T14:15:10.150000,0.006624
2025-05-01T14:15:10.160000,0.003588
2025-05-01T14:15:10.170000,0.003920
2025-05-01T14:15:10.180000,0.004886
2025-05-01T14:15:10.190000,-0.005016
2025-05-01T14:15:10.200000,0.006229
2025-05-01T14:15:10.210000,-0.000915
2025-05-01T14:15:10.220000,-0.000567
2025-05-01T14:15:10.230000,-0.001257
2025-05-01T14:15:10.240000,-0.020610
2025-05-01T14:15:10.250000,0.000582
2025-05-01T14:15:10.260000,0.019517
2025-05-01T14:15:10.270000,0.001440
2025-05-01T14:15:10.280000,0.007759
2025-05-01T14:15:10.290000,0.019454
2025-05-01T14:15:10.300000,0.003384
2025-05-01T14:15:10.310000,0.016014
2025-05-01T14:15:10.320000,-0.000619
2025-05-01T14:15:10.330000,-0.013037
2025-05-01T14:15:10.340000,-0.007088
2025-05-01T14:15:10.350000,-0.009622
2025-05-01T14:15:10.360000,0.007781
2025-05-01T14:15:10.370000,-0.004970
2025-05-01T14:15:10.380000,0.002453
2025-05-01T14:15:10.390000,-0.003077
2025-05-01T14:15:10.400000,-0.011525
2025-05-01T14:15:10.410000,-0.004052
2025-05-01T14:15:10.420000,-0.011120
2025-05-01T14:15:10.430000,0.007948
2025-05-01T14:15:10.440000,0.002573
2025-05-01T14:15:10.450000,-0.003515
2025-05-01T14:15:10.460000,-0.010897
2025-05-01T14:15:10.470000,0.003504
2025-05-01T14:15:10.480000,-0.010271
2025-05-01T14:15:10.490000,0.028638
2025-05-01T14:15:10.500000,0.002684
2025-05-01T14:15:10.510000,-0.006880
2025-05-01T14:15:10.520000,-0.004637
2025-05-01T14:15:10.530000,-0.004814
2025-05-01T14:15:10.540000,0.007528
2025-05-01T14:15:10.550000,0.001023
2025-05-01T14:15:10.560000,0.000875
2025-05-01T14:15:10.570000,-0.002456
2025-05-01T14:15:10.580000,0.014783
2025-05-01T14:15:10.590000,-0.006528
2025-05-01T14:15:10.600000,-0.000298
2025-05-01T14:15:10.610000,0.009722
2025-05-01T14:15:10.620000,0.008927
2025-05-01T14:15:10.630000,0.009303
2025-05-01T14:15:10.640000,0.003184
2025-05-01T14:15:10.650000,0.013768
2025-05-01T14:15:10.660000,-0.002568
2025-05-01T14:15:10.670000,-0.010385
2025-05-01T14:15:10.680000,-0.013547
2025-05-01T14:15:10.690000,-0.014118
2025-05-01T14:15:10.700000,-0.012457
2025-05-01T14:15:10.710000,0.001116
2025-05-01T14:15:10.720000,0.004422
2025-05-01T14:15:10.730000,0.023162
2025-05-01T14:15:10.740000,-0.001200
2025-05-01T14:15:10.750000,0.015711
2025-05-01T14:15:10.760000,-0.011019
2025-05-01T14:15:10.770000,-0.007988
2025-05-01T14:15:10.780000,-0.003850
2025-05-01T14:15:10.790000,-0.002278
2025-05-01T14:15:10.800000,0.006544
2025-05-01T14:15:10.810000,0.022348
2025-05-01T14:15:10.820000,-0.010878
2025-05-01T14:15:10.830000,-0.007463
2025-05-01T14:15:10.840000,0.019562
2025-05-01T14:15:10.850000,0.012902
2025-05-01T14:15:10.860000,0.016378
2025-05-01T14:15:10.870000,-0.014190
2025-05-01T14:15:10.880000,0.001068
2025-05-01T14:15:10.890000,-0.000034
2025-05-01T14:15:10.900000,-0.001066
2025-05-01T14:15:10.910000,-0.000625
2025-05-01T14:15:10.920000,0.015730
2025-05-01T14:15:10.930000,0.006183
2025-05-01T14:15:10.940000,-0.019423
2025-05-01T14:15:10.950000,-0.005598
2025-05-01T14:15:10.960000,-0.003594
2025-05-01T14:15:10.970000,-0.007931
2025-05-01T14:15:10.980000,-0.023547
2025-05-01T14:15:10.990000,-0.000558
2025-05-01T14:15:11,-0.017055
2025-05-01T14:15:11.010000,-0.010218
2025-05-01T14:15:11.020000,-0.008924
2025-05-01T14:15:11.030000,0.004098
2025-05-01T14:15:11.040000,0.011621
2025-05-01T14:15:11.050000,0.006652
2025-05-01T14:15:11.060000,-0.008182
2025-05-01T14:15:11.070000,0.003813
2025-05-01T14:15:11.080000,0.012831
2025-05-01T14:15:11.090000,-0.013014
2025-05-01T14:15:11.100000,0.001415
2025-05-01T14:15:11.110000,0.009585
2025-05-01T14:15:11.120000,-0.018685
2025-05-01T14:15:11.130000,0.018197
2025-05-01T14:15:11.140000,-0.008913
2025-05-01T14:15:11.150000,-0.007099
2025-05-01T14:15:11.160000,0.005083
2025-05-01T14:15:11.170000,-0.004573
2025-05-01T14:15:11.180000,-0.001077
2025-05-01T14:15:11.190000,-0.000798
2025-05-01T14:15:11.200000,0.001494
2025-05-01T14:15:11.210000,0.007456
2025-05-01T14:15:11.220000,-0.022566
2025-05-01T14:15:11.230000,0.012751
2025-05-01T14:15:11.240000,-0.014736
2025-05-01T14:15:11.250000,0.015669
2025-05-01T14:15:11.260000,-0.003503
2025-05-01T14:15:11.270000,-0.020077
2025-05-01T14:15:11.280000,-0.000486
2025-05-01T14:15:11.290000,0.011968
2025-05-01T14:15:11.300000,-0.018755
2025-05-01T14:15:11.310000,-0.016371
2025-05-01T14:15:11.320000,-0.020698
2025-05-01T14:15:11.330000,0.008997
2025-05-01T14:15:11.340000,-0.006346
2025-05-01T14:15:11.350000,0.015310
2025-05-01T14:15:11.360000,-0.002681
2025-05-01T14:15:11.370000,-0.008529
2025-05-01T14:15:11.380000,-0.011535
2025-05-01T14:15:11.390000,0.007644
2025-05-01T14:15:11.400000,0.009275
2025-05-01T14:15:11.410000,0.006375
2025-05-01T14:15:11.420000,0.002906
2025-05-01T14:15:11.430000,-0.012796
2025-05-01T14:15:11.440000,-0.000153
2025-05-01T14:15:11.450000,-0.010000
2025-05-01T14:15:11.460000,-0.008721
2025-05-01T14:15:11.470000,0.013110
2025-05-01T14:15:11.480000,-0.006873
2025-05-01T14:15:11.490000,0.003230
2025-05-01T14:15:11.500000,-0.000483
2025-05-01T14:15:11.510000,-0.008668
2025-05-01T14:15:11.520000,-0.008037
2025-05-01T14:15:11.530000,-0.006212
2025-05-01T14:15:11.540000,-0.002787
2025-05-01T14:15:11.550000,-0.014808
2025-05-01T14:15:11.560000,-0.001866
2025-05-01T14:15:11.570000,0.010893
2025-05-01T14:15:11.580000,0.003850
2025-05-01T14:15:11.590000,0.005762
2025-05-01T14:15:11.600000,0.005636
2025-05-01T14:15:11.610000,0.006052
2025-05-01T14:15:11.620000,-0.015100
2025-05-01T14:15:11.630000,0.008506
2025-05-01T14:15:11.640000,0.000889
2025-05-01T14:15:11.650000,0.011225
2025-05-01T14:15:11.660000,-0.008548
2025-05-01T14:15:11.670000,-0.009634
2025-05-01T14:15:11.680000,-0.008521
2025-05-01T14:15:11.690000,0.009171
2025-05-01T14:15:11.700000,0.009263
2025-05-01T14:15:11.710000,-0.015065
2025-05-01T14:15:11.720000,0.010896
2025-05-01T14:15:11.730000,0.007517
2025-05-01T14:15:11.740000,-0.004139
2025-05-01T14:15:11.750000,-0.004868
2025-05-01T14:15:11.760000,0.003348
2025-05-01T14:15:11.770000,0.003114
2025-05-01T14:15:11.780000,0.007384
2025-05-01T14:15:11.790000,-0.000702
2025-05-01T14:15:11.800000,0.016448
2025-05-01T14:15:11.810000,0.006050
2025-05-01T14:15:11.820000,-0.003023
2025-05-01T14:15:11.830000,0.002140
2025-05-01T14:15:11.840000,0.004971
2025-05-01T14:15:11.850000,0.011691
2025-05-01T14:15:11.860000,0.006984
2025-05-01T14:15:11.870000,0.007868
2025-05-01T14:15:11.880000,-0.006004
2025-05-01T14:15:11.890000,0.004150
2025-05-01T14:15:11.900000,0.001915
2025-05-01T14:15:11.910000,0.007923
2025-05-01T14:15:11.920000,0.000194
2025-05-01T14:15:11.930000,0.010421
2025-05-01T14:15:11.940000,0.008049
2025-05-01T14:15:11.950000,0.000271
2025-05-01T14:15:11.960000,0.015525
2025-05-01T14:15:11.970000,0.008586
2025-05-01T14:15:11.980000,0.021702
2025-05-01T14:15:11.990000,-0.016601
2025-05-01T14:15:12,0.003083
2025-05-01T14:15:12.010000,0.026509
2025-05-01T14:15:12.020000,-0.007467
2025-05-01T14:15:12.030000,0.017783
2025-05-01T14:15:12.040000,-0.002571
2025-05-01T14:15:12.050000,-0.006051
2025-05-01T14:15:12.060000,0.009570
2025-05-01T14:15:12.070000,-0.001383
2025-05-01T14:15:12.080000,-0.010257
2025-05-01T14:15:12.090000,-0.006083
2025-05-01T14:15:12.100000,0.001366
2025-05-01T14:15:12.110000,-0.008078
2025-05-01T14:15:12.120000,-0.005638
2025-05-01T14:15:12.130000,0.003357
2025-05-01T14:15:12.140000,0.000389
2025-05-01T14:15:12.150000,-0.007404
2025-05-01T14:15:12.160000,0.008468
2025-05-01T14:15:12.170000,0.003458
2025-05-01T14:15:12.180000,-0.003553
2025-05-01T14:15:12.190000,-0.010363
2025-05-01T14:15:12.200000,0.001316
2025-05-01T14:15:12.210000,-0.012512
2025-05-01T14:15:12.220000,0.002325
2025-05-01T14:15:12.230000,0.002729
2025-05-01T14:15:12.240000,0.003796
2025-05-01T14:15:12.250000,-0.008376
2025-05-01T14:15:12.260000,0.014870
2025-05-01T14:15:12.270000,0.004000
2025-05-01T14:15:12.280000,0.009662
2025-05-01T14:15:12.290000,-0.015345
2025-05-01T14:15:12.300000,0.014455
2025-05-01T14:15:12.310000,0.008966
2025-05-01T14:15:12.320000,0.012583
2025-05-01T14:15:12.330000,-0.001286
2025-05-01T14:15:12.340000,0.022355
2025-05-01T14:15:12.350000,0.010086
2025-05-01T14:15:12.360000,-0.014652
2025-05-01T14:15:12.370000,-0.003431
2025-05-01T14:15:12.380000,-0.004633
2025-05-01T14:15:12.390000,-0.012851
2025-05-01T14:15:12.400000,0.010666
2025-05-01T14:15:12.410000,-0.002208
2025-05-01T14:15:12.420000,-0.005402
2025-05-01T14:15:12.430000,0.000044
2025-05-01T14:15:12.440000,0.010162
2025-05-01T14:15:12.450000,-0.015925
2025-05-01T14:15:12.460000,0.010292
2025-05-01T14:15:12.470000,-0.008009
2025-05-01T14:15:12.480000,-0.008764
2025-05-01T14:15:12.490000,0.006135
2025-05-01T14:15:12.500000,-0.009635
2025-05-01T14:15:12.510000,0.013119
2025-05-01T14:15:12.520000,-0.001564
2025-05-01T14:15:12.530000,-0.003817
2025-05-01T14:15:12.540000,0.020220
2025-05-01T14:15:12.550000,-0.004730
2025-05-01T14:15:12.560000,-0.006887
2025-05-01T14:15:12.570000,-0.000163
2025-05-01T14:15:12.580000,-0.002887
2025-05-01T14:15:12.590000,0.003191
2025-05-01T14:15:12.600000,-0.008603
2025-05-01T14:15:12.610000,0.001028
2025-05-01T14:15:12.620000,-0.011541
2025-05-01T14:15:12.630000,-0.006770
2025-05-01T14:15:12.640000,-0.001225
2025-05-01T14:15:12.650000,0.009270
2025-05-01T14:15:12.660000,-0.007356
2025-05-01T14:15:12.670000,0.005836
2025-05-01T14:15:12.680000,-0.006216
2025-05-01T14:15:12.690000,0.005345
2025-05-01T14:15:12.700000,-0.006417
2025-05-01T14:15:12.710000,0.011043
2025-05-01T14:15:12.720000,-0.010101
2025-05-01T14:15:12.730000,-0.001569
2025-05-01T14:15:12.740000,0.008607
2025-05-01T14:15:12.750000,-0.006262
2025-05-01T14:15:12.760000,0.006441
2025-05-01T14:15:12.770000,0.001335
2025-05-01T14:15:12.780000,-0.012051
2025-05-01T14:15:12.790000,0.012380
2025-05-01T14:15:12.800000,-0.020831
2025-05-01T14:15:12.810000,0.001994
2025-05-01T14:15:12.820000,-0.002141
2025-05-01T14:15:12.830000,0.010522
2025-05-01T14:15:12.840000,0.004007
2025-05-01T14:15:12.850000,0.011156
2025-05-01T14:15:12.860000,0.004064
2025-05-01T14:15:12.870000,0.004936
2025-05-01T14:15:12.880000,-0.006972
2025-05-01T14:15:12.890000,0.002738
2025-05-01T14:15:12.900000,0.000696
2025-05-01T14:15:12.910000,-0.012126
2025-05-01T14:15:12.920000,-0.001295
2025-05-01T14:15:12.930000,-0.008033
2025-05-01T14:15:12.940000,0.008890
2025-05-01T14:15:12.950000,0.003507
2025-05-01T14:15:12.960000,-0.007096
2025-05-01T14:15:12.970000,0.009638
2025-05-01T14:15:12.980000,-0.010222
2025-05-01T14:15:12.990000,0.006204
2025-05-01T14:15:13,0.002215
2025-05-01T14:15:13.010000,-0.000000
2025-05-01T14:15:13.020000,-0.002641
2025-05-01T14:15:13.030000,0.006037
2025-05-01T14:15:13.040000,-0.017837
2025-05-01T14:15:13.050000,0.014892
2025-05-01T14:15:13.060000,-0.013513
2025-05-01T14:15:13.070000,-0.001378
2025-05-01T14:15:13.080000,0.013439
2025-05-01T14:15:13.090000,-0.011264
2025-05-01T14:15:13.100000,0.007763
2025-05-01T14:15:13.110000,0.015238
2025-05-01T14:15:13.120000,0.001987
2025-05-01T14:15:13.130000,-0.015534
2025-05-01T14:15:13.140000,-0.008747
2025-05-01T14:15:13.150000,0.004455
2025-05-01T14:15:13.160000,0.006827
2025-05-01T14:15:13.170000,0.008664
2025-05-01T14:15:13.180000,0.004416
2025-05-01T14:15:13.190000,0.015274
2025-05-01T14:15:13.200000,0.002752
2025-05-01T14:15:13.210000,0.004811
2025-05-01T14:15:13.220000,-0.006510
2025-05-01T14:15:13.230000,0.006961
2025-05-01T14:15:13.240000,0.007396
2025-05-01T14:15:13.250000,0.012179
2025-05-01T14:15:13.260000,0.001472
2025-05-01T14:15:13.270000,-0.002230
2025-05-01T14:15:13.280000,-0.004908
2025-05-01T14:15:13.290000,0.011691
2025-05-01T14:15:13.300000,0.003173
2025-05-01T14:15:13.310000,0.005520
2025-05-01T14:15:13.320000,0.001210
2025-05-01T14:15:13.330000,-0.007058
2025-05-01T14:15:13.340000,-0.000804
2025-05-01T14:15:13.350000,-0.005422
2025-05-01T14:15:13.360000,0.000335
2025-05-01T14:15:13.370000,-0.002825
2025-05-01T14:15:13.380000,0.008808
2025-05-01T14:15:13.390000,0.009516
2025-05-01T14:15:13.400000,0.011262
2025-05-01T14:15:13.410000,0.022398
2025-05-01T14:15:13.420000,0.002298
2025-05-01T14:15:13.430000,0.000259
2025-05-01T14:15:13.440000,0.012413
2025-05-01T14:15:13.450000,0.004919
2025-05-01T14:15:13.460000,-0.001822
2025-05-01T14:15:13.470000,0.005445
2025-05-01T14:15:13.480000,-0.022689
2025-05-01T14:15:13.490000,-0.005332
2025-05-01T14:15:13.500000,0.007683
2025-05-01T14:15:13.510000,-0.004339
2025-05-01T14:15:13.520000,0.023250
2025-05-01T14:15:13.530000,0.015806
2025-05-01T14:15:13.540000,0.014663
2025-05-01T14:15:13.550000,-0.010334
2025-05-01T14:15:13.560000,-0.005532
2025-05-01T14:15:13.570000,0.010036
2025-05-01T14:15:13.580000,-0.011065
2025-05-01T14:15:13.590000,0.003162
2025-05-01T14:15:13.600000,-0.012676
2025-05-01T14:15:13.610000,0.004038
2025-05-01T14:15:13.620000,0.006217
2025-05-01T14:15:13.630000,0.007105
2025-05-01T14:15:13.640000,0.009067
2025-05-01T14:15:13.650000,-0.009606
2025-05-01T14:15:13.660000,0.009071
2025-05-01T14:15:13.670000,0.012488
2025-05-01T14:15:13.680000,0.000012
2025-05-01T14:15:13.690000,0.004492
2025-05-01T14:15:13.700000,0.008829
2025-05-01T14:15:13.710000,0.003890
2025-05-01T14:15:13.720000,-0.001750
2025-05-01T14:15:13.730000,-0.017015
2025-05-01T14:15:13.740000,0.010126
2025-05-01T14:15:13.750000,0.018197
2025-05-01T14:15:13.760000,-0.003687
2025-05-01T14:15:13.770000,0.008518
2025-05-01T14:15:13.780000,-0.002597
2025-05-01T14:15:13.790000,0.002904
2025-05-01T14:15:13.800000,0.004111
2025-05-01T14:15:13.810000,0.006074
2025-05-01T14:15:13.820000,0.013924
2025-05-01T14:15:13.830000,-0.001588
2025-05-01T14:15:13.840000,-0.011050
2025-05-01T14:15:13.850000,0.004688
2025-05-01T14:15:13.860000,-0.009439
2025-05-01T14:15:13.870000,0.007740
2025-05-01T14:15:13.880000,-0.011441
2025-05-01T14:15:13.890000,0.000065
2025-05-01T14:15:13.900000,-0.000884
2025-05-01T14:15:13.910000,-0.002678
2025-05-01T14:15:13.920000,-0.018630
2025-05-01T14:15:13.930000,-0.016013
2025-05-01T14:15:13.940000,-0.004705
2025-05-01T14:15:13.950000,-0.012430
2025-05-01T14:15:13.960000,0.021849
2025-05-01T14:15:13.970000,-0.002612
2025-05-01T14:15:13.980000,-0.019763
2025-05-01T14:15:13.990000,-0.004765
2025-05-01T14:15:14,0.002403
2025-05-01T14:15:14.010000,-0.013666
2025-05-01T14:15:14.020000,-0.002684
2025-05-01T14:15:14.030000,0.000366
2025-05-01T14:15:14.040000,-0.019222
2025-05-01T14:15:14.050000,0.000224
2025-05-01T14:15:14.060000,-0.002582
2025-05-01T14:15:14.070000,-0.000722
2025-05-01T14:15:14.080000,0.017132
2025-05-01T14:15:14.090000,-0.010208
2025-05-01T14:15:14.100000,-0.011828
2025-05-01T14:15:14.110000,-0.007336
2025-05-01T14:15:14.120000,-0.005416
2025-05-01T14:15:14.130000,-0.002335
2025-05-01T14:15:14.140000,0.000037
2025-05-01T14:15:14.150000,-0.002930
2025-05-01T14:15:14.160000,0.002049
2025-05-01T14:15:14.170000,-0.017378
2025-05-01T14:15:14.180000,0.007325
2025-05-01T14:15:14.190000,-0.001455
2025-05-01T14:15:14.200000,0.005617
2025-05-01T14:15:14.210000,0.001668
2025-05-01T14:15:14.220000,0.007202
2025-05-01T14:15:14.230000,-0.000017
2025-05-01T14:15:14.240000,-0.006748
2025-05-01T14:15:14.250000,0.022855
2025-05-01T14:15:14.260000,-0.013390
2025-05-01T14:15:14.270000,-0.003852
2025-05-01T14:15:14.280000,-0.004852
2025-05-01T14:15:14.290000,-0.004327
2025-05-01T14:15:14.300000,-0.002671
2025-05-01T14:15:14.310000,0.004535
2025-05-01T14:15:14.320000,0.030955
2025-05-01T14:15:14.330000,0.001416
2025-05-01T14:15:14.340000,-0.002040
2025-05-01T14:15:14.350000,-0.015295
2025-05-01T14:15:14.360000,-0.004152
2025-05-01T14:15:14.370000,-0.000827
2025-05-01T14:15:14.380000,0.000330
2025-05-01T14:15:14.390000,0.005789
2025-05-01T14:15:14.400000,-0.010046
2025-05-01T14:15:14.410000,-0.002526
2025-05-01T14:15:14.420000,0.003950
2025-05-01T14:15:14.430000,0.008279
2025-05-01T14:15:14.440000,0.009634
2025-05-01T14:15:14.450000,0.000011
2025-05-01T14:15:14.460000,0.002222
2025-05-01T14:15:14.470000,0.003714
2025-05-01T14:15:14.480000,0.020032
2025-05-01T14:15:14.490000,0.002071
2025-05-01T14:15:14.500000,-0.009461
2025-05-01T14:15:14.510000,-0.001413
2025-05-01T14:15:14.520000,0.011206
2025-05-01T14:15:14.530000,0.020908
2025-05-01T14:15:14.540000,-0.021665
2025-05-01T14:15:14.550000,0.007700
2025-05-01T14:15:14.560000,0.013572
2025-05-01T14:15:14.570000,-0.001946
2025-05-01T14:15:14.580000,0.008217
2025-05-01T14:15:14.590000,0.002388
2025-05-01T14:15:14.600000,-0.008305
2025-05-01T14:15:14.610000,0.016081
2025-05-01T14:15:14.620000,-0.001182
2025-05-01T14:15:14.630000,0.001958
2025-05-01T14:15:14.640000,0.009236
2025-05-01T14:15:14.650000,0.002535
2025-05-01T14:15:14.660000,-0.014273
2025-05-01T14:15:14.670000,0.014805
2025-05-01T14:15:14.680000,-0.009079
2025-05-01T14:15:14.690000,-0.000367
2025-05-01T14:15:14.700000,-0.012103
2025-05-01T14:15:14.710000,-0.027940
2025-05-01T14:15:14.720000,0.017683
2025-05-01T14:15:14.730000,-0.004006
2025-05-01T14:15:14.740000,-0.004518
2025-05-01T14:15:14.750000,-0.005648
2025-05-01T14:15:14.760000,-0.021218
2025-05-01T14:15:14.770000,-0.004867
2025-05-01T14:15:14.780000,0.004896
2025-05-01T14:15:14.790000,-0.004811
2025-05-01T14:15:14.800000,-0.001208
2025-05-01T14:15:14.810000,0.009181
2025-05-01T14:15:14.820000,0.010947
2025-05-01T14:15:14.830000,0.021744
2025-05-01T14:15:14.840000,0.011012
2025-05-01T14:15:14.850000,-0.019377
2025-05-01T14:15:14.860000,0.007103
2025-05-01T14:15:14.870000,-0.008061
2025-05-01T14:15:14.880000,0.000134
2025-05-01T14:15:14.890000,-0.003049
2025-05-01T14:15:14.900000,-0.003410
2025-05-01T14:15:14.910000,-0.005374
2025-05-01T14:15:14.920000,-0.002239
2025-05-01T14:15:14.930000,0.007070
2025-05-01T14:15:14.940000,-0.000615
2025-05-01T14:15:14.950000,-0.008395
2025-05-01T14:15:14.960000,0.000356
2025-05-01T14:15:14.970000,-0.013132
2025-05-01T14:15:14.980000,0.002456
2025-05-01T14:15:14.990000,-0.000060
2025-05-01T14:15:15,0.002250
2025-05-01T14:15:15.010000,-0.004412
2025-05-01T14:15:15.020000,-0.008015
2025-05-01T14:15:15.030000,0.003342
2025-05-01T14:15:15.040000,0.003035
2025-05-01T14:15:15.050000,0.001705
2025-05-01T14:15:15.060000,-0.005550
2025-05-01T14:15:15.070000,-0.002026
2025-05-01T14:15:15.080000,0.006598
2025-05-01T14:15:15.090000,0.013282
2025-05-01T14:15:15.100000,-0.007581
2025-05-01T14:15:15.110000,0.006941
2025-05-01T14:15:15.120000,-0.011458
2025-05-01T14:15:15.130000,0.001799
2025-05-01T14:15:15.140000,0.000547
2025-05-01T14:15:15.150000,-0.010000
2025-05-01T14:15:15.160000,-0.001719
2025-05-01T14:15:15.170000,0.001663
2025-05-01T14:15:15.180000,-0.015201
2025-05-01T14:15:15.190000,0.002552
2025-05-01T14:15:15.200000,-0.003069
2025-05-01T14:15:15.210000,-0.002530
2025-05-01T14:15:15.220000,-0.017493
2025-05-01T14:15:15.230000,-0.003891
2025-05-01T14:15:15.240000,0.002139
2025-05-01T14:15:15.250000,-0.013549
2025-05-01T14:15:15.260000,-0.003294
2025-05-01T14:15:15.270000,-0.005152
2025-05-01T14:15:15.280000,-0.009405
2025-05-01T14:15:15.290000,-0.011395
2025-05-01T14:15:15.300000,-0.005126
2025-05-01T14:15:15.310000,0.011519
2025-05-01T14:15:15.320000,-0.012904
2025-05-01T14:15:15.330000,-0.028846
2025-05-01T14:15:15.340000,-0.007104
2025-05-01T14:15:15.350000,0.000580
2025-05-01T14:15:15.360000,-0.014578
2025-05-01T14:15:15.370000,-0.001221
2025-05-01T14:15:15.380000,-0.024559
2025-05-01T14:15:15.390000,-0.003003
2025-05-01T14:15:15.400000,0.010859
2025-05-01T14:15:15.410000,0.003001
2025-05-01T14:15:15.420000,-0.004408
2025-05-01T14:15:15.430000,-0.006232
2025-05-01T14:15:15.440000,0.008885
2025-05-01T14:15:15.450000,-0.012002
2025-05-01T14:15:15.460000,-0.008074
2025-05-01T14:15:15.470000,0.005447
2025-05-01T14:15:15.480000,-0.008023
2025-05-01T14:15:15.490000,-0.024738
2025-05-01T14:15:15.500000,0.020272
2025-05-01T14:15:15.510000,-0.000447
2025-05-01T14:15:15.520000,0.000984
2025-05-01T14:15:15.530000,0.001472
2025-05-01T14:15:15.540000,-0.012433
2025-05-01T14:15:15.550000,-0.020146
2025-05-01T14:15:15.560000,0.005398
2025-05-01T14:15:15.570000,-0.006538
2025-05-01T14:15:15.580000,-0.009802
2025-05-01T14:15:15.590000,0.009543
2025-05-01T14:15:15.600000,0.008526
2025-05-01T14:15:15.610000,-0.017019
2025-05-01T14:15:15.620000,0.019370
2025-05-01T14:15:15.630000,-0.015237
2025-05-01T14:15:15.640000,0.010226
2025-05-01T14:15:15.650000,-0.002385
2025-05-01T14:15:15.660000,0.004066
2025-05-01T14:15:15.670000,0.003333
2025-05-01T14:15:15.680000,0.022737
2025-05-01T14:15:15.690000,0.003116
2025-05-01T14:15:15.700000,-0.002604
2025-05-01T14:15:15.710000,0.003090
2025-05-01T14:15:15.720000,0.012236
2025-05-01T14:15:15.730000,-0.008066
2025-05-01T14:15:15.740000,-0.005856
2025-05-01T14:15:15.750000,-0.010347
2025-05-01T14:15:15.760000,-0.002286
2025-05-01T14:15:15.770000,0.001515
2025-05-01T14:15:15.780000,0.013336
2025-05-01T14:15:15.790000,0.015487
2025-05-01T14:15:15.800000,-0.000501
2025-05-01T14:15:15.810000,0.017647
2025-05-01T14:15:15.820000,-0.002586
2025-05-01T14:15:15.830000,-0.000143
2025-05-01T14:15:15.840000,-0.001814
2025-05-01T14:15:15.850000,0.000155
2025-05-01T14:15:15.860000,-0.022010
2025-05-01T14:15:15.870000,-0.007954
2025-05-01T14:15:15.880000,0.000449
2025-05-01T14:15:15.890000,0.002842
2025-05-01T14:15:15.900000,-0.017538
2025-05-01T14:15:15.910000,0.007250
2025-05-01T14:15:15.920000,0.005975
2025-05-01T14:15:15.930000,-0.018322
2025-05-01T14:15:15.940000,0.014256
2025-05-01T14:15:15.950000,0.000027
2025-05-01T14:15:15.960000,0.009878
2025-05-01T14:15:15.970000,-0.004562
2025-05-01T14:15:15.980000,0.028585
2025-05-01T14:15:15.990000,-0.011961
2025-05-01T14:15:16,0.003747
2025-05-01T14:15:16.010000,-0.005569
2025-05-01T14:15:16.020000,-0.021169
2025-05-01T14:15:16.030000,-0.008066
2025-05-01T14:15:16.040000,0.010163
2025-05-01T14:15:16.050000,-0.001789
2025-05-01T14:15:16.060000,0.011748
2025-05-01T14:15:16.070000,0.004721
2025-05-01T14:15:16.080000,0.003424
2025-05-01T14:15:16.090000,0.000496
2025-05-01T14:15:16.100000,0.005912
2025-05-01T14:15:16.110000,-0.020369
2025-05-01T14:15:16.120000,0.009391
2025-05-01T14:15:16.130000,-0.007075
2025-05-01T14:15:16.140000,-0.017878
2025-05-01T14:15:16.150000,0.009550
2025-05-01T14:15:16.160000,-0.003019
2025-05-01T14:15:16.170000,0.007041
2025-05-01T14:15:16.180000,0.008959
2025-05-01T14:15:16.190000,-0.013042
2025-05-01T14:15:16.200000,-0.012173
2025-05-01T14:15:16.210000,0.010271
2025-05-01T14:15:16.220000,-0.000667
2025-05-01T14:15:16.230000,-0.000637
2025-05-01T14:15:16.240000,-0.006581
2025-05-01T14:15:16.250000,0.007933
2025-05-01T14:15:16.260000,-0.003588
2025-05-01T14:15:16.270000,-0.008822
2025-05-01T14:15:16.280000,-0.000337
2025-05-01T14:15:16.290000,0.003268
2025-05-01T14:15:16.300000,0.007664
2025-05-01T14:15:16.310000,0.013532
2025-05-01T14:15:16.320000,-0.011591
2025-05-01T14:15:16.330000,0.022215
2025-05-01T14:15:16.340000,-0.002744
2025-05-01T14:15:16.350000,0.000881
2025-05-01T14:15:16.360000,0.007123
2025-05-01T14:15:16.370000,-0.001927
2025-05-01T14:15:16.380000,-0.003043
2025-05-01T14:15:16.390000,0.011813
2025-05-01T14:15:16.400000,0.016641
2025-05-01T14:15:16.410000,-0.002960
2025-05-01T14:15:16.420000,0.004032
2025-05-01T14:15:16.430000,0.011678
2025-05-01T14:15:16.440000,0.011761
2025-05-01T14:15:16.450000,0.017335
2025-05-01T14:15:16.460000,-0.011352
2025-05-01T14:15:16.470000,-0.000079
2025-05-01T14:15:16.480000,-0.014507
2025-05-01T14:15:16.490000,0.016712
2025-05-01T14:15:16.500000,-0.008298
2025-05-01T14:15:16.510000,-0.004201
2025-05-01T14:15:16.520000,-0.011087
2025-05-01T14:15:16.530000,-0.017011
2025-05-01T14:15:16.540000,0.002598
2025-05-01T14:15:16.550000,0.002122
2025-05-01T14:15:16.560000,-0.034180
2025-05-01T14:15:16.570000,-0.005485
2025-05-01T14:15:16.580000,-0.003038
2025-05-01T14:15:16.590000,0.004067
2025-05-01T14:15:16.600000,-0.005177
2025-05-01T14:15:16.610000,-0.008708
2025-05-01T14:15:16.620000,-0.008213
2025-05-01T14:15:16.630000,0.020533
2025-05-01T14:15:16.640000,-0.001963
2025-05-01T14:15:16.650000,0.001530
2025-05-01T14:15:16.660000,-0.007098
2025-05-01T14:15:16.670000,-0.005711
2025-05-01T14:15:16.680000,0.008074
2025-05-01T14:15:16.690000,0.000221
2025-05-01T14:15:16.700000,-0.004107
2025-05-01T14:15:16.710000,-0.001010
2025-05-01T14:15:16.720000,-0.004751
2025-05-01T14:15:16.730000,0.002460
2025-05-01T14:15:16.740000,0.002568
2025-05-01T14:15:16.750000,-0.013293
2025-05-01T14:15:16.760000,0.009407
2025-05-01T14:15:16.770000,-0.012698
2025-05-01T14:15:16.780000,0.012804
2025-05-01T14:15:16.790000,0.029347
2025-05-01T14:15:16.800000,0.007098
2025-05-01T14:15:16.810000,0.007530
2025-05-01T14:15:16.820000,-0.010890
2025-05-01T14:15:16.830000,-0.006869
2025-05-01T14:15:16.840000,0.003540
2025-05-01T14:15:16.850000,-0.007376
2025-05-01T14:15:16.860000,-0.016932
2025-05-01T14:15:16.870000,-0.009731
2025-05-01T14:15:16.880000,-0.002785
2025-05-01T14:15:16.890000,0.000792
2025-05-01T14:15:16.900000,-0.002981
2025-05-01T14:15:16.910000,0.012342
2025-05-01T14:15:16.920000,0.001181
2025-05-01T14:15:16.930000,0.008593
2025-05-01T14:15:16.940000,-0.000445
2025-05-01T14:15:16.950000,0.012488
2025-05-01T14:15:16.960000,-0.018440
2025-05-01T14:15:16.970000,-0.007711
2025-05-01T14:15:16.980000,0.003627
2025-05-01T14:15:16.990000,0.006892
2025-05-01T14:15:17,0.001219
2025-05-01T14:15:17.010000,0.015427
2025-05-01T14:15:17.020000,0.001621
2025-05-01T14:15:17.030000,0.005391
2025-05-01T14:15:17.040000,0.008853
2025-05-01T14:15:17.050000,0.014006
2025-05-01T14:15:17.060000,-0.006927
2025-05-01T14:15:17.070000,0.004491
2025-05-01T14:15:17.080000,0.008779
2025-05-01T14:15:17.090000,-0.001615
2025-05-01T14:15:17.100000,-0.003357
2025-05-01T14:15:17.110000,-0.017123
2025-05-01T14:15:17.120000,0.007078
2025-05-01T14:15:17.130000,0.004504
2025-05-01T14:15:17.140000,-0.010821
2025-05-01T14:15:17.150000,0.006132
2025-05-01T14:15:17.160000,0.024933
2025-05-01T14:15:17.170000,-0.009584
2025-05-01T14:15:17.180000,0.014132
2025-05-01T14:15:17.190000,-0.000911
2025-05-01T14:15:17.200000,-0.009799
2025-05-01T14:15:17.210000,0.000618
2025-05-01T14:15:17.220000,0.002082
2025-05-01T14:15:17.230000,-0.006162
2025-05-01T14:15:17.240000,0.003156
2025-05-01T14:15:17.250000,0.000473
2025-05-01T14:15:17.260000,-0.012549
2025-05-01T14:15:17.270000,-0.013560
2025-05-01T14:15:17.280000,-0.017907
2025-05-01T14:15:17.290000,0.009317
2025-05-01T14:15:17.300000,0.008675
2025-05-01T14:15:17.310000,0.005233
2025-05-01T14:15:17.320000,0.001929
2025-05-01T14:15:17.330000,0.011227
2025-05-01T14:15:17.340000,-0.008043
2025-05-01T14:15:17.350000,0.004570
2025-05-01T14:15:17.360000,-0.006246
2025-05-01T14:15:17.370000,0.008142
2025-05-01T14:15:17.380000,-0.000774
2025-05-01T14:15:17.390000,-0.000248
2025-05-01T14:15:17.400000,-0.013198
2025-05-01T14:15:17.410000,0.016559
2025-05-01T14:15:17.420000,0.011590
2025-05-01T14:15:17.430000,0.009735
2025-05-01T14:15:17.440000,0.007610
2025-05-01T14:15:17.450000,0.000472
2025-05-01T14:15:17.460000,-0.000138
2025-05-01T14:15:17.470000,0.002666
2025-05-01T14:15:17.480000,-0.006028
2025-05-01T14:15:17.490000,0.009918
2025-05-01T14:15:17.500000,0.003205
2025-05-01T14:15:17.510000,-0.013627
2025-05-01T14:15:17.520000,0.009997
2025-05-01T14:15:17.530000,0.007178
2025-05-01T14:15:17.540000,-0.000228
2025-05-01T14:15:17.550000,-0.001537
2025-05-01T14:15:17.560000,-0.010404
2025-05-01T14:15:17.570000,-0.007937
2025-05-01T14:15:17.580000,-0.002960
2025-05-01T14:15:17.590000,0.008110
2025-05-01T14:15:17.600000,0.002995
2025-05-01T14:15:17.610000,0.005022
2025-05-01T14:15:17.620000,0.008514
2025-05-01T14:15:17.630000,-0.004269
2025-05-01T14:15:17.640000,0.000421
2025-05-01T14:15:17.650000,0.015066
2025-05-01T14:15:17.660000,0.021988
2025-05-01T14:15:17.670000,-0.009852
2025-05-01T14:15:17.680000,0.003798
2025-05-01T14:15:17.690000,-0.001662
2025-05-01T14:15:17.700000,0.018009
2025-05-01T14:15:17.710000,0.002651
2025-05-01T14:15:17.720000,-0.006591
2025-05-01T14:15:17.730000,0.008186
2025-05-01T14:15:17.740000,-0.004400
2025-05-01T14:15:17.750000,0.003285
2025-05-01T14:15:17.760000,-0.003029
2025-05-01T14:15:17.770000,0.012591
2025-05-01T14:15:17.780000,-0.001658
2025-05-01T14:15:17.790000,0.000691
2025-05-01T14:15:17.800000,0.009110
2025-05-01T14:15:17.810000,-0.018560
2025-05-01T14:15:17.820000,0.008918
2025-05-01T14:15:17.830000,0.012999
2025-05-01T14:15:17.840000,-0.004613
2025-05-01T14:15:17.850000,0.009274
2025-05-01T14:15:17.860000,0.005711
2025-05-01T14:15:17.870000,0.006400
2025-05-01T14:15:17.880000,0.003727
2025-05-01T14:15:17.890000,0.010838
2025-05-01T14:15:17.900000,-0.003441
2025-05-01T14:15:17.910000,0.015495
2025-05-01T14:15:17.920000,-0.008729
2025-05-01T14:15:17.930000,-0.023357
2025-05-01T14:15:17.940000,-0.002815
2025-05-01T14:15:17.950000,-0.008610
2025-05-01T14:15:17.960000,-0.010121
2025-05-01T14:15:17.970000,-0.009710
2025-05-01T14:15:17.980000,-0.010945
2025-05-01T14:15:17.990000,0.008358
2025-05-01T14:15:18,0.015515
2025-05-01T14:15:18.010000,0.001594
2025-05-01T14:15:18.020000,-0.004191
2025-05-01T14:15:18.030000,-0.000273
2025-05-01T14:15:18.040000,0.002281
2025-05-01T14:15:18.050000,0.018900
2025-05-01T14:15:18.060000,-0.021528
2025-05-01T14:15:18.070000,-0.009030
2025-05-01T14:15:18.080000,-0.024986
2025-05-01T14:15:18.090000,-0.015745
2025-05-01T14:15:18.100000,0.001802
2025-05-01T14:15:18.110000,-0.007999
2025-05-01T14:15:18.120000,0.001685
2025-05-01T14:15:18.130000,-0.008561
2025-05-01T14:15:18.140000,-0.009080
2025-05-01T14:15:18.150000,-0.003256
2025-05-01T14:15:18.160000,-0.016834
2025-05-01T14:15:18.170000,0.000063
2025-05-01T14:15:18.180000,-0.005942
2025-05-01T14:15:18.190000,0.009668
2025-05-01T14:15:18.200000,-0.003705
2025-05-01T14:15:18.210000,0.022330
2025-05-01T14:15:18.220000,0.010514
2025-05-01T14:15:18.230000,0.034163
2025-05-01T14:15:18.240000,0.014892
2025-05-01T14:15:18.250000,-0.013624
2025-05-01T14:15:18.260000,-0.019171
2025-05-01T14:15:18.270000,0.005673
2025-05-01T14:15:18.280000,-0.017894
2025-05-01T14:15:18.290000,-0.000881
2025-05-01T14:15:18.300000,0.001856
2025-05-01T14:15:18.310000,0.002460
2025-05-01T14:15:18.320000,0.012783
2025-05-01T14:15:18.330000,0.010786
2025-05-01T14:15:18.340000,0.015271
2025-05-01T14:15:18.350000,0.008258
2025-05-01T14:15:18.360000,0.000992
2025-05-01T14:15:18.370000,-0.000732
2025-05-01T14:15:18.380000,0.004369
2025-05-01T14:15:18.390000,0.005543
2025-05-01T14:15:18.400000,0.000890
2025-05-01T14:15:18.410000,0.020100
2025-05-01T14:15:18.420000,-0.001306
2025-05-01T14:15:18.430000,0.000948
2025-05-01T14:15:18.440000,-0.002161
2025-05-01T14:15:18.450000,-0.003039
2025-05-01T14:15:18.460000,0.011311
2025-05-01T14:15:18.470000,-0.008560
2025-05-01T14:15:18.480000,-0.006251
2025-05-01T14:15:18.490000,-0.006477
2025-05-01T14:15:18.500000,0.003008
2025-05-01T14:15:18.510000,-0.000307
2025-05-01T14:15:18.520000,-0.016264
2025-05-01T14:15:18.530000,-0.000646
2025-05-01T14:15:18.540000,0.004960
2025-05-01T14:15:18.550000,0.007621
2025-05-01T14:15:18.560000,-0.016496
2025-05-01T14:15:18.570000,-0.002428
2025-05-01T14:15:18.580000,-0.005898
2025-05-01T14:15:18.590000,-0.009159
2025-05-01T14:15:18.600000,-0.014978
2025-05-01T14:15:18.610000,0.007035
2025-05-01T14:15:18.620000,0.004267
2025-05-01T14:15:18.630000,-0.010938
2025-05-01T14:15:18.640000,-0.022440
2025-05-01T14:15:18.650000,-0.007905
2025-05-01T14:15:18.660000,0.018951
2025-05-01T14:15:18.670000,0.015635
2025-05-01T14:15:18.680000,-0.001831
2025-05-01T14:15:18.690000,-0.012413
2025-05-01T14:15:18.700000,-0.011203
2025-05-01T14:15:18.710000,-0.004221
2025-05-01T14:15:18.720000,0.000143
2025-05-01T14:15:18.730000,-0.016044
2025-05-01T14:15:18.740000,-0.012311
2025-05-01T14:15:18.750000,0.004379
2025-05-01T14:15:18.760000,0.000304
2025-05-01T14:15:18.770000,0.008568
2025-05-01T14:15:18.780000,-0.000592
2025-05-01T14:15:18.790000,-0.008916
2025-05-01T14:15:18.800000,-0.002973
2025-05-01T14:15:18.810000,0.000677
2025-05-01T14:15:18.820000,0.000083
2025-05-01T14:15:18.830000,0.007080
2025-05-01T14:15:18.840000,-0.003315
2025-05-01T14:15:18.850000,-0.001726
2025-05-01T14:15:18.860000,-0.001534
2025-05-01T14:15:18.870000,-0.018019
2025-05-01T14:15:18.880000,0.006207
2025-05-01T14:15:18.890000,0.007234
2025-05-01T14:15:18.900000,-0.013653
2025-05-01T14:15:18.910000,0.023486
2025-05-01T14:15:18.920000,0.001850
2025-05-01T14:15:18.930000,-0.005359
2025-05-01T14:15:18.940000,-0.010643
2025-05-01T14:15:18.950000,0.009555
2025-05-01T14:15:18.960000,-0.002307
2025-05-01T14:15:18.970000,0.015245
2025-05-01T14:15:18.980000,0.006177
2025-05-01T14:15:18.990000,-0.013858
2025-05-01T14:15:19,-0.012698
2025-05-01T14:15:19.010000,0.013388
2025-05-01T14:15:19.020000,-0.013860
2025-05-01T14:15:19.030000,0.014364
2025-05-01T14:15:19.040000,-0.001844
2025-05-01T14:15:19.050000,-0.006257
2025-05-01T14:15:19.060000,0.001451
2025-05-01T14:15:19.070000,-0.016423
2025-05-01T14:15:19.080000,-0.002676
2025-05-01T14:15:19.090000,-0.007138
2025-05-01T14:15:19.100000,0.001461
2025-05-01T14:15:19.110000,0.005004
2025-05-01T14:15:19.120000,-0.012400
2025-05-01T14:15:19.130000,0.005908
2025-05-01T14:15:19.140000,0.017342
2025-05-01T14:15:19.150000,-0.008491
2025-05-01T14:15:19.160000,-0.018379
2025-05-01T14:15:19.170000,0.003454
2025-05-01T14:15:19.180000,0.002963
2025-05-01T14:15:19.190000,-0.003945
2025-05-01T14:15:19.200000,0.005903
2025-05-01T14:15:19.210000,0.001465
2025-05-01T14:15:19.220000,0.001628
2025-05-01T14:15:19.230000,0.011082
2025-05-01T14:15:19.240000,0.008696
2025-05-01T14:15:19.250000,0.008505
2025-05-01T14:15:19.260000,0.005562
2025-05-01T14:15:19.270000,0.008087
2025-05-01T14:15:19.280000,-0.002284
2025-05-01T14:15:19.290000,-0.000551
2025-05-01T14:15:19.300000,0.013132
2025-05-01T14:15:19.310000,-0.001785
2025-05-01T14:15:19.320000,0.001553
2025-05-01T14:15:19.330000,0.012440
2025-05-01T14:15:19.340000,0.010151
2025-05-01T14:15:19.350000,-0.013987
2025-05-01T14:15:19.360000,-0.012011
2025-05-01T14:15:19.370000,0.014027
2025-05-01T14:15:19.380000,-0.000193
2025-05-01T14:15:19.390000,0.017941
2025-05-01T14:15:19.400000,-0.017897
2025-05-01T14:15:19.410000,0.001615
2025-05-01T14:15:19.420000,-0.002718
2025-05-01T14:15:19.430000,0.006287
2025-05-01T14:15:19.440000,-0.001635
2025-05-01T14:15:19.450000,-0.001172
2025-05-01T14:15:19.460000,0.018948
2025-05-01T14:15:19.470000,0.012678
2025-05-01T14:15:19.480000,0.014205
2025-05-01T14:15:19.490000,0.005728
2025-05-01T14:15:19.500000,0.008059
2025-05-01T14:15:19.510000,0.010163
2025-05-01T14:15:19.520000,0.001329
2025-05-01T14:15:19.530000,-0.007635
2025-05-01T14:15:19.540000,0.005800
2025-05-01T14:15:19.550000,0.028282
2025-05-01T14:15:19.560000,0.018198
2025-05-01T14:15:19.570000,-0.000337
2025-05-01T14:15:19.580000,-0.012173
2025-05-01T14:15:19.590000,-0.026298
2025-05-01T14:15:19.600000,0.001492
2025-05-01T14:15:19.610000,0.000722
2025-05-01T14:15:19.620000,-0.003686
2025-05-01T14:15:19.630000,-0.000684
2025-05-01T14:15:19.640000,0.020170
2025-05-01T14:15:19.650000,0.001556
2025-05-01T14:15:19.660000,0.004623
2025-05-01T14:15:19.670000,0.009668
2025-05-01T14:15:19.680000,0.003725
2025-05-01T14:15:19.690000,-0.008496
2025-05-01T14:15:19.700000,-0.021311
2025-05-01T14:15:19.710000,-0.011219
2025-05-01T14:15:19.720000,-0.005862
2025-05-01T14:15:19.730000,-0.000608
2025-05-01T14:15:19.740000,0.004450
2025-05-01T14:15:19.750000,-0.001467
2025-05-01T14:15:19.760000,-0.003105
2025-05-01T14:15:19.770000,0.016313
2025-05-01T14:15:19.780000,0.004454
2025-05-01T14:15:19.790000,0.018434
2025-05-01T14:15:19.800000,-0.004277
2025-05-01T14:15:19.810000,0.008904
2025-05-01T14:15:19.820000,0.010302
2025-05-01T14:15:19.830000,0.008724
2025-05-01T14:15:19.840000,0.010107
2025-05-01T14:15:19.850000,0.001670
2025-05-01T14:15:19.860000,-0.019400
2025-05-01T14:15:19.870000,0.005421
2025-05-01T14:15:19.880000,0.025812
2025-05-01T14:15:19.890000,-0.019402
2025-05-01T14:15:19.900000,0.002642
2025-05-01T14:15:19.910000,0.002679
2025-05-01T14:15:19.920000,0.009804
2025-05-01T14:15:19.930000,0.000406
2025-05-01T14:15:19.940000,0.004326
2025-05-01T14:15:19.950000,0.006281
2025-05-01T14:15:19.960000,0.012209
2025-05-01T14:15:19.970000,0.022469
2025-05-01T14:15:19.980000,-0.010948
2025-05-01T14:15:19.990000,0.013081
2025-05-01T14:15:20,-0.004221
2025-05-01T14:15:20.010000,0.008670
2025-05-01T14:15:20.020000,0.014343
2025-05-01T14:15:20.030000,-0.003345
2025-05-01T14:15:20.040000,0.006977
2025-05-01T14:15:20.050000,0.003261
2025-05-01T14:15:20.060000,0.008491
2025-05-01T14:15:20.070000,0.005290
2025-05-01T14:15:20.080000,0.010504
2025-05-01T14:15:20.090000,0.000873
2025-05-01T14:15:20.100000,-0.007842
2025-05-01T14:15:20.110000,0.012121
2025-05-01T14:15:20.120000,0.027678
2025-05-01T14:15:20.130000,-0.012619
2025-05-01T14:15:20.140000,0.009494
2025-05-01T14:15:20.150000,0.002969
2025-05-01T14:15:20.160000,-0.014055
2025-05-01T14:15:20.170000,0.000362
2025-05-01T14:15:20.180000,-0.011914
2025-05-01T14:15:20.190000,0.013112
2025-05-01T14:15:20.200000,-0.004589
2025-05-01T14:15:20.210000,-0.009438
2025-05-01T14:15:20.220000,-0.016092
2025-05-01T14:15:20.230000,-0.007123
2025-05-01T14:15:20.240000,-0.002795
2025-05-01T14:15:20.250000,0.000006
2025-05-01T14:15:20.260000,0.003945
2025-05-01T14:15:20.270000,0.018640
2025-05-01T14:15:20.280000,0.010450
2025-05-01T14:15:20.290000,-0.017345
2025-05-01T14:15:20.300000,-0.003203
2025-05-01T14:15:20.310000,-0.005123
2025-05-01T14:15:20.320000,-0.010383
2025-05-01T14:15:20.330000,0.018246
2025-05-01T14:15:20.340000,0.009574
2025-05-01T14:15:20.350000,0.015057
2025-05-01T14:15:20.360000,-0.004077
2025-05-01T14:15:20.370000,-0.013429
2025-05-01T14:15:20.380000,0.005540
2025-05-01T14:15:20.390000,-0.001260
2025-05-01T14:15:20.400000,0.006781
2025-05-01T14:15:20.410000,-0.007301
2025-05-01T14:15:20.420000,0.007414
2025-05-01T14:15:20.430000,0.019167
2025-05-01T14:15:20.440000,0.014399
2025-05-01T14:15:20.450000,0.000780
2025-05-01T14:15:20.460000,0.021427
2025-05-01T14:15:20.470000,0.013334
2025-05-01T14:15:20.480000,-0.012799
2025-05-01T14:15:20.490000,-0.003596
2025-05-01T14:15:20.500000,-0.001566
2025-05-01T14:15:20.510000,0.007764
2025-05-01T14:15:20.520000,-0.018279
2025-05-01T14:15:20.530000,-0.012043
2025-05-01T14:15:20.540000,0.006326
2025-05-01T14:15:20.550000,-0.009938
2025-05-01T14:15:20.560000,-0.007273
2025-05-01T14:15:20.570000,0.004409
2025-05-01T14:15:20.580000,0.012847
2025-05-01T14:15:20.590000,0.010142
2025-05-01T14:15:20.600000,-0.001149
2025-05-01T14:15:20.610000,0.018479
2025-05-01T14:15:20.620000,0.008254
2025-05-01T14:15:20.630000,-0.002003
2025-05-01T14:15:20.640000,-0.006221
2025-05-01T14:15:20.650000,-0.011248
2025-05-01T14:15:20.660000,0.000779
2025-05-01T14:15:20.670000,0.006547
2025-05-01T14:15:20.680000,0.020488
2025-05-01T14:15:20.690000,0.006470
2025-05-01T14:15:20.700000,0.000319
2025-05-01T14:15:20.710000,-0.001834
2025-05-01T14:15:20.720000,-0.011123
2025-05-01T14:15:20.730000,-0.004315
2025-05-01T14:15:20.740000,0.014740
2025-05-01T14:15:20.750000,0.004212
2025-05-01T14:15:20.760000,0.003969
2025-05-01T14:15:20.770000,0.004548
2025-05-01T14:15:20.780000,0.002044
2025-05-01T14:15:20.790000,-0.004360
2025-05-01T14:15:20.800000,-0.002980
2025-05-01T14:15:20.810000,0.007092
2025-05-01T14:15:20.820000,0.004309
2025-05-01T14:15:20.830000,-0.004099
2025-05-01T14:15:20.840000,-0.032217
2025-05-01T14:15:20.850000,-0.014520
2025-05-01T14:15:20.860000,-0.011502
2025-05-01T14:15:20.870000,0.007442
2025-05-01T14:15:20.880000,0.013438
2025-05-01T14:15:20.890000,0.007936
2025-05-01T14:15:20.900000,-0.001841
2025-05-01T14:15:20.910000,0.006204
2025-05-01T14:15:20.920000,0.012364
2025-05-01T14:15:20.930000,-0.002939
2025-05-01T14:15:20.940000,-0.014237
2025-05-01T14:15:20.950000,0.013744
2025-05-01T14:15:20.960000,-0.018475
2025-05-01T14:15:20.970000,0.000667
2025-05-01T14:15:20.980000,-0.012915
2025-05-01T14:15:20.990000,-0.014175
2025-05-01T14:15:21,0.000857
2025-05-01T14:15:21.010000,-0.023746
2025-05-01T14:15:21.020000,-0.002454
2025-05-01T14:15:21.030000,0.006342
2025-05-01T14:15:21.040000,-0.022735
2025-05-01T14:15:21.050000,-0.008873
2025-05-01T14:15:21.060000,-0.016023
2025-05-01T14:15:21.070000,-0.007502
2025-05-01T14:15:21.080000,0.007291
2025-05-01T14:15:21.090000,-0.005730
2025-05-01T14:15:21.100000,0.001466
2025-05-01T14:15:21.110000,-0.015846
2025-05-01T14:15:21.120000,0.003108
2025-05-01T14:15:21.130000,0.006496
2025-05-01T14:15:21.140000,0.003961
2025-05-01T14:15:21.150000,0.004991
2025-05-01T14:15:21.160000,0.016854
2025-05-01T14:15:21.170000,0.002194
2025-05-01T14:15:21.180000,0.011332
2025-05-01T14:15:21.190000,0.006887
2025-05-01T14:15:21.200000,0.011384
2025-05-01T14:15:21.210000,0.002039
2025-05-01T14:15:21.220000,-0.008426
2025-05-01T14:15:21.230000,-0.021363
2025-05-01T14:15:21.240000,-0.007209
2025-05-01T14:15:21.250000,0.001367
2025-05-01T14:15:21.260000,-0.009185
2025-05-01T14:15:21.270000,-0.021854
2025-05-01T14:15:21.280000,-0.015990
2025-05-01T14:15:21.290000,0.021472
2025-05-01T14:15:21.300000,-0.018297
2025-05-01T14:15:21.310000,0.007792
2025-05-01T14:15:21.320000,0.009943
2025-05-01T14:15:21.330000,0.017273
2025-05-01T14:15:21.340000,0.016655
2025-05-01T14:15:21.350000,-0.000259
2025-05-01T14:15:21.360000,-0.005364
2025-05-01T14:15:21.370000,-0.011460
2025-05-01T14:15:21.380000,-0.019661
2025-05-01T14:15:21.390000,-0.001735
2025-05-01T14:15:21.400000,-0.008558
2025-05-01T14:15:21.410000,-0.000136
2025-05-01T14:15:21.420000,-0.010343
2025-05-01T14:15:21.430000,0.001176
2025-05-01T14:15:21.440000,-0.004285
2025-05-01T14:15:21.450000,0.004174
2025-05-01T14:15:21.460000,0.005950
2025-05-01T14:15:21.470000,-0.007849
2025-05-01T14:15:21.480000,0.003799
2025-05-01T14:15:21.490000,0.009804
2025-05-01T14:15:21.500000,-0.003491
2025-05-01T14:15:21.510000,-0.022984
2025-05-01T14:15:21.520000,0.003451
2025-05-01T14:15:21.530000,-0.001162
2025-05-01T14:15:21.540000,0.013140
2025-05-01T14:15:21.550000,0.006548
2025-05-01T14:15:21.560000,-0.004409
2025-05-01T14:15:21.570000,-0.000627
2025-05-01T14:15:21.580000,-0.009945
2025-05-01T14:15:21.590000,0.010928
2025-05-01T14:15:21.600000,0.003701
2025-05-01T14:15:21.610000,-0.001889
2025-05-01T14:15:21.620000,-0.007988
2025-05-01T14:15:21.630000,-0.008560
2025-05-01T14:15:21.640000,-0.005559
2025-05-01T14:15:21.650000,0.011452
2025-05-01T14:15:21.660000,0.002587
2025-05-01T14:15:21.670000,-0.014005
2025-05-01T14:15:21.680000,0.015230
2025-05-01T14:15:21.690000,-0.011226
2025-05-01T14:15:21.700000,0.007389
2025-05-01T14:15:21.710000,-0.008082
2025-05-01T14:15:21.720000,-0.016768
2025-05-01T14:15:21.730000,0.001457
2025-05-01T14:15:21.740000,-0.000692
2025-05-01T14:15:21.750000,0.001040
2025-05-01T14:15:21.760000,-0.004160
2025-05-01T14:15:21.770000,0.013009
2025-05-01T14:15:21.780000,0.008564
2025-05-01T14:15:21.790000,0.005225
2025-05-01T14:15:21.800000,-0.009256
2025-05-01T14:15:21.810000,-0.003930
2025-05-01T14:15:21.820000,-0.006463
2025-05-01T14:15:21.830000,-0.009893
2025-05-01T14:15:21.840000,-0.008659
2025-05-01T14:15:21.850000,-0.003265
2025-05-01T14:15:21.860000,-0.021519
2025-05-01T14:15:21.870000,-0.007336
2025-05-01T14:15:21.880000,-0.001521
2025-05-01T14:15:21.890000,0.010490
2025-05-01T14:15:21.900000,-0.004064
2025-05-01T14:15:21.910000,0.019380
2025-05-01T14:15:21.920000,-0.011656
2025-05-01T14:15:21.930000,0.001341
2025-05-01T14:15:21.940000,-0.004514
2025-05-01T14:15:21.950000,-0.008851
2025-05-01T14:15:21.960000,-0.000833
2025-05-01T14:15:21.970000,-0.005585
2025-05-01T14:15:21.980000,0.005947
2025-05-01T14:15:21.990000,0.006344
2025-05-01T14:15:22,0.013197
2025-05-01T14:15:22.010000,0.000035
2025-05-01T14:15:22.020000,-0.002051
2025-05-01T14:15:22.030000,-0.010576
2025-05-01T14:15:22.040000,0.012694
2025-05-01T14:15:22.050000,-0.006845
2025-05-01T14:15:22.060000,-0.020946
2025-05-01T14:15:22.070000,0.002705
2025-05-01T14:15:22.080000,0.000996
2025-05-01T14:15:22.090000,0.002731
2025-05-01T14:15:22.100000,-0.004753
2025-05-01T14:15:22.110000,0.007756
2025-05-01T14:15:22.120000,0.027123
2025-05-01T14:15:22.130000,-0.006201
2025-05-01T14:15:22.140000,0.010363
2025-05-01T14:15:22.150000,-0.016818
2025-05-01T14:15:22.160000,-0.009100
2025-05-01T14:15:22.170000,-0.002359
2025-05-01T14:15:22.180000,-0.015074
2025-05-01T14:15:22.190000,0.015800
2025-05-01T14:15:22.200000,-0.000711
2025-05-01T14:15:22.210000,-0.003447
2025-05-01T14:15:22.220000,0.016811
2025-05-01T14:15:22.230000,0.004394
2025-05-01T14:15:22.240000,-0.003222
2025-05-01T14:15:22.250000,0.009137
2025-05-01T14:15:22.260000,0.002210
2025-05-01T14:15:22.270000,-0.003832
2025-05-01T14:15:22.280000,-0.011348
2025-05-01T14:15:22.290000,0.007785
2025-05-01T14:15:22.300000,0.005796
2025-05-01T14:15:22.310000,-0.007352
2025-05-01T14:15:22.320000,-0.004598
2025-05-01T14:15:22.330000,-0.006259
2025-05-01T14:15:22.340000,0.003945
2025-05-01T14:15:22.350000,-0.000814
2025-05-01T14:15:22.360000,-0.012955
2025-05-01T14:15:22.370000,-0.004680
2025-05-01T14:15:22.380000,0.001841
2025-05-01T14:15:22.390000,-0.007236
2025-05-01T14:15:22.400000,-0.022752
2025-05-01T14:15:22.410000,-0.008294
2025-05-01T14:15:22.420000,-0.024958
2025-05-01T14:15:22.430000,0.003786
2025-05-01T14:15:22.440000,-0.001834
2025-05-01T14:15:22.450000,0.006256
2025-05-01T14:15:22.460000,0.004846
2025-05-01T14:15:22.470000,-0.002181
2025-05-01T14:15:22.480000,0.020619
2025-05-01T14:15:22.490000,-0.010183
2025-05-01T14:15:22.500000,0.000038
2025-05-01T14:15:22.510000,0.008517
2025-05-01T14:15:22.520000,-0.004546
2025-05-01T14:15:22.530000,-0.005913
2025-05-01T14:15:22.540000,-0.005306
2025-05-01T14:15:22.550000,0.007473
2025-05-01T14:15:22.560000,-0.003802
2025-05-01T14:15:22.570000,-0.013979
2025-05-01T14:15:22.580000,-0.002795
2025-05-01T14:15:22.590000,-0.011715
2025-05-01T14:15:22.600000,-0.006239
2025-05-01T14:15:22.610000,0.004545
2025-05-01T14:15:22.620000,0.004546
2025-05-01T14:15:22.630000,-0.008860
2025-05-01T14:15:22.640000,0.000908
2025-05-01T14:15:22.650000,-0.003769
2025-05-01T14:15:22.660000,-0.003461
2025-05-01T14:15:22.670000,0.006054
2025-05-01T14:15:22.680000,0.006874
2025-05-01T14:15:22.690000,0.010800
2025-05-01T14:15:22.700000,-0.019303
2025-05-01T14:15:22.710000,0.004063
2025-05-01T14:15:22.720000,0.018047
2025-05-01T14:15:22.730000,0.003282
2025-05-01T14:15:22.740000,0.004516
2025-05-01T14:15:22.750000,0.001568
2025-05-01T14:15:22.760000,0.000554
2025-05-01T14:15:22.770000,0.005531
2025-05-01T14:15:22.780000,-0.011298
2025-05-01T14:15:22.790000,0.011215
2025-05-01T14:15:22.800000,0.012683
2025-05-01T14:15:22.810000,-0.010383
2025-05-01T14:15:22.820000,0.011181
2025-05-01T14:15:22.830000,0.004426
2025-05-01T14:15:22.840000,-0.005347
2025-05-01T14:15:22.850000,-0.005561
2025-05-01T14:15:22.860000,-0.008726
2025-05-01T14:15:22.870000,0.000775
2025-05-01T14:15:22.880000,0.003649
2025-05-01T14:15:22.890000,0.005881
2025-05-01T14:15:22.900000,0.009433
2025-05-01T14:15:22.910000,-0.019261
2025-05-01T14:15:22.920000,0.008332
2025-05-01T14:15:22.930000,-0.006044
2025-05-01T14:15:22.940000,-0.012578
2025-05-01T14:15:22.950000,-0.003189
2025-05-01T14:15:22.960000,0.011751
2025-05-01T14:15:22.970000,0.006758
2025-05-01T14:15:22.980000,-0.001394
2025-05-01T14:15:22.990000,-0.002968
2025-05-01T14:15:23,0.001395
2025-05-01T14:15:23.010000,0.011000
2025-05-01T14:15:23.020000,-0.007717
2025-05-01T14:15:23.030000,-0.008952
2025-05-01T14:15:23.040000,0.004424
2025-05-01T14:15:23.050000,-0.006046
2025-05-01T14:15:23.060000,-0.004496
2025-05-01T14:15:23.070000,0.012398
2025-05-01T14:15:23.080000,0.015121
2025-05-01T14:15:23.090000,-0.021697
2025-05-01T14:15:23.100000,0.000916
2025-05-01T14:15:23.110000,-0.013127
2025-05-01T14:15:23.120000,0.010265
2025-05-01T14:15:23.130000,0.005210
2025-05-01T14:15:23.140000,-0.005129
2025-05-01T14:15:23.150000,-0.009057
2025-05-01T14:15:23.160000,0.015966
2025-05-01T14:15:23.170000,0.009781
2025-05-01T14:15:23.180000,-0.008464
2025-05-01T14:15:23.190000,0.004486
2025-05-01T14:15:23.200000,0.004353
2025-05-01T14:15:23.210000,0.002821
2025-05-01T14:15:23.220000,-0.001403
2025-05-01T14:15:23.230000,0.009233
2025-05-01T14:15:23.240000,0.003450
2025-05-01T14:15:23.250000,0.016976
2025-05-01T14:15:23.260000,0.004811
2025-05-01T14:15:23.270000,0.021078
2025-05-01T14:15:23.280000,-0.007081
2025-05-01T14:15:23.290000,0.001380
2025-05-01T14:15:23.300000,-0.005545
2025-05-01T14:15:23.310000,0.003161
2025-05-01T14:15:23.320000,0.007499
2025-05-01T14:15:23.330000,-0.005901
2025-05-01T14:15:23.340000,-0.007149
2025-05-01T14:15:23.350000,-0.008908
2025-05-01T14:15:23.360000,0.017710
2025-05-01T14:15:23.370000,0.008014
2025-05-01T14:15:23.380000,0.005111
2025-05-01T14:15:23.390000,-0.000776
2025-05-01T14:15:23.400000,0.010471
2025-05-01T14:15:23.410000,-0.008276
2025-05-01T14:15:23.420000,0.020401
2025-05-01T14:15:23.430000,0.003494
2025-05-01T14:15:23.440000,0.001757
2025-05-01T14:15:23.450000,0.001067
2025-05-01T14:15:23.460000,-0.001351
2025-05-01T14:15:23.470000,-0.011525
2025-05-01T14:15:23.480000,0.003491
2025-05-01T14:15:23.490000,0.005891
2025-05-01T14:15:23.500000,-0.007469
2025-05-01T14:15:23.510000,-0.010518
2025-05-01T14:15:23.520000,0.015269
2025-05-01T14:15:23.530000,0.002072
2025-05-01T14:15:23.540000,0.004829
2025-05-01T14:15:23.550000,-0.004756
2025-05-01T14:15:23.560000,0.010230
2025-05-01T14:15:23.570000,0.009896
2025-05-01T14:15:23.580000,0.004684
2025-05-01T14:15:23.590000,-0.000127
2025-05-01T14:15:23.600000,-0.004382
2025-05-01T14:15:23.610000,-0.010307
2025-05-01T14:15:23.620000,-0.004257
2025-05-01T14:15:23.630000,0.013013
2025-05-01T14:15:23.640000,-0.006137
2025-05-01T14:15:23.650000,-0.006526
2025-05-01T14:15:23.660000,-0.009244
2025-05-01T14:15:23.670000,-0.008184
2025-05-01T14:15:23.680000,-0.000862
2025-05-01T14:15:23.690000,0.007317
2025-05-01T14:15:23.700000,0.011462
2025-05-01T14:15:23.710000,0.001373
2025-05-01T14:15:23.720000,-0.010148
2025-05-01T14:15:23.730000,-0.000412
2025-05-01T14:15:23.740000,-0.023472
2025-05-01T14:15:23.750000,0.005768
2025-05-01T14:15:23.760000,0.005980
2025-05-01T14:15:23.770000,-0.004114
2025-05-01T14:15:23.780000,0.018992
2025-05-01T14:15:23.790000,-0.003139
2025-05-01T14:15:23.800000,-0.007614
2025-05-01T14:15:23.810000,0.003956
2025-05-01T14:15:23.820000,-0.003240
2025-05-01T14:15:23.830000,-0.009933
2025-05-01T14:15:23.840000,-0.009208
2025-05-01T14:15:23.850000,0.001980
2025-05-01T14:15:23.860000,-0.008660
2025-05-01T14:15:23.870000,0.011003
2025-05-01T14:15:23.880000,0.005518
2025-05-01T14:15:23.890000,-0.005853
2025-05-01T14:15:23.900000,-0.004108
2025-05-01T14:15:23.910000,-0.012407
2025-05-01T14:15:23.920000,-0.000510
2025-05-01T14:15:23.930000,0.002642
2025-05-01T14:15:23.940000,0.022293
2025-05-01T14:15:23.950000,-0.010241
2025-05-01T14:15:23.960000,-0.007038
2025-05-01T14:15:23.970000,0.007495
2025-05-01T14:15:23.980000,0.002170
2025-05-01T14:15:23.990000,0.000235
2025-05-01T14:15:24,-0.005678
2025-05-01T14:15:24.010000,-0.000463
2025-05-01T14:15:24.020000,-0.002083
2025-05-01T14:15:24.030000,-0.009167
2025-05-01T14:15:24.040000,0.005471
2025-05-01T14:15:24.050000,0.008496
2025-05-01T14:15:24.060000,0.000971
2025-05-01T14:15:24.070000,-0.005644
2025-05-01T14:15:24.080000,0.000394
2025-05-01T14:15:24.090000,0.001040
2025-05-01T14:15:24.100000,0.011377
2025-05-01T14:15:24.110000,0.010335
2025-05-01T14:15:24.120000,0.028864
2025-05-01T14:15:24.130000,-0.004550
2025-05-01T14:15:24.140000,-0.017820
2025-05-01T14:15:24.150000,0.003777
2025-05-01T14:15:24.160000,-0.001140
2025-05-01T14:15:24.170000,0.000245
2025-05-01T14:15:24.180000,0.001428
2025-05-01T14:15:24.190000,-0.000627
2025-05-01T14:15:24.200000,-0.014785
2025-05-01T14:15:24.210000,-0.029411
2025-05-01T14:15:24.220000,0.003052
2025-05-01T14:15:24.230000,0.013235
2025-05-01T14:15:24.240000,-0.001612
2025-05-01T14:15:24.250000,-0.000870
2025-05-01T14:15:24.260000,-0.004241
2025-05-01T14:15:24.270000,0.007336
2025-05-01T14:15:24.280000,-0.011738
2025-05-01T14:15:24.290000,-0.028122
2025-05-01T14:15:24.300000,0.011225
2025-05-01T14:15:24.310000,-0.018110
2025-05-01T14:15:24.320000,0.014818
2025-05-01T14:15:24.330000,0.008547
2025-05-01T14:15:24.340000,-0.007142
2025-05-01T14:15:24.350000,0.008546
2025-05-01T14:15:24.360000,0.020565
2025-05-01T14:15:24.370000,-0.006926
2025-05-01T14:15:24.380000,-0.014354
2025-05-01T14:15:24.390000,-0.004160
2025-05-01T14:15:24.400000,0.015062
2025-05-01T14:15:24.410000,0.003524
2025-05-01T14:15:24.420000,-0.000227
2025-05-01T14:15:24.430000,0.012441
2025-05-01T14:15:24.440000,-0.021705
2025-05-01T14:15:24.450000,-0.015166
2025-05-01T14:15:24.460000,0.002653
2025-05-01T14:15:24.470000,0.000064
2025-05-01T14:15:24.480000,0.002334
2025-05-01T14:15:24.490000,0.005706
2025-05-01T14:15:24.500000,0.013693
2025-05-01T14:15:24.510000,-0.014335
2025-05-01T14:15:24.520000,0.015018
2025-05-01T14:15:24.530000,-0.007654
2025-05-01T14:15:24.540000,-0.012519
2025-05-01T14:15:24.550000,-0.002034
2025-05-01T14:15:24.560000,-0.015555
2025-05-01T14:15:24.570000,0.005692
2025-05-01T14:15:24.580000,-0.020144
2025-05-01T14:15:24.590000,0.003362
2025-05-01T14:15:24.600000,0.003372
2025-05-01T14:15:24.610000,-0.006381
2025-05-01T14:15:24.620000,0.011494
2025-05-01T14:15:24.630000,0.001688
2025-05-01T14:15:24.640000,0.002627
2025-05-01T14:15:24.650000,-0.007770
2025-05-01T14:15:24.660000,0.001842
2025-05-01T14:15:24.670000,-0.005549
2025-05-01T14:15:24.680000,0.011168
2025-05-01T14:15:24.690000,-0.013526
2025-05-01T14:15:24.700000,-0.014811
2025-05-01T14:15:24.710000,0.006947
2025-05-01T14:15:24.720000,-0.002957
2025-05-01T14:15:24.730000,-0.003277
2025-05-01T14:15:24.740000,0.005921
2025-05-01T14:15:24.750000,-0.004446
2025-05-01T14:15:24.760000,-0.000201
2025-05-01T14:15:24.770000,0.010836
2025-05-01T14:15:24.780000,0.016508
2025-05-01T14:15:24.790000,0.008145
2025-05-01T14:15:24.800000,0.001093
2025-05-01T14:15:24.810000,0.003006
2025-05-01T14:15:24.820000,0.002214
2025-05-01T14:15:24.830000,0.010871
2025-05-01T14:15:24.840000,0.020764
2025-05-01T14:15:24.850000,-0.003764
2025-05-01T14:15:24.860000,0.008247
2025-05-01T14:15:24.870000,0.005451
2025-05-01T14:15:24.880000,0.010276
2025-05-01T14:15:24.890000,-0.009598
2025-05-01T14:15:24.900000,-0.004929
2025-05-01T14:15:24.910000,-0.008584
2025-05-01T14:15:24.920000,0.024325
2025-05-01T14:15:24.930000,0.007354
2025-05-01T14:15:24.940000,-0.004169
2025-05-01T14:15:24.950000,-0.003576
2025-05-01T14:15:24.960000,-0.006456
2025-05-01T14:15:24.970000,0.015147
2025-05-01T14:15:24.980000,-0.000370
2025-05-01T14:15:24.990000,-0.000907
2025-05-01T14:15:25,0.003916
2025-05-01T14:15:25.010000,0.015861
2025-05-01T14:15:25.020000,-0.021639
2025-05-01T14:15:25.030000,0.016743
2025-05-01T14:15:25.040000,0.001176
2025-05-01T14:15:25.050000,0.020649
2025-05-01T14:15:25.060000,-0.001410
2025-05-01T14:15:25.070000,-0.005298
2025-05-01T14:15:25.080000,0.008178
2025-05-01T14:15:25.090000,0.000577
2025-05-01T14:15:25.100000,-0.005934
2025-05-01T14:15:25.110000,-0.005090
2025-05-01T14:15:25.120000,-0.010795
2025-05-01T14:15:25.130000,-0.001192
2025-05-01T14:15:25.140000,0.009603
2025-05-01T14:15:25.150000,-0.011562
2025-05-01T14:15:25.160000,0.000525
2025-05-01T14:15:25.170000,0.003539
2025-05-01T14:15:25.180000,0.008295
2025-05-01T14:15:25.190000,-0.024224
2025-05-01T14:15:25.200000,0.002458
2025-05-01T14:15:25.210000,-0.000746
2025-05-01T14:15:25.220000,-0.037549
2025-05-01T14:15:25.230000,0.009353
2025-05-01T14:15:25.240000,-0.005827
2025-05-01T14:15:25.250000,-0.001235
2025-05-01T14:15:25.260000,0.010837
2025-05-01T14:15:25.270000,-0.008856
2025-05-01T14:15:25.280000,-0.004533
2025-05-01T14:15:25.290000,-0.000522
2025-05-01T14:15:25.300000,-0.012861
2025-05-01T14:15:25.310000,-0.010718
2025-05-01T14:15:25.320000,0.001910
2025-05-01T14:15:25.330000,-0.015033
2025-05-01T14:15:25.340000,0.017283
2025-05-01T14:15:25.350000,0.021862
2025-05-01T14:15:25.360000,-0.005228
2025-05-01T14:15:25.370000,0.014790
2025-05-01T14:15:25.380000,0.000021
2025-05-01T14:15:25.390000,-0.009141
2025-05-01T14:15:25.400000,-0.021563
2025-05-01T14:15:25.410000,-0.001518
2025-05-01T14:15:25.420000,0.002989
2025-05-01T14:15:25.430000,-0.016791
2025-05-01T14:15:25.440000,-0.007256
2025-05-01T14:15:25.450000,0.018921
2025-05-01T14:15:25.460000,-0.001693
2025-05-01T14:15:25.470000,-0.002090
2025-05-01T14:15:25.480000,-0.000277
2025-05-01T14:15:25.490000,-0.006911
2025-05-01T14:15:25.500000,0.015440
2025-05-01T14:15:25.510000,0.007868
2025-05-01T14:15:25.520000,0.001116
2025-05-01T14:15:25.530000,0.003243
2025-05-01T14:15:25.540000,0.004192
2025-05-01T14:15:25.550000,-0.009900
2025-05-01T14:15:25.560000,-0.004794
2025-05-01T14:15:25.570000,0.006519
2025-05-01T14:15:25.580000,0.003363
2025-05-01T14:15:25.590000,-0.002258
2025-05-01T14:15:25.600000,0.005818
2025-05-01T14:15:25.610000,-0.003352
2025-05-01T14:15:25.620000,-0.005856
2025-05-01T14:15:25.630000,-0.010032
2025-05-01T14:15:25.640000,-0.010272
2025-05-01T14:15:25.650000,0.009721
2025-05-01T14:15:25.660000,-0.000095
2025-05-01T14:15:25.670000,-0.014628
2025-05-01T14:15:25.680000,-0.008124
2025-05-01T14:15:25.690000,0.001626
2025-05-01T14:15:25.700000,0.011035
2025-05-01T14:15:25.710000,-0.008181
2025-05-01T14:15:25.720000,-0.007925
2025-05-01T14:15:25.730000,0.005571
2025-05-01T14:15:25.740000,0.013739
2025-05-01T14:15:25.750000,-0.001810
2025-05-01T14:15:25.760000,-0.006273
2025-05-01T14:15:25.770000,0.015505
2025-05-01T14:15:25.780000,0.001491
2025-05-01T14:15:25.790000,-0.010824
2025-05-01T14:15:25.800000,0.016644
2025-05-01T14:15:25.810000,0.014948
2025-05-01T14:15:25.820000,0.019155
2025-05-01T14:15:25.830000,0.013588
2025-05-01T14:15:25.840000,0.005783
2025-05-01T14:15:25.850000,-0.000703
2025-05-01T14:15:25.860000,-0.004480
2025-05-01T14:15:25.870000,-0.002373
2025-05-01T14:15:25.880000,-0.012028
2025-05-01T14:15:25.890000,-0.021240
2025-05-01T14:15:25.900000,0.020906
2025-05-01T14:15:25.910000,-0.007692
2025-05-01T14:15:25.920000,0.006224
2025-05-01T14:15:25.930000,0.000497
2025-05-01T14:15:25.940000,0.014684
2025-05-01T14:15:25.950000,0.000593
2025-05-01T14:15:25.960000,0.004124
2025-05-01T14:15:25.970000,0.006934
2025-05-01T14:15:25.980000,0.000036
2025-05-01T14:15:25.990000,0.001167
2025-05-01T14:15:26,-0.005306
2025-05-01T14:15:26.010000,-0.006098
2025-05-01T14:15:26.020000,0.003024
2025-05-01T14:15:26.030000,-0.002097
2025-05-01T14:15:26.040000,-0.006910
2025-05-01T14:15:26.050000,-0.002830
2025-05-01T14:15:26.060000,-0.022937
2025-05-01T14:15:26.070000,-0.003031
2025-05-01T14:15:26.080000,-0.006521
2025-05-01T14:15:26.090000,0.004036
2025-05-01T14:15:26.100000,0.003023
2025-05-01T14:15:26.110000,0.016784
2025-05-01T14:15:26.120000,0.009161
2025-05-01T14:15:26.130000,0.018200
2025-05-01T14:15:26.140000,0.008131
2025-05-01T14:15:26.150000,-0.020640
2025-05-01T14:15:26.160000,-0.008104
2025-05-01T14:15:26.170000,-0.000067
2025-05-01T14:15:26.180000,-0.001154
2025-05-01T14:15:26.190000,-0.005413
2025-05-01T14:15:26.200000,-0.001172
2025-05-01T14:15:26.210000,0.002940
2025-05-01T14:15:26.220000,-0.007763
2025-05-01T14:15:26.230000,0.004881
2025-05-01T14:15:26.240000,-0.006244
2025-05-01T14:15:26.250000,0.001464
2025-05-01T14:15:26.260000,0.015906
2025-05-01T14:15:26.270000,0.013873
2025-05-01T14:15:26.280000,-0.010575
2025-05-01T14:15:26.290000,-0.011671
2025-05-01T14:15:26.300000,0.000461
2025-05-01T14:15:26.310000,-0.019328
2025-05-01T14:15:26.320000,-0.003631
2025-05-01T14:15:26.330000,0.010720
2025-05-01T14:15:26.340000,0.000846
2025-05-01T14:15:26.350000,-0.003719
2025-05-01T14:15:26.360000,-0.003605
2025-05-01T14:15:26.370000,0.016728
2025-05-01T14:15:26.380000,-0.009839
2025-05-01T14:15:26.390000,0.004632
2025-05-01T14:15:26.400000,0.000343
2025-05-01T14:15:26.410000,0.000818
2025-05-01T14:15:26.420000,0.013321
2025-05-01T14:15:26.430000,-0.004378
2025-05-01T14:15:26.440000,-0.004836
2025-05-01T14:15:26.450000,-0.009165
2025-05-01T14:15:26.460000,-0.010953
2025-05-01T14:15:26.470000,0.008715
2025-05-01T14:15:26.480000,-0.011540
2025-05-01T14:15:26.490000,-0.013057
2025-05-01T14:15:26.500000,-0.002875
2025-05-01T14:15:26.510000,0.005348
2025-05-01T14:15:26.520000,0.004871
2025-05-01T14:15:26.530000,0.004562
2025-05-01T14:15:26.540000,-0.008213
2025-05-01T14:15:26.550000,0.009484
2025-05-01T14:15:26.560000,-0.006236
2025-05-01T14:15:26.570000,0.008659
2025-05-01T14:15:26.580000,0.009395
2025-05-01T14:15:26.590000,0.010354
2025-05-01T14:15:26.600000,0.005553
2025-05-01T14:15:26.610000,0.026099
2025-05-01T14:15:26.620000,0.008904
2025-05-01T14:15:26.630000,0.012936
2025-05-01T14:15:26.640000,0.006453
2025-05-01T14:15:26.650000,-0.008714
2025-05-01T14:15:26.660000,-0.009306
2025-05-01T14:15:26.670000,-0.003548
2025-05-01T14:15:26.680000,-0.021946
2025-05-01T14:15:26.690000,-0.003887
2025-05-01T14:15:26.700000,0.000136
2025-05-01T14:15:26.710000,0.007666
2025-05-01T14:15:26.720000,0.000791
2025-05-01T14:15:26.730000,0.004025
2025-05-01T14:15:26.740000,-0.012903
2025-05-01T14:15:26.750000,0.005951
2025-05-01T14:15:26.760000,-0.004496
2025-05-01T14:15:26.770000,-0.016084
2025-05-01T14:15:26.780000,0.007704
2025-05-01T14:15:26.790000,-0.003324
2025-05-01T14:15:26.800000,-0.019576
2025-05-01T14:15:26.810000,-0.015635
2025-05-01T14:15:26.820000,-0.012148
2025-05-01T14:15:26.830000,0.012087
2025-05-01T14:15:26.840000,-0.014621
2025-05-01T14:15:26.850000,0.004130
2025-05-01T14:15:26.860000,-0.006499
2025-05-01T14:15:26.870000,0.001317
2025-05-01T14:15:26.880000,0.005359
2025-05-01T14:15:26.890000,-0.003317
2025-05-01T14:15:26.900000,0.012717
2025-05-01T14:15:26.910000,0.003293
2025-05-01T14:15:26.920000,-0.015597
2025-05-01T14:15:26.930000,-0.000179
2025-05-01T14:15:26.940000,-0.010737
2025-05-01T14:15:26.950000,-0.003802
2025-05-01T14:15:26.960000,0.005610
2025-05-01T14:15:26.970000,-0.019288
2025-05-01T14:15:26.980000,0.009842
2025-05-01T14:15:26.990000,0.004581
2025-05-01T14:15:27,-0.015757
2025-05-01T14:15:27.010000,-0.004720
2025-05-01T14:15:27.020000,-0.000908
2025-05-01T14:15:27.030000,0.012153
2025-05-01T14:15:27.040000,-0.008066
2025-05-01T14:15:27.050000,-0.001963
2025-05-01T14:15:27.060000,-0.007284
2025-05-01T14:15:27.070000,0.007586
2025-05-01T14:15:27.080000,0.006966
2025-05-01T14:15:27.090000,0.008810
2025-05-01T14:15:27.100000,0.007280
2025-05-01T14:15:27.110000,0.001369
2025-05-01T14:15:27.120000,-0.002316
2025-05-01T14:15:27.130000,0.009007
2025-05-01T14:15:27.140000,0.006664
2025-05-01T14:15:27.150000,0.012838
2025-05-01T14:15:27.160000,-0.000738
2025-05-01T14:15:27.170000,0.005682
2025-05-01T14:15:27.180000,-0.005848
2025-05-01T14:15:27.190000,0.011546
2025-05-01T14:15:27.200000,0.008862
2025-05-01T14:15:27.210000,-0.014857
2025-05-01T14:15:27.220000,-0.008471
2025-05-01T14:15:27.230000,0.001251
2025-05-01T14:15:27.240000,-0.009629
2025-05-01T14:15:27.250000,0.002951
2025-05-01T14:15:27.260000,0.006961
2025-05-01T14:15:27.270000,0.007160
2025-05-01T14:15:27.280000,-0.010234
2025-05-01T14:15:27.290000,-0.002915
2025-05-01T14:15:27.300000,0.007104
2025-05-01T14:15:27.310000,0.000740
2025-05-01T14:15:27.320000,-0.017805
2025-05-01T14:15:27.330000,0.002722
2025-05-01T14:15:27.340000,-0.006285
2025-05-01T14:15:27.350000,-0.006775
2025-05-01T14:15:27.360000,0.014952
2025-05-01T14:15:27.370000,0.009498
2025-05-01T14:15:27.380000,-0.010492
2025-05-01T14:15:27.390000,-0.003188
2025-05-01T14:15:27.400000,0.012672
2025-05-01T14:15:27.410000,-0.018541
2025-05-01T14:15:27.420000,-0.000529
2025-05-01T14:15:27.430000,-0.003083
2025-05-01T14:15:27.440000,0.011434
2025-05-01T14:15:27.450000,-0.022456
2025-05-01T14:15:27.460000,0.006198
2025-05-01T14:15:27.470000,0.009599
2025-05-01T14:15:27.480000,0.011782
2025-05-01T14:15:27.490000,0.006678
2025-05-01T14:15:27.500000,-0.011916
2025-05-01T14:15:27.510000,-0.014820
2025-05-01T14:15:27.520000,0.010526
2025-05-01T14:15:27.530000,-0.002790
2025-05-01T14:15:27.540000,-0.004137
2025-05-01T14:15:27.550000,0.006166
2025-05-01T14:15:27.560000,-0.010928
2025-05-01T14:15:27.570000,0.021206
2025-05-01T14:15:27.580000,0.001696
2025-05-01T14:15:27.590000,-0.011967
2025-05-01T14:15:27.600000,0.004851
2025-05-01T14:15:27.610000,-0.003787
2025-05-01T14:15:27.620000,-0.010219
2025-05-01T14:15:27.630000,-0.004998
2025-05-01T14:15:27.640000,-0.008712
2025-05-01T14:15:27.650000,-0.015032
2025-05-01T14:15:27.660000,0.001058
2025-05-01T14:15:27.670000,0.005501
2025-05-01T14:15:27.680000,0.002264
2025-05-01T14:15:27.690000,0.000864
2025-05-01T14:15:27.700000,0.009527
2025-05-01T14:15:27.710000,-0.010161
2025-05-01T14:15:27.720000,-0.011086
2025-05-01T14:15:27.730000,-0.006717
2025-05-01T14:15:27.740000,-0.013215
2025-05-01T14:15:27.750000,0.009101
2025-05-01T14:15:27.760000,-0.004075
2025-05-01T14:15:27.770000,0.004583
2025-05-01T14:15:27.780000,-0.005572
2025-05-01T14:15:27.790000,-0.009651
2025-05-01T14:15:27.800000,0.010677
2025-05-01T14:15:27.810000,-0.012252
2025-05-01T14:15:27.820000,0.016176
2025-05-01T14:15:27.830000,0.000176
2025-05-01T14:15:27.840000,-0.025954
2025-05-01T14:15:27.850000,0.010872
2025-05-01T14:15:27.860000,0.007140
2025-05-01T14:15:27.870000,0.010350
2025-05-01T14:15:27.880000,0.004400
2025-05-01T14:15:27.890000,-0.019835
2025-05-01T14:15:27.900000,-0.009773
2025-05-01T14:15:27.910000,0.009644
2025-05-01T14:15:27.920000,0.011254
2025-05-01T14:15:27.930000,0.001946
2025-05-01T14:15:27.940000,0.008487
2025-05-01T14:15:27.950000,0.006823
2025-05-01T14:15:27.960000,0.008293
2025-05-01T14:15:27.970000,0.004561
2025-05-01T14:15:27.980000,0.001615
2025-05-01T14:15:27.990000,0.001723
2025-05-01T14:15:28,0.008361
2025-05-01T14:15:28.010000,0.005672
2025-05-01T14:15:28.020000,-0.005893
2025-05-01T14:15:28.030000,-0.010064
2025-05-01T14:15:28.040000,-0.001702
2025-05-01T14:15:28.050000,-0.002179
2025-05-01T14:15:28.060000,-0.001255
2025-05-01T14:15:28.070000,-0.015242
2025-05-01T14:15:28.080000,-0.004674
2025-05-01T14:15:28.090000,-0.006520
2025-05-01T14:15:28.100000,0.012427
2025-05-01T14:15:28.110000,0.012399
2025-05-01T14:15:28.120000,-0.003495
2025-05-01T14:15:28.130000,0.002745
2025-05-01T14:15:28.140000,0.006700
2025-05-01T14:15:28.150000,-0.009837
2025-05-01T14:15:28.160000,0.000299
2025-05-01T14:15:28.170000,-0.001327
2025-05-01T14:15:28.180000,-0.021427
2025-05-01T14:15:28.190000,0.001938
2025-05-01T14:15:28.200000,-0.016478
2025-05-01T14:15:28.210000,0.002897
2025-05-01T14:15:28.220000,-0.000698
2025-05-01T14:15:28.230000,0.017849
2025-05-01T14:15:28.240000,0.006320
2025-05-01T14:15:28.250000,-0.005904
2025-05-01T14:15:28.260000,0.008717
2025-05-01T14:15:28.270000,-0.009237
2025-05-01T14:15:28.280000,0.003973
2025-05-01T14:15:28.290000,-0.000499
2025-05-01T14:15:28.300000,-0.018347
2025-05-01T14:15:28.310000,0.004633
2025-05-01T14:15:28.320000,0.004089
2025-05-01T14:15:28.330000,-0.029520
2025-05-01T14:15:28.340000,0.016435
2025-05-01T14:15:28.350000,-0.005324
2025-05-01T14:15:28.360000,-0.010729
2025-05-01T14:15:28.370000,-0.021341
2025-05-01T14:15:28.380000,-0.001661
2025-05-01T14:15:28.390000,0.014875
2025-05-01T14:15:28.400000,0.003914
2025-05-01T14:15:28.410000,-0.004749
2025-05-01T14:15:28.420000,0.006007
2025-05-01T14:15:28.430000,0.004178
2025-05-01T14:15:28.440000,0.009406
2025-05-01T14:15:28.450000,0.004263
2025-05-01T14:15:28.460000,-0.004080
2025-05-01T14:15:28.470000,-0.025018
2025-05-01T14:15:28.480000,0.007134
2025-05-01T14:15:28.490000,-0.007917
2025-05-01T14:15:28.500000,0.014707
2025-05-01T14:15:28.510000,-0.004924
2025-05-01T14:15:28.520000,0.016211
2025-05-01T14:15:28.530000,0.000574
2025-05-01T14:15:28.540000,0.009896
2025-05-01T14:15:28.550000,0.010796
2025-05-01T14:15:28.560000,0.005801
2025-05-01T14:15:28.570000,0.018647
2025-05-01T14:15:28.580000,-0.008781
2025-05-01T14:15:28.590000,0.008709
2025-05-01T14:15:28.600000,-0.005189
2025-05-01T14:15:28.610000,-0.007531
2025-05-01T14:15:28.620000,0.002867
2025-05-01T14:15:28.630000,-0.004101
2025-05-01T14:15:28.640000,0.008489
2025-05-01T14:15:28.650000,0.003727
2025-05-01T14:15:28.660000,-0.000526
2025-05-01T14:15:28.670000,-0.022471
2025-05-01T14:15:28.680000,-0.009877
2025-05-01T14:15:28.690000,0.009682
2025-05-01T14:15:28.700000,-0.008590
2025-05-01T14:15:28.710000,0.007438
2025-05-01T14:15:28.720000,-0.014181
2025-05-01T14:15:28.730000,-0.017136
2025-05-01T14:15:28.740000,0.007320
2025-05-01T14:15:28.750000,0.001617
2025-05-01T14:15:28.760000,-0.001140
2025-05-01T14:15:28.770000,0.003290
2025-05-01T14:15:28.780000,-0.002398
2025-05-01T14:15:28.790000,0.004736
2025-05-01T14:15:28.800000,-0.002444
2025-05-01T14:15:28.810000,0.012932
2025-05-01T14:15:28.820000,0.012265
2025-05-01T14:15:28.830000,-0.000195
2025-05-01T14:15:28.840000,0.010051
2025-05-01T14:15:28.850000,0.004471
2025-05-01T14:15:28.860000,-0.012194
2025-05-01T14:15:28.870000,-0.004047
2025-05-01T14:15:28.880000,0.000739
2025-05-01T14:15:28.890000,-0.011803
2025-05-01T14:15:28.900000,0.011084
2025-05-01T14:15:28.910000,0.003811
2025-05-01T14:15:28.920000,0.010083
2025-05-01T14:15:28.930000,0.000656
2025-05-01T14:15:28.940000,0.004609
2025-05-01T14:15:28.950000,0.018550
2025-05-01T14:15:28.960000,0.003113
2025-05-01T14:15:28.970000,0.007330
2025-05-01T14:15:28.980000,0.016709
2025-05-01T14:15:28.990000,0.016115
2025-05-01T14:15:29,-0.023524
2025-05-01T14:15:29.010000,-0.000791
2025-05-01T14:15:29.020000,-0.018687
2025-05-01T14:15:29.030000,0.019316
2025-05-01T14:15:29.040000,0.011771
2025-05-01T14:15:29.050000,-0.004672
2025-05-01T14:15:29.060000,0.004748
2025-05-01T14:15:29.070000,-0.011434
2025-05-01T14:15:29.080000,-0.006245
2025-05-01T14:15:29.090000,-0.005576
2025-05-01T14:15:29.100000,-0.012731
2025-05-01T14:15:29.110000,0.009079
2025-05-01T14:15:29.120000,-0.006595
2025-05-01T14:15:29.130000,0.012293
2025-05-01T14:15:29.140000,0.008362
2025-05-01T14:15:29.150000,0.010631
2025-05-01T14:15:29.160000,0.019138
2025-05-01T14:15:29.170000,0.013470
2025-05-01T14:15:29.180000,0.011744
2025-05-01T14:15:29.190000,-0.016209
2025-05-01T14:15:29.200000,0.020099
2025-05-01T14:15:29.210000,-0.003671
2025-05-01T14:15:29.220000,0.020402
2025-05-01T14:15:29.230000,0.011338
2025-05-01T14:15:29.240000,-0.000579
2025-05-01T14:15:29.250000,-0.008823
2025-05-01T14:15:29.260000,-0.016487
2025-05-01T14:15:29.270000,-0.001297
2025-05-01T14:15:29.280000,-0.011723
2025-05-01T14:15:29.290000,0.003449
2025-05-01T14:15:29.300000,0.007166
2025-05-01T14:15:29.310000,-0.003574
2025-05-01T14:15:29.320000,-0.009749
2025-05-01T14:15:29.330000,-0.012687
2025-05-01T14:15:29.340000,-0.010311
2025-05-01T14:15:29.350000,-0.004331
2025-05-01T14:15:29.360000,0.007890
2025-05-01T14:15:29.370000,-0.004163
2025-05-01T14:15:29.380000,-0.010443
2025-05-01T14:15:29.390000,-0.007489
2025-05-01T14:15:29.400000,-0.018480
2025-05-01T14:15:29.410000,0.015034
2025-05-01T14:15:29.420000,0.004075
2025-05-01T14:15:29.430000,0.001589
2025-05-01T14:15:29.440000,-0.010108
2025-05-01T14:15:29.450000,-0.011069
2025-05-01T14:15:29.460000,-0.008577
2025-05-01T14:15:29.470000,0.002959
2025-05-01T14:15:29.480000,0.000824
2025-05-01T14:15:29.490000,-0.007185
2025-05-01T14:15:29.500000,0.010277
2025-05-01T14:15:29.510000,-0.012504
2025-05-01T14:15:29.520000,-0.003858
2025-05-01T14:15:29.530000,0.003637
2025-05-01T14:15:29.540000,-0.005735
2025-05-01T14:15:29.550000,-0.001164
2025-05-01T14:15:29.560000,-0.003170
2025-05-01T14:15:29.570000,0.007824
2025-05-01T14:15:29.580000,0.005887
2025-05-01T14:15:29.590000,0.002107
2025-05-01T14:15:29.600000,-0.007515
2025-05-01T14:15:29.610000,0.008508
2025-05-01T14:15:29.620000,0.007144
2025-05-01T14:15:29.630000,-0.002124
2025-05-01T14:15:29.640000,-0.002115
2025-05-01T14:15:29.650000,-0.001383
2025-05-01T14:15:29.660000,-0.003106
2025-05-01T14:15:29.670000,-0.014881
2025-05-01T14:15:29.680000,-0.006139
2025-05-01T14:15:29.690000,-0.013345
2025-05-01T14:15:29.700000,0.003232
2025-05-01T14:15:29.710000,-0.007956
2025-05-01T14:15:29.720000,0.007408
2025-05-01T14:15:29.730000,0.005188
2025-05-01T14:15:29.740000,-0.000945
2025-05-01T14:15:29.750000,-0.000098
2025-05-01T14:15:29.760000,0.011645
2025-05-01T14:15:29.770000,0.015148
2025-05-01T14:15:29.780000,0.010326
2025-05-01T14:15:29.790000,-0.008719
2025-05-01T14:15:29.800000,-0.003729
2025-05-01T14:15:29.810000,0.009148
2025-05-01T14:15:29.820000,0.011284
2025-05-01T14:15:29.830000,-0.000446
2025-05-01T14:15:29.840000,-0.017854
2025-05-01T14:15:29.850000,-0.000134
2025-05-01T14:15:29.860000,0.002379
2025-05-01T14:15:29.870000,-0.012807
2025-05-01T14:15:29.880000,0.007809
2025-05-01T14:15:29.890000,-0.002428
2025-05-01T14:15:29.900000,0.008666
2025-05-01T14:15:29.910000,-0.019329
2025-05-01T14:15:29.920000,0.010936
2025-05-01T14:15:29.930000,0.019465
2025-05-01T14:15:29.940000,0.022298
2025-05-01T14:15:29.950000,-0.003602
2025-05-01T14:15:29.960000,0.003066
2025-05-01T14:15:29.970000,0.001402
2025-05-01T14:15:29.980000,-0.000579
2025-05-01T14:15:29.990000,-0.001936
2025-05-01T14:15:30,0.006340
2025-05-01T14:15:30.010000,0.005211
2025-05-01T14:15:30.020000,-0.002842
2025-05-01T14:15:30.030000,-0.025036
2025-05-01T14:15:30.040000,0.000660
2025-05-01T14:15:30.050000,0.007375
2025-05-01T14:15:30.060000,0.009555
2025-05-01T14:15:30.070000,0.002008
2025-05-01T14:15:30.080000,0.006245
2025-05-01T14:15:30.090000,-0.012448
2025-05-01T14:15:30.100000,-0.000554
2025-05-01T14:15:30.110000,-0.010424
2025-05-01T14:15:30.120000,-0.004603
2025-05-01T14:15:30.130000,-0.006820
2025-05-01T14:15:30.140000,-0.004279
2025-05-01T14:15:30.150000,0.032394
2025-05-01T14:15:30.160000,0.001433
2025-05-01T14:15:30.170000,-0.010145
2025-05-01T14:15:30.180000,0.001983
2025-05-01T14:15:30.190000,0.013656
2025-05-01T14:15:30.200000,0.022258
2025-05-01T14:15:30.210000,0.012013
2025-05-01T14:15:30.220000,0.008663
2025-05-01T14:15:30.230000,-0.003352
2025-05-01T14:15:30.240000,-0.007443
2025-05-01T14:15:30.250000,-0.003798
2025-05-01T14:15:30.260000,-0.001002
2025-05-01T14:15:30.270000,-0.020167
2025-05-01T14:15:30.280000,-0.007152
2025-05-01T14:15:30.290000,-0.009499
2025-05-01T14:15:30.300000,-0.021290
2025-05-01T14:15:30.310000,0.013775
2025-05-01T14:15:30.320000,-0.022993
2025-05-01T14:15:30.330000,0.007888
2025-05-01T14:15:30.340000,-0.008369
2025-05-01T14:15:30.350000,0.010376
2025-05-01T14:15:30.360000,-0.001361
2025-05-01T14:15:30.370000,-0.012263
2025-05-01T14:15:30.380000,0.016746
2025-05-01T14:15:30.390000,-0.010666
2025-05-01T14:15:30.400000,-0.002085
2025-05-01T14:15:30.410000,0.005762
2025-05-01T14:15:30.420000,0.003788
2025-05-01T14:15:30.430000,0.001909
2025-05-01T14:15:30.440000,0.008364
2025-05-01T14:15:30.450000,0.007250
2025-05-01T14:15:30.460000,-0.015560
2025-05-01T14:15:30.470000,-0.009139
2025-05-01T14:15:30.480000,0.011404
2025-05-01T14:15:30.490000,-0.001267
2025-05-01T14:15:30.500000,0.015527
2025-05-01T14:15:30.510000,-0.010046
2025-05-01T14:15:30.520000,-0.004767
2025-05-01T14:15:30.530000,0.016603
2025-05-01T14:15:30.540000,-0.007265
2025-05-01T14:15:30.550000,-0.001978
2025-05-01T14:15:30.560000,-0.011555
2025-05-01T14:15:30.570000,0.008055
2025-05-01T14:15:30.580000,0.010271
2025-05-01T14:15:30.590000,-0.007060
2025-05-01T14:15:30.600000,-0.011796
2025-05-01T14:15:30.610000,-0.003734
2025-05-01T14:15:30.620000,0.012040
2025-05-01T14:15:30.630000,0.000912
2025-05-01T14:15:30.640000,0.002408
2025-05-01T14:15:30.650000,-0.009319
2025-05-01T14:15:30.660000,-0.011323
2025-05-01T14:15:30.670000,0.006837
2025-05-01T14:15:30.680000,0.013215
2025-05-01T14:15:30.690000,-0.003064
2025-05-01T14:15:30.700000,-0.007783
2025-05-01T14:15:30.710000,-0.017682
2025-05-01T14:15:30.720000,-0.015364
2025-05-01T14:15:30.730000,-0.005636
2025-05-01T14:15:30.740000,-0.000679
2025-05-01T14:15:30.750000,0.005026
2025-05-01T14:15:30.760000,-0.007644
2025-05-01T14:15:30.770000,-0.002984
2025-05-01T14:15:30.780000,0.006936
2025-05-01T14:15:30.790000,-0.003483
2025-05-01T14:15:30.800000,-0.008591
2025-05-01T14:15:30.810000,0.009533
2025-05-01T14:15:30.820000,0.006639
2025-05-01T14:15:30.830000,-0.008976
2025-05-01T14:15:30.840000,-0.001970
2025-05-01T14:15:30.850000,-0.001350
2025-05-01T14:15:30.860000,0.006728
2025-05-01T14:15:30.870000,0.017329
2025-05-01T14:15:30.880000,0.004258
2025-05-01T14:15:30.890000,0.011751
2025-05-01T14:15:30.900000,0.022920
2025-05-01T14:15:30.910000,-0.004436
2025-05-01T14:15:30.920000,0.018171
2025-05-01T14:15:30.930000,-0.001491
2025-05-01T14:15:30.940000,-0.016024
2025-05-01T14:15:30.950000,-0.004172
2025-05-01T14:15:30.960000,0.016144
2025-05-01T14:15:30.970000,0.003699
2025-05-01T14:15:30.980000,0.007080
2025-05-01T14:15:30.990000,-0.019826
2025-05-01T14:15:31,0.009863
2025-05-01T14:15:31.010000,-0.004538
2025-05-01T14:15:31.020000,-0.001995
2025-05-01T14:15:31.030000,0.000832
2025-05-01T14:15:31.040000,-0.013757
2025-05-01T14:15:31.050000,-0.012995
2025-05-01T14:15:31.060000,0.005739
2025-05-01T14:15:31.070000,0.002595
2025-05-01T14:15:31.080000,-0.013261
2025-05-01T14:15:31.090000,0.007998
2025-05-01T14:15:31.100000,0.003862
2025-05-01T14:15:31.110000,0.007547
2025-05-01T14:15:31.120000,-0.001148
2025-05-01T14:15:31.130000,0.001145
2025-05-01T14:15:31.140000,-0.009742
2025-05-01T14:15:31.150000,0.001953
2025-05-01T14:15:31.160000,0.001539
2025-05-01T14:15:31.170000,0.011734
2025-05-01T14:15:31.180000,-0.002291
2025-05-01T14:15:31.190000,0.025608
2025-05-01T14:15:31.200000,0.005938
2025-05-01T14:15:31.210000,-0.004656
2025-05-01T14:15:31.220000,0.003188
2025-05-01T14:15:31.230000,-0.002927
2025-05-01T14:15:31.240000,-0.008393
2025-05-01T14:15:31.250000,-0.014925
2025-05-01T14:15:31.260000,-0.006356
2025-05-01T14:15:31.270000,-0.006539
2025-05-01T14:15:31.280000,-0.014613
2025-05-01T14:15:31.290000,-0.009253
2025-05-01T14:15:31.300000,-0.009322
2025-05-01T14:15:31.310000,-0.013294
2025-05-01T14:15:31.320000,0.011962
2025-05-01T14:15:31.330000,-0.003734
2025-05-01T14:15:31.340000,0.002230
2025-05-01T14:15:31.350000,0.005311
2025-05-01T14:15:31.360000,0.000293
2025-05-01T14:15:31.370000,0.012615
2025-05-01T14:15:31.380000,0.009031
2025-05-01T14:15:31.390000,0.003455
2025-05-01T14:15:31.400000,0.002258
2025-05-01T14:15:31.410000,-0.002839
2025-05-01T14:15:31.420000,0.002591
2025-05-01T14:15:31.430000,-0.007697
2025-05-01T14:15:31.440000,0.011601
2025-05-01T14:15:31.450000,-0.016532
2025-05-01T14:15:31.460000,0.003671
2025-05-01T14:15:31.470000,-0.012508
2025-05-01T14:15:31.480000,0.004127
2025-05-01T14:15:31.490000,-0.003899
2025-05-01T14:15:31.500000,-0.001034
2025-05-01T14:15:31.510000,-0.010169
2025-05-01T14:15:31.520000,0.002148
2025-05-01T14:15:31.530000,-0.001313
2025-05-01T14:15:31.540000,-0.000233
2025-05-01T14:15:31.550000,0.005644
2025-05-01T14:15:31.560000,0.011582
2025-05-01T14:15:31.570000,0.007258
2025-05-01T14:15:31.580000,0.001756
2025-05-01T14:15:31.590000,0.002613
2025-05-01T14:15:31.600000,-0.008459
2025-05-01T14:15:31.610000,-0.010360
2025-05-01T14:15:31.620000,-0.010331
2025-05-01T14:15:31.630000,-0.008069
2025-05-01T14:15:31.640000,0.007106
2025-05-01T14:15:31.650000,-0.004005
2025-05-01T14:15:31.660000,-0.002354
2025-05-01T14:15:31.670000,-0.010720
2025-05-01T14:15:31.680000,0.005873
2025-05-01T14:15:31.690000,-0.011052
2025-05-01T14:15:31.700000,-0.002253
2025-05-01T14:15:31.710000,0.005556
2025-05-01T14:15:31.720000,-0.001005
2025-05-01T14:15:31.730000,0.007599
2025-05-01T14:15:31.740000,0.009375
2025-05-01T14:15:31.750000,-0.011132
2025-05-01T14:15:31.760000,0.009658
2025-05-01T14:15:31.770000,0.003587
2025-05-01T14:15:31.780000,-0.016382
2025-05-01T14:15:31.790000,0.011778
2025-05-01T14:15:31.800000,0.011941
2025-05-01T14:15:31.810000,0.006678
2025-05-01T14:15:31.820000,-0.001247
2025-05-01T14:15:31.830000,0.008337
2025-05-01T14:15:31.840000,-0.014427
2025-05-01T14:15:31.850000,0.013310
2025-05-01T14:15:31.860000,0.001541
2025-05-01T14:15:31.870000,0.007796
2025-05-01T14:15:31.880000,-0.000368
2025-05-01T14:15:31.890000,-0.001544
2025-05-01T14:15:31.900000,0.016051
2025-05-01T14:15:31.910000,0.006582
2025-05-01T14:15:31.920000,0.011777
2025-05-01T14:15:31.930000,0.017443
2025-05-01T14:15:31.940000,-0.002169
2025-05-01T14:15:31.950000,0.018080
2025-05-01T14:15:31.960000,-0.001581
2025-05-01T14:15:31.970000,-0.004073
2025-05-01T14:15:31.980000,-0.003185
2025-05-01T14:15:31.990000,-0.004898
2025-05-01T14:15:32,0.000659
2025-05-01T14:15:32.010000,-0.019374
2025-05-01T14:15:32.020000,0.018014
2025-05-01T14:15:32.030000,-0.000813
2025-05-01T14:15:32.040000,-0.007983
2025-05-01T14:15:32.050000,0.040777
2025-05-01T14:15:32.060000,0.001584
2025-05-01T14:15:32.070000,-0.009052
2025-05-01T14:15:32.080000,-0.009454
2025-05-01T14:15:32.090000,-0.000325
2025-05-01T14:15:32.100000,0.009352
2025-05-01T14:15:32.110000,0.002070
2025-05-01T14:15:32.120000,0.015797
2025-05-01T14:15:32.130000,0.016480
2025-05-01T14:15:32.140000,-0.004846
2025-05-01T14:15:32.150000,0.006740
2025-05-01T14:15:32.160000,0.018488
2025-05-01T14:15:32.170000,0.004851
2025-05-01T14:15:32.180000,-0.008274
2025-05-01T14:15:32.190000,0.016429
2025-05-01T14:15:32.200000,0.009199
2025-05-01T14:15:32.210000,0.009037
2025-05-01T14:15:32.220000,0.007451
2025-05-01T14:15:32.230000,0.010563
2025-05-01T14:15:32.240000,0.016224
2025-05-01T14:15:32.250000,0.010308
2025-05-01T14:15:32.260000,0.002120
2025-05-01T14:15:32.270000,0.002153
2025-05-01T14:15:32.280000,-0.006982
2025-05-01T14:15:32.290000,0.003122
2025-05-01T14:15:32.300000,0.008420
2025-05-01T14:15:32.310000,-0.000763
2025-05-01T14:15:32.320000,0.011524
2025-05-01T14:15:32.330000,-0.015044
2025-05-01T14:15:32.340000,0.019221
2025-05-01T14:15:32.350000,-0.010410
2025-05-01T14:15:32.360000,-0.000217
2025-05-01T14:15:32.370000,0.011288
2025-05-01T14:15:32.380000,-0.015538
2025-05-01T14:15:32.390000,-0.000409
2025-05-01T14:15:32.400000,0.001684
2025-05-01T14:15:32.410000,0.004500
2025-05-01T14:15:32.420000,0.004298
2025-05-01T14:15:32.430000,-0.011138
2025-05-01T14:15:32.440000,-0.005650
2025-05-01T14:15:32.450000,0.009486
2025-05-01T14:15:32.460000,0.006761
2025-05-01T14:15:32.470000,0.009674
2025-05-01T14:15:32.480000,-0.008274
2025-05-01T14:15:32.490000,-0.016494
2025-05-01T14:15:32.500000,0.010389
2025-05-01T14:15:32.510000,0.010711
2025-05-01T14:15:32.520000,0.002906
2025-05-01T14:15:32.530000,0.019894
2025-05-01T14:15:32.540000,-0.014073
2025-05-01T14:15:32.550000,-0.008941
2025-05-01T14:15:32.560000,-0.008593
2025-05-01T14:15:32.570000,0.016363
2025-05-01T14:15:32.580000,-0.010240
2025-05-01T14:15:32.590000,0.000378
2025-05-01T14:15:32.600000,0.002796
2025-05-01T14:15:32.610000,0.012948
2025-05-01T14:15:32.620000,-0.028263
2025-05-01T14:15:32.630000,0.007658
2025-05-01T14:15:32.640000,-0.014734
2025-05-01T14:15:32.650000,0.008888
2025-05-01T14:15:32.660000,0.000706
2025-05-01T14:15:32.670000,-0.012823
2025-05-01T14:15:32.680000,-0.005785
2025-05-01T14:15:32.690000,0.016155
2025-05-01T14:15:32.700000,0.006196
2025-05-01T14:15:32.710000,-0.013137
2025-05-01T14:15:32.720000,-0.000301
2025-05-01T14:15:32.730000,0.016075
2025-05-01T14:15:32.740000,0.011441
2025-05-01T14:15:32.750000,-0.004505
2025-05-01T14:15:32.760000,-0.004401
2025-05-01T14:15:32.770000,-0.010369
2025-05-01T14:15:32.780000,0.006646
2025-05-01T14:15:32.790000,-0.002195
2025-05-01T14:15:32.800000,-0.008730
2025-05-01T14:15:32.810000,0.009118
2025-05-01T14:15:32.820000,-0.008975
2025-05-01T14:15:32.830000,-0.009551
2025-05-01T14:15:32.840000,0.003578
2025-05-01T14:15:32.850000,0.011318
2025-05-01T14:15:32.860000,0.001226
2025-05-01T14:15:32.870000,0.006957
2025-05-01T14:15:32.880000,0.001691
2025-05-01T14:15:32.890000,-0.011745
2025-05-01T14:15:32.900000,0.001670
2025-05-01T14:15:32.910000,0.010115
2025-05-01T14:15:32.920000,-0.005760
2025-05-01T14:15:32.930000,0.004574
2025-05-01T14:15:32.940000,-0.007177
2025-05-01T14:15:32.950000,-0.021680
2025-05-01T14:15:32.960000,0.008817
2025-05-01T14:15:32.970000,0.007261
2025-05-01T14:15:32.980000,0.006160
2025-05-01T14:15:32.990000,-0.009868
2025-05-01T14:15:33,0.002727
2025-05-01T14:15:33.010000,-0.004402
2025-05-01T14:15:33.020000,0.010854
2025-05-01T14:15:33.030000,0.002938
2025-05-01T14:15:33.040000,-0.002562
2025-05-01T14:15:33.050000,0.003910
2025-05-01T14:15:33.060000,-0.012004
2025-05-01T14:15:33.070000,0.001132
2025-05-01T14:15:33.080000,0.010043
2025-05-01T14:15:33.090000,-0.000673
2025-05-01T14:15:33.100000,0.006188
2025-05-01T14:15:33.110000,-0.000363
2025-05-01T14:15:33.120000,-0.010556
2025-05-01T14:15:33.130000,0.002392
2025-05-01T14:15:33.140000,-0.000011
2025-05-01T14:15:33.150000,0.000604
2025-05-01T14:15:33.160000,0.002725
2025-05-01T14:15:33.170000,-0.004554
2025-05-01T14:15:33.180000,-0.007031
2025-05-01T14:15:33.190000,0.006476
2025-05-01T14:15:33.200000,0.007067
2025-05-01T14:15:33.210000,0.012818
2025-05-01T14:15:33.220000,-0.002089
2025-05-01T14:15:33.230000,-0.009510
2025-05-01T14:15:33.240000,0.002624
2025-05-01T14:15:33.250000,-0.001254
2025-05-01T14:15:33.260000,0.000019
2025-05-01T14:15:33.270000,-0.004154
2025-05-01T14:15:33.280000,0.023192
2025-05-01T14:15:33.290000,-0.019716
2025-05-01T14:15:33.300000,0.007366
2025-05-01T14:15:33.310000,-0.006163
2025-05-01T14:15:33.320000,0.021131
2025-05-01T14:15:33.330000,-0.000170
2025-05-01T14:15:33.340000,0.007769
2025-05-01T14:15:33.350000,0.005670
2025-05-01T14:15:33.360000,-0.001804
2025-05-01T14:15:33.370000,-0.014058
2025-05-01T14:15:33.380000,-0.015066
2025-05-01T14:15:33.390000,0.002529
2025-05-01T14:15:33.400000,0.005022
2025-05-01T14:15:33.410000,-0.000452
2025-05-01T14:15:33.420000,0.001364
2025-05-01T14:15:33.430000,0.000523
2025-05-01T14:15:33.440000,-0.002281
2025-05-01T14:15:33.450000,-0.004512
2025-05-01T14:15:33.460000,0.008643
2025-05-01T14:15:33.470000,0.008591
2025-05-01T14:15:33.480000,-0.011844
2025-05-01T14:15:33.490000,-0.002198
2025-05-01T14:15:33.500000,0.017396
2025-05-01T14:15:33.510000,0.006410
2025-05-01T14:15:33.520000,-0.006910
2025-05-01T14:15:33.530000,0.010184
2025-05-01T14:15:33.540000,0.016260
2025-05-01T14:15:33.550000,0.013558
2025-05-01T14:15:33.560000,-0.010707
2025-05-01T14:15:33.570000,0.010385
2025-05-01T14:15:33.580000,0.001455
2025-05-01T14:15:33.590000,-0.000588
2025-05-01T14:15:33.600000,-0.006068
2025-05-01T14:15:33.610000,-0.006485
2025-05-01T14:15:33.620000,0.007366
2025-05-01T14:15:33.630000,-0.009769
2025-05-01T14:15:33.640000,0.012176
2025-05-01T14:15:33.650000,0.011346
2025-05-01T14:15:33.660000,0.001318
2025-05-01T14:15:33.670000,0.006326
2025-05-01T14:15:33.680000,-0.003707
2025-05-01T14:15:33.690000,-0.012485
2025-05-01T14:15:33.700000,0.009029
2025-05-01T14:15:33.710000,-0.000047
2025-05-01T14:15:33.720000,-0.003421
2025-05-01T14:15:33.730000,-0.005912
2025-05-01T14:15:33.740000,-0.014796
2025-05-01T14:15:33.750000,-0.008513
2025-05-01T14:15:33.760000,-0.017257
2025-05-01T14:15:33.770000,-0.000893
2025-05-01T14:15:33.780000,0.000584
2025-05-01T14:15:33.790000,0.019921
2025-05-01T14:15:33.800000,-0.010966
2025-05-01T14:15:33.810000,0.001557
2025-05-01T14:15:33.820000,-0.006930
2025-05-01T14:15:33.830000,-0.008668
2025-05-01T14:15:33.840000,0.001908
2025-05-01T14:15:33.850000,0.004143
2025-05-01T14:15:33.860000,0.018856
2025-05-01T14:15:33.870000,0.007767
2025-05-01T14:15:33.880000,0.004162
2025-05-01T14:15:33.890000,-0.011363
2025-05-01T14:15:33.900000,0.003331
2025-05-01T14:15:33.910000,-0.003203
2025-05-01T14:15:33.920000,0.003969
2025-05-01T14:15:33.930000,-0.006221
2025-05-01T14:15:33.940000,-0.003509
2025-05-01T14:15:33.950000,-0.003802
2025-05-01T14:15:33.960000,0.007888
2025-05-01T14:15:33.970000,-0.005295
2025-05-01T14:15:33.980000,0.005360
2025-05-01T14:15:33.990000,0.021194
2025-05-01T14:15:34,0.007396
2025-05-01T14:15:34.010000,-0.002294
2025-05-01T14:15:34.020000,0.006878
2025-05-01T14:15:34.030000,-0.000592
2025-05-01T14:15:34.040000,-0.014521
2025-05-01T14:15:34.050000,-0.001361
2025-05-01T14:15:34.060000,0.018483
2025-05-01T14:15:34.070000,0.009915
2025-05-01T14:15:34.080000,0.008926
2025-05-01T14:15:34.090000,0.001309
2025-05-01T14:15:34.100000,-0.005467
2025-05-01T14:15:34.110000,-0.000188
2025-05-01T14:15:34.120000,0.014769
2025-05-01T14:15:34.130000,-0.004636
2025-05-01T14:15:34.140000,0.009106
2025-05-01T14:15:34.150000,0.008049
2025-05-01T14:15:34.160000,0.007755
2025-05-01T14:15:34.170000,0.019933
2025-05-01T14:15:34.180000,0.001770
2025-05-01T14:15:34.190000,-0.012468
2025-05-01T14:15:34.200000,0.000956
2025-05-01T14:15:34.210000,-0.001625
2025-05-01T14:15:34.220000,0.001402
2025-05-01T14:15:34.230000,-0.024208
2025-05-01T14:15:34.240000,0.001860
2025-05-01T14:15:34.250000,0.004139
2025-05-01T14:15:34.260000,0.013423
2025-05-01T14:15:34.270000,0.016687
2025-05-01T14:15:34.280000,-0.011800
2025-05-01T14:15:34.290000,-0.000749
2025-05-01T14:15:34.300000,-0.000185
2025-05-01T14:15:34.310000,0.000581
2025-05-01T14:15:34.320000,-0.005466
2025-05-01T14:15:34.330000,-0.008479
2025-05-01T14:15:34.340000,0.003835
2025-05-01T14:15:34.350000,0.011774
2025-05-01T14:15:34.360000,-0.010864
2025-05-01T14:15:34.370000,-0.005121
2025-05-01T14:15:34.380000,-0.006888
2025-05-01T14:15:34.390000,0.013100
2025-05-01T14:15:34.400000,-0.016478
2025-05-01T14:15:34.410000,0.012633
2025-05-01T14:15:34.420000,-0.016783
2025-05-01T14:15:34.430000,-0.005580
2025-05-01T14:15:34.440000,0.020799
2025-05-01T14:15:34.450000,-0.002734
2025-05-01T14:15:34.460000,0.004607
2025-05-01T14:15:34.470000,0.000186
2025-05-01T14:15:34.480000,0.009523
2025-05-01T14:15:34.490000,0.001678
2025-05-01T14:15:34.500000,0.000480
2025-05-01T14:15:34.510000,-0.008815
2025-05-01T14:15:34.520000,0.001716
2025-05-01T14:15:34.530000,0.000974
2025-05-01T14:15:34.540000,0.004592
2025-05-01T14:15:34.550000,-0.001037
2025-05-01T14:15:34.560000,0.000255
2025-05-01T14:15:34.570000,0.007935
2025-05-01T14:15:34.580000,-0.000209
2025-05-01T14:15:34.590000,0.000137
2025-05-01T14:15:34.600000,-0.010323
2025-05-01T14:15:34.610000,-0.005765
2025-05-01T14:15:34.620000,0.001163
2025-05-01T14:15:34.630000,0.000021
2025-05-01T14:15:34.640000,0.018001
2025-05-01T14:15:34.650000,-0.008862
2025-05-01T14:15:34.660000,0.005997
2025-05-01T14:15:34.670000,0.011645
2025-05-01T14:15:34.680000,-0.012737
2025-05-01T14:15:34.690000,-0.004623
2025-05-01T14:15:34.700000,0.000951
2025-05-01T14:15:34.710000,-0.001464
2025-05-01T14:15:34.720000,0.009708
2025-05-01T14:15:34.730000,-0.018284
2025-05-01T14:15:34.740000,-0.014940
2025-05-01T14:15:34.750000,0.010910
2025-05-01T14:15:34.760000,-0.008422
2025-05-01T14:15:34.770000,0.012368
2025-05-01T14:15:34.780000,0.002131
2025-05-01T14:15:34.790000,0.018998
2025-05-01T14:15:34.800000,-0.001998
2025-05-01T14:15:34.810000,-0.025771
2025-05-01T14:15:34.820000,0.003427
2025-05-01T14:15:34.830000,0.002971
2025-05-01T14:15:34.840000,0.003135
2025-05-01T14:15:34.850000,0.012862
2025-05-01T14:15:34.860000,-0.005826
2025-05-01T14:15:34.870000,-0.006241
2025-05-01T14:15:34.880000,0.001900
2025-05-01T14:15:34.890000,0.003578
2025-05-01T14:15:34.900000,-0.021319
2025-05-01T14:15:34.910000,0.016909
2025-05-01T14:15:34.920000,-0.012189
2025-05-01T14:15:34.930000,-0.018863
2025-05-01T14:15:34.940000,-0.016478
2025-05-01T14:15:34.950000,-0.005979
2025-05-01T14:15:34.960000,-0.000612
2025-05-01T14:15:34.970000,0.002243
2025-05-01T14:15:34.980000,-0.001190
2025-05-01T14:15:34.990000,-0.011420
2025-05-01T14:15:35,0.004636
2025-05-01T14:15:35.010000,-0.007382
2025-05-01T14:15:35.020000,0.004723
2025-05-01T14:15:35.030000,0.014114
2025-05-01T14:15:35.040000,-0.004025
2025-05-01T14:15:35.050000,-0.009977
2025-05-01T14:15:35.060000,0.006220
2025-05-01T14:15:35.070000,0.008706
2025-05-01T14:15:35.080000,0.012135
2025-05-01T14:15:35.090000,-0.011310
2025-05-01T14:15:35.100000,-0.007185
2025-05-01T14:15:35.110000,0.000530
2025-05-01T14:15:35.120000,0.001370
2025-05-01T14:15:35.130000,-0.000879
2025-05-01T14:15:35.140000,0.027620
2025-05-01T14:15:35.150000,0.002152
2025-05-01T14:15:35.160000,0.003713
2025-05-01T14:15:35.170000,-0.004335
2025-05-01T14:15:35.180000,-0.012707
2025-05-01T14:15:35.190000,-0.002913
2025-05-01T14:15:35.200000,-0.004772
2025-05-01T14:15:35.210000,0.020069
2025-05-01T14:15:35.220000,-0.015465
2025-05-01T14:15:35.230000,-0.011324
2025-05-01T14:15:35.240000,-0.002281
2025-05-01T14:15:35.250000,-0.003435
2025-05-01T14:15:35.260000,-0.006957
2025-05-01T14:15:35.270000,0.003096
2025-05-01T14:15:35.280000,0.003228
2025-05-01T14:15:35.290000,-0.009420
2025-05-01T14:15:35.300000,-0.004559
2025-05-01T14:15:35.310000,-0.006076
2025-05-01T14:15:35.320000,-0.005843
2025-05-01T14:15:35.330000,-0.006449
2025-05-01T14:15:35.340000,-0.000141
2025-05-01T14:15:35.350000,-0.015953
2025-05-01T14:15:35.360000,-0.000949
2025-05-01T14:15:35.370000,0.004784
2025-05-01T14:15:35.380000,0.006562
2025-05-01T14:15:35.390000,0.009208
2025-05-01T14:15:35.400000,-0.012937
2025-05-01T14:15:35.410000,0.000843
2025-05-01T14:15:35.420000,0.002620
2025-05-01T14:15:35.430000,0.009529
2025-05-01T14:15:35.440000,-0.015835
2025-05-01T14:15:35.450000,-0.013367
2025-05-01T14:15:35.460000,-0.012451
2025-05-01T14:15:35.470000,-0.002827
2025-05-01T14:15:35.480000,-0.000594
2025-05-01T14:15:35.490000,0.010710
2025-05-01T14:15:35.500000,0.003560
2025-05-01T14:15:35.510000,-0.003224
2025-05-01T14:15:35.520000,-0.003147
2025-05-01T14:15:35.530000,-0.023021
2025-05-01T14:15:35.540000,-0.017555
2025-05-01T14:15:35.550000,0.005394
2025-05-01T14:15:35.560000,0.000659
2025-05-01T14:15:35.570000,-0.011237
2025-05-01T14:15:35.580000,0.004590
2025-05-01T14:15:35.590000,0.014873
2025-05-01T14:15:35.600000,-0.011859
2025-05-01T14:15:35.610000,-0.015480
2025-05-01T14:15:35.620000,-0.010953
2025-05-01T14:15:35.630000,0.000138
2025-05-01T14:15:35.640000,0.014979
2025-05-01T14:15:35.650000,0.010566
2025-05-01T14:15:35.660000,0.000917
2025-05-01T14:15:35.670000,0.004765
2025-05-01T14:15:35.680000,0.002691
2025-05-01T14:15:35.690000,0.001335
2025-05-01T14:15:35.700000,-0.014321
2025-05-01T14:15:35.710000,-0.019706
2025-05-01T14:15:35.720000,0.011431
2025-05-01T14:15:35.730000,0.020638
2025-05-01T14:15:35.740000,-0.006413
2025-05-01T14:15:35.750000,0.010295
2025-05-01T14:15:35.760000,-0.004106
2025-05-01T14:15:35.770000,-0.027376
2025-05-01T14:15:35.780000,-0.011129
2025-05-01T14:15:35.790000,-0.005072
2025-05-01T14:15:35.800000,-0.010532
2025-05-01T14:15:35.810000,-0.012476
2025-05-01T14:15:35.820000,-0.002199
2025-05-01T14:15:35.830000,-0.011716
2025-05-01T14:15:35.840000,-0.007594
2025-05-01T14:15:35.850000,-0.005326
2025-05-01T14:15:35.860000,-0.005247
2025-05-01T14:15:35.870000,-0.007108
2025-05-01T14:15:35.880000,-0.004305
2025-05-01T14:15:35.890000,-0.006269
2025-05-01T14:15:35.900000,0.001680
2025-05-01T14:15:35.910000,-0.008900
2025-05-01T14:15:35.920000,-0.008434
2025-05-01T14:15:35.930000,0.000049
2025-05-01T14:15:35.940000,0.009064
2025-05-01T14:15:35.950000,-0.002507
2025-05-01T14:15:35.960000,0.003373
2025-05-01T14:15:35.970000,-0.002792
2025-05-01T14:15:35.980000,-0.008331
2025-05-01T14:15:35.990000,-0.006672
2025-05-01T14:15:36,-0.014692
2025-05-01T14:15:36.010000,0.023033
2025-05-01T14:15:36.020000,0.001927
2025-05-01T14:15:36.030000,0.002439
2025-05-01T14:15:36.040000,0.008900
2025-05-01T14:15:36.050000,0.007503
2025-05-01T14:15:36.060000,-0.027953
2025-05-01T14:15:36.070000,0.013525
2025-05-01T14:15:36.080000,-0.011796
2025-05-01T14:15:36.090000,-0.004791
2025-05-01T14:15:36.100000,0.007865
2025-05-01T14:15:36.110000,0.006557
2025-05-01T14:15:36.120000,-0.003150
2025-05-01T14:15:36.130000,-0.011205
2025-05-01T14:15:36.140000,0.000623
2025-05-01T14:15:36.150000,0.026768
2025-05-01T14:15:36.160000,0.004188
2025-05-01T14:15:36.170000,0.006835
2025-05-01T14:15:36.180000,-0.004067
2025-05-01T14:15:36.190000,0.013732
2025-05-01T14:15:36.200000,-0.004283
2025-05-01T14:15:36.210000,-0.002548
2025-05-01T14:15:36.220000,-0.013679
2025-05-01T14:15:36.230000,-0.017432
2025-05-01T14:15:36.240000,-0.005560
2025-05-01T14:15:36.250000,0.005186
2025-05-01T14:15:36.260000,-0.011184
2025-05-01T14:15:36.270000,0.001857
2025-05-01T14:15:36.280000,0.007119
2025-05-01T14:15:36.290000,0.008304
2025-05-01T14:15:36.300000,-0.008987
2025-05-01T14:15:36.310000,0.017257
2025-05-01T14:15:36.320000,-0.006698
2025-05-01T14:15:36.330000,-0.005351
2025-05-01T14:15:36.340000,-0.005795
2025-05-01T14:15:36.350000,0.003023
2025-05-01T14:15:36.360000,0.002741
2025-05-01T14:15:36.370000,0.004918
2025-05-01T14:15:36.380000,-0.009991
2025-05-01T14:15:36.390000,-0.010185
2025-05-01T14:15:36.400000,0.010975
2025-05-01T14:15:36.410000,0.001684
2025-05-01T14:15:36.420000,-0.007101
2025-05-01T14:15:36.430000,0.006688
2025-05-01T14:15:36.440000,0.011045
2025-05-01T14:15:36.450000,0.001469
2025-05-01T14:15:36.460000,0.011678
2025-05-01T14:15:36.470000,-0.003005
2025-05-01T14:15:36.480000,0.018100
2025-05-01T14:15:36.490000,0.002754
2025-05-01T14:15:36.500000,-0.011567
2025-05-01T14:15:36.510000,-0.001463
2025-05-01T14:15:36.520000,-0.011834
2025-05-01T14:15:36.530000,-0.004814
2025-05-01T14:15:36.540000,0.002262
2025-05-01T14:15:36.550000,-0.009119
2025-05-01T14:15:36.560000,-0.013818
2025-05-01T14:15:36.570000,0.010942
2025-05-01T14:15:36.580000,-0.000664
2025-05-01T14:15:36.590000,0.016570
2025-05-01T14:15:36.600000,-0.012060
2025-05-01T14:15:36.610000,0.004181
2025-05-01T14:15:36.620000,-0.004611
2025-05-01T14:15:36.630000,-0.010045
2025-05-01T14:15:36.640000,0.001160
2025-05-01T14:15:36.650000,0.000901
2025-05-01T14:15:36.660000,-0.010399
2025-05-01T14:15:36.670000,-0.004355
2025-05-01T14:15:36.680000,-0.003091
2025-05-01T14:15:36.690000,0.004682
2025-05-01T14:15:36.700000,-0.016283
2025-05-01T14:15:36.710000,0.013718
2025-05-01T14:15:36.720000,0.020645
2025-05-01T14:15:36.730000,0.019376
2025-05-01T14:15:36.740000,0.003089
2025-05-01T14:15:36.750000,-0.005855
2025-05-01T14:15:36.760000,0.017855
2025-05-01T14:15:36.770000,-0.019786
2025-05-01T14:15:36.780000,0.008228
2025-05-01T14:15:36.790000,0.002141
2025-05-01T14:15:36.800000,0.001266
2025-05-01T14:15:36.810000,-0.012900
2025-05-01T14:15:36.820000,-0.003748
2025-05-01T14:15:36.830000,0.001961
2025-05-01T14:15:36.840000,0.002807
2025-05-01T14:15:36.850000,0.012956
2025-05-01T14:15:36.860000,-0.009422
2025-05-01T14:15:36.870000,-0.012440
2025-05-01T14:15:36.880000,-0.009465
2025-05-01T14:15:36.890000,-0.008835
2025-05-01T14:15:36.900000,0.008158
2025-05-01T14:15:36.910000,0.001279
2025-05-01T14:15:36.920000,0.004806
2025-05-01T14:15:36.930000,-0.000756
2025-05-01T14:15:36.940000,0.000604
2025-05-01T14:15:36.950000,-0.015417
2025-05-01T14:15:36.960000,0.004960
2025-05-01T14:15:36.970000,0.000216
2025-05-01T14:15:36.980000,0.004065
2025-05-01T14:15:36.990000,-0.009435
2025-05-01T14:15:37,-0.003086
2025-05-01T14:15:37.010000,-0.007800
2025-05-01T14:15:37.020000,0.031430
2025-05-01T14:15:37.030000,-0.008442
2025-05-01T14:15:37.040000,0.011656
2025-05-01T14:15:37.050000,-0.000711
2025-05-01T14:15:37.060000,-0.008882
2025-05-01T14:15:37.070000,-0.007717
2025-05-01T14:15:37.080000,0.008321
2025-05-01T14:15:37.090000,0.021854
2025-05-01T14:15:37.100000,-0.008829
2025-05-01T14:15:37.110000,-0.005931
2025-05-01T14:15:37.120000,0.006390
2025-05-01T14:15:37.130000,-0.000545
2025-05-01T14:15:37.140000,0.005922
2025-05-01T14:15:37.150000,-0.001618
2025-05-01T14:15:37.160000,-0.007313
2025-05-01T14:15:37.170000,0.004775
2025-05-01T14:15:37.180000,0.002320
2025-05-01T14:15:37.190000,-0.002206
2025-05-01T14:15:37.200000,-0.021175
2025-05-01T14:15:37.210000,-0.014094
2025-05-01T14:15:37.220000,-0.007427
2025-05-01T14:15:37.230000,0.002535
2025-05-01T14:15:37.240000,0.008539
2025-05-01T14:15:37.250000,0.001186
2025-05-01T14:15:37.260000,-0.004930
2025-05-01T14:15:37.270000,-0.006186
2025-05-01T14:15:37.280000,-0.009238
2025-05-01T14:15:37.290000,-0.013635
2025-05-01T14:15:37.300000,0.003898
2025-05-01T14:15:37.310000,0.005594
2025-05-01T14:15:37.320000,0.006760
2025-05-01T14:15:37.330000,0.004576
2025-05-01T14:15:37.340000,0.018450
2025-05-01T14:15:37.350000,-0.011499
2025-05-01T14:15:37.360000,0.016360
2025-05-01T14:15:37.370000,0.014147
2025-05-01T14:15:37.380000,-0.013634
2025-05-01T14:15:37.390000,-0.007130
2025-05-01T14:15:37.400000,-0.018720
2025-05-01T14:15:37.410000,0.006045
2025-05-01T14:15:37.420000,0.006858
2025-05-01T14:15:37.430000,0.000702
2025-05-01T14:15:37.440000,-0.003425
2025-05-01T14:15:37.450000,-0.003197
2025-05-01T14:15:37.460000,0.015151
2025-05-01T14:15:37.470000,-0.001335
2025-05-01T14:15:37.480000,-0.009892
2025-05-01T14:15:37.490000,-0.020624
2025-05-01T14:15:37.500000,0.009138
2025-05-01T14:15:37.510000,-0.001074
2025-05-01T14:15:37.520000,0.001417
2025-05-01T14:15:37.530000,0.003142
2025-05-01T14:15:37.540000,0.000736
2025-05-01T14:15:37.550000,0.012343
2025-05-01T14:15:37.560000,0.001470
2025-05-01T14:15:37.570000,0.010791
2025-05-01T14:15:37.580000,-0.002732
2025-05-01T14:15:37.590000,0.000588
2025-05-01T14:15:37.600000,-0.016678
2025-05-01T14:15:37.610000,-0.016918
2025-05-01T14:15:37.620000,0.001036
2025-05-01T14:15:37.630000,-0.022761
2025-05-01T14:15:37.640000,-0.005267
2025-05-01T14:15:37.650000,0.010995
2025-05-01T14:15:37.660000,0.004042
2025-05-01T14:15:37.670000,-0.004338
2025-05-01T14:15:37.680000,-0.003503
2025-05-01T14:15:37.690000,-0.013888
2025-05-01T14:15:37.700000,-0.003264
2025-05-01T14:15:37.710000,-0.007653
2025-05-01T14:15:37.720000,-0.003626
2025-05-01T14:15:37.730000,0.005600
2025-05-01T14:15:37.740000,0.007663
2025-05-01T14:15:37.750000,-0.002348
2025-05-01T14:15:37.760000,0.005339
2025-05-01T14:15:37.770000,-0.007712
2025-05-01T14:15:37.780000,0.014953
2025-05-01T14:15:37.790000,0.004293
2025-05-01T14:15:37.800000,-0.017770
2025-05-01T14:15:37.810000,0.007656
2025-05-01T14:15:37.820000,0.009005
2025-05-01T14:15:37.830000,-0.000625
2025-05-01T14:15:37.840000,-0.006514
2025-05-01T14:15:37.850000,0.000759
2025-05-01T14:15:37.860000,0.008317
2025-05-01T14:15:37.870000,-0.003802
2025-05-01T14:15:37.880000,0.020577
2025-05-01T14:15:37.890000,0.008987
2025-05-01T14:15:37.900000,0.009228
2025-05-01T14:15:37.910000,0.007895
2025-05-01T14:15:37.920000,0.002300
2025-05-01T14:15:37.930000,-0.002656
2025-05-01T14:15:37.940000,-0.000048
2025-05-01T14:15:37.950000,-0.007322
2025-05-01T14:15:37.960000,0.002147
2025-05-01T14:15:37.970000,-0.000308
2025-05-01T14:15:37.980000,0.005133
2025-05-01T14:15:37.990000,0.013252
2025-05-01T14:15:38,-0.017197
2025-05-01T14:15:38.010000,-0.007034
2025-05-01T14:15:38.020000,-0.000865
2025-05-01T14:15:38.030000,0.021809
2025-05-01T14:15:38.040000,0.014247
2025-05-01T14:15:38.050000,0.004567
2025-05-01T14:15:38.060000,-0.013424
2025-05-01T14:15:38.070000,-0.003613
2025-05-01T14:15:38.080000,0.010594
2025-05-01T14:15:38.090000,0.000878
2025-05-01T14:15:38.100000,0.011746
2025-05-01T14:15:38.110000,-0.002428
2025-05-01T14:15:38.120000,0.013729
2025-05-01T14:15:38.130000,-0.010162
2025-05-01T14:15:38.140000,0.004208
2025-05-01T14:15:38.150000,0.008912
2025-05-01T14:15:38.160000,0.006540
2025-05-01T14:15:38.170000,-0.000911
2025-05-01T14:15:38.180000,0.004672
2025-05-01T14:15:38.190000,0.004282
2025-05-01T14:15:38.200000,-0.013113
2025-05-01T14:15:38.210000,0.019325
2025-05-01T14:15:38.220000,-0.015517
2025-05-01T14:15:38.230000,0.002141
2025-05-01T14:15:38.240000,0.009527
2025-05-01T14:15:38.250000,0.015329
2025-05-01T14:15:38.260000,-0.000300
2025-05-01T14:15:38.270000,0.024303
2025-05-01T14:15:38.280000,-0.001771
2025-05-01T14:15:38.290000,-0.011676
2025-05-01T14:15:38.300000,0.006461
2025-05-01T14:15:38.310000,-0.000713
2025-05-01T14:15:38.320000,0.000883
2025-05-01T14:15:38.330000,0.019081
2025-05-01T14:15:38.340000,-0.022843
2025-05-01T14:15:38.350000,0.000202
2025-05-01T14:15:38.360000,0.020699
2025-05-01T14:15:38.370000,-0.006577
2025-05-01T14:15:38.380000,0.003770
2025-05-01T14:15:38.390000,-0.005393
2025-05-01T14:15:38.400000,0.001471
2025-05-01T14:15:38.410000,-0.013042
2025-05-01T14:15:38.420000,0.011639
2025-05-01T14:15:38.430000,0.002314
2025-05-01T14:15:38.440000,0.006060
2025-05-01T14:15:38.450000,0.010968
2025-05-01T14:15:38.460000,0.007156
2025-05-01T14:15:38.470000,-0.004785
2025-05-01T14:15:38.480000,0.014664
2025-05-01T14:15:38.490000,0.003788
2025-05-01T14:15:38.500000,0.002570
2025-05-01T14:15:38.510000,-0.006311
2025-05-01T14:15:38.520000,0.002805
2025-05-01T14:15:38.530000,-0.008834
2025-05-01T14:15:38.540000,-0.001788
2025-05-01T14:15:38.550000,0.013505
2025-05-01T14:15:38.560000,0.002604
2025-05-01T14:15:38.570000,0.022450
2025-05-01T14:15:38.580000,-0.004817
2025-05-01T14:15:38.590000,0.017115
2025-05-01T14:15:38.600000,0.001232
2025-05-01T14:15:38.610000,0.005725
2025-05-01T14:15:38.620000,0.001290
2025-05-01T14:15:38.630000,0.009427
2025-05-01T14:15:38.640000,-0.019927
2025-05-01T14:15:38.650000,0.003526
2025-05-01T14:15:38.660000,0.005560
2025-05-01T14:15:38.670000,-0.008836
2025-05-01T14:15:38.680000,-0.019682
2025-05-01T14:15:38.690000,0.007472
2025-05-01T14:15:38.700000,0.016899
2025-05-01T14:15:38.710000,0.008879
2025-05-01T14:15:38.720000,0.011571
2025-05-01T14:15:38.730000,-0.024898
2025-05-01T14:15:38.740000,-0.003074
2025-05-01T14:15:38.750000,-0.009644
2025-05-01T14:15:38.760000,0.001253
2025-05-01T14:15:38.770000,0.007544
2025-05-01T14:15:38.780000,0.012235
2025-05-01T14:15:38.790000,0.003191
2025-05-01T14:15:38.800000,0.005443
2025-05-01T14:15:38.810000,0.003790
2025-05-01T14:15:38.820000,0.006567
2025-05-01T14:15:38.830000,0.002796
2025-05-01T14:15:38.840000,0.004972
2025-05-01T14:15:38.850000,-0.009019
2025-05-01T14:15:38.860000,0.002286
2025-05-01T14:15:38.870000,0.003282
2025-05-01T14:15:38.880000,0.001496
2025-05-01T14:15:38.890000,0.009986
2025-05-01T14:15:38.900000,-0.000222
2025-05-01T14:15:38.910000,-0.008438
2025-05-01T14:15:38.920000,-0.008337
2025-05-01T14:15:38.930000,-0.009698
2025-05-01T14:15:38.940000,-0.014767
2025-05-01T14:15:38.950000,-0.013606
2025-05-01T14:15:38.960000,0.000696
2025-05-01T14:15:38.970000,0.006944
2025-05-01T14:15:38.980000,-0.008178
2025-05-01T14:15:38.990000,-0.000625
2025-05-01T14:15:39,0.002218
2025-05-01T14:15:39.010000,-0.020149
2025-05-01T14:15:39.020000,-0.005528
2025-05-01T14:15:39.030000,0.006567
2025-05-01T14:15:39.040000,-0.003184
2025-05-01T14:15:39.050000,0.021063
2025-05-01T14:15:39.060000,0.002779
2025-05-01T14:15:39.070000,-0.000034
2025-05-01T14:15:39.080000,0.005725
2025-05-01T14:15:39.090000,-0.017000
2025-05-01T14:15:39.100000,-0.004281
2025-05-01T14:15:39.110000,-0.004586
2025-05-01T14:15:39.120000,0.006792
2025-05-01T14:15:39.130000,-0.012922
2025-05-01T14:15:39.140000,0.006899
2025-05-01T14:15:39.150000,-0.015467
2025-05-01T14:15:39.160000,-0.010290
2025-05-01T14:15:39.170000,0.011370
2025-05-01T14:15:39.180000,-0.002395
2025-05-01T14:15:39.190000,-0.006987
2025-05-01T14:15:39.200000,0.004403
2025-05-01T14:15:39.210000,0.006421
2025-05-01T14:15:39.220000,0.000044
2025-05-01T14:15:39.230000,0.006469
2025-05-01T14:15:39.240000,-0.001885
2025-05-01T14:15:39.250000,-0.025718
2025-05-01T14:15:39.260000,-0.004301
2025-05-01T14:15:39.270000,-0.027655
2025-05-01T14:15:39.280000,0.021565
2025-05-01T14:15:39.290000,0.005678
2025-05-01T14:15:39.300000,-0.000860
2025-05-01T14:15:39.310000,0.000687
2025-05-01T14:15:39.320000,-0.016261
2025-05-01T14:15:39.330000,0.002678
2025-05-01T14:15:39.340000,0.020081
2025-05-01T14:15:39.350000,-0.001117
2025-05-01T14:15:39.360000,0.007877
2025-05-01T14:15:39.370000,0.007931
2025-05-01T14:15:39.380000,0.004601
2025-05-01T14:15:39.390000,0.006868
2025-05-01T14:15:39.400000,0.001485
2025-05-01T14:15:39.410000,0.020907
2025-05-01T14:15:39.420000,0.011082
2025-05-01T14:15:39.430000,-0.012362
2025-05-01T14:15:39.440000,-0.005242
2025-05-01T14:15:39.450000,0.011526
2025-05-01T14:15:39.460000,-0.001033
2025-05-01T14:15:39.470000,0.003898
2025-05-01T14:15:39.480000,0.002967
2025-05-01T14:15:39.490000,0.012271
2025-05-01T14:15:39.500000,-0.002414
2025-05-01T14:15:39.510000,-0.003645
2025-05-01T14:15:39.520000,-0.012991
2025-05-01T14:15:39.530000,-0.020632
2025-05-01T14:15:39.540000,0.014889
2025-05-01T14:15:39.550000,0.015378
2025-05-01T14:15:39.560000,0.003639
2025-05-01T14:15:39.570000,0.004188
2025-05-01T14:15:39.580000,0.000329
2025-05-01T14:15:39.590000,-0.003469
2025-05-01T14:15:39.600000,0.001991
2025-05-01T14:15:39.610000,0.010207
2025-05-01T14:15:39.620000,-0.013063
2025-05-01T14:15:39.630000,0.009194
2025-05-01T14:15:39.640000,0.026024
2025-05-01T14:15:39.650000,-0.008548
2025-05-01T14:15:39.660000,-0.005787
2025-05-01T14:15:39.670000,-0.000916
2025-05-01T14:15:39.680000,-0.007774
2025-05-01T14:15:39.690000,-0.017415
2025-05-01T14:15:39.700000,0.012352
2025-05-01T14:15:39.710000,0.004617
2025-05-01T14:15:39.720000,0.004948
2025-05-01T14:15:39.730000,0.013064
2025-05-01T14:15:39.740000,-0.006144
2025-05-01T14:15:39.750000,0.009847
2025-05-01T14:15:39.760000,0.016644
2025-05-01T14:15:39.770000,-0.006858
2025-05-01T14:15:39.780000,-0.004148
2025-05-01T14:15:39.790000,0.000802
2025-05-01T14:15:39.800000,-0.017710
2025-05-01T14:15:39.810000,0.000522
2025-05-01T14:15:39.820000,-0.001504
2025-05-01T14:15:39.830000,-0.005012
2025-05-01T14:15:39.840000,-0.002174
2025-05-01T14:15:39.850000,-0.005718
2025-05-01T14:15:39.860000,-0.006883
2025-05-01T14:15:39.870000,0.008797
2025-05-01T14:15:39.880000,-0.000543
2025-05-01T14:15:39.890000,0.003092
2025-05-01T14:15:39.900000,0.000117
2025-05-01T14:15:39.910000,-0.015225
2025-05-01T14:15:39.920000,0.008227
2025-05-01T14:15:39.930000,0.013145
2025-05-01T14:15:39.940000,-0.005636
2025-05-01T14:15:39.950000,-0.006402
2025-05-01T14:15:39.960000,0.001188
2025-05-01T14:15:39.970000,0.014928
2025-05-01T14:15:39.980000,-0.001818
2025-05-01T14:15:39.990000,-0.004246
2025-05-01T14:15:40,0.007354
2025-05-01T14:15:40.010000,-0.006471
2025-05-01T14:15:40.020000,0.005527
2025-05-01T14:15:40.030000,-0.012165
2025-05-01T14:15:40.040000,0.009088
2025-05-01T14:15:40.050000,-0.013279
2025-05-01T14:15:40.060000,-0.005720
2025-05-01T14:15:40.070000,0.001333
2025-05-01T14:15:40.080000,-0.001117
2025-05-01T14:15:40.090000,-0.004073
2025-05-01T14:15:40.100000,0.016550
2025-05-01T14:15:40.110000,0.000762
2025-05-01T14:15:40.120000,0.007299
2025-05-01T14:15:40.130000,-0.002554
2025-05-01T14:15:40.140000,-0.010614
2025-05-01T14:15:40.150000,-0.002437
2025-05-01T14:15:40.160000,0.004036
2025-05-01T14:15:40.170000,-0.007591
2025-05-01T14:15:40.180000,0.009392
2025-05-01T14:15:40.190000,-0.019713
2025-05-01T14:15:40.200000,-0.004179
2025-05-01T14:15:40.210000,0.001171
2025-05-01T14:15:40.220000,0.019444
2025-05-01T14:15:40.230000,-0.015626
2025-05-01T14:15:40.240000,-0.000460
2025-05-01T14:15:40.250000,0.009949
2025-05-01T14:15:40.260000,-0.001816
2025-05-01T14:15:40.270000,-0.000048
2025-05-01T14:15:40.280000,-0.000199
2025-05-01T14:15:40.290000,-0.005712
2025-05-01T14:15:40.300000,-0.018236
2025-05-01T14:15:40.310000,-0.001789
2025-05-01T14:15:40.320000,0.012393
2025-05-01T14:15:40.330000,-0.011214
2025-05-01T14:15:40.340000,-0.003815
2025-05-01T14:15:40.350000,0.001818
2025-05-01T14:15:40.360000,-0.008803
2025-05-01T14:15:40.370000,-0.011176
2025-05-01T14:15:40.380000,-0.013821
2025-05-01T14:15:40.390000,0.007114
2025-05-01T14:15:40.400000,0.002773
2025-05-01T14:15:40.410000,0.008118
2025-05-01T14:15:40.420000,0.009930
2025-05-01T14:15:40.430000,-0.002357
2025-05-01T14:15:40.440000,0.002046
2025-05-01T14:15:40.450000,0.009899
2025-05-01T14:15:40.460000,-0.004093
2025-05-01T14:15:40.470000,-0.006691
2025-05-01T14:15:40.480000,-0.024895
2025-05-01T14:15:40.490000,0.000052
2025-05-01T14:15:40.500000,0.012951
2025-05-01T14:15:40.510000,0.012866
2025-05-01T14:15:40.520000,0.010583
2025-05-01T14:15:40.530000,0.007969
2025-05-01T14:15:40.540000,-0.014565
2025-05-01T14:15:40.550000,-0.010018
2025-05-01T14:15:40.560000,0.005819
2025-05-01T14:15:40.570000,0.011666
2025-05-01T14:15:40.580000,-0.010380
2025-05-01T14:15:40.590000,0.004558
2025-05-01T14:15:40.600000,-0.007587
2025-05-01T14:15:40.610000,-0.014268
2025-05-01T14:15:40.620000,-0.005816
2025-05-01T14:15:40.630000,0.003221
2025-05-01T14:15:40.640000,0.009072
2025-05-01T14:15:40.650000,0.017283
2025-05-01T14:15:40.660000,-0.000079
2025-05-01T14:15:40.670000,-0.002825
2025-05-01T14:15:40.680000,0.002593
2025-05-01T14:15:40.690000,-0.003937
2025-05-01T14:15:40.700000,0.008400
2025-05-01T14:15:40.710000,-0.003363
2025-05-01T14:15:40.720000,-0.004763
2025-05-01T14:15:40.730000,0.005179
2025-05-01T14:15:40.740000,-0.003221
2025-05-01T14:15:40.750000,-0.008344
2025-05-01T14:15:40.760000,0.006138
2025-05-01T14:15:40.770000,-0.002950
2025-05-01T14:15:40.780000,-0.005917
2025-05-01T14:15:40.790000,0.002009
2025-05-01T14:15:40.800000,0.004118
2025-05-01T14:15:40.810000,0.003440
2025-05-01T14:15:40.820000,-0.006979
2025-05-01T14:15:40.830000,0.009935
2025-05-01T14:15:40.840000,0.004821
2025-05-01T14:15:40.850000,0.008978
2025-05-01T14:15:40.860000,0.000534
2025-05-01T14:15:40.870000,0.017675
2025-05-01T14:15:40.880000,-0.003786
2025-05-01T14:15:40.890000,0.026224
2025-05-01T14:15:40.900000,0.002516
2025-05-01T14:15:40.910000,-0.002101
2025-05-01T14:15:40.920000,-0.009583
2025-05-01T14:15:40.930000,-0.003748
2025-05-01T14:15:40.940000,-0.003467
2025-05-01T14:15:40.950000,0.014090
2025-05-01T14:15:40.960000,-0.004355
2025-05-01T14:15:40.970000,0.003586
2025-05-01T14:15:40.980000,-0.010704
2025-05-01T14:15:40.990000,-0.000335
2025-05-01T14:15:41,-0.016616
2025-05-01T14:15:41.010000,-0.008183
2025-05-01T14:15:41.020000,0.008186
2025-05-01T14:15:41.030000,-0.004279
2025-05-01T14:15:41.040000,-0.015562
2025-05-01T14:15:41.050000,0.004248
2025-05-01T14:15:41.060000,0.001173
2025-05-01T14:15:41.070000,-0.008948
2025-05-01T14:15:41.080000,0.009850
2025-05-01T14:15:41.090000,-0.003824
2025-05-01T14:15:41.100000,-0.007332
2025-05-01T14:15:41.110000,-0.001642
2025-05-01T14:15:41.120000,-0.004019
2025-05-01T14:15:41.130000,-0.005711
2025-05-01T14:15:41.140000,0.005489
2025-05-01T14:15:41.150000,-0.010574
2025-05-01T14:15:41.160000,0.004944
2025-05-01T14:15:41.170000,0.000741
2025-05-01T14:15:41.180000,-0.015005
2025-05-01T14:15:41.190000,0.002958
2025-05-01T14:15:41.200000,0.000553
2025-05-01T14:15:41.210000,0.002156
2025-05-01T14:15:41.220000,0.011349
2025-05-01T14:15:41.230000,0.019470
2025-05-01T14:15:41.240000,-0.010821
2025-05-01T14:15:41.250000,-0.021550
2025-05-01T14:15:41.260000,0.009376
2025-05-01T14:15:41.270000,0.013843
2025-05-01T14:15:41.280000,-0.006232
2025-05-01T14:15:41.290000,-0.001813
2025-05-01T14:15:41.300000,0.005818
2025-05-01T14:15:41.310000,0.024356
2025-05-01T14:15:41.320000,0.001189
2025-05-01T14:15:41.330000,0.007143
2025-05-01T14:15:41.340000,0.018027
2025-05-01T14:15:41.350000,-0.010898
2025-05-01T14:15:41.360000,0.003851
2025-05-01T14:15:41.370000,-0.005197
2025-05-01T14:15:41.380000,0.008529
2025-05-01T14:15:41.390000,-0.005400
2025-05-01T14:15:41.400000,0.002412
2025-05-01T14:15:41.410000,-0.000766
2025-05-01T14:15:41.420000,0.001280
2025-05-01T14:15:41.430000,-0.003970
2025-05-01T14:15:41.440000,-0.008626
2025-05-01T14:15:41.450000,-0.001850
2025-05-01T14:15:41.460000,0.021289
2025-05-01T14:15:41.470000,-0.003441
2025-05-01T14:15:41.480000,0.011291
2025-05-01T14:15:41.490000,-0.018177
2025-05-01T14:15:41.500000,-0.016387
2025-05-01T14:15:41.510000,0.003537
2025-05-01T14:15:41.520000,0.004677
2025-05-01T14:15:41.530000,0.000216
2025-05-01T14:15:41.540000,0.001585
2025-05-01T14:15:41.550000,0.001168
2025-05-01T14:15:41.560000,-0.007245
2025-05-01T14:15:41.570000,-0.011918
2025-05-01T14:15:41.580000,0.001678
2025-05-01T14:15:41.590000,0.001441
2025-05-01T14:15:41.600000,-0.011316
2025-05-01T14:15:41.610000,-0.007902
2025-05-01T14:15:41.620000,0.009538
2025-05-01T14:15:41.630000,-0.000240
2025-05-01T14:15:41.640000,0.007235
2025-05-01T14:15:41.650000,0.004152
2025-05-01T14:15:41.660000,0.010078
2025-05-01T14:15:41.670000,0.005518
2025-05-01T14:15:41.680000,0.001804
2025-05-01T14:15:41.690000,0.008575
2025-05-01T14:15:41.700000,0.012816
2025-05-01T14:15:41.710000,-0.018517
2025-05-01T14:15:41.720000,0.028012
2025-05-01T14:15:41.730000,-0.002444
2025-05-01T14:15:41.740000,0.004042
2025-05-01T14:15:41.750000,0.008986
2025-05-01T14:15:41.760000,-0.016339
2025-05-01T14:15:41.770000,-0.005882
2025-05-01T14:15:41.780000,0.003265
2025-05-01T14:15:41.790000,-0.005468
2025-05-01T14:15:41.800000,0.000610
2025-05-01T14:15:41.810000,-0.010383
2025-05-01T14:15:41.820000,0.003820
2025-05-01T14:15:41.830000,-0.005572
2025-05-01T14:15:41.840000,0.010999
2025-05-01T14:15:41.850000,0.017376
2025-05-01T14:15:41.860000,0.015366
2025-05-01T14:15:41.870000,0.008387
2025-05-01T14:15:41.880000,0.014268
2025-05-01T14:15:41.890000,-0.008301
2025-05-01T14:15:41.900000,0.018969
2025-05-01T14:15:41.910000,-0.014155
2025-05-01T14:15:41.920000,-0.000461
2025-05-01T14:15:41.930000,-0.013968
2025-05-01T14:15:41.940000,0.001712
2025-05-01T14:15:41.950000,0.015364
2025-05-01T14:15:41.960000,-0.000845
2025-05-01T14:15:41.970000,-0.007867
2025-05-01T14:15:41.980000,-0.009225
2025-05-01T14:15:41.990000,-0.000144
2025-05-01T14:15:42,0.001035
2025-05-01T14:15:42.010000,0.002388
2025-05-01T14:15:42.020000,0.011929
2025-05-01T14:15:42.030000,-0.005941
2025-05-01T14:15:42.040000,0.005940
2025-05-01T14:15:42.050000,-0.003101
2025-05-01T14:15:42.060000,0.000312
2025-05-01T14:15:42.070000,0.008254
2025-05-01T14:15:42.080000,0.006073
2025-05-01T14:15:42.090000,-0.002386
2025-05-01T14:15:42.100000,0.005360
2025-05-01T14:15:42.110000,0.000087
2025-05-01T14:15:42.120000,-0.014584
2025-05-01T14:15:42.130000,-0.003051
2025-05-01T14:15:42.140000,0.003881
2025-05-01T14:15:42.150000,0.012001
2025-05-01T14:15:42.160000,0.016975
2025-05-01T14:15:42.170000,-0.010699
2025-05-01T14:15:42.180000,-0.017927
2025-05-01T14:15:42.190000,0.003274
2025-05-01T14:15:42.200000,0.013512
2025-05-01T14:15:42.210000,-0.005930
2025-05-01T14:15:42.220000,0.002334
2025-05-01T14:15:42.230000,-0.000066
2025-05-01T14:15:42.240000,-0.013912
2025-05-01T14:15:42.250000,0.000300
2025-05-01T14:15:42.260000,0.005631
2025-05-01T14:15:42.270000,0.006242
2025-05-01T14:15:42.280000,-0.001058
2025-05-01T14:15:42.290000,-0.001688
2025-05-01T14:15:42.300000,0.016392
2025-05-01T14:15:42.310000,-0.012525
2025-05-01T14:15:42.320000,0.009009
2025-05-01T14:15:42.330000,0.016932
2025-05-01T14:15:42.340000,-0.019122
2025-05-01T14:15:42.350000,0.009104
2025-05-01T14:15:42.360000,-0.016708
2025-05-01T14:15:42.370000,-0.011873
2025-05-01T14:15:42.380000,0.021463
2025-05-01T14:15:42.390000,0.007979
2025-05-01T14:15:42.400000,0.000418
2025-05-01T14:15:42.410000,0.009879
2025-05-01T14:15:42.420000,0.019058
2025-05-01T14:15:42.430000,-0.010022
2025-05-01T14:15:42.440000,-0.013939
2025-05-01T14:15:42.450000,-0.010778
2025-05-01T14:15:42.460000,-0.009139
2025-05-01T14:15:42.470000,0.006747
2025-05-01T14:15:42.480000,-0.006668
2025-05-01T14:15:42.490000,0.014848
2025-05-01T14:15:42.500000,0.000994
2025-05-01T14:15:42.510000,0.001662
2025-05-01T14:15:42.520000,-0.004841
2025-05-01T14:15:42.530000,-0.007813
2025-05-01T14:15:42.540000,-0.000216
2025-05-01T14:15:42.550000,0.006120
2025-05-01T14:15:42.560000,-0.001362
2025-05-01T14:15:42.570000,-0.015769
2025-05-01T14:15:42.580000,0.027121
2025-05-01T14:15:42.590000,-0.013823
2025-05-01T14:15:42.600000,0.014990
2025-05-01T14:15:42.610000,-0.010899
2025-05-01T14:15:42.620000,0.006066
2025-05-01T14:15:42.630000,0.006011
2025-05-01T14:15:42.640000,-0.005703
2025-05-01T14:15:42.650000,-0.000696
2025-05-01T14:15:42.660000,-0.018184
2025-05-01T14:15:42.670000,0.011627
2025-05-01T14:15:42.680000,0.010154
2025-05-01T14:15:42.690000,-0.001162
2025-05-01T14:15:42.700000,-0.000380
2025-05-01T14:15:42.710000,0.010912
2025-05-01T14:15:42.720000,-0.014329
2025-05-01T14:15:42.730000,-0.002172
2025-05-01T14:15:42.740000,0.000582
2025-05-01T14:15:42.750000,0.027433
2025-05-01T14:15:42.760000,0.011332
2025-05-01T14:15:42.770000,0.023368
2025-05-01T14:15:42.780000,0.011404
2025-05-01T14:15:42.790000,-0.004658
2025-05-01T14:15:42.800000,0.001639
2025-05-01T14:15:42.810000,-0.002082
2025-05-01T14:15:42.820000,-0.012755
2025-05-01T14:15:42.830000,-0.002476
2025-05-01T14:15:42.840000,-0.012875
2025-05-01T14:15:42.850000,0.000947
2025-05-01T14:15:42.860000,-0.020460
2025-05-01T14:15:42.870000,-0.015863
2025-05-01T14:15:42.880000,0.001573
2025-05-01T14:15:42.890000,-0.005504
2025-05-01T14:15:42.900000,0.015037
2025-05-01T14:15:42.910000,-0.008409
2025-05-01T14:15:42.920000,0.003130
2025-05-01T14:15:42.930000,0.005431
2025-05-01T14:15:42.940000,0.003701
2025-05-01T14:15:42.950000,-0.001845
2025-05-01T14:15:42.960000,-0.012019
2025-05-01T14:15:42.970000,-0.000267
2025-05-01T14:15:42.980000,-0.003987
2025-05-01T14:15:42.990000,0.007132
2025-05-01T14:15:43,0.013767
2025-05-01T14:15:43.010000,0.002276
2025-05-01T14:15:43.020000,0.001273
2025-05-01T14:15:43.030000,-0.003212
2025-05-01T14:15:43.040000,-0.003686
2025-05-01T14:15:43.050000,-0.007808
2025-05-01T14:15:43.060000,0.003998
2025-05-01T14:15:43.070000,0.006473
2025-05-01T14:15:43.080000,0.004874
2025-05-01T14:15:43.090000,-0.015360
2025-05-01T14:15:43.100000,0.003300
2025-05-01T14:15:43.110000,-0.011590
2025-05-01T14:15:43.120000,-0.010598
2025-05-01T14:15:43.130000,0.001949
2025-05-01T14:15:43.140000,-0.004236
2025-05-01T14:15:43.150000,0.010265
2025-05-01T14:15:43.160000,0.001815
2025-05-01T14:15:43.170000,0.003613
2025-05-01T14:15:43.180000,0.007037
2025-05-01T14:15:43.190000,-0.004466
2025-05-01T14:15:43.200000,-0.000438
2025-05-01T14:15:43.210000,0.018684
2025-05-01T14:15:43.220000,0.001371
2025-05-01T14:15:43.230000,0.009467
2025-05-01T14:15:43.240000,-0.002063
2025-05-01T14:15:43.250000,0.004927
2025-05-01T14:15:43.260000,0.001777
2025-05-01T14:15:43.270000,-0.008875
2025-05-01T14:15:43.280000,0.011933
2025-05-01T14:15:43.290000,-0.005885
2025-05-01T14:15:43.300000,0.001268
2025-05-01T14:15:43.310000,-0.001787
2025-05-01T14:15:43.320000,-0.014353
2025-05-01T14:15:43.330000,-0.001182
2025-05-01T14:15:43.340000,-0.000704
2025-05-01T14:15:43.350000,-0.005816
2025-05-01T14:15:43.360000,0.000413
2025-05-01T14:15:43.370000,0.005855
2025-05-01T14:15:43.380000,0.005074
2025-05-01T14:15:43.390000,0.000964
2025-05-01T14:15:43.400000,0.007171
2025-05-01T14:15:43.410000,-0.006937
2025-05-01T14:15:43.420000,-0.003392
2025-05-01T14:15:43.430000,0.017114
2025-05-01T14:15:43.440000,0.006624
2025-05-01T14:15:43.450000,0.005261
2025-05-01T14:15:43.460000,-0.010592
2025-05-01T14:15:43.470000,-0.006603
2025-05-01T14:15:43.480000,0.005413
2025-05-01T14:15:43.490000,-0.002673
2025-05-01T14:15:43.500000,-0.009486
2025-05-01T14:15:43.510000,-0.000803
2025-05-01T14:15:43.520000,-0.011250
2025-05-01T14:15:43.530000,0.001470
2025-05-01T14:15:43.540000,-0.029531
2025-05-01T14:15:43.550000,0.001456
2025-05-01T14:15:43.560000,-0.004976
2025-05-01T14:15:43.570000,-0.016222
2025-05-01T14:15:43.580000,0.000868
2025-05-01T14:15:43.590000,-0.016643
2025-05-01T14:15:43.600000,0.015376
2025-05-01T14:15:43.610000,-0.004642
2025-05-01T14:15:43.620000,0.003624
2025-05-01T14:15:43.630000,-0.012965
2025-05-01T14:15:43.640000,-0.013809
2025-05-01T14:15:43.650000,-0.002682
2025-05-01T14:15:43.660000,-0.003023
2025-05-01T14:15:43.670000,-0.001839
2025-05-01T14:15:43.680000,0.002557
2025-05-01T14:15:43.690000,0.011694
2025-05-01T14:15:43.700000,-0.004144
2025-05-01T14:15:43.710000,0.005040
2025-05-01T14:15:43.720000,0.029459
2025-05-01T14:15:43.730000,0.017365
2025-05-01T14:15:43.740000,-0.010087
2025-05-01T14:15:43.750000,0.000417
2025-05-01T14:15:43.760000,-0.010262
2025-05-01T14:15:43.770000,0.007390
2025-05-01T14:15:43.780000,-0.006050
2025-05-01T14:15:43.790000,0.003501
2025-05-01T14:15:43.800000,-0.009698
2025-05-01T14:15:43.810000,-0.003420
2025-05-01T14:15:43.820000,-0.001863
2025-05-01T14:15:43.830000,0.008711
2025-05-01T14:15:43.840000,0.002058
2025-05-01T14:15:43.850000,0.004239
2025-05-01T14:15:43.860000,0.008753
2025-05-01T14:15:43.870000,-0.001605
2025-05-01T14:15:43.880000,-0.024820
2025-05-01T14:15:43.890000,-0.007162
2025-05-01T14:15:43.900000,0.002015
2025-05-01T14:15:43.910000,-0.001032
2025-05-01T14:15:43.920000,-0.013039
2025-05-01T14:15:43.930000,-0.008936
2025-05-01T14:15:43.940000,-0.007449
2025-05-01T14:15:43.950000,-0.006784
2025-05-01T14:15:43.960000,-0.006942
2025-05-01T14:15:43.970000,0.011195
2025-05-01T14:15:43.980000,0.000431
2025-05-01T14:15:43.990000,0.009912
2025-05-01T14:15:44,-0.005268
2025-05-01T14:15:44.010000,-0.008250
2025-05-01T14:15:44.020000,-0.009321
2025-05-01T14:15:44.030000,0.015988
2025-05-01T14:15:44.040000,0.002134
2025-05-01T14:15:44.050000,0.001919
2025-05-01T14:15:44.060000,0.006638
2025-05-01T14:15:44.070000,-0.004572
2025-05-01T14:15:44.080000,-0.001087
2025-05-01T14:15:44.090000,0.001498
2025-05-01T14:15:44.100000,0.009453
2025-05-01T14:15:44.110000,-0.008293
2025-05-01T14:15:44.120000,-0.017896
2025-05-01T14:15:44.130000,-0.012393
2025-05-01T14:15:44.140000,-0.002464
2025-05-01T14:15:44.150000,-0.008069
2025-05-01T14:15:44.160000,-0.008289
2025-05-01T14:15:44.170000,-0.003923
2025-05-01T14:15:44.180000,0.010194
2025-05-01T14:15:44.190000,0.028980
2025-05-01T14:15:44.200000,0.011695
2025-05-01T14:15:44.210000,0.005958
2025-05-01T14:15:44.220000,0.007344
2025-05-01T14:15:44.230000,0.012069
2025-05-01T14:15:44.240000,0.001113
2025-05-01T14:15:44.250000,0.002584
2025-05-01T14:15:44.260000,0.000487
2025-05-01T14:15:44.270000,-0.009839
2025-05-01T14:15:44.280000,0.004042
2025-05-01T14:15:44.290000,0.015974
2025-05-01T14:15:44.300000,0.011473
2025-05-01T14:15:44.310000,0.001462
2025-05-01T14:15:44.320000,-0.002987
2025-05-01T14:15:44.330000,0.004022
2025-05-01T14:15:44.340000,0.002897
2025-05-01T14:15:44.350000,0.007476
2025-05-01T14:15:44.360000,0.002445
2025-05-01T14:15:44.370000,-0.008822
2025-05-01T14:15:44.380000,-0.020636
2025-05-01T14:15:44.390000,-0.012084
2025-05-01T14:15:44.400000,-0.006495
2025-05-01T14:15:44.410000,-0.001683
2025-05-01T14:15:44.420000,-0.012076
2025-05-01T14:15:44.430000,0.024112
2025-05-01T14:15:44.440000,-0.007803
2025-05-01T14:15:44.450000,0.013101
2025-05-01T14:15:44.460000,-0.010874
2025-05-01T14:15:44.470000,0.003901
2025-05-01T14:15:44.480000,0.001228
2025-05-01T14:15:44.490000,0.006695
2025-05-01T14:15:44.500000,-0.002112
2025-05-01T14:15:44.510000,-0.010220
2025-05-01T14:15:44.520000,-0.004435
2025-05-01T14:15:44.530000,-0.010039
2025-05-01T14:15:44.540000,-0.003770
2025-05-01T14:15:44.550000,-0.002800
2025-05-01T14:15:44.560000,-0.000674
2025-05-01T14:15:44.570000,-0.002472
2025-05-01T14:15:44.580000,-0.005649
2025-05-01T14:15:44.590000,-0.023265
2025-05-01T14:15:44.600000,-0.005179
2025-05-01T14:15:44.610000,-0.025492
2025-05-01T14:15:44.620000,0.000662
2025-05-01T14:15:44.630000,0.011268
2025-05-01T14:15:44.640000,-0.003020
2025-05-01T14:15:44.650000,0.002771
2025-05-01T14:15:44.660000,-0.003631
2025-05-01T14:15:44.670000,-0.012377
2025-05-01T14:15:44.680000,-0.016624
2025-05-01T14:15:44.690000,-0.008363
2025-05-01T14:15:44.700000,-0.002315
2025-05-01T14:15:44.710000,0.008879
2025-05-01T14:15:44.720000,-0.002279
2025-05-01T14:15:44.730000,-0.002322
2025-05-01T14:15:44.740000,0.007441
2025-05-01T14:15:44.750000,-0.014416
2025-05-01T14:15:44.760000,0.003531
2025-05-01T14:15:44.770000,0.004779
2025-05-01T14:15:44.780000,0.007911
2025-05-01T14:15:44.790000,0.011676
2025-05-01T14:15:44.800000,-0.018266
2025-05-01T14:15:44.810000,0.002029
2025-05-01T14:15:44.820000,0.004455
2025-05-01T14:15:44.830000,-0.012181
2025-05-01T14:15:44.840000,-0.004238
2025-05-01T14:15:44.850000,-0.008261
2025-05-01T14:15:44.860000,-0.021205
2025-05-01T14:15:44.870000,0.000693
2025-05-01T14:15:44.880000,0.009479
2025-05-01T14:15:44.890000,-0.006892
2025-05-01T14:15:44.900000,0.002795
2025-05-01T14:15:44.910000,0.000568
2025-05-01T14:15:44.920000,0.006294
2025-05-01T14:15:44.930000,0.017366
2025-05-01T14:15:44.940000,-0.005546
2025-05-01T14:15:44.950000,0.002003
2025-05-01T14:15:44.960000,-0.010645
2025-05-01T14:15:44.970000,-0.008909
2025-05-01T14:15:44.980000,-0.002085
2025-05-01T14:15:44.990000,0.008469
2025-05-01T14:15:45,0.009800
2025-05-01T14:15:45.010000,-0.007291
2025-05-01T14:15:45.020000,0.000932
2025-05-01T14:15:45.030000,0.001838
2025-05-01T14:15:45.040000,0.005517
2025-05-01T14:15:45.050000,-0.004856
2025-05-01T14:15:45.060000,-0.005356
2025-05-01T14:15:45.070000,0.010627
2025-05-01T14:15:45.080000,-0.003828
2025-05-01T14:15:45.090000,-0.017601
2025-05-01T14:15:45.100000,-0.004863
2025-05-01T14:15:45.110000,0.004396
2025-05-01T14:15:45.120000,0.004207
2025-05-01T14:15:45.130000,0.002510
2025-05-01T14:15:45.140000,0.004386
2025-05-01T14:15:45.150000,-0.002980
2025-05-01T14:15:45.160000,-0.011761
2025-05-01T14:15:45.170000,-0.003799
2025-05-01T14:15:45.180000,-0.002384
2025-05-01T14:15:45.190000,0.010007
2025-05-01T14:15:45.200000,-0.009889
2025-05-01T14:15:45.210000,-0.002586
2025-05-01T14:15:45.220000,-0.010272
2025-05-01T14:15:45.230000,0.019410
2025-05-01T14:15:45.240000,-0.005420
2025-05-01T14:15:45.250000,-0.005954
2025-05-01T14:15:45.260000,0.010719
2025-05-01T14:15:45.270000,-0.019245
2025-05-01T14:15:45.280000,0.000362
2025-05-01T14:15:45.290000,-0.012363
2025-05-01T14:15:45.300000,0.005395
2025-05-01T14:15:45.310000,0.013577
2025-05-01T14:15:45.320000,0.004857
2025-05-01T14:15:45.330000,0.006389
2025-05-01T14:15:45.340000,0.006813
2025-05-01T14:15:45.350000,0.007415
2025-05-01T14:15:45.360000,0.014479
2025-05-01T14:15:45.370000,0.003052
2025-05-01T14:15:45.380000,0.008306
2025-05-01T14:15:45.390000,-0.020683
2025-05-01T14:15:45.400000,-0.001213
2025-05-01T14:15:45.410000,0.007605
2025-05-01T14:15:45.420000,-0.012344
2025-05-01T14:15:45.430000,-0.000045
2025-05-01T14:15:45.440000,-0.004945
2025-05-01T14:15:45.450000,0.002519
2025-05-01T14:15:45.460000,0.001422
2025-05-01T14:15:45.470000,-0.015073
2025-05-01T14:15:45.480000,0.001419
2025-05-01T14:15:45.490000,0.006343
2025-05-01T14:15:45.500000,0.004479
2025-05-01T14:15:45.510000,-0.008126
2025-05-01T14:15:45.520000,0.019413
2025-05-01T14:15:45.530000,-0.001180
2025-05-01T14:15:45.540000,-0.001252
2025-05-01T14:15:45.550000,-0.007591
2025-05-01T14:15:45.560000,0.009075
2025-05-01T14:15:45.570000,-0.001798
2025-05-01T14:15:45.580000,0.013888
2025-05-01T14:15:45.590000,-0.010609
2025-05-01T14:15:45.600000,-0.004682
2025-05-01T14:15:45.610000,-0.007087
2025-05-01T14:15:45.620000,0.007312
2025-05-01T14:15:45.630000,0.013799
2025-05-01T14:15:45.640000,0.002879
2025-05-01T14:15:45.650000,-0.007069
2025-05-01T14:15:45.660000,0.004048
2025-05-01T14:15:45.670000,-0.004143
2025-05-01T14:15:45.680000,0.007309
2025-05-01T14:15:45.690000,0.002363
2025-05-01T14:15:45.700000,-0.003113
2025-05-01T14:15:45.710000,0.012797
2025-05-01T14:15:45.720000,0.000655
2025-05-01T14:15:45.730000,-0.006109
2025-05-01T14:15:45.740000,0.011583
2025-05-01T14:15:45.750000,-0.001317
2025-05-01T14:15:45.760000,-0.007922
2025-05-01T14:15:45.770000,0.011750
2025-05-01T14:15:45.780000,0.006775
2025-05-01T14:15:45.790000,0.009455
2025-05-01T14:15:45.800000,0.017894
2025-05-01T14:15:45.810000,0.005445
2025-05-01T14:15:45.820000,0.005913
2025-05-01T14:15:45.830000,0.016150
2025-05-01T14:15:45.840000,0.022399
2025-05-01T14:15:45.850000,-0.004692
2025-05-01T14:15:45.860000,-0.022641
2025-05-01T14:15:45.870000,-0.003552
2025-05-01T14:15:45.880000,-0.001587
2025-05-01T14:15:45.890000,-0.000100
2025-05-01T14:15:45.900000,0.002749
2025-05-01T14:15:45.910000,-0.010968
2025-05-01T14:15:45.920000,-0.006513
2025-05-01T14:15:45.930000,-0.006940
2025-05-01T14:15:45.940000,-0.002059
2025-05-01T14:15:45.950000,-0.012985
2025-05-01T14:15:45.960000,0.006090
2025-05-01T14:15:45.970000,-0.002826
2025-05-01T14:15:45.980000,-0.016142
2025-05-01T14:15:45.990000,-0.005349
2025-05-01T14:15:46,0.004433
2025-05-01T14:15:46.010000,0.006102
2025-05-01T14:15:46.020000,0.020123
2025-05-01T14:15:46.030000,-0.000139
2025-05-01T14:15:46.040000,0.014679
2025-05-01T14:15:46.050000,0.002562
2025-05-01T14:15:46.060000,0.015718
2025-05-01T14:15:46.070000,0.008764
2025-05-01T14:15:46.080000,-0.000725
2025-05-01T14:15:46.090000,-0.006614
2025-05-01T14:15:46.100000,-0.001667
2025-05-01T14:15:46.110000,-0.006903
2025-05-01T14:15:46.120000,0.010949
2025-05-01T14:15:46.130000,-0.004504
2025-05-01T14:15:46.140000,0.015677
2025-05-01T14:15:46.150000,0.001748
2025-05-01T14:15:46.160000,0.019853
2025-05-01T14:15:46.170000,0.000332
2025-05-01T14:15:46.180000,0.014370
2025-05-01T14:15:46.190000,0.003969
2025-05-01T14:15:46.200000,0.001744
2025-05-01T14:15:46.210000,0.009745
2025-05-01T14:15:46.220000,-0.008459
2025-05-01T14:15:46.230000,-0.009233
2025-05-01T14:15:46.240000,-0.010024
2025-05-01T14:15:46.250000,0.000458
2025-05-01T14:15:46.260000,0.007414
2025-05-01T14:15:46.270000,-0.003343
2025-05-01T14:15:46.280000,-0.013182
2025-05-01T14:15:46.290000,-0.008066
2025-05-01T14:15:46.300000,0.006798
2025-05-01T14:15:46.310000,0.008187
2025-05-01T14:15:46.320000,0.000675
2025-05-01T14:15:46.330000,0.000964
2025-05-01T14:15:46.340000,0.008639
2025-05-01T14:15:46.350000,0.011877
2025-05-01T14:15:46.360000,-0.002560
2025-05-01T14:15:46.370000,0.012075
2025-05-01T14:15:46.380000,-0.002644
2025-05-01T14:15:46.390000,-0.007047
2025-05-01T14:15:46.400000,-0.004456
2025-05-01T14:15:46.410000,-0.026886
2025-05-01T14:15:46.420000,0.000485
2025-05-01T14:15:46.430000,-0.003358
2025-05-01T14:15:46.440000,0.020365
2025-05-01T14:15:46.450000,0.002043
2025-05-01T14:15:46.460000,0.006910
2025-05-01T14:15:46.470000,-0.014144
2025-05-01T14:15:46.480000,0.007072
2025-05-01T14:15:46.490000,-0.019697
2025-05-01T14:15:46.500000,-0.028286
2025-05-01T14:15:46.510000,-0.009429
2025-05-01T14:15:46.520000,0.022668
2025-05-01T14:15:46.530000,0.001552
2025-05-01T14:15:46.540000,-0.008012
2025-05-01T14:15:46.550000,0.002990
2025-05-01T14:15:46.560000,0.015640
2025-05-01T14:15:46.570000,0.009631
2025-05-01T14:15:46.580000,-0.009074
2025-05-01T14:15:46.590000,0.011133
2025-05-01T14:15:46.600000,-0.002467
2025-05-01T14:15:46.610000,-0.015307
2025-05-01T14:15:46.620000,-0.000096
2025-05-01T14:15:46.630000,-0.018526
2025-05-01T14:15:46.640000,-0.001925
2025-05-01T14:15:46.650000,0.003394
2025-05-01T14:15:46.660000,-0.006274
2025-05-01T14:15:46.670000,0.001831
2025-05-01T14:15:46.680000,0.002476
2025-05-01T14:15:46.690000,-0.009210
2025-05-01T14:15:46.700000,-0.009236
2025-05-01T14:15:46.710000,-0.005315
2025-05-01T14:15:46.720000,-0.004447
2025-05-01T14:15:46.730000,-0.004801
2025-05-01T14:15:46.740000,0.006132
2025-05-01T14:15:46.750000,-0.003873
2025-05-01T14:15:46.760000,0.000527
2025-05-01T14:15:46.770000,-0.011729
2025-05-01T14:15:46.780000,-0.014311
2025-05-01T14:15:46.790000,-0.004612
2025-05-01T14:15:46.800000,-0.000167
2025-05-01T14:15:46.810000,-0.003423
2025-05-01T14:15:46.820000,0.011081
2025-05-01T14:15:46.830000,0.003641
2025-05-01T14:15:46.840000,0.011297
2025-05-01T14:15:46.850000,0.006071
2025-05-01T14:15:46.860000,0.009663
2025-05-01T14:15:46.870000,0.009654
2025-05-01T14:15:46.880000,0.007601
2025-05-01T14:15:46.890000,0.017976
2025-05-01T14:15:46.900000,-0.007289
2025-05-01T14:15:46.910000,0.010972
2025-05-01T14:15:46.920000,-0.003237
2025-05-01T14:15:46.930000,0.004561
2025-05-01T14:15:46.940000,0.011862
2025-05-01T14:15:46.950000,-0.019742
2025-05-01T14:15:46.960000,0.007914
2025-05-01T14:15:46.970000,-0.005132
2025-05-01T14:15:46.980000,-0.022077
2025-05-01T14:15:46.990000,-0.005643
2025-05-01T14:15:47,-0.025265
2025-05-01T14:15:47.010000,0.020140
2025-05-01T14:15:47.020000,0.005645
2025-05-01T14:15:47.030000,0.026718
2025-05-01T14:15:47.040000,-0.007904
2025-05-01T14:15:47.050000,0.004088
2025-05-01T14:15:47.060000,-0.008466
2025-05-01T14:15:47.070000,-0.000455
2025-05-01T14:15:47.080000,-0.001587
2025-05-01T14:15:47.090000,-0.002189
2025-05-01T14:15:47.100000,0.002083
2025-05-01T14:15:47.110000,0.008644
2025-05-01T14:15:47.120000,0.002250
2025-05-01T14:15:47.130000,0.008764
2025-05-01T14:15:47.140000,-0.001206
2025-05-01T14:15:47.150000,0.001868
2025-05-01T14:15:47.160000,0.008127
2025-05-01T14:15:47.170000,-0.003750
2025-05-01T14:15:47.180000,0.005454
2025-05-01T14:15:47.190000,-0.011265
2025-05-01T14:15:47.200000,0.003716
2025-05-01T14:15:47.210000,0.009799
2025-05-01T14:15:47.220000,-0.014139
2025-05-01T14:15:47.230000,0.011426
2025-05-01T14:15:47.240000,-0.013564
2025-05-01T14:15:47.250000,0.008731
2025-05-01T14:15:47.260000,-0.002260
2025-05-01T14:15:47.270000,0.019304
2025-05-01T14:15:47.280000,-0.002762
2025-05-01T14:15:47.290000,-0.009492
2025-05-01T14:15:47.300000,0.013125
2025-05-01T14:15:47.310000,-0.000193
2025-05-01T14:15:47.320000,0.002745
2025-05-01T14:15:47.330000,-0.009217
2025-05-01T14:15:47.340000,-0.012174
2025-05-01T14:15:47.350000,-0.005387
2025-05-01T14:15:47.360000,0.004147
2025-05-01T14:15:47.370000,-0.003308
2025-05-01T14:15:47.380000,-0.006326
2025-05-01T14:15:47.390000,0.005375
2025-05-01T14:15:47.400000,0.006425
2025-05-01T14:15:47.410000,-0.005767
2025-05-01T14:15:47.420000,-0.011257
2025-05-01T14:15:47.430000,-0.016358
2025-05-01T14:15:47.440000,-0.009970
2025-05-01T14:15:47.450000,0.000048
2025-05-01T14:15:47.460000,-0.018892
2025-05-01T14:15:47.470000,0.002319
2025-05-01T14:15:47.480000,-0.001021
2025-05-01T14:15:47.490000,-0.004043
2025-05-01T14:15:47.500000,0.003665
2025-05-01T14:15:47.510000,0.001121
2025-05-01T14:15:47.520000,0.005313
2025-05-01T14:15:47.530000,0.009710
2025-05-01T14:15:47.540000,0.006487
2025-05-01T14:15:47.550000,0.007846
2025-05-01T14:15:47.560000,-0.000646
2025-05-01T14:15:47.570000,-0.001768
2025-05-01T14:15:47.580000,0.005547
2025-05-01T14:15:47.590000,0.010248
2025-05-01T14:15:47.600000,0.020473
2025-05-01T14:15:47.610000,0.010115
2025-05-01T14:15:47.620000,-0.004566
2025-05-01T14:15:47.630000,-0.026810
2025-05-01T14:15:47.640000,0.001315
2025-05-01T14:15:47.650000,-0.006419
2025-05-01T14:15:47.660000,0.003309
2025-05-01T14:15:47.670000,0.003165
2025-05-01T14:15:47.680000,0.006331
2025-05-01T14:15:47.690000,-0.003895
2025-05-01T14:15:47.700000,-0.019240
2025-05-01T14:15:47.710000,0.006423
2025-05-01T14:15:47.720000,0.001179
2025-05-01T14:15:47.730000,-0.012033
2025-05-01T14:15:47.740000,-0.002575
2025-05-01T14:15:47.750000,0.001284
2025-05-01T14:15:47.760000,-0.008575
2025-05-01T14:15:47.770000,-0.022412
2025-05-01T14:15:47.780000,0.007382
2025-05-01T14:15:47.790000,-0.010289
2025-05-01T14:15:47.800000,-0.007830
2025-05-01T14:15:47.810000,0.005815
2025-05-01T14:15:47.820000,0.013774
2025-05-01T14:15:47.830000,-0.007185
2025-05-01T14:15:47.840000,-0.019872
2025-05-01T14:15:47.850000,-0.003529
2025-05-01T14:15:47.860000,0.001123
2025-05-01T14:15:47.870000,0.008593
2025-05-01T14:15:47.880000,0.006705
2025-05-01T14:15:47.890000,0.005358
2025-05-01T14:15:47.900000,0.001542
2025-05-01T14:15:47.910000,0.008266
2025-05-01T14:15:47.920000,0.019040
2025-05-01T14:15:47.930000,-0.001308
2025-05-01T14:15:47.940000,-0.027171
2025-05-01T14:15:47.950000,-0.010827
2025-05-01T14:15:47.960000,0.011509
2025-05-01T14:15:47.970000,0.000200
2025-05-01T14:15:47.980000,0.005317
2025-05-01T14:15:47.990000,0.010835
2025-05-01T14:15:48,0.015118
2025-05-01T14:15:48.010000,-0.009154
2025-05-01T14:15:48.020000,0.019554
2025-05-01T14:15:48.030000,0.008201
2025-05-01T14:15:48.040000,-0.005859
2025-05-01T14:15:48.050000,0.018203
2025-05-01T14:15:48.060000,-0.007281
2025-05-01T14:15:48.070000,-0.014158
2025-05-01T14:15:48.080000,-0.004434
2025-05-01T14:15:48.090000,0.004870
2025-05-01T14:15:48.100000,-0.002469
2025-05-01T14:15:48.110000,0.010738
2025-05-01T14:15:48.120000,0.021666
2025-05-01T14:15:48.130000,0.024230
2025-05-01T14:15:48.140000,-0.004498
2025-05-01T14:15:48.150000,-0.010320
2025-05-01T14:15:48.160000,-0.012753
2025-05-01T14:15:48.170000,0.012198
2025-05-01T14:15:48.180000,-0.002443
2025-05-01T14:15:48.190000,0.026027
2025-05-01T14:15:48.200000,-0.007084
2025-05-01T14:15:48.210000,-0.004495
2025-05-01T14:15:48.220000,0.007623
2025-05-01T14:15:48.230000,-0.004539
2025-05-01T14:15:48.240000,0.001230
2025-05-01T14:15:48.250000,-0.000407
2025-05-01T14:15:48.260000,-0.001606
2025-05-01T14:15:48.270000,-0.003329
2025-05-01T14:15:48.280000,-0.000338
2025-05-01T14:15:48.290000,-0.005116
2025-05-01T14:15:48.300000,-0.008616
2025-05-01T14:15:48.310000,-0.013718
2025-05-01T14:15:48.320000,0.009897
2025-05-01T14:15:48.330000,0.014477
2025-05-01T14:15:48.340000,0.008425
2025-05-01T14:15:48.350000,0.001571
2025-05-01T14:15:48.360000,0.009787
2025-05-01T14:15:48.370000,-0.001709
2025-05-01T14:15:48.380000,0.002882
2025-05-01T14:15:48.390000,-0.009092
2025-05-01T14:15:48.400000,0.007654
2025-05-01T14:15:48.410000,-0.012477
2025-05-01T14:15:48.420000,0.003054
2025-05-01T14:15:48.430000,0.000801
2025-05-01T14:15:48.440000,-0.011851
2025-05-01T14:15:48.450000,-0.010916
2025-05-01T14:15:48.460000,0.003056
2025-05-01T14:15:48.470000,0.008345
2025-05-01T14:15:48.480000,-0.013561
2025-05-01T14:15:48.490000,-0.014597
2025-05-01T14:15:48.500000,-0.002791
2025-05-01T14:15:48.510000,-0.003337
2025-05-01T14:15:48.520000,0.009990
2025-05-01T14:15:48.530000,-0.009497
2025-05-01T14:15:48.540000,0.008424
2025-05-01T14:15:48.550000,0.002813
2025-05-01T14:15:48.560000,-0.005898
2025-05-01T14:15:48.570000,-0.005459
2025-05-01T14:15:48.580000,0.004355
2025-05-01T14:15:48.590000,-0.022355
2025-05-01T14:15:48.600000,-0.016353
2025-05-01T14:15:48.610000,0.005720
2025-05-01T14:15:48.620000,-0.009261
2025-05-01T14:15:48.630000,-0.006703
2025-05-01T14:15:48.640000,0.010519
2025-05-01T14:15:48.650000,-0.016423
2025-05-01T14:15:48.660000,0.006492
2025-05-01T14:15:48.670000,0.008377
2025-05-01T14:15:48.680000,-0.008964
2025-05-01T14:15:48.690000,0.000869
2025-05-01T14:15:48.700000,-0.000793
2025-05-01T14:15:48.710000,0.013232
2025-05-01T14:15:48.720000,-0.008126
2025-05-01T14:15:48.730000,0.002286
2025-05-01T14:15:48.740000,-0.008494
2025-05-01T14:15:48.750000,0.001489
2025-05-01T14:15:48.760000,0.010317
2025-05-01T14:15:48.770000,0.002748
2025-05-01T14:15:48.780000,0.004146
2025-05-01T14:15:48.790000,-0.012233
2025-05-01T14:15:48.800000,-0.003733
2025-05-01T14:15:48.810000,0.001180
2025-05-01T14:15:48.820000,-0.022788
2025-05-01T14:15:48.830000,-0.010427
2025-05-01T14:15:48.840000,0.016506
2025-05-01T14:15:48.850000,0.007788
2025-05-01T14:15:48.860000,-0.010998
2025-05-01T14:15:48.870000,-0.010756
2025-05-01T14:15:48.880000,0.009481
2025-05-01T14:15:48.890000,0.004526
2025-05-01T14:15:48.900000,-0.018971
2025-05-01T14:15:48.910000,-0.000566
2025-05-01T14:15:48.920000,-0.005187
2025-05-01T14:15:48.930000,-0.000991
2025-05-01T14:15:48.940000,-0.008706
2025-05-01T14:15:48.950000,-0.010736
2025-05-01T14:15:48.960000,0.000990
2025-05-01T14:15:48.970000,0.006903
2025-05-01T14:15:48.980000,0.022842
2025-05-01T14:15:48.990000,0.000008
2025-05-01T14:15:49,-0.004110
2025-05-01T14:15:49.010000,0.001903
2025-05-01T14:15:49.020000,0.014094
2025-05-01T14:15:49.030000,0.015483
2025-05-01T14:15:49.040000,-0.019945
2025-05-01T14:15:49.050000,-0.007485
2025-05-01T14:15:49.060000,-0.005196
2025-05-01T14:15:49.070000,-0.001457
2025-05-01T14:15:49.080000,-0.010626
2025-05-01T14:15:49.090000,-0.008715
2025-05-01T14:15:49.100000,0.000939
2025-05-01T14:15:49.110000,-0.010774
2025-05-01T14:15:49.120000,0.017157
2025-05-01T14:15:49.130000,-0.005038
2025-05-01T14:15:49.140000,0.017438
2025-05-01T14:15:49.150000,-0.004963
2025-05-01T14:15:49.160000,-0.002678
2025-05-01T14:15:49.170000,0.004293
2025-05-01T14:15:49.180000,-0.019186
2025-05-01T14:15:49.190000,-0.008997
2025-05-01T14:15:49.200000,-0.009180
2025-05-01T14:15:49.210000,0.018708
2025-05-01T14:15:49.220000,0.004349
2025-05-01T14:15:49.230000,-0.006268
2025-05-01T14:15:49.240000,-0.000684
2025-05-01T14:15:49.250000,0.015418
2025-05-01T14:15:49.260000,0.008423
2025-05-01T14:15:49.270000,-0.003137
2025-05-01T14:15:49.280000,0.003718
2025-05-01T14:15:49.290000,-0.004517
2025-05-01T14:15:49.300000,-0.001913
2025-05-01T14:15:49.310000,0.001746
2025-05-01T14:15:49.320000,0.007405
2025-05-01T14:15:49.330000,-0.008812
2025-05-01T14:15:49.340000,-0.003885
2025-05-01T14:15:49.350000,-0.005200
2025-05-01T14:15:49.360000,-0.001293
2025-05-01T14:15:49.370000,0.008139
2025-05-01T14:15:49.380000,0.000976
2025-05-01T14:15:49.390000,-0.000301
2025-05-01T14:15:49.400000,-0.002930
2025-05-01T14:15:49.410000,-0.012673
2025-05-01T14:15:49.420000,0.007006
2025-05-01T14:15:49.430000,-0.014064
2025-05-01T14:15:49.440000,0.000810
2025-05-01T14:15:49.450000,-0.013233
2025-05-01T14:15:49.460000,0.013008
2025-05-01T14:15:49.470000,0.014084
2025-05-01T14:15:49.480000,0.005981
2025-05-01T14:15:49.490000,0.009491
2025-05-01T14:15:49.500000,0.009656
2025-05-01T14:15:49.510000,0.009230
2025-05-01T14:15:49.520000,0.015909
2025-05-01T14:15:49.530000,0.006774
2025-05-01T14:15:49.540000,-0.012553
2025-05-01T14:15:49.550000,0.002676
2025-05-01T14:15:49.560000,0.007285
2025-05-01T14:15:49.570000,-0.021045
2025-05-01T14:15:49.580000,-0.014849
2025-05-01T14:15:49.590000,-0.002233
2025-05-01T14:15:49.600000,0.012289
2025-05-01T14:15:49.610000,-0.021163
2025-05-01T14:15:49.620000,-0.020035
2025-05-01T14:15:49.630000,0.017130
2025-05-01T14:15:49.640000,0.009688
2025-05-01T14:15:49.650000,-0.005374
2025-05-01T14:15:49.660000,0.004787
2025-05-01T14:15:49.670000,-0.009104
2025-05-01T14:15:49.680000,0.007764
2025-05-01T14:15:49.690000,-0.010105
2025-05-01T14:15:49.700000,-0.011481
2025-05-01T14:15:49.710000,-0.008741
2025-05-01T14:15:49.720000,-0.014322
2025-05-01T14:15:49.730000,-0.015969
2025-05-01T14:15:49.740000,0.000184
2025-05-01T14:15:49.750000,0.016786
2025-05-01T14:15:49.760000,0.008112
2025-05-01T14:15:49.770000,0.007667
2025-05-01T14:15:49.780000,-0.005557
2025-05-01T14:15:49.790000,0.000162
2025-05-01T14:15:49.800000,0.006136
2025-05-01T14:15:49.810000,-0.002654
2025-05-01T14:15:49.820000,-0.010352
2025-05-01T14:15:49.830000,-0.011980
2025-05-01T14:15:49.840000,-0.001728
2025-05-01T14:15:49.850000,-0.002143
2025-05-01T14:15:49.860000,-0.009049
2025-05-01T14:15:49.870000,-0.013291
2025-05-01T14:15:49.880000,0.020185
2025-05-01T14:15:49.890000,-0.001507
2025-05-01T14:15:49.900000,0.025769
2025-05-01T14:15:49.910000,0.010264
2025-05-01T14:15:49.920000,-0.008941
2025-05-01T14:15:49.930000,0.008750
2025-05-01T14:15:49.940000,-0.004514
2025-05-01T14:15:49.950000,0.012976
2025-05-01T14:15:49.960000,-0.009096
2025-05-01T14:15:49.970000,-0.022636
2025-05-01T14:15:49.980000,0.006157
2025-05-01T14:15:49.990000,0.025767
2025-05-01T14:15:50,0.019547
2025-05-01T14:15:50.010000,-0.007540
2025-05-01T14:15:50.020000,0.008989
2025-05-01T14:15:50.030000,-0.005856
2025-05-01T14:15:50.040000,0.006665
2025-05-01T14:15:50.050000,-0.005304
2025-05-01T14:15:50.060000,-0.000203
2025-05-01T14:15:50.070000,0.015641
2025-05-01T14:15:50.080000,0.010625
2025-05-01T14:15:50.090000,-0.002245
2025-05-01T14:15:50.100000,0.004437
2025-05-01T14:15:50.110000,0.004142
2025-05-01T14:15:50.120000,-0.004522
2025-05-01T14:15:50.130000,-0.017635
2025-05-01T14:15:50.140000,-0.009652
2025-05-01T14:15:50.150000,0.000547
2025-05-01T14:15:50.160000,0.012608
2025-05-01T14:15:50.170000,-0.005004
2025-05-01T14:15:50.180000,0.007559
2025-05-01T14:15:50.190000,-0.010273
2025-05-01T14:15:50.200000,0.009540
2025-05-01T14:15:50.210000,0.003462
2025-05-01T14:15:50.220000,0.009472
2025-05-01T14:15:50.230000,0.008481
2025-05-01T14:15:50.240000,-0.001018
2025-05-01T14:15:50.250000,0.010218
2025-05-01T14:15:50.260000,0.002501
2025-05-01T14:15:50.270000,-0.000010
2025-05-01T14:15:50.280000,0.010377
2025-05-01T14:15:50.290000,0.031239
2025-05-01T14:15:50.300000,-0.007957
2025-05-01T14:15:50.310000,-0.005119
2025-05-01T14:15:50.320000,0.026092
2025-05-01T14:15:50.330000,0.006534
2025-05-01T14:15:50.340000,0.003567
2025-05-01T14:15:50.350000,0.004387
2025-05-01T14:15:50.360000,-0.006443
2025-05-01T14:15:50.370000,0.005287
2025-05-01T14:15:50.380000,-0.005241
2025-05-01T14:15:50.390000,-0.000626
2025-05-01T14:15:50.400000,-0.003727
2025-05-01T14:15:50.410000,0.000681
2025-05-01T14:15:50.420000,0.014922
2025-05-01T14:15:50.430000,-0.001348
2025-05-01T14:15:50.440000,-0.031700
2025-05-01T14:15:50.450000,0.010845
2025-05-01T14:15:50.460000,0.005129
2025-05-01T14:15:50.470000,0.010055
2025-05-01T14:15:50.480000,0.010077
2025-05-01T14:15:50.490000,-0.003167
2025-05-01T14:15:50.500000,-0.001228
2025-05-01T14:15:50.510000,-0.006211
2025-05-01T14:15:50.520000,0.018920
2025-05-01T14:15:50.530000,0.002152
2025-05-01T14:15:50.540000,0.008069
2025-05-01T14:15:50.550000,-0.001177
2025-05-01T14:15:50.560000,0.028069
2025-05-01T14:15:50.570000,-0.013120
2025-05-01T14:15:50.580000,0.009834
2025-05-01T14:15:50.590000,-0.012532
2025-05-01T14:15:50.600000,0.000824
2025-05-01T14:15:50.610000,0.000718
2025-05-01T14:15:50.620000,0.008352
2025-05-01T14:15:50.630000,-0.000381
2025-05-01T14:15:50.640000,-0.001051
2025-05-01T14:15:50.650000,-0.001278
2025-05-01T14:15:50.660000,-0.022252
2025-05-01T14:15:50.670000,-0.004102
2025-05-01T14:15:50.680000,-0.005580
2025-05-01T14:15:50.690000,0.025954
2025-05-01T14:15:50.700000,-0.008921
2025-05-01T14:15:50.710000,-0.008788
2025-05-01T14:15:50.720000,0.001456
2025-05-01T14:15:50.730000,0.006047
2025-05-01T14:15:50.740000,0.000839
2025-05-01T14:15:50.750000,-0.006857
2025-05-01T14:15:50.760000,-0.000576
2025-05-01T14:15:50.770000,-0.015115
2025-05-01T14:15:50.780000,-0.005929
2025-05-01T14:15:50.790000,-0.003469
2025-05-01T14:15:50.800000,-0.005404
2025-05-01T14:15:50.810000,-0.004121
2025-05-01T14:15:50.820000,0.002192
2025-05-01T14:15:50.830000,0.007502
2025-05-01T14:15:50.840000,-0.001661
2025-05-01T14:15:50.850000,-0.005959
2025-05-01T14:15:50.860000,0.007959
2025-05-01T14:15:50.870000,-0.016538
2025-05-01T14:15:50.880000,-0.005875
2025-05-01T14:15:50.890000,0.012617
2025-05-01T14:15:50.900000,-0.000629
2025-05-01T14:15:50.910000,0.001686
2025-05-01T14:15:50.920000,0.000885
2025-05-01T14:15:50.930000,-0.005048
2025-05-01T14:15:50.940000,0.002570
2025-05-01T14:15:50.950000,0.011590
2025-05-01T14:15:50.960000,-0.000326
2025-05-01T14:15:50.970000,0.012679
2025-05-01T14:15:50.980000,-0.007086
2025-05-01T14:15:50.990000,-0.012613
2025-05-01T14:15:51,-0.000587
2025-05-01T14:15:51.010000,0.015207
2025-05-01T14:15:51.020000,0.007547
2025-05-01T14:15:51.030000,0.022173
2025-05-01T14:15:51.040000,0.001893
2025-05-01T14:15:51.050000,0.014267
2025-05-01T14:15:51.060000,-0.007886
2025-05-01T14:15:51.070000,0.012929
2025-05-01T14:15:51.080000,0.011403
2025-05-01T14:15:51.090000,-0.011909
2025-05-01T14:15:51.100000,0.003897
2025-05-01T14:15:51.110000,-0.004410
2025-05-01T14:15:51.120000,-0.007958
2025-05-01T14:15:51.130000,-0.011575
2025-05-01T14:15:51.140000,-0.000843
2025-05-01T14:15:51.150000,-0.018781
2025-05-01T14:15:51.160000,-0.004557
2025-05-01T14:15:51.170000,-0.003844
2025-05-01T14:15:51.180000,0.004658
2025-05-01T14:15:51.190000,0.008217
2025-05-01T14:15:51.200000,0.003508
2025-05-01T14:15:51.210000,-0.004303
2025-05-01T14:15:51.220000,0.008676
2025-05-01T14:15:51.230000,0.014942
2025-05-01T14:15:51.240000,0.004096
2025-05-01T14:15:51.250000,0.004491
2025-05-01T14:15:51.260000,-0.013489
2025-05-01T14:15:51.270000,-0.009086
2025-05-01T14:15:51.280000,-0.001002
2025-05-01T14:15:51.290000,0.014720
2025-05-01T14:15:51.300000,-0.008584
2025-05-01T14:15:51.310000,0.013775
2025-05-01T14:15:51.320000,0.014222
2025-05-01T14:15:51.330000,-0.002862
2025-05-01T14:15:51.340000,0.011911
2025-05-01T14:15:51.350000,-0.004789
2025-05-01T14:15:51.360000,0.005811
2025-05-01T14:15:51.370000,0.004362
2025-05-01T14:15:51.380000,-0.011131
2025-05-01T14:15:51.390000,0.002307
2025-05-01T14:15:51.400000,0.014321
2025-05-01T14:15:51.410000,0.003226
2025-05-01T14:15:51.420000,-0.005720
2025-05-01T14:15:51.430000,0.004239
2025-05-01T14:15:51.440000,0.005854
2025-05-01T14:15:51.450000,0.002504
2025-05-01T14:15:51.460000,0.009005
2025-05-01T14:15:51.470000,-0.012781
2025-05-01T14:15:51.480000,-0.007630
2025-05-01T14:15:51.490000,-0.019584
2025-05-01T14:15:51.500000,0.000333
2025-05-01T14:15:51.510000,-0.000696
2025-05-01T14:15:51.520000,0.009067
2025-05-01T14:15:51.530000,-0.004900
2025-05-01T14:15:51.540000,-0.002297
2025-05-01T14:15:51.550000,-0.007440
2025-05-01T14:15:51.560000,0.002042
2025-05-01T14:15:51.570000,0.006073
2025-05-01T14:15:51.580000,0.006753
2025-05-01T14:15:51.590000,-0.002133
2025-05-01T14:15:51.600000,0.014804
2025-05-01T14:15:51.610000,-0.005203
2025-05-01T14:15:51.620000,-0.011464
2025-05-01T14:15:51.630000,0.001020
2025-05-01T14:15:51.640000,-0.018645
2025-05-01T14:15:51.650000,0.014871
2025-05-01T14:15:51.660000,0.024274
2025-05-01T14:15:51.670000,-0.004770
2025-05-01T14:15:51.680000,0.007270
2025-05-01T14:15:51.690000,0.008049
2025-05-01T14:15:51.700000,-0.004079
2025-05-01T14:15:51.710000,0.010304
2025-05-01T14:15:51.720000,-0.007805
2025-05-01T14:15:51.730000,0.009475
2025-05-01T14:15:51.740000,-0.015037
2025-05-01T14:15:51.750000,-0.003530
2025-05-01T14:15:51.760000,0.008837
2025-05-01T14:15:51.770000,-0.000334
2025-05-01T14:15:51.780000,-0.015010
2025-05-01T14:15:51.790000,-0.009488
2025-05-01T14:15:51.800000,-0.009956
2025-05-01T14:15:51.810000,-0.008553
2025-05-01T14:15:51.820000,-0.003800
2025-05-01T14:15:51.830000,0.015678
2025-05-01T14:15:51.840000,0.013385
2025-05-01T14:15:51.850000,-0.007602
2025-05-01T14:15:51.860000,0.006566
2025-05-01T14:15:51.870000,0.001696
2025-05-01T14:15:51.880000,-0.012776
2025-05-01T14:15:51.890000,-0.011881
2025-05-01T14:15:51.900000,-0.004363
2025-05-01T14:15:51.910000,0.009554
2025-05-01T14:15:51.920000,-0.001192
2025-05-01T14:15:51.930000,0.008921
2025-05-01T14:15:51.940000,-0.011395
2025-05-01T14:15:51.950000,0.005263
2025-05-01T14:15:51.960000,-0.005917
2025-05-01T14:15:51.970000,-0.006208
2025-05-01T14:15:51.980000,0.011880
2025-05-01T14:15:51.990000,-0.012075
2025-05-01T14:15:52,0.008061
2025-05-01T14:15:52.010000,0.023448
2025-05-01T14:15:52.020000,0.002300
2025-05-01T14:15:52.030000,0.011039
2025-05-01T14:15:52.040000,0.008017
2025-05-01T14:15:52.050000,-0.002158
2025-05-01T14:15:52.060000,-0.016346
2025-05-01T14:15:52.070000,0.006803
2025-05-01T14:15:52.080000,0.014790
2025-05-01T14:15:52.090000,-0.007973
2025-05-01T14:15:52.100000,0.004405
2025-05-01T14:15:52.110000,-0.000965
2025-05-01T14:15:52.120000,0.005970
2025-05-01T14:15:52.130000,0.002185
2025-05-01T14:15:52.140000,0.002676
2025-05-01T14:15:52.150000,0.008699
2025-05-01T14:15:52.160000,-0.004126
2025-05-01T14:15:52.170000,0.027812
2025-05-01T14:15:52.180000,-0.006005
2025-05-01T14:15:52.190000,-0.005854
2025-05-01T14:15:52.200000,-0.008095
2025-05-01T14:15:52.210000,0.005509
2025-05-01T14:15:52.220000,0.003112
2025-05-01T14:15:52.230000,-0.008026
2025-05-01T14:15:52.240000,-0.013004
2025-05-01T14:15:52.250000,0.004551
2025-05-01T14:15:52.260000,-0.011306
2025-05-01T14:15:52.270000,0.001934
2025-05-01T14:15:52.280000,0.015669
2025-05-01T14:15:52.290000,-0.014572
2025-05-01T14:15:52.300000,-0.005223
2025-05-01T14:15:52.310000,-0.000315
2025-05-01T14:15:52.320000,-0.007290
2025-05-01T14:15:52.330000,-0.006017
2025-05-01T14:15:52.340000,0.007245
2025-05-01T14:15:52.350000,0.000734
2025-05-01T14:15:52.360000,0.010205
2025-05-01T14:15:52.370000,-0.003946
2025-05-01T14:15:52.380000,0.003981
2025-05-01T14:15:52.390000,-0.004207
2025-05-01T14:15:52.400000,-0.004097
2025-05-01T14:15:52.410000,0.013719
2025-05-01T14:15:52.420000,0.000059
2025-05-01T14:15:52.430000,0.016967
2025-05-01T14:15:52.440000,0.013637
2025-05-01T14:15:52.450000,-0.012917
2025-05-01T14:15:52.460000,-0.011065
2025-05-01T14:15:52.470000,-0.010662
2025-05-01T14:15:52.480000,-0.007893
2025-05-01T14:15:52.490000,0.008345
2025-05-01T14:15:52.500000,-0.021030
2025-05-01T14:15:52.510000,0.001155
2025-05-01T14:15:52.520000,-0.012637
2025-05-01T14:15:52.530000,0.002778
2025-05-01T14:15:52.540000,-0.012894
2025-05-01T14:15:52.550000,0.011431
2025-05-01T14:15:52.560000,0.003320
2025-05-01T14:15:52.570000,-0.010260
2025-05-01T14:15:52.580000,-0.000415
2025-05-01T14:15:52.590000,0.006901
2025-05-01T14:15:52.600000,-0.007509
2025-05-01T14:15:52.610000,-0.004395
2025-05-01T14:15:52.620000,-0.010728
2025-05-01T14:15:52.630000,-0.004952
2025-05-01T14:15:52.640000,-0.001182
2025-05-01T14:15:52.650000,-0.009965
2025-05-01T14:15:52.660000,0.005984
2025-05-01T14:15:52.670000,0.015596
2025-05-01T14:15:52.680000,0.001225
2025-05-01T14:15:52.690000,-0.001218
2025-05-01T14:15:52.700000,-0.010024
2025-05-01T14:15:52.710000,0.010574
2025-05-01T14:15:52.720000,0.007713
2025-05-01T14:15:52.730000,0.003317
2025-05-01T14:15:52.740000,-0.009794
2025-05-01T14:15:52.750000,0.009245
2025-05-01T14:15:52.760000,-0.009753
2025-05-01T14:15:52.770000,0.006465
2025-05-01T14:15:52.780000,0.012455
2025-05-01T14:15:52.790000,0.009245
2025-05-01T14:15:52.800000,0.010528
2025-05-01T14:15:52.810000,-0.004647
2025-05-01T14:15:52.820000,-0.016018
2025-05-01T14:15:52.830000,-0.020605
2025-05-01T14:15:52.840000,0.008040
2025-05-01T14:15:52.850000,0.006537
2025-05-01T14:15:52.860000,0.010405
2025-05-01T14:15:52.870000,-0.002225
2025-05-01T14:15:52.880000,0.009873
2025-05-01T14:15:52.890000,0.009239
2025-05-01T14:15:52.900000,0.000330
2025-05-01T14:15:52.910000,-0.022389
2025-05-01T14:15:52.920000,0.002422
2025-05-01T14:15:52.930000,-0.011778
2025-05-01T14:15:52.940000,0.006206
2025-05-01T14:15:52.950000,-0.008851
2025-05-01T14:15:52.960000,0.003598
2025-05-01T14:15:52.970000,0.000498
2025-05-01T14:15:52.980000,-0.013023
2025-05-01T14:15:52.990000,-0.000363
2025-05-01T14:15:53,-0.004564
2025-05-01T14:15:53.010000,-0.018735
2025-05-01T14:15:53.020000,-0.006726
2025-05-01T14:15:53.030000,-0.009364
2025-05-01T14:15:53.040000,-0.018987
2025-05-01T14:15:53.050000,0.018437
2025-05-01T14:15:53.060000,-0.014093
2025-05-01T14:15:53.070000,-0.013331
2025-05-01T14:15:53.080000,0.002006
2025-05-01T14:15:53.090000,0.009580
2025-05-01T14:15:53.100000,-0.012483
2025-05-01T14:15:53.110000,-0.004334
2025-05-01T14:15:53.120000,0.005959
2025-05-01T14:15:53.130000,0.006121
2025-05-01T14:15:53.140000,0.000993
2025-05-01T14:15:53.150000,-0.009215
2025-05-01T14:15:53.160000,0.003435
2025-05-01T14:15:53.170000,-0.014365
2025-05-01T14:15:53.180000,0.004825
2025-05-01T14:15:53.190000,-0.003358
2025-05-01T14:15:53.200000,0.013405
2025-05-01T14:15:53.210000,-0.000794
2025-05-01T14:15:53.220000,-0.006507
2025-05-01T14:15:53.230000,-0.013410
2025-05-01T14:15:53.240000,0.017203
2025-05-01T14:15:53.250000,0.013777
2025-05-01T14:15:53.260000,-0.001788
2025-05-01T14:15:53.270000,0.008301
2025-05-01T14:15:53.280000,-0.014906
2025-05-01T14:15:53.290000,-0.022430
2025-05-01T14:15:53.300000,0.004576
2025-05-01T14:15:53.310000,-0.006576
2025-05-01T14:15:53.320000,-0.008039
2025-05-01T14:15:53.330000,0.008031
2025-05-01T14:15:53.340000,0.004996
2025-05-01T14:15:53.350000,0.008780
2025-05-01T14:15:53.360000,0.005076
2025-05-01T14:15:53.370000,0.000934
2025-05-01T14:15:53.380000,-0.004730
2025-05-01T14:15:53.390000,0.000842
2025-05-01T14:15:53.400000,0.021259
2025-05-01T14:15:53.410000,0.004600
2025-05-01T14:15:53.420000,0.000565
2025-05-01T14:15:53.430000,0.006091
2025-05-01T14:15:53.440000,-0.001510
2025-05-01T14:15:53.450000,-0.001537
2025-05-01T14:15:53.460000,-0.006388
2025-05-01T14:15:53.470000,-0.019993
2025-05-01T14:15:53.480000,0.007188
2025-05-01T14:15:53.490000,0.009614
2025-05-01T14:15:53.500000,-0.015799
2025-05-01T14:15:53.510000,0.025062
2025-05-01T14:15:53.520000,0.003189
2025-05-01T14:15:53.530000,-0.022446
2025-05-01T14:15:53.540000,0.005092
2025-05-01T14:15:53.550000,0.000160
2025-05-01T14:15:53.560000,-0.005043
2025-05-01T14:15:53.570000,-0.021690
2025-05-01T14:15:53.580000,-0.005670
2025-05-01T14:15:53.590000,-0.002863
2025-05-01T14:15:53.600000,-0.013028
2025-05-01T14:15:53.610000,-0.009228
2025-05-01T14:15:53.620000,-0.001098
2025-05-01T14:15:53.630000,-0.018333
2025-05-01T14:15:53.640000,-0.004284
2025-05-01T14:15:53.650000,0.015724
2025-05-01T14:15:53.660000,-0.007038
2025-05-01T14:15:53.670000,0.003123
2025-05-01T14:15:53.680000,-0.016633
2025-05-01T14:15:53.690000,0.011716
2025-05-01T14:15:53.700000,0.000842
2025-05-01T14:15:53.710000,-0.005081
2025-05-01T14:15:53.720000,-0.008406
2025-05-01T14:15:53.730000,0.007384
2025-05-01T14:15:53.740000,-0.014508
2025-05-01T14:15:53.750000,0.001799
2025-05-01T14:15:53.760000,0.014836
2025-05-01T14:15:53.770000,0.006345
2025-05-01T14:15:53.780000,0.023770
2025-05-01T14:15:53.790000,0.004537
2025-05-01T14:15:53.800000,0.001668
2025-05-01T14:15:53.810000,-0.018742
2025-05-01T14:15:53.820000,0.022563
2025-05-01T14:15:53.830000,-0.022689
2025-05-01T14:15:53.840000,-0.008748
2025-05-01T14:15:53.850000,0.011351
2025-05-01T14:15:53.860000,0.022026
2025-05-01T14:15:53.870000,0.016348
2025-05-01T14:15:53.880000,-0.006133
2025-05-01T14:15:53.890000,0.001584
2025-05-01T14:15:53.900000,0.001168
2025-05-01T14:15:53.910000,0.004247
2025-05-01T14:15:53.920000,0.009374
2025-05-01T14:15:53.930000,-0.007108
2025-05-01T14:15:53.940000,-0.006786
2025-05-01T14:15:53.950000,-0.010516
2025-05-01T14:15:53.960000,0.004265
2025-05-01T14:15:53.970000,0.007362
2025-05-01T14:15:53.980000,-0.013952
2025-05-01T14:15:53.990000,0.009239
2025-05-01T14:15:54,-0.012596
2025-05-01T14:15:54.010000,0.003546
2025-05-01T14:15:54.020000,0.015385
2025-05-01T14:15:54.030000,-0.010587
2025-05-01T14:15:54.040000,0.000087
2025-05-01T14:15:54.050000,0.010715
2025-05-01T14:15:54.060000,0.009700
2025-05-01T14:15:54.070000,-0.002178
2025-05-01T14:15:54.080000,0.000154
2025-05-01T14:15:54.090000,-0.020036
2025-05-01T14:15:54.100000,-0.001188
2025-05-01T14:15:54.110000,0.020678
2025-05-01T14:15:54.120000,-0.007919
2025-05-01T14:15:54.130000,0.004727
2025-05-01T14:15:54.140000,0.002642
2025-05-01T14:15:54.150000,0.013370
2025-05-01T14:15:54.160000,-0.009738
2025-05-01T14:15:54.170000,0.004419
2025-05-01T14:15:54.180000,0.017865
2025-05-01T14:15:54.190000,-0.004651
2025-05-01T14:15:54.200000,0.001766
2025-05-01T14:15:54.210000,0.008981
2025-05-01T14:15:54.220000,0.001047
2025-05-01T14:15:54.230000,-0.010610
2025-05-01T14:15:54.240000,-0.008348
2025-05-01T14:15:54.250000,-0.000732
2025-05-01T14:15:54.260000,0.000632
2025-05-01T14:15:54.270000,-0.000396
2025-05-01T14:15:54.280000,-0.007622
2025-05-01T14:15:54.290000,-0.015937
2025-05-01T14:15:54.300000,0.004057
2025-05-01T14:15:54.310000,0.002316
2025-05-01T14:15:54.320000,-0.001741
2025-05-01T14:15:54.330000,0.010962
2025-05-01T14:15:54.340000,-0.002319
2025-05-01T14:15:54.350000,-0.004679
2025-05-01T14:15:54.360000,0.000703
2025-05-01T14:15:54.370000,-0.009406
2025-05-01T14:15:54.380000,0.021464
2025-05-01T14:15:54.390000,0.004157
2025-05-01T14:15:54.400000,0.004685
2025-05-01T14:15:54.410000,-0.000901
2025-05-01T14:15:54.420000,-0.005576
2025-05-01T14:15:54.430000,0.012213
2025-05-01T14:15:54.440000,0.008419
2025-05-01T14:15:54.450000,0.022379
2025-05-01T14:15:54.460000,0.001292
2025-05-01T14:15:54.470000,0.001551
2025-05-01T14:15:54.480000,-0.005839
2025-05-01T14:15:54.490000,-0.007655
2025-05-01T14:15:54.500000,-0.013624
2025-05-01T14:15:54.510000,-0.003555
2025-05-01T14:15:54.520000,0.008506
2025-05-01T14:15:54.530000,-0.004593
2025-05-01T14:15:54.540000,0.007722
2025-05-01T14:15:54.550000,-0.003048
2025-05-01T14:15:54.560000,-0.007564
2025-05-01T14:15:54.570000,0.011561
2025-05-01T14:15:54.580000,0.009256
2025-05-01T14:15:54.590000,-0.002434
2025-05-01T14:15:54.600000,0.005945
2025-05-01T14:15:54.610000,0.003218
2025-05-01T14:15:54.620000,-0.000516
2025-05-01T14:15:54.630000,0.013361
2025-05-01T14:15:54.640000,0.004726
2025-05-01T14:15:54.650000,-0.015177
2025-05-01T14:15:54.660000,0.015354
2025-05-01T14:15:54.670000,-0.000289
2025-05-01T14:15:54.680000,0.012209
2025-05-01T14:15:54.690000,0.004152
2025-05-01T14:15:54.700000,-0.007694
2025-05-01T14:15:54.710000,-0.003250
2025-05-01T14:15:54.720000,-0.001447
2025-05-01T14:15:54.730000,0.007576
2025-05-01T14:15:54.740000,-0.006095
2025-05-01T14:15:54.750000,0.012744
2025-05-01T14:15:54.760000,-0.000797
2025-05-01T14:15:54.770000,-0.000904
2025-05-01T14:15:54.780000,0.003443
2025-05-01T14:15:54.790000,-0.002872
2025-05-01T14:15:54.800000,-0.004333
2025-05-01T14:15:54.810000,0.014186
2025-05-01T14:15:54.820000,0.033431
2025-05-01T14:15:54.830000,-0.005992
2025-05-01T14:15:54.840000,-0.016414
2025-05-01T14:15:54.850000,-0.001703
2025-05-01T14:15:54.860000,0.003884
2025-05-01T14:15:54.870000,-0.008098
2025-05-01T14:15:54.880000,0.024373
2025-05-01T14:15:54.890000,0.023982
2025-05-01T14:15:54.900000,0.002712
2025-05-01T14:15:54.910000,-0.004493
2025-05-01T14:15:54.920000,0.006231
2025-05-01T14:15:54.930000,0.015500
2025-05-01T14:15:54.940000,-0.019720
2025-05-01T14:15:54.950000,-0.008689
2025-05-01T14:15:54.960000,-0.005110
2025-05-01T14:15:54.970000,0.009730
2025-05-01T14:15:54.980000,-0.028481
2025-05-01T14:15:54.990000,0.013791
2025-05-01T14:15:55,-0.002839
2025-05-01T14:15:55.010000,-0.003013
2025-05-01T14:15:55.020000,0.002845
2025-05-01T14:15:55.030000,-0.008534
2025-05-01T14:15:55.040000,-0.004296
2025-05-01T14:15:55.050000,0.002855
2025-05-01T14:15:55.060000,0.007133
2025-05-01T14:15:55.070000,-0.007333
2025-05-01T14:15:55.080000,0.002032
2025-05-01T14:15:55.090000,0.005277
2025-05-01T14:15:55.100000,0.010846
2025-05-01T14:15:55.110000,-0.012859
2025-05-01T14:15:55.120000,-0.012463
2025-05-01T14:15:55.130000,0.001378
2025-05-01T14:15:55.140000,-0.005149
2025-05-01T14:15:55.150000,0.028720
2025-05-01T14:15:55.160000,0.017640
2025-05-01T14:15:55.170000,0.014718
2025-05-01T14:15:55.180000,-0.012587
2025-05-01T14:15:55.190000,-0.021678
2025-05-01T14:15:55.200000,-0.013466
2025-05-01T14:15:55.210000,0.001827
2025-05-01T14:15:55.220000,-0.003127
2025-05-01T14:15:55.230000,-0.006217
2025-05-01T14:15:55.240000,-0.008614
2025-05-01T14:15:55.250000,-0.003562
2025-05-01T14:15:55.260000,-0.000834
2025-05-01T14:15:55.270000,-0.005769
2025-05-01T14:15:55.280000,0.003572
2025-05-01T14:15:55.290000,0.001468
2025-05-01T14:15:55.300000,-0.002874
2025-05-01T14:15:55.310000,0.010882
2025-05-01T14:15:55.320000,-0.015196
2025-05-01T14:15:55.330000,-0.009336
2025-05-01T14:15:55.340000,-0.010193
2025-05-01T14:15:55.350000,0.013391
2025-05-01T14:15:55.360000,0.006072
2025-05-01T14:15:55.370000,0.013497
2025-05-01T14:15:55.380000,0.003129
2025-05-01T14:15:55.390000,-0.009007
2025-05-01T14:15:55.400000,0.003606
2025-05-01T14:15:55.410000,0.014717
2025-05-01T14:15:55.420000,-0.002737
2025-05-01T14:15:55.430000,0.002046
2025-05-01T14:15:55.440000,0.010798
2025-05-01T14:15:55.450000,-0.018781
2025-05-01T14:15:55.460000,0.001680
2025-05-01T14:15:55.470000,0.006375
2025-05-01T14:15:55.480000,-0.011083
2025-05-01T14:15:55.490000,-0.007502
2025-05-01T14:15:55.500000,-0.001730
2025-05-01T14:15:55.510000,-0.012753
2025-05-01T14:15:55.520000,0.004765
2025-05-01T14:15:55.530000,-0.006794
2025-05-01T14:15:55.540000,0.008557
2025-05-01T14:15:55.550000,0.010343
2025-05-01T14:15:55.560000,0.013322
2025-05-01T14:15:55.570000,-0.013093
2025-05-01T14:15:55.580000,0.006469
2025-05-01T14:15:55.590000,-0.012513
2025-05-01T14:15:55.600000,-0.002985
2025-05-01T14:15:55.610000,0.013983
2025-05-01T14:15:55.620000,0.006877
2025-05-01T14:15:55.630000,-0.008294
2025-05-01T14:15:55.640000,-0.000725
2025-05-01T14:15:55.650000,-0.004336
2025-05-01T14:15:55.660000,-0.000086
2025-05-01T14:15:55.670000,-0.018855
2025-05-01T14:15:55.680000,0.030857
2025-05-01T14:15:55.690000,-0.008741
2025-05-01T14:15:55.700000,0.004760
2025-05-01T14:15:55.710000,-0.016747
2025-05-01T14:15:55.720000,0.005310
2025-05-01T14:15:55.730000,-0.014520
2025-05-01T14:15:55.740000,0.010367
2025-05-01T14:15:55.750000,0.022230
2025-05-01T14:15:55.760000,0.004712
2025-05-01T14:15:55.770000,-0.007948
2025-05-01T14:15:55.780000,-0.013601
2025-05-01T14:15:55.790000,-0.010745
2025-05-01T14:15:55.800000,-0.008090
2025-05-01T14:15:55.810000,-0.010462
2025-05-01T14:15:55.820000,-0.013050
2025-05-01T14:15:55.830000,-0.022925
2025-05-01T14:15:55.840000,-0.001948
2025-05-01T14:15:55.850000,0.014453
2025-05-01T14:15:55.860000,0.004106
2025-05-01T14:15:55.870000,-0.013732
2025-05-01T14:15:55.880000,-0.011403
2025-05-01T14:15:55.890000,-0.004355
2025-05-01T14:15:55.900000,-0.011017
2025-05-01T14:15:55.910000,0.003154
2025-05-01T14:15:55.920000,0.006275
2025-05-01T14:15:55.930000,-0.002130
2025-05-01T14:15:55.940000,-0.009843
2025-05-01T14:15:55.950000,0.014092
2025-05-01T14:15:55.960000,0.006194
2025-05-01T14:15:55.970000,0.014422
2025-05-01T14:15:55.980000,-0.015756
2025-05-01T14:15:55.990000,-0.025171
2025-05-01T14:15:56,-0.006606
2025-05-01T14:15:56.010000,0.025779
2025-05-01T14:15:56.020000,0.001005
2025-05-01T14:15:56.030000,-0.009103
2025-05-01T14:15:56.040000,-0.005693
2025-05-01T14:15:56.050000,0.006524
2025-05-01T14:15:56.060000,0.006392
2025-05-01T14:15:56.070000,0.026211
2025-05-01T14:15:56.080000,0.013353
2025-05-01T14:15:56.090000,-0.003505
2025-05-01T14:15:56.100000,0.008067
2025-05-01T14:15:56.110000,-0.000403
2025-05-01T14:15:56.120000,-0.004902
2025-05-01T14:15:56.130000,-0.017043
2025-05-01T14:15:56.140000,-0.003000
2025-05-01T14:15:56.150000,-0.008182
2025-05-01T14:15:56.160000,-0.000293
2025-05-01T14:15:56.170000,0.026401
2025-05-01T14:15:56.180000,0.010116
2025-05-01T14:15:56.190000,-0.012476
2025-05-01T14:15:56.200000,-0.010023
2025-05-01T14:15:56.210000,-0.008070
2025-05-01T14:15:56.220000,-0.014464
2025-05-01T14:15:56.230000,0.004240
2025-05-01T14:15:56.240000,0.004353
2025-05-01T14:15:56.250000,0.000298
2025-05-01T14:15:56.260000,-0.014306
2025-05-01T14:15:56.270000,-0.017147
2025-05-01T14:15:56.280000,-0.002253
2025-05-01T14:15:56.290000,-0.003649
2025-05-01T14:15:56.300000,-0.026718
2025-05-01T14:15:56.310000,-0.004422
2025-05-01T14:15:56.320000,0.020851
2025-05-01T14:15:56.330000,-0.003494
2025-05-01T14:15:56.340000,-0.010047
2025-05-01T14:15:56.350000,0.021532
2025-05-01T14:15:56.360000,0.007005
2025-05-01T14:15:56.370000,0.014616
2025-05-01T14:15:56.380000,-0.004263
2025-05-01T14:15:56.390000,0.004981
2025-05-01T14:15:56.400000,0.010693
2025-05-01T14:15:56.410000,-0.021421
2025-05-01T14:15:56.420000,0.000044
2025-05-01T14:15:56.430000,-0.012605
2025-05-01T14:15:56.440000,-0.033459
2025-05-01T14:15:56.450000,0.008510
2025-05-01T14:15:56.460000,0.011588
2025-05-01T14:15:56.470000,-0.009382
2025-05-01T14:15:56.480000,-0.001603
2025-05-01T14:15:56.490000,-0.007458
2025-05-01T14:15:56.500000,-0.004263
2025-05-01T14:15:56.510000,-0.003828
2025-05-01T14:15:56.520000,-0.003589
2025-05-01T14:15:56.530000,-0.001466
2025-05-01T14:15:56.540000,0.003046
2025-05-01T14:15:56.550000,-0.003186
2025-05-01T14:15:56.560000,0.012889
2025-05-01T14:15:56.570000,-0.000472
2025-05-01T14:15:56.580000,0.003487
2025-05-01T14:15:56.590000,0.016011
2025-05-01T14:15:56.600000,-0.002507
2025-05-01T14:15:56.610000,-0.002589
2025-05-01T14:15:56.620000,0.012834
2025-05-01T14:15:56.630000,-0.004221
2025-05-01T14:15:56.640000,-0.005478
2025-05-01T14:15:56.650000,-0.000021
2025-05-01T14:15:56.660000,-0.008643
2025-05-01T14:15:56.670000,0.002070
2025-05-01T14:15:56.680000,-0.009981
2025-05-01T14:15:56.690000,-0.013777
2025-05-01T14:15:56.700000,-0.002967
2025-05-01T14:15:56.710000,0.013244
2025-05-01T14:15:56.720000,-0.012547
2025-05-01T14:15:56.730000,-0.011067
2025-05-01T14:15:56.740000,0.004029
2025-05-01T14:15:56.750000,-0.007349
2025-05-01T14:15:56.760000,-0.004449
2025-05-01T14:15:56.770000,-0.001596
2025-05-01T14:15:56.780000,-0.002798
2025-05-01T14:15:56.790000,-0.010079
2025-05-01T14:15:56.800000,-0.010010
2025-05-01T14:15:56.810000,-0.000495
2025-05-01T14:15:56.820000,0.000842
2025-05-01T14:15:56.830000,0.002287
2025-05-01T14:15:56.840000,-0.015444
2025-05-01T14:15:56.850000,0.001734
2025-05-01T14:15:56.860000,0.019037
2025-05-01T14:15:56.870000,0.000458
2025-05-01T14:15:56.880000,0.006813
2025-05-01T14:15:56.890000,0.003526
2025-05-01T14:15:56.900000,-0.003702
2025-05-01T14:15:56.910000,-0.005169
2025-05-01T14:15:56.920000,-0.003203
2025-05-01T14:15:56.930000,0.009947
2025-05-01T14:15:56.940000,-0.013795
2025-05-01T14:15:56.950000,0.005313
2025-05-01T14:15:56.960000,-0.000660
2025-05-01T14:15:56.970000,0.005375
2025-05-01T14:15:56.980000,0.002146
2025-05-01T14:15:56.990000,-0.009842
2025-05-01T14:15:57,-0.005128
2025-05-01T14:15:57.010000,-0.001182
2025-05-01T14:15:57.020000,0.004269
2025-05-01T14:15:57.030000,-0.003870
2025-05-01T14:15:57.040000,-0.000790
2025-05-01T14:15:57.050000,-0.010900
2025-05-01T14:15:57.060000,-0.002327
2025-05-01T14:15:57.070000,-0.009934
2025-05-01T14:15:57.080000,0.011240
2025-05-01T14:15:57.090000,-0.008227
2025-05-01T14:15:57.100000,-0.013393
2025-05-01T14:15:57.110000,0.000503
2025-05-01T14:15:57.120000,-0.024043
2025-05-01T14:15:57.130000,-0.001395
2025-05-01T14:15:57.140000,-0.005574
2025-05-01T14:15:57.150000,-0.008900
2025-05-01T14:15:57.160000,-0.005603
2025-05-01T14:15:57.170000,-0.001418
2025-05-01T14:15:57.180000,-0.009527
2025-05-01T14:15:57.190000,-0.007205
2025-05-01T14:15:57.200000,-0.007101
2025-05-01T14:15:57.210000,0.009497
2025-05-01T14:15:57.220000,-0.001482
2025-05-01T14:15:57.230000,-0.002058
2025-05-01T14:15:57.240000,-0.015699
2025-05-01T14:15:57.250000,-0.004131
2025-05-01T14:15:57.260000,0.004067
2025-05-01T14:15:57.270000,-0.003678
2025-05-01T14:15:57.280000,-0.009636
2025-05-01T14:15:57.290000,-0.000945
2025-05-01T14:15:57.300000,0.007603
2025-05-01T14:15:57.310000,-0.009811
2025-05-01T14:15:57.320000,-0.033060
2025-05-01T14:15:57.330000,-0.021970
2025-05-01T14:15:57.340000,0.003857
2025-05-01T14:15:57.350000,0.014307
2025-05-01T14:15:57.360000,-0.012073
2025-05-01T14:15:57.370000,-0.006269
2025-05-01T14:15:57.380000,-0.011827
2025-05-01T14:15:57.390000,-0.014395
2025-05-01T14:15:57.400000,-0.003615
2025-05-01T14:15:57.410000,-0.022961
2025-05-01T14:15:57.420000,-0.012926
2025-05-01T14:15:57.430000,-0.015132
2025-05-01T14:15:57.440000,0.001353
2025-05-01T14:15:57.450000,-0.005892
2025-05-01T14:15:57.460000,0.002745
2025-05-01T14:15:57.470000,-0.005538
2025-05-01T14:15:57.480000,0.011276
2025-05-01T14:15:57.490000,0.013643
2025-05-01T14:15:57.500000,-0.008036
2025-05-01T14:15:57.510000,0.008099
2025-05-01T14:15:57.520000,-0.005016
2025-05-01T14:15:57.530000,-0.025191
2025-05-01T14:15:57.540000,0.000889
2025-05-01T14:15:57.550000,-0.003072
2025-05-01T14:15:57.560000,0.001447
2025-05-01T14:15:57.570000,0.003213
2025-05-01T14:15:57.580000,0.002112
2025-05-01T14:15:57.590000,-0.021415
2025-05-01T14:15:57.600000,0.007815
2025-05-01T14:15:57.610000,-0.000571
2025-05-01T14:15:57.620000,0.009515
2025-05-01T14:15:57.630000,0.010775
2025-05-01T14:15:57.640000,0.012099
2025-05-01T14:15:57.650000,-0.005748
2025-05-01T14:15:57.660000,-0.000822
2025-05-01T14:15:57.670000,-0.013040
2025-05-01T14:15:57.680000,0.014345
2025-05-01T14:15:57.690000,-0.010824
2025-05-01T14:15:57.700000,-0.003815
2025-05-01T14:15:57.710000,-0.002397
2025-05-01T14:15:57.720000,-0.008812
2025-05-01T14:15:57.730000,0.010274
2025-05-01T14:15:57.740000,0.010529
2025-05-01T14:15:57.750000,-0.001659
2025-05-01T14:15:57.760000,-0.021693
2025-05-01T14:15:57.770000,0.008226
2025-05-01T14:15:57.780000,-0.010045
2025-05-01T14:15:57.790000,0.016190
2025-05-01T14:15:57.800000,0.010012
2025-05-01T14:15:57.810000,0.026914
2025-05-01T14:15:57.820000,-0.011412
2025-05-01T14:15:57.830000,-0.005060
2025-05-01T14:15:57.840000,-0.009600
2025-05-01T14:15:57.850000,-0.011281
2025-05-01T14:15:57.860000,-0.007960
2025-05-01T14:15:57.870000,-0.017054
2025-05-01T14:15:57.880000,-0.003501
2025-05-01T14:15:57.890000,0.006218
2025-05-01T14:15:57.900000,-0.005369
2025-05-01T14:15:57.910000,-0.014505
2025-05-01T14:15:57.920000,0.002294
2025-05-01T14:15:57.930000,-0.020560
2025-05-01T14:15:57.940000,-0.005611
2025-05-01T14:15:57.950000,-0.001781
2025-05-01T14:15:57.960000,0.034177
2025-05-01T14:15:57.970000,0.006618
2025-05-01T14:15:57.980000,0.008834
2025-05-01T14:15:57.990000,-0.004548
2025-05-01T14:15:58,-0.022639
2025-05-01T14:15:58.010000,0.011793
2025-05-01T14:15:58.020000,0.008635
2025-05-01T14:15:58.030000,0.001467
2025-05-01T14:15:58.040000,-0.010033
2025-05-01T14:15:58.050000,-0.008134
2025-05-01T14:15:58.060000,0.006769
2025-05-01T14:15:58.070000,0.020311
2025-05-01T14:15:58.080000,0.010518
2025-05-01T14:15:58.090000,-0.006720
2025-05-01T14:15:58.100000,-0.003207
2025-05-01T14:15:58.110000,0.007650
2025-05-01T14:15:58.120000,-0.009108
2025-05-01T14:15:58.130000,0.005649
2025-05-01T14:15:58.140000,-0.000376
2025-05-01T14:15:58.150000,-0.021763
2025-05-01T14:15:58.160000,0.005253
2025-05-01T14:15:58.170000,-0.007049
2025-05-01T14:15:58.180000,-0.016104
2025-05-01T14:15:58.190000,-0.004510
2025-05-01T14:15:58.200000,0.000111
2025-05-01T14:15:58.210000,0.006636
2025-05-01T14:15:58.220000,0.012716
2025-05-01T14:15:58.230000,0.023705
2025-05-01T14:15:58.240000,0.002262
2025-05-01T14:15:58.250000,-0.003069
2025-05-01T14:15:58.260000,0.011279
2025-05-01T14:15:58.270000,-0.004449
2025-05-01T14:15:58.280000,0.007737
2025-05-01T14:15:58.290000,0.001762
2025-05-01T14:15:58.300000,0.006998
2025-05-01T14:15:58.310000,0.004797
2025-05-01T14:15:58.320000,0.002341
2025-05-01T14:15:58.330000,0.002007
2025-05-01T14:15:58.340000,-0.004146
2025-05-01T14:15:58.350000,0.014467
2025-05-01T14:15:58.360000,0.008629
2025-05-01T14:15:58.370000,-0.006285
2025-05-01T14:15:58.380000,0.018937
2025-05-01T14:15:58.390000,0.005080
2025-05-01T14:15:58.400000,0.005874
2025-05-01T14:15:58.410000,0.010178
2025-05-01T14:15:58.420000,-0.003012
2025-05-01T14:15:58.430000,-0.006857
2025-05-01T14:15:58.440000,0.003359
2025-05-01T14:15:58.450000,-0.015042
2025-05-01T14:15:58.460000,0.009534
2025-05-01T14:15:58.470000,0.004322
2025-05-01T14:15:58.480000,-0.000270
2025-05-01T14:15:58.490000,0.005171
2025-05-01T14:15:58.500000,0.000931
2025-05-01T14:15:58.510000,-0.001713
2025-05-01T14:15:58.520000,-0.000739
2025-05-01T14:15:58.530000,0.003670
2025-05-01T14:15:58.540000,0.003121
2025-05-01T14:15:58.550000,0.006991
2025-05-01T14:15:58.560000,-0.005173
2025-05-01T14:15:58.570000,-0.003833
2025-05-01T14:15:58.580000,-0.005813
2025-05-01T14:15:58.590000,0.003990
2025-05-01T14:15:58.600000,0.012180
2025-05-01T14:15:58.610000,-0.025426
2025-05-01T14:15:58.620000,-0.012870
2025-05-01T14:15:58.630000,0.014358
2025-05-01T14:15:58.640000,-0.012644
2025-05-01T14:15:58.650000,-0.003485
2025-05-01T14:15:58.660000,0.010772
2025-05-01T14:15:58.670000,0.011181
2025-05-01T14:15:58.680000,0.001357
2025-05-01T14:15:58.690000,0.021314
2025-05-01T14:15:58.700000,-0.016833
2025-05-01T14:15:58.710000,0.005590
2025-05-01T14:15:58.720000,0.007444
2025-05-01T14:15:58.730000,0.012217
2025-05-01T14:15:58.740000,0.002073
2025-05-01T14:15:58.750000,0.008913
2025-05-01T14:15:58.760000,0.008863
2025-05-01T14:15:58.770000,-0.019041
2025-05-01T14:15:58.780000,-0.010564
2025-05-01T14:15:58.790000,0.003276
2025-05-01T14:15:58.800000,-0.020370
2025-05-01T14:15:58.810000,0.017807
2025-05-01T14:15:58.820000,-0.005599
2025-05-01T14:15:58.830000,-0.015914
2025-05-01T14:15:58.840000,0.011103
2025-05-01T14:15:58.850000,0.010443
2025-05-01T14:15:58.860000,-0.000988
2025-05-01T14:15:58.870000,-0.002618
2025-05-01T14:15:58.880000,-0.019953
2025-05-01T14:15:58.890000,-0.013734
2025-05-01T14:15:58.900000,0.008886
2025-05-01T14:15:58.910000,0.004325
2025-05-01T14:15:58.920000,-0.007785
2025-05-01T14:15:58.930000,-0.003409
2025-05-01T14:15:58.940000,-0.006759
2025-05-01T14:15:58.950000,-0.007359
2025-05-01T14:15:58.960000,-0.006922
2025-05-01T14:15:58.970000,0.007241
2025-05-01T14:15:58.980000,-0.023472
2025-05-01T14:15:58.990000,-0.007558
2025-05-01T14:15:59,-0.020055
2025-05-01T14:15:59.010000,0.002078
2025-05-01T14:15:59.020000,0.001884
2025-05-01T14:15:59.030000,0.006813
2025-05-01T14:15:59.040000,0.021003
2025-05-01T14:15:59.050000,-0.018330
2025-05-01T14:15:59.060000,-0.004071
2025-05-01T14:15:59.070000,-0.014869
2025-05-01T14:15:59.080000,0.005846
2025-05-01T14:15:59.090000,-0.003596
2025-05-01T14:15:59.100000,-0.004034
2025-05-01T14:15:59.110000,-0.006609
2025-05-01T14:15:59.120000,0.018682
2025-05-01T14:15:59.130000,0.004041
2025-05-01T14:15:59.140000,-0.008278
2025-05-01T14:15:59.150000,0.027980
2025-05-01T14:15:59.160000,-0.002979
2025-05-01T14:15:59.170000,0.026766
2025-05-01T14:15:59.180000,0.009900
2025-05-01T14:15:59.190000,0.010723
2025-05-01T14:15:59.200000,-0.000709
2025-05-01T14:15:59.210000,0.004742
2025-05-01T14:15:59.220000,0.015103
2025-05-01T14:15:59.230000,0.004519
2025-05-01T14:15:59.240000,0.011354
2025-05-01T14:15:59.250000,-0.009177
2025-05-01T14:15:59.260000,0.008148
2025-05-01T14:15:59.270000,0.003466
2025-05-01T14:15:59.280000,0.011123
2025-05-01T14:15:59.290000,0.013564
2025-05-01T14:15:59.300000,-0.000858
2025-05-01T14:15:59.310000,-0.000988
2025-05-01T14:15:59.320000,-0.000775
2025-05-01T14:15:59.330000,0.005125
2025-05-01T14:15:59.340000,-0.004268
2025-05-01T14:15:59.350000,-0.007961
2025-05-01T14:15:59.360000,-0.000134
2025-05-01T14:15:59.370000,0.011900
2025-05-01T14:15:59.380000,-0.011355
2025-05-01T14:15:59.390000,-0.012590
2025-05-01T14:15:59.400000,-0.001293
2025-05-01T14:15:59.410000,-0.003938
2025-05-01T14:15:59.420000,0.003650
2025-05-01T14:15:59.430000,0.007580
2025-05-01T14:15:59.440000,-0.001054
2025-05-01T14:15:59.450000,0.014227
2025-05-01T14:15:59.460000,-0.005942
2025-05-01T14:15:59.470000,-0.000026
2025-05-01T14:15:59.480000,0.006135
2025-05-01T14:15:59.490000,-0.008293
2025-05-01T14:15:59.500000,0.025063
2025-05-01T14:15:59.510000,-0.006012
2025-05-01T14:15:59.520000,-0.002057
2025-05-01T14:15:59.530000,-0.010057
2025-05-01T14:15:59.540000,-0.016299
2025-05-01T14:15:59.550000,-0.003218
2025-05-01T14:15:59.560000,-0.019910
2025-05-01T14:15:59.570000,0.005042
2025-05-01T14:15:59.580000,-0.003415
2025-05-01T14:15:59.590000,-0.004746
2025-05-01T14:15:59.600000,0.000919
2025-05-01T14:15:59.610000,-0.003828
2025-05-01T14:15:59.620000,-0.004727
2025-05-01T14:15:59.630000,0.004451
2025-05-01T14:15:59.640000,0.004656
2025-05-01T14:15:59.650000,-0.001856
2025-05-01T14:15:59.660000,-0.009290
2025-05-01T14:15:59.670000,-0.004827
2025-05-01T14:15:59.680000,0.003613
2025-05-01T14:15:59.690000,-0.013902
2025-05-01T14:15:59.700000,-0.007878
2025-05-01T14:15:59.710000,-0.001498
2025-05-01T14:15:59.720000,0.010596
2025-05-01T14:15:59.730000,-0.005809
2025-05-01T14:15:59.740000,0.004703
2025-05-01T14:15:59.750000,0.007640
2025-05-01T14:15:59.760000,0.002075
2025-05-01T14:15:59.770000,0.002056
2025-05-01T14:15:59.780000,-0.012420
2025-05-01T14:15:59.790000,-0.017308
2025-05-01T14:15:59.800000,0.015116
2025-05-01T14:15:59.810000,0.004415
2025-05-01T14:15:59.820000,-0.004608
2025-05-01T14:15:59.830000,-0.005597
2025-05-01T14:15:59.840000,-0.010174
2025-05-01T14:15:59.850000,-0.003664
2025-05-01T14:15:59.860000,-0.005284
2025-05-01T14:15:59.870000,-0.003304
2025-05-01T14:15:59.880000,-0.011595
2025-05-01T14:15:59.890000,-0.002432
2025-05-01T14:15:59.900000,0.008328
2025-05-01T14:15:59.910000,-0.021811
2025-05-01T14:15:59.920000,-0.012469
2025-05-01T14:15:59.930000,0.006061
2025-05-01T14:15:59.940000,-0.010614
2025-05-01T14:15:59.950000,0.005434
2025-05-01T14:15:59.960000,-0.007661
2025-05-01T14:15:59.970000,-0.010085
2025-05-01T14:15:59.980000,0.012932
2025-05-01T14:15:59.990000,0.001371
2025-05-01T14:16:00,-0.018203
2025-05-01T14:16:00.010000,0.003740
2025-05-01T14:16:00.020000,-0.004015
2025-05-01T14:16:00.030000,-0.007546
2025-05-01T14:16:00.040000,0.002231
2025-05-01T14:16:00.050000,-0.008583
2025-05-01T14:16:00.060000,0.011873
2025-05-01T14:16:00.070000,0.005585
2025-05-01T14:16:00.080000,-0.002116
2025-05-01T14:16:00.090000,-0.008161
2025-05-01T14:16:00.100000,-0.001058
2025-05-01T14:16:00.110000,-0.014793
2025-05-01T14:16:00.120000,0.015328
2025-05-01T14:16:00.130000,-0.007526
2025-05-01T14:16:00.140000,0.008841
2025-05-01T14:16:00.150000,-0.004675
2025-05-01T14:16:00.160000,-0.010791
2025-05-01T14:16:00.170000,0.010415
2025-05-01T14:16:00.180000,-0.019598
2025-05-01T14:16:00.190000,0.005323
2025-05-01T14:16:00.200000,0.005433
2025-05-01T14:16:00.210000,-0.010911
2025-05-01T14:16:00.220000,0.009436
2025-05-01T14:16:00.230000,-0.024057
2025-05-01T14:16:00.240000,-0.011355
2025-05-01T14:16:00.250000,-0.016780
2025-05-01T14:16:00.260000,-0.005331
2025-05-01T14:16:00.270000,-0.013045
2025-05-01T14:16:00.280000,0.007751
2025-05-01T14:16:00.290000,0.014808
2025-05-01T14:16:00.300000,0.008189
2025-05-01T14:16:00.310000,0.017776
2025-05-01T14:16:00.320000,-0.008958
2025-05-01T14:16:00.330000,0.002473
2025-05-01T14:16:00.340000,-0.004805
2025-05-01T14:16:00.350000,0.002295
2025-05-01T14:16:00.360000,0.005467
2025-05-01T14:16:00.370000,0.006936
2025-05-01T14:16:00.380000,-0.002289
2025-05-01T14:16:00.390000,-0.003913
2025-05-01T14:16:00.400000,0.009690
2025-05-01T14:16:00.410000,-0.001861
2025-05-01T14:16:00.420000,0.004289
2025-05-01T14:16:00.430000,-0.009690
2025-05-01T14:16:00.440000,0.005564
2025-05-01T14:16:00.450000,-0.000652
2025-05-01T14:16:00.460000,0.005678
2025-05-01T14:16:00.470000,-0.025921
2025-05-01T14:16:00.480000,-0.002948
2025-05-01T14:16:00.490000,-0.000772
2025-05-01T14:16:00.500000,-0.007756
2025-05-01T14:16:00.510000,0.018768
2025-05-01T14:16:00.520000,0.010862
2025-05-01T14:16:00.530000,0.019679
2025-05-01T14:16:00.540000,-0.009931
2025-05-01T14:16:00.550000,-0.004702
2025-05-01T14:16:00.560000,0.002553
2025-05-01T14:16:00.570000,-0.002171
2025-05-01T14:16:00.580000,-0.003555
2025-05-01T14:16:00.590000,0.001753
2025-05-01T14:16:00.600000,-0.003087
2025-05-01T14:16:00.610000,0.009158
2025-05-01T14:16:00.620000,-0.001964
2025-05-01T14:16:00.630000,-0.011944
2025-05-01T14:16:00.640000,-0.001179
2025-05-01T14:16:00.650000,0.032100
2025-05-01T14:16:00.660000,-0.010146
2025-05-01T14:16:00.670000,-0.001726
2025-05-01T14:16:00.680000,0.005642
2025-05-01T14:16:00.690000,-0.004309
2025-05-01T14:16:00.700000,0.002101
2025-05-01T14:16:00.710000,0.002413
2025-05-01T14:16:00.720000,0.014837
2025-05-01T14:16:00.730000,0.007280
2025-05-01T14:16:00.740000,0.004102
2025-05-01T14:16:00.750000,-0.002936
2025-05-01T14:16:00.760000,0.008143
2025-05-01T14:16:00.770000,0.000506
2025-05-01T14:16:00.780000,-0.002596
2025-05-01T14:16:00.790000,-0.001616
2025-05-01T14:16:00.800000,0.006636
2025-05-01T14:16:00.810000,0.001986
2025-05-01T14:16:00.820000,0.007686
2025-05-01T14:16:00.830000,-0.010704
2025-05-01T14:16:00.840000,-0.006606
2025-05-01T14:16:00.850000,-0.008036
2025-05-01T14:16:00.860000,0.018791
2025-05-01T14:16:00.870000,-0.007918
2025-05-01T14:16:00.880000,-0.005080
2025-05-01T14:16:00.890000,0.005109
2025-05-01T14:16:00.900000,-0.015138
2025-05-01T14:16:00.910000,0.008910
2025-05-01T14:16:00.920000,0.006830
2025-05-01T14:16:00.930000,-0.002718
2025-05-01T14:16:00.940000,0.007777
2025-05-01T14:16:00.950000,0.000255
2025-05-01T14:16:00.960000,0.003568
2025-05-01T14:16:00.970000,0.004744
2025-05-01T14:16:00.980000,0.016672
2025-05-01T14:16:00.990000,-0.011177
2025-05-01T14:16:01,0.010087
2025-05-01T14:16:01.010000,0.009317
2025-05-01T14:16:01.020000,0.005959
2025-05-01T14:16:01.030000,0.008208
2025-05-01T14:16:01.040000,0.012125
2025-05-01T14:16:01.050000,-0.005555
2025-05-01T14:16:01.060000,0.002237
2025-05-01T14:16:01.070000,-0.000133
2025-05-01T14:16:01.080000,-0.013032
2025-05-01T14:16:01.090000,0.012721
2025-05-01T14:16:01.100000,-0.004245
2025-05-01T14:16:01.110000,-0.003551
2025-05-01T14:16:01.120000,0.009385
2025-05-01T14:16:01.130000,0.007347
2025-05-01T14:16:01.140000,-0.007158
2025-05-01T14:16:01.150000,0.013597
2025-05-01T14:16:01.160000,0.016100
2025-05-01T14:16:01.170000,0.005354
2025-05-01T14:16:01.180000,0.002583
2025-05-01T14:16:01.190000,0.012864
2025-05-01T14:16:01.200000,-0.015151
2025-05-01T14:16:01.210000,0.003767
2025-05-01T14:16:01.220000,0.006566
2025-05-01T14:16:01.230000,0.005927
2025-05-01T14:16:01.240000,-0.001279
2025-05-01T14:16:01.250000,0.003524
2025-05-01T14:16:01.260000,-0.015944
2025-05-01T14:16:01.270000,0.006932
2025-05-01T14:16:01.280000,-0.003121
2025-05-01T14:16:01.290000,-0.015927
2025-05-01T14:16:01.300000,-0.005924
2025-05-01T14:16:01.310000,0.008339
2025-05-01T14:16:01.320000,0.001046
2025-05-01T14:16:01.330000,0.012841
2025-05-01T14:16:01.340000,-0.017666
2025-05-01T14:16:01.350000,0.009936
2025-05-01T14:16:01.360000,0.014187
2025-05-01T14:16:01.370000,0.008685
2025-05-01T14:16:01.380000,0.010231
2025-05-01T14:16:01.390000,-0.003297
2025-05-01T14:16:01.400000,0.004984
2025-05-01T14:16:01.410000,-0.022729
2025-05-01T14:16:01.420000,0.017877
2025-05-01T14:16:01.430000,-0.003115
2025-05-01T14:16:01.440000,-0.010196
2025-05-01T14:16:01.450000,-0.018129
2025-05-01T14:16:01.460000,-0.007493
2025-05-01T14:16:01.470000,-0.007911
2025-05-01T14:16:01.480000,0.003324
2025-05-01T14:16:01.490000,0.010896
2025-05-01T14:16:01.500000,0.017371
2025-05-01T14:16:01.510000,0.014796
2025-05-01T14:16:01.520000,0.005388
2025-05-01T14:16:01.530000,0.007532
2025-05-01T14:16:01.540000,0.003186
2025-05-01T14:16:01.550000,0.005217
2025-05-01T14:16:01.560000,0.009093
2025-05-01T14:16:01.570000,-0.007036
2025-05-01T14:16:01.580000,-0.005214
2025-05-01T14:16:01.590000,0.006646
2025-05-01T14:16:01.600000,0.014390
2025-05-01T14:16:01.610000,0.010065
2025-05-01T14:16:01.620000,0.010763
2025-05-01T14:16:01.630000,-0.000845
2025-05-01T14:16:01.640000,0.005950
2025-05-01T14:16:01.650000,-0.017234
2025-05-01T14:16:01.660000,-0.020488
2025-05-01T14:16:01.670000,-0.003000
2025-05-01T14:16:01.680000,0.013927
2025-05-01T14:16:01.690000,0.010402
2025-05-01T14:16:01.700000,-0.005379
2025-05-01T14:16:01.710000,0.011318
2025-05-01T14:16:01.720000,-0.005037
2025-05-01T14:16:01.730000,-0.001236
2025-05-01T14:16:01.740000,-0.000306
2025-05-01T14:16:01.750000,-0.016872
2025-05-01T14:16:01.760000,0.015582
2025-05-01T14:16:01.770000,-0.011678
2025-05-01T14:16:01.780000,0.016183
2025-05-01T14:16:01.790000,-0.001539
2025-05-01T14:16:01.800000,-0.005140
2025-05-01T14:16:01.810000,-0.017963
2025-05-01T14:16:01.820000,-0.002518
2025-05-01T14:16:01.830000,0.002442
2025-05-01T14:16:01.840000,0.010268
2025-05-01T14:16:01.850000,0.008155
2025-05-01T14:16:01.860000,0.005023
2025-05-01T14:16:01.870000,0.000678
2025-05-01T14:16:01.880000,-0.013874
2025-05-01T14:16:01.890000,0.015490
2025-05-01T14:16:01.900000,-0.001451
2025-05-01T14:16:01.910000,-0.004192
2025-05-01T14:16:01.920000,0.021323
2025-05-01T14:16:01.930000,0.005021
2025-05-01T14:16:01.940000,0.004992
2025-05-01T14:16:01.950000,-0.011621
2025-05-01T14:16:01.960000,-0.004521
2025-05-01T14:16:01.970000,0.003934
2025-05-01T14:16:01.980000,0.014369
2025-05-01T14:16:01.990000,0.014609
2025-05-01T14:16:02,0.010612
2025-05-01T14:16:02.010000,0.003496
2025-05-01T14:16:02.020000,-0.001826
2025-05-01T14:16:02.030000,0.003527
2025-05-01T14:16:02.040000,-0.009012
2025-05-01T14:16:02.050000,0.017239
2025-05-01T14:16:02.060000,-0.016688
2025-05-01T14:16:02.070000,-0.002428
2025-05-01T14:16:02.080000,-0.002817
2025-05-01T14:16:02.090000,0.007135
2025-05-01T14:16:02.100000,-0.002040
2025-05-01T14:16:02.110000,-0.004256
2025-05-01T14:16:02.120000,-0.007520
2025-05-01T14:16:02.130000,0.002246
2025-05-01T14:16:02.140000,-0.001373
2025-05-01T14:16:02.150000,-0.003291
2025-05-01T14:16:02.160000,-0.007728
2025-05-01T14:16:02.170000,-0.002805
2025-05-01T14:16:02.180000,-0.004420
2025-05-01T14:16:02.190000,0.007593
2025-05-01T14:16:02.200000,0.005301
2025-05-01T14:16:02.210000,0.004702
2025-05-01T14:16:02.220000,-0.005883
2025-05-01T14:16:02.230000,-0.008541
2025-05-01T14:16:02.240000,-0.025911
2025-05-01T14:16:02.250000,0.000759
2025-05-01T14:16:02.260000,0.010681
2025-05-01T14:16:02.270000,0.013719
2025-05-01T14:16:02.280000,0.002239
2025-05-01T14:16:02.290000,-0.017054
2025-05-01T14:16:02.300000,-0.000446
2025-05-01T14:16:02.310000,-0.007611
2025-05-01T14:16:02.320000,-0.012787
2025-05-01T14:16:02.330000,0.008971
2025-05-01T14:16:02.340000,0.012310
2025-05-01T14:16:02.350000,0.004733
2025-05-01T14:16:02.360000,-0.004220
2025-05-01T14:16:02.370000,0.014452
2025-05-01T14:16:02.380000,0.004166
2025-05-01T14:16:02.390000,0.040030
2025-05-01T14:16:02.400000,0.020617
2025-05-01T14:16:02.410000,-0.004518
2025-05-01T14:16:02.420000,0.003720
2025-05-01T14:16:02.430000,-0.005457
2025-05-01T14:16:02.440000,-0.011629
2025-05-01T14:16:02.450000,-0.013135
2025-05-01T14:16:02.460000,-0.015832
2025-05-01T14:16:02.470000,0.004625
2025-05-01T14:16:02.480000,0.006989
2025-05-01T14:16:02.490000,-0.007450
2025-05-01T14:16:02.500000,0.005965
2025-05-01T14:16:02.510000,0.008501
2025-05-01T14:16:02.520000,-0.016641
2025-05-01T14:16:02.530000,-0.002207
2025-05-01T14:16:02.540000,0.007787
2025-05-01T14:16:02.550000,0.001511
2025-05-01T14:16:02.560000,-0.007035
2025-05-01T14:16:02.570000,-0.012744
2025-05-01T14:16:02.580000,-0.020502
2025-05-01T14:16:02.590000,-0.004226
2025-05-01T14:16:02.600000,0.002681
2025-05-01T14:16:02.610000,-0.005059
2025-05-01T14:16:02.620000,-0.003597
2025-05-01T14:16:02.630000,0.009039
2025-05-01T14:16:02.640000,0.009936
2025-05-01T14:16:02.650000,-0.000612
2025-05-01T14:16:02.660000,0.004954
2025-05-01T14:16:02.670000,-0.011394
2025-05-01T14:16:02.680000,-0.018283
2025-05-01T14:16:02.690000,-0.007189
2025-05-01T14:16:02.700000,0.000876
2025-05-01T14:16:02.710000,-0.010359
2025-05-01T14:16:02.720000,-0.004336
2025-05-01T14:16:02.730000,0.004652
2025-05-01T14:16:02.740000,-0.010535
2025-05-01T14:16:02.750000,0.009006
2025-05-01T14:16:02.760000,-0.016850
2025-05-01T14:16:02.770000,-0.002340
2025-05-01T14:16:02.780000,-0.010835
2025-05-01T14:16:02.790000,-0.003255
2025-05-01T14:16:02.800000,-0.012459
2025-05-01T14:16:02.810000,0.001916
2025-05-01T14:16:02.820000,0.004046
2025-05-01T14:16:02.830000,-0.016675
2025-05-01T14:16:02.840000,0.000911
2025-05-01T14:16:02.850000,0.004762
2025-05-01T14:16:02.860000,-0.016969
2025-05-01T14:16:02.870000,-0.020087
2025-05-01T14:16:02.880000,-0.007898
2025-05-01T14:16:02.890000,-0.003037
2025-05-01T14:16:02.900000,0.002352
2025-05-01T14:16:02.910000,-0.005496
2025-05-01T14:16:02.920000,0.017964
2025-05-01T14:16:02.930000,0.008773
2025-05-01T14:16:02.940000,-0.006696
2025-05-01T14:16:02.950000,0.001663
2025-05-01T14:16:02.960000,-0.002267
2025-05-01T14:16:02.970000,-0.002809
2025-05-01T14:16:02.980000,0.018650
2025-05-01T14:16:02.990000,-0.003098
2025-05-01T14:16:03,0.002002
2025-05-01T14:16:03.010000,0.010459
2025-05-01T14:16:03.020000,0.015655
2025-05-01T14:16:03.030000,-0.003084
2025-05-01T14:16:03.040000,-0.000450
2025-05-01T14:16:03.050000,-0.007402
2025-05-01T14:16:03.060000,-0.001807
2025-05-01T14:16:03.070000,0.000714
2025-05-01T14:16:03.080000,-0.009962
2025-05-01T14:16:03.090000,0.016721
2025-05-01T14:16:03.100000,0.006725
2025-05-01T14:16:03.110000,-0.006347
2025-05-01T14:16:03.120000,-0.003136
2025-05-01T14:16:03.130000,0.002654
2025-05-01T14:16:03.140000,0.005899
2025-05-01T14:16:03.150000,0.023584
2025-05-01T14:16:03.160000,0.011378
2025-05-01T14:16:03.170000,-0.005311
2025-05-01T14:16:03.180000,-0.006266
2025-05-01T14:16:03.190000,-0.005735
2025-05-01T14:16:03.200000,0.000850
2025-05-01T14:16:03.210000,0.003603
2025-05-01T14:16:03.220000,0.005182
2025-05-01T14:16:03.230000,-0.002670
2025-05-01T14:16:03.240000,0.022672
2025-05-01T14:16:03.250000,0.017563
2025-05-01T14:16:03.260000,-0.007235
2025-05-01T14:16:03.270000,0.006828
2025-05-01T14:16:03.280000,0.018655
2025-05-01T14:16:03.290000,-0.004421
2025-05-01T14:16:03.300000,-0.008576
2025-05-01T14:16:03.310000,-0.002948
2025-05-01T14:16:03.320000,-0.022405
2025-05-01T14:16:03.330000,0.014487
2025-05-01T14:16:03.340000,-0.000646
2025-05-01T14:16:03.350000,-0.004793
2025-05-01T14:16:03.360000,0.009928
2025-05-01T14:16:03.370000,-0.004459
2025-05-01T14:16:03.380000,-0.006049
2025-05-01T14:16:03.390000,0.000101
2025-05-01T14:16:03.400000,-0.003709
2025-05-01T14:16:03.410000,0.014685
2025-05-01T14:16:03.420000,-0.016343
2025-05-01T14:16:03.430000,-0.004970
2025-05-01T14:16:03.440000,0.002151
2025-05-01T14:16:03.450000,-0.026619
2025-05-01T14:16:03.460000,0.010839
2025-05-01T14:16:03.470000,0.010694
2025-05-01T14:16:03.480000,0.007161
2025-05-01T14:16:03.490000,-0.024400
2025-05-01T14:16:03.500000,0.005731
2025-05-01T14:16:03.510000,0.002620
2025-05-01T14:16:03.520000,0.005974
2025-05-01T14:16:03.530000,0.012989
2025-05-01T14:16:03.540000,0.002098
2025-05-01T14:16:03.550000,-0.005734
2025-05-01T14:16:03.560000,-0.000043
2025-05-01T14:16:03.570000,-0.000803
2025-05-01T14:16:03.580000,-0.010966
2025-05-01T14:16:03.590000,-0.006968
2025-05-01T14:16:03.600000,-0.006839
2025-05-01T14:16:03.610000,-0.007079
2025-05-01T14:16:03.620000,-0.004658
2025-05-01T14:16:03.630000,-0.019951
2025-05-01T14:16:03.640000,0.007004
2025-05-01T14:16:03.650000,0.010613
2025-05-01T14:16:03.660000,0.013595
2025-05-01T14:16:03.670000,0.000237
2025-05-01T14:16:03.680000,-0.010015
2025-05-01T14:16:03.690000,-0.005431
2025-05-01T14:16:03.700000,0.006427
2025-05-01T14:16:03.710000,-0.001973
2025-05-01T14:16:03.720000,-0.010904
2025-05-01T14:16:03.730000,0.010249
2025-05-01T14:16:03.740000,-0.002118
2025-05-01T14:16:03.750000,0.007434
2025-05-01T14:16:03.760000,-0.028976
2025-05-01T14:16:03.770000,-0.006812
2025-05-01T14:16:03.780000,0.014300
2025-05-01T14:16:03.790000,0.001087
2025-05-01T14:16:03.800000,0.003572
2025-05-01T14:16:03.810000,-0.004878
2025-05-01T14:16:03.820000,-0.007348
2025-05-01T14:16:03.830000,-0.005372
2025-05-01T14:16:03.840000,-0.005162
2025-05-01T14:16:03.850000,0.018015
2025-05-01T14:16:03.860000,-0.013830
2025-05-01T14:16:03.870000,0.015342
2025-05-01T14:16:03.880000,-0.000213
2025-05-01T14:16:03.890000,0.002533
2025-05-01T14:16:03.900000,-0.015786
2025-05-01T14:16:03.910000,0.006308
2025-05-01T14:16:03.920000,-0.022270
2025-05-01T14:16:03.930000,-0.001240
2025-05-01T14:16:03.940000,0.001671
2025-05-01T14:16:03.950000,-0.017332
2025-05-01T14:16:03.960000,-0.006584
2025-05-01T14:16:03.970000,-0.004231
2025-05-01T14:16:03.980000,0.010754
2025-05-01T14:16:03.990000,0.003015
2025-05-01T14:16:04,-0.012181
2025-05-01T14:16:04.010000,-0.010356
2025-05-01T14:16:04.020000,-0.016664
2025-05-01T14:16:04.030000,0.002261
2025-05-01T14:16:04.040000,-0.006119
2025-05-01T14:16:04.050000,0.000914
2025-05-01T14:16:04.060000,-0.008637
2025-05-01T14:16:04.070000,0.009452
2025-05-01T14:16:04.080000,0.001700
2025-05-01T14:16:04.090000,-0.000967
2025-05-01T14:16:04.100000,0.011515
2025-05-01T14:16:04.110000,-0.004064
2025-05-01T14:16:04.120000,0.003069
2025-05-01T14:16:04.130000,0.017875
2025-05-01T14:16:04.140000,0.011439
2025-05-01T14:16:04.150000,0.012097
2025-05-01T14:16:04.160000,-0.007732
2025-05-01T14:16:04.170000,0.006185
2025-05-01T14:16:04.180000,0.006830
2025-05-01T14:16:04.190000,-0.011316
2025-05-01T14:16:04.200000,-0.009308
2025-05-01T14:16:04.210000,0.005375
2025-05-01T14:16:04.220000,0.004462
2025-05-01T14:16:04.230000,0.003370
2025-05-01T14:16:04.240000,-0.002585
2025-05-01T14:16:04.250000,0.005118
2025-05-01T14:16:04.260000,-0.001662
2025-05-01T14:16:04.270000,0.010483
2025-05-01T14:16:04.280000,0.010680
2025-05-01T14:16:04.290000,-0.014607
2025-05-01T14:16:04.300000,-0.001320
2025-05-01T14:16:04.310000,0.010723
2025-05-01T14:16:04.320000,0.001350
2025-05-01T14:16:04.330000,-0.009444
2025-05-01T14:16:04.340000,-0.003829
2025-05-01T14:16:04.350000,0.003042
2025-05-01T14:16:04.360000,-0.007967
2025-05-01T14:16:04.370000,-0.004208
2025-05-01T14:16:04.380000,0.018813
2025-05-01T14:16:04.390000,0.016184
2025-05-01T14:16:04.400000,-0.008659
2025-05-01T14:16:04.410000,0.002426
2025-05-01T14:16:04.420000,-0.009844
2025-05-01T14:16:04.430000,-0.005862
2025-05-01T14:16:04.440000,-0.013385
2025-05-01T14:16:04.450000,-0.005449
2025-05-01T14:16:04.460000,0.007328
2025-05-01T14:16:04.470000,0.001468
2025-05-01T14:16:04.480000,0.009496
2025-05-01T14:16:04.490000,-0.015855
2025-05-01T14:16:04.500000,-0.009090
2025-05-01T14:16:04.510000,0.002726
2025-05-01T14:16:04.520000,0.001613
2025-05-01T14:16:04.530000,0.013665
2025-05-01T14:16:04.540000,-0.016054
2025-05-01T14:16:04.550000,0.009845
2025-05-01T14:16:04.560000,0.008640
2025-05-01T14:16:04.570000,-0.009406
2025-05-01T14:16:04.580000,0.010704
2025-05-01T14:16:04.590000,0.000473
2025-05-01T14:16:04.600000,0.000685
2025-05-01T14:16:04.610000,-0.001853
2025-05-01T14:16:04.620000,0.003907
2025-05-01T14:16:04.630000,0.000068
2025-05-01T14:16:04.640000,0.001760
2025-05-01T14:16:04.650000,0.020365
2025-05-01T14:16:04.660000,-0.003407
2025-05-01T14:16:04.670000,0.002111
2025-05-01T14:16:04.680000,-0.015110
2025-05-01T14:16:04.690000,0.003690
2025-05-01T14:16:04.700000,-0.020374
2025-05-01T14:16:04.710000,-0.004644
2025-05-01T14:16:04.720000,-0.003760
2025-05-01T14:16:04.730000,0.001282
2025-05-01T14:16:04.740000,-0.009830
2025-05-01T14:16:04.750000,-0.010395
2025-05-01T14:16:04.760000,-0.001475
2025-05-01T14:16:04.770000,0.017615
2025-05-01T14:16:04.780000,0.001139
2025-05-01T14:16:04.790000,0.004519
2025-05-01T14:16:04.800000,-0.014578
2025-05-01T14:16:04.810000,-0.002930
2025-05-01T14:16:04.820000,0.006987
2025-05-01T14:16:04.830000,-0.001237
2025-05-01T14:16:04.840000,-0.012866
2025-05-01T14:16:04.850000,-0.002687
2025-05-01T14:16:04.860000,-0.006992
2025-05-01T14:16:04.870000,0.019242
2025-05-01T14:16:04.880000,0.018035
2025-05-01T14:16:04.890000,-0.000826
2025-05-01T14:16:04.900000,-0.006231
2025-05-01T14:16:04.910000,-0.010629
2025-05-01T14:16:04.920000,-0.007174
2025-05-01T14:16:04.930000,-0.000512
2025-05-01T14:16:04.940000,0.007863
2025-05-01T14:16:04.950000,0.007939
2025-05-01T14:16:04.960000,0.005147
2025-05-01T14:16:04.970000,0.001993
2025-05-01T14:16:04.980000,0.005207
2025-05-01T14:16:04.990000,-0.002526
