time,data
2025-05-01T14:14:25,0.002141
2025-05-01T14:14:25.010000,0.003192
2025-05-01T14:14:25.020000,-0.011118
2025-05-01T14:14:25.030000,-0.004195
2025-05-01T14:14:25.040000,0.007222
2025-05-01T14:14:25.050000,0.000075
2025-05-01T14:14:25.060000,0.006357
2025-05-01T14:14:25.070000,0.003730
2025-05-01T14:14:25.080000,-0.001251
2025-05-01T14:14:25.090000,0.017414
2025-05-01T14:14:25.100000,-0.004473
2025-05-01T14:14:25.110000,-0.016093
2025-05-01T14:14:25.120000,0.001789
2025-05-01T14:14:25.130000,0.008774
2025-05-01T14:14:25.140000,0.003440
2025-05-01T14:14:25.150000,0.006004
2025-05-01T14:14:25.160000,-0.000183
2025-05-01T14:14:25.170000,0.009783
2025-05-01T14:14:25.180000,0.002973
2025-05-01T14:14:25.190000,-0.000332
2025-05-01T14:14:25.200000,0.010776
2025-05-01T14:14:25.210000,-0.020632
2025-05-01T14:14:25.220000,-0.011253
2025-05-01T14:14:25.230000,0.003280
2025-05-01T14:14:25.240000,-0.030408
2025-05-01T14:14:25.250000,0.002136
2025-05-01T14:14:25.260000,0.011496
2025-05-01T14:14:25.270000,0.001788
2025-05-01T14:14:25.280000,-0.007522
2025-05-01T14:14:25.290000,0.000525
2025-05-01T14:14:25.300000,-0.006152
2025-05-01T14:14:25.310000,0.011413
2025-05-01T14:14:25.320000,0.000407
2025-05-01T14:14:25.330000,0.001096
2025-05-01T14:14:25.340000,0.008080
2025-05-01T14:14:25.350000,0.006685
2025-05-01T14:14:25.360000,-0.013192
2025-05-01T14:14:25.370000,-0.001240
2025-05-01T14:14:25.380000,0.019303
2025-05-01T14:14:25.390000,0.005673
2025-05-01T14:14:25.400000,0.012065
2025-05-01T14:14:25.410000,0.002817
2025-05-01T14:14:25.420000,0.002249
2025-05-01T14:14:25.430000,-0.008412
2025-05-01T14:14:25.440000,0.006406
2025-05-01T14:14:25.450000,-0.006767
2025-05-01T14:14:25.460000,0.005952
2025-05-01T14:14:25.470000,-0.004804
2025-05-01T14:14:25.480000,0.001398
2025-05-01T14:14:25.490000,0.014215
2025-05-01T14:14:25.500000,0.014974
2025-05-01T14:14:25.510000,0.001313
2025-05-01T14:14:25.520000,0.005258
2025-05-01T14:14:25.530000,-0.014539
2025-05-01T14:14:25.540000,-0.001748
2025-05-01T14:14:25.550000,-0.001393
2025-05-01T14:14:25.560000,-0.010727
2025-05-01T14:14:25.570000,-0.009750
2025-05-01T14:14:25.580000,-0.004159
2025-05-01T14:14:25.590000,0.016973
2025-05-01T14:14:25.600000,-0.012398
2025-05-01T14:14:25.610000,-0.009698
2025-05-01T14:14:25.620000,0.000912
2025-05-01T14:14:25.630000,-0.002930
2025-05-01T14:14:25.640000,-0.015695
2025-05-01T14:14:25.650000,-0.009527
2025-05-01T14:14:25.660000,0.001271
2025-05-01T14:14:25.670000,-0.003953
2025-05-01T14:14:25.680000,-0.008542
2025-05-01T14:14:25.690000,0.007867
2025-05-01T14:14:25.700000,-0.016462
2025-05-01T14:14:25.710000,0.013401
2025-05-01T14:14:25.720000,-0.016835
2025-05-01T14:14:25.730000,0.009987
2025-05-01T14:14:25.740000,0.000620
2025-05-01T14:14:25.750000,0.005023
2025-05-01T14:14:25.760000,-0.006314
2025-05-01T14:14:25.770000,0.000264
2025-05-01T14:14:25.780000,-0.002171
2025-05-01T14:14:25.790000,0.007309
2025-05-01T14:14:25.800000,-0.016225
2025-05-01T14:14:25.810000,0.006222
2025-05-01T14:14:25.820000,0.001389
2025-05-01T14:14:25.830000,-0.009587
2025-05-01T14:14:25.840000,0.009680
2025-05-01T14:14:25.850000,-0.008846
2025-05-01T14:14:25.860000,-0.013087
2025-05-01T14:14:25.870000,-0.001010
2025-05-01T14:14:25.880000,-0.003209
2025-05-01T14:14:25.890000,0.002079
2025-05-01T14:14:25.900000,0.000836
2025-05-01T14:14:25.910000,-0.010359
2025-05-01T14:14:25.920000,-0.011874
2025-05-01T14:14:25.930000,0.011702
2025-05-01T14:14:25.940000,-0.023342
2025-05-01T14:14:25.950000,0.008840
2025-05-01T14:14:25.960000,-0.007239
2025-05-01T14:14:25.970000,-0.005491
2025-05-01T14:14:25.980000,-0.006279
2025-05-01T14:14:25.990000,-0.005411
2025-05-01T14:14:26,-0.003607
2025-05-01T14:14:26.010000,0.005939
2025-05-01T14:14:26.020000,0.028644
2025-05-01T14:14:26.030000,0.018555
2025-05-01T14:14:26.040000,0.006627
2025-05-01T14:14:26.050000,0.005534
2025-05-01T14:14:26.060000,-0.006491
2025-05-01T14:14:26.070000,0.002409
2025-05-01T14:14:26.080000,-0.002546
2025-05-01T14:14:26.090000,0.002835
2025-05-01T14:14:26.100000,-0.001074
2025-05-01T14:14:26.110000,0.009341
2025-05-01T14:14:26.120000,0.001338
2025-05-01T14:14:26.130000,-0.007299
2025-05-01T14:14:26.140000,0.002468
2025-05-01T14:14:26.150000,0.005750
2025-05-01T14:14:26.160000,0.013128
2025-05-01T14:14:26.170000,0.012635
2025-05-01T14:14:26.180000,-0.017249
2025-05-01T14:14:26.190000,0.016814
2025-05-01T14:14:26.200000,-0.009517
2025-05-01T14:14:26.210000,-0.003548
2025-05-01T14:14:26.220000,0.004803
2025-05-01T14:14:26.230000,-0.003601
2025-05-01T14:14:26.240000,0.003751
2025-05-01T14:14:26.250000,0.005598
2025-05-01T14:14:26.260000,0.003936
2025-05-01T14:14:26.270000,0.007655
2025-05-01T14:14:26.280000,-0.002936
2025-05-01T14:14:26.290000,-0.002947
2025-05-01T14:14:26.300000,0.011085
2025-05-01T14:14:26.310000,-0.000424
2025-05-01T14:14:26.320000,0.007866
2025-05-01T14:14:26.330000,-0.004637
2025-05-01T14:14:26.340000,-0.002620
2025-05-01T14:14:26.350000,0.000437
2025-05-01T14:14:26.360000,-0.005958
2025-05-01T14:14:26.370000,-0.003031
2025-05-01T14:14:26.380000,0.014601
2025-05-01T14:14:26.390000,-0.009277
2025-05-01T14:14:26.400000,-0.020384
2025-05-01T14:14:26.410000,0.001451
2025-05-01T14:14:26.420000,0.016049
2025-05-01T14:14:26.430000,-0.008901
2025-05-01T14:14:26.440000,0.002464
2025-05-01T14:14:26.450000,-0.023207
2025-05-01T14:14:26.460000,0.005373
2025-05-01T14:14:26.470000,-0.005593
2025-05-01T14:14:26.480000,-0.011496
2025-05-01T14:14:26.490000,0.002779
2025-05-01T14:14:26.500000,-0.002915
2025-05-01T14:14:26.510000,-0.007539
2025-05-01T14:14:26.520000,0.004640
2025-05-01T14:14:26.530000,-0.000111
2025-05-01T14:14:26.540000,-0.010730
2025-05-01T14:14:26.550000,0.013954
2025-05-01T14:14:26.560000,-0.005675
2025-05-01T14:14:26.570000,-0.010774
2025-05-01T14:14:26.580000,0.004541
2025-05-01T14:14:26.590000,0.006723
2025-05-01T14:14:26.600000,-0.001423
2025-05-01T14:14:26.610000,-0.008958
2025-05-01T14:14:26.620000,0.006029
2025-05-01T14:14:26.630000,-0.021417
2025-05-01T14:14:26.640000,-0.011894
2025-05-01T14:14:26.650000,0.005156
2025-05-01T14:14:26.660000,0.014079
2025-05-01T14:14:26.670000,0.009951
2025-05-01T14:14:26.680000,0.002798
2025-05-01T14:14:26.690000,0.007661
2025-05-01T14:14:26.700000,-0.001121
2025-05-01T14:14:26.710000,-0.022939
2025-05-01T14:14:26.720000,-0.012938
2025-05-01T14:14:26.730000,0.004493
2025-05-01T14:14:26.740000,-0.006595
2025-05-01T14:14:26.750000,-0.016921
2025-05-01T14:14:26.760000,-0.000429
2025-05-01T14:14:26.770000,-0.003696
2025-05-01T14:14:26.780000,-0.008190
2025-05-01T14:14:26.790000,0.001500
2025-05-01T14:14:26.800000,-0.000891
2025-05-01T14:14:26.810000,-0.010594
2025-05-01T14:14:26.820000,-0.014757
2025-05-01T14:14:26.830000,0.002639
2025-05-01T14:14:26.840000,0.006037
2025-05-01T14:14:26.850000,0.021852
2025-05-01T14:14:26.860000,0.007349
2025-05-01T14:14:26.870000,-0.010708
2025-05-01T14:14:26.880000,-0.011562
2025-05-01T14:14:26.890000,0.004006
2025-05-01T14:14:26.900000,-0.007008
2025-05-01T14:14:26.910000,0.003124
2025-05-01T14:14:26.920000,-0.010270
2025-05-01T14:14:26.930000,0.000693
2025-05-01T14:14:26.940000,0.001754
2025-05-01T14:14:26.950000,0.015361
2025-05-01T14:14:26.960000,0.004670
2025-05-01T14:14:26.970000,0.001954
2025-05-01T14:14:26.980000,0.013234
2025-05-01T14:14:26.990000,-0.008480
2025-05-01T14:14:27,-0.009920
2025-05-01T14:14:27.010000,0.009503
2025-05-01T14:14:27.020000,0.004386
2025-05-01T14:14:27.030000,0.010642
2025-05-01T14:14:27.040000,0.004403
2025-05-01T14:14:27.050000,0.011770
2025-05-01T14:14:27.060000,0.006105
2025-05-01T14:14:27.070000,-0.014407
2025-05-01T14:14:27.080000,-0.000539
2025-05-01T14:14:27.090000,-0.011958
2025-05-01T14:14:27.100000,0.009678
2025-05-01T14:14:27.110000,-0.005549
2025-05-01T14:14:27.120000,0.011952
2025-05-01T14:14:27.130000,0.002831
2025-05-01T14:14:27.140000,0.002065
2025-05-01T14:14:27.150000,0.004988
2025-05-01T14:14:27.160000,-0.003107
2025-05-01T14:14:27.170000,0.020293
2025-05-01T14:14:27.180000,0.022756
2025-05-01T14:14:27.190000,0.008314
2025-05-01T14:14:27.200000,0.012458
2025-05-01T14:14:27.210000,-0.008356
2025-05-01T14:14:27.220000,0.005143
2025-05-01T14:14:27.230000,0.003263
2025-05-01T14:14:27.240000,0.019075
2025-05-01T14:14:27.250000,-0.017830
2025-05-01T14:14:27.260000,0.009815
2025-05-01T14:14:27.270000,-0.003939
2025-05-01T14:14:27.280000,0.024352
2025-05-01T14:14:27.290000,0.002798
2025-05-01T14:14:27.300000,-0.008731
2025-05-01T14:14:27.310000,0.002637
2025-05-01T14:14:27.320000,0.009481
2025-05-01T14:14:27.330000,-0.014892
2025-05-01T14:14:27.340000,0.006970
2025-05-01T14:14:27.350000,-0.003135
2025-05-01T14:14:27.360000,0.012331
2025-05-01T14:14:27.370000,-0.009276
2025-05-01T14:14:27.380000,-0.006893
2025-05-01T14:14:27.390000,-0.001081
2025-05-01T14:14:27.400000,-0.004922
2025-05-01T14:14:27.410000,0.023072
2025-05-01T14:14:27.420000,-0.004617
2025-05-01T14:14:27.430000,-0.013720
2025-05-01T14:14:27.440000,0.015298
2025-05-01T14:14:27.450000,0.009284
2025-05-01T14:14:27.460000,0.017840
2025-05-01T14:14:27.470000,-0.005284
2025-05-01T14:14:27.480000,0.007927
2025-05-01T14:14:27.490000,-0.002397
2025-05-01T14:14:27.500000,0.010929
2025-05-01T14:14:27.510000,0.009981
2025-05-01T14:14:27.520000,-0.003942
2025-05-01T14:14:27.530000,0.006817
2025-05-01T14:14:27.540000,-0.003967
2025-05-01T14:14:27.550000,0.008601
2025-05-01T14:14:27.560000,-0.003256
2025-05-01T14:14:27.570000,-0.002560
2025-05-01T14:14:27.580000,-0.004991
2025-05-01T14:14:27.590000,-0.014064
2025-05-01T14:14:27.600000,0.009711
2025-05-01T14:14:27.610000,-0.001530
2025-05-01T14:14:27.620000,-0.007645
2025-05-01T14:14:27.630000,0.020426
2025-05-01T14:14:27.640000,-0.015358
2025-05-01T14:14:27.650000,-0.002848
2025-05-01T14:14:27.660000,0.000006
2025-05-01T14:14:27.670000,-0.019679
2025-05-01T14:14:27.680000,-0.005231
2025-05-01T14:14:27.690000,0.007098
2025-05-01T14:14:27.700000,-0.001879
2025-05-01T14:14:27.710000,-0.008313
2025-05-01T14:14:27.720000,-0.001666
2025-05-01T14:14:27.730000,-0.012155
2025-05-01T14:14:27.740000,-0.021571
2025-05-01T14:14:27.750000,-0.000538
2025-05-01T14:14:27.760000,-0.001801
2025-05-01T14:14:27.770000,0.010098
2025-05-01T14:14:27.780000,-0.005029
2025-05-01T14:14:27.790000,-0.016435
2025-05-01T14:14:27.800000,-0.000024
2025-05-01T14:14:27.810000,0.005450
2025-05-01T14:14:27.820000,0.011527
2025-05-01T14:14:27.830000,0.009232
2025-05-01T14:14:27.840000,-0.005514
2025-05-01T14:14:27.850000,0.005967
2025-05-01T14:14:27.860000,-0.004453
2025-05-01T14:14:27.870000,0.016801
2025-05-01T14:14:27.880000,0.004198
2025-05-01T14:14:27.890000,0.010253
2025-05-01T14:14:27.900000,-0.010325
2025-05-01T14:14:27.910000,0.019103
2025-05-01T14:14:27.920000,0.008562
2025-05-01T14:14:27.930000,0.004140
2025-05-01T14:14:27.940000,0.008016
2025-05-01T14:14:27.950000,-0.003638
2025-05-01T14:14:27.960000,0.024516
2025-05-01T14:14:27.970000,0.000755
2025-05-01T14:14:27.980000,0.012966
2025-05-01T14:14:27.990000,-0.005356
2025-05-01T14:14:28,0.002599
2025-05-01T14:14:28.010000,0.004223
2025-05-01T14:14:28.020000,0.021782
2025-05-01T14:14:28.030000,-0.008681
2025-05-01T14:14:28.040000,0.011764
2025-05-01T14:14:28.050000,0.013898
2025-05-01T14:14:28.060000,-0.000213
2025-05-01T14:14:28.070000,0.005304
2025-05-01T14:14:28.080000,-0.015472
2025-05-01T14:14:28.090000,0.010322
2025-05-01T14:14:28.100000,0.010752
2025-05-01T14:14:28.110000,0.016973
2025-05-01T14:14:28.120000,0.002875
2025-05-01T14:14:28.130000,-0.015162
2025-05-01T14:14:28.140000,-0.002452
2025-05-01T14:14:28.150000,-0.004510
2025-05-01T14:14:28.160000,0.004057
2025-05-01T14:14:28.170000,-0.013805
2025-05-01T14:14:28.180000,0.010098
2025-05-01T14:14:28.190000,-0.002279
2025-05-01T14:14:28.200000,0.000859
2025-05-01T14:14:28.210000,0.000965
2025-05-01T14:14:28.220000,0.006888
2025-05-01T14:14:28.230000,0.014705
2025-05-01T14:14:28.240000,-0.002349
2025-05-01T14:14:28.250000,-0.027868
2025-05-01T14:14:28.260000,0.014308
2025-05-01T14:14:28.270000,0.013426
2025-05-01T14:14:28.280000,-0.005521
2025-05-01T14:14:28.290000,-0.008121
2025-05-01T14:14:28.300000,-0.000449
2025-05-01T14:14:28.310000,-0.003310
2025-05-01T14:14:28.320000,-0.000051
2025-05-01T14:14:28.330000,0.009595
2025-05-01T14:14:28.340000,0.002836
2025-05-01T14:14:28.350000,-0.007776
2025-05-01T14:14:28.360000,0.000565
2025-05-01T14:14:28.370000,-0.004630
2025-05-01T14:14:28.380000,-0.004609
2025-05-01T14:14:28.390000,0.006148
2025-05-01T14:14:28.400000,0.008500
2025-05-01T14:14:28.410000,0.004746
2025-05-01T14:14:28.420000,0.000429
2025-05-01T14:14:28.430000,0.014297
2025-05-01T14:14:28.440000,-0.015073
2025-05-01T14:14:28.450000,-0.005700
2025-05-01T14:14:28.460000,-0.015080
2025-05-01T14:14:28.470000,0.004422
2025-05-01T14:14:28.480000,0.006928
2025-05-01T14:14:28.490000,0.005561
2025-05-01T14:14:28.500000,-0.014178
2025-05-01T14:14:28.510000,0.009351
2025-05-01T14:14:28.520000,-0.004502
2025-05-01T14:14:28.530000,0.007278
2025-05-01T14:14:28.540000,0.007533
2025-05-01T14:14:28.550000,0.005056
2025-05-01T14:14:28.560000,0.019318
2025-05-01T14:14:28.570000,0.003137
2025-05-01T14:14:28.580000,-0.004655
2025-05-01T14:14:28.590000,0.018211
2025-05-01T14:14:28.600000,0.002330
2025-05-01T14:14:28.610000,-0.008700
2025-05-01T14:14:28.620000,0.000774
2025-05-01T14:14:28.630000,0.009482
2025-05-01T14:14:28.640000,-0.009824
2025-05-01T14:14:28.650000,0.009887
2025-05-01T14:14:28.660000,-0.011988
2025-05-01T14:14:28.670000,0.005780
2025-05-01T14:14:28.680000,-0.006153
2025-05-01T14:14:28.690000,0.001691
2025-05-01T14:14:28.700000,-0.004457
2025-05-01T14:14:28.710000,0.006532
2025-05-01T14:14:28.720000,0.014215
2025-05-01T14:14:28.730000,-0.008294
2025-05-01T14:14:28.740000,-0.000527
2025-05-01T14:14:28.750000,-0.014813
2025-05-01T14:14:28.760000,0.016898
2025-05-01T14:14:28.770000,0.007725
2025-05-01T14:14:28.780000,-0.005516
2025-05-01T14:14:28.790000,0.009429
2025-05-01T14:14:28.800000,0.001172
2025-05-01T14:14:28.810000,-0.009137
2025-05-01T14:14:28.820000,0.013883
2025-05-01T14:14:28.830000,0.019089
2025-05-01T14:14:28.840000,-0.002235
2025-05-01T14:14:28.850000,0.008985
2025-05-01T14:14:28.860000,-0.000625
2025-05-01T14:14:28.870000,0.015658
2025-05-01T14:14:28.880000,0.006338
2025-05-01T14:14:28.890000,0.008790
2025-05-01T14:14:28.900000,0.021521
2025-05-01T14:14:28.910000,0.008426
2025-05-01T14:14:28.920000,-0.012919
2025-05-01T14:14:28.930000,-0.006043
2025-05-01T14:14:28.940000,0.000559
2025-05-01T14:14:28.950000,0.016087
2025-05-01T14:14:28.960000,-0.012563
2025-05-01T14:14:28.970000,-0.000073
2025-05-01T14:14:28.980000,-0.024004
2025-05-01T14:14:28.990000,0.024406
2025-05-01T14:14:29,-0.008757
2025-05-01T14:14:29.010000,-0.001668
2025-05-01T14:14:29.020000,-0.001447
2025-05-01T14:14:29.030000,-0.009791
2025-05-01T14:14:29.040000,0.000442
2025-05-01T14:14:29.050000,-0.018833
2025-05-01T14:14:29.060000,0.005615
2025-05-01T14:14:29.070000,0.003818
2025-05-01T14:14:29.080000,0.003048
2025-05-01T14:14:29.090000,-0.004078
2025-05-01T14:14:29.100000,0.006388
2025-05-01T14:14:29.110000,0.000351
2025-05-01T14:14:29.120000,-0.014049
2025-05-01T14:14:29.130000,0.010902
2025-05-01T14:14:29.140000,-0.002588
2025-05-01T14:14:29.150000,0.000998
2025-05-01T14:14:29.160000,0.014372
2025-05-01T14:14:29.170000,-0.006099
2025-05-01T14:14:29.180000,-0.006234
2025-05-01T14:14:29.190000,0.007590
2025-05-01T14:14:29.200000,0.019275
2025-05-01T14:14:29.210000,-0.004227
2025-05-01T14:14:29.220000,-0.000138
2025-05-01T14:14:29.230000,-0.000481
2025-05-01T14:14:29.240000,-0.001290
2025-05-01T14:14:29.250000,0.005916
2025-05-01T14:14:29.260000,0.008573
2025-05-01T14:14:29.270000,-0.011393
2025-05-01T14:14:29.280000,-0.010918
2025-05-01T14:14:29.290000,-0.028417
2025-05-01T14:14:29.300000,-0.004418
2025-05-01T14:14:29.310000,-0.009597
2025-05-01T14:14:29.320000,0.018167
2025-05-01T14:14:29.330000,0.006937
2025-05-01T14:14:29.340000,-0.014385
2025-05-01T14:14:29.350000,0.002981
2025-05-01T14:14:29.360000,0.016128
2025-05-01T14:14:29.370000,0.005271
2025-05-01T14:14:29.380000,0.005191
2025-05-01T14:14:29.390000,-0.002473
2025-05-01T14:14:29.400000,0.018946
2025-05-01T14:14:29.410000,0.000729
2025-05-01T14:14:29.420000,-0.005568
2025-05-01T14:14:29.430000,-0.014651
2025-05-01T14:14:29.440000,-0.001265
2025-05-01T14:14:29.450000,-0.011992
2025-05-01T14:14:29.460000,-0.004883
2025-05-01T14:14:29.470000,0.008915
2025-05-01T14:14:29.480000,-0.016379
2025-05-01T14:14:29.490000,-0.003097
2025-05-01T14:14:29.500000,-0.002427
2025-05-01T14:14:29.510000,0.005209
2025-05-01T14:14:29.520000,0.006207
2025-05-01T14:14:29.530000,0.018102
2025-05-01T14:14:29.540000,0.009617
2025-05-01T14:14:29.550000,-0.005259
2025-05-01T14:14:29.560000,-0.007784
2025-05-01T14:14:29.570000,-0.009464
2025-05-01T14:14:29.580000,-0.005155
2025-05-01T14:14:29.590000,-0.009077
2025-05-01T14:14:29.600000,-0.008447
2025-05-01T14:14:29.610000,0.000200
2025-05-01T14:14:29.620000,-0.000127
2025-05-01T14:14:29.630000,0.003217
2025-05-01T14:14:29.640000,-0.012520
2025-05-01T14:14:29.650000,-0.016757
2025-05-01T14:14:29.660000,0.001832
2025-05-01T14:14:29.670000,-0.005581
2025-05-01T14:14:29.680000,0.005424
2025-05-01T14:14:29.690000,-0.005898
2025-05-01T14:14:29.700000,-0.002317
2025-05-01T14:14:29.710000,0.006764
2025-05-01T14:14:29.720000,-0.000524
2025-05-01T14:14:29.730000,0.007989
2025-05-01T14:14:29.740000,-0.002815
2025-05-01T14:14:29.750000,0.003095
2025-05-01T14:14:29.760000,0.011141
2025-05-01T14:14:29.770000,-0.002812
2025-05-01T14:14:29.780000,-0.022649
2025-05-01T14:14:29.790000,-0.011344
2025-05-01T14:14:29.800000,0.002817
2025-05-01T14:14:29.810000,-0.002840
2025-05-01T14:14:29.820000,0.016850
2025-05-01T14:14:29.830000,-0.001777
2025-05-01T14:14:29.840000,-0.009040
2025-05-01T14:14:29.850000,-0.006770
2025-05-01T14:14:29.860000,-0.013945
2025-05-01T14:14:29.870000,-0.013154
2025-05-01T14:14:29.880000,0.005357
2025-05-01T14:14:29.890000,-0.002247
2025-05-01T14:14:29.900000,0.012520
2025-05-01T14:14:29.910000,0.007505
2025-05-01T14:14:29.920000,0.016924
2025-05-01T14:14:29.930000,-0.007835
2025-05-01T14:14:29.940000,-0.011186
2025-05-01T14:14:29.950000,-0.009352
2025-05-01T14:14:29.960000,0.004508
2025-05-01T14:14:29.970000,0.014322
2025-05-01T14:14:29.980000,-0.006022
2025-05-01T14:14:29.990000,0.017770
2025-05-01T14:14:30,0.005136
2025-05-01T14:14:30.010000,-0.003144
2025-05-01T14:14:30.020000,0.009501
2025-05-01T14:14:30.030000,-0.009942
2025-05-01T14:14:30.040000,0.009269
2025-05-01T14:14:30.050000,-0.003868
2025-05-01T14:14:30.060000,-0.007592
2025-05-01T14:14:30.070000,-0.011362
2025-05-01T14:14:30.080000,-0.004598
2025-05-01T14:14:30.090000,0.003777
2025-05-01T14:14:30.100000,0.008259
2025-05-01T14:14:30.110000,-0.007135
2025-05-01T14:14:30.120000,-0.014747
2025-05-01T14:14:30.130000,0.019322
2025-05-01T14:14:30.140000,-0.002283
2025-05-01T14:14:30.150000,0.005293
2025-05-01T14:14:30.160000,0.003858
2025-05-01T14:14:30.170000,0.008914
2025-05-01T14:14:30.180000,0.006647
2025-05-01T14:14:30.190000,-0.010383
2025-05-01T14:14:30.200000,0.006637
2025-05-01T14:14:30.210000,0.015534
2025-05-01T14:14:30.220000,-0.002598
2025-05-01T14:14:30.230000,-0.007799
2025-05-01T14:14:30.240000,0.000982
2025-05-01T14:14:30.250000,0.012263
2025-05-01T14:14:30.260000,-0.012600
2025-05-01T14:14:30.270000,0.010698
2025-05-01T14:14:30.280000,-0.005476
2025-05-01T14:14:30.290000,-0.000081
2025-05-01T14:14:30.300000,0.003654
2025-05-01T14:14:30.310000,0.021467
2025-05-01T14:14:30.320000,-0.009403
2025-05-01T14:14:30.330000,0.009419
2025-05-01T14:14:30.340000,-0.004873
2025-05-01T14:14:30.350000,-0.003454
2025-05-01T14:14:30.360000,-0.002608
2025-05-01T14:14:30.370000,-0.005053
2025-05-01T14:14:30.380000,0.021157
2025-05-01T14:14:30.390000,-0.009637
2025-05-01T14:14:30.400000,-0.007568
2025-05-01T14:14:30.410000,-0.009570
2025-05-01T14:14:30.420000,-0.003885
2025-05-01T14:14:30.430000,0.007221
2025-05-01T14:14:30.440000,-0.008528
2025-05-01T14:14:30.450000,-0.017652
2025-05-01T14:14:30.460000,-0.014144
2025-05-01T14:14:30.470000,0.005197
2025-05-01T14:14:30.480000,-0.000731
2025-05-01T14:14:30.490000,-0.012841
2025-05-01T14:14:30.500000,0.003140
2025-05-01T14:14:30.510000,0.018864
2025-05-01T14:14:30.520000,0.001781
2025-05-01T14:14:30.530000,-0.024975
2025-05-01T14:14:30.540000,-0.003073
2025-05-01T14:14:30.550000,0.027796
2025-05-01T14:14:30.560000,0.002829
2025-05-01T14:14:30.570000,0.001685
2025-05-01T14:14:30.580000,0.011005
2025-05-01T14:14:30.590000,-0.003353
2025-05-01T14:14:30.600000,0.023050
2025-05-01T14:14:30.610000,0.016740
2025-05-01T14:14:30.620000,-0.006945
2025-05-01T14:14:30.630000,-0.004638
2025-05-01T14:14:30.640000,-0.015375
2025-05-01T14:14:30.650000,-0.012599
2025-05-01T14:14:30.660000,-0.000016
2025-05-01T14:14:30.670000,0.006724
2025-05-01T14:14:30.680000,0.004580
2025-05-01T14:14:30.690000,-0.013250
2025-05-01T14:14:30.700000,0.004804
2025-05-01T14:14:30.710000,0.005888
2025-05-01T14:14:30.720000,0.006681
2025-05-01T14:14:30.730000,0.007057
2025-05-01T14:14:30.740000,-0.008284
2025-05-01T14:14:30.750000,0.009211
2025-05-01T14:14:30.760000,0.013873
2025-05-01T14:14:30.770000,-0.008383
2025-05-01T14:14:30.780000,-0.004967
2025-05-01T14:14:30.790000,0.006683
2025-05-01T14:14:30.800000,-0.007126
2025-05-01T14:14:30.810000,0.009036
2025-05-01T14:14:30.820000,-0.010996
2025-05-01T14:14:30.830000,0.010123
2025-05-01T14:14:30.840000,-0.003191
2025-05-01T14:14:30.850000,-0.009046
2025-05-01T14:14:30.860000,0.002242
2025-05-01T14:14:30.870000,0.016311
2025-05-01T14:14:30.880000,-0.015021
2025-05-01T14:14:30.890000,-0.018464
2025-05-01T14:14:30.900000,-0.007119
2025-05-01T14:14:30.910000,0.001045
2025-05-01T14:14:30.920000,0.008087
2025-05-01T14:14:30.930000,0.013131
2025-05-01T14:14:30.940000,0.002880
2025-05-01T14:14:30.950000,0.004622
2025-05-01T14:14:30.960000,-0.003059
2025-05-01T14:14:30.970000,-0.005509
2025-05-01T14:14:30.980000,-0.011138
2025-05-01T14:14:30.990000,0.008982
2025-05-01T14:14:31,-0.006448
2025-05-01T14:14:31.010000,0.002909
2025-05-01T14:14:31.020000,0.007129
2025-05-01T14:14:31.030000,0.003926
2025-05-01T14:14:31.040000,0.010867
2025-05-01T14:14:31.050000,-0.014216
2025-05-01T14:14:31.060000,0.012044
2025-05-01T14:14:31.070000,-0.003422
2025-05-01T14:14:31.080000,0.020226
2025-05-01T14:14:31.090000,0.000512
2025-05-01T14:14:31.100000,-0.017729
2025-05-01T14:14:31.110000,-0.001515
2025-05-01T14:14:31.120000,-0.007532
2025-05-01T14:14:31.130000,0.009774
2025-05-01T14:14:31.140000,0.007296
2025-05-01T14:14:31.150000,-0.007810
2025-05-01T14:14:31.160000,-0.009924
2025-05-01T14:14:31.170000,-0.012037
2025-05-01T14:14:31.180000,-0.000821
2025-05-01T14:14:31.190000,0.012633
2025-05-01T14:14:31.200000,0.000221
2025-05-01T14:14:31.210000,0.003647
2025-05-01T14:14:31.220000,0.012049
2025-05-01T14:14:31.230000,0.005251
2025-05-01T14:14:31.240000,0.007023
2025-05-01T14:14:31.250000,-0.017614
2025-05-01T14:14:31.260000,-0.006629
2025-05-01T14:14:31.270000,0.008429
2025-05-01T14:14:31.280000,-0.001997
2025-05-01T14:14:31.290000,0.009874
2025-05-01T14:14:31.300000,-0.005776
2025-05-01T14:14:31.310000,-0.006536
2025-05-01T14:14:31.320000,0.022518
2025-05-01T14:14:31.330000,0.004933
2025-05-01T14:14:31.340000,-0.004181
2025-05-01T14:14:31.350000,0.022164
2025-05-01T14:14:31.360000,0.010061
2025-05-01T14:14:31.370000,0.002573
2025-05-01T14:14:31.380000,-0.001852
2025-05-01T14:14:31.390000,-0.008867
2025-05-01T14:14:31.400000,-0.004549
2025-05-01T14:14:31.410000,-0.011680
2025-05-01T14:14:31.420000,0.002768
2025-05-01T14:14:31.430000,-0.000125
2025-05-01T14:14:31.440000,0.012792
2025-05-01T14:14:31.450000,-0.005129
2025-05-01T14:14:31.460000,0.003712
2025-05-01T14:14:31.470000,0.005528
2025-05-01T14:14:31.480000,-0.004851
2025-05-01T14:14:31.490000,-0.015858
2025-05-01T14:14:31.500000,0.007993
2025-05-01T14:14:31.510000,-0.009971
2025-05-01T14:14:31.520000,0.008914
2025-05-01T14:14:31.530000,-0.003695
2025-05-01T14:14:31.540000,-0.009809
2025-05-01T14:14:31.550000,-0.008072
2025-05-01T14:14:31.560000,-0.017434
2025-05-01T14:14:31.570000,-0.000682
2025-05-01T14:14:31.580000,0.006852
2025-05-01T14:14:31.590000,-0.004897
2025-05-01T14:14:31.600000,0.001236
2025-05-01T14:14:31.610000,0.004602
2025-05-01T14:14:31.620000,0.001965
2025-05-01T14:14:31.630000,-0.001370
2025-05-01T14:14:31.640000,0.004316
2025-05-01T14:14:31.650000,0.002283
2025-05-01T14:14:31.660000,-0.008481
2025-05-01T14:14:31.670000,0.022189
2025-05-01T14:14:31.680000,-0.038871
2025-05-01T14:14:31.690000,0.010439
2025-05-01T14:14:31.700000,0.017678
2025-05-01T14:14:31.710000,-0.014483
2025-05-01T14:14:31.720000,0.002888
2025-05-01T14:14:31.730000,0.009596
2025-05-01T14:14:31.740000,0.004819
2025-05-01T14:14:31.750000,-0.000214
2025-05-01T14:14:31.760000,0.012764
2025-05-01T14:14:31.770000,-0.002788
2025-05-01T14:14:31.780000,-0.005839
2025-05-01T14:14:31.790000,-0.004148
2025-05-01T14:14:31.800000,-0.019226
2025-05-01T14:14:31.810000,0.012076
2025-05-01T14:14:31.820000,-0.002143
2025-05-01T14:14:31.830000,-0.002698
2025-05-01T14:14:31.840000,-0.000087
2025-05-01T14:14:31.850000,-0.004692
2025-05-01T14:14:31.860000,0.004089
2025-05-01T14:14:31.870000,-0.002427
2025-05-01T14:14:31.880000,0.012526
2025-05-01T14:14:31.890000,0.001592
2025-05-01T14:14:31.900000,-0.013674
2025-05-01T14:14:31.910000,0.008809
2025-05-01T14:14:31.920000,0.003722
2025-05-01T14:14:31.930000,-0.011434
2025-05-01T14:14:31.940000,-0.017031
2025-05-01T14:14:31.950000,-0.002857
2025-05-01T14:14:31.960000,-0.003344
2025-05-01T14:14:31.970000,0.001445
2025-05-01T14:14:31.980000,0.004607
2025-05-01T14:14:31.990000,-0.007887
2025-05-01T14:14:32,-0.002755
2025-05-01T14:14:32.010000,0.007172
2025-05-01T14:14:32.020000,0.010318
2025-05-01T14:14:32.030000,0.002896
2025-05-01T14:14:32.040000,-0.012527
2025-05-01T14:14:32.050000,0.011401
2025-05-01T14:14:32.060000,-0.008690
2025-05-01T14:14:32.070000,-0.001914
2025-05-01T14:14:32.080000,0.025377
2025-05-01T14:14:32.090000,0.002400
2025-05-01T14:14:32.100000,-0.010494
2025-05-01T14:14:32.110000,-0.003749
2025-05-01T14:14:32.120000,0.010693
2025-05-01T14:14:32.130000,-0.010150
2025-05-01T14:14:32.140000,-0.008693
2025-05-01T14:14:32.150000,0.001594
2025-05-01T14:14:32.160000,-0.000463
2025-05-01T14:14:32.170000,0.009519
2025-05-01T14:14:32.180000,0.005206
2025-05-01T14:14:32.190000,0.011274
2025-05-01T14:14:32.200000,0.004802
2025-05-01T14:14:32.210000,-0.006159
2025-05-01T14:14:32.220000,0.010477
2025-05-01T14:14:32.230000,-0.011601
2025-05-01T14:14:32.240000,-0.007951
2025-05-01T14:14:32.250000,0.000221
2025-05-01T14:14:32.260000,0.002632
2025-05-01T14:14:32.270000,0.002373
2025-05-01T14:14:32.280000,0.009179
2025-05-01T14:14:32.290000,0.020175
2025-05-01T14:14:32.300000,0.011410
2025-05-01T14:14:32.310000,0.003751
2025-05-01T14:14:32.320000,0.001006
2025-05-01T14:14:32.330000,-0.002010
2025-05-01T14:14:32.340000,0.007898
2025-05-01T14:14:32.350000,-0.010312
2025-05-01T14:14:32.360000,-0.016206
2025-05-01T14:14:32.370000,0.003823
2025-05-01T14:14:32.380000,0.014438
2025-05-01T14:14:32.390000,-0.011487
2025-05-01T14:14:32.400000,-0.011555
2025-05-01T14:14:32.410000,-0.006030
2025-05-01T14:14:32.420000,0.024061
2025-05-01T14:14:32.430000,-0.000624
2025-05-01T14:14:32.440000,-0.001354
2025-05-01T14:14:32.450000,0.002974
2025-05-01T14:14:32.460000,-0.002952
2025-05-01T14:14:32.470000,0.000304
2025-05-01T14:14:32.480000,0.014400
2025-05-01T14:14:32.490000,-0.007892
2025-05-01T14:14:32.500000,0.005798
2025-05-01T14:14:32.510000,-0.026523
2025-05-01T14:14:32.520000,0.003599
2025-05-01T14:14:32.530000,-0.003199
2025-05-01T14:14:32.540000,-0.009322
2025-05-01T14:14:32.550000,-0.011112
2025-05-01T14:14:32.560000,-0.010824
2025-05-01T14:14:32.570000,-0.013195
2025-05-01T14:14:32.580000,0.009185
2025-05-01T14:14:32.590000,0.010152
2025-05-01T14:14:32.600000,-0.005025
2025-05-01T14:14:32.610000,-0.025629
2025-05-01T14:14:32.620000,0.000565
2025-05-01T14:14:32.630000,-0.011241
2025-05-01T14:14:32.640000,-0.007921
2025-05-01T14:14:32.650000,0.001517
2025-05-01T14:14:32.660000,-0.013380
2025-05-01T14:14:32.670000,-0.006801
2025-05-01T14:14:32.680000,-0.013408
2025-05-01T14:14:32.690000,-0.002312
2025-05-01T14:14:32.700000,0.000027
2025-05-01T14:14:32.710000,0.002449
2025-05-01T14:14:32.720000,-0.001100
2025-05-01T14:14:32.730000,-0.019823
2025-05-01T14:14:32.740000,-0.007994
2025-05-01T14:14:32.750000,0.007950
2025-05-01T14:14:32.760000,-0.022825
2025-05-01T14:14:32.770000,0.006758
2025-05-01T14:14:32.780000,0.006060
2025-05-01T14:14:32.790000,0.006333
2025-05-01T14:14:32.800000,-0.006228
2025-05-01T14:14:32.810000,0.013105
2025-05-01T14:14:32.820000,0.006923
2025-05-01T14:14:32.830000,0.003974
2025-05-01T14:14:32.840000,-0.008172
2025-05-01T14:14:32.850000,-0.001421
2025-05-01T14:14:32.860000,-0.019250
2025-05-01T14:14:32.870000,0.014974
2025-05-01T14:14:32.880000,0.008133
2025-05-01T14:14:32.890000,0.021607
2025-05-01T14:14:32.900000,0.004959
2025-05-01T14:14:32.910000,0.001748
2025-05-01T14:14:32.920000,-0.006291
2025-05-01T14:14:32.930000,-0.006429
2025-05-01T14:14:32.940000,0.011471
2025-05-01T14:14:32.950000,0.001560
2025-05-01T14:14:32.960000,0.005358
2025-05-01T14:14:32.970000,0.003681
2025-05-01T14:14:32.980000,0.006976
2025-05-01T14:14:32.990000,0.011631
2025-05-01T14:14:33,-0.009359
2025-05-01T14:14:33.010000,0.002370
2025-05-01T14:14:33.020000,-0.015377
2025-05-01T14:14:33.030000,0.019440
2025-05-01T14:14:33.040000,0.012740
2025-05-01T14:14:33.050000,-0.006658
2025-05-01T14:14:33.060000,-0.007753
2025-05-01T14:14:33.070000,0.004691
2025-05-01T14:14:33.080000,0.010581
2025-05-01T14:14:33.090000,0.016364
2025-05-01T14:14:33.100000,0.007935
2025-05-01T14:14:33.110000,0.016503
2025-05-01T14:14:33.120000,0.011479
2025-05-01T14:14:33.130000,-0.006546
2025-05-01T14:14:33.140000,0.001287
2025-05-01T14:14:33.150000,0.001515
2025-05-01T14:14:33.160000,-0.002818
2025-05-01T14:14:33.170000,0.004407
2025-05-01T14:14:33.180000,-0.005787
2025-05-01T14:14:33.190000,0.002369
2025-05-01T14:14:33.200000,-0.000256
2025-05-01T14:14:33.210000,-0.004178
2025-05-01T14:14:33.220000,-0.001746
2025-05-01T14:14:33.230000,-0.006713
2025-05-01T14:14:33.240000,-0.003448
2025-05-01T14:14:33.250000,-0.001842
2025-05-01T14:14:33.260000,0.007685
2025-05-01T14:14:33.270000,0.001322
2025-05-01T14:14:33.280000,-0.006755
2025-05-01T14:14:33.290000,0.008669
2025-05-01T14:14:33.300000,0.000816
2025-05-01T14:14:33.310000,0.008216
2025-05-01T14:14:33.320000,0.001830
2025-05-01T14:14:33.330000,-0.003885
2025-05-01T14:14:33.340000,0.007298
2025-05-01T14:14:33.350000,0.001896
2025-05-01T14:14:33.360000,-0.012806
2025-05-01T14:14:33.370000,0.001025
2025-05-01T14:14:33.380000,-0.013140
2025-05-01T14:14:33.390000,0.011544
2025-05-01T14:14:33.400000,-0.005781
2025-05-01T14:14:33.410000,-0.011515
2025-05-01T14:14:33.420000,-0.014877
2025-05-01T14:14:33.430000,0.000762
2025-05-01T14:14:33.440000,-0.000643
2025-05-01T14:14:33.450000,0.001885
2025-05-01T14:14:33.460000,-0.024571
2025-05-01T14:14:33.470000,-0.025255
2025-05-01T14:14:33.480000,0.006593
2025-05-01T14:14:33.490000,-0.023579
2025-05-01T14:14:33.500000,-0.016638
2025-05-01T14:14:33.510000,0.001057
2025-05-01T14:14:33.520000,-0.009038
2025-05-01T14:14:33.530000,0.000010
2025-05-01T14:14:33.540000,0.014371
2025-05-01T14:14:33.550000,0.006720
2025-05-01T14:14:33.560000,0.001657
2025-05-01T14:14:33.570000,0.001127
2025-05-01T14:14:33.580000,-0.004111
2025-05-01T14:14:33.590000,-0.003044
2025-05-01T14:14:33.600000,0.005190
2025-05-01T14:14:33.610000,-0.020911
2025-05-01T14:14:33.620000,-0.014594
2025-05-01T14:14:33.630000,0.000941
2025-05-01T14:14:33.640000,0.007536
2025-05-01T14:14:33.650000,-0.011631
2025-05-01T14:14:33.660000,-0.019958
2025-05-01T14:14:33.670000,-0.010178
2025-05-01T14:14:33.680000,0.000213
2025-05-01T14:14:33.690000,-0.002404
2025-05-01T14:14:33.700000,0.008887
2025-05-01T14:14:33.710000,-0.001140
2025-05-01T14:14:33.720000,0.010003
2025-05-01T14:14:33.730000,0.002576
2025-05-01T14:14:33.740000,0.002605
2025-05-01T14:14:33.750000,-0.001475
2025-05-01T14:14:33.760000,0.000698
2025-05-01T14:14:33.770000,-0.002024
2025-05-01T14:14:33.780000,0.025067
2025-05-01T14:14:33.790000,-0.010824
2025-05-01T14:14:33.800000,-0.003007
2025-05-01T14:14:33.810000,0.015460
2025-05-01T14:14:33.820000,0.003767
2025-05-01T14:14:33.830000,0.002959
2025-05-01T14:14:33.840000,-0.000452
2025-05-01T14:14:33.850000,-0.000954
2025-05-01T14:14:33.860000,0.002035
2025-05-01T14:14:33.870000,0.009197
2025-05-01T14:14:33.880000,-0.009550
2025-05-01T14:14:33.890000,0.001625
2025-05-01T14:14:33.900000,0.002297
2025-05-01T14:14:33.910000,-0.004108
2025-05-01T14:14:33.920000,-0.000828
2025-05-01T14:14:33.930000,0.006460
2025-05-01T14:14:33.940000,0.005129
2025-05-01T14:14:33.950000,-0.010311
2025-05-01T14:14:33.960000,0.001360
2025-05-01T14:14:33.970000,-0.008708
2025-05-01T14:14:33.980000,-0.000960
2025-05-01T14:14:33.990000,-0.005440
2025-05-01T14:14:34,0.008714
2025-05-01T14:14:34.010000,-0.015021
2025-05-01T14:14:34.020000,-0.003023
2025-05-01T14:14:34.030000,-0.000370
2025-05-01T14:14:34.040000,0.014232
2025-05-01T14:14:34.050000,0.003588
2025-05-01T14:14:34.060000,-0.009716
2025-05-01T14:14:34.070000,-0.000663
2025-05-01T14:14:34.080000,0.006998
2025-05-01T14:14:34.090000,0.001133
2025-05-01T14:14:34.100000,-0.000517
2025-05-01T14:14:34.110000,0.009457
2025-05-01T14:14:34.120000,0.004167
2025-05-01T14:14:34.130000,0.003082
2025-05-01T14:14:34.140000,-0.006535
2025-05-01T14:14:34.150000,0.003451
2025-05-01T14:14:34.160000,-0.003713
2025-05-01T14:14:34.170000,0.002562
2025-05-01T14:14:34.180000,-0.007162
2025-05-01T14:14:34.190000,0.002736
2025-05-01T14:14:34.200000,0.004482
2025-05-01T14:14:34.210000,-0.013735
2025-05-01T14:14:34.220000,-0.004028
2025-05-01T14:14:34.230000,-0.001522
2025-05-01T14:14:34.240000,0.013290
2025-05-01T14:14:34.250000,-0.000532
2025-05-01T14:14:34.260000,-0.002921
2025-05-01T14:14:34.270000,-0.010503
2025-05-01T14:14:34.280000,0.005763
2025-05-01T14:14:34.290000,0.020801
2025-05-01T14:14:34.300000,0.015245
2025-05-01T14:14:34.310000,0.019441
2025-05-01T14:14:34.320000,0.016489
2025-05-01T14:14:34.330000,-0.004488
2025-05-01T14:14:34.340000,-0.018391
2025-05-01T14:14:34.350000,-0.001980
2025-05-01T14:14:34.360000,0.018367
2025-05-01T14:14:34.370000,0.004622
2025-05-01T14:14:34.380000,-0.003192
2025-05-01T14:14:34.390000,0.002185
2025-05-01T14:14:34.400000,-0.004273
2025-05-01T14:14:34.410000,-0.009626
2025-05-01T14:14:34.420000,-0.029479
2025-05-01T14:14:34.430000,-0.006549
2025-05-01T14:14:34.440000,-0.002025
2025-05-01T14:14:34.450000,0.002054
2025-05-01T14:14:34.460000,-0.001356
2025-05-01T14:14:34.470000,0.012414
2025-05-01T14:14:34.480000,-0.004435
2025-05-01T14:14:34.490000,-0.013690
2025-05-01T14:14:34.500000,0.017210
2025-05-01T14:14:34.510000,-0.001628
2025-05-01T14:14:34.520000,-0.003984
2025-05-01T14:14:34.530000,0.008737
2025-05-01T14:14:34.540000,0.004170
2025-05-01T14:14:34.550000,0.003212
2025-05-01T14:14:34.560000,-0.003302
2025-05-01T14:14:34.570000,0.003558
2025-05-01T14:14:34.580000,0.012617
2025-05-01T14:14:34.590000,0.004067
2025-05-01T14:14:34.600000,0.000118
2025-05-01T14:14:34.610000,0.013297
2025-05-01T14:14:34.620000,-0.010639
2025-05-01T14:14:34.630000,-0.026931
2025-05-01T14:14:34.640000,0.015641
2025-05-01T14:14:34.650000,-0.002739
2025-05-01T14:14:34.660000,-0.011858
2025-05-01T14:14:34.670000,0.004913
2025-05-01T14:14:34.680000,0.006033
2025-05-01T14:14:34.690000,-0.012619
2025-05-01T14:14:34.700000,-0.002250
2025-05-01T14:14:34.710000,-0.009017
2025-05-01T14:14:34.720000,-0.005334
2025-05-01T14:14:34.730000,0.005366
2025-05-01T14:14:34.740000,0.016356
2025-05-01T14:14:34.750000,0.008775
2025-05-01T14:14:34.760000,-0.001006
2025-05-01T14:14:34.770000,-0.003420
2025-05-01T14:14:34.780000,0.000807
2025-05-01T14:14:34.790000,0.019464
2025-05-01T14:14:34.800000,0.011120
2025-05-01T14:14:34.810000,0.017772
2025-05-01T14:14:34.820000,0.020430
2025-05-01T14:14:34.830000,0.007598
2025-05-01T14:14:34.840000,0.021279
2025-05-01T14:14:34.850000,0.016464
2025-05-01T14:14:34.860000,0.009196
2025-05-01T14:14:34.870000,0.002023
2025-05-01T14:14:34.880000,-0.017994
2025-05-01T14:14:34.890000,-0.007520
2025-05-01T14:14:34.900000,-0.013785
2025-05-01T14:14:34.910000,-0.019329
2025-05-01T14:14:34.920000,-0.035852
2025-05-01T14:14:34.930000,-0.010809
2025-05-01T14:14:34.940000,-0.041009
2025-05-01T14:14:34.950000,-0.038009
2025-05-01T14:14:34.960000,-0.038327
2025-05-01T14:14:34.970000,-0.028417
2025-05-01T14:14:34.980000,-0.025355
2025-05-01T14:14:34.990000,-0.009504
2025-05-01T14:14:35,0.024299
2025-05-01T14:14:35.010000,0.037935
2025-05-01T14:14:35.020000,0.067535
2025-05-01T14:14:35.030000,0.092633
2025-05-01T14:14:35.040000,0.092733
2025-05-01T14:14:35.050000,0.085601
2025-05-01T14:14:35.060000,0.080987
2025-05-01T14:14:35.070000,0.090232
2025-05-01T14:14:35.080000,0.028906
2025-05-01T14:14:35.090000,0.000455
2025-05-01T14:14:35.100000,-0.056206
2025-05-01T14:14:35.110000,-0.122351
2025-05-01T14:14:35.120000,-0.166222
2025-05-01T14:14:35.130000,-0.190905
2025-05-01T14:14:35.140000,-0.236888
2025-05-01T14:14:35.150000,-0.264821
2025-05-01T14:14:35.160000,-0.254080
2025-05-01T14:14:35.170000,-0.189855
2025-05-01T14:14:35.180000,-0.121524
2025-05-01T14:14:35.190000,0.008204
2025-05-01T14:14:35.200000,0.106622
2025-05-01T14:14:35.210000,0.208867
2025-05-01T14:14:35.220000,0.230929
2025-05-01T14:14:35.230000,0.248844
2025-05-01T14:14:35.240000,0.243631
2025-05-01T14:14:35.250000,0.225979
2025-05-01T14:14:35.260000,0.153930
2025-05-01T14:14:35.270000,0.117652
2025-05-01T14:14:35.280000,0.054071
2025-05-01T14:14:35.290000,-0.016606
2025-05-01T14:14:35.300000,-0.053925
2025-05-01T14:14:35.310000,-0.063127
2025-05-01T14:14:35.320000,-0.087144
2025-05-01T14:14:35.330000,-0.104035
2025-05-01T14:14:35.340000,-0.089490
2025-05-01T14:14:35.350000,-0.071446
2025-05-01T14:14:35.360000,-0.044872
2025-05-01T14:14:35.370000,-0.041987
2025-05-01T14:14:35.380000,-0.047580
2025-05-01T14:14:35.390000,-0.019957
2025-05-01T14:14:35.400000,0.010873
2025-05-01T14:14:35.410000,0.014229
2025-05-01T14:14:35.420000,0.042891
2025-05-01T14:14:35.430000,0.033786
2025-05-01T14:14:35.440000,0.024092
2025-05-01T14:14:35.450000,0.024032
2025-05-01T14:14:35.460000,0.018477
2025-05-01T14:14:35.470000,0.007503
2025-05-01T14:14:35.480000,0.011593
2025-05-01T14:14:35.490000,-0.003181
2025-05-01T14:14:35.500000,-0.010483
2025-05-01T14:14:35.510000,-0.014419
2025-05-01T14:14:35.520000,-0.024137
2025-05-01T14:14:35.530000,-0.017632
2025-05-01T14:14:35.540000,-0.012362
2025-05-01T14:14:35.550000,-0.017499
2025-05-01T14:14:35.560000,-0.012103
2025-05-01T14:14:35.570000,-0.001541
2025-05-01T14:14:35.580000,-0.006770
2025-05-01T14:14:35.590000,-0.007484
2025-05-01T14:14:35.600000,-0.004840
2025-05-01T14:14:35.610000,0.011949
2025-05-01T14:14:35.620000,0.010364
2025-05-01T14:14:35.630000,0.002628
2025-05-01T14:14:35.640000,-0.007485
2025-05-01T14:14:35.650000,0.009926
2025-05-01T14:14:35.660000,0.000667
2025-05-01T14:14:35.670000,0.003012
2025-05-01T14:14:35.680000,0.010249
2025-05-01T14:14:35.690000,0.003218
2025-05-01T14:14:35.700000,-0.005581
2025-05-01T14:14:35.710000,0.010952
2025-05-01T14:14:35.720000,0.017259
2025-05-01T14:14:35.730000,0.006408
2025-05-01T14:14:35.740000,-0.013651
2025-05-01T14:14:35.750000,-0.019966
2025-05-01T14:14:35.760000,0.000290
2025-05-01T14:14:35.770000,-0.002490
2025-05-01T14:14:35.780000,-0.003917
2025-05-01T14:14:35.790000,0.002108
2025-05-01T14:14:35.800000,0.015099
2025-05-01T14:14:35.810000,-0.000919
2025-05-01T14:14:35.820000,-0.003433
2025-05-01T14:14:35.830000,-0.016413
2025-05-01T14:14:35.840000,0.000811
2025-05-01T14:14:35.850000,-0.004085
2025-05-01T14:14:35.860000,-0.026130
2025-05-01T14:14:35.870000,-0.004225
2025-05-01T14:14:35.880000,-0.000954
2025-05-01T14:14:35.890000,-0.010207
2025-05-01T14:14:35.900000,0.005581
2025-05-01T14:14:35.910000,-0.006971
2025-05-01T14:14:35.920000,-0.008479
2025-05-01T14:14:35.930000,-0.006994
2025-05-01T14:14:35.940000,0.006676
2025-05-01T14:14:35.950000,0.009352
2025-05-01T14:14:35.960000,0.014091
2025-05-01T14:14:35.970000,-0.004563
2025-05-01T14:14:35.980000,0.003476
2025-05-01T14:14:35.990000,-0.022730
2025-05-01T14:14:36,-0.004684
2025-05-01T14:14:36.010000,-0.011251
2025-05-01T14:14:36.020000,0.011566
2025-05-01T14:14:36.030000,-0.009869
2025-05-01T14:14:36.040000,0.005518
2025-05-01T14:14:36.050000,-0.020255
2025-05-01T14:14:36.060000,-0.002411
2025-05-01T14:14:36.070000,0.003791
2025-05-01T14:14:36.080000,0.008665
2025-05-01T14:14:36.090000,0.010459
2025-05-01T14:14:36.100000,0.009127
2025-05-01T14:14:36.110000,-0.010656
2025-05-01T14:14:36.120000,0.015063
2025-05-01T14:14:36.130000,-0.019073
2025-05-01T14:14:36.140000,-0.006179
2025-05-01T14:14:36.150000,0.003254
2025-05-01T14:14:36.160000,0.002783
2025-05-01T14:14:36.170000,0.000696
2025-05-01T14:14:36.180000,0.007188
2025-05-01T14:14:36.190000,0.013111
2025-05-01T14:14:36.200000,0.011788
2025-05-01T14:14:36.210000,-0.004250
2025-05-01T14:14:36.220000,0.009744
2025-05-01T14:14:36.230000,-0.022723
2025-05-01T14:14:36.240000,0.022938
2025-05-01T14:14:36.250000,-0.016190
2025-05-01T14:14:36.260000,0.001355
2025-05-01T14:14:36.270000,-0.009780
2025-05-01T14:14:36.280000,-0.002931
2025-05-01T14:14:36.290000,0.005743
2025-05-01T14:14:36.300000,-0.010884
2025-05-01T14:14:36.310000,0.001475
2025-05-01T14:14:36.320000,0.004812
2025-05-01T14:14:36.330000,-0.001052
2025-05-01T14:14:36.340000,0.002852
2025-05-01T14:14:36.350000,0.000439
2025-05-01T14:14:36.360000,-0.003151
2025-05-01T14:14:36.370000,-0.019838
2025-05-01T14:14:36.380000,0.011839
2025-05-01T14:14:36.390000,-0.001254
2025-05-01T14:14:36.400000,-0.000982
2025-05-01T14:14:36.410000,-0.010626
2025-05-01T14:14:36.420000,-0.001929
2025-05-01T14:14:36.430000,0.010414
2025-05-01T14:14:36.440000,0.007310
2025-05-01T14:14:36.450000,0.005271
2025-05-01T14:14:36.460000,0.003361
2025-05-01T14:14:36.470000,-0.001493
2025-05-01T14:14:36.480000,0.001827
2025-05-01T14:14:36.490000,0.001555
2025-05-01T14:14:36.500000,-0.002461
2025-05-01T14:14:36.510000,0.002181
2025-05-01T14:14:36.520000,0.017787
2025-05-01T14:14:36.530000,0.000082
2025-05-01T14:14:36.540000,0.017142
2025-05-01T14:14:36.550000,-0.014699
2025-05-01T14:14:36.560000,0.002728
2025-05-01T14:14:36.570000,-0.005491
2025-05-01T14:14:36.580000,-0.003192
2025-05-01T14:14:36.590000,-0.002868
2025-05-01T14:14:36.600000,-0.007534
2025-05-01T14:14:36.610000,-0.004254
2025-05-01T14:14:36.620000,0.009286
2025-05-01T14:14:36.630000,0.007666
2025-05-01T14:14:36.640000,-0.001134
2025-05-01T14:14:36.650000,-0.016043
2025-05-01T14:14:36.660000,-0.002396
2025-05-01T14:14:36.670000,0.007346
2025-05-01T14:14:36.680000,0.024407
2025-05-01T14:14:36.690000,-0.024373
2025-05-01T14:14:36.700000,-0.010138
2025-05-01T14:14:36.710000,-0.006235
2025-05-01T14:14:36.720000,0.000572
2025-05-01T14:14:36.730000,-0.001085
2025-05-01T14:14:36.740000,-0.000600
2025-05-01T14:14:36.750000,0.004533
2025-05-01T14:14:36.760000,-0.003155
2025-05-01T14:14:36.770000,0.016775
2025-05-01T14:14:36.780000,0.011433
2025-05-01T14:14:36.790000,0.016936
2025-05-01T14:14:36.800000,0.028059
2025-05-01T14:14:36.810000,0.017537
2025-05-01T14:14:36.820000,-0.006603
2025-05-01T14:14:36.830000,0.012945
2025-05-01T14:14:36.840000,-0.016670
2025-05-01T14:14:36.850000,-0.007926
2025-05-01T14:14:36.860000,0.007008
2025-05-01T14:14:36.870000,-0.002372
2025-05-01T14:14:36.880000,0.006546
2025-05-01T14:14:36.890000,-0.007014
2025-05-01T14:14:36.900000,-0.008314
2025-05-01T14:14:36.910000,0.004193
2025-05-01T14:14:36.920000,0.002607
2025-05-01T14:14:36.930000,0.014444
2025-05-01T14:14:36.940000,-0.007727
2025-05-01T14:14:36.950000,0.012310
2025-05-01T14:14:36.960000,0.002117
2025-05-01T14:14:36.970000,-0.016432
2025-05-01T14:14:36.980000,0.001865
2025-05-01T14:14:36.990000,0.004002
2025-05-01T14:14:37,0.016441
2025-05-01T14:14:37.010000,-0.000567
2025-05-01T14:14:37.020000,0.013883
2025-05-01T14:14:37.030000,0.014642
2025-05-01T14:14:37.040000,-0.003136
2025-05-01T14:14:37.050000,0.000651
2025-05-01T14:14:37.060000,0.014621
2025-05-01T14:14:37.070000,0.018024
2025-05-01T14:14:37.080000,0.006303
2025-05-01T14:14:37.090000,0.003282
2025-05-01T14:14:37.100000,-0.015645
2025-05-01T14:14:37.110000,0.005127
2025-05-01T14:14:37.120000,-0.023627
2025-05-01T14:14:37.130000,-0.002437
2025-05-01T14:14:37.140000,0.014681
2025-05-01T14:14:37.150000,-0.027779
2025-05-01T14:14:37.160000,-0.008328
2025-05-01T14:14:37.170000,-0.015834
2025-05-01T14:14:37.180000,-0.016725
2025-05-01T14:14:37.190000,-0.004830
2025-05-01T14:14:37.200000,0.011513
2025-05-01T14:14:37.210000,0.009587
2025-05-01T14:14:37.220000,-0.003714
2025-05-01T14:14:37.230000,0.008424
2025-05-01T14:14:37.240000,0.012571
2025-05-01T14:14:37.250000,0.003936
2025-05-01T14:14:37.260000,0.000873
2025-05-01T14:14:37.270000,-0.002716
2025-05-01T14:14:37.280000,0.007588
2025-05-01T14:14:37.290000,0.004611
2025-05-01T14:14:37.300000,0.002263
2025-05-01T14:14:37.310000,0.014681
2025-05-01T14:14:37.320000,-0.031614
2025-05-01T14:14:37.330000,0.011658
2025-05-01T14:14:37.340000,0.008165
2025-05-01T14:14:37.350000,0.004051
2025-05-01T14:14:37.360000,0.008993
2025-05-01T14:14:37.370000,-0.000620
2025-05-01T14:14:37.380000,-0.020448
2025-05-01T14:14:37.390000,-0.005004
2025-05-01T14:14:37.400000,0.003125
2025-05-01T14:14:37.410000,-0.008908
2025-05-01T14:14:37.420000,0.004703
2025-05-01T14:14:37.430000,0.012273
2025-05-01T14:14:37.440000,-0.000775
2025-05-01T14:14:37.450000,0.001650
2025-05-01T14:14:37.460000,0.002828
2025-05-01T14:14:37.470000,0.015344
2025-05-01T14:14:37.480000,0.001071
2025-05-01T14:14:37.490000,-0.012124
2025-05-01T14:14:37.500000,-0.008809
2025-05-01T14:14:37.510000,-0.007189
2025-05-01T14:14:37.520000,-0.002053
2025-05-01T14:14:37.530000,0.009614
2025-05-01T14:14:37.540000,-0.002353
2025-05-01T14:14:37.550000,-0.002867
2025-05-01T14:14:37.560000,0.018591
2025-05-01T14:14:37.570000,-0.012627
2025-05-01T14:14:37.580000,0.007900
2025-05-01T14:14:37.590000,0.010389
2025-05-01T14:14:37.600000,-0.016853
2025-05-01T14:14:37.610000,-0.006605
2025-05-01T14:14:37.620000,0.008991
2025-05-01T14:14:37.630000,-0.004981
2025-05-01T14:14:37.640000,0.004876
2025-05-01T14:14:37.650000,0.005635
2025-05-01T14:14:37.660000,-0.011823
2025-05-01T14:14:37.670000,0.009205
2025-05-01T14:14:37.680000,0.010780
2025-05-01T14:14:37.690000,0.006361
2025-05-01T14:14:37.700000,0.030310
2025-05-01T14:14:37.710000,0.002378
2025-05-01T14:14:37.720000,0.004683
2025-05-01T14:14:37.730000,0.011670
2025-05-01T14:14:37.740000,-0.005907
2025-05-01T14:14:37.750000,0.007227
2025-05-01T14:14:37.760000,-0.004819
2025-05-01T14:14:37.770000,-0.001178
2025-05-01T14:14:37.780000,-0.005128
2025-05-01T14:14:37.790000,0.015448
2025-05-01T14:14:37.800000,0.015388
2025-05-01T14:14:37.810000,0.003636
2025-05-01T14:14:37.820000,0.012625
2025-05-01T14:14:37.830000,0.006131
2025-05-01T14:14:37.840000,-0.003769
2025-05-01T14:14:37.850000,-0.002559
2025-05-01T14:14:37.860000,-0.007300
2025-05-01T14:14:37.870000,0.010553
2025-05-01T14:14:37.880000,0.013128
2025-05-01T14:14:37.890000,-0.010035
2025-05-01T14:14:37.900000,0.014202
2025-05-01T14:14:37.910000,0.007611
2025-05-01T14:14:37.920000,0.001468
2025-05-01T14:14:37.930000,0.000949
2025-05-01T14:14:37.940000,-0.002141
2025-05-01T14:14:37.950000,-0.015398
2025-05-01T14:14:37.960000,-0.007404
2025-05-01T14:14:37.970000,0.001387
2025-05-01T14:14:37.980000,-0.013042
2025-05-01T14:14:37.990000,-0.001847
2025-05-01T14:14:38,0.013968
2025-05-01T14:14:38.010000,-0.009019
2025-05-01T14:14:38.020000,0.004120
2025-05-01T14:14:38.030000,0.017801
2025-05-01T14:14:38.040000,0.002304
2025-05-01T14:14:38.050000,-0.025809
2025-05-01T14:14:38.060000,0.014391
2025-05-01T14:14:38.070000,0.000285
2025-05-01T14:14:38.080000,-0.001759
2025-05-01T14:14:38.090000,-0.002527
2025-05-01T14:14:38.100000,-0.019810
2025-05-01T14:14:38.110000,-0.006437
2025-05-01T14:14:38.120000,0.002075
2025-05-01T14:14:38.130000,-0.013314
2025-05-01T14:14:38.140000,0.011788
2025-05-01T14:14:38.150000,0.001810
2025-05-01T14:14:38.160000,-0.002884
2025-05-01T14:14:38.170000,-0.009793
2025-05-01T14:14:38.180000,-0.002516
2025-05-01T14:14:38.190000,-0.003752
2025-05-01T14:14:38.200000,0.001279
2025-05-01T14:14:38.210000,0.007934
2025-05-01T14:14:38.220000,0.006481
2025-05-01T14:14:38.230000,0.003351
2025-05-01T14:14:38.240000,-0.015684
2025-05-01T14:14:38.250000,0.007793
2025-05-01T14:14:38.260000,0.008975
2025-05-01T14:14:38.270000,0.003788
2025-05-01T14:14:38.280000,-0.004020
2025-05-01T14:14:38.290000,-0.000986
2025-05-01T14:14:38.300000,-0.012297
2025-05-01T14:14:38.310000,-0.018310
2025-05-01T14:14:38.320000,-0.002725
2025-05-01T14:14:38.330000,-0.000784
2025-05-01T14:14:38.340000,0.001043
2025-05-01T14:14:38.350000,0.011769
2025-05-01T14:14:38.360000,0.003292
2025-05-01T14:14:38.370000,-0.002452
2025-05-01T14:14:38.380000,-0.002741
2025-05-01T14:14:38.390000,0.011900
2025-05-01T14:14:38.400000,-0.000598
2025-05-01T14:14:38.410000,-0.009540
2025-05-01T14:14:38.420000,0.000941
2025-05-01T14:14:38.430000,-0.008399
2025-05-01T14:14:38.440000,-0.004294
2025-05-01T14:14:38.450000,0.000034
2025-05-01T14:14:38.460000,-0.000790
2025-05-01T14:14:38.470000,-0.019114
2025-05-01T14:14:38.480000,-0.016561
2025-05-01T14:14:38.490000,0.004758
2025-05-01T14:14:38.500000,-0.003972
2025-05-01T14:14:38.510000,0.003821
2025-05-01T14:14:38.520000,-0.008503
2025-05-01T14:14:38.530000,-0.005915
2025-05-01T14:14:38.540000,-0.001598
2025-05-01T14:14:38.550000,-0.011181
2025-05-01T14:14:38.560000,0.003642
2025-05-01T14:14:38.570000,-0.007819
2025-05-01T14:14:38.580000,-0.001777
2025-05-01T14:14:38.590000,-0.015710
2025-05-01T14:14:38.600000,-0.004718
2025-05-01T14:14:38.610000,0.002130
2025-05-01T14:14:38.620000,0.018101
2025-05-01T14:14:38.630000,-0.008613
2025-05-01T14:14:38.640000,-0.006461
2025-05-01T14:14:38.650000,0.007641
2025-05-01T14:14:38.660000,0.003268
2025-05-01T14:14:38.670000,-0.008942
2025-05-01T14:14:38.680000,-0.015518
2025-05-01T14:14:38.690000,0.003977
2025-05-01T14:14:38.700000,0.008031
2025-05-01T14:14:38.710000,0.010921
2025-05-01T14:14:38.720000,-0.006988
2025-05-01T14:14:38.730000,-0.002771
2025-05-01T14:14:38.740000,-0.017929
2025-05-01T14:14:38.750000,0.011031
2025-05-01T14:14:38.760000,-0.013843
2025-05-01T14:14:38.770000,-0.010007
2025-05-01T14:14:38.780000,0.031097
2025-05-01T14:14:38.790000,0.004118
2025-05-01T14:14:38.800000,-0.008551
2025-05-01T14:14:38.810000,-0.006847
2025-05-01T14:14:38.820000,0.006000
2025-05-01T14:14:38.830000,-0.008906
2025-05-01T14:14:38.840000,-0.010022
2025-05-01T14:14:38.850000,-0.000600
2025-05-01T14:14:38.860000,-0.013939
2025-05-01T14:14:38.870000,-0.017715
2025-05-01T14:14:38.880000,0.004256
2025-05-01T14:14:38.890000,0.006761
2025-05-01T14:14:38.900000,-0.005758
2025-05-01T14:14:38.910000,-0.002439
2025-05-01T14:14:38.920000,-0.003257
2025-05-01T14:14:38.930000,0.014212
2025-05-01T14:14:38.940000,-0.016491
2025-05-01T14:14:38.950000,-0.002133
2025-05-01T14:14:38.960000,0.018404
2025-05-01T14:14:38.970000,-0.002712
2025-05-01T14:14:38.980000,-0.020798
2025-05-01T14:14:38.990000,0.012589
2025-05-01T14:14:39,0.005989
2025-05-01T14:14:39.010000,-0.004239
2025-05-01T14:14:39.020000,-0.008126
2025-05-01T14:14:39.030000,-0.014874
2025-05-01T14:14:39.040000,-0.007949
2025-05-01T14:14:39.050000,-0.005403
2025-05-01T14:14:39.060000,0.009060
2025-05-01T14:14:39.070000,-0.016330
2025-05-01T14:14:39.080000,-0.011577
2025-05-01T14:14:39.090000,-0.000466
2025-05-01T14:14:39.100000,0.016220
2025-05-01T14:14:39.110000,0.003338
2025-05-01T14:14:39.120000,-0.002142
2025-05-01T14:14:39.130000,0.006078
2025-05-01T14:14:39.140000,-0.010398
2025-05-01T14:14:39.150000,0.004235
2025-05-01T14:14:39.160000,-0.002475
2025-05-01T14:14:39.170000,-0.000855
2025-05-01T14:14:39.180000,0.011484
2025-05-01T14:14:39.190000,0.004769
2025-05-01T14:14:39.200000,0.019614
2025-05-01T14:14:39.210000,-0.007521
2025-05-01T14:14:39.220000,-0.024016
2025-05-01T14:14:39.230000,-0.017290
2025-05-01T14:14:39.240000,0.002913
2025-05-01T14:14:39.250000,0.010312
2025-05-01T14:14:39.260000,-0.007809
2025-05-01T14:14:39.270000,-0.010714
2025-05-01T14:14:39.280000,0.002399
2025-05-01T14:14:39.290000,-0.000172
2025-05-01T14:14:39.300000,-0.003838
2025-05-01T14:14:39.310000,0.012265
2025-05-01T14:14:39.320000,-0.019657
2025-05-01T14:14:39.330000,0.017462
2025-05-01T14:14:39.340000,-0.001438
2025-05-01T14:14:39.350000,0.005338
2025-05-01T14:14:39.360000,0.002597
2025-05-01T14:14:39.370000,0.016113
2025-05-01T14:14:39.380000,-0.002431
2025-05-01T14:14:39.390000,-0.004474
2025-05-01T14:14:39.400000,0.001717
2025-05-01T14:14:39.410000,0.000275
2025-05-01T14:14:39.420000,0.013239
2025-05-01T14:14:39.430000,-0.009917
2025-05-01T14:14:39.440000,-0.000254
2025-05-01T14:14:39.450000,0.011415
2025-05-01T14:14:39.460000,0.017728
2025-05-01T14:14:39.470000,-0.002243
2025-05-01T14:14:39.480000,-0.003866
2025-05-01T14:14:39.490000,0.003110
2025-05-01T14:14:39.500000,0.013052
2025-05-01T14:14:39.510000,-0.002871
2025-05-01T14:14:39.520000,0.001621
2025-05-01T14:14:39.530000,-0.009084
2025-05-01T14:14:39.540000,0.001440
2025-05-01T14:14:39.550000,-0.013643
2025-05-01T14:14:39.560000,0.004201
2025-05-01T14:14:39.570000,0.008454
2025-05-01T14:14:39.580000,-0.001686
2025-05-01T14:14:39.590000,-0.006601
2025-05-01T14:14:39.600000,0.003033
2025-05-01T14:14:39.610000,-0.001675
2025-05-01T14:14:39.620000,-0.004578
2025-05-01T14:14:39.630000,0.009162
2025-05-01T14:14:39.640000,0.001399
2025-05-01T14:14:39.650000,0.003421
2025-05-01T14:14:39.660000,-0.010719
2025-05-01T14:14:39.670000,0.004646
2025-05-01T14:14:39.680000,-0.006372
2025-05-01T14:14:39.690000,-0.010519
2025-05-01T14:14:39.700000,0.021204
2025-05-01T14:14:39.710000,0.000812
2025-05-01T14:14:39.720000,0.003013
2025-05-01T14:14:39.730000,-0.006293
2025-05-01T14:14:39.740000,-0.005641
2025-05-01T14:14:39.750000,-0.005088
2025-05-01T14:14:39.760000,-0.006576
2025-05-01T14:14:39.770000,0.017557
2025-05-01T14:14:39.780000,-0.014082
2025-05-01T14:14:39.790000,0.015731
2025-05-01T14:14:39.800000,-0.014514
2025-05-01T14:14:39.810000,0.012822
2025-05-01T14:14:39.820000,0.006407
2025-05-01T14:14:39.830000,-0.018566
2025-05-01T14:14:39.840000,-0.005704
2025-05-01T14:14:39.850000,-0.005613
2025-05-01T14:14:39.860000,-0.004263
2025-05-01T14:14:39.870000,-0.000132
2025-05-01T14:14:39.880000,-0.001851
2025-05-01T14:14:39.890000,0.015618
2025-05-01T14:14:39.900000,-0.007567
2025-05-01T14:14:39.910000,0.012540
2025-05-01T14:14:39.920000,-0.023569
2025-05-01T14:14:39.930000,-0.007956
2025-05-01T14:14:39.940000,-0.018844
2025-05-01T14:14:39.950000,-0.009461
2025-05-01T14:14:39.960000,0.002731
2025-05-01T14:14:39.970000,-0.010130
2025-05-01T14:14:39.980000,-0.001308
2025-05-01T14:14:39.990000,-0.014866
2025-05-01T14:14:40,0.022883
2025-05-01T14:14:40.010000,0.003242
2025-05-01T14:14:40.020000,0.014651
2025-05-01T14:14:40.030000,-0.004449
2025-05-01T14:14:40.040000,-0.009681
2025-05-01T14:14:40.050000,0.007890
2025-05-01T14:14:40.060000,0.003608
2025-05-01T14:14:40.070000,-0.001554
2025-05-01T14:14:40.080000,0.003661
2025-05-01T14:14:40.090000,-0.018885
2025-05-01T14:14:40.100000,0.007077
2025-05-01T14:14:40.110000,-0.003953
2025-05-01T14:14:40.120000,-0.016822
2025-05-01T14:14:40.130000,-0.016973
2025-05-01T14:14:40.140000,-0.015536
2025-05-01T14:14:40.150000,0.001880
2025-05-01T14:14:40.160000,0.007705
2025-05-01T14:14:40.170000,-0.010529
2025-05-01T14:14:40.180000,0.007721
2025-05-01T14:14:40.190000,-0.004860
2025-05-01T14:14:40.200000,-0.005635
2025-05-01T14:14:40.210000,0.012488
2025-05-01T14:14:40.220000,0.010744
2025-05-01T14:14:40.230000,-0.004191
2025-05-01T14:14:40.240000,-0.001647
2025-05-01T14:14:40.250000,-0.023276
2025-05-01T14:14:40.260000,0.026419
2025-05-01T14:14:40.270000,-0.000368
2025-05-01T14:14:40.280000,0.008187
2025-05-01T14:14:40.290000,-0.003406
2025-05-01T14:14:40.300000,-0.011329
2025-05-01T14:14:40.310000,-0.021404
2025-05-01T14:14:40.320000,-0.014367
2025-05-01T14:14:40.330000,0.000275
2025-05-01T14:14:40.340000,0.008832
2025-05-01T14:14:40.350000,0.002954
2025-05-01T14:14:40.360000,-0.002612
2025-05-01T14:14:40.370000,-0.008853
2025-05-01T14:14:40.380000,0.010905
2025-05-01T14:14:40.390000,-0.000446
2025-05-01T14:14:40.400000,0.005714
2025-05-01T14:14:40.410000,-0.002271
2025-05-01T14:14:40.420000,-0.011782
2025-05-01T14:14:40.430000,-0.012602
2025-05-01T14:14:40.440000,-0.001485
2025-05-01T14:14:40.450000,-0.003711
2025-05-01T14:14:40.460000,-0.009743
2025-05-01T14:14:40.470000,-0.006706
2025-05-01T14:14:40.480000,-0.000591
2025-05-01T14:14:40.490000,0.016206
2025-05-01T14:14:40.500000,0.002624
2025-05-01T14:14:40.510000,-0.005259
2025-05-01T14:14:40.520000,0.000634
2025-05-01T14:14:40.530000,0.007025
2025-05-01T14:14:40.540000,0.009480
2025-05-01T14:14:40.550000,-0.009767
2025-05-01T14:14:40.560000,-0.007418
2025-05-01T14:14:40.570000,0.010558
2025-05-01T14:14:40.580000,-0.002486
2025-05-01T14:14:40.590000,0.013755
2025-05-01T14:14:40.600000,0.009387
2025-05-01T14:14:40.610000,0.006382
2025-05-01T14:14:40.620000,0.015055
2025-05-01T14:14:40.630000,-0.007989
2025-05-01T14:14:40.640000,-0.001927
2025-05-01T14:14:40.650000,0.010303
2025-05-01T14:14:40.660000,0.003470
2025-05-01T14:14:40.670000,-0.012519
2025-05-01T14:14:40.680000,0.008571
2025-05-01T14:14:40.690000,-0.006524
2025-05-01T14:14:40.700000,0.012049
2025-05-01T14:14:40.710000,-0.001842
2025-05-01T14:14:40.720000,0.016077
2025-05-01T14:14:40.730000,0.013933
2025-05-01T14:14:40.740000,0.005588
2025-05-01T14:14:40.750000,-0.004491
2025-05-01T14:14:40.760000,0.001824
2025-05-01T14:14:40.770000,0.013518
2025-05-01T14:14:40.780000,-0.003951
2025-05-01T14:14:40.790000,-0.000854
2025-05-01T14:14:40.800000,0.003824
2025-05-01T14:14:40.810000,-0.006327
2025-05-01T14:14:40.820000,-0.006132
2025-05-01T14:14:40.830000,-0.002325
2025-05-01T14:14:40.840000,-0.000428
2025-05-01T14:14:40.850000,0.016805
2025-05-01T14:14:40.860000,-0.009625
2025-05-01T14:14:40.870000,0.000445
2025-05-01T14:14:40.880000,0.000754
2025-05-01T14:14:40.890000,-0.005063
2025-05-01T14:14:40.900000,-0.004214
2025-05-01T14:14:40.910000,0.010384
2025-05-01T14:14:40.920000,-0.008062
2025-05-01T14:14:40.930000,-0.008257
2025-05-01T14:14:40.940000,0.007545
2025-05-01T14:14:40.950000,-0.004406
2025-05-01T14:14:40.960000,-0.012305
2025-05-01T14:14:40.970000,-0.019577
2025-05-01T14:14:40.980000,0.007595
2025-05-01T14:14:40.990000,0.002328
2025-05-01T14:14:41,0.001603
2025-05-01T14:14:41.010000,0.002075
2025-05-01T14:14:41.020000,-0.018720
2025-05-01T14:14:41.030000,-0.001235
2025-05-01T14:14:41.040000,-0.010461
2025-05-01T14:14:41.050000,0.004031
2025-05-01T14:14:41.060000,-0.010335
2025-05-01T14:14:41.070000,-0.007425
2025-05-01T14:14:41.080000,-0.006332
2025-05-01T14:14:41.090000,0.004602
2025-05-01T14:14:41.100000,0.026123
2025-05-01T14:14:41.110000,-0.001900
2025-05-01T14:14:41.120000,0.009646
2025-05-01T14:14:41.130000,0.008018
2025-05-01T14:14:41.140000,-0.003168
2025-05-01T14:14:41.150000,-0.016901
2025-05-01T14:14:41.160000,-0.000697
2025-05-01T14:14:41.170000,-0.009013
2025-05-01T14:14:41.180000,0.011452
2025-05-01T14:14:41.190000,-0.010551
2025-05-01T14:14:41.200000,0.010020
2025-05-01T14:14:41.210000,-0.017829
2025-05-01T14:14:41.220000,-0.015036
2025-05-01T14:14:41.230000,0.001865
2025-05-01T14:14:41.240000,0.003357
2025-05-01T14:14:41.250000,0.001338
2025-05-01T14:14:41.260000,-0.011917
2025-05-01T14:14:41.270000,0.006071
2025-05-01T14:14:41.280000,0.008470
2025-05-01T14:14:41.290000,0.012232
2025-05-01T14:14:41.300000,-0.005210
2025-05-01T14:14:41.310000,-0.004309
2025-05-01T14:14:41.320000,0.012728
2025-05-01T14:14:41.330000,0.003087
2025-05-01T14:14:41.340000,-0.005991
2025-05-01T14:14:41.350000,0.013332
2025-05-01T14:14:41.360000,-0.003903
2025-05-01T14:14:41.370000,0.013717
2025-05-01T14:14:41.380000,0.012849
2025-05-01T14:14:41.390000,0.016883
2025-05-01T14:14:41.400000,-0.006171
2025-05-01T14:14:41.410000,-0.004448
2025-05-01T14:14:41.420000,-0.010440
2025-05-01T14:14:41.430000,-0.002514
2025-05-01T14:14:41.440000,0.022345
2025-05-01T14:14:41.450000,0.004175
2025-05-01T14:14:41.460000,0.008025
2025-05-01T14:14:41.470000,-0.013888
2025-05-01T14:14:41.480000,0.009333
2025-05-01T14:14:41.490000,-0.010737
2025-05-01T14:14:41.500000,-0.005814
2025-05-01T14:14:41.510000,0.001925
2025-05-01T14:14:41.520000,-0.009740
2025-05-01T14:14:41.530000,-0.001355
2025-05-01T14:14:41.540000,0.000346
2025-05-01T14:14:41.550000,0.007376
2025-05-01T14:14:41.560000,0.010311
2025-05-01T14:14:41.570000,-0.010902
2025-05-01T14:14:41.580000,0.013375
2025-05-01T14:14:41.590000,0.004690
2025-05-01T14:14:41.600000,-0.007934
2025-05-01T14:14:41.610000,0.006817
2025-05-01T14:14:41.620000,-0.010110
2025-05-01T14:14:41.630000,-0.021888
2025-05-01T14:14:41.640000,0.002530
2025-05-01T14:14:41.650000,0.016228
2025-05-01T14:14:41.660000,0.001653
2025-05-01T14:14:41.670000,-0.015889
2025-05-01T14:14:41.680000,-0.005702
2025-05-01T14:14:41.690000,0.014272
2025-05-01T14:14:41.700000,-0.001344
2025-05-01T14:14:41.710000,-0.019508
2025-05-01T14:14:41.720000,-0.004827
2025-05-01T14:14:41.730000,0.016358
2025-05-01T14:14:41.740000,-0.001994
2025-05-01T14:14:41.750000,-0.013363
2025-05-01T14:14:41.760000,0.006169
2025-05-01T14:14:41.770000,0.015861
2025-05-01T14:14:41.780000,0.006323
2025-05-01T14:14:41.790000,-0.012006
2025-05-01T14:14:41.800000,0.017777
2025-05-01T14:14:41.810000,-0.007138
2025-05-01T14:14:41.820000,-0.004881
2025-05-01T14:14:41.830000,0.005630
2025-05-01T14:14:41.840000,0.007802
2025-05-01T14:14:41.850000,-0.012754
2025-05-01T14:14:41.860000,0.014762
2025-05-01T14:14:41.870000,0.009650
2025-05-01T14:14:41.880000,0.016227
2025-05-01T14:14:41.890000,0.006214
2025-05-01T14:14:41.900000,0.005122
2025-05-01T14:14:41.910000,0.008087
2025-05-01T14:14:41.920000,-0.008613
2025-05-01T14:14:41.930000,0.001605
2025-05-01T14:14:41.940000,0.005071
2025-05-01T14:14:41.950000,-0.009196
2025-05-01T14:14:41.960000,0.001661
2025-05-01T14:14:41.970000,0.013523
2025-05-01T14:14:41.980000,0.004378
2025-05-01T14:14:41.990000,-0.009133
2025-05-01T14:14:42,-0.005448
2025-05-01T14:14:42.010000,0.007295
2025-05-01T14:14:42.020000,-0.008765
2025-05-01T14:14:42.030000,0.004627
2025-05-01T14:14:42.040000,0.009065
2025-05-01T14:14:42.050000,-0.007198
2025-05-01T14:14:42.060000,0.013752
2025-05-01T14:14:42.070000,0.009335
2025-05-01T14:14:42.080000,0.003350
2025-05-01T14:14:42.090000,0.004225
2025-05-01T14:14:42.100000,0.005693
2025-05-01T14:14:42.110000,0.001973
2025-05-01T14:14:42.120000,-0.018616
2025-05-01T14:14:42.130000,0.008524
2025-05-01T14:14:42.140000,0.002591
2025-05-01T14:14:42.150000,-0.002876
2025-05-01T14:14:42.160000,0.005579
2025-05-01T14:14:42.170000,-0.005493
2025-05-01T14:14:42.180000,-0.004241
2025-05-01T14:14:42.190000,-0.013413
2025-05-01T14:14:42.200000,0.010857
2025-05-01T14:14:42.210000,-0.005420
2025-05-01T14:14:42.220000,0.005300
2025-05-01T14:14:42.230000,0.026066
2025-05-01T14:14:42.240000,0.000816
2025-05-01T14:14:42.250000,0.005678
2025-05-01T14:14:42.260000,0.000545
2025-05-01T14:14:42.270000,-0.007097
2025-05-01T14:14:42.280000,-0.002544
2025-05-01T14:14:42.290000,0.012347
2025-05-01T14:14:42.300000,0.006656
2025-05-01T14:14:42.310000,-0.010667
2025-05-01T14:14:42.320000,0.002639
2025-05-01T14:14:42.330000,-0.004746
2025-05-01T14:14:42.340000,-0.006605
2025-05-01T14:14:42.350000,0.003825
2025-05-01T14:14:42.360000,-0.001304
2025-05-01T14:14:42.370000,0.004291
2025-05-01T14:14:42.380000,-0.003426
2025-05-01T14:14:42.390000,-0.004422
2025-05-01T14:14:42.400000,0.012720
2025-05-01T14:14:42.410000,0.028194
2025-05-01T14:14:42.420000,-0.004143
2025-05-01T14:14:42.430000,-0.007060
2025-05-01T14:14:42.440000,-0.018628
2025-05-01T14:14:42.450000,0.012126
2025-05-01T14:14:42.460000,0.003869
2025-05-01T14:14:42.470000,0.000003
2025-05-01T14:14:42.480000,-0.010271
2025-05-01T14:14:42.490000,-0.001494
2025-05-01T14:14:42.500000,0.004841
2025-05-01T14:14:42.510000,-0.006881
2025-05-01T14:14:42.520000,0.004053
2025-05-01T14:14:42.530000,-0.001312
2025-05-01T14:14:42.540000,-0.012170
2025-05-01T14:14:42.550000,-0.004502
2025-05-01T14:14:42.560000,0.005117
2025-05-01T14:14:42.570000,0.011430
2025-05-01T14:14:42.580000,0.013167
2025-05-01T14:14:42.590000,0.010605
2025-05-01T14:14:42.600000,-0.003560
2025-05-01T14:14:42.610000,0.004997
2025-05-01T14:14:42.620000,-0.004722
2025-05-01T14:14:42.630000,-0.005144
2025-05-01T14:14:42.640000,-0.011427
2025-05-01T14:14:42.650000,0.003816
2025-05-01T14:14:42.660000,-0.019832
2025-05-01T14:14:42.670000,-0.002855
2025-05-01T14:14:42.680000,-0.028680
2025-05-01T14:14:42.690000,-0.001863
2025-05-01T14:14:42.700000,-0.008681
2025-05-01T14:14:42.710000,-0.004563
2025-05-01T14:14:42.720000,0.018145
2025-05-01T14:14:42.730000,0.005728
2025-05-01T14:14:42.740000,-0.002124
2025-05-01T14:14:42.750000,-0.010982
2025-05-01T14:14:42.760000,-0.002002
2025-05-01T14:14:42.770000,-0.001493
2025-05-01T14:14:42.780000,-0.003826
2025-05-01T14:14:42.790000,-0.001694
2025-05-01T14:14:42.800000,0.017969
2025-05-01T14:14:42.810000,0.011358
2025-05-01T14:14:42.820000,0.006116
2025-05-01T14:14:42.830000,-0.012114
2025-05-01T14:14:42.840000,0.003499
2025-05-01T14:14:42.850000,-0.005661
2025-05-01T14:14:42.860000,0.006391
2025-05-01T14:14:42.870000,-0.019032
2025-05-01T14:14:42.880000,0.010432
2025-05-01T14:14:42.890000,0.007762
2025-05-01T14:14:42.900000,-0.018234
2025-05-01T14:14:42.910000,-0.000016
2025-05-01T14:14:42.920000,-0.005610
2025-05-01T14:14:42.930000,-0.006595
2025-05-01T14:14:42.940000,0.025813
2025-05-01T14:14:42.950000,-0.008118
2025-05-01T14:14:42.960000,0.008950
2025-05-01T14:14:42.970000,0.012542
2025-05-01T14:14:42.980000,-0.004965
2025-05-01T14:14:42.990000,0.023181
2025-05-01T14:14:43,0.003029
2025-05-01T14:14:43.010000,0.005989
2025-05-01T14:14:43.020000,-0.005301
2025-05-01T14:14:43.030000,0.007416
2025-05-01T14:14:43.040000,0.006255
2025-05-01T14:14:43.050000,0.024995
2025-05-01T14:14:43.060000,0.006208
2025-05-01T14:14:43.070000,-0.008440
2025-05-01T14:14:43.080000,-0.003969
2025-05-01T14:14:43.090000,-0.005912
2025-05-01T14:14:43.100000,0.005457
2025-05-01T14:14:43.110000,-0.020420
2025-05-01T14:14:43.120000,-0.000723
2025-05-01T14:14:43.130000,-0.010471
2025-05-01T14:14:43.140000,-0.016783
2025-05-01T14:14:43.150000,0.008027
2025-05-01T14:14:43.160000,0.007336
2025-05-01T14:14:43.170000,0.006795
2025-05-01T14:14:43.180000,0.014758
2025-05-01T14:14:43.190000,0.006635
2025-05-01T14:14:43.200000,-0.013995
2025-05-01T14:14:43.210000,-0.001822
2025-05-01T14:14:43.220000,0.005670
2025-05-01T14:14:43.230000,-0.009773
2025-05-01T14:14:43.240000,-0.001374
2025-05-01T14:14:43.250000,0.014368
2025-05-01T14:14:43.260000,-0.007621
2025-05-01T14:14:43.270000,0.014579
2025-05-01T14:14:43.280000,0.004615
2025-05-01T14:14:43.290000,0.012096
2025-05-01T14:14:43.300000,0.010355
2025-05-01T14:14:43.310000,0.009900
2025-05-01T14:14:43.320000,-0.009235
2025-05-01T14:14:43.330000,-0.009086
2025-05-01T14:14:43.340000,-0.011941
2025-05-01T14:14:43.350000,0.011210
2025-05-01T14:14:43.360000,-0.021671
2025-05-01T14:14:43.370000,0.004992
2025-05-01T14:14:43.380000,0.001735
2025-05-01T14:14:43.390000,-0.000183
2025-05-01T14:14:43.400000,0.009958
2025-05-01T14:14:43.410000,-0.007884
2025-05-01T14:14:43.420000,-0.001954
2025-05-01T14:14:43.430000,-0.014218
2025-05-01T14:14:43.440000,0.003380
2025-05-01T14:14:43.450000,0.009187
2025-05-01T14:14:43.460000,0.001314
2025-05-01T14:14:43.470000,-0.001245
2025-05-01T14:14:43.480000,0.000418
2025-05-01T14:14:43.490000,0.006203
2025-05-01T14:14:43.500000,-0.009744
2025-05-01T14:14:43.510000,0.003720
2025-05-01T14:14:43.520000,0.033586
2025-05-01T14:14:43.530000,0.012572
2025-05-01T14:14:43.540000,0.003472
2025-05-01T14:14:43.550000,-0.016212
2025-05-01T14:14:43.560000,-0.016687
2025-05-01T14:14:43.570000,0.008524
2025-05-01T14:14:43.580000,0.001600
2025-05-01T14:14:43.590000,0.014703
2025-05-01T14:14:43.600000,0.005654
2025-05-01T14:14:43.610000,-0.007916
2025-05-01T14:14:43.620000,0.008098
2025-05-01T14:14:43.630000,0.017898
2025-05-01T14:14:43.640000,0.022838
2025-05-01T14:14:43.650000,0.003655
2025-05-01T14:14:43.660000,0.017439
2025-05-01T14:14:43.670000,-0.007818
2025-05-01T14:14:43.680000,-0.008781
2025-05-01T14:14:43.690000,0.003587
2025-05-01T14:14:43.700000,-0.003757
2025-05-01T14:14:43.710000,0.011955
2025-05-01T14:14:43.720000,-0.002218
2025-05-01T14:14:43.730000,0.005841
2025-05-01T14:14:43.740000,-0.020716
2025-05-01T14:14:43.750000,0.000117
2025-05-01T14:14:43.760000,-0.017129
2025-05-01T14:14:43.770000,-0.019631
2025-05-01T14:14:43.780000,-0.002110
2025-05-01T14:14:43.790000,0.014992
2025-05-01T14:14:43.800000,0.009680
2025-05-01T14:14:43.810000,0.004229
2025-05-01T14:14:43.820000,0.003328
2025-05-01T14:14:43.830000,0.008329
2025-05-01T14:14:43.840000,0.007508
2025-05-01T14:14:43.850000,-0.010184
2025-05-01T14:14:43.860000,-0.000349
2025-05-01T14:14:43.870000,0.006233
2025-05-01T14:14:43.880000,0.005052
2025-05-01T14:14:43.890000,0.000053
2025-05-01T14:14:43.900000,0.014443
2025-05-01T14:14:43.910000,0.003861
2025-05-01T14:14:43.920000,-0.004515
2025-05-01T14:14:43.930000,0.011064
2025-05-01T14:14:43.940000,0.016433
2025-05-01T14:14:43.950000,-0.006730
2025-05-01T14:14:43.960000,-0.005987
2025-05-01T14:14:43.970000,0.004449
2025-05-01T14:14:43.980000,-0.008008
2025-05-01T14:14:43.990000,-0.003954
2025-05-01T14:14:44,-0.000808
2025-05-01T14:14:44.010000,-0.004667
2025-05-01T14:14:44.020000,0.000999
2025-05-01T14:14:44.030000,-0.002105
2025-05-01T14:14:44.040000,-0.017673
2025-05-01T14:14:44.050000,-0.007611
2025-05-01T14:14:44.060000,0.018493
2025-05-01T14:14:44.070000,-0.016558
2025-05-01T14:14:44.080000,0.010403
2025-05-01T14:14:44.090000,-0.003625
2025-05-01T14:14:44.100000,0.007531
2025-05-01T14:14:44.110000,0.000268
2025-05-01T14:14:44.120000,0.001600
2025-05-01T14:14:44.130000,0.001342
2025-05-01T14:14:44.140000,0.002768
2025-05-01T14:14:44.150000,-0.003665
2025-05-01T14:14:44.160000,-0.005226
2025-05-01T14:14:44.170000,-0.000978
2025-05-01T14:14:44.180000,0.005646
2025-05-01T14:14:44.190000,-0.003638
2025-05-01T14:14:44.200000,-0.003409
2025-05-01T14:14:44.210000,-0.011279
2025-05-01T14:14:44.220000,0.005429
2025-05-01T14:14:44.230000,0.008305
2025-05-01T14:14:44.240000,0.012181
2025-05-01T14:14:44.250000,0.026129
2025-05-01T14:14:44.260000,0.000160
2025-05-01T14:14:44.270000,0.000912
2025-05-01T14:14:44.280000,0.002210
2025-05-01T14:14:44.290000,0.002466
2025-05-01T14:14:44.300000,0.004964
2025-05-01T14:14:44.310000,-0.002415
2025-05-01T14:14:44.320000,0.004392
2025-05-01T14:14:44.330000,0.003637
2025-05-01T14:14:44.340000,-0.007938
2025-05-01T14:14:44.350000,0.012354
2025-05-01T14:14:44.360000,0.001649
2025-05-01T14:14:44.370000,0.004632
2025-05-01T14:14:44.380000,-0.012850
2025-05-01T14:14:44.390000,0.005165
2025-05-01T14:14:44.400000,-0.010868
2025-05-01T14:14:44.410000,0.005491
2025-05-01T14:14:44.420000,0.008844
2025-05-01T14:14:44.430000,-0.002025
2025-05-01T14:14:44.440000,-0.007367
2025-05-01T14:14:44.450000,0.005335
2025-05-01T14:14:44.460000,-0.001969
2025-05-01T14:14:44.470000,-0.006091
2025-05-01T14:14:44.480000,-0.012363
2025-05-01T14:14:44.490000,-0.001396
2025-05-01T14:14:44.500000,0.002759
2025-05-01T14:14:44.510000,-0.011494
2025-05-01T14:14:44.520000,-0.008659
2025-05-01T14:14:44.530000,-0.003180
2025-05-01T14:14:44.540000,-0.002588
2025-05-01T14:14:44.550000,-0.012467
2025-05-01T14:14:44.560000,-0.004473
2025-05-01T14:14:44.570000,0.018694
2025-05-01T14:14:44.580000,0.006367
2025-05-01T14:14:44.590000,0.005865
2025-05-01T14:14:44.600000,0.005904
2025-05-01T14:14:44.610000,0.000616
2025-05-01T14:14:44.620000,0.004180
2025-05-01T14:14:44.630000,-0.003675
2025-05-01T14:14:44.640000,0.009542
2025-05-01T14:14:44.650000,0.000577
2025-05-01T14:14:44.660000,0.005936
2025-05-01T14:14:44.670000,0.011503
2025-05-01T14:14:44.680000,-0.008527
2025-05-01T14:14:44.690000,0.009636
2025-05-01T14:14:44.700000,0.005439
2025-05-01T14:14:44.710000,0.007571
2025-05-01T14:14:44.720000,0.004406
2025-05-01T14:14:44.730000,0.015492
2025-05-01T14:14:44.740000,0.013536
2025-05-01T14:14:44.750000,0.021752
2025-05-01T14:14:44.760000,-0.005269
2025-05-01T14:14:44.770000,0.010566
2025-05-01T14:14:44.780000,0.001084
2025-05-01T14:14:44.790000,0.014111
2025-05-01T14:14:44.800000,-0.006084
2025-05-01T14:14:44.810000,-0.013075
2025-05-01T14:14:44.820000,0.002951
2025-05-01T14:14:44.830000,0.003047
2025-05-01T14:14:44.840000,0.010112
2025-05-01T14:14:44.850000,0.010225
2025-05-01T14:14:44.860000,-0.005085
2025-05-01T14:14:44.870000,0.006785
2025-05-01T14:14:44.880000,0.016020
2025-05-01T14:14:44.890000,0.010567
2025-05-01T14:14:44.900000,-0.011264
2025-05-01T14:14:44.910000,0.002006
2025-05-01T14:14:44.920000,0.005361
2025-05-01T14:14:44.930000,0.007101
2025-05-01T14:14:44.940000,0.000793
2025-05-01T14:14:44.950000,0.000523
2025-05-01T14:14:44.960000,-0.008416
2025-05-01T14:14:44.970000,-0.005904
2025-05-01T14:14:44.980000,-0.006929
2025-05-01T14:14:44.990000,0.030531
2025-05-01T14:14:45,-0.005122
2025-05-01T14:14:45.010000,-0.002916
2025-05-01T14:14:45.020000,-0.009231
2025-05-01T14:14:45.030000,0.016348
2025-05-01T14:14:45.040000,0.017797
2025-05-01T14:14:45.050000,0.000205
2025-05-01T14:14:45.060000,-0.010446
2025-05-01T14:14:45.070000,0.004744
2025-05-01T14:14:45.080000,0.017244
2025-05-01T14:14:45.090000,-0.012690
2025-05-01T14:14:45.100000,0.012844
2025-05-01T14:14:45.110000,0.021816
2025-05-01T14:14:45.120000,0.004717
2025-05-01T14:14:45.130000,0.012205
2025-05-01T14:14:45.140000,0.007148
2025-05-01T14:14:45.150000,-0.006248
2025-05-01T14:14:45.160000,-0.013272
2025-05-01T14:14:45.170000,-0.001551
2025-05-01T14:14:45.180000,-0.002091
2025-05-01T14:14:45.190000,-0.016565
2025-05-01T14:14:45.200000,-0.005126
2025-05-01T14:14:45.210000,-0.008070
2025-05-01T14:14:45.220000,-0.010395
2025-05-01T14:14:45.230000,-0.018240
2025-05-01T14:14:45.240000,-0.010070
2025-05-01T14:14:45.250000,-0.001933
2025-05-01T14:14:45.260000,-0.007379
2025-05-01T14:14:45.270000,0.004022
2025-05-01T14:14:45.280000,-0.012172
2025-05-01T14:14:45.290000,0.011645
2025-05-01T14:14:45.300000,-0.007579
2025-05-01T14:14:45.310000,-0.017218
2025-05-01T14:14:45.320000,-0.002240
2025-05-01T14:14:45.330000,-0.026656
2025-05-01T14:14:45.340000,-0.008377
2025-05-01T14:14:45.350000,0.011171
2025-05-01T14:14:45.360000,0.003227
2025-05-01T14:14:45.370000,-0.004710
2025-05-01T14:14:45.380000,-0.013516
2025-05-01T14:14:45.390000,-0.011333
2025-05-01T14:14:45.400000,0.004892
2025-05-01T14:14:45.410000,-0.028822
2025-05-01T14:14:45.420000,-0.005097
2025-05-01T14:14:45.430000,0.006615
2025-05-01T14:14:45.440000,-0.004005
2025-05-01T14:14:45.450000,-0.010472
2025-05-01T14:14:45.460000,0.004538
2025-05-01T14:14:45.470000,-0.011511
2025-05-01T14:14:45.480000,0.011109
2025-05-01T14:14:45.490000,-0.008383
2025-05-01T14:14:45.500000,0.002085
2025-05-01T14:14:45.510000,0.011854
2025-05-01T14:14:45.520000,0.002249
2025-05-01T14:14:45.530000,0.011724
2025-05-01T14:14:45.540000,-0.013464
2025-05-01T14:14:45.550000,0.006788
2025-05-01T14:14:45.560000,0.005808
2025-05-01T14:14:45.570000,0.000992
2025-05-01T14:14:45.580000,0.001387
2025-05-01T14:14:45.590000,-0.010938
2025-05-01T14:14:45.600000,-0.005704
2025-05-01T14:14:45.610000,-0.007942
2025-05-01T14:14:45.620000,-0.005824
2025-05-01T14:14:45.630000,-0.005954
2025-05-01T14:14:45.640000,-0.005872
2025-05-01T14:14:45.650000,0.018457
2025-05-01T14:14:45.660000,0.009680
2025-05-01T14:14:45.670000,0.003941
2025-05-01T14:14:45.680000,0.001323
2025-05-01T14:14:45.690000,0.002826
2025-05-01T14:14:45.700000,-0.009529
2025-05-01T14:14:45.710000,-0.011594
2025-05-01T14:14:45.720000,0.008531
2025-05-01T14:14:45.730000,0.016505
2025-05-01T14:14:45.740000,0.004778
2025-05-01T14:14:45.750000,0.003434
2025-05-01T14:14:45.760000,-0.007141
2025-05-01T14:14:45.770000,-0.008303
2025-05-01T14:14:45.780000,0.000457
2025-05-01T14:14:45.790000,-0.003152
2025-05-01T14:14:45.800000,0.014535
2025-05-01T14:14:45.810000,0.001994
2025-05-01T14:14:45.820000,-0.000132
2025-05-01T14:14:45.830000,0.000259
2025-05-01T14:14:45.840000,0.002118
2025-05-01T14:14:45.850000,0.001320
2025-05-01T14:14:45.860000,0.006121
2025-05-01T14:14:45.870000,-0.010638
2025-05-01T14:14:45.880000,-0.013464
2025-05-01T14:14:45.890000,-0.008043
2025-05-01T14:14:45.900000,0.008486
2025-05-01T14:14:45.910000,0.006575
2025-05-01T14:14:45.920000,-0.008952
2025-05-01T14:14:45.930000,0.014375
2025-05-01T14:14:45.940000,-0.000911
2025-05-01T14:14:45.950000,-0.007188
2025-05-01T14:14:45.960000,-0.011084
2025-05-01T14:14:45.970000,0.000248
2025-05-01T14:14:45.980000,-0.004595
2025-05-01T14:14:45.990000,-0.005172
2025-05-01T14:14:46,0.012820
2025-05-01T14:14:46.010000,0.007618
2025-05-01T14:14:46.020000,0.008763
2025-05-01T14:14:46.030000,0.003160
2025-05-01T14:14:46.040000,0.013468
2025-05-01T14:14:46.050000,0.002773
2025-05-01T14:14:46.060000,-0.011277
2025-05-01T14:14:46.070000,0.007624
2025-05-01T14:14:46.080000,0.000794
2025-05-01T14:14:46.090000,0.008449
2025-05-01T14:14:46.100000,0.010179
2025-05-01T14:14:46.110000,-0.021535
2025-05-01T14:14:46.120000,0.019380
2025-05-01T14:14:46.130000,-0.012024
2025-05-01T14:14:46.140000,-0.016493
2025-05-01T14:14:46.150000,0.011194
2025-05-01T14:14:46.160000,-0.014470
2025-05-01T14:14:46.170000,-0.000370
2025-05-01T14:14:46.180000,0.005176
2025-05-01T14:14:46.190000,0.018629
2025-05-01T14:14:46.200000,-0.018220
2025-05-01T14:14:46.210000,-0.014150
2025-05-01T14:14:46.220000,-0.021374
2025-05-01T14:14:46.230000,-0.015331
2025-05-01T14:14:46.240000,-0.000120
2025-05-01T14:14:46.250000,0.016130
2025-05-01T14:14:46.260000,-0.008609
2025-05-01T14:14:46.270000,0.009790
2025-05-01T14:14:46.280000,0.002099
2025-05-01T14:14:46.290000,0.001640
2025-05-01T14:14:46.300000,0.003035
2025-05-01T14:14:46.310000,0.002296
2025-05-01T14:14:46.320000,0.006333
2025-05-01T14:14:46.330000,-0.005721
2025-05-01T14:14:46.340000,0.005365
2025-05-01T14:14:46.350000,0.002299
2025-05-01T14:14:46.360000,0.012336
2025-05-01T14:14:46.370000,-0.001337
2025-05-01T14:14:46.380000,-0.012957
2025-05-01T14:14:46.390000,-0.025723
2025-05-01T14:14:46.400000,0.008290
2025-05-01T14:14:46.410000,0.002255
2025-05-01T14:14:46.420000,-0.006219
2025-05-01T14:14:46.430000,0.013409
2025-05-01T14:14:46.440000,-0.019885
2025-05-01T14:14:46.450000,-0.008674
2025-05-01T14:14:46.460000,-0.016561
2025-05-01T14:14:46.470000,0.001327
2025-05-01T14:14:46.480000,0.011251
2025-05-01T14:14:46.490000,0.008846
2025-05-01T14:14:46.500000,-0.011305
2025-05-01T14:14:46.510000,-0.005680
2025-05-01T14:14:46.520000,0.000248
2025-05-01T14:14:46.530000,0.007384
2025-05-01T14:14:46.540000,0.010993
2025-05-01T14:14:46.550000,0.014145
2025-05-01T14:14:46.560000,0.003175
2025-05-01T14:14:46.570000,0.004123
2025-05-01T14:14:46.580000,0.002880
2025-05-01T14:14:46.590000,0.009214
2025-05-01T14:14:46.600000,-0.018924
2025-05-01T14:14:46.610000,0.003264
2025-05-01T14:14:46.620000,-0.004412
2025-05-01T14:14:46.630000,0.003950
2025-05-01T14:14:46.640000,0.008582
2025-05-01T14:14:46.650000,-0.008416
2025-05-01T14:14:46.660000,-0.008749
2025-05-01T14:14:46.670000,-0.004342
2025-05-01T14:14:46.680000,0.004936
2025-05-01T14:14:46.690000,0.010026
2025-05-01T14:14:46.700000,0.000119
2025-05-01T14:14:46.710000,0.001922
2025-05-01T14:14:46.720000,-0.016173
2025-05-01T14:14:46.730000,0.012889
2025-05-01T14:14:46.740000,-0.004249
2025-05-01T14:14:46.750000,0.004864
2025-05-01T14:14:46.760000,-0.006846
2025-05-01T14:14:46.770000,0.015085
2025-05-01T14:14:46.780000,-0.005170
2025-05-01T14:14:46.790000,0.004797
2025-05-01T14:14:46.800000,0.011189
2025-05-01T14:14:46.810000,0.004422
2025-05-01T14:14:46.820000,0.010727
2025-05-01T14:14:46.830000,-0.001307
2025-05-01T14:14:46.840000,0.010185
2025-05-01T14:14:46.850000,0.001114
2025-05-01T14:14:46.860000,-0.006831
2025-05-01T14:14:46.870000,-0.001097
2025-05-01T14:14:46.880000,0.007687
2025-05-01T14:14:46.890000,0.002919
2025-05-01T14:14:46.900000,0.003469
2025-05-01T14:14:46.910000,0.000684
2025-05-01T14:14:46.920000,-0.000828
2025-05-01T14:14:46.930000,0.001225
2025-05-01T14:14:46.940000,-0.001935
2025-05-01T14:14:46.950000,0.007719
2025-05-01T14:14:46.960000,-0.007597
2025-05-01T14:14:46.970000,-0.001644
2025-05-01T14:14:46.980000,0.008372
2025-05-01T14:14:46.990000,0.003880
2025-05-01T14:14:47,-0.002232
2025-05-01T14:14:47.010000,-0.001176
2025-05-01T14:14:47.020000,0.000880
2025-05-01T14:14:47.030000,0.018387
2025-05-01T14:14:47.040000,0.002950
2025-05-01T14:14:47.050000,-0.005292
2025-05-01T14:14:47.060000,-0.011679
2025-05-01T14:14:47.070000,-0.010053
2025-05-01T14:14:47.080000,-0.002993
2025-05-01T14:14:47.090000,-0.011254
2025-05-01T14:14:47.100000,-0.004503
2025-05-01T14:14:47.110000,0.001855
2025-05-01T14:14:47.120000,0.008602
2025-05-01T14:14:47.130000,-0.013676
2025-05-01T14:14:47.140000,0.015788
2025-05-01T14:14:47.150000,0.009356
2025-05-01T14:14:47.160000,0.006570
2025-05-01T14:14:47.170000,0.016406
2025-05-01T14:14:47.180000,-0.004974
2025-05-01T14:14:47.190000,0.001047
2025-05-01T14:14:47.200000,-0.004124
2025-05-01T14:14:47.210000,0.003382
2025-05-01T14:14:47.220000,-0.009591
2025-05-01T14:14:47.230000,0.011239
2025-05-01T14:14:47.240000,0.008019
2025-05-01T14:14:47.250000,0.004113
2025-05-01T14:14:47.260000,0.017294
2025-05-01T14:14:47.270000,-0.009904
2025-05-01T14:14:47.280000,-0.005079
2025-05-01T14:14:47.290000,-0.006353
2025-05-01T14:14:47.300000,-0.004135
2025-05-01T14:14:47.310000,-0.001411
2025-05-01T14:14:47.320000,0.002995
2025-05-01T14:14:47.330000,0.008255
2025-05-01T14:14:47.340000,0.001858
2025-05-01T14:14:47.350000,0.007846
2025-05-01T14:14:47.360000,-0.000520
2025-05-01T14:14:47.370000,-0.007119
2025-05-01T14:14:47.380000,0.001845
2025-05-01T14:14:47.390000,0.003595
2025-05-01T14:14:47.400000,-0.002104
2025-05-01T14:14:47.410000,-0.001751
2025-05-01T14:14:47.420000,-0.004433
2025-05-01T14:14:47.430000,0.011144
2025-05-01T14:14:47.440000,0.016435
2025-05-01T14:14:47.450000,0.012602
2025-05-01T14:14:47.460000,-0.008846
2025-05-01T14:14:47.470000,0.001121
2025-05-01T14:14:47.480000,-0.003150
2025-05-01T14:14:47.490000,-0.002263
2025-05-01T14:14:47.500000,0.002084
2025-05-01T14:14:47.510000,0.003263
2025-05-01T14:14:47.520000,0.013344
2025-05-01T14:14:47.530000,-0.003120
2025-05-01T14:14:47.540000,-0.001175
2025-05-01T14:14:47.550000,-0.015407
2025-05-01T14:14:47.560000,0.004370
2025-05-01T14:14:47.570000,-0.006186
2025-05-01T14:14:47.580000,0.009984
2025-05-01T14:14:47.590000,0.007746
2025-05-01T14:14:47.600000,0.004409
2025-05-01T14:14:47.610000,-0.009726
2025-05-01T14:14:47.620000,0.003184
2025-05-01T14:14:47.630000,-0.000441
2025-05-01T14:14:47.640000,-0.003478
2025-05-01T14:14:47.650000,0.027444
2025-05-01T14:14:47.660000,-0.012856
2025-05-01T14:14:47.670000,-0.004918
2025-05-01T14:14:47.680000,0.010146
2025-05-01T14:14:47.690000,-0.003848
2025-05-01T14:14:47.700000,-0.003237
2025-05-01T14:14:47.710000,0.004425
2025-05-01T14:14:47.720000,-0.004726
2025-05-01T14:14:47.730000,-0.013917
2025-05-01T14:14:47.740000,-0.013136
2025-05-01T14:14:47.750000,0.001943
2025-05-01T14:14:47.760000,0.005991
2025-05-01T14:14:47.770000,0.004780
2025-05-01T14:14:47.780000,0.007107
2025-05-01T14:14:47.790000,-0.004574
2025-05-01T14:14:47.800000,-0.004185
2025-05-01T14:14:47.810000,0.006991
2025-05-01T14:14:47.820000,0.000593
2025-05-01T14:14:47.830000,-0.002263
2025-05-01T14:14:47.840000,0.003292
2025-05-01T14:14:47.850000,0.005092
2025-05-01T14:14:47.860000,0.010343
2025-05-01T14:14:47.870000,0.006745
2025-05-01T14:14:47.880000,0.003151
2025-05-01T14:14:47.890000,0.010102
2025-05-01T14:14:47.900000,0.010202
2025-05-01T14:14:47.910000,0.001123
2025-05-01T14:14:47.920000,-0.006208
2025-05-01T14:14:47.930000,0.019152
2025-05-01T14:14:47.940000,0.002289
2025-05-01T14:14:47.950000,-0.010620
2025-05-01T14:14:47.960000,-0.000543
2025-05-01T14:14:47.970000,-0.003044
2025-05-01T14:14:47.980000,-0.007835
2025-05-01T14:14:47.990000,0.008171
2025-05-01T14:14:48,0.011594
2025-05-01T14:14:48.010000,-0.003923
2025-05-01T14:14:48.020000,0.004257
2025-05-01T14:14:48.030000,-0.002871
2025-05-01T14:14:48.040000,0.010834
2025-05-01T14:14:48.050000,-0.006891
2025-05-01T14:14:48.060000,0.018886
2025-05-01T14:14:48.070000,0.000428
2025-05-01T14:14:48.080000,-0.001725
2025-05-01T14:14:48.090000,0.000969
2025-05-01T14:14:48.100000,-0.007383
2025-05-01T14:14:48.110000,0.009330
2025-05-01T14:14:48.120000,0.002036
2025-05-01T14:14:48.130000,0.008118
2025-05-01T14:14:48.140000,0.013969
2025-05-01T14:14:48.150000,-0.009805
2025-05-01T14:14:48.160000,-0.012354
2025-05-01T14:14:48.170000,-0.005701
2025-05-01T14:14:48.180000,-0.020033
2025-05-01T14:14:48.190000,-0.002491
2025-05-01T14:14:48.200000,-0.007109
2025-05-01T14:14:48.210000,0.005743
2025-05-01T14:14:48.220000,-0.023798
2025-05-01T14:14:48.230000,0.007390
2025-05-01T14:14:48.240000,-0.000447
2025-05-01T14:14:48.250000,-0.007376
2025-05-01T14:14:48.260000,0.009217
2025-05-01T14:14:48.270000,-0.008988
2025-05-01T14:14:48.280000,-0.000891
2025-05-01T14:14:48.290000,0.001557
2025-05-01T14:14:48.300000,-0.009512
2025-05-01T14:14:48.310000,0.021846
2025-05-01T14:14:48.320000,0.022265
2025-05-01T14:14:48.330000,0.016688
2025-05-01T14:14:48.340000,0.007325
2025-05-01T14:14:48.350000,-0.013081
2025-05-01T14:14:48.360000,0.002645
2025-05-01T14:14:48.370000,-0.005317
2025-05-01T14:14:48.380000,-0.012823
2025-05-01T14:14:48.390000,-0.006818
2025-05-01T14:14:48.400000,-0.016322
2025-05-01T14:14:48.410000,-0.005993
2025-05-01T14:14:48.420000,-0.006308
2025-05-01T14:14:48.430000,-0.018781
2025-05-01T14:14:48.440000,0.013036
2025-05-01T14:14:48.450000,0.021783
2025-05-01T14:14:48.460000,0.013714
2025-05-01T14:14:48.470000,-0.012051
2025-05-01T14:14:48.480000,-0.004509
2025-05-01T14:14:48.490000,-0.005570
2025-05-01T14:14:48.500000,0.001446
2025-05-01T14:14:48.510000,-0.003692
2025-05-01T14:14:48.520000,-0.001032
2025-05-01T14:14:48.530000,-0.013254
2025-05-01T14:14:48.540000,-0.010184
2025-05-01T14:14:48.550000,-0.001757
2025-05-01T14:14:48.560000,-0.007158
2025-05-01T14:14:48.570000,-0.005446
2025-05-01T14:14:48.580000,-0.023068
2025-05-01T14:14:48.590000,0.000525
2025-05-01T14:14:48.600000,-0.006935
2025-05-01T14:14:48.610000,0.002895
2025-05-01T14:14:48.620000,0.010186
2025-05-01T14:14:48.630000,-0.002300
2025-05-01T14:14:48.640000,0.009132
2025-05-01T14:14:48.650000,0.003655
2025-05-01T14:14:48.660000,-0.004369
2025-05-01T14:14:48.670000,-0.022539
2025-05-01T14:14:48.680000,0.002378
2025-05-01T14:14:48.690000,0.003966
2025-05-01T14:14:48.700000,-0.011217
2025-05-01T14:14:48.710000,0.007165
2025-05-01T14:14:48.720000,0.028167
2025-05-01T14:14:48.730000,-0.004000
2025-05-01T14:14:48.740000,0.014991
2025-05-01T14:14:48.750000,0.000635
2025-05-01T14:14:48.760000,0.013305
2025-05-01T14:14:48.770000,-0.002165
2025-05-01T14:14:48.780000,0.013673
2025-05-01T14:14:48.790000,-0.016447
2025-05-01T14:14:48.800000,-0.000872
2025-05-01T14:14:48.810000,-0.002938
2025-05-01T14:14:48.820000,0.011263
2025-05-01T14:14:48.830000,0.007979
2025-05-01T14:14:48.840000,0.002298
2025-05-01T14:14:48.850000,-0.006081
2025-05-01T14:14:48.860000,-0.004496
2025-05-01T14:14:48.870000,-0.004853
2025-05-01T14:14:48.880000,0.007030
2025-05-01T14:14:48.890000,-0.001192
2025-05-01T14:14:48.900000,-0.001329
2025-05-01T14:14:48.910000,0.010253
2025-05-01T14:14:48.920000,-0.001158
2025-05-01T14:14:48.930000,0.001085
2025-05-01T14:14:48.940000,0.018887
2025-05-01T14:14:48.950000,0.008897
2025-05-01T14:14:48.960000,-0.004803
2025-05-01T14:14:48.970000,0.005844
2025-05-01T14:14:48.980000,-0.017677
2025-05-01T14:14:48.990000,-0.009803
2025-05-01T14:14:49,0.011565
2025-05-01T14:14:49.010000,0.010908
2025-05-01T14:14:49.020000,-0.007905
2025-05-01T14:14:49.030000,0.005816
2025-05-01T14:14:49.040000,-0.011233
2025-05-01T14:14:49.050000,0.016548
2025-05-01T14:14:49.060000,-0.004490
2025-05-01T14:14:49.070000,0.002829
2025-05-01T14:14:49.080000,-0.001810
2025-05-01T14:14:49.090000,-0.004141
2025-05-01T14:14:49.100000,-0.015414
2025-05-01T14:14:49.110000,-0.002499
2025-05-01T14:14:49.120000,0.005508
2025-05-01T14:14:49.130000,0.000759
2025-05-01T14:14:49.140000,0.000399
2025-05-01T14:14:49.150000,0.006076
2025-05-01T14:14:49.160000,0.007672
2025-05-01T14:14:49.170000,0.002491
2025-05-01T14:14:49.180000,0.002114
2025-05-01T14:14:49.190000,-0.002080
2025-05-01T14:14:49.200000,0.017978
2025-05-01T14:14:49.210000,0.003353
2025-05-01T14:14:49.220000,0.000643
2025-05-01T14:14:49.230000,0.005398
2025-05-01T14:14:49.240000,-0.004434
2025-05-01T14:14:49.250000,-0.008488
2025-05-01T14:14:49.260000,0.017028
2025-05-01T14:14:49.270000,0.005426
2025-05-01T14:14:49.280000,0.003523
2025-05-01T14:14:49.290000,0.008127
2025-05-01T14:14:49.300000,-0.004372
2025-05-01T14:14:49.310000,0.006464
2025-05-01T14:14:49.320000,-0.020539
2025-05-01T14:14:49.330000,0.004184
2025-05-01T14:14:49.340000,-0.002526
2025-05-01T14:14:49.350000,0.006434
2025-05-01T14:14:49.360000,0.009456
2025-05-01T14:14:49.370000,-0.004982
2025-05-01T14:14:49.380000,0.003414
2025-05-01T14:14:49.390000,-0.008514
2025-05-01T14:14:49.400000,0.002041
2025-05-01T14:14:49.410000,-0.011618
2025-05-01T14:14:49.420000,0.003837
2025-05-01T14:14:49.430000,0.010749
2025-05-01T14:14:49.440000,0.001428
2025-05-01T14:14:49.450000,-0.006202
2025-05-01T14:14:49.460000,0.001634
2025-05-01T14:14:49.470000,0.014416
2025-05-01T14:14:49.480000,-0.004022
2025-05-01T14:14:49.490000,0.013577
2025-05-01T14:14:49.500000,-0.000114
2025-05-01T14:14:49.510000,-0.002274
2025-05-01T14:14:49.520000,0.005096
2025-05-01T14:14:49.530000,0.001508
2025-05-01T14:14:49.540000,-0.015785
2025-05-01T14:14:49.550000,0.020602
2025-05-01T14:14:49.560000,0.008926
2025-05-01T14:14:49.570000,0.014522
2025-05-01T14:14:49.580000,-0.002729
2025-05-01T14:14:49.590000,-0.012647
2025-05-01T14:14:49.600000,-0.013594
2025-05-01T14:14:49.610000,-0.015652
2025-05-01T14:14:49.620000,0.008049
2025-05-01T14:14:49.630000,-0.000033
2025-05-01T14:14:49.640000,-0.011329
2025-05-01T14:14:49.650000,0.004323
2025-05-01T14:14:49.660000,0.016363
2025-05-01T14:14:49.670000,-0.016155
2025-05-01T14:14:49.680000,-0.004193
2025-05-01T14:14:49.690000,0.020077
2025-05-01T14:14:49.700000,-0.002452
2025-05-01T14:14:49.710000,-0.023193
2025-05-01T14:14:49.720000,0.024577
2025-05-01T14:14:49.730000,0.007398
2025-05-01T14:14:49.740000,0.005574
2025-05-01T14:14:49.750000,0.007217
2025-05-01T14:14:49.760000,0.019857
2025-05-01T14:14:49.770000,-0.016250
2025-05-01T14:14:49.780000,-0.018328
2025-05-01T14:14:49.790000,-0.009963
2025-05-01T14:14:49.800000,0.014588
2025-05-01T14:14:49.810000,0.009257
2025-05-01T14:14:49.820000,-0.006548
2025-05-01T14:14:49.830000,0.007862
2025-05-01T14:14:49.840000,0.017890
2025-05-01T14:14:49.850000,-0.005930
2025-05-01T14:14:49.860000,0.019437
2025-05-01T14:14:49.870000,0.005359
2025-05-01T14:14:49.880000,-0.012715
2025-05-01T14:14:49.890000,0.007902
2025-05-01T14:14:49.900000,-0.020018
2025-05-01T14:14:49.910000,-0.010388
2025-05-01T14:14:49.920000,0.000314
2025-05-01T14:14:49.930000,-0.026347
2025-05-01T14:14:49.940000,-0.007588
2025-05-01T14:14:49.950000,0.008257
2025-05-01T14:14:49.960000,0.012333
2025-05-01T14:14:49.970000,-0.004533
2025-05-01T14:14:49.980000,0.003607
2025-05-01T14:14:49.990000,-0.012843
2025-05-01T14:14:50,0.000230
2025-05-01T14:14:50.010000,-0.016652
2025-05-01T14:14:50.020000,-0.004022
2025-05-01T14:14:50.030000,-0.010338
2025-05-01T14:14:50.040000,0.011266
2025-05-01T14:14:50.050000,0.009555
2025-05-01T14:14:50.060000,-0.014991
2025-05-01T14:14:50.070000,-0.029269
2025-05-01T14:14:50.080000,0.000887
2025-05-01T14:14:50.090000,-0.004370
2025-05-01T14:14:50.100000,-0.006296
2025-05-01T14:14:50.110000,0.006350
2025-05-01T14:14:50.120000,-0.016441
2025-05-01T14:14:50.130000,-0.008712
2025-05-01T14:14:50.140000,0.002403
2025-05-01T14:14:50.150000,0.007049
2025-05-01T14:14:50.160000,-0.001107
2025-05-01T14:14:50.170000,-0.001249
2025-05-01T14:14:50.180000,-0.017639
2025-05-01T14:14:50.190000,0.005211
2025-05-01T14:14:50.200000,0.007070
2025-05-01T14:14:50.210000,0.002019
2025-05-01T14:14:50.220000,-0.003391
2025-05-01T14:14:50.230000,0.001629
2025-05-01T14:14:50.240000,0.005859
2025-05-01T14:14:50.250000,-0.002245
2025-05-01T14:14:50.260000,-0.011376
2025-05-01T14:14:50.270000,0.003330
2025-05-01T14:14:50.280000,0.008329
2025-05-01T14:14:50.290000,-0.004818
2025-05-01T14:14:50.300000,0.011362
2025-05-01T14:14:50.310000,-0.004809
2025-05-01T14:14:50.320000,-0.019462
2025-05-01T14:14:50.330000,-0.011168
2025-05-01T14:14:50.340000,0.005148
2025-05-01T14:14:50.350000,0.022305
2025-05-01T14:14:50.360000,-0.002637
2025-05-01T14:14:50.370000,-0.015883
2025-05-01T14:14:50.380000,0.019827
2025-05-01T14:14:50.390000,0.000223
2025-05-01T14:14:50.400000,0.004935
2025-05-01T14:14:50.410000,0.000379
2025-05-01T14:14:50.420000,-0.000127
2025-05-01T14:14:50.430000,0.005459
2025-05-01T14:14:50.440000,-0.020916
2025-05-01T14:14:50.450000,-0.014620
2025-05-01T14:14:50.460000,0.003636
2025-05-01T14:14:50.470000,-0.009647
2025-05-01T14:14:50.480000,0.004548
2025-05-01T14:14:50.490000,0.019978
2025-05-01T14:14:50.500000,0.002169
2025-05-01T14:14:50.510000,0.008338
2025-05-01T14:14:50.520000,-0.002480
2025-05-01T14:14:50.530000,-0.004341
2025-05-01T14:14:50.540000,0.010422
2025-05-01T14:14:50.550000,0.006659
2025-05-01T14:14:50.560000,-0.009023
2025-05-01T14:14:50.570000,0.001150
2025-05-01T14:14:50.580000,-0.000226
2025-05-01T14:14:50.590000,-0.005252
2025-05-01T14:14:50.600000,0.002703
2025-05-01T14:14:50.610000,-0.001930
2025-05-01T14:14:50.620000,-0.015767
2025-05-01T14:14:50.630000,0.019610
2025-05-01T14:14:50.640000,0.006540
2025-05-01T14:14:50.650000,0.007862
2025-05-01T14:14:50.660000,0.001521
2025-05-01T14:14:50.670000,0.002006
2025-05-01T14:14:50.680000,0.003628
2025-05-01T14:14:50.690000,-0.012115
2025-05-01T14:14:50.700000,0.002736
2025-05-01T14:14:50.710000,-0.004586
2025-05-01T14:14:50.720000,-0.004214
2025-05-01T14:14:50.730000,0.005840
2025-05-01T14:14:50.740000,0.001549
2025-05-01T14:14:50.750000,-0.002005
2025-05-01T14:14:50.760000,-0.000889
2025-05-01T14:14:50.770000,-0.001416
2025-05-01T14:14:50.780000,-0.007640
2025-05-01T14:14:50.790000,0.014800
2025-05-01T14:14:50.800000,-0.001234
2025-05-01T14:14:50.810000,-0.002187
2025-05-01T14:14:50.820000,-0.004041
2025-05-01T14:14:50.830000,0.017910
2025-05-01T14:14:50.840000,0.001850
2025-05-01T14:14:50.850000,0.002361
2025-05-01T14:14:50.860000,-0.000661
2025-05-01T14:14:50.870000,0.009285
2025-05-01T14:14:50.880000,-0.001607
2025-05-01T14:14:50.890000,0.000322
2025-05-01T14:14:50.900000,0.000710
2025-05-01T14:14:50.910000,-0.004136
2025-05-01T14:14:50.920000,0.001305
2025-05-01T14:14:50.930000,-0.010959
2025-05-01T14:14:50.940000,-0.006427
2025-05-01T14:14:50.950000,-0.003810
2025-05-01T14:14:50.960000,-0.001270
2025-05-01T14:14:50.970000,0.010960
2025-05-01T14:14:50.980000,-0.003125
2025-05-01T14:14:50.990000,-0.007817
2025-05-01T14:14:51,0.009836
2025-05-01T14:14:51.010000,0.018999
2025-05-01T14:14:51.020000,0.010170
2025-05-01T14:14:51.030000,0.002913
2025-05-01T14:14:51.040000,0.008259
2025-05-01T14:14:51.050000,-0.003967
2025-05-01T14:14:51.060000,-0.011200
2025-05-01T14:14:51.070000,0.006903
2025-05-01T14:14:51.080000,0.000158
2025-05-01T14:14:51.090000,-0.000719
2025-05-01T14:14:51.100000,-0.008619
2025-05-01T14:14:51.110000,-0.019854
2025-05-01T14:14:51.120000,0.003975
2025-05-01T14:14:51.130000,0.017069
2025-05-01T14:14:51.140000,0.001252
2025-05-01T14:14:51.150000,-0.007113
2025-05-01T14:14:51.160000,-0.009430
2025-05-01T14:14:51.170000,-0.000340
2025-05-01T14:14:51.180000,-0.004390
2025-05-01T14:14:51.190000,-0.001139
2025-05-01T14:14:51.200000,-0.002559
2025-05-01T14:14:51.210000,0.020632
2025-05-01T14:14:51.220000,-0.001327
2025-05-01T14:14:51.230000,-0.003647
2025-05-01T14:14:51.240000,0.008787
2025-05-01T14:14:51.250000,-0.012385
2025-05-01T14:14:51.260000,-0.003889
2025-05-01T14:14:51.270000,0.002058
2025-05-01T14:14:51.280000,0.004774
2025-05-01T14:14:51.290000,0.008344
2025-05-01T14:14:51.300000,0.009615
2025-05-01T14:14:51.310000,-0.010828
2025-05-01T14:14:51.320000,-0.009744
2025-05-01T14:14:51.330000,0.018973
2025-05-01T14:14:51.340000,-0.000248
2025-05-01T14:14:51.350000,-0.005373
2025-05-01T14:14:51.360000,0.000912
2025-05-01T14:14:51.370000,-0.016609
2025-05-01T14:14:51.380000,-0.002502
2025-05-01T14:14:51.390000,0.004162
2025-05-01T14:14:51.400000,-0.004671
2025-05-01T14:14:51.410000,0.021403
2025-05-01T14:14:51.420000,-0.006950
2025-05-01T14:14:51.430000,-0.002699
2025-05-01T14:14:51.440000,-0.011181
2025-05-01T14:14:51.450000,0.001029
2025-05-01T14:14:51.460000,-0.015341
2025-05-01T14:14:51.470000,-0.011377
2025-05-01T14:14:51.480000,0.002792
2025-05-01T14:14:51.490000,-0.005460
2025-05-01T14:14:51.500000,0.011235
2025-05-01T14:14:51.510000,-0.008717
2025-05-01T14:14:51.520000,0.007479
2025-05-01T14:14:51.530000,0.006201
2025-05-01T14:14:51.540000,-0.001025
2025-05-01T14:14:51.550000,0.002250
2025-05-01T14:14:51.560000,0.003426
2025-05-01T14:14:51.570000,-0.000797
2025-05-01T14:14:51.580000,-0.014904
2025-05-01T14:14:51.590000,0.008400
2025-05-01T14:14:51.600000,-0.006323
2025-05-01T14:14:51.610000,0.005523
2025-05-01T14:14:51.620000,-0.008085
2025-05-01T14:14:51.630000,-0.000593
2025-05-01T14:14:51.640000,-0.004361
2025-05-01T14:14:51.650000,-0.001156
2025-05-01T14:14:51.660000,-0.004807
2025-05-01T14:14:51.670000,0.004229
2025-05-01T14:14:51.680000,-0.010399
2025-05-01T14:14:51.690000,0.009983
2025-05-01T14:14:51.700000,-0.007630
2025-05-01T14:14:51.710000,0.000727
2025-05-01T14:14:51.720000,0.001177
2025-05-01T14:14:51.730000,0.000172
2025-05-01T14:14:51.740000,-0.006999
2025-05-01T14:14:51.750000,-0.013295
2025-05-01T14:14:51.760000,-0.000040
2025-05-01T14:14:51.770000,-0.001740
2025-05-01T14:14:51.780000,0.011093
2025-05-01T14:14:51.790000,-0.002704
2025-05-01T14:14:51.800000,0.007709
2025-05-01T14:14:51.810000,0.007162
2025-05-01T14:14:51.820000,-0.000185
2025-05-01T14:14:51.830000,0.004531
2025-05-01T14:14:51.840000,-0.009016
2025-05-01T14:14:51.850000,-0.009558
2025-05-01T14:14:51.860000,0.009538
2025-05-01T14:14:51.870000,-0.005411
2025-05-01T14:14:51.880000,-0.009564
2025-05-01T14:14:51.890000,0.007303
2025-05-01T14:14:51.900000,-0.010446
2025-05-01T14:14:51.910000,0.013642
2025-05-01T14:14:51.920000,-0.017777
2025-05-01T14:14:51.930000,0.004111
2025-05-01T14:14:51.940000,0.003205
2025-05-01T14:14:51.950000,0.015139
2025-05-01T14:14:51.960000,0.000632
2025-05-01T14:14:51.970000,0.017843
2025-05-01T14:14:51.980000,-0.019990
2025-05-01T14:14:51.990000,-0.017083
2025-05-01T14:14:52,0.002534
2025-05-01T14:14:52.010000,-0.004756
2025-05-01T14:14:52.020000,0.002944
2025-05-01T14:14:52.030000,0.003756
2025-05-01T14:14:52.040000,-0.010480
2025-05-01T14:14:52.050000,-0.019887
2025-05-01T14:14:52.060000,0.024284
2025-05-01T14:14:52.070000,-0.002179
2025-05-01T14:14:52.080000,-0.000862
2025-05-01T14:14:52.090000,0.002715
2025-05-01T14:14:52.100000,0.002158
2025-05-01T14:14:52.110000,-0.003255
2025-05-01T14:14:52.120000,0.006170
2025-05-01T14:14:52.130000,0.000901
2025-05-01T14:14:52.140000,-0.013886
2025-05-01T14:14:52.150000,0.007817
2025-05-01T14:14:52.160000,-0.002312
2025-05-01T14:14:52.170000,0.000053
2025-05-01T14:14:52.180000,-0.002852
2025-05-01T14:14:52.190000,0.009937
2025-05-01T14:14:52.200000,0.009660
2025-05-01T14:14:52.210000,0.013317
2025-05-01T14:14:52.220000,-0.006730
2025-05-01T14:14:52.230000,0.009663
2025-05-01T14:14:52.240000,-0.003249
2025-05-01T14:14:52.250000,0.010523
2025-05-01T14:14:52.260000,-0.009009
2025-05-01T14:14:52.270000,-0.001446
2025-05-01T14:14:52.280000,0.006571
2025-05-01T14:14:52.290000,-0.006510
2025-05-01T14:14:52.300000,0.008051
2025-05-01T14:14:52.310000,-0.001770
2025-05-01T14:14:52.320000,0.005770
2025-05-01T14:14:52.330000,0.017448
2025-05-01T14:14:52.340000,-0.008012
2025-05-01T14:14:52.350000,-0.001158
2025-05-01T14:14:52.360000,0.019613
2025-05-01T14:14:52.370000,-0.026677
2025-05-01T14:14:52.380000,0.021284
2025-05-01T14:14:52.390000,0.011535
2025-05-01T14:14:52.400000,-0.008060
2025-05-01T14:14:52.410000,-0.007625
2025-05-01T14:14:52.420000,-0.009814
2025-05-01T14:14:52.430000,-0.024133
2025-05-01T14:14:52.440000,0.006005
2025-05-01T14:14:52.450000,0.008664
2025-05-01T14:14:52.460000,-0.000012
2025-05-01T14:14:52.470000,0.005064
2025-05-01T14:14:52.480000,-0.009371
2025-05-01T14:14:52.490000,0.006323
2025-05-01T14:14:52.500000,0.018670
2025-05-01T14:14:52.510000,0.005458
2025-05-01T14:14:52.520000,0.000805
2025-05-01T14:14:52.530000,-0.004575
2025-05-01T14:14:52.540000,0.018433
2025-05-01T14:14:52.550000,-0.005502
2025-05-01T14:14:52.560000,0.005446
2025-05-01T14:14:52.570000,-0.004153
2025-05-01T14:14:52.580000,-0.002112
2025-05-01T14:14:52.590000,0.010474
2025-05-01T14:14:52.600000,-0.004806
2025-05-01T14:14:52.610000,-0.016852
2025-05-01T14:14:52.620000,0.012320
2025-05-01T14:14:52.630000,-0.014311
2025-05-01T14:14:52.640000,-0.015497
2025-05-01T14:14:52.650000,0.012772
2025-05-01T14:14:52.660000,-0.009119
2025-05-01T14:14:52.670000,0.001596
2025-05-01T14:14:52.680000,-0.000446
2025-05-01T14:14:52.690000,-0.012974
2025-05-01T14:14:52.700000,-0.004894
2025-05-01T14:14:52.710000,-0.002998
2025-05-01T14:14:52.720000,0.008554
2025-05-01T14:14:52.730000,0.004515
2025-05-01T14:14:52.740000,0.010747
2025-05-01T14:14:52.750000,-0.002158
2025-05-01T14:14:52.760000,-0.001504
2025-05-01T14:14:52.770000,0.002514
2025-05-01T14:14:52.780000,-0.001872
2025-05-01T14:14:52.790000,-0.003591
2025-05-01T14:14:52.800000,0.005923
2025-05-01T14:14:52.810000,0.006470
2025-05-01T14:14:52.820000,-0.010733
2025-05-01T14:14:52.830000,-0.000280
2025-05-01T14:14:52.840000,0.012142
2025-05-01T14:14:52.850000,0.001275
2025-05-01T14:14:52.860000,0.002133
2025-05-01T14:14:52.870000,-0.004927
2025-05-01T14:14:52.880000,0.009346
2025-05-01T14:14:52.890000,-0.006415
2025-05-01T14:14:52.900000,-0.003299
2025-05-01T14:14:52.910000,-0.003744
2025-05-01T14:14:52.920000,-0.004478
2025-05-01T14:14:52.930000,-0.010007
2025-05-01T14:14:52.940000,0.002410
2025-05-01T14:14:52.950000,0.008129
2025-05-01T14:14:52.960000,0.010604
2025-05-01T14:14:52.970000,-0.003033
2025-05-01T14:14:52.980000,0.001884
2025-05-01T14:14:52.990000,0.019004
2025-05-01T14:14:53,0.008212
2025-05-01T14:14:53.010000,0.007349
2025-05-01T14:14:53.020000,0.013501
2025-05-01T14:14:53.030000,0.005642
2025-05-01T14:14:53.040000,-0.010951
2025-05-01T14:14:53.050000,-0.008249
2025-05-01T14:14:53.060000,0.000898
2025-05-01T14:14:53.070000,0.017744
2025-05-01T14:14:53.080000,-0.005133
2025-05-01T14:14:53.090000,-0.002083
2025-05-01T14:14:53.100000,0.011310
2025-05-01T14:14:53.110000,-0.001627
2025-05-01T14:14:53.120000,0.014082
2025-05-01T14:14:53.130000,-0.004727
2025-05-01T14:14:53.140000,0.008258
2025-05-01T14:14:53.150000,0.006525
2025-05-01T14:14:53.160000,-0.002950
2025-05-01T14:14:53.170000,-0.001617
2025-05-01T14:14:53.180000,-0.007951
2025-05-01T14:14:53.190000,-0.018466
2025-05-01T14:14:53.200000,-0.000355
2025-05-01T14:14:53.210000,0.011333
2025-05-01T14:14:53.220000,-0.005383
2025-05-01T14:14:53.230000,-0.018406
2025-05-01T14:14:53.240000,0.005754
2025-05-01T14:14:53.250000,-0.011988
2025-05-01T14:14:53.260000,-0.005389
2025-05-01T14:14:53.270000,0.007106
2025-05-01T14:14:53.280000,0.010128
2025-05-01T14:14:53.290000,-0.004836
2025-05-01T14:14:53.300000,-0.021802
2025-05-01T14:14:53.310000,0.023232
2025-05-01T14:14:53.320000,0.004911
2025-05-01T14:14:53.330000,0.002408
2025-05-01T14:14:53.340000,0.013016
2025-05-01T14:14:53.350000,0.000271
2025-05-01T14:14:53.360000,0.010760
2025-05-01T14:14:53.370000,0.012996
2025-05-01T14:14:53.380000,-0.007125
2025-05-01T14:14:53.390000,0.001651
2025-05-01T14:14:53.400000,0.009693
2025-05-01T14:14:53.410000,-0.001601
2025-05-01T14:14:53.420000,0.002730
2025-05-01T14:14:53.430000,-0.003858
2025-05-01T14:14:53.440000,-0.005003
2025-05-01T14:14:53.450000,0.006219
2025-05-01T14:14:53.460000,-0.002170
2025-05-01T14:14:53.470000,-0.046000
2025-05-01T14:14:53.480000,-0.003832
2025-05-01T14:14:53.490000,-0.007949
2025-05-01T14:14:53.500000,0.022140
2025-05-01T14:14:53.510000,-0.031830
2025-05-01T14:14:53.520000,-0.001403
2025-05-01T14:14:53.530000,0.008620
2025-05-01T14:14:53.540000,0.001468
2025-05-01T14:14:53.550000,0.009594
2025-05-01T14:14:53.560000,0.008936
2025-05-01T14:14:53.570000,-0.009800
2025-05-01T14:14:53.580000,-0.002465
2025-05-01T14:14:53.590000,-0.002780
2025-05-01T14:14:53.600000,0.007798
2025-05-01T14:14:53.610000,-0.016202
2025-05-01T14:14:53.620000,0.009938
2025-05-01T14:14:53.630000,-0.003713
2025-05-01T14:14:53.640000,-0.006110
2025-05-01T14:14:53.650000,-0.000287
2025-05-01T14:14:53.660000,0.002476
2025-05-01T14:14:53.670000,0.006647
2025-05-01T14:14:53.680000,-0.006603
2025-05-01T14:14:53.690000,0.006435
2025-05-01T14:14:53.700000,-0.002442
2025-05-01T14:14:53.710000,-0.018262
2025-05-01T14:14:53.720000,-0.005364
2025-05-01T14:14:53.730000,0.010130
2025-05-01T14:14:53.740000,0.014895
2025-05-01T14:14:53.750000,-0.016934
2025-05-01T14:14:53.760000,0.004848
2025-05-01T14:14:53.770000,-0.001415
2025-05-01T14:14:53.780000,-0.006778
2025-05-01T14:14:53.790000,0.003602
2025-05-01T14:14:53.800000,-0.013598
2025-05-01T14:14:53.810000,-0.000081
2025-05-01T14:14:53.820000,0.002372
2025-05-01T14:14:53.830000,0.013168
2025-05-01T14:14:53.840000,-0.002601
2025-05-01T14:14:53.850000,0.017239
2025-05-01T14:14:53.860000,0.007441
2025-05-01T14:14:53.870000,-0.003654
2025-05-01T14:14:53.880000,-0.001326
2025-05-01T14:14:53.890000,0.018318
2025-05-01T14:14:53.900000,0.005609
2025-05-01T14:14:53.910000,-0.000043
2025-05-01T14:14:53.920000,0.005641
2025-05-01T14:14:53.930000,-0.006417
2025-05-01T14:14:53.940000,-0.007030
2025-05-01T14:14:53.950000,0.015407
2025-05-01T14:14:53.960000,0.010775
2025-05-01T14:14:53.970000,-0.024919
2025-05-01T14:14:53.980000,0.010614
2025-05-01T14:14:53.990000,0.023476
2025-05-01T14:14:54,-0.003929
2025-05-01T14:14:54.010000,-0.012933
2025-05-01T14:14:54.020000,-0.003241
2025-05-01T14:14:54.030000,-0.002967
2025-05-01T14:14:54.040000,-0.002904
2025-05-01T14:14:54.050000,0.012063
2025-05-01T14:14:54.060000,0.015178
2025-05-01T14:14:54.070000,0.008761
2025-05-01T14:14:54.080000,-0.006865
2025-05-01T14:14:54.090000,-0.005619
2025-05-01T14:14:54.100000,-0.001503
2025-05-01T14:14:54.110000,-0.008586
2025-05-01T14:14:54.120000,-0.010009
2025-05-01T14:14:54.130000,-0.005087
2025-05-01T14:14:54.140000,-0.008699
2025-05-01T14:14:54.150000,-0.001381
2025-05-01T14:14:54.160000,-0.009886
2025-05-01T14:14:54.170000,-0.033831
2025-05-01T14:14:54.180000,0.007942
2025-05-01T14:14:54.190000,0.002824
2025-05-01T14:14:54.200000,0.003044
2025-05-01T14:14:54.210000,-0.000638
2025-05-01T14:14:54.220000,0.004950
2025-05-01T14:14:54.230000,-0.016618
2025-05-01T14:14:54.240000,0.007688
2025-05-01T14:14:54.250000,-0.008497
2025-05-01T14:14:54.260000,0.006465
2025-05-01T14:14:54.270000,-0.000095
2025-05-01T14:14:54.280000,0.011760
2025-05-01T14:14:54.290000,0.007098
2025-05-01T14:14:54.300000,0.000710
2025-05-01T14:14:54.310000,-0.008962
2025-05-01T14:14:54.320000,-0.002474
2025-05-01T14:14:54.330000,0.004857
2025-05-01T14:14:54.340000,0.019139
2025-05-01T14:14:54.350000,0.000620
2025-05-01T14:14:54.360000,-0.010219
2025-05-01T14:14:54.370000,-0.008083
2025-05-01T14:14:54.380000,-0.024918
2025-05-01T14:14:54.390000,0.015516
2025-05-01T14:14:54.400000,0.020931
2025-05-01T14:14:54.410000,0.003833
2025-05-01T14:14:54.420000,0.011631
2025-05-01T14:14:54.430000,-0.006631
2025-05-01T14:14:54.440000,0.012209
2025-05-01T14:14:54.450000,-0.007484
2025-05-01T14:14:54.460000,-0.010250
2025-05-01T14:14:54.470000,-0.000789
2025-05-01T14:14:54.480000,0.009384
2025-05-01T14:14:54.490000,0.002061
2025-05-01T14:14:54.500000,-0.011070
2025-05-01T14:14:54.510000,0.003353
2025-05-01T14:14:54.520000,-0.015657
2025-05-01T14:14:54.530000,0.010882
2025-05-01T14:14:54.540000,-0.010135
2025-05-01T14:14:54.550000,0.012359
2025-05-01T14:14:54.560000,0.003596
2025-05-01T14:14:54.570000,0.012400
2025-05-01T14:14:54.580000,0.007728
2025-05-01T14:14:54.590000,0.007282
2025-05-01T14:14:54.600000,-0.012993
2025-05-01T14:14:54.610000,-0.007611
2025-05-01T14:14:54.620000,-0.011979
2025-05-01T14:14:54.630000,0.017144
2025-05-01T14:14:54.640000,0.008358
2025-05-01T14:14:54.650000,-0.009932
2025-05-01T14:14:54.660000,-0.001389
2025-05-01T14:14:54.670000,-0.017055
2025-05-01T14:14:54.680000,0.010368
2025-05-01T14:14:54.690000,0.005976
2025-05-01T14:14:54.700000,-0.009341
2025-05-01T14:14:54.710000,0.000910
2025-05-01T14:14:54.720000,0.005719
2025-05-01T14:14:54.730000,0.004850
2025-05-01T14:14:54.740000,0.000165
2025-05-01T14:14:54.750000,-0.004649
2025-05-01T14:14:54.760000,0.002748
2025-05-01T14:14:54.770000,-0.001351
2025-05-01T14:14:54.780000,0.000878
2025-05-01T14:14:54.790000,-0.001895
2025-05-01T14:14:54.800000,0.004978
2025-05-01T14:14:54.810000,-0.001332
2025-05-01T14:14:54.820000,0.000261
2025-05-01T14:14:54.830000,-0.010466
2025-05-01T14:14:54.840000,-0.001799
2025-05-01T14:14:54.850000,0.001308
2025-05-01T14:14:54.860000,0.010080
2025-05-01T14:14:54.870000,0.004644
2025-05-01T14:14:54.880000,0.014552
2025-05-01T14:14:54.890000,0.003709
2025-05-01T14:14:54.900000,-0.010324
2025-05-01T14:14:54.910000,0.004289
2025-05-01T14:14:54.920000,-0.003050
2025-05-01T14:14:54.930000,0.004788
2025-05-01T14:14:54.940000,0.000477
2025-05-01T14:14:54.950000,-0.008254
2025-05-01T14:14:54.960000,0.010122
2025-05-01T14:14:54.970000,-0.000655
2025-05-01T14:14:54.980000,0.002996
2025-05-01T14:14:54.990000,-0.015606
2025-05-01T14:14:55,0.013286
2025-05-01T14:14:55.010000,0.015085
2025-05-01T14:14:55.020000,0.021376
2025-05-01T14:14:55.030000,0.000281
2025-05-01T14:14:55.040000,0.009211
2025-05-01T14:14:55.050000,0.001469
2025-05-01T14:14:55.060000,0.002595
2025-05-01T14:14:55.070000,-0.007594
2025-05-01T14:14:55.080000,-0.002703
2025-05-01T14:14:55.090000,-0.014671
2025-05-01T14:14:55.100000,0.008787
2025-05-01T14:14:55.110000,0.009468
2025-05-01T14:14:55.120000,-0.001527
2025-05-01T14:14:55.130000,-0.006225
2025-05-01T14:14:55.140000,0.001274
2025-05-01T14:14:55.150000,-0.008932
2025-05-01T14:14:55.160000,-0.006463
2025-05-01T14:14:55.170000,0.012242
2025-05-01T14:14:55.180000,0.006331
2025-05-01T14:14:55.190000,-0.006281
2025-05-01T14:14:55.200000,0.009328
2025-05-01T14:14:55.210000,-0.015194
2025-05-01T14:14:55.220000,-0.003462
2025-05-01T14:14:55.230000,0.001156
2025-05-01T14:14:55.240000,-0.006137
2025-05-01T14:14:55.250000,-0.006020
2025-05-01T14:14:55.260000,-0.012445
2025-05-01T14:14:55.270000,0.006517
2025-05-01T14:14:55.280000,-0.003017
2025-05-01T14:14:55.290000,0.002254
2025-05-01T14:14:55.300000,-0.011572
2025-05-01T14:14:55.310000,0.004103
2025-05-01T14:14:55.320000,-0.014754
2025-05-01T14:14:55.330000,0.003688
2025-05-01T14:14:55.340000,0.004441
2025-05-01T14:14:55.350000,0.007356
2025-05-01T14:14:55.360000,-0.009224
2025-05-01T14:14:55.370000,-0.013780
2025-05-01T14:14:55.380000,-0.007097
2025-05-01T14:14:55.390000,-0.007999
2025-05-01T14:14:55.400000,-0.003090
2025-05-01T14:14:55.410000,-0.003240
2025-05-01T14:14:55.420000,-0.003719
2025-05-01T14:14:55.430000,0.023654
2025-05-01T14:14:55.440000,0.006581
2025-05-01T14:14:55.450000,0.000855
2025-05-01T14:14:55.460000,0.008493
2025-05-01T14:14:55.470000,0.001644
2025-05-01T14:14:55.480000,-0.006713
2025-05-01T14:14:55.490000,-0.021636
2025-05-01T14:14:55.500000,-0.005538
2025-05-01T14:14:55.510000,-0.003910
2025-05-01T14:14:55.520000,0.006660
2025-05-01T14:14:55.530000,0.000648
2025-05-01T14:14:55.540000,-0.009076
2025-05-01T14:14:55.550000,-0.010992
2025-05-01T14:14:55.560000,0.004630
2025-05-01T14:14:55.570000,0.003763
2025-05-01T14:14:55.580000,-0.004164
2025-05-01T14:14:55.590000,0.008465
2025-05-01T14:14:55.600000,-0.003835
2025-05-01T14:14:55.610000,0.003776
2025-05-01T14:14:55.620000,0.016695
2025-05-01T14:14:55.630000,-0.010441
2025-05-01T14:14:55.640000,-0.016454
2025-05-01T14:14:55.650000,-0.002697
2025-05-01T14:14:55.660000,0.003955
2025-05-01T14:14:55.670000,-0.001831
2025-05-01T14:14:55.680000,-0.013800
2025-05-01T14:14:55.690000,0.002728
2025-05-01T14:14:55.700000,-0.014063
2025-05-01T14:14:55.710000,-0.002643
2025-05-01T14:14:55.720000,0.020614
2025-05-01T14:14:55.730000,-0.023515
2025-05-01T14:14:55.740000,-0.016321
2025-05-01T14:14:55.750000,0.010182
2025-05-01T14:14:55.760000,0.012543
2025-05-01T14:14:55.770000,-0.009507
2025-05-01T14:14:55.780000,0.009637
2025-05-01T14:14:55.790000,0.013926
2025-05-01T14:14:55.800000,0.022643
2025-05-01T14:14:55.810000,-0.012502
2025-05-01T14:14:55.820000,0.006723
2025-05-01T14:14:55.830000,-0.000200
2025-05-01T14:14:55.840000,-0.009671
2025-05-01T14:14:55.850000,-0.003024
2025-05-01T14:14:55.860000,-0.007960
2025-05-01T14:14:55.870000,0.002775
2025-05-01T14:14:55.880000,0.001406
2025-05-01T14:14:55.890000,-0.009130
2025-05-01T14:14:55.900000,-0.004389
2025-05-01T14:14:55.910000,0.009545
2025-05-01T14:14:55.920000,-0.012652
2025-05-01T14:14:55.930000,-0.017821
2025-05-01T14:14:55.940000,-0.003084
2025-05-01T14:14:55.950000,-0.001939
2025-05-01T14:14:55.960000,0.005747
2025-05-01T14:14:55.970000,-0.018724
2025-05-01T14:14:55.980000,-0.006221
2025-05-01T14:14:55.990000,-0.006767
2025-05-01T14:14:56,-0.003311
2025-05-01T14:14:56.010000,0.000128
2025-05-01T14:14:56.020000,-0.007323
2025-05-01T14:14:56.030000,0.011488
2025-05-01T14:14:56.040000,-0.007074
2025-05-01T14:14:56.050000,0.008988
2025-05-01T14:14:56.060000,-0.015319
2025-05-01T14:14:56.070000,0.007604
2025-05-01T14:14:56.080000,0.019978
2025-05-01T14:14:56.090000,0.015766
2025-05-01T14:14:56.100000,-0.005911
2025-05-01T14:14:56.110000,0.000532
2025-05-01T14:14:56.120000,-0.008989
2025-05-01T14:14:56.130000,0.002705
2025-05-01T14:14:56.140000,0.010696
2025-05-01T14:14:56.150000,0.000231
2025-05-01T14:14:56.160000,-0.004079
2025-05-01T14:14:56.170000,-0.003400
2025-05-01T14:14:56.180000,0.011798
2025-05-01T14:14:56.190000,0.004842
2025-05-01T14:14:56.200000,-0.017511
2025-05-01T14:14:56.210000,-0.013094
2025-05-01T14:14:56.220000,-0.020205
2025-05-01T14:14:56.230000,-0.014542
2025-05-01T14:14:56.240000,0.000296
2025-05-01T14:14:56.250000,0.012585
2025-05-01T14:14:56.260000,0.008092
2025-05-01T14:14:56.270000,0.004019
2025-05-01T14:14:56.280000,0.003727
2025-05-01T14:14:56.290000,0.007735
2025-05-01T14:14:56.300000,-0.001715
2025-05-01T14:14:56.310000,0.024378
2025-05-01T14:14:56.320000,0.017927
2025-05-01T14:14:56.330000,0.000053
2025-05-01T14:14:56.340000,-0.000806
2025-05-01T14:14:56.350000,0.007016
2025-05-01T14:14:56.360000,0.021005
2025-05-01T14:14:56.370000,0.000474
2025-05-01T14:14:56.380000,-0.007927
2025-05-01T14:14:56.390000,0.015670
2025-05-01T14:14:56.400000,-0.004151
2025-05-01T14:14:56.410000,-0.000782
2025-05-01T14:14:56.420000,-0.000937
2025-05-01T14:14:56.430000,-0.004118
2025-05-01T14:14:56.440000,-0.004968
2025-05-01T14:14:56.450000,-0.007322
2025-05-01T14:14:56.460000,0.008124
2025-05-01T14:14:56.470000,-0.006886
2025-05-01T14:14:56.480000,-0.010513
2025-05-01T14:14:56.490000,0.008987
2025-05-01T14:14:56.500000,-0.003014
2025-05-01T14:14:56.510000,0.010029
2025-05-01T14:14:56.520000,-0.000562
2025-05-01T14:14:56.530000,0.005745
2025-05-01T14:14:56.540000,-0.006458
2025-05-01T14:14:56.550000,-0.000850
2025-05-01T14:14:56.560000,-0.008986
2025-05-01T14:14:56.570000,0.003988
2025-05-01T14:14:56.580000,-0.000693
2025-05-01T14:14:56.590000,-0.006978
2025-05-01T14:14:56.600000,0.000185
2025-05-01T14:14:56.610000,-0.000945
2025-05-01T14:14:56.620000,-0.012676
2025-05-01T14:14:56.630000,-0.004961
2025-05-01T14:14:56.640000,-0.000314
2025-05-01T14:14:56.650000,0.011169
2025-05-01T14:14:56.660000,0.003881
2025-05-01T14:14:56.670000,0.000815
2025-05-01T14:14:56.680000,-0.007295
2025-05-01T14:14:56.690000,-0.005586
2025-05-01T14:14:56.700000,-0.004137
2025-05-01T14:14:56.710000,-0.001599
2025-05-01T14:14:56.720000,0.012543
2025-05-01T14:14:56.730000,0.003794
2025-05-01T14:14:56.740000,-0.004520
2025-05-01T14:14:56.750000,-0.003924
2025-05-01T14:14:56.760000,-0.013432
2025-05-01T14:14:56.770000,0.003043
2025-05-01T14:14:56.780000,0.013817
2025-05-01T14:14:56.790000,0.005692
2025-05-01T14:14:56.800000,0.010044
2025-05-01T14:14:56.810000,-0.012949
2025-05-01T14:14:56.820000,-0.009263
2025-05-01T14:14:56.830000,-0.002345
2025-05-01T14:14:56.840000,-0.013977
2025-05-01T14:14:56.850000,0.006275
2025-05-01T14:14:56.860000,0.001287
2025-05-01T14:14:56.870000,-0.015001
2025-05-01T14:14:56.880000,-0.001272
2025-05-01T14:14:56.890000,0.008107
2025-05-01T14:14:56.900000,0.002169
2025-05-01T14:14:56.910000,-0.001867
2025-05-01T14:14:56.920000,-0.002055
2025-05-01T14:14:56.930000,-0.000331
2025-05-01T14:14:56.940000,-0.003974
2025-05-01T14:14:56.950000,-0.000780
2025-05-01T14:14:56.960000,-0.014308
2025-05-01T14:14:56.970000,-0.008356
2025-05-01T14:14:56.980000,-0.010786
2025-05-01T14:14:56.990000,0.003116
2025-05-01T14:14:57,0.006538
2025-05-01T14:14:57.010000,0.002699
2025-05-01T14:14:57.020000,0.004490
2025-05-01T14:14:57.030000,0.006247
2025-05-01T14:14:57.040000,0.005688
2025-05-01T14:14:57.050000,0.012985
2025-05-01T14:14:57.060000,0.012538
2025-05-01T14:14:57.070000,0.003199
2025-05-01T14:14:57.080000,-0.009187
2025-05-01T14:14:57.090000,0.005340
2025-05-01T14:14:57.100000,0.003050
2025-05-01T14:14:57.110000,-0.008344
2025-05-01T14:14:57.120000,-0.015275
2025-05-01T14:14:57.130000,0.010066
2025-05-01T14:14:57.140000,-0.010520
2025-05-01T14:14:57.150000,0.010261
2025-05-01T14:14:57.160000,-0.011731
2025-05-01T14:14:57.170000,0.018205
2025-05-01T14:14:57.180000,0.004700
2025-05-01T14:14:57.190000,0.003845
2025-05-01T14:14:57.200000,0.004228
2025-05-01T14:14:57.210000,0.017778
2025-05-01T14:14:57.220000,-0.007165
2025-05-01T14:14:57.230000,-0.003417
2025-05-01T14:14:57.240000,0.010242
2025-05-01T14:14:57.250000,-0.003065
2025-05-01T14:14:57.260000,0.004814
2025-05-01T14:14:57.270000,-0.016284
2025-05-01T14:14:57.280000,0.002787
2025-05-01T14:14:57.290000,-0.001311
2025-05-01T14:14:57.300000,0.011479
2025-05-01T14:14:57.310000,-0.016034
2025-05-01T14:14:57.320000,-0.016336
2025-05-01T14:14:57.330000,0.005726
2025-05-01T14:14:57.340000,0.000595
2025-05-01T14:14:57.350000,-0.010429
2025-05-01T14:14:57.360000,0.000195
2025-05-01T14:14:57.370000,0.000301
2025-05-01T14:14:57.380000,0.001471
2025-05-01T14:14:57.390000,-0.001816
2025-05-01T14:14:57.400000,0.005658
2025-05-01T14:14:57.410000,0.003396
2025-05-01T14:14:57.420000,-0.005073
2025-05-01T14:14:57.430000,0.009976
2025-05-01T14:14:57.440000,0.017975
2025-05-01T14:14:57.450000,0.005035
2025-05-01T14:14:57.460000,0.014448
2025-05-01T14:14:57.470000,-0.001268
2025-05-01T14:14:57.480000,0.002114
2025-05-01T14:14:57.490000,0.001095
2025-05-01T14:14:57.500000,-0.019066
2025-05-01T14:14:57.510000,-0.010776
2025-05-01T14:14:57.520000,-0.000684
2025-05-01T14:14:57.530000,0.015234
2025-05-01T14:14:57.540000,0.021478
2025-05-01T14:14:57.550000,-0.022030
2025-05-01T14:14:57.560000,0.004313
2025-05-01T14:14:57.570000,0.008984
2025-05-01T14:14:57.580000,-0.004014
2025-05-01T14:14:57.590000,0.006492
2025-05-01T14:14:57.600000,0.009765
2025-05-01T14:14:57.610000,0.003711
2025-05-01T14:14:57.620000,-0.005786
2025-05-01T14:14:57.630000,-0.001185
2025-05-01T14:14:57.640000,0.016667
2025-05-01T14:14:57.650000,0.006289
2025-05-01T14:14:57.660000,-0.004176
2025-05-01T14:14:57.670000,-0.012425
2025-05-01T14:14:57.680000,-0.004852
2025-05-01T14:14:57.690000,-0.003607
2025-05-01T14:14:57.700000,0.010589
2025-05-01T14:14:57.710000,-0.011768
2025-05-01T14:14:57.720000,0.006899
2025-05-01T14:14:57.730000,0.000399
2025-05-01T14:14:57.740000,-0.009949
2025-05-01T14:14:57.750000,-0.004919
2025-05-01T14:14:57.760000,-0.005416
2025-05-01T14:14:57.770000,-0.019195
2025-05-01T14:14:57.780000,0.015772
2025-05-01T14:14:57.790000,0.001859
2025-05-01T14:14:57.800000,0.012534
2025-05-01T14:14:57.810000,0.004334
2025-05-01T14:14:57.820000,-0.003432
2025-05-01T14:14:57.830000,-0.013442
2025-05-01T14:14:57.840000,0.010002
2025-05-01T14:14:57.850000,0.014870
2025-05-01T14:14:57.860000,-0.013335
2025-05-01T14:14:57.870000,0.001827
2025-05-01T14:14:57.880000,0.002394
2025-05-01T14:14:57.890000,-0.002560
2025-05-01T14:14:57.900000,-0.007023
2025-05-01T14:14:57.910000,0.008728
2025-05-01T14:14:57.920000,0.011104
2025-05-01T14:14:57.930000,-0.006504
2025-05-01T14:14:57.940000,-0.013780
2025-05-01T14:14:57.950000,0.015381
2025-05-01T14:14:57.960000,0.010585
2025-05-01T14:14:57.970000,-0.001158
2025-05-01T14:14:57.980000,0.010101
2025-05-01T14:14:57.990000,0.000457
2025-05-01T14:14:58,-0.004685
2025-05-01T14:14:58.010000,0.008504
2025-05-01T14:14:58.020000,-0.002162
2025-05-01T14:14:58.030000,-0.005170
2025-05-01T14:14:58.040000,0.002097
2025-05-01T14:14:58.050000,0.007741
2025-05-01T14:14:58.060000,-0.000564
2025-05-01T14:14:58.070000,-0.002117
2025-05-01T14:14:58.080000,-0.002911
2025-05-01T14:14:58.090000,0.008477
2025-05-01T14:14:58.100000,0.004676
2025-05-01T14:14:58.110000,-0.011620
2025-05-01T14:14:58.120000,-0.010724
2025-05-01T14:14:58.130000,-0.005315
2025-05-01T14:14:58.140000,0.002126
2025-05-01T14:14:58.150000,-0.002682
2025-05-01T14:14:58.160000,0.002147
2025-05-01T14:14:58.170000,-0.004104
2025-05-01T14:14:58.180000,-0.008110
2025-05-01T14:14:58.190000,-0.002273
2025-05-01T14:14:58.200000,-0.015534
2025-05-01T14:14:58.210000,-0.009008
2025-05-01T14:14:58.220000,0.006704
2025-05-01T14:14:58.230000,-0.008666
2025-05-01T14:14:58.240000,0.000654
2025-05-01T14:14:58.250000,-0.005326
2025-05-01T14:14:58.260000,0.005209
2025-05-01T14:14:58.270000,0.011739
2025-05-01T14:14:58.280000,0.003302
2025-05-01T14:14:58.290000,-0.009518
2025-05-01T14:14:58.300000,0.018866
2025-05-01T14:14:58.310000,0.005296
2025-05-01T14:14:58.320000,-0.014765
2025-05-01T14:14:58.330000,0.001034
2025-05-01T14:14:58.340000,0.008222
2025-05-01T14:14:58.350000,0.009595
2025-05-01T14:14:58.360000,-0.011935
2025-05-01T14:14:58.370000,0.007787
2025-05-01T14:14:58.380000,0.000441
2025-05-01T14:14:58.390000,-0.005913
2025-05-01T14:14:58.400000,-0.011741
2025-05-01T14:14:58.410000,-0.003548
2025-05-01T14:14:58.420000,0.002944
2025-05-01T14:14:58.430000,-0.003230
2025-05-01T14:14:58.440000,0.002090
2025-05-01T14:14:58.450000,-0.019647
2025-05-01T14:14:58.460000,0.006710
2025-05-01T14:14:58.470000,-0.002491
2025-05-01T14:14:58.480000,-0.008012
2025-05-01T14:14:58.490000,0.007234
2025-05-01T14:14:58.500000,-0.008610
2025-05-01T14:14:58.510000,0.014430
2025-05-01T14:14:58.520000,0.017254
2025-05-01T14:14:58.530000,0.015087
2025-05-01T14:14:58.540000,-0.016568
2025-05-01T14:14:58.550000,-0.002994
2025-05-01T14:14:58.560000,-0.005699
2025-05-01T14:14:58.570000,0.002671
2025-05-01T14:14:58.580000,-0.013455
2025-05-01T14:14:58.590000,-0.000251
2025-05-01T14:14:58.600000,-0.005238
2025-05-01T14:14:58.610000,-0.026452
2025-05-01T14:14:58.620000,0.002405
2025-05-01T14:14:58.630000,-0.010443
2025-05-01T14:14:58.640000,0.005695
2025-05-01T14:14:58.650000,0.006066
2025-05-01T14:14:58.660000,0.004020
2025-05-01T14:14:58.670000,-0.010584
2025-05-01T14:14:58.680000,0.011680
2025-05-01T14:14:58.690000,-0.001509
2025-05-01T14:14:58.700000,-0.007273
2025-05-01T14:14:58.710000,0.008773
2025-05-01T14:14:58.720000,-0.004061
2025-05-01T14:14:58.730000,-0.010515
2025-05-01T14:14:58.740000,-0.007073
2025-05-01T14:14:58.750000,0.003004
2025-05-01T14:14:58.760000,-0.009143
2025-05-01T14:14:58.770000,0.001925
2025-05-01T14:14:58.780000,0.020555
2025-05-01T14:14:58.790000,0.005263
2025-05-01T14:14:58.800000,-0.011357
2025-05-01T14:14:58.810000,-0.012522
2025-05-01T14:14:58.820000,0.005557
2025-05-01T14:14:58.830000,0.006809
2025-05-01T14:14:58.840000,-0.014899
2025-05-01T14:14:58.850000,0.012156
2025-05-01T14:14:58.860000,-0.002898
2025-05-01T14:14:58.870000,-0.001501
2025-05-01T14:14:58.880000,0.015220
2025-05-01T14:14:58.890000,-0.006286
2025-05-01T14:14:58.900000,-0.001313
2025-05-01T14:14:58.910000,-0.012583
2025-05-01T14:14:58.920000,0.001516
2025-05-01T14:14:58.930000,-0.008818
2025-05-01T14:14:58.940000,-0.007555
2025-05-01T14:14:58.950000,-0.004999
2025-05-01T14:14:58.960000,0.015032
2025-05-01T14:14:58.970000,-0.009991
2025-05-01T14:14:58.980000,-0.005791
2025-05-01T14:14:58.990000,-0.003400
2025-05-01T14:14:59,0.016786
2025-05-01T14:14:59.010000,-0.012446
2025-05-01T14:14:59.020000,-0.004286
2025-05-01T14:14:59.030000,0.006187
2025-05-01T14:14:59.040000,0.008509
2025-05-01T14:14:59.050000,0.006466
2025-05-01T14:14:59.060000,0.015050
2025-05-01T14:14:59.070000,-0.007066
2025-05-01T14:14:59.080000,0.025932
2025-05-01T14:14:59.090000,-0.010974
2025-05-01T14:14:59.100000,0.011298
2025-05-01T14:14:59.110000,-0.010637
2025-05-01T14:14:59.120000,-0.003872
2025-05-01T14:14:59.130000,-0.004190
2025-05-01T14:14:59.140000,0.002576
2025-05-01T14:14:59.150000,0.002341
2025-05-01T14:14:59.160000,-0.002997
2025-05-01T14:14:59.170000,-0.005610
2025-05-01T14:14:59.180000,0.012568
2025-05-01T14:14:59.190000,0.001883
2025-05-01T14:14:59.200000,-0.003365
2025-05-01T14:14:59.210000,-0.003858
2025-05-01T14:14:59.220000,0.011513
2025-05-01T14:14:59.230000,-0.004472
2025-05-01T14:14:59.240000,0.002950
2025-05-01T14:14:59.250000,0.009041
2025-05-01T14:14:59.260000,-0.015434
2025-05-01T14:14:59.270000,0.006832
2025-05-01T14:14:59.280000,0.015095
2025-05-01T14:14:59.290000,0.012825
2025-05-01T14:14:59.300000,-0.010577
2025-05-01T14:14:59.310000,-0.017889
2025-05-01T14:14:59.320000,0.002724
2025-05-01T14:14:59.330000,0.006662
2025-05-01T14:14:59.340000,0.004698
2025-05-01T14:14:59.350000,-0.008543
2025-05-01T14:14:59.360000,0.001922
2025-05-01T14:14:59.370000,0.003332
2025-05-01T14:14:59.380000,-0.006699
2025-05-01T14:14:59.390000,0.011691
2025-05-01T14:14:59.400000,0.018909
2025-05-01T14:14:59.410000,-0.000383
2025-05-01T14:14:59.420000,-0.016499
2025-05-01T14:14:59.430000,0.002649
2025-05-01T14:14:59.440000,0.002847
2025-05-01T14:14:59.450000,0.006529
2025-05-01T14:14:59.460000,-0.005518
2025-05-01T14:14:59.470000,-0.000398
2025-05-01T14:14:59.480000,0.006601
2025-05-01T14:14:59.490000,0.006351
2025-05-01T14:14:59.500000,0.021943
2025-05-01T14:14:59.510000,0.010281
2025-05-01T14:14:59.520000,-0.016280
2025-05-01T14:14:59.530000,0.010933
2025-05-01T14:14:59.540000,0.007711
2025-05-01T14:14:59.550000,-0.007605
2025-05-01T14:14:59.560000,0.009760
2025-05-01T14:14:59.570000,0.009009
2025-05-01T14:14:59.580000,0.005525
2025-05-01T14:14:59.590000,-0.017783
2025-05-01T14:14:59.600000,0.013381
2025-05-01T14:14:59.610000,-0.006264
2025-05-01T14:14:59.620000,0.001176
2025-05-01T14:14:59.630000,-0.014042
2025-05-01T14:14:59.640000,-0.005438
2025-05-01T14:14:59.650000,-0.025273
2025-05-01T14:14:59.660000,-0.014361
2025-05-01T14:14:59.670000,-0.006098
2025-05-01T14:14:59.680000,0.001505
2025-05-01T14:14:59.690000,0.002020
2025-05-01T14:14:59.700000,-0.003214
2025-05-01T14:14:59.710000,-0.003040
2025-05-01T14:14:59.720000,-0.000383
2025-05-01T14:14:59.730000,0.011095
2025-05-01T14:14:59.740000,0.001039
2025-05-01T14:14:59.750000,0.003567
2025-05-01T14:14:59.760000,0.016751
2025-05-01T14:14:59.770000,-0.010406
2025-05-01T14:14:59.780000,0.004876
2025-05-01T14:14:59.790000,-0.009533
2025-05-01T14:14:59.800000,-0.016214
2025-05-01T14:14:59.810000,-0.002498
2025-05-01T14:14:59.820000,-0.009530
2025-05-01T14:14:59.830000,-0.013109
2025-05-01T14:14:59.840000,-0.003755
2025-05-01T14:14:59.850000,-0.007477
2025-05-01T14:14:59.860000,0.016009
2025-05-01T14:14:59.870000,0.004365
2025-05-01T14:14:59.880000,-0.007610
2025-05-01T14:14:59.890000,-0.012652
2025-05-01T14:14:59.900000,0.004776
2025-05-01T14:14:59.910000,-0.010205
2025-05-01T14:14:59.920000,0.001818
2025-05-01T14:14:59.930000,0.000969
2025-05-01T14:14:59.940000,0.005204
2025-05-01T14:14:59.950000,-0.008369
2025-05-01T14:14:59.960000,-0.006365
2025-05-01T14:14:59.970000,-0.005129
2025-05-01T14:14:59.980000,0.000153
2025-05-01T14:14:59.990000,0.010211
2025-05-01T14:15:00,0.002330
2025-05-01T14:15:00.010000,-0.000623
2025-05-01T14:15:00.020000,0.007719
2025-05-01T14:15:00.030000,-0.004167
2025-05-01T14:15:00.040000,0.002087
2025-05-01T14:15:00.050000,-0.004800
2025-05-01T14:15:00.060000,-0.010298
2025-05-01T14:15:00.070000,-0.015935
2025-05-01T14:15:00.080000,-0.003157
2025-05-01T14:15:00.090000,0.002509
2025-05-01T14:15:00.100000,-0.006036
2025-05-01T14:15:00.110000,-0.002807
2025-05-01T14:15:00.120000,0.009554
2025-05-01T14:15:00.130000,0.009588
2025-05-01T14:15:00.140000,0.003715
2025-05-01T14:15:00.150000,0.008070
2025-05-01T14:15:00.160000,0.009334
2025-05-01T14:15:00.170000,0.021917
2025-05-01T14:15:00.180000,0.018635
2025-05-01T14:15:00.190000,0.015632
2025-05-01T14:15:00.200000,-0.018223
2025-05-01T14:15:00.210000,-0.004863
2025-05-01T14:15:00.220000,0.001868
2025-05-01T14:15:00.230000,0.001221
2025-05-01T14:15:00.240000,-0.014928
2025-05-01T14:15:00.250000,0.008283
2025-05-01T14:15:00.260000,0.017967
2025-05-01T14:15:00.270000,-0.023939
2025-05-01T14:15:00.280000,-0.012643
2025-05-01T14:15:00.290000,-0.008509
2025-05-01T14:15:00.300000,-0.003389
2025-05-01T14:15:00.310000,0.017896
2025-05-01T14:15:00.320000,-0.011915
2025-05-01T14:15:00.330000,0.002580
2025-05-01T14:15:00.340000,-0.018516
2025-05-01T14:15:00.350000,-0.008031
2025-05-01T14:15:00.360000,0.007669
2025-05-01T14:15:00.370000,0.008736
2025-05-01T14:15:00.380000,-0.013888
2025-05-01T14:15:00.390000,0.006369
2025-05-01T14:15:00.400000,-0.005155
2025-05-01T14:15:00.410000,-0.008538
2025-05-01T14:15:00.420000,0.007133
2025-05-01T14:15:00.430000,-0.002503
2025-05-01T14:15:00.440000,-0.003239
2025-05-01T14:15:00.450000,-0.008264
2025-05-01T14:15:00.460000,-0.003809
2025-05-01T14:15:00.470000,0.005169
2025-05-01T14:15:00.480000,-0.000147
2025-05-01T14:15:00.490000,0.000183
2025-05-01T14:15:00.500000,-0.006768
2025-05-01T14:15:00.510000,-0.009066
2025-05-01T14:15:00.520000,0.011108
2025-05-01T14:15:00.530000,-0.010200
2025-05-01T14:15:00.540000,0.006641
2025-05-01T14:15:00.550000,0.008073
2025-05-01T14:15:00.560000,-0.006325
2025-05-01T14:15:00.570000,0.000381
2025-05-01T14:15:00.580000,-0.003734
2025-05-01T14:15:00.590000,-0.012046
2025-05-01T14:15:00.600000,0.010647
2025-05-01T14:15:00.610000,0.017379
2025-05-01T14:15:00.620000,-0.004562
2025-05-01T14:15:00.630000,0.000536
2025-05-01T14:15:00.640000,0.012173
2025-05-01T14:15:00.650000,0.001694
2025-05-01T14:15:00.660000,-0.003871
2025-05-01T14:15:00.670000,0.014187
2025-05-01T14:15:00.680000,0.011664
2025-05-01T14:15:00.690000,0.001423
2025-05-01T14:15:00.700000,0.001739
2025-05-01T14:15:00.710000,0.007675
2025-05-01T14:15:00.720000,0.019681
2025-05-01T14:15:00.730000,0.008836
2025-05-01T14:15:00.740000,-0.010665
2025-05-01T14:15:00.750000,0.006605
2025-05-01T14:15:00.760000,0.016774
2025-05-01T14:15:00.770000,0.000539
2025-05-01T14:15:00.780000,-0.011823
2025-05-01T14:15:00.790000,0.007469
2025-05-01T14:15:00.800000,-0.007458
2025-05-01T14:15:00.810000,-0.012918
2025-05-01T14:15:00.820000,0.003432
2025-05-01T14:15:00.830000,-0.006474
2025-05-01T14:15:00.840000,-0.001693
2025-05-01T14:15:00.850000,0.017178
2025-05-01T14:15:00.860000,0.009081
2025-05-01T14:15:00.870000,-0.005282
2025-05-01T14:15:00.880000,-0.003783
2025-05-01T14:15:00.890000,-0.001375
2025-05-01T14:15:00.900000,-0.001567
2025-05-01T14:15:00.910000,0.001498
2025-05-01T14:15:00.920000,-0.010471
2025-05-01T14:15:00.930000,0.011056
2025-05-01T14:15:00.940000,0.017267
2025-05-01T14:15:00.950000,0.017831
2025-05-01T14:15:00.960000,0.000544
2025-05-01T14:15:00.970000,-0.025193
2025-05-01T14:15:00.980000,-0.006721
2025-05-01T14:15:00.990000,0.015155
2025-05-01T14:15:01,0.005696
2025-05-01T14:15:01.010000,0.008126
2025-05-01T14:15:01.020000,-0.015655
2025-05-01T14:15:01.030000,-0.021984
2025-05-01T14:15:01.040000,-0.012660
2025-05-01T14:15:01.050000,0.010902
2025-05-01T14:15:01.060000,-0.003708
2025-05-01T14:15:01.070000,-0.005189
2025-05-01T14:15:01.080000,-0.006043
2025-05-01T14:15:01.090000,0.006763
2025-05-01T14:15:01.100000,-0.005154
2025-05-01T14:15:01.110000,-0.022209
2025-05-01T14:15:01.120000,-0.006309
2025-05-01T14:15:01.130000,0.013541
2025-05-01T14:15:01.140000,-0.014441
2025-05-01T14:15:01.150000,0.015783
2025-05-01T14:15:01.160000,0.007825
2025-05-01T14:15:01.170000,0.000846
2025-05-01T14:15:01.180000,0.002280
2025-05-01T14:15:01.190000,-0.004411
2025-05-01T14:15:01.200000,-0.005295
2025-05-01T14:15:01.210000,0.003124
2025-05-01T14:15:01.220000,-0.008144
2025-05-01T14:15:01.230000,0.005058
2025-05-01T14:15:01.240000,0.005432
2025-05-01T14:15:01.250000,-0.005304
2025-05-01T14:15:01.260000,-0.002956
2025-05-01T14:15:01.270000,-0.017895
2025-05-01T14:15:01.280000,0.008402
2025-05-01T14:15:01.290000,0.001722
2025-05-01T14:15:01.300000,-0.010892
2025-05-01T14:15:01.310000,-0.002398
2025-05-01T14:15:01.320000,-0.014912
2025-05-01T14:15:01.330000,-0.014605
2025-05-01T14:15:01.340000,0.011260
2025-05-01T14:15:01.350000,-0.024495
2025-05-01T14:15:01.360000,-0.011908
2025-05-01T14:15:01.370000,-0.007948
2025-05-01T14:15:01.380000,0.003789
2025-05-01T14:15:01.390000,-0.010802
2025-05-01T14:15:01.400000,0.007710
2025-05-01T14:15:01.410000,0.000606
2025-05-01T14:15:01.420000,0.013587
2025-05-01T14:15:01.430000,0.003332
2025-05-01T14:15:01.440000,0.023692
2025-05-01T14:15:01.450000,0.005452
2025-05-01T14:15:01.460000,-0.009354
2025-05-01T14:15:01.470000,0.001116
2025-05-01T14:15:01.480000,-0.016383
2025-05-01T14:15:01.490000,0.004227
2025-05-01T14:15:01.500000,-0.013530
2025-05-01T14:15:01.510000,-0.008739
2025-05-01T14:15:01.520000,-0.003989
2025-05-01T14:15:01.530000,0.030283
2025-05-01T14:15:01.540000,-0.004430
2025-05-01T14:15:01.550000,-0.002995
2025-05-01T14:15:01.560000,0.002152
2025-05-01T14:15:01.570000,-0.002394
2025-05-01T14:15:01.580000,-0.021722
2025-05-01T14:15:01.590000,-0.002587
2025-05-01T14:15:01.600000,0.010334
2025-05-01T14:15:01.610000,-0.001325
2025-05-01T14:15:01.620000,-0.003177
2025-05-01T14:15:01.630000,0.003733
2025-05-01T14:15:01.640000,-0.007407
2025-05-01T14:15:01.650000,0.003131
2025-05-01T14:15:01.660000,-0.005401
2025-05-01T14:15:01.670000,0.000162
2025-05-01T14:15:01.680000,0.006589
2025-05-01T14:15:01.690000,-0.009428
2025-05-01T14:15:01.700000,-0.004027
2025-05-01T14:15:01.710000,0.015603
2025-05-01T14:15:01.720000,0.015482
2025-05-01T14:15:01.730000,0.001550
2025-05-01T14:15:01.740000,-0.006068
2025-05-01T14:15:01.750000,-0.006287
2025-05-01T14:15:01.760000,0.016598
2025-05-01T14:15:01.770000,0.027806
2025-05-01T14:15:01.780000,-0.012556
2025-05-01T14:15:01.790000,0.003452
2025-05-01T14:15:01.800000,0.004213
2025-05-01T14:15:01.810000,0.014465
2025-05-01T14:15:01.820000,0.007784
2025-05-01T14:15:01.830000,0.011213
2025-05-01T14:15:01.840000,0.018065
2025-05-01T14:15:01.850000,-0.004383
2025-05-01T14:15:01.860000,-0.003598
2025-05-01T14:15:01.870000,0.004703
2025-05-01T14:15:01.880000,0.007487
2025-05-01T14:15:01.890000,0.005933
2025-05-01T14:15:01.900000,0.010715
2025-05-01T14:15:01.910000,-0.007326
2025-05-01T14:15:01.920000,-0.003645
2025-05-01T14:15:01.930000,-0.001113
2025-05-01T14:15:01.940000,0.002802
2025-05-01T14:15:01.950000,-0.016587
2025-05-01T14:15:01.960000,-0.013275
2025-05-01T14:15:01.970000,-0.019936
2025-05-01T14:15:01.980000,-0.004714
2025-05-01T14:15:01.990000,0.011836
2025-05-01T14:15:02,-0.015222
2025-05-01T14:15:02.010000,-0.009586
2025-05-01T14:15:02.020000,0.015564
2025-05-01T14:15:02.030000,0.006457
2025-05-01T14:15:02.040000,0.005084
2025-05-01T14:15:02.050000,0.010432
2025-05-01T14:15:02.060000,0.009992
2025-05-01T14:15:02.070000,-0.005688
2025-05-01T14:15:02.080000,0.012288
2025-05-01T14:15:02.090000,-0.002487
2025-05-01T14:15:02.100000,-0.007182
2025-05-01T14:15:02.110000,0.013298
2025-05-01T14:15:02.120000,-0.000953
2025-05-01T14:15:02.130000,0.006703
2025-05-01T14:15:02.140000,-0.011347
2025-05-01T14:15:02.150000,0.002327
2025-05-01T14:15:02.160000,-0.011656
2025-05-01T14:15:02.170000,0.002141
2025-05-01T14:15:02.180000,0.008986
2025-05-01T14:15:02.190000,0.005846
2025-05-01T14:15:02.200000,-0.009630
2025-05-01T14:15:02.210000,-0.012100
2025-05-01T14:15:02.220000,0.000245
2025-05-01T14:15:02.230000,-0.005336
2025-05-01T14:15:02.240000,-0.002320
2025-05-01T14:15:02.250000,-0.009579
2025-05-01T14:15:02.260000,-0.006568
2025-05-01T14:15:02.270000,-0.012406
2025-05-01T14:15:02.280000,0.009603
2025-05-01T14:15:02.290000,0.030393
2025-05-01T14:15:02.300000,0.010179
2025-05-01T14:15:02.310000,-0.019220
2025-05-01T14:15:02.320000,0.008257
2025-05-01T14:15:02.330000,-0.019920
2025-05-01T14:15:02.340000,0.004218
2025-05-01T14:15:02.350000,0.005128
2025-05-01T14:15:02.360000,0.001406
2025-05-01T14:15:02.370000,-0.011128
2025-05-01T14:15:02.380000,-0.001251
2025-05-01T14:15:02.390000,-0.007098
2025-05-01T14:15:02.400000,0.000137
2025-05-01T14:15:02.410000,0.010011
2025-05-01T14:15:02.420000,-0.012371
2025-05-01T14:15:02.430000,0.003272
2025-05-01T14:15:02.440000,0.006488
2025-05-01T14:15:02.450000,-0.001364
2025-05-01T14:15:02.460000,-0.012875
2025-05-01T14:15:02.470000,0.005103
2025-05-01T14:15:02.480000,-0.026501
2025-05-01T14:15:02.490000,-0.009871
2025-05-01T14:15:02.500000,0.010432
2025-05-01T14:15:02.510000,-0.010184
2025-05-01T14:15:02.520000,0.007584
2025-05-01T14:15:02.530000,-0.008341
2025-05-01T14:15:02.540000,0.022444
2025-05-01T14:15:02.550000,-0.011308
2025-05-01T14:15:02.560000,0.010111
2025-05-01T14:15:02.570000,0.002604
2025-05-01T14:15:02.580000,0.000264
2025-05-01T14:15:02.590000,0.000153
2025-05-01T14:15:02.600000,-0.012729
2025-05-01T14:15:02.610000,0.005797
2025-05-01T14:15:02.620000,-0.000248
2025-05-01T14:15:02.630000,-0.000338
2025-05-01T14:15:02.640000,0.002265
2025-05-01T14:15:02.650000,-0.006393
2025-05-01T14:15:02.660000,0.006116
2025-05-01T14:15:02.670000,0.001067
2025-05-01T14:15:02.680000,0.000943
2025-05-01T14:15:02.690000,-0.004398
2025-05-01T14:15:02.700000,0.004180
2025-05-01T14:15:02.710000,0.003885
2025-05-01T14:15:02.720000,0.010512
2025-05-01T14:15:02.730000,-0.001065
2025-05-01T14:15:02.740000,-0.007939
2025-05-01T14:15:02.750000,0.014139
2025-05-01T14:15:02.760000,0.008379
2025-05-01T14:15:02.770000,0.002152
2025-05-01T14:15:02.780000,-0.020876
2025-05-01T14:15:02.790000,-0.003836
2025-05-01T14:15:02.800000,-0.007448
2025-05-01T14:15:02.810000,-0.002950
2025-05-01T14:15:02.820000,-0.009207
2025-05-01T14:15:02.830000,0.005660
2025-05-01T14:15:02.840000,-0.020144
2025-05-01T14:15:02.850000,-0.011089
2025-05-01T14:15:02.860000,-0.002734
2025-05-01T14:15:02.870000,-0.006021
2025-05-01T14:15:02.880000,0.020415
2025-05-01T14:15:02.890000,0.014995
2025-05-01T14:15:02.900000,0.003938
2025-05-01T14:15:02.910000,-0.008470
2025-05-01T14:15:02.920000,0.021869
2025-05-01T14:15:02.930000,0.003891
2025-05-01T14:15:02.940000,-0.007331
2025-05-01T14:15:02.950000,0.012396
2025-05-01T14:15:02.960000,0.001578
2025-05-01T14:15:02.970000,0.005876
2025-05-01T14:15:02.980000,0.005529
2025-05-01T14:15:02.990000,-0.010152
2025-05-01T14:15:03,-0.008225
2025-05-01T14:15:03.010000,0.001976
2025-05-01T14:15:03.020000,0.002623
2025-05-01T14:15:03.030000,-0.008388
2025-05-01T14:15:03.040000,0.008838
2025-05-01T14:15:03.050000,-0.003774
2025-05-01T14:15:03.060000,0.009296
2025-05-01T14:15:03.070000,0.006390
2025-05-01T14:15:03.080000,0.007908
2025-05-01T14:15:03.090000,0.005550
2025-05-01T14:15:03.100000,-0.015453
2025-05-01T14:15:03.110000,0.004554
2025-05-01T14:15:03.120000,0.024419
2025-05-01T14:15:03.130000,-0.012935
2025-05-01T14:15:03.140000,0.015321
2025-05-01T14:15:03.150000,0.011172
2025-05-01T14:15:03.160000,-0.011001
2025-05-01T14:15:03.170000,-0.005248
2025-05-01T14:15:03.180000,-0.005506
2025-05-01T14:15:03.190000,0.004274
2025-05-01T14:15:03.200000,0.004162
2025-05-01T14:15:03.210000,0.001634
2025-05-01T14:15:03.220000,0.003904
2025-05-01T14:15:03.230000,-0.003944
2025-05-01T14:15:03.240000,0.006475
2025-05-01T14:15:03.250000,0.006900
2025-05-01T14:15:03.260000,-0.005606
2025-05-01T14:15:03.270000,0.001234
2025-05-01T14:15:03.280000,-0.001217
2025-05-01T14:15:03.290000,-0.014498
2025-05-01T14:15:03.300000,0.019661
2025-05-01T14:15:03.310000,-0.002371
2025-05-01T14:15:03.320000,0.006667
2025-05-01T14:15:03.330000,0.004641
2025-05-01T14:15:03.340000,0.008733
2025-05-01T14:15:03.350000,-0.000993
2025-05-01T14:15:03.360000,-0.000183
2025-05-01T14:15:03.370000,-0.006552
2025-05-01T14:15:03.380000,0.015541
2025-05-01T14:15:03.390000,-0.001459
2025-05-01T14:15:03.400000,-0.003758
2025-05-01T14:15:03.410000,0.007290
2025-05-01T14:15:03.420000,0.004640
2025-05-01T14:15:03.430000,-0.004457
2025-05-01T14:15:03.440000,0.009117
2025-05-01T14:15:03.450000,0.014217
2025-05-01T14:15:03.460000,0.000345
2025-05-01T14:15:03.470000,0.001925
2025-05-01T14:15:03.480000,0.005039
2025-05-01T14:15:03.490000,-0.018843
2025-05-01T14:15:03.500000,0.000945
2025-05-01T14:15:03.510000,0.008872
2025-05-01T14:15:03.520000,-0.007950
2025-05-01T14:15:03.530000,0.001139
2025-05-01T14:15:03.540000,-0.007147
2025-05-01T14:15:03.550000,0.004518
2025-05-01T14:15:03.560000,-0.003268
2025-05-01T14:15:03.570000,-0.009499
2025-05-01T14:15:03.580000,0.013225
2025-05-01T14:15:03.590000,0.003204
2025-05-01T14:15:03.600000,0.000755
2025-05-01T14:15:03.610000,-0.012694
2025-05-01T14:15:03.620000,0.007323
2025-05-01T14:15:03.630000,-0.001359
2025-05-01T14:15:03.640000,0.014942
2025-05-01T14:15:03.650000,-0.003518
2025-05-01T14:15:03.660000,0.004454
2025-05-01T14:15:03.670000,0.006057
2025-05-01T14:15:03.680000,0.004784
2025-05-01T14:15:03.690000,0.010866
2025-05-01T14:15:03.700000,0.005961
2025-05-01T14:15:03.710000,0.002671
2025-05-01T14:15:03.720000,0.011926
2025-05-01T14:15:03.730000,0.002256
2025-05-01T14:15:03.740000,-0.004362
2025-05-01T14:15:03.750000,-0.014049
2025-05-01T14:15:03.760000,-0.006128
2025-05-01T14:15:03.770000,-0.015101
2025-05-01T14:15:03.780000,0.001934
2025-05-01T14:15:03.790000,0.008892
2025-05-01T14:15:03.800000,0.010114
2025-05-01T14:15:03.810000,-0.016718
2025-05-01T14:15:03.820000,-0.015305
2025-05-01T14:15:03.830000,-0.005211
2025-05-01T14:15:03.840000,-0.012109
2025-05-01T14:15:03.850000,0.012446
2025-05-01T14:15:03.860000,0.011330
2025-05-01T14:15:03.870000,0.002721
2025-05-01T14:15:03.880000,-0.006064
2025-05-01T14:15:03.890000,0.008756
2025-05-01T14:15:03.900000,-0.003782
2025-05-01T14:15:03.910000,0.002849
2025-05-01T14:15:03.920000,-0.001716
2025-05-01T14:15:03.930000,0.005072
2025-05-01T14:15:03.940000,-0.011116
2025-05-01T14:15:03.950000,-0.000085
2025-05-01T14:15:03.960000,0.013092
2025-05-01T14:15:03.970000,-0.009186
2025-05-01T14:15:03.980000,-0.000271
2025-05-01T14:15:03.990000,-0.017613
2025-05-01T14:15:04,-0.002849
2025-05-01T14:15:04.010000,-0.007287
2025-05-01T14:15:04.020000,-0.000395
2025-05-01T14:15:04.030000,0.016111
2025-05-01T14:15:04.040000,0.012108
2025-05-01T14:15:04.050000,-0.000877
2025-05-01T14:15:04.060000,0.010047
2025-05-01T14:15:04.070000,-0.008752
2025-05-01T14:15:04.080000,0.000444
2025-05-01T14:15:04.090000,0.018810
2025-05-01T14:15:04.100000,-0.000928
2025-05-01T14:15:04.110000,-0.013518
2025-05-01T14:15:04.120000,0.027920
2025-05-01T14:15:04.130000,-0.002519
2025-05-01T14:15:04.140000,-0.008393
2025-05-01T14:15:04.150000,-0.005700
2025-05-01T14:15:04.160000,-0.010115
2025-05-01T14:15:04.170000,-0.006777
2025-05-01T14:15:04.180000,0.001651
2025-05-01T14:15:04.190000,0.007479
2025-05-01T14:15:04.200000,-0.017313
2025-05-01T14:15:04.210000,0.004930
2025-05-01T14:15:04.220000,-0.003203
2025-05-01T14:15:04.230000,0.016569
2025-05-01T14:15:04.240000,0.003017
2025-05-01T14:15:04.250000,0.003475
2025-05-01T14:15:04.260000,-0.003300
2025-05-01T14:15:04.270000,0.006178
2025-05-01T14:15:04.280000,0.017288
2025-05-01T14:15:04.290000,0.000087
2025-05-01T14:15:04.300000,0.005696
2025-05-01T14:15:04.310000,-0.002329
2025-05-01T14:15:04.320000,-0.015833
2025-05-01T14:15:04.330000,0.027431
2025-05-01T14:15:04.340000,0.015001
2025-05-01T14:15:04.350000,0.008009
2025-05-01T14:15:04.360000,0.010119
2025-05-01T14:15:04.370000,0.002442
2025-05-01T14:15:04.380000,-0.007944
2025-05-01T14:15:04.390000,-0.002965
2025-05-01T14:15:04.400000,0.011023
2025-05-01T14:15:04.410000,0.019383
2025-05-01T14:15:04.420000,0.012207
2025-05-01T14:15:04.430000,-0.004983
2025-05-01T14:15:04.440000,-0.001901
2025-05-01T14:15:04.450000,0.000435
2025-05-01T14:15:04.460000,0.004048
2025-05-01T14:15:04.470000,0.013259
2025-05-01T14:15:04.480000,-0.006396
2025-05-01T14:15:04.490000,0.011869
2025-05-01T14:15:04.500000,-0.012115
2025-05-01T14:15:04.510000,-0.001276
2025-05-01T14:15:04.520000,-0.014068
2025-05-01T14:15:04.530000,0.021419
2025-05-01T14:15:04.540000,0.004952
2025-05-01T14:15:04.550000,0.000450
2025-05-01T14:15:04.560000,-0.014636
2025-05-01T14:15:04.570000,-0.006762
2025-05-01T14:15:04.580000,-0.009889
2025-05-01T14:15:04.590000,-0.000369
2025-05-01T14:15:04.600000,-0.009165
2025-05-01T14:15:04.610000,0.001057
2025-05-01T14:15:04.620000,-0.006161
2025-05-01T14:15:04.630000,-0.008056
2025-05-01T14:15:04.640000,0.002341
2025-05-01T14:15:04.650000,-0.006520
2025-05-01T14:15:04.660000,-0.006265
2025-05-01T14:15:04.670000,-0.004787
2025-05-01T14:15:04.680000,0.005940
2025-05-01T14:15:04.690000,0.016689
2025-05-01T14:15:04.700000,-0.008962
2025-05-01T14:15:04.710000,-0.004483
2025-05-01T14:15:04.720000,-0.007317
2025-05-01T14:15:04.730000,-0.015735
2025-05-01T14:15:04.740000,-0.012064
2025-05-01T14:15:04.750000,-0.004086
2025-05-01T14:15:04.760000,0.006954
2025-05-01T14:15:04.770000,-0.012887
2025-05-01T14:15:04.780000,0.000565
2025-05-01T14:15:04.790000,0.020115
2025-05-01T14:15:04.800000,0.000155
2025-05-01T14:15:04.810000,0.000674
2025-05-01T14:15:04.820000,-0.021123
2025-05-01T14:15:04.830000,0.005781
2025-05-01T14:15:04.840000,-0.011247
2025-05-01T14:15:04.850000,-0.023394
2025-05-01T14:15:04.860000,0.015510
2025-05-01T14:15:04.870000,-0.001162
2025-05-01T14:15:04.880000,-0.008411
2025-05-01T14:15:04.890000,-0.016938
2025-05-01T14:15:04.900000,-0.005743
2025-05-01T14:15:04.910000,0.004531
2025-05-01T14:15:04.920000,-0.018222
2025-05-01T14:15:04.930000,0.007196
2025-05-01T14:15:04.940000,0.011822
2025-05-01T14:15:04.950000,-0.014385
2025-05-01T14:15:04.960000,0.002175
2025-05-01T14:15:04.970000,-0.010701
2025-05-01T14:15:04.980000,0.011027
2025-05-01T14:15:04.990000,0.004665
2025-05-01T14:15:05,-0.007312
2025-05-01T14:15:05.010000,0.002020
2025-05-01T14:15:05.020000,0.008383
2025-05-01T14:15:05.030000,0.003163
2025-05-01T14:15:05.040000,-0.024478
2025-05-01T14:15:05.050000,0.015480
2025-05-01T14:15:05.060000,-0.008590
2025-05-01T14:15:05.070000,-0.008147
2025-05-01T14:15:05.080000,0.003263
2025-05-01T14:15:05.090000,-0.000354
2025-05-01T14:15:05.100000,0.002020
2025-05-01T14:15:05.110000,-0.006803
2025-05-01T14:15:05.120000,-0.007007
2025-05-01T14:15:05.130000,-0.017761
2025-05-01T14:15:05.140000,-0.010628
2025-05-01T14:15:05.150000,0.007424
2025-05-01T14:15:05.160000,-0.006860
2025-05-01T14:15:05.170000,0.004524
2025-05-01T14:15:05.180000,-0.005671
2025-05-01T14:15:05.190000,-0.001194
2025-05-01T14:15:05.200000,0.020678
2025-05-01T14:15:05.210000,-0.005778
2025-05-01T14:15:05.220000,-0.019644
2025-05-01T14:15:05.230000,0.009283
2025-05-01T14:15:05.240000,-0.000986
2025-05-01T14:15:05.250000,0.012868
2025-05-01T14:15:05.260000,-0.004297
2025-05-01T14:15:05.270000,-0.018877
2025-05-01T14:15:05.280000,0.007684
2025-05-01T14:15:05.290000,-0.000458
2025-05-01T14:15:05.300000,-0.004385
2025-05-01T14:15:05.310000,0.001786
2025-05-01T14:15:05.320000,0.013359
2025-05-01T14:15:05.330000,-0.004424
2025-05-01T14:15:05.340000,0.016326
2025-05-01T14:15:05.350000,-0.007016
2025-05-01T14:15:05.360000,-0.007181
2025-05-01T14:15:05.370000,0.009963
2025-05-01T14:15:05.380000,0.009682
2025-05-01T14:15:05.390000,0.000767
2025-05-01T14:15:05.400000,0.010742
2025-05-01T14:15:05.410000,-0.011181
2025-05-01T14:15:05.420000,-0.002530
2025-05-01T14:15:05.430000,-0.009118
2025-05-01T14:15:05.440000,0.011521
2025-05-01T14:15:05.450000,-0.008175
2025-05-01T14:15:05.460000,-0.022475
2025-05-01T14:15:05.470000,0.003258
2025-05-01T14:15:05.480000,0.001379
2025-05-01T14:15:05.490000,-0.016240
2025-05-01T14:15:05.500000,0.014354
2025-05-01T14:15:05.510000,0.030340
2025-05-01T14:15:05.520000,-0.010508
2025-05-01T14:15:05.530000,0.003090
2025-05-01T14:15:05.540000,-0.003343
2025-05-01T14:15:05.550000,0.004697
2025-05-01T14:15:05.560000,0.008576
2025-05-01T14:15:05.570000,0.001504
2025-05-01T14:15:05.580000,-0.010835
2025-05-01T14:15:05.590000,-0.002050
2025-05-01T14:15:05.600000,0.011243
2025-05-01T14:15:05.610000,0.012473
2025-05-01T14:15:05.620000,0.000008
2025-05-01T14:15:05.630000,0.008554
2025-05-01T14:15:05.640000,-0.001051
2025-05-01T14:15:05.650000,0.012876
2025-05-01T14:15:05.660000,0.013278
2025-05-01T14:15:05.670000,-0.011948
2025-05-01T14:15:05.680000,0.001362
2025-05-01T14:15:05.690000,0.006085
2025-05-01T14:15:05.700000,-0.008148
2025-05-01T14:15:05.710000,-0.006953
2025-05-01T14:15:05.720000,-0.001600
2025-05-01T14:15:05.730000,-0.000674
2025-05-01T14:15:05.740000,0.006630
2025-05-01T14:15:05.750000,-0.000575
2025-05-01T14:15:05.760000,-0.008298
2025-05-01T14:15:05.770000,0.012165
2025-05-01T14:15:05.780000,0.004111
2025-05-01T14:15:05.790000,0.007699
2025-05-01T14:15:05.800000,0.011517
2025-05-01T14:15:05.810000,0.019806
2025-05-01T14:15:05.820000,0.004098
2025-05-01T14:15:05.830000,0.003476
2025-05-01T14:15:05.840000,0.002064
2025-05-01T14:15:05.850000,0.006754
2025-05-01T14:15:05.860000,-0.014142
2025-05-01T14:15:05.870000,0.001648
2025-05-01T14:15:05.880000,0.000403
2025-05-01T14:15:05.890000,0.011038
2025-05-01T14:15:05.900000,0.011050
2025-05-01T14:15:05.910000,-0.006619
2025-05-01T14:15:05.920000,0.004377
2025-05-01T14:15:05.930000,-0.023192
2025-05-01T14:15:05.940000,0.016318
2025-05-01T14:15:05.950000,0.001479
2025-05-01T14:15:05.960000,-0.000122
2025-05-01T14:15:05.970000,0.010100
2025-05-01T14:15:05.980000,0.016816
2025-05-01T14:15:05.990000,0.004338
2025-05-01T14:15:06,-0.010614
2025-05-01T14:15:06.010000,0.007407
2025-05-01T14:15:06.020000,0.028802
2025-05-01T14:15:06.030000,-0.015371
2025-05-01T14:15:06.040000,0.005448
2025-05-01T14:15:06.050000,0.000636
2025-05-01T14:15:06.060000,0.001271
2025-05-01T14:15:06.070000,-0.005647
2025-05-01T14:15:06.080000,0.009279
2025-05-01T14:15:06.090000,-0.008894
2025-05-01T14:15:06.100000,-0.000204
2025-05-01T14:15:06.110000,0.005946
2025-05-01T14:15:06.120000,0.002760
2025-05-01T14:15:06.130000,-0.006042
2025-05-01T14:15:06.140000,-0.014172
2025-05-01T14:15:06.150000,-0.010809
2025-05-01T14:15:06.160000,0.002402
2025-05-01T14:15:06.170000,0.009267
2025-05-01T14:15:06.180000,-0.000976
2025-05-01T14:15:06.190000,0.018571
2025-05-01T14:15:06.200000,-0.016099
2025-05-01T14:15:06.210000,0.004008
2025-05-01T14:15:06.220000,0.013261
2025-05-01T14:15:06.230000,0.000085
2025-05-01T14:15:06.240000,0.000842
2025-05-01T14:15:06.250000,0.008240
2025-05-01T14:15:06.260000,0.003359
2025-05-01T14:15:06.270000,-0.001098
2025-05-01T14:15:06.280000,-0.011403
2025-05-01T14:15:06.290000,0.006015
2025-05-01T14:15:06.300000,-0.010576
2025-05-01T14:15:06.310000,-0.004512
2025-05-01T14:15:06.320000,0.014237
2025-05-01T14:15:06.330000,-0.008716
2025-05-01T14:15:06.340000,-0.006176
2025-05-01T14:15:06.350000,0.001718
2025-05-01T14:15:06.360000,0.000137
2025-05-01T14:15:06.370000,0.006376
2025-05-01T14:15:06.380000,0.013097
2025-05-01T14:15:06.390000,-0.019862
2025-05-01T14:15:06.400000,0.017675
2025-05-01T14:15:06.410000,0.002713
2025-05-01T14:15:06.420000,-0.005890
2025-05-01T14:15:06.430000,0.018147
2025-05-01T14:15:06.440000,-0.017465
2025-05-01T14:15:06.450000,-0.007811
2025-05-01T14:15:06.460000,0.011602
2025-05-01T14:15:06.470000,0.001358
2025-05-01T14:15:06.480000,-0.008422
2025-05-01T14:15:06.490000,0.007734
2025-05-01T14:15:06.500000,-0.000979
2025-05-01T14:15:06.510000,0.007973
2025-05-01T14:15:06.520000,-0.005219
2025-05-01T14:15:06.530000,-0.021830
2025-05-01T14:15:06.540000,0.002239
2025-05-01T14:15:06.550000,-0.010402
2025-05-01T14:15:06.560000,-0.000171
2025-05-01T14:15:06.570000,0.014338
2025-05-01T14:15:06.580000,0.003818
2025-05-01T14:15:06.590000,0.019489
2025-05-01T14:15:06.600000,-0.017700
2025-05-01T14:15:06.610000,0.005769
2025-05-01T14:15:06.620000,-0.016047
2025-05-01T14:15:06.630000,0.008080
2025-05-01T14:15:06.640000,-0.005615
2025-05-01T14:15:06.650000,-0.006934
2025-05-01T14:15:06.660000,-0.008981
2025-05-01T14:15:06.670000,-0.012687
2025-05-01T14:15:06.680000,0.000122
2025-05-01T14:15:06.690000,-0.008716
2025-05-01T14:15:06.700000,0.026241
2025-05-01T14:15:06.710000,-0.003424
2025-05-01T14:15:06.720000,0.002421
2025-05-01T14:15:06.730000,-0.000918
2025-05-01T14:15:06.740000,0.006601
2025-05-01T14:15:06.750000,0.012886
2025-05-01T14:15:06.760000,-0.002190
2025-05-01T14:15:06.770000,-0.001727
2025-05-01T14:15:06.780000,0.009790
2025-05-01T14:15:06.790000,-0.001545
2025-05-01T14:15:06.800000,-0.024831
2025-05-01T14:15:06.810000,-0.000452
2025-05-01T14:15:06.820000,-0.009609
2025-05-01T14:15:06.830000,0.003546
2025-05-01T14:15:06.840000,-0.000180
2025-05-01T14:15:06.850000,0.014578
2025-05-01T14:15:06.860000,0.015765
2025-05-01T14:15:06.870000,-0.009388
2025-05-01T14:15:06.880000,-0.000604
2025-05-01T14:15:06.890000,-0.005886
2025-05-01T14:15:06.900000,-0.006197
2025-05-01T14:15:06.910000,0.002544
2025-05-01T14:15:06.920000,0.001741
2025-05-01T14:15:06.930000,-0.007524
2025-05-01T14:15:06.940000,-0.005320
2025-05-01T14:15:06.950000,0.002448
2025-05-01T14:15:06.960000,-0.004712
2025-05-01T14:15:06.970000,-0.002747
2025-05-01T14:15:06.980000,0.008898
2025-05-01T14:15:06.990000,0.015720
2025-05-01T14:15:07,-0.001614
2025-05-01T14:15:07.010000,-0.009581
2025-05-01T14:15:07.020000,-0.007391
2025-05-01T14:15:07.030000,-0.002920
2025-05-01T14:15:07.040000,0.016540
2025-05-01T14:15:07.050000,-0.008794
2025-05-01T14:15:07.060000,0.030440
2025-05-01T14:15:07.070000,0.003933
2025-05-01T14:15:07.080000,-0.001377
2025-05-01T14:15:07.090000,-0.008807
2025-05-01T14:15:07.100000,-0.007110
2025-05-01T14:15:07.110000,0.002917
2025-05-01T14:15:07.120000,-0.007889
2025-05-01T14:15:07.130000,0.005909
2025-05-01T14:15:07.140000,-0.007362
2025-05-01T14:15:07.150000,0.003545
2025-05-01T14:15:07.160000,0.001768
2025-05-01T14:15:07.170000,0.003629
2025-05-01T14:15:07.180000,0.005153
2025-05-01T14:15:07.190000,0.004581
2025-05-01T14:15:07.200000,0.005442
2025-05-01T14:15:07.210000,0.003597
2025-05-01T14:15:07.220000,0.005307
2025-05-01T14:15:07.230000,0.007772
2025-05-01T14:15:07.240000,-0.014142
2025-05-01T14:15:07.250000,-0.007412
2025-05-01T14:15:07.260000,-0.004421
2025-05-01T14:15:07.270000,-0.002465
2025-05-01T14:15:07.280000,-0.008233
2025-05-01T14:15:07.290000,-0.011593
2025-05-01T14:15:07.300000,-0.013518
2025-05-01T14:15:07.310000,-0.003506
2025-05-01T14:15:07.320000,0.006034
2025-05-01T14:15:07.330000,0.014982
2025-05-01T14:15:07.340000,0.002268
2025-05-01T14:15:07.350000,0.012525
2025-05-01T14:15:07.360000,0.000048
2025-05-01T14:15:07.370000,-0.010235
2025-05-01T14:15:07.380000,0.010474
2025-05-01T14:15:07.390000,-0.004074
2025-05-01T14:15:07.400000,-0.007292
2025-05-01T14:15:07.410000,0.000046
2025-05-01T14:15:07.420000,0.006005
2025-05-01T14:15:07.430000,-0.013462
2025-05-01T14:15:07.440000,0.000218
2025-05-01T14:15:07.450000,0.016884
2025-05-01T14:15:07.460000,-0.002233
2025-05-01T14:15:07.470000,-0.003965
2025-05-01T14:15:07.480000,0.003865
2025-05-01T14:15:07.490000,-0.001563
2025-05-01T14:15:07.500000,-0.005844
2025-05-01T14:15:07.510000,0.000092
2025-05-01T14:15:07.520000,-0.008447
2025-05-01T14:15:07.530000,-0.003045
2025-05-01T14:15:07.540000,-0.004061
2025-05-01T14:15:07.550000,0.011104
2025-05-01T14:15:07.560000,-0.016741
2025-05-01T14:15:07.570000,-0.012285
2025-05-01T14:15:07.580000,-0.009324
2025-05-01T14:15:07.590000,0.009777
2025-05-01T14:15:07.600000,-0.015156
2025-05-01T14:15:07.610000,0.011555
2025-05-01T14:15:07.620000,-0.004229
2025-05-01T14:15:07.630000,-0.007216
2025-05-01T14:15:07.640000,0.010889
2025-05-01T14:15:07.650000,0.001219
2025-05-01T14:15:07.660000,-0.000168
2025-05-01T14:15:07.670000,0.006748
2025-05-01T14:15:07.680000,0.004200
2025-05-01T14:15:07.690000,0.002848
2025-05-01T14:15:07.700000,-0.010256
2025-05-01T14:15:07.710000,0.000817
2025-05-01T14:15:07.720000,0.002710
2025-05-01T14:15:07.730000,0.001902
2025-05-01T14:15:07.740000,-0.005194
2025-05-01T14:15:07.750000,0.003849
2025-05-01T14:15:07.760000,-0.016326
2025-05-01T14:15:07.770000,0.007521
2025-05-01T14:15:07.780000,-0.014921
2025-05-01T14:15:07.790000,0.010836
2025-05-01T14:15:07.800000,-0.022862
2025-05-01T14:15:07.810000,-0.001918
2025-05-01T14:15:07.820000,-0.009473
2025-05-01T14:15:07.830000,-0.006956
2025-05-01T14:15:07.840000,0.013599
2025-05-01T14:15:07.850000,0.003600
2025-05-01T14:15:07.860000,-0.001959
2025-05-01T14:15:07.870000,0.004436
2025-05-01T14:15:07.880000,0.001937
2025-05-01T14:15:07.890000,-0.011109
2025-05-01T14:15:07.900000,-0.004693
2025-05-01T14:15:07.910000,-0.001621
2025-05-01T14:15:07.920000,-0.002126
2025-05-01T14:15:07.930000,-0.013853
2025-05-01T14:15:07.940000,-0.003805
2025-05-01T14:15:07.950000,0.000273
2025-05-01T14:15:07.960000,0.005363
2025-05-01T14:15:07.970000,0.013055
2025-05-01T14:15:07.980000,-0.001865
2025-05-01T14:15:07.990000,0.008721
2025-05-01T14:15:08,-0.003599
2025-05-01T14:15:08.010000,0.006086
2025-05-01T14:15:08.020000,0.014016
2025-05-01T14:15:08.030000,-0.003574
2025-05-01T14:15:08.040000,0.006614
2025-05-01T14:15:08.050000,-0.009828
2025-05-01T14:15:08.060000,0.001689
2025-05-01T14:15:08.070000,-0.000871
2025-05-01T14:15:08.080000,0.002530
2025-05-01T14:15:08.090000,-0.003720
2025-05-01T14:15:08.100000,0.004516
2025-05-01T14:15:08.110000,-0.011433
2025-05-01T14:15:08.120000,0.008400
2025-05-01T14:15:08.130000,-0.008173
2025-05-01T14:15:08.140000,-0.021878
2025-05-01T14:15:08.150000,0.000551
2025-05-01T14:15:08.160000,-0.012071
2025-05-01T14:15:08.170000,-0.012121
2025-05-01T14:15:08.180000,-0.010418
2025-05-01T14:15:08.190000,-0.013575
2025-05-01T14:15:08.200000,0.005983
2025-05-01T14:15:08.210000,0.000409
2025-05-01T14:15:08.220000,-0.002240
2025-05-01T14:15:08.230000,-0.013068
2025-05-01T14:15:08.240000,0.022896
2025-05-01T14:15:08.250000,0.017996
2025-05-01T14:15:08.260000,0.006871
2025-05-01T14:15:08.270000,0.013063
2025-05-01T14:15:08.280000,0.004415
2025-05-01T14:15:08.290000,0.005460
2025-05-01T14:15:08.300000,0.014946
2025-05-01T14:15:08.310000,0.015174
2025-05-01T14:15:08.320000,0.016902
2025-05-01T14:15:08.330000,-0.006134
2025-05-01T14:15:08.340000,0.005001
2025-05-01T14:15:08.350000,0.000897
2025-05-01T14:15:08.360000,0.012926
2025-05-01T14:15:08.370000,-0.000178
2025-05-01T14:15:08.380000,-0.002424
2025-05-01T14:15:08.390000,-0.019525
2025-05-01T14:15:08.400000,-0.007139
2025-05-01T14:15:08.410000,0.009923
2025-05-01T14:15:08.420000,0.007876
2025-05-01T14:15:08.430000,0.013586
2025-05-01T14:15:08.440000,-0.006050
2025-05-01T14:15:08.450000,-0.003418
2025-05-01T14:15:08.460000,-0.002418
2025-05-01T14:15:08.470000,-0.005054
2025-05-01T14:15:08.480000,-0.028849
2025-05-01T14:15:08.490000,-0.004068
2025-05-01T14:15:08.500000,-0.008638
2025-05-01T14:15:08.510000,-0.002836
2025-05-01T14:15:08.520000,-0.008527
2025-05-01T14:15:08.530000,-0.012236
2025-05-01T14:15:08.540000,0.014737
2025-05-01T14:15:08.550000,0.009904
2025-05-01T14:15:08.560000,-0.001920
2025-05-01T14:15:08.570000,0.005974
2025-05-01T14:15:08.580000,-0.002128
2025-05-01T14:15:08.590000,0.001120
2025-05-01T14:15:08.600000,-0.000178
2025-05-01T14:15:08.610000,0.006559
2025-05-01T14:15:08.620000,-0.007932
2025-05-01T14:15:08.630000,-0.002143
2025-05-01T14:15:08.640000,0.009805
2025-05-01T14:15:08.650000,-0.001312
2025-05-01T14:15:08.660000,-0.013917
2025-05-01T14:15:08.670000,0.002530
2025-05-01T14:15:08.680000,-0.013266
2025-05-01T14:15:08.690000,0.006888
2025-05-01T14:15:08.700000,0.007137
2025-05-01T14:15:08.710000,0.018312
2025-05-01T14:15:08.720000,0.010460
2025-05-01T14:15:08.730000,0.001251
2025-05-01T14:15:08.740000,-0.000368
2025-05-01T14:15:08.750000,-0.005618
2025-05-01T14:15:08.760000,-0.017860
2025-05-01T14:15:08.770000,-0.001736
2025-05-01T14:15:08.780000,0.004551
2025-05-01T14:15:08.790000,0.002143
2025-05-01T14:15:08.800000,-0.000543
2025-05-01T14:15:08.810000,-0.007371
2025-05-01T14:15:08.820000,0.003935
2025-05-01T14:15:08.830000,0.007917
2025-05-01T14:15:08.840000,-0.015196
2025-05-01T14:15:08.850000,-0.005321
2025-05-01T14:15:08.860000,-0.002901
2025-05-01T14:15:08.870000,0.000657
2025-05-01T14:15:08.880000,-0.007703
2025-05-01T14:15:08.890000,-0.000023
2025-05-01T14:15:08.900000,-0.008983
2025-05-01T14:15:08.910000,0.001111
2025-05-01T14:15:08.920000,-0.012895
2025-05-01T14:15:08.930000,-0.006955
2025-05-01T14:15:08.940000,-0.000782
2025-05-01T14:15:08.950000,-0.000917
2025-05-01T14:15:08.960000,-0.010709
2025-05-01T14:15:08.970000,0.014642
2025-05-01T14:15:08.980000,-0.005811
2025-05-01T14:15:08.990000,-0.008066
2025-05-01T14:15:09,0.011734
2025-05-01T14:15:09.010000,0.003355
2025-05-01T14:15:09.020000,-0.019767
2025-05-01T14:15:09.030000,-0.004680
2025-05-01T14:15:09.040000,0.007651
2025-05-01T14:15:09.050000,0.013700
2025-05-01T14:15:09.060000,0.008516
2025-05-01T14:15:09.070000,-0.001177
2025-05-01T14:15:09.080000,0.005151
2025-05-01T14:15:09.090000,-0.011253
2025-05-01T14:15:09.100000,0.011086
2025-05-01T14:15:09.110000,-0.003679
2025-05-01T14:15:09.120000,-0.005445
2025-05-01T14:15:09.130000,0.022403
2025-05-01T14:15:09.140000,0.006055
2025-05-01T14:15:09.150000,-0.003925
2025-05-01T14:15:09.160000,-0.000283
2025-05-01T14:15:09.170000,0.006759
2025-05-01T14:15:09.180000,0.006936
2025-05-01T14:15:09.190000,0.003852
2025-05-01T14:15:09.200000,0.005892
2025-05-01T14:15:09.210000,0.009193
2025-05-01T14:15:09.220000,-0.007527
2025-05-01T14:15:09.230000,-0.000724
2025-05-01T14:15:09.240000,-0.023969
2025-05-01T14:15:09.250000,0.008366
2025-05-01T14:15:09.260000,0.006272
2025-05-01T14:15:09.270000,-0.010920
2025-05-01T14:15:09.280000,-0.000499
2025-05-01T14:15:09.290000,-0.015331
2025-05-01T14:15:09.300000,-0.020713
2025-05-01T14:15:09.310000,-0.008143
2025-05-01T14:15:09.320000,0.001814
2025-05-01T14:15:09.330000,-0.000359
2025-05-01T14:15:09.340000,0.001627
2025-05-01T14:15:09.350000,0.006534
2025-05-01T14:15:09.360000,-0.001979
2025-05-01T14:15:09.370000,-0.009536
2025-05-01T14:15:09.380000,-0.017163
2025-05-01T14:15:09.390000,-0.016709
2025-05-01T14:15:09.400000,0.009808
2025-05-01T14:15:09.410000,-0.017968
2025-05-01T14:15:09.420000,0.016053
2025-05-01T14:15:09.430000,0.014131
2025-05-01T14:15:09.440000,-0.015496
2025-05-01T14:15:09.450000,-0.006047
2025-05-01T14:15:09.460000,-0.000555
2025-05-01T14:15:09.470000,0.002331
2025-05-01T14:15:09.480000,0.008203
2025-05-01T14:15:09.490000,0.013039
2025-05-01T14:15:09.500000,0.014780
2025-05-01T14:15:09.510000,0.017976
2025-05-01T14:15:09.520000,-0.002960
2025-05-01T14:15:09.530000,0.012730
2025-05-01T14:15:09.540000,0.004945
2025-05-01T14:15:09.550000,0.000583
2025-05-01T14:15:09.560000,-0.002277
2025-05-01T14:15:09.570000,-0.012152
2025-05-01T14:15:09.580000,-0.005814
2025-05-01T14:15:09.590000,-0.001455
2025-05-01T14:15:09.600000,-0.003906
2025-05-01T14:15:09.610000,0.004855
2025-05-01T14:15:09.620000,-0.001323
2025-05-01T14:15:09.630000,-0.001279
2025-05-01T14:15:09.640000,-0.006082
2025-05-01T14:15:09.650000,0.006022
2025-05-01T14:15:09.660000,0.011454
2025-05-01T14:15:09.670000,-0.008775
2025-05-01T14:15:09.680000,-0.000655
2025-05-01T14:15:09.690000,-0.003912
2025-05-01T14:15:09.700000,-0.003843
2025-05-01T14:15:09.710000,0.021520
2025-05-01T14:15:09.720000,0.017387
2025-05-01T14:15:09.730000,0.014612
2025-05-01T14:15:09.740000,-0.001176
2025-05-01T14:15:09.750000,0.004046
2025-05-01T14:15:09.760000,-0.005948
2025-05-01T14:15:09.770000,0.002148
2025-05-01T14:15:09.780000,-0.002224
2025-05-01T14:15:09.790000,0.011441
2025-05-01T14:15:09.800000,-0.006798
2025-05-01T14:15:09.810000,0.013294
2025-05-01T14:15:09.820000,-0.009907
2025-05-01T14:15:09.830000,-0.005054
2025-05-01T14:15:09.840000,-0.009963
2025-05-01T14:15:09.850000,-0.003948
2025-05-01T14:15:09.860000,0.003640
2025-05-01T14:15:09.870000,-0.019668
2025-05-01T14:15:09.880000,0.012831
2025-05-01T14:15:09.890000,-0.000757
2025-05-01T14:15:09.900000,0.003882
2025-05-01T14:15:09.910000,0.005357
2025-05-01T14:15:09.920000,0.001610
2025-05-01T14:15:09.930000,-0.006840
2025-05-01T14:15:09.940000,0.012563
2025-05-01T14:15:09.950000,-0.013707
2025-05-01T14:15:09.960000,-0.007315
2025-05-01T14:15:09.970000,0.003461
2025-05-01T14:15:09.980000,-0.000530
2025-05-01T14:15:09.990000,-0.018758
2025-05-01T14:15:10,-0.015332
2025-05-01T14:15:10.010000,-0.013588
2025-05-01T14:15:10.020000,-0.013595
2025-05-01T14:15:10.030000,0.000255
2025-05-01T14:15:10.040000,0.021562
2025-05-01T14:15:10.050000,-0.015802
2025-05-01T14:15:10.060000,0.005800
2025-05-01T14:15:10.070000,0.001076
2025-05-01T14:15:10.080000,0.000213
2025-05-01T14:15:10.090000,-0.012031
2025-05-01T14:15:10.100000,-0.011880
2025-05-01T14:15:10.110000,0.020107
2025-05-01T14:15:10.120000,0.005833
2025-05-01T14:15:10.130000,-0.015834
2025-05-01T14:15:10.140000,-0.006236
2025-05-01T14:15:10.150000,0.000435
2025-05-01T14:15:10.160000,0.006138
2025-05-01T14:15:10.170000,-0.006637
2025-05-01T14:15:10.180000,-0.011640
2025-05-01T14:15:10.190000,0.010507
2025-05-01T14:15:10.200000,-0.012822
2025-05-01T14:15:10.210000,0.007955
2025-05-01T14:15:10.220000,-0.007091
2025-05-01T14:15:10.230000,-0.002568
2025-05-01T14:15:10.240000,0.004415
2025-05-01T14:15:10.250000,-0.002411
2025-05-01T14:15:10.260000,0.000715
2025-05-01T14:15:10.270000,-0.016424
2025-05-01T14:15:10.280000,0.016351
2025-05-01T14:15:10.290000,0.001893
2025-05-01T14:15:10.300000,0.005178
2025-05-01T14:15:10.310000,0.010146
2025-05-01T14:15:10.320000,0.005197
2025-05-01T14:15:10.330000,0.005831
2025-05-01T14:15:10.340000,-0.014293
2025-05-01T14:15:10.350000,-0.008316
2025-05-01T14:15:10.360000,0.002715
2025-05-01T14:15:10.370000,-0.002593
2025-05-01T14:15:10.380000,-0.010442
2025-05-01T14:15:10.390000,0.012522
2025-05-01T14:15:10.400000,0.018162
2025-05-01T14:15:10.410000,0.004717
2025-05-01T14:15:10.420000,0.000217
2025-05-01T14:15:10.430000,0.009887
2025-05-01T14:15:10.440000,0.001495
2025-05-01T14:15:10.450000,0.001821
2025-05-01T14:15:10.460000,0.003102
2025-05-01T14:15:10.470000,-0.013707
2025-05-01T14:15:10.480000,0.013633
2025-05-01T14:15:10.490000,-0.002611
2025-05-01T14:15:10.500000,-0.005016
2025-05-01T14:15:10.510000,-0.009678
2025-05-01T14:15:10.520000,-0.002266
2025-05-01T14:15:10.530000,0.000190
2025-05-01T14:15:10.540000,-0.002866
2025-05-01T14:15:10.550000,-0.024388
2025-05-01T14:15:10.560000,-0.010620
2025-05-01T14:15:10.570000,0.003278
2025-05-01T14:15:10.580000,0.014515
2025-05-01T14:15:10.590000,0.005622
2025-05-01T14:15:10.600000,-0.011215
2025-05-01T14:15:10.610000,0.011261
2025-05-01T14:15:10.620000,-0.004319
2025-05-01T14:15:10.630000,0.007722
2025-05-01T14:15:10.640000,0.005595
2025-05-01T14:15:10.650000,-0.004704
2025-05-01T14:15:10.660000,-0.009081
2025-05-01T14:15:10.670000,-0.007253
2025-05-01T14:15:10.680000,0.009795
2025-05-01T14:15:10.690000,-0.017667
2025-05-01T14:15:10.700000,0.017565
2025-05-01T14:15:10.710000,0.008750
2025-05-01T14:15:10.720000,-0.007978
2025-05-01T14:15:10.730000,0.012447
2025-05-01T14:15:10.740000,0.006103
2025-05-01T14:15:10.750000,0.000530
2025-05-01T14:15:10.760000,-0.010890
2025-05-01T14:15:10.770000,0.000268
2025-05-01T14:15:10.780000,0.016000
2025-05-01T14:15:10.790000,-0.011023
2025-05-01T14:15:10.800000,-0.004634
2025-05-01T14:15:10.810000,-0.001277
2025-05-01T14:15:10.820000,-0.010332
2025-05-01T14:15:10.830000,0.006197
2025-05-01T14:15:10.840000,-0.005775
2025-05-01T14:15:10.850000,0.003104
2025-05-01T14:15:10.860000,-0.007796
2025-05-01T14:15:10.870000,0.013315
2025-05-01T14:15:10.880000,-0.006207
2025-05-01T14:15:10.890000,-0.025377
2025-05-01T14:15:10.900000,0.001155
2025-05-01T14:15:10.910000,0.021352
2025-05-01T14:15:10.920000,0.000822
2025-05-01T14:15:10.930000,-0.007816
2025-05-01T14:15:10.940000,0.002606
2025-05-01T14:15:10.950000,-0.006364
2025-05-01T14:15:10.960000,0.003506
2025-05-01T14:15:10.970000,-0.002748
2025-05-01T14:15:10.980000,0.005953
2025-05-01T14:15:10.990000,0.016187
2025-05-01T14:15:11,0.005672
2025-05-01T14:15:11.010000,0.000190
2025-05-01T14:15:11.020000,0.002209
2025-05-01T14:15:11.030000,0.006927
2025-05-01T14:15:11.040000,0.005615
2025-05-01T14:15:11.050000,0.012114
2025-05-01T14:15:11.060000,0.011232
2025-05-01T14:15:11.070000,-0.004830
2025-05-01T14:15:11.080000,-0.022763
2025-05-01T14:15:11.090000,0.000337
2025-05-01T14:15:11.100000,0.008462
2025-05-01T14:15:11.110000,0.001809
2025-05-01T14:15:11.120000,0.012032
2025-05-01T14:15:11.130000,-0.017088
2025-05-01T14:15:11.140000,-0.014004
2025-05-01T14:15:11.150000,-0.027441
2025-05-01T14:15:11.160000,0.016309
2025-05-01T14:15:11.170000,0.005213
2025-05-01T14:15:11.180000,-0.005467
2025-05-01T14:15:11.190000,0.000693
2025-05-01T14:15:11.200000,-0.016038
2025-05-01T14:15:11.210000,0.025225
2025-05-01T14:15:11.220000,0.002095
2025-05-01T14:15:11.230000,0.011185
2025-05-01T14:15:11.240000,-0.002913
2025-05-01T14:15:11.250000,0.016204
2025-05-01T14:15:11.260000,-0.010336
2025-05-01T14:15:11.270000,-0.000189
2025-05-01T14:15:11.280000,-0.002552
2025-05-01T14:15:11.290000,-0.005827
2025-05-01T14:15:11.300000,-0.005015
2025-05-01T14:15:11.310000,-0.008250
2025-05-01T14:15:11.320000,0.000777
2025-05-01T14:15:11.330000,-0.007796
2025-05-01T14:15:11.340000,0.004427
2025-05-01T14:15:11.350000,0.009606
2025-05-01T14:15:11.360000,-0.017304
2025-05-01T14:15:11.370000,0.001976
2025-05-01T14:15:11.380000,0.006188
2025-05-01T14:15:11.390000,0.000298
2025-05-01T14:15:11.400000,0.006244
2025-05-01T14:15:11.410000,-0.011531
2025-05-01T14:15:11.420000,0.016159
2025-05-01T14:15:11.430000,0.021089
2025-05-01T14:15:11.440000,-0.005235
2025-05-01T14:15:11.450000,-0.007510
2025-05-01T14:15:11.460000,0.001958
2025-05-01T14:15:11.470000,-0.012862
2025-05-01T14:15:11.480000,-0.003589
2025-05-01T14:15:11.490000,0.015932
2025-05-01T14:15:11.500000,0.003508
2025-05-01T14:15:11.510000,0.015895
2025-05-01T14:15:11.520000,0.003787
2025-05-01T14:15:11.530000,-0.002230
2025-05-01T14:15:11.540000,-0.001652
2025-05-01T14:15:11.550000,0.000115
2025-05-01T14:15:11.560000,-0.002046
2025-05-01T14:15:11.570000,0.011157
2025-05-01T14:15:11.580000,-0.004219
2025-05-01T14:15:11.590000,-0.003664
2025-05-01T14:15:11.600000,0.006494
2025-05-01T14:15:11.610000,0.011339
2025-05-01T14:15:11.620000,0.001046
2025-05-01T14:15:11.630000,0.004091
2025-05-01T14:15:11.640000,-0.001706
2025-05-01T14:15:11.650000,0.007441
2025-05-01T14:15:11.660000,0.014905
2025-05-01T14:15:11.670000,-0.017048
2025-05-01T14:15:11.680000,-0.011472
2025-05-01T14:15:11.690000,0.015055
2025-05-01T14:15:11.700000,0.001593
2025-05-01T14:15:11.710000,-0.006711
2025-05-01T14:15:11.720000,0.021087
2025-05-01T14:15:11.730000,0.002882
2025-05-01T14:15:11.740000,0.001944
2025-05-01T14:15:11.750000,0.010654
2025-05-01T14:15:11.760000,-0.000867
2025-05-01T14:15:11.770000,0.011393
2025-05-01T14:15:11.780000,-0.012895
2025-05-01T14:15:11.790000,-0.001675
2025-05-01T14:15:11.800000,-0.006572
2025-05-01T14:15:11.810000,-0.013337
2025-05-01T14:15:11.820000,0.016427
2025-05-01T14:15:11.830000,0.000735
2025-05-01T14:15:11.840000,-0.002029
2025-05-01T14:15:11.850000,0.010166
2025-05-01T14:15:11.860000,0.020930
2025-05-01T14:15:11.870000,-0.008025
2025-05-01T14:15:11.880000,0.007146
2025-05-01T14:15:11.890000,-0.002297
2025-05-01T14:15:11.900000,-0.000422
2025-05-01T14:15:11.910000,-0.007722
2025-05-01T14:15:11.920000,0.017187
2025-05-01T14:15:11.930000,-0.003849
2025-05-01T14:15:11.940000,-0.016601
2025-05-01T14:15:11.950000,0.025502
2025-05-01T14:15:11.960000,0.011029
2025-05-01T14:15:11.970000,0.016270
2025-05-01T14:15:11.980000,-0.011181
2025-05-01T14:15:11.990000,-0.006886
2025-05-01T14:15:12,-0.001626
2025-05-01T14:15:12.010000,-0.001786
2025-05-01T14:15:12.020000,0.001519
2025-05-01T14:15:12.030000,-0.009869
2025-05-01T14:15:12.040000,-0.014552
2025-05-01T14:15:12.050000,0.012058
2025-05-01T14:15:12.060000,-0.015303
2025-05-01T14:15:12.070000,-0.015818
2025-05-01T14:15:12.080000,-0.013870
2025-05-01T14:15:12.090000,-0.017911
2025-05-01T14:15:12.100000,0.007452
2025-05-01T14:15:12.110000,0.004422
2025-05-01T14:15:12.120000,-0.002239
2025-05-01T14:15:12.130000,-0.005016
2025-05-01T14:15:12.140000,0.005648
2025-05-01T14:15:12.150000,-0.016412
2025-05-01T14:15:12.160000,0.002177
2025-05-01T14:15:12.170000,0.013450
2025-05-01T14:15:12.180000,0.008274
2025-05-01T14:15:12.190000,-0.006661
2025-05-01T14:15:12.200000,-0.005025
2025-05-01T14:15:12.210000,0.013547
2025-05-01T14:15:12.220000,-0.022226
2025-05-01T14:15:12.230000,-0.019392
2025-05-01T14:15:12.240000,0.007538
2025-05-01T14:15:12.250000,-0.000291
2025-05-01T14:15:12.260000,-0.011102
2025-05-01T14:15:12.270000,-0.009104
2025-05-01T14:15:12.280000,0.005664
2025-05-01T14:15:12.290000,0.003115
2025-05-01T14:15:12.300000,0.000969
2025-05-01T14:15:12.310000,-0.011975
2025-05-01T14:15:12.320000,-0.022996
2025-05-01T14:15:12.330000,-0.020611
2025-05-01T14:15:12.340000,0.018951
2025-05-01T14:15:12.350000,0.014762
2025-05-01T14:15:12.360000,0.006436
2025-05-01T14:15:12.370000,0.006574
2025-05-01T14:15:12.380000,-0.010497
2025-05-01T14:15:12.390000,-0.017826
2025-05-01T14:15:12.400000,0.006616
2025-05-01T14:15:12.410000,-0.006520
2025-05-01T14:15:12.420000,0.006366
2025-05-01T14:15:12.430000,0.002964
2025-05-01T14:15:12.440000,-0.010683
2025-05-01T14:15:12.450000,-0.006328
2025-05-01T14:15:12.460000,0.001584
2025-05-01T14:15:12.470000,-0.004957
2025-05-01T14:15:12.480000,-0.005944
2025-05-01T14:15:12.490000,0.007155
2025-05-01T14:15:12.500000,0.013880
2025-05-01T14:15:12.510000,-0.000596
2025-05-01T14:15:12.520000,-0.003800
2025-05-01T14:15:12.530000,-0.003268
2025-05-01T14:15:12.540000,0.001726
2025-05-01T14:15:12.550000,0.009273
2025-05-01T14:15:12.560000,0.003745
2025-05-01T14:15:12.570000,0.007191
2025-05-01T14:15:12.580000,-0.007745
2025-05-01T14:15:12.590000,0.001178
2025-05-01T14:15:12.600000,-0.002890
2025-05-01T14:15:12.610000,0.000520
2025-05-01T14:15:12.620000,0.006885
2025-05-01T14:15:12.630000,0.002783
2025-05-01T14:15:12.640000,0.005262
2025-05-01T14:15:12.650000,0.003086
2025-05-01T14:15:12.660000,-0.002318
2025-05-01T14:15:12.670000,-0.003282
2025-05-01T14:15:12.680000,0.002188
2025-05-01T14:15:12.690000,0.008974
2025-05-01T14:15:12.700000,-0.008610
2025-05-01T14:15:12.710000,0.006014
2025-05-01T14:15:12.720000,-0.001468
2025-05-01T14:15:12.730000,-0.000513
2025-05-01T14:15:12.740000,0.001235
2025-05-01T14:15:12.750000,0.004008
2025-05-01T14:15:12.760000,0.015928
2025-05-01T14:15:12.770000,-0.006707
2025-05-01T14:15:12.780000,0.005219
2025-05-01T14:15:12.790000,-0.010241
2025-05-01T14:15:12.800000,0.000995
2025-05-01T14:15:12.810000,-0.000179
2025-05-01T14:15:12.820000,-0.009638
2025-05-01T14:15:12.830000,0.009241
2025-05-01T14:15:12.840000,0.003081
2025-05-01T14:15:12.850000,0.027885
2025-05-01T14:15:12.860000,-0.009890
2025-05-01T14:15:12.870000,0.003292
2025-05-01T14:15:12.880000,-0.002619
2025-05-01T14:15:12.890000,-0.002843
2025-05-01T14:15:12.900000,-0.003854
2025-05-01T14:15:12.910000,-0.013481
2025-05-01T14:15:12.920000,0.009812
2025-05-01T14:15:12.930000,0.014359
2025-05-01T14:15:12.940000,0.011732
2025-05-01T14:15:12.950000,0.008092
2025-05-01T14:15:12.960000,-0.006510
2025-05-01T14:15:12.970000,0.000521
2025-05-01T14:15:12.980000,-0.004960
2025-05-01T14:15:12.990000,-0.012073
2025-05-01T14:15:13,0.014268
2025-05-01T14:15:13.010000,0.013539
2025-05-01T14:15:13.020000,-0.002853
2025-05-01T14:15:13.030000,-0.000927
2025-05-01T14:15:13.040000,0.004748
2025-05-01T14:15:13.050000,0.008190
2025-05-01T14:15:13.060000,0.012664
2025-05-01T14:15:13.070000,0.008230
2025-05-01T14:15:13.080000,-0.000441
2025-05-01T14:15:13.090000,0.003107
2025-05-01T14:15:13.100000,0.010832
2025-05-01T14:15:13.110000,-0.012769
2025-05-01T14:15:13.120000,-0.009551
2025-05-01T14:15:13.130000,0.014569
2025-05-01T14:15:13.140000,-0.001883
2025-05-01T14:15:13.150000,-0.000802
2025-05-01T14:15:13.160000,-0.021037
2025-05-01T14:15:13.170000,-0.001152
2025-05-01T14:15:13.180000,0.015569
2025-05-01T14:15:13.190000,0.010107
2025-05-01T14:15:13.200000,-0.020598
2025-05-01T14:15:13.210000,0.003727
2025-05-01T14:15:13.220000,-0.005961
2025-05-01T14:15:13.230000,0.010857
2025-05-01T14:15:13.240000,-0.007095
2025-05-01T14:15:13.250000,0.019225
2025-05-01T14:15:13.260000,0.003138
2025-05-01T14:15:13.270000,-0.000668
2025-05-01T14:15:13.280000,-0.007760
2025-05-01T14:15:13.290000,-0.011931
2025-05-01T14:15:13.300000,0.009391
2025-05-01T14:15:13.310000,0.002162
2025-05-01T14:15:13.320000,-0.007907
2025-05-01T14:15:13.330000,-0.004597
2025-05-01T14:15:13.340000,0.010500
2025-05-01T14:15:13.350000,-0.005988
2025-05-01T14:15:13.360000,0.015703
2025-05-01T14:15:13.370000,-0.003556
2025-05-01T14:15:13.380000,0.004926
2025-05-01T14:15:13.390000,-0.003755
2025-05-01T14:15:13.400000,0.004712
2025-05-01T14:15:13.410000,0.007258
2025-05-01T14:15:13.420000,-0.012246
2025-05-01T14:15:13.430000,0.001571
2025-05-01T14:15:13.440000,0.010477
2025-05-01T14:15:13.450000,-0.028632
2025-05-01T14:15:13.460000,-0.003864
2025-05-01T14:15:13.470000,-0.015293
2025-05-01T14:15:13.480000,0.002889
2025-05-01T14:15:13.490000,-0.000550
2025-05-01T14:15:13.500000,-0.012674
2025-05-01T14:15:13.510000,0.005687
2025-05-01T14:15:13.520000,0.001826
2025-05-01T14:15:13.530000,0.000860
2025-05-01T14:15:13.540000,-0.009298
2025-05-01T14:15:13.550000,-0.017413
2025-05-01T14:15:13.560000,0.001930
2025-05-01T14:15:13.570000,0.004991
2025-05-01T14:15:13.580000,-0.001265
2025-05-01T14:15:13.590000,0.007942
2025-05-01T14:15:13.600000,-0.010049
2025-05-01T14:15:13.610000,-0.004899
2025-05-01T14:15:13.620000,-0.002511
2025-05-01T14:15:13.630000,0.011798
2025-05-01T14:15:13.640000,0.000549
2025-05-01T14:15:13.650000,0.000429
2025-05-01T14:15:13.660000,-0.004220
2025-05-01T14:15:13.670000,0.012594
2025-05-01T14:15:13.680000,-0.002463
2025-05-01T14:15:13.690000,-0.019309
2025-05-01T14:15:13.700000,0.001656
2025-05-01T14:15:13.710000,-0.003861
2025-05-01T14:15:13.720000,0.002341
2025-05-01T14:15:13.730000,0.007078
2025-05-01T14:15:13.740000,-0.020861
2025-05-01T14:15:13.750000,-0.011366
2025-05-01T14:15:13.760000,-0.003158
2025-05-01T14:15:13.770000,-0.012809
2025-05-01T14:15:13.780000,0.003443
2025-05-01T14:15:13.790000,0.000835
2025-05-01T14:15:13.800000,-0.005195
2025-05-01T14:15:13.810000,-0.018730
2025-05-01T14:15:13.820000,-0.007791
2025-05-01T14:15:13.830000,0.004887
2025-05-01T14:15:13.840000,-0.010398
2025-05-01T14:15:13.850000,-0.001204
2025-05-01T14:15:13.860000,-0.005818
2025-05-01T14:15:13.870000,0.009175
2025-05-01T14:15:13.880000,-0.010493
2025-05-01T14:15:13.890000,0.003991
2025-05-01T14:15:13.900000,-0.005817
2025-05-01T14:15:13.910000,-0.001043
2025-05-01T14:15:13.920000,-0.003861
2025-05-01T14:15:13.930000,0.010257
2025-05-01T14:15:13.940000,-0.005828
2025-05-01T14:15:13.950000,0.008289
2025-05-01T14:15:13.960000,0.004951
2025-05-01T14:15:13.970000,0.022309
2025-05-01T14:15:13.980000,-0.001321
2025-05-01T14:15:13.990000,-0.007343
2025-05-01T14:15:14,-0.019834
2025-05-01T14:15:14.010000,0.003444
2025-05-01T14:15:14.020000,-0.012993
2025-05-01T14:15:14.030000,0.006814
2025-05-01T14:15:14.040000,0.004796
2025-05-01T14:15:14.050000,-0.000551
2025-05-01T14:15:14.060000,0.001865
2025-05-01T14:15:14.070000,-0.001581
2025-05-01T14:15:14.080000,0.003739
2025-05-01T14:15:14.090000,-0.004119
2025-05-01T14:15:14.100000,-0.007885
2025-05-01T14:15:14.110000,-0.002378
2025-05-01T14:15:14.120000,0.001756
2025-05-01T14:15:14.130000,-0.011635
2025-05-01T14:15:14.140000,-0.006885
2025-05-01T14:15:14.150000,0.011926
2025-05-01T14:15:14.160000,0.015025
2025-05-01T14:15:14.170000,0.009756
2025-05-01T14:15:14.180000,-0.006671
2025-05-01T14:15:14.190000,-0.004726
2025-05-01T14:15:14.200000,-0.007229
2025-05-01T14:15:14.210000,-0.009907
2025-05-01T14:15:14.220000,-0.020877
2025-05-01T14:15:14.230000,-0.011823
2025-05-01T14:15:14.240000,0.005623
2025-05-01T14:15:14.250000,-0.005359
2025-05-01T14:15:14.260000,-0.005126
2025-05-01T14:15:14.270000,0.001998
2025-05-01T14:15:14.280000,-0.005973
2025-05-01T14:15:14.290000,0.002302
2025-05-01T14:15:14.300000,0.005796
2025-05-01T14:15:14.310000,-0.024307
2025-05-01T14:15:14.320000,-0.003758
2025-05-01T14:15:14.330000,-0.003511
2025-05-01T14:15:14.340000,-0.015284
2025-05-01T14:15:14.350000,0.000907
2025-05-01T14:15:14.360000,-0.002161
2025-05-01T14:15:14.370000,-0.004610
2025-05-01T14:15:14.380000,-0.005631
2025-05-01T14:15:14.390000,-0.000188
2025-05-01T14:15:14.400000,0.005683
2025-05-01T14:15:14.410000,0.000581
2025-05-01T14:15:14.420000,0.004839
2025-05-01T14:15:14.430000,0.015608
2025-05-01T14:15:14.440000,-0.003246
2025-05-01T14:15:14.450000,0.008312
2025-05-01T14:15:14.460000,0.000226
2025-05-01T14:15:14.470000,-0.019098
2025-05-01T14:15:14.480000,0.018623
2025-05-01T14:15:14.490000,-0.010714
2025-05-01T14:15:14.500000,0.014728
2025-05-01T14:15:14.510000,0.015074
2025-05-01T14:15:14.520000,-0.006137
2025-05-01T14:15:14.530000,0.003274
2025-05-01T14:15:14.540000,-0.025132
2025-05-01T14:15:14.550000,0.010201
2025-05-01T14:15:14.560000,-0.007112
2025-05-01T14:15:14.570000,0.001843
2025-05-01T14:15:14.580000,0.009630
2025-05-01T14:15:14.590000,0.029123
2025-05-01T14:15:14.600000,-0.018771
2025-05-01T14:15:14.610000,0.002458
2025-05-01T14:15:14.620000,-0.012236
2025-05-01T14:15:14.630000,-0.004711
2025-05-01T14:15:14.640000,0.017686
2025-05-01T14:15:14.650000,0.004343
2025-05-01T14:15:14.660000,0.003462
2025-05-01T14:15:14.670000,-0.010947
2025-05-01T14:15:14.680000,0.015846
2025-05-01T14:15:14.690000,0.013639
2025-05-01T14:15:14.700000,-0.019718
2025-05-01T14:15:14.710000,0.009736
2025-05-01T14:15:14.720000,-0.001738
2025-05-01T14:15:14.730000,0.004055
2025-05-01T14:15:14.740000,-0.004026
2025-05-01T14:15:14.750000,0.001332
2025-05-01T14:15:14.760000,-0.002812
2025-05-01T14:15:14.770000,0.002958
2025-05-01T14:15:14.780000,-0.009458
2025-05-01T14:15:14.790000,-0.006165
2025-05-01T14:15:14.800000,0.015549
2025-05-01T14:15:14.810000,-0.009757
2025-05-01T14:15:14.820000,0.011778
2025-05-01T14:15:14.830000,-0.008780
2025-05-01T14:15:14.840000,-0.002523
2025-05-01T14:15:14.850000,-0.001408
2025-05-01T14:15:14.860000,-0.007214
2025-05-01T14:15:14.870000,-0.002891
2025-05-01T14:15:14.880000,-0.001253
2025-05-01T14:15:14.890000,0.001143
2025-05-01T14:15:14.900000,0.014702
2025-05-01T14:15:14.910000,-0.010493
2025-05-01T14:15:14.920000,-0.016927
2025-05-01T14:15:14.930000,-0.008241
2025-05-01T14:15:14.940000,-0.004101
2025-05-01T14:15:14.950000,-0.004132
2025-05-01T14:15:14.960000,-0.001980
2025-05-01T14:15:14.970000,-0.010591
2025-05-01T14:15:14.980000,-0.001456
2025-05-01T14:15:14.990000,-0.019537
2025-05-01T14:15:15,0.002522
2025-05-01T14:15:15.010000,0.004017
2025-05-01T14:15:15.020000,-0.005480
2025-05-01T14:15:15.030000,0.004935
2025-05-01T14:15:15.040000,0.010845
2025-05-01T14:15:15.050000,0.017931
2025-05-01T14:15:15.060000,-0.001354
2025-05-01T14:15:15.070000,-0.016226
2025-05-01T14:15:15.080000,-0.005026
2025-05-01T14:15:15.090000,-0.003804
2025-05-01T14:15:15.100000,-0.004920
2025-05-01T14:15:15.110000,0.016667
2025-05-01T14:15:15.120000,0.010710
2025-05-01T14:15:15.130000,-0.002516
2025-05-01T14:15:15.140000,-0.005510
2025-05-01T14:15:15.150000,0.011189
2025-05-01T14:15:15.160000,0.002280
2025-05-01T14:15:15.170000,-0.008991
2025-05-01T14:15:15.180000,-0.012889
2025-05-01T14:15:15.190000,-0.004697
2025-05-01T14:15:15.200000,0.003329
2025-05-01T14:15:15.210000,0.007982
2025-05-01T14:15:15.220000,0.003165
2025-05-01T14:15:15.230000,0.007096
2025-05-01T14:15:15.240000,-0.007023
2025-05-01T14:15:15.250000,0.011350
2025-05-01T14:15:15.260000,0.003988
2025-05-01T14:15:15.270000,-0.005599
2025-05-01T14:15:15.280000,-0.018897
2025-05-01T14:15:15.290000,0.002285
2025-05-01T14:15:15.300000,-0.004518
2025-05-01T14:15:15.310000,-0.002863
2025-05-01T14:15:15.320000,-0.017814
2025-05-01T14:15:15.330000,-0.008158
2025-05-01T14:15:15.340000,-0.007136
2025-05-01T14:15:15.350000,0.008007
2025-05-01T14:15:15.360000,-0.000106
2025-05-01T14:15:15.370000,0.000675
2025-05-01T14:15:15.380000,-0.000348
2025-05-01T14:15:15.390000,-0.001382
2025-05-01T14:15:15.400000,-0.014270
2025-05-01T14:15:15.410000,0.019184
2025-05-01T14:15:15.420000,-0.007329
2025-05-01T14:15:15.430000,-0.021567
2025-05-01T14:15:15.440000,-0.009212
2025-05-01T14:15:15.450000,-0.001998
2025-05-01T14:15:15.460000,0.009811
2025-05-01T14:15:15.470000,-0.008691
2025-05-01T14:15:15.480000,-0.002159
2025-05-01T14:15:15.490000,0.004972
2025-05-01T14:15:15.500000,-0.005257
2025-05-01T14:15:15.510000,-0.014754
2025-05-01T14:15:15.520000,0.003628
2025-05-01T14:15:15.530000,0.017497
2025-05-01T14:15:15.540000,-0.020971
2025-05-01T14:15:15.550000,0.001445
2025-05-01T14:15:15.560000,-0.009259
2025-05-01T14:15:15.570000,0.004614
2025-05-01T14:15:15.580000,0.008925
2025-05-01T14:15:15.590000,-0.004919
2025-05-01T14:15:15.600000,0.001223
2025-05-01T14:15:15.610000,0.005974
2025-05-01T14:15:15.620000,0.019048
2025-05-01T14:15:15.630000,-0.016208
2025-05-01T14:15:15.640000,0.016020
2025-05-01T14:15:15.650000,0.005915
2025-05-01T14:15:15.660000,-0.002915
2025-05-01T14:15:15.670000,-0.000581
2025-05-01T14:15:15.680000,0.002678
2025-05-01T14:15:15.690000,0.013336
2025-05-01T14:15:15.700000,-0.000917
2025-05-01T14:15:15.710000,0.006867
2025-05-01T14:15:15.720000,0.011186
2025-05-01T14:15:15.730000,0.017056
2025-05-01T14:15:15.740000,-0.002271
2025-05-01T14:15:15.750000,-0.003685
2025-05-01T14:15:15.760000,0.010767
2025-05-01T14:15:15.770000,-0.012564
2025-05-01T14:15:15.780000,-0.002173
2025-05-01T14:15:15.790000,0.009727
2025-05-01T14:15:15.800000,-0.007822
2025-05-01T14:15:15.810000,-0.003178
2025-05-01T14:15:15.820000,0.001340
2025-05-01T14:15:15.830000,-0.006103
2025-05-01T14:15:15.840000,-0.006801
2025-05-01T14:15:15.850000,0.013510
2025-05-01T14:15:15.860000,-0.013971
2025-05-01T14:15:15.870000,0.005289
2025-05-01T14:15:15.880000,-0.001043
2025-05-01T14:15:15.890000,0.014180
2025-05-01T14:15:15.900000,-0.005014
2025-05-01T14:15:15.910000,-0.007540
2025-05-01T14:15:15.920000,-0.015699
2025-05-01T14:15:15.930000,0.000445
2025-05-01T14:15:15.940000,0.003505
2025-05-01T14:15:15.950000,-0.005862
2025-05-01T14:15:15.960000,-0.010431
2025-05-01T14:15:15.970000,-0.016022
2025-05-01T14:15:15.980000,0.002604
2025-05-01T14:15:15.990000,-0.003266
2025-05-01T14:15:16,-0.009203
2025-05-01T14:15:16.010000,-0.006254
2025-05-01T14:15:16.020000,0.004757
2025-05-01T14:15:16.030000,0.008263
2025-05-01T14:15:16.040000,-0.003102
2025-05-01T14:15:16.050000,-0.007983
2025-05-01T14:15:16.060000,-0.009603
2025-05-01T14:15:16.070000,-0.001695
2025-05-01T14:15:16.080000,-0.011608
2025-05-01T14:15:16.090000,-0.015812
2025-05-01T14:15:16.100000,-0.006086
2025-05-01T14:15:16.110000,0.010423
2025-05-01T14:15:16.120000,-0.005188
2025-05-01T14:15:16.130000,-0.013780
2025-05-01T14:15:16.140000,-0.005533
2025-05-01T14:15:16.150000,0.013170
2025-05-01T14:15:16.160000,-0.011773
2025-05-01T14:15:16.170000,-0.017120
2025-05-01T14:15:16.180000,-0.015469
2025-05-01T14:15:16.190000,0.006819
2025-05-01T14:15:16.200000,0.009055
2025-05-01T14:15:16.210000,0.010930
2025-05-01T14:15:16.220000,-0.011978
2025-05-01T14:15:16.230000,-0.001157
2025-05-01T14:15:16.240000,-0.008717
2025-05-01T14:15:16.250000,-0.005244
2025-05-01T14:15:16.260000,0.000907
2025-05-01T14:15:16.270000,-0.001676
2025-05-01T14:15:16.280000,-0.009462
2025-05-01T14:15:16.290000,0.012411
2025-05-01T14:15:16.300000,0.014564
2025-05-01T14:15:16.310000,0.004257
2025-05-01T14:15:16.320000,0.002436
2025-05-01T14:15:16.330000,-0.008362
2025-05-01T14:15:16.340000,0.004376
2025-05-01T14:15:16.350000,-0.002255
2025-05-01T14:15:16.360000,0.007161
2025-05-01T14:15:16.370000,-0.005395
2025-05-01T14:15:16.380000,0.000258
2025-05-01T14:15:16.390000,0.001750
2025-05-01T14:15:16.400000,-0.005401
2025-05-01T14:15:16.410000,0.014822
2025-05-01T14:15:16.420000,0.006778
2025-05-01T14:15:16.430000,0.005664
2025-05-01T14:15:16.440000,-0.004698
2025-05-01T14:15:16.450000,0.005060
2025-05-01T14:15:16.460000,0.005536
2025-05-01T14:15:16.470000,-0.004191
2025-05-01T14:15:16.480000,-0.001655
2025-05-01T14:15:16.490000,0.012461
2025-05-01T14:15:16.500000,0.007606
2025-05-01T14:15:16.510000,0.010024
2025-05-01T14:15:16.520000,0.004089
2025-05-01T14:15:16.530000,0.000785
2025-05-01T14:15:16.540000,-0.014328
2025-05-01T14:15:16.550000,-0.010988
2025-05-01T14:15:16.560000,0.006428
2025-05-01T14:15:16.570000,-0.003329
2025-05-01T14:15:16.580000,0.012648
2025-05-01T14:15:16.590000,0.005681
2025-05-01T14:15:16.600000,-0.017488
2025-05-01T14:15:16.610000,-0.010584
2025-05-01T14:15:16.620000,0.009228
2025-05-01T14:15:16.630000,0.005676
2025-05-01T14:15:16.640000,-0.010462
2025-05-01T14:15:16.650000,0.007014
2025-05-01T14:15:16.660000,-0.021261
2025-05-01T14:15:16.670000,-0.008321
2025-05-01T14:15:16.680000,-0.013265
2025-05-01T14:15:16.690000,-0.006742
2025-05-01T14:15:16.700000,-0.005008
2025-05-01T14:15:16.710000,0.002367
2025-05-01T14:15:16.720000,-0.021368
2025-05-01T14:15:16.730000,0.001734
2025-05-01T14:15:16.740000,0.003249
2025-05-01T14:15:16.750000,0.030753
2025-05-01T14:15:16.760000,-0.014593
2025-05-01T14:15:16.770000,0.015860
2025-05-01T14:15:16.780000,0.005180
2025-05-01T14:15:16.790000,-0.009547
2025-05-01T14:15:16.800000,-0.017478
2025-05-01T14:15:16.810000,0.000891
2025-05-01T14:15:16.820000,-0.016033
2025-05-01T14:15:16.830000,0.025987
2025-05-01T14:15:16.840000,-0.014101
2025-05-01T14:15:16.850000,0.005772
2025-05-01T14:15:16.860000,0.000610
2025-05-01T14:15:16.870000,0.011311
2025-05-01T14:15:16.880000,-0.009122
2025-05-01T14:15:16.890000,-0.005557
2025-05-01T14:15:16.900000,0.001077
2025-05-01T14:15:16.910000,0.005803
2025-05-01T14:15:16.920000,0.009672
2025-05-01T14:15:16.930000,0.002119
2025-05-01T14:15:16.940000,0.011122
2025-05-01T14:15:16.950000,-0.000983
2025-05-01T14:15:16.960000,-0.006285
2025-05-01T14:15:16.970000,0.004580
2025-05-01T14:15:16.980000,-0.000964
2025-05-01T14:15:16.990000,0.007637
2025-05-01T14:15:17,-0.009551
2025-05-01T14:15:17.010000,0.012079
2025-05-01T14:15:17.020000,0.005378
2025-05-01T14:15:17.030000,0.008584
2025-05-01T14:15:17.040000,-0.018919
2025-05-01T14:15:17.050000,0.015676
2025-05-01T14:15:17.060000,-0.003908
2025-05-01T14:15:17.070000,0.002941
2025-05-01T14:15:17.080000,0.002221
2025-05-01T14:15:17.090000,-0.013178
2025-05-01T14:15:17.100000,0.005459
2025-05-01T14:15:17.110000,-0.004844
2025-05-01T14:15:17.120000,-0.009632
2025-05-01T14:15:17.130000,0.003565
2025-05-01T14:15:17.140000,-0.006601
2025-05-01T14:15:17.150000,0.000867
2025-05-01T14:15:17.160000,-0.003641
2025-05-01T14:15:17.170000,0.000879
2025-05-01T14:15:17.180000,0.000884
2025-05-01T14:15:17.190000,0.001153
2025-05-01T14:15:17.200000,-0.002823
2025-05-01T14:15:17.210000,-0.015643
2025-05-01T14:15:17.220000,0.002241
2025-05-01T14:15:17.230000,-0.007945
2025-05-01T14:15:17.240000,0.008944
2025-05-01T14:15:17.250000,0.001474
2025-05-01T14:15:17.260000,-0.011498
2025-05-01T14:15:17.270000,0.010273
2025-05-01T14:15:17.280000,0.018041
2025-05-01T14:15:17.290000,-0.004738
2025-05-01T14:15:17.300000,0.008259
2025-05-01T14:15:17.310000,0.000849
2025-05-01T14:15:17.320000,0.007952
2025-05-01T14:15:17.330000,0.008346
2025-05-01T14:15:17.340000,-0.006558
2025-05-01T14:15:17.350000,-0.016805
2025-05-01T14:15:17.360000,-0.009621
2025-05-01T14:15:17.370000,-0.004748
2025-05-01T14:15:17.380000,-0.002144
2025-05-01T14:15:17.390000,0.002439
2025-05-01T14:15:17.400000,-0.008293
2025-05-01T14:15:17.410000,-0.010658
2025-05-01T14:15:17.420000,0.001616
2025-05-01T14:15:17.430000,-0.013706
2025-05-01T14:15:17.440000,-0.005720
2025-05-01T14:15:17.450000,0.008642
2025-05-01T14:15:17.460000,0.001133
2025-05-01T14:15:17.470000,-0.000995
2025-05-01T14:15:17.480000,0.015395
2025-05-01T14:15:17.490000,0.006129
2025-05-01T14:15:17.500000,-0.005048
2025-05-01T14:15:17.510000,-0.004496
2025-05-01T14:15:17.520000,0.014162
2025-05-01T14:15:17.530000,-0.001998
2025-05-01T14:15:17.540000,0.013490
2025-05-01T14:15:17.550000,-0.008499
2025-05-01T14:15:17.560000,-0.003252
2025-05-01T14:15:17.570000,0.010532
2025-05-01T14:15:17.580000,0.000897
2025-05-01T14:15:17.590000,0.007891
2025-05-01T14:15:17.600000,-0.004344
2025-05-01T14:15:17.610000,-0.002949
2025-05-01T14:15:17.620000,-0.011052
2025-05-01T14:15:17.630000,0.009174
2025-05-01T14:15:17.640000,0.006261
2025-05-01T14:15:17.650000,-0.001321
2025-05-01T14:15:17.660000,0.005693
2025-05-01T14:15:17.670000,-0.006758
2025-05-01T14:15:17.680000,0.013132
2025-05-01T14:15:17.690000,0.004548
2025-05-01T14:15:17.700000,-0.012173
2025-05-01T14:15:17.710000,0.000705
2025-05-01T14:15:17.720000,0.013046
2025-05-01T14:15:17.730000,-0.003318
2025-05-01T14:15:17.740000,0.009949
2025-05-01T14:15:17.750000,0.001724
2025-05-01T14:15:17.760000,0.009601
2025-05-01T14:15:17.770000,-0.015378
2025-05-01T14:15:17.780000,0.040241
2025-05-01T14:15:17.790000,0.004719
2025-05-01T14:15:17.800000,-0.007080
2025-05-01T14:15:17.810000,0.012329
2025-05-01T14:15:17.820000,-0.010153
2025-05-01T14:15:17.830000,-0.000510
2025-05-01T14:15:17.840000,-0.013730
2025-05-01T14:15:17.850000,0.008272
2025-05-01T14:15:17.860000,0.002770
2025-05-01T14:15:17.870000,0.003793
2025-05-01T14:15:17.880000,0.005147
2025-05-01T14:15:17.890000,-0.016184
2025-05-01T14:15:17.900000,-0.014701
2025-05-01T14:15:17.910000,0.004846
2025-05-01T14:15:17.920000,0.009586
2025-05-01T14:15:17.930000,0.004590
2025-05-01T14:15:17.940000,0.007636
2025-05-01T14:15:17.950000,-0.007798
2025-05-01T14:15:17.960000,-0.005686
2025-05-01T14:15:17.970000,-0.009928
2025-05-01T14:15:17.980000,-0.001688
2025-05-01T14:15:17.990000,-0.002694
2025-05-01T14:15:18,0.005873
2025-05-01T14:15:18.010000,0.007214
2025-05-01T14:15:18.020000,-0.018353
2025-05-01T14:15:18.030000,0.014101
2025-05-01T14:15:18.040000,-0.005920
2025-05-01T14:15:18.050000,0.004357
2025-05-01T14:15:18.060000,0.004117
2025-05-01T14:15:18.070000,0.008603
2025-05-01T14:15:18.080000,0.015305
2025-05-01T14:15:18.090000,0.003510
2025-05-01T14:15:18.100000,-0.001755
2025-05-01T14:15:18.110000,-0.011841
2025-05-01T14:15:18.120000,0.001053
2025-05-01T14:15:18.130000,-0.015145
2025-05-01T14:15:18.140000,-0.017035
2025-05-01T14:15:18.150000,-0.004650
2025-05-01T14:15:18.160000,-0.009363
2025-05-01T14:15:18.170000,-0.008771
2025-05-01T14:15:18.180000,0.003922
2025-05-01T14:15:18.190000,-0.005856
2025-05-01T14:15:18.200000,-0.005565
2025-05-01T14:15:18.210000,-0.011400
2025-05-01T14:15:18.220000,-0.010278
2025-05-01T14:15:18.230000,-0.020449
2025-05-01T14:15:18.240000,-0.000057
2025-05-01T14:15:18.250000,-0.007871
2025-05-01T14:15:18.260000,0.002624
2025-05-01T14:15:18.270000,-0.004838
2025-05-01T14:15:18.280000,0.016343
2025-05-01T14:15:18.290000,-0.011757
2025-05-01T14:15:18.300000,-0.009180
2025-05-01T14:15:18.310000,0.007570
2025-05-01T14:15:18.320000,0.002490
2025-05-01T14:15:18.330000,-0.008194
2025-05-01T14:15:18.340000,0.002901
2025-05-01T14:15:18.350000,-0.007015
2025-05-01T14:15:18.360000,0.011880
2025-05-01T14:15:18.370000,-0.013999
2025-05-01T14:15:18.380000,-0.008734
2025-05-01T14:15:18.390000,-0.006056
2025-05-01T14:15:18.400000,0.002020
2025-05-01T14:15:18.410000,-0.006193
2025-05-01T14:15:18.420000,-0.012837
2025-05-01T14:15:18.430000,0.011763
2025-05-01T14:15:18.440000,0.005755
2025-05-01T14:15:18.450000,0.007906
2025-05-01T14:15:18.460000,0.010265
2025-05-01T14:15:18.470000,-0.005263
2025-05-01T14:15:18.480000,-0.007662
2025-05-01T14:15:18.490000,-0.013146
2025-05-01T14:15:18.500000,0.001673
2025-05-01T14:15:18.510000,0.006153
2025-05-01T14:15:18.520000,0.009028
2025-05-01T14:15:18.530000,-0.004595
2025-05-01T14:15:18.540000,0.000411
2025-05-01T14:15:18.550000,0.009441
2025-05-01T14:15:18.560000,0.018347
2025-05-01T14:15:18.570000,-0.003690
2025-05-01T14:15:18.580000,-0.019435
2025-05-01T14:15:18.590000,-0.000299
2025-05-01T14:15:18.600000,-0.003139
2025-05-01T14:15:18.610000,0.000387
2025-05-01T14:15:18.620000,-0.007989
2025-05-01T14:15:18.630000,-0.001183
2025-05-01T14:15:18.640000,-0.002698
2025-05-01T14:15:18.650000,0.013808
2025-05-01T14:15:18.660000,0.004467
2025-05-01T14:15:18.670000,0.004439
2025-05-01T14:15:18.680000,-0.004545
2025-05-01T14:15:18.690000,0.002676
2025-05-01T14:15:18.700000,-0.003434
2025-05-01T14:15:18.710000,0.027113
2025-05-01T14:15:18.720000,0.010328
2025-05-01T14:15:18.730000,-0.008915
2025-05-01T14:15:18.740000,0.005390
2025-05-01T14:15:18.750000,0.006089
2025-05-01T14:15:18.760000,-0.012850
2025-05-01T14:15:18.770000,0.002985
2025-05-01T14:15:18.780000,-0.001086
2025-05-01T14:15:18.790000,-0.010152
2025-05-01T14:15:18.800000,-0.002586
2025-05-01T14:15:18.810000,0.021423
2025-05-01T14:15:18.820000,-0.002069
2025-05-01T14:15:18.830000,0.005440
2025-05-01T14:15:18.840000,0.006506
2025-05-01T14:15:18.850000,0.018781
2025-05-01T14:15:18.860000,0.012764
2025-05-01T14:15:18.870000,-0.005388
2025-05-01T14:15:18.880000,0.002303
2025-05-01T14:15:18.890000,-0.003148
2025-05-01T14:15:18.900000,0.011566
2025-05-01T14:15:18.910000,-0.000420
2025-05-01T14:15:18.920000,0.002043
2025-05-01T14:15:18.930000,-0.002152
2025-05-01T14:15:18.940000,-0.002568
2025-05-01T14:15:18.950000,0.008193
2025-05-01T14:15:18.960000,-0.008181
2025-05-01T14:15:18.970000,0.003418
2025-05-01T14:15:18.980000,0.001697
2025-05-01T14:15:18.990000,-0.019650
2025-05-01T14:15:19,0.011800
2025-05-01T14:15:19.010000,0.010637
2025-05-01T14:15:19.020000,-0.008326
2025-05-01T14:15:19.030000,0.008779
2025-05-01T14:15:19.040000,0.014161
2025-05-01T14:15:19.050000,-0.017928
2025-05-01T14:15:19.060000,-0.002209
2025-05-01T14:15:19.070000,0.022213
2025-05-01T14:15:19.080000,-0.005130
2025-05-01T14:15:19.090000,-0.005663
2025-05-01T14:15:19.100000,0.005811
2025-05-01T14:15:19.110000,0.003774
2025-05-01T14:15:19.120000,0.000129
2025-05-01T14:15:19.130000,-0.001000
2025-05-01T14:15:19.140000,-0.015308
2025-05-01T14:15:19.150000,-0.000717
2025-05-01T14:15:19.160000,-0.004904
2025-05-01T14:15:19.170000,-0.006277
2025-05-01T14:15:19.180000,-0.010511
2025-05-01T14:15:19.190000,-0.010821
2025-05-01T14:15:19.200000,-0.006756
2025-05-01T14:15:19.210000,0.005558
2025-05-01T14:15:19.220000,0.016545
2025-05-01T14:15:19.230000,0.002461
2025-05-01T14:15:19.240000,-0.006273
2025-05-01T14:15:19.250000,-0.003553
2025-05-01T14:15:19.260000,-0.005975
2025-05-01T14:15:19.270000,-0.000806
2025-05-01T14:15:19.280000,0.008672
2025-05-01T14:15:19.290000,-0.006054
2025-05-01T14:15:19.300000,0.011533
2025-05-01T14:15:19.310000,-0.016090
2025-05-01T14:15:19.320000,0.014199
2025-05-01T14:15:19.330000,0.014704
2025-05-01T14:15:19.340000,0.000291
2025-05-01T14:15:19.350000,-0.005210
2025-05-01T14:15:19.360000,0.001826
2025-05-01T14:15:19.370000,-0.002034
2025-05-01T14:15:19.380000,0.007584
2025-05-01T14:15:19.390000,-0.000720
2025-05-01T14:15:19.400000,-0.001308
2025-05-01T14:15:19.410000,0.012539
2025-05-01T14:15:19.420000,0.021193
2025-05-01T14:15:19.430000,-0.006951
2025-05-01T14:15:19.440000,0.015504
2025-05-01T14:15:19.450000,0.013727
2025-05-01T14:15:19.460000,0.017979
2025-05-01T14:15:19.470000,0.011116
2025-05-01T14:15:19.480000,0.008553
2025-05-01T14:15:19.490000,-0.009583
2025-05-01T14:15:19.500000,0.008820
2025-05-01T14:15:19.510000,-0.007505
2025-05-01T14:15:19.520000,0.010231
2025-05-01T14:15:19.530000,0.004975
2025-05-01T14:15:19.540000,0.010144
2025-05-01T14:15:19.550000,-0.005333
2025-05-01T14:15:19.560000,-0.005774
2025-05-01T14:15:19.570000,-0.008131
2025-05-01T14:15:19.580000,-0.010109
2025-05-01T14:15:19.590000,-0.011250
2025-05-01T14:15:19.600000,0.012013
2025-05-01T14:15:19.610000,-0.005530
2025-05-01T14:15:19.620000,0.011226
2025-05-01T14:15:19.630000,0.005282
2025-05-01T14:15:19.640000,0.005864
2025-05-01T14:15:19.650000,0.008875
2025-05-01T14:15:19.660000,-0.005750
2025-05-01T14:15:19.670000,-0.003046
2025-05-01T14:15:19.680000,0.006302
2025-05-01T14:15:19.690000,-0.013523
2025-05-01T14:15:19.700000,-0.010038
2025-05-01T14:15:19.710000,0.001212
2025-05-01T14:15:19.720000,-0.001745
2025-05-01T14:15:19.730000,0.012076
2025-05-01T14:15:19.740000,0.008779
2025-05-01T14:15:19.750000,0.008614
2025-05-01T14:15:19.760000,0.001389
2025-05-01T14:15:19.770000,0.014224
2025-05-01T14:15:19.780000,0.001251
2025-05-01T14:15:19.790000,-0.013995
2025-05-01T14:15:19.800000,0.019016
2025-05-01T14:15:19.810000,0.015562
2025-05-01T14:15:19.820000,0.011202
2025-05-01T14:15:19.830000,0.009209
2025-05-01T14:15:19.840000,0.001247
2025-05-01T14:15:19.850000,-0.001112
2025-05-01T14:15:19.860000,-0.022545
2025-05-01T14:15:19.870000,0.007964
2025-05-01T14:15:19.880000,-0.001168
2025-05-01T14:15:19.890000,-0.004406
2025-05-01T14:15:19.900000,-0.006232
2025-05-01T14:15:19.910000,0.011892
2025-05-01T14:15:19.920000,0.011684
2025-05-01T14:15:19.930000,0.011774
2025-05-01T14:15:19.940000,0.004256
2025-05-01T14:15:19.950000,-0.014310
2025-05-01T14:15:19.960000,-0.003600
2025-05-01T14:15:19.970000,-0.010539
2025-05-01T14:15:19.980000,0.003001
2025-05-01T14:15:19.990000,0.002823
2025-05-01T14:15:20,0.020080
2025-05-01T14:15:20.010000,-0.015017
2025-05-01T14:15:20.020000,-0.001690
2025-05-01T14:15:20.030000,-0.001121
2025-05-01T14:15:20.040000,-0.003411
2025-05-01T14:15:20.050000,0.003722
2025-05-01T14:15:20.060000,0.006884
2025-05-01T14:15:20.070000,0.001293
2025-05-01T14:15:20.080000,-0.018823
2025-05-01T14:15:20.090000,-0.005978
2025-05-01T14:15:20.100000,-0.015815
2025-05-01T14:15:20.110000,0.009279
2025-05-01T14:15:20.120000,0.013298
2025-05-01T14:15:20.130000,0.004957
2025-05-01T14:15:20.140000,0.007688
2025-05-01T14:15:20.150000,0.003679
2025-05-01T14:15:20.160000,-0.009987
2025-05-01T14:15:20.170000,-0.014074
2025-05-01T14:15:20.180000,0.010889
2025-05-01T14:15:20.190000,-0.004404
2025-05-01T14:15:20.200000,0.004589
2025-05-01T14:15:20.210000,-0.009843
2025-05-01T14:15:20.220000,0.007501
2025-05-01T14:15:20.230000,-0.009793
2025-05-01T14:15:20.240000,0.003647
2025-05-01T14:15:20.250000,0.014336
2025-05-01T14:15:20.260000,-0.000368
2025-05-01T14:15:20.270000,0.013377
2025-05-01T14:15:20.280000,-0.009134
2025-05-01T14:15:20.290000,0.007245
2025-05-01T14:15:20.300000,0.003923
2025-05-01T14:15:20.310000,0.011780
2025-05-01T14:15:20.320000,0.009967
2025-05-01T14:15:20.330000,-0.015971
2025-05-01T14:15:20.340000,0.016405
2025-05-01T14:15:20.350000,-0.001602
2025-05-01T14:15:20.360000,0.018136
2025-05-01T14:15:20.370000,-0.005408
2025-05-01T14:15:20.380000,0.012910
2025-05-01T14:15:20.390000,0.004772
2025-05-01T14:15:20.400000,0.011521
2025-05-01T14:15:20.410000,-0.020861
2025-05-01T14:15:20.420000,0.013347
2025-05-01T14:15:20.430000,0.008381
2025-05-01T14:15:20.440000,0.006568
2025-05-01T14:15:20.450000,-0.012133
2025-05-01T14:15:20.460000,-0.008762
2025-05-01T14:15:20.470000,0.012216
2025-05-01T14:15:20.480000,0.006986
2025-05-01T14:15:20.490000,0.005500
2025-05-01T14:15:20.500000,0.001451
2025-05-01T14:15:20.510000,0.009687
2025-05-01T14:15:20.520000,0.001865
2025-05-01T14:15:20.530000,0.011717
2025-05-01T14:15:20.540000,0.000145
2025-05-01T14:15:20.550000,-0.005671
2025-05-01T14:15:20.560000,-0.000499
2025-05-01T14:15:20.570000,-0.008473
2025-05-01T14:15:20.580000,-0.004235
2025-05-01T14:15:20.590000,0.022029
2025-05-01T14:15:20.600000,0.002614
2025-05-01T14:15:20.610000,0.012207
2025-05-01T14:15:20.620000,0.003673
2025-05-01T14:15:20.630000,-0.010251
2025-05-01T14:15:20.640000,0.013087
2025-05-01T14:15:20.650000,0.004511
2025-05-01T14:15:20.660000,-0.002246
2025-05-01T14:15:20.670000,-0.000859
2025-05-01T14:15:20.680000,0.000091
2025-05-01T14:15:20.690000,0.012393
2025-05-01T14:15:20.700000,0.003702
2025-05-01T14:15:20.710000,0.002132
2025-05-01T14:15:20.720000,-0.025604
2025-05-01T14:15:20.730000,0.003549
2025-05-01T14:15:20.740000,0.017286
2025-05-01T14:15:20.750000,0.007624
2025-05-01T14:15:20.760000,0.002112
2025-05-01T14:15:20.770000,-0.005071
2025-05-01T14:15:20.780000,-0.004334
2025-05-01T14:15:20.790000,0.005234
2025-05-01T14:15:20.800000,-0.010704
2025-05-01T14:15:20.810000,0.004704
2025-05-01T14:15:20.820000,0.000491
2025-05-01T14:15:20.830000,-0.008644
2025-05-01T14:15:20.840000,0.000867
2025-05-01T14:15:20.850000,-0.006381
2025-05-01T14:15:20.860000,0.019060
2025-05-01T14:15:20.870000,0.008246
2025-05-01T14:15:20.880000,0.009746
2025-05-01T14:15:20.890000,-0.011741
2025-05-01T14:15:20.900000,0.005616
2025-05-01T14:15:20.910000,-0.008370
2025-05-01T14:15:20.920000,-0.007842
2025-05-01T14:15:20.930000,-0.005602
2025-05-01T14:15:20.940000,0.014180
2025-05-01T14:15:20.950000,-0.004475
2025-05-01T14:15:20.960000,0.001881
2025-05-01T14:15:20.970000,0.007960
2025-05-01T14:15:20.980000,-0.000173
2025-05-01T14:15:20.990000,-0.001281
2025-05-01T14:15:21,0.016365
2025-05-01T14:15:21.010000,-0.013435
2025-05-01T14:15:21.020000,-0.005229
2025-05-01T14:15:21.030000,-0.006338
2025-05-01T14:15:21.040000,-0.022841
2025-05-01T14:15:21.050000,-0.010995
2025-05-01T14:15:21.060000,0.034875
2025-05-01T14:15:21.070000,-0.002747
2025-05-01T14:15:21.080000,0.002356
2025-05-01T14:15:21.090000,-0.005304
2025-05-01T14:15:21.100000,-0.001093
2025-05-01T14:15:21.110000,0.010559
2025-05-01T14:15:21.120000,-0.004819
2025-05-01T14:15:21.130000,-0.001117
2025-05-01T14:15:21.140000,0.000848
2025-05-01T14:15:21.150000,-0.006623
2025-05-01T14:15:21.160000,0.009904
2025-05-01T14:15:21.170000,-0.006632
2025-05-01T14:15:21.180000,-0.004993
2025-05-01T14:15:21.190000,0.017804
2025-05-01T14:15:21.200000,0.004204
2025-05-01T14:15:21.210000,0.000942
2025-05-01T14:15:21.220000,0.009033
2025-05-01T14:15:21.230000,0.007121
2025-05-01T14:15:21.240000,0.011263
2025-05-01T14:15:21.250000,-0.015885
2025-05-01T14:15:21.260000,-0.008311
2025-05-01T14:15:21.270000,-0.016580
2025-05-01T14:15:21.280000,-0.005879
2025-05-01T14:15:21.290000,-0.005474
2025-05-01T14:15:21.300000,-0.009679
2025-05-01T14:15:21.310000,-0.012371
2025-05-01T14:15:21.320000,0.003295
2025-05-01T14:15:21.330000,0.007014
2025-05-01T14:15:21.340000,-0.004956
2025-05-01T14:15:21.350000,0.002538
2025-05-01T14:15:21.360000,-0.000668
2025-05-01T14:15:21.370000,0.001816
2025-05-01T14:15:21.380000,0.011799
2025-05-01T14:15:21.390000,-0.010143
2025-05-01T14:15:21.400000,-0.008543
2025-05-01T14:15:21.410000,0.007086
2025-05-01T14:15:21.420000,0.016629
2025-05-01T14:15:21.430000,-0.012314
2025-05-01T14:15:21.440000,0.001355
2025-05-01T14:15:21.450000,0.002780
2025-05-01T14:15:21.460000,-0.003797
2025-05-01T14:15:21.470000,-0.003156
2025-05-01T14:15:21.480000,-0.017147
2025-05-01T14:15:21.490000,-0.003851
2025-05-01T14:15:21.500000,0.014386
2025-05-01T14:15:21.510000,0.017312
2025-05-01T14:15:21.520000,-0.008841
2025-05-01T14:15:21.530000,-0.004404
2025-05-01T14:15:21.540000,-0.014765
2025-05-01T14:15:21.550000,0.000776
2025-05-01T14:15:21.560000,0.008633
2025-05-01T14:15:21.570000,-0.004422
2025-05-01T14:15:21.580000,0.000493
2025-05-01T14:15:21.590000,-0.001408
2025-05-01T14:15:21.600000,-0.016791
2025-05-01T14:15:21.610000,0.011419
2025-05-01T14:15:21.620000,0.006952
2025-05-01T14:15:21.630000,-0.009061
2025-05-01T14:15:21.640000,0.001691
2025-05-01T14:15:21.650000,-0.003983
2025-05-01T14:15:21.660000,0.009484
2025-05-01T14:15:21.670000,-0.005064
2025-05-01T14:15:21.680000,0.008581
2025-05-01T14:15:21.690000,0.001086
2025-05-01T14:15:21.700000,0.012292
2025-05-01T14:15:21.710000,-0.003899
2025-05-01T14:15:21.720000,0.000045
2025-05-01T14:15:21.730000,0.010709
2025-05-01T14:15:21.740000,-0.000287
2025-05-01T14:15:21.750000,-0.005128
2025-05-01T14:15:21.760000,0.017305
2025-05-01T14:15:21.770000,0.004054
2025-05-01T14:15:21.780000,0.010631
2025-05-01T14:15:21.790000,-0.003683
2025-05-01T14:15:21.800000,-0.010235
2025-05-01T14:15:21.810000,0.007383
2025-05-01T14:15:21.820000,-0.026130
2025-05-01T14:15:21.830000,-0.005568
2025-05-01T14:15:21.840000,-0.007634
2025-05-01T14:15:21.850000,-0.020906
2025-05-01T14:15:21.860000,-0.007649
2025-05-01T14:15:21.870000,-0.015689
2025-05-01T14:15:21.880000,0.003307
2025-05-01T14:15:21.890000,0.017703
2025-05-01T14:15:21.900000,0.007592
2025-05-01T14:15:21.910000,0.002368
2025-05-01T14:15:21.920000,0.000022
2025-05-01T14:15:21.930000,0.013711
2025-05-01T14:15:21.940000,-0.001077
2025-05-01T14:15:21.950000,0.006576
2025-05-01T14:15:21.960000,0.011911
2025-05-01T14:15:21.970000,0.007054
2025-05-01T14:15:21.980000,0.004194
2025-05-01T14:15:21.990000,0.011896
2025-05-01T14:15:22,0.000988
2025-05-01T14:15:22.010000,0.004037
2025-05-01T14:15:22.020000,-0.005925
2025-05-01T14:15:22.030000,0.001751
2025-05-01T14:15:22.040000,0.008229
2025-05-01T14:15:22.050000,-0.014668
2025-05-01T14:15:22.060000,0.016610
2025-05-01T14:15:22.070000,0.002249
2025-05-01T14:15:22.080000,0.010165
2025-05-01T14:15:22.090000,0.004358
2025-05-01T14:15:22.100000,0.001949
2025-05-01T14:15:22.110000,-0.004869
2025-05-01T14:15:22.120000,-0.003072
2025-05-01T14:15:22.130000,0.006297
2025-05-01T14:15:22.140000,0.010769
2025-05-01T14:15:22.150000,-0.011926
2025-05-01T14:15:22.160000,0.032893
2025-05-01T14:15:22.170000,0.003210
2025-05-01T14:15:22.180000,-0.004015
2025-05-01T14:15:22.190000,-0.020334
2025-05-01T14:15:22.200000,0.007546
2025-05-01T14:15:22.210000,-0.007356
2025-05-01T14:15:22.220000,0.002076
2025-05-01T14:15:22.230000,0.016408
2025-05-01T14:15:22.240000,0.003429
2025-05-01T14:15:22.250000,-0.012872
2025-05-01T14:15:22.260000,-0.003901
2025-05-01T14:15:22.270000,0.004721
2025-05-01T14:15:22.280000,0.006608
2025-05-01T14:15:22.290000,-0.004200
2025-05-01T14:15:22.300000,0.007390
2025-05-01T14:15:22.310000,0.017061
2025-05-01T14:15:22.320000,-0.017486
2025-05-01T14:15:22.330000,-0.008184
2025-05-01T14:15:22.340000,0.010808
2025-05-01T14:15:22.350000,0.012101
2025-05-01T14:15:22.360000,-0.003828
2025-05-01T14:15:22.370000,-0.021618
2025-05-01T14:15:22.380000,-0.000573
2025-05-01T14:15:22.390000,-0.000702
2025-05-01T14:15:22.400000,-0.001243
2025-05-01T14:15:22.410000,0.012644
2025-05-01T14:15:22.420000,0.015227
2025-05-01T14:15:22.430000,-0.016386
2025-05-01T14:15:22.440000,0.008244
2025-05-01T14:15:22.450000,-0.001974
2025-05-01T14:15:22.460000,-0.005214
2025-05-01T14:15:22.470000,-0.000613
2025-05-01T14:15:22.480000,-0.018729
2025-05-01T14:15:22.490000,-0.008844
2025-05-01T14:15:22.500000,-0.008003
2025-05-01T14:15:22.510000,-0.002790
2025-05-01T14:15:22.520000,0.016374
2025-05-01T14:15:22.530000,-0.020609
2025-05-01T14:15:22.540000,0.015951
2025-05-01T14:15:22.550000,-0.000332
2025-05-01T14:15:22.560000,-0.008890
2025-05-01T14:15:22.570000,0.015709
2025-05-01T14:15:22.580000,-0.001973
2025-05-01T14:15:22.590000,0.018789
2025-05-01T14:15:22.600000,-0.000745
2025-05-01T14:15:22.610000,0.012519
2025-05-01T14:15:22.620000,0.023348
2025-05-01T14:15:22.630000,0.015472
2025-05-01T14:15:22.640000,0.018950
2025-05-01T14:15:22.650000,0.006596
2025-05-01T14:15:22.660000,-0.011267
2025-05-01T14:15:22.670000,-0.002223
2025-05-01T14:15:22.680000,0.004075
2025-05-01T14:15:22.690000,-0.001528
2025-05-01T14:15:22.700000,0.000799
2025-05-01T14:15:22.710000,-0.002824
2025-05-01T14:15:22.720000,-0.011806
2025-05-01T14:15:22.730000,0.007064
2025-05-01T14:15:22.740000,-0.009353
2025-05-01T14:15:22.750000,0.002856
2025-05-01T14:15:22.760000,-0.013532
2025-05-01T14:15:22.770000,-0.003435
2025-05-01T14:15:22.780000,0.014699
2025-05-01T14:15:22.790000,-0.000514
2025-05-01T14:15:22.800000,0.001446
2025-05-01T14:15:22.810000,-0.019115
2025-05-01T14:15:22.820000,0.020358
2025-05-01T14:15:22.830000,-0.006762
2025-05-01T14:15:22.840000,0.008158
2025-05-01T14:15:22.850000,0.016710
2025-05-01T14:15:22.860000,-0.013087
2025-05-01T14:15:22.870000,-0.010104
2025-05-01T14:15:22.880000,0.010142
2025-05-01T14:15:22.890000,-0.010088
2025-05-01T14:15:22.900000,-0.009870
2025-05-01T14:15:22.910000,-0.011182
2025-05-01T14:15:22.920000,0.014741
2025-05-01T14:15:22.930000,0.004809
2025-05-01T14:15:22.940000,-0.022349
2025-05-01T14:15:22.950000,-0.002323
2025-05-01T14:15:22.960000,-0.001207
2025-05-01T14:15:22.970000,-0.001719
2025-05-01T14:15:22.980000,-0.006181
2025-05-01T14:15:22.990000,0.016245
2025-05-01T14:15:23,-0.005897
2025-05-01T14:15:23.010000,-0.005014
2025-05-01T14:15:23.020000,0.016789
2025-05-01T14:15:23.030000,-0.010450
2025-05-01T14:15:23.040000,0.004038
2025-05-01T14:15:23.050000,-0.000608
2025-05-01T14:15:23.060000,-0.009345
2025-05-01T14:15:23.070000,-0.007324
2025-05-01T14:15:23.080000,-0.005183
2025-05-01T14:15:23.090000,0.005680
2025-05-01T14:15:23.100000,-0.024465
2025-05-01T14:15:23.110000,-0.010503
2025-05-01T14:15:23.120000,0.002984
2025-05-01T14:15:23.130000,0.004402
2025-05-01T14:15:23.140000,0.007440
2025-05-01T14:15:23.150000,0.000709
2025-05-01T14:15:23.160000,0.003595
2025-05-01T14:15:23.170000,-0.003605
2025-05-01T14:15:23.180000,-0.019638
2025-05-01T14:15:23.190000,-0.004673
2025-05-01T14:15:23.200000,-0.010817
2025-05-01T14:15:23.210000,0.003324
2025-05-01T14:15:23.220000,-0.001432
2025-05-01T14:15:23.230000,0.024792
2025-05-01T14:15:23.240000,-0.001105
2025-05-01T14:15:23.250000,0.005812
2025-05-01T14:15:23.260000,-0.001681
2025-05-01T14:15:23.270000,-0.010965
2025-05-01T14:15:23.280000,-0.011588
2025-05-01T14:15:23.290000,-0.005465
2025-05-01T14:15:23.300000,-0.012521
2025-05-01T14:15:23.310000,-0.015435
2025-05-01T14:15:23.320000,-0.001461
2025-05-01T14:15:23.330000,0.009170
2025-05-01T14:15:23.340000,0.015176
2025-05-01T14:15:23.350000,0.002257
2025-05-01T14:15:23.360000,-0.009282
2025-05-01T14:15:23.370000,0.004473
2025-05-01T14:15:23.380000,0.010465
2025-05-01T14:15:23.390000,-0.001436
2025-05-01T14:15:23.400000,0.017497
2025-05-01T14:15:23.410000,-0.011649
2025-05-01T14:15:23.420000,0.013519
2025-05-01T14:15:23.430000,0.010702
2025-05-01T14:15:23.440000,-0.004051
2025-05-01T14:15:23.450000,-0.004226
2025-05-01T14:15:23.460000,-0.018365
2025-05-01T14:15:23.470000,0.009556
2025-05-01T14:15:23.480000,-0.000474
2025-05-01T14:15:23.490000,0.008478
2025-05-01T14:15:23.500000,-0.002025
2025-05-01T14:15:23.510000,-0.008670
2025-05-01T14:15:23.520000,-0.016411
2025-05-01T14:15:23.530000,-0.003653
2025-05-01T14:15:23.540000,0.007354
2025-05-01T14:15:23.550000,0.009031
2025-05-01T14:15:23.560000,0.017883
2025-05-01T14:15:23.570000,0.006539
2025-05-01T14:15:23.580000,0.010661
2025-05-01T14:15:23.590000,-0.014903
2025-05-01T14:15:23.600000,-0.007221
2025-05-01T14:15:23.610000,0.009637
2025-05-01T14:15:23.620000,-0.011791
2025-05-01T14:15:23.630000,-0.009032
2025-05-01T14:15:23.640000,-0.006123
2025-05-01T14:15:23.650000,0.017682
2025-05-01T14:15:23.660000,0.002078
2025-05-01T14:15:23.670000,-0.006311
2025-05-01T14:15:23.680000,0.001258
2025-05-01T14:15:23.690000,-0.001021
2025-05-01T14:15:23.700000,0.001495
2025-05-01T14:15:23.710000,-0.001454
2025-05-01T14:15:23.720000,-0.006564
2025-05-01T14:15:23.730000,-0.013152
2025-05-01T14:15:23.740000,0.007534
2025-05-01T14:15:23.750000,0.013553
2025-05-01T14:15:23.760000,-0.021651
2025-05-01T14:15:23.770000,-0.000335
2025-05-01T14:15:23.780000,0.004257
2025-05-01T14:15:23.790000,-0.008661
2025-05-01T14:15:23.800000,-0.004831
2025-05-01T14:15:23.810000,0.009991
2025-05-01T14:15:23.820000,0.008918
2025-05-01T14:15:23.830000,-0.007099
2025-05-01T14:15:23.840000,-0.003102
2025-05-01T14:15:23.850000,-0.008220
2025-05-01T14:15:23.860000,-0.013913
2025-05-01T14:15:23.870000,-0.010729
2025-05-01T14:15:23.880000,0.023225
2025-05-01T14:15:23.890000,0.004899
2025-05-01T14:15:23.900000,-0.003180
2025-05-01T14:15:23.910000,-0.001641
2025-05-01T14:15:23.920000,0.005140
2025-05-01T14:15:23.930000,0.014328
2025-05-01T14:15:23.940000,-0.002975
2025-05-01T14:15:23.950000,-0.005860
2025-05-01T14:15:23.960000,0.002907
2025-05-01T14:15:23.970000,0.004062
2025-05-01T14:15:23.980000,0.003419
2025-05-01T14:15:23.990000,0.010189
2025-05-01T14:15:24,0.001968
2025-05-01T14:15:24.010000,-0.004182
2025-05-01T14:15:24.020000,0.008009
2025-05-01T14:15:24.030000,0.007089
2025-05-01T14:15:24.040000,-0.003814
2025-05-01T14:15:24.050000,-0.011005
2025-05-01T14:15:24.060000,-0.011747
2025-05-01T14:15:24.070000,-0.005094
2025-05-01T14:15:24.080000,0.004509
2025-05-01T14:15:24.090000,0.004545
2025-05-01T14:15:24.100000,-0.010589
2025-05-01T14:15:24.110000,0.006184
2025-05-01T14:15:24.120000,0.000746
2025-05-01T14:15:24.130000,0.008305
2025-05-01T14:15:24.140000,-0.006375
2025-05-01T14:15:24.150000,0.009456
2025-05-01T14:15:24.160000,-0.001787
2025-05-01T14:15:24.170000,0.004111
2025-05-01T14:15:24.180000,0.020059
2025-05-01T14:15:24.190000,0.003386
2025-05-01T14:15:24.200000,-0.022261
2025-05-01T14:15:24.210000,0.001946
2025-05-01T14:15:24.220000,-0.011223
2025-05-01T14:15:24.230000,-0.012321
2025-05-01T14:15:24.240000,-0.019998
2025-05-01T14:15:24.250000,0.013844
2025-05-01T14:15:24.260000,0.003130
2025-05-01T14:15:24.270000,-0.008388
2025-05-01T14:15:24.280000,-0.005485
2025-05-01T14:15:24.290000,0.005560
2025-05-01T14:15:24.300000,-0.009562
2025-05-01T14:15:24.310000,0.017590
2025-05-01T14:15:24.320000,-0.003294
2025-05-01T14:15:24.330000,-0.006833
2025-05-01T14:15:24.340000,-0.011392
2025-05-01T14:15:24.350000,0.011590
2025-05-01T14:15:24.360000,-0.012170
2025-05-01T14:15:24.370000,0.004806
2025-05-01T14:15:24.380000,-0.015648
2025-05-01T14:15:24.390000,-0.007512
2025-05-01T14:15:24.400000,0.005888
2025-05-01T14:15:24.410000,-0.002013
2025-05-01T14:15:24.420000,0.001959
2025-05-01T14:15:24.430000,0.006292
2025-05-01T14:15:24.440000,-0.005306
2025-05-01T14:15:24.450000,0.010853
2025-05-01T14:15:24.460000,0.007432
2025-05-01T14:15:24.470000,-0.018744
2025-05-01T14:15:24.480000,-0.017580
2025-05-01T14:15:24.490000,0.004486
2025-05-01T14:15:24.500000,0.004182
2025-05-01T14:15:24.510000,-0.001858
2025-05-01T14:15:24.520000,-0.001611
2025-05-01T14:15:24.530000,-0.014068
2025-05-01T14:15:24.540000,-0.001008
2025-05-01T14:15:24.550000,-0.005883
2025-05-01T14:15:24.560000,0.000075
2025-05-01T14:15:24.570000,-0.001777
2025-05-01T14:15:24.580000,-0.019508
2025-05-01T14:15:24.590000,-0.001475
2025-05-01T14:15:24.600000,0.019135
2025-05-01T14:15:24.610000,-0.007383
2025-05-01T14:15:24.620000,0.001110
2025-05-01T14:15:24.630000,-0.009130
2025-05-01T14:15:24.640000,-0.010309
2025-05-01T14:15:24.650000,0.016633
2025-05-01T14:15:24.660000,-0.000229
2025-05-01T14:15:24.670000,0.003074
2025-05-01T14:15:24.680000,0.005586
2025-05-01T14:15:24.690000,0.005793
2025-05-01T14:15:24.700000,-0.000745
2025-05-01T14:15:24.710000,-0.015994
2025-05-01T14:15:24.720000,-0.014143
2025-05-01T14:15:24.730000,-0.005664
2025-05-01T14:15:24.740000,0.003571
2025-05-01T14:15:24.750000,0.006057
2025-05-01T14:15:24.760000,-0.004409
2025-05-01T14:15:24.770000,0.015332
2025-05-01T14:15:24.780000,0.000373
2025-05-01T14:15:24.790000,0.018356
2025-05-01T14:15:24.800000,0.020913
2025-05-01T14:15:24.810000,0.021535
2025-05-01T14:15:24.820000,-0.003921
2025-05-01T14:15:24.830000,-0.001251
2025-05-01T14:15:24.840000,-0.030117
2025-05-01T14:15:24.850000,0.014047
2025-05-01T14:15:24.860000,-0.003146
2025-05-01T14:15:24.870000,0.001930
2025-05-01T14:15:24.880000,-0.008910
2025-05-01T14:15:24.890000,-0.000372
2025-05-01T14:15:24.900000,0.011202
2025-05-01T14:15:24.910000,0.008062
2025-05-01T14:15:24.920000,0.014360
2025-05-01T14:15:24.930000,0.006036
2025-05-01T14:15:24.940000,0.014541
2025-05-01T14:15:24.950000,0.006618
2025-05-01T14:15:24.960000,-0.002973
2025-05-01T14:15:24.970000,-0.007937
2025-05-01T14:15:24.980000,-0.013256
2025-05-01T14:15:24.990000,-0.008133
2025-05-01T14:15:25,0.018442
2025-05-01T14:15:25.010000,-0.001544
2025-05-01T14:15:25.020000,-0.001975
2025-05-01T14:15:25.030000,-0.006142
2025-05-01T14:15:25.040000,0.015762
2025-05-01T14:15:25.050000,0.012802
2025-05-01T14:15:25.060000,-0.002586
2025-05-01T14:15:25.070000,0.004588
2025-05-01T14:15:25.080000,0.008609
2025-05-01T14:15:25.090000,0.019373
2025-05-01T14:15:25.100000,-0.007570
2025-05-01T14:15:25.110000,-0.004955
2025-05-01T14:15:25.120000,-0.007109
2025-05-01T14:15:25.130000,-0.004680
2025-05-01T14:15:25.140000,-0.006933
2025-05-01T14:15:25.150000,-0.017190
2025-05-01T14:15:25.160000,-0.003736
2025-05-01T14:15:25.170000,-0.013896
2025-05-01T14:15:25.180000,0.010603
2025-05-01T14:15:25.190000,-0.017228
2025-05-01T14:15:25.200000,-0.002502
2025-05-01T14:15:25.210000,-0.010169
2025-05-01T14:15:25.220000,-0.014533
2025-05-01T14:15:25.230000,-0.019947
2025-05-01T14:15:25.240000,-0.015450
2025-05-01T14:15:25.250000,-0.008098
2025-05-01T14:15:25.260000,0.001015
2025-05-01T14:15:25.270000,-0.009204
2025-05-01T14:15:25.280000,0.017562
2025-05-01T14:15:25.290000,0.004266
2025-05-01T14:15:25.300000,-0.005626
2025-05-01T14:15:25.310000,0.010486
2025-05-01T14:15:25.320000,-0.001368
2025-05-01T14:15:25.330000,0.000778
2025-05-01T14:15:25.340000,0.017883
2025-05-01T14:15:25.350000,0.001986
2025-05-01T14:15:25.360000,0.011717
2025-05-01T14:15:25.370000,0.009377
2025-05-01T14:15:25.380000,-0.015702
2025-05-01T14:15:25.390000,0.004297
2025-05-01T14:15:25.400000,-0.014252
2025-05-01T14:15:25.410000,0.006504
2025-05-01T14:15:25.420000,-0.014848
2025-05-01T14:15:25.430000,-0.000177
2025-05-01T14:15:25.440000,0.001153
2025-05-01T14:15:25.450000,-0.007890
2025-05-01T14:15:25.460000,-0.005907
2025-05-01T14:15:25.470000,-0.004285
2025-05-01T14:15:25.480000,-0.011215
2025-05-01T14:15:25.490000,-0.011538
2025-05-01T14:15:25.500000,0.013125
2025-05-01T14:15:25.510000,0.006589
2025-05-01T14:15:25.520000,0.008525
2025-05-01T14:15:25.530000,-0.012132
2025-05-01T14:15:25.540000,-0.025317
2025-05-01T14:15:25.550000,0.014965
2025-05-01T14:15:25.560000,-0.003673
2025-05-01T14:15:25.570000,0.000124
2025-05-01T14:15:25.580000,0.004062
2025-05-01T14:15:25.590000,0.002632
2025-05-01T14:15:25.600000,-0.003289
2025-05-01T14:15:25.610000,-0.006196
2025-05-01T14:15:25.620000,0.007705
2025-05-01T14:15:25.630000,0.001203
2025-05-01T14:15:25.640000,0.011560
2025-05-01T14:15:25.650000,0.005052
2025-05-01T14:15:25.660000,0.013261
2025-05-01T14:15:25.670000,0.005371
2025-05-01T14:15:25.680000,0.003554
2025-05-01T14:15:25.690000,-0.005381
2025-05-01T14:15:25.700000,-0.000366
2025-05-01T14:15:25.710000,-0.000854
2025-05-01T14:15:25.720000,-0.018752
2025-05-01T14:15:25.730000,0.003051
2025-05-01T14:15:25.740000,0.007006
2025-05-01T14:15:25.750000,0.001393
2025-05-01T14:15:25.760000,-0.000629
2025-05-01T14:15:25.770000,-0.000930
2025-05-01T14:15:25.780000,-0.005003
2025-05-01T14:15:25.790000,0.002932
2025-05-01T14:15:25.800000,-0.003676
2025-05-01T14:15:25.810000,0.000413
2025-05-01T14:15:25.820000,0.003290
2025-05-01T14:15:25.830000,0.003291
2025-05-01T14:15:25.840000,-0.011643
2025-05-01T14:15:25.850000,-0.000059
2025-05-01T14:15:25.860000,0.024053
2025-05-01T14:15:25.870000,0.008923
2025-05-01T14:15:25.880000,0.022292
2025-05-01T14:15:25.890000,0.015220
2025-05-01T14:15:25.900000,0.006305
2025-05-01T14:15:25.910000,0.008608
2025-05-01T14:15:25.920000,-0.003681
2025-05-01T14:15:25.930000,0.005699
2025-05-01T14:15:25.940000,-0.010632
2025-05-01T14:15:25.950000,0.006440
2025-05-01T14:15:25.960000,0.004734
2025-05-01T14:15:25.970000,-0.004997
2025-05-01T14:15:25.980000,-0.008575
2025-05-01T14:15:25.990000,-0.004907
2025-05-01T14:15:26,-0.009282
2025-05-01T14:15:26.010000,-0.001958
2025-05-01T14:15:26.020000,-0.016748
2025-05-01T14:15:26.030000,-0.003797
2025-05-01T14:15:26.040000,-0.008804
2025-05-01T14:15:26.050000,-0.009547
2025-05-01T14:15:26.060000,-0.005242
2025-05-01T14:15:26.070000,-0.009152
2025-05-01T14:15:26.080000,0.016050
2025-05-01T14:15:26.090000,0.005379
2025-05-01T14:15:26.100000,0.007468
2025-05-01T14:15:26.110000,-0.000036
2025-05-01T14:15:26.120000,0.000682
2025-05-01T14:15:26.130000,0.001461
2025-05-01T14:15:26.140000,-0.009743
2025-05-01T14:15:26.150000,0.009324
2025-05-01T14:15:26.160000,-0.001886
2025-05-01T14:15:26.170000,-0.000070
2025-05-01T14:15:26.180000,0.000317
2025-05-01T14:15:26.190000,-0.025565
2025-05-01T14:15:26.200000,-0.021216
2025-05-01T14:15:26.210000,0.022180
2025-05-01T14:15:26.220000,0.006701
2025-05-01T14:15:26.230000,0.007884
2025-05-01T14:15:26.240000,0.000313
2025-05-01T14:15:26.250000,0.015533
2025-05-01T14:15:26.260000,0.008279
2025-05-01T14:15:26.270000,0.015519
2025-05-01T14:15:26.280000,0.002588
2025-05-01T14:15:26.290000,0.006863
2025-05-01T14:15:26.300000,-0.003551
2025-05-01T14:15:26.310000,0.010127
2025-05-01T14:15:26.320000,-0.004514
2025-05-01T14:15:26.330000,0.011182
2025-05-01T14:15:26.340000,0.015826
2025-05-01T14:15:26.350000,-0.004506
2025-05-01T14:15:26.360000,0.000173
2025-05-01T14:15:26.370000,0.007069
2025-05-01T14:15:26.380000,-0.003159
2025-05-01T14:15:26.390000,-0.004721
2025-05-01T14:15:26.400000,0.002784
2025-05-01T14:15:26.410000,-0.009296
2025-05-01T14:15:26.420000,0.004804
2025-05-01T14:15:26.430000,0.003759
2025-05-01T14:15:26.440000,-0.000587
2025-05-01T14:15:26.450000,0.014547
2025-05-01T14:15:26.460000,0.006987
2025-05-01T14:15:26.470000,0.006374
2025-05-01T14:15:26.480000,-0.017371
2025-05-01T14:15:26.490000,0.004093
2025-05-01T14:15:26.500000,0.005426
2025-05-01T14:15:26.510000,0.009897
2025-05-01T14:15:26.520000,0.000560
2025-05-01T14:15:26.530000,-0.010538
2025-05-01T14:15:26.540000,-0.015513
2025-05-01T14:15:26.550000,-0.011758
2025-05-01T14:15:26.560000,-0.014845
2025-05-01T14:15:26.570000,0.000452
2025-05-01T14:15:26.580000,0.021034
2025-05-01T14:15:26.590000,-0.005720
2025-05-01T14:15:26.600000,-0.002859
2025-05-01T14:15:26.610000,0.010189
2025-05-01T14:15:26.620000,0.007700
2025-05-01T14:15:26.630000,-0.007047
2025-05-01T14:15:26.640000,-0.007338
2025-05-01T14:15:26.650000,0.004800
2025-05-01T14:15:26.660000,-0.004140
2025-05-01T14:15:26.670000,0.004769
2025-05-01T14:15:26.680000,-0.010122
2025-05-01T14:15:26.690000,0.001685
2025-05-01T14:15:26.700000,0.017953
2025-05-01T14:15:26.710000,-0.021931
2025-05-01T14:15:26.720000,-0.003563
2025-05-01T14:15:26.730000,-0.018863
2025-05-01T14:15:26.740000,-0.005796
2025-05-01T14:15:26.750000,0.007850
2025-05-01T14:15:26.760000,0.004278
2025-05-01T14:15:26.770000,-0.011097
2025-05-01T14:15:26.780000,-0.001530
2025-05-01T14:15:26.790000,0.024733
2025-05-01T14:15:26.800000,0.027870
2025-05-01T14:15:26.810000,-0.000505
2025-05-01T14:15:26.820000,0.010798
2025-05-01T14:15:26.830000,-0.005421
2025-05-01T14:15:26.840000,-0.007088
2025-05-01T14:15:26.850000,-0.005708
2025-05-01T14:15:26.860000,-0.001175
2025-05-01T14:15:26.870000,-0.001531
2025-05-01T14:15:26.880000,-0.008313
2025-05-01T14:15:26.890000,-0.008971
2025-05-01T14:15:26.900000,-0.002726
2025-05-01T14:15:26.910000,0.013014
2025-05-01T14:15:26.920000,0.015933
2025-05-01T14:15:26.930000,-0.009541
2025-05-01T14:15:26.940000,0.003297
2025-05-01T14:15:26.950000,0.011804
2025-05-01T14:15:26.960000,0.014897
2025-05-01T14:15:26.970000,0.003210
2025-05-01T14:15:26.980000,-0.021961
2025-05-01T14:15:26.990000,-0.006724
2025-05-01T14:15:27,0.001526
2025-05-01T14:15:27.010000,-0.020958
2025-05-01T14:15:27.020000,-0.008516
2025-05-01T14:15:27.030000,-0.012338
2025-05-01T14:15:27.040000,0.008672
2025-05-01T14:15:27.050000,0.010792
2025-05-01T14:15:27.060000,-0.000265
2025-05-01T14:15:27.070000,0.000003
2025-05-01T14:15:27.080000,0.005262
2025-05-01T14:15:27.090000,0.002598
2025-05-01T14:15:27.100000,0.004176
2025-05-01T14:15:27.110000,-0.004331
2025-05-01T14:15:27.120000,-0.011142
2025-05-01T14:15:27.130000,0.006761
2025-05-01T14:15:27.140000,0.013338
2025-05-01T14:15:27.150000,0.015707
2025-05-01T14:15:27.160000,-0.013235
2025-05-01T14:15:27.170000,-0.004791
2025-05-01T14:15:27.180000,-0.001003
2025-05-01T14:15:27.190000,0.004225
2025-05-01T14:15:27.200000,-0.021983
2025-05-01T14:15:27.210000,-0.001930
2025-05-01T14:15:27.220000,-0.004049
2025-05-01T14:15:27.230000,-0.001556
2025-05-01T14:15:27.240000,-0.017464
2025-05-01T14:15:27.250000,0.003432
2025-05-01T14:15:27.260000,0.000116
2025-05-01T14:15:27.270000,-0.002503
2025-05-01T14:15:27.280000,-0.004960
2025-05-01T14:15:27.290000,0.004957
2025-05-01T14:15:27.300000,-0.005796
2025-05-01T14:15:27.310000,0.004577
2025-05-01T14:15:27.320000,-0.013976
2025-05-01T14:15:27.330000,-0.003900
2025-05-01T14:15:27.340000,-0.009579
2025-05-01T14:15:27.350000,0.016380
2025-05-01T14:15:27.360000,0.005822
2025-05-01T14:15:27.370000,0.004842
2025-05-01T14:15:27.380000,-0.012286
2025-05-01T14:15:27.390000,0.010102
2025-05-01T14:15:27.400000,-0.008757
2025-05-01T14:15:27.410000,0.004896
2025-05-01T14:15:27.420000,-0.006041
2025-05-01T14:15:27.430000,-0.002895
2025-05-01T14:15:27.440000,-0.011993
2025-05-01T14:15:27.450000,-0.020681
2025-05-01T14:15:27.460000,0.018676
2025-05-01T14:15:27.470000,0.008739
2025-05-01T14:15:27.480000,-0.022447
2025-05-01T14:15:27.490000,-0.011000
2025-05-01T14:15:27.500000,-0.011011
2025-05-01T14:15:27.510000,0.006719
2025-05-01T14:15:27.520000,-0.007419
2025-05-01T14:15:27.530000,0.013052
2025-05-01T14:15:27.540000,-0.013883
2025-05-01T14:15:27.550000,0.008799
2025-05-01T14:15:27.560000,0.004520
2025-05-01T14:15:27.570000,-0.002302
2025-05-01T14:15:27.580000,-0.007783
2025-05-01T14:15:27.590000,0.008017
2025-05-01T14:15:27.600000,-0.012169
2025-05-01T14:15:27.610000,-0.011716
2025-05-01T14:15:27.620000,0.012350
2025-05-01T14:15:27.630000,0.010701
2025-05-01T14:15:27.640000,0.005770
2025-05-01T14:15:27.650000,0.001339
2025-05-01T14:15:27.660000,0.014320
2025-05-01T14:15:27.670000,-0.000784
2025-05-01T14:15:27.680000,-0.010692
2025-05-01T14:15:27.690000,-0.003627
2025-05-01T14:15:27.700000,0.007636
2025-05-01T14:15:27.710000,-0.016782
2025-05-01T14:15:27.720000,-0.007194
2025-05-01T14:15:27.730000,0.010913
2025-05-01T14:15:27.740000,0.011718
2025-05-01T14:15:27.750000,-0.013121
2025-05-01T14:15:27.760000,0.022158
2025-05-01T14:15:27.770000,-0.010411
2025-05-01T14:15:27.780000,-0.005195
2025-05-01T14:15:27.790000,0.002975
2025-05-01T14:15:27.800000,0.005835
2025-05-01T14:15:27.810000,0.007126
2025-05-01T14:15:27.820000,-0.014777
2025-05-01T14:15:27.830000,0.008083
2025-05-01T14:15:27.840000,-0.003916
2025-05-01T14:15:27.850000,-0.000854
2025-05-01T14:15:27.860000,-0.012321
2025-05-01T14:15:27.870000,0.002414
2025-05-01T14:15:27.880000,0.011059
2025-05-01T14:15:27.890000,0.004271
2025-05-01T14:15:27.900000,0.002606
2025-05-01T14:15:27.910000,0.002492
2025-05-01T14:15:27.920000,-0.000658
2025-05-01T14:15:27.930000,-0.010793
2025-05-01T14:15:27.940000,-0.004535
2025-05-01T14:15:27.950000,-0.015563
2025-05-01T14:15:27.960000,-0.000023
2025-05-01T14:15:27.970000,0.003633
2025-05-01T14:15:27.980000,-0.008670
2025-05-01T14:15:27.990000,0.004008
2025-05-01T14:15:28,0.000008
2025-05-01T14:15:28.010000,-0.010426
2025-05-01T14:15:28.020000,0.010425
2025-05-01T14:15:28.030000,0.015117
2025-05-01T14:15:28.040000,-0.001666
2025-05-01T14:15:28.050000,0.005153
2025-05-01T14:15:28.060000,0.007130
2025-05-01T14:15:28.070000,0.005363
2025-05-01T14:15:28.080000,-0.016494
2025-05-01T14:15:28.090000,-0.002021
2025-05-01T14:15:28.100000,0.015131
2025-05-01T14:15:28.110000,0.006442
2025-05-01T14:15:28.120000,-0.021376
2025-05-01T14:15:28.130000,0.000983
2025-05-01T14:15:28.140000,-0.000937
2025-05-01T14:15:28.150000,0.019301
2025-05-01T14:15:28.160000,0.016343
2025-05-01T14:15:28.170000,-0.002352
2025-05-01T14:15:28.180000,-0.005219
2025-05-01T14:15:28.190000,-0.006598
2025-05-01T14:15:28.200000,0.010981
2025-05-01T14:15:28.210000,-0.000107
2025-05-01T14:15:28.220000,0.015083
2025-05-01T14:15:28.230000,-0.010187
2025-05-01T14:15:28.240000,-0.006461
2025-05-01T14:15:28.250000,-0.006463
2025-05-01T14:15:28.260000,0.017183
2025-05-01T14:15:28.270000,0.011380
2025-05-01T14:15:28.280000,-0.007011
2025-05-01T14:15:28.290000,0.007573
2025-05-01T14:15:28.300000,-0.008640
2025-05-01T14:15:28.310000,0.008083
2025-05-01T14:15:28.320000,0.000366
2025-05-01T14:15:28.330000,-0.001476
2025-05-01T14:15:28.340000,0.002551
2025-05-01T14:15:28.350000,-0.000837
2025-05-01T14:15:28.360000,0.033446
2025-05-01T14:15:28.370000,0.004905
2025-05-01T14:15:28.380000,0.008043
2025-05-01T14:15:28.390000,-0.002473
2025-05-01T14:15:28.400000,0.016295
2025-05-01T14:15:28.410000,0.008455
2025-05-01T14:15:28.420000,-0.009593
2025-05-01T14:15:28.430000,-0.015327
2025-05-01T14:15:28.440000,0.010286
2025-05-01T14:15:28.450000,-0.009887
2025-05-01T14:15:28.460000,-0.000351
2025-05-01T14:15:28.470000,-0.006435
2025-05-01T14:15:28.480000,0.001441
2025-05-01T14:15:28.490000,0.007505
2025-05-01T14:15:28.500000,-0.002147
2025-05-01T14:15:28.510000,-0.004731
2025-05-01T14:15:28.520000,0.006955
2025-05-01T14:15:28.530000,-0.001657
2025-05-01T14:15:28.540000,0.002871
2025-05-01T14:15:28.550000,-0.017182
2025-05-01T14:15:28.560000,-0.004391
2025-05-01T14:15:28.570000,0.003657
2025-05-01T14:15:28.580000,-0.011845
2025-05-01T14:15:28.590000,-0.008808
2025-05-01T14:15:28.600000,-0.012964
2025-05-01T14:15:28.610000,0.000043
2025-05-01T14:15:28.620000,-0.016038
2025-05-01T14:15:28.630000,-0.004800
2025-05-01T14:15:28.640000,0.006099
2025-05-01T14:15:28.650000,0.010490
2025-05-01T14:15:28.660000,-0.006857
2025-05-01T14:15:28.670000,-0.011447
2025-05-01T14:15:28.680000,-0.018206
2025-05-01T14:15:28.690000,-0.004236
2025-05-01T14:15:28.700000,-0.000527
2025-05-01T14:15:28.710000,0.009130
2025-05-01T14:15:28.720000,-0.001530
2025-05-01T14:15:28.730000,0.001739
2025-05-01T14:15:28.740000,-0.000721
2025-05-01T14:15:28.750000,0.011443
2025-05-01T14:15:28.760000,0.003046
2025-05-01T14:15:28.770000,0.005092
2025-05-01T14:15:28.780000,0.019732
2025-05-01T14:15:28.790000,-0.005063
2025-05-01T14:15:28.800000,0.001930
2025-05-01T14:15:28.810000,0.007923
2025-05-01T14:15:28.820000,-0.003794
2025-05-01T14:15:28.830000,-0.001734
2025-05-01T14:15:28.840000,0.000687
2025-05-01T14:15:28.850000,-0.003164
2025-05-01T14:15:28.860000,-0.003418
2025-05-01T14:15:28.870000,0.008323
2025-05-01T14:15:28.880000,0.014159
2025-05-01T14:15:28.890000,0.008066
2025-05-01T14:15:28.900000,0.002169
2025-05-01T14:15:28.910000,-0.000316
2025-05-01T14:15:28.920000,-0.004451
2025-05-01T14:15:28.930000,0.003675
2025-05-01T14:15:28.940000,-0.003702
2025-05-01T14:15:28.950000,0.000547
2025-05-01T14:15:28.960000,0.001587
2025-05-01T14:15:28.970000,0.018392
2025-05-01T14:15:28.980000,0.015963
2025-05-01T14:15:28.990000,-0.005567
2025-05-01T14:15:29,-0.017198
2025-05-01T14:15:29.010000,0.020322
2025-05-01T14:15:29.020000,-0.006817
2025-05-01T14:15:29.030000,0.002870
2025-05-01T14:15:29.040000,0.013220
2025-05-01T14:15:29.050000,-0.009779
2025-05-01T14:15:29.060000,0.003654
2025-05-01T14:15:29.070000,0.013216
2025-05-01T14:15:29.080000,0.010415
2025-05-01T14:15:29.090000,-0.007653
2025-05-01T14:15:29.100000,0.016923
2025-05-01T14:15:29.110000,0.000384
2025-05-01T14:15:29.120000,-0.007018
2025-05-01T14:15:29.130000,-0.004021
2025-05-01T14:15:29.140000,-0.006823
2025-05-01T14:15:29.150000,0.014427
2025-05-01T14:15:29.160000,0.006532
2025-05-01T14:15:29.170000,-0.008048
2025-05-01T14:15:29.180000,-0.004713
2025-05-01T14:15:29.190000,0.006277
2025-05-01T14:15:29.200000,-0.010821
2025-05-01T14:15:29.210000,-0.013896
2025-05-01T14:15:29.220000,0.003741
2025-05-01T14:15:29.230000,0.003208
2025-05-01T14:15:29.240000,0.011642
2025-05-01T14:15:29.250000,-0.015728
2025-05-01T14:15:29.260000,-0.002439
2025-05-01T14:15:29.270000,0.008496
2025-05-01T14:15:29.280000,-0.005442
2025-05-01T14:15:29.290000,-0.010384
2025-05-01T14:15:29.300000,-0.009280
2025-05-01T14:15:29.310000,0.002810
2025-05-01T14:15:29.320000,-0.003484
2025-05-01T14:15:29.330000,-0.004167
2025-05-01T14:15:29.340000,0.002833
2025-05-01T14:15:29.350000,0.009203
2025-05-01T14:15:29.360000,-0.004762
2025-05-01T14:15:29.370000,-0.006191
2025-05-01T14:15:29.380000,0.023783
2025-05-01T14:15:29.390000,0.014219
2025-05-01T14:15:29.400000,0.017109
2025-05-01T14:15:29.410000,-0.008837
2025-05-01T14:15:29.420000,0.007691
2025-05-01T14:15:29.430000,-0.012405
2025-05-01T14:15:29.440000,-0.016968
2025-05-01T14:15:29.450000,0.006057
2025-05-01T14:15:29.460000,0.005916
2025-05-01T14:15:29.470000,0.022160
2025-05-01T14:15:29.480000,0.024533
2025-05-01T14:15:29.490000,0.009475
2025-05-01T14:15:29.500000,0.000020
2025-05-01T14:15:29.510000,0.015467
2025-05-01T14:15:29.520000,-0.019724
2025-05-01T14:15:29.530000,-0.000444
2025-05-01T14:15:29.540000,0.007780
2025-05-01T14:15:29.550000,-0.003472
2025-05-01T14:15:29.560000,0.005675
2025-05-01T14:15:29.570000,0.013805
2025-05-01T14:15:29.580000,0.015479
2025-05-01T14:15:29.590000,0.001595
2025-05-01T14:15:29.600000,0.002473
2025-05-01T14:15:29.610000,-0.006227
2025-05-01T14:15:29.620000,-0.008135
2025-05-01T14:15:29.630000,-0.007294
2025-05-01T14:15:29.640000,-0.002419
2025-05-01T14:15:29.650000,-0.012026
2025-05-01T14:15:29.660000,0.020597
2025-05-01T14:15:29.670000,-0.002595
2025-05-01T14:15:29.680000,0.000552
2025-05-01T14:15:29.690000,-0.000988
2025-05-01T14:15:29.700000,-0.012982
2025-05-01T14:15:29.710000,0.021697
2025-05-01T14:15:29.720000,-0.004573
2025-05-01T14:15:29.730000,-0.008172
2025-05-01T14:15:29.740000,-0.006322
2025-05-01T14:15:29.750000,0.003330
2025-05-01T14:15:29.760000,-0.005237
2025-05-01T14:15:29.770000,-0.000481
2025-05-01T14:15:29.780000,0.018202
2025-05-01T14:15:29.790000,0.007413
2025-05-01T14:15:29.800000,-0.006385
2025-05-01T14:15:29.810000,0.009206
2025-05-01T14:15:29.820000,-0.011418
2025-05-01T14:15:29.830000,-0.007596
2025-05-01T14:15:29.840000,-0.000184
2025-05-01T14:15:29.850000,0.007798
2025-05-01T14:15:29.860000,-0.009948
2025-05-01T14:15:29.870000,-0.007124
2025-05-01T14:15:29.880000,0.012554
2025-05-01T14:15:29.890000,-0.003283
2025-05-01T14:15:29.900000,-0.020022
2025-05-01T14:15:29.910000,0.011952
2025-05-01T14:15:29.920000,0.008669
2025-05-01T14:15:29.930000,0.001873
2025-05-01T14:15:29.940000,-0.005250
2025-05-01T14:15:29.950000,-0.007174
2025-05-01T14:15:29.960000,-0.009305
2025-05-01T14:15:29.970000,-0.008739
2025-05-01T14:15:29.980000,-0.009612
2025-05-01T14:15:29.990000,0.005891
2025-05-01T14:15:30,-0.002486
2025-05-01T14:15:30.010000,0.000654
2025-05-01T14:15:30.020000,-0.009749
2025-05-01T14:15:30.030000,-0.001389
2025-05-01T14:15:30.040000,-0.005254
2025-05-01T14:15:30.050000,0.000767
2025-05-01T14:15:30.060000,-0.000500
2025-05-01T14:15:30.070000,0.001979
2025-05-01T14:15:30.080000,0.004998
2025-05-01T14:15:30.090000,0.013715
2025-05-01T14:15:30.100000,-0.009435
2025-05-01T14:15:30.110000,0.008238
2025-05-01T14:15:30.120000,0.009067
2025-05-01T14:15:30.130000,-0.001615
2025-05-01T14:15:30.140000,-0.000907
2025-05-01T14:15:30.150000,-0.003959
2025-05-01T14:15:30.160000,-0.003381
2025-05-01T14:15:30.170000,-0.005157
2025-05-01T14:15:30.180000,-0.011046
2025-05-01T14:15:30.190000,-0.029502
2025-05-01T14:15:30.200000,0.014629
2025-05-01T14:15:30.210000,-0.002194
2025-05-01T14:15:30.220000,-0.020137
2025-05-01T14:15:30.230000,-0.010078
2025-05-01T14:15:30.240000,0.006547
2025-05-01T14:15:30.250000,-0.003477
2025-05-01T14:15:30.260000,0.011245
2025-05-01T14:15:30.270000,0.013285
2025-05-01T14:15:30.280000,0.014080
2025-05-01T14:15:30.290000,-0.001109
2025-05-01T14:15:30.300000,-0.007473
2025-05-01T14:15:30.310000,0.003439
2025-05-01T14:15:30.320000,-0.015280
2025-05-01T14:15:30.330000,0.014184
2025-05-01T14:15:30.340000,0.010654
2025-05-01T14:15:30.350000,-0.003953
2025-05-01T14:15:30.360000,-0.007973
2025-05-01T14:15:30.370000,-0.015559
2025-05-01T14:15:30.380000,0.001094
2025-05-01T14:15:30.390000,0.001411
2025-05-01T14:15:30.400000,0.003774
2025-05-01T14:15:30.410000,0.009661
2025-05-01T14:15:30.420000,-0.001119
2025-05-01T14:15:30.430000,-0.020404
2025-05-01T14:15:30.440000,0.013103
2025-05-01T14:15:30.450000,-0.003003
2025-05-01T14:15:30.460000,0.023363
2025-05-01T14:15:30.470000,0.008027
2025-05-01T14:15:30.480000,-0.009281
2025-05-01T14:15:30.490000,0.003280
2025-05-01T14:15:30.500000,-0.001641
2025-05-01T14:15:30.510000,0.006371
2025-05-01T14:15:30.520000,-0.007171
2025-05-01T14:15:30.530000,-0.001717
2025-05-01T14:15:30.540000,-0.004887
2025-05-01T14:15:30.550000,0.000776
2025-05-01T14:15:30.560000,0.017352
2025-05-01T14:15:30.570000,0.008662
2025-05-01T14:15:30.580000,-0.011745
2025-05-01T14:15:30.590000,-0.004775
2025-05-01T14:15:30.600000,-0.002961
2025-05-01T14:15:30.610000,0.003179
2025-05-01T14:15:30.620000,0.003057
2025-05-01T14:15:30.630000,-0.022709
2025-05-01T14:15:30.640000,-0.009129
2025-05-01T14:15:30.650000,0.007869
2025-05-01T14:15:30.660000,-0.012100
2025-05-01T14:15:30.670000,0.015901
2025-05-01T14:15:30.680000,-0.002918
2025-05-01T14:15:30.690000,-0.003885
2025-05-01T14:15:30.700000,-0.005033
2025-05-01T14:15:30.710000,0.011064
2025-05-01T14:15:30.720000,0.015006
2025-05-01T14:15:30.730000,-0.008899
2025-05-01T14:15:30.740000,-0.012100
2025-05-01T14:15:30.750000,-0.013322
2025-05-01T14:15:30.760000,-0.008595
2025-05-01T14:15:30.770000,-0.012582
2025-05-01T14:15:30.780000,0.013301
2025-05-01T14:15:30.790000,-0.005076
2025-05-01T14:15:30.800000,-0.002942
2025-05-01T14:15:30.810000,-0.017396
2025-05-01T14:15:30.820000,-0.008145
2025-05-01T14:15:30.830000,0.006033
2025-05-01T14:15:30.840000,0.001280
2025-05-01T14:15:30.850000,0.014116
2025-05-01T14:15:30.860000,0.009060
2025-05-01T14:15:30.870000,-0.001930
2025-05-01T14:15:30.880000,-0.000674
2025-05-01T14:15:30.890000,0.012342
2025-05-01T14:15:30.900000,0.015962
2025-05-01T14:15:30.910000,-0.006977
2025-05-01T14:15:30.920000,0.023968
2025-05-01T14:15:30.930000,0.004934
2025-05-01T14:15:30.940000,-0.013911
2025-05-01T14:15:30.950000,-0.005226
2025-05-01T14:15:30.960000,0.004129
2025-05-01T14:15:30.970000,0.001931
2025-05-01T14:15:30.980000,-0.019815
2025-05-01T14:15:30.990000,0.000502
2025-05-01T14:15:31,0.001715
2025-05-01T14:15:31.010000,-0.026100
2025-05-01T14:15:31.020000,-0.012959
2025-05-01T14:15:31.030000,-0.010396
2025-05-01T14:15:31.040000,0.005595
2025-05-01T14:15:31.050000,-0.004444
2025-05-01T14:15:31.060000,0.018719
2025-05-01T14:15:31.070000,-0.004320
2025-05-01T14:15:31.080000,-0.005456
2025-05-01T14:15:31.090000,0.002951
2025-05-01T14:15:31.100000,-0.006474
2025-05-01T14:15:31.110000,-0.000427
2025-05-01T14:15:31.120000,-0.018508
2025-05-01T14:15:31.130000,0.001633
2025-05-01T14:15:31.140000,0.001838
2025-05-01T14:15:31.150000,-0.002634
2025-05-01T14:15:31.160000,-0.007238
2025-05-01T14:15:31.170000,-0.021386
2025-05-01T14:15:31.180000,0.006843
2025-05-01T14:15:31.190000,-0.005502
2025-05-01T14:15:31.200000,-0.000565
2025-05-01T14:15:31.210000,-0.009468
2025-05-01T14:15:31.220000,0.013598
2025-05-01T14:15:31.230000,0.012452
2025-05-01T14:15:31.240000,0.006947
2025-05-01T14:15:31.250000,0.003842
2025-05-01T14:15:31.260000,0.017881
2025-05-01T14:15:31.270000,-0.014681
2025-05-01T14:15:31.280000,0.006953
2025-05-01T14:15:31.290000,-0.011620
2025-05-01T14:15:31.300000,0.016250
2025-05-01T14:15:31.310000,-0.003228
2025-05-01T14:15:31.320000,0.001121
2025-05-01T14:15:31.330000,-0.003056
2025-05-01T14:15:31.340000,-0.003260
2025-05-01T14:15:31.350000,0.000111
2025-05-01T14:15:31.360000,0.006019
2025-05-01T14:15:31.370000,0.005774
2025-05-01T14:15:31.380000,0.013025
2025-05-01T14:15:31.390000,-0.003917
2025-05-01T14:15:31.400000,-0.008078
2025-05-01T14:15:31.410000,-0.033410
2025-05-01T14:15:31.420000,0.023395
2025-05-01T14:15:31.430000,-0.003501
2025-05-01T14:15:31.440000,-0.031016
2025-05-01T14:15:31.450000,-0.003858
2025-05-01T14:15:31.460000,-0.006507
2025-05-01T14:15:31.470000,-0.006539
2025-05-01T14:15:31.480000,-0.006549
2025-05-01T14:15:31.490000,-0.010783
2025-05-01T14:15:31.500000,-0.013301
2025-05-01T14:15:31.510000,0.016441
2025-05-01T14:15:31.520000,-0.004974
2025-05-01T14:15:31.530000,-0.009509
2025-05-01T14:15:31.540000,-0.011274
2025-05-01T14:15:31.550000,-0.000924
2025-05-01T14:15:31.560000,0.006535
2025-05-01T14:15:31.570000,-0.004474
2025-05-01T14:15:31.580000,-0.008925
2025-05-01T14:15:31.590000,0.008298
2025-05-01T14:15:31.600000,-0.000238
2025-05-01T14:15:31.610000,0.002017
2025-05-01T14:15:31.620000,0.002311
2025-05-01T14:15:31.630000,0.009830
2025-05-01T14:15:31.640000,-0.009417
2025-05-01T14:15:31.650000,0.008250
2025-05-01T14:15:31.660000,-0.017061
2025-05-01T14:15:31.670000,-0.014560
2025-05-01T14:15:31.680000,0.005738
2025-05-01T14:15:31.690000,0.001754
2025-05-01T14:15:31.700000,-0.025513
2025-05-01T14:15:31.710000,0.009064
2025-05-01T14:15:31.720000,0.013433
2025-05-01T14:15:31.730000,-0.006337
2025-05-01T14:15:31.740000,0.001346
2025-05-01T14:15:31.750000,-0.005514
2025-05-01T14:15:31.760000,0.004042
2025-05-01T14:15:31.770000,0.023975
2025-05-01T14:15:31.780000,-0.014169
2025-05-01T14:15:31.790000,0.008512
2025-05-01T14:15:31.800000,0.022488
2025-05-01T14:15:31.810000,0.005086
2025-05-01T14:15:31.820000,0.017939
2025-05-01T14:15:31.830000,-0.004379
2025-05-01T14:15:31.840000,0.000487
2025-05-01T14:15:31.850000,-0.013215
2025-05-01T14:15:31.860000,-0.006837
2025-05-01T14:15:31.870000,-0.014140
2025-05-01T14:15:31.880000,-0.003793
2025-05-01T14:15:31.890000,0.005767
2025-05-01T14:15:31.900000,0.005724
2025-05-01T14:15:31.910000,-0.010799
2025-05-01T14:15:31.920000,0.001768
2025-05-01T14:15:31.930000,0.002458
2025-05-01T14:15:31.940000,0.011181
2025-05-01T14:15:31.950000,-0.000011
2025-05-01T14:15:31.960000,0.011901
2025-05-01T14:15:31.970000,0.016879
2025-05-01T14:15:31.980000,-0.000784
2025-05-01T14:15:31.990000,0.004505
2025-05-01T14:15:32,-0.000465
2025-05-01T14:15:32.010000,-0.002880
2025-05-01T14:15:32.020000,-0.003030
2025-05-01T14:15:32.030000,-0.012305
2025-05-01T14:15:32.040000,0.005547
2025-05-01T14:15:32.050000,-0.002716
2025-05-01T14:15:32.060000,0.005537
2025-05-01T14:15:32.070000,-0.000655
2025-05-01T14:15:32.080000,-0.003975
2025-05-01T14:15:32.090000,-0.003538
2025-05-01T14:15:32.100000,-0.019397
2025-05-01T14:15:32.110000,-0.022730
2025-05-01T14:15:32.120000,-0.002387
2025-05-01T14:15:32.130000,-0.008253
2025-05-01T14:15:32.140000,-0.002734
2025-05-01T14:15:32.150000,-0.011841
2025-05-01T14:15:32.160000,0.009440
2025-05-01T14:15:32.170000,-0.017851
2025-05-01T14:15:32.180000,-0.020497
2025-05-01T14:15:32.190000,-0.003508
2025-05-01T14:15:32.200000,-0.001655
2025-05-01T14:15:32.210000,-0.003650
2025-05-01T14:15:32.220000,0.002833
2025-05-01T14:15:32.230000,0.002274
2025-05-01T14:15:32.240000,-0.002248
2025-05-01T14:15:32.250000,0.002897
2025-05-01T14:15:32.260000,-0.003938
2025-05-01T14:15:32.270000,-0.014199
2025-05-01T14:15:32.280000,0.005701
2025-05-01T14:15:32.290000,0.020212
2025-05-01T14:15:32.300000,-0.001474
2025-05-01T14:15:32.310000,-0.013696
2025-05-01T14:15:32.320000,0.012525
2025-05-01T14:15:32.330000,0.002041
2025-05-01T14:15:32.340000,0.004157
2025-05-01T14:15:32.350000,-0.003310
2025-05-01T14:15:32.360000,-0.001581
2025-05-01T14:15:32.370000,-0.009871
2025-05-01T14:15:32.380000,-0.002927
2025-05-01T14:15:32.390000,0.007049
2025-05-01T14:15:32.400000,0.013848
2025-05-01T14:15:32.410000,-0.004524
2025-05-01T14:15:32.420000,0.000762
2025-05-01T14:15:32.430000,0.013611
2025-05-01T14:15:32.440000,0.012695
2025-05-01T14:15:32.450000,0.011499
2025-05-01T14:15:32.460000,-0.017812
2025-05-01T14:15:32.470000,0.013221
2025-05-01T14:15:32.480000,-0.005115
2025-05-01T14:15:32.490000,0.008218
2025-05-01T14:15:32.500000,0.000832
2025-05-01T14:15:32.510000,0.008269
2025-05-01T14:15:32.520000,0.016593
2025-05-01T14:15:32.530000,0.017059
2025-05-01T14:15:32.540000,-0.001399
2025-05-01T14:15:32.550000,0.008886
2025-05-01T14:15:32.560000,0.012748
2025-05-01T14:15:32.570000,-0.006959
2025-05-01T14:15:32.580000,-0.004588
2025-05-01T14:15:32.590000,0.006443
2025-05-01T14:15:32.600000,-0.006738
2025-05-01T14:15:32.610000,-0.017691
2025-05-01T14:15:32.620000,-0.005707
2025-05-01T14:15:32.630000,-0.000156
2025-05-01T14:15:32.640000,-0.026852
2025-05-01T14:15:32.650000,0.015264
2025-05-01T14:15:32.660000,0.013698
2025-05-01T14:15:32.670000,-0.012006
2025-05-01T14:15:32.680000,0.018935
2025-05-01T14:15:32.690000,0.003587
2025-05-01T14:15:32.700000,-0.001094
2025-05-01T14:15:32.710000,-0.008423
2025-05-01T14:15:32.720000,0.000361
2025-05-01T14:15:32.730000,-0.000309
2025-05-01T14:15:32.740000,0.001062
2025-05-01T14:15:32.750000,-0.018113
2025-05-01T14:15:32.760000,0.002688
2025-05-01T14:15:32.770000,-0.015559
2025-05-01T14:15:32.780000,-0.020240
2025-05-01T14:15:32.790000,0.011147
2025-05-01T14:15:32.800000,0.008262
2025-05-01T14:15:32.810000,0.004420
2025-05-01T14:15:32.820000,-0.015298
2025-05-01T14:15:32.830000,-0.009557
2025-05-01T14:15:32.840000,0.012242
2025-05-01T14:15:32.850000,-0.004461
2025-05-01T14:15:32.860000,-0.009682
2025-05-01T14:15:32.870000,0.022566
2025-05-01T14:15:32.880000,0.008260
2025-05-01T14:15:32.890000,-0.008857
2025-05-01T14:15:32.900000,0.002828
2025-05-01T14:15:32.910000,0.017220
2025-05-01T14:15:32.920000,0.008701
2025-05-01T14:15:32.930000,-0.006638
2025-05-01T14:15:32.940000,-0.005953
2025-05-01T14:15:32.950000,-0.006287
2025-05-01T14:15:32.960000,-0.004407
2025-05-01T14:15:32.970000,0.010924
2025-05-01T14:15:32.980000,0.004830
2025-05-01T14:15:32.990000,0.004858
2025-05-01T14:15:33,0.009939
2025-05-01T14:15:33.010000,-0.004532
2025-05-01T14:15:33.020000,-0.011000
2025-05-01T14:15:33.030000,0.004314
2025-05-01T14:15:33.040000,0.004899
2025-05-01T14:15:33.050000,0.005163
2025-05-01T14:15:33.060000,-0.001602
2025-05-01T14:15:33.070000,-0.003820
2025-05-01T14:15:33.080000,-0.013045
2025-05-01T14:15:33.090000,-0.011856
2025-05-01T14:15:33.100000,0.014326
2025-05-01T14:15:33.110000,0.010209
2025-05-01T14:15:33.120000,0.007245
2025-05-01T14:15:33.130000,0.011460
2025-05-01T14:15:33.140000,0.009113
2025-05-01T14:15:33.150000,0.002596
2025-05-01T14:15:33.160000,-0.008917
2025-05-01T14:15:33.170000,0.007571
2025-05-01T14:15:33.180000,-0.017435
2025-05-01T14:15:33.190000,-0.016411
2025-05-01T14:15:33.200000,-0.004925
2025-05-01T14:15:33.210000,-0.019965
2025-05-01T14:15:33.220000,-0.001525
2025-05-01T14:15:33.230000,0.008643
2025-05-01T14:15:33.240000,0.009111
2025-05-01T14:15:33.250000,0.010549
2025-05-01T14:15:33.260000,-0.013300
2025-05-01T14:15:33.270000,0.009354
2025-05-01T14:15:33.280000,0.004689
2025-05-01T14:15:33.290000,0.009292
2025-05-01T14:15:33.300000,0.001782
2025-05-01T14:15:33.310000,0.001744
2025-05-01T14:15:33.320000,-0.003473
2025-05-01T14:15:33.330000,-0.005486
2025-05-01T14:15:33.340000,-0.002817
2025-05-01T14:15:33.350000,0.008725
2025-05-01T14:15:33.360000,0.006297
2025-05-01T14:15:33.370000,0.018702
2025-05-01T14:15:33.380000,0.004628
2025-05-01T14:15:33.390000,0.011209
2025-05-01T14:15:33.400000,-0.012917
2025-05-01T14:15:33.410000,-0.009625
2025-05-01T14:15:33.420000,-0.003534
2025-05-01T14:15:33.430000,-0.003687
2025-05-01T14:15:33.440000,0.003622
2025-05-01T14:15:33.450000,0.009628
2025-05-01T14:15:33.460000,-0.003068
2025-05-01T14:15:33.470000,0.007944
2025-05-01T14:15:33.480000,0.007246
2025-05-01T14:15:33.490000,0.007356
2025-05-01T14:15:33.500000,0.009875
2025-05-01T14:15:33.510000,-0.022530
2025-05-01T14:15:33.520000,-0.009638
2025-05-01T14:15:33.530000,0.007348
2025-05-01T14:15:33.540000,-0.005939
2025-05-01T14:15:33.550000,0.002536
2025-05-01T14:15:33.560000,-0.012349
2025-05-01T14:15:33.570000,-0.011762
2025-05-01T14:15:33.580000,-0.015580
2025-05-01T14:15:33.590000,0.006704
2025-05-01T14:15:33.600000,-0.008783
2025-05-01T14:15:33.610000,-0.005483
2025-05-01T14:15:33.620000,0.001746
2025-05-01T14:15:33.630000,0.003044
2025-05-01T14:15:33.640000,-0.008634
2025-05-01T14:15:33.650000,-0.010327
2025-05-01T14:15:33.660000,-0.010138
2025-05-01T14:15:33.670000,0.002323
2025-05-01T14:15:33.680000,-0.003057
2025-05-01T14:15:33.690000,0.011434
2025-05-01T14:15:33.700000,-0.012473
2025-05-01T14:15:33.710000,0.013487
2025-05-01T14:15:33.720000,0.004215
2025-05-01T14:15:33.730000,0.007397
2025-05-01T14:15:33.740000,0.001372
2025-05-01T14:15:33.750000,0.016724
2025-05-01T14:15:33.760000,-0.003428
2025-05-01T14:15:33.770000,-0.015089
2025-05-01T14:15:33.780000,0.006435
2025-05-01T14:15:33.790000,-0.027371
2025-05-01T14:15:33.800000,-0.018507
2025-05-01T14:15:33.810000,-0.002781
2025-05-01T14:15:33.820000,0.020104
2025-05-01T14:15:33.830000,-0.000028
2025-05-01T14:15:33.840000,-0.008526
2025-05-01T14:15:33.850000,0.034144
2025-05-01T14:15:33.860000,0.005083
2025-05-01T14:15:33.870000,-0.009758
2025-05-01T14:15:33.880000,-0.000703
2025-05-01T14:15:33.890000,-0.002926
2025-05-01T14:15:33.900000,-0.013494
2025-05-01T14:15:33.910000,-0.005369
2025-05-01T14:15:33.920000,0.000404
2025-05-01T14:15:33.930000,-0.000090
2025-05-01T14:15:33.940000,-0.007141
2025-05-01T14:15:33.950000,0.002049
2025-05-01T14:15:33.960000,0.014847
2025-05-01T14:15:33.970000,-0.006076
2025-05-01T14:15:33.980000,0.013087
2025-05-01T14:15:33.990000,0.001757
2025-05-01T14:15:34,-0.005491
2025-05-01T14:15:34.010000,0.001898
2025-05-01T14:15:34.020000,-0.008304
2025-05-01T14:15:34.030000,0.015240
2025-05-01T14:15:34.040000,-0.006210
2025-05-01T14:15:34.050000,0.007840
2025-05-01T14:15:34.060000,-0.012756
2025-05-01T14:15:34.070000,-0.009553
2025-05-01T14:15:34.080000,-0.007100
2025-05-01T14:15:34.090000,-0.011572
2025-05-01T14:15:34.100000,-0.000163
2025-05-01T14:15:34.110000,0.011662
2025-05-01T14:15:34.120000,0.001888
2025-05-01T14:15:34.130000,-0.005795
2025-05-01T14:15:34.140000,-0.007632
2025-05-01T14:15:34.150000,0.004007
2025-05-01T14:15:34.160000,0.005110
2025-05-01T14:15:34.170000,0.005526
2025-05-01T14:15:34.180000,-0.005752
2025-05-01T14:15:34.190000,0.001670
2025-05-01T14:15:34.200000,0.005082
2025-05-01T14:15:34.210000,-0.005643
2025-05-01T14:15:34.220000,0.012408
2025-05-01T14:15:34.230000,-0.001504
2025-05-01T14:15:34.240000,-0.017131
2025-05-01T14:15:34.250000,-0.007925
2025-05-01T14:15:34.260000,-0.008792
2025-05-01T14:15:34.270000,0.005186
2025-05-01T14:15:34.280000,-0.013487
2025-05-01T14:15:34.290000,-0.010707
2025-05-01T14:15:34.300000,0.028274
2025-05-01T14:15:34.310000,-0.001636
2025-05-01T14:15:34.320000,-0.007709
2025-05-01T14:15:34.330000,0.007774
2025-05-01T14:15:34.340000,0.010296
2025-05-01T14:15:34.350000,-0.003922
2025-05-01T14:15:34.360000,-0.009113
2025-05-01T14:15:34.370000,0.009020
2025-05-01T14:15:34.380000,-0.001688
2025-05-01T14:15:34.390000,0.011180
2025-05-01T14:15:34.400000,-0.014654
2025-05-01T14:15:34.410000,-0.002228
2025-05-01T14:15:34.420000,0.004722
2025-05-01T14:15:34.430000,-0.001793
2025-05-01T14:15:34.440000,0.017278
2025-05-01T14:15:34.450000,0.003437
2025-05-01T14:15:34.460000,0.002374
2025-05-01T14:15:34.470000,-0.000525
2025-05-01T14:15:34.480000,-0.001261
2025-05-01T14:15:34.490000,-0.002937
2025-05-01T14:15:34.500000,-0.003555
2025-05-01T14:15:34.510000,-0.015198
2025-05-01T14:15:34.520000,0.005618
2025-05-01T14:15:34.530000,-0.005866
2025-05-01T14:15:34.540000,0.001027
2025-05-01T14:15:34.550000,-0.000319
2025-05-01T14:15:34.560000,0.011579
2025-05-01T14:15:34.570000,-0.011518
2025-05-01T14:15:34.580000,-0.016086
2025-05-01T14:15:34.590000,0.011117
2025-05-01T14:15:34.600000,-0.008643
2025-05-01T14:15:34.610000,-0.012424
2025-05-01T14:15:34.620000,0.008147
2025-05-01T14:15:34.630000,0.017473
2025-05-01T14:15:34.640000,0.005582
2025-05-01T14:15:34.650000,0.015602
2025-05-01T14:15:34.660000,-0.011887
2025-05-01T14:15:34.670000,-0.000790
2025-05-01T14:15:34.680000,-0.005612
2025-05-01T14:15:34.690000,-0.017594
2025-05-01T14:15:34.700000,0.012869
2025-05-01T14:15:34.710000,-0.001439
2025-05-01T14:15:34.720000,0.007402
2025-05-01T14:15:34.730000,-0.012417
2025-05-01T14:15:34.740000,0.000688
2025-05-01T14:15:34.750000,-0.020566
2025-05-01T14:15:34.760000,0.010455
2025-05-01T14:15:34.770000,0.004952
2025-05-01T14:15:34.780000,0.002046
2025-05-01T14:15:34.790000,0.000246
2025-05-01T14:15:34.800000,-0.006899
2025-05-01T14:15:34.810000,-0.011021
2025-05-01T14:15:34.820000,0.003064
2025-05-01T14:15:34.830000,0.007372
2025-05-01T14:15:34.840000,-0.005683
2025-05-01T14:15:34.850000,0.009851
2025-05-01T14:15:34.860000,0.005163
2025-05-01T14:15:34.870000,0.015911
2025-05-01T14:15:34.880000,-0.003879
2025-05-01T14:15:34.890000,-0.013633
2025-05-01T14:15:34.900000,0.016111
2025-05-01T14:15:34.910000,0.004021
2025-05-01T14:15:34.920000,-0.017824
2025-05-01T14:15:34.930000,0.002999
2025-05-01T14:15:34.940000,0.002157
2025-05-01T14:15:34.950000,-0.000775
2025-05-01T14:15:34.960000,0.003717
2025-05-01T14:15:34.970000,0.004581
2025-05-01T14:15:34.980000,0.002083
2025-05-01T14:15:34.990000,-0.017707
2025-05-01T14:15:35,0.001515
2025-05-01T14:15:35.010000,0.016222
2025-05-01T14:15:35.020000,0.011698
2025-05-01T14:15:35.030000,-0.001167
2025-05-01T14:15:35.040000,-0.004860
2025-05-01T14:15:35.050000,0.008681
2025-05-01T14:15:35.060000,-0.006656
2025-05-01T14:15:35.070000,0.003785
2025-05-01T14:15:35.080000,0.012676
2025-05-01T14:15:35.090000,0.006377
2025-05-01T14:15:35.100000,-0.008919
2025-05-01T14:15:35.110000,0.001901
2025-05-01T14:15:35.120000,0.001947
2025-05-01T14:15:35.130000,0.005002
2025-05-01T14:15:35.140000,-0.020070
2025-05-01T14:15:35.150000,-0.007027
2025-05-01T14:15:35.160000,-0.009384
2025-05-01T14:15:35.170000,0.003629
2025-05-01T14:15:35.180000,-0.003067
2025-05-01T14:15:35.190000,0.009263
2025-05-01T14:15:35.200000,0.014769
2025-05-01T14:15:35.210000,0.008747
2025-05-01T14:15:35.220000,0.004566
2025-05-01T14:15:35.230000,-0.002765
2025-05-01T14:15:35.240000,0.001380
2025-05-01T14:15:35.250000,-0.012206
2025-05-01T14:15:35.260000,-0.005561
2025-05-01T14:15:35.270000,0.004317
2025-05-01T14:15:35.280000,0.004782
2025-05-01T14:15:35.290000,-0.009670
2025-05-01T14:15:35.300000,0.001544
2025-05-01T14:15:35.310000,-0.001392
2025-05-01T14:15:35.320000,-0.005342
2025-05-01T14:15:35.330000,0.023240
2025-05-01T14:15:35.340000,0.011322
2025-05-01T14:15:35.350000,-0.004368
2025-05-01T14:15:35.360000,-0.012749
2025-05-01T14:15:35.370000,-0.005644
2025-05-01T14:15:35.380000,-0.001687
2025-05-01T14:15:35.390000,-0.010256
2025-05-01T14:15:35.400000,-0.019793
2025-05-01T14:15:35.410000,-0.000421
2025-05-01T14:15:35.420000,0.002249
2025-05-01T14:15:35.430000,0.006314
2025-05-01T14:15:35.440000,0.013450
2025-05-01T14:15:35.450000,0.013949
2025-05-01T14:15:35.460000,0.004958
2025-05-01T14:15:35.470000,-0.010776
2025-05-01T14:15:35.480000,0.010409
2025-05-01T14:15:35.490000,0.011957
2025-05-01T14:15:35.500000,0.003852
2025-05-01T14:15:35.510000,0.017288
2025-05-01T14:15:35.520000,-0.001390
2025-05-01T14:15:35.530000,0.003488
2025-05-01T14:15:35.540000,0.007035
2025-05-01T14:15:35.550000,0.005176
2025-05-01T14:15:35.560000,-0.004823
2025-05-01T14:15:35.570000,-0.007074
2025-05-01T14:15:35.580000,-0.012622
2025-05-01T14:15:35.590000,-0.009070
2025-05-01T14:15:35.600000,-0.021693
2025-05-01T14:15:35.610000,-0.009641
2025-05-01T14:15:35.620000,-0.007596
2025-05-01T14:15:35.630000,0.005615
2025-05-01T14:15:35.640000,0.012124
2025-05-01T14:15:35.650000,0.010880
2025-05-01T14:15:35.660000,0.005231
2025-05-01T14:15:35.670000,-0.010816
2025-05-01T14:15:35.680000,0.012267
2025-05-01T14:15:35.690000,-0.000577
2025-05-01T14:15:35.700000,-0.019690
2025-05-01T14:15:35.710000,-0.002098
2025-05-01T14:15:35.720000,0.000745
2025-05-01T14:15:35.730000,-0.003507
2025-05-01T14:15:35.740000,-0.012035
2025-05-01T14:15:35.750000,0.013220
2025-05-01T14:15:35.760000,0.012572
2025-05-01T14:15:35.770000,-0.008391
2025-05-01T14:15:35.780000,-0.009610
2025-05-01T14:15:35.790000,0.009989
2025-05-01T14:15:35.800000,0.005729
2025-05-01T14:15:35.810000,0.016117
2025-05-01T14:15:35.820000,-0.011538
2025-05-01T14:15:35.830000,0.010882
2025-05-01T14:15:35.840000,-0.007152
2025-05-01T14:15:35.850000,-0.008850
2025-05-01T14:15:35.860000,0.006140
2025-05-01T14:15:35.870000,-0.009936
2025-05-01T14:15:35.880000,0.002776
2025-05-01T14:15:35.890000,0.000601
2025-05-01T14:15:35.900000,-0.001635
2025-05-01T14:15:35.910000,0.004681
2025-05-01T14:15:35.920000,-0.001289
2025-05-01T14:15:35.930000,-0.013052
2025-05-01T14:15:35.940000,-0.007485
2025-05-01T14:15:35.950000,-0.006592
2025-05-01T14:15:35.960000,-0.000654
2025-05-01T14:15:35.970000,-0.015047
2025-05-01T14:15:35.980000,-0.000081
2025-05-01T14:15:35.990000,0.009736
2025-05-01T14:15:36,0.023374
2025-05-01T14:15:36.010000,0.000980
2025-05-01T14:15:36.020000,0.011498
2025-05-01T14:15:36.030000,-0.002145
2025-05-01T14:15:36.040000,0.002209
2025-05-01T14:15:36.050000,-0.012774
2025-05-01T14:15:36.060000,0.008381
2025-05-01T14:15:36.070000,0.002588
2025-05-01T14:15:36.080000,-0.003502
2025-05-01T14:15:36.090000,-0.002462
2025-05-01T14:15:36.100000,0.006860
2025-05-01T14:15:36.110000,0.005640
2025-05-01T14:15:36.120000,0.010280
2025-05-01T14:15:36.130000,-0.009986
2025-05-01T14:15:36.140000,-0.008757
2025-05-01T14:15:36.150000,-0.002385
2025-05-01T14:15:36.160000,-0.005973
2025-05-01T14:15:36.170000,0.015728
2025-05-01T14:15:36.180000,0.013611
2025-05-01T14:15:36.190000,-0.005119
2025-05-01T14:15:36.200000,-0.001289
2025-05-01T14:15:36.210000,-0.022800
2025-05-01T14:15:36.220000,0.005902
2025-05-01T14:15:36.230000,-0.000801
2025-05-01T14:15:36.240000,-0.007290
2025-05-01T14:15:36.250000,0.007395
2025-05-01T14:15:36.260000,-0.011353
2025-05-01T14:15:36.270000,0.017005
2025-05-01T14:15:36.280000,-0.004570
2025-05-01T14:15:36.290000,-0.014173
2025-05-01T14:15:36.300000,0.005822
2025-05-01T14:15:36.310000,-0.002795
2025-05-01T14:15:36.320000,0.003361
2025-05-01T14:15:36.330000,0.011380
2025-05-01T14:15:36.340000,-0.008388
2025-05-01T14:15:36.350000,-0.002669
2025-05-01T14:15:36.360000,-0.010985
2025-05-01T14:15:36.370000,0.017564
2025-05-01T14:15:36.380000,0.013836
2025-05-01T14:15:36.390000,0.010032
2025-05-01T14:15:36.400000,-0.011588
2025-05-01T14:15:36.410000,-0.016960
2025-05-01T14:15:36.420000,0.005464
2025-05-01T14:15:36.430000,0.023507
2025-05-01T14:15:36.440000,0.006423
2025-05-01T14:15:36.450000,-0.004905
2025-05-01T14:15:36.460000,-0.009671
2025-05-01T14:15:36.470000,0.011403
2025-05-01T14:15:36.480000,-0.002372
2025-05-01T14:15:36.490000,0.004645
2025-05-01T14:15:36.500000,-0.007995
2025-05-01T14:15:36.510000,-0.007689
2025-05-01T14:15:36.520000,-0.002827
2025-05-01T14:15:36.530000,0.004005
2025-05-01T14:15:36.540000,-0.004021
2025-05-01T14:15:36.550000,-0.002016
2025-05-01T14:15:36.560000,0.014733
2025-05-01T14:15:36.570000,0.003672
2025-05-01T14:15:36.580000,-0.003216
2025-05-01T14:15:36.590000,0.010392
2025-05-01T14:15:36.600000,0.005563
2025-05-01T14:15:36.610000,-0.024991
2025-05-01T14:15:36.620000,-0.001288
2025-05-01T14:15:36.630000,0.007564
2025-05-01T14:15:36.640000,0.004187
2025-05-01T14:15:36.650000,-0.001422
2025-05-01T14:15:36.660000,-0.015069
2025-05-01T14:15:36.670000,-0.026428
2025-05-01T14:15:36.680000,-0.002240
2025-05-01T14:15:36.690000,-0.003135
2025-05-01T14:15:36.700000,0.017432
2025-05-01T14:15:36.710000,-0.007947
2025-05-01T14:15:36.720000,0.002278
2025-05-01T14:15:36.730000,-0.001413
2025-05-01T14:15:36.740000,0.000070
2025-05-01T14:15:36.750000,-0.006056
2025-05-01T14:15:36.760000,0.006776
2025-05-01T14:15:36.770000,-0.001322
2025-05-01T14:15:36.780000,-0.012379
2025-05-01T14:15:36.790000,-0.016407
2025-05-01T14:15:36.800000,0.020562
2025-05-01T14:15:36.810000,-0.010279
2025-05-01T14:15:36.820000,-0.025276
2025-05-01T14:15:36.830000,0.009457
2025-05-01T14:15:36.840000,-0.008742
2025-05-01T14:15:36.850000,0.015500
2025-05-01T14:15:36.860000,0.008021
2025-05-01T14:15:36.870000,-0.011499
2025-05-01T14:15:36.880000,0.006145
2025-05-01T14:15:36.890000,0.014544
2025-05-01T14:15:36.900000,-0.008286
2025-05-01T14:15:36.910000,-0.005128
2025-05-01T14:15:36.920000,-0.006892
2025-05-01T14:15:36.930000,-0.002489
2025-05-01T14:15:36.940000,0.002352
2025-05-01T14:15:36.950000,0.007198
2025-05-01T14:15:36.960000,0.003581
2025-05-01T14:15:36.970000,0.008337
2025-05-01T14:15:36.980000,0.008606
2025-05-01T14:15:36.990000,-0.002882
2025-05-01T14:15:37,0.007202
2025-05-01T14:15:37.010000,-0.016006
2025-05-01T14:15:37.020000,0.005605
2025-05-01T14:15:37.030000,-0.006539
2025-05-01T14:15:37.040000,0.005708
2025-05-01T14:15:37.050000,-0.009640
2025-05-01T14:15:37.060000,-0.000378
2025-05-01T14:15:37.070000,0.010332
2025-05-01T14:15:37.080000,0.006465
2025-05-01T14:15:37.090000,-0.016347
2025-05-01T14:15:37.100000,0.000806
2025-05-01T14:15:37.110000,0.014865
2025-05-01T14:15:37.120000,0.005797
2025-05-01T14:15:37.130000,0.005204
2025-05-01T14:15:37.140000,0.014031
2025-05-01T14:15:37.150000,-0.000518
2025-05-01T14:15:37.160000,0.018687
2025-05-01T14:15:37.170000,-0.010619
2025-05-01T14:15:37.180000,0.003245
2025-05-01T14:15:37.190000,0.005986
2025-05-01T14:15:37.200000,0.006397
2025-05-01T14:15:37.210000,-0.006518
2025-05-01T14:15:37.220000,-0.005147
2025-05-01T14:15:37.230000,-0.014713
2025-05-01T14:15:37.240000,0.006067
2025-05-01T14:15:37.250000,-0.009048
2025-05-01T14:15:37.260000,-0.009944
2025-05-01T14:15:37.270000,-0.007084
2025-05-01T14:15:37.280000,-0.010045
2025-05-01T14:15:37.290000,-0.011608
2025-05-01T14:15:37.300000,0.006483
2025-05-01T14:15:37.310000,-0.002216
2025-05-01T14:15:37.320000,0.002901
2025-05-01T14:15:37.330000,-0.019320
2025-05-01T14:15:37.340000,-0.011914
2025-05-01T14:15:37.350000,0.008850
2025-05-01T14:15:37.360000,0.001423
2025-05-01T14:15:37.370000,-0.015231
2025-05-01T14:15:37.380000,-0.008545
2025-05-01T14:15:37.390000,0.021078
2025-05-01T14:15:37.400000,-0.007260
2025-05-01T14:15:37.410000,-0.006307
2025-05-01T14:15:37.420000,-0.008278
2025-05-01T14:15:37.430000,-0.008481
2025-05-01T14:15:37.440000,-0.016102
2025-05-01T14:15:37.450000,-0.007432
2025-05-01T14:15:37.460000,0.010455
2025-05-01T14:15:37.470000,0.008059
2025-05-01T14:15:37.480000,0.015207
2025-05-01T14:15:37.490000,-0.009270
2025-05-01T14:15:37.500000,0.006204
2025-05-01T14:15:37.510000,-0.004409
2025-05-01T14:15:37.520000,-0.009261
2025-05-01T14:15:37.530000,-0.007060
2025-05-01T14:15:37.540000,-0.013563
2025-05-01T14:15:37.550000,0.003432
2025-05-01T14:15:37.560000,-0.005895
2025-05-01T14:15:37.570000,-0.025695
2025-05-01T14:15:37.580000,0.005305
2025-05-01T14:15:37.590000,-0.005144
2025-05-01T14:15:37.600000,0.001179
2025-05-01T14:15:37.610000,-0.004490
2025-05-01T14:15:37.620000,-0.022505
2025-05-01T14:15:37.630000,0.001373
2025-05-01T14:15:37.640000,-0.001736
2025-05-01T14:15:37.650000,-0.002966
2025-05-01T14:15:37.660000,-0.005798
2025-05-01T14:15:37.670000,0.012714
2025-05-01T14:15:37.680000,-0.003801
2025-05-01T14:15:37.690000,0.001174
2025-05-01T14:15:37.700000,0.001632
2025-05-01T14:15:37.710000,-0.004445
2025-05-01T14:15:37.720000,-0.007935
2025-05-01T14:15:37.730000,-0.004215
2025-05-01T14:15:37.740000,0.023029
2025-05-01T14:15:37.750000,0.011313
2025-05-01T14:15:37.760000,0.003821
2025-05-01T14:15:37.770000,-0.006943
2025-05-01T14:15:37.780000,0.005873
2025-05-01T14:15:37.790000,0.002981
2025-05-01T14:15:37.800000,0.000837
2025-05-01T14:15:37.810000,0.011925
2025-05-01T14:15:37.820000,0.004771
2025-05-01T14:15:37.830000,0.016869
2025-05-01T14:15:37.840000,-0.001129
2025-05-01T14:15:37.850000,-0.023018
2025-05-01T14:15:37.860000,0.005670
2025-05-01T14:15:37.870000,-0.002152
2025-05-01T14:15:37.880000,-0.004731
2025-05-01T14:15:37.890000,-0.015855
2025-05-01T14:15:37.900000,-0.002699
2025-05-01T14:15:37.910000,0.007022
2025-05-01T14:15:37.920000,-0.018565
2025-05-01T14:15:37.930000,0.018380
2025-05-01T14:15:37.940000,-0.001220
2025-05-01T14:15:37.950000,-0.003583
2025-05-01T14:15:37.960000,-0.010695
2025-05-01T14:15:37.970000,0.013597
2025-05-01T14:15:37.980000,0.004822
2025-05-01T14:15:37.990000,0.007526
2025-05-01T14:15:38,-0.004200
2025-05-01T14:15:38.010000,-0.010185
2025-05-01T14:15:38.020000,0.026794
2025-05-01T14:15:38.030000,0.003087
2025-05-01T14:15:38.040000,-0.006340
2025-05-01T14:15:38.050000,-0.004948
2025-05-01T14:15:38.060000,-0.000885
2025-05-01T14:15:38.070000,0.000620
2025-05-01T14:15:38.080000,0.024799
2025-05-01T14:15:38.090000,-0.015633
2025-05-01T14:15:38.100000,-0.001828
2025-05-01T14:15:38.110000,-0.011697
2025-05-01T14:15:38.120000,-0.007777
2025-05-01T14:15:38.130000,0.001972
2025-05-01T14:15:38.140000,-0.006309
2025-05-01T14:15:38.150000,0.015098
2025-05-01T14:15:38.160000,-0.000210
2025-05-01T14:15:38.170000,-0.011919
2025-05-01T14:15:38.180000,0.009220
2025-05-01T14:15:38.190000,0.007968
2025-05-01T14:15:38.200000,0.004528
2025-05-01T14:15:38.210000,-0.004505
2025-05-01T14:15:38.220000,0.004646
2025-05-01T14:15:38.230000,0.000986
2025-05-01T14:15:38.240000,0.003787
2025-05-01T14:15:38.250000,-0.012649
2025-05-01T14:15:38.260000,-0.001894
2025-05-01T14:15:38.270000,0.002231
2025-05-01T14:15:38.280000,-0.007492
2025-05-01T14:15:38.290000,-0.002482
2025-05-01T14:15:38.300000,-0.002348
2025-05-01T14:15:38.310000,-0.004163
2025-05-01T14:15:38.320000,-0.001290
2025-05-01T14:15:38.330000,-0.020461
2025-05-01T14:15:38.340000,-0.002432
2025-05-01T14:15:38.350000,0.004014
2025-05-01T14:15:38.360000,0.004706
2025-05-01T14:15:38.370000,-0.014149
2025-05-01T14:15:38.380000,0.000678
2025-05-01T14:15:38.390000,0.002334
2025-05-01T14:15:38.400000,-0.013753
2025-05-01T14:15:38.410000,0.017495
2025-05-01T14:15:38.420000,-0.009202
2025-05-01T14:15:38.430000,0.009182
2025-05-01T14:15:38.440000,-0.020498
2025-05-01T14:15:38.450000,0.006166
2025-05-01T14:15:38.460000,-0.023452
2025-05-01T14:15:38.470000,0.020973
2025-05-01T14:15:38.480000,0.005981
2025-05-01T14:15:38.490000,-0.000847
2025-05-01T14:15:38.500000,-0.008043
2025-05-01T14:15:38.510000,0.002680
2025-05-01T14:15:38.520000,-0.017590
2025-05-01T14:15:38.530000,0.007498
2025-05-01T14:15:38.540000,-0.010031
2025-05-01T14:15:38.550000,-0.002323
2025-05-01T14:15:38.560000,-0.017761
2025-05-01T14:15:38.570000,-0.001933
2025-05-01T14:15:38.580000,0.008934
2025-05-01T14:15:38.590000,0.002427
2025-05-01T14:15:38.600000,0.001791
2025-05-01T14:15:38.610000,0.006939
2025-05-01T14:15:38.620000,-0.012543
2025-05-01T14:15:38.630000,0.004641
2025-05-01T14:15:38.640000,0.012466
2025-05-01T14:15:38.650000,0.009952
2025-05-01T14:15:38.660000,0.000465
2025-05-01T14:15:38.670000,0.002674
2025-05-01T14:15:38.680000,0.002313
2025-05-01T14:15:38.690000,-0.008722
2025-05-01T14:15:38.700000,0.010390
2025-05-01T14:15:38.710000,0.002516
2025-05-01T14:15:38.720000,-0.001440
2025-05-01T14:15:38.730000,-0.008563
2025-05-01T14:15:38.740000,-0.003892
2025-05-01T14:15:38.750000,-0.007201
2025-05-01T14:15:38.760000,-0.001237
2025-05-01T14:15:38.770000,0.004294
2025-05-01T14:15:38.780000,0.000004
2025-05-01T14:15:38.790000,-0.002685
2025-05-01T14:15:38.800000,0.006280
2025-05-01T14:15:38.810000,-0.022690
2025-05-01T14:15:38.820000,-0.008135
2025-05-01T14:15:38.830000,0.001049
2025-05-01T14:15:38.840000,-0.011317
2025-05-01T14:15:38.850000,-0.012944
2025-05-01T14:15:38.860000,0.013733
2025-05-01T14:15:38.870000,0.004358
2025-05-01T14:15:38.880000,0.022914
2025-05-01T14:15:38.890000,-0.003402
2025-05-01T14:15:38.900000,0.012926
2025-05-01T14:15:38.910000,0.007355
2025-05-01T14:15:38.920000,-0.007327
2025-05-01T14:15:38.930000,0.000819
2025-05-01T14:15:38.940000,0.004975
2025-05-01T14:15:38.950000,-0.019626
2025-05-01T14:15:38.960000,-0.006393
2025-05-01T14:15:38.970000,-0.003506
2025-05-01T14:15:38.980000,-0.002874
2025-05-01T14:15:38.990000,-0.001480
2025-05-01T14:15:39,-0.006741
2025-05-01T14:15:39.010000,0.000964
2025-05-01T14:15:39.020000,-0.003754
2025-05-01T14:15:39.030000,0.004540
2025-05-01T14:15:39.040000,0.008084
2025-05-01T14:15:39.050000,0.012088
2025-05-01T14:15:39.060000,0.000479
2025-05-01T14:15:39.070000,-0.001871
2025-05-01T14:15:39.080000,-0.004606
2025-05-01T14:15:39.090000,0.007688
2025-05-01T14:15:39.100000,-0.010234
2025-05-01T14:15:39.110000,0.016797
2025-05-01T14:15:39.120000,0.027005
2025-05-01T14:15:39.130000,-0.004411
2025-05-01T14:15:39.140000,-0.001564
2025-05-01T14:15:39.150000,0.008289
2025-05-01T14:15:39.160000,-0.005894
2025-05-01T14:15:39.170000,-0.001052
2025-05-01T14:15:39.180000,0.000951
2025-05-01T14:15:39.190000,0.001786
2025-05-01T14:15:39.200000,0.007094
2025-05-01T14:15:39.210000,-0.011709
2025-05-01T14:15:39.220000,-0.003623
2025-05-01T14:15:39.230000,-0.004824
2025-05-01T14:15:39.240000,0.013203
2025-05-01T14:15:39.250000,0.002086
2025-05-01T14:15:39.260000,0.006674
2025-05-01T14:15:39.270000,-0.001769
2025-05-01T14:15:39.280000,0.010519
2025-05-01T14:15:39.290000,-0.004295
2025-05-01T14:15:39.300000,-0.008407
2025-05-01T14:15:39.310000,-0.004336
2025-05-01T14:15:39.320000,0.003636
2025-05-01T14:15:39.330000,0.009676
2025-05-01T14:15:39.340000,0.006523
2025-05-01T14:15:39.350000,-0.009515
2025-05-01T14:15:39.360000,-0.013244
2025-05-01T14:15:39.370000,0.007277
2025-05-01T14:15:39.380000,-0.005921
2025-05-01T14:15:39.390000,-0.012427
2025-05-01T14:15:39.400000,0.002764
2025-05-01T14:15:39.410000,0.000881
2025-05-01T14:15:39.420000,0.005147
2025-05-01T14:15:39.430000,0.004113
2025-05-01T14:15:39.440000,0.010731
2025-05-01T14:15:39.450000,0.006891
2025-05-01T14:15:39.460000,-0.010477
2025-05-01T14:15:39.470000,0.022463
2025-05-01T14:15:39.480000,0.013904
2025-05-01T14:15:39.490000,0.011146
2025-05-01T14:15:39.500000,0.001440
2025-05-01T14:15:39.510000,-0.009186
2025-05-01T14:15:39.520000,-0.007688
2025-05-01T14:15:39.530000,-0.012461
2025-05-01T14:15:39.540000,0.018885
2025-05-01T14:15:39.550000,-0.003187
2025-05-01T14:15:39.560000,0.012150
2025-05-01T14:15:39.570000,-0.018560
2025-05-01T14:15:39.580000,0.001940
2025-05-01T14:15:39.590000,-0.009951
2025-05-01T14:15:39.600000,0.005941
2025-05-01T14:15:39.610000,-0.003092
2025-05-01T14:15:39.620000,0.005170
2025-05-01T14:15:39.630000,-0.020135
2025-05-01T14:15:39.640000,-0.020763
2025-05-01T14:15:39.650000,0.001864
2025-05-01T14:15:39.660000,0.011003
2025-05-01T14:15:39.670000,0.010069
2025-05-01T14:15:39.680000,0.000307
2025-05-01T14:15:39.690000,0.012524
2025-05-01T14:15:39.700000,0.001576
2025-05-01T14:15:39.710000,0.010157
2025-05-01T14:15:39.720000,0.012246
2025-05-01T14:15:39.730000,-0.004349
2025-05-01T14:15:39.740000,-0.006502
2025-05-01T14:15:39.750000,0.018728
2025-05-01T14:15:39.760000,-0.006311
2025-05-01T14:15:39.770000,-0.005037
2025-05-01T14:15:39.780000,-0.006139
2025-05-01T14:15:39.790000,0.002936
2025-05-01T14:15:39.800000,0.025714
2025-05-01T14:15:39.810000,0.016346
2025-05-01T14:15:39.820000,-0.012807
2025-05-01T14:15:39.830000,-0.003252
2025-05-01T14:15:39.840000,-0.003355
2025-05-01T14:15:39.850000,0.027876
2025-05-01T14:15:39.860000,0.010046
2025-05-01T14:15:39.870000,0.002748
2025-05-01T14:15:39.880000,-0.001673
2025-05-01T14:15:39.890000,-0.010967
2025-05-01T14:15:39.900000,0.015077
2025-05-01T14:15:39.910000,0.001480
2025-05-01T14:15:39.920000,0.011628
2025-05-01T14:15:39.930000,0.008458
2025-05-01T14:15:39.940000,-0.003310
2025-05-01T14:15:39.950000,-0.002800
2025-05-01T14:15:39.960000,0.006181
2025-05-01T14:15:39.970000,-0.016724
2025-05-01T14:15:39.980000,-0.001837
2025-05-01T14:15:39.990000,0.008240
2025-05-01T14:15:40,-0.013236
2025-05-01T14:15:40.010000,-0.013682
2025-05-01T14:15:40.020000,-0.001524
2025-05-01T14:15:40.030000,0.017246
2025-05-01T14:15:40.040000,-0.002890
2025-05-01T14:15:40.050000,-0.015273
2025-05-01T14:15:40.060000,0.008494
2025-05-01T14:15:40.070000,-0.002604
2025-05-01T14:15:40.080000,-0.005523
2025-05-01T14:15:40.090000,-0.006873
2025-05-01T14:15:40.100000,-0.015108
2025-05-01T14:15:40.110000,-0.002222
2025-05-01T14:15:40.120000,-0.011623
2025-05-01T14:15:40.130000,0.025048
2025-05-01T14:15:40.140000,-0.013946
2025-05-01T14:15:40.150000,0.016413
2025-05-01T14:15:40.160000,0.000763
2025-05-01T14:15:40.170000,0.020776
2025-05-01T14:15:40.180000,0.005628
2025-05-01T14:15:40.190000,0.013804
2025-05-01T14:15:40.200000,-0.005045
2025-05-01T14:15:40.210000,-0.004807
2025-05-01T14:15:40.220000,-0.002957
2025-05-01T14:15:40.230000,0.001598
2025-05-01T14:15:40.240000,0.010395
2025-05-01T14:15:40.250000,0.018215
2025-05-01T14:15:40.260000,-0.010528
2025-05-01T14:15:40.270000,-0.011268
2025-05-01T14:15:40.280000,0.006516
2025-05-01T14:15:40.290000,-0.007338
2025-05-01T14:15:40.300000,-0.004609
2025-05-01T14:15:40.310000,-0.001590
2025-05-01T14:15:40.320000,0.011483
2025-05-01T14:15:40.330000,-0.007879
2025-05-01T14:15:40.340000,0.015990
2025-05-01T14:15:40.350000,-0.004801
2025-05-01T14:15:40.360000,-0.001290
2025-05-01T14:15:40.370000,0.001164
2025-05-01T14:15:40.380000,-0.006637
2025-05-01T14:15:40.390000,0.012184
2025-05-01T14:15:40.400000,0.007189
2025-05-01T14:15:40.410000,0.006990
2025-05-01T14:15:40.420000,-0.000058
2025-05-01T14:15:40.430000,0.001659
2025-05-01T14:15:40.440000,-0.009742
2025-05-01T14:15:40.450000,0.010176
2025-05-01T14:15:40.460000,0.004994
2025-05-01T14:15:40.470000,-0.000398
2025-05-01T14:15:40.480000,0.005408
2025-05-01T14:15:40.490000,-0.011415
2025-05-01T14:15:40.500000,0.010303
2025-05-01T14:15:40.510000,0.012698
2025-05-01T14:15:40.520000,0.004139
2025-05-01T14:15:40.530000,-0.022948
2025-05-01T14:15:40.540000,-0.021381
2025-05-01T14:15:40.550000,-0.002722
2025-05-01T14:15:40.560000,-0.003594
2025-05-01T14:15:40.570000,-0.016975
2025-05-01T14:15:40.580000,-0.002083
2025-05-01T14:15:40.590000,-0.008299
2025-05-01T14:15:40.600000,-0.010822
2025-05-01T14:15:40.610000,0.017739
2025-05-01T14:15:40.620000,0.008279
2025-05-01T14:15:40.630000,-0.025107
2025-05-01T14:15:40.640000,0.000526
2025-05-01T14:15:40.650000,-0.004328
2025-05-01T14:15:40.660000,0.000885
2025-05-01T14:15:40.670000,0.001881
2025-05-01T14:15:40.680000,-0.007769
2025-05-01T14:15:40.690000,0.015990
2025-05-01T14:15:40.700000,0.001109
2025-05-01T14:15:40.710000,0.011280
2025-05-01T14:15:40.720000,0.017307
2025-05-01T14:15:40.730000,-0.003761
2025-05-01T14:15:40.740000,-0.008390
2025-05-01T14:15:40.750000,0.011451
2025-05-01T14:15:40.760000,-0.005533
2025-05-01T14:15:40.770000,-0.002900
2025-05-01T14:15:40.780000,-0.003408
2025-05-01T14:15:40.790000,-0.016070
2025-05-01T14:15:40.800000,0.013543
2025-05-01T14:15:40.810000,-0.007779
2025-05-01T14:15:40.820000,0.003597
2025-05-01T14:15:40.830000,0.003820
2025-05-01T14:15:40.840000,0.004443
2025-05-01T14:15:40.850000,-0.000258
2025-05-01T14:15:40.860000,-0.002562
2025-05-01T14:15:40.870000,0.002949
2025-05-01T14:15:40.880000,0.006729
2025-05-01T14:15:40.890000,0.002149
2025-05-01T14:15:40.900000,-0.001325
2025-05-01T14:15:40.910000,0.006148
2025-05-01T14:15:40.920000,-0.029488
2025-05-01T14:15:40.930000,0.000627
2025-05-01T14:15:40.940000,-0.001462
2025-05-01T14:15:40.950000,0.002235
2025-05-01T14:15:40.960000,0.006091
2025-05-01T14:15:40.970000,-0.013250
2025-05-01T14:15:40.980000,0.001954
2025-05-01T14:15:40.990000,-0.004144
2025-05-01T14:15:41,0.007573
2025-05-01T14:15:41.010000,0.004790
2025-05-01T14:15:41.020000,-0.003548
2025-05-01T14:15:41.030000,-0.011978
2025-05-01T14:15:41.040000,0.012853
2025-05-01T14:15:41.050000,0.021395
2025-05-01T14:15:41.060000,0.000587
2025-05-01T14:15:41.070000,-0.000470
2025-05-01T14:15:41.080000,-0.009134
2025-05-01T14:15:41.090000,0.005674
2025-05-01T14:15:41.100000,0.009226
2025-05-01T14:15:41.110000,-0.009149
2025-05-01T14:15:41.120000,-0.022970
2025-05-01T14:15:41.130000,0.001148
2025-05-01T14:15:41.140000,0.006369
2025-05-01T14:15:41.150000,0.024345
2025-05-01T14:15:41.160000,-0.009640
2025-05-01T14:15:41.170000,-0.003522
2025-05-01T14:15:41.180000,0.006482
2025-05-01T14:15:41.190000,-0.003112
2025-05-01T14:15:41.200000,0.004517
2025-05-01T14:15:41.210000,-0.025897
2025-05-01T14:15:41.220000,-0.015915
2025-05-01T14:15:41.230000,-0.005955
2025-05-01T14:15:41.240000,-0.006432
2025-05-01T14:15:41.250000,0.005734
2025-05-01T14:15:41.260000,0.012346
2025-05-01T14:15:41.270000,-0.010431
2025-05-01T14:15:41.280000,0.000976
2025-05-01T14:15:41.290000,0.005277
2025-05-01T14:15:41.300000,-0.002366
2025-05-01T14:15:41.310000,0.002300
2025-05-01T14:15:41.320000,0.003905
2025-05-01T14:15:41.330000,0.002081
2025-05-01T14:15:41.340000,-0.005944
2025-05-01T14:15:41.350000,-0.008033
2025-05-01T14:15:41.360000,-0.001656
2025-05-01T14:15:41.370000,0.002554
2025-05-01T14:15:41.380000,0.010615
2025-05-01T14:15:41.390000,0.002588
2025-05-01T14:15:41.400000,-0.012083
2025-05-01T14:15:41.410000,-0.007599
2025-05-01T14:15:41.420000,0.001954
2025-05-01T14:15:41.430000,0.002839
2025-05-01T14:15:41.440000,-0.008330
2025-05-01T14:15:41.450000,0.000320
2025-05-01T14:15:41.460000,0.007975
2025-05-01T14:15:41.470000,-0.020064
2025-05-01T14:15:41.480000,0.004515
2025-05-01T14:15:41.490000,0.001781
2025-05-01T14:15:41.500000,0.018909
2025-05-01T14:15:41.510000,0.007111
2025-05-01T14:15:41.520000,0.011044
2025-05-01T14:15:41.530000,-0.003515
2025-05-01T14:15:41.540000,0.004707
2025-05-01T14:15:41.550000,0.003230
2025-05-01T14:15:41.560000,-0.007450
2025-05-01T14:15:41.570000,0.014225
2025-05-01T14:15:41.580000,-0.011576
2025-05-01T14:15:41.590000,0.003299
2025-05-01T14:15:41.600000,0.006156
2025-05-01T14:15:41.610000,-0.009794
2025-05-01T14:15:41.620000,0.005344
2025-05-01T14:15:41.630000,0.009073
2025-05-01T14:15:41.640000,-0.009885
2025-05-01T14:15:41.650000,0.005068
2025-05-01T14:15:41.660000,0.002473
2025-05-01T14:15:41.670000,0.003110
2025-05-01T14:15:41.680000,-0.000240
2025-05-01T14:15:41.690000,-0.007340
2025-05-01T14:15:41.700000,0.002658
2025-05-01T14:15:41.710000,0.006553
2025-05-01T14:15:41.720000,0.024943
2025-05-01T14:15:41.730000,-0.001348
2025-05-01T14:15:41.740000,0.009924
2025-05-01T14:15:41.750000,0.005594
2025-05-01T14:15:41.760000,-0.006337
2025-05-01T14:15:41.770000,-0.001761
2025-05-01T14:15:41.780000,0.021022
2025-05-01T14:15:41.790000,-0.012339
2025-05-01T14:15:41.800000,0.010534
2025-05-01T14:15:41.810000,-0.005374
2025-05-01T14:15:41.820000,0.012625
2025-05-01T14:15:41.830000,-0.013478
2025-05-01T14:15:41.840000,0.014028
2025-05-01T14:15:41.850000,0.000608
2025-05-01T14:15:41.860000,-0.006238
2025-05-01T14:15:41.870000,0.012539
2025-05-01T14:15:41.880000,-0.005949
2025-05-01T14:15:41.890000,-0.011960
2025-05-01T14:15:41.900000,-0.003941
2025-05-01T14:15:41.910000,0.004680
2025-05-01T14:15:41.920000,0.000054
2025-05-01T14:15:41.930000,-0.021409
2025-05-01T14:15:41.940000,0.007291
2025-05-01T14:15:41.950000,-0.011097
2025-05-01T14:15:41.960000,-0.015843
2025-05-01T14:15:41.970000,0.000256
2025-05-01T14:15:41.980000,-0.006695
2025-05-01T14:15:41.990000,0.005373
2025-05-01T14:15:42,0.018138
2025-05-01T14:15:42.010000,0.000153
2025-05-01T14:15:42.020000,0.000887
2025-05-01T14:15:42.030000,-0.014071
2025-05-01T14:15:42.040000,0.009481
2025-05-01T14:15:42.050000,0.018088
2025-05-01T14:15:42.060000,-0.008919
2025-05-01T14:15:42.070000,-0.001805
2025-05-01T14:15:42.080000,-0.005645
2025-05-01T14:15:42.090000,-0.006044
2025-05-01T14:15:42.100000,-0.012660
2025-05-01T14:15:42.110000,-0.017648
2025-05-01T14:15:42.120000,-0.019079
2025-05-01T14:15:42.130000,-0.006823
2025-05-01T14:15:42.140000,0.018039
2025-05-01T14:15:42.150000,0.004773
2025-05-01T14:15:42.160000,0.011779
2025-05-01T14:15:42.170000,-0.004352
2025-05-01T14:15:42.180000,-0.003588
2025-05-01T14:15:42.190000,0.008956
2025-05-01T14:15:42.200000,-0.003436
2025-05-01T14:15:42.210000,0.001459
2025-05-01T14:15:42.220000,0.000162
2025-05-01T14:15:42.230000,0.001000
2025-05-01T14:15:42.240000,0.015474
2025-05-01T14:15:42.250000,-0.000404
2025-05-01T14:15:42.260000,0.008574
2025-05-01T14:15:42.270000,-0.013614
2025-05-01T14:15:42.280000,0.002696
2025-05-01T14:15:42.290000,-0.001361
2025-05-01T14:15:42.300000,0.001914
2025-05-01T14:15:42.310000,0.011173
2025-05-01T14:15:42.320000,-0.020688
2025-05-01T14:15:42.330000,0.008159
2025-05-01T14:15:42.340000,0.002058
2025-05-01T14:15:42.350000,0.011574
2025-05-01T14:15:42.360000,-0.004477
2025-05-01T14:15:42.370000,0.016864
2025-05-01T14:15:42.380000,-0.013293
2025-05-01T14:15:42.390000,-0.000098
2025-05-01T14:15:42.400000,0.002499
2025-05-01T14:15:42.410000,-0.005174
2025-05-01T14:15:42.420000,-0.000417
2025-05-01T14:15:42.430000,-0.011339
2025-05-01T14:15:42.440000,0.001036
2025-05-01T14:15:42.450000,0.009329
2025-05-01T14:15:42.460000,0.006138
2025-05-01T14:15:42.470000,0.005958
2025-05-01T14:15:42.480000,-0.012484
2025-05-01T14:15:42.490000,-0.009735
2025-05-01T14:15:42.500000,0.024492
2025-05-01T14:15:42.510000,-0.014963
2025-05-01T14:15:42.520000,0.006444
2025-05-01T14:15:42.530000,-0.011936
2025-05-01T14:15:42.540000,-0.004785
2025-05-01T14:15:42.550000,0.007076
2025-05-01T14:15:42.560000,0.009802
2025-05-01T14:15:42.570000,0.012385
2025-05-01T14:15:42.580000,0.007273
2025-05-01T14:15:42.590000,-0.001700
2025-05-01T14:15:42.600000,-0.001471
2025-05-01T14:15:42.610000,0.000722
2025-05-01T14:15:42.620000,0.013753
2025-05-01T14:15:42.630000,0.008282
2025-05-01T14:15:42.640000,0.005222
2025-05-01T14:15:42.650000,0.005453
2025-05-01T14:15:42.660000,-0.003694
2025-05-01T14:15:42.670000,-0.001240
2025-05-01T14:15:42.680000,-0.009467
2025-05-01T14:15:42.690000,-0.010522
2025-05-01T14:15:42.700000,-0.000708
2025-05-01T14:15:42.710000,-0.010265
2025-05-01T14:15:42.720000,-0.018991
2025-05-01T14:15:42.730000,-0.005648
2025-05-01T14:15:42.740000,-0.013221
2025-05-01T14:15:42.750000,0.010016
2025-05-01T14:15:42.760000,0.006816
2025-05-01T14:15:42.770000,-0.017503
2025-05-01T14:15:42.780000,0.010944
2025-05-01T14:15:42.790000,0.006140
2025-05-01T14:15:42.800000,-0.002493
2025-05-01T14:15:42.810000,-0.004988
2025-05-01T14:15:42.820000,0.019026
2025-05-01T14:15:42.830000,0.011722
2025-05-01T14:15:42.840000,-0.007425
2025-05-01T14:15:42.850000,-0.003636
2025-05-01T14:15:42.860000,-0.026197
2025-05-01T14:15:42.870000,-0.003630
2025-05-01T14:15:42.880000,-0.011363
2025-05-01T14:15:42.890000,-0.004070
2025-05-01T14:15:42.900000,-0.004064
2025-05-01T14:15:42.910000,-0.002312
2025-05-01T14:15:42.920000,-0.002563
2025-05-01T14:15:42.930000,-0.007158
2025-05-01T14:15:42.940000,-0.007698
2025-05-01T14:15:42.950000,-0.004327
2025-05-01T14:15:42.960000,-0.026590
2025-05-01T14:15:42.970000,-0.015267
2025-05-01T14:15:42.980000,-0.004977
2025-05-01T14:15:42.990000,-0.007007
2025-05-01T14:15:43,0.003385
2025-05-01T14:15:43.010000,0.000839
2025-05-01T14:15:43.020000,-0.001343
2025-05-01T14:15:43.030000,-0.010293
2025-05-01T14:15:43.040000,-0.002972
2025-05-01T14:15:43.050000,-0.006119
2025-05-01T14:15:43.060000,0.000112
2025-05-01T14:15:43.070000,-0.003805
2025-05-01T14:15:43.080000,-0.020688
2025-05-01T14:15:43.090000,0.001067
2025-05-01T14:15:43.100000,0.007144
2025-05-01T14:15:43.110000,0.008579
2025-05-01T14:15:43.120000,-0.000392
2025-05-01T14:15:43.130000,0.008599
2025-05-01T14:15:43.140000,-0.000189
2025-05-01T14:15:43.150000,-0.008067
2025-05-01T14:15:43.160000,0.002758
2025-05-01T14:15:43.170000,0.019752
2025-05-01T14:15:43.180000,0.010235
2025-05-01T14:15:43.190000,-0.006064
2025-05-01T14:15:43.200000,-0.003378
2025-05-01T14:15:43.210000,-0.001919
2025-05-01T14:15:43.220000,0.005772
2025-05-01T14:15:43.230000,-0.013905
2025-05-01T14:15:43.240000,-0.001328
2025-05-01T14:15:43.250000,0.004970
2025-05-01T14:15:43.260000,0.000190
2025-05-01T14:15:43.270000,-0.008528
2025-05-01T14:15:43.280000,0.005377
2025-05-01T14:15:43.290000,0.003360
2025-05-01T14:15:43.300000,-0.005784
2025-05-01T14:15:43.310000,-0.002628
2025-05-01T14:15:43.320000,-0.003512
2025-05-01T14:15:43.330000,-0.009382
2025-05-01T14:15:43.340000,-0.007544
2025-05-01T14:15:43.350000,-0.002072
2025-05-01T14:15:43.360000,0.003857
2025-05-01T14:15:43.370000,-0.018067
2025-05-01T14:15:43.380000,0.001944
2025-05-01T14:15:43.390000,-0.008098
2025-05-01T14:15:43.400000,0.012605
2025-05-01T14:15:43.410000,0.004982
2025-05-01T14:15:43.420000,-0.001453
2025-05-01T14:15:43.430000,0.002830
2025-05-01T14:15:43.440000,-0.001688
2025-05-01T14:15:43.450000,-0.007499
2025-05-01T14:15:43.460000,-0.003301
2025-05-01T14:15:43.470000,-0.007519
2025-05-01T14:15:43.480000,-0.003528
2025-05-01T14:15:43.490000,-0.001017
2025-05-01T14:15:43.500000,0.010448
2025-05-01T14:15:43.510000,0.006037
2025-05-01T14:15:43.520000,0.002164
2025-05-01T14:15:43.530000,-0.001888
2025-05-01T14:15:43.540000,-0.010056
2025-05-01T14:15:43.550000,-0.021303
2025-05-01T14:15:43.560000,0.009185
2025-05-01T14:15:43.570000,-0.018426
2025-05-01T14:15:43.580000,0.007592
2025-05-01T14:15:43.590000,0.015298
2025-05-01T14:15:43.600000,0.009984
2025-05-01T14:15:43.610000,0.013037
2025-05-01T14:15:43.620000,0.003576
2025-05-01T14:15:43.630000,-0.010722
2025-05-01T14:15:43.640000,-0.014486
2025-05-01T14:15:43.650000,-0.005515
2025-05-01T14:15:43.660000,0.013750
2025-05-01T14:15:43.670000,0.008246
2025-05-01T14:15:43.680000,0.004220
2025-05-01T14:15:43.690000,-0.006717
2025-05-01T14:15:43.700000,0.003225
2025-05-01T14:15:43.710000,-0.006885
2025-05-01T14:15:43.720000,-0.009658
2025-05-01T14:15:43.730000,-0.010996
2025-05-01T14:15:43.740000,-0.010795
2025-05-01T14:15:43.750000,-0.006531
2025-05-01T14:15:43.760000,0.020880
2025-05-01T14:15:43.770000,0.002663
2025-05-01T14:15:43.780000,-0.001106
2025-05-01T14:15:43.790000,-0.012373
2025-05-01T14:15:43.800000,-0.012132
2025-05-01T14:15:43.810000,-0.000270
2025-05-01T14:15:43.820000,-0.010101
2025-05-01T14:15:43.830000,-0.023002
2025-05-01T14:15:43.840000,0.000578
2025-05-01T14:15:43.850000,-0.006264
2025-05-01T14:15:43.860000,0.004236
2025-05-01T14:15:43.870000,-0.008830
2025-05-01T14:15:43.880000,0.022969
2025-05-01T14:15:43.890000,-0.017060
2025-05-01T14:15:43.900000,-0.006602
2025-05-01T14:15:43.910000,0.002860
2025-05-01T14:15:43.920000,-0.003121
2025-05-01T14:15:43.930000,0.006116
2025-05-01T14:15:43.940000,-0.002116
2025-05-01T14:15:43.950000,-0.001636
2025-05-01T14:15:43.960000,-0.013444
2025-05-01T14:15:43.970000,0.008997
2025-05-01T14:15:43.980000,0.007126
2025-05-01T14:15:43.990000,0.011115
2025-05-01T14:15:44,-0.006114
2025-05-01T14:15:44.010000,-0.006073
2025-05-01T14:15:44.020000,0.012546
2025-05-01T14:15:44.030000,-0.007315
2025-05-01T14:15:44.040000,-0.001488
2025-05-01T14:15:44.050000,0.001984
2025-05-01T14:15:44.060000,0.000751
2025-05-01T14:15:44.070000,0.020906
2025-05-01T14:15:44.080000,0.000448
2025-05-01T14:15:44.090000,0.002255
2025-05-01T14:15:44.100000,0.002275
2025-05-01T14:15:44.110000,0.014308
2025-05-01T14:15:44.120000,-0.003258
2025-05-01T14:15:44.130000,0.009617
2025-05-01T14:15:44.140000,0.002349
2025-05-01T14:15:44.150000,-0.007534
2025-05-01T14:15:44.160000,-0.006137
2025-05-01T14:15:44.170000,0.019709
2025-05-01T14:15:44.180000,-0.001568
2025-05-01T14:15:44.190000,0.002951
2025-05-01T14:15:44.200000,-0.010487
2025-05-01T14:15:44.210000,-0.000423
2025-05-01T14:15:44.220000,0.001112
2025-05-01T14:15:44.230000,0.011714
2025-05-01T14:15:44.240000,0.021619
2025-05-01T14:15:44.250000,0.002671
2025-05-01T14:15:44.260000,-0.007633
2025-05-01T14:15:44.270000,0.014638
2025-05-01T14:15:44.280000,-0.007425
2025-05-01T14:15:44.290000,0.002084
2025-05-01T14:15:44.300000,0.003124
2025-05-01T14:15:44.310000,0.002110
2025-05-01T14:15:44.320000,-0.005766
2025-05-01T14:15:44.330000,-0.010046
2025-05-01T14:15:44.340000,0.012287
2025-05-01T14:15:44.350000,0.002119
2025-05-01T14:15:44.360000,0.011056
2025-05-01T14:15:44.370000,-0.007670
2025-05-01T14:15:44.380000,0.020957
2025-05-01T14:15:44.390000,-0.000010
2025-05-01T14:15:44.400000,0.006052
2025-05-01T14:15:44.410000,-0.001187
2025-05-01T14:15:44.420000,-0.001274
2025-05-01T14:15:44.430000,0.006750
2025-05-01T14:15:44.440000,-0.011133
2025-05-01T14:15:44.450000,-0.000646
2025-05-01T14:15:44.460000,-0.015988
2025-05-01T14:15:44.470000,0.002904
2025-05-01T14:15:44.480000,-0.003697
2025-05-01T14:15:44.490000,0.002433
2025-05-01T14:15:44.500000,-0.006956
2025-05-01T14:15:44.510000,-0.007109
2025-05-01T14:15:44.520000,-0.009807
2025-05-01T14:15:44.530000,0.000869
2025-05-01T14:15:44.540000,0.009205
2025-05-01T14:15:44.550000,-0.000333
2025-05-01T14:15:44.560000,0.011977
2025-05-01T14:15:44.570000,-0.008172
2025-05-01T14:15:44.580000,-0.002435
2025-05-01T14:15:44.590000,0.000452
2025-05-01T14:15:44.600000,0.010162
2025-05-01T14:15:44.610000,0.002259
2025-05-01T14:15:44.620000,0.006436
2025-05-01T14:15:44.630000,-0.006740
2025-05-01T14:15:44.640000,0.003378
2025-05-01T14:15:44.650000,-0.020072
2025-05-01T14:15:44.660000,-0.005418
2025-05-01T14:15:44.670000,-0.002192
2025-05-01T14:15:44.680000,-0.002606
2025-05-01T14:15:44.690000,-0.010538
2025-05-01T14:15:44.700000,-0.002627
2025-05-01T14:15:44.710000,0.008643
2025-05-01T14:15:44.720000,-0.016826
2025-05-01T14:15:44.730000,-0.013981
2025-05-01T14:15:44.740000,0.000069
2025-05-01T14:15:44.750000,0.003197
2025-05-01T14:15:44.760000,0.010114
2025-05-01T14:15:44.770000,0.017631
2025-05-01T14:15:44.780000,-0.001477
2025-05-01T14:15:44.790000,0.003466
2025-05-01T14:15:44.800000,-0.020007
2025-05-01T14:15:44.810000,-0.012044
2025-05-01T14:15:44.820000,0.004979
2025-05-01T14:15:44.830000,-0.003082
2025-05-01T14:15:44.840000,-0.025719
2025-05-01T14:15:44.850000,0.020736
2025-05-01T14:15:44.860000,0.003700
2025-05-01T14:15:44.870000,-0.001425
2025-05-01T14:15:44.880000,-0.017351
2025-05-01T14:15:44.890000,0.008992
2025-05-01T14:15:44.900000,0.001285
2025-05-01T14:15:44.910000,-0.009505
2025-05-01T14:15:44.920000,-0.012504
2025-05-01T14:15:44.930000,0.007126
2025-05-01T14:15:44.940000,0.007159
2025-05-01T14:15:44.950000,0.015123
2025-05-01T14:15:44.960000,-0.009382
2025-05-01T14:15:44.970000,-0.020854
2025-05-01T14:15:44.980000,0.000776
2025-05-01T14:15:44.990000,-0.008469
2025-05-01T14:15:45,-0.006397
2025-05-01T14:15:45.010000,0.001160
2025-05-01T14:15:45.020000,-0.003162
2025-05-01T14:15:45.030000,-0.001100
2025-05-01T14:15:45.040000,-0.003371
2025-05-01T14:15:45.050000,0.004766
2025-05-01T14:15:45.060000,0.007503
2025-05-01T14:15:45.070000,0.005686
2025-05-01T14:15:45.080000,0.005215
2025-05-01T14:15:45.090000,0.012916
2025-05-01T14:15:45.100000,0.005093
2025-05-01T14:15:45.110000,0.008088
2025-05-01T14:15:45.120000,0.000720
2025-05-01T14:15:45.130000,-0.003279
2025-05-01T14:15:45.140000,0.006436
2025-05-01T14:15:45.150000,-0.005494
2025-05-01T14:15:45.160000,0.007451
2025-05-01T14:15:45.170000,-0.007783
2025-05-01T14:15:45.180000,0.000920
2025-05-01T14:15:45.190000,-0.001858
2025-05-01T14:15:45.200000,0.007390
2025-05-01T14:15:45.210000,0.016474
2025-05-01T14:15:45.220000,-0.011321
2025-05-01T14:15:45.230000,-0.012801
2025-05-01T14:15:45.240000,-0.028482
2025-05-01T14:15:45.250000,0.008045
2025-05-01T14:15:45.260000,0.008479
2025-05-01T14:15:45.270000,0.007328
2025-05-01T14:15:45.280000,-0.005298
2025-05-01T14:15:45.290000,-0.010954
2025-05-01T14:15:45.300000,-0.009166
2025-05-01T14:15:45.310000,0.028106
2025-05-01T14:15:45.320000,-0.010615
2025-05-01T14:15:45.330000,-0.001987
2025-05-01T14:15:45.340000,-0.002693
2025-05-01T14:15:45.350000,0.006207
2025-05-01T14:15:45.360000,0.011473
2025-05-01T14:15:45.370000,-0.002210
2025-05-01T14:15:45.380000,0.010218
2025-05-01T14:15:45.390000,-0.011438
2025-05-01T14:15:45.400000,0.001300
2025-05-01T14:15:45.410000,0.007748
2025-05-01T14:15:45.420000,0.009063
2025-05-01T14:15:45.430000,0.000117
2025-05-01T14:15:45.440000,-0.009422
2025-05-01T14:15:45.450000,-0.007306
2025-05-01T14:15:45.460000,-0.005091
2025-05-01T14:15:45.470000,-0.001403
2025-05-01T14:15:45.480000,0.025200
2025-05-01T14:15:45.490000,-0.014587
2025-05-01T14:15:45.500000,-0.004686
2025-05-01T14:15:45.510000,0.006627
2025-05-01T14:15:45.520000,0.016244
2025-05-01T14:15:45.530000,0.016140
2025-05-01T14:15:45.540000,-0.003688
2025-05-01T14:15:45.550000,-0.016177
2025-05-01T14:15:45.560000,0.000228
2025-05-01T14:15:45.570000,0.004767
2025-05-01T14:15:45.580000,-0.023882
2025-05-01T14:15:45.590000,-0.023332
2025-05-01T14:15:45.600000,-0.014989
2025-05-01T14:15:45.610000,0.011781
2025-05-01T14:15:45.620000,0.002394
2025-05-01T14:15:45.630000,0.013693
2025-05-01T14:15:45.640000,-0.002500
2025-05-01T14:15:45.650000,0.015608
2025-05-01T14:15:45.660000,-0.003392
2025-05-01T14:15:45.670000,-0.015527
2025-05-01T14:15:45.680000,0.022200
2025-05-01T14:15:45.690000,-0.000046
2025-05-01T14:15:45.700000,0.012895
2025-05-01T14:15:45.710000,-0.002902
2025-05-01T14:15:45.720000,0.003860
2025-05-01T14:15:45.730000,0.011782
2025-05-01T14:15:45.740000,-0.005816
2025-05-01T14:15:45.750000,-0.005946
2025-05-01T14:15:45.760000,0.001281
2025-05-01T14:15:45.770000,0.004539
2025-05-01T14:15:45.780000,0.001120
2025-05-01T14:15:45.790000,-0.003491
2025-05-01T14:15:45.800000,0.007522
2025-05-01T14:15:45.810000,0.015402
2025-05-01T14:15:45.820000,0.012132
2025-05-01T14:15:45.830000,0.014648
2025-05-01T14:15:45.840000,0.007366
2025-05-01T14:15:45.850000,0.009212
2025-05-01T14:15:45.860000,-0.000022
2025-05-01T14:15:45.870000,-0.011152
2025-05-01T14:15:45.880000,0.007553
2025-05-01T14:15:45.890000,0.011046
2025-05-01T14:15:45.900000,-0.004277
2025-05-01T14:15:45.910000,0.001333
2025-05-01T14:15:45.920000,-0.002592
2025-05-01T14:15:45.930000,0.003360
2025-05-01T14:15:45.940000,0.006946
2025-05-01T14:15:45.950000,0.001365
2025-05-01T14:15:45.960000,-0.005618
2025-05-01T14:15:45.970000,0.001536
2025-05-01T14:15:45.980000,-0.012458
2025-05-01T14:15:45.990000,-0.003800
2025-05-01T14:15:46,0.006279
2025-05-01T14:15:46.010000,-0.002928
2025-05-01T14:15:46.020000,0.009351
2025-05-01T14:15:46.030000,-0.007664
2025-05-01T14:15:46.040000,-0.010535
2025-05-01T14:15:46.050000,-0.021687
2025-05-01T14:15:46.060000,-0.000461
2025-05-01T14:15:46.070000,-0.010331
2025-05-01T14:15:46.080000,-0.004733
2025-05-01T14:15:46.090000,0.003351
2025-05-01T14:15:46.100000,0.009594
2025-05-01T14:15:46.110000,0.001945
2025-05-01T14:15:46.120000,0.009757
2025-05-01T14:15:46.130000,-0.021876
2025-05-01T14:15:46.140000,-0.007257
2025-05-01T14:15:46.150000,0.012121
2025-05-01T14:15:46.160000,0.008206
2025-05-01T14:15:46.170000,0.009499
2025-05-01T14:15:46.180000,-0.002676
2025-05-01T14:15:46.190000,-0.013371
2025-05-01T14:15:46.200000,0.008246
2025-05-01T14:15:46.210000,-0.017580
2025-05-01T14:15:46.220000,0.004158
2025-05-01T14:15:46.230000,0.015638
2025-05-01T14:15:46.240000,0.003486
2025-05-01T14:15:46.250000,0.008167
2025-05-01T14:15:46.260000,0.010758
2025-05-01T14:15:46.270000,0.000150
2025-05-01T14:15:46.280000,-0.015920
2025-05-01T14:15:46.290000,0.004840
2025-05-01T14:15:46.300000,-0.003628
2025-05-01T14:15:46.310000,-0.015808
2025-05-01T14:15:46.320000,0.018862
2025-05-01T14:15:46.330000,0.002077
2025-05-01T14:15:46.340000,-0.015403
2025-05-01T14:15:46.350000,0.012330
2025-05-01T14:15:46.360000,0.013770
2025-05-01T14:15:46.370000,-0.004031
2025-05-01T14:15:46.380000,-0.000293
2025-05-01T14:15:46.390000,0.008381
2025-05-01T14:15:46.400000,0.011130
2025-05-01T14:15:46.410000,-0.009297
2025-05-01T14:15:46.420000,0.000978
2025-05-01T14:15:46.430000,0.020003
2025-05-01T14:15:46.440000,-0.011664
2025-05-01T14:15:46.450000,-0.007791
2025-05-01T14:15:46.460000,0.004120
2025-05-01T14:15:46.470000,-0.007783
2025-05-01T14:15:46.480000,0.017716
2025-05-01T14:15:46.490000,0.003522
2025-05-01T14:15:46.500000,0.004463
2025-05-01T14:15:46.510000,-0.010419
2025-05-01T14:15:46.520000,-0.015093
2025-05-01T14:15:46.530000,0.002890
2025-05-01T14:15:46.540000,-0.013461
2025-05-01T14:15:46.550000,0.011037
2025-05-01T14:15:46.560000,-0.001623
2025-05-01T14:15:46.570000,-0.000060
2025-05-01T14:15:46.580000,-0.004521
2025-05-01T14:15:46.590000,0.006242
2025-05-01T14:15:46.600000,-0.013779
2025-05-01T14:15:46.610000,-0.011331
2025-05-01T14:15:46.620000,-0.021362
2025-05-01T14:15:46.630000,-0.004013
2025-05-01T14:15:46.640000,0.005853
2025-05-01T14:15:46.650000,-0.008676
2025-05-01T14:15:46.660000,-0.013471
2025-05-01T14:15:46.670000,0.004544
2025-05-01T14:15:46.680000,0.003614
2025-05-01T14:15:46.690000,0.005824
2025-05-01T14:15:46.700000,0.012714
2025-05-01T14:15:46.710000,-0.003650
2025-05-01T14:15:46.720000,-0.003699
2025-05-01T14:15:46.730000,0.014873
2025-05-01T14:15:46.740000,-0.001771
2025-05-01T14:15:46.750000,-0.003282
2025-05-01T14:15:46.760000,0.000462
2025-05-01T14:15:46.770000,-0.009538
2025-05-01T14:15:46.780000,-0.004967
2025-05-01T14:15:46.790000,0.007078
2025-05-01T14:15:46.800000,0.001700
2025-05-01T14:15:46.810000,-0.012122
2025-05-01T14:15:46.820000,-0.001357
2025-05-01T14:15:46.830000,0.014259
2025-05-01T14:15:46.840000,-0.004018
2025-05-01T14:15:46.850000,0.008476
2025-05-01T14:15:46.860000,0.019246
2025-05-01T14:15:46.870000,0.001618
2025-05-01T14:15:46.880000,-0.018859
2025-05-01T14:15:46.890000,-0.005141
2025-05-01T14:15:46.900000,0.006445
2025-05-01T14:15:46.910000,-0.017198
2025-05-01T14:15:46.920000,-0.005953
2025-05-01T14:15:46.930000,-0.007341
2025-05-01T14:15:46.940000,0.004023
2025-05-01T14:15:46.950000,-0.015186
2025-05-01T14:15:46.960000,0.004283
2025-05-01T14:15:46.970000,-0.018003
2025-05-01T14:15:46.980000,0.009521
2025-05-01T14:15:46.990000,0.006676
2025-05-01T14:15:47,0.001120
2025-05-01T14:15:47.010000,0.009905
2025-05-01T14:15:47.020000,0.008242
2025-05-01T14:15:47.030000,-0.009458
2025-05-01T14:15:47.040000,-0.022877
2025-05-01T14:15:47.050000,0.001346
2025-05-01T14:15:47.060000,-0.002838
2025-05-01T14:15:47.070000,0.010953
2025-05-01T14:15:47.080000,0.011149
2025-05-01T14:15:47.090000,0.012562
2025-05-01T14:15:47.100000,0.004398
2025-05-01T14:15:47.110000,0.004228
2025-05-01T14:15:47.120000,0.006295
2025-05-01T14:15:47.130000,-0.008363
2025-05-01T14:15:47.140000,0.004227
2025-05-01T14:15:47.150000,-0.011390
2025-05-01T14:15:47.160000,0.002389
2025-05-01T14:15:47.170000,0.011718
2025-05-01T14:15:47.180000,-0.002025
2025-05-01T14:15:47.190000,0.002451
2025-05-01T14:15:47.200000,-0.007763
2025-05-01T14:15:47.210000,0.002161
2025-05-01T14:15:47.220000,-0.013590
2025-05-01T14:15:47.230000,0.012272
2025-05-01T14:15:47.240000,0.006016
2025-05-01T14:15:47.250000,-0.008652
2025-05-01T14:15:47.260000,-0.001535
2025-05-01T14:15:47.270000,-0.001888
2025-05-01T14:15:47.280000,-0.009366
2025-05-01T14:15:47.290000,-0.004477
2025-05-01T14:15:47.300000,-0.028494
2025-05-01T14:15:47.310000,-0.001981
2025-05-01T14:15:47.320000,-0.003095
2025-05-01T14:15:47.330000,0.010600
2025-05-01T14:15:47.340000,0.000688
2025-05-01T14:15:47.350000,-0.009662
2025-05-01T14:15:47.360000,0.007665
2025-05-01T14:15:47.370000,-0.002170
2025-05-01T14:15:47.380000,-0.000358
2025-05-01T14:15:47.390000,0.004143
2025-05-01T14:15:47.400000,0.009100
2025-05-01T14:15:47.410000,0.001114
2025-05-01T14:15:47.420000,0.008752
2025-05-01T14:15:47.430000,-0.011497
2025-05-01T14:15:47.440000,0.006721
2025-05-01T14:15:47.450000,0.004387
2025-05-01T14:15:47.460000,-0.006178
2025-05-01T14:15:47.470000,-0.002754
2025-05-01T14:15:47.480000,-0.017533
2025-05-01T14:15:47.490000,0.008029
2025-05-01T14:15:47.500000,-0.007373
2025-05-01T14:15:47.510000,-0.009333
2025-05-01T14:15:47.520000,-0.011127
2025-05-01T14:15:47.530000,-0.003057
2025-05-01T14:15:47.540000,0.014419
2025-05-01T14:15:47.550000,0.001755
2025-05-01T14:15:47.560000,-0.014313
2025-05-01T14:15:47.570000,-0.001368
2025-05-01T14:15:47.580000,0.009867
2025-05-01T14:15:47.590000,-0.000321
2025-05-01T14:15:47.600000,-0.013817
2025-05-01T14:15:47.610000,-0.006484
2025-05-01T14:15:47.620000,0.006358
2025-05-01T14:15:47.630000,-0.001340
2025-05-01T14:15:47.640000,-0.011987
2025-05-01T14:15:47.650000,0.015686
2025-05-01T14:15:47.660000,0.013593
2025-05-01T14:15:47.670000,-0.004131
2025-05-01T14:15:47.680000,0.017663
2025-05-01T14:15:47.690000,-0.012429
2025-05-01T14:15:47.700000,-0.007169
2025-05-01T14:15:47.710000,0.015190
2025-05-01T14:15:47.720000,0.000772
2025-05-01T14:15:47.730000,-0.001510
2025-05-01T14:15:47.740000,0.005379
2025-05-01T14:15:47.750000,0.007702
2025-05-01T14:15:47.760000,-0.010897
2025-05-01T14:15:47.770000,0.001006
2025-05-01T14:15:47.780000,-0.008587
2025-05-01T14:15:47.790000,-0.007173
2025-05-01T14:15:47.800000,0.009892
2025-05-01T14:15:47.810000,0.006710
2025-05-01T14:15:47.820000,0.003520
2025-05-01T14:15:47.830000,0.012447
2025-05-01T14:15:47.840000,-0.004301
2025-05-01T14:15:47.850000,-0.008634
2025-05-01T14:15:47.860000,-0.001603
2025-05-01T14:15:47.870000,0.009150
2025-05-01T14:15:47.880000,-0.012224
2025-05-01T14:15:47.890000,-0.022932
2025-05-01T14:15:47.900000,0.016664
2025-05-01T14:15:47.910000,-0.002986
2025-05-01T14:15:47.920000,0.000133
2025-05-01T14:15:47.930000,0.000317
2025-05-01T14:15:47.940000,0.005442
2025-05-01T14:15:47.950000,-0.011440
2025-05-01T14:15:47.960000,0.011240
2025-05-01T14:15:47.970000,0.011537
2025-05-01T14:15:47.980000,0.010431
2025-05-01T14:15:47.990000,-0.001723
2025-05-01T14:15:48,-0.014878
2025-05-01T14:15:48.010000,0.006151
2025-05-01T14:15:48.020000,-0.007282
2025-05-01T14:15:48.030000,0.000179
2025-05-01T14:15:48.040000,0.007969
2025-05-01T14:15:48.050000,-0.010492
2025-05-01T14:15:48.060000,0.017623
2025-05-01T14:15:48.070000,0.016236
2025-05-01T14:15:48.080000,0.002672
2025-05-01T14:15:48.090000,0.006970
2025-05-01T14:15:48.100000,0.012317
2025-05-01T14:15:48.110000,0.020686
2025-05-01T14:15:48.120000,0.001420
2025-05-01T14:15:48.130000,-0.001754
2025-05-01T14:15:48.140000,-0.010590
2025-05-01T14:15:48.150000,-0.004033
2025-05-01T14:15:48.160000,0.005995
2025-05-01T14:15:48.170000,0.001539
2025-05-01T14:15:48.180000,-0.002295
2025-05-01T14:15:48.190000,0.002960
2025-05-01T14:15:48.200000,0.001558
2025-05-01T14:15:48.210000,-0.001754
2025-05-01T14:15:48.220000,-0.007958
2025-05-01T14:15:48.230000,-0.021199
2025-05-01T14:15:48.240000,0.003181
2025-05-01T14:15:48.250000,0.002735
2025-05-01T14:15:48.260000,-0.005139
2025-05-01T14:15:48.270000,-0.020000
2025-05-01T14:15:48.280000,0.010040
2025-05-01T14:15:48.290000,-0.006594
2025-05-01T14:15:48.300000,-0.001989
2025-05-01T14:15:48.310000,0.000023
2025-05-01T14:15:48.320000,-0.006360
2025-05-01T14:15:48.330000,0.003141
2025-05-01T14:15:48.340000,-0.006048
2025-05-01T14:15:48.350000,0.009934
2025-05-01T14:15:48.360000,0.021891
2025-05-01T14:15:48.370000,-0.003657
2025-05-01T14:15:48.380000,-0.014844
2025-05-01T14:15:48.390000,-0.005822
2025-05-01T14:15:48.400000,0.004662
2025-05-01T14:15:48.410000,-0.002494
2025-05-01T14:15:48.420000,0.018486
2025-05-01T14:15:48.430000,-0.009047
2025-05-01T14:15:48.440000,-0.009951
2025-05-01T14:15:48.450000,0.009154
2025-05-01T14:15:48.460000,0.010685
2025-05-01T14:15:48.470000,-0.008099
2025-05-01T14:15:48.480000,-0.001537
2025-05-01T14:15:48.490000,-0.018438
2025-05-01T14:15:48.500000,-0.015773
2025-05-01T14:15:48.510000,0.008885
2025-05-01T14:15:48.520000,-0.003912
2025-05-01T14:15:48.530000,-0.001512
2025-05-01T14:15:48.540000,-0.004425
2025-05-01T14:15:48.550000,-0.006609
2025-05-01T14:15:48.560000,-0.025034
2025-05-01T14:15:48.570000,-0.002583
2025-05-01T14:15:48.580000,0.006654
2025-05-01T14:15:48.590000,-0.002784
2025-05-01T14:15:48.600000,-0.000888
2025-05-01T14:15:48.610000,0.004767
2025-05-01T14:15:48.620000,0.001152
2025-05-01T14:15:48.630000,-0.010113
2025-05-01T14:15:48.640000,-0.001256
2025-05-01T14:15:48.650000,0.008058
2025-05-01T14:15:48.660000,0.001086
2025-05-01T14:15:48.670000,-0.000148
2025-05-01T14:15:48.680000,-0.002486
2025-05-01T14:15:48.690000,-0.006269
2025-05-01T14:15:48.700000,0.012020
2025-05-01T14:15:48.710000,0.003759
2025-05-01T14:15:48.720000,0.005272
2025-05-01T14:15:48.730000,0.009408
2025-05-01T14:15:48.740000,-0.013760
2025-05-01T14:15:48.750000,0.003548
2025-05-01T14:15:48.760000,-0.007416
2025-05-01T14:15:48.770000,0.011337
2025-05-01T14:15:48.780000,0.005835
2025-05-01T14:15:48.790000,-0.007186
2025-05-01T14:15:48.800000,-0.005905
2025-05-01T14:15:48.810000,0.018744
2025-05-01T14:15:48.820000,-0.015792
2025-05-01T14:15:48.830000,-0.011779
2025-05-01T14:15:48.840000,0.006075
2025-05-01T14:15:48.850000,-0.008131
2025-05-01T14:15:48.860000,-0.024393
2025-05-01T14:15:48.870000,-0.010861
2025-05-01T14:15:48.880000,0.008084
2025-05-01T14:15:48.890000,-0.001534
2025-05-01T14:15:48.900000,0.003616
2025-05-01T14:15:48.910000,0.007597
2025-05-01T14:15:48.920000,0.008768
2025-05-01T14:15:48.930000,0.013866
2025-05-01T14:15:48.940000,0.011633
2025-05-01T14:15:48.950000,0.003941
2025-05-01T14:15:48.960000,0.003197
2025-05-01T14:15:48.970000,-0.014094
2025-05-01T14:15:48.980000,-0.001519
2025-05-01T14:15:48.990000,0.007679
2025-05-01T14:15:49,0.002687
2025-05-01T14:15:49.010000,-0.003084
2025-05-01T14:15:49.020000,0.007518
2025-05-01T14:15:49.030000,0.002903
2025-05-01T14:15:49.040000,0.006011
2025-05-01T14:15:49.050000,-0.007015
2025-05-01T14:15:49.060000,0.002751
2025-05-01T14:15:49.070000,0.006969
2025-05-01T14:15:49.080000,0.007606
2025-05-01T14:15:49.090000,0.006519
2025-05-01T14:15:49.100000,-0.004080
2025-05-01T14:15:49.110000,0.015312
2025-05-01T14:15:49.120000,0.000373
2025-05-01T14:15:49.130000,0.003396
2025-05-01T14:15:49.140000,-0.018774
2025-05-01T14:15:49.150000,-0.010525
2025-05-01T14:15:49.160000,-0.011131
2025-05-01T14:15:49.170000,0.021269
2025-05-01T14:15:49.180000,0.000773
2025-05-01T14:15:49.190000,0.008085
2025-05-01T14:15:49.200000,0.010077
2025-05-01T14:15:49.210000,-0.017317
2025-05-01T14:15:49.220000,-0.016785
2025-05-01T14:15:49.230000,-0.015112
2025-05-01T14:15:49.240000,-0.016172
2025-05-01T14:15:49.250000,0.016535
2025-05-01T14:15:49.260000,-0.017403
2025-05-01T14:15:49.270000,0.001045
2025-05-01T14:15:49.280000,0.002637
2025-05-01T14:15:49.290000,-0.014620
2025-05-01T14:15:49.300000,0.006064
2025-05-01T14:15:49.310000,0.018143
2025-05-01T14:15:49.320000,-0.013725
2025-05-01T14:15:49.330000,-0.003188
2025-05-01T14:15:49.340000,-0.013653
2025-05-01T14:15:49.350000,0.020065
2025-05-01T14:15:49.360000,0.013097
2025-05-01T14:15:49.370000,-0.012310
2025-05-01T14:15:49.380000,-0.014287
2025-05-01T14:15:49.390000,0.001809
2025-05-01T14:15:49.400000,0.002002
2025-05-01T14:15:49.410000,-0.017413
2025-05-01T14:15:49.420000,-0.003761
2025-05-01T14:15:49.430000,-0.009299
2025-05-01T14:15:49.440000,-0.014021
2025-05-01T14:15:49.450000,-0.013415
2025-05-01T14:15:49.460000,-0.001644
2025-05-01T14:15:49.470000,0.003727
2025-05-01T14:15:49.480000,-0.028163
2025-05-01T14:15:49.490000,-0.017479
2025-05-01T14:15:49.500000,-0.021971
2025-05-01T14:15:49.510000,-0.005411
2025-05-01T14:15:49.520000,-0.016142
2025-05-01T14:15:49.530000,-0.005545
2025-05-01T14:15:49.540000,-0.021483
2025-05-01T14:15:49.550000,-0.017198
2025-05-01T14:15:49.560000,0.018400
2025-05-01T14:15:49.570000,-0.003869
2025-05-01T14:15:49.580000,-0.003465
2025-05-01T14:15:49.590000,0.009120
2025-05-01T14:15:49.600000,-0.002198
2025-05-01T14:15:49.610000,-0.006984
2025-05-01T14:15:49.620000,0.008345
2025-05-01T14:15:49.630000,-0.010516
2025-05-01T14:15:49.640000,-0.010096
2025-05-01T14:15:49.650000,0.000943
2025-05-01T14:15:49.660000,0.002756
2025-05-01T14:15:49.670000,-0.002820
2025-05-01T14:15:49.680000,0.015855
2025-05-01T14:15:49.690000,-0.006146
2025-05-01T14:15:49.700000,-0.001049
2025-05-01T14:15:49.710000,0.003151
2025-05-01T14:15:49.720000,0.004021
2025-05-01T14:15:49.730000,-0.002312
2025-05-01T14:15:49.740000,-0.008423
2025-05-01T14:15:49.750000,0.003518
2025-05-01T14:15:49.760000,0.001700
2025-05-01T14:15:49.770000,-0.003050
2025-05-01T14:15:49.780000,0.020604
2025-05-01T14:15:49.790000,-0.010295
2025-05-01T14:15:49.800000,0.001352
2025-05-01T14:15:49.810000,-0.006071
2025-05-01T14:15:49.820000,0.015704
2025-05-01T14:15:49.830000,0.011250
2025-05-01T14:15:49.840000,0.014908
2025-05-01T14:15:49.850000,0.005127
2025-05-01T14:15:49.860000,-0.008860
2025-05-01T14:15:49.870000,-0.015147
2025-05-01T14:15:49.880000,0.001382
2025-05-01T14:15:49.890000,-0.002468
2025-05-01T14:15:49.900000,-0.014220
2025-05-01T14:15:49.910000,0.010334
2025-05-01T14:15:49.920000,-0.018792
2025-05-01T14:15:49.930000,-0.006405
2025-05-01T14:15:49.940000,0.001950
2025-05-01T14:15:49.950000,-0.003951
2025-05-01T14:15:49.960000,-0.014980
2025-05-01T14:15:49.970000,0.004660
2025-05-01T14:15:49.980000,0.019526
2025-05-01T14:15:49.990000,-0.009941
2025-05-01T14:15:50,0.007160
2025-05-01T14:15:50.010000,0.011078
2025-05-01T14:15:50.020000,-0.000607
2025-05-01T14:15:50.030000,0.001836
2025-05-01T14:15:50.040000,-0.003853
2025-05-01T14:15:50.050000,-0.002773
2025-05-01T14:15:50.060000,0.019409
2025-05-01T14:15:50.070000,0.020071
2025-05-01T14:15:50.080000,-0.004933
2025-05-01T14:15:50.090000,0.002867
2025-05-01T14:15:50.100000,-0.002829
2025-05-01T14:15:50.110000,-0.004738
2025-05-01T14:15:50.120000,-0.002187
2025-05-01T14:15:50.130000,-0.010662
2025-05-01T14:15:50.140000,-0.007537
2025-05-01T14:15:50.150000,0.007169
2025-05-01T14:15:50.160000,0.003743
2025-05-01T14:15:50.170000,-0.005505
2025-05-01T14:15:50.180000,0.016924
2025-05-01T14:15:50.190000,-0.009966
2025-05-01T14:15:50.200000,-0.015344
2025-05-01T14:15:50.210000,0.013383
2025-05-01T14:15:50.220000,-0.009422
2025-05-01T14:15:50.230000,0.003293
2025-05-01T14:15:50.240000,0.004953
2025-05-01T14:15:50.250000,0.003153
2025-05-01T14:15:50.260000,-0.000855
2025-05-01T14:15:50.270000,0.006150
2025-05-01T14:15:50.280000,-0.000168
2025-05-01T14:15:50.290000,0.004595
2025-05-01T14:15:50.300000,0.002546
2025-05-01T14:15:50.310000,-0.023457
2025-05-01T14:15:50.320000,-0.008442
2025-05-01T14:15:50.330000,0.010817
2025-05-01T14:15:50.340000,0.000164
2025-05-01T14:15:50.350000,0.004626
2025-05-01T14:15:50.360000,-0.005320
2025-05-01T14:15:50.370000,-0.002424
2025-05-01T14:15:50.380000,-0.005693
2025-05-01T14:15:50.390000,0.003358
2025-05-01T14:15:50.400000,-0.005380
2025-05-01T14:15:50.410000,0.003702
2025-05-01T14:15:50.420000,-0.001680
2025-05-01T14:15:50.430000,0.005913
2025-05-01T14:15:50.440000,0.007229
2025-05-01T14:15:50.450000,0.012897
2025-05-01T14:15:50.460000,0.019636
2025-05-01T14:15:50.470000,0.013455
2025-05-01T14:15:50.480000,0.007521
2025-05-01T14:15:50.490000,0.013221
2025-05-01T14:15:50.500000,-0.001548
2025-05-01T14:15:50.510000,-0.002333
2025-05-01T14:15:50.520000,-0.003797
2025-05-01T14:15:50.530000,0.008914
2025-05-01T14:15:50.540000,0.007818
2025-05-01T14:15:50.550000,-0.000029
2025-05-01T14:15:50.560000,0.010990
2025-05-01T14:15:50.570000,0.002235
2025-05-01T14:15:50.580000,0.012572
2025-05-01T14:15:50.590000,-0.002609
2025-05-01T14:15:50.600000,0.015569
2025-05-01T14:15:50.610000,-0.001733
2025-05-01T14:15:50.620000,-0.007791
2025-05-01T14:15:50.630000,-0.009607
2025-05-01T14:15:50.640000,-0.009987
2025-05-01T14:15:50.650000,0.002789
2025-05-01T14:15:50.660000,0.010369
2025-05-01T14:15:50.670000,-0.002490
2025-05-01T14:15:50.680000,0.001060
2025-05-01T14:15:50.690000,0.009876
2025-05-01T14:15:50.700000,-0.019203
2025-05-01T14:15:50.710000,-0.002436
2025-05-01T14:15:50.720000,-0.006517
2025-05-01T14:15:50.730000,0.000197
2025-05-01T14:15:50.740000,-0.001998
2025-05-01T14:15:50.750000,-0.004616
2025-05-01T14:15:50.760000,0.008202
2025-05-01T14:15:50.770000,-0.008352
2025-05-01T14:15:50.780000,-0.009014
2025-05-01T14:15:50.790000,-0.014151
2025-05-01T14:15:50.800000,-0.007758
2025-05-01T14:15:50.810000,-0.002612
2025-05-01T14:15:50.820000,-0.007461
2025-05-01T14:15:50.830000,-0.002602
2025-05-01T14:15:50.840000,0.027863
2025-05-01T14:15:50.850000,-0.026927
2025-05-01T14:15:50.860000,0.001982
2025-05-01T14:15:50.870000,-0.010779
2025-05-01T14:15:50.880000,0.001521
2025-05-01T14:15:50.890000,0.010683
2025-05-01T14:15:50.900000,0.011972
2025-05-01T14:15:50.910000,-0.017123
2025-05-01T14:15:50.920000,-0.006570
2025-05-01T14:15:50.930000,0.005179
2025-05-01T14:15:50.940000,0.008758
2025-05-01T14:15:50.950000,0.001048
2025-05-01T14:15:50.960000,-0.025576
2025-05-01T14:15:50.970000,0.002288
2025-05-01T14:15:50.980000,0.002462
2025-05-01T14:15:50.990000,-0.005237
2025-05-01T14:15:51,0.018757
2025-05-01T14:15:51.010000,0.008850
2025-05-01T14:15:51.020000,0.006776
2025-05-01T14:15:51.030000,0.002197
2025-05-01T14:15:51.040000,-0.009518
2025-05-01T14:15:51.050000,0.007618
2025-05-01T14:15:51.060000,0.006883
2025-05-01T14:15:51.070000,0.001931
2025-05-01T14:15:51.080000,-0.005487
2025-05-01T14:15:51.090000,0.017283
2025-05-01T14:15:51.100000,-0.010365
2025-05-01T14:15:51.110000,-0.014698
2025-05-01T14:15:51.120000,-0.002582
2025-05-01T14:15:51.130000,-0.004856
2025-05-01T14:15:51.140000,-0.010223
2025-05-01T14:15:51.150000,-0.009918
2025-05-01T14:15:51.160000,0.002710
2025-05-01T14:15:51.170000,-0.006880
2025-05-01T14:15:51.180000,0.000111
2025-05-01T14:15:51.190000,-0.009434
2025-05-01T14:15:51.200000,-0.006164
2025-05-01T14:15:51.210000,0.008973
2025-05-01T14:15:51.220000,0.008933
2025-05-01T14:15:51.230000,0.021747
2025-05-01T14:15:51.240000,-0.002278
2025-05-01T14:15:51.250000,-0.000221
2025-05-01T14:15:51.260000,-0.007194
2025-05-01T14:15:51.270000,0.017191
2025-05-01T14:15:51.280000,-0.009278
2025-05-01T14:15:51.290000,-0.013573
2025-05-01T14:15:51.300000,0.014385
2025-05-01T14:15:51.310000,0.005073
2025-05-01T14:15:51.320000,0.024060
2025-05-01T14:15:51.330000,0.003080
2025-05-01T14:15:51.340000,-0.005583
2025-05-01T14:15:51.350000,-0.019367
2025-05-01T14:15:51.360000,0.007516
2025-05-01T14:15:51.370000,-0.005626
2025-05-01T14:15:51.380000,0.000839
2025-05-01T14:15:51.390000,-0.001308
2025-05-01T14:15:51.400000,-0.000347
2025-05-01T14:15:51.410000,0.007207
2025-05-01T14:15:51.420000,-0.009820
2025-05-01T14:15:51.430000,0.002148
2025-05-01T14:15:51.440000,-0.001374
2025-05-01T14:15:51.450000,-0.007068
2025-05-01T14:15:51.460000,-0.005062
2025-05-01T14:15:51.470000,0.011340
2025-05-01T14:15:51.480000,-0.002053
2025-05-01T14:15:51.490000,-0.002741
2025-05-01T14:15:51.500000,-0.014042
2025-05-01T14:15:51.510000,0.000372
2025-05-01T14:15:51.520000,-0.007780
2025-05-01T14:15:51.530000,0.000057
2025-05-01T14:15:51.540000,-0.007307
2025-05-01T14:15:51.550000,0.018414
2025-05-01T14:15:51.560000,0.001605
2025-05-01T14:15:51.570000,-0.010475
2025-05-01T14:15:51.580000,-0.011676
2025-05-01T14:15:51.590000,-0.011553
2025-05-01T14:15:51.600000,0.009594
2025-05-01T14:15:51.610000,-0.010206
2025-05-01T14:15:51.620000,-0.018887
2025-05-01T14:15:51.630000,-0.004340
2025-05-01T14:15:51.640000,-0.005734
2025-05-01T14:15:51.650000,0.001082
2025-05-01T14:15:51.660000,-0.010140
2025-05-01T14:15:51.670000,-0.003667
2025-05-01T14:15:51.680000,-0.004385
2025-05-01T14:15:51.690000,-0.006667
2025-05-01T14:15:51.700000,-0.033768
2025-05-01T14:15:51.710000,0.014283
2025-05-01T14:15:51.720000,-0.002571
2025-05-01T14:15:51.730000,0.016336
2025-05-01T14:15:51.740000,0.006102
2025-05-01T14:15:51.750000,-0.002357
2025-05-01T14:15:51.760000,-0.010250
2025-05-01T14:15:51.770000,0.000928
2025-05-01T14:15:51.780000,-0.006993
2025-05-01T14:15:51.790000,-0.004507
2025-05-01T14:15:51.800000,-0.009112
2025-05-01T14:15:51.810000,0.008152
2025-05-01T14:15:51.820000,-0.004524
2025-05-01T14:15:51.830000,0.020038
2025-05-01T14:15:51.840000,-0.005054
2025-05-01T14:15:51.850000,-0.013555
2025-05-01T14:15:51.860000,-0.000135
2025-05-01T14:15:51.870000,0.008491
2025-05-01T14:15:51.880000,-0.002037
2025-05-01T14:15:51.890000,0.022127
2025-05-01T14:15:51.900000,-0.004902
2025-05-01T14:15:51.910000,0.010604
2025-05-01T14:15:51.920000,-0.001958
2025-05-01T14:15:51.930000,-0.003020
2025-05-01T14:15:51.940000,0.001202
2025-05-01T14:15:51.950000,0.002428
2025-05-01T14:15:51.960000,0.011431
2025-05-01T14:15:51.970000,0.007447
2025-05-01T14:15:51.980000,-0.001269
2025-05-01T14:15:51.990000,0.001623
2025-05-01T14:15:52,0.011769
2025-05-01T14:15:52.010000,0.002599
2025-05-01T14:15:52.020000,0.003998
2025-05-01T14:15:52.030000,-0.010470
2025-05-01T14:15:52.040000,-0.017454
2025-05-01T14:15:52.050000,-0.005679
2025-05-01T14:15:52.060000,0.006009
2025-05-01T14:15:52.070000,-0.016674
2025-05-01T14:15:52.080000,-0.009505
2025-05-01T14:15:52.090000,-0.005400
2025-05-01T14:15:52.100000,0.001899
2025-05-01T14:15:52.110000,0.007802
2025-05-01T14:15:52.120000,-0.007534
2025-05-01T14:15:52.130000,0.001877
2025-05-01T14:15:52.140000,-0.014886
2025-05-01T14:15:52.150000,0.021550
2025-05-01T14:15:52.160000,0.015249
2025-05-01T14:15:52.170000,-0.004431
2025-05-01T14:15:52.180000,0.003021
2025-05-01T14:15:52.190000,-0.005912
2025-05-01T14:15:52.200000,0.005790
2025-05-01T14:15:52.210000,0.000380
2025-05-01T14:15:52.220000,-0.000689
2025-05-01T14:15:52.230000,-0.013494
2025-05-01T14:15:52.240000,0.004358
2025-05-01T14:15:52.250000,-0.006795
2025-05-01T14:15:52.260000,0.016818
2025-05-01T14:15:52.270000,0.003684
2025-05-01T14:15:52.280000,0.008726
2025-05-01T14:15:52.290000,0.008919
2025-05-01T14:15:52.300000,-0.013278
2025-05-01T14:15:52.310000,0.016575
2025-05-01T14:15:52.320000,-0.001379
2025-05-01T14:15:52.330000,-0.001953
2025-05-01T14:15:52.340000,0.012086
2025-05-01T14:15:52.350000,-0.002901
2025-05-01T14:15:52.360000,0.004712
2025-05-01T14:15:52.370000,-0.002129
2025-05-01T14:15:52.380000,0.000846
2025-05-01T14:15:52.390000,-0.003081
2025-05-01T14:15:52.400000,0.002729
2025-05-01T14:15:52.410000,-0.006121
2025-05-01T14:15:52.420000,0.003805
2025-05-01T14:15:52.430000,0.000784
2025-05-01T14:15:52.440000,0.004542
2025-05-01T14:15:52.450000,-0.000243
2025-05-01T14:15:52.460000,0.000684
2025-05-01T14:15:52.470000,0.015360
2025-05-01T14:15:52.480000,-0.007458
2025-05-01T14:15:52.490000,-0.005414
2025-05-01T14:15:52.500000,0.022011
2025-05-01T14:15:52.510000,0.003000
2025-05-01T14:15:52.520000,-0.011525
2025-05-01T14:15:52.530000,-0.001790
2025-05-01T14:15:52.540000,0.000010
2025-05-01T14:15:52.550000,-0.003134
2025-05-01T14:15:52.560000,0.012177
2025-05-01T14:15:52.570000,0.006021
2025-05-01T14:15:52.580000,-0.010383
2025-05-01T14:15:52.590000,0.016785
2025-05-01T14:15:52.600000,0.008331
2025-05-01T14:15:52.610000,-0.015311
2025-05-01T14:15:52.620000,-0.003828
2025-05-01T14:15:52.630000,0.017124
2025-05-01T14:15:52.640000,0.003915
2025-05-01T14:15:52.650000,-0.014151
2025-05-01T14:15:52.660000,-0.012804
2025-05-01T14:15:52.670000,-0.007798
2025-05-01T14:15:52.680000,-0.007451
2025-05-01T14:15:52.690000,-0.009844
2025-05-01T14:15:52.700000,-0.006316
2025-05-01T14:15:52.710000,0.009781
2025-05-01T14:15:52.720000,0.007202
2025-05-01T14:15:52.730000,-0.012141
2025-05-01T14:15:52.740000,0.011503
2025-05-01T14:15:52.750000,-0.000043
2025-05-01T14:15:52.760000,0.009496
2025-05-01T14:15:52.770000,-0.004562
2025-05-01T14:15:52.780000,-0.007528
2025-05-01T14:15:52.790000,0.002992
2025-05-01T14:15:52.800000,-0.012941
2025-05-01T14:15:52.810000,0.007524
2025-05-01T14:15:52.820000,-0.007269
2025-05-01T14:15:52.830000,-0.007797
2025-05-01T14:15:52.840000,0.000733
2025-05-01T14:15:52.850000,-0.003497
2025-05-01T14:15:52.860000,-0.006378
2025-05-01T14:15:52.870000,0.001498
2025-05-01T14:15:52.880000,-0.002394
2025-05-01T14:15:52.890000,0.015484
2025-05-01T14:15:52.900000,-0.009168
2025-05-01T14:15:52.910000,0.006205
2025-05-01T14:15:52.920000,0.003218
2025-05-01T14:15:52.930000,0.002579
2025-05-01T14:15:52.940000,0.008158
2025-05-01T14:15:52.950000,-0.004808
2025-05-01T14:15:52.960000,-0.000083
2025-05-01T14:15:52.970000,-0.005891
2025-05-01T14:15:52.980000,-0.011995
2025-05-01T14:15:52.990000,0.001660
2025-05-01T14:15:53,-0.010649
2025-05-01T14:15:53.010000,-0.013938
2025-05-01T14:15:53.020000,-0.004782
2025-05-01T14:15:53.030000,0.008245
2025-05-01T14:15:53.040000,0.009859
2025-05-01T14:15:53.050000,-0.019140
2025-05-01T14:15:53.060000,-0.005839
2025-05-01T14:15:53.070000,0.004948
2025-05-01T14:15:53.080000,0.005942
2025-05-01T14:15:53.090000,0.002476
2025-05-01T14:15:53.100000,0.008800
2025-05-01T14:15:53.110000,0.010842
2025-05-01T14:15:53.120000,-0.007772
2025-05-01T14:15:53.130000,0.003714
2025-05-01T14:15:53.140000,0.008177
2025-05-01T14:15:53.150000,-0.009440
2025-05-01T14:15:53.160000,-0.001395
2025-05-01T14:15:53.170000,-0.024758
2025-05-01T14:15:53.180000,-0.000545
2025-05-01T14:15:53.190000,-0.020191
2025-05-01T14:15:53.200000,0.018645
2025-05-01T14:15:53.210000,-0.000846
2025-05-01T14:15:53.220000,0.002053
2025-05-01T14:15:53.230000,0.008538
2025-05-01T14:15:53.240000,0.004343
2025-05-01T14:15:53.250000,-0.002690
2025-05-01T14:15:53.260000,-0.000922
2025-05-01T14:15:53.270000,0.004213
2025-05-01T14:15:53.280000,0.009361
2025-05-01T14:15:53.290000,0.003509
2025-05-01T14:15:53.300000,0.010696
2025-05-01T14:15:53.310000,0.003097
2025-05-01T14:15:53.320000,-0.008189
2025-05-01T14:15:53.330000,-0.005525
2025-05-01T14:15:53.340000,0.012299
2025-05-01T14:15:53.350000,-0.006035
2025-05-01T14:15:53.360000,-0.011727
2025-05-01T14:15:53.370000,0.003615
2025-05-01T14:15:53.380000,-0.006243
2025-05-01T14:15:53.390000,0.023548
2025-05-01T14:15:53.400000,-0.002225
2025-05-01T14:15:53.410000,0.006792
2025-05-01T14:15:53.420000,-0.015404
2025-05-01T14:15:53.430000,0.002348
2025-05-01T14:15:53.440000,0.004271
2025-05-01T14:15:53.450000,-0.018181
2025-05-01T14:15:53.460000,0.003312
2025-05-01T14:15:53.470000,-0.005042
2025-05-01T14:15:53.480000,-0.001635
2025-05-01T14:15:53.490000,0.000273
2025-05-01T14:15:53.500000,-0.005500
2025-05-01T14:15:53.510000,-0.005160
2025-05-01T14:15:53.520000,-0.000067
2025-05-01T14:15:53.530000,-0.006663
2025-05-01T14:15:53.540000,0.013752
2025-05-01T14:15:53.550000,-0.011005
2025-05-01T14:15:53.560000,-0.004378
2025-05-01T14:15:53.570000,0.007760
2025-05-01T14:15:53.580000,-0.000679
2025-05-01T14:15:53.590000,0.017170
2025-05-01T14:15:53.600000,0.023752
2025-05-01T14:15:53.610000,0.008656
2025-05-01T14:15:53.620000,0.004807
2025-05-01T14:15:53.630000,-0.001488
2025-05-01T14:15:53.640000,-0.011152
2025-05-01T14:15:53.650000,0.010535
2025-05-01T14:15:53.660000,0.004802
2025-05-01T14:15:53.670000,0.003747
2025-05-01T14:15:53.680000,-0.002321
2025-05-01T14:15:53.690000,-0.006756
2025-05-01T14:15:53.700000,0.017780
2025-05-01T14:15:53.710000,-0.000674
2025-05-01T14:15:53.720000,-0.003067
2025-05-01T14:15:53.730000,0.006551
2025-05-01T14:15:53.740000,-0.023261
2025-05-01T14:15:53.750000,-0.004132
2025-05-01T14:15:53.760000,-0.007331
2025-05-01T14:15:53.770000,-0.015362
2025-05-01T14:15:53.780000,-0.006096
2025-05-01T14:15:53.790000,0.011958
2025-05-01T14:15:53.800000,-0.009444
2025-05-01T14:15:53.810000,0.023795
2025-05-01T14:15:53.820000,-0.001250
2025-05-01T14:15:53.830000,0.003465
2025-05-01T14:15:53.840000,0.006857
2025-05-01T14:15:53.850000,-0.003606
2025-05-01T14:15:53.860000,0.013489
2025-05-01T14:15:53.870000,-0.016826
2025-05-01T14:15:53.880000,-0.012504
2025-05-01T14:15:53.890000,0.014951
2025-05-01T14:15:53.900000,0.003127
2025-05-01T14:15:53.910000,-0.009722
2025-05-01T14:15:53.920000,-0.003335
2025-05-01T14:15:53.930000,0.001672
2025-05-01T14:15:53.940000,0.003385
2025-05-01T14:15:53.950000,-0.016373
2025-05-01T14:15:53.960000,-0.011985
2025-05-01T14:15:53.970000,0.009111
2025-05-01T14:15:53.980000,-0.001137
2025-05-01T14:15:53.990000,0.003162
2025-05-01T14:15:54,-0.000175
2025-05-01T14:15:54.010000,0.005685
2025-05-01T14:15:54.020000,0.007058
2025-05-01T14:15:54.030000,-0.007585
2025-05-01T14:15:54.040000,0.010210
2025-05-01T14:15:54.050000,-0.019248
2025-05-01T14:15:54.060000,0.006621
2025-05-01T14:15:54.070000,-0.022555
2025-05-01T14:15:54.080000,-0.007922
2025-05-01T14:15:54.090000,0.012015
2025-05-01T14:15:54.100000,-0.014278
2025-05-01T14:15:54.110000,0.005496
2025-05-01T14:15:54.120000,0.008619
2025-05-01T14:15:54.130000,0.009692
2025-05-01T14:15:54.140000,-0.013905
2025-05-01T14:15:54.150000,-0.006327
2025-05-01T14:15:54.160000,-0.011128
2025-05-01T14:15:54.170000,-0.000529
2025-05-01T14:15:54.180000,-0.015302
2025-05-01T14:15:54.190000,-0.010858
2025-05-01T14:15:54.200000,0.003477
2025-05-01T14:15:54.210000,0.011052
2025-05-01T14:15:54.220000,0.003661
2025-05-01T14:15:54.230000,-0.002819
2025-05-01T14:15:54.240000,0.003343
2025-05-01T14:15:54.250000,-0.005315
2025-05-01T14:15:54.260000,-0.003138
2025-05-01T14:15:54.270000,0.009182
2025-05-01T14:15:54.280000,-0.000506
2025-05-01T14:15:54.290000,-0.000606
2025-05-01T14:15:54.300000,-0.001140
2025-05-01T14:15:54.310000,-0.016907
2025-05-01T14:15:54.320000,0.018394
2025-05-01T14:15:54.330000,-0.012598
2025-05-01T14:15:54.340000,0.009279
2025-05-01T14:15:54.350000,-0.019376
2025-05-01T14:15:54.360000,0.012400
2025-05-01T14:15:54.370000,-0.010639
2025-05-01T14:15:54.380000,-0.000885
2025-05-01T14:15:54.390000,-0.009358
2025-05-01T14:15:54.400000,-0.014197
2025-05-01T14:15:54.410000,0.017754
2025-05-01T14:15:54.420000,-0.004323
2025-05-01T14:15:54.430000,0.014236
2025-05-01T14:15:54.440000,0.009696
2025-05-01T14:15:54.450000,0.007715
2025-05-01T14:15:54.460000,0.000819
2025-05-01T14:15:54.470000,0.020003
2025-05-01T14:15:54.480000,0.006688
2025-05-01T14:15:54.490000,0.015412
2025-05-01T14:15:54.500000,0.005963
2025-05-01T14:15:54.510000,-0.000416
2025-05-01T14:15:54.520000,0.012365
2025-05-01T14:15:54.530000,0.001322
2025-05-01T14:15:54.540000,0.007769
2025-05-01T14:15:54.550000,0.024566
2025-05-01T14:15:54.560000,-0.017700
2025-05-01T14:15:54.570000,-0.004871
2025-05-01T14:15:54.580000,-0.014030
2025-05-01T14:15:54.590000,-0.004134
2025-05-01T14:15:54.600000,-0.010136
2025-05-01T14:15:54.610000,-0.012071
2025-05-01T14:15:54.620000,0.007955
2025-05-01T14:15:54.630000,0.004936
2025-05-01T14:15:54.640000,0.001783
2025-05-01T14:15:54.650000,-0.015542
2025-05-01T14:15:54.660000,0.004481
2025-05-01T14:15:54.670000,0.012746
2025-05-01T14:15:54.680000,0.005693
2025-05-01T14:15:54.690000,0.005752
2025-05-01T14:15:54.700000,-0.001972
2025-05-01T14:15:54.710000,-0.005212
2025-05-01T14:15:54.720000,-0.007372
2025-05-01T14:15:54.730000,0.016420
2025-05-01T14:15:54.740000,-0.011753
2025-05-01T14:15:54.750000,0.008966
2025-05-01T14:15:54.760000,-0.003180
2025-05-01T14:15:54.770000,0.004815
2025-05-01T14:15:54.780000,-0.006888
2025-05-01T14:15:54.790000,-0.017019
2025-05-01T14:15:54.800000,0.018898
2025-05-01T14:15:54.810000,-0.003317
2025-05-01T14:15:54.820000,-0.001024
2025-05-01T14:15:54.830000,-0.011988
2025-05-01T14:15:54.840000,0.014642
2025-05-01T14:15:54.850000,-0.004168
2025-05-01T14:15:54.860000,-0.005721
2025-05-01T14:15:54.870000,-0.001241
2025-05-01T14:15:54.880000,0.004661
2025-05-01T14:15:54.890000,0.001540
2025-05-01T14:15:54.900000,0.003668
2025-05-01T14:15:54.910000,0.011640
2025-05-01T14:15:54.920000,0.011420
2025-05-01T14:15:54.930000,-0.003218
2025-05-01T14:15:54.940000,-0.001234
2025-05-01T14:15:54.950000,-0.018324
2025-05-01T14:15:54.960000,-0.000842
2025-05-01T14:15:54.970000,0.005187
2025-05-01T14:15:54.980000,-0.006590
2025-05-01T14:15:54.990000,-0.010830
2025-05-01T14:15:55,0.001115
2025-05-01T14:15:55.010000,0.016899
2025-05-01T14:15:55.020000,0.004515
2025-05-01T14:15:55.030000,0.001375
2025-05-01T14:15:55.040000,0.012361
2025-05-01T14:15:55.050000,0.004219
2025-05-01T14:15:55.060000,-0.004385
2025-05-01T14:15:55.070000,0.003582
2025-05-01T14:15:55.080000,-0.009952
2025-05-01T14:15:55.090000,-0.005128
2025-05-01T14:15:55.100000,-0.009224
2025-05-01T14:15:55.110000,-0.004983
2025-05-01T14:15:55.120000,-0.002561
2025-05-01T14:15:55.130000,0.007083
2025-05-01T14:15:55.140000,-0.016518
2025-05-01T14:15:55.150000,0.004921
2025-05-01T14:15:55.160000,0.004452
2025-05-01T14:15:55.170000,0.002678
2025-05-01T14:15:55.180000,-0.010719
2025-05-01T14:15:55.190000,-0.006592
2025-05-01T14:15:55.200000,-0.002829
2025-05-01T14:15:55.210000,-0.011158
2025-05-01T14:15:55.220000,0.017311
2025-05-01T14:15:55.230000,-0.001416
2025-05-01T14:15:55.240000,0.024197
2025-05-01T14:15:55.250000,0.011617
2025-05-01T14:15:55.260000,0.000378
2025-05-01T14:15:55.270000,-0.002665
2025-05-01T14:15:55.280000,0.013223
2025-05-01T14:15:55.290000,-0.000665
2025-05-01T14:15:55.300000,-0.013455
2025-05-01T14:15:55.310000,-0.001352
2025-05-01T14:15:55.320000,-0.000858
2025-05-01T14:15:55.330000,0.016240
2025-05-01T14:15:55.340000,0.007861
2025-05-01T14:15:55.350000,-0.000585
2025-05-01T14:15:55.360000,0.004471
2025-05-01T14:15:55.370000,-0.003522
2025-05-01T14:15:55.380000,0.009661
2025-05-01T14:15:55.390000,0.008247
2025-05-01T14:15:55.400000,-0.005143
2025-05-01T14:15:55.410000,0.004463
2025-05-01T14:15:55.420000,-0.005301
2025-05-01T14:15:55.430000,-0.005772
2025-05-01T14:15:55.440000,0.010286
2025-05-01T14:15:55.450000,0.012825
2025-05-01T14:15:55.460000,-0.001627
2025-05-01T14:15:55.470000,-0.003078
2025-05-01T14:15:55.480000,0.002842
2025-05-01T14:15:55.490000,0.011211
2025-05-01T14:15:55.500000,0.006749
2025-05-01T14:15:55.510000,0.001694
2025-05-01T14:15:55.520000,-0.007514
2025-05-01T14:15:55.530000,0.014069
2025-05-01T14:15:55.540000,0.002514
2025-05-01T14:15:55.550000,0.008929
2025-05-01T14:15:55.560000,0.001531
2025-05-01T14:15:55.570000,-0.001699
2025-05-01T14:15:55.580000,-0.012485
2025-05-01T14:15:55.590000,-0.009477
2025-05-01T14:15:55.600000,-0.004816
2025-05-01T14:15:55.610000,-0.003719
2025-05-01T14:15:55.620000,-0.005641
2025-05-01T14:15:55.630000,-0.013961
2025-05-01T14:15:55.640000,-0.004664
2025-05-01T14:15:55.650000,0.008277
2025-05-01T14:15:55.660000,-0.013350
2025-05-01T14:15:55.670000,-0.010138
2025-05-01T14:15:55.680000,-0.004752
2025-05-01T14:15:55.690000,-0.002581
2025-05-01T14:15:55.700000,-0.002388
2025-05-01T14:15:55.710000,0.006671
2025-05-01T14:15:55.720000,0.012063
2025-05-01T14:15:55.730000,0.008186
2025-05-01T14:15:55.740000,-0.006707
2025-05-01T14:15:55.750000,-0.018984
2025-05-01T14:15:55.760000,-0.002770
2025-05-01T14:15:55.770000,-0.018145
2025-05-01T14:15:55.780000,0.016899
2025-05-01T14:15:55.790000,-0.003740
2025-05-01T14:15:55.800000,0.013234
2025-05-01T14:15:55.810000,-0.007574
2025-05-01T14:15:55.820000,0.013604
2025-05-01T14:15:55.830000,-0.009587
2025-05-01T14:15:55.840000,-0.019248
2025-05-01T14:15:55.850000,0.013532
2025-05-01T14:15:55.860000,-0.011301
2025-05-01T14:15:55.870000,0.025304
2025-05-01T14:15:55.880000,0.010095
2025-05-01T14:15:55.890000,0.010716
2025-05-01T14:15:55.900000,-0.007743
2025-05-01T14:15:55.910000,0.011609
2025-05-01T14:15:55.920000,0.004713
2025-05-01T14:15:55.930000,0.005308
2025-05-01T14:15:55.940000,-0.004015
2025-05-01T14:15:55.950000,-0.013669
2025-05-01T14:15:55.960000,-0.006958
2025-05-01T14:15:55.970000,-0.003490
2025-05-01T14:15:55.980000,0.008169
2025-05-01T14:15:55.990000,-0.002725
2025-05-01T14:15:56,0.001529
2025-05-01T14:15:56.010000,0.000782
2025-05-01T14:15:56.020000,0.000543
2025-05-01T14:15:56.030000,0.009956
2025-05-01T14:15:56.040000,0.004413
2025-05-01T14:15:56.050000,0.006695
2025-05-01T14:15:56.060000,0.011228
2025-05-01T14:15:56.070000,-0.016592
2025-05-01T14:15:56.080000,-0.015973
2025-05-01T14:15:56.090000,-0.009306
2025-05-01T14:15:56.100000,0.013724
2025-05-01T14:15:56.110000,-0.009062
2025-05-01T14:15:56.120000,0.003109
2025-05-01T14:15:56.130000,0.015514
2025-05-01T14:15:56.140000,0.004235
2025-05-01T14:15:56.150000,-0.005283
2025-05-01T14:15:56.160000,-0.007222
2025-05-01T14:15:56.170000,0.012559
2025-05-01T14:15:56.180000,0.004054
2025-05-01T14:15:56.190000,-0.001789
2025-05-01T14:15:56.200000,0.007809
2025-05-01T14:15:56.210000,-0.014955
2025-05-01T14:15:56.220000,0.018550
2025-05-01T14:15:56.230000,-0.006412
2025-05-01T14:15:56.240000,-0.009551
2025-05-01T14:15:56.250000,-0.005554
2025-05-01T14:15:56.260000,-0.018098
2025-05-01T14:15:56.270000,-0.016435
2025-05-01T14:15:56.280000,0.003374
2025-05-01T14:15:56.290000,-0.019095
2025-05-01T14:15:56.300000,-0.020707
2025-05-01T14:15:56.310000,-0.015573
2025-05-01T14:15:56.320000,0.016814
2025-05-01T14:15:56.330000,0.000360
2025-05-01T14:15:56.340000,-0.007348
2025-05-01T14:15:56.350000,0.003178
2025-05-01T14:15:56.360000,-0.004213
2025-05-01T14:15:56.370000,-0.013370
2025-05-01T14:15:56.380000,0.006143
2025-05-01T14:15:56.390000,0.000753
2025-05-01T14:15:56.400000,0.006994
2025-05-01T14:15:56.410000,0.004311
2025-05-01T14:15:56.420000,0.009106
2025-05-01T14:15:56.430000,-0.008998
2025-05-01T14:15:56.440000,0.011559
2025-05-01T14:15:56.450000,-0.011656
2025-05-01T14:15:56.460000,0.003842
2025-05-01T14:15:56.470000,0.001563
2025-05-01T14:15:56.480000,0.015655
2025-05-01T14:15:56.490000,-0.004165
2025-05-01T14:15:56.500000,-0.002101
2025-05-01T14:15:56.510000,0.011453
2025-05-01T14:15:56.520000,-0.008098
2025-05-01T14:15:56.530000,0.000995
2025-05-01T14:15:56.540000,0.007615
2025-05-01T14:15:56.550000,-0.004193
2025-05-01T14:15:56.560000,-0.009252
2025-05-01T14:15:56.570000,0.003741
2025-05-01T14:15:56.580000,-0.001920
2025-05-01T14:15:56.590000,-0.007738
2025-05-01T14:15:56.600000,0.012364
2025-05-01T14:15:56.610000,-0.014451
2025-05-01T14:15:56.620000,-0.001191
2025-05-01T14:15:56.630000,0.007489
2025-05-01T14:15:56.640000,0.006350
2025-05-01T14:15:56.650000,0.013599
2025-05-01T14:15:56.660000,-0.004597
2025-05-01T14:15:56.670000,0.003387
2025-05-01T14:15:56.680000,-0.007551
2025-05-01T14:15:56.690000,-0.018293
2025-05-01T14:15:56.700000,-0.006011
2025-05-01T14:15:56.710000,0.003900
2025-05-01T14:15:56.720000,0.007007
2025-05-01T14:15:56.730000,-0.006617
2025-05-01T14:15:56.740000,0.011535
2025-05-01T14:15:56.750000,-0.004886
2025-05-01T14:15:56.760000,-0.014881
2025-05-01T14:15:56.770000,-0.000852
2025-05-01T14:15:56.780000,-0.027375
2025-05-01T14:15:56.790000,0.006853
2025-05-01T14:15:56.800000,0.003124
2025-05-01T14:15:56.810000,-0.017974
2025-05-01T14:15:56.820000,-0.011940
2025-05-01T14:15:56.830000,-0.005792
2025-05-01T14:15:56.840000,-0.019055
2025-05-01T14:15:56.850000,-0.009484
2025-05-01T14:15:56.860000,-0.014954
2025-05-01T14:15:56.870000,0.006518
2025-05-01T14:15:56.880000,-0.009703
2025-05-01T14:15:56.890000,0.000183
2025-05-01T14:15:56.900000,0.012459
2025-05-01T14:15:56.910000,0.015444
2025-05-01T14:15:56.920000,-0.006785
2025-05-01T14:15:56.930000,-0.027918
2025-05-01T14:15:56.940000,0.021817
2025-05-01T14:15:56.950000,0.010430
2025-05-01T14:15:56.960000,0.004430
2025-05-01T14:15:56.970000,-0.008266
2025-05-01T14:15:56.980000,-0.000577
2025-05-01T14:15:56.990000,-0.005419
2025-05-01T14:15:57,-0.000056
2025-05-01T14:15:57.010000,-0.000165
2025-05-01T14:15:57.020000,-0.011195
2025-05-01T14:15:57.030000,-0.010490
2025-05-01T14:15:57.040000,0.008569
2025-05-01T14:15:57.050000,0.020554
2025-05-01T14:15:57.060000,-0.006653
2025-05-01T14:15:57.070000,-0.003893
2025-05-01T14:15:57.080000,-0.012582
2025-05-01T14:15:57.090000,0.013008
2025-05-01T14:15:57.100000,0.000735
2025-05-01T14:15:57.110000,-0.006442
2025-05-01T14:15:57.120000,0.000292
2025-05-01T14:15:57.130000,0.000740
2025-05-01T14:15:57.140000,-0.007780
2025-05-01T14:15:57.150000,-0.009768
2025-05-01T14:15:57.160000,-0.007570
2025-05-01T14:15:57.170000,-0.010532
2025-05-01T14:15:57.180000,-0.002429
2025-05-01T14:15:57.190000,-0.001556
2025-05-01T14:15:57.200000,-0.014563
2025-05-01T14:15:57.210000,0.004130
2025-05-01T14:15:57.220000,-0.002617
2025-05-01T14:15:57.230000,-0.005431
2025-05-01T14:15:57.240000,0.000879
2025-05-01T14:15:57.250000,-0.000299
2025-05-01T14:15:57.260000,0.011215
2025-05-01T14:15:57.270000,-0.007636
2025-05-01T14:15:57.280000,-0.000492
2025-05-01T14:15:57.290000,0.012880
2025-05-01T14:15:57.300000,0.009117
2025-05-01T14:15:57.310000,-0.013121
2025-05-01T14:15:57.320000,0.006365
2025-05-01T14:15:57.330000,0.007886
2025-05-01T14:15:57.340000,-0.001530
2025-05-01T14:15:57.350000,0.008617
2025-05-01T14:15:57.360000,-0.017254
2025-05-01T14:15:57.370000,-0.013570
2025-05-01T14:15:57.380000,0.002139
2025-05-01T14:15:57.390000,0.000197
2025-05-01T14:15:57.400000,-0.001429
2025-05-01T14:15:57.410000,-0.005960
2025-05-01T14:15:57.420000,0.005941
2025-05-01T14:15:57.430000,0.005571
2025-05-01T14:15:57.440000,0.019154
2025-05-01T14:15:57.450000,0.015137
2025-05-01T14:15:57.460000,-0.004214
2025-05-01T14:15:57.470000,0.010518
2025-05-01T14:15:57.480000,0.017120
2025-05-01T14:15:57.490000,0.007575
2025-05-01T14:15:57.500000,-0.001980
2025-05-01T14:15:57.510000,-0.006806
2025-05-01T14:15:57.520000,0.002097
2025-05-01T14:15:57.530000,-0.005402
2025-05-01T14:15:57.540000,-0.003909
2025-05-01T14:15:57.550000,-0.009497
2025-05-01T14:15:57.560000,0.002101
2025-05-01T14:15:57.570000,-0.007882
2025-05-01T14:15:57.580000,0.001703
2025-05-01T14:15:57.590000,-0.001373
2025-05-01T14:15:57.600000,-0.004409
2025-05-01T14:15:57.610000,0.011668
2025-05-01T14:15:57.620000,0.006959
2025-05-01T14:15:57.630000,0.021296
2025-05-01T14:15:57.640000,0.002076
2025-05-01T14:15:57.650000,0.005389
2025-05-01T14:15:57.660000,-0.006856
2025-05-01T14:15:57.670000,0.007097
2025-05-01T14:15:57.680000,0.011505
2025-05-01T14:15:57.690000,0.005257
2025-05-01T14:15:57.700000,0.002385
2025-05-01T14:15:57.710000,-0.010461
2025-05-01T14:15:57.720000,-0.018412
2025-05-01T14:15:57.730000,-0.005061
2025-05-01T14:15:57.740000,0.004701
2025-05-01T14:15:57.750000,0.000120
2025-05-01T14:15:57.760000,0.005226
2025-05-01T14:15:57.770000,0.012332
2025-05-01T14:15:57.780000,0.013350
2025-05-01T14:15:57.790000,-0.005287
2025-05-01T14:15:57.800000,0.013090
2025-05-01T14:15:57.810000,-0.011797
2025-05-01T14:15:57.820000,0.007405
2025-05-01T14:15:57.830000,0.002171
2025-05-01T14:15:57.840000,0.002873
2025-05-01T14:15:57.850000,0.016650
2025-05-01T14:15:57.860000,-0.001102
2025-05-01T14:15:57.870000,-0.005144
2025-05-01T14:15:57.880000,0.008706
2025-05-01T14:15:57.890000,0.018475
2025-05-01T14:15:57.900000,-0.001395
2025-05-01T14:15:57.910000,0.007072
2025-05-01T14:15:57.920000,0.017922
2025-05-01T14:15:57.930000,-0.000292
2025-05-01T14:15:57.940000,-0.003291
2025-05-01T14:15:57.950000,0.026719
2025-05-01T14:15:57.960000,-0.000884
2025-05-01T14:15:57.970000,-0.012256
2025-05-01T14:15:57.980000,0.000179
2025-05-01T14:15:57.990000,-0.000406
2025-05-01T14:15:58,0.005579
2025-05-01T14:15:58.010000,-0.000163
2025-05-01T14:15:58.020000,-0.002657
2025-05-01T14:15:58.030000,-0.003999
2025-05-01T14:15:58.040000,0.007708
2025-05-01T14:15:58.050000,-0.006401
2025-05-01T14:15:58.060000,0.011346
2025-05-01T14:15:58.070000,0.003220
2025-05-01T14:15:58.080000,0.011199
2025-05-01T14:15:58.090000,-0.001585
2025-05-01T14:15:58.100000,0.000969
2025-05-01T14:15:58.110000,0.012549
2025-05-01T14:15:58.120000,-0.034580
2025-05-01T14:15:58.130000,0.003580
2025-05-01T14:15:58.140000,0.002206
2025-05-01T14:15:58.150000,0.004472
2025-05-01T14:15:58.160000,0.010120
2025-05-01T14:15:58.170000,-0.005775
2025-05-01T14:15:58.180000,-0.000944
2025-05-01T14:15:58.190000,0.006953
2025-05-01T14:15:58.200000,0.001849
2025-05-01T14:15:58.210000,-0.003894
2025-05-01T14:15:58.220000,-0.000477
2025-05-01T14:15:58.230000,-0.001101
2025-05-01T14:15:58.240000,-0.002396
2025-05-01T14:15:58.250000,-0.007170
2025-05-01T14:15:58.260000,0.019335
2025-05-01T14:15:58.270000,-0.003129
2025-05-01T14:15:58.280000,-0.002854
2025-05-01T14:15:58.290000,0.014708
2025-05-01T14:15:58.300000,0.006115
2025-05-01T14:15:58.310000,0.006474
2025-05-01T14:15:58.320000,-0.011789
2025-05-01T14:15:58.330000,0.001790
2025-05-01T14:15:58.340000,-0.010384
2025-05-01T14:15:58.350000,-0.010366
2025-05-01T14:15:58.360000,-0.011752
2025-05-01T14:15:58.370000,0.006061
2025-05-01T14:15:58.380000,0.006795
2025-05-01T14:15:58.390000,0.003932
2025-05-01T14:15:58.400000,-0.015201
2025-05-01T14:15:58.410000,-0.014939
2025-05-01T14:15:58.420000,0.007741
2025-05-01T14:15:58.430000,0.015341
2025-05-01T14:15:58.440000,-0.008515
2025-05-01T14:15:58.450000,0.003486
2025-05-01T14:15:58.460000,0.001939
2025-05-01T14:15:58.470000,0.009428
2025-05-01T14:15:58.480000,0.009737
2025-05-01T14:15:58.490000,0.006893
2025-05-01T14:15:58.500000,-0.005316
2025-05-01T14:15:58.510000,0.003111
2025-05-01T14:15:58.520000,0.004573
2025-05-01T14:15:58.530000,0.015462
2025-05-01T14:15:58.540000,-0.005931
2025-05-01T14:15:58.550000,-0.002176
2025-05-01T14:15:58.560000,0.017162
2025-05-01T14:15:58.570000,-0.002546
2025-05-01T14:15:58.580000,0.006157
2025-05-01T14:15:58.590000,0.012383
2025-05-01T14:15:58.600000,-0.004499
2025-05-01T14:15:58.610000,-0.001439
2025-05-01T14:15:58.620000,0.006339
2025-05-01T14:15:58.630000,0.004170
2025-05-01T14:15:58.640000,-0.014510
2025-05-01T14:15:58.650000,0.005678
2025-05-01T14:15:58.660000,0.000348
2025-05-01T14:15:58.670000,0.004728
2025-05-01T14:15:58.680000,0.019454
2025-05-01T14:15:58.690000,-0.010963
2025-05-01T14:15:58.700000,-0.004727
2025-05-01T14:15:58.710000,-0.012642
2025-05-01T14:15:58.720000,-0.000228
2025-05-01T14:15:58.730000,-0.003000
2025-05-01T14:15:58.740000,-0.021589
2025-05-01T14:15:58.750000,0.009768
2025-05-01T14:15:58.760000,0.008785
2025-05-01T14:15:58.770000,-0.010222
2025-05-01T14:15:58.780000,0.001805
2025-05-01T14:15:58.790000,-0.008549
2025-05-01T14:15:58.800000,0.007838
2025-05-01T14:15:58.810000,-0.010709
2025-05-01T14:15:58.820000,-0.001320
2025-05-01T14:15:58.830000,-0.004290
2025-05-01T14:15:58.840000,0.004062
2025-05-01T14:15:58.850000,0.005528
2025-05-01T14:15:58.860000,0.005843
2025-05-01T14:15:58.870000,-0.004507
2025-05-01T14:15:58.880000,0.000947
2025-05-01T14:15:58.890000,0.006799
2025-05-01T14:15:58.900000,-0.002926
2025-05-01T14:15:58.910000,0.006255
2025-05-01T14:15:58.920000,0.001256
2025-05-01T14:15:58.930000,-0.015461
2025-05-01T14:15:58.940000,-0.010589
2025-05-01T14:15:58.950000,-0.001621
2025-05-01T14:15:58.960000,-0.004708
2025-05-01T14:15:58.970000,-0.012262
2025-05-01T14:15:58.980000,0.016003
2025-05-01T14:15:58.990000,0.009642
2025-05-01T14:15:59,0.004870
2025-05-01T14:15:59.010000,0.020602
2025-05-01T14:15:59.020000,0.015341
2025-05-01T14:15:59.030000,0.001361
2025-05-01T14:15:59.040000,-0.003058
2025-05-01T14:15:59.050000,0.005023
2025-05-01T14:15:59.060000,0.006423
2025-05-01T14:15:59.070000,-0.022492
2025-05-01T14:15:59.080000,-0.021942
2025-05-01T14:15:59.090000,0.002105
2025-05-01T14:15:59.100000,0.015057
2025-05-01T14:15:59.110000,0.020230
2025-05-01T14:15:59.120000,-0.009818
2025-05-01T14:15:59.130000,0.002422
2025-05-01T14:15:59.140000,-0.010302
2025-05-01T14:15:59.150000,-0.002894
2025-05-01T14:15:59.160000,0.010587
2025-05-01T14:15:59.170000,-0.009110
2025-05-01T14:15:59.180000,-0.018593
2025-05-01T14:15:59.190000,-0.014361
2025-05-01T14:15:59.200000,0.004122
2025-05-01T14:15:59.210000,-0.011802
2025-05-01T14:15:59.220000,-0.008272
2025-05-01T14:15:59.230000,0.007330
2025-05-01T14:15:59.240000,-0.001305
2025-05-01T14:15:59.250000,-0.002718
2025-05-01T14:15:59.260000,0.001234
2025-05-01T14:15:59.270000,-0.004447
2025-05-01T14:15:59.280000,0.008954
2025-05-01T14:15:59.290000,-0.003742
2025-05-01T14:15:59.300000,-0.005184
2025-05-01T14:15:59.310000,0.020356
2025-05-01T14:15:59.320000,-0.012443
2025-05-01T14:15:59.330000,-0.002762
2025-05-01T14:15:59.340000,0.002951
2025-05-01T14:15:59.350000,0.003495
2025-05-01T14:15:59.360000,0.005534
2025-05-01T14:15:59.370000,0.021014
2025-05-01T14:15:59.380000,0.006695
2025-05-01T14:15:59.390000,-0.000022
2025-05-01T14:15:59.400000,-0.003804
2025-05-01T14:15:59.410000,0.001547
2025-05-01T14:15:59.420000,0.003227
2025-05-01T14:15:59.430000,-0.016252
2025-05-01T14:15:59.440000,-0.004828
2025-05-01T14:15:59.450000,0.019807
2025-05-01T14:15:59.460000,-0.005347
2025-05-01T14:15:59.470000,-0.015650
2025-05-01T14:15:59.480000,-0.003780
2025-05-01T14:15:59.490000,0.006642
2025-05-01T14:15:59.500000,0.001487
2025-05-01T14:15:59.510000,-0.005216
2025-05-01T14:15:59.520000,0.011164
2025-05-01T14:15:59.530000,0.000300
2025-05-01T14:15:59.540000,0.004516
2025-05-01T14:15:59.550000,0.004563
2025-05-01T14:15:59.560000,-0.006604
2025-05-01T14:15:59.570000,-0.002739
2025-05-01T14:15:59.580000,0.001995
2025-05-01T14:15:59.590000,0.007299
2025-05-01T14:15:59.600000,0.019358
2025-05-01T14:15:59.610000,-0.021093
2025-05-01T14:15:59.620000,0.000451
2025-05-01T14:15:59.630000,-0.003187
2025-05-01T14:15:59.640000,-0.005018
2025-05-01T14:15:59.650000,-0.006334
2025-05-01T14:15:59.660000,-0.000077
2025-05-01T14:15:59.670000,-0.008971
2025-05-01T14:15:59.680000,-0.005382
2025-05-01T14:15:59.690000,0.002493
2025-05-01T14:15:59.700000,-0.004544
2025-05-01T14:15:59.710000,-0.001634
2025-05-01T14:15:59.720000,0.000632
2025-05-01T14:15:59.730000,-0.005982
2025-05-01T14:15:59.740000,-0.000471
2025-05-01T14:15:59.750000,-0.004457
2025-05-01T14:15:59.760000,0.000278
2025-05-01T14:15:59.770000,-0.014871
2025-05-01T14:15:59.780000,-0.020024
2025-05-01T14:15:59.790000,0.012917
2025-05-01T14:15:59.800000,0.018413
2025-05-01T14:15:59.810000,-0.010389
2025-05-01T14:15:59.820000,-0.001239
2025-05-01T14:15:59.830000,0.005545
2025-05-01T14:15:59.840000,-0.008101
2025-05-01T14:15:59.850000,-0.006028
2025-05-01T14:15:59.860000,0.011453
2025-05-01T14:15:59.870000,0.015052
2025-05-01T14:15:59.880000,0.008936
2025-05-01T14:15:59.890000,0.002011
2025-05-01T14:15:59.900000,0.010173
2025-05-01T14:15:59.910000,-0.009958
2025-05-01T14:15:59.920000,0.004405
2025-05-01T14:15:59.930000,0.002218
2025-05-01T14:15:59.940000,-0.016631
2025-05-01T14:15:59.950000,-0.005599
2025-05-01T14:15:59.960000,-0.007942
2025-05-01T14:15:59.970000,-0.001047
2025-05-01T14:15:59.980000,0.006438
2025-05-01T14:15:59.990000,0.024399
2025-05-01T14:16:00,0.017470
2025-05-01T14:16:00.010000,-0.001163
2025-05-01T14:16:00.020000,-0.014927
2025-05-01T14:16:00.030000,-0.005382
2025-05-01T14:16:00.040000,-0.004379
2025-05-01T14:16:00.050000,-0.002315
2025-05-01T14:16:00.060000,-0.000637
2025-05-01T14:16:00.070000,0.000033
2025-05-01T14:16:00.080000,-0.001834
2025-05-01T14:16:00.090000,-0.020666
2025-05-01T14:16:00.100000,-0.018081
2025-05-01T14:16:00.110000,0.006401
2025-05-01T14:16:00.120000,0.010769
2025-05-01T14:16:00.130000,-0.012575
2025-05-01T14:16:00.140000,0.002993
2025-05-01T14:16:00.150000,-0.014077
2025-05-01T14:16:00.160000,0.005807
2025-05-01T14:16:00.170000,-0.008853
2025-05-01T14:16:00.180000,-0.011445
2025-05-01T14:16:00.190000,0.018213
2025-05-01T14:16:00.200000,0.011268
2025-05-01T14:16:00.210000,0.009159
2025-05-01T14:16:00.220000,-0.001643
2025-05-01T14:16:00.230000,0.012080
2025-05-01T14:16:00.240000,-0.005278
2025-05-01T14:16:00.250000,-0.002537
2025-05-01T14:16:00.260000,0.000416
2025-05-01T14:16:00.270000,-0.000691
2025-05-01T14:16:00.280000,-0.006586
2025-05-01T14:16:00.290000,0.006646
2025-05-01T14:16:00.300000,-0.002194
2025-05-01T14:16:00.310000,-0.007540
2025-05-01T14:16:00.320000,0.000213
2025-05-01T14:16:00.330000,0.000566
2025-05-01T14:16:00.340000,-0.014821
2025-05-01T14:16:00.350000,-0.012443
2025-05-01T14:16:00.360000,0.001427
2025-05-01T14:16:00.370000,-0.000851
2025-05-01T14:16:00.380000,0.027332
2025-05-01T14:16:00.390000,-0.011295
2025-05-01T14:16:00.400000,0.010134
2025-05-01T14:16:00.410000,-0.008610
2025-05-01T14:16:00.420000,0.011687
2025-05-01T14:16:00.430000,0.004928
2025-05-01T14:16:00.440000,-0.017726
2025-05-01T14:16:00.450000,0.001033
2025-05-01T14:16:00.460000,-0.000180
2025-05-01T14:16:00.470000,0.006561
2025-05-01T14:16:00.480000,-0.012738
2025-05-01T14:16:00.490000,0.000133
2025-05-01T14:16:00.500000,0.006575
2025-05-01T14:16:00.510000,0.005106
2025-05-01T14:16:00.520000,-0.000104
2025-05-01T14:16:00.530000,-0.007354
2025-05-01T14:16:00.540000,-0.000195
2025-05-01T14:16:00.550000,0.013075
2025-05-01T14:16:00.560000,0.010104
2025-05-01T14:16:00.570000,0.000450
2025-05-01T14:16:00.580000,0.005295
2025-05-01T14:16:00.590000,0.003024
2025-05-01T14:16:00.600000,-0.000254
2025-05-01T14:16:00.610000,0.011942
2025-05-01T14:16:00.620000,-0.026836
2025-05-01T14:16:00.630000,0.004917
2025-05-01T14:16:00.640000,0.011905
2025-05-01T14:16:00.650000,-0.011835
2025-05-01T14:16:00.660000,-0.007779
2025-05-01T14:16:00.670000,-0.001740
2025-05-01T14:16:00.680000,0.021578
2025-05-01T14:16:00.690000,0.000195
2025-05-01T14:16:00.700000,0.006819
2025-05-01T14:16:00.710000,0.004876
2025-05-01T14:16:00.720000,-0.005479
2025-05-01T14:16:00.730000,0.000736
2025-05-01T14:16:00.740000,-0.017825
2025-05-01T14:16:00.750000,-0.004015
2025-05-01T14:16:00.760000,0.021560
2025-05-01T14:16:00.770000,-0.001839
2025-05-01T14:16:00.780000,-0.004706
2025-05-01T14:16:00.790000,-0.001877
2025-05-01T14:16:00.800000,-0.008648
2025-05-01T14:16:00.810000,-0.007160
2025-05-01T14:16:00.820000,0.011500
2025-05-01T14:16:00.830000,-0.007398
2025-05-01T14:16:00.840000,-0.005309
2025-05-01T14:16:00.850000,0.011427
2025-05-01T14:16:00.860000,0.008816
2025-05-01T14:16:00.870000,-0.012015
2025-05-01T14:16:00.880000,0.005183
2025-05-01T14:16:00.890000,0.009815
2025-05-01T14:16:00.900000,-0.004902
2025-05-01T14:16:00.910000,-0.002675
2025-05-01T14:16:00.920000,-0.006143
2025-05-01T14:16:00.930000,0.002652
2025-05-01T14:16:00.940000,0.002141
2025-05-01T14:16:00.950000,0.016685
2025-05-01T14:16:00.960000,-0.001200
2025-05-01T14:16:00.970000,0.016837
2025-05-01T14:16:00.980000,-0.020034
2025-05-01T14:16:00.990000,-0.005617
2025-05-01T14:16:01,-0.002126
2025-05-01T14:16:01.010000,-0.001380
2025-05-01T14:16:01.020000,-0.006667
2025-05-01T14:16:01.030000,-0.023325
2025-05-01T14:16:01.040000,-0.002571
2025-05-01T14:16:01.050000,0.010290
2025-05-01T14:16:01.060000,0.009270
2025-05-01T14:16:01.070000,-0.010682
2025-05-01T14:16:01.080000,0.004685
2025-05-01T14:16:01.090000,0.008152
2025-05-01T14:16:01.100000,0.007410
2025-05-01T14:16:01.110000,0.004111
2025-05-01T14:16:01.120000,-0.010568
2025-05-01T14:16:01.130000,-0.009685
2025-05-01T14:16:01.140000,-0.011771
2025-05-01T14:16:01.150000,-0.009523
2025-05-01T14:16:01.160000,-0.003656
2025-05-01T14:16:01.170000,-0.024846
2025-05-01T14:16:01.180000,-0.007137
2025-05-01T14:16:01.190000,0.004990
2025-05-01T14:16:01.200000,-0.012188
2025-05-01T14:16:01.210000,0.007143
2025-05-01T14:16:01.220000,0.023406
2025-05-01T14:16:01.230000,-0.003705
2025-05-01T14:16:01.240000,-0.011742
2025-05-01T14:16:01.250000,-0.000916
2025-05-01T14:16:01.260000,-0.005913
2025-05-01T14:16:01.270000,-0.000229
2025-05-01T14:16:01.280000,0.001696
2025-05-01T14:16:01.290000,-0.004446
2025-05-01T14:16:01.300000,-0.014110
2025-05-01T14:16:01.310000,0.014165
2025-05-01T14:16:01.320000,0.016458
2025-05-01T14:16:01.330000,0.019638
2025-05-01T14:16:01.340000,0.004379
2025-05-01T14:16:01.350000,-0.005071
2025-05-01T14:16:01.360000,-0.002831
2025-05-01T14:16:01.370000,-0.002691
2025-05-01T14:16:01.380000,-0.001272
2025-05-01T14:16:01.390000,0.004629
2025-05-01T14:16:01.400000,0.005065
2025-05-01T14:16:01.410000,0.002913
2025-05-01T14:16:01.420000,0.007839
2025-05-01T14:16:01.430000,0.004468
2025-05-01T14:16:01.440000,0.003514
2025-05-01T14:16:01.450000,0.013413
2025-05-01T14:16:01.460000,0.005933
2025-05-01T14:16:01.470000,-0.008196
2025-05-01T14:16:01.480000,-0.006978
2025-05-01T14:16:01.490000,0.007480
2025-05-01T14:16:01.500000,-0.005947
2025-05-01T14:16:01.510000,0.007709
2025-05-01T14:16:01.520000,0.009772
2025-05-01T14:16:01.530000,-0.019045
2025-05-01T14:16:01.540000,-0.004789
2025-05-01T14:16:01.550000,-0.009871
2025-05-01T14:16:01.560000,0.000551
2025-05-01T14:16:01.570000,-0.013196
2025-05-01T14:16:01.580000,-0.014597
2025-05-01T14:16:01.590000,0.010579
2025-05-01T14:16:01.600000,0.006068
2025-05-01T14:16:01.610000,-0.012472
2025-05-01T14:16:01.620000,0.006420
2025-05-01T14:16:01.630000,0.002531
2025-05-01T14:16:01.640000,0.004436
2025-05-01T14:16:01.650000,-0.002671
2025-05-01T14:16:01.660000,-0.005074
2025-05-01T14:16:01.670000,0.005220
2025-05-01T14:16:01.680000,-0.003451
2025-05-01T14:16:01.690000,0.001823
2025-05-01T14:16:01.700000,-0.004569
2025-05-01T14:16:01.710000,0.001127
2025-05-01T14:16:01.720000,0.012296
2025-05-01T14:16:01.730000,0.010380
2025-05-01T14:16:01.740000,-0.000656
2025-05-01T14:16:01.750000,0.006053
2025-05-01T14:16:01.760000,-0.000963
2025-05-01T14:16:01.770000,0.014137
2025-05-01T14:16:01.780000,-0.004129
2025-05-01T14:16:01.790000,-0.005286
2025-05-01T14:16:01.800000,0.020895
2025-05-01T14:16:01.810000,-0.013070
2025-05-01T14:16:01.820000,-0.000387
2025-05-01T14:16:01.830000,-0.001738
2025-05-01T14:16:01.840000,0.001831
2025-05-01T14:16:01.850000,-0.003642
2025-05-01T14:16:01.860000,0.001921
2025-05-01T14:16:01.870000,-0.000207
2025-05-01T14:16:01.880000,-0.011700
2025-05-01T14:16:01.890000,-0.009777
2025-05-01T14:16:01.900000,-0.000406
2025-05-01T14:16:01.910000,0.009965
2025-05-01T14:16:01.920000,0.009699
2025-05-01T14:16:01.930000,-0.002451
2025-05-01T14:16:01.940000,0.009878
2025-05-01T14:16:01.950000,0.002323
2025-05-01T14:16:01.960000,0.000948
2025-05-01T14:16:01.970000,0.012048
2025-05-01T14:16:01.980000,-0.014183
2025-05-01T14:16:01.990000,-0.011557
2025-05-01T14:16:02,0.013280
2025-05-01T14:16:02.010000,-0.020616
2025-05-01T14:16:02.020000,0.021773
2025-05-01T14:16:02.030000,-0.007664
2025-05-01T14:16:02.040000,-0.000574
2025-05-01T14:16:02.050000,-0.014673
2025-05-01T14:16:02.060000,-0.012010
2025-05-01T14:16:02.070000,-0.009909
2025-05-01T14:16:02.080000,0.000544
2025-05-01T14:16:02.090000,-0.008149
2025-05-01T14:16:02.100000,-0.002764
2025-05-01T14:16:02.110000,-0.011056
2025-05-01T14:16:02.120000,-0.004428
2025-05-01T14:16:02.130000,0.008723
2025-05-01T14:16:02.140000,-0.019122
2025-05-01T14:16:02.150000,0.002687
2025-05-01T14:16:02.160000,-0.001916
2025-05-01T14:16:02.170000,0.025916
2025-05-01T14:16:02.180000,0.004884
2025-05-01T14:16:02.190000,0.009504
2025-05-01T14:16:02.200000,-0.002996
2025-05-01T14:16:02.210000,-0.013529
2025-05-01T14:16:02.220000,0.016527
2025-05-01T14:16:02.230000,0.002515
2025-05-01T14:16:02.240000,0.004876
2025-05-01T14:16:02.250000,-0.011276
2025-05-01T14:16:02.260000,-0.028303
2025-05-01T14:16:02.270000,-0.002604
2025-05-01T14:16:02.280000,0.007371
2025-05-01T14:16:02.290000,0.010644
2025-05-01T14:16:02.300000,-0.013430
2025-05-01T14:16:02.310000,-0.003791
2025-05-01T14:16:02.320000,-0.000897
2025-05-01T14:16:02.330000,0.004128
2025-05-01T14:16:02.340000,0.015622
2025-05-01T14:16:02.350000,0.019110
2025-05-01T14:16:02.360000,0.015248
2025-05-01T14:16:02.370000,-0.008760
2025-05-01T14:16:02.380000,-0.009739
2025-05-01T14:16:02.390000,-0.009429
2025-05-01T14:16:02.400000,0.011061
2025-05-01T14:16:02.410000,0.010194
2025-05-01T14:16:02.420000,-0.004365
2025-05-01T14:16:02.430000,0.002391
2025-05-01T14:16:02.440000,0.014562
2025-05-01T14:16:02.450000,-0.005548
2025-05-01T14:16:02.460000,0.002464
2025-05-01T14:16:02.470000,0.010677
2025-05-01T14:16:02.480000,0.008172
2025-05-01T14:16:02.490000,0.006078
2025-05-01T14:16:02.500000,-0.008598
2025-05-01T14:16:02.510000,-0.008746
2025-05-01T14:16:02.520000,0.004405
2025-05-01T14:16:02.530000,-0.007403
2025-05-01T14:16:02.540000,0.017858
2025-05-01T14:16:02.550000,0.002124
2025-05-01T14:16:02.560000,0.001596
2025-05-01T14:16:02.570000,0.007443
2025-05-01T14:16:02.580000,0.011670
2025-05-01T14:16:02.590000,0.005183
2025-05-01T14:16:02.600000,-0.001055
2025-05-01T14:16:02.610000,-0.012477
2025-05-01T14:16:02.620000,-0.018344
2025-05-01T14:16:02.630000,-0.014257
2025-05-01T14:16:02.640000,-0.019964
2025-05-01T14:16:02.650000,-0.005144
2025-05-01T14:16:02.660000,0.002600
2025-05-01T14:16:02.670000,-0.013067
2025-05-01T14:16:02.680000,-0.019921
2025-05-01T14:16:02.690000,0.004745
2025-05-01T14:16:02.700000,0.015614
2025-05-01T14:16:02.710000,-0.008223
2025-05-01T14:16:02.720000,-0.000694
2025-05-01T14:16:02.730000,-0.007072
2025-05-01T14:16:02.740000,-0.002198
2025-05-01T14:16:02.750000,-0.006118
2025-05-01T14:16:02.760000,-0.007865
2025-05-01T14:16:02.770000,0.012383
2025-05-01T14:16:02.780000,0.013681
2025-05-01T14:16:02.790000,-0.008078
2025-05-01T14:16:02.800000,0.003709
2025-05-01T14:16:02.810000,0.003755
2025-05-01T14:16:02.820000,-0.010851
2025-05-01T14:16:02.830000,-0.008622
2025-05-01T14:16:02.840000,0.012116
2025-05-01T14:16:02.850000,0.006494
2025-05-01T14:16:02.860000,0.014740
2025-05-01T14:16:02.870000,-0.020987
2025-05-01T14:16:02.880000,0.013878
2025-05-01T14:16:02.890000,0.002042
2025-05-01T14:16:02.900000,-0.002126
2025-05-01T14:16:02.910000,0.002042
2025-05-01T14:16:02.920000,-0.009090
2025-05-01T14:16:02.930000,0.005242
2025-05-01T14:16:02.940000,0.006007
2025-05-01T14:16:02.950000,0.002805
2025-05-01T14:16:02.960000,0.004994
2025-05-01T14:16:02.970000,-0.025306
2025-05-01T14:16:02.980000,-0.019479
2025-05-01T14:16:02.990000,-0.006386
2025-05-01T14:16:03,-0.000756
2025-05-01T14:16:03.010000,-0.005536
2025-05-01T14:16:03.020000,0.001697
2025-05-01T14:16:03.030000,0.003726
2025-05-01T14:16:03.040000,0.000576
2025-05-01T14:16:03.050000,-0.014214
2025-05-01T14:16:03.060000,-0.000725
2025-05-01T14:16:03.070000,-0.002543
2025-05-01T14:16:03.080000,0.004741
2025-05-01T14:16:03.090000,-0.014337
2025-05-01T14:16:03.100000,0.012264
2025-05-01T14:16:03.110000,0.004258
2025-05-01T14:16:03.120000,0.007069
2025-05-01T14:16:03.130000,0.009490
2025-05-01T14:16:03.140000,0.006165
2025-05-01T14:16:03.150000,0.005424
2025-05-01T14:16:03.160000,0.003837
2025-05-01T14:16:03.170000,-0.000926
2025-05-01T14:16:03.180000,-0.011272
2025-05-01T14:16:03.190000,-0.000233
2025-05-01T14:16:03.200000,0.013283
2025-05-01T14:16:03.210000,-0.000713
2025-05-01T14:16:03.220000,-0.003979
2025-05-01T14:16:03.230000,0.003633
2025-05-01T14:16:03.240000,-0.005244
2025-05-01T14:16:03.250000,-0.000795
2025-05-01T14:16:03.260000,0.002857
2025-05-01T14:16:03.270000,0.011151
2025-05-01T14:16:03.280000,0.001908
2025-05-01T14:16:03.290000,-0.016627
2025-05-01T14:16:03.300000,0.018744
2025-05-01T14:16:03.310000,0.009259
2025-05-01T14:16:03.320000,-0.009435
2025-05-01T14:16:03.330000,0.010802
2025-05-01T14:16:03.340000,-0.008939
2025-05-01T14:16:03.350000,0.001580
2025-05-01T14:16:03.360000,-0.010280
2025-05-01T14:16:03.370000,0.016308
2025-05-01T14:16:03.380000,-0.000596
2025-05-01T14:16:03.390000,0.007232
2025-05-01T14:16:03.400000,0.008619
2025-05-01T14:16:03.410000,-0.008719
2025-05-01T14:16:03.420000,-0.006890
2025-05-01T14:16:03.430000,0.018562
2025-05-01T14:16:03.440000,0.015789
2025-05-01T14:16:03.450000,-0.012600
2025-05-01T14:16:03.460000,-0.009295
2025-05-01T14:16:03.470000,0.008823
2025-05-01T14:16:03.480000,-0.001439
2025-05-01T14:16:03.490000,-0.029760
2025-05-01T14:16:03.500000,0.000440
2025-05-01T14:16:03.510000,-0.013964
2025-05-01T14:16:03.520000,0.010816
2025-05-01T14:16:03.530000,0.008140
2025-05-01T14:16:03.540000,-0.003201
2025-05-01T14:16:03.550000,-0.001664
2025-05-01T14:16:03.560000,0.007138
2025-05-01T14:16:03.570000,0.000825
2025-05-01T14:16:03.580000,0.008230
2025-05-01T14:16:03.590000,0.000168
2025-05-01T14:16:03.600000,-0.002538
2025-05-01T14:16:03.610000,0.009528
2025-05-01T14:16:03.620000,0.003519
2025-05-01T14:16:03.630000,0.000297
2025-05-01T14:16:03.640000,-0.002672
2025-05-01T14:16:03.650000,0.013554
2025-05-01T14:16:03.660000,0.014952
2025-05-01T14:16:03.670000,0.026440
2025-05-01T14:16:03.680000,0.009423
2025-05-01T14:16:03.690000,0.000591
2025-05-01T14:16:03.700000,0.010562
2025-05-01T14:16:03.710000,-0.004296
2025-05-01T14:16:03.720000,-0.003235
2025-05-01T14:16:03.730000,-0.005937
2025-05-01T14:16:03.740000,0.005559
2025-05-01T14:16:03.750000,0.005760
2025-05-01T14:16:03.760000,-0.005509
2025-05-01T14:16:03.770000,-0.012774
2025-05-01T14:16:03.780000,-0.010997
2025-05-01T14:16:03.790000,-0.016353
2025-05-01T14:16:03.800000,0.000822
2025-05-01T14:16:03.810000,-0.009718
2025-05-01T14:16:03.820000,-0.008948
2025-05-01T14:16:03.830000,0.001757
2025-05-01T14:16:03.840000,0.006222
2025-05-01T14:16:03.850000,-0.006559
2025-05-01T14:16:03.860000,0.008746
2025-05-01T14:16:03.870000,0.008609
2025-05-01T14:16:03.880000,-0.001367
2025-05-01T14:16:03.890000,-0.004502
2025-05-01T14:16:03.900000,-0.002739
2025-05-01T14:16:03.910000,-0.006654
2025-05-01T14:16:03.920000,0.007307
2025-05-01T14:16:03.930000,-0.002908
2025-05-01T14:16:03.940000,0.007652
2025-05-01T14:16:03.950000,0.001892
2025-05-01T14:16:03.960000,0.010798
2025-05-01T14:16:03.970000,0.019518
2025-05-01T14:16:03.980000,0.000197
2025-05-01T14:16:03.990000,-0.018227
2025-05-01T14:16:04,-0.011718
2025-05-01T14:16:04.010000,0.011532
2025-05-01T14:16:04.020000,0.006293
2025-05-01T14:16:04.030000,0.003036
2025-05-01T14:16:04.040000,-0.002142
2025-05-01T14:16:04.050000,0.013959
2025-05-01T14:16:04.060000,0.001053
2025-05-01T14:16:04.070000,-0.002032
2025-05-01T14:16:04.080000,-0.004629
2025-05-01T14:16:04.090000,0.009398
2025-05-01T14:16:04.100000,0.011687
2025-05-01T14:16:04.110000,-0.022883
2025-05-01T14:16:04.120000,-0.021460
2025-05-01T14:16:04.130000,0.002139
2025-05-01T14:16:04.140000,0.005020
2025-05-01T14:16:04.150000,0.011448
2025-05-01T14:16:04.160000,0.006810
2025-05-01T14:16:04.170000,-0.007995
2025-05-01T14:16:04.180000,0.016025
2025-05-01T14:16:04.190000,0.010261
2025-05-01T14:16:04.200000,-0.001149
2025-05-01T14:16:04.210000,-0.002926
2025-05-01T14:16:04.220000,0.010690
2025-05-01T14:16:04.230000,0.004699
2025-05-01T14:16:04.240000,0.002098
2025-05-01T14:16:04.250000,-0.012053
2025-05-01T14:16:04.260000,-0.005329
2025-05-01T14:16:04.270000,0.012671
2025-05-01T14:16:04.280000,0.002304
2025-05-01T14:16:04.290000,-0.001177
2025-05-01T14:16:04.300000,-0.004748
2025-05-01T14:16:04.310000,0.007216
2025-05-01T14:16:04.320000,0.006451
2025-05-01T14:16:04.330000,-0.003158
2025-05-01T14:16:04.340000,0.005057
2025-05-01T14:16:04.350000,0.009768
2025-05-01T14:16:04.360000,0.008158
2025-05-01T14:16:04.370000,0.017657
2025-05-01T14:16:04.380000,0.010655
2025-05-01T14:16:04.390000,-0.001450
2025-05-01T14:16:04.400000,0.017514
2025-05-01T14:16:04.410000,0.009086
2025-05-01T14:16:04.420000,-0.002499
2025-05-01T14:16:04.430000,-0.004839
2025-05-01T14:16:04.440000,0.000480
2025-05-01T14:16:04.450000,-0.001291
2025-05-01T14:16:04.460000,-0.013933
2025-05-01T14:16:04.470000,0.002541
2025-05-01T14:16:04.480000,-0.006415
2025-05-01T14:16:04.490000,-0.007687
2025-05-01T14:16:04.500000,-0.011235
2025-05-01T14:16:04.510000,0.003375
2025-05-01T14:16:04.520000,0.002641
2025-05-01T14:16:04.530000,0.014035
2025-05-01T14:16:04.540000,0.019776
2025-05-01T14:16:04.550000,0.002870
2025-05-01T14:16:04.560000,-0.019576
2025-05-01T14:16:04.570000,0.003618
2025-05-01T14:16:04.580000,0.005397
2025-05-01T14:16:04.590000,-0.008401
2025-05-01T14:16:04.600000,0.011568
2025-05-01T14:16:04.610000,-0.007680
2025-05-01T14:16:04.620000,0.014712
2025-05-01T14:16:04.630000,0.011080
2025-05-01T14:16:04.640000,-0.012627
2025-05-01T14:16:04.650000,0.006900
2025-05-01T14:16:04.660000,0.008432
2025-05-01T14:16:04.670000,0.004384
2025-05-01T14:16:04.680000,0.000690
2025-05-01T14:16:04.690000,0.002264
2025-05-01T14:16:04.700000,-0.027479
2025-05-01T14:16:04.710000,0.008259
2025-05-01T14:16:04.720000,0.007753
2025-05-01T14:16:04.730000,-0.005624
2025-05-01T14:16:04.740000,0.018129
2025-05-01T14:16:04.750000,-0.006438
2025-05-01T14:16:04.760000,0.007206
2025-05-01T14:16:04.770000,-0.003909
2025-05-01T14:16:04.780000,0.005796
2025-05-01T14:16:04.790000,-0.004568
2025-05-01T14:16:04.800000,0.007861
2025-05-01T14:16:04.810000,0.022519
2025-05-01T14:16:04.820000,0.000489
2025-05-01T14:16:04.830000,0.003217
2025-05-01T14:16:04.840000,-0.005854
2025-05-01T14:16:04.850000,-0.005080
2025-05-01T14:16:04.860000,-0.009377
2025-05-01T14:16:04.870000,-0.019165
2025-05-01T14:16:04.880000,-0.002549
2025-05-01T14:16:04.890000,0.011793
2025-05-01T14:16:04.900000,-0.013879
2025-05-01T14:16:04.910000,-0.002435
2025-05-01T14:16:04.920000,-0.008293
2025-05-01T14:16:04.930000,-0.006013
2025-05-01T14:16:04.940000,0.010213
2025-05-01T14:16:04.950000,-0.014788
2025-05-01T14:16:04.960000,0.003728
2025-05-01T14:16:04.970000,0.017395
2025-05-01T14:16:04.980000,0.005491
2025-05-01T14:16:04.990000,-0.001077
