time,data
2025-05-01T10:29:25,0.014046
2025-05-01T10:29:25.010000,0.007288
2025-05-01T10:29:25.020000,-0.004361
2025-05-01T10:29:25.030000,0.001062
2025-05-01T10:29:25.040000,-0.014264
2025-05-01T10:29:25.050000,0.023559
2025-05-01T10:29:25.060000,0.004506
2025-05-01T10:29:25.070000,-0.007440
2025-05-01T10:29:25.080000,0.016572
2025-05-01T10:29:25.090000,0.001595
2025-05-01T10:29:25.100000,0.002211
2025-05-01T10:29:25.110000,-0.003247
2025-05-01T10:29:25.120000,-0.000561
2025-05-01T10:29:25.130000,-0.011400
2025-05-01T10:29:25.140000,0.000814
2025-05-01T10:29:25.150000,0.001423
2025-05-01T10:29:25.160000,-0.007943
2025-05-01T10:29:25.170000,-0.009811
2025-05-01T10:29:25.180000,0.024199
2025-05-01T10:29:25.190000,-0.019359
2025-05-01T10:29:25.200000,0.001680
2025-05-01T10:29:25.210000,0.014355
2025-05-01T10:29:25.220000,-0.010220
2025-05-01T10:29:25.230000,-0.005692
2025-05-01T10:29:25.240000,0.004039
2025-05-01T10:29:25.250000,-0.002395
2025-05-01T10:29:25.260000,-0.004628
2025-05-01T10:29:25.270000,-0.014777
2025-05-01T10:29:25.280000,-0.004566
2025-05-01T10:29:25.290000,-0.002560
2025-05-01T10:29:25.300000,-0.006236
2025-05-01T10:29:25.310000,-0.010381
2025-05-01T10:29:25.320000,0.006821
2025-05-01T10:29:25.330000,-0.010645
2025-05-01T10:29:25.340000,0.018053
2025-05-01T10:29:25.350000,0.006215
2025-05-01T10:29:25.360000,0.012428
2025-05-01T10:29:25.370000,0.002687
2025-05-01T10:29:25.380000,0.010560
2025-05-01T10:29:25.390000,0.004792
2025-05-01T10:29:25.400000,-0.015525
2025-05-01T10:29:25.410000,0.008734
2025-05-01T10:29:25.420000,-0.006613
2025-05-01T10:29:25.430000,-0.009103
2025-05-01T10:29:25.440000,-0.008611
2025-05-01T10:29:25.450000,-0.002171
2025-05-01T10:29:25.460000,0.012166
2025-05-01T10:29:25.470000,0.007046
2025-05-01T10:29:25.480000,0.003172
2025-05-01T10:29:25.490000,0.000179
2025-05-01T10:29:25.500000,0.012664
2025-05-01T10:29:25.510000,0.009435
2025-05-01T10:29:25.520000,-0.026411
2025-05-01T10:29:25.530000,-0.019612
2025-05-01T10:29:25.540000,0.002426
2025-05-01T10:29:25.550000,-0.003168
2025-05-01T10:29:25.560000,-0.008649
2025-05-01T10:29:25.570000,0.022766
2025-05-01T10:29:25.580000,0.010889
2025-05-01T10:29:25.590000,-0.000952
2025-05-01T10:29:25.600000,0.010518
2025-05-01T10:29:25.610000,-0.006281
2025-05-01T10:29:25.620000,0.009465
2025-05-01T10:29:25.630000,0.014698
2025-05-01T10:29:25.640000,-0.009382
2025-05-01T10:29:25.650000,0.010264
2025-05-01T10:29:25.660000,0.007663
2025-05-01T10:29:25.670000,0.018610
2025-05-01T10:29:25.680000,-0.011120
2025-05-01T10:29:25.690000,-0.007188
2025-05-01T10:29:25.700000,-0.003312
2025-05-01T10:29:25.710000,0.002084
2025-05-01T10:29:25.720000,-0.006770
2025-05-01T10:29:25.730000,0.001173
2025-05-01T10:29:25.740000,0.001629
2025-05-01T10:29:25.750000,0.012621
2025-05-01T10:29:25.760000,0.001357
2025-05-01T10:29:25.770000,0.002275
2025-05-01T10:29:25.780000,0.014251
2025-05-01T10:29:25.790000,0.012372
2025-05-01T10:29:25.800000,-0.001666
2025-05-01T10:29:25.810000,-0.000011
2025-05-01T10:29:25.820000,0.014441
2025-05-01T10:29:25.830000,0.007190
2025-05-01T10:29:25.840000,-0.000277
2025-05-01T10:29:25.850000,-0.005170
2025-05-01T10:29:25.860000,0.000831
2025-05-01T10:29:25.870000,0.008886
2025-05-01T10:29:25.880000,0.003927
2025-05-01T10:29:25.890000,-0.008746
2025-05-01T10:29:25.900000,-0.006087
2025-05-01T10:29:25.910000,-0.014932
2025-05-01T10:29:25.920000,0.004978
2025-05-01T10:29:25.930000,-0.002570
2025-05-01T10:29:25.940000,0.001359
2025-05-01T10:29:25.950000,0.000640
2025-05-01T10:29:25.960000,-0.007808
2025-05-01T10:29:25.970000,-0.009322
2025-05-01T10:29:25.980000,0.001773
2025-05-01T10:29:25.990000,0.013096
2025-05-01T10:29:26,0.005452
2025-05-01T10:29:26.010000,-0.006706
2025-05-01T10:29:26.020000,-0.005329
2025-05-01T10:29:26.030000,-0.007108
2025-05-01T10:29:26.040000,-0.009036
2025-05-01T10:29:26.050000,0.002697
2025-05-01T10:29:26.060000,-0.011247
2025-05-01T10:29:26.070000,0.008691
2025-05-01T10:29:26.080000,-0.021621
2025-05-01T10:29:26.090000,-0.001350
2025-05-01T10:29:26.100000,-0.005470
2025-05-01T10:29:26.110000,0.005257
2025-05-01T10:29:26.120000,-0.001802
2025-05-01T10:29:26.130000,-0.006789
2025-05-01T10:29:26.140000,-0.000987
2025-05-01T10:29:26.150000,-0.002380
2025-05-01T10:29:26.160000,0.011741
2025-05-01T10:29:26.170000,-0.017820
2025-05-01T10:29:26.180000,-0.016021
2025-05-01T10:29:26.190000,0.001841
2025-05-01T10:29:26.200000,0.010500
2025-05-01T10:29:26.210000,-0.000166
2025-05-01T10:29:26.220000,0.000747
2025-05-01T10:29:26.230000,0.001308
2025-05-01T10:29:26.240000,-0.002415
2025-05-01T10:29:26.250000,0.001134
2025-05-01T10:29:26.260000,0.011909
2025-05-01T10:29:26.270000,-0.011873
2025-05-01T10:29:26.280000,0.005538
2025-05-01T10:29:26.290000,0.009851
2025-05-01T10:29:26.300000,-0.019855
2025-05-01T10:29:26.310000,0.008092
2025-05-01T10:29:26.320000,0.009519
2025-05-01T10:29:26.330000,-0.009596
2025-05-01T10:29:26.340000,-0.014955
2025-05-01T10:29:26.350000,-0.018434
2025-05-01T10:29:26.360000,-0.004114
2025-05-01T10:29:26.370000,-0.014159
2025-05-01T10:29:26.380000,-0.008432
2025-05-01T10:29:26.390000,0.011825
2025-05-01T10:29:26.400000,-0.011670
2025-05-01T10:29:26.410000,-0.000763
2025-05-01T10:29:26.420000,-0.012596
2025-05-01T10:29:26.430000,0.013442
2025-05-01T10:29:26.440000,0.005742
2025-05-01T10:29:26.450000,-0.009280
2025-05-01T10:29:26.460000,-0.010674
2025-05-01T10:29:26.470000,0.010055
2025-05-01T10:29:26.480000,-0.019645
2025-05-01T10:29:26.490000,-0.003104
2025-05-01T10:29:26.500000,0.006242
2025-05-01T10:29:26.510000,-0.004834
2025-05-01T10:29:26.520000,-0.005860
2025-05-01T10:29:26.530000,0.009263
2025-05-01T10:29:26.540000,0.001660
2025-05-01T10:29:26.550000,0.000505
2025-05-01T10:29:26.560000,0.012175
2025-05-01T10:29:26.570000,0.005010
2025-05-01T10:29:26.580000,0.006511
2025-05-01T10:29:26.590000,-0.012929
2025-05-01T10:29:26.600000,0.006477
2025-05-01T10:29:26.610000,0.018754
2025-05-01T10:29:26.620000,0.009524
2025-05-01T10:29:26.630000,-0.003554
2025-05-01T10:29:26.640000,-0.007702
2025-05-01T10:29:26.650000,-0.029549
2025-05-01T10:29:26.660000,0.011705
2025-05-01T10:29:26.670000,0.010663
2025-05-01T10:29:26.680000,-0.008896
2025-05-01T10:29:26.690000,-0.002773
2025-05-01T10:29:26.700000,-0.006509
2025-05-01T10:29:26.710000,-0.000827
2025-05-01T10:29:26.720000,0.006508
2025-05-01T10:29:26.730000,-0.017851
2025-05-01T10:29:26.740000,0.011274
2025-05-01T10:29:26.750000,-0.001040
2025-05-01T10:29:26.760000,-0.023412
2025-05-01T10:29:26.770000,0.000462
2025-05-01T10:29:26.780000,-0.007392
2025-05-01T10:29:26.790000,0.001874
2025-05-01T10:29:26.800000,-0.011292
2025-05-01T10:29:26.810000,-0.013431
2025-05-01T10:29:26.820000,0.002674
2025-05-01T10:29:26.830000,0.000836
2025-05-01T10:29:26.840000,-0.009139
2025-05-01T10:29:26.850000,-0.010221
2025-05-01T10:29:26.860000,0.012194
2025-05-01T10:29:26.870000,0.003669
2025-05-01T10:29:26.880000,0.032635
2025-05-01T10:29:26.890000,-0.003910
2025-05-01T10:29:26.900000,-0.002527
2025-05-01T10:29:26.910000,0.001747
2025-05-01T10:29:26.920000,-0.005936
2025-05-01T10:29:26.930000,-0.015178
2025-05-01T10:29:26.940000,0.009172
2025-05-01T10:29:26.950000,0.005347
2025-05-01T10:29:26.960000,0.004933
2025-05-01T10:29:26.970000,-0.011315
2025-05-01T10:29:26.980000,0.018499
2025-05-01T10:29:26.990000,-0.001937
2025-05-01T10:29:27,0.012585
2025-05-01T10:29:27.010000,0.012362
2025-05-01T10:29:27.020000,0.004674
2025-05-01T10:29:27.030000,-0.001574
2025-05-01T10:29:27.040000,0.000435
2025-05-01T10:29:27.050000,-0.002857
2025-05-01T10:29:27.060000,-0.007322
2025-05-01T10:29:27.070000,-0.009527
2025-05-01T10:29:27.080000,-0.005348
2025-05-01T10:29:27.090000,-0.002375
2025-05-01T10:29:27.100000,-0.011767
2025-05-01T10:29:27.110000,0.004919
2025-05-01T10:29:27.120000,-0.005077
2025-05-01T10:29:27.130000,-0.004869
2025-05-01T10:29:27.140000,-0.023347
2025-05-01T10:29:27.150000,0.004476
2025-05-01T10:29:27.160000,-0.003183
2025-05-01T10:29:27.170000,0.015660
2025-05-01T10:29:27.180000,0.005422
2025-05-01T10:29:27.190000,-0.004265
2025-05-01T10:29:27.200000,-0.006684
2025-05-01T10:29:27.210000,0.002493
2025-05-01T10:29:27.220000,0.011629
2025-05-01T10:29:27.230000,0.003475
2025-05-01T10:29:27.240000,-0.003350
2025-05-01T10:29:27.250000,0.007539
2025-05-01T10:29:27.260000,0.001390
2025-05-01T10:29:27.270000,0.015575
2025-05-01T10:29:27.280000,-0.001318
2025-05-01T10:29:27.290000,0.013475
2025-05-01T10:29:27.300000,0.003356
2025-05-01T10:29:27.310000,-0.004518
2025-05-01T10:29:27.320000,-0.011668
2025-05-01T10:29:27.330000,-0.008471
2025-05-01T10:29:27.340000,-0.012392
2025-05-01T10:29:27.350000,-0.002485
2025-05-01T10:29:27.360000,0.008791
2025-05-01T10:29:27.370000,0.019471
2025-05-01T10:29:27.380000,-0.008127
2025-05-01T10:29:27.390000,0.015241
2025-05-01T10:29:27.400000,0.005804
2025-05-01T10:29:27.410000,0.023326
2025-05-01T10:29:27.420000,-0.009249
2025-05-01T10:29:27.430000,0.000526
2025-05-01T10:29:27.440000,0.002262
2025-05-01T10:29:27.450000,-0.018515
2025-05-01T10:29:27.460000,-0.009989
2025-05-01T10:29:27.470000,-0.004413
2025-05-01T10:29:27.480000,0.014066
2025-05-01T10:29:27.490000,0.009988
2025-05-01T10:29:27.500000,-0.002605
2025-05-01T10:29:27.510000,0.016995
2025-05-01T10:29:27.520000,0.012240
2025-05-01T10:29:27.530000,-0.003950
2025-05-01T10:29:27.540000,-0.011031
2025-05-01T10:29:27.550000,-0.012010
2025-05-01T10:29:27.560000,-0.003144
2025-05-01T10:29:27.570000,0.018494
2025-05-01T10:29:27.580000,0.015596
2025-05-01T10:29:27.590000,0.002940
2025-05-01T10:29:27.600000,0.021335
2025-05-01T10:29:27.610000,-0.004953
2025-05-01T10:29:27.620000,0.009750
2025-05-01T10:29:27.630000,0.011938
2025-05-01T10:29:27.640000,0.003675
2025-05-01T10:29:27.650000,-0.007965
2025-05-01T10:29:27.660000,0.004623
2025-05-01T10:29:27.670000,-0.013492
2025-05-01T10:29:27.680000,0.008156
2025-05-01T10:29:27.690000,-0.008699
2025-05-01T10:29:27.700000,-0.013662
2025-05-01T10:29:27.710000,0.018507
2025-05-01T10:29:27.720000,-0.005802
2025-05-01T10:29:27.730000,0.019493
2025-05-01T10:29:27.740000,-0.008434
2025-05-01T10:29:27.750000,-0.010343
2025-05-01T10:29:27.760000,-0.012449
2025-05-01T10:29:27.770000,0.008546
2025-05-01T10:29:27.780000,0.004698
2025-05-01T10:29:27.790000,0.005240
2025-05-01T10:29:27.800000,-0.006628
2025-05-01T10:29:27.810000,0.021945
2025-05-01T10:29:27.820000,-0.003996
2025-05-01T10:29:27.830000,-0.007694
2025-05-01T10:29:27.840000,0.012218
2025-05-01T10:29:27.850000,-0.012025
2025-05-01T10:29:27.860000,0.024921
2025-05-01T10:29:27.870000,0.007589
2025-05-01T10:29:27.880000,0.010484
2025-05-01T10:29:27.890000,-0.004050
2025-05-01T10:29:27.900000,0.008476
2025-05-01T10:29:27.910000,0.000643
2025-05-01T10:29:27.920000,-0.009086
2025-05-01T10:29:27.930000,-0.001166
2025-05-01T10:29:27.940000,0.010196
2025-05-01T10:29:27.950000,-0.004429
2025-05-01T10:29:27.960000,0.002785
2025-05-01T10:29:27.970000,-0.007688
2025-05-01T10:29:27.980000,0.001917
2025-05-01T10:29:27.990000,0.014738
2025-05-01T10:29:28,-0.008063
2025-05-01T10:29:28.010000,-0.004282
2025-05-01T10:29:28.020000,0.010703
2025-05-01T10:29:28.030000,0.006093
2025-05-01T10:29:28.040000,-0.004995
2025-05-01T10:29:28.050000,-0.001386
2025-05-01T10:29:28.060000,-0.002188
2025-05-01T10:29:28.070000,0.024284
2025-05-01T10:29:28.080000,0.006812
2025-05-01T10:29:28.090000,-0.003209
2025-05-01T10:29:28.100000,-0.009221
2025-05-01T10:29:28.110000,-0.003603
2025-05-01T10:29:28.120000,0.002287
2025-05-01T10:29:28.130000,0.005500
2025-05-01T10:29:28.140000,-0.009173
2025-05-01T10:29:28.150000,0.002961
2025-05-01T10:29:28.160000,0.000647
2025-05-01T10:29:28.170000,-0.010767
2025-05-01T10:29:28.180000,-0.005587
2025-05-01T10:29:28.190000,0.014450
2025-05-01T10:29:28.200000,-0.016615
2025-05-01T10:29:28.210000,-0.001178
2025-05-01T10:29:28.220000,-0.005061
2025-05-01T10:29:28.230000,-0.007665
2025-05-01T10:29:28.240000,0.017468
2025-05-01T10:29:28.250000,0.001983
2025-05-01T10:29:28.260000,0.004206
2025-05-01T10:29:28.270000,0.001867
2025-05-01T10:29:28.280000,-0.004407
2025-05-01T10:29:28.290000,-0.012772
2025-05-01T10:29:28.300000,-0.008383
2025-05-01T10:29:28.310000,-0.016243
2025-05-01T10:29:28.320000,0.003197
2025-05-01T10:29:28.330000,0.002099
2025-05-01T10:29:28.340000,-0.015500
2025-05-01T10:29:28.350000,0.012107
2025-05-01T10:29:28.360000,-0.004262
2025-05-01T10:29:28.370000,0.015930
2025-05-01T10:29:28.380000,-0.010505
2025-05-01T10:29:28.390000,0.008202
2025-05-01T10:29:28.400000,0.005575
2025-05-01T10:29:28.410000,-0.011284
2025-05-01T10:29:28.420000,-0.000395
2025-05-01T10:29:28.430000,-0.013652
2025-05-01T10:29:28.440000,-0.009991
2025-05-01T10:29:28.450000,0.001185
2025-05-01T10:29:28.460000,0.003086
2025-05-01T10:29:28.470000,0.006403
2025-05-01T10:29:28.480000,0.013468
2025-05-01T10:29:28.490000,0.009829
2025-05-01T10:29:28.500000,0.006840
2025-05-01T10:29:28.510000,0.005531
2025-05-01T10:29:28.520000,-0.011212
2025-05-01T10:29:28.530000,0.004362
2025-05-01T10:29:28.540000,-0.019373
2025-05-01T10:29:28.550000,-0.023885
2025-05-01T10:29:28.560000,-0.008553
2025-05-01T10:29:28.570000,0.006206
2025-05-01T10:29:28.580000,0.002920
2025-05-01T10:29:28.590000,0.009576
2025-05-01T10:29:28.600000,0.006932
2025-05-01T10:29:28.610000,0.016198
2025-05-01T10:29:28.620000,0.016046
2025-05-01T10:29:28.630000,-0.016604
2025-05-01T10:29:28.640000,0.001867
2025-05-01T10:29:28.650000,0.006582
2025-05-01T10:29:28.660000,0.004033
2025-05-01T10:29:28.670000,-0.008881
2025-05-01T10:29:28.680000,0.014643
2025-05-01T10:29:28.690000,0.002598
2025-05-01T10:29:28.700000,0.010999
2025-05-01T10:29:28.710000,-0.005127
2025-05-01T10:29:28.720000,0.004231
2025-05-01T10:29:28.730000,-0.005400
2025-05-01T10:29:28.740000,-0.009939
2025-05-01T10:29:28.750000,0.001193
2025-05-01T10:29:28.760000,-0.006612
2025-05-01T10:29:28.770000,0.007889
2025-05-01T10:29:28.780000,-0.013236
2025-05-01T10:29:28.790000,0.018072
2025-05-01T10:29:28.800000,0.002497
2025-05-01T10:29:28.810000,-0.012979
2025-05-01T10:29:28.820000,-0.008350
2025-05-01T10:29:28.830000,0.004242
2025-05-01T10:29:28.840000,-0.000831
2025-05-01T10:29:28.850000,0.008328
2025-05-01T10:29:28.860000,0.003645
2025-05-01T10:29:28.870000,-0.004475
2025-05-01T10:29:28.880000,0.011614
2025-05-01T10:29:28.890000,0.019779
2025-05-01T10:29:28.900000,0.004638
2025-05-01T10:29:28.910000,0.002905
2025-05-01T10:29:28.920000,-0.002935
2025-05-01T10:29:28.930000,-0.006224
2025-05-01T10:29:28.940000,-0.003465
2025-05-01T10:29:28.950000,0.003900
2025-05-01T10:29:28.960000,0.005068
2025-05-01T10:29:28.970000,0.010776
2025-05-01T10:29:28.980000,-0.002133
2025-05-01T10:29:28.990000,0.013950
2025-05-01T10:29:29,-0.004431
2025-05-01T10:29:29.010000,0.000030
2025-05-01T10:29:29.020000,0.010110
2025-05-01T10:29:29.030000,0.001512
2025-05-01T10:29:29.040000,0.000702
2025-05-01T10:29:29.050000,-0.003926
2025-05-01T10:29:29.060000,-0.008458
2025-05-01T10:29:29.070000,-0.006363
2025-05-01T10:29:29.080000,-0.001181
2025-05-01T10:29:29.090000,0.004459
2025-05-01T10:29:29.100000,0.006331
2025-05-01T10:29:29.110000,-0.005219
2025-05-01T10:29:29.120000,-0.009709
2025-05-01T10:29:29.130000,0.001620
2025-05-01T10:29:29.140000,-0.012899
2025-05-01T10:29:29.150000,0.014922
2025-05-01T10:29:29.160000,-0.003309
2025-05-01T10:29:29.170000,-0.003942
2025-05-01T10:29:29.180000,0.009629
2025-05-01T10:29:29.190000,0.001160
2025-05-01T10:29:29.200000,-0.019667
2025-05-01T10:29:29.210000,0.003286
2025-05-01T10:29:29.220000,-0.015060
2025-05-01T10:29:29.230000,0.018031
2025-05-01T10:29:29.240000,-0.022094
2025-05-01T10:29:29.250000,0.010122
2025-05-01T10:29:29.260000,0.003530
2025-05-01T10:29:29.270000,-0.005117
2025-05-01T10:29:29.280000,-0.007776
2025-05-01T10:29:29.290000,0.014373
2025-05-01T10:29:29.300000,0.000400
2025-05-01T10:29:29.310000,0.002810
2025-05-01T10:29:29.320000,0.011286
2025-05-01T10:29:29.330000,-0.007847
2025-05-01T10:29:29.340000,0.000052
2025-05-01T10:29:29.350000,0.010097
2025-05-01T10:29:29.360000,0.003908
2025-05-01T10:29:29.370000,-0.003950
2025-05-01T10:29:29.380000,-0.004608
2025-05-01T10:29:29.390000,0.001281
2025-05-01T10:29:29.400000,0.015403
2025-05-01T10:29:29.410000,0.002062
2025-05-01T10:29:29.420000,-0.006738
2025-05-01T10:29:29.430000,-0.012462
2025-05-01T10:29:29.440000,-0.003506
2025-05-01T10:29:29.450000,0.007910
2025-05-01T10:29:29.460000,0.004214
2025-05-01T10:29:29.470000,0.003130
2025-05-01T10:29:29.480000,0.014267
2025-05-01T10:29:29.490000,-0.017644
2025-05-01T10:29:29.500000,-0.003021
2025-05-01T10:29:29.510000,-0.013886
2025-05-01T10:29:29.520000,0.001269
2025-05-01T10:29:29.530000,0.005553
2025-05-01T10:29:29.540000,0.002009
2025-05-01T10:29:29.550000,-0.010161
2025-05-01T10:29:29.560000,0.016187
2025-05-01T10:29:29.570000,-0.012437
2025-05-01T10:29:29.580000,-0.002605
2025-05-01T10:29:29.590000,-0.002660
2025-05-01T10:29:29.600000,0.000393
2025-05-01T10:29:29.610000,0.005027
2025-05-01T10:29:29.620000,0.002922
2025-05-01T10:29:29.630000,-0.000921
2025-05-01T10:29:29.640000,0.000247
2025-05-01T10:29:29.650000,-0.001999
2025-05-01T10:29:29.660000,0.010249
2025-05-01T10:29:29.670000,-0.011757
2025-05-01T10:29:29.680000,0.004396
2025-05-01T10:29:29.690000,-0.003014
2025-05-01T10:29:29.700000,0.007008
2025-05-01T10:29:29.710000,-0.004307
2025-05-01T10:29:29.720000,0.002145
2025-05-01T10:29:29.730000,0.003767
2025-05-01T10:29:29.740000,-0.005742
2025-05-01T10:29:29.750000,-0.008017
2025-05-01T10:29:29.760000,-0.016284
2025-05-01T10:29:29.770000,0.003109
2025-05-01T10:29:29.780000,0.010918
2025-05-01T10:29:29.790000,-0.012256
2025-05-01T10:29:29.800000,-0.006061
2025-05-01T10:29:29.810000,0.015215
2025-05-01T10:29:29.820000,0.020168
2025-05-01T10:29:29.830000,0.009687
2025-05-01T10:29:29.840000,0.006489
2025-05-01T10:29:29.850000,0.009980
2025-05-01T10:29:29.860000,-0.010168
2025-05-01T10:29:29.870000,-0.006864
2025-05-01T10:29:29.880000,0.022631
2025-05-01T10:29:29.890000,0.002505
2025-05-01T10:29:29.900000,-0.015447
2025-05-01T10:29:29.910000,-0.000734
2025-05-01T10:29:29.920000,-0.004047
2025-05-01T10:29:29.930000,0.006393
2025-05-01T10:29:29.940000,0.014761
2025-05-01T10:29:29.950000,0.011901
2025-05-01T10:29:29.960000,-0.001063
2025-05-01T10:29:29.970000,-0.002773
2025-05-01T10:29:29.980000,0.000298
2025-05-01T10:29:29.990000,0.016847
2025-05-01T10:29:30,-0.006847
2025-05-01T10:29:30.010000,0.000752
2025-05-01T10:29:30.020000,-0.010241
2025-05-01T10:29:30.030000,0.003939
2025-05-01T10:29:30.040000,-0.008212
2025-05-01T10:29:30.050000,0.002008
2025-05-01T10:29:30.060000,-0.003915
2025-05-01T10:29:30.070000,-0.004218
2025-05-01T10:29:30.080000,-0.016278
2025-05-01T10:29:30.090000,0.003904
2025-05-01T10:29:30.100000,-0.012684
2025-05-01T10:29:30.110000,0.002626
2025-05-01T10:29:30.120000,0.002764
2025-05-01T10:29:30.130000,0.012000
2025-05-01T10:29:30.140000,0.009974
2025-05-01T10:29:30.150000,0.007598
2025-05-01T10:29:30.160000,0.007548
2025-05-01T10:29:30.170000,-0.000210
2025-05-01T10:29:30.180000,0.000175
2025-05-01T10:29:30.190000,0.021865
2025-05-01T10:29:30.200000,0.008169
2025-05-01T10:29:30.210000,0.002647
2025-05-01T10:29:30.220000,-0.015660
2025-05-01T10:29:30.230000,0.007181
2025-05-01T10:29:30.240000,-0.006441
2025-05-01T10:29:30.250000,0.012981
2025-05-01T10:29:30.260000,0.006277
2025-05-01T10:29:30.270000,0.008979
2025-05-01T10:29:30.280000,-0.002235
2025-05-01T10:29:30.290000,0.008398
2025-05-01T10:29:30.300000,-0.010878
2025-05-01T10:29:30.310000,-0.008906
2025-05-01T10:29:30.320000,0.018811
2025-05-01T10:29:30.330000,-0.000657
2025-05-01T10:29:30.340000,-0.003066
2025-05-01T10:29:30.350000,-0.005463
2025-05-01T10:29:30.360000,0.013252
2025-05-01T10:29:30.370000,0.006981
2025-05-01T10:29:30.380000,0.011214
2025-05-01T10:29:30.390000,-0.002023
2025-05-01T10:29:30.400000,0.002812
2025-05-01T10:29:30.410000,-0.000437
2025-05-01T10:29:30.420000,-0.014272
2025-05-01T10:29:30.430000,-0.026576
2025-05-01T10:29:30.440000,-0.011120
2025-05-01T10:29:30.450000,0.002492
2025-05-01T10:29:30.460000,0.000411
2025-05-01T10:29:30.470000,0.000058
2025-05-01T10:29:30.480000,-0.002695
2025-05-01T10:29:30.490000,0.003199
2025-05-01T10:29:30.500000,-0.018286
2025-05-01T10:29:30.510000,-0.003150
2025-05-01T10:29:30.520000,0.011644
2025-05-01T10:29:30.530000,0.014518
2025-05-01T10:29:30.540000,-0.002879
2025-05-01T10:29:30.550000,0.004105
2025-05-01T10:29:30.560000,0.014243
2025-05-01T10:29:30.570000,0.007494
2025-05-01T10:29:30.580000,-0.007229
2025-05-01T10:29:30.590000,0.006899
2025-05-01T10:29:30.600000,0.005354
2025-05-01T10:29:30.610000,-0.021803
2025-05-01T10:29:30.620000,-0.001611
2025-05-01T10:29:30.630000,0.006071
2025-05-01T10:29:30.640000,0.003987
2025-05-01T10:29:30.650000,0.008808
2025-05-01T10:29:30.660000,-0.023548
2025-05-01T10:29:30.670000,-0.000071
2025-05-01T10:29:30.680000,0.010225
2025-05-01T10:29:30.690000,0.002627
2025-05-01T10:29:30.700000,-0.025434
2025-05-01T10:29:30.710000,-0.013617
2025-05-01T10:29:30.720000,-0.012129
2025-05-01T10:29:30.730000,-0.027189
2025-05-01T10:29:30.740000,-0.003196
2025-05-01T10:29:30.750000,-0.018215
2025-05-01T10:29:30.760000,0.007901
2025-05-01T10:29:30.770000,0.007549
2025-05-01T10:29:30.780000,-0.007482
2025-05-01T10:29:30.790000,-0.007768
2025-05-01T10:29:30.800000,-0.019687
2025-05-01T10:29:30.810000,0.015866
2025-05-01T10:29:30.820000,-0.003980
2025-05-01T10:29:30.830000,-0.000637
2025-05-01T10:29:30.840000,0.001016
2025-05-01T10:29:30.850000,0.000567
2025-05-01T10:29:30.860000,0.007449
2025-05-01T10:29:30.870000,-0.004924
2025-05-01T10:29:30.880000,-0.001679
2025-05-01T10:29:30.890000,-0.003910
2025-05-01T10:29:30.900000,0.016259
2025-05-01T10:29:30.910000,0.007104
2025-05-01T10:29:30.920000,-0.021141
2025-05-01T10:29:30.930000,-0.008730
2025-05-01T10:29:30.940000,-0.013992
2025-05-01T10:29:30.950000,0.005359
2025-05-01T10:29:30.960000,0.007101
2025-05-01T10:29:30.970000,0.004018
2025-05-01T10:29:30.980000,0.003020
2025-05-01T10:29:30.990000,0.005906
2025-05-01T10:29:31,-0.019298
2025-05-01T10:29:31.010000,0.010836
2025-05-01T10:29:31.020000,0.012227
2025-05-01T10:29:31.030000,-0.001911
2025-05-01T10:29:31.040000,-0.011549
2025-05-01T10:29:31.050000,0.008845
2025-05-01T10:29:31.060000,0.008699
2025-05-01T10:29:31.070000,0.003556
2025-05-01T10:29:31.080000,-0.003733
2025-05-01T10:29:31.090000,-0.011853
2025-05-01T10:29:31.100000,-0.004066
2025-05-01T10:29:31.110000,-0.012011
2025-05-01T10:29:31.120000,0.022273
2025-05-01T10:29:31.130000,-0.001304
2025-05-01T10:29:31.140000,-0.011969
2025-05-01T10:29:31.150000,0.001865
2025-05-01T10:29:31.160000,0.006975
2025-05-01T10:29:31.170000,-0.003989
2025-05-01T10:29:31.180000,-0.001738
2025-05-01T10:29:31.190000,0.011501
2025-05-01T10:29:31.200000,-0.004629
2025-05-01T10:29:31.210000,-0.002025
2025-05-01T10:29:31.220000,-0.000160
2025-05-01T10:29:31.230000,0.012479
2025-05-01T10:29:31.240000,0.005287
2025-05-01T10:29:31.250000,-0.006030
2025-05-01T10:29:31.260000,0.006035
2025-05-01T10:29:31.270000,-0.007966
2025-05-01T10:29:31.280000,0.010275
2025-05-01T10:29:31.290000,0.004394
2025-05-01T10:29:31.300000,-0.000711
2025-05-01T10:29:31.310000,0.004302
2025-05-01T10:29:31.320000,-0.010996
2025-05-01T10:29:31.330000,0.008587
2025-05-01T10:29:31.340000,0.002398
2025-05-01T10:29:31.350000,0.013740
2025-05-01T10:29:31.360000,0.001418
2025-05-01T10:29:31.370000,-0.000188
2025-05-01T10:29:31.380000,-0.007212
2025-05-01T10:29:31.390000,0.002222
2025-05-01T10:29:31.400000,-0.011587
2025-05-01T10:29:31.410000,-0.003496
2025-05-01T10:29:31.420000,0.008371
2025-05-01T10:29:31.430000,-0.003028
2025-05-01T10:29:31.440000,-0.005825
2025-05-01T10:29:31.450000,0.007389
2025-05-01T10:29:31.460000,0.007668
2025-05-01T10:29:31.470000,0.003893
2025-05-01T10:29:31.480000,-0.005166
2025-05-01T10:29:31.490000,-0.012740
2025-05-01T10:29:31.500000,0.007225
2025-05-01T10:29:31.510000,0.011412
2025-05-01T10:29:31.520000,-0.001732
2025-05-01T10:29:31.530000,0.007635
2025-05-01T10:29:31.540000,0.005764
2025-05-01T10:29:31.550000,0.002674
2025-05-01T10:29:31.560000,-0.006543
2025-05-01T10:29:31.570000,-0.013671
2025-05-01T10:29:31.580000,0.004461
2025-05-01T10:29:31.590000,0.005306
2025-05-01T10:29:31.600000,0.007049
2025-05-01T10:29:31.610000,-0.001334
2025-05-01T10:29:31.620000,0.006844
2025-05-01T10:29:31.630000,-0.001583
2025-05-01T10:29:31.640000,0.009208
2025-05-01T10:29:31.650000,0.001287
2025-05-01T10:29:31.660000,0.016900
2025-05-01T10:29:31.670000,-0.002224
2025-05-01T10:29:31.680000,-0.008621
2025-05-01T10:29:31.690000,0.008422
2025-05-01T10:29:31.700000,0.004296
2025-05-01T10:29:31.710000,-0.008781
2025-05-01T10:29:31.720000,-0.006701
2025-05-01T10:29:31.730000,0.011511
2025-05-01T10:29:31.740000,-0.002700
2025-05-01T10:29:31.750000,-0.011362
2025-05-01T10:29:31.760000,0.006957
2025-05-01T10:29:31.770000,-0.005078
2025-05-01T10:29:31.780000,-0.004110
2025-05-01T10:29:31.790000,0.003331
2025-05-01T10:29:31.800000,0.011079
2025-05-01T10:29:31.810000,-0.002818
2025-05-01T10:29:31.820000,0.011129
2025-05-01T10:29:31.830000,0.024079
2025-05-01T10:29:31.840000,-0.005117
2025-05-01T10:29:31.850000,-0.008887
2025-05-01T10:29:31.860000,-0.030915
2025-05-01T10:29:31.870000,-0.000343
2025-05-01T10:29:31.880000,-0.012488
2025-05-01T10:29:31.890000,-0.008838
2025-05-01T10:29:31.900000,0.006654
2025-05-01T10:29:31.910000,0.007682
2025-05-01T10:29:31.920000,-0.000808
2025-05-01T10:29:31.930000,-0.000597
2025-05-01T10:29:31.940000,-0.001659
2025-05-01T10:29:31.950000,-0.009924
2025-05-01T10:29:31.960000,0.004903
2025-05-01T10:29:31.970000,0.010196
2025-05-01T10:29:31.980000,0.011646
2025-05-01T10:29:31.990000,-0.018948
2025-05-01T10:29:32,-0.010349
2025-05-01T10:29:32.010000,-0.017149
2025-05-01T10:29:32.020000,-0.008955
2025-05-01T10:29:32.030000,-0.000871
2025-05-01T10:29:32.040000,0.006502
2025-05-01T10:29:32.050000,-0.000693
2025-05-01T10:29:32.060000,-0.005074
2025-05-01T10:29:32.070000,0.010664
2025-05-01T10:29:32.080000,0.000978
2025-05-01T10:29:32.090000,-0.005911
2025-05-01T10:29:32.100000,0.002542
2025-05-01T10:29:32.110000,-0.015664
2025-05-01T10:29:32.120000,0.008861
2025-05-01T10:29:32.130000,0.010510
2025-05-01T10:29:32.140000,-0.003576
2025-05-01T10:29:32.150000,0.012300
2025-05-01T10:29:32.160000,0.012711
2025-05-01T10:29:32.170000,0.008214
2025-05-01T10:29:32.180000,-0.000998
2025-05-01T10:29:32.190000,0.020846
2025-05-01T10:29:32.200000,-0.003529
2025-05-01T10:29:32.210000,-0.007663
2025-05-01T10:29:32.220000,-0.007861
2025-05-01T10:29:32.230000,-0.010157
2025-05-01T10:29:32.240000,0.022945
2025-05-01T10:29:32.250000,-0.006944
2025-05-01T10:29:32.260000,-0.002402
2025-05-01T10:29:32.270000,0.000776
2025-05-01T10:29:32.280000,-0.024769
2025-05-01T10:29:32.290000,-0.017132
2025-05-01T10:29:32.300000,0.015954
2025-05-01T10:29:32.310000,-0.018516
2025-05-01T10:29:32.320000,0.027025
2025-05-01T10:29:32.330000,-0.023520
2025-05-01T10:29:32.340000,0.000438
2025-05-01T10:29:32.350000,0.019449
2025-05-01T10:29:32.360000,-0.002009
2025-05-01T10:29:32.370000,-0.008417
2025-05-01T10:29:32.380000,0.001980
2025-05-01T10:29:32.390000,-0.014035
2025-05-01T10:29:32.400000,0.003439
2025-05-01T10:29:32.410000,0.008690
2025-05-01T10:29:32.420000,-0.001420
2025-05-01T10:29:32.430000,-0.004688
2025-05-01T10:29:32.440000,0.017092
2025-05-01T10:29:32.450000,0.003071
2025-05-01T10:29:32.460000,0.003849
2025-05-01T10:29:32.470000,0.006876
2025-05-01T10:29:32.480000,-0.002790
2025-05-01T10:29:32.490000,-0.000460
2025-05-01T10:29:32.500000,0.000726
2025-05-01T10:29:32.510000,-0.002270
2025-05-01T10:29:32.520000,-0.008164
2025-05-01T10:29:32.530000,0.003735
2025-05-01T10:29:32.540000,0.018788
2025-05-01T10:29:32.550000,0.000263
2025-05-01T10:29:32.560000,-0.010846
2025-05-01T10:29:32.570000,0.002297
2025-05-01T10:29:32.580000,0.011444
2025-05-01T10:29:32.590000,0.000475
2025-05-01T10:29:32.600000,0.000320
2025-05-01T10:29:32.610000,0.028081
2025-05-01T10:29:32.620000,0.014077
2025-05-01T10:29:32.630000,-0.018889
2025-05-01T10:29:32.640000,-0.008343
2025-05-01T10:29:32.650000,0.002934
2025-05-01T10:29:32.660000,0.002166
2025-05-01T10:29:32.670000,0.007421
2025-05-01T10:29:32.680000,-0.007997
2025-05-01T10:29:32.690000,0.005391
2025-05-01T10:29:32.700000,0.004382
2025-05-01T10:29:32.710000,-0.005505
2025-05-01T10:29:32.720000,0.003144
2025-05-01T10:29:32.730000,0.003410
2025-05-01T10:29:32.740000,-0.019228
2025-05-01T10:29:32.750000,-0.000789
2025-05-01T10:29:32.760000,0.002926
2025-05-01T10:29:32.770000,-0.003488
2025-05-01T10:29:32.780000,0.026087
2025-05-01T10:29:32.790000,-0.004333
2025-05-01T10:29:32.800000,-0.003847
2025-05-01T10:29:32.810000,0.001103
2025-05-01T10:29:32.820000,0.003675
2025-05-01T10:29:32.830000,-0.021079
2025-05-01T10:29:32.840000,-0.006837
2025-05-01T10:29:32.850000,0.017882
2025-05-01T10:29:32.860000,0.006459
2025-05-01T10:29:32.870000,-0.000057
2025-05-01T10:29:32.880000,0.014329
2025-05-01T10:29:32.890000,0.013196
2025-05-01T10:29:32.900000,0.007555
2025-05-01T10:29:32.910000,0.005377
2025-05-01T10:29:32.920000,-0.001012
2025-05-01T10:29:32.930000,0.003653
2025-05-01T10:29:32.940000,0.011505
2025-05-01T10:29:32.950000,0.001908
2025-05-01T10:29:32.960000,-0.011700
2025-05-01T10:29:32.970000,-0.000474
2025-05-01T10:29:32.980000,0.006331
2025-05-01T10:29:32.990000,0.009716
2025-05-01T10:29:33,-0.015189
2025-05-01T10:29:33.010000,-0.007780
2025-05-01T10:29:33.020000,0.003684
2025-05-01T10:29:33.030000,-0.021269
2025-05-01T10:29:33.040000,-0.011363
2025-05-01T10:29:33.050000,-0.003884
2025-05-01T10:29:33.060000,-0.002029
2025-05-01T10:29:33.070000,0.027788
2025-05-01T10:29:33.080000,0.004275
2025-05-01T10:29:33.090000,0.004812
2025-05-01T10:29:33.100000,-0.016897
2025-05-01T10:29:33.110000,0.022165
2025-05-01T10:29:33.120000,0.004863
2025-05-01T10:29:33.130000,0.005047
2025-05-01T10:29:33.140000,0.001315
2025-05-01T10:29:33.150000,-0.009503
2025-05-01T10:29:33.160000,-0.006915
2025-05-01T10:29:33.170000,-0.003435
2025-05-01T10:29:33.180000,-0.004708
2025-05-01T10:29:33.190000,0.005716
2025-05-01T10:29:33.200000,0.002360
2025-05-01T10:29:33.210000,-0.004990
2025-05-01T10:29:33.220000,0.002731
2025-05-01T10:29:33.230000,-0.020841
2025-05-01T10:29:33.240000,0.002330
2025-05-01T10:29:33.250000,-0.001859
2025-05-01T10:29:33.260000,-0.002497
2025-05-01T10:29:33.270000,-0.005342
2025-05-01T10:29:33.280000,-0.001452
2025-05-01T10:29:33.290000,-0.021938
2025-05-01T10:29:33.300000,0.003139
2025-05-01T10:29:33.310000,0.010767
2025-05-01T10:29:33.320000,0.007501
2025-05-01T10:29:33.330000,0.001581
2025-05-01T10:29:33.340000,0.007882
2025-05-01T10:29:33.350000,0.005658
2025-05-01T10:29:33.360000,-0.016347
2025-05-01T10:29:33.370000,-0.004561
2025-05-01T10:29:33.380000,-0.016072
2025-05-01T10:29:33.390000,-0.007075
2025-05-01T10:29:33.400000,0.012891
2025-05-01T10:29:33.410000,0.004391
2025-05-01T10:29:33.420000,-0.004392
2025-05-01T10:29:33.430000,-0.015207
2025-05-01T10:29:33.440000,0.010641
2025-05-01T10:29:33.450000,-0.010521
2025-05-01T10:29:33.460000,0.009913
2025-05-01T10:29:33.470000,-0.002819
2025-05-01T10:29:33.480000,0.011822
2025-05-01T10:29:33.490000,-0.011634
2025-05-01T10:29:33.500000,-0.010050
2025-05-01T10:29:33.510000,0.022263
2025-05-01T10:29:33.520000,0.008169
2025-05-01T10:29:33.530000,-0.001053
2025-05-01T10:29:33.540000,0.013377
2025-05-01T10:29:33.550000,0.004426
2025-05-01T10:29:33.560000,0.012388
2025-05-01T10:29:33.570000,0.007603
2025-05-01T10:29:33.580000,-0.011944
2025-05-01T10:29:33.590000,-0.002892
2025-05-01T10:29:33.600000,-0.008863
2025-05-01T10:29:33.610000,-0.000869
2025-05-01T10:29:33.620000,0.024231
2025-05-01T10:29:33.630000,-0.011822
2025-05-01T10:29:33.640000,0.012485
2025-05-01T10:29:33.650000,0.006289
2025-05-01T10:29:33.660000,-0.008796
2025-05-01T10:29:33.670000,0.018839
2025-05-01T10:29:33.680000,0.010217
2025-05-01T10:29:33.690000,0.016124
2025-05-01T10:29:33.700000,-0.011182
2025-05-01T10:29:33.710000,0.015957
2025-05-01T10:29:33.720000,0.002412
2025-05-01T10:29:33.730000,0.019390
2025-05-01T10:29:33.740000,-0.005052
2025-05-01T10:29:33.750000,0.010174
2025-05-01T10:29:33.760000,-0.002408
2025-05-01T10:29:33.770000,-0.003763
2025-05-01T10:29:33.780000,-0.001060
2025-05-01T10:29:33.790000,0.001689
2025-05-01T10:29:33.800000,0.009152
2025-05-01T10:29:33.810000,-0.005534
2025-05-01T10:29:33.820000,0.007039
2025-05-01T10:29:33.830000,0.001304
2025-05-01T10:29:33.840000,0.010186
2025-05-01T10:29:33.850000,0.030618
2025-05-01T10:29:33.860000,0.003027
2025-05-01T10:29:33.870000,0.011692
2025-05-01T10:29:33.880000,-0.015826
2025-05-01T10:29:33.890000,0.001706
2025-05-01T10:29:33.900000,0.011652
2025-05-01T10:29:33.910000,0.013582
2025-05-01T10:29:33.920000,-0.016196
2025-05-01T10:29:33.930000,-0.005949
2025-05-01T10:29:33.940000,0.011907
2025-05-01T10:29:33.950000,0.000454
2025-05-01T10:29:33.960000,0.012033
2025-05-01T10:29:33.970000,0.003798
2025-05-01T10:29:33.980000,-0.007874
2025-05-01T10:29:33.990000,0.022112
2025-05-01T10:29:34,0.003989
2025-05-01T10:29:34.010000,-0.002512
2025-05-01T10:29:34.020000,-0.003278
2025-05-01T10:29:34.030000,0.004923
2025-05-01T10:29:34.040000,-0.012919
2025-05-01T10:29:34.050000,-0.008829
2025-05-01T10:29:34.060000,0.011431
2025-05-01T10:29:34.070000,-0.000023
2025-05-01T10:29:34.080000,-0.010867
2025-05-01T10:29:34.090000,0.003427
2025-05-01T10:29:34.100000,0.006523
2025-05-01T10:29:34.110000,-0.003575
2025-05-01T10:29:34.120000,-0.000098
2025-05-01T10:29:34.130000,-0.012073
2025-05-01T10:29:34.140000,-0.002735
2025-05-01T10:29:34.150000,0.000904
2025-05-01T10:29:34.160000,-0.005707
2025-05-01T10:29:34.170000,-0.002576
2025-05-01T10:29:34.180000,-0.001607
2025-05-01T10:29:34.190000,-0.007603
2025-05-01T10:29:34.200000,0.001679
2025-05-01T10:29:34.210000,-0.001694
2025-05-01T10:29:34.220000,0.007145
2025-05-01T10:29:34.230000,-0.009407
2025-05-01T10:29:34.240000,0.005503
2025-05-01T10:29:34.250000,-0.004596
2025-05-01T10:29:34.260000,-0.010126
2025-05-01T10:29:34.270000,0.006636
2025-05-01T10:29:34.280000,-0.000106
2025-05-01T10:29:34.290000,-0.004402
2025-05-01T10:29:34.300000,0.002196
2025-05-01T10:29:34.310000,0.000271
2025-05-01T10:29:34.320000,0.007800
2025-05-01T10:29:34.330000,-0.007711
2025-05-01T10:29:34.340000,0.000616
2025-05-01T10:29:34.350000,0.002460
2025-05-01T10:29:34.360000,-0.008085
2025-05-01T10:29:34.370000,0.014410
2025-05-01T10:29:34.380000,0.005031
2025-05-01T10:29:34.390000,0.015115
2025-05-01T10:29:34.400000,0.004095
2025-05-01T10:29:34.410000,-0.001322
2025-05-01T10:29:34.420000,-0.011572
2025-05-01T10:29:34.430000,-0.004690
2025-05-01T10:29:34.440000,0.020499
2025-05-01T10:29:34.450000,0.003469
2025-05-01T10:29:34.460000,0.000645
2025-05-01T10:29:34.470000,0.017068
2025-05-01T10:29:34.480000,0.005215
2025-05-01T10:29:34.490000,-0.004657
2025-05-01T10:29:34.500000,-0.002072
2025-05-01T10:29:34.510000,-0.003543
2025-05-01T10:29:34.520000,-0.008161
2025-05-01T10:29:34.530000,0.001325
2025-05-01T10:29:34.540000,-0.010953
2025-05-01T10:29:34.550000,-0.017958
2025-05-01T10:29:34.560000,-0.001372
2025-05-01T10:29:34.570000,-0.011044
2025-05-01T10:29:34.580000,-0.005407
2025-05-01T10:29:34.590000,-0.012090
2025-05-01T10:29:34.600000,0.011237
2025-05-01T10:29:34.610000,-0.005938
2025-05-01T10:29:34.620000,-0.010670
2025-05-01T10:29:34.630000,0.006222
2025-05-01T10:29:34.640000,-0.005525
2025-05-01T10:29:34.650000,-0.015903
2025-05-01T10:29:34.660000,0.002891
2025-05-01T10:29:34.670000,-0.002367
2025-05-01T10:29:34.680000,-0.006936
2025-05-01T10:29:34.690000,-0.013585
2025-05-01T10:29:34.700000,-0.001812
2025-05-01T10:29:34.710000,0.019694
2025-05-01T10:29:34.720000,0.002017
2025-05-01T10:29:34.730000,0.011193
2025-05-01T10:29:34.740000,-0.007805
2025-05-01T10:29:34.750000,-0.020027
2025-05-01T10:29:34.760000,-0.015865
2025-05-01T10:29:34.770000,0.015435
2025-05-01T10:29:34.780000,-0.001016
2025-05-01T10:29:34.790000,0.009133
2025-05-01T10:29:34.800000,0.006936
2025-05-01T10:29:34.810000,-0.012372
2025-05-01T10:29:34.820000,0.005647
2025-05-01T10:29:34.830000,-0.006807
2025-05-01T10:29:34.840000,0.010405
2025-05-01T10:29:34.850000,-0.002954
2025-05-01T10:29:34.860000,-0.015160
2025-05-01T10:29:34.870000,0.007952
2025-05-01T10:29:34.880000,0.001319
2025-05-01T10:29:34.890000,0.000801
2025-05-01T10:29:34.900000,0.001982
2025-05-01T10:29:34.910000,0.018178
2025-05-01T10:29:34.920000,0.001423
2025-05-01T10:29:34.930000,0.013284
2025-05-01T10:29:34.940000,-0.007149
2025-05-01T10:29:34.950000,0.000787
2025-05-01T10:29:34.960000,-0.004665
2025-05-01T10:29:34.970000,0.002071
2025-05-01T10:29:34.980000,-0.014021
2025-05-01T10:29:34.990000,-0.021693
2025-05-01T10:29:35,0.006116
2025-05-01T10:29:35.010000,-0.014305
2025-05-01T10:29:35.020000,-0.009449
2025-05-01T10:29:35.030000,-0.024197
2025-05-01T10:29:35.040000,0.010819
2025-05-01T10:29:35.050000,-0.000537
2025-05-01T10:29:35.060000,-0.007522
2025-05-01T10:29:35.070000,0.006370
2025-05-01T10:29:35.080000,-0.003774
2025-05-01T10:29:35.090000,0.001298
2025-05-01T10:29:35.100000,0.001958
2025-05-01T10:29:35.110000,-0.006401
2025-05-01T10:29:35.120000,-0.008036
2025-05-01T10:29:35.130000,-0.008243
2025-05-01T10:29:35.140000,-0.006601
2025-05-01T10:29:35.150000,-0.012412
2025-05-01T10:29:35.160000,0.010005
2025-05-01T10:29:35.170000,0.009783
2025-05-01T10:29:35.180000,-0.025005
2025-05-01T10:29:35.190000,-0.012149
2025-05-01T10:29:35.200000,0.013827
2025-05-01T10:29:35.210000,0.001662
2025-05-01T10:29:35.220000,0.009466
2025-05-01T10:29:35.230000,0.007595
2025-05-01T10:29:35.240000,-0.015371
2025-05-01T10:29:35.250000,-0.010788
2025-05-01T10:29:35.260000,0.001710
2025-05-01T10:29:35.270000,0.002352
2025-05-01T10:29:35.280000,0.012255
2025-05-01T10:29:35.290000,-0.005225
2025-05-01T10:29:35.300000,-0.003784
2025-05-01T10:29:35.310000,-0.004586
2025-05-01T10:29:35.320000,-0.004626
2025-05-01T10:29:35.330000,0.001307
2025-05-01T10:29:35.340000,-0.014472
2025-05-01T10:29:35.350000,-0.004214
2025-05-01T10:29:35.360000,-0.005783
2025-05-01T10:29:35.370000,-0.005073
2025-05-01T10:29:35.380000,-0.000833
2025-05-01T10:29:35.390000,0.004307
2025-05-01T10:29:35.400000,-0.002504
2025-05-01T10:29:35.410000,-0.007208
2025-05-01T10:29:35.420000,-0.005268
2025-05-01T10:29:35.430000,0.003909
2025-05-01T10:29:35.440000,-0.002547
2025-05-01T10:29:35.450000,-0.015305
2025-05-01T10:29:35.460000,0.004934
2025-05-01T10:29:35.470000,0.022965
2025-05-01T10:29:35.480000,0.005265
2025-05-01T10:29:35.490000,0.004443
2025-05-01T10:29:35.500000,0.000687
2025-05-01T10:29:35.510000,0.004672
2025-05-01T10:29:35.520000,-0.009829
2025-05-01T10:29:35.530000,-0.015937
2025-05-01T10:29:35.540000,-0.008495
2025-05-01T10:29:35.550000,-0.017429
2025-05-01T10:29:35.560000,0.007161
2025-05-01T10:29:35.570000,-0.006841
2025-05-01T10:29:35.580000,0.011731
2025-05-01T10:29:35.590000,-0.005078
2025-05-01T10:29:35.600000,0.016842
2025-05-01T10:29:35.610000,0.003774
2025-05-01T10:29:35.620000,0.014312
2025-05-01T10:29:35.630000,0.000057
2025-05-01T10:29:35.640000,0.001547
2025-05-01T10:29:35.650000,-0.014113
2025-05-01T10:29:35.660000,0.009023
2025-05-01T10:29:35.670000,-0.015047
2025-05-01T10:29:35.680000,-0.018189
2025-05-01T10:29:35.690000,0.005723
2025-05-01T10:29:35.700000,-0.006120
2025-05-01T10:29:35.710000,-0.008635
2025-05-01T10:29:35.720000,0.009055
2025-05-01T10:29:35.730000,0.005608
2025-05-01T10:29:35.740000,-0.019147
2025-05-01T10:29:35.750000,0.027519
2025-05-01T10:29:35.760000,0.006221
2025-05-01T10:29:35.770000,-0.011614
2025-05-01T10:29:35.780000,-0.002120
2025-05-01T10:29:35.790000,0.012446
2025-05-01T10:29:35.800000,-0.006536
2025-05-01T10:29:35.810000,0.010039
2025-05-01T10:29:35.820000,-0.001525
2025-05-01T10:29:35.830000,-0.006938
2025-05-01T10:29:35.840000,0.009396
2025-05-01T10:29:35.850000,-0.004080
2025-05-01T10:29:35.860000,-0.000551
2025-05-01T10:29:35.870000,0.006400
2025-05-01T10:29:35.880000,-0.005462
2025-05-01T10:29:35.890000,0.006037
2025-05-01T10:29:35.900000,-0.003435
2025-05-01T10:29:35.910000,0.006376
2025-05-01T10:29:35.920000,0.005514
2025-05-01T10:29:35.930000,-0.002427
2025-05-01T10:29:35.940000,-0.008831
2025-05-01T10:29:35.950000,-0.013525
2025-05-01T10:29:35.960000,-0.020248
2025-05-01T10:29:35.970000,0.008424
2025-05-01T10:29:35.980000,0.012191
2025-05-01T10:29:35.990000,-0.005484
2025-05-01T10:29:36,-0.002858
2025-05-01T10:29:36.010000,0.004336
2025-05-01T10:29:36.020000,-0.022851
2025-05-01T10:29:36.030000,0.013658
2025-05-01T10:29:36.040000,-0.010375
2025-05-01T10:29:36.050000,-0.006565
2025-05-01T10:29:36.060000,-0.003391
2025-05-01T10:29:36.070000,0.008198
2025-05-01T10:29:36.080000,-0.005621
2025-05-01T10:29:36.090000,0.003960
2025-05-01T10:29:36.100000,0.004570
2025-05-01T10:29:36.110000,0.004908
2025-05-01T10:29:36.120000,0.003155
2025-05-01T10:29:36.130000,0.004129
2025-05-01T10:29:36.140000,0.000786
2025-05-01T10:29:36.150000,0.001245
2025-05-01T10:29:36.160000,0.014180
2025-05-01T10:29:36.170000,0.003091
2025-05-01T10:29:36.180000,0.030205
2025-05-01T10:29:36.190000,-0.012899
2025-05-01T10:29:36.200000,0.009776
2025-05-01T10:29:36.210000,-0.000768
2025-05-01T10:29:36.220000,0.014992
2025-05-01T10:29:36.230000,0.017091
2025-05-01T10:29:36.240000,0.000287
2025-05-01T10:29:36.250000,0.004865
2025-05-01T10:29:36.260000,-0.000207
2025-05-01T10:29:36.270000,0.014292
2025-05-01T10:29:36.280000,0.019947
2025-05-01T10:29:36.290000,0.008985
2025-05-01T10:29:36.300000,0.000764
2025-05-01T10:29:36.310000,0.001322
2025-05-01T10:29:36.320000,-0.003069
2025-05-01T10:29:36.330000,0.019366
2025-05-01T10:29:36.340000,-0.006701
2025-05-01T10:29:36.350000,-0.012054
2025-05-01T10:29:36.360000,-0.003147
2025-05-01T10:29:36.370000,0.016512
2025-05-01T10:29:36.380000,-0.003761
2025-05-01T10:29:36.390000,-0.004176
2025-05-01T10:29:36.400000,0.005931
2025-05-01T10:29:36.410000,0.016809
2025-05-01T10:29:36.420000,0.014190
2025-05-01T10:29:36.430000,0.000703
2025-05-01T10:29:36.440000,0.005307
2025-05-01T10:29:36.450000,0.022164
2025-05-01T10:29:36.460000,-0.006965
2025-05-01T10:29:36.470000,0.000742
2025-05-01T10:29:36.480000,-0.006247
2025-05-01T10:29:36.490000,-0.003224
2025-05-01T10:29:36.500000,-0.020844
2025-05-01T10:29:36.510000,-0.021521
2025-05-01T10:29:36.520000,-0.019367
2025-05-01T10:29:36.530000,0.001321
2025-05-01T10:29:36.540000,0.015093
2025-05-01T10:29:36.550000,0.009137
2025-05-01T10:29:36.560000,0.002603
2025-05-01T10:29:36.570000,-0.003938
2025-05-01T10:29:36.580000,0.011765
2025-05-01T10:29:36.590000,0.004978
2025-05-01T10:29:36.600000,0.004397
2025-05-01T10:29:36.610000,0.005322
2025-05-01T10:29:36.620000,0.006505
2025-05-01T10:29:36.630000,0.007763
2025-05-01T10:29:36.640000,0.011661
2025-05-01T10:29:36.650000,-0.009163
2025-05-01T10:29:36.660000,0.003471
2025-05-01T10:29:36.670000,0.013459
2025-05-01T10:29:36.680000,0.024338
2025-05-01T10:29:36.690000,0.009801
2025-05-01T10:29:36.700000,-0.011155
2025-05-01T10:29:36.710000,0.004622
2025-05-01T10:29:36.720000,-0.015727
2025-05-01T10:29:36.730000,0.007101
2025-05-01T10:29:36.740000,0.007103
2025-05-01T10:29:36.750000,-0.005144
2025-05-01T10:29:36.760000,-0.004478
2025-05-01T10:29:36.770000,-0.010103
2025-05-01T10:29:36.780000,-0.000323
2025-05-01T10:29:36.790000,0.008448
2025-05-01T10:29:36.800000,0.007841
2025-05-01T10:29:36.810000,0.005201
2025-05-01T10:29:36.820000,-0.003095
2025-05-01T10:29:36.830000,-0.008962
2025-05-01T10:29:36.840000,0.016251
2025-05-01T10:29:36.850000,0.014773
2025-05-01T10:29:36.860000,-0.005766
2025-05-01T10:29:36.870000,-0.008229
2025-05-01T10:29:36.880000,-0.012794
2025-05-01T10:29:36.890000,0.004420
2025-05-01T10:29:36.900000,-0.001122
2025-05-01T10:29:36.910000,0.022715
2025-05-01T10:29:36.920000,0.022084
2025-05-01T10:29:36.930000,0.010304
2025-05-01T10:29:36.940000,-0.009104
2025-05-01T10:29:36.950000,0.007269
2025-05-01T10:29:36.960000,-0.004437
2025-05-01T10:29:36.970000,-0.023375
2025-05-01T10:29:36.980000,-0.000823
2025-05-01T10:29:36.990000,0.003419
2025-05-01T10:29:37,-0.004150
2025-05-01T10:29:37.010000,0.010767
2025-05-01T10:29:37.020000,0.012296
2025-05-01T10:29:37.030000,0.006227
2025-05-01T10:29:37.040000,-0.004932
2025-05-01T10:29:37.050000,0.000265
2025-05-01T10:29:37.060000,0.021504
2025-05-01T10:29:37.070000,0.006666
2025-05-01T10:29:37.080000,-0.003569
2025-05-01T10:29:37.090000,0.016211
2025-05-01T10:29:37.100000,-0.009030
2025-05-01T10:29:37.110000,0.006290
2025-05-01T10:29:37.120000,-0.003063
2025-05-01T10:29:37.130000,0.007099
2025-05-01T10:29:37.140000,0.009720
2025-05-01T10:29:37.150000,-0.008686
2025-05-01T10:29:37.160000,-0.005941
2025-05-01T10:29:37.170000,-0.006753
2025-05-01T10:29:37.180000,-0.014575
2025-05-01T10:29:37.190000,0.009646
2025-05-01T10:29:37.200000,0.004094
2025-05-01T10:29:37.210000,0.012386
2025-05-01T10:29:37.220000,0.010185
2025-05-01T10:29:37.230000,-0.010590
2025-05-01T10:29:37.240000,-0.009351
2025-05-01T10:29:37.250000,0.006060
2025-05-01T10:29:37.260000,0.005357
2025-05-01T10:29:37.270000,0.002887
2025-05-01T10:29:37.280000,0.000600
2025-05-01T10:29:37.290000,-0.011842
2025-05-01T10:29:37.300000,-0.011577
2025-05-01T10:29:37.310000,-0.001032
2025-05-01T10:29:37.320000,0.011986
2025-05-01T10:29:37.330000,0.018240
2025-05-01T10:29:37.340000,0.004555
2025-05-01T10:29:37.350000,-0.001778
2025-05-01T10:29:37.360000,-0.001012
2025-05-01T10:29:37.370000,-0.016604
2025-05-01T10:29:37.380000,-0.002519
2025-05-01T10:29:37.390000,0.000999
2025-05-01T10:29:37.400000,-0.001032
2025-05-01T10:29:37.410000,0.026328
2025-05-01T10:29:37.420000,0.001393
2025-05-01T10:29:37.430000,-0.001318
2025-05-01T10:29:37.440000,0.011850
2025-05-01T10:29:37.450000,0.001259
2025-05-01T10:29:37.460000,0.000249
2025-05-01T10:29:37.470000,0.003227
2025-05-01T10:29:37.480000,-0.003015
2025-05-01T10:29:37.490000,0.004680
2025-05-01T10:29:37.500000,0.002300
2025-05-01T10:29:37.510000,-0.011738
2025-05-01T10:29:37.520000,-0.013246
2025-05-01T10:29:37.530000,-0.003227
2025-05-01T10:29:37.540000,0.007688
2025-05-01T10:29:37.550000,0.004253
2025-05-01T10:29:37.560000,0.009371
2025-05-01T10:29:37.570000,0.014111
2025-05-01T10:29:37.580000,0.007921
2025-05-01T10:29:37.590000,0.010903
2025-05-01T10:29:37.600000,-0.001680
2025-05-01T10:29:37.610000,0.000212
2025-05-01T10:29:37.620000,0.010832
2025-05-01T10:29:37.630000,0.012908
2025-05-01T10:29:37.640000,-0.012229
2025-05-01T10:29:37.650000,0.004259
2025-05-01T10:29:37.660000,-0.001318
2025-05-01T10:29:37.670000,-0.000736
2025-05-01T10:29:37.680000,0.009252
2025-05-01T10:29:37.690000,0.004627
2025-05-01T10:29:37.700000,0.001691
2025-05-01T10:29:37.710000,-0.002702
2025-05-01T10:29:37.720000,0.015323
2025-05-01T10:29:37.730000,0.006690
2025-05-01T10:29:37.740000,0.009734
2025-05-01T10:29:37.750000,-0.000745
2025-05-01T10:29:37.760000,-0.001415
2025-05-01T10:29:37.770000,-0.010243
2025-05-01T10:29:37.780000,0.024356
2025-05-01T10:29:37.790000,-0.009253
2025-05-01T10:29:37.800000,-0.014781
2025-05-01T10:29:37.810000,-0.004791
2025-05-01T10:29:37.820000,-0.004049
2025-05-01T10:29:37.830000,0.004036
2025-05-01T10:29:37.840000,-0.002136
2025-05-01T10:29:37.850000,0.009522
2025-05-01T10:29:37.860000,0.012338
2025-05-01T10:29:37.870000,0.004973
2025-05-01T10:29:37.880000,-0.013242
2025-05-01T10:29:37.890000,-0.000244
2025-05-01T10:29:37.900000,0.003022
2025-05-01T10:29:37.910000,-0.012560
2025-05-01T10:29:37.920000,0.008401
2025-05-01T10:29:37.930000,0.008504
2025-05-01T10:29:37.940000,0.006392
2025-05-01T10:29:37.950000,-0.009961
2025-05-01T10:29:37.960000,0.011818
2025-05-01T10:29:37.970000,0.012134
2025-05-01T10:29:37.980000,0.018466
2025-05-01T10:29:37.990000,0.007467
2025-05-01T10:29:38,0.006481
2025-05-01T10:29:38.010000,-0.007549
2025-05-01T10:29:38.020000,-0.010083
2025-05-01T10:29:38.030000,0.000788
2025-05-01T10:29:38.040000,-0.001708
2025-05-01T10:29:38.050000,0.009127
2025-05-01T10:29:38.060000,-0.001318
2025-05-01T10:29:38.070000,0.003438
2025-05-01T10:29:38.080000,0.020154
2025-05-01T10:29:38.090000,-0.008848
2025-05-01T10:29:38.100000,-0.011356
2025-05-01T10:29:38.110000,0.018286
2025-05-01T10:29:38.120000,-0.010305
2025-05-01T10:29:38.130000,-0.017562
2025-05-01T10:29:38.140000,-0.007751
2025-05-01T10:29:38.150000,-0.005849
2025-05-01T10:29:38.160000,0.009826
2025-05-01T10:29:38.170000,0.033281
2025-05-01T10:29:38.180000,0.002785
2025-05-01T10:29:38.190000,0.000658
2025-05-01T10:29:38.200000,-0.016642
2025-05-01T10:29:38.210000,-0.007546
2025-05-01T10:29:38.220000,-0.010021
2025-05-01T10:29:38.230000,-0.001132
2025-05-01T10:29:38.240000,0.004578
2025-05-01T10:29:38.250000,0.006104
2025-05-01T10:29:38.260000,0.001515
2025-05-01T10:29:38.270000,-0.002198
2025-05-01T10:29:38.280000,0.004238
2025-05-01T10:29:38.290000,-0.002634
2025-05-01T10:29:38.300000,0.001516
2025-05-01T10:29:38.310000,0.001440
2025-05-01T10:29:38.320000,0.005328
2025-05-01T10:29:38.330000,0.022072
2025-05-01T10:29:38.340000,-0.001446
2025-05-01T10:29:38.350000,0.002521
2025-05-01T10:29:38.360000,0.006533
2025-05-01T10:29:38.370000,0.005477
2025-05-01T10:29:38.380000,-0.003482
2025-05-01T10:29:38.390000,-0.003620
2025-05-01T10:29:38.400000,0.014272
2025-05-01T10:29:38.410000,-0.007328
2025-05-01T10:29:38.420000,-0.000755
2025-05-01T10:29:38.430000,-0.007378
2025-05-01T10:29:38.440000,0.001851
2025-05-01T10:29:38.450000,0.029845
2025-05-01T10:29:38.460000,-0.004163
2025-05-01T10:29:38.470000,0.000658
2025-05-01T10:29:38.480000,-0.009005
2025-05-01T10:29:38.490000,-0.019794
2025-05-01T10:29:38.500000,0.002940
2025-05-01T10:29:38.510000,0.002851
2025-05-01T10:29:38.520000,-0.002860
2025-05-01T10:29:38.530000,0.007013
2025-05-01T10:29:38.540000,-0.007089
2025-05-01T10:29:38.550000,-0.009568
2025-05-01T10:29:38.560000,-0.006157
2025-05-01T10:29:38.570000,-0.004773
2025-05-01T10:29:38.580000,-0.008090
2025-05-01T10:29:38.590000,-0.023784
2025-05-01T10:29:38.600000,0.006016
2025-05-01T10:29:38.610000,-0.006744
2025-05-01T10:29:38.620000,-0.001013
2025-05-01T10:29:38.630000,0.024373
2025-05-01T10:29:38.640000,-0.002244
2025-05-01T10:29:38.650000,-0.017603
2025-05-01T10:29:38.660000,0.012908
2025-05-01T10:29:38.670000,0.004816
2025-05-01T10:29:38.680000,0.016929
2025-05-01T10:29:38.690000,0.001906
2025-05-01T10:29:38.700000,0.006327
2025-05-01T10:29:38.710000,-0.001495
2025-05-01T10:29:38.720000,-0.002372
2025-05-01T10:29:38.730000,-0.009041
2025-05-01T10:29:38.740000,-0.006605
2025-05-01T10:29:38.750000,-0.007132
2025-05-01T10:29:38.760000,-0.012695
2025-05-01T10:29:38.770000,0.012636
2025-05-01T10:29:38.780000,0.005232
2025-05-01T10:29:38.790000,0.008069
2025-05-01T10:29:38.800000,-0.002923
2025-05-01T10:29:38.810000,-0.015504
2025-05-01T10:29:38.820000,0.015661
2025-05-01T10:29:38.830000,-0.005516
2025-05-01T10:29:38.840000,-0.022421
2025-05-01T10:29:38.850000,-0.006536
2025-05-01T10:29:38.860000,0.007718
2025-05-01T10:29:38.870000,0.002464
2025-05-01T10:29:38.880000,-0.005627
2025-05-01T10:29:38.890000,-0.001821
2025-05-01T10:29:38.900000,0.009738
2025-05-01T10:29:38.910000,-0.006013
2025-05-01T10:29:38.920000,0.012618
2025-05-01T10:29:38.930000,0.024770
2025-05-01T10:29:38.940000,0.011954
2025-05-01T10:29:38.950000,0.006038
2025-05-01T10:29:38.960000,0.000921
2025-05-01T10:29:38.970000,0.012077
2025-05-01T10:29:38.980000,-0.001679
2025-05-01T10:29:38.990000,0.004099
2025-05-01T10:29:39,-0.011112
2025-05-01T10:29:39.010000,0.002595
2025-05-01T10:29:39.020000,0.010066
2025-05-01T10:29:39.030000,0.007588
2025-05-01T10:29:39.040000,0.004800
2025-05-01T10:29:39.050000,0.002947
2025-05-01T10:29:39.060000,0.007445
2025-05-01T10:29:39.070000,0.001629
2025-05-01T10:29:39.080000,-0.001344
2025-05-01T10:29:39.090000,0.006428
2025-05-01T10:29:39.100000,-0.005652
2025-05-01T10:29:39.110000,0.015216
2025-05-01T10:29:39.120000,0.006743
2025-05-01T10:29:39.130000,-0.008268
2025-05-01T10:29:39.140000,-0.015839
2025-05-01T10:29:39.150000,0.008938
2025-05-01T10:29:39.160000,0.001645
2025-05-01T10:29:39.170000,-0.003556
2025-05-01T10:29:39.180000,0.004635
2025-05-01T10:29:39.190000,-0.015190
2025-05-01T10:29:39.200000,0.011170
2025-05-01T10:29:39.210000,0.000876
2025-05-01T10:29:39.220000,-0.004745
2025-05-01T10:29:39.230000,0.002612
2025-05-01T10:29:39.240000,0.002322
2025-05-01T10:29:39.250000,-0.006247
2025-05-01T10:29:39.260000,-0.009757
2025-05-01T10:29:39.270000,0.013841
2025-05-01T10:29:39.280000,0.005538
2025-05-01T10:29:39.290000,0.002134
2025-05-01T10:29:39.300000,0.008547
2025-05-01T10:29:39.310000,0.007331
2025-05-01T10:29:39.320000,0.000494
2025-05-01T10:29:39.330000,-0.000752
2025-05-01T10:29:39.340000,-0.008929
2025-05-01T10:29:39.350000,-0.002967
2025-05-01T10:29:39.360000,-0.007075
2025-05-01T10:29:39.370000,0.003470
2025-05-01T10:29:39.380000,0.011908
2025-05-01T10:29:39.390000,-0.010079
2025-05-01T10:29:39.400000,0.009329
2025-05-01T10:29:39.410000,0.001522
2025-05-01T10:29:39.420000,-0.001162
2025-05-01T10:29:39.430000,0.001958
2025-05-01T10:29:39.440000,-0.003606
2025-05-01T10:29:39.450000,0.000742
2025-05-01T10:29:39.460000,0.019410
2025-05-01T10:29:39.470000,-0.008442
2025-05-01T10:29:39.480000,-0.000848
2025-05-01T10:29:39.490000,0.008480
2025-05-01T10:29:39.500000,-0.006827
2025-05-01T10:29:39.510000,0.021268
2025-05-01T10:29:39.520000,0.003326
2025-05-01T10:29:39.530000,-0.006366
2025-05-01T10:29:39.540000,0.003561
2025-05-01T10:29:39.550000,0.019069
2025-05-01T10:29:39.560000,-0.006346
2025-05-01T10:29:39.570000,0.011160
2025-05-01T10:29:39.580000,-0.004186
2025-05-01T10:29:39.590000,-0.001239
2025-05-01T10:29:39.600000,-0.005337
2025-05-01T10:29:39.610000,0.014146
2025-05-01T10:29:39.620000,-0.002965
2025-05-01T10:29:39.630000,-0.007424
2025-05-01T10:29:39.640000,0.018615
2025-05-01T10:29:39.650000,0.012060
2025-05-01T10:29:39.660000,0.001477
2025-05-01T10:29:39.670000,0.004603
2025-05-01T10:29:39.680000,-0.013613
2025-05-01T10:29:39.690000,0.004323
2025-05-01T10:29:39.700000,0.013633
2025-05-01T10:29:39.710000,-0.009522
2025-05-01T10:29:39.720000,0.011933
2025-05-01T10:29:39.730000,0.014364
2025-05-01T10:29:39.740000,-0.002440
2025-05-01T10:29:39.750000,-0.004147
2025-05-01T10:29:39.760000,0.006234
2025-05-01T10:29:39.770000,0.002589
2025-05-01T10:29:39.780000,-0.002583
2025-05-01T10:29:39.790000,0.009564
2025-05-01T10:29:39.800000,-0.012970
2025-05-01T10:29:39.810000,-0.025280
2025-05-01T10:29:39.820000,-0.001327
2025-05-01T10:29:39.830000,-0.002515
2025-05-01T10:29:39.840000,-0.000129
2025-05-01T10:29:39.850000,0.004248
2025-05-01T10:29:39.860000,-0.008673
2025-05-01T10:29:39.870000,-0.014177
2025-05-01T10:29:39.880000,-0.000743
2025-05-01T10:29:39.890000,0.011999
2025-05-01T10:29:39.900000,-0.015605
2025-05-01T10:29:39.910000,0.012098
2025-05-01T10:29:39.920000,0.006148
2025-05-01T10:29:39.930000,-0.013413
2025-05-01T10:29:39.940000,0.029051
2025-05-01T10:29:39.950000,0.024891
2025-05-01T10:29:39.960000,0.002492
2025-05-01T10:29:39.970000,-0.011623
2025-05-01T10:29:39.980000,-0.004529
2025-05-01T10:29:39.990000,-0.005136
2025-05-01T10:29:40,-0.011945
2025-05-01T10:29:40.010000,0.001984
2025-05-01T10:29:40.020000,-0.003163
2025-05-01T10:29:40.030000,-0.001266
2025-05-01T10:29:40.040000,-0.020719
2025-05-01T10:29:40.050000,0.001176
2025-05-01T10:29:40.060000,0.014904
2025-05-01T10:29:40.070000,-0.015269
2025-05-01T10:29:40.080000,-0.000634
2025-05-01T10:29:40.090000,0.003091
2025-05-01T10:29:40.100000,-0.000821
2025-05-01T10:29:40.110000,0.000578
2025-05-01T10:29:40.120000,0.002641
2025-05-01T10:29:40.130000,0.007127
2025-05-01T10:29:40.140000,-0.010359
2025-05-01T10:29:40.150000,-0.003287
2025-05-01T10:29:40.160000,0.012898
2025-05-01T10:29:40.170000,0.016689
2025-05-01T10:29:40.180000,-0.005115
2025-05-01T10:29:40.190000,0.001667
2025-05-01T10:29:40.200000,0.001644
2025-05-01T10:29:40.210000,0.007229
2025-05-01T10:29:40.220000,-0.006560
2025-05-01T10:29:40.230000,0.002474
2025-05-01T10:29:40.240000,0.026173
2025-05-01T10:29:40.250000,-0.017385
2025-05-01T10:29:40.260000,-0.000763
2025-05-01T10:29:40.270000,0.016754
2025-05-01T10:29:40.280000,0.003842
2025-05-01T10:29:40.290000,0.001193
2025-05-01T10:29:40.300000,-0.000585
2025-05-01T10:29:40.310000,0.024980
2025-05-01T10:29:40.320000,-0.014028
2025-05-01T10:29:40.330000,0.017146
2025-05-01T10:29:40.340000,0.001960
2025-05-01T10:29:40.350000,0.004102
2025-05-01T10:29:40.360000,0.007059
2025-05-01T10:29:40.370000,-0.004229
2025-05-01T10:29:40.380000,-0.012183
2025-05-01T10:29:40.390000,0.004556
2025-05-01T10:29:40.400000,-0.006931
2025-05-01T10:29:40.410000,0.003331
2025-05-01T10:29:40.420000,-0.006173
2025-05-01T10:29:40.430000,-0.002444
2025-05-01T10:29:40.440000,-0.008671
2025-05-01T10:29:40.450000,-0.001552
2025-05-01T10:29:40.460000,0.008118
2025-05-01T10:29:40.470000,-0.005493
2025-05-01T10:29:40.480000,0.007589
2025-05-01T10:29:40.490000,-0.006633
2025-05-01T10:29:40.500000,0.006740
2025-05-01T10:29:40.510000,-0.007556
2025-05-01T10:29:40.520000,0.017216
2025-05-01T10:29:40.530000,0.002341
2025-05-01T10:29:40.540000,0.005283
2025-05-01T10:29:40.550000,-0.011914
2025-05-01T10:29:40.560000,-0.004210
2025-05-01T10:29:40.570000,0.001110
2025-05-01T10:29:40.580000,0.013377
2025-05-01T10:29:40.590000,0.007234
2025-05-01T10:29:40.600000,-0.002679
2025-05-01T10:29:40.610000,-0.000023
2025-05-01T10:29:40.620000,-0.011679
2025-05-01T10:29:40.630000,-0.001843
2025-05-01T10:29:40.640000,0.001509
2025-05-01T10:29:40.650000,0.012512
2025-05-01T10:29:40.660000,0.001708
2025-05-01T10:29:40.670000,0.021597
2025-05-01T10:29:40.680000,0.013474
2025-05-01T10:29:40.690000,0.001347
2025-05-01T10:29:40.700000,0.009494
2025-05-01T10:29:40.710000,-0.006338
2025-05-01T10:29:40.720000,-0.003569
2025-05-01T10:29:40.730000,-0.013282
2025-05-01T10:29:40.740000,0.002045
2025-05-01T10:29:40.750000,0.004414
2025-05-01T10:29:40.760000,0.011175
2025-05-01T10:29:40.770000,0.002016
2025-05-01T10:29:40.780000,-0.003032
2025-05-01T10:29:40.790000,0.004961
2025-05-01T10:29:40.800000,-0.009189
2025-05-01T10:29:40.810000,0.000129
2025-05-01T10:29:40.820000,0.008524
2025-05-01T10:29:40.830000,-0.001046
2025-05-01T10:29:40.840000,-0.000525
2025-05-01T10:29:40.850000,0.006939
2025-05-01T10:29:40.860000,0.016270
2025-05-01T10:29:40.870000,0.007161
2025-05-01T10:29:40.880000,-0.007438
2025-05-01T10:29:40.890000,-0.000093
2025-05-01T10:29:40.900000,0.017915
2025-05-01T10:29:40.910000,0.005317
2025-05-01T10:29:40.920000,0.000351
2025-05-01T10:29:40.930000,-0.013351
2025-05-01T10:29:40.940000,-0.005087
2025-05-01T10:29:40.950000,0.009604
2025-05-01T10:29:40.960000,-0.003280
2025-05-01T10:29:40.970000,-0.011760
2025-05-01T10:29:40.980000,-0.004907
2025-05-01T10:29:40.990000,0.015026
2025-05-01T10:29:41,0.002486
2025-05-01T10:29:41.010000,-0.015243
2025-05-01T10:29:41.020000,0.020174
2025-05-01T10:29:41.030000,0.004445
2025-05-01T10:29:41.040000,0.005230
2025-05-01T10:29:41.050000,0.009336
2025-05-01T10:29:41.060000,-0.008007
2025-05-01T10:29:41.070000,-0.001401
2025-05-01T10:29:41.080000,-0.005594
2025-05-01T10:29:41.090000,0.003641
2025-05-01T10:29:41.100000,0.006020
2025-05-01T10:29:41.110000,-0.022241
2025-05-01T10:29:41.120000,-0.000784
2025-05-01T10:29:41.130000,0.004393
2025-05-01T10:29:41.140000,0.002579
2025-05-01T10:29:41.150000,-0.007154
2025-05-01T10:29:41.160000,0.003304
2025-05-01T10:29:41.170000,-0.022648
2025-05-01T10:29:41.180000,-0.008554
2025-05-01T10:29:41.190000,0.009545
2025-05-01T10:29:41.200000,0.006776
2025-05-01T10:29:41.210000,-0.001869
2025-05-01T10:29:41.220000,0.007291
2025-05-01T10:29:41.230000,0.004874
2025-05-01T10:29:41.240000,0.000375
2025-05-01T10:29:41.250000,0.004198
2025-05-01T10:29:41.260000,0.002641
2025-05-01T10:29:41.270000,0.010531
2025-05-01T10:29:41.280000,-0.001863
2025-05-01T10:29:41.290000,-0.000852
2025-05-01T10:29:41.300000,0.010836
2025-05-01T10:29:41.310000,-0.007646
2025-05-01T10:29:41.320000,-0.009997
2025-05-01T10:29:41.330000,0.002908
2025-05-01T10:29:41.340000,0.005610
2025-05-01T10:29:41.350000,-0.003150
2025-05-01T10:29:41.360000,0.003012
2025-05-01T10:29:41.370000,0.007158
2025-05-01T10:29:41.380000,-0.018814
2025-05-01T10:29:41.390000,0.001855
2025-05-01T10:29:41.400000,0.005040
2025-05-01T10:29:41.410000,0.010262
2025-05-01T10:29:41.420000,0.001903
2025-05-01T10:29:41.430000,0.023109
2025-05-01T10:29:41.440000,0.020289
2025-05-01T10:29:41.450000,-0.010460
2025-05-01T10:29:41.460000,-0.036279
2025-05-01T10:29:41.470000,-0.000055
2025-05-01T10:29:41.480000,-0.003313
2025-05-01T10:29:41.490000,-0.003959
2025-05-01T10:29:41.500000,0.010275
2025-05-01T10:29:41.510000,0.003106
2025-05-01T10:29:41.520000,-0.014396
2025-05-01T10:29:41.530000,0.004371
2025-05-01T10:29:41.540000,-0.013628
2025-05-01T10:29:41.550000,0.005395
2025-05-01T10:29:41.560000,0.010974
2025-05-01T10:29:41.570000,-0.005545
2025-05-01T10:29:41.580000,-0.016565
2025-05-01T10:29:41.590000,-0.002906
2025-05-01T10:29:41.600000,0.013505
2025-05-01T10:29:41.610000,-0.013402
2025-05-01T10:29:41.620000,0.008845
2025-05-01T10:29:41.630000,-0.003714
2025-05-01T10:29:41.640000,-0.003641
2025-05-01T10:29:41.650000,0.012495
2025-05-01T10:29:41.660000,0.015643
2025-05-01T10:29:41.670000,-0.012786
2025-05-01T10:29:41.680000,0.003776
2025-05-01T10:29:41.690000,0.005577
2025-05-01T10:29:41.700000,0.006566
2025-05-01T10:29:41.710000,0.007740
2025-05-01T10:29:41.720000,0.008481
2025-05-01T10:29:41.730000,0.000857
2025-05-01T10:29:41.740000,-0.008635
2025-05-01T10:29:41.750000,0.015683
2025-05-01T10:29:41.760000,-0.005094
2025-05-01T10:29:41.770000,0.004046
2025-05-01T10:29:41.780000,0.014375
2025-05-01T10:29:41.790000,0.019821
2025-05-01T10:29:41.800000,-0.003726
2025-05-01T10:29:41.810000,0.007104
2025-05-01T10:29:41.820000,-0.011503
2025-05-01T10:29:41.830000,0.015766
2025-05-01T10:29:41.840000,0.008429
2025-05-01T10:29:41.850000,-0.000822
2025-05-01T10:29:41.860000,-0.003047
2025-05-01T10:29:41.870000,-0.004976
2025-05-01T10:29:41.880000,0.011994
2025-05-01T10:29:41.890000,0.008818
2025-05-01T10:29:41.900000,-0.002846
2025-05-01T10:29:41.910000,0.004453
2025-05-01T10:29:41.920000,-0.020313
2025-05-01T10:29:41.930000,-0.014569
2025-05-01T10:29:41.940000,-0.019470
2025-05-01T10:29:41.950000,-0.015904
2025-05-01T10:29:41.960000,-0.013518
2025-05-01T10:29:41.970000,0.009112
2025-05-01T10:29:41.980000,-0.009453
2025-05-01T10:29:41.990000,0.007530
2025-05-01T10:29:42,-0.000180
2025-05-01T10:29:42.010000,-0.008725
2025-05-01T10:29:42.020000,-0.001753
2025-05-01T10:29:42.030000,0.011005
2025-05-01T10:29:42.040000,-0.029367
2025-05-01T10:29:42.050000,0.018923
2025-05-01T10:29:42.060000,-0.007855
2025-05-01T10:29:42.070000,0.001756
2025-05-01T10:29:42.080000,-0.004058
2025-05-01T10:29:42.090000,-0.005625
2025-05-01T10:29:42.100000,0.009246
2025-05-01T10:29:42.110000,-0.000292
2025-05-01T10:29:42.120000,-0.014221
2025-05-01T10:29:42.130000,-0.006597
2025-05-01T10:29:42.140000,-0.000047
2025-05-01T10:29:42.150000,0.004698
2025-05-01T10:29:42.160000,-0.004350
2025-05-01T10:29:42.170000,0.005986
2025-05-01T10:29:42.180000,0.003407
2025-05-01T10:29:42.190000,-0.000809
2025-05-01T10:29:42.200000,-0.007900
2025-05-01T10:29:42.210000,0.003674
2025-05-01T10:29:42.220000,-0.007769
2025-05-01T10:29:42.230000,0.017789
2025-05-01T10:29:42.240000,0.006684
2025-05-01T10:29:42.250000,-0.009991
2025-05-01T10:29:42.260000,0.000943
2025-05-01T10:29:42.270000,0.025336
2025-05-01T10:29:42.280000,0.004124
2025-05-01T10:29:42.290000,0.006783
2025-05-01T10:29:42.300000,-0.012202
2025-05-01T10:29:42.310000,0.009140
2025-05-01T10:29:42.320000,-0.013225
2025-05-01T10:29:42.330000,-0.000648
2025-05-01T10:29:42.340000,-0.009970
2025-05-01T10:29:42.350000,-0.001638
2025-05-01T10:29:42.360000,-0.008109
2025-05-01T10:29:42.370000,-0.001977
2025-05-01T10:29:42.380000,0.004072
2025-05-01T10:29:42.390000,-0.012453
2025-05-01T10:29:42.400000,0.000595
2025-05-01T10:29:42.410000,0.014798
2025-05-01T10:29:42.420000,-0.020866
2025-05-01T10:29:42.430000,0.000680
2025-05-01T10:29:42.440000,0.012095
2025-05-01T10:29:42.450000,0.000422
2025-05-01T10:29:42.460000,0.001608
2025-05-01T10:29:42.470000,0.014954
2025-05-01T10:29:42.480000,-0.007405
2025-05-01T10:29:42.490000,0.007288
2025-05-01T10:29:42.500000,0.006561
2025-05-01T10:29:42.510000,0.003615
2025-05-01T10:29:42.520000,0.003336
2025-05-01T10:29:42.530000,-0.010344
2025-05-01T10:29:42.540000,0.004146
2025-05-01T10:29:42.550000,-0.006121
2025-05-01T10:29:42.560000,0.004981
2025-05-01T10:29:42.570000,-0.006441
2025-05-01T10:29:42.580000,0.012033
2025-05-01T10:29:42.590000,-0.007199
2025-05-01T10:29:42.600000,-0.006205
2025-05-01T10:29:42.610000,0.006786
2025-05-01T10:29:42.620000,0.002123
2025-05-01T10:29:42.630000,-0.005161
2025-05-01T10:29:42.640000,0.016819
2025-05-01T10:29:42.650000,-0.019923
2025-05-01T10:29:42.660000,-0.006702
2025-05-01T10:29:42.670000,0.006223
2025-05-01T10:29:42.680000,-0.005619
2025-05-01T10:29:42.690000,-0.010202
2025-05-01T10:29:42.700000,0.006494
2025-05-01T10:29:42.710000,-0.005576
2025-05-01T10:29:42.720000,-0.009673
2025-05-01T10:29:42.730000,0.003753
2025-05-01T10:29:42.740000,0.009086
2025-05-01T10:29:42.750000,-0.013899
2025-05-01T10:29:42.760000,-0.004487
2025-05-01T10:29:42.770000,0.013217
2025-05-01T10:29:42.780000,-0.013775
2025-05-01T10:29:42.790000,0.000868
2025-05-01T10:29:42.800000,0.005611
2025-05-01T10:29:42.810000,0.005427
2025-05-01T10:29:42.820000,0.000051
2025-05-01T10:29:42.830000,-0.002531
2025-05-01T10:29:42.840000,-0.002234
2025-05-01T10:29:42.850000,-0.007725
2025-05-01T10:29:42.860000,0.002683
2025-05-01T10:29:42.870000,0.000861
2025-05-01T10:29:42.880000,-0.001874
2025-05-01T10:29:42.890000,-0.014791
2025-05-01T10:29:42.900000,-0.003401
2025-05-01T10:29:42.910000,0.012087
2025-05-01T10:29:42.920000,-0.000736
2025-05-01T10:29:42.930000,-0.014034
2025-05-01T10:29:42.940000,0.002258
2025-05-01T10:29:42.950000,-0.003136
2025-05-01T10:29:42.960000,0.000809
2025-05-01T10:29:42.970000,-0.005979
2025-05-01T10:29:42.980000,0.005891
2025-05-01T10:29:42.990000,0.015294
2025-05-01T10:29:43,0.009139
2025-05-01T10:29:43.010000,-0.004860
2025-05-01T10:29:43.020000,0.003694
2025-05-01T10:29:43.030000,0.013579
2025-05-01T10:29:43.040000,0.010544
2025-05-01T10:29:43.050000,0.010457
2025-05-01T10:29:43.060000,-0.016378
2025-05-01T10:29:43.070000,0.000908
2025-05-01T10:29:43.080000,-0.002013
2025-05-01T10:29:43.090000,0.010226
2025-05-01T10:29:43.100000,-0.007381
2025-05-01T10:29:43.110000,0.004616
2025-05-01T10:29:43.120000,0.004758
2025-05-01T10:29:43.130000,-0.006723
2025-05-01T10:29:43.140000,-0.003511
2025-05-01T10:29:43.150000,0.007020
2025-05-01T10:29:43.160000,-0.004670
2025-05-01T10:29:43.170000,0.000617
2025-05-01T10:29:43.180000,0.008268
2025-05-01T10:29:43.190000,0.004840
2025-05-01T10:29:43.200000,-0.003030
2025-05-01T10:29:43.210000,-0.000345
2025-05-01T10:29:43.220000,-0.005588
2025-05-01T10:29:43.230000,-0.003859
2025-05-01T10:29:43.240000,-0.007291
2025-05-01T10:29:43.250000,0.001091
2025-05-01T10:29:43.260000,0.001781
2025-05-01T10:29:43.270000,-0.008777
2025-05-01T10:29:43.280000,0.018855
2025-05-01T10:29:43.290000,0.012742
2025-05-01T10:29:43.300000,0.013518
2025-05-01T10:29:43.310000,-0.001430
2025-05-01T10:29:43.320000,-0.003044
2025-05-01T10:29:43.330000,-0.008885
2025-05-01T10:29:43.340000,0.009991
2025-05-01T10:29:43.350000,0.013617
2025-05-01T10:29:43.360000,0.002777
2025-05-01T10:29:43.370000,-0.017277
2025-05-01T10:29:43.380000,-0.010119
2025-05-01T10:29:43.390000,-0.001605
2025-05-01T10:29:43.400000,0.003841
2025-05-01T10:29:43.410000,0.001965
2025-05-01T10:29:43.420000,-0.012766
2025-05-01T10:29:43.430000,-0.004524
2025-05-01T10:29:43.440000,0.002547
2025-05-01T10:29:43.450000,-0.004804
2025-05-01T10:29:43.460000,0.004609
2025-05-01T10:29:43.470000,0.011382
2025-05-01T10:29:43.480000,-0.003661
2025-05-01T10:29:43.490000,-0.010124
2025-05-01T10:29:43.500000,-0.009541
2025-05-01T10:29:43.510000,0.000307
2025-05-01T10:29:43.520000,0.001347
2025-05-01T10:29:43.530000,0.001118
2025-05-01T10:29:43.540000,0.007019
2025-05-01T10:29:43.550000,0.005620
2025-05-01T10:29:43.560000,0.005706
2025-05-01T10:29:43.570000,-0.003295
2025-05-01T10:29:43.580000,0.004753
2025-05-01T10:29:43.590000,0.005518
2025-05-01T10:29:43.600000,0.004702
2025-05-01T10:29:43.610000,-0.005473
2025-05-01T10:29:43.620000,0.000571
2025-05-01T10:29:43.630000,0.009198
2025-05-01T10:29:43.640000,0.010255
2025-05-01T10:29:43.650000,0.009825
2025-05-01T10:29:43.660000,-0.013886
2025-05-01T10:29:43.670000,-0.001759
2025-05-01T10:29:43.680000,-0.012747
2025-05-01T10:29:43.690000,0.005113
2025-05-01T10:29:43.700000,-0.006624
2025-05-01T10:29:43.710000,-0.004269
2025-05-01T10:29:43.720000,-0.000623
2025-05-01T10:29:43.730000,-0.026302
2025-05-01T10:29:43.740000,0.001600
2025-05-01T10:29:43.750000,-0.013872
2025-05-01T10:29:43.760000,-0.000781
2025-05-01T10:29:43.770000,0.001963
2025-05-01T10:29:43.780000,0.008019
2025-05-01T10:29:43.790000,0.001699
2025-05-01T10:29:43.800000,0.003669
2025-05-01T10:29:43.810000,-0.009606
2025-05-01T10:29:43.820000,-0.005142
2025-05-01T10:29:43.830000,-0.010036
2025-05-01T10:29:43.840000,-0.000733
2025-05-01T10:29:43.850000,0.001796
2025-05-01T10:29:43.860000,0.003257
2025-05-01T10:29:43.870000,0.001206
2025-05-01T10:29:43.880000,-0.002677
2025-05-01T10:29:43.890000,-0.016178
2025-05-01T10:29:43.900000,-0.003446
2025-05-01T10:29:43.910000,0.001776
2025-05-01T10:29:43.920000,0.001448
2025-05-01T10:29:43.930000,0.002325
2025-05-01T10:29:43.940000,0.014448
2025-05-01T10:29:43.950000,-0.012443
2025-05-01T10:29:43.960000,0.013059
2025-05-01T10:29:43.970000,-0.001915
2025-05-01T10:29:43.980000,0.006411
2025-05-01T10:29:43.990000,0.028908
2025-05-01T10:29:44,-0.003566
2025-05-01T10:29:44.010000,-0.012988
2025-05-01T10:29:44.020000,0.001727
2025-05-01T10:29:44.030000,0.002208
2025-05-01T10:29:44.040000,-0.019283
2025-05-01T10:29:44.050000,-0.001760
2025-05-01T10:29:44.060000,-0.003511
2025-05-01T10:29:44.070000,0.002373
2025-05-01T10:29:44.080000,0.009335
2025-05-01T10:29:44.090000,-0.006215
2025-05-01T10:29:44.100000,-0.011602
2025-05-01T10:29:44.110000,0.000245
2025-05-01T10:29:44.120000,0.021169
2025-05-01T10:29:44.130000,-0.001377
2025-05-01T10:29:44.140000,0.007002
2025-05-01T10:29:44.150000,-0.010995
2025-05-01T10:29:44.160000,0.004638
2025-05-01T10:29:44.170000,-0.018845
2025-05-01T10:29:44.180000,0.028488
2025-05-01T10:29:44.190000,-0.015197
2025-05-01T10:29:44.200000,-0.003514
2025-05-01T10:29:44.210000,-0.002454
2025-05-01T10:29:44.220000,0.020334
2025-05-01T10:29:44.230000,-0.005449
2025-05-01T10:29:44.240000,0.009630
2025-05-01T10:29:44.250000,-0.005201
2025-05-01T10:29:44.260000,-0.009989
2025-05-01T10:29:44.270000,0.022763
2025-05-01T10:29:44.280000,-0.003944
2025-05-01T10:29:44.290000,0.003851
2025-05-01T10:29:44.300000,-0.013924
2025-05-01T10:29:44.310000,-0.010944
2025-05-01T10:29:44.320000,0.010855
2025-05-01T10:29:44.330000,-0.006233
2025-05-01T10:29:44.340000,-0.001576
2025-05-01T10:29:44.350000,-0.004772
2025-05-01T10:29:44.360000,0.000448
2025-05-01T10:29:44.370000,-0.022207
2025-05-01T10:29:44.380000,-0.013258
2025-05-01T10:29:44.390000,0.006875
2025-05-01T10:29:44.400000,0.014134
2025-05-01T10:29:44.410000,0.000498
2025-05-01T10:29:44.420000,0.008834
2025-05-01T10:29:44.430000,0.002243
2025-05-01T10:29:44.440000,-0.005066
2025-05-01T10:29:44.450000,0.001160
2025-05-01T10:29:44.460000,-0.018347
2025-05-01T10:29:44.470000,-0.012892
2025-05-01T10:29:44.480000,-0.003541
2025-05-01T10:29:44.490000,0.032381
2025-05-01T10:29:44.500000,-0.013344
2025-05-01T10:29:44.510000,0.001021
2025-05-01T10:29:44.520000,0.006210
2025-05-01T10:29:44.530000,-0.014152
2025-05-01T10:29:44.540000,-0.010002
2025-05-01T10:29:44.550000,-0.007567
2025-05-01T10:29:44.560000,-0.015387
2025-05-01T10:29:44.570000,-0.012524
2025-05-01T10:29:44.580000,-0.002505
2025-05-01T10:29:44.590000,-0.005493
2025-05-01T10:29:44.600000,0.000234
2025-05-01T10:29:44.610000,0.009103
2025-05-01T10:29:44.620000,-0.007123
2025-05-01T10:29:44.630000,-0.015781
2025-05-01T10:29:44.640000,-0.011422
2025-05-01T10:29:44.650000,0.001071
2025-05-01T10:29:44.660000,0.001329
2025-05-01T10:29:44.670000,-0.004075
2025-05-01T10:29:44.680000,-0.001338
2025-05-01T10:29:44.690000,-0.002242
2025-05-01T10:29:44.700000,0.003172
2025-05-01T10:29:44.710000,0.003224
2025-05-01T10:29:44.720000,0.007978
2025-05-01T10:29:44.730000,-0.004094
2025-05-01T10:29:44.740000,0.009252
2025-05-01T10:29:44.750000,0.005689
2025-05-01T10:29:44.760000,0.009409
2025-05-01T10:29:44.770000,0.014881
2025-05-01T10:29:44.780000,-0.006660
2025-05-01T10:29:44.790000,-0.005209
2025-05-01T10:29:44.800000,-0.002392
2025-05-01T10:29:44.810000,0.021823
2025-05-01T10:29:44.820000,0.006960
2025-05-01T10:29:44.830000,0.005561
2025-05-01T10:29:44.840000,-0.000177
2025-05-01T10:29:44.850000,0.014924
2025-05-01T10:29:44.860000,-0.008140
2025-05-01T10:29:44.870000,0.003160
2025-05-01T10:29:44.880000,-0.000740
2025-05-01T10:29:44.890000,0.009680
2025-05-01T10:29:44.900000,0.018696
2025-05-01T10:29:44.910000,0.005184
2025-05-01T10:29:44.920000,-0.012821
2025-05-01T10:29:44.930000,-0.002691
2025-05-01T10:29:44.940000,-0.008340
2025-05-01T10:29:44.950000,0.016681
2025-05-01T10:29:44.960000,0.004144
2025-05-01T10:29:44.970000,-0.002327
2025-05-01T10:29:44.980000,-0.008885
2025-05-01T10:29:44.990000,-0.008352
2025-05-01T10:29:45,0.000962
2025-05-01T10:29:45.010000,-0.005603
2025-05-01T10:29:45.020000,-0.024246
2025-05-01T10:29:45.030000,-0.011490
2025-05-01T10:29:45.040000,-0.024019
2025-05-01T10:29:45.050000,0.009081
2025-05-01T10:29:45.060000,-0.010465
2025-05-01T10:29:45.070000,0.010921
2025-05-01T10:29:45.080000,0.010759
2025-05-01T10:29:45.090000,0.017860
2025-05-01T10:29:45.100000,0.000355
2025-05-01T10:29:45.110000,0.002808
2025-05-01T10:29:45.120000,0.011238
2025-05-01T10:29:45.130000,0.005617
2025-05-01T10:29:45.140000,0.001206
2025-05-01T10:29:45.150000,0.012446
2025-05-01T10:29:45.160000,0.004877
2025-05-01T10:29:45.170000,0.021632
2025-05-01T10:29:45.180000,0.016456
2025-05-01T10:29:45.190000,0.003030
2025-05-01T10:29:45.200000,0.003231
2025-05-01T10:29:45.210000,-0.005685
2025-05-01T10:29:45.220000,-0.028856
2025-05-01T10:29:45.230000,-0.020569
2025-05-01T10:29:45.240000,-0.026622
2025-05-01T10:29:45.250000,-0.046285
2025-05-01T10:29:45.260000,-0.054445
2025-05-01T10:29:45.270000,-0.047998
2025-05-01T10:29:45.280000,-0.018828
2025-05-01T10:29:45.290000,-0.009587
2025-05-01T10:29:45.300000,0.005042
2025-05-01T10:29:45.310000,0.025821
2025-05-01T10:29:45.320000,0.046538
2025-05-01T10:29:45.330000,0.079704
2025-05-01T10:29:45.340000,0.096573
2025-05-01T10:29:45.350000,0.118317
2025-05-01T10:29:45.360000,0.112044
2025-05-01T10:29:45.370000,0.094093
2025-05-01T10:29:45.380000,0.078210
2025-05-01T10:29:45.390000,0.053683
2025-05-01T10:29:45.400000,0.010985
2025-05-01T10:29:45.410000,-0.076513
2025-05-01T10:29:45.420000,-0.133362
2025-05-01T10:29:45.430000,-0.211343
2025-05-01T10:29:45.440000,-0.261501
2025-05-01T10:29:45.450000,-0.309523
2025-05-01T10:29:45.460000,-0.320429
2025-05-01T10:29:45.470000,-0.300238
2025-05-01T10:29:45.480000,-0.257550
2025-05-01T10:29:45.490000,-0.126264
2025-05-01T10:29:45.500000,-0.012686
2025-05-01T10:29:45.510000,0.153684
2025-05-01T10:29:45.520000,0.238252
2025-05-01T10:29:45.530000,0.305589
2025-05-01T10:29:45.540000,0.312020
2025-05-01T10:29:45.550000,0.303612
2025-05-01T10:29:45.560000,0.266889
2025-05-01T10:29:45.570000,0.201340
2025-05-01T10:29:45.580000,0.141880
2025-05-01T10:29:45.590000,0.059172
2025-05-01T10:29:45.600000,0.015157
2025-05-01T10:29:45.610000,-0.052483
2025-05-01T10:29:45.620000,-0.072984
2025-05-01T10:29:45.630000,-0.119664
2025-05-01T10:29:45.640000,-0.115886
2025-05-01T10:29:45.650000,-0.104955
2025-05-01T10:29:45.660000,-0.095831
2025-05-01T10:29:45.670000,-0.088759
2025-05-01T10:29:45.680000,-0.054053
2025-05-01T10:29:45.690000,-0.030295
2025-05-01T10:29:45.700000,0.004523
2025-05-01T10:29:45.710000,0.019458
2025-05-01T10:29:45.720000,0.026020
2025-05-01T10:29:45.730000,0.045764
2025-05-01T10:29:45.740000,0.031469
2025-05-01T10:29:45.750000,0.022699
2025-05-01T10:29:45.760000,0.038719
2025-05-01T10:29:45.770000,0.024918
2025-05-01T10:29:45.780000,0.006019
2025-05-01T10:29:45.790000,0.010150
2025-05-01T10:29:45.800000,-0.022476
2025-05-01T10:29:45.810000,-0.008851
2025-05-01T10:29:45.820000,-0.024611
2025-05-01T10:29:45.830000,-0.032801
2025-05-01T10:29:45.840000,-0.010958
2025-05-01T10:29:45.850000,-0.011028
2025-05-01T10:29:45.860000,-0.001281
2025-05-01T10:29:45.870000,-0.006910
2025-05-01T10:29:45.880000,-0.007684
2025-05-01T10:29:45.890000,0.004531
2025-05-01T10:29:45.900000,-0.002422
2025-05-01T10:29:45.910000,-0.004213
2025-05-01T10:29:45.920000,0.009925
2025-05-01T10:29:45.930000,0.009970
2025-05-01T10:29:45.940000,0.003859
2025-05-01T10:29:45.950000,0.009813
2025-05-01T10:29:45.960000,-0.012248
2025-05-01T10:29:45.970000,0.008526
2025-05-01T10:29:45.980000,0.003152
2025-05-01T10:29:45.990000,-0.000160
2025-05-01T10:29:46,-0.003652
2025-05-01T10:29:46.010000,-0.010948
2025-05-01T10:29:46.020000,0.011474
2025-05-01T10:29:46.030000,-0.007801
2025-05-01T10:29:46.040000,0.017710
2025-05-01T10:29:46.050000,0.002068
2025-05-01T10:29:46.060000,0.004996
2025-05-01T10:29:46.070000,0.005777
2025-05-01T10:29:46.080000,0.002393
2025-05-01T10:29:46.090000,-0.009107
2025-05-01T10:29:46.100000,0.008403
2025-05-01T10:29:46.110000,0.013016
2025-05-01T10:29:46.120000,-0.000298
2025-05-01T10:29:46.130000,0.012142
2025-05-01T10:29:46.140000,0.003761
2025-05-01T10:29:46.150000,0.000195
2025-05-01T10:29:46.160000,0.020031
2025-05-01T10:29:46.170000,0.000385
2025-05-01T10:29:46.180000,0.014893
2025-05-01T10:29:46.190000,-0.009931
2025-05-01T10:29:46.200000,0.003331
2025-05-01T10:29:46.210000,-0.005043
2025-05-01T10:29:46.220000,-0.006605
2025-05-01T10:29:46.230000,0.004739
2025-05-01T10:29:46.240000,0.005116
2025-05-01T10:29:46.250000,-0.002117
2025-05-01T10:29:46.260000,0.009488
2025-05-01T10:29:46.270000,0.001598
2025-05-01T10:29:46.280000,-0.009342
2025-05-01T10:29:46.290000,0.004606
2025-05-01T10:29:46.300000,-0.004473
2025-05-01T10:29:46.310000,0.004382
2025-05-01T10:29:46.320000,-0.000306
2025-05-01T10:29:46.330000,0.000790
2025-05-01T10:29:46.340000,0.001988
2025-05-01T10:29:46.350000,-0.016629
2025-05-01T10:29:46.360000,0.008700
2025-05-01T10:29:46.370000,-0.004043
2025-05-01T10:29:46.380000,-0.000880
2025-05-01T10:29:46.390000,-0.010857
2025-05-01T10:29:46.400000,0.004721
2025-05-01T10:29:46.410000,0.003614
2025-05-01T10:29:46.420000,-0.004778
2025-05-01T10:29:46.430000,0.006653
2025-05-01T10:29:46.440000,-0.000135
2025-05-01T10:29:46.450000,-0.008266
2025-05-01T10:29:46.460000,0.013135
2025-05-01T10:29:46.470000,-0.001925
2025-05-01T10:29:46.480000,-0.021199
2025-05-01T10:29:46.490000,0.006879
2025-05-01T10:29:46.500000,0.022726
2025-05-01T10:29:46.510000,-0.010684
2025-05-01T10:29:46.520000,0.000220
2025-05-01T10:29:46.530000,0.006103
2025-05-01T10:29:46.540000,0.010061
2025-05-01T10:29:46.550000,-0.009727
2025-05-01T10:29:46.560000,-0.013947
2025-05-01T10:29:46.570000,0.005026
2025-05-01T10:29:46.580000,0.001313
2025-05-01T10:29:46.590000,-0.005518
2025-05-01T10:29:46.600000,0.005517
2025-05-01T10:29:46.610000,0.001072
2025-05-01T10:29:46.620000,0.014798
2025-05-01T10:29:46.630000,0.017961
2025-05-01T10:29:46.640000,0.001771
2025-05-01T10:29:46.650000,-0.001141
2025-05-01T10:29:46.660000,0.023334
2025-05-01T10:29:46.670000,0.003205
2025-05-01T10:29:46.680000,0.017558
2025-05-01T10:29:46.690000,0.001559
2025-05-01T10:29:46.700000,-0.011949
2025-05-01T10:29:46.710000,-0.006061
2025-05-01T10:29:46.720000,-0.002723
2025-05-01T10:29:46.730000,-0.002416
2025-05-01T10:29:46.740000,-0.002067
2025-05-01T10:29:46.750000,0.022293
2025-05-01T10:29:46.760000,-0.004858
2025-05-01T10:29:46.770000,0.004322
2025-05-01T10:29:46.780000,-0.000607
2025-05-01T10:29:46.790000,-0.008359
2025-05-01T10:29:46.800000,-0.007689
2025-05-01T10:29:46.810000,-0.007170
2025-05-01T10:29:46.820000,0.017143
2025-05-01T10:29:46.830000,0.005824
2025-05-01T10:29:46.840000,0.000621
2025-05-01T10:29:46.850000,0.015980
2025-05-01T10:29:46.860000,-0.006293
2025-05-01T10:29:46.870000,0.007333
2025-05-01T10:29:46.880000,-0.007966
2025-05-01T10:29:46.890000,0.017508
2025-05-01T10:29:46.900000,-0.003406
2025-05-01T10:29:46.910000,-0.002968
2025-05-01T10:29:46.920000,0.000583
2025-05-01T10:29:46.930000,0.006889
2025-05-01T10:29:46.940000,-0.004095
2025-05-01T10:29:46.950000,0.008398
2025-05-01T10:29:46.960000,0.007233
2025-05-01T10:29:46.970000,0.007442
2025-05-01T10:29:46.980000,-0.028227
2025-05-01T10:29:46.990000,0.000640
2025-05-01T10:29:47,-0.006315
2025-05-01T10:29:47.010000,0.003705
2025-05-01T10:29:47.020000,-0.005371
2025-05-01T10:29:47.030000,0.001421
2025-05-01T10:29:47.040000,0.010992
2025-05-01T10:29:47.050000,-0.018329
2025-05-01T10:29:47.060000,-0.000871
2025-05-01T10:29:47.070000,-0.015549
2025-05-01T10:29:47.080000,0.001782
2025-05-01T10:29:47.090000,-0.005462
2025-05-01T10:29:47.100000,0.002571
2025-05-01T10:29:47.110000,-0.003496
2025-05-01T10:29:47.120000,0.009543
2025-05-01T10:29:47.130000,-0.013362
2025-05-01T10:29:47.140000,0.007877
2025-05-01T10:29:47.150000,0.010078
2025-05-01T10:29:47.160000,-0.011780
2025-05-01T10:29:47.170000,-0.016569
2025-05-01T10:29:47.180000,0.014843
2025-05-01T10:29:47.190000,0.004824
2025-05-01T10:29:47.200000,0.009696
2025-05-01T10:29:47.210000,-0.009198
2025-05-01T10:29:47.220000,0.007996
2025-05-01T10:29:47.230000,0.003366
2025-05-01T10:29:47.240000,-0.007660
2025-05-01T10:29:47.250000,-0.018820
2025-05-01T10:29:47.260000,-0.003738
2025-05-01T10:29:47.270000,0.002973
2025-05-01T10:29:47.280000,0.014618
2025-05-01T10:29:47.290000,0.008008
2025-05-01T10:29:47.300000,0.007815
2025-05-01T10:29:47.310000,0.009014
2025-05-01T10:29:47.320000,-0.019189
2025-05-01T10:29:47.330000,-0.010792
2025-05-01T10:29:47.340000,0.012992
2025-05-01T10:29:47.350000,0.005750
2025-05-01T10:29:47.360000,0.001419
2025-05-01T10:29:47.370000,0.001512
2025-05-01T10:29:47.380000,0.017609
2025-05-01T10:29:47.390000,0.011849
2025-05-01T10:29:47.400000,0.001313
2025-05-01T10:29:47.410000,-0.009533
2025-05-01T10:29:47.420000,-0.009005
2025-05-01T10:29:47.430000,-0.013091
2025-05-01T10:29:47.440000,0.006149
2025-05-01T10:29:47.450000,-0.006213
2025-05-01T10:29:47.460000,-0.001880
2025-05-01T10:29:47.470000,-0.003681
2025-05-01T10:29:47.480000,0.011066
2025-05-01T10:29:47.490000,-0.001060
2025-05-01T10:29:47.500000,0.012050
2025-05-01T10:29:47.510000,-0.004427
2025-05-01T10:29:47.520000,-0.002643
2025-05-01T10:29:47.530000,0.003273
2025-05-01T10:29:47.540000,-0.008707
2025-05-01T10:29:47.550000,0.008616
2025-05-01T10:29:47.560000,0.005031
2025-05-01T10:29:47.570000,0.002487
2025-05-01T10:29:47.580000,0.009902
2025-05-01T10:29:47.590000,0.013979
2025-05-01T10:29:47.600000,0.000988
2025-05-01T10:29:47.610000,0.001925
2025-05-01T10:29:47.620000,0.000994
2025-05-01T10:29:47.630000,0.001249
2025-05-01T10:29:47.640000,0.017629
2025-05-01T10:29:47.650000,-0.016528
2025-05-01T10:29:47.660000,0.003938
2025-05-01T10:29:47.670000,-0.007115
2025-05-01T10:29:47.680000,0.004408
2025-05-01T10:29:47.690000,0.020123
2025-05-01T10:29:47.700000,0.012780
2025-05-01T10:29:47.710000,-0.017306
2025-05-01T10:29:47.720000,0.017868
2025-05-01T10:29:47.730000,0.017786
2025-05-01T10:29:47.740000,-0.008554
2025-05-01T10:29:47.750000,0.029751
2025-05-01T10:29:47.760000,-0.011268
2025-05-01T10:29:47.770000,0.006695
2025-05-01T10:29:47.780000,0.016006
2025-05-01T10:29:47.790000,-0.014212
2025-05-01T10:29:47.800000,0.003407
2025-05-01T10:29:47.810000,-0.000175
2025-05-01T10:29:47.820000,-0.015750
2025-05-01T10:29:47.830000,0.004754
2025-05-01T10:29:47.840000,-0.009116
2025-05-01T10:29:47.850000,-0.002112
2025-05-01T10:29:47.860000,0.010632
2025-05-01T10:29:47.870000,0.020412
2025-05-01T10:29:47.880000,0.011455
2025-05-01T10:29:47.890000,-0.002549
2025-05-01T10:29:47.900000,-0.009213
2025-05-01T10:29:47.910000,0.001155
2025-05-01T10:29:47.920000,0.005856
2025-05-01T10:29:47.930000,0.006739
2025-05-01T10:29:47.940000,-0.007270
2025-05-01T10:29:47.950000,0.020145
2025-05-01T10:29:47.960000,0.012003
2025-05-01T10:29:47.970000,0.004395
2025-05-01T10:29:47.980000,-0.003328
2025-05-01T10:29:47.990000,-0.012890
2025-05-01T10:29:48,0.013605
2025-05-01T10:29:48.010000,-0.001919
2025-05-01T10:29:48.020000,-0.001600
2025-05-01T10:29:48.030000,-0.005478
2025-05-01T10:29:48.040000,-0.006167
2025-05-01T10:29:48.050000,-0.015868
2025-05-01T10:29:48.060000,0.001886
2025-05-01T10:29:48.070000,-0.002892
2025-05-01T10:29:48.080000,-0.004658
2025-05-01T10:29:48.090000,-0.005041
2025-05-01T10:29:48.100000,-0.000150
2025-05-01T10:29:48.110000,-0.013377
2025-05-01T10:29:48.120000,-0.005372
2025-05-01T10:29:48.130000,-0.011386
2025-05-01T10:29:48.140000,0.001937
2025-05-01T10:29:48.150000,-0.005186
2025-05-01T10:29:48.160000,0.001316
2025-05-01T10:29:48.170000,0.015261
2025-05-01T10:29:48.180000,-0.007872
2025-05-01T10:29:48.190000,-0.002553
2025-05-01T10:29:48.200000,-0.004460
2025-05-01T10:29:48.210000,-0.011464
2025-05-01T10:29:48.220000,-0.010611
2025-05-01T10:29:48.230000,0.000262
2025-05-01T10:29:48.240000,-0.006785
2025-05-01T10:29:48.250000,0.001047
2025-05-01T10:29:48.260000,-0.005623
2025-05-01T10:29:48.270000,0.005920
2025-05-01T10:29:48.280000,0.004941
2025-05-01T10:29:48.290000,0.004328
2025-05-01T10:29:48.300000,0.010626
2025-05-01T10:29:48.310000,0.005820
2025-05-01T10:29:48.320000,0.006556
2025-05-01T10:29:48.330000,0.001251
2025-05-01T10:29:48.340000,0.006797
2025-05-01T10:29:48.350000,-0.013041
2025-05-01T10:29:48.360000,-0.006617
2025-05-01T10:29:48.370000,0.012478
2025-05-01T10:29:48.380000,0.016357
2025-05-01T10:29:48.390000,-0.006210
2025-05-01T10:29:48.400000,0.001962
2025-05-01T10:29:48.410000,0.006843
2025-05-01T10:29:48.420000,0.016057
2025-05-01T10:29:48.430000,-0.012951
2025-05-01T10:29:48.440000,0.002598
2025-05-01T10:29:48.450000,0.001460
2025-05-01T10:29:48.460000,0.000132
2025-05-01T10:29:48.470000,0.006836
2025-05-01T10:29:48.480000,0.009495
2025-05-01T10:29:48.490000,-0.002046
2025-05-01T10:29:48.500000,0.005871
2025-05-01T10:29:48.510000,-0.006319
2025-05-01T10:29:48.520000,0.003236
2025-05-01T10:29:48.530000,-0.009012
2025-05-01T10:29:48.540000,0.015271
2025-05-01T10:29:48.550000,-0.011705
2025-05-01T10:29:48.560000,0.009178
2025-05-01T10:29:48.570000,0.012263
2025-05-01T10:29:48.580000,0.004693
2025-05-01T10:29:48.590000,0.005427
2025-05-01T10:29:48.600000,-0.005135
2025-05-01T10:29:48.610000,-0.017358
2025-05-01T10:29:48.620000,-0.004787
2025-05-01T10:29:48.630000,-0.007613
2025-05-01T10:29:48.640000,-0.000952
2025-05-01T10:29:48.650000,0.002599
2025-05-01T10:29:48.660000,0.002125
2025-05-01T10:29:48.670000,-0.006991
2025-05-01T10:29:48.680000,0.002110
2025-05-01T10:29:48.690000,0.005343
2025-05-01T10:29:48.700000,-0.005752
2025-05-01T10:29:48.710000,-0.009442
2025-05-01T10:29:48.720000,-0.001334
2025-05-01T10:29:48.730000,-0.008923
2025-05-01T10:29:48.740000,0.009654
2025-05-01T10:29:48.750000,0.002050
2025-05-01T10:29:48.760000,-0.015597
2025-05-01T10:29:48.770000,-0.002904
2025-05-01T10:29:48.780000,-0.009081
2025-05-01T10:29:48.790000,0.007503
2025-05-01T10:29:48.800000,-0.001116
2025-05-01T10:29:48.810000,-0.005963
2025-05-01T10:29:48.820000,0.005586
2025-05-01T10:29:48.830000,-0.002559
2025-05-01T10:29:48.840000,-0.003536
2025-05-01T10:29:48.850000,-0.003855
2025-05-01T10:29:48.860000,-0.016660
2025-05-01T10:29:48.870000,0.010518
2025-05-01T10:29:48.880000,0.002983
2025-05-01T10:29:48.890000,-0.002692
2025-05-01T10:29:48.900000,0.001502
2025-05-01T10:29:48.910000,0.015122
2025-05-01T10:29:48.920000,0.003626
2025-05-01T10:29:48.930000,0.005479
2025-05-01T10:29:48.940000,-0.002832
2025-05-01T10:29:48.950000,-0.010690
2025-05-01T10:29:48.960000,0.000920
2025-05-01T10:29:48.970000,0.003535
2025-05-01T10:29:48.980000,-0.015026
2025-05-01T10:29:48.990000,0.004120
2025-05-01T10:29:49,-0.006745
2025-05-01T10:29:49.010000,-0.006453
2025-05-01T10:29:49.020000,-0.005464
2025-05-01T10:29:49.030000,-0.005734
2025-05-01T10:29:49.040000,0.005129
2025-05-01T10:29:49.050000,0.005351
2025-05-01T10:29:49.060000,-0.012254
2025-05-01T10:29:49.070000,0.006296
2025-05-01T10:29:49.080000,-0.000799
2025-05-01T10:29:49.090000,-0.014826
2025-05-01T10:29:49.100000,-0.005112
2025-05-01T10:29:49.110000,0.006586
2025-05-01T10:29:49.120000,0.012972
2025-05-01T10:29:49.130000,0.009265
2025-05-01T10:29:49.140000,0.018478
2025-05-01T10:29:49.150000,0.004048
2025-05-01T10:29:49.160000,-0.004881
2025-05-01T10:29:49.170000,0.001721
2025-05-01T10:29:49.180000,-0.021263
2025-05-01T10:29:49.190000,0.010070
2025-05-01T10:29:49.200000,0.000960
2025-05-01T10:29:49.210000,-0.004183
2025-05-01T10:29:49.220000,0.009843
2025-05-01T10:29:49.230000,-0.021269
2025-05-01T10:29:49.240000,0.006476
2025-05-01T10:29:49.250000,0.017072
2025-05-01T10:29:49.260000,-0.014312
2025-05-01T10:29:49.270000,0.003360
2025-05-01T10:29:49.280000,-0.012486
2025-05-01T10:29:49.290000,-0.006399
2025-05-01T10:29:49.300000,-0.008266
2025-05-01T10:29:49.310000,-0.025964
2025-05-01T10:29:49.320000,0.011210
2025-05-01T10:29:49.330000,0.007156
2025-05-01T10:29:49.340000,0.032291
2025-05-01T10:29:49.350000,-0.010981
2025-05-01T10:29:49.360000,0.010757
2025-05-01T10:29:49.370000,0.008732
2025-05-01T10:29:49.380000,0.008362
2025-05-01T10:29:49.390000,0.009190
2025-05-01T10:29:49.400000,-0.001849
2025-05-01T10:29:49.410000,-0.027402
2025-05-01T10:29:49.420000,-0.008238
2025-05-01T10:29:49.430000,0.003938
2025-05-01T10:29:49.440000,0.003172
2025-05-01T10:29:49.450000,0.001938
2025-05-01T10:29:49.460000,-0.016390
2025-05-01T10:29:49.470000,-0.001155
2025-05-01T10:29:49.480000,0.002604
2025-05-01T10:29:49.490000,0.016694
2025-05-01T10:29:49.500000,-0.013002
2025-05-01T10:29:49.510000,0.015622
2025-05-01T10:29:49.520000,-0.004915
2025-05-01T10:29:49.530000,-0.018106
2025-05-01T10:29:49.540000,0.006255
2025-05-01T10:29:49.550000,-0.003963
2025-05-01T10:29:49.560000,-0.004089
2025-05-01T10:29:49.570000,0.001904
2025-05-01T10:29:49.580000,-0.000599
2025-05-01T10:29:49.590000,-0.017661
2025-05-01T10:29:49.600000,0.000047
2025-05-01T10:29:49.610000,0.002939
2025-05-01T10:29:49.620000,0.018120
2025-05-01T10:29:49.630000,0.007027
2025-05-01T10:29:49.640000,-0.010745
2025-05-01T10:29:49.650000,0.027838
2025-05-01T10:29:49.660000,-0.004170
2025-05-01T10:29:49.670000,-0.004344
2025-05-01T10:29:49.680000,0.001170
2025-05-01T10:29:49.690000,-0.010883
2025-05-01T10:29:49.700000,-0.023558
2025-05-01T10:29:49.710000,0.002415
2025-05-01T10:29:49.720000,-0.005093
2025-05-01T10:29:49.730000,0.001163
2025-05-01T10:29:49.740000,0.009638
2025-05-01T10:29:49.750000,-0.001284
2025-05-01T10:29:49.760000,-0.001652
2025-05-01T10:29:49.770000,0.016744
2025-05-01T10:29:49.780000,-0.001441
2025-05-01T10:29:49.790000,0.011113
2025-05-01T10:29:49.800000,-0.012473
2025-05-01T10:29:49.810000,0.009493
2025-05-01T10:29:49.820000,0.007504
2025-05-01T10:29:49.830000,-0.007993
2025-05-01T10:29:49.840000,0.000107
2025-05-01T10:29:49.850000,-0.001526
2025-05-01T10:29:49.860000,-0.010206
2025-05-01T10:29:49.870000,-0.017079
2025-05-01T10:29:49.880000,0.007146
2025-05-01T10:29:49.890000,-0.010351
2025-05-01T10:29:49.900000,0.000000
2025-05-01T10:29:49.910000,0.012097
2025-05-01T10:29:49.920000,-0.010624
2025-05-01T10:29:49.930000,0.009330
2025-05-01T10:29:49.940000,0.021263
2025-05-01T10:29:49.950000,0.020601
2025-05-01T10:29:49.960000,-0.001206
2025-05-01T10:29:49.970000,0.001599
2025-05-01T10:29:49.980000,0.003713
2025-05-01T10:29:49.990000,0.003849
2025-05-01T10:29:50,0.008920
2025-05-01T10:29:50.010000,0.007284
2025-05-01T10:29:50.020000,-0.000682
2025-05-01T10:29:50.030000,0.006085
2025-05-01T10:29:50.040000,-0.003737
2025-05-01T10:29:50.050000,0.013484
2025-05-01T10:29:50.060000,0.004453
2025-05-01T10:29:50.070000,-0.010341
2025-05-01T10:29:50.080000,0.002033
2025-05-01T10:29:50.090000,0.005413
2025-05-01T10:29:50.100000,0.012496
2025-05-01T10:29:50.110000,0.001320
2025-05-01T10:29:50.120000,-0.026062
2025-05-01T10:29:50.130000,-0.015608
2025-05-01T10:29:50.140000,-0.007679
2025-05-01T10:29:50.150000,0.005090
2025-05-01T10:29:50.160000,-0.010042
2025-05-01T10:29:50.170000,0.030056
2025-05-01T10:29:50.180000,-0.005450
2025-05-01T10:29:50.190000,0.000876
2025-05-01T10:29:50.200000,0.007381
2025-05-01T10:29:50.210000,-0.009524
2025-05-01T10:29:50.220000,-0.013291
2025-05-01T10:29:50.230000,-0.011431
2025-05-01T10:29:50.240000,-0.018288
2025-05-01T10:29:50.250000,-0.002689
2025-05-01T10:29:50.260000,-0.002817
2025-05-01T10:29:50.270000,0.000511
2025-05-01T10:29:50.280000,-0.006168
2025-05-01T10:29:50.290000,0.000513
2025-05-01T10:29:50.300000,-0.020539
2025-05-01T10:29:50.310000,0.005607
2025-05-01T10:29:50.320000,-0.004298
2025-05-01T10:29:50.330000,0.012467
2025-05-01T10:29:50.340000,-0.004744
2025-05-01T10:29:50.350000,-0.013331
2025-05-01T10:29:50.360000,-0.026503
2025-05-01T10:29:50.370000,-0.006857
2025-05-01T10:29:50.380000,0.005293
2025-05-01T10:29:50.390000,0.005975
2025-05-01T10:29:50.400000,0.010988
2025-05-01T10:29:50.410000,0.005557
2025-05-01T10:29:50.420000,-0.010507
2025-05-01T10:29:50.430000,-0.004779
2025-05-01T10:29:50.440000,-0.002625
2025-05-01T10:29:50.450000,-0.000600
2025-05-01T10:29:50.460000,0.008713
2025-05-01T10:29:50.470000,-0.008703
2025-05-01T10:29:50.480000,-0.008165
2025-05-01T10:29:50.490000,-0.007137
2025-05-01T10:29:50.500000,0.001597
2025-05-01T10:29:50.510000,0.011259
2025-05-01T10:29:50.520000,-0.002585
2025-05-01T10:29:50.530000,0.009476
2025-05-01T10:29:50.540000,0.000181
2025-05-01T10:29:50.550000,-0.003946
2025-05-01T10:29:50.560000,0.002409
2025-05-01T10:29:50.570000,0.013544
2025-05-01T10:29:50.580000,0.003232
2025-05-01T10:29:50.590000,0.000130
2025-05-01T10:29:50.600000,-0.005272
2025-05-01T10:29:50.610000,0.012336
2025-05-01T10:29:50.620000,0.001734
2025-05-01T10:29:50.630000,-0.002279
2025-05-01T10:29:50.640000,-0.000253
2025-05-01T10:29:50.650000,-0.017230
2025-05-01T10:29:50.660000,-0.000817
2025-05-01T10:29:50.670000,0.002585
2025-05-01T10:29:50.680000,0.012102
2025-05-01T10:29:50.690000,0.001729
2025-05-01T10:29:50.700000,-0.008863
2025-05-01T10:29:50.710000,-0.002372
2025-05-01T10:29:50.720000,0.010022
2025-05-01T10:29:50.730000,0.001390
2025-05-01T10:29:50.740000,-0.011308
2025-05-01T10:29:50.750000,-0.010015
2025-05-01T10:29:50.760000,-0.007795
2025-05-01T10:29:50.770000,-0.018441
2025-05-01T10:29:50.780000,-0.013666
2025-05-01T10:29:50.790000,0.009667
2025-05-01T10:29:50.800000,0.017417
2025-05-01T10:29:50.810000,0.004180
2025-05-01T10:29:50.820000,-0.013774
2025-05-01T10:29:50.830000,-0.007676
2025-05-01T10:29:50.840000,0.005259
2025-05-01T10:29:50.850000,0.008334
2025-05-01T10:29:50.860000,-0.011425
2025-05-01T10:29:50.870000,0.000240
2025-05-01T10:29:50.880000,0.017328
2025-05-01T10:29:50.890000,0.015026
2025-05-01T10:29:50.900000,-0.012406
2025-05-01T10:29:50.910000,-0.000851
2025-05-01T10:29:50.920000,0.003389
2025-05-01T10:29:50.930000,0.000545
2025-05-01T10:29:50.940000,0.010089
2025-05-01T10:29:50.950000,-0.005303
2025-05-01T10:29:50.960000,-0.004869
2025-05-01T10:29:50.970000,-0.002349
2025-05-01T10:29:50.980000,-0.009263
2025-05-01T10:29:50.990000,0.010624
2025-05-01T10:29:51,0.000307
2025-05-01T10:29:51.010000,0.003736
2025-05-01T10:29:51.020000,-0.006769
2025-05-01T10:29:51.030000,-0.002180
2025-05-01T10:29:51.040000,-0.008425
2025-05-01T10:29:51.050000,-0.004682
2025-05-01T10:29:51.060000,-0.004298
2025-05-01T10:29:51.070000,-0.003653
2025-05-01T10:29:51.080000,-0.014057
2025-05-01T10:29:51.090000,0.008247
2025-05-01T10:29:51.100000,0.007333
2025-05-01T10:29:51.110000,-0.015570
2025-05-01T10:29:51.120000,-0.012257
2025-05-01T10:29:51.130000,-0.013525
2025-05-01T10:29:51.140000,0.006004
2025-05-01T10:29:51.150000,-0.017830
2025-05-01T10:29:51.160000,-0.000773
2025-05-01T10:29:51.170000,0.004122
2025-05-01T10:29:51.180000,-0.004397
2025-05-01T10:29:51.190000,-0.018312
2025-05-01T10:29:51.200000,0.011077
2025-05-01T10:29:51.210000,-0.011825
2025-05-01T10:29:51.220000,0.006698
2025-05-01T10:29:51.230000,-0.011696
2025-05-01T10:29:51.240000,0.000404
2025-05-01T10:29:51.250000,0.000912
2025-05-01T10:29:51.260000,-0.005507
2025-05-01T10:29:51.270000,-0.003288
2025-05-01T10:29:51.280000,0.009666
2025-05-01T10:29:51.290000,-0.001547
2025-05-01T10:29:51.300000,0.012499
2025-05-01T10:29:51.310000,-0.007704
2025-05-01T10:29:51.320000,0.004056
2025-05-01T10:29:51.330000,0.012150
2025-05-01T10:29:51.340000,0.010355
2025-05-01T10:29:51.350000,-0.002376
2025-05-01T10:29:51.360000,-0.005220
2025-05-01T10:29:51.370000,-0.007501
2025-05-01T10:29:51.380000,-0.004630
2025-05-01T10:29:51.390000,-0.012317
2025-05-01T10:29:51.400000,0.002017
2025-05-01T10:29:51.410000,0.002148
2025-05-01T10:29:51.420000,-0.012833
2025-05-01T10:29:51.430000,-0.012917
2025-05-01T10:29:51.440000,0.000303
2025-05-01T10:29:51.450000,-0.006535
2025-05-01T10:29:51.460000,-0.009124
2025-05-01T10:29:51.470000,-0.008664
2025-05-01T10:29:51.480000,0.003871
2025-05-01T10:29:51.490000,-0.002897
2025-05-01T10:29:51.500000,-0.010495
2025-05-01T10:29:51.510000,-0.007243
2025-05-01T10:29:51.520000,-0.014426
2025-05-01T10:29:51.530000,0.005073
2025-05-01T10:29:51.540000,0.015865
2025-05-01T10:29:51.550000,-0.008281
2025-05-01T10:29:51.560000,-0.011871
2025-05-01T10:29:51.570000,-0.004253
2025-05-01T10:29:51.580000,0.005776
2025-05-01T10:29:51.590000,0.006354
2025-05-01T10:29:51.600000,0.028898
2025-05-01T10:29:51.610000,0.014321
2025-05-01T10:29:51.620000,0.020792
2025-05-01T10:29:51.630000,0.000606
2025-05-01T10:29:51.640000,0.015428
2025-05-01T10:29:51.650000,0.004986
2025-05-01T10:29:51.660000,0.003652
2025-05-01T10:29:51.670000,-0.012173
2025-05-01T10:29:51.680000,-0.009243
2025-05-01T10:29:51.690000,-0.004496
2025-05-01T10:29:51.700000,0.003300
2025-05-01T10:29:51.710000,0.008135
2025-05-01T10:29:51.720000,0.003943
2025-05-01T10:29:51.730000,-0.017332
2025-05-01T10:29:51.740000,-0.014570
2025-05-01T10:29:51.750000,0.010494
2025-05-01T10:29:51.760000,-0.004074
2025-05-01T10:29:51.770000,-0.001978
2025-05-01T10:29:51.780000,-0.003061
2025-05-01T10:29:51.790000,-0.013085
2025-05-01T10:29:51.800000,-0.002088
2025-05-01T10:29:51.810000,0.004249
2025-05-01T10:29:51.820000,0.006064
2025-05-01T10:29:51.830000,-0.001440
2025-05-01T10:29:51.840000,0.013424
2025-05-01T10:29:51.850000,-0.020823
2025-05-01T10:29:51.860000,0.003883
2025-05-01T10:29:51.870000,-0.000765
2025-05-01T10:29:51.880000,-0.001290
2025-05-01T10:29:51.890000,0.016089
2025-05-01T10:29:51.900000,-0.001601
2025-05-01T10:29:51.910000,-0.002842
2025-05-01T10:29:51.920000,0.001170
2025-05-01T10:29:51.930000,0.012137
2025-05-01T10:29:51.940000,-0.005215
2025-05-01T10:29:51.950000,0.010969
2025-05-01T10:29:51.960000,0.000801
2025-05-01T10:29:51.970000,0.008630
2025-05-01T10:29:51.980000,0.012438
2025-05-01T10:29:51.990000,-0.012329
2025-05-01T10:29:52,0.002954
2025-05-01T10:29:52.010000,0.001118
2025-05-01T10:29:52.020000,-0.005410
2025-05-01T10:29:52.030000,0.009205
2025-05-01T10:29:52.040000,-0.024397
2025-05-01T10:29:52.050000,0.001728
2025-05-01T10:29:52.060000,-0.001308
2025-05-01T10:29:52.070000,-0.005935
2025-05-01T10:29:52.080000,0.004185
2025-05-01T10:29:52.090000,-0.008686
2025-05-01T10:29:52.100000,-0.009150
2025-05-01T10:29:52.110000,0.001493
2025-05-01T10:29:52.120000,0.001349
2025-05-01T10:29:52.130000,0.001991
2025-05-01T10:29:52.140000,-0.011727
2025-05-01T10:29:52.150000,0.001271
2025-05-01T10:29:52.160000,0.014772
2025-05-01T10:29:52.170000,-0.010158
2025-05-01T10:29:52.180000,0.011719
2025-05-01T10:29:52.190000,0.031289
2025-05-01T10:29:52.200000,-0.011842
2025-05-01T10:29:52.210000,0.006021
2025-05-01T10:29:52.220000,-0.017475
2025-05-01T10:29:52.230000,0.003087
2025-05-01T10:29:52.240000,-0.005813
2025-05-01T10:29:52.250000,0.013150
2025-05-01T10:29:52.260000,0.000587
2025-05-01T10:29:52.270000,-0.002319
2025-05-01T10:29:52.280000,0.009637
2025-05-01T10:29:52.290000,0.006507
2025-05-01T10:29:52.300000,0.003703
2025-05-01T10:29:52.310000,-0.021997
2025-05-01T10:29:52.320000,-0.014594
2025-05-01T10:29:52.330000,0.001142
2025-05-01T10:29:52.340000,-0.004937
2025-05-01T10:29:52.350000,0.025426
2025-05-01T10:29:52.360000,0.012625
2025-05-01T10:29:52.370000,-0.003221
2025-05-01T10:29:52.380000,0.010028
2025-05-01T10:29:52.390000,-0.013077
2025-05-01T10:29:52.400000,0.009248
2025-05-01T10:29:52.410000,0.009475
2025-05-01T10:29:52.420000,0.001846
2025-05-01T10:29:52.430000,-0.010728
2025-05-01T10:29:52.440000,-0.007335
2025-05-01T10:29:52.450000,0.001121
2025-05-01T10:29:52.460000,-0.011212
2025-05-01T10:29:52.470000,0.007281
2025-05-01T10:29:52.480000,-0.008050
2025-05-01T10:29:52.490000,0.014565
2025-05-01T10:29:52.500000,-0.005861
2025-05-01T10:29:52.510000,0.002992
2025-05-01T10:29:52.520000,-0.016972
2025-05-01T10:29:52.530000,0.007997
2025-05-01T10:29:52.540000,-0.005608
2025-05-01T10:29:52.550000,-0.005505
2025-05-01T10:29:52.560000,0.002908
2025-05-01T10:29:52.570000,-0.008380
2025-05-01T10:29:52.580000,-0.003529
2025-05-01T10:29:52.590000,0.011843
2025-05-01T10:29:52.600000,-0.006008
2025-05-01T10:29:52.610000,0.002986
2025-05-01T10:29:52.620000,-0.001664
2025-05-01T10:29:52.630000,-0.024546
2025-05-01T10:29:52.640000,-0.004619
2025-05-01T10:29:52.650000,0.005611
2025-05-01T10:29:52.660000,-0.012352
2025-05-01T10:29:52.670000,-0.018028
2025-05-01T10:29:52.680000,0.015038
2025-05-01T10:29:52.690000,0.004706
2025-05-01T10:29:52.700000,-0.004311
2025-05-01T10:29:52.710000,0.009279
2025-05-01T10:29:52.720000,-0.004363
2025-05-01T10:29:52.730000,-0.019499
2025-05-01T10:29:52.740000,-0.000121
2025-05-01T10:29:52.750000,-0.002181
2025-05-01T10:29:52.760000,-0.000161
2025-05-01T10:29:52.770000,0.007799
2025-05-01T10:29:52.780000,-0.022971
2025-05-01T10:29:52.790000,-0.002265
2025-05-01T10:29:52.800000,-0.014344
2025-05-01T10:29:52.810000,-0.008299
2025-05-01T10:29:52.820000,-0.021092
2025-05-01T10:29:52.830000,0.003272
2025-05-01T10:29:52.840000,0.002185
2025-05-01T10:29:52.850000,0.004416
2025-05-01T10:29:52.860000,0.006051
2025-05-01T10:29:52.870000,-0.005504
2025-05-01T10:29:52.880000,0.019688
2025-05-01T10:29:52.890000,-0.008182
2025-05-01T10:29:52.900000,0.023150
2025-05-01T10:29:52.910000,0.028146
2025-05-01T10:29:52.920000,0.036496
2025-05-01T10:29:52.930000,0.045853
2025-05-01T10:29:52.940000,0.048394
2025-05-01T10:29:52.950000,0.031033
2025-05-01T10:29:52.960000,0.031527
2025-05-01T10:29:52.970000,0.077695
2025-05-01T10:29:52.980000,0.058194
2025-05-01T10:29:52.990000,0.066024
2025-05-01T10:29:53,0.051732
2025-05-01T10:29:53.010000,0.016397
2025-05-01T10:29:53.020000,0.025527
2025-05-01T10:29:53.030000,0.001581
2025-05-01T10:29:53.040000,-0.000635
2025-05-01T10:29:53.050000,-0.054871
2025-05-01T10:29:53.060000,-0.048022
2025-05-01T10:29:53.070000,-0.080519
2025-05-01T10:29:53.080000,-0.110220
2025-05-01T10:29:53.090000,-0.137903
2025-05-01T10:29:53.100000,-0.174938
2025-05-01T10:29:53.110000,-0.174982
2025-05-01T10:29:53.120000,-0.220553
2025-05-01T10:29:53.130000,-0.222496
2025-05-01T10:29:53.140000,-0.244583
2025-05-01T10:29:53.150000,-0.200109
2025-05-01T10:29:53.160000,-0.207849
2025-05-01T10:29:53.170000,-0.177720
2025-05-01T10:29:53.180000,-0.128126
2025-05-01T10:29:53.190000,-0.059100
2025-05-01T10:29:53.200000,0.013120
2025-05-01T10:29:53.210000,0.071837
2025-05-01T10:29:53.220000,0.138191
2025-05-01T10:29:53.230000,0.172423
2025-05-01T10:29:53.240000,0.203075
2025-05-01T10:29:53.250000,0.219754
2025-05-01T10:29:53.260000,0.221301
2025-05-01T10:29:53.270000,0.227437
2025-05-01T10:29:53.280000,0.209242
2025-05-01T10:29:53.290000,0.186302
2025-05-01T10:29:53.300000,0.172656
2025-05-01T10:29:53.310000,0.145721
2025-05-01T10:29:53.320000,0.104298
2025-05-01T10:29:53.330000,0.084003
2025-05-01T10:29:53.340000,0.076783
2025-05-01T10:29:53.350000,0.052452
2025-05-01T10:29:53.360000,0.011604
2025-05-01T10:29:53.370000,0.004401
2025-05-01T10:29:53.380000,-0.020600
2025-05-01T10:29:53.390000,-0.035064
2025-05-01T10:29:53.400000,-0.037119
2025-05-01T10:29:53.410000,-0.062147
2025-05-01T10:29:53.420000,-0.061043
2025-05-01T10:29:53.430000,-0.052064
2025-05-01T10:29:53.440000,-0.056847
2025-05-01T10:29:53.450000,-0.052275
2025-05-01T10:29:53.460000,-0.060795
2025-05-01T10:29:53.470000,-0.034910
2025-05-01T10:29:53.480000,-0.031353
2025-05-01T10:29:53.490000,-0.022642
2025-05-01T10:29:53.500000,-0.018605
2025-05-01T10:29:53.510000,-0.021086
2025-05-01T10:29:53.520000,-0.012388
2025-05-01T10:29:53.530000,0.003947
2025-05-01T10:29:53.540000,-0.009241
2025-05-01T10:29:53.550000,0.014144
2025-05-01T10:29:53.560000,0.025801
2025-05-01T10:29:53.570000,0.023434
2025-05-01T10:29:53.580000,-0.006282
2025-05-01T10:29:53.590000,0.003790
2025-05-01T10:29:53.600000,0.025906
2025-05-01T10:29:53.610000,0.010351
2025-05-01T10:29:53.620000,0.025104
2025-05-01T10:29:53.630000,0.025482
2025-05-01T10:29:53.640000,-0.003017
2025-05-01T10:29:53.650000,0.011735
2025-05-01T10:29:53.660000,-0.005024
2025-05-01T10:29:53.670000,-0.002005
2025-05-01T10:29:53.680000,0.005994
2025-05-01T10:29:53.690000,0.010055
2025-05-01T10:29:53.700000,0.002024
2025-05-01T10:29:53.710000,0.019204
2025-05-01T10:29:53.720000,0.008690
2025-05-01T10:29:53.730000,-0.001754
2025-05-01T10:29:53.740000,-0.014179
2025-05-01T10:29:53.750000,-0.001979
2025-05-01T10:29:53.760000,0.006037
2025-05-01T10:29:53.770000,-0.016201
2025-05-01T10:29:53.780000,-0.012869
2025-05-01T10:29:53.790000,0.012266
2025-05-01T10:29:53.800000,0.015729
2025-05-01T10:29:53.810000,-0.020419
2025-05-01T10:29:53.820000,-0.003862
2025-05-01T10:29:53.830000,-0.000095
2025-05-01T10:29:53.840000,0.001624
2025-05-01T10:29:53.850000,0.011256
2025-05-01T10:29:53.860000,0.012449
2025-05-01T10:29:53.870000,0.001743
2025-05-01T10:29:53.880000,-0.003480
2025-05-01T10:29:53.890000,-0.001000
2025-05-01T10:29:53.900000,0.013473
2025-05-01T10:29:53.910000,-0.002471
2025-05-01T10:29:53.920000,0.001531
2025-05-01T10:29:53.930000,-0.005193
2025-05-01T10:29:53.940000,0.010449
2025-05-01T10:29:53.950000,0.005701
2025-05-01T10:29:53.960000,0.008887
2025-05-01T10:29:53.970000,-0.005773
2025-05-01T10:29:53.980000,0.006777
2025-05-01T10:29:53.990000,-0.008382
2025-05-01T10:29:54,0.004615
2025-05-01T10:29:54.010000,0.007093
2025-05-01T10:29:54.020000,0.003312
2025-05-01T10:29:54.030000,-0.001808
2025-05-01T10:29:54.040000,0.010378
2025-05-01T10:29:54.050000,-0.000627
2025-05-01T10:29:54.060000,0.009044
2025-05-01T10:29:54.070000,0.011008
2025-05-01T10:29:54.080000,-0.012456
2025-05-01T10:29:54.090000,0.004506
2025-05-01T10:29:54.100000,-0.017363
2025-05-01T10:29:54.110000,-0.011081
2025-05-01T10:29:54.120000,-0.015145
2025-05-01T10:29:54.130000,0.010756
2025-05-01T10:29:54.140000,-0.002424
2025-05-01T10:29:54.150000,0.007752
2025-05-01T10:29:54.160000,-0.000822
2025-05-01T10:29:54.170000,-0.005715
2025-05-01T10:29:54.180000,-0.028485
2025-05-01T10:29:54.190000,0.002615
2025-05-01T10:29:54.200000,0.011664
2025-05-01T10:29:54.210000,0.001078
2025-05-01T10:29:54.220000,-0.004213
2025-05-01T10:29:54.230000,-0.012269
2025-05-01T10:29:54.240000,0.006912
2025-05-01T10:29:54.250000,-0.005527
2025-05-01T10:29:54.260000,-0.000369
2025-05-01T10:29:54.270000,-0.007537
2025-05-01T10:29:54.280000,-0.002269
2025-05-01T10:29:54.290000,-0.006147
2025-05-01T10:29:54.300000,0.017757
2025-05-01T10:29:54.310000,0.006254
2025-05-01T10:29:54.320000,0.001368
2025-05-01T10:29:54.330000,0.001215
2025-05-01T10:29:54.340000,-0.005471
2025-05-01T10:29:54.350000,-0.001594
2025-05-01T10:29:54.360000,-0.011098
2025-05-01T10:29:54.370000,-0.005864
2025-05-01T10:29:54.380000,0.006185
2025-05-01T10:29:54.390000,0.002432
2025-05-01T10:29:54.400000,0.004434
2025-05-01T10:29:54.410000,0.019216
2025-05-01T10:29:54.420000,0.012444
2025-05-01T10:29:54.430000,-0.009162
2025-05-01T10:29:54.440000,-0.008837
2025-05-01T10:29:54.450000,-0.012328
2025-05-01T10:29:54.460000,-0.010526
2025-05-01T10:29:54.470000,0.007598
2025-05-01T10:29:54.480000,0.010738
2025-05-01T10:29:54.490000,0.004202
2025-05-01T10:29:54.500000,-0.013161
2025-05-01T10:29:54.510000,0.016885
2025-05-01T10:29:54.520000,-0.012250
2025-05-01T10:29:54.530000,-0.000824
2025-05-01T10:29:54.540000,-0.015472
2025-05-01T10:29:54.550000,0.009609
2025-05-01T10:29:54.560000,-0.004836
2025-05-01T10:29:54.570000,0.002233
2025-05-01T10:29:54.580000,-0.003121
2025-05-01T10:29:54.590000,0.003190
2025-05-01T10:29:54.600000,-0.005277
2025-05-01T10:29:54.610000,-0.017795
2025-05-01T10:29:54.620000,0.001690
2025-05-01T10:29:54.630000,-0.006246
2025-05-01T10:29:54.640000,-0.000678
2025-05-01T10:29:54.650000,-0.006205
2025-05-01T10:29:54.660000,0.003629
2025-05-01T10:29:54.670000,-0.006117
2025-05-01T10:29:54.680000,-0.003146
2025-05-01T10:29:54.690000,0.012983
2025-05-01T10:29:54.700000,-0.000099
2025-05-01T10:29:54.710000,-0.007980
2025-05-01T10:29:54.720000,0.006745
2025-05-01T10:29:54.730000,-0.015311
2025-05-01T10:29:54.740000,0.024362
2025-05-01T10:29:54.750000,0.004218
2025-05-01T10:29:54.760000,-0.002869
2025-05-01T10:29:54.770000,0.007779
2025-05-01T10:29:54.780000,-0.005955
2025-05-01T10:29:54.790000,0.011812
2025-05-01T10:29:54.800000,-0.010747
2025-05-01T10:29:54.810000,-0.001557
2025-05-01T10:29:54.820000,0.008234
2025-05-01T10:29:54.830000,-0.007898
2025-05-01T10:29:54.840000,-0.000421
2025-05-01T10:29:54.850000,0.014526
2025-05-01T10:29:54.860000,0.002429
2025-05-01T10:29:54.870000,0.007921
2025-05-01T10:29:54.880000,0.002482
2025-05-01T10:29:54.890000,0.006446
2025-05-01T10:29:54.900000,0.015869
2025-05-01T10:29:54.910000,-0.018720
2025-05-01T10:29:54.920000,0.000233
2025-05-01T10:29:54.930000,0.009414
2025-05-01T10:29:54.940000,-0.001436
2025-05-01T10:29:54.950000,-0.004593
2025-05-01T10:29:54.960000,-0.003742
2025-05-01T10:29:54.970000,-0.008388
2025-05-01T10:29:54.980000,-0.010695
2025-05-01T10:29:54.990000,-0.012501
2025-05-01T10:29:55,0.002847
2025-05-01T10:29:55.010000,-0.010423
2025-05-01T10:29:55.020000,0.009300
2025-05-01T10:29:55.030000,-0.001752
2025-05-01T10:29:55.040000,-0.012587
2025-05-01T10:29:55.050000,-0.000332
2025-05-01T10:29:55.060000,-0.000299
2025-05-01T10:29:55.070000,0.004931
2025-05-01T10:29:55.080000,-0.001802
2025-05-01T10:29:55.090000,-0.015947
2025-05-01T10:29:55.100000,-0.002279
2025-05-01T10:29:55.110000,0.010273
2025-05-01T10:29:55.120000,0.003927
2025-05-01T10:29:55.130000,0.016824
2025-05-01T10:29:55.140000,0.006330
2025-05-01T10:29:55.150000,0.003858
2025-05-01T10:29:55.160000,-0.007414
2025-05-01T10:29:55.170000,-0.012565
2025-05-01T10:29:55.180000,0.002305
2025-05-01T10:29:55.190000,-0.002767
2025-05-01T10:29:55.200000,0.007800
2025-05-01T10:29:55.210000,-0.015453
2025-05-01T10:29:55.220000,-0.004339
2025-05-01T10:29:55.230000,0.017803
2025-05-01T10:29:55.240000,-0.002295
2025-05-01T10:29:55.250000,0.004984
2025-05-01T10:29:55.260000,0.021129
2025-05-01T10:29:55.270000,-0.001393
2025-05-01T10:29:55.280000,-0.010848
2025-05-01T10:29:55.290000,0.001367
2025-05-01T10:29:55.300000,0.007732
2025-05-01T10:29:55.310000,0.009288
2025-05-01T10:29:55.320000,-0.012921
2025-05-01T10:29:55.330000,0.007254
2025-05-01T10:29:55.340000,0.004853
2025-05-01T10:29:55.350000,-0.017356
2025-05-01T10:29:55.360000,0.010824
2025-05-01T10:29:55.370000,-0.018294
2025-05-01T10:29:55.380000,0.017486
2025-05-01T10:29:55.390000,0.014506
2025-05-01T10:29:55.400000,-0.009396
2025-05-01T10:29:55.410000,0.001089
2025-05-01T10:29:55.420000,-0.013798
2025-05-01T10:29:55.430000,0.011788
2025-05-01T10:29:55.440000,-0.002253
2025-05-01T10:29:55.450000,-0.008199
2025-05-01T10:29:55.460000,-0.006306
2025-05-01T10:29:55.470000,0.002585
2025-05-01T10:29:55.480000,0.003019
2025-05-01T10:29:55.490000,-0.001438
2025-05-01T10:29:55.500000,-0.008442
2025-05-01T10:29:55.510000,-0.005740
2025-05-01T10:29:55.520000,0.008619
2025-05-01T10:29:55.530000,0.002160
2025-05-01T10:29:55.540000,0.009097
2025-05-01T10:29:55.550000,0.027680
2025-05-01T10:29:55.560000,-0.006062
2025-05-01T10:29:55.570000,0.002628
2025-05-01T10:29:55.580000,-0.015371
2025-05-01T10:29:55.590000,-0.001988
2025-05-01T10:29:55.600000,0.009978
2025-05-01T10:29:55.610000,0.008694
2025-05-01T10:29:55.620000,-0.002307
2025-05-01T10:29:55.630000,-0.003234
2025-05-01T10:29:55.640000,-0.005957
2025-05-01T10:29:55.650000,0.003979
2025-05-01T10:29:55.660000,-0.011108
2025-05-01T10:29:55.670000,-0.002279
2025-05-01T10:29:55.680000,0.002338
2025-05-01T10:29:55.690000,0.015565
2025-05-01T10:29:55.700000,-0.019796
2025-05-01T10:29:55.710000,0.007265
2025-05-01T10:29:55.720000,-0.009565
2025-05-01T10:29:55.730000,-0.007972
2025-05-01T10:29:55.740000,0.012571
2025-05-01T10:29:55.750000,0.003628
2025-05-01T10:29:55.760000,-0.003987
2025-05-01T10:29:55.770000,0.011930
2025-05-01T10:29:55.780000,-0.020146
2025-05-01T10:29:55.790000,-0.005054
2025-05-01T10:29:55.800000,0.011637
2025-05-01T10:29:55.810000,-0.013864
2025-05-01T10:29:55.820000,-0.000784
2025-05-01T10:29:55.830000,-0.008311
2025-05-01T10:29:55.840000,0.011831
2025-05-01T10:29:55.850000,0.000244
2025-05-01T10:29:55.860000,0.005271
2025-05-01T10:29:55.870000,0.000421
2025-05-01T10:29:55.880000,0.016304
2025-05-01T10:29:55.890000,0.013916
2025-05-01T10:29:55.900000,-0.003919
2025-05-01T10:29:55.910000,0.011924
2025-05-01T10:29:55.920000,0.006248
2025-05-01T10:29:55.930000,-0.000295
2025-05-01T10:29:55.940000,0.018747
2025-05-01T10:29:55.950000,0.020010
2025-05-01T10:29:55.960000,-0.005889
2025-05-01T10:29:55.970000,-0.021043
2025-05-01T10:29:55.980000,0.014162
2025-05-01T10:29:55.990000,0.000868
2025-05-01T10:29:56,-0.000922
2025-05-01T10:29:56.010000,-0.005352
2025-05-01T10:29:56.020000,0.004307
2025-05-01T10:29:56.030000,0.013350
2025-05-01T10:29:56.040000,-0.001313
2025-05-01T10:29:56.050000,-0.003434
2025-05-01T10:29:56.060000,-0.003892
2025-05-01T10:29:56.070000,0.016615
2025-05-01T10:29:56.080000,-0.005562
2025-05-01T10:29:56.090000,0.021085
2025-05-01T10:29:56.100000,-0.003284
2025-05-01T10:29:56.110000,0.000425
2025-05-01T10:29:56.120000,-0.007919
2025-05-01T10:29:56.130000,-0.004113
2025-05-01T10:29:56.140000,-0.003379
2025-05-01T10:29:56.150000,-0.010343
2025-05-01T10:29:56.160000,0.004327
2025-05-01T10:29:56.170000,0.003113
2025-05-01T10:29:56.180000,0.007860
2025-05-01T10:29:56.190000,0.006189
2025-05-01T10:29:56.200000,0.003933
2025-05-01T10:29:56.210000,0.014571
2025-05-01T10:29:56.220000,-0.011480
2025-05-01T10:29:56.230000,0.002064
2025-05-01T10:29:56.240000,0.002685
2025-05-01T10:29:56.250000,-0.014535
2025-05-01T10:29:56.260000,-0.006217
2025-05-01T10:29:56.270000,0.008367
2025-05-01T10:29:56.280000,0.011703
2025-05-01T10:29:56.290000,0.001782
2025-05-01T10:29:56.300000,0.002437
2025-05-01T10:29:56.310000,0.007103
2025-05-01T10:29:56.320000,-0.004185
2025-05-01T10:29:56.330000,-0.003597
2025-05-01T10:29:56.340000,0.005638
2025-05-01T10:29:56.350000,0.001789
2025-05-01T10:29:56.360000,0.003516
2025-05-01T10:29:56.370000,-0.003072
2025-05-01T10:29:56.380000,0.016559
2025-05-01T10:29:56.390000,0.006834
2025-05-01T10:29:56.400000,-0.002694
2025-05-01T10:29:56.410000,-0.009659
2025-05-01T10:29:56.420000,-0.008350
2025-05-01T10:29:56.430000,0.002610
2025-05-01T10:29:56.440000,0.005712
2025-05-01T10:29:56.450000,-0.013565
2025-05-01T10:29:56.460000,0.017672
2025-05-01T10:29:56.470000,0.000643
2025-05-01T10:29:56.480000,0.017951
2025-05-01T10:29:56.490000,0.005339
2025-05-01T10:29:56.500000,-0.007148
2025-05-01T10:29:56.510000,0.009931
2025-05-01T10:29:56.520000,-0.015974
2025-05-01T10:29:56.530000,0.000748
2025-05-01T10:29:56.540000,-0.001498
2025-05-01T10:29:56.550000,-0.005973
2025-05-01T10:29:56.560000,0.010140
2025-05-01T10:29:56.570000,0.005751
2025-05-01T10:29:56.580000,-0.004064
2025-05-01T10:29:56.590000,-0.000602
2025-05-01T10:29:56.600000,0.001000
2025-05-01T10:29:56.610000,-0.019792
2025-05-01T10:29:56.620000,0.002959
2025-05-01T10:29:56.630000,0.006811
2025-05-01T10:29:56.640000,-0.000750
2025-05-01T10:29:56.650000,0.005236
2025-05-01T10:29:56.660000,-0.001935
2025-05-01T10:29:56.670000,0.006127
2025-05-01T10:29:56.680000,0.009407
2025-05-01T10:29:56.690000,0.019780
2025-05-01T10:29:56.700000,0.002701
2025-05-01T10:29:56.710000,-0.013569
2025-05-01T10:29:56.720000,0.008681
2025-05-01T10:29:56.730000,-0.001053
2025-05-01T10:29:56.740000,0.008487
2025-05-01T10:29:56.750000,-0.019096
2025-05-01T10:29:56.760000,-0.013775
2025-05-01T10:29:56.770000,-0.011702
2025-05-01T10:29:56.780000,0.003253
2025-05-01T10:29:56.790000,0.002631
2025-05-01T10:29:56.800000,-0.008151
2025-05-01T10:29:56.810000,0.000631
2025-05-01T10:29:56.820000,0.005653
2025-05-01T10:29:56.830000,-0.010461
2025-05-01T10:29:56.840000,0.006169
2025-05-01T10:29:56.850000,-0.001578
2025-05-01T10:29:56.860000,0.014295
2025-05-01T10:29:56.870000,-0.003815
2025-05-01T10:29:56.880000,-0.005150
2025-05-01T10:29:56.890000,-0.002907
2025-05-01T10:29:56.900000,0.012140
2025-05-01T10:29:56.910000,0.019604
2025-05-01T10:29:56.920000,0.010849
2025-05-01T10:29:56.930000,-0.006759
2025-05-01T10:29:56.940000,-0.003637
2025-05-01T10:29:56.950000,-0.012330
2025-05-01T10:29:56.960000,0.023486
2025-05-01T10:29:56.970000,0.018631
2025-05-01T10:29:56.980000,0.010384
2025-05-01T10:29:56.990000,-0.001176
2025-05-01T10:29:57,-0.011919
2025-05-01T10:29:57.010000,0.009620
2025-05-01T10:29:57.020000,-0.011689
2025-05-01T10:29:57.030000,-0.009972
2025-05-01T10:29:57.040000,-0.014405
2025-05-01T10:29:57.050000,-0.016736
2025-05-01T10:29:57.060000,0.011043
2025-05-01T10:29:57.070000,-0.003266
2025-05-01T10:29:57.080000,-0.012938
2025-05-01T10:29:57.090000,0.006062
2025-05-01T10:29:57.100000,0.006641
2025-05-01T10:29:57.110000,-0.003864
2025-05-01T10:29:57.120000,-0.011439
2025-05-01T10:29:57.130000,0.012263
2025-05-01T10:29:57.140000,0.005804
2025-05-01T10:29:57.150000,-0.002142
2025-05-01T10:29:57.160000,-0.004774
2025-05-01T10:29:57.170000,-0.002557
2025-05-01T10:29:57.180000,0.032818
2025-05-01T10:29:57.190000,0.005206
2025-05-01T10:29:57.200000,-0.001195
2025-05-01T10:29:57.210000,0.009467
2025-05-01T10:29:57.220000,-0.004112
2025-05-01T10:29:57.230000,0.003514
2025-05-01T10:29:57.240000,-0.002846
2025-05-01T10:29:57.250000,-0.003204
2025-05-01T10:29:57.260000,0.000724
2025-05-01T10:29:57.270000,-0.004238
2025-05-01T10:29:57.280000,-0.002570
2025-05-01T10:29:57.290000,0.002444
2025-05-01T10:29:57.300000,-0.003316
2025-05-01T10:29:57.310000,0.002064
2025-05-01T10:29:57.320000,-0.010166
2025-05-01T10:29:57.330000,0.023499
2025-05-01T10:29:57.340000,-0.014609
2025-05-01T10:29:57.350000,-0.004838
2025-05-01T10:29:57.360000,0.005776
2025-05-01T10:29:57.370000,0.002383
2025-05-01T10:29:57.380000,-0.011411
2025-05-01T10:29:57.390000,0.010705
2025-05-01T10:29:57.400000,0.011650
2025-05-01T10:29:57.410000,-0.011559
2025-05-01T10:29:57.420000,-0.001462
2025-05-01T10:29:57.430000,0.014106
2025-05-01T10:29:57.440000,-0.011970
2025-05-01T10:29:57.450000,0.008838
2025-05-01T10:29:57.460000,0.001374
2025-05-01T10:29:57.470000,-0.003431
2025-05-01T10:29:57.480000,0.000415
2025-05-01T10:29:57.490000,0.001157
2025-05-01T10:29:57.500000,0.021885
2025-05-01T10:29:57.510000,0.001485
2025-05-01T10:29:57.520000,-0.015628
2025-05-01T10:29:57.530000,-0.018336
2025-05-01T10:29:57.540000,0.014865
2025-05-01T10:29:57.550000,0.004587
2025-05-01T10:29:57.560000,0.012830
2025-05-01T10:29:57.570000,0.003834
2025-05-01T10:29:57.580000,-0.003764
2025-05-01T10:29:57.590000,-0.021773
2025-05-01T10:29:57.600000,-0.001175
2025-05-01T10:29:57.610000,0.005006
2025-05-01T10:29:57.620000,-0.026350
2025-05-01T10:29:57.630000,0.005929
2025-05-01T10:29:57.640000,-0.006311
2025-05-01T10:29:57.650000,0.005540
2025-05-01T10:29:57.660000,-0.012696
2025-05-01T10:29:57.670000,0.013477
2025-05-01T10:29:57.680000,0.005433
2025-05-01T10:29:57.690000,-0.008820
2025-05-01T10:29:57.700000,0.004858
2025-05-01T10:29:57.710000,-0.006260
2025-05-01T10:29:57.720000,0.001323
2025-05-01T10:29:57.730000,-0.002340
2025-05-01T10:29:57.740000,-0.011065
2025-05-01T10:29:57.750000,0.009014
2025-05-01T10:29:57.760000,0.006179
2025-05-01T10:29:57.770000,0.002771
2025-05-01T10:29:57.780000,0.006510
2025-05-01T10:29:57.790000,0.018046
2025-05-01T10:29:57.800000,-0.000073
2025-05-01T10:29:57.810000,-0.004529
2025-05-01T10:29:57.820000,-0.007428
2025-05-01T10:29:57.830000,-0.000533
2025-05-01T10:29:57.840000,0.000669
2025-05-01T10:29:57.850000,0.009256
2025-05-01T10:29:57.860000,-0.002559
2025-05-01T10:29:57.870000,-0.014541
2025-05-01T10:29:57.880000,0.013387
2025-05-01T10:29:57.890000,0.002590
2025-05-01T10:29:57.900000,-0.002308
2025-05-01T10:29:57.910000,-0.006957
2025-05-01T10:29:57.920000,-0.002287
2025-05-01T10:29:57.930000,0.008536
2025-05-01T10:29:57.940000,0.007130
2025-05-01T10:29:57.950000,-0.010308
2025-05-01T10:29:57.960000,0.005909
2025-05-01T10:29:57.970000,0.000557
2025-05-01T10:29:57.980000,-0.005508
2025-05-01T10:29:57.990000,0.012414
2025-05-01T10:29:58,-0.010108
2025-05-01T10:29:58.010000,-0.004330
2025-05-01T10:29:58.020000,0.006691
2025-05-01T10:29:58.030000,-0.009056
2025-05-01T10:29:58.040000,-0.000956
2025-05-01T10:29:58.050000,0.014212
2025-05-01T10:29:58.060000,-0.000766
2025-05-01T10:29:58.070000,0.011774
2025-05-01T10:29:58.080000,-0.006761
2025-05-01T10:29:58.090000,-0.012501
2025-05-01T10:29:58.100000,0.013731
2025-05-01T10:29:58.110000,-0.009693
2025-05-01T10:29:58.120000,-0.001358
2025-05-01T10:29:58.130000,0.014921
2025-05-01T10:29:58.140000,0.009469
2025-05-01T10:29:58.150000,-0.002463
2025-05-01T10:29:58.160000,-0.010141
2025-05-01T10:29:58.170000,0.003115
2025-05-01T10:29:58.180000,-0.006291
2025-05-01T10:29:58.190000,-0.005830
2025-05-01T10:29:58.200000,0.006959
2025-05-01T10:29:58.210000,0.002600
2025-05-01T10:29:58.220000,0.001489
2025-05-01T10:29:58.230000,-0.010146
2025-05-01T10:29:58.240000,0.010373
2025-05-01T10:29:58.250000,0.000768
2025-05-01T10:29:58.260000,0.020403
2025-05-01T10:29:58.270000,-0.001748
2025-05-01T10:29:58.280000,0.005818
2025-05-01T10:29:58.290000,0.000850
2025-05-01T10:29:58.300000,0.003915
2025-05-01T10:29:58.310000,0.000962
2025-05-01T10:29:58.320000,0.003203
2025-05-01T10:29:58.330000,0.015027
2025-05-01T10:29:58.340000,-0.000353
2025-05-01T10:29:58.350000,0.003999
2025-05-01T10:29:58.360000,0.008681
2025-05-01T10:29:58.370000,-0.007269
2025-05-01T10:29:58.380000,-0.004281
2025-05-01T10:29:58.390000,0.005305
2025-05-01T10:29:58.400000,0.023397
2025-05-01T10:29:58.410000,0.002815
2025-05-01T10:29:58.420000,-0.007276
2025-05-01T10:29:58.430000,0.006365
2025-05-01T10:29:58.440000,0.009247
2025-05-01T10:29:58.450000,0.015086
2025-05-01T10:29:58.460000,-0.002350
2025-05-01T10:29:58.470000,0.001580
2025-05-01T10:29:58.480000,0.008585
2025-05-01T10:29:58.490000,-0.001914
2025-05-01T10:29:58.500000,-0.003708
2025-05-01T10:29:58.510000,-0.004033
2025-05-01T10:29:58.520000,-0.010772
2025-05-01T10:29:58.530000,0.002894
2025-05-01T10:29:58.540000,-0.003344
2025-05-01T10:29:58.550000,0.008354
2025-05-01T10:29:58.560000,-0.006378
2025-05-01T10:29:58.570000,-0.000842
2025-05-01T10:29:58.580000,0.006257
2025-05-01T10:29:58.590000,-0.023649
2025-05-01T10:29:58.600000,0.011846
2025-05-01T10:29:58.610000,0.011983
2025-05-01T10:29:58.620000,-0.019740
2025-05-01T10:29:58.630000,0.012643
2025-05-01T10:29:58.640000,0.018484
2025-05-01T10:29:58.650000,-0.005347
2025-05-01T10:29:58.660000,0.011574
2025-05-01T10:29:58.670000,-0.006936
2025-05-01T10:29:58.680000,0.014247
2025-05-01T10:29:58.690000,0.015125
2025-05-01T10:29:58.700000,-0.005177
2025-05-01T10:29:58.710000,0.011089
2025-05-01T10:29:58.720000,-0.017946
2025-05-01T10:29:58.730000,0.007244
2025-05-01T10:29:58.740000,-0.000673
2025-05-01T10:29:58.750000,0.001536
2025-05-01T10:29:58.760000,0.005828
2025-05-01T10:29:58.770000,0.004362
2025-05-01T10:29:58.780000,-0.004864
2025-05-01T10:29:58.790000,0.008209
2025-05-01T10:29:58.800000,0.002690
2025-05-01T10:29:58.810000,-0.018937
2025-05-01T10:29:58.820000,0.001839
2025-05-01T10:29:58.830000,-0.002418
2025-05-01T10:29:58.840000,0.007594
2025-05-01T10:29:58.850000,-0.016334
2025-05-01T10:29:58.860000,-0.004663
2025-05-01T10:29:58.870000,-0.010313
2025-05-01T10:29:58.880000,0.006303
2025-05-01T10:29:58.890000,0.010061
2025-05-01T10:29:58.900000,0.016206
2025-05-01T10:29:58.910000,-0.008367
2025-05-01T10:29:58.920000,0.000776
2025-05-01T10:29:58.930000,0.013871
2025-05-01T10:29:58.940000,0.016443
2025-05-01T10:29:58.950000,0.008968
2025-05-01T10:29:58.960000,-0.005888
2025-05-01T10:29:58.970000,0.012357
2025-05-01T10:29:58.980000,-0.022982
2025-05-01T10:29:58.990000,-0.005434
2025-05-01T10:29:59,-0.009763
2025-05-01T10:29:59.010000,0.006775
2025-05-01T10:29:59.020000,0.010944
2025-05-01T10:29:59.030000,0.018481
2025-05-01T10:29:59.040000,-0.008285
2025-05-01T10:29:59.050000,0.001090
2025-05-01T10:29:59.060000,-0.000268
2025-05-01T10:29:59.070000,-0.000420
2025-05-01T10:29:59.080000,0.013441
2025-05-01T10:29:59.090000,-0.003233
2025-05-01T10:29:59.100000,-0.003751
2025-05-01T10:29:59.110000,-0.003289
2025-05-01T10:29:59.120000,0.002105
2025-05-01T10:29:59.130000,-0.006730
2025-05-01T10:29:59.140000,0.013384
2025-05-01T10:29:59.150000,-0.007630
2025-05-01T10:29:59.160000,0.008010
2025-05-01T10:29:59.170000,-0.007829
2025-05-01T10:29:59.180000,0.004580
2025-05-01T10:29:59.190000,0.006294
2025-05-01T10:29:59.200000,0.011902
2025-05-01T10:29:59.210000,-0.016581
2025-05-01T10:29:59.220000,-0.004909
2025-05-01T10:29:59.230000,0.019899
2025-05-01T10:29:59.240000,-0.008943
2025-05-01T10:29:59.250000,0.002841
2025-05-01T10:29:59.260000,-0.010964
2025-05-01T10:29:59.270000,-0.008328
2025-05-01T10:29:59.280000,0.018786
2025-05-01T10:29:59.290000,0.006268
2025-05-01T10:29:59.300000,0.013883
2025-05-01T10:29:59.310000,-0.007308
2025-05-01T10:29:59.320000,-0.010375
2025-05-01T10:29:59.330000,-0.008469
2025-05-01T10:29:59.340000,0.005070
2025-05-01T10:29:59.350000,0.012233
2025-05-01T10:29:59.360000,-0.003128
2025-05-01T10:29:59.370000,-0.006040
2025-05-01T10:29:59.380000,-0.008632
2025-05-01T10:29:59.390000,0.007752
2025-05-01T10:29:59.400000,0.019367
2025-05-01T10:29:59.410000,0.000108
2025-05-01T10:29:59.420000,-0.007877
2025-05-01T10:29:59.430000,0.018388
2025-05-01T10:29:59.440000,0.004592
2025-05-01T10:29:59.450000,0.010519
2025-05-01T10:29:59.460000,-0.019846
2025-05-01T10:29:59.470000,-0.019675
2025-05-01T10:29:59.480000,-0.011065
2025-05-01T10:29:59.490000,-0.010066
2025-05-01T10:29:59.500000,0.018028
2025-05-01T10:29:59.510000,0.006656
2025-05-01T10:29:59.520000,0.003043
2025-05-01T10:29:59.530000,-0.014793
2025-05-01T10:29:59.540000,0.002568
2025-05-01T10:29:59.550000,-0.007192
2025-05-01T10:29:59.560000,0.008555
2025-05-01T10:29:59.570000,0.003574
2025-05-01T10:29:59.580000,-0.021240
2025-05-01T10:29:59.590000,-0.004202
2025-05-01T10:29:59.600000,0.013449
2025-05-01T10:29:59.610000,0.022288
2025-05-01T10:29:59.620000,-0.002907
2025-05-01T10:29:59.630000,0.002534
2025-05-01T10:29:59.640000,0.004271
2025-05-01T10:29:59.650000,0.014803
2025-05-01T10:29:59.660000,-0.011390
2025-05-01T10:29:59.670000,0.007032
2025-05-01T10:29:59.680000,-0.008207
2025-05-01T10:29:59.690000,-0.010257
2025-05-01T10:29:59.700000,-0.001744
2025-05-01T10:29:59.710000,0.007007
2025-05-01T10:29:59.720000,0.011794
2025-05-01T10:29:59.730000,-0.011667
2025-05-01T10:29:59.740000,0.007656
2025-05-01T10:29:59.750000,0.002199
2025-05-01T10:29:59.760000,-0.018892
2025-05-01T10:29:59.770000,-0.007632
2025-05-01T10:29:59.780000,0.005709
2025-05-01T10:29:59.790000,-0.001085
2025-05-01T10:29:59.800000,0.003589
2025-05-01T10:29:59.810000,0.015012
2025-05-01T10:29:59.820000,0.011951
2025-05-01T10:29:59.830000,0.007274
2025-05-01T10:29:59.840000,0.016651
2025-05-01T10:29:59.850000,0.010994
2025-05-01T10:29:59.860000,0.004303
2025-05-01T10:29:59.870000,0.001460
2025-05-01T10:29:59.880000,0.003694
2025-05-01T10:29:59.890000,-0.004604
2025-05-01T10:29:59.900000,-0.001255
2025-05-01T10:29:59.910000,-0.004900
2025-05-01T10:29:59.920000,0.001215
2025-05-01T10:29:59.930000,-0.003738
2025-05-01T10:29:59.940000,-0.003893
2025-05-01T10:29:59.950000,0.009956
2025-05-01T10:29:59.960000,0.002076
2025-05-01T10:29:59.970000,0.011200
2025-05-01T10:29:59.980000,-0.011408
2025-05-01T10:29:59.990000,-0.013139
2025-05-01T10:30:00,0.013579
2025-05-01T10:30:00.010000,-0.000876
2025-05-01T10:30:00.020000,-0.008322
2025-05-01T10:30:00.030000,0.010319
2025-05-01T10:30:00.040000,-0.008133
2025-05-01T10:30:00.050000,-0.000545
2025-05-01T10:30:00.060000,0.000451
2025-05-01T10:30:00.070000,0.009250
2025-05-01T10:30:00.080000,-0.010105
2025-05-01T10:30:00.090000,0.003454
2025-05-01T10:30:00.100000,0.005465
2025-05-01T10:30:00.110000,0.013591
2025-05-01T10:30:00.120000,0.001837
2025-05-01T10:30:00.130000,0.000101
2025-05-01T10:30:00.140000,0.011057
2025-05-01T10:30:00.150000,0.003513
2025-05-01T10:30:00.160000,0.010025
2025-05-01T10:30:00.170000,0.009028
2025-05-01T10:30:00.180000,-0.002544
2025-05-01T10:30:00.190000,0.003792
2025-05-01T10:30:00.200000,-0.015395
2025-05-01T10:30:00.210000,0.004252
2025-05-01T10:30:00.220000,0.005753
2025-05-01T10:30:00.230000,-0.013746
2025-05-01T10:30:00.240000,-0.007061
2025-05-01T10:30:00.250000,0.000618
2025-05-01T10:30:00.260000,-0.018988
2025-05-01T10:30:00.270000,0.021342
2025-05-01T10:30:00.280000,-0.008226
2025-05-01T10:30:00.290000,0.000248
2025-05-01T10:30:00.300000,-0.008157
2025-05-01T10:30:00.310000,-0.007320
2025-05-01T10:30:00.320000,0.002506
2025-05-01T10:30:00.330000,0.004676
2025-05-01T10:30:00.340000,0.002739
2025-05-01T10:30:00.350000,0.004259
2025-05-01T10:30:00.360000,0.000638
2025-05-01T10:30:00.370000,0.010178
2025-05-01T10:30:00.380000,-0.012105
2025-05-01T10:30:00.390000,0.005669
2025-05-01T10:30:00.400000,-0.016308
2025-05-01T10:30:00.410000,0.005597
2025-05-01T10:30:00.420000,0.005685
2025-05-01T10:30:00.430000,-0.011693
2025-05-01T10:30:00.440000,0.002603
2025-05-01T10:30:00.450000,-0.007315
2025-05-01T10:30:00.460000,0.002825
2025-05-01T10:30:00.470000,0.012606
2025-05-01T10:30:00.480000,0.000878
2025-05-01T10:30:00.490000,0.013337
2025-05-01T10:30:00.500000,0.006048
2025-05-01T10:30:00.510000,-0.005288
2025-05-01T10:30:00.520000,0.012209
2025-05-01T10:30:00.530000,0.000241
2025-05-01T10:30:00.540000,0.002889
2025-05-01T10:30:00.550000,0.004189
2025-05-01T10:30:00.560000,0.004386
2025-05-01T10:30:00.570000,0.004281
2025-05-01T10:30:00.580000,0.000719
2025-05-01T10:30:00.590000,-0.001957
2025-05-01T10:30:00.600000,-0.008557
2025-05-01T10:30:00.610000,0.001200
2025-05-01T10:30:00.620000,0.008025
2025-05-01T10:30:00.630000,-0.000888
2025-05-01T10:30:00.640000,-0.024398
2025-05-01T10:30:00.650000,0.004845
2025-05-01T10:30:00.660000,0.001257
2025-05-01T10:30:00.670000,0.000502
2025-05-01T10:30:00.680000,-0.017662
2025-05-01T10:30:00.690000,0.002235
2025-05-01T10:30:00.700000,-0.006103
2025-05-01T10:30:00.710000,-0.001414
2025-05-01T10:30:00.720000,-0.023437
2025-05-01T10:30:00.730000,0.002745
2025-05-01T10:30:00.740000,0.009319
2025-05-01T10:30:00.750000,-0.007466
2025-05-01T10:30:00.760000,-0.003094
2025-05-01T10:30:00.770000,0.001493
2025-05-01T10:30:00.780000,0.006524
2025-05-01T10:30:00.790000,0.011857
2025-05-01T10:30:00.800000,0.008334
2025-05-01T10:30:00.810000,-0.008369
2025-05-01T10:30:00.820000,0.008491
2025-05-01T10:30:00.830000,0.001262
2025-05-01T10:30:00.840000,0.007281
2025-05-01T10:30:00.850000,-0.000109
2025-05-01T10:30:00.860000,0.003019
2025-05-01T10:30:00.870000,0.013183
2025-05-01T10:30:00.880000,-0.000315
2025-05-01T10:30:00.890000,-0.017083
2025-05-01T10:30:00.900000,-0.001364
2025-05-01T10:30:00.910000,-0.004722
2025-05-01T10:30:00.920000,-0.007907
2025-05-01T10:30:00.930000,-0.013059
2025-05-01T10:30:00.940000,0.000605
2025-05-01T10:30:00.950000,-0.004546
2025-05-01T10:30:00.960000,0.001038
2025-05-01T10:30:00.970000,0.023988
2025-05-01T10:30:00.980000,-0.008718
2025-05-01T10:30:00.990000,0.005312
2025-05-01T10:30:01,-0.002700
2025-05-01T10:30:01.010000,-0.006216
2025-05-01T10:30:01.020000,-0.009279
2025-05-01T10:30:01.030000,-0.001068
2025-05-01T10:30:01.040000,-0.003255
2025-05-01T10:30:01.050000,-0.019017
2025-05-01T10:30:01.060000,0.012620
2025-05-01T10:30:01.070000,-0.007858
2025-05-01T10:30:01.080000,0.003827
2025-05-01T10:30:01.090000,-0.012885
2025-05-01T10:30:01.100000,-0.008079
2025-05-01T10:30:01.110000,-0.007540
2025-05-01T10:30:01.120000,0.009435
2025-05-01T10:30:01.130000,-0.007096
2025-05-01T10:30:01.140000,0.006025
2025-05-01T10:30:01.150000,-0.015397
2025-05-01T10:30:01.160000,0.010350
2025-05-01T10:30:01.170000,0.004466
2025-05-01T10:30:01.180000,-0.006761
2025-05-01T10:30:01.190000,0.008956
2025-05-01T10:30:01.200000,0.002850
2025-05-01T10:30:01.210000,0.007187
2025-05-01T10:30:01.220000,0.005016
2025-05-01T10:30:01.230000,0.003569
2025-05-01T10:30:01.240000,0.000574
2025-05-01T10:30:01.250000,0.010083
2025-05-01T10:30:01.260000,0.003771
2025-05-01T10:30:01.270000,-0.007297
2025-05-01T10:30:01.280000,-0.002390
2025-05-01T10:30:01.290000,-0.001259
2025-05-01T10:30:01.300000,-0.021960
2025-05-01T10:30:01.310000,-0.002784
2025-05-01T10:30:01.320000,-0.024253
2025-05-01T10:30:01.330000,-0.002454
2025-05-01T10:30:01.340000,0.006511
2025-05-01T10:30:01.350000,-0.009798
2025-05-01T10:30:01.360000,0.000397
2025-05-01T10:30:01.370000,-0.001268
2025-05-01T10:30:01.380000,-0.009967
2025-05-01T10:30:01.390000,-0.002141
2025-05-01T10:30:01.400000,-0.003325
2025-05-01T10:30:01.410000,0.008161
2025-05-01T10:30:01.420000,0.004570
2025-05-01T10:30:01.430000,0.001970
2025-05-01T10:30:01.440000,-0.002248
2025-05-01T10:30:01.450000,0.007438
2025-05-01T10:30:01.460000,0.013270
2025-05-01T10:30:01.470000,0.008035
2025-05-01T10:30:01.480000,-0.007564
2025-05-01T10:30:01.490000,0.002965
2025-05-01T10:30:01.500000,0.007183
2025-05-01T10:30:01.510000,-0.019484
2025-05-01T10:30:01.520000,-0.005887
2025-05-01T10:30:01.530000,-0.010709
2025-05-01T10:30:01.540000,-0.001535
2025-05-01T10:30:01.550000,0.009017
2025-05-01T10:30:01.560000,0.018386
2025-05-01T10:30:01.570000,0.009444
2025-05-01T10:30:01.580000,-0.001182
2025-05-01T10:30:01.590000,-0.000442
2025-05-01T10:30:01.600000,-0.007145
2025-05-01T10:30:01.610000,-0.026148
2025-05-01T10:30:01.620000,0.010488
2025-05-01T10:30:01.630000,-0.015798
2025-05-01T10:30:01.640000,-0.008760
2025-05-01T10:30:01.650000,0.019821
2025-05-01T10:30:01.660000,0.001932
2025-05-01T10:30:01.670000,-0.003355
2025-05-01T10:30:01.680000,0.010666
2025-05-01T10:30:01.690000,-0.003775
2025-05-01T10:30:01.700000,-0.010850
2025-05-01T10:30:01.710000,0.000986
2025-05-01T10:30:01.720000,0.004968
2025-05-01T10:30:01.730000,0.001290
2025-05-01T10:30:01.740000,-0.002036
2025-05-01T10:30:01.750000,0.001085
2025-05-01T10:30:01.760000,0.009625
2025-05-01T10:30:01.770000,-0.025985
2025-05-01T10:30:01.780000,0.003519
2025-05-01T10:30:01.790000,0.000260
2025-05-01T10:30:01.800000,-0.000121
2025-05-01T10:30:01.810000,-0.005509
2025-05-01T10:30:01.820000,-0.006190
2025-05-01T10:30:01.830000,-0.007299
2025-05-01T10:30:01.840000,-0.019830
2025-05-01T10:30:01.850000,0.014220
2025-05-01T10:30:01.860000,-0.005860
2025-05-01T10:30:01.870000,0.013906
2025-05-01T10:30:01.880000,0.003606
2025-05-01T10:30:01.890000,0.012001
2025-05-01T10:30:01.900000,-0.007094
2025-05-01T10:30:01.910000,0.000635
2025-05-01T10:30:01.920000,-0.013543
2025-05-01T10:30:01.930000,-0.008215
2025-05-01T10:30:01.940000,0.006661
2025-05-01T10:30:01.950000,-0.005383
2025-05-01T10:30:01.960000,-0.009963
2025-05-01T10:30:01.970000,-0.006659
2025-05-01T10:30:01.980000,0.009609
2025-05-01T10:30:01.990000,0.011015
2025-05-01T10:30:02,-0.020664
2025-05-01T10:30:02.010000,-0.020866
2025-05-01T10:30:02.020000,-0.000200
2025-05-01T10:30:02.030000,-0.013581
2025-05-01T10:30:02.040000,-0.003534
2025-05-01T10:30:02.050000,0.003279
2025-05-01T10:30:02.060000,0.007414
2025-05-01T10:30:02.070000,-0.013944
2025-05-01T10:30:02.080000,0.007451
2025-05-01T10:30:02.090000,0.012719
2025-05-01T10:30:02.100000,0.002607
2025-05-01T10:30:02.110000,-0.008100
2025-05-01T10:30:02.120000,0.012612
2025-05-01T10:30:02.130000,0.004110
2025-05-01T10:30:02.140000,-0.017319
2025-05-01T10:30:02.150000,-0.008391
2025-05-01T10:30:02.160000,0.001878
2025-05-01T10:30:02.170000,0.014570
2025-05-01T10:30:02.180000,0.007959
2025-05-01T10:30:02.190000,0.012001
2025-05-01T10:30:02.200000,-0.002192
2025-05-01T10:30:02.210000,0.007894
2025-05-01T10:30:02.220000,-0.021760
2025-05-01T10:30:02.230000,0.003567
2025-05-01T10:30:02.240000,0.000363
2025-05-01T10:30:02.250000,0.005672
2025-05-01T10:30:02.260000,-0.001547
2025-05-01T10:30:02.270000,0.007131
2025-05-01T10:30:02.280000,-0.013616
2025-05-01T10:30:02.290000,-0.008060
2025-05-01T10:30:02.300000,-0.007315
2025-05-01T10:30:02.310000,-0.000218
2025-05-01T10:30:02.320000,-0.001611
2025-05-01T10:30:02.330000,0.000915
2025-05-01T10:30:02.340000,0.000641
2025-05-01T10:30:02.350000,0.006786
2025-05-01T10:30:02.360000,0.011766
2025-05-01T10:30:02.370000,0.006051
2025-05-01T10:30:02.380000,0.007638
2025-05-01T10:30:02.390000,-0.015083
2025-05-01T10:30:02.400000,-0.003333
2025-05-01T10:30:02.410000,0.009622
2025-05-01T10:30:02.420000,0.003394
2025-05-01T10:30:02.430000,0.009214
2025-05-01T10:30:02.440000,0.015567
2025-05-01T10:30:02.450000,0.004564
2025-05-01T10:30:02.460000,-0.008309
2025-05-01T10:30:02.470000,-0.006311
2025-05-01T10:30:02.480000,-0.013744
2025-05-01T10:30:02.490000,-0.009912
2025-05-01T10:30:02.500000,0.006348
2025-05-01T10:30:02.510000,-0.010158
2025-05-01T10:30:02.520000,0.017880
2025-05-01T10:30:02.530000,0.013018
2025-05-01T10:30:02.540000,0.008592
2025-05-01T10:30:02.550000,-0.000079
2025-05-01T10:30:02.560000,-0.012393
2025-05-01T10:30:02.570000,-0.006492
2025-05-01T10:30:02.580000,-0.002513
2025-05-01T10:30:02.590000,0.007270
2025-05-01T10:30:02.600000,0.015458
2025-05-01T10:30:02.610000,-0.011472
2025-05-01T10:30:02.620000,0.005032
2025-05-01T10:30:02.630000,0.002095
2025-05-01T10:30:02.640000,-0.016003
2025-05-01T10:30:02.650000,-0.008085
2025-05-01T10:30:02.660000,0.006510
2025-05-01T10:30:02.670000,0.024865
2025-05-01T10:30:02.680000,-0.013557
2025-05-01T10:30:02.690000,0.002841
2025-05-01T10:30:02.700000,0.015522
2025-05-01T10:30:02.710000,0.014165
2025-05-01T10:30:02.720000,-0.002350
2025-05-01T10:30:02.730000,-0.018264
2025-05-01T10:30:02.740000,0.010112
2025-05-01T10:30:02.750000,0.014165
2025-05-01T10:30:02.760000,-0.023518
2025-05-01T10:30:02.770000,0.002745
2025-05-01T10:30:02.780000,0.000609
2025-05-01T10:30:02.790000,-0.015411
2025-05-01T10:30:02.800000,-0.018453
2025-05-01T10:30:02.810000,-0.005102
2025-05-01T10:30:02.820000,-0.006059
2025-05-01T10:30:02.830000,0.003056
2025-05-01T10:30:02.840000,-0.002700
2025-05-01T10:30:02.850000,-0.007646
2025-05-01T10:30:02.860000,-0.004946
2025-05-01T10:30:02.870000,-0.002460
2025-05-01T10:30:02.880000,0.007665
2025-05-01T10:30:02.890000,0.000834
2025-05-01T10:30:02.900000,-0.019858
2025-05-01T10:30:02.910000,0.002072
2025-05-01T10:30:02.920000,-0.012826
2025-05-01T10:30:02.930000,-0.009750
2025-05-01T10:30:02.940000,-0.013196
2025-05-01T10:30:02.950000,0.001094
2025-05-01T10:30:02.960000,0.005160
2025-05-01T10:30:02.970000,0.027152
2025-05-01T10:30:02.980000,0.001169
2025-05-01T10:30:02.990000,-0.003702
2025-05-01T10:30:03,0.001454
2025-05-01T10:30:03.010000,0.015201
2025-05-01T10:30:03.020000,0.003324
2025-05-01T10:30:03.030000,-0.012651
2025-05-01T10:30:03.040000,-0.008627
2025-05-01T10:30:03.050000,-0.005737
2025-05-01T10:30:03.060000,-0.001447
2025-05-01T10:30:03.070000,0.013659
2025-05-01T10:30:03.080000,0.013809
2025-05-01T10:30:03.090000,-0.006343
2025-05-01T10:30:03.100000,-0.002499
2025-05-01T10:30:03.110000,0.009060
2025-05-01T10:30:03.120000,-0.009580
2025-05-01T10:30:03.130000,-0.013225
2025-05-01T10:30:03.140000,-0.003249
2025-05-01T10:30:03.150000,-0.004473
2025-05-01T10:30:03.160000,0.015038
2025-05-01T10:30:03.170000,-0.015972
2025-05-01T10:30:03.180000,0.005227
2025-05-01T10:30:03.190000,0.002789
2025-05-01T10:30:03.200000,-0.019180
2025-05-01T10:30:03.210000,0.007032
2025-05-01T10:30:03.220000,-0.002921
2025-05-01T10:30:03.230000,0.009614
2025-05-01T10:30:03.240000,0.000631
2025-05-01T10:30:03.250000,0.022010
2025-05-01T10:30:03.260000,0.017489
2025-05-01T10:30:03.270000,-0.003792
2025-05-01T10:30:03.280000,-0.008507
2025-05-01T10:30:03.290000,0.007290
2025-05-01T10:30:03.300000,-0.022977
2025-05-01T10:30:03.310000,0.009385
2025-05-01T10:30:03.320000,-0.003111
2025-05-01T10:30:03.330000,0.001709
2025-05-01T10:30:03.340000,0.002503
2025-05-01T10:30:03.350000,-0.001986
2025-05-01T10:30:03.360000,-0.001073
2025-05-01T10:30:03.370000,-0.011037
2025-05-01T10:30:03.380000,0.005311
2025-05-01T10:30:03.390000,0.015348
2025-05-01T10:30:03.400000,0.009542
2025-05-01T10:30:03.410000,-0.011593
2025-05-01T10:30:03.420000,0.019342
2025-05-01T10:30:03.430000,-0.013238
2025-05-01T10:30:03.440000,-0.003632
2025-05-01T10:30:03.450000,-0.016285
2025-05-01T10:30:03.460000,0.024869
2025-05-01T10:30:03.470000,-0.010771
2025-05-01T10:30:03.480000,-0.004151
2025-05-01T10:30:03.490000,0.012526
2025-05-01T10:30:03.500000,-0.005543
2025-05-01T10:30:03.510000,-0.003464
2025-05-01T10:30:03.520000,-0.006301
2025-05-01T10:30:03.530000,-0.024996
2025-05-01T10:30:03.540000,-0.000082
2025-05-01T10:30:03.550000,0.005394
2025-05-01T10:30:03.560000,-0.018456
2025-05-01T10:30:03.570000,0.005756
2025-05-01T10:30:03.580000,-0.005725
2025-05-01T10:30:03.590000,0.003182
2025-05-01T10:30:03.600000,0.029402
2025-05-01T10:30:03.610000,0.009785
2025-05-01T10:30:03.620000,-0.002151
2025-05-01T10:30:03.630000,0.000573
2025-05-01T10:30:03.640000,-0.006075
2025-05-01T10:30:03.650000,0.000420
2025-05-01T10:30:03.660000,0.005027
2025-05-01T10:30:03.670000,0.002925
2025-05-01T10:30:03.680000,-0.004141
2025-05-01T10:30:03.690000,-0.000007
2025-05-01T10:30:03.700000,0.009264
2025-05-01T10:30:03.710000,0.011353
2025-05-01T10:30:03.720000,0.002632
2025-05-01T10:30:03.730000,0.006191
2025-05-01T10:30:03.740000,-0.000319
2025-05-01T10:30:03.750000,0.003354
2025-05-01T10:30:03.760000,-0.002428
2025-05-01T10:30:03.770000,0.010813
2025-05-01T10:30:03.780000,-0.001231
2025-05-01T10:30:03.790000,-0.004684
2025-05-01T10:30:03.800000,0.008039
2025-05-01T10:30:03.810000,-0.010924
2025-05-01T10:30:03.820000,-0.006995
2025-05-01T10:30:03.830000,-0.010539
2025-05-01T10:30:03.840000,-0.000937
2025-05-01T10:30:03.850000,-0.007395
2025-05-01T10:30:03.860000,0.002462
2025-05-01T10:30:03.870000,0.000064
2025-05-01T10:30:03.880000,0.000167
2025-05-01T10:30:03.890000,0.007555
2025-05-01T10:30:03.900000,-0.003703
2025-05-01T10:30:03.910000,-0.027553
2025-05-01T10:30:03.920000,0.004745
2025-05-01T10:30:03.930000,-0.002177
2025-05-01T10:30:03.940000,0.007497
2025-05-01T10:30:03.950000,0.007235
2025-05-01T10:30:03.960000,0.003331
2025-05-01T10:30:03.970000,0.004081
2025-05-01T10:30:03.980000,-0.013657
2025-05-01T10:30:03.990000,0.007210
2025-05-01T10:30:04,0.002906
2025-05-01T10:30:04.010000,0.025060
2025-05-01T10:30:04.020000,0.013933
2025-05-01T10:30:04.030000,0.011743
2025-05-01T10:30:04.040000,0.005982
2025-05-01T10:30:04.050000,0.003925
2025-05-01T10:30:04.060000,-0.005603
2025-05-01T10:30:04.070000,-0.009932
2025-05-01T10:30:04.080000,-0.011132
2025-05-01T10:30:04.090000,0.017732
2025-05-01T10:30:04.100000,0.004953
2025-05-01T10:30:04.110000,-0.013591
2025-05-01T10:30:04.120000,-0.018433
2025-05-01T10:30:04.130000,-0.016743
2025-05-01T10:30:04.140000,-0.002818
2025-05-01T10:30:04.150000,0.017296
2025-05-01T10:30:04.160000,0.002561
2025-05-01T10:30:04.170000,0.000154
2025-05-01T10:30:04.180000,0.000471
2025-05-01T10:30:04.190000,-0.008085
2025-05-01T10:30:04.200000,-0.002591
2025-05-01T10:30:04.210000,0.003497
2025-05-01T10:30:04.220000,0.010533
2025-05-01T10:30:04.230000,-0.015502
2025-05-01T10:30:04.240000,-0.012389
2025-05-01T10:30:04.250000,0.020593
2025-05-01T10:30:04.260000,0.006669
2025-05-01T10:30:04.270000,-0.002506
2025-05-01T10:30:04.280000,0.025140
2025-05-01T10:30:04.290000,-0.005218
2025-05-01T10:30:04.300000,-0.010601
2025-05-01T10:30:04.310000,-0.000664
2025-05-01T10:30:04.320000,-0.007335
2025-05-01T10:30:04.330000,-0.003904
2025-05-01T10:30:04.340000,0.018331
2025-05-01T10:30:04.350000,0.009737
2025-05-01T10:30:04.360000,-0.009052
2025-05-01T10:30:04.370000,0.000498
2025-05-01T10:30:04.380000,0.004490
2025-05-01T10:30:04.390000,0.001691
2025-05-01T10:30:04.400000,-0.018194
2025-05-01T10:30:04.410000,-0.006309
2025-05-01T10:30:04.420000,-0.023674
2025-05-01T10:30:04.430000,0.023952
2025-05-01T10:30:04.440000,0.002037
2025-05-01T10:30:04.450000,0.018891
2025-05-01T10:30:04.460000,-0.005086
2025-05-01T10:30:04.470000,0.002148
2025-05-01T10:30:04.480000,-0.000700
2025-05-01T10:30:04.490000,0.019622
2025-05-01T10:30:04.500000,-0.002647
2025-05-01T10:30:04.510000,0.011424
2025-05-01T10:30:04.520000,0.000354
2025-05-01T10:30:04.530000,-0.004800
2025-05-01T10:30:04.540000,0.004654
2025-05-01T10:30:04.550000,-0.003922
2025-05-01T10:30:04.560000,-0.003914
2025-05-01T10:30:04.570000,0.006897
2025-05-01T10:30:04.580000,-0.006161
2025-05-01T10:30:04.590000,0.010860
2025-05-01T10:30:04.600000,-0.013064
2025-05-01T10:30:04.610000,-0.005439
2025-05-01T10:30:04.620000,-0.023416
2025-05-01T10:30:04.630000,0.000725
2025-05-01T10:30:04.640000,-0.010255
2025-05-01T10:30:04.650000,0.000939
2025-05-01T10:30:04.660000,0.000877
2025-05-01T10:30:04.670000,-0.001478
2025-05-01T10:30:04.680000,-0.000938
2025-05-01T10:30:04.690000,0.000135
2025-05-01T10:30:04.700000,0.010623
2025-05-01T10:30:04.710000,-0.001207
2025-05-01T10:30:04.720000,0.013123
2025-05-01T10:30:04.730000,0.011023
2025-05-01T10:30:04.740000,-0.011624
2025-05-01T10:30:04.750000,0.007806
2025-05-01T10:30:04.760000,-0.003423
2025-05-01T10:30:04.770000,0.011775
2025-05-01T10:30:04.780000,0.000369
2025-05-01T10:30:04.790000,0.012590
2025-05-01T10:30:04.800000,-0.003881
2025-05-01T10:30:04.810000,0.004038
2025-05-01T10:30:04.820000,-0.004680
2025-05-01T10:30:04.830000,0.001818
2025-05-01T10:30:04.840000,-0.002149
2025-05-01T10:30:04.850000,-0.006960
2025-05-01T10:30:04.860000,-0.004674
2025-05-01T10:30:04.870000,-0.004845
2025-05-01T10:30:04.880000,-0.008798
2025-05-01T10:30:04.890000,0.015708
2025-05-01T10:30:04.900000,0.013825
2025-05-01T10:30:04.910000,-0.019197
2025-05-01T10:30:04.920000,0.002350
2025-05-01T10:30:04.930000,-0.004408
2025-05-01T10:30:04.940000,0.005365
2025-05-01T10:30:04.950000,-0.008932
2025-05-01T10:30:04.960000,-0.000363
2025-05-01T10:30:04.970000,0.012951
2025-05-01T10:30:04.980000,0.000695
2025-05-01T10:30:04.990000,-0.003343
2025-05-01T10:30:05,0.003601
2025-05-01T10:30:05.010000,-0.004447
2025-05-01T10:30:05.020000,0.002877
2025-05-01T10:30:05.030000,-0.011032
2025-05-01T10:30:05.040000,-0.004051
2025-05-01T10:30:05.050000,-0.001946
2025-05-01T10:30:05.060000,0.015658
2025-05-01T10:30:05.070000,-0.006433
2025-05-01T10:30:05.080000,-0.001130
2025-05-01T10:30:05.090000,0.002420
2025-05-01T10:30:05.100000,-0.020225
2025-05-01T10:30:05.110000,-0.001109
2025-05-01T10:30:05.120000,-0.001933
2025-05-01T10:30:05.130000,-0.007843
2025-05-01T10:30:05.140000,0.009956
2025-05-01T10:30:05.150000,0.000238
2025-05-01T10:30:05.160000,0.013876
2025-05-01T10:30:05.170000,0.007668
2025-05-01T10:30:05.180000,0.014109
2025-05-01T10:30:05.190000,-0.005436
2025-05-01T10:30:05.200000,-0.023335
2025-05-01T10:30:05.210000,0.006858
2025-05-01T10:30:05.220000,0.000469
2025-05-01T10:30:05.230000,-0.004659
2025-05-01T10:30:05.240000,0.013711
2025-05-01T10:30:05.250000,0.005518
2025-05-01T10:30:05.260000,-0.007981
2025-05-01T10:30:05.270000,0.021321
2025-05-01T10:30:05.280000,-0.002092
2025-05-01T10:30:05.290000,0.002236
2025-05-01T10:30:05.300000,-0.004717
2025-05-01T10:30:05.310000,0.000252
2025-05-01T10:30:05.320000,-0.012827
2025-05-01T10:30:05.330000,-0.006874
2025-05-01T10:30:05.340000,0.000271
2025-05-01T10:30:05.350000,-0.000071
2025-05-01T10:30:05.360000,-0.007518
2025-05-01T10:30:05.370000,-0.002771
2025-05-01T10:30:05.380000,0.003007
2025-05-01T10:30:05.390000,-0.001700
2025-05-01T10:30:05.400000,0.012920
2025-05-01T10:30:05.410000,-0.030919
2025-05-01T10:30:05.420000,0.008107
2025-05-01T10:30:05.430000,-0.011351
2025-05-01T10:30:05.440000,-0.023198
2025-05-01T10:30:05.450000,-0.003867
2025-05-01T10:30:05.460000,0.010444
2025-05-01T10:30:05.470000,0.000012
2025-05-01T10:30:05.480000,0.003144
2025-05-01T10:30:05.490000,-0.010256
2025-05-01T10:30:05.500000,-0.017109
2025-05-01T10:30:05.510000,0.011889
2025-05-01T10:30:05.520000,0.008481
2025-05-01T10:30:05.530000,0.024779
2025-05-01T10:30:05.540000,-0.010373
2025-05-01T10:30:05.550000,-0.017426
2025-05-01T10:30:05.560000,-0.004358
2025-05-01T10:30:05.570000,-0.014315
2025-05-01T10:30:05.580000,-0.005046
2025-05-01T10:30:05.590000,-0.000173
2025-05-01T10:30:05.600000,-0.014495
2025-05-01T10:30:05.610000,-0.000407
2025-05-01T10:30:05.620000,-0.000154
2025-05-01T10:30:05.630000,-0.006594
2025-05-01T10:30:05.640000,0.000614
2025-05-01T10:30:05.650000,0.018808
2025-05-01T10:30:05.660000,0.011786
2025-05-01T10:30:05.670000,0.000678
2025-05-01T10:30:05.680000,-0.013505
2025-05-01T10:30:05.690000,0.002650
2025-05-01T10:30:05.700000,0.010176
2025-05-01T10:30:05.710000,0.006723
2025-05-01T10:30:05.720000,-0.004981
2025-05-01T10:30:05.730000,-0.015673
2025-05-01T10:30:05.740000,-0.006941
2025-05-01T10:30:05.750000,-0.002393
2025-05-01T10:30:05.760000,-0.001960
2025-05-01T10:30:05.770000,-0.018839
2025-05-01T10:30:05.780000,0.006912
2025-05-01T10:30:05.790000,-0.007515
2025-05-01T10:30:05.800000,-0.005261
2025-05-01T10:30:05.810000,-0.002658
2025-05-01T10:30:05.820000,0.014980
2025-05-01T10:30:05.830000,0.017691
2025-05-01T10:30:05.840000,-0.006090
2025-05-01T10:30:05.850000,-0.006341
2025-05-01T10:30:05.860000,0.019702
2025-05-01T10:30:05.870000,-0.010306
2025-05-01T10:30:05.880000,0.007648
2025-05-01T10:30:05.890000,0.022511
2025-05-01T10:30:05.900000,-0.005723
2025-05-01T10:30:05.910000,-0.008033
2025-05-01T10:30:05.920000,-0.004247
2025-05-01T10:30:05.930000,-0.023850
2025-05-01T10:30:05.940000,-0.014846
2025-05-01T10:30:05.950000,0.014857
2025-05-01T10:30:05.960000,-0.015561
2025-05-01T10:30:05.970000,-0.009118
2025-05-01T10:30:05.980000,0.008334
2025-05-01T10:30:05.990000,0.004013
2025-05-01T10:30:06,0.001521
2025-05-01T10:30:06.010000,0.009738
2025-05-01T10:30:06.020000,0.000286
2025-05-01T10:30:06.030000,0.015472
2025-05-01T10:30:06.040000,-0.008219
2025-05-01T10:30:06.050000,0.007434
2025-05-01T10:30:06.060000,0.010096
2025-05-01T10:30:06.070000,0.010858
2025-05-01T10:30:06.080000,0.008556
2025-05-01T10:30:06.090000,0.004955
2025-05-01T10:30:06.100000,-0.016645
2025-05-01T10:30:06.110000,0.006181
2025-05-01T10:30:06.120000,-0.000394
2025-05-01T10:30:06.130000,-0.012893
2025-05-01T10:30:06.140000,-0.001666
2025-05-01T10:30:06.150000,0.011307
2025-05-01T10:30:06.160000,0.002531
2025-05-01T10:30:06.170000,-0.007262
2025-05-01T10:30:06.180000,0.004842
2025-05-01T10:30:06.190000,0.008704
2025-05-01T10:30:06.200000,-0.001655
2025-05-01T10:30:06.210000,-0.014598
2025-05-01T10:30:06.220000,0.002039
2025-05-01T10:30:06.230000,0.011734
2025-05-01T10:30:06.240000,0.000854
2025-05-01T10:30:06.250000,-0.002542
2025-05-01T10:30:06.260000,-0.016583
2025-05-01T10:30:06.270000,0.017643
2025-05-01T10:30:06.280000,-0.004028
2025-05-01T10:30:06.290000,-0.017581
2025-05-01T10:30:06.300000,-0.005542
2025-05-01T10:30:06.310000,0.010278
2025-05-01T10:30:06.320000,-0.003437
2025-05-01T10:30:06.330000,0.006899
2025-05-01T10:30:06.340000,-0.002916
2025-05-01T10:30:06.350000,-0.010519
2025-05-01T10:30:06.360000,-0.004993
2025-05-01T10:30:06.370000,-0.019277
2025-05-01T10:30:06.380000,-0.004144
2025-05-01T10:30:06.390000,-0.008722
2025-05-01T10:30:06.400000,0.002393
2025-05-01T10:30:06.410000,0.001187
2025-05-01T10:30:06.420000,0.005002
2025-05-01T10:30:06.430000,0.002212
2025-05-01T10:30:06.440000,0.011967
2025-05-01T10:30:06.450000,0.022081
2025-05-01T10:30:06.460000,0.006348
2025-05-01T10:30:06.470000,0.006502
2025-05-01T10:30:06.480000,-0.014175
2025-05-01T10:30:06.490000,-0.019353
2025-05-01T10:30:06.500000,0.003044
2025-05-01T10:30:06.510000,-0.018884
2025-05-01T10:30:06.520000,-0.012973
2025-05-01T10:30:06.530000,0.005297
2025-05-01T10:30:06.540000,0.005006
2025-05-01T10:30:06.550000,-0.007679
2025-05-01T10:30:06.560000,-0.019921
2025-05-01T10:30:06.570000,-0.004612
2025-05-01T10:30:06.580000,0.000080
2025-05-01T10:30:06.590000,0.005205
2025-05-01T10:30:06.600000,0.005027
2025-05-01T10:30:06.610000,0.008278
2025-05-01T10:30:06.620000,0.007223
2025-05-01T10:30:06.630000,0.011385
2025-05-01T10:30:06.640000,0.013251
2025-05-01T10:30:06.650000,-0.014702
2025-05-01T10:30:06.660000,-0.004122
2025-05-01T10:30:06.670000,-0.010215
2025-05-01T10:30:06.680000,0.010739
2025-05-01T10:30:06.690000,0.005458
2025-05-01T10:30:06.700000,-0.007749
2025-05-01T10:30:06.710000,0.002485
2025-05-01T10:30:06.720000,0.000057
2025-05-01T10:30:06.730000,0.009560
2025-05-01T10:30:06.740000,0.014625
2025-05-01T10:30:06.750000,0.000158
2025-05-01T10:30:06.760000,0.009673
2025-05-01T10:30:06.770000,0.000328
2025-05-01T10:30:06.780000,-0.006301
2025-05-01T10:30:06.790000,0.017907
2025-05-01T10:30:06.800000,-0.001921
2025-05-01T10:30:06.810000,-0.007106
2025-05-01T10:30:06.820000,0.000298
2025-05-01T10:30:06.830000,0.016176
2025-05-01T10:30:06.840000,-0.020532
2025-05-01T10:30:06.850000,-0.003142
2025-05-01T10:30:06.860000,0.013808
2025-05-01T10:30:06.870000,-0.018300
2025-05-01T10:30:06.880000,-0.014269
2025-05-01T10:30:06.890000,0.019022
2025-05-01T10:30:06.900000,-0.020526
2025-05-01T10:30:06.910000,0.020012
2025-05-01T10:30:06.920000,0.011058
2025-05-01T10:30:06.930000,-0.009354
2025-05-01T10:30:06.940000,-0.002812
2025-05-01T10:30:06.950000,0.019387
2025-05-01T10:30:06.960000,-0.001809
2025-05-01T10:30:06.970000,-0.013070
2025-05-01T10:30:06.980000,-0.000761
2025-05-01T10:30:06.990000,0.004110
2025-05-01T10:30:07,-0.012942
2025-05-01T10:30:07.010000,0.013264
2025-05-01T10:30:07.020000,0.012176
2025-05-01T10:30:07.030000,-0.001146
2025-05-01T10:30:07.040000,0.021960
2025-05-01T10:30:07.050000,0.001405
2025-05-01T10:30:07.060000,-0.001466
2025-05-01T10:30:07.070000,-0.010640
2025-05-01T10:30:07.080000,0.012801
2025-05-01T10:30:07.090000,-0.000924
2025-05-01T10:30:07.100000,-0.007264
2025-05-01T10:30:07.110000,0.001146
2025-05-01T10:30:07.120000,-0.006645
2025-05-01T10:30:07.130000,-0.005549
2025-05-01T10:30:07.140000,-0.003846
2025-05-01T10:30:07.150000,-0.012865
2025-05-01T10:30:07.160000,0.007599
2025-05-01T10:30:07.170000,-0.000682
2025-05-01T10:30:07.180000,0.008498
2025-05-01T10:30:07.190000,0.004762
2025-05-01T10:30:07.200000,-0.006440
2025-05-01T10:30:07.210000,0.010983
2025-05-01T10:30:07.220000,0.005657
2025-05-01T10:30:07.230000,-0.003204
2025-05-01T10:30:07.240000,0.006729
2025-05-01T10:30:07.250000,-0.010388
2025-05-01T10:30:07.260000,0.017075
2025-05-01T10:30:07.270000,0.000072
2025-05-01T10:30:07.280000,-0.001232
2025-05-01T10:30:07.290000,0.017797
2025-05-01T10:30:07.300000,-0.003833
2025-05-01T10:30:07.310000,0.001037
2025-05-01T10:30:07.320000,0.005624
2025-05-01T10:30:07.330000,-0.000452
2025-05-01T10:30:07.340000,-0.011055
2025-05-01T10:30:07.350000,0.004996
2025-05-01T10:30:07.360000,0.000401
2025-05-01T10:30:07.370000,-0.009058
2025-05-01T10:30:07.380000,0.004246
2025-05-01T10:30:07.390000,-0.004912
2025-05-01T10:30:07.400000,-0.012093
2025-05-01T10:30:07.410000,-0.010778
2025-05-01T10:30:07.420000,0.003896
2025-05-01T10:30:07.430000,-0.003883
2025-05-01T10:30:07.440000,0.005084
2025-05-01T10:30:07.450000,0.003253
2025-05-01T10:30:07.460000,0.001141
2025-05-01T10:30:07.470000,-0.018496
2025-05-01T10:30:07.480000,0.001854
2025-05-01T10:30:07.490000,-0.000518
2025-05-01T10:30:07.500000,0.014097
2025-05-01T10:30:07.510000,0.004928
2025-05-01T10:30:07.520000,-0.000001
2025-05-01T10:30:07.530000,0.004312
2025-05-01T10:30:07.540000,0.017635
2025-05-01T10:30:07.550000,-0.003017
2025-05-01T10:30:07.560000,-0.004648
2025-05-01T10:30:07.570000,0.008379
2025-05-01T10:30:07.580000,-0.006220
2025-05-01T10:30:07.590000,0.004793
2025-05-01T10:30:07.600000,-0.018313
2025-05-01T10:30:07.610000,0.011723
2025-05-01T10:30:07.620000,-0.005999
2025-05-01T10:30:07.630000,-0.002915
2025-05-01T10:30:07.640000,0.009804
2025-05-01T10:30:07.650000,0.018468
2025-05-01T10:30:07.660000,0.005143
2025-05-01T10:30:07.670000,-0.013535
2025-05-01T10:30:07.680000,-0.011555
2025-05-01T10:30:07.690000,0.007031
2025-05-01T10:30:07.700000,-0.009920
2025-05-01T10:30:07.710000,0.000804
2025-05-01T10:30:07.720000,0.000210
2025-05-01T10:30:07.730000,0.015461
2025-05-01T10:30:07.740000,0.013304
2025-05-01T10:30:07.750000,-0.003749
2025-05-01T10:30:07.760000,-0.002177
2025-05-01T10:30:07.770000,0.011742
2025-05-01T10:30:07.780000,0.004467
2025-05-01T10:30:07.790000,0.001113
2025-05-01T10:30:07.800000,-0.018225
2025-05-01T10:30:07.810000,-0.008772
2025-05-01T10:30:07.820000,0.008836
2025-05-01T10:30:07.830000,0.010035
2025-05-01T10:30:07.840000,0.009788
2025-05-01T10:30:07.850000,-0.002641
2025-05-01T10:30:07.860000,0.007409
2025-05-01T10:30:07.870000,0.004909
2025-05-01T10:30:07.880000,0.005094
2025-05-01T10:30:07.890000,0.019620
2025-05-01T10:30:07.900000,-0.004039
2025-05-01T10:30:07.910000,-0.011379
2025-05-01T10:30:07.920000,0.003986
2025-05-01T10:30:07.930000,-0.005038
2025-05-01T10:30:07.940000,-0.008599
2025-05-01T10:30:07.950000,0.007448
2025-05-01T10:30:07.960000,0.011864
2025-05-01T10:30:07.970000,-0.005882
2025-05-01T10:30:07.980000,0.001347
2025-05-01T10:30:07.990000,-0.011399
2025-05-01T10:30:08,-0.003364
2025-05-01T10:30:08.010000,0.014525
2025-05-01T10:30:08.020000,-0.005592
2025-05-01T10:30:08.030000,-0.008718
2025-05-01T10:30:08.040000,0.008042
2025-05-01T10:30:08.050000,0.010094
2025-05-01T10:30:08.060000,-0.002140
2025-05-01T10:30:08.070000,-0.000313
2025-05-01T10:30:08.080000,-0.010554
2025-05-01T10:30:08.090000,0.004265
2025-05-01T10:30:08.100000,-0.023115
2025-05-01T10:30:08.110000,0.008971
2025-05-01T10:30:08.120000,-0.010847
2025-05-01T10:30:08.130000,-0.003999
2025-05-01T10:30:08.140000,-0.011738
2025-05-01T10:30:08.150000,-0.006455
2025-05-01T10:30:08.160000,0.005256
2025-05-01T10:30:08.170000,0.003456
2025-05-01T10:30:08.180000,-0.005126
2025-05-01T10:30:08.190000,-0.011274
2025-05-01T10:30:08.200000,0.000119
2025-05-01T10:30:08.210000,-0.000862
2025-05-01T10:30:08.220000,-0.007606
2025-05-01T10:30:08.230000,-0.008687
2025-05-01T10:30:08.240000,0.006060
2025-05-01T10:30:08.250000,-0.016976
2025-05-01T10:30:08.260000,0.004518
2025-05-01T10:30:08.270000,-0.013369
2025-05-01T10:30:08.280000,-0.018822
2025-05-01T10:30:08.290000,0.007046
2025-05-01T10:30:08.300000,0.003657
2025-05-01T10:30:08.310000,-0.000162
2025-05-01T10:30:08.320000,0.011026
2025-05-01T10:30:08.330000,-0.009167
2025-05-01T10:30:08.340000,0.006179
2025-05-01T10:30:08.350000,-0.003960
2025-05-01T10:30:08.360000,-0.010949
2025-05-01T10:30:08.370000,-0.014439
2025-05-01T10:30:08.380000,-0.005108
2025-05-01T10:30:08.390000,-0.011955
2025-05-01T10:30:08.400000,0.002259
2025-05-01T10:30:08.410000,-0.000368
2025-05-01T10:30:08.420000,-0.017721
2025-05-01T10:30:08.430000,-0.009606
2025-05-01T10:30:08.440000,0.000437
2025-05-01T10:30:08.450000,0.011811
2025-05-01T10:30:08.460000,-0.011022
2025-05-01T10:30:08.470000,0.004752
2025-05-01T10:30:08.480000,0.004244
2025-05-01T10:30:08.490000,-0.002413
2025-05-01T10:30:08.500000,-0.009969
2025-05-01T10:30:08.510000,-0.006710
2025-05-01T10:30:08.520000,-0.000485
2025-05-01T10:30:08.530000,0.004656
2025-05-01T10:30:08.540000,-0.001699
2025-05-01T10:30:08.550000,-0.021729
2025-05-01T10:30:08.560000,0.000755
2025-05-01T10:30:08.570000,-0.003596
2025-05-01T10:30:08.580000,0.008735
2025-05-01T10:30:08.590000,-0.009030
2025-05-01T10:30:08.600000,0.000182
2025-05-01T10:30:08.610000,-0.009383
2025-05-01T10:30:08.620000,0.005623
2025-05-01T10:30:08.630000,0.018796
2025-05-01T10:30:08.640000,-0.003851
2025-05-01T10:30:08.650000,-0.018450
2025-05-01T10:30:08.660000,-0.004036
2025-05-01T10:30:08.670000,-0.006941
2025-05-01T10:30:08.680000,-0.004636
2025-05-01T10:30:08.690000,-0.001436
2025-05-01T10:30:08.700000,-0.003526
2025-05-01T10:30:08.710000,-0.017810
2025-05-01T10:30:08.720000,0.005790
2025-05-01T10:30:08.730000,0.008659
2025-05-01T10:30:08.740000,0.007174
2025-05-01T10:30:08.750000,0.008605
2025-05-01T10:30:08.760000,-0.000278
2025-05-01T10:30:08.770000,0.028997
2025-05-01T10:30:08.780000,0.001648
2025-05-01T10:30:08.790000,0.012257
2025-05-01T10:30:08.800000,-0.001784
2025-05-01T10:30:08.810000,0.010728
2025-05-01T10:30:08.820000,-0.004360
2025-05-01T10:30:08.830000,0.001059
2025-05-01T10:30:08.840000,-0.004920
2025-05-01T10:30:08.850000,0.004385
2025-05-01T10:30:08.860000,0.005840
2025-05-01T10:30:08.870000,-0.006545
2025-05-01T10:30:08.880000,0.003585
2025-05-01T10:30:08.890000,-0.003116
2025-05-01T10:30:08.900000,-0.016563
2025-05-01T10:30:08.910000,0.006189
2025-05-01T10:30:08.920000,-0.004080
2025-05-01T10:30:08.930000,-0.002931
2025-05-01T10:30:08.940000,-0.007431
2025-05-01T10:30:08.950000,-0.009828
2025-05-01T10:30:08.960000,-0.005696
2025-05-01T10:30:08.970000,-0.013766
2025-05-01T10:30:08.980000,0.009895
2025-05-01T10:30:08.990000,0.001862
2025-05-01T10:30:09,-0.019495
2025-05-01T10:30:09.010000,-0.002992
2025-05-01T10:30:09.020000,-0.011064
2025-05-01T10:30:09.030000,0.007209
2025-05-01T10:30:09.040000,0.004339
2025-05-01T10:30:09.050000,0.008528
2025-05-01T10:30:09.060000,-0.001033
2025-05-01T10:30:09.070000,-0.005950
2025-05-01T10:30:09.080000,0.004986
2025-05-01T10:30:09.090000,-0.005336
2025-05-01T10:30:09.100000,0.018313
2025-05-01T10:30:09.110000,-0.002632
2025-05-01T10:30:09.120000,0.000561
2025-05-01T10:30:09.130000,-0.019423
2025-05-01T10:30:09.140000,0.018378
2025-05-01T10:30:09.150000,0.003228
2025-05-01T10:30:09.160000,-0.008604
2025-05-01T10:30:09.170000,0.015558
2025-05-01T10:30:09.180000,0.005464
2025-05-01T10:30:09.190000,0.005329
2025-05-01T10:30:09.200000,0.010970
2025-05-01T10:30:09.210000,-0.011177
2025-05-01T10:30:09.220000,0.001646
2025-05-01T10:30:09.230000,-0.011948
2025-05-01T10:30:09.240000,0.005194
2025-05-01T10:30:09.250000,-0.013718
2025-05-01T10:30:09.260000,0.003033
2025-05-01T10:30:09.270000,0.006814
2025-05-01T10:30:09.280000,-0.010119
2025-05-01T10:30:09.290000,0.003662
2025-05-01T10:30:09.300000,0.020043
2025-05-01T10:30:09.310000,0.007342
2025-05-01T10:30:09.320000,-0.007615
2025-05-01T10:30:09.330000,-0.000885
2025-05-01T10:30:09.340000,-0.000297
2025-05-01T10:30:09.350000,0.001682
2025-05-01T10:30:09.360000,-0.006526
2025-05-01T10:30:09.370000,0.011433
2025-05-01T10:30:09.380000,0.005758
2025-05-01T10:30:09.390000,0.007354
2025-05-01T10:30:09.400000,0.009980
2025-05-01T10:30:09.410000,0.005125
2025-05-01T10:30:09.420000,-0.001850
2025-05-01T10:30:09.430000,-0.007577
2025-05-01T10:30:09.440000,-0.000955
2025-05-01T10:30:09.450000,0.000670
2025-05-01T10:30:09.460000,-0.009663
2025-05-01T10:30:09.470000,-0.003393
2025-05-01T10:30:09.480000,0.009803
2025-05-01T10:30:09.490000,0.016880
2025-05-01T10:30:09.500000,0.019154
2025-05-01T10:30:09.510000,0.021160
2025-05-01T10:30:09.520000,0.009427
2025-05-01T10:30:09.530000,0.004407
2025-05-01T10:30:09.540000,-0.001687
2025-05-01T10:30:09.550000,0.003246
2025-05-01T10:30:09.560000,-0.006137
2025-05-01T10:30:09.570000,0.018498
2025-05-01T10:30:09.580000,-0.001619
2025-05-01T10:30:09.590000,0.021460
2025-05-01T10:30:09.600000,-0.009233
2025-05-01T10:30:09.610000,0.006626
2025-05-01T10:30:09.620000,-0.006081
2025-05-01T10:30:09.630000,-0.009956
2025-05-01T10:30:09.640000,0.008446
2025-05-01T10:30:09.650000,-0.007874
2025-05-01T10:30:09.660000,0.015519
2025-05-01T10:30:09.670000,0.009901
2025-05-01T10:30:09.680000,0.002159
2025-05-01T10:30:09.690000,0.002632
2025-05-01T10:30:09.700000,0.017194
2025-05-01T10:30:09.710000,0.012730
2025-05-01T10:30:09.720000,-0.000450
2025-05-01T10:30:09.730000,-0.001986
2025-05-01T10:30:09.740000,0.014992
2025-05-01T10:30:09.750000,-0.018516
2025-05-01T10:30:09.760000,-0.017874
2025-05-01T10:30:09.770000,-0.004591
2025-05-01T10:30:09.780000,-0.000218
2025-05-01T10:30:09.790000,0.006973
2025-05-01T10:30:09.800000,-0.018902
2025-05-01T10:30:09.810000,-0.002449
2025-05-01T10:30:09.820000,-0.003993
2025-05-01T10:30:09.830000,-0.013635
2025-05-01T10:30:09.840000,0.011860
2025-05-01T10:30:09.850000,-0.005090
2025-05-01T10:30:09.860000,-0.008591
2025-05-01T10:30:09.870000,-0.000838
2025-05-01T10:30:09.880000,-0.006201
2025-05-01T10:30:09.890000,-0.006178
2025-05-01T10:30:09.900000,0.003097
2025-05-01T10:30:09.910000,0.027428
2025-05-01T10:30:09.920000,0.008030
2025-05-01T10:30:09.930000,-0.005893
2025-05-01T10:30:09.940000,-0.002663
2025-05-01T10:30:09.950000,0.001773
2025-05-01T10:30:09.960000,-0.004369
2025-05-01T10:30:09.970000,0.007505
2025-05-01T10:30:09.980000,-0.023248
2025-05-01T10:30:09.990000,-0.003981
2025-05-01T10:30:10,-0.008042
2025-05-01T10:30:10.010000,0.013923
2025-05-01T10:30:10.020000,0.007171
2025-05-01T10:30:10.030000,0.023345
2025-05-01T10:30:10.040000,0.001648
2025-05-01T10:30:10.050000,-0.005614
2025-05-01T10:30:10.060000,0.001438
2025-05-01T10:30:10.070000,0.004480
2025-05-01T10:30:10.080000,-0.001179
2025-05-01T10:30:10.090000,-0.015318
2025-05-01T10:30:10.100000,0.008121
2025-05-01T10:30:10.110000,-0.009763
2025-05-01T10:30:10.120000,-0.002017
2025-05-01T10:30:10.130000,0.000355
2025-05-01T10:30:10.140000,0.010218
2025-05-01T10:30:10.150000,-0.001500
2025-05-01T10:30:10.160000,-0.004144
2025-05-01T10:30:10.170000,0.012657
2025-05-01T10:30:10.180000,-0.029872
2025-05-01T10:30:10.190000,-0.002987
2025-05-01T10:30:10.200000,0.019165
2025-05-01T10:30:10.210000,0.002983
2025-05-01T10:30:10.220000,0.001172
2025-05-01T10:30:10.230000,-0.009319
2025-05-01T10:30:10.240000,0.000980
2025-05-01T10:30:10.250000,-0.009047
2025-05-01T10:30:10.260000,-0.003182
2025-05-01T10:30:10.270000,0.003635
2025-05-01T10:30:10.280000,-0.023934
2025-05-01T10:30:10.290000,-0.001479
2025-05-01T10:30:10.300000,-0.015736
2025-05-01T10:30:10.310000,-0.001941
2025-05-01T10:30:10.320000,0.024153
2025-05-01T10:30:10.330000,0.004654
2025-05-01T10:30:10.340000,0.015977
2025-05-01T10:30:10.350000,0.002174
2025-05-01T10:30:10.360000,0.005695
2025-05-01T10:30:10.370000,0.003743
2025-05-01T10:30:10.380000,-0.002022
2025-05-01T10:30:10.390000,0.014873
2025-05-01T10:30:10.400000,-0.019981
2025-05-01T10:30:10.410000,0.003174
2025-05-01T10:30:10.420000,0.013875
2025-05-01T10:30:10.430000,0.010761
2025-05-01T10:30:10.440000,-0.009791
2025-05-01T10:30:10.450000,-0.013502
2025-05-01T10:30:10.460000,-0.004142
2025-05-01T10:30:10.470000,0.005205
2025-05-01T10:30:10.480000,-0.006183
2025-05-01T10:30:10.490000,0.000278
2025-05-01T10:30:10.500000,-0.005832
2025-05-01T10:30:10.510000,-0.008026
2025-05-01T10:30:10.520000,-0.001686
2025-05-01T10:30:10.530000,0.006076
2025-05-01T10:30:10.540000,0.009297
2025-05-01T10:30:10.550000,0.005794
2025-05-01T10:30:10.560000,-0.016072
2025-05-01T10:30:10.570000,0.005223
2025-05-01T10:30:10.580000,0.008366
2025-05-01T10:30:10.590000,-0.004053
2025-05-01T10:30:10.600000,0.007364
2025-05-01T10:30:10.610000,-0.008137
2025-05-01T10:30:10.620000,-0.004434
2025-05-01T10:30:10.630000,0.010979
2025-05-01T10:30:10.640000,0.006861
2025-05-01T10:30:10.650000,-0.020534
2025-05-01T10:30:10.660000,0.008255
2025-05-01T10:30:10.670000,0.010463
2025-05-01T10:30:10.680000,0.016062
2025-05-01T10:30:10.690000,-0.002676
2025-05-01T10:30:10.700000,-0.011126
2025-05-01T10:30:10.710000,-0.008285
2025-05-01T10:30:10.720000,0.003617
2025-05-01T10:30:10.730000,0.002276
2025-05-01T10:30:10.740000,-0.005688
2025-05-01T10:30:10.750000,0.015472
2025-05-01T10:30:10.760000,-0.024079
2025-05-01T10:30:10.770000,-0.001208
2025-05-01T10:30:10.780000,0.001743
2025-05-01T10:30:10.790000,0.008670
2025-05-01T10:30:10.800000,0.005585
2025-05-01T10:30:10.810000,0.004180
2025-05-01T10:30:10.820000,-0.001302
2025-05-01T10:30:10.830000,-0.020062
2025-05-01T10:30:10.840000,-0.005468
2025-05-01T10:30:10.850000,-0.005319
2025-05-01T10:30:10.860000,0.002446
2025-05-01T10:30:10.870000,0.006509
2025-05-01T10:30:10.880000,-0.018185
2025-05-01T10:30:10.890000,-0.011218
2025-05-01T10:30:10.900000,-0.018529
2025-05-01T10:30:10.910000,-0.002180
2025-05-01T10:30:10.920000,-0.009196
2025-05-01T10:30:10.930000,0.016719
2025-05-01T10:30:10.940000,0.004205
2025-05-01T10:30:10.950000,-0.007083
2025-05-01T10:30:10.960000,-0.011765
2025-05-01T10:30:10.970000,0.007819
2025-05-01T10:30:10.980000,-0.003794
2025-05-01T10:30:10.990000,-0.003206
2025-05-01T10:30:11,0.003357
2025-05-01T10:30:11.010000,-0.001043
2025-05-01T10:30:11.020000,0.007240
2025-05-01T10:30:11.030000,0.007720
2025-05-01T10:30:11.040000,0.001965
2025-05-01T10:30:11.050000,-0.006487
2025-05-01T10:30:11.060000,0.015066
2025-05-01T10:30:11.070000,-0.003281
2025-05-01T10:30:11.080000,-0.009083
2025-05-01T10:30:11.090000,0.005726
2025-05-01T10:30:11.100000,0.006622
2025-05-01T10:30:11.110000,0.006274
2025-05-01T10:30:11.120000,-0.008579
2025-05-01T10:30:11.130000,0.000449
2025-05-01T10:30:11.140000,-0.000058
2025-05-01T10:30:11.150000,-0.006260
2025-05-01T10:30:11.160000,0.001328
2025-05-01T10:30:11.170000,0.009907
2025-05-01T10:30:11.180000,-0.015272
2025-05-01T10:30:11.190000,0.008153
2025-05-01T10:30:11.200000,0.021527
2025-05-01T10:30:11.210000,0.006772
2025-05-01T10:30:11.220000,-0.001809
2025-05-01T10:30:11.230000,-0.005036
2025-05-01T10:30:11.240000,-0.000468
2025-05-01T10:30:11.250000,0.010012
2025-05-01T10:30:11.260000,0.012518
2025-05-01T10:30:11.270000,0.008184
2025-05-01T10:30:11.280000,0.001959
2025-05-01T10:30:11.290000,-0.010926
2025-05-01T10:30:11.300000,0.000192
2025-05-01T10:30:11.310000,-0.002972
2025-05-01T10:30:11.320000,-0.014802
2025-05-01T10:30:11.330000,-0.015421
2025-05-01T10:30:11.340000,-0.003318
2025-05-01T10:30:11.350000,0.002674
2025-05-01T10:30:11.360000,0.003117
2025-05-01T10:30:11.370000,0.003751
2025-05-01T10:30:11.380000,0.016141
2025-05-01T10:30:11.390000,-0.015728
2025-05-01T10:30:11.400000,-0.019458
2025-05-01T10:30:11.410000,0.004107
2025-05-01T10:30:11.420000,-0.005553
2025-05-01T10:30:11.430000,-0.019742
2025-05-01T10:30:11.440000,0.001529
2025-05-01T10:30:11.450000,0.004121
2025-05-01T10:30:11.460000,0.004036
2025-05-01T10:30:11.470000,0.002355
2025-05-01T10:30:11.480000,-0.004136
2025-05-01T10:30:11.490000,-0.013976
2025-05-01T10:30:11.500000,0.000081
2025-05-01T10:30:11.510000,-0.006248
2025-05-01T10:30:11.520000,-0.001569
2025-05-01T10:30:11.530000,-0.017510
2025-05-01T10:30:11.540000,0.008081
2025-05-01T10:30:11.550000,-0.004388
2025-05-01T10:30:11.560000,0.004110
2025-05-01T10:30:11.570000,0.007079
2025-05-01T10:30:11.580000,-0.000423
2025-05-01T10:30:11.590000,0.011890
2025-05-01T10:30:11.600000,-0.014873
2025-05-01T10:30:11.610000,-0.004838
2025-05-01T10:30:11.620000,0.007081
2025-05-01T10:30:11.630000,-0.009083
2025-05-01T10:30:11.640000,-0.008681
2025-05-01T10:30:11.650000,-0.013336
2025-05-01T10:30:11.660000,0.001942
2025-05-01T10:30:11.670000,0.013770
2025-05-01T10:30:11.680000,0.000796
2025-05-01T10:30:11.690000,0.000446
2025-05-01T10:30:11.700000,0.010235
2025-05-01T10:30:11.710000,0.003728
2025-05-01T10:30:11.720000,0.022216
2025-05-01T10:30:11.730000,0.006311
2025-05-01T10:30:11.740000,0.001423
2025-05-01T10:30:11.750000,-0.005202
2025-05-01T10:30:11.760000,-0.001526
2025-05-01T10:30:11.770000,0.003237
2025-05-01T10:30:11.780000,0.006054
2025-05-01T10:30:11.790000,-0.015256
2025-05-01T10:30:11.800000,0.008991
2025-05-01T10:30:11.810000,0.012935
2025-05-01T10:30:11.820000,-0.021773
2025-05-01T10:30:11.830000,0.009471
2025-05-01T10:30:11.840000,-0.009738
2025-05-01T10:30:11.850000,0.009475
2025-05-01T10:30:11.860000,0.003864
2025-05-01T10:30:11.870000,0.013706
2025-05-01T10:30:11.880000,0.000138
2025-05-01T10:30:11.890000,-0.004274
2025-05-01T10:30:11.900000,0.003362
2025-05-01T10:30:11.910000,0.015609
2025-05-01T10:30:11.920000,-0.014711
2025-05-01T10:30:11.930000,0.014314
2025-05-01T10:30:11.940000,-0.007868
2025-05-01T10:30:11.950000,0.002400
2025-05-01T10:30:11.960000,-0.016492
2025-05-01T10:30:11.970000,-0.025032
2025-05-01T10:30:11.980000,-0.007970
2025-05-01T10:30:11.990000,0.015781
2025-05-01T10:30:12,0.008079
2025-05-01T10:30:12.010000,-0.015657
2025-05-01T10:30:12.020000,-0.010334
2025-05-01T10:30:12.030000,0.002284
2025-05-01T10:30:12.040000,0.003312
2025-05-01T10:30:12.050000,0.005821
2025-05-01T10:30:12.060000,-0.012297
2025-05-01T10:30:12.070000,-0.000432
2025-05-01T10:30:12.080000,-0.009626
2025-05-01T10:30:12.090000,0.001410
2025-05-01T10:30:12.100000,-0.012518
2025-05-01T10:30:12.110000,-0.010762
2025-05-01T10:30:12.120000,-0.012867
2025-05-01T10:30:12.130000,-0.011821
2025-05-01T10:30:12.140000,-0.005286
2025-05-01T10:30:12.150000,-0.008095
2025-05-01T10:30:12.160000,-0.018935
2025-05-01T10:30:12.170000,0.002275
2025-05-01T10:30:12.180000,0.006323
2025-05-01T10:30:12.190000,-0.008381
2025-05-01T10:30:12.200000,-0.000262
2025-05-01T10:30:12.210000,-0.008570
2025-05-01T10:30:12.220000,-0.011854
2025-05-01T10:30:12.230000,-0.005246
2025-05-01T10:30:12.240000,0.008551
2025-05-01T10:30:12.250000,-0.003271
2025-05-01T10:30:12.260000,0.010569
2025-05-01T10:30:12.270000,0.004200
2025-05-01T10:30:12.280000,-0.006173
2025-05-01T10:30:12.290000,-0.013190
2025-05-01T10:30:12.300000,-0.010746
2025-05-01T10:30:12.310000,0.010432
2025-05-01T10:30:12.320000,-0.011887
2025-05-01T10:30:12.330000,0.001791
2025-05-01T10:30:12.340000,0.000551
2025-05-01T10:30:12.350000,-0.003398
2025-05-01T10:30:12.360000,-0.001952
2025-05-01T10:30:12.370000,-0.009076
2025-05-01T10:30:12.380000,-0.010898
2025-05-01T10:30:12.390000,-0.002158
2025-05-01T10:30:12.400000,0.007969
2025-05-01T10:30:12.410000,-0.006903
2025-05-01T10:30:12.420000,-0.021614
2025-05-01T10:30:12.430000,0.009730
2025-05-01T10:30:12.440000,-0.024145
2025-05-01T10:30:12.450000,-0.037906
2025-05-01T10:30:12.460000,0.001151
2025-05-01T10:30:12.470000,-0.002334
2025-05-01T10:30:12.480000,0.018539
2025-05-01T10:30:12.490000,-0.012010
2025-05-01T10:30:12.500000,0.010467
2025-05-01T10:30:12.510000,0.014359
2025-05-01T10:30:12.520000,0.010763
2025-05-01T10:30:12.530000,-0.015410
2025-05-01T10:30:12.540000,-0.008177
2025-05-01T10:30:12.550000,-0.004075
2025-05-01T10:30:12.560000,0.010615
2025-05-01T10:30:12.570000,-0.006856
2025-05-01T10:30:12.580000,-0.009382
2025-05-01T10:30:12.590000,-0.004859
2025-05-01T10:30:12.600000,0.005703
2025-05-01T10:30:12.610000,0.005646
2025-05-01T10:30:12.620000,0.016581
2025-05-01T10:30:12.630000,0.004966
2025-05-01T10:30:12.640000,0.006325
2025-05-01T10:30:12.650000,0.001973
2025-05-01T10:30:12.660000,-0.000142
2025-05-01T10:30:12.670000,-0.015461
2025-05-01T10:30:12.680000,0.004843
2025-05-01T10:30:12.690000,0.024645
2025-05-01T10:30:12.700000,-0.010425
2025-05-01T10:30:12.710000,-0.005068
2025-05-01T10:30:12.720000,-0.002319
2025-05-01T10:30:12.730000,-0.008589
2025-05-01T10:30:12.740000,0.018023
2025-05-01T10:30:12.750000,0.004431
2025-05-01T10:30:12.760000,0.000567
2025-05-01T10:30:12.770000,-0.002165
2025-05-01T10:30:12.780000,0.015416
2025-05-01T10:30:12.790000,0.009142
2025-05-01T10:30:12.800000,0.003764
2025-05-01T10:30:12.810000,-0.008117
2025-05-01T10:30:12.820000,-0.000190
2025-05-01T10:30:12.830000,0.013229
2025-05-01T10:30:12.840000,0.006237
2025-05-01T10:30:12.850000,-0.006688
2025-05-01T10:30:12.860000,0.007700
2025-05-01T10:30:12.870000,0.011909
2025-05-01T10:30:12.880000,0.018118
2025-05-01T10:30:12.890000,0.009675
2025-05-01T10:30:12.900000,0.006023
2025-05-01T10:30:12.910000,0.002782
2025-05-01T10:30:12.920000,-0.000716
2025-05-01T10:30:12.930000,-0.014894
2025-05-01T10:30:12.940000,0.010487
2025-05-01T10:30:12.950000,0.001211
2025-05-01T10:30:12.960000,0.009194
2025-05-01T10:30:12.970000,-0.003655
2025-05-01T10:30:12.980000,0.005279
2025-05-01T10:30:12.990000,0.002264
2025-05-01T10:30:13,0.006335
2025-05-01T10:30:13.010000,0.012384
2025-05-01T10:30:13.020000,-0.014510
2025-05-01T10:30:13.030000,-0.002952
2025-05-01T10:30:13.040000,-0.001607
2025-05-01T10:30:13.050000,0.013346
2025-05-01T10:30:13.060000,-0.001961
2025-05-01T10:30:13.070000,-0.001264
2025-05-01T10:30:13.080000,-0.004617
2025-05-01T10:30:13.090000,0.018240
2025-05-01T10:30:13.100000,0.008400
2025-05-01T10:30:13.110000,0.012629
2025-05-01T10:30:13.120000,0.004093
2025-05-01T10:30:13.130000,0.002908
2025-05-01T10:30:13.140000,-0.000808
2025-05-01T10:30:13.150000,0.003047
2025-05-01T10:30:13.160000,0.006197
2025-05-01T10:30:13.170000,-0.011662
2025-05-01T10:30:13.180000,0.016109
2025-05-01T10:30:13.190000,-0.002155
2025-05-01T10:30:13.200000,-0.013852
2025-05-01T10:30:13.210000,-0.003868
2025-05-01T10:30:13.220000,-0.008457
2025-05-01T10:30:13.230000,-0.008288
2025-05-01T10:30:13.240000,0.019545
2025-05-01T10:30:13.250000,-0.017028
2025-05-01T10:30:13.260000,0.003949
2025-05-01T10:30:13.270000,-0.001074
2025-05-01T10:30:13.280000,0.005364
2025-05-01T10:30:13.290000,-0.008564
2025-05-01T10:30:13.300000,-0.005462
2025-05-01T10:30:13.310000,0.007306
2025-05-01T10:30:13.320000,-0.016242
2025-05-01T10:30:13.330000,0.007769
2025-05-01T10:30:13.340000,0.005215
2025-05-01T10:30:13.350000,-0.011413
2025-05-01T10:30:13.360000,0.015220
2025-05-01T10:30:13.370000,0.004459
2025-05-01T10:30:13.380000,0.006708
2025-05-01T10:30:13.390000,-0.008712
2025-05-01T10:30:13.400000,-0.010323
2025-05-01T10:30:13.410000,0.004948
2025-05-01T10:30:13.420000,-0.002326
2025-05-01T10:30:13.430000,-0.004461
2025-05-01T10:30:13.440000,-0.005744
2025-05-01T10:30:13.450000,0.008780
2025-05-01T10:30:13.460000,0.003507
2025-05-01T10:30:13.470000,-0.004151
2025-05-01T10:30:13.480000,0.008219
2025-05-01T10:30:13.490000,-0.008148
2025-05-01T10:30:13.500000,-0.007389
2025-05-01T10:30:13.510000,0.005620
2025-05-01T10:30:13.520000,0.000768
2025-05-01T10:30:13.530000,-0.007954
2025-05-01T10:30:13.540000,-0.008749
2025-05-01T10:30:13.550000,-0.008904
2025-05-01T10:30:13.560000,0.002143
2025-05-01T10:30:13.570000,-0.002226
2025-05-01T10:30:13.580000,-0.016688
2025-05-01T10:30:13.590000,0.001517
2025-05-01T10:30:13.600000,-0.002814
2025-05-01T10:30:13.610000,-0.015826
2025-05-01T10:30:13.620000,0.001437
2025-05-01T10:30:13.630000,-0.012109
2025-05-01T10:30:13.640000,0.005263
2025-05-01T10:30:13.650000,-0.005016
2025-05-01T10:30:13.660000,0.009594
2025-05-01T10:30:13.670000,0.003870
2025-05-01T10:30:13.680000,0.020860
2025-05-01T10:30:13.690000,0.003059
2025-05-01T10:30:13.700000,0.013685
2025-05-01T10:30:13.710000,-0.004067
2025-05-01T10:30:13.720000,-0.003645
2025-05-01T10:30:13.730000,-0.007194
2025-05-01T10:30:13.740000,-0.000848
2025-05-01T10:30:13.750000,-0.000671
2025-05-01T10:30:13.760000,0.016998
2025-05-01T10:30:13.770000,-0.004496
2025-05-01T10:30:13.780000,0.012093
2025-05-01T10:30:13.790000,0.001262
2025-05-01T10:30:13.800000,-0.000097
2025-05-01T10:30:13.810000,-0.019319
2025-05-01T10:30:13.820000,0.001286
2025-05-01T10:30:13.830000,-0.001938
2025-05-01T10:30:13.840000,0.000137
2025-05-01T10:30:13.850000,0.014196
2025-05-01T10:30:13.860000,0.003616
2025-05-01T10:30:13.870000,-0.008612
2025-05-01T10:30:13.880000,0.000547
2025-05-01T10:30:13.890000,0.011051
2025-05-01T10:30:13.900000,-0.007609
2025-05-01T10:30:13.910000,-0.001635
2025-05-01T10:30:13.920000,0.008655
2025-05-01T10:30:13.930000,-0.006739
2025-05-01T10:30:13.940000,-0.005340
2025-05-01T10:30:13.950000,0.002445
2025-05-01T10:30:13.960000,0.005327
2025-05-01T10:30:13.970000,-0.030244
2025-05-01T10:30:13.980000,-0.000366
2025-05-01T10:30:13.990000,0.004488
2025-05-01T10:30:14,-0.003750
2025-05-01T10:30:14.010000,-0.001456
2025-05-01T10:30:14.020000,-0.009796
2025-05-01T10:30:14.030000,0.004788
2025-05-01T10:30:14.040000,-0.009744
2025-05-01T10:30:14.050000,0.010859
2025-05-01T10:30:14.060000,-0.006448
2025-05-01T10:30:14.070000,0.006510
2025-05-01T10:30:14.080000,0.007368
2025-05-01T10:30:14.090000,-0.018269
2025-05-01T10:30:14.100000,0.000917
2025-05-01T10:30:14.110000,-0.015187
2025-05-01T10:30:14.120000,0.005224
2025-05-01T10:30:14.130000,-0.006331
2025-05-01T10:30:14.140000,-0.007195
2025-05-01T10:30:14.150000,-0.002833
2025-05-01T10:30:14.160000,0.007275
2025-05-01T10:30:14.170000,-0.002646
2025-05-01T10:30:14.180000,0.013183
2025-05-01T10:30:14.190000,0.007115
2025-05-01T10:30:14.200000,0.001607
2025-05-01T10:30:14.210000,0.004822
2025-05-01T10:30:14.220000,0.012497
2025-05-01T10:30:14.230000,0.006518
2025-05-01T10:30:14.240000,0.008046
2025-05-01T10:30:14.250000,-0.010020
2025-05-01T10:30:14.260000,-0.007092
2025-05-01T10:30:14.270000,-0.003700
2025-05-01T10:30:14.280000,-0.002329
2025-05-01T10:30:14.290000,0.010860
2025-05-01T10:30:14.300000,0.011186
2025-05-01T10:30:14.310000,-0.013307
2025-05-01T10:30:14.320000,0.004871
2025-05-01T10:30:14.330000,-0.000715
2025-05-01T10:30:14.340000,-0.018656
2025-05-01T10:30:14.350000,0.014074
2025-05-01T10:30:14.360000,-0.002924
2025-05-01T10:30:14.370000,0.004816
2025-05-01T10:30:14.380000,0.021868
2025-05-01T10:30:14.390000,0.003415
2025-05-01T10:30:14.400000,0.006970
2025-05-01T10:30:14.410000,0.009139
2025-05-01T10:30:14.420000,-0.029292
2025-05-01T10:30:14.430000,-0.001729
2025-05-01T10:30:14.440000,0.002349
2025-05-01T10:30:14.450000,-0.017550
2025-05-01T10:30:14.460000,-0.006083
2025-05-01T10:30:14.470000,-0.022719
2025-05-01T10:30:14.480000,-0.001741
2025-05-01T10:30:14.490000,-0.000460
2025-05-01T10:30:14.500000,-0.002368
2025-05-01T10:30:14.510000,-0.001256
2025-05-01T10:30:14.520000,-0.015234
2025-05-01T10:30:14.530000,0.000838
2025-05-01T10:30:14.540000,0.001868
2025-05-01T10:30:14.550000,-0.004506
2025-05-01T10:30:14.560000,0.006321
2025-05-01T10:30:14.570000,0.011961
2025-05-01T10:30:14.580000,0.024206
2025-05-01T10:30:14.590000,-0.012112
2025-05-01T10:30:14.600000,-0.008790
2025-05-01T10:30:14.610000,-0.006074
2025-05-01T10:30:14.620000,0.010295
2025-05-01T10:30:14.630000,-0.001659
2025-05-01T10:30:14.640000,-0.015155
2025-05-01T10:30:14.650000,-0.007606
2025-05-01T10:30:14.660000,0.014236
2025-05-01T10:30:14.670000,0.002483
2025-05-01T10:30:14.680000,0.000046
2025-05-01T10:30:14.690000,0.000324
2025-05-01T10:30:14.700000,0.011548
2025-05-01T10:30:14.710000,-0.022091
2025-05-01T10:30:14.720000,-0.013356
2025-05-01T10:30:14.730000,-0.001515
2025-05-01T10:30:14.740000,0.004439
2025-05-01T10:30:14.750000,-0.005953
2025-05-01T10:30:14.760000,0.005086
2025-05-01T10:30:14.770000,-0.005410
2025-05-01T10:30:14.780000,0.002125
2025-05-01T10:30:14.790000,0.019053
2025-05-01T10:30:14.800000,0.002137
2025-05-01T10:30:14.810000,-0.008053
2025-05-01T10:30:14.820000,0.014971
2025-05-01T10:30:14.830000,0.001200
2025-05-01T10:30:14.840000,-0.004058
2025-05-01T10:30:14.850000,0.000851
2025-05-01T10:30:14.860000,-0.010740
2025-05-01T10:30:14.870000,-0.005531
2025-05-01T10:30:14.880000,0.014559
2025-05-01T10:30:14.890000,0.004361
2025-05-01T10:30:14.900000,-0.004494
2025-05-01T10:30:14.910000,0.010908
2025-05-01T10:30:14.920000,0.010051
2025-05-01T10:30:14.930000,0.024342
2025-05-01T10:30:14.940000,-0.010475
2025-05-01T10:30:14.950000,0.002180
2025-05-01T10:30:14.960000,0.003379
2025-05-01T10:30:14.970000,0.004479
2025-05-01T10:30:14.980000,0.018561
2025-05-01T10:30:14.990000,-0.002853
2025-05-01T10:30:15,0.002838
2025-05-01T10:30:15.010000,-0.029483
2025-05-01T10:30:15.020000,-0.004043
2025-05-01T10:30:15.030000,0.005496
2025-05-01T10:30:15.040000,0.002625
2025-05-01T10:30:15.050000,0.014606
2025-05-01T10:30:15.060000,0.008882
2025-05-01T10:30:15.070000,0.001591
2025-05-01T10:30:15.080000,0.011298
2025-05-01T10:30:15.090000,0.015843
2025-05-01T10:30:15.100000,-0.005069
2025-05-01T10:30:15.110000,0.004329
2025-05-01T10:30:15.120000,-0.003591
2025-05-01T10:30:15.130000,0.018515
2025-05-01T10:30:15.140000,0.016826
2025-05-01T10:30:15.150000,0.001443
2025-05-01T10:30:15.160000,-0.004825
2025-05-01T10:30:15.170000,-0.000340
2025-05-01T10:30:15.180000,0.006387
2025-05-01T10:30:15.190000,0.000313
2025-05-01T10:30:15.200000,-0.001821
2025-05-01T10:30:15.210000,0.012696
2025-05-01T10:30:15.220000,0.002833
2025-05-01T10:30:15.230000,0.019204
2025-05-01T10:30:15.240000,-0.006763
2025-05-01T10:30:15.250000,0.008322
2025-05-01T10:30:15.260000,0.013186
2025-05-01T10:30:15.270000,0.009328
2025-05-01T10:30:15.280000,-0.010361
2025-05-01T10:30:15.290000,0.003291
2025-05-01T10:30:15.300000,-0.008572
2025-05-01T10:30:15.310000,-0.018984
2025-05-01T10:30:15.320000,-0.015923
2025-05-01T10:30:15.330000,-0.004687
2025-05-01T10:30:15.340000,0.010453
2025-05-01T10:30:15.350000,0.010943
2025-05-01T10:30:15.360000,-0.020225
2025-05-01T10:30:15.370000,0.019033
2025-05-01T10:30:15.380000,0.008720
2025-05-01T10:30:15.390000,0.008260
2025-05-01T10:30:15.400000,0.007343
2025-05-01T10:30:15.410000,0.001694
2025-05-01T10:30:15.420000,0.000708
2025-05-01T10:30:15.430000,-0.010820
2025-05-01T10:30:15.440000,0.006229
2025-05-01T10:30:15.450000,0.009643
2025-05-01T10:30:15.460000,0.005817
2025-05-01T10:30:15.470000,-0.004630
2025-05-01T10:30:15.480000,0.013297
2025-05-01T10:30:15.490000,-0.011668
2025-05-01T10:30:15.500000,0.008508
2025-05-01T10:30:15.510000,-0.005247
2025-05-01T10:30:15.520000,0.005412
2025-05-01T10:30:15.530000,-0.003344
2025-05-01T10:30:15.540000,-0.005562
2025-05-01T10:30:15.550000,0.001079
2025-05-01T10:30:15.560000,0.005515
2025-05-01T10:30:15.570000,0.007589
2025-05-01T10:30:15.580000,0.018488
2025-05-01T10:30:15.590000,0.009789
2025-05-01T10:30:15.600000,-0.002808
2025-05-01T10:30:15.610000,0.013368
2025-05-01T10:30:15.620000,0.013029
2025-05-01T10:30:15.630000,-0.012815
2025-05-01T10:30:15.640000,-0.015375
2025-05-01T10:30:15.650000,0.002797
2025-05-01T10:30:15.660000,-0.003007
2025-05-01T10:30:15.670000,-0.009908
2025-05-01T10:30:15.680000,-0.015951
2025-05-01T10:30:15.690000,-0.006835
2025-05-01T10:30:15.700000,0.006773
2025-05-01T10:30:15.710000,0.000349
2025-05-01T10:30:15.720000,-0.003661
2025-05-01T10:30:15.730000,0.004933
2025-05-01T10:30:15.740000,0.011412
2025-05-01T10:30:15.750000,-0.001746
2025-05-01T10:30:15.760000,-0.002059
2025-05-01T10:30:15.770000,-0.010946
2025-05-01T10:30:15.780000,0.014074
2025-05-01T10:30:15.790000,-0.015121
2025-05-01T10:30:15.800000,-0.018179
2025-05-01T10:30:15.810000,-0.008229
2025-05-01T10:30:15.820000,-0.001153
2025-05-01T10:30:15.830000,-0.015934
2025-05-01T10:30:15.840000,-0.001645
2025-05-01T10:30:15.850000,-0.000766
2025-05-01T10:30:15.860000,0.009883
2025-05-01T10:30:15.870000,-0.008500
2025-05-01T10:30:15.880000,0.001870
2025-05-01T10:30:15.890000,0.005188
2025-05-01T10:30:15.900000,-0.002826
2025-05-01T10:30:15.910000,0.006233
2025-05-01T10:30:15.920000,0.009715
2025-05-01T10:30:15.930000,0.004738
2025-05-01T10:30:15.940000,0.002172
2025-05-01T10:30:15.950000,-0.001663
2025-05-01T10:30:15.960000,0.010639
2025-05-01T10:30:15.970000,0.011096
2025-05-01T10:30:15.980000,0.011760
2025-05-01T10:30:15.990000,-0.006588
2025-05-01T10:30:16,0.000408
2025-05-01T10:30:16.010000,-0.007246
2025-05-01T10:30:16.020000,0.002898
2025-05-01T10:30:16.030000,0.017145
2025-05-01T10:30:16.040000,-0.002112
2025-05-01T10:30:16.050000,0.012122
2025-05-01T10:30:16.060000,0.001155
2025-05-01T10:30:16.070000,-0.002732
2025-05-01T10:30:16.080000,-0.008245
2025-05-01T10:30:16.090000,-0.003052
2025-05-01T10:30:16.100000,-0.013430
2025-05-01T10:30:16.110000,-0.010708
2025-05-01T10:30:16.120000,0.009329
2025-05-01T10:30:16.130000,-0.011056
2025-05-01T10:30:16.140000,0.000152
2025-05-01T10:30:16.150000,-0.006943
2025-05-01T10:30:16.160000,-0.001755
2025-05-01T10:30:16.170000,-0.001964
2025-05-01T10:30:16.180000,0.008619
2025-05-01T10:30:16.190000,0.010711
2025-05-01T10:30:16.200000,-0.005724
2025-05-01T10:30:16.210000,-0.004107
2025-05-01T10:30:16.220000,0.002617
2025-05-01T10:30:16.230000,-0.008419
2025-05-01T10:30:16.240000,-0.009526
2025-05-01T10:30:16.250000,0.012206
2025-05-01T10:30:16.260000,-0.018340
2025-05-01T10:30:16.270000,0.012114
2025-05-01T10:30:16.280000,-0.000087
2025-05-01T10:30:16.290000,0.009336
2025-05-01T10:30:16.300000,0.005242
2025-05-01T10:30:16.310000,-0.007334
2025-05-01T10:30:16.320000,0.006230
2025-05-01T10:30:16.330000,0.008778
2025-05-01T10:30:16.340000,-0.004727
2025-05-01T10:30:16.350000,-0.001454
2025-05-01T10:30:16.360000,-0.018480
2025-05-01T10:30:16.370000,0.008542
2025-05-01T10:30:16.380000,-0.001562
2025-05-01T10:30:16.390000,-0.010332
2025-05-01T10:30:16.400000,-0.003002
2025-05-01T10:30:16.410000,-0.005914
2025-05-01T10:30:16.420000,0.013402
2025-05-01T10:30:16.430000,0.003265
2025-05-01T10:30:16.440000,-0.005398
2025-05-01T10:30:16.450000,0.003953
2025-05-01T10:30:16.460000,-0.008848
2025-05-01T10:30:16.470000,0.001138
2025-05-01T10:30:16.480000,-0.013355
2025-05-01T10:30:16.490000,-0.005263
2025-05-01T10:30:16.500000,-0.016813
2025-05-01T10:30:16.510000,0.009951
2025-05-01T10:30:16.520000,0.001879
2025-05-01T10:30:16.530000,-0.008510
2025-05-01T10:30:16.540000,-0.009847
2025-05-01T10:30:16.550000,-0.009569
2025-05-01T10:30:16.560000,-0.006280
2025-05-01T10:30:16.570000,0.003001
2025-05-01T10:30:16.580000,-0.002605
2025-05-01T10:30:16.590000,-0.012250
2025-05-01T10:30:16.600000,-0.016936
2025-05-01T10:30:16.610000,0.004195
2025-05-01T10:30:16.620000,-0.003616
2025-05-01T10:30:16.630000,0.012475
2025-05-01T10:30:16.640000,0.018465
2025-05-01T10:30:16.650000,0.001493
2025-05-01T10:30:16.660000,0.010388
2025-05-01T10:30:16.670000,-0.002900
2025-05-01T10:30:16.680000,-0.011613
2025-05-01T10:30:16.690000,0.003815
2025-05-01T10:30:16.700000,0.014410
2025-05-01T10:30:16.710000,0.009122
2025-05-01T10:30:16.720000,0.002202
2025-05-01T10:30:16.730000,-0.022205
2025-05-01T10:30:16.740000,-0.001105
2025-05-01T10:30:16.750000,0.004036
2025-05-01T10:30:16.760000,0.031809
2025-05-01T10:30:16.770000,0.006010
2025-05-01T10:30:16.780000,-0.004272
2025-05-01T10:30:16.790000,0.009142
2025-05-01T10:30:16.800000,-0.011946
2025-05-01T10:30:16.810000,-0.005646
2025-05-01T10:30:16.820000,-0.010265
2025-05-01T10:30:16.830000,-0.020559
2025-05-01T10:30:16.840000,0.002934
2025-05-01T10:30:16.850000,-0.002897
2025-05-01T10:30:16.860000,0.000727
2025-05-01T10:30:16.870000,-0.010286
2025-05-01T10:30:16.880000,0.009237
2025-05-01T10:30:16.890000,-0.004798
2025-05-01T10:30:16.900000,0.004252
2025-05-01T10:30:16.910000,-0.005240
2025-05-01T10:30:16.920000,-0.004007
2025-05-01T10:30:16.930000,-0.009372
2025-05-01T10:30:16.940000,0.006060
2025-05-01T10:30:16.950000,-0.001683
2025-05-01T10:30:16.960000,0.004174
2025-05-01T10:30:16.970000,-0.015117
2025-05-01T10:30:16.980000,0.013111
2025-05-01T10:30:16.990000,-0.021383
2025-05-01T10:30:17,-0.012985
2025-05-01T10:30:17.010000,-0.003772
2025-05-01T10:30:17.020000,0.006595
2025-05-01T10:30:17.030000,0.013901
2025-05-01T10:30:17.040000,0.019164
2025-05-01T10:30:17.050000,0.006049
2025-05-01T10:30:17.060000,-0.009675
2025-05-01T10:30:17.070000,-0.008726
2025-05-01T10:30:17.080000,-0.006968
2025-05-01T10:30:17.090000,-0.002749
2025-05-01T10:30:17.100000,-0.005560
2025-05-01T10:30:17.110000,-0.002480
2025-05-01T10:30:17.120000,0.009525
2025-05-01T10:30:17.130000,-0.001997
2025-05-01T10:30:17.140000,-0.002974
2025-05-01T10:30:17.150000,-0.001365
2025-05-01T10:30:17.160000,0.017930
2025-05-01T10:30:17.170000,0.022527
2025-05-01T10:30:17.180000,0.022885
2025-05-01T10:30:17.190000,-0.003775
2025-05-01T10:30:17.200000,-0.014013
2025-05-01T10:30:17.210000,0.002826
2025-05-01T10:30:17.220000,-0.026282
2025-05-01T10:30:17.230000,0.023820
2025-05-01T10:30:17.240000,0.011480
2025-05-01T10:30:17.250000,0.002687
2025-05-01T10:30:17.260000,-0.008680
2025-05-01T10:30:17.270000,-0.007865
2025-05-01T10:30:17.280000,-0.007157
2025-05-01T10:30:17.290000,-0.006554
2025-05-01T10:30:17.300000,0.002774
2025-05-01T10:30:17.310000,-0.005053
2025-05-01T10:30:17.320000,0.001769
2025-05-01T10:30:17.330000,-0.005272
2025-05-01T10:30:17.340000,0.007900
2025-05-01T10:30:17.350000,0.015021
2025-05-01T10:30:17.360000,0.007595
2025-05-01T10:30:17.370000,0.005564
2025-05-01T10:30:17.380000,-0.000819
2025-05-01T10:30:17.390000,-0.011379
2025-05-01T10:30:17.400000,0.015567
2025-05-01T10:30:17.410000,0.006195
2025-05-01T10:30:17.420000,0.004938
2025-05-01T10:30:17.430000,0.007657
2025-05-01T10:30:17.440000,0.009876
2025-05-01T10:30:17.450000,-0.002650
2025-05-01T10:30:17.460000,-0.000835
2025-05-01T10:30:17.470000,-0.018662
2025-05-01T10:30:17.480000,-0.014401
2025-05-01T10:30:17.490000,-0.011276
2025-05-01T10:30:17.500000,-0.001430
2025-05-01T10:30:17.510000,-0.007277
2025-05-01T10:30:17.520000,0.000846
2025-05-01T10:30:17.530000,0.014136
2025-05-01T10:30:17.540000,-0.002616
2025-05-01T10:30:17.550000,-0.003985
2025-05-01T10:30:17.560000,0.002818
2025-05-01T10:30:17.570000,-0.005965
2025-05-01T10:30:17.580000,-0.002288
2025-05-01T10:30:17.590000,-0.008525
2025-05-01T10:30:17.600000,0.002877
2025-05-01T10:30:17.610000,-0.010398
2025-05-01T10:30:17.620000,0.000947
2025-05-01T10:30:17.630000,0.002298
2025-05-01T10:30:17.640000,-0.008678
2025-05-01T10:30:17.650000,0.016401
2025-05-01T10:30:17.660000,-0.015909
2025-05-01T10:30:17.670000,0.002548
2025-05-01T10:30:17.680000,-0.013931
2025-05-01T10:30:17.690000,0.025194
2025-05-01T10:30:17.700000,-0.002308
2025-05-01T10:30:17.710000,0.020962
2025-05-01T10:30:17.720000,-0.004205
2025-05-01T10:30:17.730000,-0.011607
2025-05-01T10:30:17.740000,-0.004728
2025-05-01T10:30:17.750000,0.001330
2025-05-01T10:30:17.760000,-0.005420
2025-05-01T10:30:17.770000,0.010953
2025-05-01T10:30:17.780000,-0.007453
2025-05-01T10:30:17.790000,-0.035487
2025-05-01T10:30:17.800000,0.000673
2025-05-01T10:30:17.810000,-0.003505
2025-05-01T10:30:17.820000,0.007452
2025-05-01T10:30:17.830000,-0.006877
2025-05-01T10:30:17.840000,0.014815
2025-05-01T10:30:17.850000,0.017115
2025-05-01T10:30:17.860000,-0.012843
2025-05-01T10:30:17.870000,-0.021008
2025-05-01T10:30:17.880000,0.005559
2025-05-01T10:30:17.890000,0.003829
2025-05-01T10:30:17.900000,0.005123
2025-05-01T10:30:17.910000,0.013744
2025-05-01T10:30:17.920000,0.003811
2025-05-01T10:30:17.930000,-0.003561
2025-05-01T10:30:17.940000,0.001104
2025-05-01T10:30:17.950000,0.005861
2025-05-01T10:30:17.960000,0.009928
2025-05-01T10:30:17.970000,-0.009160
2025-05-01T10:30:17.980000,-0.005916
2025-05-01T10:30:17.990000,0.007870
2025-05-01T10:30:18,-0.017192
2025-05-01T10:30:18.010000,0.005354
2025-05-01T10:30:18.020000,0.023704
2025-05-01T10:30:18.030000,0.004878
2025-05-01T10:30:18.040000,0.002237
2025-05-01T10:30:18.050000,0.007226
2025-05-01T10:30:18.060000,0.015099
2025-05-01T10:30:18.070000,-0.017020
2025-05-01T10:30:18.080000,0.009088
2025-05-01T10:30:18.090000,0.009186
2025-05-01T10:30:18.100000,0.001169
2025-05-01T10:30:18.110000,0.016930
2025-05-01T10:30:18.120000,0.011613
2025-05-01T10:30:18.130000,0.019148
2025-05-01T10:30:18.140000,-0.016029
2025-05-01T10:30:18.150000,0.005275
2025-05-01T10:30:18.160000,0.001904
2025-05-01T10:30:18.170000,-0.001137
2025-05-01T10:30:18.180000,0.001616
2025-05-01T10:30:18.190000,-0.016762
2025-05-01T10:30:18.200000,0.005636
2025-05-01T10:30:18.210000,0.005025
2025-05-01T10:30:18.220000,-0.009980
2025-05-01T10:30:18.230000,0.006243
2025-05-01T10:30:18.240000,-0.013874
2025-05-01T10:30:18.250000,0.001652
2025-05-01T10:30:18.260000,-0.013098
2025-05-01T10:30:18.270000,0.017724
2025-05-01T10:30:18.280000,0.006210
2025-05-01T10:30:18.290000,0.009311
2025-05-01T10:30:18.300000,0.008929
2025-05-01T10:30:18.310000,0.005042
2025-05-01T10:30:18.320000,-0.011008
2025-05-01T10:30:18.330000,-0.004927
2025-05-01T10:30:18.340000,-0.006798
2025-05-01T10:30:18.350000,-0.002881
2025-05-01T10:30:18.360000,0.013920
2025-05-01T10:30:18.370000,-0.011807
2025-05-01T10:30:18.380000,0.008613
2025-05-01T10:30:18.390000,0.006801
2025-05-01T10:30:18.400000,0.001888
2025-05-01T10:30:18.410000,0.008061
2025-05-01T10:30:18.420000,0.001226
2025-05-01T10:30:18.430000,-0.000109
2025-05-01T10:30:18.440000,-0.005552
2025-05-01T10:30:18.450000,0.003397
2025-05-01T10:30:18.460000,-0.004877
2025-05-01T10:30:18.470000,-0.013642
2025-05-01T10:30:18.480000,0.009008
2025-05-01T10:30:18.490000,-0.000497
2025-05-01T10:30:18.500000,-0.015955
2025-05-01T10:30:18.510000,0.016017
2025-05-01T10:30:18.520000,-0.010341
2025-05-01T10:30:18.530000,-0.019049
2025-05-01T10:30:18.540000,-0.000837
2025-05-01T10:30:18.550000,-0.013359
2025-05-01T10:30:18.560000,0.007611
2025-05-01T10:30:18.570000,-0.005291
2025-05-01T10:30:18.580000,0.000058
2025-05-01T10:30:18.590000,-0.005477
2025-05-01T10:30:18.600000,0.011475
2025-05-01T10:30:18.610000,0.001308
2025-05-01T10:30:18.620000,0.009405
2025-05-01T10:30:18.630000,0.003476
2025-05-01T10:30:18.640000,0.007320
2025-05-01T10:30:18.650000,-0.009062
2025-05-01T10:30:18.660000,0.015038
2025-05-01T10:30:18.670000,0.002003
2025-05-01T10:30:18.680000,-0.002644
2025-05-01T10:30:18.690000,-0.008920
2025-05-01T10:30:18.700000,0.004354
2025-05-01T10:30:18.710000,0.004732
2025-05-01T10:30:18.720000,0.009821
2025-05-01T10:30:18.730000,0.007235
2025-05-01T10:30:18.740000,0.015653
2025-05-01T10:30:18.750000,0.006309
2025-05-01T10:30:18.760000,0.000903
2025-05-01T10:30:18.770000,0.010516
2025-05-01T10:30:18.780000,0.000994
2025-05-01T10:30:18.790000,-0.012633
2025-05-01T10:30:18.800000,0.002750
2025-05-01T10:30:18.810000,0.027631
2025-05-01T10:30:18.820000,0.006823
2025-05-01T10:30:18.830000,-0.000447
2025-05-01T10:30:18.840000,-0.008405
2025-05-01T10:30:18.850000,0.007492
2025-05-01T10:30:18.860000,0.015993
2025-05-01T10:30:18.870000,0.010991
2025-05-01T10:30:18.880000,-0.004862
2025-05-01T10:30:18.890000,0.003038
2025-05-01T10:30:18.900000,-0.022161
2025-05-01T10:30:18.910000,-0.007334
2025-05-01T10:30:18.920000,-0.025838
2025-05-01T10:30:18.930000,-0.017415
2025-05-01T10:30:18.940000,0.012741
2025-05-01T10:30:18.950000,0.022790
2025-05-01T10:30:18.960000,-0.004441
2025-05-01T10:30:18.970000,0.008486
2025-05-01T10:30:18.980000,-0.012431
2025-05-01T10:30:18.990000,0.005159
2025-05-01T10:30:19,-0.010106
2025-05-01T10:30:19.010000,-0.010002
2025-05-01T10:30:19.020000,-0.016178
2025-05-01T10:30:19.030000,0.001091
2025-05-01T10:30:19.040000,-0.013556
2025-05-01T10:30:19.050000,0.007215
2025-05-01T10:30:19.060000,-0.003470
2025-05-01T10:30:19.070000,-0.000885
2025-05-01T10:30:19.080000,0.001641
2025-05-01T10:30:19.090000,-0.008578
2025-05-01T10:30:19.100000,-0.017992
2025-05-01T10:30:19.110000,-0.005098
2025-05-01T10:30:19.120000,-0.001178
2025-05-01T10:30:19.130000,0.008737
2025-05-01T10:30:19.140000,-0.013406
2025-05-01T10:30:19.150000,-0.004573
2025-05-01T10:30:19.160000,-0.004080
2025-05-01T10:30:19.170000,-0.007607
2025-05-01T10:30:19.180000,0.012875
2025-05-01T10:30:19.190000,-0.031673
2025-05-01T10:30:19.200000,0.007412
2025-05-01T10:30:19.210000,-0.018309
2025-05-01T10:30:19.220000,0.002521
2025-05-01T10:30:19.230000,0.003069
2025-05-01T10:30:19.240000,-0.003420
2025-05-01T10:30:19.250000,0.007864
2025-05-01T10:30:19.260000,-0.017401
2025-05-01T10:30:19.270000,0.023333
2025-05-01T10:30:19.280000,-0.005603
2025-05-01T10:30:19.290000,-0.010412
2025-05-01T10:30:19.300000,0.005077
2025-05-01T10:30:19.310000,0.009303
2025-05-01T10:30:19.320000,0.002511
2025-05-01T10:30:19.330000,-0.026812
2025-05-01T10:30:19.340000,0.002843
2025-05-01T10:30:19.350000,-0.001948
2025-05-01T10:30:19.360000,-0.020799
2025-05-01T10:30:19.370000,0.010943
2025-05-01T10:30:19.380000,0.011539
2025-05-01T10:30:19.390000,0.022812
2025-05-01T10:30:19.400000,-0.004756
2025-05-01T10:30:19.410000,0.008430
2025-05-01T10:30:19.420000,0.012680
2025-05-01T10:30:19.430000,-0.002298
2025-05-01T10:30:19.440000,-0.002648
2025-05-01T10:30:19.450000,-0.010956
2025-05-01T10:30:19.460000,-0.005599
2025-05-01T10:30:19.470000,-0.006435
2025-05-01T10:30:19.480000,0.016474
2025-05-01T10:30:19.490000,-0.012293
2025-05-01T10:30:19.500000,0.007514
2025-05-01T10:30:19.510000,0.013786
2025-05-01T10:30:19.520000,0.008898
2025-05-01T10:30:19.530000,0.004646
2025-05-01T10:30:19.540000,-0.006981
2025-05-01T10:30:19.550000,0.008368
2025-05-01T10:30:19.560000,-0.008089
2025-05-01T10:30:19.570000,0.014370
2025-05-01T10:30:19.580000,-0.010953
2025-05-01T10:30:19.590000,-0.000058
2025-05-01T10:30:19.600000,-0.010034
2025-05-01T10:30:19.610000,-0.002825
2025-05-01T10:30:19.620000,0.007848
2025-05-01T10:30:19.630000,-0.007541
2025-05-01T10:30:19.640000,-0.005352
2025-05-01T10:30:19.650000,0.006413
2025-05-01T10:30:19.660000,0.006332
2025-05-01T10:30:19.670000,0.008755
2025-05-01T10:30:19.680000,-0.013137
2025-05-01T10:30:19.690000,0.006001
2025-05-01T10:30:19.700000,0.008074
2025-05-01T10:30:19.710000,-0.002581
2025-05-01T10:30:19.720000,0.010370
2025-05-01T10:30:19.730000,0.003046
2025-05-01T10:30:19.740000,-0.009281
2025-05-01T10:30:19.750000,-0.007193
2025-05-01T10:30:19.760000,0.019489
2025-05-01T10:30:19.770000,0.001733
2025-05-01T10:30:19.780000,-0.011885
2025-05-01T10:30:19.790000,-0.002512
2025-05-01T10:30:19.800000,0.012558
2025-05-01T10:30:19.810000,-0.020768
2025-05-01T10:30:19.820000,-0.008678
2025-05-01T10:30:19.830000,0.005475
2025-05-01T10:30:19.840000,0.003191
2025-05-01T10:30:19.850000,0.007169
2025-05-01T10:30:19.860000,-0.003882
2025-05-01T10:30:19.870000,-0.007489
2025-05-01T10:30:19.880000,0.000284
2025-05-01T10:30:19.890000,-0.012483
2025-05-01T10:30:19.900000,-0.001776
2025-05-01T10:30:19.910000,-0.002417
2025-05-01T10:30:19.920000,0.007879
2025-05-01T10:30:19.930000,0.011408
2025-05-01T10:30:19.940000,0.009655
2025-05-01T10:30:19.950000,0.005234
2025-05-01T10:30:19.960000,-0.016931
2025-05-01T10:30:19.970000,0.019408
2025-05-01T10:30:19.980000,0.001283
2025-05-01T10:30:19.990000,0.008861
2025-05-01T10:30:20,0.018672
2025-05-01T10:30:20.010000,-0.013595
2025-05-01T10:30:20.020000,0.011560
2025-05-01T10:30:20.030000,-0.013902
2025-05-01T10:30:20.040000,0.009946
2025-05-01T10:30:20.050000,0.014011
2025-05-01T10:30:20.060000,0.001513
2025-05-01T10:30:20.070000,0.003190
2025-05-01T10:30:20.080000,0.009364
2025-05-01T10:30:20.090000,-0.000169
2025-05-01T10:30:20.100000,-0.004099
2025-05-01T10:30:20.110000,-0.009481
2025-05-01T10:30:20.120000,-0.009878
2025-05-01T10:30:20.130000,0.006049
2025-05-01T10:30:20.140000,-0.001929
2025-05-01T10:30:20.150000,0.001830
2025-05-01T10:30:20.160000,-0.017894
2025-05-01T10:30:20.170000,0.010287
2025-05-01T10:30:20.180000,-0.015899
2025-05-01T10:30:20.190000,-0.000742
2025-05-01T10:30:20.200000,-0.030204
2025-05-01T10:30:20.210000,-0.012878
2025-05-01T10:30:20.220000,-0.005621
2025-05-01T10:30:20.230000,0.007068
2025-05-01T10:30:20.240000,0.003360
2025-05-01T10:30:20.250000,-0.005763
2025-05-01T10:30:20.260000,0.002373
2025-05-01T10:30:20.270000,0.012219
2025-05-01T10:30:20.280000,-0.005364
2025-05-01T10:30:20.290000,0.000860
2025-05-01T10:30:20.300000,-0.005090
2025-05-01T10:30:20.310000,0.000042
2025-05-01T10:30:20.320000,0.006063
2025-05-01T10:30:20.330000,-0.006523
2025-05-01T10:30:20.340000,-0.001448
2025-05-01T10:30:20.350000,0.004301
2025-05-01T10:30:20.360000,-0.009922
2025-05-01T10:30:20.370000,-0.012065
2025-05-01T10:30:20.380000,0.000201
2025-05-01T10:30:20.390000,0.000607
2025-05-01T10:30:20.400000,0.006932
2025-05-01T10:30:20.410000,0.011575
2025-05-01T10:30:20.420000,-0.012961
2025-05-01T10:30:20.430000,-0.000211
2025-05-01T10:30:20.440000,0.015992
2025-05-01T10:30:20.450000,-0.009948
2025-05-01T10:30:20.460000,0.007867
2025-05-01T10:30:20.470000,-0.004124
2025-05-01T10:30:20.480000,0.014458
2025-05-01T10:30:20.490000,0.002708
2025-05-01T10:30:20.500000,0.006129
2025-05-01T10:30:20.510000,-0.016783
2025-05-01T10:30:20.520000,0.014937
2025-05-01T10:30:20.530000,0.016486
2025-05-01T10:30:20.540000,0.002890
2025-05-01T10:30:20.550000,0.005679
2025-05-01T10:30:20.560000,0.006394
2025-05-01T10:30:20.570000,-0.008030
2025-05-01T10:30:20.580000,-0.018635
2025-05-01T10:30:20.590000,-0.002220
2025-05-01T10:30:20.600000,-0.004237
2025-05-01T10:30:20.610000,-0.001178
2025-05-01T10:30:20.620000,-0.016149
2025-05-01T10:30:20.630000,-0.005534
2025-05-01T10:30:20.640000,0.004149
2025-05-01T10:30:20.650000,0.003267
2025-05-01T10:30:20.660000,0.002692
2025-05-01T10:30:20.670000,0.004857
2025-05-01T10:30:20.680000,-0.000402
2025-05-01T10:30:20.690000,-0.005230
2025-05-01T10:30:20.700000,-0.021354
2025-05-01T10:30:20.710000,0.022477
2025-05-01T10:30:20.720000,0.006608
2025-05-01T10:30:20.730000,-0.014359
2025-05-01T10:30:20.740000,-0.004932
2025-05-01T10:30:20.750000,0.012085
2025-05-01T10:30:20.760000,0.000197
2025-05-01T10:30:20.770000,-0.001411
2025-05-01T10:30:20.780000,-0.004602
2025-05-01T10:30:20.790000,0.011050
2025-05-01T10:30:20.800000,-0.001072
2025-05-01T10:30:20.810000,-0.007841
2025-05-01T10:30:20.820000,0.014342
2025-05-01T10:30:20.830000,-0.011137
2025-05-01T10:30:20.840000,-0.003201
2025-05-01T10:30:20.850000,0.013324
2025-05-01T10:30:20.860000,0.024821
2025-05-01T10:30:20.870000,-0.004535
2025-05-01T10:30:20.880000,0.009777
2025-05-01T10:30:20.890000,0.003492
2025-05-01T10:30:20.900000,-0.005120
2025-05-01T10:30:20.910000,-0.006919
2025-05-01T10:30:20.920000,0.000263
2025-05-01T10:30:20.930000,0.012118
2025-05-01T10:30:20.940000,0.008041
2025-05-01T10:30:20.950000,0.009792
2025-05-01T10:30:20.960000,0.013720
2025-05-01T10:30:20.970000,0.011049
2025-05-01T10:30:20.980000,0.010145
2025-05-01T10:30:20.990000,-0.007073
2025-05-01T10:30:21,-0.008732
2025-05-01T10:30:21.010000,-0.010429
2025-05-01T10:30:21.020000,0.009030
2025-05-01T10:30:21.030000,-0.005797
2025-05-01T10:30:21.040000,0.004533
2025-05-01T10:30:21.050000,0.003164
2025-05-01T10:30:21.060000,0.003862
2025-05-01T10:30:21.070000,-0.022922
2025-05-01T10:30:21.080000,-0.001316
2025-05-01T10:30:21.090000,-0.002318
2025-05-01T10:30:21.100000,0.000823
2025-05-01T10:30:21.110000,-0.002859
2025-05-01T10:30:21.120000,0.001892
2025-05-01T10:30:21.130000,0.012221
2025-05-01T10:30:21.140000,-0.015242
2025-05-01T10:30:21.150000,0.021316
2025-05-01T10:30:21.160000,0.005418
2025-05-01T10:30:21.170000,-0.010898
2025-05-01T10:30:21.180000,-0.011037
2025-05-01T10:30:21.190000,-0.012998
2025-05-01T10:30:21.200000,-0.011776
2025-05-01T10:30:21.210000,0.016686
2025-05-01T10:30:21.220000,-0.033584
2025-05-01T10:30:21.230000,-0.010817
2025-05-01T10:30:21.240000,-0.004824
2025-05-01T10:30:21.250000,0.008418
2025-05-01T10:30:21.260000,0.014119
2025-05-01T10:30:21.270000,-0.001993
2025-05-01T10:30:21.280000,0.006880
2025-05-01T10:30:21.290000,-0.003585
2025-05-01T10:30:21.300000,-0.001983
2025-05-01T10:30:21.310000,-0.004106
2025-05-01T10:30:21.320000,0.001034
2025-05-01T10:30:21.330000,0.006342
2025-05-01T10:30:21.340000,0.002757
2025-05-01T10:30:21.350000,0.013002
2025-05-01T10:30:21.360000,0.007449
2025-05-01T10:30:21.370000,-0.000653
2025-05-01T10:30:21.380000,0.017267
2025-05-01T10:30:21.390000,-0.012423
2025-05-01T10:30:21.400000,0.003727
2025-05-01T10:30:21.410000,-0.018702
2025-05-01T10:30:21.420000,0.013698
2025-05-01T10:30:21.430000,-0.005510
2025-05-01T10:30:21.440000,0.003929
2025-05-01T10:30:21.450000,-0.009300
2025-05-01T10:30:21.460000,-0.002426
2025-05-01T10:30:21.470000,-0.003804
2025-05-01T10:30:21.480000,0.007441
2025-05-01T10:30:21.490000,-0.008894
2025-05-01T10:30:21.500000,-0.002614
2025-05-01T10:30:21.510000,0.010956
2025-05-01T10:30:21.520000,-0.002828
2025-05-01T10:30:21.530000,0.009960
2025-05-01T10:30:21.540000,-0.001401
2025-05-01T10:30:21.550000,0.010207
2025-05-01T10:30:21.560000,-0.015416
2025-05-01T10:30:21.570000,0.000864
2025-05-01T10:30:21.580000,-0.003685
2025-05-01T10:30:21.590000,-0.000837
2025-05-01T10:30:21.600000,0.004765
2025-05-01T10:30:21.610000,-0.013063
2025-05-01T10:30:21.620000,-0.007249
2025-05-01T10:30:21.630000,0.001090
2025-05-01T10:30:21.640000,0.004709
2025-05-01T10:30:21.650000,0.015696
2025-05-01T10:30:21.660000,-0.000127
2025-05-01T10:30:21.670000,-0.002699
2025-05-01T10:30:21.680000,-0.001491
2025-05-01T10:30:21.690000,0.004191
2025-05-01T10:30:21.700000,0.004739
2025-05-01T10:30:21.710000,0.003896
2025-05-01T10:30:21.720000,0.026536
2025-05-01T10:30:21.730000,0.016047
2025-05-01T10:30:21.740000,0.032058
2025-05-01T10:30:21.750000,-0.010386
2025-05-01T10:30:21.760000,-0.000441
2025-05-01T10:30:21.770000,-0.004026
2025-05-01T10:30:21.780000,-0.018857
2025-05-01T10:30:21.790000,0.001291
2025-05-01T10:30:21.800000,-0.014503
2025-05-01T10:30:21.810000,0.008694
2025-05-01T10:30:21.820000,0.008067
2025-05-01T10:30:21.830000,-0.004257
2025-05-01T10:30:21.840000,-0.013621
2025-05-01T10:30:21.850000,0.000408
2025-05-01T10:30:21.860000,-0.001848
2025-05-01T10:30:21.870000,0.004483
2025-05-01T10:30:21.880000,0.004436
2025-05-01T10:30:21.890000,0.013442
2025-05-01T10:30:21.900000,-0.021006
2025-05-01T10:30:21.910000,0.018624
2025-05-01T10:30:21.920000,0.016505
2025-05-01T10:30:21.930000,0.003489
2025-05-01T10:30:21.940000,0.010351
2025-05-01T10:30:21.950000,-0.006214
2025-05-01T10:30:21.960000,-0.012643
2025-05-01T10:30:21.970000,0.005713
2025-05-01T10:30:21.980000,-0.020784
2025-05-01T10:30:21.990000,0.005765
2025-05-01T10:30:22,0.010425
2025-05-01T10:30:22.010000,-0.006634
2025-05-01T10:30:22.020000,-0.008353
2025-05-01T10:30:22.030000,0.008236
2025-05-01T10:30:22.040000,-0.012831
2025-05-01T10:30:22.050000,-0.007895
2025-05-01T10:30:22.060000,0.008514
2025-05-01T10:30:22.070000,0.004932
2025-05-01T10:30:22.080000,0.028973
2025-05-01T10:30:22.090000,-0.015082
2025-05-01T10:30:22.100000,0.018858
2025-05-01T10:30:22.110000,-0.008863
2025-05-01T10:30:22.120000,0.008273
2025-05-01T10:30:22.130000,-0.000767
2025-05-01T10:30:22.140000,-0.004719
2025-05-01T10:30:22.150000,0.006859
2025-05-01T10:30:22.160000,-0.011090
2025-05-01T10:30:22.170000,-0.004315
2025-05-01T10:30:22.180000,0.023094
2025-05-01T10:30:22.190000,-0.009356
2025-05-01T10:30:22.200000,-0.016921
2025-05-01T10:30:22.210000,0.001193
2025-05-01T10:30:22.220000,0.008085
2025-05-01T10:30:22.230000,-0.007553
2025-05-01T10:30:22.240000,-0.001550
2025-05-01T10:30:22.250000,-0.001981
2025-05-01T10:30:22.260000,0.004823
2025-05-01T10:30:22.270000,0.002817
2025-05-01T10:30:22.280000,-0.006715
2025-05-01T10:30:22.290000,0.002940
2025-05-01T10:30:22.300000,-0.005027
2025-05-01T10:30:22.310000,-0.004530
2025-05-01T10:30:22.320000,0.003797
2025-05-01T10:30:22.330000,0.001807
2025-05-01T10:30:22.340000,0.020702
2025-05-01T10:30:22.350000,-0.002867
2025-05-01T10:30:22.360000,-0.013525
2025-05-01T10:30:22.370000,-0.020979
2025-05-01T10:30:22.380000,0.005891
2025-05-01T10:30:22.390000,-0.003620
2025-05-01T10:30:22.400000,-0.005545
2025-05-01T10:30:22.410000,0.017729
2025-05-01T10:30:22.420000,-0.007367
2025-05-01T10:30:22.430000,-0.013730
2025-05-01T10:30:22.440000,-0.003746
2025-05-01T10:30:22.450000,-0.000223
2025-05-01T10:30:22.460000,-0.009797
2025-05-01T10:30:22.470000,0.006414
2025-05-01T10:30:22.480000,-0.000789
2025-05-01T10:30:22.490000,-0.000149
2025-05-01T10:30:22.500000,-0.007692
2025-05-01T10:30:22.510000,-0.002292
2025-05-01T10:30:22.520000,-0.002918
2025-05-01T10:30:22.530000,0.005265
2025-05-01T10:30:22.540000,-0.001436
2025-05-01T10:30:22.550000,0.013297
2025-05-01T10:30:22.560000,0.002311
2025-05-01T10:30:22.570000,-0.005765
2025-05-01T10:30:22.580000,-0.008733
2025-05-01T10:30:22.590000,0.009980
2025-05-01T10:30:22.600000,0.003383
2025-05-01T10:30:22.610000,0.012432
2025-05-01T10:30:22.620000,0.018866
2025-05-01T10:30:22.630000,0.002880
2025-05-01T10:30:22.640000,-0.006110
2025-05-01T10:30:22.650000,-0.007748
2025-05-01T10:30:22.660000,0.006166
2025-05-01T10:30:22.670000,-0.009600
2025-05-01T10:30:22.680000,0.008924
2025-05-01T10:30:22.690000,0.001161
2025-05-01T10:30:22.700000,-0.017588
2025-05-01T10:30:22.710000,0.000694
2025-05-01T10:30:22.720000,-0.000695
2025-05-01T10:30:22.730000,-0.015564
2025-05-01T10:30:22.740000,0.002978
2025-05-01T10:30:22.750000,0.020158
2025-05-01T10:30:22.760000,-0.005629
2025-05-01T10:30:22.770000,-0.014741
2025-05-01T10:30:22.780000,0.009350
2025-05-01T10:30:22.790000,0.003298
2025-05-01T10:30:22.800000,-0.004951
2025-05-01T10:30:22.810000,-0.010717
2025-05-01T10:30:22.820000,0.000810
2025-05-01T10:30:22.830000,0.024297
2025-05-01T10:30:22.840000,0.013204
2025-05-01T10:30:22.850000,0.006533
2025-05-01T10:30:22.860000,-0.004297
2025-05-01T10:30:22.870000,-0.006445
2025-05-01T10:30:22.880000,0.022368
2025-05-01T10:30:22.890000,-0.019759
2025-05-01T10:30:22.900000,-0.002013
2025-05-01T10:30:22.910000,-0.008007
2025-05-01T10:30:22.920000,-0.021001
2025-05-01T10:30:22.930000,0.022250
2025-05-01T10:30:22.940000,0.000922
2025-05-01T10:30:22.950000,0.000033
2025-05-01T10:30:22.960000,-0.004975
2025-05-01T10:30:22.970000,0.003801
2025-05-01T10:30:22.980000,0.001702
2025-05-01T10:30:22.990000,-0.010110
2025-05-01T10:30:23,0.006240
2025-05-01T10:30:23.010000,-0.010180
2025-05-01T10:30:23.020000,0.006494
2025-05-01T10:30:23.030000,-0.004934
2025-05-01T10:30:23.040000,-0.003163
2025-05-01T10:30:23.050000,0.003882
2025-05-01T10:30:23.060000,-0.007953
2025-05-01T10:30:23.070000,0.002483
2025-05-01T10:30:23.080000,-0.006532
2025-05-01T10:30:23.090000,0.016836
2025-05-01T10:30:23.100000,0.005211
2025-05-01T10:30:23.110000,-0.000330
2025-05-01T10:30:23.120000,0.011372
2025-05-01T10:30:23.130000,-0.002488
2025-05-01T10:30:23.140000,-0.009353
2025-05-01T10:30:23.150000,-0.008978
2025-05-01T10:30:23.160000,-0.007769
2025-05-01T10:30:23.170000,0.002730
2025-05-01T10:30:23.180000,0.001479
2025-05-01T10:30:23.190000,0.012021
2025-05-01T10:30:23.200000,-0.008732
2025-05-01T10:30:23.210000,-0.011885
2025-05-01T10:30:23.220000,-0.014099
2025-05-01T10:30:23.230000,0.003070
2025-05-01T10:30:23.240000,0.005963
2025-05-01T10:30:23.250000,0.001725
2025-05-01T10:30:23.260000,-0.006266
2025-05-01T10:30:23.270000,-0.002075
2025-05-01T10:30:23.280000,-0.010929
2025-05-01T10:30:23.290000,0.018307
2025-05-01T10:30:23.300000,-0.005061
2025-05-01T10:30:23.310000,-0.007494
2025-05-01T10:30:23.320000,0.008574
2025-05-01T10:30:23.330000,-0.015148
2025-05-01T10:30:23.340000,-0.005553
2025-05-01T10:30:23.350000,0.011702
2025-05-01T10:30:23.360000,0.004420
2025-05-01T10:30:23.370000,0.002987
2025-05-01T10:30:23.380000,-0.000827
2025-05-01T10:30:23.390000,0.022761
2025-05-01T10:30:23.400000,0.015479
2025-05-01T10:30:23.410000,0.010304
2025-05-01T10:30:23.420000,0.022240
2025-05-01T10:30:23.430000,0.001663
2025-05-01T10:30:23.440000,0.000561
2025-05-01T10:30:23.450000,-0.022291
2025-05-01T10:30:23.460000,0.007975
2025-05-01T10:30:23.470000,0.006797
2025-05-01T10:30:23.480000,-0.003246
2025-05-01T10:30:23.490000,-0.003017
2025-05-01T10:30:23.500000,0.006758
2025-05-01T10:30:23.510000,-0.001019
2025-05-01T10:30:23.520000,-0.006817
2025-05-01T10:30:23.530000,0.001804
2025-05-01T10:30:23.540000,-0.023522
2025-05-01T10:30:23.550000,-0.000420
2025-05-01T10:30:23.560000,0.009642
2025-05-01T10:30:23.570000,-0.005294
2025-05-01T10:30:23.580000,-0.015388
2025-05-01T10:30:23.590000,-0.005691
2025-05-01T10:30:23.600000,-0.008921
2025-05-01T10:30:23.610000,-0.005235
2025-05-01T10:30:23.620000,0.003079
2025-05-01T10:30:23.630000,-0.007327
2025-05-01T10:30:23.640000,0.002096
2025-05-01T10:30:23.650000,-0.005116
2025-05-01T10:30:23.660000,-0.023371
2025-05-01T10:30:23.670000,-0.004614
2025-05-01T10:30:23.680000,0.008241
2025-05-01T10:30:23.690000,-0.014611
2025-05-01T10:30:23.700000,0.019844
2025-05-01T10:30:23.710000,-0.002624
2025-05-01T10:30:23.720000,0.008888
2025-05-01T10:30:23.730000,-0.008499
2025-05-01T10:30:23.740000,0.009625
2025-05-01T10:30:23.750000,0.003152
2025-05-01T10:30:23.760000,0.002334
2025-05-01T10:30:23.770000,0.003014
2025-05-01T10:30:23.780000,0.007916
2025-05-01T10:30:23.790000,-0.017384
2025-05-01T10:30:23.800000,0.006779
2025-05-01T10:30:23.810000,0.004115
2025-05-01T10:30:23.820000,0.014217
2025-05-01T10:30:23.830000,0.016792
2025-05-01T10:30:23.840000,0.004790
2025-05-01T10:30:23.850000,0.012076
2025-05-01T10:30:23.860000,-0.002005
2025-05-01T10:30:23.870000,-0.015751
2025-05-01T10:30:23.880000,-0.009264
2025-05-01T10:30:23.890000,-0.004185
2025-05-01T10:30:23.900000,0.017490
2025-05-01T10:30:23.910000,-0.007266
2025-05-01T10:30:23.920000,0.011507
2025-05-01T10:30:23.930000,-0.005636
2025-05-01T10:30:23.940000,-0.011192
2025-05-01T10:30:23.950000,-0.008355
2025-05-01T10:30:23.960000,-0.004912
2025-05-01T10:30:23.970000,-0.001792
2025-05-01T10:30:23.980000,0.006299
2025-05-01T10:30:23.990000,-0.002685
2025-05-01T10:30:24,0.010892
2025-05-01T10:30:24.010000,-0.017544
2025-05-01T10:30:24.020000,0.009701
2025-05-01T10:30:24.030000,-0.018700
2025-05-01T10:30:24.040000,0.002098
2025-05-01T10:30:24.050000,0.001873
2025-05-01T10:30:24.060000,0.009647
2025-05-01T10:30:24.070000,-0.004090
2025-05-01T10:30:24.080000,-0.000450
2025-05-01T10:30:24.090000,0.009728
2025-05-01T10:30:24.100000,-0.005326
2025-05-01T10:30:24.110000,-0.003417
2025-05-01T10:30:24.120000,-0.003299
2025-05-01T10:30:24.130000,-0.002919
2025-05-01T10:30:24.140000,-0.004367
2025-05-01T10:30:24.150000,0.017639
2025-05-01T10:30:24.160000,0.007324
2025-05-01T10:30:24.170000,0.002917
2025-05-01T10:30:24.180000,0.009620
2025-05-01T10:30:24.190000,0.010132
2025-05-01T10:30:24.200000,-0.004982
2025-05-01T10:30:24.210000,-0.011723
2025-05-01T10:30:24.220000,-0.016667
2025-05-01T10:30:24.230000,0.013187
2025-05-01T10:30:24.240000,-0.005952
2025-05-01T10:30:24.250000,-0.006281
2025-05-01T10:30:24.260000,0.003807
2025-05-01T10:30:24.270000,0.009532
2025-05-01T10:30:24.280000,0.000271
2025-05-01T10:30:24.290000,-0.014692
2025-05-01T10:30:24.300000,-0.020279
2025-05-01T10:30:24.310000,0.005833
2025-05-01T10:30:24.320000,0.000899
2025-05-01T10:30:24.330000,-0.007226
2025-05-01T10:30:24.340000,0.019914
2025-05-01T10:30:24.350000,0.011154
2025-05-01T10:30:24.360000,-0.012431
2025-05-01T10:30:24.370000,-0.004630
2025-05-01T10:30:24.380000,-0.003803
2025-05-01T10:30:24.390000,0.007188
2025-05-01T10:30:24.400000,0.027870
2025-05-01T10:30:24.410000,-0.002951
2025-05-01T10:30:24.420000,0.005690
2025-05-01T10:30:24.430000,0.005467
2025-05-01T10:30:24.440000,0.016907
2025-05-01T10:30:24.450000,0.004734
2025-05-01T10:30:24.460000,0.001892
2025-05-01T10:30:24.470000,0.004921
2025-05-01T10:30:24.480000,-0.003954
2025-05-01T10:30:24.490000,-0.007950
2025-05-01T10:30:24.500000,0.001869
2025-05-01T10:30:24.510000,-0.018969
2025-05-01T10:30:24.520000,-0.006699
2025-05-01T10:30:24.530000,-0.002644
2025-05-01T10:30:24.540000,-0.016295
2025-05-01T10:30:24.550000,0.001102
2025-05-01T10:30:24.560000,-0.005774
2025-05-01T10:30:24.570000,0.020124
2025-05-01T10:30:24.580000,-0.009478
2025-05-01T10:30:24.590000,0.006966
2025-05-01T10:30:24.600000,0.008398
2025-05-01T10:30:24.610000,0.005360
2025-05-01T10:30:24.620000,0.014164
2025-05-01T10:30:24.630000,0.006328
2025-05-01T10:30:24.640000,-0.003783
2025-05-01T10:30:24.650000,-0.001818
2025-05-01T10:30:24.660000,-0.017794
2025-05-01T10:30:24.670000,0.009902
2025-05-01T10:30:24.680000,-0.016732
2025-05-01T10:30:24.690000,0.015237
2025-05-01T10:30:24.700000,0.015075
2025-05-01T10:30:24.710000,0.007497
2025-05-01T10:30:24.720000,0.011528
2025-05-01T10:30:24.730000,0.010322
2025-05-01T10:30:24.740000,-0.014936
2025-05-01T10:30:24.750000,0.013205
2025-05-01T10:30:24.760000,-0.007751
2025-05-01T10:30:24.770000,0.008797
2025-05-01T10:30:24.780000,0.004133
2025-05-01T10:30:24.790000,-0.001658
2025-05-01T10:30:24.800000,0.005510
2025-05-01T10:30:24.810000,-0.010920
2025-05-01T10:30:24.820000,0.010296
2025-05-01T10:30:24.830000,0.009912
2025-05-01T10:30:24.840000,-0.007205
2025-05-01T10:30:24.850000,-0.009652
2025-05-01T10:30:24.860000,0.016618
2025-05-01T10:30:24.870000,0.015431
2025-05-01T10:30:24.880000,0.001094
2025-05-01T10:30:24.890000,-0.014297
2025-05-01T10:30:24.900000,-0.000905
2025-05-01T10:30:24.910000,0.004645
2025-05-01T10:30:24.920000,0.016550
2025-05-01T10:30:24.930000,0.007045
2025-05-01T10:30:24.940000,0.020850
2025-05-01T10:30:24.950000,0.005157
2025-05-01T10:30:24.960000,-0.003526
2025-05-01T10:30:24.970000,-0.000368
2025-05-01T10:30:24.980000,-0.008303
2025-05-01T10:30:24.990000,0.001914
2025-05-01T10:30:25,0.010626
2025-05-01T10:30:25.010000,0.004472
2025-05-01T10:30:25.020000,0.019630
2025-05-01T10:30:25.030000,0.008918
2025-05-01T10:30:25.040000,-0.016225
2025-05-01T10:30:25.050000,0.009980
2025-05-01T10:30:25.060000,-0.004109
2025-05-01T10:30:25.070000,-0.001983
2025-05-01T10:30:25.080000,-0.004083
2025-05-01T10:30:25.090000,-0.005170
2025-05-01T10:30:25.100000,-0.007462
2025-05-01T10:30:25.110000,-0.011476
2025-05-01T10:30:25.120000,0.009044
2025-05-01T10:30:25.130000,-0.003127
2025-05-01T10:30:25.140000,0.000534
2025-05-01T10:30:25.150000,-0.000994
2025-05-01T10:30:25.160000,0.000579
2025-05-01T10:30:25.170000,0.020797
2025-05-01T10:30:25.180000,-0.005313
2025-05-01T10:30:25.190000,0.013680
2025-05-01T10:30:25.200000,-0.010578
2025-05-01T10:30:25.210000,-0.005381
2025-05-01T10:30:25.220000,0.001492
2025-05-01T10:30:25.230000,0.007042
2025-05-01T10:30:25.240000,-0.007138
2025-05-01T10:30:25.250000,0.002550
2025-05-01T10:30:25.260000,0.002531
2025-05-01T10:30:25.270000,0.001269
2025-05-01T10:30:25.280000,-0.011664
2025-05-01T10:30:25.290000,0.022782
2025-05-01T10:30:25.300000,-0.004532
2025-05-01T10:30:25.310000,-0.018131
2025-05-01T10:30:25.320000,-0.019137
2025-05-01T10:30:25.330000,-0.009313
2025-05-01T10:30:25.340000,-0.015192
2025-05-01T10:30:25.350000,-0.009117
2025-05-01T10:30:25.360000,0.011029
2025-05-01T10:30:25.370000,-0.005303
2025-05-01T10:30:25.380000,0.008826
2025-05-01T10:30:25.390000,-0.028762
2025-05-01T10:30:25.400000,-0.005022
2025-05-01T10:30:25.410000,0.015550
2025-05-01T10:30:25.420000,0.005008
2025-05-01T10:30:25.430000,-0.010398
2025-05-01T10:30:25.440000,0.003954
2025-05-01T10:30:25.450000,0.003581
2025-05-01T10:30:25.460000,0.008921
2025-05-01T10:30:25.470000,0.004159
2025-05-01T10:30:25.480000,-0.004010
2025-05-01T10:30:25.490000,0.000043
2025-05-01T10:30:25.500000,-0.005861
2025-05-01T10:30:25.510000,0.020283
2025-05-01T10:30:25.520000,-0.006587
2025-05-01T10:30:25.530000,-0.003863
2025-05-01T10:30:25.540000,-0.016577
2025-05-01T10:30:25.550000,0.026930
2025-05-01T10:30:25.560000,0.004079
2025-05-01T10:30:25.570000,0.009006
2025-05-01T10:30:25.580000,0.013600
2025-05-01T10:30:25.590000,0.000041
2025-05-01T10:30:25.600000,-0.008884
2025-05-01T10:30:25.610000,-0.005253
2025-05-01T10:30:25.620000,-0.000529
2025-05-01T10:30:25.630000,0.000992
2025-05-01T10:30:25.640000,-0.008200
2025-05-01T10:30:25.650000,0.016039
2025-05-01T10:30:25.660000,-0.007292
2025-05-01T10:30:25.670000,0.010615
2025-05-01T10:30:25.680000,-0.006255
2025-05-01T10:30:25.690000,-0.008066
2025-05-01T10:30:25.700000,0.004461
2025-05-01T10:30:25.710000,0.010574
2025-05-01T10:30:25.720000,-0.014140
2025-05-01T10:30:25.730000,0.001151
2025-05-01T10:30:25.740000,0.003238
2025-05-01T10:30:25.750000,0.008688
2025-05-01T10:30:25.760000,-0.006543
2025-05-01T10:30:25.770000,-0.001000
2025-05-01T10:30:25.780000,0.005610
2025-05-01T10:30:25.790000,0.006863
2025-05-01T10:30:25.800000,0.010290
2025-05-01T10:30:25.810000,-0.006873
2025-05-01T10:30:25.820000,0.022240
2025-05-01T10:30:25.830000,-0.001260
2025-05-01T10:30:25.840000,0.010915
2025-05-01T10:30:25.850000,-0.002294
2025-05-01T10:30:25.860000,0.004740
2025-05-01T10:30:25.870000,-0.008162
2025-05-01T10:30:25.880000,0.000920
2025-05-01T10:30:25.890000,-0.016011
2025-05-01T10:30:25.900000,-0.013016
2025-05-01T10:30:25.910000,0.008691
2025-05-01T10:30:25.920000,-0.004724
2025-05-01T10:30:25.930000,-0.017539
2025-05-01T10:30:25.940000,0.005541
2025-05-01T10:30:25.950000,-0.001707
2025-05-01T10:30:25.960000,0.015080
2025-05-01T10:30:25.970000,-0.004248
2025-05-01T10:30:25.980000,-0.014723
2025-05-01T10:30:25.990000,-0.000422
2025-05-01T10:30:26,-0.015237
2025-05-01T10:30:26.010000,-0.026982
2025-05-01T10:30:26.020000,-0.013865
2025-05-01T10:30:26.030000,-0.010246
2025-05-01T10:30:26.040000,-0.002939
2025-05-01T10:30:26.050000,-0.006489
2025-05-01T10:30:26.060000,0.011260
2025-05-01T10:30:26.070000,-0.006012
2025-05-01T10:30:26.080000,-0.003128
2025-05-01T10:30:26.090000,-0.006709
2025-05-01T10:30:26.100000,-0.008180
2025-05-01T10:30:26.110000,-0.011797
2025-05-01T10:30:26.120000,0.010232
2025-05-01T10:30:26.130000,0.003681
2025-05-01T10:30:26.140000,0.004955
2025-05-01T10:30:26.150000,0.004452
2025-05-01T10:30:26.160000,0.001986
2025-05-01T10:30:26.170000,-0.009623
2025-05-01T10:30:26.180000,-0.004578
2025-05-01T10:30:26.190000,-0.014607
2025-05-01T10:30:26.200000,0.004984
2025-05-01T10:30:26.210000,-0.011651
2025-05-01T10:30:26.220000,0.005462
2025-05-01T10:30:26.230000,0.002086
2025-05-01T10:30:26.240000,-0.011151
2025-05-01T10:30:26.250000,0.000413
2025-05-01T10:30:26.260000,0.003616
2025-05-01T10:30:26.270000,0.011434
2025-05-01T10:30:26.280000,-0.012372
2025-05-01T10:30:26.290000,-0.002501
2025-05-01T10:30:26.300000,0.007449
2025-05-01T10:30:26.310000,0.010482
2025-05-01T10:30:26.320000,0.021894
2025-05-01T10:30:26.330000,-0.007427
2025-05-01T10:30:26.340000,-0.013417
2025-05-01T10:30:26.350000,0.011927
2025-05-01T10:30:26.360000,0.012879
2025-05-01T10:30:26.370000,0.007028
2025-05-01T10:30:26.380000,0.001035
2025-05-01T10:30:26.390000,-0.000150
2025-05-01T10:30:26.400000,-0.000845
2025-05-01T10:30:26.410000,0.018759
2025-05-01T10:30:26.420000,0.003682
2025-05-01T10:30:26.430000,0.008257
2025-05-01T10:30:26.440000,0.003580
2025-05-01T10:30:26.450000,-0.004017
2025-05-01T10:30:26.460000,-0.001314
2025-05-01T10:30:26.470000,0.009160
2025-05-01T10:30:26.480000,0.000910
2025-05-01T10:30:26.490000,0.008722
2025-05-01T10:30:26.500000,0.002682
2025-05-01T10:30:26.510000,0.012122
2025-05-01T10:30:26.520000,0.003837
2025-05-01T10:30:26.530000,0.014627
2025-05-01T10:30:26.540000,0.010979
2025-05-01T10:30:26.550000,0.005225
2025-05-01T10:30:26.560000,-0.005124
2025-05-01T10:30:26.570000,-0.012260
2025-05-01T10:30:26.580000,-0.019375
2025-05-01T10:30:26.590000,0.001029
2025-05-01T10:30:26.600000,0.006141
2025-05-01T10:30:26.610000,-0.019038
2025-05-01T10:30:26.620000,0.008102
2025-05-01T10:30:26.630000,-0.003395
2025-05-01T10:30:26.640000,-0.005024
2025-05-01T10:30:26.650000,0.014948
2025-05-01T10:30:26.660000,-0.014997
2025-05-01T10:30:26.670000,0.030864
2025-05-01T10:30:26.680000,-0.006442
2025-05-01T10:30:26.690000,0.000867
2025-05-01T10:30:26.700000,-0.005504
2025-05-01T10:30:26.710000,0.012215
2025-05-01T10:30:26.720000,0.013279
2025-05-01T10:30:26.730000,0.000925
2025-05-01T10:30:26.740000,0.007924
2025-05-01T10:30:26.750000,0.002768
2025-05-01T10:30:26.760000,-0.003383
2025-05-01T10:30:26.770000,-0.002614
2025-05-01T10:30:26.780000,-0.018298
2025-05-01T10:30:26.790000,-0.002822
2025-05-01T10:30:26.800000,-0.010859
2025-05-01T10:30:26.810000,-0.000909
2025-05-01T10:30:26.820000,-0.009690
2025-05-01T10:30:26.830000,-0.002534
2025-05-01T10:30:26.840000,0.002724
2025-05-01T10:30:26.850000,0.001517
2025-05-01T10:30:26.860000,-0.009916
2025-05-01T10:30:26.870000,-0.009013
2025-05-01T10:30:26.880000,0.001197
2025-05-01T10:30:26.890000,-0.002824
2025-05-01T10:30:26.900000,0.001149
2025-05-01T10:30:26.910000,0.006818
2025-05-01T10:30:26.920000,0.000333
2025-05-01T10:30:26.930000,0.018115
2025-05-01T10:30:26.940000,-0.001115
2025-05-01T10:30:26.950000,-0.003369
2025-05-01T10:30:26.960000,0.017756
2025-05-01T10:30:26.970000,0.011870
2025-05-01T10:30:26.980000,0.013148
2025-05-01T10:30:26.990000,-0.008463
2025-05-01T10:30:27,0.009766
2025-05-01T10:30:27.010000,0.004430
2025-05-01T10:30:27.020000,0.001135
2025-05-01T10:30:27.030000,-0.002661
2025-05-01T10:30:27.040000,0.001897
2025-05-01T10:30:27.050000,-0.012913
2025-05-01T10:30:27.060000,0.004036
2025-05-01T10:30:27.070000,0.001203
2025-05-01T10:30:27.080000,0.011181
2025-05-01T10:30:27.090000,-0.016325
2025-05-01T10:30:27.100000,0.006991
2025-05-01T10:30:27.110000,0.007001
2025-05-01T10:30:27.120000,-0.008182
2025-05-01T10:30:27.130000,-0.005599
2025-05-01T10:30:27.140000,-0.017349
2025-05-01T10:30:27.150000,-0.011178
2025-05-01T10:30:27.160000,-0.012110
2025-05-01T10:30:27.170000,-0.012296
2025-05-01T10:30:27.180000,-0.000735
2025-05-01T10:30:27.190000,-0.014336
2025-05-01T10:30:27.200000,-0.017696
2025-05-01T10:30:27.210000,0.002613
2025-05-01T10:30:27.220000,0.001067
2025-05-01T10:30:27.230000,-0.005091
2025-05-01T10:30:27.240000,0.012306
2025-05-01T10:30:27.250000,0.006804
2025-05-01T10:30:27.260000,0.006282
2025-05-01T10:30:27.270000,-0.009721
2025-05-01T10:30:27.280000,0.016098
2025-05-01T10:30:27.290000,0.010676
2025-05-01T10:30:27.300000,-0.000123
2025-05-01T10:30:27.310000,0.017475
2025-05-01T10:30:27.320000,0.007675
2025-05-01T10:30:27.330000,-0.003928
2025-05-01T10:30:27.340000,0.009162
2025-05-01T10:30:27.350000,0.015644
2025-05-01T10:30:27.360000,-0.011396
2025-05-01T10:30:27.370000,0.001524
2025-05-01T10:30:27.380000,0.011341
2025-05-01T10:30:27.390000,-0.008073
2025-05-01T10:30:27.400000,0.005368
2025-05-01T10:30:27.410000,0.002210
2025-05-01T10:30:27.420000,0.001858
2025-05-01T10:30:27.430000,0.004362
2025-05-01T10:30:27.440000,0.007730
2025-05-01T10:30:27.450000,0.007727
2025-05-01T10:30:27.460000,-0.017126
2025-05-01T10:30:27.470000,0.016383
2025-05-01T10:30:27.480000,0.000143
2025-05-01T10:30:27.490000,0.008093
2025-05-01T10:30:27.500000,-0.001436
2025-05-01T10:30:27.510000,-0.001919
2025-05-01T10:30:27.520000,-0.010927
2025-05-01T10:30:27.530000,-0.012261
2025-05-01T10:30:27.540000,-0.001025
2025-05-01T10:30:27.550000,-0.026916
2025-05-01T10:30:27.560000,-0.018564
2025-05-01T10:30:27.570000,-0.015091
2025-05-01T10:30:27.580000,-0.010299
2025-05-01T10:30:27.590000,0.007007
2025-05-01T10:30:27.600000,0.004914
2025-05-01T10:30:27.610000,-0.012013
2025-05-01T10:30:27.620000,-0.003202
2025-05-01T10:30:27.630000,-0.004487
2025-05-01T10:30:27.640000,-0.004484
2025-05-01T10:30:27.650000,-0.023282
2025-05-01T10:30:27.660000,-0.016335
2025-05-01T10:30:27.670000,0.005347
2025-05-01T10:30:27.680000,0.005314
2025-05-01T10:30:27.690000,0.006219
2025-05-01T10:30:27.700000,-0.011551
2025-05-01T10:30:27.710000,-0.012120
2025-05-01T10:30:27.720000,-0.016759
2025-05-01T10:30:27.730000,-0.003406
2025-05-01T10:30:27.740000,0.011593
2025-05-01T10:30:27.750000,-0.021305
2025-05-01T10:30:27.760000,0.004494
2025-05-01T10:30:27.770000,0.009983
2025-05-01T10:30:27.780000,0.009936
2025-05-01T10:30:27.790000,-0.006484
2025-05-01T10:30:27.800000,-0.002774
2025-05-01T10:30:27.810000,0.004542
2025-05-01T10:30:27.820000,-0.005938
2025-05-01T10:30:27.830000,-0.003530
2025-05-01T10:30:27.840000,0.002123
2025-05-01T10:30:27.850000,0.011844
2025-05-01T10:30:27.860000,0.023924
2025-05-01T10:30:27.870000,-0.015427
2025-05-01T10:30:27.880000,0.000797
2025-05-01T10:30:27.890000,-0.005275
2025-05-01T10:30:27.900000,0.007683
2025-05-01T10:30:27.910000,0.001273
2025-05-01T10:30:27.920000,-0.007385
2025-05-01T10:30:27.930000,-0.011304
2025-05-01T10:30:27.940000,0.014852
2025-05-01T10:30:27.950000,0.008577
2025-05-01T10:30:27.960000,0.001344
2025-05-01T10:30:27.970000,0.003895
2025-05-01T10:30:27.980000,0.005736
2025-05-01T10:30:27.990000,0.006000
2025-05-01T10:30:28,0.012862
2025-05-01T10:30:28.010000,-0.013136
2025-05-01T10:30:28.020000,0.013930
2025-05-01T10:30:28.030000,-0.005724
2025-05-01T10:30:28.040000,0.003030
2025-05-01T10:30:28.050000,0.011459
2025-05-01T10:30:28.060000,-0.007282
2025-05-01T10:30:28.070000,0.001844
2025-05-01T10:30:28.080000,-0.007310
2025-05-01T10:30:28.090000,-0.004296
2025-05-01T10:30:28.100000,-0.017626
2025-05-01T10:30:28.110000,-0.001630
2025-05-01T10:30:28.120000,-0.006787
2025-05-01T10:30:28.130000,0.011951
2025-05-01T10:30:28.140000,-0.009984
2025-05-01T10:30:28.150000,-0.001045
2025-05-01T10:30:28.160000,-0.004062
2025-05-01T10:30:28.170000,-0.002731
2025-05-01T10:30:28.180000,-0.007716
2025-05-01T10:30:28.190000,-0.002783
2025-05-01T10:30:28.200000,0.007226
2025-05-01T10:30:28.210000,-0.001230
2025-05-01T10:30:28.220000,0.005237
2025-05-01T10:30:28.230000,0.007481
2025-05-01T10:30:28.240000,-0.018371
2025-05-01T10:30:28.250000,0.015378
2025-05-01T10:30:28.260000,-0.000186
2025-05-01T10:30:28.270000,-0.000426
2025-05-01T10:30:28.280000,-0.008604
2025-05-01T10:30:28.290000,-0.019509
2025-05-01T10:30:28.300000,0.007161
2025-05-01T10:30:28.310000,-0.007628
2025-05-01T10:30:28.320000,0.000555
2025-05-01T10:30:28.330000,0.017013
2025-05-01T10:30:28.340000,0.001539
2025-05-01T10:30:28.350000,0.005936
2025-05-01T10:30:28.360000,-0.000396
2025-05-01T10:30:28.370000,0.002910
2025-05-01T10:30:28.380000,-0.013880
2025-05-01T10:30:28.390000,0.004865
2025-05-01T10:30:28.400000,-0.011644
2025-05-01T10:30:28.410000,0.005219
2025-05-01T10:30:28.420000,0.005440
2025-05-01T10:30:28.430000,-0.015585
2025-05-01T10:30:28.440000,-0.001298
2025-05-01T10:30:28.450000,-0.002815
2025-05-01T10:30:28.460000,0.009575
2025-05-01T10:30:28.470000,0.000427
2025-05-01T10:30:28.480000,0.000113
2025-05-01T10:30:28.490000,-0.013307
2025-05-01T10:30:28.500000,0.015616
2025-05-01T10:30:28.510000,-0.002881
2025-05-01T10:30:28.520000,0.002809
2025-05-01T10:30:28.530000,0.015853
2025-05-01T10:30:28.540000,-0.010990
2025-05-01T10:30:28.550000,-0.014865
2025-05-01T10:30:28.560000,-0.008242
2025-05-01T10:30:28.570000,-0.008113
2025-05-01T10:30:28.580000,-0.003436
2025-05-01T10:30:28.590000,0.007989
2025-05-01T10:30:28.600000,0.006541
2025-05-01T10:30:28.610000,-0.009324
2025-05-01T10:30:28.620000,-0.007509
2025-05-01T10:30:28.630000,0.003293
2025-05-01T10:30:28.640000,-0.004840
2025-05-01T10:30:28.650000,0.015389
2025-05-01T10:30:28.660000,-0.011533
2025-05-01T10:30:28.670000,-0.016217
2025-05-01T10:30:28.680000,0.007878
2025-05-01T10:30:28.690000,0.005878
2025-05-01T10:30:28.700000,-0.009254
2025-05-01T10:30:28.710000,0.015427
2025-05-01T10:30:28.720000,0.015778
2025-05-01T10:30:28.730000,0.000056
2025-05-01T10:30:28.740000,-0.006774
2025-05-01T10:30:28.750000,-0.003538
2025-05-01T10:30:28.760000,-0.011238
2025-05-01T10:30:28.770000,-0.012518
2025-05-01T10:30:28.780000,-0.002933
2025-05-01T10:30:28.790000,0.002181
2025-05-01T10:30:28.800000,0.019098
2025-05-01T10:30:28.810000,0.014566
2025-05-01T10:30:28.820000,0.007810
2025-05-01T10:30:28.830000,0.003070
2025-05-01T10:30:28.840000,0.007466
2025-05-01T10:30:28.850000,-0.000236
2025-05-01T10:30:28.860000,-0.016751
2025-05-01T10:30:28.870000,0.003980
2025-05-01T10:30:28.880000,0.000203
2025-05-01T10:30:28.890000,-0.009983
2025-05-01T10:30:28.900000,0.004491
2025-05-01T10:30:28.910000,0.004906
2025-05-01T10:30:28.920000,0.007190
2025-05-01T10:30:28.930000,-0.002450
2025-05-01T10:30:28.940000,-0.020151
2025-05-01T10:30:28.950000,-0.015157
2025-05-01T10:30:28.960000,0.014843
2025-05-01T10:30:28.970000,-0.015040
2025-05-01T10:30:28.980000,-0.017833
2025-05-01T10:30:28.990000,0.025098
2025-05-01T10:30:29,-0.016070
2025-05-01T10:30:29.010000,0.003476
2025-05-01T10:30:29.020000,0.008613
2025-05-01T10:30:29.030000,-0.004396
2025-05-01T10:30:29.040000,0.002419
2025-05-01T10:30:29.050000,0.013495
2025-05-01T10:30:29.060000,-0.007033
2025-05-01T10:30:29.070000,0.003562
2025-05-01T10:30:29.080000,-0.016162
2025-05-01T10:30:29.090000,0.011782
2025-05-01T10:30:29.100000,0.014595
2025-05-01T10:30:29.110000,0.004134
2025-05-01T10:30:29.120000,0.003986
2025-05-01T10:30:29.130000,-0.002781
2025-05-01T10:30:29.140000,-0.015225
2025-05-01T10:30:29.150000,-0.024189
2025-05-01T10:30:29.160000,-0.006534
2025-05-01T10:30:29.170000,0.001842
2025-05-01T10:30:29.180000,-0.002821
2025-05-01T10:30:29.190000,0.025937
2025-05-01T10:30:29.200000,-0.000505
2025-05-01T10:30:29.210000,-0.008963
2025-05-01T10:30:29.220000,-0.005210
2025-05-01T10:30:29.230000,0.000146
2025-05-01T10:30:29.240000,-0.014525
2025-05-01T10:30:29.250000,-0.011583
2025-05-01T10:30:29.260000,-0.013831
2025-05-01T10:30:29.270000,0.003696
2025-05-01T10:30:29.280000,0.009775
2025-05-01T10:30:29.290000,-0.010662
2025-05-01T10:30:29.300000,0.013691
2025-05-01T10:30:29.310000,0.004805
2025-05-01T10:30:29.320000,0.021265
2025-05-01T10:30:29.330000,-0.011583
2025-05-01T10:30:29.340000,-0.016928
2025-05-01T10:30:29.350000,-0.006564
2025-05-01T10:30:29.360000,0.012905
2025-05-01T10:30:29.370000,0.016516
2025-05-01T10:30:29.380000,-0.005437
2025-05-01T10:30:29.390000,0.004164
2025-05-01T10:30:29.400000,0.005285
2025-05-01T10:30:29.410000,-0.014617
2025-05-01T10:30:29.420000,0.016268
2025-05-01T10:30:29.430000,-0.016534
2025-05-01T10:30:29.440000,0.008762
2025-05-01T10:30:29.450000,0.012642
2025-05-01T10:30:29.460000,0.009030
2025-05-01T10:30:29.470000,-0.000466
2025-05-01T10:30:29.480000,0.004032
2025-05-01T10:30:29.490000,-0.019646
2025-05-01T10:30:29.500000,0.000870
2025-05-01T10:30:29.510000,-0.001809
2025-05-01T10:30:29.520000,0.003164
2025-05-01T10:30:29.530000,0.012595
2025-05-01T10:30:29.540000,-0.002540
2025-05-01T10:30:29.550000,0.011615
2025-05-01T10:30:29.560000,-0.003175
2025-05-01T10:30:29.570000,-0.009583
2025-05-01T10:30:29.580000,0.009096
2025-05-01T10:30:29.590000,0.006437
2025-05-01T10:30:29.600000,-0.000911
2025-05-01T10:30:29.610000,-0.020214
2025-05-01T10:30:29.620000,0.012213
2025-05-01T10:30:29.630000,0.000119
2025-05-01T10:30:29.640000,-0.001841
2025-05-01T10:30:29.650000,0.007630
2025-05-01T10:30:29.660000,-0.006992
2025-05-01T10:30:29.670000,0.007095
2025-05-01T10:30:29.680000,-0.000451
2025-05-01T10:30:29.690000,0.005635
2025-05-01T10:30:29.700000,-0.011096
2025-05-01T10:30:29.710000,0.008608
2025-05-01T10:30:29.720000,-0.017702
2025-05-01T10:30:29.730000,0.000429
2025-05-01T10:30:29.740000,0.000439
2025-05-01T10:30:29.750000,-0.006411
2025-05-01T10:30:29.760000,0.030674
2025-05-01T10:30:29.770000,0.009306
2025-05-01T10:30:29.780000,-0.017593
2025-05-01T10:30:29.790000,-0.003634
2025-05-01T10:30:29.800000,0.014482
2025-05-01T10:30:29.810000,0.012238
2025-05-01T10:30:29.820000,-0.006273
2025-05-01T10:30:29.830000,0.000223
2025-05-01T10:30:29.840000,0.007586
2025-05-01T10:30:29.850000,0.000769
2025-05-01T10:30:29.860000,-0.002512
2025-05-01T10:30:29.870000,-0.006596
2025-05-01T10:30:29.880000,0.002579
2025-05-01T10:30:29.890000,0.003481
2025-05-01T10:30:29.900000,0.020933
2025-05-01T10:30:29.910000,0.010015
2025-05-01T10:30:29.920000,-0.000911
2025-05-01T10:30:29.930000,0.001912
2025-05-01T10:30:29.940000,0.003346
2025-05-01T10:30:29.950000,0.004888
2025-05-01T10:30:29.960000,-0.005377
2025-05-01T10:30:29.970000,0.004138
2025-05-01T10:30:29.980000,-0.003831
2025-05-01T10:30:29.990000,-0.007417
2025-05-01T10:30:30,0.000581
2025-05-01T10:30:30.010000,-0.019726
2025-05-01T10:30:30.020000,0.003513
2025-05-01T10:30:30.030000,-0.004444
2025-05-01T10:30:30.040000,0.000912
2025-05-01T10:30:30.050000,0.013100
2025-05-01T10:30:30.060000,0.001546
2025-05-01T10:30:30.070000,0.002219
2025-05-01T10:30:30.080000,-0.005981
2025-05-01T10:30:30.090000,-0.009854
2025-05-01T10:30:30.100000,0.015314
2025-05-01T10:30:30.110000,0.005085
2025-05-01T10:30:30.120000,-0.004202
2025-05-01T10:30:30.130000,-0.015528
2025-05-01T10:30:30.140000,-0.004089
2025-05-01T10:30:30.150000,-0.006728
2025-05-01T10:30:30.160000,-0.011029
2025-05-01T10:30:30.170000,-0.023656
2025-05-01T10:30:30.180000,-0.006577
2025-05-01T10:30:30.190000,0.002411
2025-05-01T10:30:30.200000,-0.017113
2025-05-01T10:30:30.210000,-0.009783
2025-05-01T10:30:30.220000,0.001809
2025-05-01T10:30:30.230000,0.001223
2025-05-01T10:30:30.240000,0.002745
2025-05-01T10:30:30.250000,0.009916
2025-05-01T10:30:30.260000,0.005948
2025-05-01T10:30:30.270000,-0.003021
2025-05-01T10:30:30.280000,0.001025
2025-05-01T10:30:30.290000,0.003637
2025-05-01T10:30:30.300000,-0.020370
2025-05-01T10:30:30.310000,-0.007442
2025-05-01T10:30:30.320000,0.008730
2025-05-01T10:30:30.330000,-0.003032
2025-05-01T10:30:30.340000,0.004817
2025-05-01T10:30:30.350000,0.006356
2025-05-01T10:30:30.360000,0.010147
2025-05-01T10:30:30.370000,-0.000005
2025-05-01T10:30:30.380000,0.004438
2025-05-01T10:30:30.390000,0.012292
2025-05-01T10:30:30.400000,0.004799
2025-05-01T10:30:30.410000,0.013830
2025-05-01T10:30:30.420000,-0.007010
2025-05-01T10:30:30.430000,0.002782
2025-05-01T10:30:30.440000,-0.011063
2025-05-01T10:30:30.450000,-0.016777
2025-05-01T10:30:30.460000,-0.003040
2025-05-01T10:30:30.470000,0.007408
2025-05-01T10:30:30.480000,0.022881
2025-05-01T10:30:30.490000,-0.009760
2025-05-01T10:30:30.500000,-0.004567
2025-05-01T10:30:30.510000,-0.006578
2025-05-01T10:30:30.520000,0.004041
2025-05-01T10:30:30.530000,-0.001668
2025-05-01T10:30:30.540000,-0.008900
2025-05-01T10:30:30.550000,-0.005830
2025-05-01T10:30:30.560000,-0.005990
2025-05-01T10:30:30.570000,0.010159
2025-05-01T10:30:30.580000,-0.010810
2025-05-01T10:30:30.590000,0.006887
2025-05-01T10:30:30.600000,-0.007828
2025-05-01T10:30:30.610000,-0.005757
2025-05-01T10:30:30.620000,-0.020222
2025-05-01T10:30:30.630000,0.011179
2025-05-01T10:30:30.640000,0.002618
2025-05-01T10:30:30.650000,0.011699
2025-05-01T10:30:30.660000,0.011229
2025-05-01T10:30:30.670000,0.008890
2025-05-01T10:30:30.680000,-0.013200
2025-05-01T10:30:30.690000,0.004624
2025-05-01T10:30:30.700000,-0.013790
2025-05-01T10:30:30.710000,-0.000492
2025-05-01T10:30:30.720000,-0.002307
2025-05-01T10:30:30.730000,0.011562
2025-05-01T10:30:30.740000,-0.006480
2025-05-01T10:30:30.750000,0.009208
2025-05-01T10:30:30.760000,0.019620
2025-05-01T10:30:30.770000,-0.012547
2025-05-01T10:30:30.780000,0.009082
2025-05-01T10:30:30.790000,0.011773
2025-05-01T10:30:30.800000,0.002795
2025-05-01T10:30:30.810000,0.003658
2025-05-01T10:30:30.820000,-0.005545
2025-05-01T10:30:30.830000,0.004151
2025-05-01T10:30:30.840000,-0.001238
2025-05-01T10:30:30.850000,0.011545
2025-05-01T10:30:30.860000,0.006321
2025-05-01T10:30:30.870000,0.012295
2025-05-01T10:30:30.880000,0.005745
2025-05-01T10:30:30.890000,-0.007296
2025-05-01T10:30:30.900000,-0.005521
2025-05-01T10:30:30.910000,-0.004234
2025-05-01T10:30:30.920000,-0.000093
2025-05-01T10:30:30.930000,0.009126
2025-05-01T10:30:30.940000,-0.006130
2025-05-01T10:30:30.950000,-0.008212
2025-05-01T10:30:30.960000,0.000729
2025-05-01T10:30:30.970000,0.012622
2025-05-01T10:30:30.980000,-0.000737
2025-05-01T10:30:30.990000,0.019367
2025-05-01T10:30:31,0.002891
2025-05-01T10:30:31.010000,0.009472
2025-05-01T10:30:31.020000,0.009200
2025-05-01T10:30:31.030000,-0.003235
2025-05-01T10:30:31.040000,-0.007855
2025-05-01T10:30:31.050000,0.014015
2025-05-01T10:30:31.060000,-0.001569
2025-05-01T10:30:31.070000,-0.006270
2025-05-01T10:30:31.080000,-0.010240
2025-05-01T10:30:31.090000,0.004976
2025-05-01T10:30:31.100000,0.008634
2025-05-01T10:30:31.110000,-0.003820
2025-05-01T10:30:31.120000,0.014956
2025-05-01T10:30:31.130000,0.013248
2025-05-01T10:30:31.140000,0.007628
2025-05-01T10:30:31.150000,-0.016045
2025-05-01T10:30:31.160000,-0.013522
2025-05-01T10:30:31.170000,-0.008943
2025-05-01T10:30:31.180000,-0.012420
2025-05-01T10:30:31.190000,-0.013998
2025-05-01T10:30:31.200000,-0.005808
2025-05-01T10:30:31.210000,0.003176
2025-05-01T10:30:31.220000,0.004760
2025-05-01T10:30:31.230000,0.000100
2025-05-01T10:30:31.240000,0.007691
2025-05-01T10:30:31.250000,0.004709
2025-05-01T10:30:31.260000,-0.000384
2025-05-01T10:30:31.270000,0.009574
2025-05-01T10:30:31.280000,-0.007124
2025-05-01T10:30:31.290000,-0.004990
2025-05-01T10:30:31.300000,0.008188
2025-05-01T10:30:31.310000,-0.004033
2025-05-01T10:30:31.320000,-0.001615
2025-05-01T10:30:31.330000,0.020606
2025-05-01T10:30:31.340000,-0.000358
2025-05-01T10:30:31.350000,0.004333
2025-05-01T10:30:31.360000,0.021856
2025-05-01T10:30:31.370000,-0.009118
2025-05-01T10:30:31.380000,0.007636
2025-05-01T10:30:31.390000,-0.010028
2025-05-01T10:30:31.400000,-0.014744
2025-05-01T10:30:31.410000,0.014694
2025-05-01T10:30:31.420000,-0.007620
2025-05-01T10:30:31.430000,0.009680
2025-05-01T10:30:31.440000,0.008259
2025-05-01T10:30:31.450000,-0.005479
2025-05-01T10:30:31.460000,-0.017884
2025-05-01T10:30:31.470000,0.007501
2025-05-01T10:30:31.480000,-0.005205
2025-05-01T10:30:31.490000,-0.001267
2025-05-01T10:30:31.500000,-0.005599
2025-05-01T10:30:31.510000,0.003135
2025-05-01T10:30:31.520000,0.020354
2025-05-01T10:30:31.530000,-0.006497
2025-05-01T10:30:31.540000,0.003847
2025-05-01T10:30:31.550000,-0.014256
2025-05-01T10:30:31.560000,0.006371
2025-05-01T10:30:31.570000,0.004916
2025-05-01T10:30:31.580000,0.020142
2025-05-01T10:30:31.590000,-0.003607
2025-05-01T10:30:31.600000,-0.005106
2025-05-01T10:30:31.610000,-0.004067
2025-05-01T10:30:31.620000,-0.010585
2025-05-01T10:30:31.630000,0.006236
2025-05-01T10:30:31.640000,-0.006167
2025-05-01T10:30:31.650000,0.014112
2025-05-01T10:30:31.660000,0.000037
2025-05-01T10:30:31.670000,-0.008249
2025-05-01T10:30:31.680000,0.008480
2025-05-01T10:30:31.690000,-0.003364
2025-05-01T10:30:31.700000,-0.010595
2025-05-01T10:30:31.710000,0.018555
2025-05-01T10:30:31.720000,0.005651
2025-05-01T10:30:31.730000,-0.005195
2025-05-01T10:30:31.740000,-0.012818
2025-05-01T10:30:31.750000,-0.013128
2025-05-01T10:30:31.760000,-0.002200
2025-05-01T10:30:31.770000,-0.002657
2025-05-01T10:30:31.780000,-0.007831
2025-05-01T10:30:31.790000,0.001473
2025-05-01T10:30:31.800000,-0.021448
2025-05-01T10:30:31.810000,0.003975
2025-05-01T10:30:31.820000,-0.011874
2025-05-01T10:30:31.830000,-0.016102
2025-05-01T10:30:31.840000,0.003142
2025-05-01T10:30:31.850000,-0.010376
2025-05-01T10:30:31.860000,-0.003037
2025-05-01T10:30:31.870000,-0.021318
2025-05-01T10:30:31.880000,0.014580
2025-05-01T10:30:31.890000,-0.008390
2025-05-01T10:30:31.900000,0.001207
2025-05-01T10:30:31.910000,-0.000900
2025-05-01T10:30:31.920000,0.008699
2025-05-01T10:30:31.930000,-0.015671
2025-05-01T10:30:31.940000,0.013968
2025-05-01T10:30:31.950000,-0.004083
2025-05-01T10:30:31.960000,-0.009175
2025-05-01T10:30:31.970000,-0.011694
2025-05-01T10:30:31.980000,0.008998
2025-05-01T10:30:31.990000,-0.009741
2025-05-01T10:30:32,0.001648
2025-05-01T10:30:32.010000,0.002070
2025-05-01T10:30:32.020000,0.016591
2025-05-01T10:30:32.030000,0.025051
2025-05-01T10:30:32.040000,0.002918
2025-05-01T10:30:32.050000,0.001606
2025-05-01T10:30:32.060000,0.008632
2025-05-01T10:30:32.070000,0.003370
2025-05-01T10:30:32.080000,0.008062
2025-05-01T10:30:32.090000,0.012086
2025-05-01T10:30:32.100000,-0.010836
2025-05-01T10:30:32.110000,-0.000870
2025-05-01T10:30:32.120000,-0.002790
2025-05-01T10:30:32.130000,-0.002089
2025-05-01T10:30:32.140000,-0.001869
2025-05-01T10:30:32.150000,0.003331
2025-05-01T10:30:32.160000,0.006026
2025-05-01T10:30:32.170000,-0.009381
2025-05-01T10:30:32.180000,-0.007002
2025-05-01T10:30:32.190000,0.011112
2025-05-01T10:30:32.200000,0.006555
2025-05-01T10:30:32.210000,0.011142
2025-05-01T10:30:32.220000,0.007658
2025-05-01T10:30:32.230000,0.002363
2025-05-01T10:30:32.240000,0.011904
2025-05-01T10:30:32.250000,-0.001715
2025-05-01T10:30:32.260000,0.010564
2025-05-01T10:30:32.270000,-0.011404
2025-05-01T10:30:32.280000,0.007055
2025-05-01T10:30:32.290000,-0.004460
2025-05-01T10:30:32.300000,0.000356
2025-05-01T10:30:32.310000,-0.006730
2025-05-01T10:30:32.320000,-0.006901
2025-05-01T10:30:32.330000,-0.003128
2025-05-01T10:30:32.340000,-0.010855
2025-05-01T10:30:32.350000,0.012505
2025-05-01T10:30:32.360000,-0.008945
2025-05-01T10:30:32.370000,-0.005013
2025-05-01T10:30:32.380000,0.008512
2025-05-01T10:30:32.390000,-0.003033
2025-05-01T10:30:32.400000,0.008750
2025-05-01T10:30:32.410000,-0.002390
2025-05-01T10:30:32.420000,0.009743
2025-05-01T10:30:32.430000,-0.003497
2025-05-01T10:30:32.440000,-0.019933
2025-05-01T10:30:32.450000,0.010947
2025-05-01T10:30:32.460000,-0.007324
2025-05-01T10:30:32.470000,-0.000757
2025-05-01T10:30:32.480000,-0.008338
2025-05-01T10:30:32.490000,0.009884
2025-05-01T10:30:32.500000,-0.013355
2025-05-01T10:30:32.510000,-0.003436
2025-05-01T10:30:32.520000,0.001723
2025-05-01T10:30:32.530000,-0.016781
2025-05-01T10:30:32.540000,-0.008655
2025-05-01T10:30:32.550000,0.005690
2025-05-01T10:30:32.560000,0.006432
2025-05-01T10:30:32.570000,0.000761
2025-05-01T10:30:32.580000,-0.006102
2025-05-01T10:30:32.590000,0.000837
2025-05-01T10:30:32.600000,0.014937
2025-05-01T10:30:32.610000,-0.007960
2025-05-01T10:30:32.620000,0.015710
2025-05-01T10:30:32.630000,-0.008022
2025-05-01T10:30:32.640000,-0.015593
2025-05-01T10:30:32.650000,0.003606
2025-05-01T10:30:32.660000,-0.014817
2025-05-01T10:30:32.670000,0.020768
2025-05-01T10:30:32.680000,-0.000617
2025-05-01T10:30:32.690000,-0.012700
2025-05-01T10:30:32.700000,0.002804
2025-05-01T10:30:32.710000,0.000481
2025-05-01T10:30:32.720000,0.015804
2025-05-01T10:30:32.730000,-0.008949
2025-05-01T10:30:32.740000,0.004927
2025-05-01T10:30:32.750000,-0.002874
2025-05-01T10:30:32.760000,0.005948
2025-05-01T10:30:32.770000,-0.012415
2025-05-01T10:30:32.780000,0.010645
2025-05-01T10:30:32.790000,0.005953
2025-05-01T10:30:32.800000,-0.008995
2025-05-01T10:30:32.810000,0.003502
2025-05-01T10:30:32.820000,-0.011593
2025-05-01T10:30:32.830000,0.007702
2025-05-01T10:30:32.840000,-0.005318
2025-05-01T10:30:32.850000,0.009925
2025-05-01T10:30:32.860000,0.018319
2025-05-01T10:30:32.870000,0.013105
2025-05-01T10:30:32.880000,-0.009484
2025-05-01T10:30:32.890000,-0.004315
2025-05-01T10:30:32.900000,0.013381
2025-05-01T10:30:32.910000,0.017196
2025-05-01T10:30:32.920000,-0.008089
2025-05-01T10:30:32.930000,0.004610
2025-05-01T10:30:32.940000,-0.009637
2025-05-01T10:30:32.950000,-0.004771
2025-05-01T10:30:32.960000,-0.005299
2025-05-01T10:30:32.970000,0.001501
2025-05-01T10:30:32.980000,-0.002224
2025-05-01T10:30:32.990000,-0.009160
2025-05-01T10:30:33,0.006412
2025-05-01T10:30:33.010000,0.016146
2025-05-01T10:30:33.020000,0.007503
2025-05-01T10:30:33.030000,-0.008939
2025-05-01T10:30:33.040000,-0.002026
2025-05-01T10:30:33.050000,-0.005999
2025-05-01T10:30:33.060000,-0.020340
2025-05-01T10:30:33.070000,0.003840
2025-05-01T10:30:33.080000,0.006388
2025-05-01T10:30:33.090000,0.004550
2025-05-01T10:30:33.100000,-0.004353
2025-05-01T10:30:33.110000,-0.008298
2025-05-01T10:30:33.120000,-0.003658
2025-05-01T10:30:33.130000,-0.013905
2025-05-01T10:30:33.140000,-0.011573
2025-05-01T10:30:33.150000,-0.005192
2025-05-01T10:30:33.160000,-0.000466
2025-05-01T10:30:33.170000,0.004354
2025-05-01T10:30:33.180000,-0.008134
2025-05-01T10:30:33.190000,0.000872
2025-05-01T10:30:33.200000,-0.010322
2025-05-01T10:30:33.210000,-0.009980
2025-05-01T10:30:33.220000,0.014510
2025-05-01T10:30:33.230000,-0.015435
2025-05-01T10:30:33.240000,-0.016289
2025-05-01T10:30:33.250000,0.007951
2025-05-01T10:30:33.260000,-0.004292
2025-05-01T10:30:33.270000,-0.008805
2025-05-01T10:30:33.280000,0.010360
2025-05-01T10:30:33.290000,0.001652
2025-05-01T10:30:33.300000,0.001034
2025-05-01T10:30:33.310000,0.003677
2025-05-01T10:30:33.320000,-0.006516
2025-05-01T10:30:33.330000,-0.000345
2025-05-01T10:30:33.340000,0.003939
2025-05-01T10:30:33.350000,0.005954
2025-05-01T10:30:33.360000,-0.000012
2025-05-01T10:30:33.370000,0.000322
2025-05-01T10:30:33.380000,-0.004196
2025-05-01T10:30:33.390000,-0.004132
2025-05-01T10:30:33.400000,0.008225
2025-05-01T10:30:33.410000,0.000603
2025-05-01T10:30:33.420000,0.002343
2025-05-01T10:30:33.430000,0.013954
2025-05-01T10:30:33.440000,0.005088
2025-05-01T10:30:33.450000,0.014034
2025-05-01T10:30:33.460000,-0.002213
2025-05-01T10:30:33.470000,-0.013703
2025-05-01T10:30:33.480000,-0.002082
2025-05-01T10:30:33.490000,0.016086
2025-05-01T10:30:33.500000,-0.023701
2025-05-01T10:30:33.510000,0.001230
2025-05-01T10:30:33.520000,0.007602
2025-05-01T10:30:33.530000,-0.001964
2025-05-01T10:30:33.540000,-0.008219
2025-05-01T10:30:33.550000,-0.006993
2025-05-01T10:30:33.560000,0.008548
2025-05-01T10:30:33.570000,-0.004070
2025-05-01T10:30:33.580000,-0.009424
2025-05-01T10:30:33.590000,0.009517
2025-05-01T10:30:33.600000,-0.013811
2025-05-01T10:30:33.610000,-0.006351
2025-05-01T10:30:33.620000,0.001677
2025-05-01T10:30:33.630000,0.002090
2025-05-01T10:30:33.640000,-0.010103
2025-05-01T10:30:33.650000,-0.008734
2025-05-01T10:30:33.660000,-0.003799
2025-05-01T10:30:33.670000,0.006071
2025-05-01T10:30:33.680000,-0.013007
2025-05-01T10:30:33.690000,-0.010805
2025-05-01T10:30:33.700000,0.002197
2025-05-01T10:30:33.710000,-0.001444
2025-05-01T10:30:33.720000,0.008718
2025-05-01T10:30:33.730000,0.008699
2025-05-01T10:30:33.740000,-0.000796
2025-05-01T10:30:33.750000,0.003675
2025-05-01T10:30:33.760000,-0.009626
2025-05-01T10:30:33.770000,0.004312
2025-05-01T10:30:33.780000,-0.024825
2025-05-01T10:30:33.790000,-0.001393
2025-05-01T10:30:33.800000,-0.008526
2025-05-01T10:30:33.810000,-0.002714
2025-05-01T10:30:33.820000,0.000306
2025-05-01T10:30:33.830000,-0.004426
2025-05-01T10:30:33.840000,-0.016246
2025-05-01T10:30:33.850000,-0.004727
2025-05-01T10:30:33.860000,0.001702
2025-05-01T10:30:33.870000,-0.004916
2025-05-01T10:30:33.880000,-0.001778
2025-05-01T10:30:33.890000,-0.011905
2025-05-01T10:30:33.900000,0.010154
2025-05-01T10:30:33.910000,0.002498
2025-05-01T10:30:33.920000,0.004274
2025-05-01T10:30:33.930000,-0.012450
2025-05-01T10:30:33.940000,-0.003460
2025-05-01T10:30:33.950000,-0.016363
2025-05-01T10:30:33.960000,-0.024071
2025-05-01T10:30:33.970000,0.005369
2025-05-01T10:30:33.980000,-0.009117
2025-05-01T10:30:33.990000,-0.002865
2025-05-01T10:30:34,0.005402
2025-05-01T10:30:34.010000,-0.007499
2025-05-01T10:30:34.020000,-0.017302
2025-05-01T10:30:34.030000,0.005773
2025-05-01T10:30:34.040000,0.005814
2025-05-01T10:30:34.050000,0.012144
2025-05-01T10:30:34.060000,0.010855
2025-05-01T10:30:34.070000,-0.009380
2025-05-01T10:30:34.080000,0.013726
2025-05-01T10:30:34.090000,-0.004395
2025-05-01T10:30:34.100000,0.012279
2025-05-01T10:30:34.110000,0.023048
2025-05-01T10:30:34.120000,-0.003982
2025-05-01T10:30:34.130000,0.002165
2025-05-01T10:30:34.140000,0.021558
2025-05-01T10:30:34.150000,0.009674
2025-05-01T10:30:34.160000,0.009763
2025-05-01T10:30:34.170000,0.000342
2025-05-01T10:30:34.180000,0.008647
2025-05-01T10:30:34.190000,-0.003777
2025-05-01T10:30:34.200000,-0.006352
2025-05-01T10:30:34.210000,-0.002204
2025-05-01T10:30:34.220000,-0.006876
2025-05-01T10:30:34.230000,-0.004333
2025-05-01T10:30:34.240000,0.006914
2025-05-01T10:30:34.250000,0.007159
2025-05-01T10:30:34.260000,-0.008496
2025-05-01T10:30:34.270000,0.000705
2025-05-01T10:30:34.280000,-0.009836
2025-05-01T10:30:34.290000,-0.007198
2025-05-01T10:30:34.300000,0.005609
2025-05-01T10:30:34.310000,0.015747
2025-05-01T10:30:34.320000,0.019809
2025-05-01T10:30:34.330000,0.009751
2025-05-01T10:30:34.340000,-0.014587
2025-05-01T10:30:34.350000,-0.002476
2025-05-01T10:30:34.360000,-0.009348
2025-05-01T10:30:34.370000,-0.012282
2025-05-01T10:30:34.380000,0.008094
2025-05-01T10:30:34.390000,0.001761
2025-05-01T10:30:34.400000,-0.002043
2025-05-01T10:30:34.410000,-0.005214
2025-05-01T10:30:34.420000,0.004320
2025-05-01T10:30:34.430000,0.007176
2025-05-01T10:30:34.440000,0.007124
2025-05-01T10:30:34.450000,0.006765
2025-05-01T10:30:34.460000,-0.002280
2025-05-01T10:30:34.470000,-0.010058
2025-05-01T10:30:34.480000,0.005081
2025-05-01T10:30:34.490000,-0.008448
2025-05-01T10:30:34.500000,0.017828
2025-05-01T10:30:34.510000,-0.004608
2025-05-01T10:30:34.520000,-0.012053
2025-05-01T10:30:34.530000,0.012616
2025-05-01T10:30:34.540000,0.011917
2025-05-01T10:30:34.550000,0.006828
2025-05-01T10:30:34.560000,0.004936
2025-05-01T10:30:34.570000,-0.004708
2025-05-01T10:30:34.580000,-0.002421
2025-05-01T10:30:34.590000,-0.003118
2025-05-01T10:30:34.600000,-0.013489
2025-05-01T10:30:34.610000,-0.025324
2025-05-01T10:30:34.620000,0.003820
2025-05-01T10:30:34.630000,0.003486
2025-05-01T10:30:34.640000,-0.006129
2025-05-01T10:30:34.650000,0.005756
2025-05-01T10:30:34.660000,-0.002770
2025-05-01T10:30:34.670000,0.003537
2025-05-01T10:30:34.680000,0.013747
2025-05-01T10:30:34.690000,0.004496
2025-05-01T10:30:34.700000,0.010866
2025-05-01T10:30:34.710000,0.007897
2025-05-01T10:30:34.720000,-0.008008
2025-05-01T10:30:34.730000,-0.007446
2025-05-01T10:30:34.740000,-0.012474
2025-05-01T10:30:34.750000,-0.002753
2025-05-01T10:30:34.760000,0.002482
2025-05-01T10:30:34.770000,0.019552
2025-05-01T10:30:34.780000,-0.007950
2025-05-01T10:30:34.790000,0.015544
2025-05-01T10:30:34.800000,0.005626
2025-05-01T10:30:34.810000,-0.007808
2025-05-01T10:30:34.820000,0.000450
2025-05-01T10:30:34.830000,0.006037
2025-05-01T10:30:34.840000,0.001040
2025-05-01T10:30:34.850000,-0.007140
2025-05-01T10:30:34.860000,0.006131
2025-05-01T10:30:34.870000,0.011855
2025-05-01T10:30:34.880000,0.002477
2025-05-01T10:30:34.890000,-0.021829
2025-05-01T10:30:34.900000,-0.006208
2025-05-01T10:30:34.910000,-0.005900
2025-05-01T10:30:34.920000,-0.015169
2025-05-01T10:30:34.930000,0.003886
2025-05-01T10:30:34.940000,-0.011845
2025-05-01T10:30:34.950000,-0.005875
2025-05-01T10:30:34.960000,0.008589
2025-05-01T10:30:34.970000,0.001148
2025-05-01T10:30:34.980000,-0.000730
2025-05-01T10:30:34.990000,0.010551
2025-05-01T10:30:35,-0.001738
2025-05-01T10:30:35.010000,-0.009697
2025-05-01T10:30:35.020000,-0.003628
2025-05-01T10:30:35.030000,-0.000256
2025-05-01T10:30:35.040000,-0.008317
2025-05-01T10:30:35.050000,0.005126
2025-05-01T10:30:35.060000,0.006031
2025-05-01T10:30:35.070000,-0.003429
2025-05-01T10:30:35.080000,0.012837
2025-05-01T10:30:35.090000,-0.022309
2025-05-01T10:30:35.100000,-0.001375
2025-05-01T10:30:35.110000,0.000494
2025-05-01T10:30:35.120000,0.005595
2025-05-01T10:30:35.130000,-0.003639
2025-05-01T10:30:35.140000,-0.008592
2025-05-01T10:30:35.150000,0.008290
2025-05-01T10:30:35.160000,-0.008106
2025-05-01T10:30:35.170000,-0.005792
2025-05-01T10:30:35.180000,-0.004103
2025-05-01T10:30:35.190000,0.005070
2025-05-01T10:30:35.200000,-0.003380
2025-05-01T10:30:35.210000,0.019010
2025-05-01T10:30:35.220000,-0.009416
2025-05-01T10:30:35.230000,0.003029
2025-05-01T10:30:35.240000,0.003050
2025-05-01T10:30:35.250000,-0.001395
2025-05-01T10:30:35.260000,0.004835
2025-05-01T10:30:35.270000,0.013222
2025-05-01T10:30:35.280000,-0.003653
2025-05-01T10:30:35.290000,-0.001820
2025-05-01T10:30:35.300000,0.002376
2025-05-01T10:30:35.310000,-0.000735
2025-05-01T10:30:35.320000,0.027800
2025-05-01T10:30:35.330000,-0.003914
2025-05-01T10:30:35.340000,-0.005293
2025-05-01T10:30:35.350000,0.007127
2025-05-01T10:30:35.360000,-0.009118
2025-05-01T10:30:35.370000,0.004633
2025-05-01T10:30:35.380000,-0.014084
2025-05-01T10:30:35.390000,-0.002091
2025-05-01T10:30:35.400000,-0.010052
2025-05-01T10:30:35.410000,-0.008017
2025-05-01T10:30:35.420000,-0.012376
2025-05-01T10:30:35.430000,-0.003317
2025-05-01T10:30:35.440000,0.005392
2025-05-01T10:30:35.450000,0.009737
2025-05-01T10:30:35.460000,0.002270
2025-05-01T10:30:35.470000,-0.012837
2025-05-01T10:30:35.480000,0.009279
2025-05-01T10:30:35.490000,0.013927
2025-05-01T10:30:35.500000,-0.008860
2025-05-01T10:30:35.510000,-0.004413
2025-05-01T10:30:35.520000,0.001707
2025-05-01T10:30:35.530000,0.010084
2025-05-01T10:30:35.540000,0.011387
2025-05-01T10:30:35.550000,-0.013010
2025-05-01T10:30:35.560000,0.011559
2025-05-01T10:30:35.570000,0.003515
2025-05-01T10:30:35.580000,-0.003576
2025-05-01T10:30:35.590000,0.003462
2025-05-01T10:30:35.600000,0.005261
2025-05-01T10:30:35.610000,-0.008333
2025-05-01T10:30:35.620000,-0.004696
2025-05-01T10:30:35.630000,-0.005501
2025-05-01T10:30:35.640000,-0.009554
2025-05-01T10:30:35.650000,-0.013569
2025-05-01T10:30:35.660000,0.008340
2025-05-01T10:30:35.670000,-0.000883
2025-05-01T10:30:35.680000,-0.001349
2025-05-01T10:30:35.690000,0.004079
2025-05-01T10:30:35.700000,0.006456
2025-05-01T10:30:35.710000,0.004116
2025-05-01T10:30:35.720000,0.009221
2025-05-01T10:30:35.730000,-0.008710
2025-05-01T10:30:35.740000,0.012794
2025-05-01T10:30:35.750000,0.003450
2025-05-01T10:30:35.760000,0.004488
2025-05-01T10:30:35.770000,0.000965
2025-05-01T10:30:35.780000,0.005599
2025-05-01T10:30:35.790000,-0.008569
2025-05-01T10:30:35.800000,-0.010439
2025-05-01T10:30:35.810000,-0.001614
2025-05-01T10:30:35.820000,0.008273
2025-05-01T10:30:35.830000,0.004008
2025-05-01T10:30:35.840000,0.003495
2025-05-01T10:30:35.850000,-0.003979
2025-05-01T10:30:35.860000,0.003455
2025-05-01T10:30:35.870000,-0.003543
2025-05-01T10:30:35.880000,-0.007243
2025-05-01T10:30:35.890000,0.004110
2025-05-01T10:30:35.900000,-0.000040
2025-05-01T10:30:35.910000,-0.010074
2025-05-01T10:30:35.920000,0.003599
2025-05-01T10:30:35.930000,0.005657
2025-05-01T10:30:35.940000,-0.019973
2025-05-01T10:30:35.950000,0.003599
2025-05-01T10:30:35.960000,-0.009605
2025-05-01T10:30:35.970000,0.001158
2025-05-01T10:30:35.980000,-0.011211
2025-05-01T10:30:35.990000,-0.004025
2025-05-01T10:30:36,0.004738
2025-05-01T10:30:36.010000,-0.015332
2025-05-01T10:30:36.020000,-0.013078
2025-05-01T10:30:36.030000,-0.011168
2025-05-01T10:30:36.040000,-0.007087
2025-05-01T10:30:36.050000,0.006247
2025-05-01T10:30:36.060000,0.002506
2025-05-01T10:30:36.070000,-0.014476
2025-05-01T10:30:36.080000,-0.010073
2025-05-01T10:30:36.090000,0.004904
2025-05-01T10:30:36.100000,0.019960
2025-05-01T10:30:36.110000,-0.008685
2025-05-01T10:30:36.120000,-0.009380
2025-05-01T10:30:36.130000,-0.009297
2025-05-01T10:30:36.140000,0.001161
2025-05-01T10:30:36.150000,-0.008981
2025-05-01T10:30:36.160000,0.001821
2025-05-01T10:30:36.170000,0.012141
2025-05-01T10:30:36.180000,-0.006969
2025-05-01T10:30:36.190000,0.007246
2025-05-01T10:30:36.200000,0.012639
2025-05-01T10:30:36.210000,-0.009381
2025-05-01T10:30:36.220000,0.001941
2025-05-01T10:30:36.230000,0.011229
2025-05-01T10:30:36.240000,-0.017873
2025-05-01T10:30:36.250000,0.016253
2025-05-01T10:30:36.260000,-0.003876
2025-05-01T10:30:36.270000,-0.004122
2025-05-01T10:30:36.280000,-0.001659
2025-05-01T10:30:36.290000,-0.008748
2025-05-01T10:30:36.300000,-0.003841
2025-05-01T10:30:36.310000,0.005294
2025-05-01T10:30:36.320000,0.005709
2025-05-01T10:30:36.330000,0.012432
2025-05-01T10:30:36.340000,-0.009538
2025-05-01T10:30:36.350000,0.028229
2025-05-01T10:30:36.360000,-0.019178
2025-05-01T10:30:36.370000,-0.004400
2025-05-01T10:30:36.380000,-0.007947
2025-05-01T10:30:36.390000,-0.006884
2025-05-01T10:30:36.400000,0.000932
2025-05-01T10:30:36.410000,0.004960
2025-05-01T10:30:36.420000,0.005744
2025-05-01T10:30:36.430000,-0.014427
2025-05-01T10:30:36.440000,-0.013621
2025-05-01T10:30:36.450000,0.002611
2025-05-01T10:30:36.460000,-0.016805
2025-05-01T10:30:36.470000,0.007413
2025-05-01T10:30:36.480000,0.015144
2025-05-01T10:30:36.490000,0.001585
2025-05-01T10:30:36.500000,-0.006980
2025-05-01T10:30:36.510000,-0.006531
2025-05-01T10:30:36.520000,0.000553
2025-05-01T10:30:36.530000,-0.006684
2025-05-01T10:30:36.540000,-0.010488
2025-05-01T10:30:36.550000,0.007982
2025-05-01T10:30:36.560000,-0.015831
2025-05-01T10:30:36.570000,0.014827
2025-05-01T10:30:36.580000,0.001515
2025-05-01T10:30:36.590000,-0.010159
2025-05-01T10:30:36.600000,0.004060
2025-05-01T10:30:36.610000,-0.005830
2025-05-01T10:30:36.620000,-0.005813
2025-05-01T10:30:36.630000,-0.005303
2025-05-01T10:30:36.640000,-0.022499
2025-05-01T10:30:36.650000,-0.000330
2025-05-01T10:30:36.660000,-0.004589
2025-05-01T10:30:36.670000,0.010729
2025-05-01T10:30:36.680000,0.006310
2025-05-01T10:30:36.690000,-0.012827
2025-05-01T10:30:36.700000,-0.005003
2025-05-01T10:30:36.710000,-0.002725
2025-05-01T10:30:36.720000,0.023641
2025-05-01T10:30:36.730000,0.000665
2025-05-01T10:30:36.740000,-0.008873
2025-05-01T10:30:36.750000,0.002845
2025-05-01T10:30:36.760000,0.007894
2025-05-01T10:30:36.770000,-0.003290
2025-05-01T10:30:36.780000,-0.004657
2025-05-01T10:30:36.790000,0.004393
2025-05-01T10:30:36.800000,-0.012579
2025-05-01T10:30:36.810000,0.006857
2025-05-01T10:30:36.820000,0.002808
2025-05-01T10:30:36.830000,-0.006810
2025-05-01T10:30:36.840000,-0.004237
2025-05-01T10:30:36.850000,-0.019693
2025-05-01T10:30:36.860000,-0.000385
2025-05-01T10:30:36.870000,0.008533
2025-05-01T10:30:36.880000,0.012372
2025-05-01T10:30:36.890000,0.001282
2025-05-01T10:30:36.900000,-0.012326
2025-05-01T10:30:36.910000,0.006747
2025-05-01T10:30:36.920000,0.003930
2025-05-01T10:30:36.930000,0.006290
2025-05-01T10:30:36.940000,0.005009
2025-05-01T10:30:36.950000,0.000837
2025-05-01T10:30:36.960000,0.004009
2025-05-01T10:30:36.970000,0.014653
2025-05-01T10:30:36.980000,0.000685
2025-05-01T10:30:36.990000,0.001372
2025-05-01T10:30:37,0.014604
2025-05-01T10:30:37.010000,-0.005056
2025-05-01T10:30:37.020000,0.023498
2025-05-01T10:30:37.030000,-0.025417
2025-05-01T10:30:37.040000,-0.003829
2025-05-01T10:30:37.050000,-0.012403
2025-05-01T10:30:37.060000,0.010215
2025-05-01T10:30:37.070000,-0.000835
2025-05-01T10:30:37.080000,0.009194
2025-05-01T10:30:37.090000,-0.007455
2025-05-01T10:30:37.100000,0.006764
2025-05-01T10:30:37.110000,0.006386
2025-05-01T10:30:37.120000,-0.002642
2025-05-01T10:30:37.130000,0.005542
2025-05-01T10:30:37.140000,-0.004007
2025-05-01T10:30:37.150000,-0.022437
2025-05-01T10:30:37.160000,-0.006774
2025-05-01T10:30:37.170000,-0.009856
2025-05-01T10:30:37.180000,-0.008726
2025-05-01T10:30:37.190000,0.008297
2025-05-01T10:30:37.200000,-0.013896
2025-05-01T10:30:37.210000,0.000833
2025-05-01T10:30:37.220000,0.002507
2025-05-01T10:30:37.230000,-0.007719
2025-05-01T10:30:37.240000,0.001201
2025-05-01T10:30:37.250000,0.009049
2025-05-01T10:30:37.260000,0.017470
2025-05-01T10:30:37.270000,0.009231
2025-05-01T10:30:37.280000,-0.009626
2025-05-01T10:30:37.290000,0.005160
2025-05-01T10:30:37.300000,0.007198
2025-05-01T10:30:37.310000,0.003369
2025-05-01T10:30:37.320000,-0.007749
2025-05-01T10:30:37.330000,0.010143
2025-05-01T10:30:37.340000,-0.000186
2025-05-01T10:30:37.350000,0.018162
2025-05-01T10:30:37.360000,-0.025291
2025-05-01T10:30:37.370000,0.013625
2025-05-01T10:30:37.380000,0.025510
2025-05-01T10:30:37.390000,0.011794
2025-05-01T10:30:37.400000,0.006563
2025-05-01T10:30:37.410000,-0.010841
2025-05-01T10:30:37.420000,-0.001579
2025-05-01T10:30:37.430000,-0.004485
2025-05-01T10:30:37.440000,0.002618
2025-05-01T10:30:37.450000,-0.001995
2025-05-01T10:30:37.460000,-0.008447
2025-05-01T10:30:37.470000,-0.017061
2025-05-01T10:30:37.480000,-0.009669
2025-05-01T10:30:37.490000,0.007273
2025-05-01T10:30:37.500000,-0.013026
2025-05-01T10:30:37.510000,-0.004007
2025-05-01T10:30:37.520000,0.008410
2025-05-01T10:30:37.530000,0.001540
2025-05-01T10:30:37.540000,0.001389
2025-05-01T10:30:37.550000,0.000470
2025-05-01T10:30:37.560000,-0.010051
2025-05-01T10:30:37.570000,0.019862
2025-05-01T10:30:37.580000,-0.014944
2025-05-01T10:30:37.590000,-0.001948
2025-05-01T10:30:37.600000,0.005659
2025-05-01T10:30:37.610000,0.003875
2025-05-01T10:30:37.620000,-0.002638
2025-05-01T10:30:37.630000,-0.001345
2025-05-01T10:30:37.640000,0.003231
2025-05-01T10:30:37.650000,-0.012024
2025-05-01T10:30:37.660000,-0.031624
2025-05-01T10:30:37.670000,0.010777
2025-05-01T10:30:37.680000,-0.006615
2025-05-01T10:30:37.690000,-0.005147
2025-05-01T10:30:37.700000,-0.000812
2025-05-01T10:30:37.710000,-0.007203
2025-05-01T10:30:37.720000,-0.026034
2025-05-01T10:30:37.730000,-0.010868
2025-05-01T10:30:37.740000,0.008344
2025-05-01T10:30:37.750000,-0.007323
2025-05-01T10:30:37.760000,-0.004865
2025-05-01T10:30:37.770000,0.003366
2025-05-01T10:30:37.780000,0.018524
2025-05-01T10:30:37.790000,-0.006797
2025-05-01T10:30:37.800000,-0.005260
2025-05-01T10:30:37.810000,0.020237
2025-05-01T10:30:37.820000,-0.015930
2025-05-01T10:30:37.830000,-0.002522
2025-05-01T10:30:37.840000,0.006398
2025-05-01T10:30:37.850000,-0.012698
2025-05-01T10:30:37.860000,-0.002038
2025-05-01T10:30:37.870000,-0.000465
2025-05-01T10:30:37.880000,0.007622
2025-05-01T10:30:37.890000,0.001616
2025-05-01T10:30:37.900000,0.008230
2025-05-01T10:30:37.910000,-0.000812
2025-05-01T10:30:37.920000,-0.000345
2025-05-01T10:30:37.930000,-0.007845
2025-05-01T10:30:37.940000,-0.010500
2025-05-01T10:30:37.950000,0.014985
2025-05-01T10:30:37.960000,-0.011902
2025-05-01T10:30:37.970000,-0.011686
2025-05-01T10:30:37.980000,-0.004158
2025-05-01T10:30:37.990000,-0.005986
2025-05-01T10:30:38,-0.012027
2025-05-01T10:30:38.010000,-0.013034
2025-05-01T10:30:38.020000,0.001378
2025-05-01T10:30:38.030000,0.011132
2025-05-01T10:30:38.040000,-0.005628
2025-05-01T10:30:38.050000,-0.000197
2025-05-01T10:30:38.060000,-0.010689
2025-05-01T10:30:38.070000,0.028134
2025-05-01T10:30:38.080000,-0.000407
2025-05-01T10:30:38.090000,0.016175
2025-05-01T10:30:38.100000,0.002848
2025-05-01T10:30:38.110000,0.014272
2025-05-01T10:30:38.120000,-0.013724
2025-05-01T10:30:38.130000,-0.002836
2025-05-01T10:30:38.140000,0.015294
2025-05-01T10:30:38.150000,-0.002258
2025-05-01T10:30:38.160000,-0.002584
2025-05-01T10:30:38.170000,0.004287
2025-05-01T10:30:38.180000,-0.010735
2025-05-01T10:30:38.190000,-0.011179
2025-05-01T10:30:38.200000,-0.002913
2025-05-01T10:30:38.210000,0.003784
2025-05-01T10:30:38.220000,-0.010026
2025-05-01T10:30:38.230000,0.019361
2025-05-01T10:30:38.240000,0.005777
2025-05-01T10:30:38.250000,0.010726
2025-05-01T10:30:38.260000,-0.009098
2025-05-01T10:30:38.270000,-0.006655
2025-05-01T10:30:38.280000,0.002342
2025-05-01T10:30:38.290000,0.012497
2025-05-01T10:30:38.300000,-0.004155
2025-05-01T10:30:38.310000,-0.002278
2025-05-01T10:30:38.320000,-0.009404
2025-05-01T10:30:38.330000,0.015807
2025-05-01T10:30:38.340000,0.000086
2025-05-01T10:30:38.350000,0.000480
2025-05-01T10:30:38.360000,-0.002099
2025-05-01T10:30:38.370000,0.003340
2025-05-01T10:30:38.380000,0.018058
2025-05-01T10:30:38.390000,-0.012801
2025-05-01T10:30:38.400000,-0.008381
2025-05-01T10:30:38.410000,0.003456
2025-05-01T10:30:38.420000,0.007006
2025-05-01T10:30:38.430000,0.002030
2025-05-01T10:30:38.440000,0.001172
2025-05-01T10:30:38.450000,0.006337
2025-05-01T10:30:38.460000,-0.009822
2025-05-01T10:30:38.470000,-0.015701
2025-05-01T10:30:38.480000,-0.010782
2025-05-01T10:30:38.490000,0.018245
2025-05-01T10:30:38.500000,0.022488
2025-05-01T10:30:38.510000,-0.003903
2025-05-01T10:30:38.520000,0.010452
2025-05-01T10:30:38.530000,-0.003626
2025-05-01T10:30:38.540000,0.005648
2025-05-01T10:30:38.550000,0.013241
2025-05-01T10:30:38.560000,0.017170
2025-05-01T10:30:38.570000,0.002284
2025-05-01T10:30:38.580000,0.011127
2025-05-01T10:30:38.590000,0.013299
2025-05-01T10:30:38.600000,0.009786
2025-05-01T10:30:38.610000,-0.000319
2025-05-01T10:30:38.620000,-0.003311
2025-05-01T10:30:38.630000,0.003208
2025-05-01T10:30:38.640000,-0.001150
2025-05-01T10:30:38.650000,-0.016328
2025-05-01T10:30:38.660000,0.019551
2025-05-01T10:30:38.670000,-0.006159
2025-05-01T10:30:38.680000,-0.004617
2025-05-01T10:30:38.690000,-0.000288
2025-05-01T10:30:38.700000,0.004294
2025-05-01T10:30:38.710000,-0.021551
2025-05-01T10:30:38.720000,0.006281
2025-05-01T10:30:38.730000,-0.004742
2025-05-01T10:30:38.740000,-0.006518
2025-05-01T10:30:38.750000,-0.012297
2025-05-01T10:30:38.760000,-0.004997
2025-05-01T10:30:38.770000,0.008058
2025-05-01T10:30:38.780000,0.008359
2025-05-01T10:30:38.790000,-0.002475
2025-05-01T10:30:38.800000,-0.002993
2025-05-01T10:30:38.810000,0.003301
2025-05-01T10:30:38.820000,0.009929
2025-05-01T10:30:38.830000,-0.015374
2025-05-01T10:30:38.840000,0.018773
2025-05-01T10:30:38.850000,-0.027927
2025-05-01T10:30:38.860000,-0.005086
2025-05-01T10:30:38.870000,0.004249
2025-05-01T10:30:38.880000,-0.026734
2025-05-01T10:30:38.890000,0.019004
2025-05-01T10:30:38.900000,-0.002052
2025-05-01T10:30:38.910000,-0.000626
2025-05-01T10:30:38.920000,-0.018810
2025-05-01T10:30:38.930000,0.010143
2025-05-01T10:30:38.940000,-0.004796
2025-05-01T10:30:38.950000,0.021603
2025-05-01T10:30:38.960000,0.002885
2025-05-01T10:30:38.970000,0.020904
2025-05-01T10:30:38.980000,0.007940
2025-05-01T10:30:38.990000,0.002792
2025-05-01T10:30:39,0.012067
2025-05-01T10:30:39.010000,-0.006403
2025-05-01T10:30:39.020000,0.001412
2025-05-01T10:30:39.030000,0.002891
2025-05-01T10:30:39.040000,-0.000097
2025-05-01T10:30:39.050000,0.011122
2025-05-01T10:30:39.060000,0.005138
2025-05-01T10:30:39.070000,-0.014842
2025-05-01T10:30:39.080000,0.011033
2025-05-01T10:30:39.090000,0.002932
2025-05-01T10:30:39.100000,0.002749
2025-05-01T10:30:39.110000,0.006919
2025-05-01T10:30:39.120000,-0.012086
2025-05-01T10:30:39.130000,-0.001429
2025-05-01T10:30:39.140000,0.008715
2025-05-01T10:30:39.150000,0.013979
2025-05-01T10:30:39.160000,0.016103
2025-05-01T10:30:39.170000,-0.012628
2025-05-01T10:30:39.180000,-0.001277
2025-05-01T10:30:39.190000,-0.003222
2025-05-01T10:30:39.200000,0.000189
2025-05-01T10:30:39.210000,-0.003944
2025-05-01T10:30:39.220000,0.001459
2025-05-01T10:30:39.230000,0.005888
2025-05-01T10:30:39.240000,-0.016555
2025-05-01T10:30:39.250000,0.012233
2025-05-01T10:30:39.260000,0.001093
2025-05-01T10:30:39.270000,-0.000006
2025-05-01T10:30:39.280000,0.018277
2025-05-01T10:30:39.290000,-0.013114
2025-05-01T10:30:39.300000,0.009645
2025-05-01T10:30:39.310000,0.004883
2025-05-01T10:30:39.320000,0.002173
2025-05-01T10:30:39.330000,0.009166
2025-05-01T10:30:39.340000,0.002281
2025-05-01T10:30:39.350000,0.014117
2025-05-01T10:30:39.360000,-0.012283
2025-05-01T10:30:39.370000,-0.005311
2025-05-01T10:30:39.380000,-0.001778
2025-05-01T10:30:39.390000,-0.001162
2025-05-01T10:30:39.400000,0.012413
2025-05-01T10:30:39.410000,0.010317
2025-05-01T10:30:39.420000,0.000604
2025-05-01T10:30:39.430000,0.003224
2025-05-01T10:30:39.440000,0.001712
2025-05-01T10:30:39.450000,-0.010019
2025-05-01T10:30:39.460000,0.016309
2025-05-01T10:30:39.470000,0.003287
2025-05-01T10:30:39.480000,0.030967
2025-05-01T10:30:39.490000,0.019649
2025-05-01T10:30:39.500000,0.000666
2025-05-01T10:30:39.510000,0.003159
2025-05-01T10:30:39.520000,0.006165
2025-05-01T10:30:39.530000,-0.000747
2025-05-01T10:30:39.540000,-0.009569
2025-05-01T10:30:39.550000,0.012235
2025-05-01T10:30:39.560000,0.000153
2025-05-01T10:30:39.570000,0.011630
2025-05-01T10:30:39.580000,-0.001309
2025-05-01T10:30:39.590000,0.007556
2025-05-01T10:30:39.600000,-0.004765
2025-05-01T10:30:39.610000,0.006631
2025-05-01T10:30:39.620000,-0.018779
2025-05-01T10:30:39.630000,-0.002919
2025-05-01T10:30:39.640000,0.005324
2025-05-01T10:30:39.650000,-0.021794
2025-05-01T10:30:39.660000,-0.003048
2025-05-01T10:30:39.670000,0.001102
2025-05-01T10:30:39.680000,0.004713
2025-05-01T10:30:39.690000,0.014874
2025-05-01T10:30:39.700000,0.005125
2025-05-01T10:30:39.710000,-0.006071
2025-05-01T10:30:39.720000,0.002368
2025-05-01T10:30:39.730000,0.011726
2025-05-01T10:30:39.740000,0.011410
2025-05-01T10:30:39.750000,0.003219
2025-05-01T10:30:39.760000,-0.018574
2025-05-01T10:30:39.770000,0.006170
2025-05-01T10:30:39.780000,0.001092
2025-05-01T10:30:39.790000,-0.012753
2025-05-01T10:30:39.800000,-0.004296
2025-05-01T10:30:39.810000,0.005644
2025-05-01T10:30:39.820000,-0.019375
2025-05-01T10:30:39.830000,0.003735
2025-05-01T10:30:39.840000,-0.002624
2025-05-01T10:30:39.850000,-0.007603
2025-05-01T10:30:39.860000,0.007147
2025-05-01T10:30:39.870000,-0.006115
2025-05-01T10:30:39.880000,-0.003709
2025-05-01T10:30:39.890000,-0.013516
2025-05-01T10:30:39.900000,-0.023353
2025-05-01T10:30:39.910000,-0.003255
2025-05-01T10:30:39.920000,0.009985
2025-05-01T10:30:39.930000,-0.008141
2025-05-01T10:30:39.940000,0.009488
2025-05-01T10:30:39.950000,-0.016553
2025-05-01T10:30:39.960000,-0.005139
2025-05-01T10:30:39.970000,0.000863
2025-05-01T10:30:39.980000,-0.005118
2025-05-01T10:30:39.990000,-0.004943
2025-05-01T10:30:40,-0.003528
2025-05-01T10:30:40.010000,0.001958
2025-05-01T10:30:40.020000,-0.003578
2025-05-01T10:30:40.030000,0.008026
2025-05-01T10:30:40.040000,-0.007441
2025-05-01T10:30:40.050000,0.002140
2025-05-01T10:30:40.060000,-0.022590
2025-05-01T10:30:40.070000,0.013352
2025-05-01T10:30:40.080000,-0.002316
2025-05-01T10:30:40.090000,0.002216
2025-05-01T10:30:40.100000,0.009297
2025-05-01T10:30:40.110000,0.006552
2025-05-01T10:30:40.120000,0.000294
2025-05-01T10:30:40.130000,-0.002682
2025-05-01T10:30:40.140000,-0.006466
2025-05-01T10:30:40.150000,-0.002985
2025-05-01T10:30:40.160000,0.006854
2025-05-01T10:30:40.170000,0.003500
2025-05-01T10:30:40.180000,0.000571
2025-05-01T10:30:40.190000,-0.000254
2025-05-01T10:30:40.200000,0.007102
2025-05-01T10:30:40.210000,0.003025
2025-05-01T10:30:40.220000,0.012141
2025-05-01T10:30:40.230000,-0.008349
2025-05-01T10:30:40.240000,0.005173
2025-05-01T10:30:40.250000,0.003641
2025-05-01T10:30:40.260000,-0.029692
2025-05-01T10:30:40.270000,-0.003679
2025-05-01T10:30:40.280000,-0.001243
2025-05-01T10:30:40.290000,0.008024
2025-05-01T10:30:40.300000,-0.007807
2025-05-01T10:30:40.310000,-0.000833
2025-05-01T10:30:40.320000,0.011059
2025-05-01T10:30:40.330000,-0.001488
2025-05-01T10:30:40.340000,0.008917
2025-05-01T10:30:40.350000,-0.002128
2025-05-01T10:30:40.360000,0.006806
2025-05-01T10:30:40.370000,-0.006741
2025-05-01T10:30:40.380000,0.007554
2025-05-01T10:30:40.390000,-0.004444
2025-05-01T10:30:40.400000,-0.019100
2025-05-01T10:30:40.410000,0.002283
2025-05-01T10:30:40.420000,0.007338
2025-05-01T10:30:40.430000,0.006681
2025-05-01T10:30:40.440000,0.003689
2025-05-01T10:30:40.450000,-0.004716
2025-05-01T10:30:40.460000,0.005031
2025-05-01T10:30:40.470000,-0.006254
2025-05-01T10:30:40.480000,0.002751
2025-05-01T10:30:40.490000,-0.017293
2025-05-01T10:30:40.500000,-0.009500
2025-05-01T10:30:40.510000,-0.013223
2025-05-01T10:30:40.520000,0.012182
2025-05-01T10:30:40.530000,0.002222
2025-05-01T10:30:40.540000,0.000209
2025-05-01T10:30:40.550000,-0.005480
2025-05-01T10:30:40.560000,0.001288
2025-05-01T10:30:40.570000,-0.008217
2025-05-01T10:30:40.580000,-0.013799
2025-05-01T10:30:40.590000,-0.009399
2025-05-01T10:30:40.600000,0.006259
2025-05-01T10:30:40.610000,-0.014379
2025-05-01T10:30:40.620000,0.005982
2025-05-01T10:30:40.630000,0.009486
2025-05-01T10:30:40.640000,-0.013997
2025-05-01T10:30:40.650000,-0.001053
2025-05-01T10:30:40.660000,-0.019971
2025-05-01T10:30:40.670000,0.005203
2025-05-01T10:30:40.680000,0.003065
2025-05-01T10:30:40.690000,-0.001483
2025-05-01T10:30:40.700000,0.019476
2025-05-01T10:30:40.710000,-0.007003
2025-05-01T10:30:40.720000,-0.009846
2025-05-01T10:30:40.730000,0.006908
2025-05-01T10:30:40.740000,-0.002366
2025-05-01T10:30:40.750000,0.007086
2025-05-01T10:30:40.760000,-0.001904
2025-05-01T10:30:40.770000,-0.000900
2025-05-01T10:30:40.780000,-0.003423
2025-05-01T10:30:40.790000,0.005231
2025-05-01T10:30:40.800000,0.003341
2025-05-01T10:30:40.810000,-0.009981
2025-05-01T10:30:40.820000,0.004106
2025-05-01T10:30:40.830000,0.003049
2025-05-01T10:30:40.840000,-0.005537
2025-05-01T10:30:40.850000,0.015342
2025-05-01T10:30:40.860000,0.012441
2025-05-01T10:30:40.870000,0.009720
2025-05-01T10:30:40.880000,-0.011115
2025-05-01T10:30:40.890000,-0.000621
2025-05-01T10:30:40.900000,0.007083
2025-05-01T10:30:40.910000,-0.000464
2025-05-01T10:30:40.920000,0.015863
2025-05-01T10:30:40.930000,-0.012833
2025-05-01T10:30:40.940000,0.001211
2025-05-01T10:30:40.950000,-0.011003
2025-05-01T10:30:40.960000,-0.011348
2025-05-01T10:30:40.970000,0.011697
2025-05-01T10:30:40.980000,-0.018407
2025-05-01T10:30:40.990000,0.003962
2025-05-01T10:30:41,0.016545
2025-05-01T10:30:41.010000,0.005338
2025-05-01T10:30:41.020000,-0.008258
2025-05-01T10:30:41.030000,0.011435
2025-05-01T10:30:41.040000,0.005742
2025-05-01T10:30:41.050000,-0.009025
2025-05-01T10:30:41.060000,0.004615
2025-05-01T10:30:41.070000,0.003867
2025-05-01T10:30:41.080000,-0.009301
2025-05-01T10:30:41.090000,-0.018341
2025-05-01T10:30:41.100000,0.008884
2025-05-01T10:30:41.110000,-0.019630
2025-05-01T10:30:41.120000,0.023218
2025-05-01T10:30:41.130000,-0.001929
2025-05-01T10:30:41.140000,0.004502
2025-05-01T10:30:41.150000,-0.000057
2025-05-01T10:30:41.160000,0.000626
2025-05-01T10:30:41.170000,-0.003596
2025-05-01T10:30:41.180000,-0.003069
2025-05-01T10:30:41.190000,0.017144
2025-05-01T10:30:41.200000,-0.007581
2025-05-01T10:30:41.210000,-0.013226
2025-05-01T10:30:41.220000,0.004955
2025-05-01T10:30:41.230000,0.004052
2025-05-01T10:30:41.240000,-0.002765
2025-05-01T10:30:41.250000,-0.017817
2025-05-01T10:30:41.260000,0.019960
2025-05-01T10:30:41.270000,-0.002083
2025-05-01T10:30:41.280000,0.009528
2025-05-01T10:30:41.290000,-0.014701
2025-05-01T10:30:41.300000,-0.000748
2025-05-01T10:30:41.310000,0.008903
2025-05-01T10:30:41.320000,-0.006179
2025-05-01T10:30:41.330000,0.024811
2025-05-01T10:30:41.340000,0.009575
2025-05-01T10:30:41.350000,0.010270
2025-05-01T10:30:41.360000,-0.009721
2025-05-01T10:30:41.370000,-0.002969
2025-05-01T10:30:41.380000,0.005666
2025-05-01T10:30:41.390000,-0.008140
2025-05-01T10:30:41.400000,0.012259
2025-05-01T10:30:41.410000,0.000329
2025-05-01T10:30:41.420000,-0.014216
2025-05-01T10:30:41.430000,-0.004693
2025-05-01T10:30:41.440000,-0.013264
2025-05-01T10:30:41.450000,0.013893
2025-05-01T10:30:41.460000,-0.007148
2025-05-01T10:30:41.470000,-0.003182
2025-05-01T10:30:41.480000,-0.011946
2025-05-01T10:30:41.490000,-0.013212
2025-05-01T10:30:41.500000,0.008082
2025-05-01T10:30:41.510000,0.006237
2025-05-01T10:30:41.520000,-0.011963
2025-05-01T10:30:41.530000,0.009852
2025-05-01T10:30:41.540000,-0.008806
2025-05-01T10:30:41.550000,0.014937
2025-05-01T10:30:41.560000,-0.007715
2025-05-01T10:30:41.570000,-0.013554
2025-05-01T10:30:41.580000,-0.017249
2025-05-01T10:30:41.590000,-0.001486
2025-05-01T10:30:41.600000,-0.014601
2025-05-01T10:30:41.610000,-0.007114
2025-05-01T10:30:41.620000,-0.014293
2025-05-01T10:30:41.630000,-0.017936
2025-05-01T10:30:41.640000,-0.004204
2025-05-01T10:30:41.650000,0.003051
2025-05-01T10:30:41.660000,0.001286
2025-05-01T10:30:41.670000,-0.007757
2025-05-01T10:30:41.680000,0.006486
2025-05-01T10:30:41.690000,0.007312
2025-05-01T10:30:41.700000,-0.010260
2025-05-01T10:30:41.710000,-0.001652
2025-05-01T10:30:41.720000,0.011161
2025-05-01T10:30:41.730000,-0.021225
2025-05-01T10:30:41.740000,0.019842
2025-05-01T10:30:41.750000,0.003286
2025-05-01T10:30:41.760000,0.026127
2025-05-01T10:30:41.770000,-0.004447
2025-05-01T10:30:41.780000,0.009038
2025-05-01T10:30:41.790000,0.007908
2025-05-01T10:30:41.800000,0.006343
2025-05-01T10:30:41.810000,-0.028502
2025-05-01T10:30:41.820000,0.025452
2025-05-01T10:30:41.830000,0.003765
2025-05-01T10:30:41.840000,-0.001456
2025-05-01T10:30:41.850000,-0.020745
2025-05-01T10:30:41.860000,-0.003109
2025-05-01T10:30:41.870000,0.014118
2025-05-01T10:30:41.880000,-0.003679
2025-05-01T10:30:41.890000,-0.013641
2025-05-01T10:30:41.900000,0.016365
2025-05-01T10:30:41.910000,-0.007623
2025-05-01T10:30:41.920000,0.004789
2025-05-01T10:30:41.930000,0.001163
2025-05-01T10:30:41.940000,-0.005333
2025-05-01T10:30:41.950000,0.001535
2025-05-01T10:30:41.960000,0.019737
2025-05-01T10:30:41.970000,0.006818
2025-05-01T10:30:41.980000,-0.003852
2025-05-01T10:30:41.990000,0.005875
2025-05-01T10:30:42,0.014690
2025-05-01T10:30:42.010000,0.004014
2025-05-01T10:30:42.020000,-0.003342
2025-05-01T10:30:42.030000,-0.000043
2025-05-01T10:30:42.040000,-0.003217
2025-05-01T10:30:42.050000,-0.005313
2025-05-01T10:30:42.060000,-0.000297
2025-05-01T10:30:42.070000,0.015028
2025-05-01T10:30:42.080000,0.005604
2025-05-01T10:30:42.090000,0.008964
2025-05-01T10:30:42.100000,-0.014573
2025-05-01T10:30:42.110000,-0.003958
2025-05-01T10:30:42.120000,0.014576
2025-05-01T10:30:42.130000,-0.011739
2025-05-01T10:30:42.140000,-0.004935
2025-05-01T10:30:42.150000,-0.007743
2025-05-01T10:30:42.160000,0.002021
2025-05-01T10:30:42.170000,0.017331
2025-05-01T10:30:42.180000,-0.011984
2025-05-01T10:30:42.190000,0.006984
2025-05-01T10:30:42.200000,-0.002364
2025-05-01T10:30:42.210000,0.003470
2025-05-01T10:30:42.220000,0.007943
2025-05-01T10:30:42.230000,0.000725
2025-05-01T10:30:42.240000,-0.007159
2025-05-01T10:30:42.250000,-0.014219
2025-05-01T10:30:42.260000,-0.006982
2025-05-01T10:30:42.270000,0.009300
2025-05-01T10:30:42.280000,-0.016858
2025-05-01T10:30:42.290000,0.006450
2025-05-01T10:30:42.300000,0.004863
2025-05-01T10:30:42.310000,0.013972
2025-05-01T10:30:42.320000,-0.015411
2025-05-01T10:30:42.330000,0.011918
2025-05-01T10:30:42.340000,0.002898
2025-05-01T10:30:42.350000,-0.012416
2025-05-01T10:30:42.360000,0.008791
2025-05-01T10:30:42.370000,0.010783
2025-05-01T10:30:42.380000,0.009251
2025-05-01T10:30:42.390000,0.018861
2025-05-01T10:30:42.400000,-0.012990
2025-05-01T10:30:42.410000,-0.000643
2025-05-01T10:30:42.420000,-0.000853
2025-05-01T10:30:42.430000,-0.007960
2025-05-01T10:30:42.440000,0.011444
2025-05-01T10:30:42.450000,0.010845
2025-05-01T10:30:42.460000,-0.017383
2025-05-01T10:30:42.470000,-0.002296
2025-05-01T10:30:42.480000,0.011951
2025-05-01T10:30:42.490000,0.017267
2025-05-01T10:30:42.500000,0.011938
2025-05-01T10:30:42.510000,-0.002469
2025-05-01T10:30:42.520000,-0.009110
2025-05-01T10:30:42.530000,-0.003199
2025-05-01T10:30:42.540000,0.007877
2025-05-01T10:30:42.550000,0.003675
2025-05-01T10:30:42.560000,-0.010193
2025-05-01T10:30:42.570000,-0.007175
2025-05-01T10:30:42.580000,0.006097
2025-05-01T10:30:42.590000,0.014365
2025-05-01T10:30:42.600000,-0.002807
2025-05-01T10:30:42.610000,-0.012135
2025-05-01T10:30:42.620000,-0.014765
2025-05-01T10:30:42.630000,-0.008112
2025-05-01T10:30:42.640000,0.003581
2025-05-01T10:30:42.650000,0.008584
2025-05-01T10:30:42.660000,-0.010637
2025-05-01T10:30:42.670000,0.009326
2025-05-01T10:30:42.680000,0.006303
2025-05-01T10:30:42.690000,0.007734
2025-05-01T10:30:42.700000,0.017864
2025-05-01T10:30:42.710000,-0.006875
2025-05-01T10:30:42.720000,-0.006342
2025-05-01T10:30:42.730000,-0.002171
2025-05-01T10:30:42.740000,-0.016334
2025-05-01T10:30:42.750000,-0.015648
2025-05-01T10:30:42.760000,-0.002178
2025-05-01T10:30:42.770000,-0.001079
2025-05-01T10:30:42.780000,0.003112
2025-05-01T10:30:42.790000,-0.000356
2025-05-01T10:30:42.800000,0.003866
2025-05-01T10:30:42.810000,0.004995
2025-05-01T10:30:42.820000,0.016251
2025-05-01T10:30:42.830000,0.002743
2025-05-01T10:30:42.840000,0.004711
2025-05-01T10:30:42.850000,-0.005070
2025-05-01T10:30:42.860000,-0.002844
2025-05-01T10:30:42.870000,0.002979
2025-05-01T10:30:42.880000,0.009629
2025-05-01T10:30:42.890000,0.011483
2025-05-01T10:30:42.900000,-0.001431
2025-05-01T10:30:42.910000,-0.002201
2025-05-01T10:30:42.920000,-0.010297
2025-05-01T10:30:42.930000,0.015637
2025-05-01T10:30:42.940000,0.005347
2025-05-01T10:30:42.950000,-0.011419
2025-05-01T10:30:42.960000,-0.016113
2025-05-01T10:30:42.970000,-0.018477
2025-05-01T10:30:42.980000,0.025834
2025-05-01T10:30:42.990000,0.004899
2025-05-01T10:30:43,-0.000501
2025-05-01T10:30:43.010000,-0.009819
2025-05-01T10:30:43.020000,0.003648
2025-05-01T10:30:43.030000,-0.001877
2025-05-01T10:30:43.040000,-0.035545
2025-05-01T10:30:43.050000,-0.013302
2025-05-01T10:30:43.060000,-0.014162
2025-05-01T10:30:43.070000,-0.012430
2025-05-01T10:30:43.080000,-0.000028
2025-05-01T10:30:43.090000,0.008503
2025-05-01T10:30:43.100000,-0.014292
2025-05-01T10:30:43.110000,-0.002493
2025-05-01T10:30:43.120000,-0.005545
2025-05-01T10:30:43.130000,-0.000859
2025-05-01T10:30:43.140000,-0.004992
2025-05-01T10:30:43.150000,0.007655
2025-05-01T10:30:43.160000,0.001811
2025-05-01T10:30:43.170000,0.003553
2025-05-01T10:30:43.180000,0.008827
2025-05-01T10:30:43.190000,0.002948
2025-05-01T10:30:43.200000,0.004637
2025-05-01T10:30:43.210000,-0.010312
2025-05-01T10:30:43.220000,-0.004487
2025-05-01T10:30:43.230000,-0.017486
2025-05-01T10:30:43.240000,-0.003014
2025-05-01T10:30:43.250000,-0.010040
2025-05-01T10:30:43.260000,-0.010702
2025-05-01T10:30:43.270000,0.000551
2025-05-01T10:30:43.280000,0.011707
2025-05-01T10:30:43.290000,0.003831
2025-05-01T10:30:43.300000,-0.008896
2025-05-01T10:30:43.310000,0.000125
2025-05-01T10:30:43.320000,0.006087
2025-05-01T10:30:43.330000,-0.017040
2025-05-01T10:30:43.340000,-0.005416
2025-05-01T10:30:43.350000,0.002884
2025-05-01T10:30:43.360000,-0.011560
2025-05-01T10:30:43.370000,0.001836
2025-05-01T10:30:43.380000,0.020057
2025-05-01T10:30:43.390000,0.010531
2025-05-01T10:30:43.400000,0.009641
2025-05-01T10:30:43.410000,-0.006166
2025-05-01T10:30:43.420000,-0.010556
2025-05-01T10:30:43.430000,-0.008839
2025-05-01T10:30:43.440000,-0.018529
2025-05-01T10:30:43.450000,-0.004746
2025-05-01T10:30:43.460000,0.001769
2025-05-01T10:30:43.470000,0.007518
2025-05-01T10:30:43.480000,-0.022721
2025-05-01T10:30:43.490000,0.009381
2025-05-01T10:30:43.500000,-0.003950
2025-05-01T10:30:43.510000,-0.002680
2025-05-01T10:30:43.520000,-0.012123
2025-05-01T10:30:43.530000,-0.007503
2025-05-01T10:30:43.540000,0.001640
2025-05-01T10:30:43.550000,-0.004161
2025-05-01T10:30:43.560000,0.007551
2025-05-01T10:30:43.570000,-0.002226
2025-05-01T10:30:43.580000,-0.007908
2025-05-01T10:30:43.590000,0.007508
2025-05-01T10:30:43.600000,-0.001060
2025-05-01T10:30:43.610000,-0.003799
2025-05-01T10:30:43.620000,0.001673
2025-05-01T10:30:43.630000,-0.007473
2025-05-01T10:30:43.640000,-0.005931
2025-05-01T10:30:43.650000,0.011305
2025-05-01T10:30:43.660000,0.006704
2025-05-01T10:30:43.670000,0.010279
2025-05-01T10:30:43.680000,0.005736
2025-05-01T10:30:43.690000,-0.007590
2025-05-01T10:30:43.700000,0.015866
2025-05-01T10:30:43.710000,-0.008577
2025-05-01T10:30:43.720000,0.007433
2025-05-01T10:30:43.730000,-0.007871
2025-05-01T10:30:43.740000,-0.006621
2025-05-01T10:30:43.750000,-0.005503
2025-05-01T10:30:43.760000,-0.014061
2025-05-01T10:30:43.770000,-0.006694
2025-05-01T10:30:43.780000,0.010919
2025-05-01T10:30:43.790000,-0.002530
2025-05-01T10:30:43.800000,0.002367
2025-05-01T10:30:43.810000,-0.001638
2025-05-01T10:30:43.820000,0.009877
2025-05-01T10:30:43.830000,0.002661
2025-05-01T10:30:43.840000,0.016474
2025-05-01T10:30:43.850000,-0.011916
2025-05-01T10:30:43.860000,-0.009160
2025-05-01T10:30:43.870000,-0.004765
2025-05-01T10:30:43.880000,0.006099
2025-05-01T10:30:43.890000,-0.018788
2025-05-01T10:30:43.900000,-0.002399
2025-05-01T10:30:43.910000,0.000158
2025-05-01T10:30:43.920000,0.000075
2025-05-01T10:30:43.930000,-0.002860
2025-05-01T10:30:43.940000,0.000096
2025-05-01T10:30:43.950000,-0.004836
2025-05-01T10:30:43.960000,0.001678
2025-05-01T10:30:43.970000,0.010066
2025-05-01T10:30:43.980000,0.020084
2025-05-01T10:30:43.990000,0.004977
2025-05-01T10:30:44,0.014631
2025-05-01T10:30:44.010000,-0.008736
2025-05-01T10:30:44.020000,-0.007574
2025-05-01T10:30:44.030000,-0.000832
2025-05-01T10:30:44.040000,0.005682
2025-05-01T10:30:44.050000,0.025693
2025-05-01T10:30:44.060000,0.002570
2025-05-01T10:30:44.070000,0.004360
2025-05-01T10:30:44.080000,0.009221
2025-05-01T10:30:44.090000,0.008313
2025-05-01T10:30:44.100000,-0.010821
2025-05-01T10:30:44.110000,0.002690
2025-05-01T10:30:44.120000,0.005336
2025-05-01T10:30:44.130000,0.007979
2025-05-01T10:30:44.140000,0.027424
2025-05-01T10:30:44.150000,0.003527
2025-05-01T10:30:44.160000,-0.002720
2025-05-01T10:30:44.170000,-0.001226
2025-05-01T10:30:44.180000,-0.006801
2025-05-01T10:30:44.190000,-0.014659
2025-05-01T10:30:44.200000,-0.003226
2025-05-01T10:30:44.210000,0.003291
2025-05-01T10:30:44.220000,-0.002647
2025-05-01T10:30:44.230000,0.012024
2025-05-01T10:30:44.240000,-0.016727
2025-05-01T10:30:44.250000,-0.003631
2025-05-01T10:30:44.260000,0.000990
2025-05-01T10:30:44.270000,0.008055
2025-05-01T10:30:44.280000,0.016141
2025-05-01T10:30:44.290000,-0.019367
2025-05-01T10:30:44.300000,0.004986
2025-05-01T10:30:44.310000,0.003105
2025-05-01T10:30:44.320000,-0.001621
2025-05-01T10:30:44.330000,0.003553
2025-05-01T10:30:44.340000,0.020943
2025-05-01T10:30:44.350000,-0.007199
2025-05-01T10:30:44.360000,-0.007124
2025-05-01T10:30:44.370000,0.003655
2025-05-01T10:30:44.380000,0.001947
2025-05-01T10:30:44.390000,-0.016489
2025-05-01T10:30:44.400000,-0.010085
2025-05-01T10:30:44.410000,0.004544
2025-05-01T10:30:44.420000,-0.001573
2025-05-01T10:30:44.430000,0.007139
2025-05-01T10:30:44.440000,0.010469
2025-05-01T10:30:44.450000,-0.001061
2025-05-01T10:30:44.460000,-0.003374
2025-05-01T10:30:44.470000,-0.012191
2025-05-01T10:30:44.480000,0.021234
2025-05-01T10:30:44.490000,0.003380
2025-05-01T10:30:44.500000,0.000638
2025-05-01T10:30:44.510000,-0.003338
2025-05-01T10:30:44.520000,0.011384
2025-05-01T10:30:44.530000,0.000035
2025-05-01T10:30:44.540000,0.004825
2025-05-01T10:30:44.550000,-0.019192
2025-05-01T10:30:44.560000,0.024370
2025-05-01T10:30:44.570000,0.000395
2025-05-01T10:30:44.580000,-0.000357
2025-05-01T10:30:44.590000,-0.016509
2025-05-01T10:30:44.600000,0.004540
2025-05-01T10:30:44.610000,0.001841
2025-05-01T10:30:44.620000,-0.022772
2025-05-01T10:30:44.630000,0.007920
2025-05-01T10:30:44.640000,0.007451
2025-05-01T10:30:44.650000,0.003359
2025-05-01T10:30:44.660000,0.005717
2025-05-01T10:30:44.670000,-0.000492
2025-05-01T10:30:44.680000,0.010461
2025-05-01T10:30:44.690000,0.014144
2025-05-01T10:30:44.700000,0.012907
2025-05-01T10:30:44.710000,-0.007075
2025-05-01T10:30:44.720000,0.002632
2025-05-01T10:30:44.730000,0.007239
2025-05-01T10:30:44.740000,0.010735
2025-05-01T10:30:44.750000,-0.006235
2025-05-01T10:30:44.760000,-0.001528
2025-05-01T10:30:44.770000,0.005754
2025-05-01T10:30:44.780000,0.001327
2025-05-01T10:30:44.790000,-0.004517
2025-05-01T10:30:44.800000,-0.017636
2025-05-01T10:30:44.810000,0.003790
2025-05-01T10:30:44.820000,-0.006438
2025-05-01T10:30:44.830000,-0.002804
2025-05-01T10:30:44.840000,0.015088
2025-05-01T10:30:44.850000,0.003699
2025-05-01T10:30:44.860000,0.022029
2025-05-01T10:30:44.870000,0.001024
2025-05-01T10:30:44.880000,-0.014415
2025-05-01T10:30:44.890000,-0.002857
2025-05-01T10:30:44.900000,-0.004167
2025-05-01T10:30:44.910000,0.002227
2025-05-01T10:30:44.920000,0.000489
2025-05-01T10:30:44.930000,0.005479
2025-05-01T10:30:44.940000,-0.022236
2025-05-01T10:30:44.950000,-0.006006
2025-05-01T10:30:44.960000,-0.002639
2025-05-01T10:30:44.970000,-0.007980
2025-05-01T10:30:44.980000,0.009586
2025-05-01T10:30:44.990000,-0.009802
2025-05-01T10:30:45,0.009631
2025-05-01T10:30:45.010000,0.001653
2025-05-01T10:30:45.020000,0.001997
2025-05-01T10:30:45.030000,0.002481
2025-05-01T10:30:45.040000,-0.003508
2025-05-01T10:30:45.050000,-0.017147
2025-05-01T10:30:45.060000,0.010382
2025-05-01T10:30:45.070000,0.008635
2025-05-01T10:30:45.080000,0.006554
2025-05-01T10:30:45.090000,-0.003531
2025-05-01T10:30:45.100000,-0.000864
2025-05-01T10:30:45.110000,-0.012517
2025-05-01T10:30:45.120000,-0.006803
2025-05-01T10:30:45.130000,0.025756
2025-05-01T10:30:45.140000,0.020186
2025-05-01T10:30:45.150000,0.009448
2025-05-01T10:30:45.160000,-0.011520
2025-05-01T10:30:45.170000,0.010055
2025-05-01T10:30:45.180000,-0.016362
2025-05-01T10:30:45.190000,-0.006030
2025-05-01T10:30:45.200000,0.024223
2025-05-01T10:30:45.210000,-0.006247
2025-05-01T10:30:45.220000,-0.007344
2025-05-01T10:30:45.230000,0.009583
2025-05-01T10:30:45.240000,-0.005596
2025-05-01T10:30:45.250000,0.002498
2025-05-01T10:30:45.260000,0.013992
2025-05-01T10:30:45.270000,-0.004364
2025-05-01T10:30:45.280000,0.010867
2025-05-01T10:30:45.290000,0.010413
2025-05-01T10:30:45.300000,0.006980
2025-05-01T10:30:45.310000,-0.009191
2025-05-01T10:30:45.320000,0.011363
2025-05-01T10:30:45.330000,-0.020681
2025-05-01T10:30:45.340000,-0.000589
2025-05-01T10:30:45.350000,0.011329
2025-05-01T10:30:45.360000,0.000217
2025-05-01T10:30:45.370000,0.000339
2025-05-01T10:30:45.380000,0.006075
2025-05-01T10:30:45.390000,0.008924
2025-05-01T10:30:45.400000,0.002796
2025-05-01T10:30:45.410000,0.006431
2025-05-01T10:30:45.420000,0.002064
2025-05-01T10:30:45.430000,0.004781
2025-05-01T10:30:45.440000,0.007426
2025-05-01T10:30:45.450000,-0.000007
2025-05-01T10:30:45.460000,0.001678
2025-05-01T10:30:45.470000,0.024834
2025-05-01T10:30:45.480000,0.011395
2025-05-01T10:30:45.490000,0.001367
2025-05-01T10:30:45.500000,0.002211
2025-05-01T10:30:45.510000,0.007572
2025-05-01T10:30:45.520000,0.004881
2025-05-01T10:30:45.530000,0.001288
2025-05-01T10:30:45.540000,0.012215
2025-05-01T10:30:45.550000,0.013814
2025-05-01T10:30:45.560000,-0.005857
2025-05-01T10:30:45.570000,0.009715
2025-05-01T10:30:45.580000,0.003526
2025-05-01T10:30:45.590000,-0.001043
2025-05-01T10:30:45.600000,-0.000885
2025-05-01T10:30:45.610000,-0.005918
2025-05-01T10:30:45.620000,0.005675
2025-05-01T10:30:45.630000,0.013123
2025-05-01T10:30:45.640000,0.010257
2025-05-01T10:30:45.650000,-0.018879
2025-05-01T10:30:45.660000,-0.007385
2025-05-01T10:30:45.670000,-0.004094
2025-05-01T10:30:45.680000,0.003591
2025-05-01T10:30:45.690000,-0.015133
2025-05-01T10:30:45.700000,0.019128
2025-05-01T10:30:45.710000,-0.002715
2025-05-01T10:30:45.720000,0.020089
2025-05-01T10:30:45.730000,0.017995
2025-05-01T10:30:45.740000,0.005821
2025-05-01T10:30:45.750000,0.000068
2025-05-01T10:30:45.760000,0.000862
2025-05-01T10:30:45.770000,-0.003565
2025-05-01T10:30:45.780000,-0.008496
2025-05-01T10:30:45.790000,-0.015344
2025-05-01T10:30:45.800000,0.005444
2025-05-01T10:30:45.810000,0.001398
2025-05-01T10:30:45.820000,0.025191
2025-05-01T10:30:45.830000,0.009948
2025-05-01T10:30:45.840000,-0.014430
2025-05-01T10:30:45.850000,-0.010181
2025-05-01T10:30:45.860000,-0.009202
2025-05-01T10:30:45.870000,0.001136
2025-05-01T10:30:45.880000,-0.008760
2025-05-01T10:30:45.890000,-0.013933
2025-05-01T10:30:45.900000,-0.008255
2025-05-01T10:30:45.910000,0.001544
2025-05-01T10:30:45.920000,-0.000165
2025-05-01T10:30:45.930000,-0.012974
2025-05-01T10:30:45.940000,0.001919
2025-05-01T10:30:45.950000,0.003463
2025-05-01T10:30:45.960000,-0.012419
2025-05-01T10:30:45.970000,0.007595
2025-05-01T10:30:45.980000,0.000617
2025-05-01T10:30:45.990000,0.009185
2025-05-01T10:30:46,-0.005196
2025-05-01T10:30:46.010000,0.001423
2025-05-01T10:30:46.020000,0.000860
2025-05-01T10:30:46.030000,-0.007982
2025-05-01T10:30:46.040000,0.003975
2025-05-01T10:30:46.050000,0.019835
2025-05-01T10:30:46.060000,0.005437
2025-05-01T10:30:46.070000,0.002555
2025-05-01T10:30:46.080000,0.000807
2025-05-01T10:30:46.090000,0.004062
2025-05-01T10:30:46.100000,-0.003085
2025-05-01T10:30:46.110000,-0.000042
2025-05-01T10:30:46.120000,-0.004126
2025-05-01T10:30:46.130000,-0.024345
2025-05-01T10:30:46.140000,0.008055
2025-05-01T10:30:46.150000,0.002293
2025-05-01T10:30:46.160000,-0.016454
2025-05-01T10:30:46.170000,-0.006829
2025-05-01T10:30:46.180000,-0.009856
2025-05-01T10:30:46.190000,-0.005739
2025-05-01T10:30:46.200000,-0.016782
2025-05-01T10:30:46.210000,-0.013814
2025-05-01T10:30:46.220000,0.001408
2025-05-01T10:30:46.230000,0.012635
2025-05-01T10:30:46.240000,-0.003336
2025-05-01T10:30:46.250000,0.002798
2025-05-01T10:30:46.260000,-0.021028
2025-05-01T10:30:46.270000,0.007355
2025-05-01T10:30:46.280000,0.004163
2025-05-01T10:30:46.290000,-0.003700
2025-05-01T10:30:46.300000,-0.004477
2025-05-01T10:30:46.310000,0.007724
2025-05-01T10:30:46.320000,-0.018751
2025-05-01T10:30:46.330000,0.008221
2025-05-01T10:30:46.340000,-0.008975
2025-05-01T10:30:46.350000,0.001384
2025-05-01T10:30:46.360000,0.002629
2025-05-01T10:30:46.370000,0.015985
2025-05-01T10:30:46.380000,0.008517
2025-05-01T10:30:46.390000,0.017560
2025-05-01T10:30:46.400000,0.011838
2025-05-01T10:30:46.410000,-0.006117
2025-05-01T10:30:46.420000,-0.012067
2025-05-01T10:30:46.430000,-0.012991
2025-05-01T10:30:46.440000,0.004049
2025-05-01T10:30:46.450000,0.010308
2025-05-01T10:30:46.460000,-0.008162
2025-05-01T10:30:46.470000,-0.013394
2025-05-01T10:30:46.480000,-0.000853
2025-05-01T10:30:46.490000,0.011056
2025-05-01T10:30:46.500000,-0.019851
2025-05-01T10:30:46.510000,-0.010424
2025-05-01T10:30:46.520000,0.018796
2025-05-01T10:30:46.530000,-0.008325
2025-05-01T10:30:46.540000,0.009594
2025-05-01T10:30:46.550000,-0.016150
2025-05-01T10:30:46.560000,0.009137
2025-05-01T10:30:46.570000,0.011968
2025-05-01T10:30:46.580000,-0.016413
2025-05-01T10:30:46.590000,0.013407
2025-05-01T10:30:46.600000,-0.004018
2025-05-01T10:30:46.610000,-0.004737
2025-05-01T10:30:46.620000,0.001308
2025-05-01T10:30:46.630000,0.008534
2025-05-01T10:30:46.640000,0.003759
2025-05-01T10:30:46.650000,0.000985
2025-05-01T10:30:46.660000,-0.002702
2025-05-01T10:30:46.670000,0.009182
2025-05-01T10:30:46.680000,-0.011230
2025-05-01T10:30:46.690000,0.020414
2025-05-01T10:30:46.700000,0.003184
2025-05-01T10:30:46.710000,-0.012883
2025-05-01T10:30:46.720000,0.005325
2025-05-01T10:30:46.730000,0.006084
2025-05-01T10:30:46.740000,0.004566
2025-05-01T10:30:46.750000,-0.008438
2025-05-01T10:30:46.760000,-0.015685
2025-05-01T10:30:46.770000,-0.014469
2025-05-01T10:30:46.780000,0.004123
2025-05-01T10:30:46.790000,-0.011178
2025-05-01T10:30:46.800000,0.008932
2025-05-01T10:30:46.810000,0.015477
2025-05-01T10:30:46.820000,0.004036
2025-05-01T10:30:46.830000,-0.015866
2025-05-01T10:30:46.840000,-0.003330
2025-05-01T10:30:46.850000,-0.008240
2025-05-01T10:30:46.860000,0.021437
2025-05-01T10:30:46.870000,-0.032482
2025-05-01T10:30:46.880000,0.006028
2025-05-01T10:30:46.890000,-0.025135
2025-05-01T10:30:46.900000,0.004059
2025-05-01T10:30:46.910000,0.007444
2025-05-01T10:30:46.920000,-0.000315
2025-05-01T10:30:46.930000,-0.012972
2025-05-01T10:30:46.940000,0.009819
2025-05-01T10:30:46.950000,0.003264
2025-05-01T10:30:46.960000,0.016559
2025-05-01T10:30:46.970000,-0.003352
2025-05-01T10:30:46.980000,-0.000820
2025-05-01T10:30:46.990000,-0.009125
2025-05-01T10:30:47,-0.000359
2025-05-01T10:30:47.010000,-0.016805
2025-05-01T10:30:47.020000,-0.008188
2025-05-01T10:30:47.030000,-0.010704
2025-05-01T10:30:47.040000,-0.011695
2025-05-01T10:30:47.050000,0.004333
2025-05-01T10:30:47.060000,-0.007750
2025-05-01T10:30:47.070000,-0.008131
2025-05-01T10:30:47.080000,-0.007561
2025-05-01T10:30:47.090000,-0.008217
2025-05-01T10:30:47.100000,0.026979
2025-05-01T10:30:47.110000,0.006853
2025-05-01T10:30:47.120000,-0.018461
2025-05-01T10:30:47.130000,-0.005247
2025-05-01T10:30:47.140000,0.002332
2025-05-01T10:30:47.150000,0.006457
2025-05-01T10:30:47.160000,0.019935
2025-05-01T10:30:47.170000,-0.005127
2025-05-01T10:30:47.180000,-0.006287
2025-05-01T10:30:47.190000,-0.004716
2025-05-01T10:30:47.200000,0.016728
2025-05-01T10:30:47.210000,0.000859
2025-05-01T10:30:47.220000,-0.004952
2025-05-01T10:30:47.230000,-0.006372
2025-05-01T10:30:47.240000,-0.001346
2025-05-01T10:30:47.250000,-0.027285
2025-05-01T10:30:47.260000,-0.003259
2025-05-01T10:30:47.270000,-0.005890
2025-05-01T10:30:47.280000,0.008061
2025-05-01T10:30:47.290000,0.021817
2025-05-01T10:30:47.300000,-0.013667
2025-05-01T10:30:47.310000,-0.004363
2025-05-01T10:30:47.320000,0.014555
2025-05-01T10:30:47.330000,-0.015958
2025-05-01T10:30:47.340000,0.000894
2025-05-01T10:30:47.350000,0.016038
2025-05-01T10:30:47.360000,0.009607
2025-05-01T10:30:47.370000,-0.014108
2025-05-01T10:30:47.380000,0.005802
2025-05-01T10:30:47.390000,0.018300
2025-05-01T10:30:47.400000,0.002207
2025-05-01T10:30:47.410000,-0.004885
2025-05-01T10:30:47.420000,-0.007075
2025-05-01T10:30:47.430000,0.001496
2025-05-01T10:30:47.440000,-0.013264
2025-05-01T10:30:47.450000,-0.005277
2025-05-01T10:30:47.460000,0.010666
2025-05-01T10:30:47.470000,0.017432
2025-05-01T10:30:47.480000,0.015515
2025-05-01T10:30:47.490000,0.001980
2025-05-01T10:30:47.500000,-0.009873
2025-05-01T10:30:47.510000,0.008834
2025-05-01T10:30:47.520000,0.012733
2025-05-01T10:30:47.530000,0.004291
2025-05-01T10:30:47.540000,-0.010902
2025-05-01T10:30:47.550000,-0.000482
2025-05-01T10:30:47.560000,0.007640
2025-05-01T10:30:47.570000,-0.007770
2025-05-01T10:30:47.580000,-0.006402
2025-05-01T10:30:47.590000,-0.017406
2025-05-01T10:30:47.600000,-0.021829
2025-05-01T10:30:47.610000,0.008615
2025-05-01T10:30:47.620000,-0.002144
2025-05-01T10:30:47.630000,-0.010356
2025-05-01T10:30:47.640000,-0.009002
2025-05-01T10:30:47.650000,-0.007419
2025-05-01T10:30:47.660000,-0.013563
2025-05-01T10:30:47.670000,-0.018329
2025-05-01T10:30:47.680000,0.000238
2025-05-01T10:30:47.690000,-0.028823
2025-05-01T10:30:47.700000,-0.008461
2025-05-01T10:30:47.710000,-0.001519
2025-05-01T10:30:47.720000,0.015087
2025-05-01T10:30:47.730000,0.000788
2025-05-01T10:30:47.740000,-0.007413
2025-05-01T10:30:47.750000,0.009254
2025-05-01T10:30:47.760000,-0.001059
2025-05-01T10:30:47.770000,0.011582
2025-05-01T10:30:47.780000,-0.002184
2025-05-01T10:30:47.790000,-0.009445
2025-05-01T10:30:47.800000,-0.021445
2025-05-01T10:30:47.810000,0.001576
2025-05-01T10:30:47.820000,0.005514
2025-05-01T10:30:47.830000,0.000413
2025-05-01T10:30:47.840000,-0.008896
2025-05-01T10:30:47.850000,-0.010363
2025-05-01T10:30:47.860000,-0.018142
2025-05-01T10:30:47.870000,-0.005045
2025-05-01T10:30:47.880000,0.008051
2025-05-01T10:30:47.890000,-0.004670
2025-05-01T10:30:47.900000,0.003562
2025-05-01T10:30:47.910000,0.006634
2025-05-01T10:30:47.920000,-0.004820
2025-05-01T10:30:47.930000,0.007511
2025-05-01T10:30:47.940000,0.005308
2025-05-01T10:30:47.950000,-0.013416
2025-05-01T10:30:47.960000,-0.022785
2025-05-01T10:30:47.970000,-0.006910
2025-05-01T10:30:47.980000,-0.004653
2025-05-01T10:30:47.990000,0.000168
2025-05-01T10:30:48,0.000448
2025-05-01T10:30:48.010000,0.016878
2025-05-01T10:30:48.020000,-0.002121
2025-05-01T10:30:48.030000,-0.015888
2025-05-01T10:30:48.040000,0.002876
2025-05-01T10:30:48.050000,-0.008675
2025-05-01T10:30:48.060000,0.016916
2025-05-01T10:30:48.070000,0.014404
2025-05-01T10:30:48.080000,-0.007416
2025-05-01T10:30:48.090000,0.012148
2025-05-01T10:30:48.100000,-0.003278
2025-05-01T10:30:48.110000,0.008284
2025-05-01T10:30:48.120000,-0.022221
2025-05-01T10:30:48.130000,-0.004575
2025-05-01T10:30:48.140000,0.000245
2025-05-01T10:30:48.150000,0.007435
2025-05-01T10:30:48.160000,0.006762
2025-05-01T10:30:48.170000,0.009406
2025-05-01T10:30:48.180000,-0.009104
2025-05-01T10:30:48.190000,0.008059
2025-05-01T10:30:48.200000,0.006985
2025-05-01T10:30:48.210000,0.002416
2025-05-01T10:30:48.220000,-0.019105
2025-05-01T10:30:48.230000,-0.006311
2025-05-01T10:30:48.240000,0.019888
2025-05-01T10:30:48.250000,0.003592
2025-05-01T10:30:48.260000,-0.011060
2025-05-01T10:30:48.270000,-0.006510
2025-05-01T10:30:48.280000,-0.001057
2025-05-01T10:30:48.290000,0.004015
2025-05-01T10:30:48.300000,0.005409
2025-05-01T10:30:48.310000,-0.010537
2025-05-01T10:30:48.320000,-0.003454
2025-05-01T10:30:48.330000,-0.000503
2025-05-01T10:30:48.340000,-0.005302
2025-05-01T10:30:48.350000,0.002368
2025-05-01T10:30:48.360000,0.014913
2025-05-01T10:30:48.370000,0.002504
2025-05-01T10:30:48.380000,-0.007919
2025-05-01T10:30:48.390000,0.000149
2025-05-01T10:30:48.400000,0.003616
2025-05-01T10:30:48.410000,-0.009861
2025-05-01T10:30:48.420000,-0.019542
2025-05-01T10:30:48.430000,0.007172
2025-05-01T10:30:48.440000,0.014609
2025-05-01T10:30:48.450000,0.026617
2025-05-01T10:30:48.460000,0.002061
2025-05-01T10:30:48.470000,-0.011290
2025-05-01T10:30:48.480000,-0.010830
2025-05-01T10:30:48.490000,0.001412
2025-05-01T10:30:48.500000,-0.015648
2025-05-01T10:30:48.510000,0.007411
2025-05-01T10:30:48.520000,0.006305
2025-05-01T10:30:48.530000,-0.004635
2025-05-01T10:30:48.540000,0.010450
2025-05-01T10:30:48.550000,0.010662
2025-05-01T10:30:48.560000,-0.004963
2025-05-01T10:30:48.570000,0.006083
2025-05-01T10:30:48.580000,0.003401
2025-05-01T10:30:48.590000,-0.000002
2025-05-01T10:30:48.600000,-0.010360
2025-05-01T10:30:48.610000,-0.004882
2025-05-01T10:30:48.620000,0.007436
2025-05-01T10:30:48.630000,0.009656
2025-05-01T10:30:48.640000,-0.002387
2025-05-01T10:30:48.650000,0.014621
2025-05-01T10:30:48.660000,-0.014316
2025-05-01T10:30:48.670000,-0.001044
2025-05-01T10:30:48.680000,-0.008715
2025-05-01T10:30:48.690000,-0.009398
2025-05-01T10:30:48.700000,-0.006261
2025-05-01T10:30:48.710000,-0.002315
2025-05-01T10:30:48.720000,0.021152
2025-05-01T10:30:48.730000,-0.009634
2025-05-01T10:30:48.740000,-0.000545
2025-05-01T10:30:48.750000,0.015571
2025-05-01T10:30:48.760000,0.001726
2025-05-01T10:30:48.770000,0.000837
2025-05-01T10:30:48.780000,0.003709
2025-05-01T10:30:48.790000,0.006331
2025-05-01T10:30:48.800000,0.001502
2025-05-01T10:30:48.810000,0.003674
2025-05-01T10:30:48.820000,-0.002878
2025-05-01T10:30:48.830000,0.010028
2025-05-01T10:30:48.840000,-0.006804
2025-05-01T10:30:48.850000,-0.000791
2025-05-01T10:30:48.860000,0.008961
2025-05-01T10:30:48.870000,0.008848
2025-05-01T10:30:48.880000,0.015898
2025-05-01T10:30:48.890000,-0.005622
2025-05-01T10:30:48.900000,-0.010203
2025-05-01T10:30:48.910000,0.000685
2025-05-01T10:30:48.920000,-0.004960
2025-05-01T10:30:48.930000,0.011029
2025-05-01T10:30:48.940000,-0.000640
2025-05-01T10:30:48.950000,-0.025548
2025-05-01T10:30:48.960000,0.005414
2025-05-01T10:30:48.970000,0.012312
2025-05-01T10:30:48.980000,0.013575
2025-05-01T10:30:48.990000,-0.006434
2025-05-01T10:30:49,-0.001415
2025-05-01T10:30:49.010000,-0.003133
2025-05-01T10:30:49.020000,-0.016074
2025-05-01T10:30:49.030000,0.012533
2025-05-01T10:30:49.040000,0.020907
2025-05-01T10:30:49.050000,0.002162
2025-05-01T10:30:49.060000,0.013060
2025-05-01T10:30:49.070000,-0.002244
2025-05-01T10:30:49.080000,-0.007977
2025-05-01T10:30:49.090000,-0.010659
2025-05-01T10:30:49.100000,0.006329
2025-05-01T10:30:49.110000,-0.003478
2025-05-01T10:30:49.120000,-0.009222
2025-05-01T10:30:49.130000,-0.015874
2025-05-01T10:30:49.140000,-0.007687
2025-05-01T10:30:49.150000,-0.010775
2025-05-01T10:30:49.160000,0.003331
2025-05-01T10:30:49.170000,0.003825
2025-05-01T10:30:49.180000,-0.012262
2025-05-01T10:30:49.190000,0.006528
2025-05-01T10:30:49.200000,0.005863
2025-05-01T10:30:49.210000,-0.005812
2025-05-01T10:30:49.220000,-0.009517
2025-05-01T10:30:49.230000,-0.013766
2025-05-01T10:30:49.240000,-0.005597
2025-05-01T10:30:49.250000,-0.001196
2025-05-01T10:30:49.260000,-0.002976
2025-05-01T10:30:49.270000,0.015848
2025-05-01T10:30:49.280000,-0.000134
2025-05-01T10:30:49.290000,0.004227
2025-05-01T10:30:49.300000,-0.008585
2025-05-01T10:30:49.310000,0.004491
2025-05-01T10:30:49.320000,0.004386
2025-05-01T10:30:49.330000,-0.019822
2025-05-01T10:30:49.340000,-0.002722
2025-05-01T10:30:49.350000,-0.003982
2025-05-01T10:30:49.360000,0.016892
2025-05-01T10:30:49.370000,0.015577
2025-05-01T10:30:49.380000,0.002954
2025-05-01T10:30:49.390000,-0.013875
2025-05-01T10:30:49.400000,0.014033
2025-05-01T10:30:49.410000,0.002853
2025-05-01T10:30:49.420000,-0.006856
2025-05-01T10:30:49.430000,0.002276
2025-05-01T10:30:49.440000,-0.007044
2025-05-01T10:30:49.450000,0.004311
2025-05-01T10:30:49.460000,0.010506
2025-05-01T10:30:49.470000,-0.002664
2025-05-01T10:30:49.480000,0.013033
2025-05-01T10:30:49.490000,0.003017
2025-05-01T10:30:49.500000,0.003253
2025-05-01T10:30:49.510000,-0.008345
2025-05-01T10:30:49.520000,0.009222
2025-05-01T10:30:49.530000,0.012891
2025-05-01T10:30:49.540000,-0.001492
2025-05-01T10:30:49.550000,-0.008383
2025-05-01T10:30:49.560000,0.010909
2025-05-01T10:30:49.570000,-0.015403
2025-05-01T10:30:49.580000,-0.004411
2025-05-01T10:30:49.590000,-0.001219
2025-05-01T10:30:49.600000,-0.005936
2025-05-01T10:30:49.610000,0.003560
2025-05-01T10:30:49.620000,0.004428
2025-05-01T10:30:49.630000,0.008838
2025-05-01T10:30:49.640000,0.012219
2025-05-01T10:30:49.650000,0.009956
2025-05-01T10:30:49.660000,0.010611
2025-05-01T10:30:49.670000,-0.003443
2025-05-01T10:30:49.680000,-0.011731
2025-05-01T10:30:49.690000,0.022175
2025-05-01T10:30:49.700000,-0.003816
2025-05-01T10:30:49.710000,0.014462
2025-05-01T10:30:49.720000,-0.000877
2025-05-01T10:30:49.730000,0.008924
2025-05-01T10:30:49.740000,-0.015140
2025-05-01T10:30:49.750000,0.009008
2025-05-01T10:30:49.760000,0.004620
2025-05-01T10:30:49.770000,0.013387
2025-05-01T10:30:49.780000,-0.011966
2025-05-01T10:30:49.790000,-0.000758
2025-05-01T10:30:49.800000,-0.009707
2025-05-01T10:30:49.810000,-0.003065
2025-05-01T10:30:49.820000,0.001125
2025-05-01T10:30:49.830000,0.011843
2025-05-01T10:30:49.840000,-0.002203
2025-05-01T10:30:49.850000,0.000051
2025-05-01T10:30:49.860000,0.009539
2025-05-01T10:30:49.870000,-0.013443
2025-05-01T10:30:49.880000,0.000491
2025-05-01T10:30:49.890000,0.003732
2025-05-01T10:30:49.900000,-0.006801
2025-05-01T10:30:49.910000,0.007627
2025-05-01T10:30:49.920000,0.004077
2025-05-01T10:30:49.930000,-0.000289
2025-05-01T10:30:49.940000,0.015457
2025-05-01T10:30:49.950000,-0.010746
2025-05-01T10:30:49.960000,-0.001367
2025-05-01T10:30:49.970000,-0.006526
2025-05-01T10:30:49.980000,0.010426
2025-05-01T10:30:49.990000,0.004973
2025-05-01T10:30:50,-0.000416
2025-05-01T10:30:50.010000,-0.001395
2025-05-01T10:30:50.020000,0.000407
2025-05-01T10:30:50.030000,-0.004544
2025-05-01T10:30:50.040000,0.022893
2025-05-01T10:30:50.050000,0.004154
2025-05-01T10:30:50.060000,-0.005725
2025-05-01T10:30:50.070000,0.007138
2025-05-01T10:30:50.080000,-0.000912
2025-05-01T10:30:50.090000,0.002210
2025-05-01T10:30:50.100000,-0.019851
2025-05-01T10:30:50.110000,-0.001873
2025-05-01T10:30:50.120000,-0.002493
2025-05-01T10:30:50.130000,0.009117
2025-05-01T10:30:50.140000,0.001791
2025-05-01T10:30:50.150000,-0.011878
2025-05-01T10:30:50.160000,-0.007803
2025-05-01T10:30:50.170000,-0.018232
2025-05-01T10:30:50.180000,-0.010349
2025-05-01T10:30:50.190000,-0.005716
2025-05-01T10:30:50.200000,0.003973
2025-05-01T10:30:50.210000,0.003391
2025-05-01T10:30:50.220000,-0.007541
2025-05-01T10:30:50.230000,0.009531
2025-05-01T10:30:50.240000,-0.004986
2025-05-01T10:30:50.250000,0.010639
2025-05-01T10:30:50.260000,-0.015360
2025-05-01T10:30:50.270000,0.010046
2025-05-01T10:30:50.280000,-0.002936
2025-05-01T10:30:50.290000,0.003283
2025-05-01T10:30:50.300000,-0.017962
2025-05-01T10:30:50.310000,0.006733
2025-05-01T10:30:50.320000,-0.005360
2025-05-01T10:30:50.330000,-0.006652
2025-05-01T10:30:50.340000,0.017810
2025-05-01T10:30:50.350000,-0.016395
2025-05-01T10:30:50.360000,0.012863
2025-05-01T10:30:50.370000,0.013537
2025-05-01T10:30:50.380000,-0.013079
2025-05-01T10:30:50.390000,0.001603
2025-05-01T10:30:50.400000,-0.001122
2025-05-01T10:30:50.410000,0.017108
2025-05-01T10:30:50.420000,-0.002376
2025-05-01T10:30:50.430000,0.005542
2025-05-01T10:30:50.440000,-0.003094
2025-05-01T10:30:50.450000,-0.009693
2025-05-01T10:30:50.460000,-0.015844
2025-05-01T10:30:50.470000,0.003558
2025-05-01T10:30:50.480000,-0.017526
2025-05-01T10:30:50.490000,0.001957
2025-05-01T10:30:50.500000,0.006619
2025-05-01T10:30:50.510000,0.000698
2025-05-01T10:30:50.520000,0.004325
2025-05-01T10:30:50.530000,0.007721
2025-05-01T10:30:50.540000,-0.009048
2025-05-01T10:30:50.550000,-0.022051
2025-05-01T10:30:50.560000,0.010292
2025-05-01T10:30:50.570000,-0.003179
2025-05-01T10:30:50.580000,0.020205
2025-05-01T10:30:50.590000,-0.002773
2025-05-01T10:30:50.600000,0.004439
2025-05-01T10:30:50.610000,0.005391
2025-05-01T10:30:50.620000,-0.005022
2025-05-01T10:30:50.630000,0.000409
2025-05-01T10:30:50.640000,-0.005369
2025-05-01T10:30:50.650000,-0.000622
2025-05-01T10:30:50.660000,-0.005502
2025-05-01T10:30:50.670000,0.005014
2025-05-01T10:30:50.680000,0.008296
2025-05-01T10:30:50.690000,0.004640
2025-05-01T10:30:50.700000,0.027409
2025-05-01T10:30:50.710000,0.021342
2025-05-01T10:30:50.720000,0.005449
2025-05-01T10:30:50.730000,0.020848
2025-05-01T10:30:50.740000,0.018396
2025-05-01T10:30:50.750000,-0.005624
2025-05-01T10:30:50.760000,-0.002310
2025-05-01T10:30:50.770000,0.020477
2025-05-01T10:30:50.780000,-0.011282
2025-05-01T10:30:50.790000,0.012856
2025-05-01T10:30:50.800000,0.004144
2025-05-01T10:30:50.810000,0.000069
2025-05-01T10:30:50.820000,0.000415
2025-05-01T10:30:50.830000,0.001154
2025-05-01T10:30:50.840000,0.005542
2025-05-01T10:30:50.850000,0.005084
2025-05-01T10:30:50.860000,-0.009519
2025-05-01T10:30:50.870000,0.003331
2025-05-01T10:30:50.880000,0.025239
2025-05-01T10:30:50.890000,0.005790
2025-05-01T10:30:50.900000,0.007661
2025-05-01T10:30:50.910000,0.005773
2025-05-01T10:30:50.920000,-0.001689
2025-05-01T10:30:50.930000,-0.017329
2025-05-01T10:30:50.940000,-0.000251
2025-05-01T10:30:50.950000,-0.006404
2025-05-01T10:30:50.960000,-0.018204
2025-05-01T10:30:50.970000,0.011281
2025-05-01T10:30:50.980000,-0.000723
2025-05-01T10:30:50.990000,-0.004946
2025-05-01T10:30:51,-0.011999
2025-05-01T10:30:51.010000,0.005257
2025-05-01T10:30:51.020000,-0.007100
2025-05-01T10:30:51.030000,0.017388
2025-05-01T10:30:51.040000,0.010644
2025-05-01T10:30:51.050000,0.003539
2025-05-01T10:30:51.060000,0.011205
2025-05-01T10:30:51.070000,-0.004145
2025-05-01T10:30:51.080000,-0.024013
2025-05-01T10:30:51.090000,0.010114
2025-05-01T10:30:51.100000,-0.001374
2025-05-01T10:30:51.110000,-0.002095
2025-05-01T10:30:51.120000,-0.013181
2025-05-01T10:30:51.130000,-0.005832
2025-05-01T10:30:51.140000,0.005455
2025-05-01T10:30:51.150000,0.001165
2025-05-01T10:30:51.160000,0.005666
2025-05-01T10:30:51.170000,0.019552
2025-05-01T10:30:51.180000,-0.004257
2025-05-01T10:30:51.190000,0.013755
2025-05-01T10:30:51.200000,-0.008167
2025-05-01T10:30:51.210000,-0.017673
2025-05-01T10:30:51.220000,0.003394
2025-05-01T10:30:51.230000,-0.012770
2025-05-01T10:30:51.240000,-0.002592
2025-05-01T10:30:51.250000,-0.002554
2025-05-01T10:30:51.260000,-0.003612
2025-05-01T10:30:51.270000,0.011728
2025-05-01T10:30:51.280000,0.015999
2025-05-01T10:30:51.290000,-0.005798
2025-05-01T10:30:51.300000,-0.009489
2025-05-01T10:30:51.310000,0.004594
2025-05-01T10:30:51.320000,0.003583
2025-05-01T10:30:51.330000,-0.002724
2025-05-01T10:30:51.340000,-0.005448
2025-05-01T10:30:51.350000,-0.001690
2025-05-01T10:30:51.360000,0.005807
2025-05-01T10:30:51.370000,0.002424
2025-05-01T10:30:51.380000,0.008460
2025-05-01T10:30:51.390000,-0.002187
2025-05-01T10:30:51.400000,-0.003038
2025-05-01T10:30:51.410000,-0.010836
2025-05-01T10:30:51.420000,-0.013262
2025-05-01T10:30:51.430000,-0.000345
2025-05-01T10:30:51.440000,0.000562
2025-05-01T10:30:51.450000,0.015698
2025-05-01T10:30:51.460000,-0.001565
2025-05-01T10:30:51.470000,-0.007187
2025-05-01T10:30:51.480000,-0.011310
2025-05-01T10:30:51.490000,-0.007587
2025-05-01T10:30:51.500000,0.005536
2025-05-01T10:30:51.510000,-0.019102
2025-05-01T10:30:51.520000,0.028339
2025-05-01T10:30:51.530000,-0.004052
2025-05-01T10:30:51.540000,-0.006193
2025-05-01T10:30:51.550000,0.001635
2025-05-01T10:30:51.560000,-0.004657
2025-05-01T10:30:51.570000,0.000062
2025-05-01T10:30:51.580000,-0.005437
2025-05-01T10:30:51.590000,0.002267
2025-05-01T10:30:51.600000,-0.000237
2025-05-01T10:30:51.610000,0.003284
2025-05-01T10:30:51.620000,-0.000138
2025-05-01T10:30:51.630000,-0.004367
2025-05-01T10:30:51.640000,-0.008085
2025-05-01T10:30:51.650000,-0.009826
2025-05-01T10:30:51.660000,-0.026982
2025-05-01T10:30:51.670000,-0.002286
2025-05-01T10:30:51.680000,0.007358
2025-05-01T10:30:51.690000,0.007967
2025-05-01T10:30:51.700000,-0.006054
2025-05-01T10:30:51.710000,-0.006228
2025-05-01T10:30:51.720000,-0.020852
2025-05-01T10:30:51.730000,0.031186
2025-05-01T10:30:51.740000,0.006625
2025-05-01T10:30:51.750000,0.010453
2025-05-01T10:30:51.760000,-0.002044
2025-05-01T10:30:51.770000,0.017404
2025-05-01T10:30:51.780000,0.004654
2025-05-01T10:30:51.790000,0.010677
2025-05-01T10:30:51.800000,-0.009091
2025-05-01T10:30:51.810000,0.000734
2025-05-01T10:30:51.820000,-0.004227
2025-05-01T10:30:51.830000,-0.001042
2025-05-01T10:30:51.840000,-0.000501
2025-05-01T10:30:51.850000,-0.012549
2025-05-01T10:30:51.860000,0.022281
2025-05-01T10:30:51.870000,0.002137
2025-05-01T10:30:51.880000,-0.008129
2025-05-01T10:30:51.890000,-0.001010
2025-05-01T10:30:51.900000,-0.004665
2025-05-01T10:30:51.910000,-0.015008
2025-05-01T10:30:51.920000,0.012471
2025-05-01T10:30:51.930000,0.004615
2025-05-01T10:30:51.940000,0.007502
2025-05-01T10:30:51.950000,0.001527
2025-05-01T10:30:51.960000,-0.008239
2025-05-01T10:30:51.970000,0.010654
2025-05-01T10:30:51.980000,-0.023569
2025-05-01T10:30:51.990000,0.003062
2025-05-01T10:30:52,-0.008617
2025-05-01T10:30:52.010000,-0.009635
2025-05-01T10:30:52.020000,-0.011152
2025-05-01T10:30:52.030000,-0.005623
2025-05-01T10:30:52.040000,-0.010874
2025-05-01T10:30:52.050000,-0.018584
2025-05-01T10:30:52.060000,-0.000049
2025-05-01T10:30:52.070000,0.006757
2025-05-01T10:30:52.080000,-0.018122
2025-05-01T10:30:52.090000,0.011318
2025-05-01T10:30:52.100000,-0.014663
2025-05-01T10:30:52.110000,-0.011392
2025-05-01T10:30:52.120000,-0.002818
2025-05-01T10:30:52.130000,-0.000268
2025-05-01T10:30:52.140000,0.000393
2025-05-01T10:30:52.150000,-0.012366
2025-05-01T10:30:52.160000,0.001331
2025-05-01T10:30:52.170000,0.014698
2025-05-01T10:30:52.180000,-0.000359
2025-05-01T10:30:52.190000,-0.003067
2025-05-01T10:30:52.200000,0.001532
2025-05-01T10:30:52.210000,0.011950
2025-05-01T10:30:52.220000,0.000713
2025-05-01T10:30:52.230000,0.000151
2025-05-01T10:30:52.240000,0.014297
2025-05-01T10:30:52.250000,0.011360
2025-05-01T10:30:52.260000,0.007928
2025-05-01T10:30:52.270000,0.008015
2025-05-01T10:30:52.280000,-0.004340
2025-05-01T10:30:52.290000,0.001690
2025-05-01T10:30:52.300000,-0.006212
2025-05-01T10:30:52.310000,-0.000556
2025-05-01T10:30:52.320000,-0.018112
2025-05-01T10:30:52.330000,-0.005058
2025-05-01T10:30:52.340000,0.002059
2025-05-01T10:30:52.350000,-0.010499
2025-05-01T10:30:52.360000,0.028862
2025-05-01T10:30:52.370000,-0.009690
2025-05-01T10:30:52.380000,-0.006189
2025-05-01T10:30:52.390000,0.000913
2025-05-01T10:30:52.400000,-0.007899
2025-05-01T10:30:52.410000,0.003191
2025-05-01T10:30:52.420000,0.012335
2025-05-01T10:30:52.430000,-0.003004
2025-05-01T10:30:52.440000,-0.010667
2025-05-01T10:30:52.450000,0.000135
2025-05-01T10:30:52.460000,-0.002533
2025-05-01T10:30:52.470000,-0.001593
2025-05-01T10:30:52.480000,0.018702
2025-05-01T10:30:52.490000,-0.009873
2025-05-01T10:30:52.500000,0.000903
2025-05-01T10:30:52.510000,-0.000798
2025-05-01T10:30:52.520000,0.008414
2025-05-01T10:30:52.530000,-0.003006
2025-05-01T10:30:52.540000,0.008333
2025-05-01T10:30:52.550000,0.007900
2025-05-01T10:30:52.560000,-0.005732
2025-05-01T10:30:52.570000,-0.009678
2025-05-01T10:30:52.580000,0.005389
2025-05-01T10:30:52.590000,-0.002328
2025-05-01T10:30:52.600000,-0.011444
2025-05-01T10:30:52.610000,-0.009833
2025-05-01T10:30:52.620000,-0.002758
2025-05-01T10:30:52.630000,-0.002863
2025-05-01T10:30:52.640000,0.003588
2025-05-01T10:30:52.650000,0.009000
2025-05-01T10:30:52.660000,-0.023827
2025-05-01T10:30:52.670000,-0.007976
2025-05-01T10:30:52.680000,0.011477
2025-05-01T10:30:52.690000,0.017503
2025-05-01T10:30:52.700000,0.006745
2025-05-01T10:30:52.710000,0.009935
2025-05-01T10:30:52.720000,0.000852
2025-05-01T10:30:52.730000,0.005395
2025-05-01T10:30:52.740000,-0.003835
2025-05-01T10:30:52.750000,-0.005332
2025-05-01T10:30:52.760000,-0.002431
2025-05-01T10:30:52.770000,-0.001114
2025-05-01T10:30:52.780000,0.012655
2025-05-01T10:30:52.790000,0.012397
2025-05-01T10:30:52.800000,-0.005165
2025-05-01T10:30:52.810000,0.011919
2025-05-01T10:30:52.820000,-0.005486
2025-05-01T10:30:52.830000,-0.001381
2025-05-01T10:30:52.840000,-0.018556
2025-05-01T10:30:52.850000,-0.005334
2025-05-01T10:30:52.860000,0.010107
2025-05-01T10:30:52.870000,-0.001726
2025-05-01T10:30:52.880000,-0.006247
2025-05-01T10:30:52.890000,-0.013482
2025-05-01T10:30:52.900000,0.009092
2025-05-01T10:30:52.910000,-0.024990
2025-05-01T10:30:52.920000,0.001146
2025-05-01T10:30:52.930000,-0.005828
2025-05-01T10:30:52.940000,-0.008664
2025-05-01T10:30:52.950000,0.006610
2025-05-01T10:30:52.960000,0.005004
2025-05-01T10:30:52.970000,0.002875
2025-05-01T10:30:52.980000,-0.006866
2025-05-01T10:30:52.990000,-0.001536
2025-05-01T10:30:53,0.016439
2025-05-01T10:30:53.010000,-0.009165
2025-05-01T10:30:53.020000,0.006647
2025-05-01T10:30:53.030000,0.013793
2025-05-01T10:30:53.040000,0.012940
2025-05-01T10:30:53.050000,0.004925
2025-05-01T10:30:53.060000,0.007742
2025-05-01T10:30:53.070000,0.006865
2025-05-01T10:30:53.080000,-0.008475
2025-05-01T10:30:53.090000,0.002382
2025-05-01T10:30:53.100000,0.017430
2025-05-01T10:30:53.110000,-0.015056
2025-05-01T10:30:53.120000,-0.018368
2025-05-01T10:30:53.130000,-0.003844
2025-05-01T10:30:53.140000,-0.007125
2025-05-01T10:30:53.150000,0.005406
2025-05-01T10:30:53.160000,-0.004423
2025-05-01T10:30:53.170000,0.005413
2025-05-01T10:30:53.180000,-0.001346
2025-05-01T10:30:53.190000,-0.008373
2025-05-01T10:30:53.200000,-0.009024
2025-05-01T10:30:53.210000,0.001311
2025-05-01T10:30:53.220000,0.002067
2025-05-01T10:30:53.230000,-0.010573
2025-05-01T10:30:53.240000,-0.008171
2025-05-01T10:30:53.250000,0.005671
2025-05-01T10:30:53.260000,-0.019339
2025-05-01T10:30:53.270000,0.003097
2025-05-01T10:30:53.280000,-0.025823
2025-05-01T10:30:53.290000,-0.002683
2025-05-01T10:30:53.300000,0.007550
2025-05-01T10:30:53.310000,-0.014539
2025-05-01T10:30:53.320000,-0.009129
2025-05-01T10:30:53.330000,-0.005552
2025-05-01T10:30:53.340000,0.004895
2025-05-01T10:30:53.350000,-0.004589
2025-05-01T10:30:53.360000,-0.003593
2025-05-01T10:30:53.370000,-0.005353
2025-05-01T10:30:53.380000,-0.009001
2025-05-01T10:30:53.390000,-0.013473
2025-05-01T10:30:53.400000,0.012739
2025-05-01T10:30:53.410000,-0.007678
2025-05-01T10:30:53.420000,-0.003326
2025-05-01T10:30:53.430000,-0.005446
2025-05-01T10:30:53.440000,-0.008318
2025-05-01T10:30:53.450000,0.001308
2025-05-01T10:30:53.460000,0.005096
2025-05-01T10:30:53.470000,-0.004273
2025-05-01T10:30:53.480000,-0.020318
2025-05-01T10:30:53.490000,0.001701
2025-05-01T10:30:53.500000,0.001997
2025-05-01T10:30:53.510000,0.012512
2025-05-01T10:30:53.520000,0.004620
2025-05-01T10:30:53.530000,0.027560
2025-05-01T10:30:53.540000,0.001880
2025-05-01T10:30:53.550000,0.002461
2025-05-01T10:30:53.560000,0.000520
2025-05-01T10:30:53.570000,-0.001273
2025-05-01T10:30:53.580000,-0.000190
2025-05-01T10:30:53.590000,-0.014926
2025-05-01T10:30:53.600000,-0.003176
2025-05-01T10:30:53.610000,0.010550
2025-05-01T10:30:53.620000,0.011476
2025-05-01T10:30:53.630000,-0.018504
2025-05-01T10:30:53.640000,-0.010885
2025-05-01T10:30:53.650000,0.003132
2025-05-01T10:30:53.660000,0.020795
2025-05-01T10:30:53.670000,-0.006893
2025-05-01T10:30:53.680000,0.006186
2025-05-01T10:30:53.690000,0.006824
2025-05-01T10:30:53.700000,-0.012521
2025-05-01T10:30:53.710000,-0.003850
2025-05-01T10:30:53.720000,-0.003571
2025-05-01T10:30:53.730000,0.000104
2025-05-01T10:30:53.740000,0.009394
2025-05-01T10:30:53.750000,0.004470
2025-05-01T10:30:53.760000,-0.017242
2025-05-01T10:30:53.770000,0.000272
2025-05-01T10:30:53.780000,0.002778
2025-05-01T10:30:53.790000,0.004797
2025-05-01T10:30:53.800000,0.006569
2025-05-01T10:30:53.810000,0.018412
2025-05-01T10:30:53.820000,0.020014
2025-05-01T10:30:53.830000,-0.003641
2025-05-01T10:30:53.840000,0.003948
2025-05-01T10:30:53.850000,-0.009329
2025-05-01T10:30:53.860000,-0.010670
2025-05-01T10:30:53.870000,0.011687
2025-05-01T10:30:53.880000,0.015235
2025-05-01T10:30:53.890000,0.002386
2025-05-01T10:30:53.900000,0.000988
2025-05-01T10:30:53.910000,-0.006933
2025-05-01T10:30:53.920000,0.017988
2025-05-01T10:30:53.930000,0.002942
2025-05-01T10:30:53.940000,0.004072
2025-05-01T10:30:53.950000,-0.012908
2025-05-01T10:30:53.960000,0.000882
2025-05-01T10:30:53.970000,-0.008963
2025-05-01T10:30:53.980000,-0.012122
2025-05-01T10:30:53.990000,0.003843
2025-05-01T10:30:54,-0.002399
2025-05-01T10:30:54.010000,0.004133
2025-05-01T10:30:54.020000,-0.003341
2025-05-01T10:30:54.030000,0.006511
2025-05-01T10:30:54.040000,-0.003041
2025-05-01T10:30:54.050000,0.003058
2025-05-01T10:30:54.060000,0.002851
2025-05-01T10:30:54.070000,-0.006126
2025-05-01T10:30:54.080000,-0.003128
2025-05-01T10:30:54.090000,-0.015936
2025-05-01T10:30:54.100000,-0.001201
2025-05-01T10:30:54.110000,-0.022457
2025-05-01T10:30:54.120000,0.005738
2025-05-01T10:30:54.130000,0.012639
2025-05-01T10:30:54.140000,0.008757
2025-05-01T10:30:54.150000,-0.000289
2025-05-01T10:30:54.160000,-0.015057
2025-05-01T10:30:54.170000,-0.027219
2025-05-01T10:30:54.180000,-0.004743
2025-05-01T10:30:54.190000,-0.006319
2025-05-01T10:30:54.200000,-0.008042
2025-05-01T10:30:54.210000,0.002146
2025-05-01T10:30:54.220000,-0.002249
2025-05-01T10:30:54.230000,0.009580
2025-05-01T10:30:54.240000,-0.007522
2025-05-01T10:30:54.250000,0.000593
2025-05-01T10:30:54.260000,-0.003701
2025-05-01T10:30:54.270000,-0.003139
2025-05-01T10:30:54.280000,-0.000804
2025-05-01T10:30:54.290000,0.003284
2025-05-01T10:30:54.300000,-0.006984
2025-05-01T10:30:54.310000,-0.002031
2025-05-01T10:30:54.320000,-0.001975
2025-05-01T10:30:54.330000,-0.003897
2025-05-01T10:30:54.340000,0.000747
2025-05-01T10:30:54.350000,0.004917
2025-05-01T10:30:54.360000,-0.012187
2025-05-01T10:30:54.370000,0.006808
2025-05-01T10:30:54.380000,0.014953
2025-05-01T10:30:54.390000,-0.013431
2025-05-01T10:30:54.400000,-0.000734
2025-05-01T10:30:54.410000,-0.014794
2025-05-01T10:30:54.420000,0.005335
2025-05-01T10:30:54.430000,0.015509
2025-05-01T10:30:54.440000,-0.019449
2025-05-01T10:30:54.450000,0.006739
2025-05-01T10:30:54.460000,-0.014967
2025-05-01T10:30:54.470000,0.007568
2025-05-01T10:30:54.480000,-0.014467
2025-05-01T10:30:54.490000,0.010475
2025-05-01T10:30:54.500000,0.007858
2025-05-01T10:30:54.510000,0.003481
2025-05-01T10:30:54.520000,0.007712
2025-05-01T10:30:54.530000,-0.000051
2025-05-01T10:30:54.540000,0.010230
2025-05-01T10:30:54.550000,0.001156
2025-05-01T10:30:54.560000,-0.000074
2025-05-01T10:30:54.570000,0.007329
2025-05-01T10:30:54.580000,-0.024009
2025-05-01T10:30:54.590000,0.003593
2025-05-01T10:30:54.600000,0.006952
2025-05-01T10:30:54.610000,0.016836
2025-05-01T10:30:54.620000,-0.000529
2025-05-01T10:30:54.630000,0.002127
2025-05-01T10:30:54.640000,-0.018267
2025-05-01T10:30:54.650000,0.001655
2025-05-01T10:30:54.660000,-0.015356
2025-05-01T10:30:54.670000,-0.007692
2025-05-01T10:30:54.680000,-0.010529
2025-05-01T10:30:54.690000,0.010477
2025-05-01T10:30:54.700000,0.003497
2025-05-01T10:30:54.710000,-0.000782
2025-05-01T10:30:54.720000,0.021887
2025-05-01T10:30:54.730000,0.005500
2025-05-01T10:30:54.740000,-0.009182
2025-05-01T10:30:54.750000,-0.010435
2025-05-01T10:30:54.760000,0.012519
2025-05-01T10:30:54.770000,-0.003015
2025-05-01T10:30:54.780000,0.007532
2025-05-01T10:30:54.790000,-0.001998
2025-05-01T10:30:54.800000,-0.002118
2025-05-01T10:30:54.810000,0.006340
2025-05-01T10:30:54.820000,-0.002059
2025-05-01T10:30:54.830000,0.005262
2025-05-01T10:30:54.840000,0.002434
2025-05-01T10:30:54.850000,-0.016359
2025-05-01T10:30:54.860000,-0.009516
2025-05-01T10:30:54.870000,0.004431
2025-05-01T10:30:54.880000,-0.010582
2025-05-01T10:30:54.890000,-0.001784
2025-05-01T10:30:54.900000,-0.002422
2025-05-01T10:30:54.910000,0.013979
2025-05-01T10:30:54.920000,-0.011736
2025-05-01T10:30:54.930000,-0.004331
2025-05-01T10:30:54.940000,-0.010692
2025-05-01T10:30:54.950000,0.001421
2025-05-01T10:30:54.960000,0.006053
2025-05-01T10:30:54.970000,0.007151
2025-05-01T10:30:54.980000,-0.000741
2025-05-01T10:30:54.990000,-0.017721
2025-05-01T10:30:55,0.012388
2025-05-01T10:30:55.010000,0.004699
2025-05-01T10:30:55.020000,-0.005071
2025-05-01T10:30:55.030000,-0.017705
2025-05-01T10:30:55.040000,-0.001890
2025-05-01T10:30:55.050000,-0.004498
2025-05-01T10:30:55.060000,-0.001377
2025-05-01T10:30:55.070000,0.007328
2025-05-01T10:30:55.080000,-0.009668
2025-05-01T10:30:55.090000,0.006420
2025-05-01T10:30:55.100000,0.003291
2025-05-01T10:30:55.110000,-0.010302
2025-05-01T10:30:55.120000,0.005369
2025-05-01T10:30:55.130000,-0.011268
2025-05-01T10:30:55.140000,-0.006012
2025-05-01T10:30:55.150000,0.010644
2025-05-01T10:30:55.160000,0.002985
2025-05-01T10:30:55.170000,-0.014649
2025-05-01T10:30:55.180000,-0.003027
2025-05-01T10:30:55.190000,-0.013189
2025-05-01T10:30:55.200000,0.002492
2025-05-01T10:30:55.210000,-0.001398
2025-05-01T10:30:55.220000,0.015444
2025-05-01T10:30:55.230000,-0.003890
2025-05-01T10:30:55.240000,-0.000185
2025-05-01T10:30:55.250000,0.002039
2025-05-01T10:30:55.260000,-0.014435
2025-05-01T10:30:55.270000,0.010010
2025-05-01T10:30:55.280000,0.010447
2025-05-01T10:30:55.290000,-0.009512
2025-05-01T10:30:55.300000,0.003545
2025-05-01T10:30:55.310000,-0.011126
2025-05-01T10:30:55.320000,0.015591
2025-05-01T10:30:55.330000,-0.016683
2025-05-01T10:30:55.340000,-0.007297
2025-05-01T10:30:55.350000,0.007905
2025-05-01T10:30:55.360000,0.001190
2025-05-01T10:30:55.370000,0.006723
2025-05-01T10:30:55.380000,-0.006184
2025-05-01T10:30:55.390000,0.019347
2025-05-01T10:30:55.400000,0.007415
2025-05-01T10:30:55.410000,0.001638
2025-05-01T10:30:55.420000,0.016735
2025-05-01T10:30:55.430000,0.002700
2025-05-01T10:30:55.440000,-0.009873
2025-05-01T10:30:55.450000,-0.001576
2025-05-01T10:30:55.460000,0.006605
2025-05-01T10:30:55.470000,0.008866
2025-05-01T10:30:55.480000,0.005718
2025-05-01T10:30:55.490000,-0.008477
2025-05-01T10:30:55.500000,0.010888
2025-05-01T10:30:55.510000,-0.001192
2025-05-01T10:30:55.520000,0.005859
2025-05-01T10:30:55.530000,0.011072
2025-05-01T10:30:55.540000,0.004596
2025-05-01T10:30:55.550000,-0.000352
2025-05-01T10:30:55.560000,0.001462
2025-05-01T10:30:55.570000,0.005711
2025-05-01T10:30:55.580000,0.016379
2025-05-01T10:30:55.590000,0.001765
2025-05-01T10:30:55.600000,0.003544
2025-05-01T10:30:55.610000,0.014414
2025-05-01T10:30:55.620000,0.003358
2025-05-01T10:30:55.630000,0.004845
2025-05-01T10:30:55.640000,-0.007991
2025-05-01T10:30:55.650000,-0.002614
2025-05-01T10:30:55.660000,-0.005198
2025-05-01T10:30:55.670000,0.006171
2025-05-01T10:30:55.680000,-0.008239
2025-05-01T10:30:55.690000,-0.001964
2025-05-01T10:30:55.700000,0.006024
2025-05-01T10:30:55.710000,0.000356
2025-05-01T10:30:55.720000,0.017061
2025-05-01T10:30:55.730000,0.005246
2025-05-01T10:30:55.740000,0.013935
2025-05-01T10:30:55.750000,-0.003294
2025-05-01T10:30:55.760000,0.004254
2025-05-01T10:30:55.770000,-0.016298
2025-05-01T10:30:55.780000,-0.005341
2025-05-01T10:30:55.790000,-0.007947
2025-05-01T10:30:55.800000,-0.003770
2025-05-01T10:30:55.810000,-0.002933
2025-05-01T10:30:55.820000,-0.000713
2025-05-01T10:30:55.830000,-0.008725
2025-05-01T10:30:55.840000,0.010955
2025-05-01T10:30:55.850000,-0.001386
2025-05-01T10:30:55.860000,0.023273
2025-05-01T10:30:55.870000,0.011061
2025-05-01T10:30:55.880000,-0.002079
2025-05-01T10:30:55.890000,0.021014
2025-05-01T10:30:55.900000,0.012434
2025-05-01T10:30:55.910000,-0.008760
2025-05-01T10:30:55.920000,0.001922
2025-05-01T10:30:55.930000,-0.007577
2025-05-01T10:30:55.940000,-0.019319
2025-05-01T10:30:55.950000,0.011139
2025-05-01T10:30:55.960000,0.003482
2025-05-01T10:30:55.970000,-0.011018
2025-05-01T10:30:55.980000,-0.004469
2025-05-01T10:30:55.990000,0.001023
2025-05-01T10:30:56,0.013296
2025-05-01T10:30:56.010000,-0.005753
2025-05-01T10:30:56.020000,-0.006901
2025-05-01T10:30:56.030000,-0.007772
2025-05-01T10:30:56.040000,-0.003495
2025-05-01T10:30:56.050000,-0.000216
2025-05-01T10:30:56.060000,0.003381
2025-05-01T10:30:56.070000,0.005501
2025-05-01T10:30:56.080000,0.010250
2025-05-01T10:30:56.090000,-0.013688
2025-05-01T10:30:56.100000,0.013519
2025-05-01T10:30:56.110000,0.006879
2025-05-01T10:30:56.120000,0.011291
2025-05-01T10:30:56.130000,0.005480
2025-05-01T10:30:56.140000,-0.007752
2025-05-01T10:30:56.150000,-0.010222
2025-05-01T10:30:56.160000,-0.009947
2025-05-01T10:30:56.170000,0.015322
2025-05-01T10:30:56.180000,0.004798
2025-05-01T10:30:56.190000,-0.012558
2025-05-01T10:30:56.200000,-0.003591
2025-05-01T10:30:56.210000,0.007340
2025-05-01T10:30:56.220000,-0.027051
2025-05-01T10:30:56.230000,0.020125
2025-05-01T10:30:56.240000,0.004066
2025-05-01T10:30:56.250000,-0.022378
2025-05-01T10:30:56.260000,-0.005966
2025-05-01T10:30:56.270000,0.002995
2025-05-01T10:30:56.280000,0.003416
2025-05-01T10:30:56.290000,-0.005698
2025-05-01T10:30:56.300000,-0.008250
2025-05-01T10:30:56.310000,0.008456
2025-05-01T10:30:56.320000,-0.001444
2025-05-01T10:30:56.330000,-0.006120
2025-05-01T10:30:56.340000,0.002810
2025-05-01T10:30:56.350000,0.009842
2025-05-01T10:30:56.360000,-0.012326
2025-05-01T10:30:56.370000,-0.005749
2025-05-01T10:30:56.380000,-0.013513
2025-05-01T10:30:56.390000,-0.017728
2025-05-01T10:30:56.400000,-0.007905
2025-05-01T10:30:56.410000,0.009508
2025-05-01T10:30:56.420000,0.013839
2025-05-01T10:30:56.430000,-0.001044
2025-05-01T10:30:56.440000,-0.005163
2025-05-01T10:30:56.450000,-0.014958
2025-05-01T10:30:56.460000,0.000303
2025-05-01T10:30:56.470000,-0.004398
2025-05-01T10:30:56.480000,-0.006086
2025-05-01T10:30:56.490000,0.007478
2025-05-01T10:30:56.500000,0.010753
2025-05-01T10:30:56.510000,0.020480
2025-05-01T10:30:56.520000,0.005987
2025-05-01T10:30:56.530000,0.010804
2025-05-01T10:30:56.540000,-0.007525
2025-05-01T10:30:56.550000,0.005224
2025-05-01T10:30:56.560000,-0.018015
2025-05-01T10:30:56.570000,-0.000876
2025-05-01T10:30:56.580000,0.013273
2025-05-01T10:30:56.590000,-0.008472
2025-05-01T10:30:56.600000,-0.002692
2025-05-01T10:30:56.610000,0.010134
2025-05-01T10:30:56.620000,-0.015444
2025-05-01T10:30:56.630000,-0.030150
2025-05-01T10:30:56.640000,-0.005477
2025-05-01T10:30:56.650000,0.010332
2025-05-01T10:30:56.660000,0.003223
2025-05-01T10:30:56.670000,-0.001881
2025-05-01T10:30:56.680000,0.017572
2025-05-01T10:30:56.690000,0.002997
2025-05-01T10:30:56.700000,-0.008394
2025-05-01T10:30:56.710000,0.000412
2025-05-01T10:30:56.720000,-0.002200
2025-05-01T10:30:56.730000,0.005683
2025-05-01T10:30:56.740000,-0.003436
2025-05-01T10:30:56.750000,0.009514
2025-05-01T10:30:56.760000,-0.017476
2025-05-01T10:30:56.770000,-0.022070
2025-05-01T10:30:56.780000,-0.015786
2025-05-01T10:30:56.790000,0.012299
2025-05-01T10:30:56.800000,-0.000968
2025-05-01T10:30:56.810000,0.013995
2025-05-01T10:30:56.820000,0.022287
2025-05-01T10:30:56.830000,0.021494
2025-05-01T10:30:56.840000,0.005447
2025-05-01T10:30:56.850000,0.003076
2025-05-01T10:30:56.860000,-0.007039
2025-05-01T10:30:56.870000,0.019892
2025-05-01T10:30:56.880000,-0.016913
2025-05-01T10:30:56.890000,0.000802
2025-05-01T10:30:56.900000,0.002446
2025-05-01T10:30:56.910000,0.004688
2025-05-01T10:30:56.920000,0.018068
2025-05-01T10:30:56.930000,-0.009294
2025-05-01T10:30:56.940000,0.003107
2025-05-01T10:30:56.950000,0.001256
2025-05-01T10:30:56.960000,0.000438
2025-05-01T10:30:56.970000,-0.002727
2025-05-01T10:30:56.980000,-0.010550
2025-05-01T10:30:56.990000,0.022941
2025-05-01T10:30:57,0.002316
2025-05-01T10:30:57.010000,-0.001263
2025-05-01T10:30:57.020000,-0.003974
2025-05-01T10:30:57.030000,0.013720
2025-05-01T10:30:57.040000,-0.022890
2025-05-01T10:30:57.050000,0.011672
2025-05-01T10:30:57.060000,0.000231
2025-05-01T10:30:57.070000,0.001396
2025-05-01T10:30:57.080000,0.000154
2025-05-01T10:30:57.090000,0.002806
2025-05-01T10:30:57.100000,-0.002039
2025-05-01T10:30:57.110000,-0.002554
2025-05-01T10:30:57.120000,-0.008606
2025-05-01T10:30:57.130000,0.014419
2025-05-01T10:30:57.140000,-0.013316
2025-05-01T10:30:57.150000,-0.000454
2025-05-01T10:30:57.160000,0.009324
2025-05-01T10:30:57.170000,-0.013758
2025-05-01T10:30:57.180000,0.002323
2025-05-01T10:30:57.190000,-0.001464
2025-05-01T10:30:57.200000,-0.004937
2025-05-01T10:30:57.210000,0.009711
2025-05-01T10:30:57.220000,0.015811
2025-05-01T10:30:57.230000,0.000789
2025-05-01T10:30:57.240000,0.002975
2025-05-01T10:30:57.250000,0.005487
2025-05-01T10:30:57.260000,-0.012833
2025-05-01T10:30:57.270000,-0.000799
2025-05-01T10:30:57.280000,0.003478
2025-05-01T10:30:57.290000,0.009021
2025-05-01T10:30:57.300000,0.015196
2025-05-01T10:30:57.310000,0.005930
2025-05-01T10:30:57.320000,0.010533
2025-05-01T10:30:57.330000,-0.000416
2025-05-01T10:30:57.340000,-0.000867
2025-05-01T10:30:57.350000,0.011978
2025-05-01T10:30:57.360000,-0.014664
2025-05-01T10:30:57.370000,-0.007473
2025-05-01T10:30:57.380000,-0.008419
2025-05-01T10:30:57.390000,-0.008268
2025-05-01T10:30:57.400000,-0.006547
2025-05-01T10:30:57.410000,-0.002820
2025-05-01T10:30:57.420000,-0.013771
2025-05-01T10:30:57.430000,0.003483
2025-05-01T10:30:57.440000,-0.020965
2025-05-01T10:30:57.450000,-0.019442
2025-05-01T10:30:57.460000,-0.000759
2025-05-01T10:30:57.470000,0.007901
2025-05-01T10:30:57.480000,-0.011451
2025-05-01T10:30:57.490000,-0.004505
2025-05-01T10:30:57.500000,0.005199
2025-05-01T10:30:57.510000,0.002831
2025-05-01T10:30:57.520000,0.003747
2025-05-01T10:30:57.530000,0.002514
2025-05-01T10:30:57.540000,0.009412
2025-05-01T10:30:57.550000,-0.004180
2025-05-01T10:30:57.560000,-0.008179
2025-05-01T10:30:57.570000,-0.000171
2025-05-01T10:30:57.580000,-0.011673
2025-05-01T10:30:57.590000,-0.013367
2025-05-01T10:30:57.600000,0.004064
2025-05-01T10:30:57.610000,-0.019031
2025-05-01T10:30:57.620000,0.007708
2025-05-01T10:30:57.630000,0.011441
2025-05-01T10:30:57.640000,-0.011173
2025-05-01T10:30:57.650000,0.002936
2025-05-01T10:30:57.660000,0.008413
2025-05-01T10:30:57.670000,-0.001783
2025-05-01T10:30:57.680000,0.000417
2025-05-01T10:30:57.690000,-0.005202
2025-05-01T10:30:57.700000,0.000652
2025-05-01T10:30:57.710000,-0.002730
2025-05-01T10:30:57.720000,0.006922
2025-05-01T10:30:57.730000,0.002690
2025-05-01T10:30:57.740000,0.009940
2025-05-01T10:30:57.750000,-0.013737
2025-05-01T10:30:57.760000,0.006447
2025-05-01T10:30:57.770000,0.018674
2025-05-01T10:30:57.780000,0.002894
2025-05-01T10:30:57.790000,-0.010641
2025-05-01T10:30:57.800000,0.017840
2025-05-01T10:30:57.810000,0.000036
2025-05-01T10:30:57.820000,-0.019129
2025-05-01T10:30:57.830000,0.002795
2025-05-01T10:30:57.840000,-0.020701
2025-05-01T10:30:57.850000,0.002798
2025-05-01T10:30:57.860000,-0.013430
2025-05-01T10:30:57.870000,0.001465
2025-05-01T10:30:57.880000,-0.019877
2025-05-01T10:30:57.890000,-0.000752
2025-05-01T10:30:57.900000,0.012997
2025-05-01T10:30:57.910000,0.009604
2025-05-01T10:30:57.920000,-0.025401
2025-05-01T10:30:57.930000,0.008413
2025-05-01T10:30:57.940000,-0.000693
2025-05-01T10:30:57.950000,0.015298
2025-05-01T10:30:57.960000,-0.013439
2025-05-01T10:30:57.970000,-0.004594
2025-05-01T10:30:57.980000,0.012377
2025-05-01T10:30:57.990000,-0.008547
2025-05-01T10:30:58,0.004103
2025-05-01T10:30:58.010000,0.004947
2025-05-01T10:30:58.020000,-0.013426
2025-05-01T10:30:58.030000,0.000964
2025-05-01T10:30:58.040000,-0.011868
2025-05-01T10:30:58.050000,0.012527
2025-05-01T10:30:58.060000,0.007536
2025-05-01T10:30:58.070000,0.013138
2025-05-01T10:30:58.080000,-0.007652
2025-05-01T10:30:58.090000,-0.024078
2025-05-01T10:30:58.100000,0.003614
2025-05-01T10:30:58.110000,-0.001767
2025-05-01T10:30:58.120000,0.009615
2025-05-01T10:30:58.130000,0.010001
2025-05-01T10:30:58.140000,0.000745
2025-05-01T10:30:58.150000,-0.011249
2025-05-01T10:30:58.160000,0.002244
2025-05-01T10:30:58.170000,-0.014644
2025-05-01T10:30:58.180000,0.007455
2025-05-01T10:30:58.190000,0.001866
2025-05-01T10:30:58.200000,0.017930
2025-05-01T10:30:58.210000,-0.004121
2025-05-01T10:30:58.220000,0.003075
2025-05-01T10:30:58.230000,0.020190
2025-05-01T10:30:58.240000,0.006598
2025-05-01T10:30:58.250000,0.009374
2025-05-01T10:30:58.260000,0.012812
2025-05-01T10:30:58.270000,0.000705
2025-05-01T10:30:58.280000,0.011746
2025-05-01T10:30:58.290000,0.000596
2025-05-01T10:30:58.300000,-0.003524
2025-05-01T10:30:58.310000,0.000621
2025-05-01T10:30:58.320000,-0.010884
2025-05-01T10:30:58.330000,-0.008922
2025-05-01T10:30:58.340000,0.003398
2025-05-01T10:30:58.350000,0.014967
2025-05-01T10:30:58.360000,-0.019527
2025-05-01T10:30:58.370000,-0.014180
2025-05-01T10:30:58.380000,-0.001683
2025-05-01T10:30:58.390000,-0.004979
2025-05-01T10:30:58.400000,0.000327
2025-05-01T10:30:58.410000,0.006860
2025-05-01T10:30:58.420000,0.009073
2025-05-01T10:30:58.430000,0.004964
2025-05-01T10:30:58.440000,-0.004838
2025-05-01T10:30:58.450000,-0.004047
2025-05-01T10:30:58.460000,-0.001575
2025-05-01T10:30:58.470000,0.002185
2025-05-01T10:30:58.480000,0.013921
2025-05-01T10:30:58.490000,0.013571
2025-05-01T10:30:58.500000,-0.018122
2025-05-01T10:30:58.510000,0.003073
2025-05-01T10:30:58.520000,-0.008287
2025-05-01T10:30:58.530000,-0.016964
2025-05-01T10:30:58.540000,-0.007531
2025-05-01T10:30:58.550000,-0.009871
2025-05-01T10:30:58.560000,0.006425
2025-05-01T10:30:58.570000,-0.004019
2025-05-01T10:30:58.580000,0.008953
2025-05-01T10:30:58.590000,-0.008876
2025-05-01T10:30:58.600000,0.009395
2025-05-01T10:30:58.610000,-0.015377
2025-05-01T10:30:58.620000,-0.001184
2025-05-01T10:30:58.630000,0.009758
2025-05-01T10:30:58.640000,-0.010480
2025-05-01T10:30:58.650000,0.020850
2025-05-01T10:30:58.660000,-0.008972
2025-05-01T10:30:58.670000,0.015228
2025-05-01T10:30:58.680000,-0.016567
2025-05-01T10:30:58.690000,0.002482
2025-05-01T10:30:58.700000,0.004913
2025-05-01T10:30:58.710000,-0.008796
2025-05-01T10:30:58.720000,-0.002532
2025-05-01T10:30:58.730000,0.015955
2025-05-01T10:30:58.740000,-0.011148
2025-05-01T10:30:58.750000,-0.002601
2025-05-01T10:30:58.760000,0.011206
2025-05-01T10:30:58.770000,0.002527
2025-05-01T10:30:58.780000,-0.000904
2025-05-01T10:30:58.790000,0.001981
2025-05-01T10:30:58.800000,-0.004076
2025-05-01T10:30:58.810000,0.015827
2025-05-01T10:30:58.820000,-0.000121
2025-05-01T10:30:58.830000,-0.007150
2025-05-01T10:30:58.840000,0.004462
2025-05-01T10:30:58.850000,-0.015007
2025-05-01T10:30:58.860000,0.004357
2025-05-01T10:30:58.870000,0.019270
2025-05-01T10:30:58.880000,-0.010497
2025-05-01T10:30:58.890000,-0.006798
2025-05-01T10:30:58.900000,-0.006844
2025-05-01T10:30:58.910000,0.001679
2025-05-01T10:30:58.920000,0.002783
2025-05-01T10:30:58.930000,0.019079
2025-05-01T10:30:58.940000,0.004837
2025-05-01T10:30:58.950000,0.011587
2025-05-01T10:30:58.960000,0.003127
2025-05-01T10:30:58.970000,0.005422
2025-05-01T10:30:58.980000,0.002353
2025-05-01T10:30:58.990000,-0.002283
2025-05-01T10:30:59,-0.007310
2025-05-01T10:30:59.010000,-0.002203
2025-05-01T10:30:59.020000,0.006760
2025-05-01T10:30:59.030000,0.015379
2025-05-01T10:30:59.040000,0.004172
2025-05-01T10:30:59.050000,-0.004408
2025-05-01T10:30:59.060000,0.011127
2025-05-01T10:30:59.070000,0.007075
2025-05-01T10:30:59.080000,-0.008902
2025-05-01T10:30:59.090000,-0.002309
2025-05-01T10:30:59.100000,-0.001484
2025-05-01T10:30:59.110000,-0.001364
2025-05-01T10:30:59.120000,-0.015546
2025-05-01T10:30:59.130000,0.006214
2025-05-01T10:30:59.140000,0.009595
2025-05-01T10:30:59.150000,0.007340
2025-05-01T10:30:59.160000,0.000014
2025-05-01T10:30:59.170000,-0.005906
2025-05-01T10:30:59.180000,-0.003486
2025-05-01T10:30:59.190000,-0.004623
2025-05-01T10:30:59.200000,-0.004784
2025-05-01T10:30:59.210000,-0.007848
2025-05-01T10:30:59.220000,-0.007657
2025-05-01T10:30:59.230000,0.011119
2025-05-01T10:30:59.240000,-0.015915
2025-05-01T10:30:59.250000,0.013335
2025-05-01T10:30:59.260000,-0.008942
2025-05-01T10:30:59.270000,0.001524
2025-05-01T10:30:59.280000,0.006491
2025-05-01T10:30:59.290000,-0.006562
2025-05-01T10:30:59.300000,-0.008837
2025-05-01T10:30:59.310000,0.007852
2025-05-01T10:30:59.320000,-0.017761
2025-05-01T10:30:59.330000,-0.008983
2025-05-01T10:30:59.340000,0.002753
2025-05-01T10:30:59.350000,-0.013843
2025-05-01T10:30:59.360000,0.004514
2025-05-01T10:30:59.370000,0.001252
2025-05-01T10:30:59.380000,-0.007588
2025-05-01T10:30:59.390000,-0.006525
2025-05-01T10:30:59.400000,-0.005816
2025-05-01T10:30:59.410000,-0.014267
2025-05-01T10:30:59.420000,-0.005322
2025-05-01T10:30:59.430000,-0.008966
2025-05-01T10:30:59.440000,0.014714
2025-05-01T10:30:59.450000,-0.004235
2025-05-01T10:30:59.460000,0.006829
2025-05-01T10:30:59.470000,-0.000116
2025-05-01T10:30:59.480000,0.003139
2025-05-01T10:30:59.490000,0.000218
2025-05-01T10:30:59.500000,0.013490
2025-05-01T10:30:59.510000,0.011548
2025-05-01T10:30:59.520000,0.016793
2025-05-01T10:30:59.530000,0.003643
2025-05-01T10:30:59.540000,-0.002244
2025-05-01T10:30:59.550000,-0.011580
2025-05-01T10:30:59.560000,-0.011997
2025-05-01T10:30:59.570000,0.006470
2025-05-01T10:30:59.580000,-0.000780
2025-05-01T10:30:59.590000,0.010577
2025-05-01T10:30:59.600000,0.025912
2025-05-01T10:30:59.610000,0.003538
2025-05-01T10:30:59.620000,-0.003487
2025-05-01T10:30:59.630000,-0.005491
2025-05-01T10:30:59.640000,0.007222
2025-05-01T10:30:59.650000,-0.004518
2025-05-01T10:30:59.660000,0.002942
2025-05-01T10:30:59.670000,0.000801
2025-05-01T10:30:59.680000,-0.010848
2025-05-01T10:30:59.690000,-0.003229
2025-05-01T10:30:59.700000,-0.009079
2025-05-01T10:30:59.710000,-0.000826
2025-05-01T10:30:59.720000,0.000874
2025-05-01T10:30:59.730000,-0.002071
2025-05-01T10:30:59.740000,-0.008552
2025-05-01T10:30:59.750000,0.004656
2025-05-01T10:30:59.760000,-0.001164
2025-05-01T10:30:59.770000,-0.007856
2025-05-01T10:30:59.780000,0.003409
2025-05-01T10:30:59.790000,-0.014121
2025-05-01T10:30:59.800000,0.012107
2025-05-01T10:30:59.810000,0.000097
2025-05-01T10:30:59.820000,0.036684
2025-05-01T10:30:59.830000,-0.002628
2025-05-01T10:30:59.840000,-0.002103
2025-05-01T10:30:59.850000,0.003401
2025-05-01T10:30:59.860000,0.001166
2025-05-01T10:30:59.870000,-0.004013
2025-05-01T10:30:59.880000,0.012731
2025-05-01T10:30:59.890000,0.015741
2025-05-01T10:30:59.900000,-0.004133
2025-05-01T10:30:59.910000,0.005355
2025-05-01T10:30:59.920000,-0.004848
2025-05-01T10:30:59.930000,-0.004937
2025-05-01T10:30:59.940000,0.000350
2025-05-01T10:30:59.950000,-0.015070
2025-05-01T10:30:59.960000,0.013437
2025-05-01T10:30:59.970000,0.000654
2025-05-01T10:30:59.980000,-0.012046
2025-05-01T10:30:59.990000,0.006243
2025-05-01T10:31:00,0.021644
2025-05-01T10:31:00.010000,0.004371
2025-05-01T10:31:00.020000,-0.006013
2025-05-01T10:31:00.030000,-0.006807
2025-05-01T10:31:00.040000,-0.020277
2025-05-01T10:31:00.050000,0.013474
2025-05-01T10:31:00.060000,-0.013801
2025-05-01T10:31:00.070000,0.015160
2025-05-01T10:31:00.080000,-0.005188
2025-05-01T10:31:00.090000,0.002361
2025-05-01T10:31:00.100000,-0.013508
2025-05-01T10:31:00.110000,0.000125
2025-05-01T10:31:00.120000,-0.002841
2025-05-01T10:31:00.130000,-0.020147
2025-05-01T10:31:00.140000,-0.007735
2025-05-01T10:31:00.150000,-0.000093
2025-05-01T10:31:00.160000,0.011230
2025-05-01T10:31:00.170000,-0.013759
2025-05-01T10:31:00.180000,0.008217
2025-05-01T10:31:00.190000,-0.007912
2025-05-01T10:31:00.200000,0.015474
2025-05-01T10:31:00.210000,0.005947
2025-05-01T10:31:00.220000,-0.001093
2025-05-01T10:31:00.230000,0.003517
2025-05-01T10:31:00.240000,-0.006988
2025-05-01T10:31:00.250000,0.000672
2025-05-01T10:31:00.260000,0.006938
2025-05-01T10:31:00.270000,-0.008442
2025-05-01T10:31:00.280000,0.006112
2025-05-01T10:31:00.290000,0.016346
2025-05-01T10:31:00.300000,-0.016919
2025-05-01T10:31:00.310000,-0.002851
2025-05-01T10:31:00.320000,0.000087
2025-05-01T10:31:00.330000,-0.001374
2025-05-01T10:31:00.340000,-0.004697
2025-05-01T10:31:00.350000,-0.012640
2025-05-01T10:31:00.360000,-0.009562
2025-05-01T10:31:00.370000,-0.011897
2025-05-01T10:31:00.380000,-0.004152
2025-05-01T10:31:00.390000,0.007118
2025-05-01T10:31:00.400000,-0.000702
2025-05-01T10:31:00.410000,-0.009825
2025-05-01T10:31:00.420000,-0.020174
2025-05-01T10:31:00.430000,0.004539
2025-05-01T10:31:00.440000,-0.004698
2025-05-01T10:31:00.450000,0.008318
2025-05-01T10:31:00.460000,-0.001062
2025-05-01T10:31:00.470000,-0.007616
2025-05-01T10:31:00.480000,0.011691
2025-05-01T10:31:00.490000,0.003670
2025-05-01T10:31:00.500000,-0.011148
2025-05-01T10:31:00.510000,0.010785
2025-05-01T10:31:00.520000,0.008221
2025-05-01T10:31:00.530000,0.001617
2025-05-01T10:31:00.540000,0.020539
2025-05-01T10:31:00.550000,-0.009502
2025-05-01T10:31:00.560000,0.014659
2025-05-01T10:31:00.570000,0.008931
2025-05-01T10:31:00.580000,-0.010217
2025-05-01T10:31:00.590000,0.007846
2025-05-01T10:31:00.600000,-0.006006
2025-05-01T10:31:00.610000,-0.007895
2025-05-01T10:31:00.620000,0.009514
2025-05-01T10:31:00.630000,-0.000183
2025-05-01T10:31:00.640000,0.000586
2025-05-01T10:31:00.650000,-0.010090
2025-05-01T10:31:00.660000,0.008076
2025-05-01T10:31:00.670000,-0.000921
2025-05-01T10:31:00.680000,0.008600
2025-05-01T10:31:00.690000,-0.001210
2025-05-01T10:31:00.700000,-0.013762
2025-05-01T10:31:00.710000,-0.009049
2025-05-01T10:31:00.720000,-0.005977
2025-05-01T10:31:00.730000,-0.004316
2025-05-01T10:31:00.740000,0.017380
2025-05-01T10:31:00.750000,0.004493
2025-05-01T10:31:00.760000,-0.003155
2025-05-01T10:31:00.770000,-0.006848
2025-05-01T10:31:00.780000,0.016623
2025-05-01T10:31:00.790000,-0.030619
2025-05-01T10:31:00.800000,0.002825
2025-05-01T10:31:00.810000,-0.008372
2025-05-01T10:31:00.820000,-0.015422
2025-05-01T10:31:00.830000,-0.000394
2025-05-01T10:31:00.840000,0.006363
2025-05-01T10:31:00.850000,0.015555
2025-05-01T10:31:00.860000,0.003956
2025-05-01T10:31:00.870000,0.003669
2025-05-01T10:31:00.880000,0.008663
2025-05-01T10:31:00.890000,0.003862
2025-05-01T10:31:00.900000,0.000684
2025-05-01T10:31:00.910000,0.010119
2025-05-01T10:31:00.920000,0.015102
2025-05-01T10:31:00.930000,-0.002791
2025-05-01T10:31:00.940000,0.002113
2025-05-01T10:31:00.950000,0.009685
2025-05-01T10:31:00.960000,0.000030
2025-05-01T10:31:00.970000,-0.006073
2025-05-01T10:31:00.980000,0.008906
2025-05-01T10:31:00.990000,-0.005043
2025-05-01T10:31:01,-0.006393
2025-05-01T10:31:01.010000,-0.018870
2025-05-01T10:31:01.020000,-0.014133
2025-05-01T10:31:01.030000,0.008712
2025-05-01T10:31:01.040000,0.004636
2025-05-01T10:31:01.050000,-0.007864
2025-05-01T10:31:01.060000,-0.004518
2025-05-01T10:31:01.070000,-0.000562
2025-05-01T10:31:01.080000,0.023427
2025-05-01T10:31:01.090000,-0.001905
2025-05-01T10:31:01.100000,-0.011756
2025-05-01T10:31:01.110000,0.010804
2025-05-01T10:31:01.120000,0.006229
2025-05-01T10:31:01.130000,0.007791
2025-05-01T10:31:01.140000,0.001759
2025-05-01T10:31:01.150000,-0.005398
2025-05-01T10:31:01.160000,0.010615
2025-05-01T10:31:01.170000,-0.009978
2025-05-01T10:31:01.180000,0.006120
2025-05-01T10:31:01.190000,0.022512
2025-05-01T10:31:01.200000,-0.003699
2025-05-01T10:31:01.210000,-0.002340
2025-05-01T10:31:01.220000,-0.010317
2025-05-01T10:31:01.230000,0.005603
2025-05-01T10:31:01.240000,-0.007856
2025-05-01T10:31:01.250000,0.010060
2025-05-01T10:31:01.260000,-0.000294
2025-05-01T10:31:01.270000,0.001601
2025-05-01T10:31:01.280000,-0.001972
2025-05-01T10:31:01.290000,-0.019762
2025-05-01T10:31:01.300000,0.012935
2025-05-01T10:31:01.310000,-0.001164
2025-05-01T10:31:01.320000,0.002914
2025-05-01T10:31:01.330000,0.016443
2025-05-01T10:31:01.340000,-0.002909
2025-05-01T10:31:01.350000,0.002194
2025-05-01T10:31:01.360000,0.008665
2025-05-01T10:31:01.370000,0.008363
2025-05-01T10:31:01.380000,-0.009490
2025-05-01T10:31:01.390000,0.000731
2025-05-01T10:31:01.400000,0.019786
2025-05-01T10:31:01.410000,0.003438
2025-05-01T10:31:01.420000,-0.008662
2025-05-01T10:31:01.430000,0.003341
2025-05-01T10:31:01.440000,0.006926
2025-05-01T10:31:01.450000,-0.003039
2025-05-01T10:31:01.460000,0.015958
2025-05-01T10:31:01.470000,0.006369
2025-05-01T10:31:01.480000,-0.008550
2025-05-01T10:31:01.490000,-0.002642
2025-05-01T10:31:01.500000,-0.014306
2025-05-01T10:31:01.510000,-0.004811
2025-05-01T10:31:01.520000,-0.014427
2025-05-01T10:31:01.530000,-0.002304
2025-05-01T10:31:01.540000,-0.001592
2025-05-01T10:31:01.550000,0.001197
2025-05-01T10:31:01.560000,0.004358
2025-05-01T10:31:01.570000,-0.009856
2025-05-01T10:31:01.580000,-0.003081
2025-05-01T10:31:01.590000,0.003230
2025-05-01T10:31:01.600000,-0.006608
2025-05-01T10:31:01.610000,0.016419
2025-05-01T10:31:01.620000,0.010337
2025-05-01T10:31:01.630000,0.001760
2025-05-01T10:31:01.640000,0.023237
2025-05-01T10:31:01.650000,0.011417
2025-05-01T10:31:01.660000,0.010498
2025-05-01T10:31:01.670000,-0.005314
2025-05-01T10:31:01.680000,-0.009486
2025-05-01T10:31:01.690000,0.006580
2025-05-01T10:31:01.700000,0.003376
2025-05-01T10:31:01.710000,-0.008059
2025-05-01T10:31:01.720000,0.002275
2025-05-01T10:31:01.730000,0.006697
2025-05-01T10:31:01.740000,0.000599
2025-05-01T10:31:01.750000,0.002702
2025-05-01T10:31:01.760000,0.010276
2025-05-01T10:31:01.770000,-0.012669
2025-05-01T10:31:01.780000,-0.005798
2025-05-01T10:31:01.790000,0.003662
2025-05-01T10:31:01.800000,0.000573
2025-05-01T10:31:01.810000,-0.001938
2025-05-01T10:31:01.820000,-0.005086
2025-05-01T10:31:01.830000,-0.005896
2025-05-01T10:31:01.840000,-0.008373
2025-05-01T10:31:01.850000,-0.010250
2025-05-01T10:31:01.860000,-0.014578
2025-05-01T10:31:01.870000,0.013362
2025-05-01T10:31:01.880000,0.002061
2025-05-01T10:31:01.890000,0.024537
2025-05-01T10:31:01.900000,0.007456
2025-05-01T10:31:01.910000,-0.018960
2025-05-01T10:31:01.920000,-0.006759
2025-05-01T10:31:01.930000,-0.011621
2025-05-01T10:31:01.940000,0.004068
2025-05-01T10:31:01.950000,0.009510
2025-05-01T10:31:01.960000,-0.013048
2025-05-01T10:31:01.970000,-0.000769
2025-05-01T10:31:01.980000,0.007301
2025-05-01T10:31:01.990000,0.002912
2025-05-01T10:31:02,-0.021948
2025-05-01T10:31:02.010000,-0.017091
2025-05-01T10:31:02.020000,0.011802
2025-05-01T10:31:02.030000,-0.004523
2025-05-01T10:31:02.040000,-0.006195
2025-05-01T10:31:02.050000,-0.009932
2025-05-01T10:31:02.060000,0.001010
2025-05-01T10:31:02.070000,-0.027051
2025-05-01T10:31:02.080000,-0.003120
2025-05-01T10:31:02.090000,-0.009620
2025-05-01T10:31:02.100000,0.010390
2025-05-01T10:31:02.110000,0.007178
2025-05-01T10:31:02.120000,0.010718
2025-05-01T10:31:02.130000,-0.001020
2025-05-01T10:31:02.140000,0.002251
2025-05-01T10:31:02.150000,0.017964
2025-05-01T10:31:02.160000,0.002380
2025-05-01T10:31:02.170000,0.008383
2025-05-01T10:31:02.180000,-0.009708
2025-05-01T10:31:02.190000,-0.002339
2025-05-01T10:31:02.200000,0.015056
2025-05-01T10:31:02.210000,0.000916
2025-05-01T10:31:02.220000,-0.012615
2025-05-01T10:31:02.230000,0.010889
2025-05-01T10:31:02.240000,-0.004127
2025-05-01T10:31:02.250000,-0.013392
2025-05-01T10:31:02.260000,0.000596
2025-05-01T10:31:02.270000,0.005451
2025-05-01T10:31:02.280000,-0.005155
2025-05-01T10:31:02.290000,0.005791
2025-05-01T10:31:02.300000,-0.012355
2025-05-01T10:31:02.310000,0.006786
2025-05-01T10:31:02.320000,0.009156
2025-05-01T10:31:02.330000,0.003116
2025-05-01T10:31:02.340000,-0.000143
2025-05-01T10:31:02.350000,0.002884
2025-05-01T10:31:02.360000,-0.008951
2025-05-01T10:31:02.370000,0.008480
2025-05-01T10:31:02.380000,-0.007732
2025-05-01T10:31:02.390000,-0.000702
2025-05-01T10:31:02.400000,0.002863
2025-05-01T10:31:02.410000,0.020595
2025-05-01T10:31:02.420000,0.014496
2025-05-01T10:31:02.430000,-0.016645
2025-05-01T10:31:02.440000,-0.019838
2025-05-01T10:31:02.450000,0.012956
2025-05-01T10:31:02.460000,0.009818
2025-05-01T10:31:02.470000,-0.012915
2025-05-01T10:31:02.480000,-0.005362
2025-05-01T10:31:02.490000,0.007211
2025-05-01T10:31:02.500000,0.006669
2025-05-01T10:31:02.510000,0.002851
2025-05-01T10:31:02.520000,0.015281
2025-05-01T10:31:02.530000,0.011939
2025-05-01T10:31:02.540000,-0.003174
2025-05-01T10:31:02.550000,0.017485
2025-05-01T10:31:02.560000,-0.015006
2025-05-01T10:31:02.570000,-0.022696
2025-05-01T10:31:02.580000,0.001810
2025-05-01T10:31:02.590000,-0.000452
2025-05-01T10:31:02.600000,-0.014547
2025-05-01T10:31:02.610000,0.003064
2025-05-01T10:31:02.620000,0.001589
2025-05-01T10:31:02.630000,0.013094
2025-05-01T10:31:02.640000,-0.007061
2025-05-01T10:31:02.650000,-0.028754
2025-05-01T10:31:02.660000,0.008649
2025-05-01T10:31:02.670000,0.003860
2025-05-01T10:31:02.680000,0.003562
2025-05-01T10:31:02.690000,0.000067
2025-05-01T10:31:02.700000,0.006864
2025-05-01T10:31:02.710000,0.009956
2025-05-01T10:31:02.720000,0.007769
2025-05-01T10:31:02.730000,-0.005010
2025-05-01T10:31:02.740000,0.010320
2025-05-01T10:31:02.750000,-0.005385
2025-05-01T10:31:02.760000,-0.007246
2025-05-01T10:31:02.770000,0.009337
2025-05-01T10:31:02.780000,-0.012157
2025-05-01T10:31:02.790000,0.009209
2025-05-01T10:31:02.800000,-0.002285
2025-05-01T10:31:02.810000,0.001161
2025-05-01T10:31:02.820000,0.000993
2025-05-01T10:31:02.830000,0.001501
2025-05-01T10:31:02.840000,-0.000785
2025-05-01T10:31:02.850000,0.001757
2025-05-01T10:31:02.860000,-0.007334
2025-05-01T10:31:02.870000,0.002955
2025-05-01T10:31:02.880000,0.017345
2025-05-01T10:31:02.890000,-0.014482
2025-05-01T10:31:02.900000,-0.007289
2025-05-01T10:31:02.910000,0.001640
2025-05-01T10:31:02.920000,-0.003429
2025-05-01T10:31:02.930000,-0.011900
2025-05-01T10:31:02.940000,0.003210
2025-05-01T10:31:02.950000,-0.013895
2025-05-01T10:31:02.960000,-0.001262
2025-05-01T10:31:02.970000,-0.004456
2025-05-01T10:31:02.980000,-0.012344
2025-05-01T10:31:02.990000,0.003598
2025-05-01T10:31:03,0.000868
2025-05-01T10:31:03.010000,-0.002903
2025-05-01T10:31:03.020000,0.001663
2025-05-01T10:31:03.030000,-0.006453
2025-05-01T10:31:03.040000,0.002329
2025-05-01T10:31:03.050000,-0.017120
2025-05-01T10:31:03.060000,0.010685
2025-05-01T10:31:03.070000,-0.002631
2025-05-01T10:31:03.080000,0.012310
2025-05-01T10:31:03.090000,0.024741
2025-05-01T10:31:03.100000,0.000265
2025-05-01T10:31:03.110000,-0.014132
2025-05-01T10:31:03.120000,-0.010976
2025-05-01T10:31:03.130000,0.020227
2025-05-01T10:31:03.140000,0.002876
2025-05-01T10:31:03.150000,-0.004739
2025-05-01T10:31:03.160000,-0.005644
2025-05-01T10:31:03.170000,0.015232
2025-05-01T10:31:03.180000,-0.005803
2025-05-01T10:31:03.190000,-0.003833
2025-05-01T10:31:03.200000,0.020091
2025-05-01T10:31:03.210000,0.011438
2025-05-01T10:31:03.220000,-0.009896
2025-05-01T10:31:03.230000,-0.001011
2025-05-01T10:31:03.240000,0.005310
2025-05-01T10:31:03.250000,-0.003240
2025-05-01T10:31:03.260000,-0.013217
2025-05-01T10:31:03.270000,0.009790
2025-05-01T10:31:03.280000,0.006848
2025-05-01T10:31:03.290000,-0.017249
2025-05-01T10:31:03.300000,0.003093
2025-05-01T10:31:03.310000,-0.000189
2025-05-01T10:31:03.320000,-0.018664
2025-05-01T10:31:03.330000,0.004390
2025-05-01T10:31:03.340000,-0.008441
2025-05-01T10:31:03.350000,0.016591
2025-05-01T10:31:03.360000,-0.019300
2025-05-01T10:31:03.370000,-0.017300
2025-05-01T10:31:03.380000,0.018191
2025-05-01T10:31:03.390000,0.000788
2025-05-01T10:31:03.400000,0.007454
2025-05-01T10:31:03.410000,0.003487
2025-05-01T10:31:03.420000,-0.006446
2025-05-01T10:31:03.430000,0.006547
2025-05-01T10:31:03.440000,0.008005
2025-05-01T10:31:03.450000,-0.002761
2025-05-01T10:31:03.460000,-0.006156
2025-05-01T10:31:03.470000,0.019444
2025-05-01T10:31:03.480000,0.004846
2025-05-01T10:31:03.490000,-0.004874
2025-05-01T10:31:03.500000,-0.000839
2025-05-01T10:31:03.510000,0.004471
2025-05-01T10:31:03.520000,-0.001384
2025-05-01T10:31:03.530000,0.001986
2025-05-01T10:31:03.540000,-0.000185
2025-05-01T10:31:03.550000,0.003592
2025-05-01T10:31:03.560000,0.011282
2025-05-01T10:31:03.570000,-0.005211
2025-05-01T10:31:03.580000,-0.013838
2025-05-01T10:31:03.590000,-0.000125
2025-05-01T10:31:03.600000,0.005849
2025-05-01T10:31:03.610000,0.021355
2025-05-01T10:31:03.620000,0.006998
2025-05-01T10:31:03.630000,-0.002015
2025-05-01T10:31:03.640000,-0.000577
2025-05-01T10:31:03.650000,-0.002616
2025-05-01T10:31:03.660000,0.007881
2025-05-01T10:31:03.670000,-0.003892
2025-05-01T10:31:03.680000,-0.009731
2025-05-01T10:31:03.690000,0.007530
2025-05-01T10:31:03.700000,-0.011460
2025-05-01T10:31:03.710000,-0.014701
2025-05-01T10:31:03.720000,-0.009660
2025-05-01T10:31:03.730000,0.015188
2025-05-01T10:31:03.740000,-0.000813
2025-05-01T10:31:03.750000,-0.001133
2025-05-01T10:31:03.760000,0.002167
2025-05-01T10:31:03.770000,0.004793
2025-05-01T10:31:03.780000,-0.015116
2025-05-01T10:31:03.790000,0.007787
2025-05-01T10:31:03.800000,0.003467
2025-05-01T10:31:03.810000,-0.007592
2025-05-01T10:31:03.820000,0.005342
2025-05-01T10:31:03.830000,0.012166
2025-05-01T10:31:03.840000,0.026657
2025-05-01T10:31:03.850000,-0.017593
2025-05-01T10:31:03.860000,0.013187
2025-05-01T10:31:03.870000,0.010704
2025-05-01T10:31:03.880000,0.011935
2025-05-01T10:31:03.890000,0.002917
2025-05-01T10:31:03.900000,-0.004985
2025-05-01T10:31:03.910000,-0.002890
2025-05-01T10:31:03.920000,-0.001127
2025-05-01T10:31:03.930000,0.015637
2025-05-01T10:31:03.940000,0.002783
2025-05-01T10:31:03.950000,-0.010818
2025-05-01T10:31:03.960000,-0.001202
2025-05-01T10:31:03.970000,-0.002270
2025-05-01T10:31:03.980000,-0.009021
2025-05-01T10:31:03.990000,0.001913
2025-05-01T10:31:04,-0.010087
2025-05-01T10:31:04.010000,-0.013584
2025-05-01T10:31:04.020000,0.003591
2025-05-01T10:31:04.030000,0.005963
2025-05-01T10:31:04.040000,-0.008863
2025-05-01T10:31:04.050000,0.006883
2025-05-01T10:31:04.060000,-0.012384
2025-05-01T10:31:04.070000,0.003713
2025-05-01T10:31:04.080000,-0.008502
2025-05-01T10:31:04.090000,-0.011298
2025-05-01T10:31:04.100000,0.006039
2025-05-01T10:31:04.110000,-0.013671
2025-05-01T10:31:04.120000,0.003903
2025-05-01T10:31:04.130000,-0.003813
2025-05-01T10:31:04.140000,0.006396
2025-05-01T10:31:04.150000,0.008496
2025-05-01T10:31:04.160000,0.002143
2025-05-01T10:31:04.170000,-0.000141
2025-05-01T10:31:04.180000,0.004003
2025-05-01T10:31:04.190000,0.016781
2025-05-01T10:31:04.200000,0.017526
2025-05-01T10:31:04.210000,0.000002
2025-05-01T10:31:04.220000,-0.002988
2025-05-01T10:31:04.230000,0.004155
2025-05-01T10:31:04.240000,0.010344
2025-05-01T10:31:04.250000,0.010573
2025-05-01T10:31:04.260000,-0.009777
2025-05-01T10:31:04.270000,0.014370
2025-05-01T10:31:04.280000,-0.009982
2025-05-01T10:31:04.290000,0.001421
2025-05-01T10:31:04.300000,0.007116
2025-05-01T10:31:04.310000,-0.003550
2025-05-01T10:31:04.320000,0.000720
2025-05-01T10:31:04.330000,-0.003914
2025-05-01T10:31:04.340000,0.007321
2025-05-01T10:31:04.350000,0.004812
2025-05-01T10:31:04.360000,-0.008004
2025-05-01T10:31:04.370000,0.015425
2025-05-01T10:31:04.380000,-0.003702
2025-05-01T10:31:04.390000,-0.020529
2025-05-01T10:31:04.400000,-0.006324
2025-05-01T10:31:04.410000,-0.012461
2025-05-01T10:31:04.420000,-0.009790
2025-05-01T10:31:04.430000,-0.010378
2025-05-01T10:31:04.440000,-0.005876
2025-05-01T10:31:04.450000,0.012327
2025-05-01T10:31:04.460000,-0.014364
2025-05-01T10:31:04.470000,0.011215
2025-05-01T10:31:04.480000,-0.000326
2025-05-01T10:31:04.490000,-0.007423
2025-05-01T10:31:04.500000,-0.012612
2025-05-01T10:31:04.510000,0.005734
2025-05-01T10:31:04.520000,0.016691
2025-05-01T10:31:04.530000,0.016419
2025-05-01T10:31:04.540000,-0.002895
2025-05-01T10:31:04.550000,-0.007163
2025-05-01T10:31:04.560000,0.000073
2025-05-01T10:31:04.570000,-0.011267
2025-05-01T10:31:04.580000,0.007829
2025-05-01T10:31:04.590000,0.001436
2025-05-01T10:31:04.600000,0.006121
2025-05-01T10:31:04.610000,0.005634
2025-05-01T10:31:04.620000,0.010565
2025-05-01T10:31:04.630000,0.011213
2025-05-01T10:31:04.640000,0.009264
2025-05-01T10:31:04.650000,-0.005763
2025-05-01T10:31:04.660000,-0.005110
2025-05-01T10:31:04.670000,0.009614
2025-05-01T10:31:04.680000,0.014348
2025-05-01T10:31:04.690000,-0.003179
2025-05-01T10:31:04.700000,-0.007321
2025-05-01T10:31:04.710000,-0.008516
2025-05-01T10:31:04.720000,0.003968
2025-05-01T10:31:04.730000,0.014708
2025-05-01T10:31:04.740000,-0.009269
2025-05-01T10:31:04.750000,0.003698
2025-05-01T10:31:04.760000,0.001898
2025-05-01T10:31:04.770000,-0.006137
2025-05-01T10:31:04.780000,-0.006742
2025-05-01T10:31:04.790000,0.015285
2025-05-01T10:31:04.800000,-0.013090
2025-05-01T10:31:04.810000,-0.001819
2025-05-01T10:31:04.820000,0.006785
2025-05-01T10:31:04.830000,-0.023175
2025-05-01T10:31:04.840000,0.001846
2025-05-01T10:31:04.850000,-0.008861
2025-05-01T10:31:04.860000,0.020582
2025-05-01T10:31:04.870000,-0.003448
2025-05-01T10:31:04.880000,-0.005932
2025-05-01T10:31:04.890000,-0.007285
2025-05-01T10:31:04.900000,-0.010442
2025-05-01T10:31:04.910000,-0.007277
2025-05-01T10:31:04.920000,-0.006317
2025-05-01T10:31:04.930000,-0.004716
2025-05-01T10:31:04.940000,-0.001278
2025-05-01T10:31:04.950000,-0.015482
2025-05-01T10:31:04.960000,0.003610
2025-05-01T10:31:04.970000,0.001312
2025-05-01T10:31:04.980000,0.000142
2025-05-01T10:31:04.990000,0.000622
