time,data
2025-05-01T10:29:25,0.001815
2025-05-01T10:29:25.010000,0.008102
2025-05-01T10:29:25.020000,0.007536
2025-05-01T10:29:25.030000,-0.020824
2025-05-01T10:29:25.040000,0.013920
2025-05-01T10:29:25.050000,0.016455
2025-05-01T10:29:25.060000,-0.002988
2025-05-01T10:29:25.070000,0.009949
2025-05-01T10:29:25.080000,0.008688
2025-05-01T10:29:25.090000,-0.003269
2025-05-01T10:29:25.100000,0.005556
2025-05-01T10:29:25.110000,-0.016536
2025-05-01T10:29:25.120000,-0.015273
2025-05-01T10:29:25.130000,-0.005854
2025-05-01T10:29:25.140000,0.012996
2025-05-01T10:29:25.150000,-0.008443
2025-05-01T10:29:25.160000,0.015059
2025-05-01T10:29:25.170000,-0.000374
2025-05-01T10:29:25.180000,-0.000844
2025-05-01T10:29:25.190000,0.000833
2025-05-01T10:29:25.200000,0.007807
2025-05-01T10:29:25.210000,0.011011
2025-05-01T10:29:25.220000,-0.020934
2025-05-01T10:29:25.230000,0.005067
2025-05-01T10:29:25.240000,0.021419
2025-05-01T10:29:25.250000,0.005753
2025-05-01T10:29:25.260000,0.003433
2025-05-01T10:29:25.270000,-0.004309
2025-05-01T10:29:25.280000,-0.010508
2025-05-01T10:29:25.290000,-0.017960
2025-05-01T10:29:25.300000,-0.014186
2025-05-01T10:29:25.310000,0.010330
2025-05-01T10:29:25.320000,-0.000780
2025-05-01T10:29:25.330000,0.001852
2025-05-01T10:29:25.340000,0.001956
2025-05-01T10:29:25.350000,-0.007705
2025-05-01T10:29:25.360000,-0.006922
2025-05-01T10:29:25.370000,0.013934
2025-05-01T10:29:25.380000,-0.007799
2025-05-01T10:29:25.390000,0.002555
2025-05-01T10:29:25.400000,-0.011172
2025-05-01T10:29:25.410000,-0.018589
2025-05-01T10:29:25.420000,0.009323
2025-05-01T10:29:25.430000,0.007599
2025-05-01T10:29:25.440000,-0.011713
2025-05-01T10:29:25.450000,0.013305
2025-05-01T10:29:25.460000,-0.009998
2025-05-01T10:29:25.470000,0.004846
2025-05-01T10:29:25.480000,-0.007942
2025-05-01T10:29:25.490000,0.002548
2025-05-01T10:29:25.500000,-0.010546
2025-05-01T10:29:25.510000,0.000603
2025-05-01T10:29:25.520000,-0.003373
2025-05-01T10:29:25.530000,0.011942
2025-05-01T10:29:25.540000,-0.003690
2025-05-01T10:29:25.550000,0.009355
2025-05-01T10:29:25.560000,0.016400
2025-05-01T10:29:25.570000,-0.002917
2025-05-01T10:29:25.580000,0.008435
2025-05-01T10:29:25.590000,0.004633
2025-05-01T10:29:25.600000,-0.013190
2025-05-01T10:29:25.610000,-0.005926
2025-05-01T10:29:25.620000,-0.009207
2025-05-01T10:29:25.630000,-0.019826
2025-05-01T10:29:25.640000,-0.007147
2025-05-01T10:29:25.650000,-0.006207
2025-05-01T10:29:25.660000,-0.023611
2025-05-01T10:29:25.670000,-0.018393
2025-05-01T10:29:25.680000,-0.010544
2025-05-01T10:29:25.690000,-0.001027
2025-05-01T10:29:25.700000,0.015058
2025-05-01T10:29:25.710000,-0.000264
2025-05-01T10:29:25.720000,0.005577
2025-05-01T10:29:25.730000,-0.001128
2025-05-01T10:29:25.740000,0.010345
2025-05-01T10:29:25.750000,0.007237
2025-05-01T10:29:25.760000,0.012710
2025-05-01T10:29:25.770000,0.002875
2025-05-01T10:29:25.780000,-0.006828
2025-05-01T10:29:25.790000,-0.013557
2025-05-01T10:29:25.800000,0.001182
2025-05-01T10:29:25.810000,0.001826
2025-05-01T10:29:25.820000,-0.000537
2025-05-01T10:29:25.830000,-0.009430
2025-05-01T10:29:25.840000,0.001429
2025-05-01T10:29:25.850000,-0.009801
2025-05-01T10:29:25.860000,0.006388
2025-05-01T10:29:25.870000,0.002650
2025-05-01T10:29:25.880000,0.006084
2025-05-01T10:29:25.890000,-0.008216
2025-05-01T10:29:25.900000,0.016571
2025-05-01T10:29:25.910000,0.005758
2025-05-01T10:29:25.920000,-0.006596
2025-05-01T10:29:25.930000,-0.001576
2025-05-01T10:29:25.940000,0.006825
2025-05-01T10:29:25.950000,0.007314
2025-05-01T10:29:25.960000,0.015450
2025-05-01T10:29:25.970000,0.000499
2025-05-01T10:29:25.980000,-0.005578
2025-05-01T10:29:25.990000,0.000219
2025-05-01T10:29:26,-0.008035
2025-05-01T10:29:26.010000,-0.006364
2025-05-01T10:29:26.020000,0.000377
2025-05-01T10:29:26.030000,0.023594
2025-05-01T10:29:26.040000,-0.024430
2025-05-01T10:29:26.050000,0.012413
2025-05-01T10:29:26.060000,0.014057
2025-05-01T10:29:26.070000,-0.000307
2025-05-01T10:29:26.080000,-0.002023
2025-05-01T10:29:26.090000,0.004522
2025-05-01T10:29:26.100000,0.001870
2025-05-01T10:29:26.110000,-0.013357
2025-05-01T10:29:26.120000,0.007067
2025-05-01T10:29:26.130000,0.002529
2025-05-01T10:29:26.140000,-0.015998
2025-05-01T10:29:26.150000,-0.002136
2025-05-01T10:29:26.160000,0.007635
2025-05-01T10:29:26.170000,0.006380
2025-05-01T10:29:26.180000,-0.013103
2025-05-01T10:29:26.190000,-0.009515
2025-05-01T10:29:26.200000,-0.002096
2025-05-01T10:29:26.210000,-0.015898
2025-05-01T10:29:26.220000,-0.012058
2025-05-01T10:29:26.230000,-0.015997
2025-05-01T10:29:26.240000,0.016767
2025-05-01T10:29:26.250000,0.008157
2025-05-01T10:29:26.260000,0.000609
2025-05-01T10:29:26.270000,-0.003325
2025-05-01T10:29:26.280000,0.005001
2025-05-01T10:29:26.290000,-0.005044
2025-05-01T10:29:26.300000,0.004263
2025-05-01T10:29:26.310000,0.003325
2025-05-01T10:29:26.320000,-0.000914
2025-05-01T10:29:26.330000,-0.004792
2025-05-01T10:29:26.340000,0.009577
2025-05-01T10:29:26.350000,-0.017238
2025-05-01T10:29:26.360000,-0.001669
2025-05-01T10:29:26.370000,-0.001398
2025-05-01T10:29:26.380000,-0.009430
2025-05-01T10:29:26.390000,0.005139
2025-05-01T10:29:26.400000,-0.015392
2025-05-01T10:29:26.410000,-0.003207
2025-05-01T10:29:26.420000,0.004665
2025-05-01T10:29:26.430000,0.002163
2025-05-01T10:29:26.440000,-0.007656
2025-05-01T10:29:26.450000,-0.009718
2025-05-01T10:29:26.460000,0.003707
2025-05-01T10:29:26.470000,0.000536
2025-05-01T10:29:26.480000,-0.000078
2025-05-01T10:29:26.490000,-0.000301
2025-05-01T10:29:26.500000,0.000304
2025-05-01T10:29:26.510000,0.012865
2025-05-01T10:29:26.520000,-0.000803
2025-05-01T10:29:26.530000,0.006679
2025-05-01T10:29:26.540000,-0.000585
2025-05-01T10:29:26.550000,-0.008741
2025-05-01T10:29:26.560000,0.007503
2025-05-01T10:29:26.570000,-0.000555
2025-05-01T10:29:26.580000,-0.011242
2025-05-01T10:29:26.590000,0.012522
2025-05-01T10:29:26.600000,0.001017
2025-05-01T10:29:26.610000,-0.009645
2025-05-01T10:29:26.620000,0.006679
2025-05-01T10:29:26.630000,0.000454
2025-05-01T10:29:26.640000,0.011597
2025-05-01T10:29:26.650000,0.012307
2025-05-01T10:29:26.660000,0.015950
2025-05-01T10:29:26.670000,-0.008572
2025-05-01T10:29:26.680000,-0.014886
2025-05-01T10:29:26.690000,0.001732
2025-05-01T10:29:26.700000,-0.002149
2025-05-01T10:29:26.710000,-0.003011
2025-05-01T10:29:26.720000,0.014073
2025-05-01T10:29:26.730000,-0.015929
2025-05-01T10:29:26.740000,0.000416
2025-05-01T10:29:26.750000,-0.001285
2025-05-01T10:29:26.760000,0.007070
2025-05-01T10:29:26.770000,-0.014781
2025-05-01T10:29:26.780000,0.000655
2025-05-01T10:29:26.790000,-0.013382
2025-05-01T10:29:26.800000,-0.000074
2025-05-01T10:29:26.810000,-0.000301
2025-05-01T10:29:26.820000,-0.002734
2025-05-01T10:29:26.830000,0.014714
2025-05-01T10:29:26.840000,-0.006455
2025-05-01T10:29:26.850000,0.008220
2025-05-01T10:29:26.860000,-0.008210
2025-05-01T10:29:26.870000,0.003414
2025-05-01T10:29:26.880000,-0.002528
2025-05-01T10:29:26.890000,-0.008493
2025-05-01T10:29:26.900000,-0.005103
2025-05-01T10:29:26.910000,-0.000177
2025-05-01T10:29:26.920000,0.007323
2025-05-01T10:29:26.930000,0.008692
2025-05-01T10:29:26.940000,0.007390
2025-05-01T10:29:26.950000,0.012444
2025-05-01T10:29:26.960000,-0.002703
2025-05-01T10:29:26.970000,-0.009621
2025-05-01T10:29:26.980000,0.007045
2025-05-01T10:29:26.990000,0.014840
2025-05-01T10:29:27,-0.005246
2025-05-01T10:29:27.010000,0.006433
2025-05-01T10:29:27.020000,0.019904
2025-05-01T10:29:27.030000,0.017276
2025-05-01T10:29:27.040000,0.011935
2025-05-01T10:29:27.050000,-0.005653
2025-05-01T10:29:27.060000,0.018686
2025-05-01T10:29:27.070000,0.000366
2025-05-01T10:29:27.080000,0.002746
2025-05-01T10:29:27.090000,-0.014308
2025-05-01T10:29:27.100000,-0.015563
2025-05-01T10:29:27.110000,0.010798
2025-05-01T10:29:27.120000,-0.021649
2025-05-01T10:29:27.130000,0.000135
2025-05-01T10:29:27.140000,0.002619
2025-05-01T10:29:27.150000,-0.002975
2025-05-01T10:29:27.160000,-0.003170
2025-05-01T10:29:27.170000,-0.008444
2025-05-01T10:29:27.180000,0.000262
2025-05-01T10:29:27.190000,0.011139
2025-05-01T10:29:27.200000,0.002825
2025-05-01T10:29:27.210000,0.006174
2025-05-01T10:29:27.220000,-0.006193
2025-05-01T10:29:27.230000,-0.009985
2025-05-01T10:29:27.240000,-0.010423
2025-05-01T10:29:27.250000,0.014718
2025-05-01T10:29:27.260000,-0.003147
2025-05-01T10:29:27.270000,0.010947
2025-05-01T10:29:27.280000,-0.011680
2025-05-01T10:29:27.290000,0.003306
2025-05-01T10:29:27.300000,-0.024359
2025-05-01T10:29:27.310000,0.008632
2025-05-01T10:29:27.320000,-0.003431
2025-05-01T10:29:27.330000,0.009978
2025-05-01T10:29:27.340000,0.005429
2025-05-01T10:29:27.350000,0.001939
2025-05-01T10:29:27.360000,-0.001816
2025-05-01T10:29:27.370000,0.005597
2025-05-01T10:29:27.380000,-0.003987
2025-05-01T10:29:27.390000,0.005113
2025-05-01T10:29:27.400000,-0.007584
2025-05-01T10:29:27.410000,0.007889
2025-05-01T10:29:27.420000,-0.001038
2025-05-01T10:29:27.430000,-0.015291
2025-05-01T10:29:27.440000,0.017140
2025-05-01T10:29:27.450000,-0.009841
2025-05-01T10:29:27.460000,-0.002330
2025-05-01T10:29:27.470000,-0.017720
2025-05-01T10:29:27.480000,0.006396
2025-05-01T10:29:27.490000,0.012107
2025-05-01T10:29:27.500000,-0.005519
2025-05-01T10:29:27.510000,0.007284
2025-05-01T10:29:27.520000,0.000346
2025-05-01T10:29:27.530000,0.009019
2025-05-01T10:29:27.540000,-0.006111
2025-05-01T10:29:27.550000,-0.010591
2025-05-01T10:29:27.560000,0.009673
2025-05-01T10:29:27.570000,-0.000359
2025-05-01T10:29:27.580000,0.006207
2025-05-01T10:29:27.590000,0.012562
2025-05-01T10:29:27.600000,-0.004476
2025-05-01T10:29:27.610000,-0.003084
2025-05-01T10:29:27.620000,-0.006063
2025-05-01T10:29:27.630000,-0.004527
2025-05-01T10:29:27.640000,-0.020366
2025-05-01T10:29:27.650000,0.003454
2025-05-01T10:29:27.660000,0.007244
2025-05-01T10:29:27.670000,-0.007713
2025-05-01T10:29:27.680000,0.007945
2025-05-01T10:29:27.690000,-0.003405
2025-05-01T10:29:27.700000,-0.011278
2025-05-01T10:29:27.710000,-0.010550
2025-05-01T10:29:27.720000,-0.009462
2025-05-01T10:29:27.730000,0.000765
2025-05-01T10:29:27.740000,0.000573
2025-05-01T10:29:27.750000,0.009865
2025-05-01T10:29:27.760000,0.004888
2025-05-01T10:29:27.770000,-0.002921
2025-05-01T10:29:27.780000,-0.000578
2025-05-01T10:29:27.790000,0.006462
2025-05-01T10:29:27.800000,-0.011147
2025-05-01T10:29:27.810000,-0.001911
2025-05-01T10:29:27.820000,0.002923
2025-05-01T10:29:27.830000,0.007615
2025-05-01T10:29:27.840000,-0.001878
2025-05-01T10:29:27.850000,0.010447
2025-05-01T10:29:27.860000,0.001196
2025-05-01T10:29:27.870000,-0.002488
2025-05-01T10:29:27.880000,0.009135
2025-05-01T10:29:27.890000,-0.005383
2025-05-01T10:29:27.900000,-0.000265
2025-05-01T10:29:27.910000,0.009694
2025-05-01T10:29:27.920000,0.002610
2025-05-01T10:29:27.930000,0.004724
2025-05-01T10:29:27.940000,-0.010819
2025-05-01T10:29:27.950000,0.010285
2025-05-01T10:29:27.960000,0.010064
2025-05-01T10:29:27.970000,-0.008737
2025-05-01T10:29:27.980000,-0.003236
2025-05-01T10:29:27.990000,-0.006471
2025-05-01T10:29:28,0.018484
2025-05-01T10:29:28.010000,-0.001218
2025-05-01T10:29:28.020000,-0.005529
2025-05-01T10:29:28.030000,-0.002963
2025-05-01T10:29:28.040000,0.009228
2025-05-01T10:29:28.050000,-0.000180
2025-05-01T10:29:28.060000,-0.001039
2025-05-01T10:29:28.070000,0.008087
2025-05-01T10:29:28.080000,-0.001828
2025-05-01T10:29:28.090000,-0.003419
2025-05-01T10:29:28.100000,-0.009868
2025-05-01T10:29:28.110000,0.015263
2025-05-01T10:29:28.120000,0.005631
2025-05-01T10:29:28.130000,-0.004712
2025-05-01T10:29:28.140000,-0.023312
2025-05-01T10:29:28.150000,-0.002429
2025-05-01T10:29:28.160000,0.004246
2025-05-01T10:29:28.170000,-0.001876
2025-05-01T10:29:28.180000,0.008122
2025-05-01T10:29:28.190000,0.016298
2025-05-01T10:29:28.200000,-0.009524
2025-05-01T10:29:28.210000,0.006081
2025-05-01T10:29:28.220000,0.017368
2025-05-01T10:29:28.230000,-0.008253
2025-05-01T10:29:28.240000,-0.014767
2025-05-01T10:29:28.250000,0.004678
2025-05-01T10:29:28.260000,0.010648
2025-05-01T10:29:28.270000,-0.007408
2025-05-01T10:29:28.280000,0.022566
2025-05-01T10:29:28.290000,-0.003185
2025-05-01T10:29:28.300000,-0.006378
2025-05-01T10:29:28.310000,0.013861
2025-05-01T10:29:28.320000,0.001360
2025-05-01T10:29:28.330000,-0.002366
2025-05-01T10:29:28.340000,0.005180
2025-05-01T10:29:28.350000,-0.016957
2025-05-01T10:29:28.360000,0.004745
2025-05-01T10:29:28.370000,0.001198
2025-05-01T10:29:28.380000,-0.017535
2025-05-01T10:29:28.390000,-0.007934
2025-05-01T10:29:28.400000,-0.016215
2025-05-01T10:29:28.410000,-0.010980
2025-05-01T10:29:28.420000,-0.013387
2025-05-01T10:29:28.430000,-0.006279
2025-05-01T10:29:28.440000,-0.006961
2025-05-01T10:29:28.450000,0.008908
2025-05-01T10:29:28.460000,-0.017075
2025-05-01T10:29:28.470000,0.016646
2025-05-01T10:29:28.480000,0.009474
2025-05-01T10:29:28.490000,0.016886
2025-05-01T10:29:28.500000,0.004169
2025-05-01T10:29:28.510000,0.022305
2025-05-01T10:29:28.520000,-0.011637
2025-05-01T10:29:28.530000,-0.001834
2025-05-01T10:29:28.540000,-0.007298
2025-05-01T10:29:28.550000,-0.005179
2025-05-01T10:29:28.560000,0.000805
2025-05-01T10:29:28.570000,0.009649
2025-05-01T10:29:28.580000,0.007755
2025-05-01T10:29:28.590000,-0.009046
2025-05-01T10:29:28.600000,-0.003376
2025-05-01T10:29:28.610000,0.013243
2025-05-01T10:29:28.620000,-0.030130
2025-05-01T10:29:28.630000,-0.011089
2025-05-01T10:29:28.640000,0.012540
2025-05-01T10:29:28.650000,-0.000181
2025-05-01T10:29:28.660000,-0.012028
2025-05-01T10:29:28.670000,-0.007158
2025-05-01T10:29:28.680000,-0.002087
2025-05-01T10:29:28.690000,0.007931
2025-05-01T10:29:28.700000,-0.014185
2025-05-01T10:29:28.710000,-0.007143
2025-05-01T10:29:28.720000,0.014419
2025-05-01T10:29:28.730000,-0.003867
2025-05-01T10:29:28.740000,0.009011
2025-05-01T10:29:28.750000,-0.013849
2025-05-01T10:29:28.760000,-0.001597
2025-05-01T10:29:28.770000,-0.013413
2025-05-01T10:29:28.780000,-0.020547
2025-05-01T10:29:28.790000,-0.009022
2025-05-01T10:29:28.800000,0.001502
2025-05-01T10:29:28.810000,-0.003162
2025-05-01T10:29:28.820000,-0.028673
2025-05-01T10:29:28.830000,0.007926
2025-05-01T10:29:28.840000,0.004690
2025-05-01T10:29:28.850000,-0.013080
2025-05-01T10:29:28.860000,-0.006369
2025-05-01T10:29:28.870000,0.008467
2025-05-01T10:29:28.880000,0.018173
2025-05-01T10:29:28.890000,0.018224
2025-05-01T10:29:28.900000,0.009350
2025-05-01T10:29:28.910000,0.009932
2025-05-01T10:29:28.920000,-0.011723
2025-05-01T10:29:28.930000,0.005971
2025-05-01T10:29:28.940000,-0.015341
2025-05-01T10:29:28.950000,0.011051
2025-05-01T10:29:28.960000,-0.009084
2025-05-01T10:29:28.970000,0.010521
2025-05-01T10:29:28.980000,0.012796
2025-05-01T10:29:28.990000,0.009377
2025-05-01T10:29:29,0.002259
2025-05-01T10:29:29.010000,0.000933
2025-05-01T10:29:29.020000,-0.007549
2025-05-01T10:29:29.030000,-0.012959
2025-05-01T10:29:29.040000,-0.001123
2025-05-01T10:29:29.050000,0.012762
2025-05-01T10:29:29.060000,-0.000980
2025-05-01T10:29:29.070000,0.013363
2025-05-01T10:29:29.080000,-0.012009
2025-05-01T10:29:29.090000,0.023812
2025-05-01T10:29:29.100000,0.008540
2025-05-01T10:29:29.110000,0.006726
2025-05-01T10:29:29.120000,-0.009989
2025-05-01T10:29:29.130000,0.017277
2025-05-01T10:29:29.140000,-0.008103
2025-05-01T10:29:29.150000,0.006651
2025-05-01T10:29:29.160000,-0.016373
2025-05-01T10:29:29.170000,-0.000649
2025-05-01T10:29:29.180000,-0.016236
2025-05-01T10:29:29.190000,0.008159
2025-05-01T10:29:29.200000,-0.009043
2025-05-01T10:29:29.210000,-0.007824
2025-05-01T10:29:29.220000,-0.019521
2025-05-01T10:29:29.230000,0.011274
2025-05-01T10:29:29.240000,-0.001833
2025-05-01T10:29:29.250000,0.000284
2025-05-01T10:29:29.260000,-0.014688
2025-05-01T10:29:29.270000,-0.015065
2025-05-01T10:29:29.280000,-0.007008
2025-05-01T10:29:29.290000,0.006061
2025-05-01T10:29:29.300000,0.008480
2025-05-01T10:29:29.310000,-0.004003
2025-05-01T10:29:29.320000,-0.002901
2025-05-01T10:29:29.330000,0.001810
2025-05-01T10:29:29.340000,-0.003815
2025-05-01T10:29:29.350000,-0.008613
2025-05-01T10:29:29.360000,0.001302
2025-05-01T10:29:29.370000,0.004985
2025-05-01T10:29:29.380000,-0.000940
2025-05-01T10:29:29.390000,0.004024
2025-05-01T10:29:29.400000,0.013337
2025-05-01T10:29:29.410000,0.010494
2025-05-01T10:29:29.420000,-0.006242
2025-05-01T10:29:29.430000,-0.012349
2025-05-01T10:29:29.440000,-0.014214
2025-05-01T10:29:29.450000,-0.016183
2025-05-01T10:29:29.460000,0.000588
2025-05-01T10:29:29.470000,-0.001914
2025-05-01T10:29:29.480000,-0.006378
2025-05-01T10:29:29.490000,0.001523
2025-05-01T10:29:29.500000,-0.010792
2025-05-01T10:29:29.510000,0.004139
2025-05-01T10:29:29.520000,0.005972
2025-05-01T10:29:29.530000,-0.001672
2025-05-01T10:29:29.540000,-0.000795
2025-05-01T10:29:29.550000,-0.007268
2025-05-01T10:29:29.560000,-0.002658
2025-05-01T10:29:29.570000,0.003365
2025-05-01T10:29:29.580000,0.000181
2025-05-01T10:29:29.590000,-0.003561
2025-05-01T10:29:29.600000,-0.006698
2025-05-01T10:29:29.610000,-0.013871
2025-05-01T10:29:29.620000,-0.006542
2025-05-01T10:29:29.630000,-0.011829
2025-05-01T10:29:29.640000,-0.003983
2025-05-01T10:29:29.650000,0.012997
2025-05-01T10:29:29.660000,-0.009635
2025-05-01T10:29:29.670000,0.006426
2025-05-01T10:29:29.680000,-0.015258
2025-05-01T10:29:29.690000,-0.000633
2025-05-01T10:29:29.700000,0.010757
2025-05-01T10:29:29.710000,-0.005221
2025-05-01T10:29:29.720000,-0.004018
2025-05-01T10:29:29.730000,0.013241
2025-05-01T10:29:29.740000,0.001833
2025-05-01T10:29:29.750000,0.001817
2025-05-01T10:29:29.760000,-0.021284
2025-05-01T10:29:29.770000,-0.012027
2025-05-01T10:29:29.780000,0.004698
2025-05-01T10:29:29.790000,-0.022737
2025-05-01T10:29:29.800000,-0.008936
2025-05-01T10:29:29.810000,-0.008900
2025-05-01T10:29:29.820000,-0.012432
2025-05-01T10:29:29.830000,-0.002846
2025-05-01T10:29:29.840000,-0.005098
2025-05-01T10:29:29.850000,-0.001122
2025-05-01T10:29:29.860000,-0.013213
2025-05-01T10:29:29.870000,0.022280
2025-05-01T10:29:29.880000,0.000641
2025-05-01T10:29:29.890000,0.002426
2025-05-01T10:29:29.900000,0.009966
2025-05-01T10:29:29.910000,-0.008033
2025-05-01T10:29:29.920000,-0.018032
2025-05-01T10:29:29.930000,-0.012578
2025-05-01T10:29:29.940000,0.008243
2025-05-01T10:29:29.950000,-0.006751
2025-05-01T10:29:29.960000,0.000238
2025-05-01T10:29:29.970000,0.006117
2025-05-01T10:29:29.980000,-0.005927
2025-05-01T10:29:29.990000,-0.022359
2025-05-01T10:29:30,-0.000205
2025-05-01T10:29:30.010000,0.002854
2025-05-01T10:29:30.020000,0.013399
2025-05-01T10:29:30.030000,0.001078
2025-05-01T10:29:30.040000,-0.008160
2025-05-01T10:29:30.050000,-0.013663
2025-05-01T10:29:30.060000,0.007209
2025-05-01T10:29:30.070000,-0.017890
2025-05-01T10:29:30.080000,-0.014072
2025-05-01T10:29:30.090000,0.018039
2025-05-01T10:29:30.100000,0.013662
2025-05-01T10:29:30.110000,0.008223
2025-05-01T10:29:30.120000,-0.004373
2025-05-01T10:29:30.130000,-0.009759
2025-05-01T10:29:30.140000,-0.020243
2025-05-01T10:29:30.150000,-0.004642
2025-05-01T10:29:30.160000,0.003353
2025-05-01T10:29:30.170000,0.003010
2025-05-01T10:29:30.180000,0.006227
2025-05-01T10:29:30.190000,0.002218
2025-05-01T10:29:30.200000,-0.015330
2025-05-01T10:29:30.210000,-0.008108
2025-05-01T10:29:30.220000,-0.002606
2025-05-01T10:29:30.230000,-0.018143
2025-05-01T10:29:30.240000,-0.000698
2025-05-01T10:29:30.250000,0.013729
2025-05-01T10:29:30.260000,0.001985
2025-05-01T10:29:30.270000,-0.000499
2025-05-01T10:29:30.280000,-0.004977
2025-05-01T10:29:30.290000,0.025432
2025-05-01T10:29:30.300000,0.023924
2025-05-01T10:29:30.310000,-0.016804
2025-05-01T10:29:30.320000,0.001698
2025-05-01T10:29:30.330000,0.020133
2025-05-01T10:29:30.340000,-0.004877
2025-05-01T10:29:30.350000,-0.020996
2025-05-01T10:29:30.360000,0.012758
2025-05-01T10:29:30.370000,0.006387
2025-05-01T10:29:30.380000,0.017299
2025-05-01T10:29:30.390000,0.003837
2025-05-01T10:29:30.400000,-0.002759
2025-05-01T10:29:30.410000,-0.006158
2025-05-01T10:29:30.420000,-0.001621
2025-05-01T10:29:30.430000,0.002480
2025-05-01T10:29:30.440000,0.004391
2025-05-01T10:29:30.450000,0.000003
2025-05-01T10:29:30.460000,0.002814
2025-05-01T10:29:30.470000,-0.002472
2025-05-01T10:29:30.480000,0.002195
2025-05-01T10:29:30.490000,-0.010899
2025-05-01T10:29:30.500000,0.000103
2025-05-01T10:29:30.510000,-0.000376
2025-05-01T10:29:30.520000,0.006870
2025-05-01T10:29:30.530000,0.000079
2025-05-01T10:29:30.540000,-0.003416
2025-05-01T10:29:30.550000,-0.006339
2025-05-01T10:29:30.560000,0.007087
2025-05-01T10:29:30.570000,0.004195
2025-05-01T10:29:30.580000,-0.004471
2025-05-01T10:29:30.590000,0.012918
2025-05-01T10:29:30.600000,0.019037
2025-05-01T10:29:30.610000,-0.009739
2025-05-01T10:29:30.620000,-0.014853
2025-05-01T10:29:30.630000,-0.011890
2025-05-01T10:29:30.640000,0.004890
2025-05-01T10:29:30.650000,0.004468
2025-05-01T10:29:30.660000,-0.000114
2025-05-01T10:29:30.670000,0.001206
2025-05-01T10:29:30.680000,-0.012907
2025-05-01T10:29:30.690000,0.008215
2025-05-01T10:29:30.700000,-0.015572
2025-05-01T10:29:30.710000,-0.002994
2025-05-01T10:29:30.720000,0.005700
2025-05-01T10:29:30.730000,0.009078
2025-05-01T10:29:30.740000,-0.007717
2025-05-01T10:29:30.750000,0.014696
2025-05-01T10:29:30.760000,0.008469
2025-05-01T10:29:30.770000,-0.003477
2025-05-01T10:29:30.780000,0.010318
2025-05-01T10:29:30.790000,0.017943
2025-05-01T10:29:30.800000,-0.007493
2025-05-01T10:29:30.810000,0.010139
2025-05-01T10:29:30.820000,0.005847
2025-05-01T10:29:30.830000,0.018408
2025-05-01T10:29:30.840000,-0.001344
2025-05-01T10:29:30.850000,-0.008465
2025-05-01T10:29:30.860000,-0.011104
2025-05-01T10:29:30.870000,-0.000964
2025-05-01T10:29:30.880000,0.013159
2025-05-01T10:29:30.890000,-0.004735
2025-05-01T10:29:30.900000,-0.001286
2025-05-01T10:29:30.910000,-0.006434
2025-05-01T10:29:30.920000,-0.008526
2025-05-01T10:29:30.930000,-0.015160
2025-05-01T10:29:30.940000,0.002464
2025-05-01T10:29:30.950000,-0.013418
2025-05-01T10:29:30.960000,-0.002494
2025-05-01T10:29:30.970000,-0.011126
2025-05-01T10:29:30.980000,-0.016323
2025-05-01T10:29:30.990000,0.006008
2025-05-01T10:29:31,0.007788
2025-05-01T10:29:31.010000,-0.011205
2025-05-01T10:29:31.020000,-0.000662
2025-05-01T10:29:31.030000,0.008549
2025-05-01T10:29:31.040000,0.012131
2025-05-01T10:29:31.050000,-0.008570
2025-05-01T10:29:31.060000,0.012862
2025-05-01T10:29:31.070000,0.012223
2025-05-01T10:29:31.080000,-0.002578
2025-05-01T10:29:31.090000,-0.000356
2025-05-01T10:29:31.100000,-0.011070
2025-05-01T10:29:31.110000,-0.003623
2025-05-01T10:29:31.120000,0.011762
2025-05-01T10:29:31.130000,-0.009416
2025-05-01T10:29:31.140000,-0.000566
2025-05-01T10:29:31.150000,0.022270
2025-05-01T10:29:31.160000,0.012726
2025-05-01T10:29:31.170000,-0.008848
2025-05-01T10:29:31.180000,-0.010595
2025-05-01T10:29:31.190000,-0.012092
2025-05-01T10:29:31.200000,0.004796
2025-05-01T10:29:31.210000,0.007259
2025-05-01T10:29:31.220000,0.001687
2025-05-01T10:29:31.230000,-0.019381
2025-05-01T10:29:31.240000,0.014977
2025-05-01T10:29:31.250000,-0.002974
2025-05-01T10:29:31.260000,-0.029827
2025-05-01T10:29:31.270000,0.005693
2025-05-01T10:29:31.280000,0.004167
2025-05-01T10:29:31.290000,0.011888
2025-05-01T10:29:31.300000,0.010853
2025-05-01T10:29:31.310000,0.001673
2025-05-01T10:29:31.320000,0.004174
2025-05-01T10:29:31.330000,-0.001123
2025-05-01T10:29:31.340000,-0.009366
2025-05-01T10:29:31.350000,0.006974
2025-05-01T10:29:31.360000,-0.012126
2025-05-01T10:29:31.370000,0.002383
2025-05-01T10:29:31.380000,-0.000119
2025-05-01T10:29:31.390000,0.019901
2025-05-01T10:29:31.400000,0.015496
2025-05-01T10:29:31.410000,-0.011239
2025-05-01T10:29:31.420000,0.026520
2025-05-01T10:29:31.430000,0.013750
2025-05-01T10:29:31.440000,0.001143
2025-05-01T10:29:31.450000,-0.000193
2025-05-01T10:29:31.460000,-0.009276
2025-05-01T10:29:31.470000,0.004162
2025-05-01T10:29:31.480000,-0.006165
2025-05-01T10:29:31.490000,-0.005074
2025-05-01T10:29:31.500000,0.000143
2025-05-01T10:29:31.510000,-0.010335
2025-05-01T10:29:31.520000,0.003165
2025-05-01T10:29:31.530000,-0.006840
2025-05-01T10:29:31.540000,-0.015303
2025-05-01T10:29:31.550000,-0.003578
2025-05-01T10:29:31.560000,-0.004985
2025-05-01T10:29:31.570000,0.003116
2025-05-01T10:29:31.580000,-0.010618
2025-05-01T10:29:31.590000,-0.005770
2025-05-01T10:29:31.600000,0.003776
2025-05-01T10:29:31.610000,0.001807
2025-05-01T10:29:31.620000,0.012733
2025-05-01T10:29:31.630000,-0.003110
2025-05-01T10:29:31.640000,0.003582
2025-05-01T10:29:31.650000,-0.003359
2025-05-01T10:29:31.660000,0.004188
2025-05-01T10:29:31.670000,0.005891
2025-05-01T10:29:31.680000,-0.007525
2025-05-01T10:29:31.690000,0.005348
2025-05-01T10:29:31.700000,-0.016024
2025-05-01T10:29:31.710000,0.007676
2025-05-01T10:29:31.720000,0.016478
2025-05-01T10:29:31.730000,0.002180
2025-05-01T10:29:31.740000,0.024900
2025-05-01T10:29:31.750000,0.008526
2025-05-01T10:29:31.760000,-0.008671
2025-05-01T10:29:31.770000,-0.000918
2025-05-01T10:29:31.780000,0.009750
2025-05-01T10:29:31.790000,-0.004993
2025-05-01T10:29:31.800000,-0.008309
2025-05-01T10:29:31.810000,0.008146
2025-05-01T10:29:31.820000,0.018151
2025-05-01T10:29:31.830000,-0.007640
2025-05-01T10:29:31.840000,-0.017721
2025-05-01T10:29:31.850000,0.004828
2025-05-01T10:29:31.860000,0.021165
2025-05-01T10:29:31.870000,0.006894
2025-05-01T10:29:31.880000,-0.002260
2025-05-01T10:29:31.890000,0.001288
2025-05-01T10:29:31.900000,-0.000143
2025-05-01T10:29:31.910000,-0.004691
2025-05-01T10:29:31.920000,0.008908
2025-05-01T10:29:31.930000,0.003604
2025-05-01T10:29:31.940000,-0.006141
2025-05-01T10:29:31.950000,0.012582
2025-05-01T10:29:31.960000,-0.012068
2025-05-01T10:29:31.970000,0.013749
2025-05-01T10:29:31.980000,-0.005274
2025-05-01T10:29:31.990000,-0.014493
2025-05-01T10:29:32,0.005054
2025-05-01T10:29:32.010000,0.007517
2025-05-01T10:29:32.020000,-0.001283
2025-05-01T10:29:32.030000,-0.011314
2025-05-01T10:29:32.040000,0.013551
2025-05-01T10:29:32.050000,-0.011779
2025-05-01T10:29:32.060000,-0.008469
2025-05-01T10:29:32.070000,0.006349
2025-05-01T10:29:32.080000,0.003171
2025-05-01T10:29:32.090000,0.004091
2025-05-01T10:29:32.100000,0.017142
2025-05-01T10:29:32.110000,0.012005
2025-05-01T10:29:32.120000,0.011608
2025-05-01T10:29:32.130000,-0.009972
2025-05-01T10:29:32.140000,-0.008099
2025-05-01T10:29:32.150000,-0.006958
2025-05-01T10:29:32.160000,-0.008209
2025-05-01T10:29:32.170000,0.028730
2025-05-01T10:29:32.180000,-0.002822
2025-05-01T10:29:32.190000,0.014011
2025-05-01T10:29:32.200000,-0.019411
2025-05-01T10:29:32.210000,0.009293
2025-05-01T10:29:32.220000,0.005175
2025-05-01T10:29:32.230000,0.015667
2025-05-01T10:29:32.240000,0.000670
2025-05-01T10:29:32.250000,0.007490
2025-05-01T10:29:32.260000,-0.012866
2025-05-01T10:29:32.270000,0.003748
2025-05-01T10:29:32.280000,-0.004471
2025-05-01T10:29:32.290000,-0.005597
2025-05-01T10:29:32.300000,0.003332
2025-05-01T10:29:32.310000,0.015640
2025-05-01T10:29:32.320000,-0.016667
2025-05-01T10:29:32.330000,0.011708
2025-05-01T10:29:32.340000,-0.005307
2025-05-01T10:29:32.350000,-0.009589
2025-05-01T10:29:32.360000,0.009248
2025-05-01T10:29:32.370000,-0.003641
2025-05-01T10:29:32.380000,0.002605
2025-05-01T10:29:32.390000,0.004673
2025-05-01T10:29:32.400000,0.000571
2025-05-01T10:29:32.410000,0.012646
2025-05-01T10:29:32.420000,0.000517
2025-05-01T10:29:32.430000,-0.002066
2025-05-01T10:29:32.440000,-0.005307
2025-05-01T10:29:32.450000,0.004541
2025-05-01T10:29:32.460000,0.009513
2025-05-01T10:29:32.470000,-0.015025
2025-05-01T10:29:32.480000,0.005599
2025-05-01T10:29:32.490000,0.007369
2025-05-01T10:29:32.500000,-0.001666
2025-05-01T10:29:32.510000,0.005566
2025-05-01T10:29:32.520000,0.008294
2025-05-01T10:29:32.530000,0.014109
2025-05-01T10:29:32.540000,0.000256
2025-05-01T10:29:32.550000,0.018088
2025-05-01T10:29:32.560000,0.003355
2025-05-01T10:29:32.570000,0.004989
2025-05-01T10:29:32.580000,0.000313
2025-05-01T10:29:32.590000,-0.005938
2025-05-01T10:29:32.600000,-0.006766
2025-05-01T10:29:32.610000,0.004279
2025-05-01T10:29:32.620000,0.009583
2025-05-01T10:29:32.630000,-0.006727
2025-05-01T10:29:32.640000,-0.012394
2025-05-01T10:29:32.650000,-0.000172
2025-05-01T10:29:32.660000,0.023867
2025-05-01T10:29:32.670000,0.004976
2025-05-01T10:29:32.680000,0.006919
2025-05-01T10:29:32.690000,0.015453
2025-05-01T10:29:32.700000,-0.004935
2025-05-01T10:29:32.710000,0.003468
2025-05-01T10:29:32.720000,-0.018620
2025-05-01T10:29:32.730000,-0.012508
2025-05-01T10:29:32.740000,-0.012465
2025-05-01T10:29:32.750000,0.012685
2025-05-01T10:29:32.760000,0.002126
2025-05-01T10:29:32.770000,0.011841
2025-05-01T10:29:32.780000,0.023674
2025-05-01T10:29:32.790000,-0.004404
2025-05-01T10:29:32.800000,0.005147
2025-05-01T10:29:32.810000,-0.002045
2025-05-01T10:29:32.820000,-0.001259
2025-05-01T10:29:32.830000,0.016066
2025-05-01T10:29:32.840000,0.003009
2025-05-01T10:29:32.850000,-0.000249
2025-05-01T10:29:32.860000,-0.007764
2025-05-01T10:29:32.870000,0.001141
2025-05-01T10:29:32.880000,0.008008
2025-05-01T10:29:32.890000,0.002213
2025-05-01T10:29:32.900000,-0.012857
2025-05-01T10:29:32.910000,-0.010970
2025-05-01T10:29:32.920000,-0.014415
2025-05-01T10:29:32.930000,-0.000717
2025-05-01T10:29:32.940000,0.004834
2025-05-01T10:29:32.950000,-0.016198
2025-05-01T10:29:32.960000,-0.019496
2025-05-01T10:29:32.970000,-0.010908
2025-05-01T10:29:32.980000,-0.007878
2025-05-01T10:29:32.990000,0.019346
2025-05-01T10:29:33,0.006903
2025-05-01T10:29:33.010000,0.009389
2025-05-01T10:29:33.020000,-0.006851
2025-05-01T10:29:33.030000,-0.008711
2025-05-01T10:29:33.040000,0.011637
2025-05-01T10:29:33.050000,0.010337
2025-05-01T10:29:33.060000,-0.017904
2025-05-01T10:29:33.070000,-0.024360
2025-05-01T10:29:33.080000,0.004252
2025-05-01T10:29:33.090000,-0.009291
2025-05-01T10:29:33.100000,-0.008236
2025-05-01T10:29:33.110000,-0.003197
2025-05-01T10:29:33.120000,0.022253
2025-05-01T10:29:33.130000,-0.000489
2025-05-01T10:29:33.140000,0.011439
2025-05-01T10:29:33.150000,-0.003777
2025-05-01T10:29:33.160000,0.010006
2025-05-01T10:29:33.170000,-0.009152
2025-05-01T10:29:33.180000,-0.006112
2025-05-01T10:29:33.190000,-0.011465
2025-05-01T10:29:33.200000,0.006299
2025-05-01T10:29:33.210000,-0.001228
2025-05-01T10:29:33.220000,-0.000764
2025-05-01T10:29:33.230000,0.008137
2025-05-01T10:29:33.240000,-0.001957
2025-05-01T10:29:33.250000,0.008938
2025-05-01T10:29:33.260000,0.007126
2025-05-01T10:29:33.270000,-0.007259
2025-05-01T10:29:33.280000,-0.004778
2025-05-01T10:29:33.290000,-0.001878
2025-05-01T10:29:33.300000,-0.007795
2025-05-01T10:29:33.310000,-0.029132
2025-05-01T10:29:33.320000,0.009737
2025-05-01T10:29:33.330000,-0.010449
2025-05-01T10:29:33.340000,0.016430
2025-05-01T10:29:33.350000,0.007869
2025-05-01T10:29:33.360000,-0.013598
2025-05-01T10:29:33.370000,0.004675
2025-05-01T10:29:33.380000,-0.019753
2025-05-01T10:29:33.390000,-0.000393
2025-05-01T10:29:33.400000,0.005208
2025-05-01T10:29:33.410000,-0.014025
2025-05-01T10:29:33.420000,0.016113
2025-05-01T10:29:33.430000,-0.016391
2025-05-01T10:29:33.440000,-0.003658
2025-05-01T10:29:33.450000,0.000388
2025-05-01T10:29:33.460000,-0.013243
2025-05-01T10:29:33.470000,0.001908
2025-05-01T10:29:33.480000,0.006982
2025-05-01T10:29:33.490000,0.002987
2025-05-01T10:29:33.500000,0.004070
2025-05-01T10:29:33.510000,-0.001235
2025-05-01T10:29:33.520000,-0.015991
2025-05-01T10:29:33.530000,-0.005223
2025-05-01T10:29:33.540000,0.001190
2025-05-01T10:29:33.550000,0.002316
2025-05-01T10:29:33.560000,-0.010765
2025-05-01T10:29:33.570000,0.015141
2025-05-01T10:29:33.580000,-0.000576
2025-05-01T10:29:33.590000,-0.010376
2025-05-01T10:29:33.600000,0.007390
2025-05-01T10:29:33.610000,-0.005357
2025-05-01T10:29:33.620000,-0.015374
2025-05-01T10:29:33.630000,0.008482
2025-05-01T10:29:33.640000,0.001986
2025-05-01T10:29:33.650000,0.017204
2025-05-01T10:29:33.660000,0.016375
2025-05-01T10:29:33.670000,0.004173
2025-05-01T10:29:33.680000,0.009512
2025-05-01T10:29:33.690000,-0.005258
2025-05-01T10:29:33.700000,0.010360
2025-05-01T10:29:33.710000,-0.002209
2025-05-01T10:29:33.720000,-0.011282
2025-05-01T10:29:33.730000,-0.009381
2025-05-01T10:29:33.740000,0.004570
2025-05-01T10:29:33.750000,0.007408
2025-05-01T10:29:33.760000,0.016233
2025-05-01T10:29:33.770000,-0.000769
2025-05-01T10:29:33.780000,0.001156
2025-05-01T10:29:33.790000,0.003702
2025-05-01T10:29:33.800000,-0.009294
2025-05-01T10:29:33.810000,0.012658
2025-05-01T10:29:33.820000,0.004373
2025-05-01T10:29:33.830000,0.009968
2025-05-01T10:29:33.840000,-0.009747
2025-05-01T10:29:33.850000,0.011631
2025-05-01T10:29:33.860000,0.000465
2025-05-01T10:29:33.870000,-0.003446
2025-05-01T10:29:33.880000,0.000261
2025-05-01T10:29:33.890000,-0.019341
2025-05-01T10:29:33.900000,-0.002551
2025-05-01T10:29:33.910000,0.002406
2025-05-01T10:29:33.920000,-0.005195
2025-05-01T10:29:33.930000,0.008807
2025-05-01T10:29:33.940000,-0.005272
2025-05-01T10:29:33.950000,-0.000367
2025-05-01T10:29:33.960000,0.013346
2025-05-01T10:29:33.970000,0.007274
2025-05-01T10:29:33.980000,0.002371
2025-05-01T10:29:33.990000,0.008852
2025-05-01T10:29:34,0.009740
2025-05-01T10:29:34.010000,-0.001669
2025-05-01T10:29:34.020000,-0.012778
2025-05-01T10:29:34.030000,-0.001142
2025-05-01T10:29:34.040000,-0.013484
2025-05-01T10:29:34.050000,0.009742
2025-05-01T10:29:34.060000,0.010359
2025-05-01T10:29:34.070000,-0.006987
2025-05-01T10:29:34.080000,0.013006
2025-05-01T10:29:34.090000,0.005726
2025-05-01T10:29:34.100000,0.003425
2025-05-01T10:29:34.110000,-0.001588
2025-05-01T10:29:34.120000,-0.011509
2025-05-01T10:29:34.130000,-0.008912
2025-05-01T10:29:34.140000,-0.003028
2025-05-01T10:29:34.150000,0.009940
2025-05-01T10:29:34.160000,-0.021863
2025-05-01T10:29:34.170000,-0.014446
2025-05-01T10:29:34.180000,0.001495
2025-05-01T10:29:34.190000,0.002870
2025-05-01T10:29:34.200000,-0.010809
2025-05-01T10:29:34.210000,-0.010953
2025-05-01T10:29:34.220000,-0.010541
2025-05-01T10:29:34.230000,0.007694
2025-05-01T10:29:34.240000,0.000064
2025-05-01T10:29:34.250000,-0.004403
2025-05-01T10:29:34.260000,0.002566
2025-05-01T10:29:34.270000,-0.017505
2025-05-01T10:29:34.280000,0.014887
2025-05-01T10:29:34.290000,-0.013065
2025-05-01T10:29:34.300000,0.021695
2025-05-01T10:29:34.310000,0.004170
2025-05-01T10:29:34.320000,0.000112
2025-05-01T10:29:34.330000,-0.012022
2025-05-01T10:29:34.340000,-0.005207
2025-05-01T10:29:34.350000,-0.010103
2025-05-01T10:29:34.360000,-0.002561
2025-05-01T10:29:34.370000,0.000057
2025-05-01T10:29:34.380000,0.005630
2025-05-01T10:29:34.390000,-0.003508
2025-05-01T10:29:34.400000,-0.017714
2025-05-01T10:29:34.410000,-0.009350
2025-05-01T10:29:34.420000,-0.014635
2025-05-01T10:29:34.430000,0.012654
2025-05-01T10:29:34.440000,0.006332
2025-05-01T10:29:34.450000,-0.004841
2025-05-01T10:29:34.460000,0.014336
2025-05-01T10:29:34.470000,0.009661
2025-05-01T10:29:34.480000,-0.009921
2025-05-01T10:29:34.490000,-0.001949
2025-05-01T10:29:34.500000,-0.003896
2025-05-01T10:29:34.510000,0.000128
2025-05-01T10:29:34.520000,0.009931
2025-05-01T10:29:34.530000,0.003849
2025-05-01T10:29:34.540000,0.029607
2025-05-01T10:29:34.550000,0.014640
2025-05-01T10:29:34.560000,0.008654
2025-05-01T10:29:34.570000,0.008399
2025-05-01T10:29:34.580000,0.004175
2025-05-01T10:29:34.590000,0.009107
2025-05-01T10:29:34.600000,-0.011369
2025-05-01T10:29:34.610000,0.003812
2025-05-01T10:29:34.620000,0.003749
2025-05-01T10:29:34.630000,0.016838
2025-05-01T10:29:34.640000,0.009060
2025-05-01T10:29:34.650000,-0.001561
2025-05-01T10:29:34.660000,0.004239
2025-05-01T10:29:34.670000,0.010598
2025-05-01T10:29:34.680000,0.021257
2025-05-01T10:29:34.690000,-0.004394
2025-05-01T10:29:34.700000,0.010928
2025-05-01T10:29:34.710000,0.005373
2025-05-01T10:29:34.720000,-0.015103
2025-05-01T10:29:34.730000,0.001262
2025-05-01T10:29:34.740000,-0.001783
2025-05-01T10:29:34.750000,0.008564
2025-05-01T10:29:34.760000,-0.003630
2025-05-01T10:29:34.770000,0.012865
2025-05-01T10:29:34.780000,0.019914
2025-05-01T10:29:34.790000,-0.003927
2025-05-01T10:29:34.800000,0.003976
2025-05-01T10:29:34.810000,-0.010603
2025-05-01T10:29:34.820000,0.008202
2025-05-01T10:29:34.830000,0.004819
2025-05-01T10:29:34.840000,-0.009208
2025-05-01T10:29:34.850000,0.000212
2025-05-01T10:29:34.860000,-0.007205
2025-05-01T10:29:34.870000,-0.015713
2025-05-01T10:29:34.880000,0.017926
2025-05-01T10:29:34.890000,0.001306
2025-05-01T10:29:34.900000,-0.007575
2025-05-01T10:29:34.910000,-0.021247
2025-05-01T10:29:34.920000,0.019904
2025-05-01T10:29:34.930000,-0.011330
2025-05-01T10:29:34.940000,-0.008734
2025-05-01T10:29:34.950000,0.005110
2025-05-01T10:29:34.960000,-0.004764
2025-05-01T10:29:34.970000,0.005768
2025-05-01T10:29:34.980000,-0.004156
2025-05-01T10:29:34.990000,0.006639
2025-05-01T10:29:35,-0.001601
2025-05-01T10:29:35.010000,-0.003668
2025-05-01T10:29:35.020000,0.004970
2025-05-01T10:29:35.030000,0.006909
2025-05-01T10:29:35.040000,0.021748
2025-05-01T10:29:35.050000,-0.002574
2025-05-01T10:29:35.060000,0.017416
2025-05-01T10:29:35.070000,0.006187
2025-05-01T10:29:35.080000,0.004652
2025-05-01T10:29:35.090000,0.000501
2025-05-01T10:29:35.100000,0.012272
2025-05-01T10:29:35.110000,-0.009157
2025-05-01T10:29:35.120000,-0.008670
2025-05-01T10:29:35.130000,-0.000555
2025-05-01T10:29:35.140000,-0.004081
2025-05-01T10:29:35.150000,0.002833
2025-05-01T10:29:35.160000,-0.004362
2025-05-01T10:29:35.170000,0.012854
2025-05-01T10:29:35.180000,-0.004467
2025-05-01T10:29:35.190000,-0.004097
2025-05-01T10:29:35.200000,0.019927
2025-05-01T10:29:35.210000,-0.001720
2025-05-01T10:29:35.220000,0.012518
2025-05-01T10:29:35.230000,-0.013849
2025-05-01T10:29:35.240000,-0.029064
2025-05-01T10:29:35.250000,0.000113
2025-05-01T10:29:35.260000,0.004887
2025-05-01T10:29:35.270000,-0.011863
2025-05-01T10:29:35.280000,0.004931
2025-05-01T10:29:35.290000,-0.003928
2025-05-01T10:29:35.300000,0.010434
2025-05-01T10:29:35.310000,0.015347
2025-05-01T10:29:35.320000,0.026411
2025-05-01T10:29:35.330000,0.001329
2025-05-01T10:29:35.340000,0.000279
2025-05-01T10:29:35.350000,0.004263
2025-05-01T10:29:35.360000,-0.013385
2025-05-01T10:29:35.370000,-0.012212
2025-05-01T10:29:35.380000,-0.001296
2025-05-01T10:29:35.390000,-0.000012
2025-05-01T10:29:35.400000,0.014357
2025-05-01T10:29:35.410000,0.000761
2025-05-01T10:29:35.420000,0.006356
2025-05-01T10:29:35.430000,0.011286
2025-05-01T10:29:35.440000,-0.007507
2025-05-01T10:29:35.450000,0.003085
2025-05-01T10:29:35.460000,-0.002679
2025-05-01T10:29:35.470000,0.007793
2025-05-01T10:29:35.480000,0.010425
2025-05-01T10:29:35.490000,0.004916
2025-05-01T10:29:35.500000,-0.007898
2025-05-01T10:29:35.510000,0.000098
2025-05-01T10:29:35.520000,-0.016539
2025-05-01T10:29:35.530000,-0.010104
2025-05-01T10:29:35.540000,0.002093
2025-05-01T10:29:35.550000,-0.000396
2025-05-01T10:29:35.560000,0.014101
2025-05-01T10:29:35.570000,0.003670
2025-05-01T10:29:35.580000,-0.008859
2025-05-01T10:29:35.590000,-0.014223
2025-05-01T10:29:35.600000,-0.001057
2025-05-01T10:29:35.610000,-0.004522
2025-05-01T10:29:35.620000,0.004241
2025-05-01T10:29:35.630000,0.004372
2025-05-01T10:29:35.640000,0.006163
2025-05-01T10:29:35.650000,-0.008210
2025-05-01T10:29:35.660000,-0.001194
2025-05-01T10:29:35.670000,0.003491
2025-05-01T10:29:35.680000,0.000934
2025-05-01T10:29:35.690000,-0.013013
2025-05-01T10:29:35.700000,0.008517
2025-05-01T10:29:35.710000,0.005619
2025-05-01T10:29:35.720000,0.001507
2025-05-01T10:29:35.730000,0.008693
2025-05-01T10:29:35.740000,0.002583
2025-05-01T10:29:35.750000,0.007312
2025-05-01T10:29:35.760000,-0.002147
2025-05-01T10:29:35.770000,0.002910
2025-05-01T10:29:35.780000,0.013729
2025-05-01T10:29:35.790000,-0.006636
2025-05-01T10:29:35.800000,0.006359
2025-05-01T10:29:35.810000,-0.002169
2025-05-01T10:29:35.820000,-0.005668
2025-05-01T10:29:35.830000,0.009919
2025-05-01T10:29:35.840000,-0.004030
2025-05-01T10:29:35.850000,0.014464
2025-05-01T10:29:35.860000,-0.012947
2025-05-01T10:29:35.870000,-0.001690
2025-05-01T10:29:35.880000,-0.001976
2025-05-01T10:29:35.890000,0.013998
2025-05-01T10:29:35.900000,0.000886
2025-05-01T10:29:35.910000,-0.006037
2025-05-01T10:29:35.920000,-0.000649
2025-05-01T10:29:35.930000,-0.009454
2025-05-01T10:29:35.940000,0.006117
2025-05-01T10:29:35.950000,0.003622
2025-05-01T10:29:35.960000,-0.007947
2025-05-01T10:29:35.970000,0.004400
2025-05-01T10:29:35.980000,-0.003187
2025-05-01T10:29:35.990000,0.002660
2025-05-01T10:29:36,0.006887
2025-05-01T10:29:36.010000,-0.001179
2025-05-01T10:29:36.020000,-0.001240
2025-05-01T10:29:36.030000,-0.016440
2025-05-01T10:29:36.040000,0.009199
2025-05-01T10:29:36.050000,-0.010943
2025-05-01T10:29:36.060000,-0.006371
2025-05-01T10:29:36.070000,-0.003513
2025-05-01T10:29:36.080000,0.007857
2025-05-01T10:29:36.090000,-0.006014
2025-05-01T10:29:36.100000,-0.019859
2025-05-01T10:29:36.110000,0.002582
2025-05-01T10:29:36.120000,-0.011794
2025-05-01T10:29:36.130000,0.008199
2025-05-01T10:29:36.140000,-0.003527
2025-05-01T10:29:36.150000,-0.022679
2025-05-01T10:29:36.160000,-0.002716
2025-05-01T10:29:36.170000,0.005403
2025-05-01T10:29:36.180000,-0.001411
2025-05-01T10:29:36.190000,0.005084
2025-05-01T10:29:36.200000,0.010899
2025-05-01T10:29:36.210000,0.000049
2025-05-01T10:29:36.220000,-0.008881
2025-05-01T10:29:36.230000,0.007205
2025-05-01T10:29:36.240000,0.003869
2025-05-01T10:29:36.250000,0.004425
2025-05-01T10:29:36.260000,0.008865
2025-05-01T10:29:36.270000,-0.004971
2025-05-01T10:29:36.280000,-0.004085
2025-05-01T10:29:36.290000,-0.000134
2025-05-01T10:29:36.300000,-0.004696
2025-05-01T10:29:36.310000,0.000275
2025-05-01T10:29:36.320000,0.008080
2025-05-01T10:29:36.330000,-0.012155
2025-05-01T10:29:36.340000,-0.020196
2025-05-01T10:29:36.350000,0.000385
2025-05-01T10:29:36.360000,0.015686
2025-05-01T10:29:36.370000,-0.011545
2025-05-01T10:29:36.380000,-0.010253
2025-05-01T10:29:36.390000,-0.007405
2025-05-01T10:29:36.400000,-0.000746
2025-05-01T10:29:36.410000,0.012713
2025-05-01T10:29:36.420000,-0.008350
2025-05-01T10:29:36.430000,-0.003399
2025-05-01T10:29:36.440000,-0.001297
2025-05-01T10:29:36.450000,0.018879
2025-05-01T10:29:36.460000,-0.007892
2025-05-01T10:29:36.470000,-0.007803
2025-05-01T10:29:36.480000,-0.010351
2025-05-01T10:29:36.490000,-0.008309
2025-05-01T10:29:36.500000,0.001183
2025-05-01T10:29:36.510000,-0.001843
2025-05-01T10:29:36.520000,-0.004169
2025-05-01T10:29:36.530000,0.010040
2025-05-01T10:29:36.540000,-0.003181
2025-05-01T10:29:36.550000,-0.000319
2025-05-01T10:29:36.560000,0.002966
2025-05-01T10:29:36.570000,0.002349
2025-05-01T10:29:36.580000,-0.001003
2025-05-01T10:29:36.590000,-0.013400
2025-05-01T10:29:36.600000,-0.003310
2025-05-01T10:29:36.610000,0.018469
2025-05-01T10:29:36.620000,0.010078
2025-05-01T10:29:36.630000,0.005469
2025-05-01T10:29:36.640000,-0.002927
2025-05-01T10:29:36.650000,-0.003652
2025-05-01T10:29:36.660000,-0.002692
2025-05-01T10:29:36.670000,0.015608
2025-05-01T10:29:36.680000,-0.005761
2025-05-01T10:29:36.690000,0.011633
2025-05-01T10:29:36.700000,0.000680
2025-05-01T10:29:36.710000,0.003663
2025-05-01T10:29:36.720000,0.003337
2025-05-01T10:29:36.730000,-0.003353
2025-05-01T10:29:36.740000,0.006919
2025-05-01T10:29:36.750000,0.003076
2025-05-01T10:29:36.760000,-0.010404
2025-05-01T10:29:36.770000,-0.015056
2025-05-01T10:29:36.780000,0.015603
2025-05-01T10:29:36.790000,0.001963
2025-05-01T10:29:36.800000,0.003833
2025-05-01T10:29:36.810000,-0.008824
2025-05-01T10:29:36.820000,0.011409
2025-05-01T10:29:36.830000,0.001696
2025-05-01T10:29:36.840000,-0.001025
2025-05-01T10:29:36.850000,0.009086
2025-05-01T10:29:36.860000,-0.002154
2025-05-01T10:29:36.870000,0.002400
2025-05-01T10:29:36.880000,0.001367
2025-05-01T10:29:36.890000,0.002901
2025-05-01T10:29:36.900000,0.002713
2025-05-01T10:29:36.910000,0.011974
2025-05-01T10:29:36.920000,-0.005269
2025-05-01T10:29:36.930000,0.008963
2025-05-01T10:29:36.940000,-0.003160
2025-05-01T10:29:36.950000,-0.000003
2025-05-01T10:29:36.960000,-0.004106
2025-05-01T10:29:36.970000,-0.003819
2025-05-01T10:29:36.980000,0.003486
2025-05-01T10:29:36.990000,0.007870
2025-05-01T10:29:37,0.007876
2025-05-01T10:29:37.010000,0.017135
2025-05-01T10:29:37.020000,-0.004428
2025-05-01T10:29:37.030000,-0.004036
2025-05-01T10:29:37.040000,0.004788
2025-05-01T10:29:37.050000,0.013648
2025-05-01T10:29:37.060000,0.011118
2025-05-01T10:29:37.070000,-0.004174
2025-05-01T10:29:37.080000,0.017869
2025-05-01T10:29:37.090000,0.005873
2025-05-01T10:29:37.100000,0.000233
2025-05-01T10:29:37.110000,-0.001432
2025-05-01T10:29:37.120000,-0.001335
2025-05-01T10:29:37.130000,0.005581
2025-05-01T10:29:37.140000,-0.016766
2025-05-01T10:29:37.150000,-0.020997
2025-05-01T10:29:37.160000,-0.005851
2025-05-01T10:29:37.170000,-0.007758
2025-05-01T10:29:37.180000,0.002208
2025-05-01T10:29:37.190000,0.024862
2025-05-01T10:29:37.200000,0.006570
2025-05-01T10:29:37.210000,0.011804
2025-05-01T10:29:37.220000,0.009361
2025-05-01T10:29:37.230000,-0.001850
2025-05-01T10:29:37.240000,-0.005577
2025-05-01T10:29:37.250000,-0.000280
2025-05-01T10:29:37.260000,0.006805
2025-05-01T10:29:37.270000,-0.006564
2025-05-01T10:29:37.280000,0.005319
2025-05-01T10:29:37.290000,-0.004344
2025-05-01T10:29:37.300000,0.020919
2025-05-01T10:29:37.310000,0.001312
2025-05-01T10:29:37.320000,0.007620
2025-05-01T10:29:37.330000,-0.004150
2025-05-01T10:29:37.340000,-0.014284
2025-05-01T10:29:37.350000,0.011425
2025-05-01T10:29:37.360000,0.007823
2025-05-01T10:29:37.370000,-0.005409
2025-05-01T10:29:37.380000,0.014962
2025-05-01T10:29:37.390000,0.003659
2025-05-01T10:29:37.400000,0.000615
2025-05-01T10:29:37.410000,-0.011150
2025-05-01T10:29:37.420000,0.003659
2025-05-01T10:29:37.430000,-0.002215
2025-05-01T10:29:37.440000,-0.005898
2025-05-01T10:29:37.450000,0.010002
2025-05-01T10:29:37.460000,-0.005366
2025-05-01T10:29:37.470000,0.000947
2025-05-01T10:29:37.480000,-0.001452
2025-05-01T10:29:37.490000,-0.002064
2025-05-01T10:29:37.500000,-0.006581
2025-05-01T10:29:37.510000,0.022521
2025-05-01T10:29:37.520000,0.004969
2025-05-01T10:29:37.530000,0.026158
2025-05-01T10:29:37.540000,0.004931
2025-05-01T10:29:37.550000,0.005274
2025-05-01T10:29:37.560000,0.004614
2025-05-01T10:29:37.570000,0.005146
2025-05-01T10:29:37.580000,0.016316
2025-05-01T10:29:37.590000,-0.000667
2025-05-01T10:29:37.600000,-0.016541
2025-05-01T10:29:37.610000,0.014543
2025-05-01T10:29:37.620000,-0.021186
2025-05-01T10:29:37.630000,-0.006092
2025-05-01T10:29:37.640000,0.002322
2025-05-01T10:29:37.650000,-0.007765
2025-05-01T10:29:37.660000,0.017071
2025-05-01T10:29:37.670000,-0.004904
2025-05-01T10:29:37.680000,0.006994
2025-05-01T10:29:37.690000,-0.004204
2025-05-01T10:29:37.700000,-0.009071
2025-05-01T10:29:37.710000,0.008277
2025-05-01T10:29:37.720000,-0.006121
2025-05-01T10:29:37.730000,0.018517
2025-05-01T10:29:37.740000,-0.007891
2025-05-01T10:29:37.750000,-0.001667
2025-05-01T10:29:37.760000,-0.005253
2025-05-01T10:29:37.770000,0.023625
2025-05-01T10:29:37.780000,-0.004015
2025-05-01T10:29:37.790000,0.003998
2025-05-01T10:29:37.800000,0.013181
2025-05-01T10:29:37.810000,0.012094
2025-05-01T10:29:37.820000,0.002612
2025-05-01T10:29:37.830000,-0.006722
2025-05-01T10:29:37.840000,0.003079
2025-05-01T10:29:37.850000,0.012825
2025-05-01T10:29:37.860000,-0.008884
2025-05-01T10:29:37.870000,0.003940
2025-05-01T10:29:37.880000,-0.000124
2025-05-01T10:29:37.890000,0.012584
2025-05-01T10:29:37.900000,-0.000457
2025-05-01T10:29:37.910000,-0.006382
2025-05-01T10:29:37.920000,-0.018948
2025-05-01T10:29:37.930000,-0.010124
2025-05-01T10:29:37.940000,-0.009840
2025-05-01T10:29:37.950000,-0.003301
2025-05-01T10:29:37.960000,0.001379
2025-05-01T10:29:37.970000,-0.005553
2025-05-01T10:29:37.980000,0.002123
2025-05-01T10:29:37.990000,-0.010917
2025-05-01T10:29:38,0.005989
2025-05-01T10:29:38.010000,-0.004701
2025-05-01T10:29:38.020000,-0.008358
2025-05-01T10:29:38.030000,-0.013419
2025-05-01T10:29:38.040000,-0.005804
2025-05-01T10:29:38.050000,0.003789
2025-05-01T10:29:38.060000,0.027636
2025-05-01T10:29:38.070000,0.004718
2025-05-01T10:29:38.080000,-0.006299
2025-05-01T10:29:38.090000,-0.002769
2025-05-01T10:29:38.100000,0.021000
2025-05-01T10:29:38.110000,-0.012352
2025-05-01T10:29:38.120000,-0.001975
2025-05-01T10:29:38.130000,-0.001085
2025-05-01T10:29:38.140000,-0.002709
2025-05-01T10:29:38.150000,0.018198
2025-05-01T10:29:38.160000,-0.003053
2025-05-01T10:29:38.170000,-0.018487
2025-05-01T10:29:38.180000,-0.006323
2025-05-01T10:29:38.190000,0.015017
2025-05-01T10:29:38.200000,-0.011842
2025-05-01T10:29:38.210000,0.004561
2025-05-01T10:29:38.220000,0.020680
2025-05-01T10:29:38.230000,0.002705
2025-05-01T10:29:38.240000,-0.006858
2025-05-01T10:29:38.250000,0.011592
2025-05-01T10:29:38.260000,0.012876
2025-05-01T10:29:38.270000,0.002424
2025-05-01T10:29:38.280000,-0.020613
2025-05-01T10:29:38.290000,-0.012778
2025-05-01T10:29:38.300000,0.007719
2025-05-01T10:29:38.310000,0.004236
2025-05-01T10:29:38.320000,-0.007237
2025-05-01T10:29:38.330000,0.011810
2025-05-01T10:29:38.340000,-0.007053
2025-05-01T10:29:38.350000,-0.001903
2025-05-01T10:29:38.360000,0.004760
2025-05-01T10:29:38.370000,-0.003299
2025-05-01T10:29:38.380000,-0.004678
2025-05-01T10:29:38.390000,-0.000553
2025-05-01T10:29:38.400000,-0.009058
2025-05-01T10:29:38.410000,-0.002125
2025-05-01T10:29:38.420000,0.012292
2025-05-01T10:29:38.430000,-0.011704
2025-05-01T10:29:38.440000,0.024814
2025-05-01T10:29:38.450000,0.010258
2025-05-01T10:29:38.460000,0.008772
2025-05-01T10:29:38.470000,0.002742
2025-05-01T10:29:38.480000,-0.000456
2025-05-01T10:29:38.490000,0.003572
2025-05-01T10:29:38.500000,-0.005838
2025-05-01T10:29:38.510000,0.005320
2025-05-01T10:29:38.520000,-0.006071
2025-05-01T10:29:38.530000,-0.007729
2025-05-01T10:29:38.540000,-0.002131
2025-05-01T10:29:38.550000,-0.011447
2025-05-01T10:29:38.560000,0.007707
2025-05-01T10:29:38.570000,-0.006651
2025-05-01T10:29:38.580000,-0.000604
2025-05-01T10:29:38.590000,-0.011337
2025-05-01T10:29:38.600000,0.003430
2025-05-01T10:29:38.610000,0.000167
2025-05-01T10:29:38.620000,0.009432
2025-05-01T10:29:38.630000,0.002659
2025-05-01T10:29:38.640000,-0.006868
2025-05-01T10:29:38.650000,-0.013457
2025-05-01T10:29:38.660000,-0.001608
2025-05-01T10:29:38.670000,-0.001297
2025-05-01T10:29:38.680000,-0.004851
2025-05-01T10:29:38.690000,0.004544
2025-05-01T10:29:38.700000,0.006670
2025-05-01T10:29:38.710000,-0.005218
2025-05-01T10:29:38.720000,0.005138
2025-05-01T10:29:38.730000,0.007017
2025-05-01T10:29:38.740000,-0.004935
2025-05-01T10:29:38.750000,0.006474
2025-05-01T10:29:38.760000,0.000647
2025-05-01T10:29:38.770000,-0.000763
2025-05-01T10:29:38.780000,-0.001885
2025-05-01T10:29:38.790000,-0.000266
2025-05-01T10:29:38.800000,-0.004605
2025-05-01T10:29:38.810000,0.004945
2025-05-01T10:29:38.820000,0.008497
2025-05-01T10:29:38.830000,-0.007688
2025-05-01T10:29:38.840000,-0.013936
2025-05-01T10:29:38.850000,0.016658
2025-05-01T10:29:38.860000,-0.006082
2025-05-01T10:29:38.870000,0.000247
2025-05-01T10:29:38.880000,0.012585
2025-05-01T10:29:38.890000,0.015207
2025-05-01T10:29:38.900000,-0.009012
2025-05-01T10:29:38.910000,0.001228
2025-05-01T10:29:38.920000,-0.009560
2025-05-01T10:29:38.930000,-0.002171
2025-05-01T10:29:38.940000,0.010663
2025-05-01T10:29:38.950000,0.008080
2025-05-01T10:29:38.960000,-0.005009
2025-05-01T10:29:38.970000,0.007852
2025-05-01T10:29:38.980000,-0.004427
2025-05-01T10:29:38.990000,-0.008215
2025-05-01T10:29:39,-0.013865
2025-05-01T10:29:39.010000,-0.004615
2025-05-01T10:29:39.020000,0.000602
2025-05-01T10:29:39.030000,-0.007992
2025-05-01T10:29:39.040000,-0.001519
2025-05-01T10:29:39.050000,0.025804
2025-05-01T10:29:39.060000,-0.001166
2025-05-01T10:29:39.070000,0.003409
2025-05-01T10:29:39.080000,-0.010844
2025-05-01T10:29:39.090000,0.006455
2025-05-01T10:29:39.100000,0.000187
2025-05-01T10:29:39.110000,0.003146
2025-05-01T10:29:39.120000,-0.009745
2025-05-01T10:29:39.130000,0.000901
2025-05-01T10:29:39.140000,-0.018720
2025-05-01T10:29:39.150000,-0.023056
2025-05-01T10:29:39.160000,0.002613
2025-05-01T10:29:39.170000,0.002359
2025-05-01T10:29:39.180000,0.002129
2025-05-01T10:29:39.190000,-0.034112
2025-05-01T10:29:39.200000,-0.012105
2025-05-01T10:29:39.210000,-0.007349
2025-05-01T10:29:39.220000,-0.010014
2025-05-01T10:29:39.230000,0.008550
2025-05-01T10:29:39.240000,0.004596
2025-05-01T10:29:39.250000,0.005924
2025-05-01T10:29:39.260000,0.003422
2025-05-01T10:29:39.270000,0.000868
2025-05-01T10:29:39.280000,0.015864
2025-05-01T10:29:39.290000,-0.015199
2025-05-01T10:29:39.300000,0.000529
2025-05-01T10:29:39.310000,-0.008172
2025-05-01T10:29:39.320000,-0.008138
2025-05-01T10:29:39.330000,0.005293
2025-05-01T10:29:39.340000,0.008186
2025-05-01T10:29:39.350000,0.018351
2025-05-01T10:29:39.360000,-0.004907
2025-05-01T10:29:39.370000,-0.009410
2025-05-01T10:29:39.380000,0.006584
2025-05-01T10:29:39.390000,-0.000318
2025-05-01T10:29:39.400000,0.001526
2025-05-01T10:29:39.410000,-0.011681
2025-05-01T10:29:39.420000,0.008451
2025-05-01T10:29:39.430000,-0.002345
2025-05-01T10:29:39.440000,0.005143
2025-05-01T10:29:39.450000,-0.016027
2025-05-01T10:29:39.460000,-0.010723
2025-05-01T10:29:39.470000,0.010306
2025-05-01T10:29:39.480000,0.006210
2025-05-01T10:29:39.490000,-0.013672
2025-05-01T10:29:39.500000,0.003837
2025-05-01T10:29:39.510000,0.001488
2025-05-01T10:29:39.520000,-0.005192
2025-05-01T10:29:39.530000,0.023180
2025-05-01T10:29:39.540000,0.008454
2025-05-01T10:29:39.550000,-0.005033
2025-05-01T10:29:39.560000,0.001030
2025-05-01T10:29:39.570000,-0.004975
2025-05-01T10:29:39.580000,-0.023881
2025-05-01T10:29:39.590000,0.005392
2025-05-01T10:29:39.600000,-0.008879
2025-05-01T10:29:39.610000,0.028441
2025-05-01T10:29:39.620000,0.007182
2025-05-01T10:29:39.630000,-0.010142
2025-05-01T10:29:39.640000,-0.019227
2025-05-01T10:29:39.650000,0.011125
2025-05-01T10:29:39.660000,-0.005144
2025-05-01T10:29:39.670000,0.010556
2025-05-01T10:29:39.680000,0.013420
2025-05-01T10:29:39.690000,0.002041
2025-05-01T10:29:39.700000,0.015527
2025-05-01T10:29:39.710000,0.007560
2025-05-01T10:29:39.720000,0.011681
2025-05-01T10:29:39.730000,-0.008623
2025-05-01T10:29:39.740000,-0.014845
2025-05-01T10:29:39.750000,0.011402
2025-05-01T10:29:39.760000,0.007213
2025-05-01T10:29:39.770000,0.013127
2025-05-01T10:29:39.780000,-0.004706
2025-05-01T10:29:39.790000,0.012065
2025-05-01T10:29:39.800000,-0.013665
2025-05-01T10:29:39.810000,-0.012173
2025-05-01T10:29:39.820000,-0.013396
2025-05-01T10:29:39.830000,0.013409
2025-05-01T10:29:39.840000,0.015610
2025-05-01T10:29:39.850000,-0.006936
2025-05-01T10:29:39.860000,0.008025
2025-05-01T10:29:39.870000,0.015168
2025-05-01T10:29:39.880000,-0.004302
2025-05-01T10:29:39.890000,-0.005251
2025-05-01T10:29:39.900000,0.005095
2025-05-01T10:29:39.910000,0.002172
2025-05-01T10:29:39.920000,-0.009254
2025-05-01T10:29:39.930000,0.007569
2025-05-01T10:29:39.940000,-0.004625
2025-05-01T10:29:39.950000,-0.004298
2025-05-01T10:29:39.960000,-0.009876
2025-05-01T10:29:39.970000,0.010371
2025-05-01T10:29:39.980000,0.020566
2025-05-01T10:29:39.990000,0.006882
2025-05-01T10:29:40,0.007390
2025-05-01T10:29:40.010000,0.000688
2025-05-01T10:29:40.020000,0.021482
2025-05-01T10:29:40.030000,-0.003061
2025-05-01T10:29:40.040000,-0.005134
2025-05-01T10:29:40.050000,0.015058
2025-05-01T10:29:40.060000,-0.008370
2025-05-01T10:29:40.070000,0.006521
2025-05-01T10:29:40.080000,-0.017419
2025-05-01T10:29:40.090000,0.004968
2025-05-01T10:29:40.100000,-0.008589
2025-05-01T10:29:40.110000,0.003913
2025-05-01T10:29:40.120000,-0.000333
2025-05-01T10:29:40.130000,0.004012
2025-05-01T10:29:40.140000,-0.008168
2025-05-01T10:29:40.150000,-0.003826
2025-05-01T10:29:40.160000,0.019732
2025-05-01T10:29:40.170000,-0.005217
2025-05-01T10:29:40.180000,0.000777
2025-05-01T10:29:40.190000,-0.005973
2025-05-01T10:29:40.200000,-0.003306
2025-05-01T10:29:40.210000,0.008575
2025-05-01T10:29:40.220000,0.001847
2025-05-01T10:29:40.230000,0.003272
2025-05-01T10:29:40.240000,0.004094
2025-05-01T10:29:40.250000,0.007173
2025-05-01T10:29:40.260000,-0.005517
2025-05-01T10:29:40.270000,-0.005347
2025-05-01T10:29:40.280000,0.004905
2025-05-01T10:29:40.290000,0.000341
2025-05-01T10:29:40.300000,0.013616
2025-05-01T10:29:40.310000,-0.020192
2025-05-01T10:29:40.320000,-0.002132
2025-05-01T10:29:40.330000,-0.012215
2025-05-01T10:29:40.340000,-0.000539
2025-05-01T10:29:40.350000,0.000634
2025-05-01T10:29:40.360000,0.016467
2025-05-01T10:29:40.370000,-0.001653
2025-05-01T10:29:40.380000,0.003814
2025-05-01T10:29:40.390000,-0.001256
2025-05-01T10:29:40.400000,0.016908
2025-05-01T10:29:40.410000,-0.001630
2025-05-01T10:29:40.420000,-0.010248
2025-05-01T10:29:40.430000,0.029628
2025-05-01T10:29:40.440000,0.007564
2025-05-01T10:29:40.450000,-0.013635
2025-05-01T10:29:40.460000,-0.013785
2025-05-01T10:29:40.470000,0.007684
2025-05-01T10:29:40.480000,-0.017849
2025-05-01T10:29:40.490000,-0.007907
2025-05-01T10:29:40.500000,0.014797
2025-05-01T10:29:40.510000,-0.015619
2025-05-01T10:29:40.520000,-0.010296
2025-05-01T10:29:40.530000,-0.005643
2025-05-01T10:29:40.540000,-0.002675
2025-05-01T10:29:40.550000,0.002340
2025-05-01T10:29:40.560000,-0.008617
2025-05-01T10:29:40.570000,0.000425
2025-05-01T10:29:40.580000,0.003359
2025-05-01T10:29:40.590000,-0.007355
2025-05-01T10:29:40.600000,0.006213
2025-05-01T10:29:40.610000,0.016917
2025-05-01T10:29:40.620000,-0.006093
2025-05-01T10:29:40.630000,-0.001958
2025-05-01T10:29:40.640000,-0.025197
2025-05-01T10:29:40.650000,0.007787
2025-05-01T10:29:40.660000,0.012452
2025-05-01T10:29:40.670000,0.004628
2025-05-01T10:29:40.680000,-0.006610
2025-05-01T10:29:40.690000,-0.012583
2025-05-01T10:29:40.700000,-0.003581
2025-05-01T10:29:40.710000,-0.008310
2025-05-01T10:29:40.720000,-0.017464
2025-05-01T10:29:40.730000,0.006140
2025-05-01T10:29:40.740000,-0.000081
2025-05-01T10:29:40.750000,-0.005821
2025-05-01T10:29:40.760000,-0.005901
2025-05-01T10:29:40.770000,0.007504
2025-05-01T10:29:40.780000,0.016970
2025-05-01T10:29:40.790000,0.001975
2025-05-01T10:29:40.800000,0.016048
2025-05-01T10:29:40.810000,-0.015288
2025-05-01T10:29:40.820000,0.003534
2025-05-01T10:29:40.830000,0.004661
2025-05-01T10:29:40.840000,0.010358
2025-05-01T10:29:40.850000,-0.015076
2025-05-01T10:29:40.860000,0.023612
2025-05-01T10:29:40.870000,0.013995
2025-05-01T10:29:40.880000,-0.015894
2025-05-01T10:29:40.890000,0.003879
2025-05-01T10:29:40.900000,0.008843
2025-05-01T10:29:40.910000,-0.001299
2025-05-01T10:29:40.920000,0.000058
2025-05-01T10:29:40.930000,0.003581
2025-05-01T10:29:40.940000,-0.014206
2025-05-01T10:29:40.950000,-0.004039
2025-05-01T10:29:40.960000,-0.001683
2025-05-01T10:29:40.970000,0.006885
2025-05-01T10:29:40.980000,-0.003346
2025-05-01T10:29:40.990000,-0.011638
2025-05-01T10:29:41,-0.005871
2025-05-01T10:29:41.010000,0.000130
2025-05-01T10:29:41.020000,0.007692
2025-05-01T10:29:41.030000,0.010162
2025-05-01T10:29:41.040000,-0.003356
2025-05-01T10:29:41.050000,0.000430
2025-05-01T10:29:41.060000,0.012574
2025-05-01T10:29:41.070000,0.008049
2025-05-01T10:29:41.080000,0.006478
2025-05-01T10:29:41.090000,-0.008917
2025-05-01T10:29:41.100000,0.001051
2025-05-01T10:29:41.110000,0.014861
2025-05-01T10:29:41.120000,0.019017
2025-05-01T10:29:41.130000,-0.010605
2025-05-01T10:29:41.140000,0.014118
2025-05-01T10:29:41.150000,-0.002337
2025-05-01T10:29:41.160000,-0.011656
2025-05-01T10:29:41.170000,0.005598
2025-05-01T10:29:41.180000,0.009866
2025-05-01T10:29:41.190000,-0.002699
2025-05-01T10:29:41.200000,-0.000339
2025-05-01T10:29:41.210000,0.006657
2025-05-01T10:29:41.220000,0.000389
2025-05-01T10:29:41.230000,0.003300
2025-05-01T10:29:41.240000,-0.000771
2025-05-01T10:29:41.250000,-0.000334
2025-05-01T10:29:41.260000,0.006200
2025-05-01T10:29:41.270000,-0.004801
2025-05-01T10:29:41.280000,-0.010222
2025-05-01T10:29:41.290000,0.014587
2025-05-01T10:29:41.300000,-0.010133
2025-05-01T10:29:41.310000,0.016208
2025-05-01T10:29:41.320000,0.002481
2025-05-01T10:29:41.330000,-0.001230
2025-05-01T10:29:41.340000,0.010918
2025-05-01T10:29:41.350000,0.005065
2025-05-01T10:29:41.360000,-0.004720
2025-05-01T10:29:41.370000,-0.009934
2025-05-01T10:29:41.380000,0.006427
2025-05-01T10:29:41.390000,0.001685
2025-05-01T10:29:41.400000,-0.005391
2025-05-01T10:29:41.410000,0.000423
2025-05-01T10:29:41.420000,0.006677
2025-05-01T10:29:41.430000,-0.003954
2025-05-01T10:29:41.440000,-0.000490
2025-05-01T10:29:41.450000,-0.012519
2025-05-01T10:29:41.460000,0.016514
2025-05-01T10:29:41.470000,0.013265
2025-05-01T10:29:41.480000,0.001334
2025-05-01T10:29:41.490000,-0.006425
2025-05-01T10:29:41.500000,0.001805
2025-05-01T10:29:41.510000,0.002804
2025-05-01T10:29:41.520000,0.015004
2025-05-01T10:29:41.530000,0.005894
2025-05-01T10:29:41.540000,0.010893
2025-05-01T10:29:41.550000,-0.006259
2025-05-01T10:29:41.560000,0.000353
2025-05-01T10:29:41.570000,0.008181
2025-05-01T10:29:41.580000,0.003632
2025-05-01T10:29:41.590000,-0.001355
2025-05-01T10:29:41.600000,-0.003253
2025-05-01T10:29:41.610000,-0.000258
2025-05-01T10:29:41.620000,0.005002
2025-05-01T10:29:41.630000,-0.004960
2025-05-01T10:29:41.640000,-0.028763
2025-05-01T10:29:41.650000,-0.021282
2025-05-01T10:29:41.660000,0.002301
2025-05-01T10:29:41.670000,-0.011403
2025-05-01T10:29:41.680000,0.007386
2025-05-01T10:29:41.690000,-0.011130
2025-05-01T10:29:41.700000,-0.008306
2025-05-01T10:29:41.710000,-0.014317
2025-05-01T10:29:41.720000,-0.002379
2025-05-01T10:29:41.730000,0.005186
2025-05-01T10:29:41.740000,0.011367
2025-05-01T10:29:41.750000,-0.011083
2025-05-01T10:29:41.760000,-0.006353
2025-05-01T10:29:41.770000,0.010563
2025-05-01T10:29:41.780000,-0.007010
2025-05-01T10:29:41.790000,0.004013
2025-05-01T10:29:41.800000,-0.004098
2025-05-01T10:29:41.810000,-0.014140
2025-05-01T10:29:41.820000,0.001593
2025-05-01T10:29:41.830000,-0.004312
2025-05-01T10:29:41.840000,-0.001735
2025-05-01T10:29:41.850000,0.007645
2025-05-01T10:29:41.860000,0.001717
2025-05-01T10:29:41.870000,0.009523
2025-05-01T10:29:41.880000,0.001134
2025-05-01T10:29:41.890000,-0.002240
2025-05-01T10:29:41.900000,-0.011231
2025-05-01T10:29:41.910000,-0.003638
2025-05-01T10:29:41.920000,0.000139
2025-05-01T10:29:41.930000,0.005244
2025-05-01T10:29:41.940000,0.002729
2025-05-01T10:29:41.950000,0.007038
2025-05-01T10:29:41.960000,-0.009511
2025-05-01T10:29:41.970000,0.004046
2025-05-01T10:29:41.980000,-0.023486
2025-05-01T10:29:41.990000,-0.015475
2025-05-01T10:29:42,-0.015640
2025-05-01T10:29:42.010000,0.001095
2025-05-01T10:29:42.020000,-0.003103
2025-05-01T10:29:42.030000,0.014667
2025-05-01T10:29:42.040000,0.006389
2025-05-01T10:29:42.050000,-0.009007
2025-05-01T10:29:42.060000,-0.002819
2025-05-01T10:29:42.070000,-0.003623
2025-05-01T10:29:42.080000,-0.000351
2025-05-01T10:29:42.090000,-0.003003
2025-05-01T10:29:42.100000,0.000608
2025-05-01T10:29:42.110000,-0.014452
2025-05-01T10:29:42.120000,0.001946
2025-05-01T10:29:42.130000,-0.013156
2025-05-01T10:29:42.140000,0.006225
2025-05-01T10:29:42.150000,0.009081
2025-05-01T10:29:42.160000,-0.001954
2025-05-01T10:29:42.170000,-0.002186
2025-05-01T10:29:42.180000,0.002387
2025-05-01T10:29:42.190000,-0.003165
2025-05-01T10:29:42.200000,-0.002841
2025-05-01T10:29:42.210000,0.005807
2025-05-01T10:29:42.220000,0.012578
2025-05-01T10:29:42.230000,-0.008213
2025-05-01T10:29:42.240000,0.000694
2025-05-01T10:29:42.250000,-0.008008
2025-05-01T10:29:42.260000,-0.019486
2025-05-01T10:29:42.270000,0.008796
2025-05-01T10:29:42.280000,-0.008470
2025-05-01T10:29:42.290000,0.000883
2025-05-01T10:29:42.300000,0.002987
2025-05-01T10:29:42.310000,0.005194
2025-05-01T10:29:42.320000,0.011149
2025-05-01T10:29:42.330000,-0.004110
2025-05-01T10:29:42.340000,-0.004040
2025-05-01T10:29:42.350000,0.003182
2025-05-01T10:29:42.360000,0.000332
2025-05-01T10:29:42.370000,0.011172
2025-05-01T10:29:42.380000,-0.015061
2025-05-01T10:29:42.390000,0.006659
2025-05-01T10:29:42.400000,0.019014
2025-05-01T10:29:42.410000,-0.010410
2025-05-01T10:29:42.420000,0.006995
2025-05-01T10:29:42.430000,-0.023013
2025-05-01T10:29:42.440000,0.014884
2025-05-01T10:29:42.450000,-0.008001
2025-05-01T10:29:42.460000,0.011568
2025-05-01T10:29:42.470000,-0.009706
2025-05-01T10:29:42.480000,-0.014805
2025-05-01T10:29:42.490000,-0.003081
2025-05-01T10:29:42.500000,-0.000542
2025-05-01T10:29:42.510000,-0.007004
2025-05-01T10:29:42.520000,0.004050
2025-05-01T10:29:42.530000,0.004561
2025-05-01T10:29:42.540000,0.002429
2025-05-01T10:29:42.550000,-0.016457
2025-05-01T10:29:42.560000,-0.015929
2025-05-01T10:29:42.570000,-0.007637
2025-05-01T10:29:42.580000,0.001788
2025-05-01T10:29:42.590000,0.003088
2025-05-01T10:29:42.600000,-0.003663
2025-05-01T10:29:42.610000,0.005102
2025-05-01T10:29:42.620000,-0.007131
2025-05-01T10:29:42.630000,0.007021
2025-05-01T10:29:42.640000,-0.016564
2025-05-01T10:29:42.650000,0.004570
2025-05-01T10:29:42.660000,0.005892
2025-05-01T10:29:42.670000,-0.000725
2025-05-01T10:29:42.680000,-0.001794
2025-05-01T10:29:42.690000,-0.008460
2025-05-01T10:29:42.700000,0.008248
2025-05-01T10:29:42.710000,0.000042
2025-05-01T10:29:42.720000,0.008012
2025-05-01T10:29:42.730000,-0.009287
2025-05-01T10:29:42.740000,0.008333
2025-05-01T10:29:42.750000,-0.005153
2025-05-01T10:29:42.760000,-0.019310
2025-05-01T10:29:42.770000,-0.006098
2025-05-01T10:29:42.780000,0.022718
2025-05-01T10:29:42.790000,-0.009674
2025-05-01T10:29:42.800000,0.002884
2025-05-01T10:29:42.810000,-0.000294
2025-05-01T10:29:42.820000,0.004164
2025-05-01T10:29:42.830000,-0.004305
2025-05-01T10:29:42.840000,0.020340
2025-05-01T10:29:42.850000,-0.004681
2025-05-01T10:29:42.860000,0.007080
2025-05-01T10:29:42.870000,0.008679
2025-05-01T10:29:42.880000,-0.004449
2025-05-01T10:29:42.890000,-0.005853
2025-05-01T10:29:42.900000,0.017736
2025-05-01T10:29:42.910000,0.006239
2025-05-01T10:29:42.920000,-0.003621
2025-05-01T10:29:42.930000,0.012564
2025-05-01T10:29:42.940000,-0.009458
2025-05-01T10:29:42.950000,0.018480
2025-05-01T10:29:42.960000,-0.000537
2025-05-01T10:29:42.970000,0.003588
2025-05-01T10:29:42.980000,-0.017557
2025-05-01T10:29:42.990000,-0.000320
2025-05-01T10:29:43,0.018210
2025-05-01T10:29:43.010000,-0.016648
2025-05-01T10:29:43.020000,0.012304
2025-05-01T10:29:43.030000,0.010828
2025-05-01T10:29:43.040000,-0.002485
2025-05-01T10:29:43.050000,-0.003124
2025-05-01T10:29:43.060000,-0.006428
2025-05-01T10:29:43.070000,-0.005526
2025-05-01T10:29:43.080000,-0.001032
2025-05-01T10:29:43.090000,-0.002350
2025-05-01T10:29:43.100000,0.011178
2025-05-01T10:29:43.110000,0.000681
2025-05-01T10:29:43.120000,0.007789
2025-05-01T10:29:43.130000,-0.014874
2025-05-01T10:29:43.140000,0.004774
2025-05-01T10:29:43.150000,0.005459
2025-05-01T10:29:43.160000,0.004542
2025-05-01T10:29:43.170000,-0.008749
2025-05-01T10:29:43.180000,0.002623
2025-05-01T10:29:43.190000,0.017975
2025-05-01T10:29:43.200000,-0.004590
2025-05-01T10:29:43.210000,-0.008071
2025-05-01T10:29:43.220000,0.012534
2025-05-01T10:29:43.230000,-0.002208
2025-05-01T10:29:43.240000,-0.007700
2025-05-01T10:29:43.250000,0.006430
2025-05-01T10:29:43.260000,-0.003209
2025-05-01T10:29:43.270000,0.002123
2025-05-01T10:29:43.280000,0.006894
2025-05-01T10:29:43.290000,0.010493
2025-05-01T10:29:43.300000,-0.009086
2025-05-01T10:29:43.310000,-0.007445
2025-05-01T10:29:43.320000,0.003763
2025-05-01T10:29:43.330000,0.003541
2025-05-01T10:29:43.340000,-0.001392
2025-05-01T10:29:43.350000,0.013086
2025-05-01T10:29:43.360000,0.006480
2025-05-01T10:29:43.370000,0.009306
2025-05-01T10:29:43.380000,0.007646
2025-05-01T10:29:43.390000,-0.002455
2025-05-01T10:29:43.400000,-0.002223
2025-05-01T10:29:43.410000,-0.000277
2025-05-01T10:29:43.420000,0.013428
2025-05-01T10:29:43.430000,-0.000742
2025-05-01T10:29:43.440000,0.013577
2025-05-01T10:29:43.450000,0.014218
2025-05-01T10:29:43.460000,0.006658
2025-05-01T10:29:43.470000,-0.013595
2025-05-01T10:29:43.480000,0.004315
2025-05-01T10:29:43.490000,-0.004407
2025-05-01T10:29:43.500000,0.026034
2025-05-01T10:29:43.510000,0.001572
2025-05-01T10:29:43.520000,0.001601
2025-05-01T10:29:43.530000,0.009926
2025-05-01T10:29:43.540000,0.014689
2025-05-01T10:29:43.550000,-0.006991
2025-05-01T10:29:43.560000,-0.023845
2025-05-01T10:29:43.570000,-0.002126
2025-05-01T10:29:43.580000,0.002129
2025-05-01T10:29:43.590000,-0.012122
2025-05-01T10:29:43.600000,0.009859
2025-05-01T10:29:43.610000,0.012730
2025-05-01T10:29:43.620000,-0.001240
2025-05-01T10:29:43.630000,-0.007502
2025-05-01T10:29:43.640000,0.000947
2025-05-01T10:29:43.650000,0.022719
2025-05-01T10:29:43.660000,0.004256
2025-05-01T10:29:43.670000,-0.008488
2025-05-01T10:29:43.680000,-0.007643
2025-05-01T10:29:43.690000,0.000893
2025-05-01T10:29:43.700000,0.000530
2025-05-01T10:29:43.710000,-0.020538
2025-05-01T10:29:43.720000,0.002387
2025-05-01T10:29:43.730000,0.003014
2025-05-01T10:29:43.740000,0.006456
2025-05-01T10:29:43.750000,-0.004489
2025-05-01T10:29:43.760000,0.013117
2025-05-01T10:29:43.770000,-0.004448
2025-05-01T10:29:43.780000,0.025540
2025-05-01T10:29:43.790000,-0.001489
2025-05-01T10:29:43.800000,-0.008750
2025-05-01T10:29:43.810000,-0.010553
2025-05-01T10:29:43.820000,-0.008496
2025-05-01T10:29:43.830000,0.008035
2025-05-01T10:29:43.840000,0.007089
2025-05-01T10:29:43.850000,-0.009797
2025-05-01T10:29:43.860000,-0.016360
2025-05-01T10:29:43.870000,-0.009265
2025-05-01T10:29:43.880000,-0.003006
2025-05-01T10:29:43.890000,0.006475
2025-05-01T10:29:43.900000,0.020313
2025-05-01T10:29:43.910000,-0.005266
2025-05-01T10:29:43.920000,-0.030611
2025-05-01T10:29:43.930000,0.003270
2025-05-01T10:29:43.940000,-0.018907
2025-05-01T10:29:43.950000,-0.013222
2025-05-01T10:29:43.960000,0.023202
2025-05-01T10:29:43.970000,0.021741
2025-05-01T10:29:43.980000,-0.009313
2025-05-01T10:29:43.990000,0.006442
2025-05-01T10:29:44,-0.009427
2025-05-01T10:29:44.010000,0.003173
2025-05-01T10:29:44.020000,-0.004773
2025-05-01T10:29:44.030000,0.014445
2025-05-01T10:29:44.040000,-0.005388
2025-05-01T10:29:44.050000,-0.021968
2025-05-01T10:29:44.060000,0.011757
2025-05-01T10:29:44.070000,-0.015425
2025-05-01T10:29:44.080000,-0.005734
2025-05-01T10:29:44.090000,-0.009613
2025-05-01T10:29:44.100000,0.002469
2025-05-01T10:29:44.110000,0.001314
2025-05-01T10:29:44.120000,0.001061
2025-05-01T10:29:44.130000,-0.006505
2025-05-01T10:29:44.140000,0.019601
2025-05-01T10:29:44.150000,-0.004101
2025-05-01T10:29:44.160000,0.006150
2025-05-01T10:29:44.170000,-0.019441
2025-05-01T10:29:44.180000,0.000563
2025-05-01T10:29:44.190000,0.008918
2025-05-01T10:29:44.200000,-0.004942
2025-05-01T10:29:44.210000,-0.005320
2025-05-01T10:29:44.220000,-0.017136
2025-05-01T10:29:44.230000,0.001262
2025-05-01T10:29:44.240000,0.018478
2025-05-01T10:29:44.250000,0.010402
2025-05-01T10:29:44.260000,-0.009864
2025-05-01T10:29:44.270000,-0.010156
2025-05-01T10:29:44.280000,0.008076
2025-05-01T10:29:44.290000,0.001793
2025-05-01T10:29:44.300000,0.015362
2025-05-01T10:29:44.310000,-0.020283
2025-05-01T10:29:44.320000,0.010195
2025-05-01T10:29:44.330000,0.016448
2025-05-01T10:29:44.340000,-0.013680
2025-05-01T10:29:44.350000,-0.011264
2025-05-01T10:29:44.360000,0.015027
2025-05-01T10:29:44.370000,0.001320
2025-05-01T10:29:44.380000,-0.016055
2025-05-01T10:29:44.390000,0.001621
2025-05-01T10:29:44.400000,0.013401
2025-05-01T10:29:44.410000,0.004008
2025-05-01T10:29:44.420000,0.000913
2025-05-01T10:29:44.430000,-0.013726
2025-05-01T10:29:44.440000,-0.013097
2025-05-01T10:29:44.450000,-0.004432
2025-05-01T10:29:44.460000,-0.004869
2025-05-01T10:29:44.470000,0.005235
2025-05-01T10:29:44.480000,0.014152
2025-05-01T10:29:44.490000,0.007468
2025-05-01T10:29:44.500000,-0.011771
2025-05-01T10:29:44.510000,0.009840
2025-05-01T10:29:44.520000,-0.016650
2025-05-01T10:29:44.530000,0.000199
2025-05-01T10:29:44.540000,0.001464
2025-05-01T10:29:44.550000,0.009140
2025-05-01T10:29:44.560000,0.008232
2025-05-01T10:29:44.570000,-0.005263
2025-05-01T10:29:44.580000,0.003736
2025-05-01T10:29:44.590000,0.009772
2025-05-01T10:29:44.600000,0.007025
2025-05-01T10:29:44.610000,-0.015095
2025-05-01T10:29:44.620000,-0.009314
2025-05-01T10:29:44.630000,0.017104
2025-05-01T10:29:44.640000,0.002771
2025-05-01T10:29:44.650000,-0.010969
2025-05-01T10:29:44.660000,-0.011142
2025-05-01T10:29:44.670000,-0.007905
2025-05-01T10:29:44.680000,-0.017677
2025-05-01T10:29:44.690000,-0.005717
2025-05-01T10:29:44.700000,-0.001524
2025-05-01T10:29:44.710000,0.012036
2025-05-01T10:29:44.720000,-0.006032
2025-05-01T10:29:44.730000,0.008938
2025-05-01T10:29:44.740000,-0.001079
2025-05-01T10:29:44.750000,0.002805
2025-05-01T10:29:44.760000,-0.001604
2025-05-01T10:29:44.770000,0.016612
2025-05-01T10:29:44.780000,-0.023190
2025-05-01T10:29:44.790000,0.005733
2025-05-01T10:29:44.800000,0.002967
2025-05-01T10:29:44.810000,0.001400
2025-05-01T10:29:44.820000,0.016390
2025-05-01T10:29:44.830000,0.006865
2025-05-01T10:29:44.840000,0.002753
2025-05-01T10:29:44.850000,-0.000849
2025-05-01T10:29:44.860000,-0.002529
2025-05-01T10:29:44.870000,0.009129
2025-05-01T10:29:44.880000,0.002501
2025-05-01T10:29:44.890000,-0.008633
2025-05-01T10:29:44.900000,-0.004429
2025-05-01T10:29:44.910000,-0.019115
2025-05-01T10:29:44.920000,-0.000233
2025-05-01T10:29:44.930000,-0.002533
2025-05-01T10:29:44.940000,0.008996
2025-05-01T10:29:44.950000,0.012903
2025-05-01T10:29:44.960000,0.007982
2025-05-01T10:29:44.970000,-0.013747
2025-05-01T10:29:44.980000,-0.002385
2025-05-01T10:29:44.990000,-0.008809
2025-05-01T10:29:45,-0.004391
2025-05-01T10:29:45.010000,0.007450
2025-05-01T10:29:45.020000,-0.005032
2025-05-01T10:29:45.030000,0.005104
2025-05-01T10:29:45.040000,0.006772
2025-05-01T10:29:45.050000,-0.004709
2025-05-01T10:29:45.060000,-0.007342
2025-05-01T10:29:45.070000,-0.009277
2025-05-01T10:29:45.080000,-0.017767
2025-05-01T10:29:45.090000,0.014410
2025-05-01T10:29:45.100000,-0.013266
2025-05-01T10:29:45.110000,0.008345
2025-05-01T10:29:45.120000,0.009837
2025-05-01T10:29:45.130000,0.017757
2025-05-01T10:29:45.140000,0.012590
2025-05-01T10:29:45.150000,0.020551
2025-05-01T10:29:45.160000,0.015620
2025-05-01T10:29:45.170000,-0.001992
2025-05-01T10:29:45.180000,0.010021
2025-05-01T10:29:45.190000,0.020133
2025-05-01T10:29:45.200000,0.012271
2025-05-01T10:29:45.210000,-0.010290
2025-05-01T10:29:45.220000,-0.020774
2025-05-01T10:29:45.230000,-0.024434
2025-05-01T10:29:45.240000,-0.033071
2025-05-01T10:29:45.250000,-0.027019
2025-05-01T10:29:45.260000,-0.058487
2025-05-01T10:29:45.270000,-0.052966
2025-05-01T10:29:45.280000,-0.017124
2025-05-01T10:29:45.290000,-0.014146
2025-05-01T10:29:45.300000,0.001410
2025-05-01T10:29:45.310000,0.021366
2025-05-01T10:29:45.320000,0.059035
2025-05-01T10:29:45.330000,0.089807
2025-05-01T10:29:45.340000,0.097432
2025-05-01T10:29:45.350000,0.100142
2025-05-01T10:29:45.360000,0.109709
2025-05-01T10:29:45.370000,0.127634
2025-05-01T10:29:45.380000,0.092056
2025-05-01T10:29:45.390000,0.047315
2025-05-01T10:29:45.400000,0.008772
2025-05-01T10:29:45.410000,-0.058442
2025-05-01T10:29:45.420000,-0.110126
2025-05-01T10:29:45.430000,-0.193647
2025-05-01T10:29:45.440000,-0.260755
2025-05-01T10:29:45.450000,-0.308721
2025-05-01T10:29:45.460000,-0.295865
2025-05-01T10:29:45.470000,-0.310759
2025-05-01T10:29:45.480000,-0.230246
2025-05-01T10:29:45.490000,-0.139714
2025-05-01T10:29:45.500000,0.005812
2025-05-01T10:29:45.510000,0.137233
2025-05-01T10:29:45.520000,0.249940
2025-05-01T10:29:45.530000,0.288553
2025-05-01T10:29:45.540000,0.312745
2025-05-01T10:29:45.550000,0.300100
2025-05-01T10:29:45.560000,0.262676
2025-05-01T10:29:45.570000,0.212560
2025-05-01T10:29:45.580000,0.128773
2025-05-01T10:29:45.590000,0.062866
2025-05-01T10:29:45.600000,-0.010136
2025-05-01T10:29:45.610000,-0.043247
2025-05-01T10:29:45.620000,-0.077201
2025-05-01T10:29:45.630000,-0.118464
2025-05-01T10:29:45.640000,-0.113494
2025-05-01T10:29:45.650000,-0.109920
2025-05-01T10:29:45.660000,-0.110416
2025-05-01T10:29:45.670000,-0.074058
2025-05-01T10:29:45.680000,-0.050825
2025-05-01T10:29:45.690000,-0.007562
2025-05-01T10:29:45.700000,-0.005178
2025-05-01T10:29:45.710000,0.010478
2025-05-01T10:29:45.720000,0.036334
2025-05-01T10:29:45.730000,0.039972
2025-05-01T10:29:45.740000,0.048612
2025-05-01T10:29:45.750000,0.038251
2025-05-01T10:29:45.760000,0.012178
2025-05-01T10:29:45.770000,0.035635
2025-05-01T10:29:45.780000,0.030351
2025-05-01T10:29:45.790000,0.005770
2025-05-01T10:29:45.800000,0.001665
2025-05-01T10:29:45.810000,-0.013295
2025-05-01T10:29:45.820000,-0.022567
2025-05-01T10:29:45.830000,-0.029203
2025-05-01T10:29:45.840000,-0.012904
2025-05-01T10:29:45.850000,-0.013268
2025-05-01T10:29:45.860000,-0.009131
2025-05-01T10:29:45.870000,-0.023076
2025-05-01T10:29:45.880000,-0.002760
2025-05-01T10:29:45.890000,-0.014598
2025-05-01T10:29:45.900000,0.015107
2025-05-01T10:29:45.910000,0.005113
2025-05-01T10:29:45.920000,0.009004
2025-05-01T10:29:45.930000,-0.006316
2025-05-01T10:29:45.940000,0.009684
2025-05-01T10:29:45.950000,0.021556
2025-05-01T10:29:45.960000,0.023551
2025-05-01T10:29:45.970000,0.033253
2025-05-01T10:29:45.980000,-0.005056
2025-05-01T10:29:45.990000,0.010225
2025-05-01T10:29:46,-0.009707
2025-05-01T10:29:46.010000,0.008538
2025-05-01T10:29:46.020000,0.010032
2025-05-01T10:29:46.030000,-0.002678
2025-05-01T10:29:46.040000,0.032223
2025-05-01T10:29:46.050000,-0.000713
2025-05-01T10:29:46.060000,-0.008674
2025-05-01T10:29:46.070000,-0.015364
2025-05-01T10:29:46.080000,-0.018450
2025-05-01T10:29:46.090000,0.012593
2025-05-01T10:29:46.100000,-0.013338
2025-05-01T10:29:46.110000,0.008465
2025-05-01T10:29:46.120000,0.003354
2025-05-01T10:29:46.130000,0.012080
2025-05-01T10:29:46.140000,0.018286
2025-05-01T10:29:46.150000,-0.000604
2025-05-01T10:29:46.160000,0.000059
2025-05-01T10:29:46.170000,-0.001276
2025-05-01T10:29:46.180000,0.004748
2025-05-01T10:29:46.190000,0.011465
2025-05-01T10:29:46.200000,-0.015347
2025-05-01T10:29:46.210000,0.001674
2025-05-01T10:29:46.220000,-0.015727
2025-05-01T10:29:46.230000,-0.012698
2025-05-01T10:29:46.240000,-0.005066
2025-05-01T10:29:46.250000,0.009360
2025-05-01T10:29:46.260000,-0.014464
2025-05-01T10:29:46.270000,0.004733
2025-05-01T10:29:46.280000,-0.003322
2025-05-01T10:29:46.290000,0.000755
2025-05-01T10:29:46.300000,0.015951
2025-05-01T10:29:46.310000,0.005986
2025-05-01T10:29:46.320000,0.003395
2025-05-01T10:29:46.330000,-0.007510
2025-05-01T10:29:46.340000,0.005539
2025-05-01T10:29:46.350000,0.002150
2025-05-01T10:29:46.360000,0.004189
2025-05-01T10:29:46.370000,-0.008316
2025-05-01T10:29:46.380000,0.005195
2025-05-01T10:29:46.390000,-0.002379
2025-05-01T10:29:46.400000,0.001249
2025-05-01T10:29:46.410000,-0.001184
2025-05-01T10:29:46.420000,0.011674
2025-05-01T10:29:46.430000,0.002120
2025-05-01T10:29:46.440000,-0.013131
2025-05-01T10:29:46.450000,0.002074
2025-05-01T10:29:46.460000,-0.012609
2025-05-01T10:29:46.470000,-0.003654
2025-05-01T10:29:46.480000,0.005106
2025-05-01T10:29:46.490000,-0.013301
2025-05-01T10:29:46.500000,0.007181
2025-05-01T10:29:46.510000,0.017958
2025-05-01T10:29:46.520000,-0.001769
2025-05-01T10:29:46.530000,-0.003155
2025-05-01T10:29:46.540000,0.004115
2025-05-01T10:29:46.550000,0.003417
2025-05-01T10:29:46.560000,-0.002297
2025-05-01T10:29:46.570000,0.005007
2025-05-01T10:29:46.580000,0.006742
2025-05-01T10:29:46.590000,-0.008760
2025-05-01T10:29:46.600000,-0.006894
2025-05-01T10:29:46.610000,-0.020308
2025-05-01T10:29:46.620000,0.009307
2025-05-01T10:29:46.630000,0.012751
2025-05-01T10:29:46.640000,0.008948
2025-05-01T10:29:46.650000,-0.011863
2025-05-01T10:29:46.660000,-0.028167
2025-05-01T10:29:46.670000,0.004840
2025-05-01T10:29:46.680000,-0.012917
2025-05-01T10:29:46.690000,-0.009903
2025-05-01T10:29:46.700000,-0.020712
2025-05-01T10:29:46.710000,0.009121
2025-05-01T10:29:46.720000,-0.008885
2025-05-01T10:29:46.730000,-0.007330
2025-05-01T10:29:46.740000,-0.005783
2025-05-01T10:29:46.750000,0.007532
2025-05-01T10:29:46.760000,0.001814
2025-05-01T10:29:46.770000,-0.004690
2025-05-01T10:29:46.780000,-0.001873
2025-05-01T10:29:46.790000,-0.008743
2025-05-01T10:29:46.800000,-0.012771
2025-05-01T10:29:46.810000,0.006937
2025-05-01T10:29:46.820000,0.000141
2025-05-01T10:29:46.830000,0.013548
2025-05-01T10:29:46.840000,-0.004585
2025-05-01T10:29:46.850000,-0.000304
2025-05-01T10:29:46.860000,-0.014560
2025-05-01T10:29:46.870000,0.012043
2025-05-01T10:29:46.880000,0.009577
2025-05-01T10:29:46.890000,-0.007097
2025-05-01T10:29:46.900000,-0.000031
2025-05-01T10:29:46.910000,0.002646
2025-05-01T10:29:46.920000,0.000462
2025-05-01T10:29:46.930000,0.002508
2025-05-01T10:29:46.940000,-0.009229
2025-05-01T10:29:46.950000,0.003465
2025-05-01T10:29:46.960000,-0.001748
2025-05-01T10:29:46.970000,-0.000988
2025-05-01T10:29:46.980000,-0.005509
2025-05-01T10:29:46.990000,0.000610
2025-05-01T10:29:47,0.010681
2025-05-01T10:29:47.010000,0.008198
2025-05-01T10:29:47.020000,-0.006263
2025-05-01T10:29:47.030000,-0.018670
2025-05-01T10:29:47.040000,0.012329
2025-05-01T10:29:47.050000,0.004345
2025-05-01T10:29:47.060000,-0.000907
2025-05-01T10:29:47.070000,-0.007131
2025-05-01T10:29:47.080000,0.006580
2025-05-01T10:29:47.090000,-0.000032
2025-05-01T10:29:47.100000,-0.006290
2025-05-01T10:29:47.110000,0.013829
2025-05-01T10:29:47.120000,0.003107
2025-05-01T10:29:47.130000,0.003616
2025-05-01T10:29:47.140000,-0.017082
2025-05-01T10:29:47.150000,0.000781
2025-05-01T10:29:47.160000,-0.019981
2025-05-01T10:29:47.170000,-0.008115
2025-05-01T10:29:47.180000,0.005201
2025-05-01T10:29:47.190000,0.003051
2025-05-01T10:29:47.200000,0.002364
2025-05-01T10:29:47.210000,-0.002754
2025-05-01T10:29:47.220000,-0.016178
2025-05-01T10:29:47.230000,0.012956
2025-05-01T10:29:47.240000,0.004101
2025-05-01T10:29:47.250000,0.008115
2025-05-01T10:29:47.260000,-0.003872
2025-05-01T10:29:47.270000,-0.014762
2025-05-01T10:29:47.280000,-0.008651
2025-05-01T10:29:47.290000,0.002526
2025-05-01T10:29:47.300000,0.002190
2025-05-01T10:29:47.310000,0.007854
2025-05-01T10:29:47.320000,-0.000185
2025-05-01T10:29:47.330000,0.009165
2025-05-01T10:29:47.340000,-0.006750
2025-05-01T10:29:47.350000,0.006425
2025-05-01T10:29:47.360000,0.002462
2025-05-01T10:29:47.370000,0.010357
2025-05-01T10:29:47.380000,0.006087
2025-05-01T10:29:47.390000,-0.003426
2025-05-01T10:29:47.400000,-0.002678
2025-05-01T10:29:47.410000,0.007763
2025-05-01T10:29:47.420000,0.003800
2025-05-01T10:29:47.430000,0.017829
2025-05-01T10:29:47.440000,0.005751
2025-05-01T10:29:47.450000,-0.017613
2025-05-01T10:29:47.460000,-0.010895
2025-05-01T10:29:47.470000,0.014148
2025-05-01T10:29:47.480000,-0.008201
2025-05-01T10:29:47.490000,-0.000646
2025-05-01T10:29:47.500000,0.004056
2025-05-01T10:29:47.510000,-0.001289
2025-05-01T10:29:47.520000,-0.004678
2025-05-01T10:29:47.530000,0.013781
2025-05-01T10:29:47.540000,0.005697
2025-05-01T10:29:47.550000,0.000440
2025-05-01T10:29:47.560000,-0.008809
2025-05-01T10:29:47.570000,0.010748
2025-05-01T10:29:47.580000,-0.007268
2025-05-01T10:29:47.590000,-0.008452
2025-05-01T10:29:47.600000,0.008104
2025-05-01T10:29:47.610000,-0.007564
2025-05-01T10:29:47.620000,0.003480
2025-05-01T10:29:47.630000,0.001433
2025-05-01T10:29:47.640000,0.008572
2025-05-01T10:29:47.650000,0.009100
2025-05-01T10:29:47.660000,-0.001094
2025-05-01T10:29:47.670000,-0.018392
2025-05-01T10:29:47.680000,0.010985
2025-05-01T10:29:47.690000,0.014752
2025-05-01T10:29:47.700000,-0.008947
2025-05-01T10:29:47.710000,-0.001583
2025-05-01T10:29:47.720000,0.007267
2025-05-01T10:29:47.730000,0.001989
2025-05-01T10:29:47.740000,-0.016651
2025-05-01T10:29:47.750000,0.003492
2025-05-01T10:29:47.760000,0.000982
2025-05-01T10:29:47.770000,-0.004669
2025-05-01T10:29:47.780000,-0.023662
2025-05-01T10:29:47.790000,0.013108
2025-05-01T10:29:47.800000,0.000083
2025-05-01T10:29:47.810000,0.000630
2025-05-01T10:29:47.820000,-0.013941
2025-05-01T10:29:47.830000,-0.000295
2025-05-01T10:29:47.840000,0.011014
2025-05-01T10:29:47.850000,-0.006456
2025-05-01T10:29:47.860000,0.004097
2025-05-01T10:29:47.870000,-0.000208
2025-05-01T10:29:47.880000,-0.002215
2025-05-01T10:29:47.890000,-0.023608
2025-05-01T10:29:47.900000,0.005846
2025-05-01T10:29:47.910000,-0.001500
2025-05-01T10:29:47.920000,-0.006809
2025-05-01T10:29:47.930000,0.007175
2025-05-01T10:29:47.940000,-0.006428
2025-05-01T10:29:47.950000,0.014645
2025-05-01T10:29:47.960000,-0.000225
2025-05-01T10:29:47.970000,0.012278
2025-05-01T10:29:47.980000,-0.002871
2025-05-01T10:29:47.990000,-0.008517
2025-05-01T10:29:48,-0.003546
2025-05-01T10:29:48.010000,0.007907
2025-05-01T10:29:48.020000,0.020383
2025-05-01T10:29:48.030000,-0.021083
2025-05-01T10:29:48.040000,0.017905
2025-05-01T10:29:48.050000,0.017710
2025-05-01T10:29:48.060000,0.003231
2025-05-01T10:29:48.070000,-0.004923
2025-05-01T10:29:48.080000,0.005898
2025-05-01T10:29:48.090000,0.003975
2025-05-01T10:29:48.100000,-0.005948
2025-05-01T10:29:48.110000,-0.004092
2025-05-01T10:29:48.120000,-0.009593
2025-05-01T10:29:48.130000,0.000665
2025-05-01T10:29:48.140000,0.000460
2025-05-01T10:29:48.150000,0.012920
2025-05-01T10:29:48.160000,0.009213
2025-05-01T10:29:48.170000,0.000754
2025-05-01T10:29:48.180000,0.003786
2025-05-01T10:29:48.190000,0.007815
2025-05-01T10:29:48.200000,0.011722
2025-05-01T10:29:48.210000,0.002548
2025-05-01T10:29:48.220000,-0.007291
2025-05-01T10:29:48.230000,-0.011860
2025-05-01T10:29:48.240000,0.000640
2025-05-01T10:29:48.250000,0.007551
2025-05-01T10:29:48.260000,0.008443
2025-05-01T10:29:48.270000,-0.015526
2025-05-01T10:29:48.280000,-0.011032
2025-05-01T10:29:48.290000,0.010510
2025-05-01T10:29:48.300000,0.020363
2025-05-01T10:29:48.310000,-0.003914
2025-05-01T10:29:48.320000,-0.005599
2025-05-01T10:29:48.330000,0.000022
2025-05-01T10:29:48.340000,-0.003252
2025-05-01T10:29:48.350000,-0.008400
2025-05-01T10:29:48.360000,-0.014349
2025-05-01T10:29:48.370000,-0.001665
2025-05-01T10:29:48.380000,-0.004968
2025-05-01T10:29:48.390000,-0.017838
2025-05-01T10:29:48.400000,0.003895
2025-05-01T10:29:48.410000,0.003168
2025-05-01T10:29:48.420000,0.000725
2025-05-01T10:29:48.430000,0.002932
2025-05-01T10:29:48.440000,-0.009743
2025-05-01T10:29:48.450000,-0.008735
2025-05-01T10:29:48.460000,-0.005645
2025-05-01T10:29:48.470000,-0.005549
2025-05-01T10:29:48.480000,-0.003429
2025-05-01T10:29:48.490000,0.004058
2025-05-01T10:29:48.500000,0.001680
2025-05-01T10:29:48.510000,0.011590
2025-05-01T10:29:48.520000,0.013621
2025-05-01T10:29:48.530000,0.004262
2025-05-01T10:29:48.540000,-0.016358
2025-05-01T10:29:48.550000,0.012493
2025-05-01T10:29:48.560000,0.002223
2025-05-01T10:29:48.570000,-0.006635
2025-05-01T10:29:48.580000,0.005777
2025-05-01T10:29:48.590000,0.001734
2025-05-01T10:29:48.600000,-0.000648
2025-05-01T10:29:48.610000,-0.010241
2025-05-01T10:29:48.620000,0.005440
2025-05-01T10:29:48.630000,-0.010872
2025-05-01T10:29:48.640000,-0.005405
2025-05-01T10:29:48.650000,-0.006717
2025-05-01T10:29:48.660000,0.001288
2025-05-01T10:29:48.670000,0.004772
2025-05-01T10:29:48.680000,-0.016290
2025-05-01T10:29:48.690000,-0.014856
2025-05-01T10:29:48.700000,0.010632
2025-05-01T10:29:48.710000,0.019705
2025-05-01T10:29:48.720000,0.014995
2025-05-01T10:29:48.730000,-0.000103
2025-05-01T10:29:48.740000,-0.007872
2025-05-01T10:29:48.750000,0.000219
2025-05-01T10:29:48.760000,-0.006563
2025-05-01T10:29:48.770000,0.012135
2025-05-01T10:29:48.780000,-0.011300
2025-05-01T10:29:48.790000,0.015176
2025-05-01T10:29:48.800000,0.012135
2025-05-01T10:29:48.810000,-0.000874
2025-05-01T10:29:48.820000,-0.010007
2025-05-01T10:29:48.830000,0.011434
2025-05-01T10:29:48.840000,0.003580
2025-05-01T10:29:48.850000,0.013966
2025-05-01T10:29:48.860000,0.003643
2025-05-01T10:29:48.870000,-0.005455
2025-05-01T10:29:48.880000,-0.006924
2025-05-01T10:29:48.890000,-0.004923
2025-05-01T10:29:48.900000,0.015240
2025-05-01T10:29:48.910000,0.005079
2025-05-01T10:29:48.920000,0.002292
2025-05-01T10:29:48.930000,-0.000041
2025-05-01T10:29:48.940000,0.013063
2025-05-01T10:29:48.950000,0.003783
2025-05-01T10:29:48.960000,-0.000045
2025-05-01T10:29:48.970000,-0.015929
2025-05-01T10:29:48.980000,-0.000016
2025-05-01T10:29:48.990000,-0.019387
2025-05-01T10:29:49,0.002564
2025-05-01T10:29:49.010000,0.016408
2025-05-01T10:29:49.020000,0.008763
2025-05-01T10:29:49.030000,0.010585
2025-05-01T10:29:49.040000,-0.013136
2025-05-01T10:29:49.050000,-0.002986
2025-05-01T10:29:49.060000,0.003274
2025-05-01T10:29:49.070000,-0.009203
2025-05-01T10:29:49.080000,-0.009962
2025-05-01T10:29:49.090000,-0.008238
2025-05-01T10:29:49.100000,-0.006844
2025-05-01T10:29:49.110000,0.005941
2025-05-01T10:29:49.120000,0.011823
2025-05-01T10:29:49.130000,0.011065
2025-05-01T10:29:49.140000,0.013797
2025-05-01T10:29:49.150000,0.014283
2025-05-01T10:29:49.160000,-0.000212
2025-05-01T10:29:49.170000,-0.010401
2025-05-01T10:29:49.180000,0.015585
2025-05-01T10:29:49.190000,-0.009207
2025-05-01T10:29:49.200000,0.004190
2025-05-01T10:29:49.210000,-0.005719
2025-05-01T10:29:49.220000,0.004240
2025-05-01T10:29:49.230000,-0.002072
2025-05-01T10:29:49.240000,0.019578
2025-05-01T10:29:49.250000,-0.005550
2025-05-01T10:29:49.260000,0.002089
2025-05-01T10:29:49.270000,-0.013213
2025-05-01T10:29:49.280000,-0.011586
2025-05-01T10:29:49.290000,-0.003291
2025-05-01T10:29:49.300000,-0.009587
2025-05-01T10:29:49.310000,0.003408
2025-05-01T10:29:49.320000,0.006996
2025-05-01T10:29:49.330000,-0.004654
2025-05-01T10:29:49.340000,0.015016
2025-05-01T10:29:49.350000,-0.009092
2025-05-01T10:29:49.360000,-0.005113
2025-05-01T10:29:49.370000,0.005382
2025-05-01T10:29:49.380000,0.002182
2025-05-01T10:29:49.390000,-0.008120
2025-05-01T10:29:49.400000,0.010543
2025-05-01T10:29:49.410000,0.016194
2025-05-01T10:29:49.420000,0.004895
2025-05-01T10:29:49.430000,0.006085
2025-05-01T10:29:49.440000,-0.000207
2025-05-01T10:29:49.450000,0.008985
2025-05-01T10:29:49.460000,0.007351
2025-05-01T10:29:49.470000,0.011713
2025-05-01T10:29:49.480000,-0.024181
2025-05-01T10:29:49.490000,0.014141
2025-05-01T10:29:49.500000,-0.003382
2025-05-01T10:29:49.510000,0.002770
2025-05-01T10:29:49.520000,0.002908
2025-05-01T10:29:49.530000,0.007782
2025-05-01T10:29:49.540000,-0.011718
2025-05-01T10:29:49.550000,-0.010130
2025-05-01T10:29:49.560000,-0.001139
2025-05-01T10:29:49.570000,0.001851
2025-05-01T10:29:49.580000,0.000002
2025-05-01T10:29:49.590000,0.004813
2025-05-01T10:29:49.600000,-0.005858
2025-05-01T10:29:49.610000,-0.007858
2025-05-01T10:29:49.620000,0.011114
2025-05-01T10:29:49.630000,-0.006996
2025-05-01T10:29:49.640000,0.001717
2025-05-01T10:29:49.650000,0.000426
2025-05-01T10:29:49.660000,0.019135
2025-05-01T10:29:49.670000,0.006432
2025-05-01T10:29:49.680000,0.004113
2025-05-01T10:29:49.690000,0.013621
2025-05-01T10:29:49.700000,0.006410
2025-05-01T10:29:49.710000,-0.006206
2025-05-01T10:29:49.720000,-0.005831
2025-05-01T10:29:49.730000,0.014315
2025-05-01T10:29:49.740000,0.013148
2025-05-01T10:29:49.750000,-0.019534
2025-05-01T10:29:49.760000,-0.001454
2025-05-01T10:29:49.770000,0.003698
2025-05-01T10:29:49.780000,-0.001619
2025-05-01T10:29:49.790000,0.003610
2025-05-01T10:29:49.800000,0.002077
2025-05-01T10:29:49.810000,-0.008649
2025-05-01T10:29:49.820000,0.024469
2025-05-01T10:29:49.830000,0.009809
2025-05-01T10:29:49.840000,-0.005376
2025-05-01T10:29:49.850000,-0.010136
2025-05-01T10:29:49.860000,0.006875
2025-05-01T10:29:49.870000,-0.022337
2025-05-01T10:29:49.880000,-0.002566
2025-05-01T10:29:49.890000,-0.000969
2025-05-01T10:29:49.900000,0.007416
2025-05-01T10:29:49.910000,-0.006976
2025-05-01T10:29:49.920000,-0.010761
2025-05-01T10:29:49.930000,0.001709
2025-05-01T10:29:49.940000,-0.006449
2025-05-01T10:29:49.950000,-0.014833
2025-05-01T10:29:49.960000,-0.005062
2025-05-01T10:29:49.970000,0.000447
2025-05-01T10:29:49.980000,-0.001834
2025-05-01T10:29:49.990000,-0.004162
2025-05-01T10:29:50,0.001838
2025-05-01T10:29:50.010000,-0.014199
2025-05-01T10:29:50.020000,0.002809
2025-05-01T10:29:50.030000,-0.006742
2025-05-01T10:29:50.040000,-0.002569
2025-05-01T10:29:50.050000,-0.015829
2025-05-01T10:29:50.060000,0.014842
2025-05-01T10:29:50.070000,0.006570
2025-05-01T10:29:50.080000,0.018704
2025-05-01T10:29:50.090000,-0.018978
2025-05-01T10:29:50.100000,0.002921
2025-05-01T10:29:50.110000,-0.033078
2025-05-01T10:29:50.120000,0.007357
2025-05-01T10:29:50.130000,-0.006156
2025-05-01T10:29:50.140000,0.001608
2025-05-01T10:29:50.150000,0.005514
2025-05-01T10:29:50.160000,0.000475
2025-05-01T10:29:50.170000,0.002033
2025-05-01T10:29:50.180000,-0.021911
2025-05-01T10:29:50.190000,0.003293
2025-05-01T10:29:50.200000,0.001512
2025-05-01T10:29:50.210000,-0.019716
2025-05-01T10:29:50.220000,-0.007616
2025-05-01T10:29:50.230000,0.004271
2025-05-01T10:29:50.240000,-0.005622
2025-05-01T10:29:50.250000,-0.003746
2025-05-01T10:29:50.260000,-0.009932
2025-05-01T10:29:50.270000,0.001979
2025-05-01T10:29:50.280000,0.000119
2025-05-01T10:29:50.290000,0.003469
2025-05-01T10:29:50.300000,-0.000473
2025-05-01T10:29:50.310000,0.006463
2025-05-01T10:29:50.320000,0.003314
2025-05-01T10:29:50.330000,0.013686
2025-05-01T10:29:50.340000,-0.001188
2025-05-01T10:29:50.350000,-0.005244
2025-05-01T10:29:50.360000,0.001287
2025-05-01T10:29:50.370000,-0.015830
2025-05-01T10:29:50.380000,0.009495
2025-05-01T10:29:50.390000,-0.011823
2025-05-01T10:29:50.400000,-0.007633
2025-05-01T10:29:50.410000,-0.005497
2025-05-01T10:29:50.420000,0.019106
2025-05-01T10:29:50.430000,-0.000512
2025-05-01T10:29:50.440000,0.000344
2025-05-01T10:29:50.450000,-0.010360
2025-05-01T10:29:50.460000,-0.003577
2025-05-01T10:29:50.470000,-0.007546
2025-05-01T10:29:50.480000,0.010733
2025-05-01T10:29:50.490000,0.015017
2025-05-01T10:29:50.500000,0.000890
2025-05-01T10:29:50.510000,0.005462
2025-05-01T10:29:50.520000,-0.001316
2025-05-01T10:29:50.530000,0.005151
2025-05-01T10:29:50.540000,0.009904
2025-05-01T10:29:50.550000,0.005874
2025-05-01T10:29:50.560000,-0.002615
2025-05-01T10:29:50.570000,-0.008242
2025-05-01T10:29:50.580000,0.011806
2025-05-01T10:29:50.590000,-0.003338
2025-05-01T10:29:50.600000,-0.009563
2025-05-01T10:29:50.610000,-0.002259
2025-05-01T10:29:50.620000,-0.007247
2025-05-01T10:29:50.630000,0.000032
2025-05-01T10:29:50.640000,-0.004912
2025-05-01T10:29:50.650000,-0.008562
2025-05-01T10:29:50.660000,0.007895
2025-05-01T10:29:50.670000,0.000675
2025-05-01T10:29:50.680000,0.008532
2025-05-01T10:29:50.690000,0.010417
2025-05-01T10:29:50.700000,-0.009676
2025-05-01T10:29:50.710000,-0.000328
2025-05-01T10:29:50.720000,0.006969
2025-05-01T10:29:50.730000,0.007641
2025-05-01T10:29:50.740000,-0.010346
2025-05-01T10:29:50.750000,0.010930
2025-05-01T10:29:50.760000,0.010828
2025-05-01T10:29:50.770000,0.001383
2025-05-01T10:29:50.780000,-0.011053
2025-05-01T10:29:50.790000,-0.008325
2025-05-01T10:29:50.800000,0.001029
2025-05-01T10:29:50.810000,-0.009056
2025-05-01T10:29:50.820000,-0.000592
2025-05-01T10:29:50.830000,0.011172
2025-05-01T10:29:50.840000,0.011297
2025-05-01T10:29:50.850000,0.005166
2025-05-01T10:29:50.860000,-0.004766
2025-05-01T10:29:50.870000,-0.004710
2025-05-01T10:29:50.880000,0.025508
2025-05-01T10:29:50.890000,-0.000641
2025-05-01T10:29:50.900000,-0.000010
2025-05-01T10:29:50.910000,-0.002294
2025-05-01T10:29:50.920000,-0.009703
2025-05-01T10:29:50.930000,0.002544
2025-05-01T10:29:50.940000,-0.011992
2025-05-01T10:29:50.950000,0.001935
2025-05-01T10:29:50.960000,-0.015343
2025-05-01T10:29:50.970000,-0.011487
2025-05-01T10:29:50.980000,-0.015371
2025-05-01T10:29:50.990000,0.009777
2025-05-01T10:29:51,0.000599
2025-05-01T10:29:51.010000,0.023450
2025-05-01T10:29:51.020000,0.012112
2025-05-01T10:29:51.030000,0.010682
2025-05-01T10:29:51.040000,0.015363
2025-05-01T10:29:51.050000,-0.011644
2025-05-01T10:29:51.060000,0.001546
2025-05-01T10:29:51.070000,0.000514
2025-05-01T10:29:51.080000,0.000577
2025-05-01T10:29:51.090000,-0.002692
2025-05-01T10:29:51.100000,0.010175
2025-05-01T10:29:51.110000,-0.008966
2025-05-01T10:29:51.120000,-0.012991
2025-05-01T10:29:51.130000,-0.009247
2025-05-01T10:29:51.140000,0.001001
2025-05-01T10:29:51.150000,-0.003997
2025-05-01T10:29:51.160000,0.024944
2025-05-01T10:29:51.170000,-0.002654
2025-05-01T10:29:51.180000,0.000966
2025-05-01T10:29:51.190000,-0.007508
2025-05-01T10:29:51.200000,-0.020809
2025-05-01T10:29:51.210000,-0.006928
2025-05-01T10:29:51.220000,0.010940
2025-05-01T10:29:51.230000,-0.003915
2025-05-01T10:29:51.240000,0.002839
2025-05-01T10:29:51.250000,0.008824
2025-05-01T10:29:51.260000,-0.017626
2025-05-01T10:29:51.270000,0.010736
2025-05-01T10:29:51.280000,-0.004974
2025-05-01T10:29:51.290000,-0.017644
2025-05-01T10:29:51.300000,-0.006508
2025-05-01T10:29:51.310000,-0.025233
2025-05-01T10:29:51.320000,-0.004986
2025-05-01T10:29:51.330000,-0.004383
2025-05-01T10:29:51.340000,-0.004097
2025-05-01T10:29:51.350000,0.008549
2025-05-01T10:29:51.360000,0.013282
2025-05-01T10:29:51.370000,0.011092
2025-05-01T10:29:51.380000,-0.012945
2025-05-01T10:29:51.390000,0.008929
2025-05-01T10:29:51.400000,-0.000530
2025-05-01T10:29:51.410000,0.003811
2025-05-01T10:29:51.420000,0.016206
2025-05-01T10:29:51.430000,0.019237
2025-05-01T10:29:51.440000,0.013732
2025-05-01T10:29:51.450000,-0.011517
2025-05-01T10:29:51.460000,0.017288
2025-05-01T10:29:51.470000,-0.019391
2025-05-01T10:29:51.480000,-0.002581
2025-05-01T10:29:51.490000,-0.017616
2025-05-01T10:29:51.500000,-0.020545
2025-05-01T10:29:51.510000,0.001214
2025-05-01T10:29:51.520000,0.006929
2025-05-01T10:29:51.530000,0.002228
2025-05-01T10:29:51.540000,0.002902
2025-05-01T10:29:51.550000,0.009531
2025-05-01T10:29:51.560000,0.001866
2025-05-01T10:29:51.570000,0.003683
2025-05-01T10:29:51.580000,-0.005845
2025-05-01T10:29:51.590000,-0.018543
2025-05-01T10:29:51.600000,0.000911
2025-05-01T10:29:51.610000,0.017182
2025-05-01T10:29:51.620000,0.009643
2025-05-01T10:29:51.630000,-0.018275
2025-05-01T10:29:51.640000,0.004677
2025-05-01T10:29:51.650000,-0.003270
2025-05-01T10:29:51.660000,0.002590
2025-05-01T10:29:51.670000,-0.012074
2025-05-01T10:29:51.680000,0.002700
2025-05-01T10:29:51.690000,-0.006181
2025-05-01T10:29:51.700000,0.008777
2025-05-01T10:29:51.710000,-0.000754
2025-05-01T10:29:51.720000,-0.010147
2025-05-01T10:29:51.730000,0.012582
2025-05-01T10:29:51.740000,-0.012062
2025-05-01T10:29:51.750000,0.000480
2025-05-01T10:29:51.760000,-0.007692
2025-05-01T10:29:51.770000,-0.004412
2025-05-01T10:29:51.780000,0.001390
2025-05-01T10:29:51.790000,-0.009256
2025-05-01T10:29:51.800000,-0.003977
2025-05-01T10:29:51.810000,0.002045
2025-05-01T10:29:51.820000,0.008758
2025-05-01T10:29:51.830000,-0.012314
2025-05-01T10:29:51.840000,0.013213
2025-05-01T10:29:51.850000,-0.005550
2025-05-01T10:29:51.860000,-0.012039
2025-05-01T10:29:51.870000,-0.004391
2025-05-01T10:29:51.880000,-0.011824
2025-05-01T10:29:51.890000,-0.017984
2025-05-01T10:29:51.900000,-0.016382
2025-05-01T10:29:51.910000,-0.001262
2025-05-01T10:29:51.920000,0.008070
2025-05-01T10:29:51.930000,0.005569
2025-05-01T10:29:51.940000,0.001388
2025-05-01T10:29:51.950000,0.005772
2025-05-01T10:29:51.960000,0.006326
2025-05-01T10:29:51.970000,0.007750
2025-05-01T10:29:51.980000,-0.005566
2025-05-01T10:29:51.990000,0.007926
2025-05-01T10:29:52,-0.012623
2025-05-01T10:29:52.010000,-0.004935
2025-05-01T10:29:52.020000,0.000917
2025-05-01T10:29:52.030000,0.000597
2025-05-01T10:29:52.040000,0.001493
2025-05-01T10:29:52.050000,-0.008148
2025-05-01T10:29:52.060000,-0.008038
2025-05-01T10:29:52.070000,0.003928
2025-05-01T10:29:52.080000,0.008835
2025-05-01T10:29:52.090000,-0.007750
2025-05-01T10:29:52.100000,-0.008345
2025-05-01T10:29:52.110000,0.006354
2025-05-01T10:29:52.120000,0.005519
2025-05-01T10:29:52.130000,-0.002153
2025-05-01T10:29:52.140000,0.005188
2025-05-01T10:29:52.150000,-0.006157
2025-05-01T10:29:52.160000,-0.003742
2025-05-01T10:29:52.170000,0.023260
2025-05-01T10:29:52.180000,-0.017548
2025-05-01T10:29:52.190000,-0.011502
2025-05-01T10:29:52.200000,-0.007650
2025-05-01T10:29:52.210000,-0.009349
2025-05-01T10:29:52.220000,-0.005173
2025-05-01T10:29:52.230000,0.014915
2025-05-01T10:29:52.240000,0.011381
2025-05-01T10:29:52.250000,0.002854
2025-05-01T10:29:52.260000,0.007815
2025-05-01T10:29:52.270000,-0.002066
2025-05-01T10:29:52.280000,0.008318
2025-05-01T10:29:52.290000,-0.005067
2025-05-01T10:29:52.300000,0.000181
2025-05-01T10:29:52.310000,-0.023431
2025-05-01T10:29:52.320000,0.004380
2025-05-01T10:29:52.330000,0.001185
2025-05-01T10:29:52.340000,-0.000086
2025-05-01T10:29:52.350000,-0.001980
2025-05-01T10:29:52.360000,0.002185
2025-05-01T10:29:52.370000,0.003084
2025-05-01T10:29:52.380000,0.006938
2025-05-01T10:29:52.390000,0.007325
2025-05-01T10:29:52.400000,-0.004853
2025-05-01T10:29:52.410000,0.007434
2025-05-01T10:29:52.420000,-0.006114
2025-05-01T10:29:52.430000,-0.011987
2025-05-01T10:29:52.440000,0.001390
2025-05-01T10:29:52.450000,-0.020055
2025-05-01T10:29:52.460000,-0.002312
2025-05-01T10:29:52.470000,0.001525
2025-05-01T10:29:52.480000,0.008011
2025-05-01T10:29:52.490000,-0.006558
2025-05-01T10:29:52.500000,-0.005624
2025-05-01T10:29:52.510000,0.010852
2025-05-01T10:29:52.520000,0.020389
2025-05-01T10:29:52.530000,-0.001637
2025-05-01T10:29:52.540000,-0.006215
2025-05-01T10:29:52.550000,-0.001346
2025-05-01T10:29:52.560000,0.010462
2025-05-01T10:29:52.570000,0.014354
2025-05-01T10:29:52.580000,0.008121
2025-05-01T10:29:52.590000,0.009950
2025-05-01T10:29:52.600000,0.005371
2025-05-01T10:29:52.610000,-0.000417
2025-05-01T10:29:52.620000,-0.001209
2025-05-01T10:29:52.630000,-0.016923
2025-05-01T10:29:52.640000,-0.016207
2025-05-01T10:29:52.650000,-0.007440
2025-05-01T10:29:52.660000,0.007418
2025-05-01T10:29:52.670000,0.016215
2025-05-01T10:29:52.680000,-0.013261
2025-05-01T10:29:52.690000,-0.015853
2025-05-01T10:29:52.700000,-0.011211
2025-05-01T10:29:52.710000,0.010093
2025-05-01T10:29:52.720000,-0.000796
2025-05-01T10:29:52.730000,0.010306
2025-05-01T10:29:52.740000,-0.009413
2025-05-01T10:29:52.750000,-0.000732
2025-05-01T10:29:52.760000,-0.009999
2025-05-01T10:29:52.770000,-0.022158
2025-05-01T10:29:52.780000,-0.007114
2025-05-01T10:29:52.790000,-0.008093
2025-05-01T10:29:52.800000,-0.034195
2025-05-01T10:29:52.810000,-0.016398
2025-05-01T10:29:52.820000,-0.005529
2025-05-01T10:29:52.830000,-0.018021
2025-05-01T10:29:52.840000,-0.007674
2025-05-01T10:29:52.850000,-0.010959
2025-05-01T10:29:52.860000,-0.002232
2025-05-01T10:29:52.870000,0.015768
2025-05-01T10:29:52.880000,-0.009896
2025-05-01T10:29:52.890000,0.003216
2025-05-01T10:29:52.900000,0.008581
2025-05-01T10:29:52.910000,0.030442
2025-05-01T10:29:52.920000,0.029814
2025-05-01T10:29:52.930000,0.041178
2025-05-01T10:29:52.940000,0.046865
2025-05-01T10:29:52.950000,0.057572
2025-05-01T10:29:52.960000,0.065828
2025-05-01T10:29:52.970000,0.049283
2025-05-01T10:29:52.980000,0.055793
2025-05-01T10:29:52.990000,0.043249
2025-05-01T10:29:53,0.060531
2025-05-01T10:29:53.010000,0.050617
2025-05-01T10:29:53.020000,0.025024
2025-05-01T10:29:53.030000,0.005024
2025-05-01T10:29:53.040000,-0.005882
2025-05-01T10:29:53.050000,-0.038158
2025-05-01T10:29:53.060000,-0.057919
2025-05-01T10:29:53.070000,-0.098512
2025-05-01T10:29:53.080000,-0.116048
2025-05-01T10:29:53.090000,-0.147629
2025-05-01T10:29:53.100000,-0.184623
2025-05-01T10:29:53.110000,-0.198023
2025-05-01T10:29:53.120000,-0.204060
2025-05-01T10:29:53.130000,-0.217920
2025-05-01T10:29:53.140000,-0.230250
2025-05-01T10:29:53.150000,-0.203324
2025-05-01T10:29:53.160000,-0.196020
2025-05-01T10:29:53.170000,-0.177518
2025-05-01T10:29:53.180000,-0.122273
2025-05-01T10:29:53.190000,-0.067714
2025-05-01T10:29:53.200000,-0.012900
2025-05-01T10:29:53.210000,0.058154
2025-05-01T10:29:53.220000,0.121489
2025-05-01T10:29:53.230000,0.182514
2025-05-01T10:29:53.240000,0.214774
2025-05-01T10:29:53.250000,0.228327
2025-05-01T10:29:53.260000,0.241286
2025-05-01T10:29:53.270000,0.233204
2025-05-01T10:29:53.280000,0.213307
2025-05-01T10:29:53.290000,0.193659
2025-05-01T10:29:53.300000,0.161040
2025-05-01T10:29:53.310000,0.146906
2025-05-01T10:29:53.320000,0.118491
2025-05-01T10:29:53.330000,0.103646
2025-05-01T10:29:53.340000,0.055784
2025-05-01T10:29:53.350000,0.027312
2025-05-01T10:29:53.360000,0.002759
2025-05-01T10:29:53.370000,-0.015433
2025-05-01T10:29:53.380000,-0.025942
2025-05-01T10:29:53.390000,-0.034622
2025-05-01T10:29:53.400000,-0.042876
2025-05-01T10:29:53.410000,-0.045025
2025-05-01T10:29:53.420000,-0.046483
2025-05-01T10:29:53.430000,-0.054866
2025-05-01T10:29:53.440000,-0.069465
2025-05-01T10:29:53.450000,-0.039904
2025-05-01T10:29:53.460000,-0.045685
2025-05-01T10:29:53.470000,-0.045205
2025-05-01T10:29:53.480000,-0.060411
2025-05-01T10:29:53.490000,-0.027368
2025-05-01T10:29:53.500000,-0.016139
2025-05-01T10:29:53.510000,-0.033642
2025-05-01T10:29:53.520000,-0.009370
2025-05-01T10:29:53.530000,0.003719
2025-05-01T10:29:53.540000,0.000293
2025-05-01T10:29:53.550000,0.002593
2025-05-01T10:29:53.560000,0.017745
2025-05-01T10:29:53.570000,0.014973
2025-05-01T10:29:53.580000,-0.004826
2025-05-01T10:29:53.590000,0.026236
2025-05-01T10:29:53.600000,0.007362
2025-05-01T10:29:53.610000,-0.002293
2025-05-01T10:29:53.620000,0.009620
2025-05-01T10:29:53.630000,0.009733
2025-05-01T10:29:53.640000,0.007128
2025-05-01T10:29:53.650000,-0.018635
2025-05-01T10:29:53.660000,0.012600
2025-05-01T10:29:53.670000,0.010997
2025-05-01T10:29:53.680000,-0.010604
2025-05-01T10:29:53.690000,-0.005405
2025-05-01T10:29:53.700000,0.002582
2025-05-01T10:29:53.710000,0.001204
2025-05-01T10:29:53.720000,-0.003819
2025-05-01T10:29:53.730000,-0.019386
2025-05-01T10:29:53.740000,-0.003957
2025-05-01T10:29:53.750000,-0.011938
2025-05-01T10:29:53.760000,0.008733
2025-05-01T10:29:53.770000,-0.022067
2025-05-01T10:29:53.780000,-0.009167
2025-05-01T10:29:53.790000,-0.016727
2025-05-01T10:29:53.800000,0.010375
2025-05-01T10:29:53.810000,0.008183
2025-05-01T10:29:53.820000,-0.005723
2025-05-01T10:29:53.830000,-0.003194
2025-05-01T10:29:53.840000,0.007603
2025-05-01T10:29:53.850000,-0.012023
2025-05-01T10:29:53.860000,0.011800
2025-05-01T10:29:53.870000,0.015172
2025-05-01T10:29:53.880000,-0.013135
2025-05-01T10:29:53.890000,0.005584
2025-05-01T10:29:53.900000,-0.001021
2025-05-01T10:29:53.910000,0.001383
2025-05-01T10:29:53.920000,-0.002741
2025-05-01T10:29:53.930000,0.010902
2025-05-01T10:29:53.940000,-0.011732
2025-05-01T10:29:53.950000,0.007026
2025-05-01T10:29:53.960000,-0.006769
2025-05-01T10:29:53.970000,0.027144
2025-05-01T10:29:53.980000,0.008536
2025-05-01T10:29:53.990000,-0.013258
2025-05-01T10:29:54,0.006763
2025-05-01T10:29:54.010000,0.026442
2025-05-01T10:29:54.020000,-0.006370
2025-05-01T10:29:54.030000,0.001977
2025-05-01T10:29:54.040000,0.002594
2025-05-01T10:29:54.050000,0.002041
2025-05-01T10:29:54.060000,0.013147
2025-05-01T10:29:54.070000,-0.018278
2025-05-01T10:29:54.080000,0.010857
2025-05-01T10:29:54.090000,-0.019363
2025-05-01T10:29:54.100000,-0.013101
2025-05-01T10:29:54.110000,0.006000
2025-05-01T10:29:54.120000,-0.001280
2025-05-01T10:29:54.130000,-0.009303
2025-05-01T10:29:54.140000,0.001554
2025-05-01T10:29:54.150000,-0.009506
2025-05-01T10:29:54.160000,-0.016556
2025-05-01T10:29:54.170000,-0.004443
2025-05-01T10:29:54.180000,-0.007452
2025-05-01T10:29:54.190000,-0.001908
2025-05-01T10:29:54.200000,0.003409
2025-05-01T10:29:54.210000,0.017349
2025-05-01T10:29:54.220000,-0.008907
2025-05-01T10:29:54.230000,0.006623
2025-05-01T10:29:54.240000,0.000605
2025-05-01T10:29:54.250000,0.005003
2025-05-01T10:29:54.260000,-0.007736
2025-05-01T10:29:54.270000,-0.000492
2025-05-01T10:29:54.280000,0.006032
2025-05-01T10:29:54.290000,0.007575
2025-05-01T10:29:54.300000,-0.001502
2025-05-01T10:29:54.310000,0.002596
2025-05-01T10:29:54.320000,-0.002077
2025-05-01T10:29:54.330000,-0.014697
2025-05-01T10:29:54.340000,0.007312
2025-05-01T10:29:54.350000,0.007214
2025-05-01T10:29:54.360000,-0.003972
2025-05-01T10:29:54.370000,-0.001346
2025-05-01T10:29:54.380000,0.004778
2025-05-01T10:29:54.390000,0.005034
2025-05-01T10:29:54.400000,0.000657
2025-05-01T10:29:54.410000,0.001821
2025-05-01T10:29:54.420000,-0.018201
2025-05-01T10:29:54.430000,-0.001320
2025-05-01T10:29:54.440000,-0.001572
2025-05-01T10:29:54.450000,0.004750
2025-05-01T10:29:54.460000,-0.021359
2025-05-01T10:29:54.470000,-0.004554
2025-05-01T10:29:54.480000,-0.007136
2025-05-01T10:29:54.490000,0.002474
2025-05-01T10:29:54.500000,-0.000184
2025-05-01T10:29:54.510000,0.008280
2025-05-01T10:29:54.520000,-0.006918
2025-05-01T10:29:54.530000,-0.000350
2025-05-01T10:29:54.540000,0.000742
2025-05-01T10:29:54.550000,-0.011601
2025-05-01T10:29:54.560000,-0.000176
2025-05-01T10:29:54.570000,0.015235
2025-05-01T10:29:54.580000,0.010323
2025-05-01T10:29:54.590000,0.007863
2025-05-01T10:29:54.600000,-0.011553
2025-05-01T10:29:54.610000,0.002634
2025-05-01T10:29:54.620000,0.005296
2025-05-01T10:29:54.630000,-0.007190
2025-05-01T10:29:54.640000,0.000254
2025-05-01T10:29:54.650000,0.001807
2025-05-01T10:29:54.660000,-0.011604
2025-05-01T10:29:54.670000,-0.002858
2025-05-01T10:29:54.680000,0.002264
2025-05-01T10:29:54.690000,-0.009699
2025-05-01T10:29:54.700000,-0.005679
2025-05-01T10:29:54.710000,-0.000795
2025-05-01T10:29:54.720000,-0.001165
2025-05-01T10:29:54.730000,-0.010699
2025-05-01T10:29:54.740000,0.001702
2025-05-01T10:29:54.750000,0.017175
2025-05-01T10:29:54.760000,-0.002324
2025-05-01T10:29:54.770000,0.012286
2025-05-01T10:29:54.780000,-0.008534
2025-05-01T10:29:54.790000,0.001702
2025-05-01T10:29:54.800000,0.007152
2025-05-01T10:29:54.810000,-0.015393
2025-05-01T10:29:54.820000,0.011425
2025-05-01T10:29:54.830000,0.001334
2025-05-01T10:29:54.840000,0.011599
2025-05-01T10:29:54.850000,0.001889
2025-05-01T10:29:54.860000,-0.003214
2025-05-01T10:29:54.870000,-0.001186
2025-05-01T10:29:54.880000,0.001041
2025-05-01T10:29:54.890000,0.018434
2025-05-01T10:29:54.900000,0.003679
2025-05-01T10:29:54.910000,-0.015957
2025-05-01T10:29:54.920000,0.004817
2025-05-01T10:29:54.930000,-0.013331
2025-05-01T10:29:54.940000,-0.008298
2025-05-01T10:29:54.950000,0.010584
2025-05-01T10:29:54.960000,-0.008316
2025-05-01T10:29:54.970000,-0.018698
2025-05-01T10:29:54.980000,0.000485
2025-05-01T10:29:54.990000,-0.005961
2025-05-01T10:29:55,-0.008765
2025-05-01T10:29:55.010000,0.001054
2025-05-01T10:29:55.020000,-0.019305
2025-05-01T10:29:55.030000,0.009694
2025-05-01T10:29:55.040000,-0.005515
2025-05-01T10:29:55.050000,-0.008070
2025-05-01T10:29:55.060000,-0.009664
2025-05-01T10:29:55.070000,0.011593
2025-05-01T10:29:55.080000,0.005284
2025-05-01T10:29:55.090000,0.006436
2025-05-01T10:29:55.100000,-0.012312
2025-05-01T10:29:55.110000,0.017393
2025-05-01T10:29:55.120000,-0.005872
2025-05-01T10:29:55.130000,0.001794
2025-05-01T10:29:55.140000,-0.012175
2025-05-01T10:29:55.150000,0.005885
2025-05-01T10:29:55.160000,-0.010805
2025-05-01T10:29:55.170000,0.001716
2025-05-01T10:29:55.180000,0.005152
2025-05-01T10:29:55.190000,-0.020647
2025-05-01T10:29:55.200000,0.031217
2025-05-01T10:29:55.210000,0.000637
2025-05-01T10:29:55.220000,-0.007922
2025-05-01T10:29:55.230000,0.004317
2025-05-01T10:29:55.240000,0.019556
2025-05-01T10:29:55.250000,-0.013592
2025-05-01T10:29:55.260000,0.002344
2025-05-01T10:29:55.270000,0.006656
2025-05-01T10:29:55.280000,0.004557
2025-05-01T10:29:55.290000,-0.006018
2025-05-01T10:29:55.300000,-0.024091
2025-05-01T10:29:55.310000,0.019655
2025-05-01T10:29:55.320000,-0.007950
2025-05-01T10:29:55.330000,-0.007539
2025-05-01T10:29:55.340000,0.002020
2025-05-01T10:29:55.350000,-0.014828
2025-05-01T10:29:55.360000,-0.009681
2025-05-01T10:29:55.370000,-0.018737
2025-05-01T10:29:55.380000,0.002900
2025-05-01T10:29:55.390000,0.000176
2025-05-01T10:29:55.400000,-0.013541
2025-05-01T10:29:55.410000,0.020345
2025-05-01T10:29:55.420000,0.008067
2025-05-01T10:29:55.430000,-0.000387
2025-05-01T10:29:55.440000,0.005702
2025-05-01T10:29:55.450000,0.000681
2025-05-01T10:29:55.460000,0.006149
2025-05-01T10:29:55.470000,-0.000666
2025-05-01T10:29:55.480000,-0.017205
2025-05-01T10:29:55.490000,0.001879
2025-05-01T10:29:55.500000,-0.002187
2025-05-01T10:29:55.510000,-0.016081
2025-05-01T10:29:55.520000,0.019049
2025-05-01T10:29:55.530000,0.001024
2025-05-01T10:29:55.540000,0.000095
2025-05-01T10:29:55.550000,0.009261
2025-05-01T10:29:55.560000,0.011755
2025-05-01T10:29:55.570000,-0.002598
2025-05-01T10:29:55.580000,-0.001872
2025-05-01T10:29:55.590000,-0.014093
2025-05-01T10:29:55.600000,-0.004085
2025-05-01T10:29:55.610000,-0.001308
2025-05-01T10:29:55.620000,-0.002821
2025-05-01T10:29:55.630000,-0.004994
2025-05-01T10:29:55.640000,-0.008286
2025-05-01T10:29:55.650000,0.010960
2025-05-01T10:29:55.660000,-0.004069
2025-05-01T10:29:55.670000,-0.023614
2025-05-01T10:29:55.680000,0.001499
2025-05-01T10:29:55.690000,0.004182
2025-05-01T10:29:55.700000,-0.026081
2025-05-01T10:29:55.710000,-0.001539
2025-05-01T10:29:55.720000,-0.005270
2025-05-01T10:29:55.730000,-0.006818
2025-05-01T10:29:55.740000,0.005895
2025-05-01T10:29:55.750000,-0.005722
2025-05-01T10:29:55.760000,0.009696
2025-05-01T10:29:55.770000,-0.014559
2025-05-01T10:29:55.780000,-0.002788
2025-05-01T10:29:55.790000,0.005403
2025-05-01T10:29:55.800000,-0.020982
2025-05-01T10:29:55.810000,-0.000979
2025-05-01T10:29:55.820000,-0.012271
2025-05-01T10:29:55.830000,-0.013846
2025-05-01T10:29:55.840000,0.006309
2025-05-01T10:29:55.850000,-0.015692
2025-05-01T10:29:55.860000,0.013266
2025-05-01T10:29:55.870000,-0.006305
2025-05-01T10:29:55.880000,0.000668
2025-05-01T10:29:55.890000,0.003751
2025-05-01T10:29:55.900000,-0.006521
2025-05-01T10:29:55.910000,-0.004706
2025-05-01T10:29:55.920000,-0.020600
2025-05-01T10:29:55.930000,0.008947
2025-05-01T10:29:55.940000,0.012239
2025-05-01T10:29:55.950000,-0.009577
2025-05-01T10:29:55.960000,0.003343
2025-05-01T10:29:55.970000,0.002108
2025-05-01T10:29:55.980000,0.011498
2025-05-01T10:29:55.990000,-0.001227
2025-05-01T10:29:56,0.000515
2025-05-01T10:29:56.010000,-0.002211
2025-05-01T10:29:56.020000,-0.005666
2025-05-01T10:29:56.030000,0.000850
2025-05-01T10:29:56.040000,-0.012138
2025-05-01T10:29:56.050000,-0.005422
2025-05-01T10:29:56.060000,-0.002915
2025-05-01T10:29:56.070000,-0.014881
2025-05-01T10:29:56.080000,0.002857
2025-05-01T10:29:56.090000,-0.014053
2025-05-01T10:29:56.100000,0.021444
2025-05-01T10:29:56.110000,-0.015132
2025-05-01T10:29:56.120000,-0.007690
2025-05-01T10:29:56.130000,0.001069
2025-05-01T10:29:56.140000,0.009795
2025-05-01T10:29:56.150000,0.005054
2025-05-01T10:29:56.160000,0.006898
2025-05-01T10:29:56.170000,0.014418
2025-05-01T10:29:56.180000,-0.004115
2025-05-01T10:29:56.190000,-0.023248
2025-05-01T10:29:56.200000,-0.007776
2025-05-01T10:29:56.210000,-0.005862
2025-05-01T10:29:56.220000,0.011289
2025-05-01T10:29:56.230000,-0.001148
2025-05-01T10:29:56.240000,0.013412
2025-05-01T10:29:56.250000,-0.010069
2025-05-01T10:29:56.260000,0.010176
2025-05-01T10:29:56.270000,0.014942
2025-05-01T10:29:56.280000,-0.008593
2025-05-01T10:29:56.290000,0.011758
2025-05-01T10:29:56.300000,0.007299
2025-05-01T10:29:56.310000,-0.001744
2025-05-01T10:29:56.320000,-0.003927
2025-05-01T10:29:56.330000,-0.001963
2025-05-01T10:29:56.340000,0.001694
2025-05-01T10:29:56.350000,-0.003200
2025-05-01T10:29:56.360000,-0.001555
2025-05-01T10:29:56.370000,0.001429
2025-05-01T10:29:56.380000,0.016073
2025-05-01T10:29:56.390000,-0.001443
2025-05-01T10:29:56.400000,-0.005804
2025-05-01T10:29:56.410000,-0.004458
2025-05-01T10:29:56.420000,0.009959
2025-05-01T10:29:56.430000,-0.001527
2025-05-01T10:29:56.440000,-0.018206
2025-05-01T10:29:56.450000,-0.004082
2025-05-01T10:29:56.460000,-0.017631
2025-05-01T10:29:56.470000,0.000192
2025-05-01T10:29:56.480000,-0.001725
2025-05-01T10:29:56.490000,-0.000346
2025-05-01T10:29:56.500000,0.000347
2025-05-01T10:29:56.510000,-0.012830
2025-05-01T10:29:56.520000,0.010158
2025-05-01T10:29:56.530000,-0.005025
2025-05-01T10:29:56.540000,0.000586
2025-05-01T10:29:56.550000,0.009048
2025-05-01T10:29:56.560000,0.003182
2025-05-01T10:29:56.570000,-0.012772
2025-05-01T10:29:56.580000,-0.015824
2025-05-01T10:29:56.590000,-0.008195
2025-05-01T10:29:56.600000,0.019091
2025-05-01T10:29:56.610000,-0.002010
2025-05-01T10:29:56.620000,-0.001529
2025-05-01T10:29:56.630000,0.012103
2025-05-01T10:29:56.640000,-0.009076
2025-05-01T10:29:56.650000,0.009249
2025-05-01T10:29:56.660000,-0.002341
2025-05-01T10:29:56.670000,-0.015966
2025-05-01T10:29:56.680000,-0.001982
2025-05-01T10:29:56.690000,-0.013939
2025-05-01T10:29:56.700000,-0.001212
2025-05-01T10:29:56.710000,-0.019521
2025-05-01T10:29:56.720000,-0.001316
2025-05-01T10:29:56.730000,-0.003947
2025-05-01T10:29:56.740000,0.003405
2025-05-01T10:29:56.750000,-0.001901
2025-05-01T10:29:56.760000,-0.004287
2025-05-01T10:29:56.770000,0.000943
2025-05-01T10:29:56.780000,-0.000307
2025-05-01T10:29:56.790000,0.006605
2025-05-01T10:29:56.800000,0.012094
2025-05-01T10:29:56.810000,0.014804
2025-05-01T10:29:56.820000,-0.017812
2025-05-01T10:29:56.830000,-0.000228
2025-05-01T10:29:56.840000,-0.006619
2025-05-01T10:29:56.850000,0.001659
2025-05-01T10:29:56.860000,0.020176
2025-05-01T10:29:56.870000,-0.000069
2025-05-01T10:29:56.880000,0.006991
2025-05-01T10:29:56.890000,0.010666
2025-05-01T10:29:56.900000,0.022525
2025-05-01T10:29:56.910000,0.002624
2025-05-01T10:29:56.920000,-0.008427
2025-05-01T10:29:56.930000,-0.005633
2025-05-01T10:29:56.940000,-0.016893
2025-05-01T10:29:56.950000,0.010998
2025-05-01T10:29:56.960000,-0.011344
2025-05-01T10:29:56.970000,-0.007466
2025-05-01T10:29:56.980000,-0.005239
2025-05-01T10:29:56.990000,-0.002355
2025-05-01T10:29:57,0.004938
2025-05-01T10:29:57.010000,0.003734
2025-05-01T10:29:57.020000,0.003062
2025-05-01T10:29:57.030000,-0.018192
2025-05-01T10:29:57.040000,-0.000998
2025-05-01T10:29:57.050000,-0.014993
2025-05-01T10:29:57.060000,-0.003383
2025-05-01T10:29:57.070000,0.001363
2025-05-01T10:29:57.080000,0.004464
2025-05-01T10:29:57.090000,0.005961
2025-05-01T10:29:57.100000,-0.031018
2025-05-01T10:29:57.110000,0.017673
2025-05-01T10:29:57.120000,0.022069
2025-05-01T10:29:57.130000,-0.010845
2025-05-01T10:29:57.140000,0.009869
2025-05-01T10:29:57.150000,0.021435
2025-05-01T10:29:57.160000,-0.000888
2025-05-01T10:29:57.170000,-0.011396
2025-05-01T10:29:57.180000,0.007752
2025-05-01T10:29:57.190000,0.000485
2025-05-01T10:29:57.200000,0.006173
2025-05-01T10:29:57.210000,0.003565
2025-05-01T10:29:57.220000,0.007024
2025-05-01T10:29:57.230000,0.008532
2025-05-01T10:29:57.240000,0.002553
2025-05-01T10:29:57.250000,0.001801
2025-05-01T10:29:57.260000,-0.005543
2025-05-01T10:29:57.270000,-0.004247
2025-05-01T10:29:57.280000,-0.010864
2025-05-01T10:29:57.290000,0.017306
2025-05-01T10:29:57.300000,-0.007843
2025-05-01T10:29:57.310000,-0.001478
2025-05-01T10:29:57.320000,-0.004289
2025-05-01T10:29:57.330000,-0.000327
2025-05-01T10:29:57.340000,0.008655
2025-05-01T10:29:57.350000,0.008096
2025-05-01T10:29:57.360000,-0.001209
2025-05-01T10:29:57.370000,0.005206
2025-05-01T10:29:57.380000,-0.006322
2025-05-01T10:29:57.390000,-0.016549
2025-05-01T10:29:57.400000,-0.008270
2025-05-01T10:29:57.410000,0.012395
2025-05-01T10:29:57.420000,-0.002869
2025-05-01T10:29:57.430000,0.010031
2025-05-01T10:29:57.440000,-0.014165
2025-05-01T10:29:57.450000,0.006579
2025-05-01T10:29:57.460000,-0.002259
2025-05-01T10:29:57.470000,0.002641
2025-05-01T10:29:57.480000,0.003637
2025-05-01T10:29:57.490000,0.015078
2025-05-01T10:29:57.500000,0.000522
2025-05-01T10:29:57.510000,0.007042
2025-05-01T10:29:57.520000,0.011953
2025-05-01T10:29:57.530000,-0.005909
2025-05-01T10:29:57.540000,-0.002816
2025-05-01T10:29:57.550000,-0.011371
2025-05-01T10:29:57.560000,-0.002134
2025-05-01T10:29:57.570000,-0.014899
2025-05-01T10:29:57.580000,0.007914
2025-05-01T10:29:57.590000,-0.012321
2025-05-01T10:29:57.600000,0.003086
2025-05-01T10:29:57.610000,0.019737
2025-05-01T10:29:57.620000,0.003846
2025-05-01T10:29:57.630000,0.002055
2025-05-01T10:29:57.640000,-0.000680
2025-05-01T10:29:57.650000,0.012192
2025-05-01T10:29:57.660000,-0.024878
2025-05-01T10:29:57.670000,0.005111
2025-05-01T10:29:57.680000,-0.000279
2025-05-01T10:29:57.690000,-0.005424
2025-05-01T10:29:57.700000,0.003390
2025-05-01T10:29:57.710000,0.000644
2025-05-01T10:29:57.720000,0.005641
2025-05-01T10:29:57.730000,0.011721
2025-05-01T10:29:57.740000,0.000369
2025-05-01T10:29:57.750000,0.015513
2025-05-01T10:29:57.760000,0.009112
2025-05-01T10:29:57.770000,0.013714
2025-05-01T10:29:57.780000,0.005662
2025-05-01T10:29:57.790000,0.012663
2025-05-01T10:29:57.800000,-0.004331
2025-05-01T10:29:57.810000,-0.012401
2025-05-01T10:29:57.820000,-0.006718
2025-05-01T10:29:57.830000,-0.005656
2025-05-01T10:29:57.840000,-0.007579
2025-05-01T10:29:57.850000,0.004231
2025-05-01T10:29:57.860000,0.006731
2025-05-01T10:29:57.870000,0.003877
2025-05-01T10:29:57.880000,0.003687
2025-05-01T10:29:57.890000,-0.004694
2025-05-01T10:29:57.900000,0.011684
2025-05-01T10:29:57.910000,-0.001678
2025-05-01T10:29:57.920000,-0.005335
2025-05-01T10:29:57.930000,-0.006511
2025-05-01T10:29:57.940000,0.017103
2025-05-01T10:29:57.950000,0.001277
2025-05-01T10:29:57.960000,-0.006479
2025-05-01T10:29:57.970000,0.002093
2025-05-01T10:29:57.980000,-0.001537
2025-05-01T10:29:57.990000,0.003906
2025-05-01T10:29:58,-0.007987
2025-05-01T10:29:58.010000,0.016226
2025-05-01T10:29:58.020000,-0.001091
2025-05-01T10:29:58.030000,-0.018536
2025-05-01T10:29:58.040000,-0.000034
2025-05-01T10:29:58.050000,-0.001982
2025-05-01T10:29:58.060000,0.000835
2025-05-01T10:29:58.070000,-0.013079
2025-05-01T10:29:58.080000,0.007196
2025-05-01T10:29:58.090000,-0.000827
2025-05-01T10:29:58.100000,0.013223
2025-05-01T10:29:58.110000,0.005995
2025-05-01T10:29:58.120000,-0.009152
2025-05-01T10:29:58.130000,-0.009718
2025-05-01T10:29:58.140000,0.004792
2025-05-01T10:29:58.150000,0.002508
2025-05-01T10:29:58.160000,-0.013133
2025-05-01T10:29:58.170000,-0.009026
2025-05-01T10:29:58.180000,-0.010159
2025-05-01T10:29:58.190000,0.009759
2025-05-01T10:29:58.200000,0.004377
2025-05-01T10:29:58.210000,0.002135
2025-05-01T10:29:58.220000,-0.013180
2025-05-01T10:29:58.230000,-0.004896
2025-05-01T10:29:58.240000,-0.011658
2025-05-01T10:29:58.250000,0.015546
2025-05-01T10:29:58.260000,0.009736
2025-05-01T10:29:58.270000,-0.006364
2025-05-01T10:29:58.280000,-0.004440
2025-05-01T10:29:58.290000,-0.005541
2025-05-01T10:29:58.300000,-0.008515
2025-05-01T10:29:58.310000,0.011197
2025-05-01T10:29:58.320000,-0.000009
2025-05-01T10:29:58.330000,-0.010540
2025-05-01T10:29:58.340000,0.000705
2025-05-01T10:29:58.350000,-0.029417
2025-05-01T10:29:58.360000,-0.010993
2025-05-01T10:29:58.370000,-0.012324
2025-05-01T10:29:58.380000,-0.002823
2025-05-01T10:29:58.390000,0.016262
2025-05-01T10:29:58.400000,-0.009923
2025-05-01T10:29:58.410000,0.008157
2025-05-01T10:29:58.420000,0.006018
2025-05-01T10:29:58.430000,-0.004605
2025-05-01T10:29:58.440000,0.000744
2025-05-01T10:29:58.450000,0.002371
2025-05-01T10:29:58.460000,-0.009374
2025-05-01T10:29:58.470000,-0.002529
2025-05-01T10:29:58.480000,0.011525
2025-05-01T10:29:58.490000,-0.005167
2025-05-01T10:29:58.500000,0.024377
2025-05-01T10:29:58.510000,-0.015233
2025-05-01T10:29:58.520000,-0.019734
2025-05-01T10:29:58.530000,-0.002304
2025-05-01T10:29:58.540000,0.010325
2025-05-01T10:29:58.550000,-0.005203
2025-05-01T10:29:58.560000,0.012886
2025-05-01T10:29:58.570000,-0.013930
2025-05-01T10:29:58.580000,0.001998
2025-05-01T10:29:58.590000,-0.008662
2025-05-01T10:29:58.600000,-0.014979
2025-05-01T10:29:58.610000,-0.015685
2025-05-01T10:29:58.620000,0.000776
2025-05-01T10:29:58.630000,-0.007984
2025-05-01T10:29:58.640000,0.016854
2025-05-01T10:29:58.650000,0.010038
2025-05-01T10:29:58.660000,-0.003726
2025-05-01T10:29:58.670000,0.006005
2025-05-01T10:29:58.680000,0.005880
2025-05-01T10:29:58.690000,-0.003064
2025-05-01T10:29:58.700000,-0.002948
2025-05-01T10:29:58.710000,-0.001709
2025-05-01T10:29:58.720000,-0.000982
2025-05-01T10:29:58.730000,-0.004955
2025-05-01T10:29:58.740000,-0.019307
2025-05-01T10:29:58.750000,-0.005972
2025-05-01T10:29:58.760000,-0.002936
2025-05-01T10:29:58.770000,-0.001339
2025-05-01T10:29:58.780000,-0.012780
2025-05-01T10:29:58.790000,0.005812
2025-05-01T10:29:58.800000,-0.020785
2025-05-01T10:29:58.810000,0.009544
2025-05-01T10:29:58.820000,-0.009991
2025-05-01T10:29:58.830000,0.002879
2025-05-01T10:29:58.840000,0.002563
2025-05-01T10:29:58.850000,0.014324
2025-05-01T10:29:58.860000,-0.012622
2025-05-01T10:29:58.870000,-0.008982
2025-05-01T10:29:58.880000,0.009144
2025-05-01T10:29:58.890000,-0.001842
2025-05-01T10:29:58.900000,0.008711
2025-05-01T10:29:58.910000,0.009757
2025-05-01T10:29:58.920000,0.014102
2025-05-01T10:29:58.930000,-0.014361
2025-05-01T10:29:58.940000,0.013503
2025-05-01T10:29:58.950000,0.024160
2025-05-01T10:29:58.960000,-0.014059
2025-05-01T10:29:58.970000,-0.005127
2025-05-01T10:29:58.980000,-0.007942
2025-05-01T10:29:58.990000,0.011450
2025-05-01T10:29:59,0.005401
2025-05-01T10:29:59.010000,-0.001816
2025-05-01T10:29:59.020000,-0.008474
2025-05-01T10:29:59.030000,0.011823
2025-05-01T10:29:59.040000,-0.013404
2025-05-01T10:29:59.050000,-0.000972
2025-05-01T10:29:59.060000,-0.008733
2025-05-01T10:29:59.070000,0.001371
2025-05-01T10:29:59.080000,-0.011396
2025-05-01T10:29:59.090000,0.005274
2025-05-01T10:29:59.100000,0.006569
2025-05-01T10:29:59.110000,-0.024220
2025-05-01T10:29:59.120000,0.011870
2025-05-01T10:29:59.130000,-0.014959
2025-05-01T10:29:59.140000,-0.011359
2025-05-01T10:29:59.150000,0.003418
2025-05-01T10:29:59.160000,-0.003782
2025-05-01T10:29:59.170000,0.004163
2025-05-01T10:29:59.180000,-0.011160
2025-05-01T10:29:59.190000,0.010638
2025-05-01T10:29:59.200000,-0.002306
2025-05-01T10:29:59.210000,0.010312
2025-05-01T10:29:59.220000,-0.010628
2025-05-01T10:29:59.230000,0.009536
2025-05-01T10:29:59.240000,0.007919
2025-05-01T10:29:59.250000,0.007878
2025-05-01T10:29:59.260000,-0.000684
2025-05-01T10:29:59.270000,0.015888
2025-05-01T10:29:59.280000,0.008199
2025-05-01T10:29:59.290000,0.004467
2025-05-01T10:29:59.300000,0.009270
2025-05-01T10:29:59.310000,-0.003499
2025-05-01T10:29:59.320000,0.005100
2025-05-01T10:29:59.330000,0.002448
2025-05-01T10:29:59.340000,-0.001431
2025-05-01T10:29:59.350000,0.008642
2025-05-01T10:29:59.360000,0.007892
2025-05-01T10:29:59.370000,0.004716
2025-05-01T10:29:59.380000,-0.016604
2025-05-01T10:29:59.390000,-0.000710
2025-05-01T10:29:59.400000,-0.000807
2025-05-01T10:29:59.410000,0.013132
2025-05-01T10:29:59.420000,-0.007462
2025-05-01T10:29:59.430000,-0.010152
2025-05-01T10:29:59.440000,0.017814
2025-05-01T10:29:59.450000,0.005422
2025-05-01T10:29:59.460000,0.006157
2025-05-01T10:29:59.470000,0.001703
2025-05-01T10:29:59.480000,0.003063
2025-05-01T10:29:59.490000,-0.009023
2025-05-01T10:29:59.500000,-0.006806
2025-05-01T10:29:59.510000,0.005505
2025-05-01T10:29:59.520000,-0.004669
2025-05-01T10:29:59.530000,0.000650
2025-05-01T10:29:59.540000,-0.031422
2025-05-01T10:29:59.550000,-0.002224
2025-05-01T10:29:59.560000,-0.007627
2025-05-01T10:29:59.570000,0.000580
2025-05-01T10:29:59.580000,0.011909
2025-05-01T10:29:59.590000,0.010883
2025-05-01T10:29:59.600000,0.003627
2025-05-01T10:29:59.610000,-0.009543
2025-05-01T10:29:59.620000,-0.000291
2025-05-01T10:29:59.630000,-0.012198
2025-05-01T10:29:59.640000,-0.001843
2025-05-01T10:29:59.650000,-0.001600
2025-05-01T10:29:59.660000,0.016118
2025-05-01T10:29:59.670000,0.001786
2025-05-01T10:29:59.680000,0.015862
2025-05-01T10:29:59.690000,0.002777
2025-05-01T10:29:59.700000,-0.007516
2025-05-01T10:29:59.710000,0.000028
2025-05-01T10:29:59.720000,-0.004142
2025-05-01T10:29:59.730000,-0.013549
2025-05-01T10:29:59.740000,-0.015160
2025-05-01T10:29:59.750000,-0.002151
2025-05-01T10:29:59.760000,0.014389
2025-05-01T10:29:59.770000,-0.008316
2025-05-01T10:29:59.780000,0.002197
2025-05-01T10:29:59.790000,0.000545
2025-05-01T10:29:59.800000,-0.014719
2025-05-01T10:29:59.810000,0.015437
2025-05-01T10:29:59.820000,0.005388
2025-05-01T10:29:59.830000,-0.003400
2025-05-01T10:29:59.840000,0.002637
2025-05-01T10:29:59.850000,0.004596
2025-05-01T10:29:59.860000,0.007867
2025-05-01T10:29:59.870000,0.015651
2025-05-01T10:29:59.880000,-0.011055
2025-05-01T10:29:59.890000,0.001187
2025-05-01T10:29:59.900000,-0.010843
2025-05-01T10:29:59.910000,0.000012
2025-05-01T10:29:59.920000,-0.002886
2025-05-01T10:29:59.930000,-0.012236
2025-05-01T10:29:59.940000,-0.011763
2025-05-01T10:29:59.950000,0.001186
2025-05-01T10:29:59.960000,0.018446
2025-05-01T10:29:59.970000,0.005704
2025-05-01T10:29:59.980000,-0.008297
2025-05-01T10:29:59.990000,0.007926
2025-05-01T10:30:00,-0.003907
2025-05-01T10:30:00.010000,-0.004712
2025-05-01T10:30:00.020000,0.002131
2025-05-01T10:30:00.030000,-0.002773
2025-05-01T10:30:00.040000,0.011827
2025-05-01T10:30:00.050000,0.009400
2025-05-01T10:30:00.060000,0.008412
2025-05-01T10:30:00.070000,0.002208
2025-05-01T10:30:00.080000,0.013033
2025-05-01T10:30:00.090000,0.021439
2025-05-01T10:30:00.100000,0.008335
2025-05-01T10:30:00.110000,0.003068
2025-05-01T10:30:00.120000,0.007518
2025-05-01T10:30:00.130000,-0.001764
2025-05-01T10:30:00.140000,0.014226
2025-05-01T10:30:00.150000,0.013040
2025-05-01T10:30:00.160000,0.018142
2025-05-01T10:30:00.170000,-0.004457
2025-05-01T10:30:00.180000,-0.007634
2025-05-01T10:30:00.190000,-0.005774
2025-05-01T10:30:00.200000,-0.006831
2025-05-01T10:30:00.210000,0.001213
2025-05-01T10:30:00.220000,-0.000376
2025-05-01T10:30:00.230000,-0.002807
2025-05-01T10:30:00.240000,0.016696
2025-05-01T10:30:00.250000,0.003257
2025-05-01T10:30:00.260000,0.009348
2025-05-01T10:30:00.270000,0.001303
2025-05-01T10:30:00.280000,-0.014852
2025-05-01T10:30:00.290000,-0.003873
2025-05-01T10:30:00.300000,0.004766
2025-05-01T10:30:00.310000,0.011126
2025-05-01T10:30:00.320000,0.013536
2025-05-01T10:30:00.330000,-0.024382
2025-05-01T10:30:00.340000,0.007505
2025-05-01T10:30:00.350000,0.000164
2025-05-01T10:30:00.360000,0.006256
2025-05-01T10:30:00.370000,-0.021354
2025-05-01T10:30:00.380000,0.009026
2025-05-01T10:30:00.390000,-0.011414
2025-05-01T10:30:00.400000,0.003524
2025-05-01T10:30:00.410000,-0.005540
2025-05-01T10:30:00.420000,-0.022481
2025-05-01T10:30:00.430000,-0.005828
2025-05-01T10:30:00.440000,-0.002042
2025-05-01T10:30:00.450000,0.004591
2025-05-01T10:30:00.460000,0.000817
2025-05-01T10:30:00.470000,-0.003762
2025-05-01T10:30:00.480000,-0.008475
2025-05-01T10:30:00.490000,-0.004184
2025-05-01T10:30:00.500000,0.007058
2025-05-01T10:30:00.510000,0.000052
2025-05-01T10:30:00.520000,-0.011062
2025-05-01T10:30:00.530000,-0.005298
2025-05-01T10:30:00.540000,-0.000464
2025-05-01T10:30:00.550000,0.003996
2025-05-01T10:30:00.560000,-0.006673
2025-05-01T10:30:00.570000,-0.001171
2025-05-01T10:30:00.580000,-0.005843
2025-05-01T10:30:00.590000,-0.004865
2025-05-01T10:30:00.600000,0.004395
2025-05-01T10:30:00.610000,0.025156
2025-05-01T10:30:00.620000,0.004583
2025-05-01T10:30:00.630000,0.004388
2025-05-01T10:30:00.640000,-0.009446
2025-05-01T10:30:00.650000,-0.007933
2025-05-01T10:30:00.660000,0.004544
2025-05-01T10:30:00.670000,0.005968
2025-05-01T10:30:00.680000,-0.010264
2025-05-01T10:30:00.690000,-0.002209
2025-05-01T10:30:00.700000,-0.006790
2025-05-01T10:30:00.710000,0.010077
2025-05-01T10:30:00.720000,-0.014016
2025-05-01T10:30:00.730000,0.006028
2025-05-01T10:30:00.740000,0.003376
2025-05-01T10:30:00.750000,0.017500
2025-05-01T10:30:00.760000,-0.004723
2025-05-01T10:30:00.770000,-0.001014
2025-05-01T10:30:00.780000,0.004753
2025-05-01T10:30:00.790000,-0.001160
2025-05-01T10:30:00.800000,0.014180
2025-05-01T10:30:00.810000,0.007764
2025-05-01T10:30:00.820000,-0.006793
2025-05-01T10:30:00.830000,-0.019853
2025-05-01T10:30:00.840000,-0.010235
2025-05-01T10:30:00.850000,-0.007371
2025-05-01T10:30:00.860000,0.005657
2025-05-01T10:30:00.870000,0.000803
2025-05-01T10:30:00.880000,-0.001180
2025-05-01T10:30:00.890000,0.014484
2025-05-01T10:30:00.900000,-0.017741
2025-05-01T10:30:00.910000,-0.015968
2025-05-01T10:30:00.920000,0.010262
2025-05-01T10:30:00.930000,-0.010407
2025-05-01T10:30:00.940000,-0.000625
2025-05-01T10:30:00.950000,-0.007482
2025-05-01T10:30:00.960000,0.003959
2025-05-01T10:30:00.970000,-0.016851
2025-05-01T10:30:00.980000,0.009043
2025-05-01T10:30:00.990000,-0.011547
2025-05-01T10:30:01,-0.008739
2025-05-01T10:30:01.010000,-0.004772
2025-05-01T10:30:01.020000,-0.010481
2025-05-01T10:30:01.030000,-0.005148
2025-05-01T10:30:01.040000,-0.005656
2025-05-01T10:30:01.050000,-0.010934
2025-05-01T10:30:01.060000,0.001633
2025-05-01T10:30:01.070000,-0.009491
2025-05-01T10:30:01.080000,0.005150
2025-05-01T10:30:01.090000,0.014004
2025-05-01T10:30:01.100000,0.002600
2025-05-01T10:30:01.110000,0.002510
2025-05-01T10:30:01.120000,-0.004593
2025-05-01T10:30:01.130000,-0.002887
2025-05-01T10:30:01.140000,0.012820
2025-05-01T10:30:01.150000,-0.014185
2025-05-01T10:30:01.160000,-0.017132
2025-05-01T10:30:01.170000,0.000919
2025-05-01T10:30:01.180000,-0.025960
2025-05-01T10:30:01.190000,-0.008189
2025-05-01T10:30:01.200000,0.013304
2025-05-01T10:30:01.210000,-0.006614
2025-05-01T10:30:01.220000,-0.000970
2025-05-01T10:30:01.230000,0.015382
2025-05-01T10:30:01.240000,0.009771
2025-05-01T10:30:01.250000,0.000606
2025-05-01T10:30:01.260000,-0.009378
2025-05-01T10:30:01.270000,-0.005860
2025-05-01T10:30:01.280000,0.006789
2025-05-01T10:30:01.290000,0.011057
2025-05-01T10:30:01.300000,-0.009936
2025-05-01T10:30:01.310000,0.005426
2025-05-01T10:30:01.320000,0.006278
2025-05-01T10:30:01.330000,0.003171
2025-05-01T10:30:01.340000,0.015320
2025-05-01T10:30:01.350000,-0.004271
2025-05-01T10:30:01.360000,0.016513
2025-05-01T10:30:01.370000,0.006298
2025-05-01T10:30:01.380000,-0.016638
2025-05-01T10:30:01.390000,-0.011764
2025-05-01T10:30:01.400000,0.010790
2025-05-01T10:30:01.410000,-0.001808
2025-05-01T10:30:01.420000,0.002489
2025-05-01T10:30:01.430000,-0.001367
2025-05-01T10:30:01.440000,-0.004466
2025-05-01T10:30:01.450000,0.004477
2025-05-01T10:30:01.460000,-0.001243
2025-05-01T10:30:01.470000,0.001539
2025-05-01T10:30:01.480000,0.005418
2025-05-01T10:30:01.490000,0.001976
2025-05-01T10:30:01.500000,0.010116
2025-05-01T10:30:01.510000,0.015947
2025-05-01T10:30:01.520000,-0.005395
2025-05-01T10:30:01.530000,0.010857
2025-05-01T10:30:01.540000,0.013830
2025-05-01T10:30:01.550000,0.002564
2025-05-01T10:30:01.560000,-0.000010
2025-05-01T10:30:01.570000,0.005575
2025-05-01T10:30:01.580000,0.000437
2025-05-01T10:30:01.590000,0.007462
2025-05-01T10:30:01.600000,0.006759
2025-05-01T10:30:01.610000,0.010030
2025-05-01T10:30:01.620000,0.003102
2025-05-01T10:30:01.630000,0.002539
2025-05-01T10:30:01.640000,-0.001124
2025-05-01T10:30:01.650000,0.001045
2025-05-01T10:30:01.660000,-0.010286
2025-05-01T10:30:01.670000,0.000744
2025-05-01T10:30:01.680000,-0.007079
2025-05-01T10:30:01.690000,-0.005972
2025-05-01T10:30:01.700000,0.005670
2025-05-01T10:30:01.710000,0.009568
2025-05-01T10:30:01.720000,-0.014791
2025-05-01T10:30:01.730000,-0.002050
2025-05-01T10:30:01.740000,-0.006631
2025-05-01T10:30:01.750000,-0.010474
2025-05-01T10:30:01.760000,-0.004298
2025-05-01T10:30:01.770000,0.009132
2025-05-01T10:30:01.780000,0.001226
2025-05-01T10:30:01.790000,-0.012010
2025-05-01T10:30:01.800000,-0.012132
2025-05-01T10:30:01.810000,0.003294
2025-05-01T10:30:01.820000,0.004786
2025-05-01T10:30:01.830000,-0.015687
2025-05-01T10:30:01.840000,0.010221
2025-05-01T10:30:01.850000,-0.005355
2025-05-01T10:30:01.860000,-0.000400
2025-05-01T10:30:01.870000,-0.003618
2025-05-01T10:30:01.880000,-0.000586
2025-05-01T10:30:01.890000,-0.014965
2025-05-01T10:30:01.900000,0.001925
2025-05-01T10:30:01.910000,-0.001234
2025-05-01T10:30:01.920000,-0.015217
2025-05-01T10:30:01.930000,0.008026
2025-05-01T10:30:01.940000,0.000528
2025-05-01T10:30:01.950000,-0.011122
2025-05-01T10:30:01.960000,0.002310
2025-05-01T10:30:01.970000,-0.017773
2025-05-01T10:30:01.980000,0.005243
2025-05-01T10:30:01.990000,-0.015848
2025-05-01T10:30:02,0.017440
2025-05-01T10:30:02.010000,-0.010895
2025-05-01T10:30:02.020000,0.015613
2025-05-01T10:30:02.030000,-0.003162
2025-05-01T10:30:02.040000,0.014056
2025-05-01T10:30:02.050000,-0.000001
2025-05-01T10:30:02.060000,0.007536
2025-05-01T10:30:02.070000,0.010211
2025-05-01T10:30:02.080000,0.001885
2025-05-01T10:30:02.090000,0.013250
2025-05-01T10:30:02.100000,0.009264
2025-05-01T10:30:02.110000,0.014105
2025-05-01T10:30:02.120000,0.002453
2025-05-01T10:30:02.130000,-0.008958
2025-05-01T10:30:02.140000,0.002872
2025-05-01T10:30:02.150000,-0.005825
2025-05-01T10:30:02.160000,0.011793
2025-05-01T10:30:02.170000,0.001189
2025-05-01T10:30:02.180000,-0.007257
2025-05-01T10:30:02.190000,-0.006374
2025-05-01T10:30:02.200000,-0.007301
2025-05-01T10:30:02.210000,0.002654
2025-05-01T10:30:02.220000,-0.010762
2025-05-01T10:30:02.230000,-0.005199
2025-05-01T10:30:02.240000,0.001062
2025-05-01T10:30:02.250000,0.006640
2025-05-01T10:30:02.260000,0.008010
2025-05-01T10:30:02.270000,-0.007701
2025-05-01T10:30:02.280000,-0.006106
2025-05-01T10:30:02.290000,-0.004761
2025-05-01T10:30:02.300000,0.007441
2025-05-01T10:30:02.310000,0.012332
2025-05-01T10:30:02.320000,-0.002404
2025-05-01T10:30:02.330000,0.018739
2025-05-01T10:30:02.340000,0.006301
2025-05-01T10:30:02.350000,0.008452
2025-05-01T10:30:02.360000,0.017952
2025-05-01T10:30:02.370000,0.009648
2025-05-01T10:30:02.380000,0.001288
2025-05-01T10:30:02.390000,-0.011593
2025-05-01T10:30:02.400000,-0.007670
2025-05-01T10:30:02.410000,0.003597
2025-05-01T10:30:02.420000,0.004754
2025-05-01T10:30:02.430000,-0.002948
2025-05-01T10:30:02.440000,-0.015958
2025-05-01T10:30:02.450000,-0.001535
2025-05-01T10:30:02.460000,-0.000007
2025-05-01T10:30:02.470000,0.002040
2025-05-01T10:30:02.480000,-0.010964
2025-05-01T10:30:02.490000,-0.005625
2025-05-01T10:30:02.500000,0.000700
2025-05-01T10:30:02.510000,-0.001587
2025-05-01T10:30:02.520000,-0.018181
2025-05-01T10:30:02.530000,-0.002284
2025-05-01T10:30:02.540000,0.006401
2025-05-01T10:30:02.550000,0.015721
2025-05-01T10:30:02.560000,0.005343
2025-05-01T10:30:02.570000,-0.007761
2025-05-01T10:30:02.580000,-0.005083
2025-05-01T10:30:02.590000,-0.013666
2025-05-01T10:30:02.600000,0.003468
2025-05-01T10:30:02.610000,0.004975
2025-05-01T10:30:02.620000,0.014859
2025-05-01T10:30:02.630000,-0.000276
2025-05-01T10:30:02.640000,-0.002295
2025-05-01T10:30:02.650000,-0.002551
2025-05-01T10:30:02.660000,-0.021185
2025-05-01T10:30:02.670000,-0.001067
2025-05-01T10:30:02.680000,0.010936
2025-05-01T10:30:02.690000,-0.010481
2025-05-01T10:30:02.700000,-0.009487
2025-05-01T10:30:02.710000,0.005626
2025-05-01T10:30:02.720000,-0.007020
2025-05-01T10:30:02.730000,0.008248
2025-05-01T10:30:02.740000,-0.000608
2025-05-01T10:30:02.750000,-0.001567
2025-05-01T10:30:02.760000,-0.001238
2025-05-01T10:30:02.770000,-0.010837
2025-05-01T10:30:02.780000,-0.005947
2025-05-01T10:30:02.790000,-0.010558
2025-05-01T10:30:02.800000,-0.015148
2025-05-01T10:30:02.810000,0.003492
2025-05-01T10:30:02.820000,0.002081
2025-05-01T10:30:02.830000,0.005895
2025-05-01T10:30:02.840000,0.005934
2025-05-01T10:30:02.850000,-0.005699
2025-05-01T10:30:02.860000,-0.014305
2025-05-01T10:30:02.870000,0.003688
2025-05-01T10:30:02.880000,0.000756
2025-05-01T10:30:02.890000,0.005604
2025-05-01T10:30:02.900000,0.004845
2025-05-01T10:30:02.910000,0.014201
2025-05-01T10:30:02.920000,-0.016893
2025-05-01T10:30:02.930000,-0.009391
2025-05-01T10:30:02.940000,-0.002487
2025-05-01T10:30:02.950000,-0.010629
2025-05-01T10:30:02.960000,0.003147
2025-05-01T10:30:02.970000,0.005628
2025-05-01T10:30:02.980000,-0.012991
2025-05-01T10:30:02.990000,-0.010058
2025-05-01T10:30:03,0.000341
2025-05-01T10:30:03.010000,0.000131
2025-05-01T10:30:03.020000,-0.004686
2025-05-01T10:30:03.030000,0.011692
2025-05-01T10:30:03.040000,-0.010849
2025-05-01T10:30:03.050000,-0.016108
2025-05-01T10:30:03.060000,-0.005962
2025-05-01T10:30:03.070000,-0.004963
2025-05-01T10:30:03.080000,0.022618
2025-05-01T10:30:03.090000,-0.003164
2025-05-01T10:30:03.100000,-0.006905
2025-05-01T10:30:03.110000,0.008220
2025-05-01T10:30:03.120000,0.003072
2025-05-01T10:30:03.130000,0.015760
2025-05-01T10:30:03.140000,0.006690
2025-05-01T10:30:03.150000,0.016311
2025-05-01T10:30:03.160000,-0.004366
2025-05-01T10:30:03.170000,-0.007290
2025-05-01T10:30:03.180000,-0.002674
2025-05-01T10:30:03.190000,0.009092
2025-05-01T10:30:03.200000,0.001027
2025-05-01T10:30:03.210000,-0.000141
2025-05-01T10:30:03.220000,-0.005460
2025-05-01T10:30:03.230000,0.006577
2025-05-01T10:30:03.240000,0.000851
2025-05-01T10:30:03.250000,-0.011327
2025-05-01T10:30:03.260000,-0.018549
2025-05-01T10:30:03.270000,0.000914
2025-05-01T10:30:03.280000,0.004309
2025-05-01T10:30:03.290000,0.005448
2025-05-01T10:30:03.300000,-0.005307
2025-05-01T10:30:03.310000,-0.029217
2025-05-01T10:30:03.320000,-0.010493
2025-05-01T10:30:03.330000,0.014552
2025-05-01T10:30:03.340000,-0.000208
2025-05-01T10:30:03.350000,0.006015
2025-05-01T10:30:03.360000,-0.006545
2025-05-01T10:30:03.370000,0.034637
2025-05-01T10:30:03.380000,0.005095
2025-05-01T10:30:03.390000,-0.001502
2025-05-01T10:30:03.400000,0.005332
2025-05-01T10:30:03.410000,-0.015423
2025-05-01T10:30:03.420000,0.009894
2025-05-01T10:30:03.430000,0.000419
2025-05-01T10:30:03.440000,0.005134
2025-05-01T10:30:03.450000,0.007556
2025-05-01T10:30:03.460000,0.016621
2025-05-01T10:30:03.470000,0.015306
2025-05-01T10:30:03.480000,0.004233
2025-05-01T10:30:03.490000,0.012870
2025-05-01T10:30:03.500000,0.018847
2025-05-01T10:30:03.510000,-0.000995
2025-05-01T10:30:03.520000,0.008556
2025-05-01T10:30:03.530000,-0.005215
2025-05-01T10:30:03.540000,0.018738
2025-05-01T10:30:03.550000,0.003376
2025-05-01T10:30:03.560000,0.001715
2025-05-01T10:30:03.570000,-0.026476
2025-05-01T10:30:03.580000,-0.010538
2025-05-01T10:30:03.590000,0.009900
2025-05-01T10:30:03.600000,-0.005138
2025-05-01T10:30:03.610000,0.013467
2025-05-01T10:30:03.620000,0.004925
2025-05-01T10:30:03.630000,-0.007025
2025-05-01T10:30:03.640000,-0.005763
2025-05-01T10:30:03.650000,0.018050
2025-05-01T10:30:03.660000,0.008373
2025-05-01T10:30:03.670000,0.003547
2025-05-01T10:30:03.680000,0.003390
2025-05-01T10:30:03.690000,-0.014612
2025-05-01T10:30:03.700000,0.009123
2025-05-01T10:30:03.710000,0.007162
2025-05-01T10:30:03.720000,-0.008709
2025-05-01T10:30:03.730000,-0.008109
2025-05-01T10:30:03.740000,0.002065
2025-05-01T10:30:03.750000,-0.009275
2025-05-01T10:30:03.760000,0.017182
2025-05-01T10:30:03.770000,-0.010342
2025-05-01T10:30:03.780000,-0.008735
2025-05-01T10:30:03.790000,0.007143
2025-05-01T10:30:03.800000,0.002862
2025-05-01T10:30:03.810000,-0.002796
2025-05-01T10:30:03.820000,0.006638
2025-05-01T10:30:03.830000,0.010086
2025-05-01T10:30:03.840000,-0.001561
2025-05-01T10:30:03.850000,-0.009097
2025-05-01T10:30:03.860000,0.001403
2025-05-01T10:30:03.870000,0.004437
2025-05-01T10:30:03.880000,-0.008185
2025-05-01T10:30:03.890000,-0.008060
2025-05-01T10:30:03.900000,-0.002236
2025-05-01T10:30:03.910000,-0.003154
2025-05-01T10:30:03.920000,0.008583
2025-05-01T10:30:03.930000,0.005236
2025-05-01T10:30:03.940000,0.006834
2025-05-01T10:30:03.950000,-0.013961
2025-05-01T10:30:03.960000,0.002653
2025-05-01T10:30:03.970000,-0.023362
2025-05-01T10:30:03.980000,-0.007411
2025-05-01T10:30:03.990000,0.009482
2025-05-01T10:30:04,0.007408
2025-05-01T10:30:04.010000,-0.003861
2025-05-01T10:30:04.020000,-0.005809
2025-05-01T10:30:04.030000,-0.007356
2025-05-01T10:30:04.040000,0.003563
2025-05-01T10:30:04.050000,0.005211
2025-05-01T10:30:04.060000,-0.002018
2025-05-01T10:30:04.070000,-0.005604
2025-05-01T10:30:04.080000,-0.008012
2025-05-01T10:30:04.090000,0.014365
2025-05-01T10:30:04.100000,-0.010077
2025-05-01T10:30:04.110000,-0.011544
2025-05-01T10:30:04.120000,-0.020864
2025-05-01T10:30:04.130000,-0.001468
2025-05-01T10:30:04.140000,-0.007538
2025-05-01T10:30:04.150000,0.001626
2025-05-01T10:30:04.160000,-0.001176
2025-05-01T10:30:04.170000,0.001690
2025-05-01T10:30:04.180000,0.008110
2025-05-01T10:30:04.190000,-0.001411
2025-05-01T10:30:04.200000,0.009566
2025-05-01T10:30:04.210000,-0.009993
2025-05-01T10:30:04.220000,0.004262
2025-05-01T10:30:04.230000,-0.010623
2025-05-01T10:30:04.240000,0.003500
2025-05-01T10:30:04.250000,-0.002053
2025-05-01T10:30:04.260000,0.001154
2025-05-01T10:30:04.270000,0.001582
2025-05-01T10:30:04.280000,0.005091
2025-05-01T10:30:04.290000,0.011570
2025-05-01T10:30:04.300000,0.001142
2025-05-01T10:30:04.310000,0.005442
2025-05-01T10:30:04.320000,0.012442
2025-05-01T10:30:04.330000,-0.009848
2025-05-01T10:30:04.340000,-0.002193
2025-05-01T10:30:04.350000,0.009609
2025-05-01T10:30:04.360000,0.010477
2025-05-01T10:30:04.370000,-0.021676
2025-05-01T10:30:04.380000,0.005351
2025-05-01T10:30:04.390000,-0.004513
2025-05-01T10:30:04.400000,0.011176
2025-05-01T10:30:04.410000,-0.011010
2025-05-01T10:30:04.420000,0.003255
2025-05-01T10:30:04.430000,0.018186
2025-05-01T10:30:04.440000,0.006537
2025-05-01T10:30:04.450000,-0.004874
2025-05-01T10:30:04.460000,-0.014987
2025-05-01T10:30:04.470000,0.026660
2025-05-01T10:30:04.480000,-0.001649
2025-05-01T10:30:04.490000,0.002843
2025-05-01T10:30:04.500000,-0.013099
2025-05-01T10:30:04.510000,0.009382
2025-05-01T10:30:04.520000,-0.022026
2025-05-01T10:30:04.530000,0.004890
2025-05-01T10:30:04.540000,-0.003157
2025-05-01T10:30:04.550000,0.001410
2025-05-01T10:30:04.560000,-0.011975
2025-05-01T10:30:04.570000,0.013780
2025-05-01T10:30:04.580000,0.003239
2025-05-01T10:30:04.590000,0.004751
2025-05-01T10:30:04.600000,-0.009563
2025-05-01T10:30:04.610000,-0.013342
2025-05-01T10:30:04.620000,-0.014072
2025-05-01T10:30:04.630000,-0.002481
2025-05-01T10:30:04.640000,-0.000721
2025-05-01T10:30:04.650000,-0.011612
2025-05-01T10:30:04.660000,0.002780
2025-05-01T10:30:04.670000,0.002622
2025-05-01T10:30:04.680000,-0.018924
2025-05-01T10:30:04.690000,0.007591
2025-05-01T10:30:04.700000,-0.016406
2025-05-01T10:30:04.710000,0.014829
2025-05-01T10:30:04.720000,0.008651
2025-05-01T10:30:04.730000,-0.000912
2025-05-01T10:30:04.740000,0.024067
2025-05-01T10:30:04.750000,-0.014523
2025-05-01T10:30:04.760000,0.011931
2025-05-01T10:30:04.770000,-0.013694
2025-05-01T10:30:04.780000,-0.009696
2025-05-01T10:30:04.790000,-0.001054
2025-05-01T10:30:04.800000,0.001005
2025-05-01T10:30:04.810000,-0.009391
2025-05-01T10:30:04.820000,0.012749
2025-05-01T10:30:04.830000,-0.004323
2025-05-01T10:30:04.840000,0.000615
2025-05-01T10:30:04.850000,0.011737
2025-05-01T10:30:04.860000,-0.000951
2025-05-01T10:30:04.870000,0.016067
2025-05-01T10:30:04.880000,0.019657
2025-05-01T10:30:04.890000,0.021158
2025-05-01T10:30:04.900000,0.017134
2025-05-01T10:30:04.910000,0.005357
2025-05-01T10:30:04.920000,-0.006595
2025-05-01T10:30:04.930000,0.010080
2025-05-01T10:30:04.940000,-0.009364
2025-05-01T10:30:04.950000,-0.004851
2025-05-01T10:30:04.960000,0.003334
2025-05-01T10:30:04.970000,-0.001317
2025-05-01T10:30:04.980000,0.007405
2025-05-01T10:30:04.990000,-0.011570
2025-05-01T10:30:05,0.003348
2025-05-01T10:30:05.010000,0.004939
2025-05-01T10:30:05.020000,0.004777
2025-05-01T10:30:05.030000,-0.004835
2025-05-01T10:30:05.040000,-0.007961
2025-05-01T10:30:05.050000,-0.003374
2025-05-01T10:30:05.060000,0.002594
2025-05-01T10:30:05.070000,0.010783
2025-05-01T10:30:05.080000,-0.004196
2025-05-01T10:30:05.090000,0.016774
2025-05-01T10:30:05.100000,-0.016079
2025-05-01T10:30:05.110000,-0.008119
2025-05-01T10:30:05.120000,-0.007615
2025-05-01T10:30:05.130000,-0.005995
2025-05-01T10:30:05.140000,0.005497
2025-05-01T10:30:05.150000,-0.011197
2025-05-01T10:30:05.160000,0.014943
2025-05-01T10:30:05.170000,-0.010675
2025-05-01T10:30:05.180000,0.011622
2025-05-01T10:30:05.190000,0.000524
2025-05-01T10:30:05.200000,-0.000533
2025-05-01T10:30:05.210000,0.005607
2025-05-01T10:30:05.220000,0.002272
2025-05-01T10:30:05.230000,0.004331
2025-05-01T10:30:05.240000,0.001529
2025-05-01T10:30:05.250000,0.004512
2025-05-01T10:30:05.260000,-0.004201
2025-05-01T10:30:05.270000,0.001420
2025-05-01T10:30:05.280000,0.005028
2025-05-01T10:30:05.290000,-0.003980
2025-05-01T10:30:05.300000,0.010058
2025-05-01T10:30:05.310000,-0.000308
2025-05-01T10:30:05.320000,0.015148
2025-05-01T10:30:05.330000,-0.009022
2025-05-01T10:30:05.340000,0.014622
2025-05-01T10:30:05.350000,-0.012758
2025-05-01T10:30:05.360000,-0.014138
2025-05-01T10:30:05.370000,0.007651
2025-05-01T10:30:05.380000,-0.005059
2025-05-01T10:30:05.390000,-0.010946
2025-05-01T10:30:05.400000,0.002466
2025-05-01T10:30:05.410000,-0.020680
2025-05-01T10:30:05.420000,0.004194
2025-05-01T10:30:05.430000,0.000374
2025-05-01T10:30:05.440000,-0.003529
2025-05-01T10:30:05.450000,-0.001520
2025-05-01T10:30:05.460000,-0.020827
2025-05-01T10:30:05.470000,-0.007123
2025-05-01T10:30:05.480000,-0.007357
2025-05-01T10:30:05.490000,-0.000964
2025-05-01T10:30:05.500000,0.012104
2025-05-01T10:30:05.510000,0.003419
2025-05-01T10:30:05.520000,0.005168
2025-05-01T10:30:05.530000,-0.001784
2025-05-01T10:30:05.540000,-0.014166
2025-05-01T10:30:05.550000,0.000834
2025-05-01T10:30:05.560000,0.008807
2025-05-01T10:30:05.570000,0.001339
2025-05-01T10:30:05.580000,-0.021164
2025-05-01T10:30:05.590000,0.004343
2025-05-01T10:30:05.600000,0.011224
2025-05-01T10:30:05.610000,0.005041
2025-05-01T10:30:05.620000,0.010614
2025-05-01T10:30:05.630000,0.010602
2025-05-01T10:30:05.640000,0.005362
2025-05-01T10:30:05.650000,0.003335
2025-05-01T10:30:05.660000,0.008426
2025-05-01T10:30:05.670000,-0.005010
2025-05-01T10:30:05.680000,0.000497
2025-05-01T10:30:05.690000,-0.000420
2025-05-01T10:30:05.700000,0.009017
2025-05-01T10:30:05.710000,-0.005356
2025-05-01T10:30:05.720000,-0.034769
2025-05-01T10:30:05.730000,-0.000351
2025-05-01T10:30:05.740000,0.002872
2025-05-01T10:30:05.750000,0.007261
2025-05-01T10:30:05.760000,-0.007677
2025-05-01T10:30:05.770000,-0.016070
2025-05-01T10:30:05.780000,0.012117
2025-05-01T10:30:05.790000,-0.009568
2025-05-01T10:30:05.800000,0.003662
2025-05-01T10:30:05.810000,-0.005536
2025-05-01T10:30:05.820000,-0.009561
2025-05-01T10:30:05.830000,0.003209
2025-05-01T10:30:05.840000,-0.000161
2025-05-01T10:30:05.850000,0.011059
2025-05-01T10:30:05.860000,-0.000618
2025-05-01T10:30:05.870000,-0.007684
2025-05-01T10:30:05.880000,-0.002536
2025-05-01T10:30:05.890000,0.003364
2025-05-01T10:30:05.900000,-0.008112
2025-05-01T10:30:05.910000,0.006267
2025-05-01T10:30:05.920000,0.025145
2025-05-01T10:30:05.930000,0.005547
2025-05-01T10:30:05.940000,0.009383
2025-05-01T10:30:05.950000,0.003142
2025-05-01T10:30:05.960000,-0.031531
2025-05-01T10:30:05.970000,0.008600
2025-05-01T10:30:05.980000,-0.015374
2025-05-01T10:30:05.990000,0.004585
2025-05-01T10:30:06,0.009072
2025-05-01T10:30:06.010000,0.009488
2025-05-01T10:30:06.020000,0.005195
2025-05-01T10:30:06.030000,-0.020692
2025-05-01T10:30:06.040000,0.002252
2025-05-01T10:30:06.050000,-0.014390
2025-05-01T10:30:06.060000,0.008659
2025-05-01T10:30:06.070000,-0.015329
2025-05-01T10:30:06.080000,-0.010845
2025-05-01T10:30:06.090000,-0.006518
2025-05-01T10:30:06.100000,-0.018585
2025-05-01T10:30:06.110000,-0.002120
2025-05-01T10:30:06.120000,0.003857
2025-05-01T10:30:06.130000,0.009251
2025-05-01T10:30:06.140000,-0.005838
2025-05-01T10:30:06.150000,-0.003011
2025-05-01T10:30:06.160000,-0.007909
2025-05-01T10:30:06.170000,0.002462
2025-05-01T10:30:06.180000,0.002719
2025-05-01T10:30:06.190000,-0.011315
2025-05-01T10:30:06.200000,-0.003834
2025-05-01T10:30:06.210000,0.004088
2025-05-01T10:30:06.220000,-0.000303
2025-05-01T10:30:06.230000,-0.001766
2025-05-01T10:30:06.240000,0.002015
2025-05-01T10:30:06.250000,0.000005
2025-05-01T10:30:06.260000,-0.000713
2025-05-01T10:30:06.270000,-0.007329
2025-05-01T10:30:06.280000,-0.019462
2025-05-01T10:30:06.290000,-0.004781
2025-05-01T10:30:06.300000,-0.000569
2025-05-01T10:30:06.310000,-0.000240
2025-05-01T10:30:06.320000,0.016979
2025-05-01T10:30:06.330000,0.020074
2025-05-01T10:30:06.340000,0.006374
2025-05-01T10:30:06.350000,0.002637
2025-05-01T10:30:06.360000,-0.004647
2025-05-01T10:30:06.370000,-0.006140
2025-05-01T10:30:06.380000,0.011525
2025-05-01T10:30:06.390000,0.004684
2025-05-01T10:30:06.400000,-0.002670
2025-05-01T10:30:06.410000,-0.004516
2025-05-01T10:30:06.420000,0.002313
2025-05-01T10:30:06.430000,0.001048
2025-05-01T10:30:06.440000,-0.008302
2025-05-01T10:30:06.450000,-0.007175
2025-05-01T10:30:06.460000,0.001269
2025-05-01T10:30:06.470000,0.014020
2025-05-01T10:30:06.480000,0.011449
2025-05-01T10:30:06.490000,0.003296
2025-05-01T10:30:06.500000,0.011416
2025-05-01T10:30:06.510000,0.005914
2025-05-01T10:30:06.520000,0.008609
2025-05-01T10:30:06.530000,-0.003075
2025-05-01T10:30:06.540000,0.004144
2025-05-01T10:30:06.550000,-0.006366
2025-05-01T10:30:06.560000,0.003867
2025-05-01T10:30:06.570000,-0.016712
2025-05-01T10:30:06.580000,-0.001916
2025-05-01T10:30:06.590000,0.007819
2025-05-01T10:30:06.600000,-0.006203
2025-05-01T10:30:06.610000,0.019794
2025-05-01T10:30:06.620000,-0.008099
2025-05-01T10:30:06.630000,0.003885
2025-05-01T10:30:06.640000,0.009760
2025-05-01T10:30:06.650000,-0.006830
2025-05-01T10:30:06.660000,0.022638
2025-05-01T10:30:06.670000,-0.021062
2025-05-01T10:30:06.680000,-0.001672
2025-05-01T10:30:06.690000,-0.017853
2025-05-01T10:30:06.700000,0.009886
2025-05-01T10:30:06.710000,0.015116
2025-05-01T10:30:06.720000,-0.006116
2025-05-01T10:30:06.730000,0.014348
2025-05-01T10:30:06.740000,-0.000123
2025-05-01T10:30:06.750000,-0.016799
2025-05-01T10:30:06.760000,-0.000833
2025-05-01T10:30:06.770000,0.001926
2025-05-01T10:30:06.780000,-0.002475
2025-05-01T10:30:06.790000,-0.004505
2025-05-01T10:30:06.800000,-0.001230
2025-05-01T10:30:06.810000,0.006839
2025-05-01T10:30:06.820000,-0.002016
2025-05-01T10:30:06.830000,0.000224
2025-05-01T10:30:06.840000,-0.006999
2025-05-01T10:30:06.850000,-0.010541
2025-05-01T10:30:06.860000,-0.014945
2025-05-01T10:30:06.870000,-0.005429
2025-05-01T10:30:06.880000,-0.019756
2025-05-01T10:30:06.890000,0.002495
2025-05-01T10:30:06.900000,0.008721
2025-05-01T10:30:06.910000,-0.007189
2025-05-01T10:30:06.920000,0.014234
2025-05-01T10:30:06.930000,-0.002800
2025-05-01T10:30:06.940000,0.006063
2025-05-01T10:30:06.950000,-0.023965
2025-05-01T10:30:06.960000,-0.005293
2025-05-01T10:30:06.970000,0.011601
2025-05-01T10:30:06.980000,-0.005061
2025-05-01T10:30:06.990000,0.007606
2025-05-01T10:30:07,-0.010561
2025-05-01T10:30:07.010000,-0.011948
2025-05-01T10:30:07.020000,-0.003280
2025-05-01T10:30:07.030000,0.004711
2025-05-01T10:30:07.040000,-0.006736
2025-05-01T10:30:07.050000,0.006447
2025-05-01T10:30:07.060000,-0.003936
2025-05-01T10:30:07.070000,0.003198
2025-05-01T10:30:07.080000,-0.004503
2025-05-01T10:30:07.090000,0.008992
2025-05-01T10:30:07.100000,0.000334
2025-05-01T10:30:07.110000,0.007951
2025-05-01T10:30:07.120000,0.009348
2025-05-01T10:30:07.130000,-0.010621
2025-05-01T10:30:07.140000,0.007507
2025-05-01T10:30:07.150000,-0.015208
2025-05-01T10:30:07.160000,-0.019591
2025-05-01T10:30:07.170000,0.000862
2025-05-01T10:30:07.180000,0.004760
2025-05-01T10:30:07.190000,-0.001315
2025-05-01T10:30:07.200000,-0.012995
2025-05-01T10:30:07.210000,-0.021717
2025-05-01T10:30:07.220000,-0.012824
2025-05-01T10:30:07.230000,0.013010
2025-05-01T10:30:07.240000,0.008509
2025-05-01T10:30:07.250000,-0.005081
2025-05-01T10:30:07.260000,-0.023428
2025-05-01T10:30:07.270000,-0.012820
2025-05-01T10:30:07.280000,-0.002446
2025-05-01T10:30:07.290000,0.003355
2025-05-01T10:30:07.300000,0.010167
2025-05-01T10:30:07.310000,-0.016352
2025-05-01T10:30:07.320000,-0.016182
2025-05-01T10:30:07.330000,0.003473
2025-05-01T10:30:07.340000,-0.017642
2025-05-01T10:30:07.350000,0.007223
2025-05-01T10:30:07.360000,0.018409
2025-05-01T10:30:07.370000,-0.023274
2025-05-01T10:30:07.380000,-0.002238
2025-05-01T10:30:07.390000,0.010537
2025-05-01T10:30:07.400000,0.004057
2025-05-01T10:30:07.410000,-0.007004
2025-05-01T10:30:07.420000,-0.001685
2025-05-01T10:30:07.430000,0.008233
2025-05-01T10:30:07.440000,-0.013416
2025-05-01T10:30:07.450000,0.001785
2025-05-01T10:30:07.460000,-0.009737
2025-05-01T10:30:07.470000,-0.002721
2025-05-01T10:30:07.480000,0.000409
2025-05-01T10:30:07.490000,-0.019056
2025-05-01T10:30:07.500000,0.002947
2025-05-01T10:30:07.510000,0.013668
2025-05-01T10:30:07.520000,0.014569
2025-05-01T10:30:07.530000,0.004299
2025-05-01T10:30:07.540000,0.000638
2025-05-01T10:30:07.550000,-0.004052
2025-05-01T10:30:07.560000,0.004460
2025-05-01T10:30:07.570000,-0.011168
2025-05-01T10:30:07.580000,-0.008431
2025-05-01T10:30:07.590000,-0.005523
2025-05-01T10:30:07.600000,-0.006456
2025-05-01T10:30:07.610000,0.003923
2025-05-01T10:30:07.620000,0.007107
2025-05-01T10:30:07.630000,-0.016537
2025-05-01T10:30:07.640000,0.002526
2025-05-01T10:30:07.650000,0.004548
2025-05-01T10:30:07.660000,0.001556
2025-05-01T10:30:07.670000,-0.003402
2025-05-01T10:30:07.680000,-0.011997
2025-05-01T10:30:07.690000,-0.003637
2025-05-01T10:30:07.700000,-0.011742
2025-05-01T10:30:07.710000,-0.008705
2025-05-01T10:30:07.720000,0.002208
2025-05-01T10:30:07.730000,0.007804
2025-05-01T10:30:07.740000,0.000689
2025-05-01T10:30:07.750000,0.005667
2025-05-01T10:30:07.760000,-0.010956
2025-05-01T10:30:07.770000,0.000723
2025-05-01T10:30:07.780000,-0.000882
2025-05-01T10:30:07.790000,-0.009390
2025-05-01T10:30:07.800000,-0.012541
2025-05-01T10:30:07.810000,-0.016812
2025-05-01T10:30:07.820000,-0.003588
2025-05-01T10:30:07.830000,-0.037038
2025-05-01T10:30:07.840000,0.004200
2025-05-01T10:30:07.850000,0.004350
2025-05-01T10:30:07.860000,0.007354
2025-05-01T10:30:07.870000,-0.000308
2025-05-01T10:30:07.880000,0.000065
2025-05-01T10:30:07.890000,-0.007635
2025-05-01T10:30:07.900000,0.001868
2025-05-01T10:30:07.910000,0.000922
2025-05-01T10:30:07.920000,-0.003511
2025-05-01T10:30:07.930000,0.001602
2025-05-01T10:30:07.940000,-0.012941
2025-05-01T10:30:07.950000,-0.000816
2025-05-01T10:30:07.960000,0.022958
2025-05-01T10:30:07.970000,-0.011605
2025-05-01T10:30:07.980000,-0.011107
2025-05-01T10:30:07.990000,0.003068
2025-05-01T10:30:08,-0.003513
2025-05-01T10:30:08.010000,0.009175
2025-05-01T10:30:08.020000,-0.002224
2025-05-01T10:30:08.030000,-0.020323
2025-05-01T10:30:08.040000,-0.004069
2025-05-01T10:30:08.050000,0.004739
2025-05-01T10:30:08.060000,0.001250
2025-05-01T10:30:08.070000,-0.005044
2025-05-01T10:30:08.080000,0.004731
2025-05-01T10:30:08.090000,-0.002382
2025-05-01T10:30:08.100000,-0.002061
2025-05-01T10:30:08.110000,0.003858
2025-05-01T10:30:08.120000,-0.000227
2025-05-01T10:30:08.130000,0.015164
2025-05-01T10:30:08.140000,0.012226
2025-05-01T10:30:08.150000,-0.005463
2025-05-01T10:30:08.160000,0.002092
2025-05-01T10:30:08.170000,-0.004459
2025-05-01T10:30:08.180000,-0.006249
2025-05-01T10:30:08.190000,-0.011442
2025-05-01T10:30:08.200000,0.012303
2025-05-01T10:30:08.210000,0.002612
2025-05-01T10:30:08.220000,-0.014698
2025-05-01T10:30:08.230000,-0.005945
2025-05-01T10:30:08.240000,-0.002736
2025-05-01T10:30:08.250000,-0.008472
2025-05-01T10:30:08.260000,-0.003797
2025-05-01T10:30:08.270000,0.017692
2025-05-01T10:30:08.280000,-0.016794
2025-05-01T10:30:08.290000,0.001773
2025-05-01T10:30:08.300000,-0.012448
2025-05-01T10:30:08.310000,0.000759
2025-05-01T10:30:08.320000,-0.003581
2025-05-01T10:30:08.330000,0.003814
2025-05-01T10:30:08.340000,0.001177
2025-05-01T10:30:08.350000,-0.009736
2025-05-01T10:30:08.360000,0.006159
2025-05-01T10:30:08.370000,-0.000052
2025-05-01T10:30:08.380000,-0.000932
2025-05-01T10:30:08.390000,-0.011207
2025-05-01T10:30:08.400000,0.015506
2025-05-01T10:30:08.410000,0.017072
2025-05-01T10:30:08.420000,0.004443
2025-05-01T10:30:08.430000,0.014909
2025-05-01T10:30:08.440000,-0.007562
2025-05-01T10:30:08.450000,0.004987
2025-05-01T10:30:08.460000,0.011445
2025-05-01T10:30:08.470000,-0.004825
2025-05-01T10:30:08.480000,0.013857
2025-05-01T10:30:08.490000,0.002705
2025-05-01T10:30:08.500000,0.004941
2025-05-01T10:30:08.510000,-0.006029
2025-05-01T10:30:08.520000,0.002864
2025-05-01T10:30:08.530000,-0.001863
2025-05-01T10:30:08.540000,0.001136
2025-05-01T10:30:08.550000,-0.016202
2025-05-01T10:30:08.560000,0.000981
2025-05-01T10:30:08.570000,0.000216
2025-05-01T10:30:08.580000,0.006001
2025-05-01T10:30:08.590000,-0.005295
2025-05-01T10:30:08.600000,0.012910
2025-05-01T10:30:08.610000,-0.006457
2025-05-01T10:30:08.620000,-0.001402
2025-05-01T10:30:08.630000,0.017340
2025-05-01T10:30:08.640000,0.015707
2025-05-01T10:30:08.650000,0.008899
2025-05-01T10:30:08.660000,-0.001067
2025-05-01T10:30:08.670000,-0.001976
2025-05-01T10:30:08.680000,0.009971
2025-05-01T10:30:08.690000,0.003259
2025-05-01T10:30:08.700000,-0.011281
2025-05-01T10:30:08.710000,-0.003652
2025-05-01T10:30:08.720000,-0.003267
2025-05-01T10:30:08.730000,0.005573
2025-05-01T10:30:08.740000,0.023023
2025-05-01T10:30:08.750000,0.000344
2025-05-01T10:30:08.760000,0.016324
2025-05-01T10:30:08.770000,-0.012541
2025-05-01T10:30:08.780000,-0.006775
2025-05-01T10:30:08.790000,0.010212
2025-05-01T10:30:08.800000,0.004269
2025-05-01T10:30:08.810000,-0.006418
2025-05-01T10:30:08.820000,-0.002771
2025-05-01T10:30:08.830000,0.002642
2025-05-01T10:30:08.840000,-0.008434
2025-05-01T10:30:08.850000,0.002627
2025-05-01T10:30:08.860000,-0.009143
2025-05-01T10:30:08.870000,-0.007723
2025-05-01T10:30:08.880000,-0.013542
2025-05-01T10:30:08.890000,-0.008520
2025-05-01T10:30:08.900000,0.002343
2025-05-01T10:30:08.910000,-0.010243
2025-05-01T10:30:08.920000,0.000155
2025-05-01T10:30:08.930000,0.000575
2025-05-01T10:30:08.940000,-0.010967
2025-05-01T10:30:08.950000,0.000631
2025-05-01T10:30:08.960000,0.014054
2025-05-01T10:30:08.970000,-0.009424
2025-05-01T10:30:08.980000,-0.004378
2025-05-01T10:30:08.990000,-0.002582
2025-05-01T10:30:09,0.002431
2025-05-01T10:30:09.010000,-0.004265
2025-05-01T10:30:09.020000,-0.004261
2025-05-01T10:30:09.030000,0.009305
2025-05-01T10:30:09.040000,-0.016110
2025-05-01T10:30:09.050000,0.006686
2025-05-01T10:30:09.060000,0.006107
2025-05-01T10:30:09.070000,-0.000052
2025-05-01T10:30:09.080000,-0.006856
2025-05-01T10:30:09.090000,-0.018156
2025-05-01T10:30:09.100000,-0.014547
2025-05-01T10:30:09.110000,0.003830
2025-05-01T10:30:09.120000,-0.012475
2025-05-01T10:30:09.130000,-0.005914
2025-05-01T10:30:09.140000,0.011238
2025-05-01T10:30:09.150000,-0.002163
2025-05-01T10:30:09.160000,-0.010326
2025-05-01T10:30:09.170000,-0.008304
2025-05-01T10:30:09.180000,0.003691
2025-05-01T10:30:09.190000,-0.003719
2025-05-01T10:30:09.200000,0.008038
2025-05-01T10:30:09.210000,-0.002758
2025-05-01T10:30:09.220000,0.004022
2025-05-01T10:30:09.230000,-0.005084
2025-05-01T10:30:09.240000,-0.004690
2025-05-01T10:30:09.250000,0.001873
2025-05-01T10:30:09.260000,0.004601
2025-05-01T10:30:09.270000,0.002955
2025-05-01T10:30:09.280000,-0.009492
2025-05-01T10:30:09.290000,-0.005863
2025-05-01T10:30:09.300000,-0.004298
2025-05-01T10:30:09.310000,0.029210
2025-05-01T10:30:09.320000,0.006859
2025-05-01T10:30:09.330000,-0.004402
2025-05-01T10:30:09.340000,0.011926
2025-05-01T10:30:09.350000,-0.004626
2025-05-01T10:30:09.360000,-0.006136
2025-05-01T10:30:09.370000,0.002255
2025-05-01T10:30:09.380000,-0.004490
2025-05-01T10:30:09.390000,0.002964
2025-05-01T10:30:09.400000,0.002203
2025-05-01T10:30:09.410000,-0.007570
2025-05-01T10:30:09.420000,-0.020934
2025-05-01T10:30:09.430000,-0.006915
2025-05-01T10:30:09.440000,0.002306
2025-05-01T10:30:09.450000,-0.016629
2025-05-01T10:30:09.460000,-0.002899
2025-05-01T10:30:09.470000,0.005458
2025-05-01T10:30:09.480000,-0.000989
2025-05-01T10:30:09.490000,-0.007299
2025-05-01T10:30:09.500000,0.002042
2025-05-01T10:30:09.510000,-0.009916
2025-05-01T10:30:09.520000,0.007738
2025-05-01T10:30:09.530000,-0.005726
2025-05-01T10:30:09.540000,0.004891
2025-05-01T10:30:09.550000,-0.019463
2025-05-01T10:30:09.560000,0.003826
2025-05-01T10:30:09.570000,0.003569
2025-05-01T10:30:09.580000,0.008675
2025-05-01T10:30:09.590000,0.025034
2025-05-01T10:30:09.600000,0.004980
2025-05-01T10:30:09.610000,0.016136
2025-05-01T10:30:09.620000,0.003279
2025-05-01T10:30:09.630000,-0.002862
2025-05-01T10:30:09.640000,-0.007357
2025-05-01T10:30:09.650000,0.003945
2025-05-01T10:30:09.660000,0.009645
2025-05-01T10:30:09.670000,-0.006016
2025-05-01T10:30:09.680000,-0.030111
2025-05-01T10:30:09.690000,-0.016385
2025-05-01T10:30:09.700000,-0.008667
2025-05-01T10:30:09.710000,-0.024272
2025-05-01T10:30:09.720000,0.000624
2025-05-01T10:30:09.730000,-0.003130
2025-05-01T10:30:09.740000,-0.003473
2025-05-01T10:30:09.750000,0.020479
2025-05-01T10:30:09.760000,-0.023975
2025-05-01T10:30:09.770000,-0.004499
2025-05-01T10:30:09.780000,-0.021937
2025-05-01T10:30:09.790000,-0.012906
2025-05-01T10:30:09.800000,0.000729
2025-05-01T10:30:09.810000,-0.016091
2025-05-01T10:30:09.820000,-0.013655
2025-05-01T10:30:09.830000,-0.006945
2025-05-01T10:30:09.840000,0.009828
2025-05-01T10:30:09.850000,-0.002201
2025-05-01T10:30:09.860000,0.006172
2025-05-01T10:30:09.870000,-0.007036
2025-05-01T10:30:09.880000,-0.006896
2025-05-01T10:30:09.890000,-0.003246
2025-05-01T10:30:09.900000,0.000001
2025-05-01T10:30:09.910000,0.009043
2025-05-01T10:30:09.920000,0.006842
2025-05-01T10:30:09.930000,0.010472
2025-05-01T10:30:09.940000,-0.019105
2025-05-01T10:30:09.950000,-0.002906
2025-05-01T10:30:09.960000,0.012276
2025-05-01T10:30:09.970000,-0.005753
2025-05-01T10:30:09.980000,-0.012266
2025-05-01T10:30:09.990000,0.009970
2025-05-01T10:30:10,0.012891
2025-05-01T10:30:10.010000,-0.016673
2025-05-01T10:30:10.020000,-0.003296
2025-05-01T10:30:10.030000,-0.012328
2025-05-01T10:30:10.040000,-0.010101
2025-05-01T10:30:10.050000,0.015443
2025-05-01T10:30:10.060000,0.000572
2025-05-01T10:30:10.070000,-0.004484
2025-05-01T10:30:10.080000,-0.005275
2025-05-01T10:30:10.090000,-0.011606
2025-05-01T10:30:10.100000,0.001837
2025-05-01T10:30:10.110000,0.016261
2025-05-01T10:30:10.120000,-0.003923
2025-05-01T10:30:10.130000,0.009927
2025-05-01T10:30:10.140000,0.004940
2025-05-01T10:30:10.150000,-0.009003
2025-05-01T10:30:10.160000,-0.001529
2025-05-01T10:30:10.170000,-0.003363
2025-05-01T10:30:10.180000,-0.007734
2025-05-01T10:30:10.190000,0.003333
2025-05-01T10:30:10.200000,0.007931
2025-05-01T10:30:10.210000,0.007120
2025-05-01T10:30:10.220000,-0.023678
2025-05-01T10:30:10.230000,0.002734
2025-05-01T10:30:10.240000,0.003744
2025-05-01T10:30:10.250000,-0.006352
2025-05-01T10:30:10.260000,-0.003476
2025-05-01T10:30:10.270000,-0.004851
2025-05-01T10:30:10.280000,-0.006303
2025-05-01T10:30:10.290000,0.001103
2025-05-01T10:30:10.300000,0.016669
2025-05-01T10:30:10.310000,-0.004064
2025-05-01T10:30:10.320000,0.004201
2025-05-01T10:30:10.330000,0.004520
2025-05-01T10:30:10.340000,-0.027118
2025-05-01T10:30:10.350000,0.011176
2025-05-01T10:30:10.360000,-0.007451
2025-05-01T10:30:10.370000,-0.004755
2025-05-01T10:30:10.380000,-0.006128
2025-05-01T10:30:10.390000,0.002605
2025-05-01T10:30:10.400000,-0.006071
2025-05-01T10:30:10.410000,0.001960
2025-05-01T10:30:10.420000,0.007499
2025-05-01T10:30:10.430000,-0.003854
2025-05-01T10:30:10.440000,0.008964
2025-05-01T10:30:10.450000,0.004916
2025-05-01T10:30:10.460000,0.005934
2025-05-01T10:30:10.470000,0.000403
2025-05-01T10:30:10.480000,-0.001218
2025-05-01T10:30:10.490000,-0.002548
2025-05-01T10:30:10.500000,-0.017291
2025-05-01T10:30:10.510000,0.009208
2025-05-01T10:30:10.520000,-0.000193
2025-05-01T10:30:10.530000,-0.000206
2025-05-01T10:30:10.540000,-0.010002
2025-05-01T10:30:10.550000,-0.007676
2025-05-01T10:30:10.560000,0.035115
2025-05-01T10:30:10.570000,0.002383
2025-05-01T10:30:10.580000,-0.022397
2025-05-01T10:30:10.590000,0.010184
2025-05-01T10:30:10.600000,0.005674
2025-05-01T10:30:10.610000,-0.006379
2025-05-01T10:30:10.620000,0.017601
2025-05-01T10:30:10.630000,0.004973
2025-05-01T10:30:10.640000,0.016216
2025-05-01T10:30:10.650000,0.001208
2025-05-01T10:30:10.660000,-0.000018
2025-05-01T10:30:10.670000,-0.006652
2025-05-01T10:30:10.680000,-0.010495
2025-05-01T10:30:10.690000,0.001461
2025-05-01T10:30:10.700000,0.004458
2025-05-01T10:30:10.710000,0.005385
2025-05-01T10:30:10.720000,0.004452
2025-05-01T10:30:10.730000,-0.018630
2025-05-01T10:30:10.740000,-0.001553
2025-05-01T10:30:10.750000,0.011456
2025-05-01T10:30:10.760000,0.003992
2025-05-01T10:30:10.770000,0.008106
2025-05-01T10:30:10.780000,-0.000557
2025-05-01T10:30:10.790000,0.007618
2025-05-01T10:30:10.800000,-0.002649
2025-05-01T10:30:10.810000,-0.005802
2025-05-01T10:30:10.820000,-0.000153
2025-05-01T10:30:10.830000,-0.001320
2025-05-01T10:30:10.840000,0.005798
2025-05-01T10:30:10.850000,0.000678
2025-05-01T10:30:10.860000,-0.019137
2025-05-01T10:30:10.870000,-0.001029
2025-05-01T10:30:10.880000,0.004583
2025-05-01T10:30:10.890000,0.001270
2025-05-01T10:30:10.900000,0.018387
2025-05-01T10:30:10.910000,-0.002521
2025-05-01T10:30:10.920000,0.005750
2025-05-01T10:30:10.930000,-0.014309
2025-05-01T10:30:10.940000,0.001363
2025-05-01T10:30:10.950000,-0.007330
2025-05-01T10:30:10.960000,-0.001874
2025-05-01T10:30:10.970000,-0.015560
2025-05-01T10:30:10.980000,0.015366
2025-05-01T10:30:10.990000,-0.004237
2025-05-01T10:30:11,-0.013994
2025-05-01T10:30:11.010000,-0.002790
2025-05-01T10:30:11.020000,0.009604
2025-05-01T10:30:11.030000,-0.000855
2025-05-01T10:30:11.040000,-0.007581
2025-05-01T10:30:11.050000,-0.001367
2025-05-01T10:30:11.060000,-0.013757
2025-05-01T10:30:11.070000,0.002322
2025-05-01T10:30:11.080000,-0.003952
2025-05-01T10:30:11.090000,0.009191
2025-05-01T10:30:11.100000,-0.002309
2025-05-01T10:30:11.110000,-0.010048
2025-05-01T10:30:11.120000,0.001535
2025-05-01T10:30:11.130000,0.006549
2025-05-01T10:30:11.140000,-0.001304
2025-05-01T10:30:11.150000,-0.003134
2025-05-01T10:30:11.160000,0.006849
2025-05-01T10:30:11.170000,0.004921
2025-05-01T10:30:11.180000,0.025516
2025-05-01T10:30:11.190000,-0.014237
2025-05-01T10:30:11.200000,0.010257
2025-05-01T10:30:11.210000,0.005557
2025-05-01T10:30:11.220000,-0.012767
2025-05-01T10:30:11.230000,0.013911
2025-05-01T10:30:11.240000,0.006095
2025-05-01T10:30:11.250000,0.011347
2025-05-01T10:30:11.260000,0.000021
2025-05-01T10:30:11.270000,-0.019380
2025-05-01T10:30:11.280000,-0.006954
2025-05-01T10:30:11.290000,-0.017657
2025-05-01T10:30:11.300000,0.016890
2025-05-01T10:30:11.310000,0.002260
2025-05-01T10:30:11.320000,0.004977
2025-05-01T10:30:11.330000,-0.004557
2025-05-01T10:30:11.340000,0.003473
2025-05-01T10:30:11.350000,-0.013853
2025-05-01T10:30:11.360000,0.004600
2025-05-01T10:30:11.370000,-0.000194
2025-05-01T10:30:11.380000,-0.013462
2025-05-01T10:30:11.390000,0.003175
2025-05-01T10:30:11.400000,-0.004754
2025-05-01T10:30:11.410000,0.023030
2025-05-01T10:30:11.420000,0.013532
2025-05-01T10:30:11.430000,-0.004329
2025-05-01T10:30:11.440000,0.022235
2025-05-01T10:30:11.450000,0.002395
2025-05-01T10:30:11.460000,0.015357
2025-05-01T10:30:11.470000,-0.005125
2025-05-01T10:30:11.480000,-0.003359
2025-05-01T10:30:11.490000,-0.010957
2025-05-01T10:30:11.500000,0.004217
2025-05-01T10:30:11.510000,0.002624
2025-05-01T10:30:11.520000,0.014064
2025-05-01T10:30:11.530000,-0.014364
2025-05-01T10:30:11.540000,-0.015377
2025-05-01T10:30:11.550000,-0.021424
2025-05-01T10:30:11.560000,0.009680
2025-05-01T10:30:11.570000,-0.004257
2025-05-01T10:30:11.580000,-0.005162
2025-05-01T10:30:11.590000,0.006784
2025-05-01T10:30:11.600000,0.004979
2025-05-01T10:30:11.610000,-0.007686
2025-05-01T10:30:11.620000,0.007862
2025-05-01T10:30:11.630000,0.007038
2025-05-01T10:30:11.640000,0.019039
2025-05-01T10:30:11.650000,-0.002599
2025-05-01T10:30:11.660000,-0.007542
2025-05-01T10:30:11.670000,-0.002778
2025-05-01T10:30:11.680000,-0.006818
2025-05-01T10:30:11.690000,-0.020137
2025-05-01T10:30:11.700000,0.000090
2025-05-01T10:30:11.710000,-0.000346
2025-05-01T10:30:11.720000,0.007879
2025-05-01T10:30:11.730000,0.008476
2025-05-01T10:30:11.740000,0.021440
2025-05-01T10:30:11.750000,0.000898
2025-05-01T10:30:11.760000,-0.006523
2025-05-01T10:30:11.770000,0.000924
2025-05-01T10:30:11.780000,0.008327
2025-05-01T10:30:11.790000,0.006684
2025-05-01T10:30:11.800000,0.005991
2025-05-01T10:30:11.810000,0.007639
2025-05-01T10:30:11.820000,-0.006519
2025-05-01T10:30:11.830000,-0.006255
2025-05-01T10:30:11.840000,0.003376
2025-05-01T10:30:11.850000,-0.003198
2025-05-01T10:30:11.860000,0.009410
2025-05-01T10:30:11.870000,0.008496
2025-05-01T10:30:11.880000,0.009510
2025-05-01T10:30:11.890000,0.001788
2025-05-01T10:30:11.900000,0.009808
2025-05-01T10:30:11.910000,0.003348
2025-05-01T10:30:11.920000,-0.005046
2025-05-01T10:30:11.930000,0.009296
2025-05-01T10:30:11.940000,0.004011
2025-05-01T10:30:11.950000,0.025852
2025-05-01T10:30:11.960000,-0.010083
2025-05-01T10:30:11.970000,-0.004133
2025-05-01T10:30:11.980000,-0.001087
2025-05-01T10:30:11.990000,-0.010385
2025-05-01T10:30:12,-0.001109
2025-05-01T10:30:12.010000,-0.009724
2025-05-01T10:30:12.020000,0.003220
2025-05-01T10:30:12.030000,-0.002544
2025-05-01T10:30:12.040000,0.001715
2025-05-01T10:30:12.050000,0.003100
2025-05-01T10:30:12.060000,0.002951
2025-05-01T10:30:12.070000,0.015169
2025-05-01T10:30:12.080000,0.011938
2025-05-01T10:30:12.090000,-0.025571
2025-05-01T10:30:12.100000,0.006659
2025-05-01T10:30:12.110000,-0.010897
2025-05-01T10:30:12.120000,-0.009658
2025-05-01T10:30:12.130000,0.001957
2025-05-01T10:30:12.140000,-0.006884
2025-05-01T10:30:12.150000,0.002618
2025-05-01T10:30:12.160000,0.000651
2025-05-01T10:30:12.170000,-0.000289
2025-05-01T10:30:12.180000,0.007947
2025-05-01T10:30:12.190000,-0.009636
2025-05-01T10:30:12.200000,0.007628
2025-05-01T10:30:12.210000,0.001989
2025-05-01T10:30:12.220000,0.004117
2025-05-01T10:30:12.230000,-0.000740
2025-05-01T10:30:12.240000,-0.006086
2025-05-01T10:30:12.250000,-0.003065
2025-05-01T10:30:12.260000,0.015843
2025-05-01T10:30:12.270000,-0.018385
2025-05-01T10:30:12.280000,0.010043
2025-05-01T10:30:12.290000,-0.004358
2025-05-01T10:30:12.300000,0.006732
2025-05-01T10:30:12.310000,-0.002423
2025-05-01T10:30:12.320000,0.000812
2025-05-01T10:30:12.330000,-0.011762
2025-05-01T10:30:12.340000,-0.003808
2025-05-01T10:30:12.350000,-0.012187
2025-05-01T10:30:12.360000,-0.009278
2025-05-01T10:30:12.370000,0.015835
2025-05-01T10:30:12.380000,-0.001960
2025-05-01T10:30:12.390000,0.000349
2025-05-01T10:30:12.400000,0.014835
2025-05-01T10:30:12.410000,-0.008686
2025-05-01T10:30:12.420000,-0.004988
2025-05-01T10:30:12.430000,0.002369
2025-05-01T10:30:12.440000,0.007780
2025-05-01T10:30:12.450000,0.014176
2025-05-01T10:30:12.460000,0.004014
2025-05-01T10:30:12.470000,-0.012121
2025-05-01T10:30:12.480000,-0.005511
2025-05-01T10:30:12.490000,-0.012650
2025-05-01T10:30:12.500000,-0.008985
2025-05-01T10:30:12.510000,0.007399
2025-05-01T10:30:12.520000,0.005202
2025-05-01T10:30:12.530000,-0.012716
2025-05-01T10:30:12.540000,0.008106
2025-05-01T10:30:12.550000,0.012467
2025-05-01T10:30:12.560000,0.022918
2025-05-01T10:30:12.570000,0.020008
2025-05-01T10:30:12.580000,0.015919
2025-05-01T10:30:12.590000,0.004529
2025-05-01T10:30:12.600000,0.001291
2025-05-01T10:30:12.610000,-0.007871
2025-05-01T10:30:12.620000,-0.002803
2025-05-01T10:30:12.630000,-0.002839
2025-05-01T10:30:12.640000,0.000936
2025-05-01T10:30:12.650000,0.014230
2025-05-01T10:30:12.660000,-0.000862
2025-05-01T10:30:12.670000,-0.006300
2025-05-01T10:30:12.680000,-0.000624
2025-05-01T10:30:12.690000,-0.005133
2025-05-01T10:30:12.700000,0.007361
2025-05-01T10:30:12.710000,-0.015597
2025-05-01T10:30:12.720000,0.016303
2025-05-01T10:30:12.730000,-0.013839
2025-05-01T10:30:12.740000,-0.003400
2025-05-01T10:30:12.750000,0.001017
2025-05-01T10:30:12.760000,0.003836
2025-05-01T10:30:12.770000,0.007387
2025-05-01T10:30:12.780000,-0.008776
2025-05-01T10:30:12.790000,-0.001345
2025-05-01T10:30:12.800000,-0.005101
2025-05-01T10:30:12.810000,-0.000588
2025-05-01T10:30:12.820000,0.003747
2025-05-01T10:30:12.830000,-0.009218
2025-05-01T10:30:12.840000,0.000738
2025-05-01T10:30:12.850000,-0.003962
2025-05-01T10:30:12.860000,0.006669
2025-05-01T10:30:12.870000,0.014603
2025-05-01T10:30:12.880000,-0.005835
2025-05-01T10:30:12.890000,0.014098
2025-05-01T10:30:12.900000,0.013539
2025-05-01T10:30:12.910000,0.004749
2025-05-01T10:30:12.920000,-0.019168
2025-05-01T10:30:12.930000,-0.005990
2025-05-01T10:30:12.940000,0.012202
2025-05-01T10:30:12.950000,-0.027858
2025-05-01T10:30:12.960000,0.020045
2025-05-01T10:30:12.970000,-0.004168
2025-05-01T10:30:12.980000,0.009406
2025-05-01T10:30:12.990000,0.010125
2025-05-01T10:30:13,-0.003209
2025-05-01T10:30:13.010000,0.014858
2025-05-01T10:30:13.020000,0.002826
2025-05-01T10:30:13.030000,-0.004822
2025-05-01T10:30:13.040000,-0.006723
2025-05-01T10:30:13.050000,-0.001268
2025-05-01T10:30:13.060000,0.012090
2025-05-01T10:30:13.070000,0.001307
2025-05-01T10:30:13.080000,0.007721
2025-05-01T10:30:13.090000,0.007927
2025-05-01T10:30:13.100000,-0.018956
2025-05-01T10:30:13.110000,-0.000855
2025-05-01T10:30:13.120000,0.014852
2025-05-01T10:30:13.130000,-0.009932
2025-05-01T10:30:13.140000,0.011202
2025-05-01T10:30:13.150000,-0.014552
2025-05-01T10:30:13.160000,-0.000162
2025-05-01T10:30:13.170000,-0.014580
2025-05-01T10:30:13.180000,-0.004443
2025-05-01T10:30:13.190000,0.007367
2025-05-01T10:30:13.200000,-0.003171
2025-05-01T10:30:13.210000,-0.006321
2025-05-01T10:30:13.220000,-0.007181
2025-05-01T10:30:13.230000,0.008092
2025-05-01T10:30:13.240000,0.015003
2025-05-01T10:30:13.250000,-0.019162
2025-05-01T10:30:13.260000,0.009288
2025-05-01T10:30:13.270000,0.012377
2025-05-01T10:30:13.280000,0.013518
2025-05-01T10:30:13.290000,0.002761
2025-05-01T10:30:13.300000,0.000419
2025-05-01T10:30:13.310000,-0.001269
2025-05-01T10:30:13.320000,-0.005197
2025-05-01T10:30:13.330000,-0.005976
2025-05-01T10:30:13.340000,0.006528
2025-05-01T10:30:13.350000,-0.010506
2025-05-01T10:30:13.360000,0.014628
2025-05-01T10:30:13.370000,-0.008290
2025-05-01T10:30:13.380000,-0.004419
2025-05-01T10:30:13.390000,0.011494
2025-05-01T10:30:13.400000,0.013692
2025-05-01T10:30:13.410000,-0.033877
2025-05-01T10:30:13.420000,-0.011332
2025-05-01T10:30:13.430000,0.003400
2025-05-01T10:30:13.440000,-0.001476
2025-05-01T10:30:13.450000,0.014275
2025-05-01T10:30:13.460000,-0.020999
2025-05-01T10:30:13.470000,-0.010156
2025-05-01T10:30:13.480000,-0.019590
2025-05-01T10:30:13.490000,0.009887
2025-05-01T10:30:13.500000,0.014945
2025-05-01T10:30:13.510000,0.024197
2025-05-01T10:30:13.520000,-0.012974
2025-05-01T10:30:13.530000,0.007692
2025-05-01T10:30:13.540000,-0.009407
2025-05-01T10:30:13.550000,0.003161
2025-05-01T10:30:13.560000,0.015757
2025-05-01T10:30:13.570000,-0.009658
2025-05-01T10:30:13.580000,0.010875
2025-05-01T10:30:13.590000,0.001349
2025-05-01T10:30:13.600000,-0.014164
2025-05-01T10:30:13.610000,0.010298
2025-05-01T10:30:13.620000,0.008216
2025-05-01T10:30:13.630000,-0.006535
2025-05-01T10:30:13.640000,0.002600
2025-05-01T10:30:13.650000,-0.006517
2025-05-01T10:30:13.660000,0.008964
2025-05-01T10:30:13.670000,-0.002606
2025-05-01T10:30:13.680000,0.008727
2025-05-01T10:30:13.690000,-0.020040
2025-05-01T10:30:13.700000,0.005006
2025-05-01T10:30:13.710000,-0.011102
2025-05-01T10:30:13.720000,0.017647
2025-05-01T10:30:13.730000,-0.010834
2025-05-01T10:30:13.740000,0.008809
2025-05-01T10:30:13.750000,0.013662
2025-05-01T10:30:13.760000,-0.008298
2025-05-01T10:30:13.770000,0.001225
2025-05-01T10:30:13.780000,-0.006075
2025-05-01T10:30:13.790000,0.009228
2025-05-01T10:30:13.800000,0.006754
2025-05-01T10:30:13.810000,-0.001116
2025-05-01T10:30:13.820000,0.013221
2025-05-01T10:30:13.830000,0.000823
2025-05-01T10:30:13.840000,0.000654
2025-05-01T10:30:13.850000,-0.001902
2025-05-01T10:30:13.860000,0.009478
2025-05-01T10:30:13.870000,0.005039
2025-05-01T10:30:13.880000,0.000073
2025-05-01T10:30:13.890000,-0.000529
2025-05-01T10:30:13.900000,0.016161
2025-05-01T10:30:13.910000,0.008768
2025-05-01T10:30:13.920000,-0.006694
2025-05-01T10:30:13.930000,0.003365
2025-05-01T10:30:13.940000,-0.006232
2025-05-01T10:30:13.950000,-0.005607
2025-05-01T10:30:13.960000,0.010822
2025-05-01T10:30:13.970000,0.000493
2025-05-01T10:30:13.980000,0.003441
2025-05-01T10:30:13.990000,-0.010847
2025-05-01T10:30:14,-0.009718
2025-05-01T10:30:14.010000,-0.007562
2025-05-01T10:30:14.020000,0.000929
2025-05-01T10:30:14.030000,0.000273
2025-05-01T10:30:14.040000,-0.013465
2025-05-01T10:30:14.050000,-0.001080
2025-05-01T10:30:14.060000,-0.002410
2025-05-01T10:30:14.070000,0.004690
2025-05-01T10:30:14.080000,-0.008147
2025-05-01T10:30:14.090000,-0.008691
2025-05-01T10:30:14.100000,0.010732
2025-05-01T10:30:14.110000,-0.004573
2025-05-01T10:30:14.120000,0.023276
2025-05-01T10:30:14.130000,0.014224
2025-05-01T10:30:14.140000,0.002645
2025-05-01T10:30:14.150000,0.016460
2025-05-01T10:30:14.160000,0.010606
2025-05-01T10:30:14.170000,-0.006657
2025-05-01T10:30:14.180000,-0.001903
2025-05-01T10:30:14.190000,0.004558
2025-05-01T10:30:14.200000,-0.006666
2025-05-01T10:30:14.210000,0.006717
2025-05-01T10:30:14.220000,-0.000612
2025-05-01T10:30:14.230000,-0.005443
2025-05-01T10:30:14.240000,0.001979
2025-05-01T10:30:14.250000,-0.010970
2025-05-01T10:30:14.260000,-0.001142
2025-05-01T10:30:14.270000,0.000893
2025-05-01T10:30:14.280000,-0.011819
2025-05-01T10:30:14.290000,-0.006329
2025-05-01T10:30:14.300000,0.010041
2025-05-01T10:30:14.310000,0.010185
2025-05-01T10:30:14.320000,0.007411
2025-05-01T10:30:14.330000,-0.003419
2025-05-01T10:30:14.340000,0.001790
2025-05-01T10:30:14.350000,0.002763
2025-05-01T10:30:14.360000,0.003863
2025-05-01T10:30:14.370000,-0.017152
2025-05-01T10:30:14.380000,-0.006284
2025-05-01T10:30:14.390000,-0.017136
2025-05-01T10:30:14.400000,-0.016673
2025-05-01T10:30:14.410000,0.010195
2025-05-01T10:30:14.420000,0.015773
2025-05-01T10:30:14.430000,0.006289
2025-05-01T10:30:14.440000,0.000240
2025-05-01T10:30:14.450000,-0.009912
2025-05-01T10:30:14.460000,-0.012785
2025-05-01T10:30:14.470000,-0.015723
2025-05-01T10:30:14.480000,0.010929
2025-05-01T10:30:14.490000,-0.011296
2025-05-01T10:30:14.500000,-0.006267
2025-05-01T10:30:14.510000,-0.005293
2025-05-01T10:30:14.520000,0.006302
2025-05-01T10:30:14.530000,-0.002505
2025-05-01T10:30:14.540000,0.005284
2025-05-01T10:30:14.550000,-0.000061
2025-05-01T10:30:14.560000,0.004927
2025-05-01T10:30:14.570000,0.014578
2025-05-01T10:30:14.580000,-0.007345
2025-05-01T10:30:14.590000,0.013897
2025-05-01T10:30:14.600000,0.000664
2025-05-01T10:30:14.610000,0.002564
2025-05-01T10:30:14.620000,-0.004125
2025-05-01T10:30:14.630000,0.002034
2025-05-01T10:30:14.640000,0.018985
2025-05-01T10:30:14.650000,0.007295
2025-05-01T10:30:14.660000,0.000728
2025-05-01T10:30:14.670000,-0.006929
2025-05-01T10:30:14.680000,-0.000371
2025-05-01T10:30:14.690000,-0.001505
2025-05-01T10:30:14.700000,0.017034
2025-05-01T10:30:14.710000,0.002791
2025-05-01T10:30:14.720000,0.003357
2025-05-01T10:30:14.730000,-0.005088
2025-05-01T10:30:14.740000,-0.003378
2025-05-01T10:30:14.750000,-0.002012
2025-05-01T10:30:14.760000,0.012192
2025-05-01T10:30:14.770000,-0.010671
2025-05-01T10:30:14.780000,-0.002715
2025-05-01T10:30:14.790000,-0.009519
2025-05-01T10:30:14.800000,0.018873
2025-05-01T10:30:14.810000,0.005061
2025-05-01T10:30:14.820000,0.007058
2025-05-01T10:30:14.830000,-0.021443
2025-05-01T10:30:14.840000,0.004413
2025-05-01T10:30:14.850000,-0.006261
2025-05-01T10:30:14.860000,0.001276
2025-05-01T10:30:14.870000,-0.005272
2025-05-01T10:30:14.880000,0.018723
2025-05-01T10:30:14.890000,-0.005052
2025-05-01T10:30:14.900000,-0.002879
2025-05-01T10:30:14.910000,-0.014886
2025-05-01T10:30:14.920000,-0.004478
2025-05-01T10:30:14.930000,-0.000989
2025-05-01T10:30:14.940000,-0.002223
2025-05-01T10:30:14.950000,-0.004445
2025-05-01T10:30:14.960000,0.019562
2025-05-01T10:30:14.970000,-0.016258
2025-05-01T10:30:14.980000,-0.021323
2025-05-01T10:30:14.990000,0.004710
2025-05-01T10:30:15,-0.010700
2025-05-01T10:30:15.010000,-0.011042
2025-05-01T10:30:15.020000,-0.015056
2025-05-01T10:30:15.030000,0.006283
2025-05-01T10:30:15.040000,0.012231
2025-05-01T10:30:15.050000,0.009977
2025-05-01T10:30:15.060000,0.007030
2025-05-01T10:30:15.070000,-0.005857
2025-05-01T10:30:15.080000,-0.007862
2025-05-01T10:30:15.090000,-0.007418
2025-05-01T10:30:15.100000,0.005705
2025-05-01T10:30:15.110000,-0.007022
2025-05-01T10:30:15.120000,-0.016665
2025-05-01T10:30:15.130000,0.014873
2025-05-01T10:30:15.140000,0.009324
2025-05-01T10:30:15.150000,0.002524
2025-05-01T10:30:15.160000,-0.013541
2025-05-01T10:30:15.170000,-0.005076
2025-05-01T10:30:15.180000,0.000440
2025-05-01T10:30:15.190000,-0.002183
2025-05-01T10:30:15.200000,-0.003281
2025-05-01T10:30:15.210000,0.007914
2025-05-01T10:30:15.220000,0.010442
2025-05-01T10:30:15.230000,-0.007039
2025-05-01T10:30:15.240000,0.000059
2025-05-01T10:30:15.250000,-0.009517
2025-05-01T10:30:15.260000,-0.005446
2025-05-01T10:30:15.270000,0.009339
2025-05-01T10:30:15.280000,-0.011481
2025-05-01T10:30:15.290000,0.011565
2025-05-01T10:30:15.300000,-0.000270
2025-05-01T10:30:15.310000,0.006338
2025-05-01T10:30:15.320000,-0.000086
2025-05-01T10:30:15.330000,0.009685
2025-05-01T10:30:15.340000,-0.002510
2025-05-01T10:30:15.350000,0.005622
2025-05-01T10:30:15.360000,0.002601
2025-05-01T10:30:15.370000,0.002101
2025-05-01T10:30:15.380000,0.005469
2025-05-01T10:30:15.390000,0.022705
2025-05-01T10:30:15.400000,0.000775
2025-05-01T10:30:15.410000,0.000452
2025-05-01T10:30:15.420000,0.019653
2025-05-01T10:30:15.430000,-0.003114
2025-05-01T10:30:15.440000,-0.000310
2025-05-01T10:30:15.450000,0.014088
2025-05-01T10:30:15.460000,-0.005646
2025-05-01T10:30:15.470000,-0.002386
2025-05-01T10:30:15.480000,0.010048
2025-05-01T10:30:15.490000,-0.007224
2025-05-01T10:30:15.500000,-0.019055
2025-05-01T10:30:15.510000,-0.003456
2025-05-01T10:30:15.520000,-0.003559
2025-05-01T10:30:15.530000,0.003971
2025-05-01T10:30:15.540000,-0.015134
2025-05-01T10:30:15.550000,-0.015597
2025-05-01T10:30:15.560000,-0.008878
2025-05-01T10:30:15.570000,-0.006941
2025-05-01T10:30:15.580000,0.002389
2025-05-01T10:30:15.590000,-0.018254
2025-05-01T10:30:15.600000,-0.002054
2025-05-01T10:30:15.610000,0.002620
2025-05-01T10:30:15.620000,-0.007986
2025-05-01T10:30:15.630000,0.002152
2025-05-01T10:30:15.640000,-0.020126
2025-05-01T10:30:15.650000,0.005668
2025-05-01T10:30:15.660000,-0.006720
2025-05-01T10:30:15.670000,-0.012526
2025-05-01T10:30:15.680000,-0.006277
2025-05-01T10:30:15.690000,-0.006864
2025-05-01T10:30:15.700000,-0.006626
2025-05-01T10:30:15.710000,0.007444
2025-05-01T10:30:15.720000,-0.001216
2025-05-01T10:30:15.730000,0.016405
2025-05-01T10:30:15.740000,0.010688
2025-05-01T10:30:15.750000,-0.004975
2025-05-01T10:30:15.760000,-0.002626
2025-05-01T10:30:15.770000,0.009219
2025-05-01T10:30:15.780000,-0.001148
2025-05-01T10:30:15.790000,-0.018568
2025-05-01T10:30:15.800000,0.005873
2025-05-01T10:30:15.810000,0.013338
2025-05-01T10:30:15.820000,0.010315
2025-05-01T10:30:15.830000,0.016427
2025-05-01T10:30:15.840000,-0.018565
2025-05-01T10:30:15.850000,0.000389
2025-05-01T10:30:15.860000,0.007413
2025-05-01T10:30:15.870000,-0.002790
2025-05-01T10:30:15.880000,-0.002187
2025-05-01T10:30:15.890000,-0.003850
2025-05-01T10:30:15.900000,-0.007145
2025-05-01T10:30:15.910000,0.005722
2025-05-01T10:30:15.920000,0.000808
2025-05-01T10:30:15.930000,-0.006438
2025-05-01T10:30:15.940000,0.016750
2025-05-01T10:30:15.950000,-0.014483
2025-05-01T10:30:15.960000,-0.005620
2025-05-01T10:30:15.970000,0.005715
2025-05-01T10:30:15.980000,-0.000501
2025-05-01T10:30:15.990000,-0.016214
2025-05-01T10:30:16,0.014243
2025-05-01T10:30:16.010000,0.005579
2025-05-01T10:30:16.020000,0.000680
2025-05-01T10:30:16.030000,-0.002634
2025-05-01T10:30:16.040000,0.006783
2025-05-01T10:30:16.050000,-0.004809
2025-05-01T10:30:16.060000,0.011564
2025-05-01T10:30:16.070000,-0.010582
2025-05-01T10:30:16.080000,-0.010063
2025-05-01T10:30:16.090000,0.000533
2025-05-01T10:30:16.100000,-0.004150
2025-05-01T10:30:16.110000,-0.006174
2025-05-01T10:30:16.120000,-0.018605
2025-05-01T10:30:16.130000,-0.002835
2025-05-01T10:30:16.140000,-0.008926
2025-05-01T10:30:16.150000,0.014724
2025-05-01T10:30:16.160000,0.000761
2025-05-01T10:30:16.170000,0.000256
2025-05-01T10:30:16.180000,0.015288
2025-05-01T10:30:16.190000,-0.004514
2025-05-01T10:30:16.200000,0.001870
2025-05-01T10:30:16.210000,0.002855
2025-05-01T10:30:16.220000,-0.018515
2025-05-01T10:30:16.230000,-0.001811
2025-05-01T10:30:16.240000,0.000157
2025-05-01T10:30:16.250000,0.014220
2025-05-01T10:30:16.260000,-0.017632
2025-05-01T10:30:16.270000,-0.000894
2025-05-01T10:30:16.280000,-0.000018
2025-05-01T10:30:16.290000,0.002940
2025-05-01T10:30:16.300000,0.007241
2025-05-01T10:30:16.310000,-0.007862
2025-05-01T10:30:16.320000,-0.016791
2025-05-01T10:30:16.330000,-0.000958
2025-05-01T10:30:16.340000,-0.004478
2025-05-01T10:30:16.350000,-0.004769
2025-05-01T10:30:16.360000,0.013318
2025-05-01T10:30:16.370000,-0.006307
2025-05-01T10:30:16.380000,-0.002940
2025-05-01T10:30:16.390000,0.034467
2025-05-01T10:30:16.400000,-0.001489
2025-05-01T10:30:16.410000,0.011170
2025-05-01T10:30:16.420000,-0.007457
2025-05-01T10:30:16.430000,0.001987
2025-05-01T10:30:16.440000,0.007000
2025-05-01T10:30:16.450000,-0.008324
2025-05-01T10:30:16.460000,0.011326
2025-05-01T10:30:16.470000,-0.004572
2025-05-01T10:30:16.480000,0.002092
2025-05-01T10:30:16.490000,-0.015955
2025-05-01T10:30:16.500000,-0.006047
2025-05-01T10:30:16.510000,0.011463
2025-05-01T10:30:16.520000,-0.001734
2025-05-01T10:30:16.530000,-0.022480
2025-05-01T10:30:16.540000,-0.007160
2025-05-01T10:30:16.550000,-0.006366
2025-05-01T10:30:16.560000,0.010431
2025-05-01T10:30:16.570000,0.003484
2025-05-01T10:30:16.580000,-0.007373
2025-05-01T10:30:16.590000,-0.002165
2025-05-01T10:30:16.600000,-0.017994
2025-05-01T10:30:16.610000,-0.007955
2025-05-01T10:30:16.620000,0.001121
2025-05-01T10:30:16.630000,0.015399
2025-05-01T10:30:16.640000,0.009396
2025-05-01T10:30:16.650000,0.001752
2025-05-01T10:30:16.660000,-0.019230
2025-05-01T10:30:16.670000,0.003111
2025-05-01T10:30:16.680000,-0.002285
2025-05-01T10:30:16.690000,0.013343
2025-05-01T10:30:16.700000,-0.013798
2025-05-01T10:30:16.710000,-0.003689
2025-05-01T10:30:16.720000,0.014534
2025-05-01T10:30:16.730000,0.002427
2025-05-01T10:30:16.740000,-0.020434
2025-05-01T10:30:16.750000,-0.002240
2025-05-01T10:30:16.760000,0.004776
2025-05-01T10:30:16.770000,0.000236
2025-05-01T10:30:16.780000,0.006772
2025-05-01T10:30:16.790000,-0.011437
2025-05-01T10:30:16.800000,0.003606
2025-05-01T10:30:16.810000,0.010349
2025-05-01T10:30:16.820000,0.024170
2025-05-01T10:30:16.830000,0.000619
2025-05-01T10:30:16.840000,0.010411
2025-05-01T10:30:16.850000,0.013112
2025-05-01T10:30:16.860000,0.002638
2025-05-01T10:30:16.870000,-0.023914
2025-05-01T10:30:16.880000,-0.005861
2025-05-01T10:30:16.890000,-0.001575
2025-05-01T10:30:16.900000,-0.009023
2025-05-01T10:30:16.910000,-0.003802
2025-05-01T10:30:16.920000,-0.018930
2025-05-01T10:30:16.930000,0.009205
2025-05-01T10:30:16.940000,-0.001800
2025-05-01T10:30:16.950000,0.008592
2025-05-01T10:30:16.960000,-0.002987
2025-05-01T10:30:16.970000,0.010568
2025-05-01T10:30:16.980000,-0.006383
2025-05-01T10:30:16.990000,0.001786
2025-05-01T10:30:17,0.007133
2025-05-01T10:30:17.010000,-0.003549
2025-05-01T10:30:17.020000,-0.019061
2025-05-01T10:30:17.030000,-0.002583
2025-05-01T10:30:17.040000,-0.005446
2025-05-01T10:30:17.050000,-0.016159
2025-05-01T10:30:17.060000,-0.015250
2025-05-01T10:30:17.070000,-0.011301
2025-05-01T10:30:17.080000,-0.013651
2025-05-01T10:30:17.090000,0.010822
2025-05-01T10:30:17.100000,0.013979
2025-05-01T10:30:17.110000,-0.006210
2025-05-01T10:30:17.120000,0.004497
2025-05-01T10:30:17.130000,-0.013877
2025-05-01T10:30:17.140000,0.003141
2025-05-01T10:30:17.150000,0.005646
2025-05-01T10:30:17.160000,-0.001292
2025-05-01T10:30:17.170000,-0.000023
2025-05-01T10:30:17.180000,-0.006576
2025-05-01T10:30:17.190000,-0.000632
2025-05-01T10:30:17.200000,-0.013390
2025-05-01T10:30:17.210000,-0.003205
2025-05-01T10:30:17.220000,0.009308
2025-05-01T10:30:17.230000,0.004103
2025-05-01T10:30:17.240000,-0.008776
2025-05-01T10:30:17.250000,-0.006309
2025-05-01T10:30:17.260000,-0.018809
2025-05-01T10:30:17.270000,-0.019798
2025-05-01T10:30:17.280000,-0.003740
2025-05-01T10:30:17.290000,0.011111
2025-05-01T10:30:17.300000,0.017825
2025-05-01T10:30:17.310000,-0.014081
2025-05-01T10:30:17.320000,0.000281
2025-05-01T10:30:17.330000,-0.001278
2025-05-01T10:30:17.340000,0.002785
2025-05-01T10:30:17.350000,0.000206
2025-05-01T10:30:17.360000,0.004061
2025-05-01T10:30:17.370000,-0.008492
2025-05-01T10:30:17.380000,-0.002039
2025-05-01T10:30:17.390000,0.012935
2025-05-01T10:30:17.400000,0.002719
2025-05-01T10:30:17.410000,-0.008539
2025-05-01T10:30:17.420000,0.006516
2025-05-01T10:30:17.430000,0.006613
2025-05-01T10:30:17.440000,-0.002555
2025-05-01T10:30:17.450000,-0.017220
2025-05-01T10:30:17.460000,-0.003796
2025-05-01T10:30:17.470000,0.004852
2025-05-01T10:30:17.480000,0.000809
2025-05-01T10:30:17.490000,0.007197
2025-05-01T10:30:17.500000,0.005890
2025-05-01T10:30:17.510000,-0.012388
2025-05-01T10:30:17.520000,-0.012206
2025-05-01T10:30:17.530000,-0.023277
2025-05-01T10:30:17.540000,-0.001342
2025-05-01T10:30:17.550000,-0.003593
2025-05-01T10:30:17.560000,-0.015226
2025-05-01T10:30:17.570000,-0.009846
2025-05-01T10:30:17.580000,0.004676
2025-05-01T10:30:17.590000,0.002020
2025-05-01T10:30:17.600000,0.020162
2025-05-01T10:30:17.610000,-0.007173
2025-05-01T10:30:17.620000,-0.003302
2025-05-01T10:30:17.630000,-0.006514
2025-05-01T10:30:17.640000,-0.005075
2025-05-01T10:30:17.650000,-0.027589
2025-05-01T10:30:17.660000,0.006968
2025-05-01T10:30:17.670000,0.003146
2025-05-01T10:30:17.680000,0.010263
2025-05-01T10:30:17.690000,0.006150
2025-05-01T10:30:17.700000,0.006662
2025-05-01T10:30:17.710000,0.005730
2025-05-01T10:30:17.720000,0.000738
2025-05-01T10:30:17.730000,-0.001299
2025-05-01T10:30:17.740000,0.017907
2025-05-01T10:30:17.750000,-0.003993
2025-05-01T10:30:17.760000,-0.009186
2025-05-01T10:30:17.770000,0.007843
2025-05-01T10:30:17.780000,0.007702
2025-05-01T10:30:17.790000,0.003315
2025-05-01T10:30:17.800000,0.010001
2025-05-01T10:30:17.810000,-0.001810
2025-05-01T10:30:17.820000,0.009566
2025-05-01T10:30:17.830000,0.005800
2025-05-01T10:30:17.840000,-0.007483
2025-05-01T10:30:17.850000,0.020803
2025-05-01T10:30:17.860000,0.016902
2025-05-01T10:30:17.870000,-0.000179
2025-05-01T10:30:17.880000,0.002358
2025-05-01T10:30:17.890000,0.023413
2025-05-01T10:30:17.900000,0.011098
2025-05-01T10:30:17.910000,-0.011108
2025-05-01T10:30:17.920000,-0.015264
2025-05-01T10:30:17.930000,0.007126
2025-05-01T10:30:17.940000,0.005919
2025-05-01T10:30:17.950000,-0.013996
2025-05-01T10:30:17.960000,-0.009104
2025-05-01T10:30:17.970000,-0.009549
2025-05-01T10:30:17.980000,-0.011103
2025-05-01T10:30:17.990000,0.014340
2025-05-01T10:30:18,-0.002156
2025-05-01T10:30:18.010000,0.009777
2025-05-01T10:30:18.020000,0.009509
2025-05-01T10:30:18.030000,-0.007092
2025-05-01T10:30:18.040000,0.000538
2025-05-01T10:30:18.050000,-0.009044
2025-05-01T10:30:18.060000,0.001598
2025-05-01T10:30:18.070000,-0.001127
2025-05-01T10:30:18.080000,-0.000339
2025-05-01T10:30:18.090000,-0.011578
2025-05-01T10:30:18.100000,0.000534
2025-05-01T10:30:18.110000,0.004952
2025-05-01T10:30:18.120000,0.021643
2025-05-01T10:30:18.130000,0.000302
2025-05-01T10:30:18.140000,-0.011852
2025-05-01T10:30:18.150000,0.027614
2025-05-01T10:30:18.160000,-0.006941
2025-05-01T10:30:18.170000,-0.000997
2025-05-01T10:30:18.180000,0.003374
2025-05-01T10:30:18.190000,-0.004716
2025-05-01T10:30:18.200000,0.013527
2025-05-01T10:30:18.210000,0.005395
2025-05-01T10:30:18.220000,-0.000293
2025-05-01T10:30:18.230000,0.010673
2025-05-01T10:30:18.240000,-0.001408
2025-05-01T10:30:18.250000,-0.010096
2025-05-01T10:30:18.260000,-0.007578
2025-05-01T10:30:18.270000,-0.012026
2025-05-01T10:30:18.280000,-0.003269
2025-05-01T10:30:18.290000,-0.000585
2025-05-01T10:30:18.300000,0.009121
2025-05-01T10:30:18.310000,-0.000679
2025-05-01T10:30:18.320000,0.001544
2025-05-01T10:30:18.330000,0.003365
2025-05-01T10:30:18.340000,-0.000071
2025-05-01T10:30:18.350000,0.007692
2025-05-01T10:30:18.360000,-0.003242
2025-05-01T10:30:18.370000,-0.006684
2025-05-01T10:30:18.380000,-0.018123
2025-05-01T10:30:18.390000,0.005523
2025-05-01T10:30:18.400000,-0.005993
2025-05-01T10:30:18.410000,0.010933
2025-05-01T10:30:18.420000,0.012014
2025-05-01T10:30:18.430000,-0.013111
2025-05-01T10:30:18.440000,0.017304
2025-05-01T10:30:18.450000,0.014746
2025-05-01T10:30:18.460000,-0.000804
2025-05-01T10:30:18.470000,0.014364
2025-05-01T10:30:18.480000,-0.002080
2025-05-01T10:30:18.490000,-0.020462
2025-05-01T10:30:18.500000,-0.003154
2025-05-01T10:30:18.510000,-0.011431
2025-05-01T10:30:18.520000,-0.010157
2025-05-01T10:30:18.530000,-0.002376
2025-05-01T10:30:18.540000,-0.003206
2025-05-01T10:30:18.550000,0.020505
2025-05-01T10:30:18.560000,-0.009141
2025-05-01T10:30:18.570000,0.014377
2025-05-01T10:30:18.580000,-0.001765
2025-05-01T10:30:18.590000,-0.012437
2025-05-01T10:30:18.600000,0.000036
2025-05-01T10:30:18.610000,0.002104
2025-05-01T10:30:18.620000,-0.005300
2025-05-01T10:30:18.630000,-0.003902
2025-05-01T10:30:18.640000,-0.025248
2025-05-01T10:30:18.650000,-0.019578
2025-05-01T10:30:18.660000,0.004841
2025-05-01T10:30:18.670000,0.017146
2025-05-01T10:30:18.680000,0.005914
2025-05-01T10:30:18.690000,0.013200
2025-05-01T10:30:18.700000,-0.000512
2025-05-01T10:30:18.710000,-0.011984
2025-05-01T10:30:18.720000,-0.006907
2025-05-01T10:30:18.730000,0.028926
2025-05-01T10:30:18.740000,0.003292
2025-05-01T10:30:18.750000,0.006266
2025-05-01T10:30:18.760000,0.014512
2025-05-01T10:30:18.770000,-0.011278
2025-05-01T10:30:18.780000,-0.005996
2025-05-01T10:30:18.790000,0.004156
2025-05-01T10:30:18.800000,-0.002336
2025-05-01T10:30:18.810000,0.002357
2025-05-01T10:30:18.820000,-0.008468
2025-05-01T10:30:18.830000,-0.013045
2025-05-01T10:30:18.840000,-0.000817
2025-05-01T10:30:18.850000,-0.011842
2025-05-01T10:30:18.860000,0.000962
2025-05-01T10:30:18.870000,-0.003869
2025-05-01T10:30:18.880000,0.019178
2025-05-01T10:30:18.890000,0.005506
2025-05-01T10:30:18.900000,-0.008402
2025-05-01T10:30:18.910000,-0.004979
2025-05-01T10:30:18.920000,0.024643
2025-05-01T10:30:18.930000,-0.008680
2025-05-01T10:30:18.940000,0.000746
2025-05-01T10:30:18.950000,0.002554
2025-05-01T10:30:18.960000,0.008162
2025-05-01T10:30:18.970000,0.016384
2025-05-01T10:30:18.980000,-0.004806
2025-05-01T10:30:18.990000,0.002454
2025-05-01T10:30:19,-0.019934
2025-05-01T10:30:19.010000,-0.007556
2025-05-01T10:30:19.020000,-0.013357
2025-05-01T10:30:19.030000,-0.010297
2025-05-01T10:30:19.040000,0.006172
2025-05-01T10:30:19.050000,-0.008448
2025-05-01T10:30:19.060000,0.013812
2025-05-01T10:30:19.070000,-0.005800
2025-05-01T10:30:19.080000,0.013567
2025-05-01T10:30:19.090000,0.013678
2025-05-01T10:30:19.100000,0.011672
2025-05-01T10:30:19.110000,-0.007143
2025-05-01T10:30:19.120000,-0.000624
2025-05-01T10:30:19.130000,-0.017219
2025-05-01T10:30:19.140000,0.007015
2025-05-01T10:30:19.150000,-0.012806
2025-05-01T10:30:19.160000,0.004059
2025-05-01T10:30:19.170000,-0.005101
2025-05-01T10:30:19.180000,-0.001317
2025-05-01T10:30:19.190000,0.016945
2025-05-01T10:30:19.200000,0.011466
2025-05-01T10:30:19.210000,0.003111
2025-05-01T10:30:19.220000,0.006879
2025-05-01T10:30:19.230000,0.006302
2025-05-01T10:30:19.240000,0.000194
2025-05-01T10:30:19.250000,0.001473
2025-05-01T10:30:19.260000,-0.020332
2025-05-01T10:30:19.270000,0.000609
2025-05-01T10:30:19.280000,-0.012147
2025-05-01T10:30:19.290000,-0.006608
2025-05-01T10:30:19.300000,0.007788
2025-05-01T10:30:19.310000,-0.001441
2025-05-01T10:30:19.320000,-0.003740
2025-05-01T10:30:19.330000,0.017984
2025-05-01T10:30:19.340000,0.007112
2025-05-01T10:30:19.350000,0.003730
2025-05-01T10:30:19.360000,0.000320
2025-05-01T10:30:19.370000,0.001855
2025-05-01T10:30:19.380000,-0.004680
2025-05-01T10:30:19.390000,-0.019763
2025-05-01T10:30:19.400000,-0.001904
2025-05-01T10:30:19.410000,-0.011941
2025-05-01T10:30:19.420000,-0.006165
2025-05-01T10:30:19.430000,-0.002245
2025-05-01T10:30:19.440000,0.010196
2025-05-01T10:30:19.450000,0.008141
2025-05-01T10:30:19.460000,-0.010324
2025-05-01T10:30:19.470000,-0.000066
2025-05-01T10:30:19.480000,0.006675
2025-05-01T10:30:19.490000,0.009403
2025-05-01T10:30:19.500000,0.010481
2025-05-01T10:30:19.510000,-0.003412
2025-05-01T10:30:19.520000,-0.005536
2025-05-01T10:30:19.530000,0.007510
2025-05-01T10:30:19.540000,0.005299
2025-05-01T10:30:19.550000,0.002313
2025-05-01T10:30:19.560000,0.004667
2025-05-01T10:30:19.570000,-0.000167
2025-05-01T10:30:19.580000,-0.004102
2025-05-01T10:30:19.590000,-0.008531
2025-05-01T10:30:19.600000,-0.006692
2025-05-01T10:30:19.610000,-0.009717
2025-05-01T10:30:19.620000,0.007306
2025-05-01T10:30:19.630000,0.006498
2025-05-01T10:30:19.640000,-0.003346
2025-05-01T10:30:19.650000,0.009932
2025-05-01T10:30:19.660000,-0.013109
2025-05-01T10:30:19.670000,0.006027
2025-05-01T10:30:19.680000,-0.003756
2025-05-01T10:30:19.690000,-0.011451
2025-05-01T10:30:19.700000,-0.004334
2025-05-01T10:30:19.710000,-0.009391
2025-05-01T10:30:19.720000,-0.012443
2025-05-01T10:30:19.730000,0.003270
2025-05-01T10:30:19.740000,0.010029
2025-05-01T10:30:19.750000,-0.021674
2025-05-01T10:30:19.760000,-0.004873
2025-05-01T10:30:19.770000,-0.006207
2025-05-01T10:30:19.780000,0.006880
2025-05-01T10:30:19.790000,-0.000358
2025-05-01T10:30:19.800000,-0.002180
2025-05-01T10:30:19.810000,0.017139
2025-05-01T10:30:19.820000,-0.003417
2025-05-01T10:30:19.830000,-0.005244
2025-05-01T10:30:19.840000,0.012158
2025-05-01T10:30:19.850000,0.000534
2025-05-01T10:30:19.860000,0.012964
2025-05-01T10:30:19.870000,-0.009372
2025-05-01T10:30:19.880000,0.016209
2025-05-01T10:30:19.890000,0.005661
2025-05-01T10:30:19.900000,0.008134
2025-05-01T10:30:19.910000,0.014343
2025-05-01T10:30:19.920000,0.002884
2025-05-01T10:30:19.930000,-0.017627
2025-05-01T10:30:19.940000,-0.001654
2025-05-01T10:30:19.950000,-0.003450
2025-05-01T10:30:19.960000,-0.018734
2025-05-01T10:30:19.970000,0.006677
2025-05-01T10:30:19.980000,-0.014623
2025-05-01T10:30:19.990000,0.014395
2025-05-01T10:30:20,0.004929
2025-05-01T10:30:20.010000,0.002832
2025-05-01T10:30:20.020000,0.022732
2025-05-01T10:30:20.030000,-0.009903
2025-05-01T10:30:20.040000,-0.014215
2025-05-01T10:30:20.050000,0.012298
2025-05-01T10:30:20.060000,-0.000153
2025-05-01T10:30:20.070000,0.012642
2025-05-01T10:30:20.080000,0.007338
2025-05-01T10:30:20.090000,0.013307
2025-05-01T10:30:20.100000,-0.008704
2025-05-01T10:30:20.110000,0.001472
2025-05-01T10:30:20.120000,0.009851
2025-05-01T10:30:20.130000,0.011074
2025-05-01T10:30:20.140000,0.006562
2025-05-01T10:30:20.150000,-0.011395
2025-05-01T10:30:20.160000,0.004503
2025-05-01T10:30:20.170000,0.002110
2025-05-01T10:30:20.180000,-0.000544
2025-05-01T10:30:20.190000,0.008909
2025-05-01T10:30:20.200000,0.005224
2025-05-01T10:30:20.210000,0.003274
2025-05-01T10:30:20.220000,-0.006828
2025-05-01T10:30:20.230000,0.004851
2025-05-01T10:30:20.240000,-0.008341
2025-05-01T10:30:20.250000,-0.011303
2025-05-01T10:30:20.260000,-0.002504
2025-05-01T10:30:20.270000,-0.003456
2025-05-01T10:30:20.280000,0.004686
2025-05-01T10:30:20.290000,0.016175
2025-05-01T10:30:20.300000,0.007896
2025-05-01T10:30:20.310000,0.007050
2025-05-01T10:30:20.320000,-0.018130
2025-05-01T10:30:20.330000,-0.004234
2025-05-01T10:30:20.340000,0.022097
2025-05-01T10:30:20.350000,0.009670
2025-05-01T10:30:20.360000,0.000682
2025-05-01T10:30:20.370000,0.001501
2025-05-01T10:30:20.380000,-0.008612
2025-05-01T10:30:20.390000,0.015946
2025-05-01T10:30:20.400000,-0.006287
2025-05-01T10:30:20.410000,-0.018266
2025-05-01T10:30:20.420000,-0.003402
2025-05-01T10:30:20.430000,0.002453
2025-05-01T10:30:20.440000,-0.003764
2025-05-01T10:30:20.450000,0.000499
2025-05-01T10:30:20.460000,0.003370
2025-05-01T10:30:20.470000,-0.003392
2025-05-01T10:30:20.480000,-0.022256
2025-05-01T10:30:20.490000,0.018440
2025-05-01T10:30:20.500000,-0.002731
2025-05-01T10:30:20.510000,0.000740
2025-05-01T10:30:20.520000,0.021329
2025-05-01T10:30:20.530000,0.010474
2025-05-01T10:30:20.540000,-0.012493
2025-05-01T10:30:20.550000,0.006822
2025-05-01T10:30:20.560000,-0.010751
2025-05-01T10:30:20.570000,-0.017883
2025-05-01T10:30:20.580000,0.000724
2025-05-01T10:30:20.590000,-0.007675
2025-05-01T10:30:20.600000,-0.013788
2025-05-01T10:30:20.610000,-0.009328
2025-05-01T10:30:20.620000,-0.003266
2025-05-01T10:30:20.630000,-0.009743
2025-05-01T10:30:20.640000,-0.003373
2025-05-01T10:30:20.650000,-0.014186
2025-05-01T10:30:20.660000,-0.007829
2025-05-01T10:30:20.670000,-0.013375
2025-05-01T10:30:20.680000,-0.030617
2025-05-01T10:30:20.690000,0.013079
2025-05-01T10:30:20.700000,0.001520
2025-05-01T10:30:20.710000,0.019188
2025-05-01T10:30:20.720000,0.000311
2025-05-01T10:30:20.730000,-0.002055
2025-05-01T10:30:20.740000,-0.014459
2025-05-01T10:30:20.750000,0.006657
2025-05-01T10:30:20.760000,0.004989
2025-05-01T10:30:20.770000,0.009982
2025-05-01T10:30:20.780000,0.002436
2025-05-01T10:30:20.790000,0.011132
2025-05-01T10:30:20.800000,-0.005147
2025-05-01T10:30:20.810000,0.000936
2025-05-01T10:30:20.820000,-0.007879
2025-05-01T10:30:20.830000,-0.009165
2025-05-01T10:30:20.840000,-0.012605
2025-05-01T10:30:20.850000,-0.004713
2025-05-01T10:30:20.860000,-0.004763
2025-05-01T10:30:20.870000,-0.001062
2025-05-01T10:30:20.880000,-0.004445
2025-05-01T10:30:20.890000,0.001473
2025-05-01T10:30:20.900000,-0.005436
2025-05-01T10:30:20.910000,0.000540
2025-05-01T10:30:20.920000,0.010511
2025-05-01T10:30:20.930000,0.018661
2025-05-01T10:30:20.940000,-0.012031
2025-05-01T10:30:20.950000,0.016066
2025-05-01T10:30:20.960000,0.019717
2025-05-01T10:30:20.970000,-0.004873
2025-05-01T10:30:20.980000,-0.008988
2025-05-01T10:30:20.990000,-0.001946
2025-05-01T10:30:21,-0.015690
2025-05-01T10:30:21.010000,-0.008097
2025-05-01T10:30:21.020000,-0.002150
2025-05-01T10:30:21.030000,0.017971
2025-05-01T10:30:21.040000,0.000201
2025-05-01T10:30:21.050000,0.004538
2025-05-01T10:30:21.060000,-0.005639
2025-05-01T10:30:21.070000,0.000060
2025-05-01T10:30:21.080000,0.005361
2025-05-01T10:30:21.090000,0.009508
2025-05-01T10:30:21.100000,-0.001650
2025-05-01T10:30:21.110000,0.005521
2025-05-01T10:30:21.120000,0.004247
2025-05-01T10:30:21.130000,0.004548
2025-05-01T10:30:21.140000,-0.004207
2025-05-01T10:30:21.150000,0.006954
2025-05-01T10:30:21.160000,0.016459
2025-05-01T10:30:21.170000,-0.007676
2025-05-01T10:30:21.180000,0.013665
2025-05-01T10:30:21.190000,0.009544
2025-05-01T10:30:21.200000,0.000541
2025-05-01T10:30:21.210000,0.011833
2025-05-01T10:30:21.220000,-0.013647
2025-05-01T10:30:21.230000,-0.001064
2025-05-01T10:30:21.240000,0.007197
2025-05-01T10:30:21.250000,-0.008203
2025-05-01T10:30:21.260000,-0.016807
2025-05-01T10:30:21.270000,-0.021932
2025-05-01T10:30:21.280000,-0.009350
2025-05-01T10:30:21.290000,0.004080
2025-05-01T10:30:21.300000,-0.004843
2025-05-01T10:30:21.310000,0.006113
2025-05-01T10:30:21.320000,-0.000399
2025-05-01T10:30:21.330000,-0.001762
2025-05-01T10:30:21.340000,-0.006591
2025-05-01T10:30:21.350000,-0.005604
2025-05-01T10:30:21.360000,0.000011
2025-05-01T10:30:21.370000,-0.011184
2025-05-01T10:30:21.380000,-0.001115
2025-05-01T10:30:21.390000,-0.010981
2025-05-01T10:30:21.400000,-0.000947
2025-05-01T10:30:21.410000,0.004519
2025-05-01T10:30:21.420000,0.012747
2025-05-01T10:30:21.430000,-0.005667
2025-05-01T10:30:21.440000,0.006781
2025-05-01T10:30:21.450000,-0.000861
2025-05-01T10:30:21.460000,-0.013737
2025-05-01T10:30:21.470000,0.015141
2025-05-01T10:30:21.480000,-0.006044
2025-05-01T10:30:21.490000,-0.000588
2025-05-01T10:30:21.500000,-0.017285
2025-05-01T10:30:21.510000,-0.008461
2025-05-01T10:30:21.520000,0.004109
2025-05-01T10:30:21.530000,0.005464
2025-05-01T10:30:21.540000,-0.016553
2025-05-01T10:30:21.550000,-0.004777
2025-05-01T10:30:21.560000,0.008903
2025-05-01T10:30:21.570000,-0.007125
2025-05-01T10:30:21.580000,-0.002376
2025-05-01T10:30:21.590000,-0.004949
2025-05-01T10:30:21.600000,0.003054
2025-05-01T10:30:21.610000,-0.008210
2025-05-01T10:30:21.620000,-0.005349
2025-05-01T10:30:21.630000,-0.004079
2025-05-01T10:30:21.640000,0.006373
2025-05-01T10:30:21.650000,-0.015760
2025-05-01T10:30:21.660000,0.006706
2025-05-01T10:30:21.670000,0.006061
2025-05-01T10:30:21.680000,-0.001588
2025-05-01T10:30:21.690000,-0.002407
2025-05-01T10:30:21.700000,-0.005321
2025-05-01T10:30:21.710000,0.001512
2025-05-01T10:30:21.720000,0.028445
2025-05-01T10:30:21.730000,-0.016514
2025-05-01T10:30:21.740000,0.009259
2025-05-01T10:30:21.750000,-0.010682
2025-05-01T10:30:21.760000,-0.008745
2025-05-01T10:30:21.770000,0.005221
2025-05-01T10:30:21.780000,-0.008821
2025-05-01T10:30:21.790000,0.006188
2025-05-01T10:30:21.800000,-0.015135
2025-05-01T10:30:21.810000,-0.011948
2025-05-01T10:30:21.820000,0.015235
2025-05-01T10:30:21.830000,-0.003122
2025-05-01T10:30:21.840000,-0.011682
2025-05-01T10:30:21.850000,-0.001231
2025-05-01T10:30:21.860000,-0.016414
2025-05-01T10:30:21.870000,-0.016360
2025-05-01T10:30:21.880000,-0.002473
2025-05-01T10:30:21.890000,-0.000624
2025-05-01T10:30:21.900000,0.004080
2025-05-01T10:30:21.910000,0.004954
2025-05-01T10:30:21.920000,0.003315
2025-05-01T10:30:21.930000,-0.013911
2025-05-01T10:30:21.940000,0.023274
2025-05-01T10:30:21.950000,-0.011906
2025-05-01T10:30:21.960000,0.004893
2025-05-01T10:30:21.970000,0.000817
2025-05-01T10:30:21.980000,0.008137
2025-05-01T10:30:21.990000,0.006111
2025-05-01T10:30:22,0.003947
2025-05-01T10:30:22.010000,-0.003753
2025-05-01T10:30:22.020000,0.021944
2025-05-01T10:30:22.030000,0.000566
2025-05-01T10:30:22.040000,0.002293
2025-05-01T10:30:22.050000,0.010342
2025-05-01T10:30:22.060000,-0.000499
2025-05-01T10:30:22.070000,0.005435
2025-05-01T10:30:22.080000,-0.016108
2025-05-01T10:30:22.090000,-0.018434
2025-05-01T10:30:22.100000,-0.001274
2025-05-01T10:30:22.110000,0.003097
2025-05-01T10:30:22.120000,0.013847
2025-05-01T10:30:22.130000,0.015781
2025-05-01T10:30:22.140000,-0.018833
2025-05-01T10:30:22.150000,0.015191
2025-05-01T10:30:22.160000,0.007667
2025-05-01T10:30:22.170000,-0.013510
2025-05-01T10:30:22.180000,-0.003633
2025-05-01T10:30:22.190000,-0.016272
2025-05-01T10:30:22.200000,-0.007618
2025-05-01T10:30:22.210000,0.005691
2025-05-01T10:30:22.220000,0.003330
2025-05-01T10:30:22.230000,-0.008823
2025-05-01T10:30:22.240000,-0.000897
2025-05-01T10:30:22.250000,-0.005176
2025-05-01T10:30:22.260000,0.012727
2025-05-01T10:30:22.270000,0.014940
2025-05-01T10:30:22.280000,0.011429
2025-05-01T10:30:22.290000,-0.011477
2025-05-01T10:30:22.300000,-0.000029
2025-05-01T10:30:22.310000,-0.009090
2025-05-01T10:30:22.320000,0.006437
2025-05-01T10:30:22.330000,0.000582
2025-05-01T10:30:22.340000,0.001775
2025-05-01T10:30:22.350000,-0.001172
2025-05-01T10:30:22.360000,-0.004912
2025-05-01T10:30:22.370000,-0.004166
2025-05-01T10:30:22.380000,-0.005861
2025-05-01T10:30:22.390000,-0.001708
2025-05-01T10:30:22.400000,-0.007840
2025-05-01T10:30:22.410000,-0.007504
2025-05-01T10:30:22.420000,-0.001785
2025-05-01T10:30:22.430000,0.006635
2025-05-01T10:30:22.440000,0.022183
2025-05-01T10:30:22.450000,-0.012700
2025-05-01T10:30:22.460000,0.008117
2025-05-01T10:30:22.470000,0.014247
2025-05-01T10:30:22.480000,-0.003372
2025-05-01T10:30:22.490000,0.003093
2025-05-01T10:30:22.500000,0.015317
2025-05-01T10:30:22.510000,0.004096
2025-05-01T10:30:22.520000,-0.023257
2025-05-01T10:30:22.530000,-0.005942
2025-05-01T10:30:22.540000,0.004903
2025-05-01T10:30:22.550000,0.005571
2025-05-01T10:30:22.560000,-0.001644
2025-05-01T10:30:22.570000,0.009569
2025-05-01T10:30:22.580000,0.003429
2025-05-01T10:30:22.590000,0.017069
2025-05-01T10:30:22.600000,0.016456
2025-05-01T10:30:22.610000,0.009347
2025-05-01T10:30:22.620000,0.016715
2025-05-01T10:30:22.630000,-0.019712
2025-05-01T10:30:22.640000,-0.007580
2025-05-01T10:30:22.650000,0.027790
2025-05-01T10:30:22.660000,0.006299
2025-05-01T10:30:22.670000,-0.003880
2025-05-01T10:30:22.680000,0.012451
2025-05-01T10:30:22.690000,0.002082
2025-05-01T10:30:22.700000,-0.005791
2025-05-01T10:30:22.710000,0.001901
2025-05-01T10:30:22.720000,-0.007220
2025-05-01T10:30:22.730000,0.006785
2025-05-01T10:30:22.740000,0.024454
2025-05-01T10:30:22.750000,-0.003370
2025-05-01T10:30:22.760000,-0.003674
2025-05-01T10:30:22.770000,-0.006471
2025-05-01T10:30:22.780000,0.007937
2025-05-01T10:30:22.790000,0.016819
2025-05-01T10:30:22.800000,0.009081
2025-05-01T10:30:22.810000,-0.000966
2025-05-01T10:30:22.820000,-0.001518
2025-05-01T10:30:22.830000,0.003720
2025-05-01T10:30:22.840000,0.000690
2025-05-01T10:30:22.850000,0.025932
2025-05-01T10:30:22.860000,-0.010446
2025-05-01T10:30:22.870000,0.014871
2025-05-01T10:30:22.880000,-0.001723
2025-05-01T10:30:22.890000,-0.020559
2025-05-01T10:30:22.900000,-0.016230
2025-05-01T10:30:22.910000,-0.002361
2025-05-01T10:30:22.920000,0.001385
2025-05-01T10:30:22.930000,-0.004442
2025-05-01T10:30:22.940000,-0.011946
2025-05-01T10:30:22.950000,0.001034
2025-05-01T10:30:22.960000,0.000804
2025-05-01T10:30:22.970000,-0.034085
2025-05-01T10:30:22.980000,-0.002225
2025-05-01T10:30:22.990000,-0.010690
2025-05-01T10:30:23,0.004865
2025-05-01T10:30:23.010000,-0.006565
2025-05-01T10:30:23.020000,0.003143
2025-05-01T10:30:23.030000,0.007818
2025-05-01T10:30:23.040000,0.001861
2025-05-01T10:30:23.050000,0.007552
2025-05-01T10:30:23.060000,0.004196
2025-05-01T10:30:23.070000,-0.001551
2025-05-01T10:30:23.080000,0.016684
2025-05-01T10:30:23.090000,-0.013740
2025-05-01T10:30:23.100000,-0.005104
2025-05-01T10:30:23.110000,0.002374
2025-05-01T10:30:23.120000,0.012969
2025-05-01T10:30:23.130000,-0.010369
2025-05-01T10:30:23.140000,-0.003295
2025-05-01T10:30:23.150000,-0.013395
2025-05-01T10:30:23.160000,0.026184
2025-05-01T10:30:23.170000,-0.005112
2025-05-01T10:30:23.180000,-0.000122
2025-05-01T10:30:23.190000,-0.004675
2025-05-01T10:30:23.200000,-0.001492
2025-05-01T10:30:23.210000,0.002185
2025-05-01T10:30:23.220000,-0.002283
2025-05-01T10:30:23.230000,-0.008589
2025-05-01T10:30:23.240000,0.000449
2025-05-01T10:30:23.250000,-0.005305
2025-05-01T10:30:23.260000,0.022612
2025-05-01T10:30:23.270000,-0.023423
2025-05-01T10:30:23.280000,0.022924
2025-05-01T10:30:23.290000,0.006793
2025-05-01T10:30:23.300000,0.013200
2025-05-01T10:30:23.310000,-0.003711
2025-05-01T10:30:23.320000,0.002443
2025-05-01T10:30:23.330000,-0.021397
2025-05-01T10:30:23.340000,-0.019351
2025-05-01T10:30:23.350000,0.015897
2025-05-01T10:30:23.360000,-0.003619
2025-05-01T10:30:23.370000,-0.000003
2025-05-01T10:30:23.380000,-0.002529
2025-05-01T10:30:23.390000,0.008436
2025-05-01T10:30:23.400000,0.009273
2025-05-01T10:30:23.410000,-0.009507
2025-05-01T10:30:23.420000,0.005273
2025-05-01T10:30:23.430000,0.001948
2025-05-01T10:30:23.440000,0.005332
2025-05-01T10:30:23.450000,0.016773
2025-05-01T10:30:23.460000,0.004388
2025-05-01T10:30:23.470000,-0.004696
2025-05-01T10:30:23.480000,-0.014206
2025-05-01T10:30:23.490000,0.006179
2025-05-01T10:30:23.500000,0.007518
2025-05-01T10:30:23.510000,0.029498
2025-05-01T10:30:23.520000,0.007344
2025-05-01T10:30:23.530000,-0.016647
2025-05-01T10:30:23.540000,0.002179
2025-05-01T10:30:23.550000,0.007113
2025-05-01T10:30:23.560000,0.002045
2025-05-01T10:30:23.570000,0.011719
2025-05-01T10:30:23.580000,-0.003955
2025-05-01T10:30:23.590000,-0.009637
2025-05-01T10:30:23.600000,-0.018970
2025-05-01T10:30:23.610000,-0.005582
2025-05-01T10:30:23.620000,0.000359
2025-05-01T10:30:23.630000,0.003207
2025-05-01T10:30:23.640000,0.000108
2025-05-01T10:30:23.650000,-0.004941
2025-05-01T10:30:23.660000,-0.004980
2025-05-01T10:30:23.670000,-0.002355
2025-05-01T10:30:23.680000,-0.012705
2025-05-01T10:30:23.690000,-0.006522
2025-05-01T10:30:23.700000,-0.021066
2025-05-01T10:30:23.710000,-0.015259
2025-05-01T10:30:23.720000,-0.005885
2025-05-01T10:30:23.730000,-0.005104
2025-05-01T10:30:23.740000,-0.009081
2025-05-01T10:30:23.750000,0.013945
2025-05-01T10:30:23.760000,0.016377
2025-05-01T10:30:23.770000,0.004992
2025-05-01T10:30:23.780000,-0.006139
2025-05-01T10:30:23.790000,-0.005349
2025-05-01T10:30:23.800000,0.016463
2025-05-01T10:30:23.810000,-0.007525
2025-05-01T10:30:23.820000,-0.003172
2025-05-01T10:30:23.830000,-0.013382
2025-05-01T10:30:23.840000,-0.005985
2025-05-01T10:30:23.850000,0.000965
2025-05-01T10:30:23.860000,-0.010508
2025-05-01T10:30:23.870000,0.002044
2025-05-01T10:30:23.880000,0.003606
2025-05-01T10:30:23.890000,0.003902
2025-05-01T10:30:23.900000,-0.022673
2025-05-01T10:30:23.910000,-0.004725
2025-05-01T10:30:23.920000,0.012577
2025-05-01T10:30:23.930000,0.008181
2025-05-01T10:30:23.940000,0.021041
2025-05-01T10:30:23.950000,0.014556
2025-05-01T10:30:23.960000,-0.005403
2025-05-01T10:30:23.970000,0.002359
2025-05-01T10:30:23.980000,0.005125
2025-05-01T10:30:23.990000,0.007911
2025-05-01T10:30:24,-0.009436
2025-05-01T10:30:24.010000,-0.011215
2025-05-01T10:30:24.020000,-0.010295
2025-05-01T10:30:24.030000,-0.021151
2025-05-01T10:30:24.040000,-0.000520
2025-05-01T10:30:24.050000,0.006306
2025-05-01T10:30:24.060000,0.006087
2025-05-01T10:30:24.070000,-0.008372
2025-05-01T10:30:24.080000,0.012541
2025-05-01T10:30:24.090000,-0.019240
2025-05-01T10:30:24.100000,0.007083
2025-05-01T10:30:24.110000,0.007227
2025-05-01T10:30:24.120000,0.000658
2025-05-01T10:30:24.130000,0.009420
2025-05-01T10:30:24.140000,0.003891
2025-05-01T10:30:24.150000,0.014563
2025-05-01T10:30:24.160000,-0.014946
2025-05-01T10:30:24.170000,-0.003395
2025-05-01T10:30:24.180000,-0.009322
2025-05-01T10:30:24.190000,-0.011697
2025-05-01T10:30:24.200000,0.002561
2025-05-01T10:30:24.210000,-0.010516
2025-05-01T10:30:24.220000,-0.003384
2025-05-01T10:30:24.230000,-0.004059
2025-05-01T10:30:24.240000,-0.017252
2025-05-01T10:30:24.250000,0.005780
2025-05-01T10:30:24.260000,0.006789
2025-05-01T10:30:24.270000,-0.007065
2025-05-01T10:30:24.280000,0.013857
2025-05-01T10:30:24.290000,0.019463
2025-05-01T10:30:24.300000,-0.009033
2025-05-01T10:30:24.310000,-0.012336
2025-05-01T10:30:24.320000,-0.010211
2025-05-01T10:30:24.330000,-0.011693
2025-05-01T10:30:24.340000,0.004255
2025-05-01T10:30:24.350000,0.000439
2025-05-01T10:30:24.360000,0.013577
2025-05-01T10:30:24.370000,-0.015960
2025-05-01T10:30:24.380000,-0.001992
2025-05-01T10:30:24.390000,0.010794
2025-05-01T10:30:24.400000,0.003087
2025-05-01T10:30:24.410000,-0.001971
2025-05-01T10:30:24.420000,-0.008365
2025-05-01T10:30:24.430000,0.006658
2025-05-01T10:30:24.440000,-0.000523
2025-05-01T10:30:24.450000,-0.010100
2025-05-01T10:30:24.460000,-0.012392
2025-05-01T10:30:24.470000,0.018584
2025-05-01T10:30:24.480000,0.001131
2025-05-01T10:30:24.490000,-0.011132
2025-05-01T10:30:24.500000,-0.021189
2025-05-01T10:30:24.510000,0.005717
2025-05-01T10:30:24.520000,-0.005463
2025-05-01T10:30:24.530000,0.003505
2025-05-01T10:30:24.540000,0.011174
2025-05-01T10:30:24.550000,0.002306
2025-05-01T10:30:24.560000,0.014293
2025-05-01T10:30:24.570000,-0.006785
2025-05-01T10:30:24.580000,-0.007687
2025-05-01T10:30:24.590000,0.007392
2025-05-01T10:30:24.600000,-0.018237
2025-05-01T10:30:24.610000,0.018680
2025-05-01T10:30:24.620000,0.005732
2025-05-01T10:30:24.630000,0.024024
2025-05-01T10:30:24.640000,-0.007381
2025-05-01T10:30:24.650000,-0.001518
2025-05-01T10:30:24.660000,0.011654
2025-05-01T10:30:24.670000,0.005905
2025-05-01T10:30:24.680000,-0.004408
2025-05-01T10:30:24.690000,-0.009331
2025-05-01T10:30:24.700000,0.005177
2025-05-01T10:30:24.710000,0.004820
2025-05-01T10:30:24.720000,-0.017003
2025-05-01T10:30:24.730000,-0.003074
2025-05-01T10:30:24.740000,0.030956
2025-05-01T10:30:24.750000,0.004471
2025-05-01T10:30:24.760000,-0.004588
2025-05-01T10:30:24.770000,-0.006875
2025-05-01T10:30:24.780000,0.009202
2025-05-01T10:30:24.790000,0.017614
2025-05-01T10:30:24.800000,0.005378
2025-05-01T10:30:24.810000,0.011917
2025-05-01T10:30:24.820000,0.004480
2025-05-01T10:30:24.830000,-0.009163
2025-05-01T10:30:24.840000,0.000453
2025-05-01T10:30:24.850000,-0.006849
2025-05-01T10:30:24.860000,0.002743
2025-05-01T10:30:24.870000,0.006110
2025-05-01T10:30:24.880000,0.007202
2025-05-01T10:30:24.890000,-0.007762
2025-05-01T10:30:24.900000,-0.014803
2025-05-01T10:30:24.910000,0.000930
2025-05-01T10:30:24.920000,-0.005703
2025-05-01T10:30:24.930000,-0.000321
2025-05-01T10:30:24.940000,0.008365
2025-05-01T10:30:24.950000,-0.012077
2025-05-01T10:30:24.960000,0.004902
2025-05-01T10:30:24.970000,0.019495
2025-05-01T10:30:24.980000,0.006470
2025-05-01T10:30:24.990000,-0.021449
2025-05-01T10:30:25,0.002343
2025-05-01T10:30:25.010000,0.006859
2025-05-01T10:30:25.020000,-0.007034
2025-05-01T10:30:25.030000,0.013101
2025-05-01T10:30:25.040000,-0.005125
2025-05-01T10:30:25.050000,0.009162
2025-05-01T10:30:25.060000,0.011342
2025-05-01T10:30:25.070000,-0.006471
2025-05-01T10:30:25.080000,-0.003197
2025-05-01T10:30:25.090000,0.031596
2025-05-01T10:30:25.100000,0.005089
2025-05-01T10:30:25.110000,0.011573
2025-05-01T10:30:25.120000,-0.003254
2025-05-01T10:30:25.130000,0.005166
2025-05-01T10:30:25.140000,0.016120
2025-05-01T10:30:25.150000,-0.003764
2025-05-01T10:30:25.160000,0.005745
2025-05-01T10:30:25.170000,0.013503
2025-05-01T10:30:25.180000,-0.004612
2025-05-01T10:30:25.190000,-0.005843
2025-05-01T10:30:25.200000,-0.003363
2025-05-01T10:30:25.210000,0.008871
2025-05-01T10:30:25.220000,0.003084
2025-05-01T10:30:25.230000,-0.009626
2025-05-01T10:30:25.240000,-0.002274
2025-05-01T10:30:25.250000,0.006082
2025-05-01T10:30:25.260000,-0.007006
2025-05-01T10:30:25.270000,-0.006354
2025-05-01T10:30:25.280000,-0.008364
2025-05-01T10:30:25.290000,0.007031
2025-05-01T10:30:25.300000,-0.011908
2025-05-01T10:30:25.310000,0.003779
2025-05-01T10:30:25.320000,-0.002063
2025-05-01T10:30:25.330000,0.008814
2025-05-01T10:30:25.340000,-0.003226
2025-05-01T10:30:25.350000,-0.003204
2025-05-01T10:30:25.360000,-0.005824
2025-05-01T10:30:25.370000,-0.007415
2025-05-01T10:30:25.380000,0.001486
2025-05-01T10:30:25.390000,0.010293
2025-05-01T10:30:25.400000,0.011546
2025-05-01T10:30:25.410000,-0.006709
2025-05-01T10:30:25.420000,0.007623
2025-05-01T10:30:25.430000,0.001451
2025-05-01T10:30:25.440000,0.005255
2025-05-01T10:30:25.450000,0.017067
2025-05-01T10:30:25.460000,-0.006007
2025-05-01T10:30:25.470000,0.012463
2025-05-01T10:30:25.480000,0.006470
2025-05-01T10:30:25.490000,-0.001468
2025-05-01T10:30:25.500000,0.003263
2025-05-01T10:30:25.510000,0.006198
2025-05-01T10:30:25.520000,0.011598
2025-05-01T10:30:25.530000,0.002460
2025-05-01T10:30:25.540000,-0.013770
2025-05-01T10:30:25.550000,-0.002294
2025-05-01T10:30:25.560000,-0.000218
2025-05-01T10:30:25.570000,-0.002449
2025-05-01T10:30:25.580000,0.003131
2025-05-01T10:30:25.590000,0.001333
2025-05-01T10:30:25.600000,-0.015094
2025-05-01T10:30:25.610000,-0.005527
2025-05-01T10:30:25.620000,-0.004119
2025-05-01T10:30:25.630000,-0.005628
2025-05-01T10:30:25.640000,0.000908
2025-05-01T10:30:25.650000,-0.009590
2025-05-01T10:30:25.660000,-0.015203
2025-05-01T10:30:25.670000,0.010183
2025-05-01T10:30:25.680000,0.016322
2025-05-01T10:30:25.690000,-0.000287
2025-05-01T10:30:25.700000,-0.003497
2025-05-01T10:30:25.710000,-0.002156
2025-05-01T10:30:25.720000,0.012930
2025-05-01T10:30:25.730000,0.000537
2025-05-01T10:30:25.740000,-0.001026
2025-05-01T10:30:25.750000,-0.007070
2025-05-01T10:30:25.760000,-0.003284
2025-05-01T10:30:25.770000,-0.008903
2025-05-01T10:30:25.780000,-0.005328
2025-05-01T10:30:25.790000,-0.015383
2025-05-01T10:30:25.800000,-0.014067
2025-05-01T10:30:25.810000,-0.006922
2025-05-01T10:30:25.820000,-0.003287
2025-05-01T10:30:25.830000,0.007307
2025-05-01T10:30:25.840000,-0.009603
2025-05-01T10:30:25.850000,-0.002521
2025-05-01T10:30:25.860000,-0.024470
2025-05-01T10:30:25.870000,-0.004317
2025-05-01T10:30:25.880000,-0.008050
2025-05-01T10:30:25.890000,0.002533
2025-05-01T10:30:25.900000,0.004176
2025-05-01T10:30:25.910000,0.011187
2025-05-01T10:30:25.920000,0.006979
2025-05-01T10:30:25.930000,0.007581
2025-05-01T10:30:25.940000,-0.011480
2025-05-01T10:30:25.950000,0.007720
2025-05-01T10:30:25.960000,-0.020730
2025-05-01T10:30:25.970000,-0.009000
2025-05-01T10:30:25.980000,-0.005701
2025-05-01T10:30:25.990000,-0.010731
2025-05-01T10:30:26,0.012030
2025-05-01T10:30:26.010000,-0.001515
2025-05-01T10:30:26.020000,0.002038
2025-05-01T10:30:26.030000,-0.001350
2025-05-01T10:30:26.040000,0.002626
2025-05-01T10:30:26.050000,0.001085
2025-05-01T10:30:26.060000,0.004008
2025-05-01T10:30:26.070000,0.014777
2025-05-01T10:30:26.080000,0.001666
2025-05-01T10:30:26.090000,-0.005305
2025-05-01T10:30:26.100000,-0.005600
2025-05-01T10:30:26.110000,-0.006241
2025-05-01T10:30:26.120000,-0.007608
2025-05-01T10:30:26.130000,0.017963
2025-05-01T10:30:26.140000,0.009290
2025-05-01T10:30:26.150000,-0.000566
2025-05-01T10:30:26.160000,-0.002351
2025-05-01T10:30:26.170000,0.012668
2025-05-01T10:30:26.180000,-0.004053
2025-05-01T10:30:26.190000,-0.002532
2025-05-01T10:30:26.200000,0.005697
2025-05-01T10:30:26.210000,-0.004461
2025-05-01T10:30:26.220000,0.009245
2025-05-01T10:30:26.230000,0.009697
2025-05-01T10:30:26.240000,-0.005802
2025-05-01T10:30:26.250000,-0.003881
2025-05-01T10:30:26.260000,-0.006499
2025-05-01T10:30:26.270000,-0.002248
2025-05-01T10:30:26.280000,0.005643
2025-05-01T10:30:26.290000,0.006711
2025-05-01T10:30:26.300000,-0.011469
2025-05-01T10:30:26.310000,-0.012121
2025-05-01T10:30:26.320000,-0.000786
2025-05-01T10:30:26.330000,-0.004937
2025-05-01T10:30:26.340000,-0.004251
2025-05-01T10:30:26.350000,-0.004216
2025-05-01T10:30:26.360000,-0.010343
2025-05-01T10:30:26.370000,0.009788
2025-05-01T10:30:26.380000,0.017231
2025-05-01T10:30:26.390000,-0.000723
2025-05-01T10:30:26.400000,-0.012051
2025-05-01T10:30:26.410000,0.006993
2025-05-01T10:30:26.420000,0.018640
2025-05-01T10:30:26.430000,0.004818
2025-05-01T10:30:26.440000,0.007559
2025-05-01T10:30:26.450000,-0.006184
2025-05-01T10:30:26.460000,-0.003073
2025-05-01T10:30:26.470000,0.004871
2025-05-01T10:30:26.480000,0.008660
2025-05-01T10:30:26.490000,-0.007631
2025-05-01T10:30:26.500000,-0.005099
2025-05-01T10:30:26.510000,0.005838
2025-05-01T10:30:26.520000,-0.001074
2025-05-01T10:30:26.530000,0.007275
2025-05-01T10:30:26.540000,-0.006022
2025-05-01T10:30:26.550000,0.001635
2025-05-01T10:30:26.560000,0.001395
2025-05-01T10:30:26.570000,-0.003889
2025-05-01T10:30:26.580000,0.000716
2025-05-01T10:30:26.590000,-0.001314
2025-05-01T10:30:26.600000,0.020662
2025-05-01T10:30:26.610000,-0.009791
2025-05-01T10:30:26.620000,-0.005644
2025-05-01T10:30:26.630000,-0.004816
2025-05-01T10:30:26.640000,0.013737
2025-05-01T10:30:26.650000,-0.010584
2025-05-01T10:30:26.660000,-0.012310
2025-05-01T10:30:26.670000,0.009903
2025-05-01T10:30:26.680000,0.007284
2025-05-01T10:30:26.690000,-0.006396
2025-05-01T10:30:26.700000,-0.004466
2025-05-01T10:30:26.710000,-0.000622
2025-05-01T10:30:26.720000,-0.013570
2025-05-01T10:30:26.730000,-0.013096
2025-05-01T10:30:26.740000,-0.005824
2025-05-01T10:30:26.750000,0.013074
2025-05-01T10:30:26.760000,0.008833
2025-05-01T10:30:26.770000,0.011355
2025-05-01T10:30:26.780000,-0.002213
2025-05-01T10:30:26.790000,0.001794
2025-05-01T10:30:26.800000,0.014948
2025-05-01T10:30:26.810000,-0.000278
2025-05-01T10:30:26.820000,0.006172
2025-05-01T10:30:26.830000,-0.004931
2025-05-01T10:30:26.840000,-0.002929
2025-05-01T10:30:26.850000,0.008333
2025-05-01T10:30:26.860000,0.021295
2025-05-01T10:30:26.870000,0.002992
2025-05-01T10:30:26.880000,0.014583
2025-05-01T10:30:26.890000,-0.004410
2025-05-01T10:30:26.900000,0.014020
2025-05-01T10:30:26.910000,0.020956
2025-05-01T10:30:26.920000,0.001276
2025-05-01T10:30:26.930000,-0.016733
2025-05-01T10:30:26.940000,0.001208
2025-05-01T10:30:26.950000,0.004254
2025-05-01T10:30:26.960000,0.018664
2025-05-01T10:30:26.970000,-0.001958
2025-05-01T10:30:26.980000,0.004210
2025-05-01T10:30:26.990000,-0.007321
2025-05-01T10:30:27,-0.019225
2025-05-01T10:30:27.010000,0.005906
2025-05-01T10:30:27.020000,-0.002576
2025-05-01T10:30:27.030000,0.008635
2025-05-01T10:30:27.040000,-0.007755
2025-05-01T10:30:27.050000,-0.001690
2025-05-01T10:30:27.060000,-0.021146
2025-05-01T10:30:27.070000,-0.012076
2025-05-01T10:30:27.080000,-0.008436
2025-05-01T10:30:27.090000,0.004437
2025-05-01T10:30:27.100000,-0.001359
2025-05-01T10:30:27.110000,0.008424
2025-05-01T10:30:27.120000,0.004537
2025-05-01T10:30:27.130000,0.005587
2025-05-01T10:30:27.140000,-0.008768
2025-05-01T10:30:27.150000,0.003253
2025-05-01T10:30:27.160000,-0.011835
2025-05-01T10:30:27.170000,0.012437
2025-05-01T10:30:27.180000,0.005780
2025-05-01T10:30:27.190000,-0.024199
2025-05-01T10:30:27.200000,-0.020245
2025-05-01T10:30:27.210000,-0.014799
2025-05-01T10:30:27.220000,-0.003345
2025-05-01T10:30:27.230000,0.003191
2025-05-01T10:30:27.240000,-0.008642
2025-05-01T10:30:27.250000,0.002810
2025-05-01T10:30:27.260000,-0.012746
2025-05-01T10:30:27.270000,-0.017315
2025-05-01T10:30:27.280000,0.011665
2025-05-01T10:30:27.290000,0.003618
2025-05-01T10:30:27.300000,0.013590
2025-05-01T10:30:27.310000,0.015515
2025-05-01T10:30:27.320000,0.007496
2025-05-01T10:30:27.330000,-0.006661
2025-05-01T10:30:27.340000,0.012113
2025-05-01T10:30:27.350000,0.007279
2025-05-01T10:30:27.360000,-0.011022
2025-05-01T10:30:27.370000,-0.010149
2025-05-01T10:30:27.380000,-0.001479
2025-05-01T10:30:27.390000,0.006653
2025-05-01T10:30:27.400000,-0.013032
2025-05-01T10:30:27.410000,-0.015000
2025-05-01T10:30:27.420000,-0.009552
2025-05-01T10:30:27.430000,-0.005076
2025-05-01T10:30:27.440000,-0.011959
2025-05-01T10:30:27.450000,0.016465
2025-05-01T10:30:27.460000,-0.001221
2025-05-01T10:30:27.470000,0.000931
2025-05-01T10:30:27.480000,0.006715
2025-05-01T10:30:27.490000,0.002668
2025-05-01T10:30:27.500000,0.017007
2025-05-01T10:30:27.510000,0.008224
2025-05-01T10:30:27.520000,0.007756
2025-05-01T10:30:27.530000,-0.007538
2025-05-01T10:30:27.540000,0.017149
2025-05-01T10:30:27.550000,0.002904
2025-05-01T10:30:27.560000,-0.007793
2025-05-01T10:30:27.570000,0.005204
2025-05-01T10:30:27.580000,0.015257
2025-05-01T10:30:27.590000,0.003516
2025-05-01T10:30:27.600000,-0.015062
2025-05-01T10:30:27.610000,0.006811
2025-05-01T10:30:27.620000,0.013560
2025-05-01T10:30:27.630000,-0.009699
2025-05-01T10:30:27.640000,0.016257
2025-05-01T10:30:27.650000,-0.024379
2025-05-01T10:30:27.660000,-0.008882
2025-05-01T10:30:27.670000,0.002553
2025-05-01T10:30:27.680000,-0.005982
2025-05-01T10:30:27.690000,-0.008552
2025-05-01T10:30:27.700000,0.015390
2025-05-01T10:30:27.710000,-0.008626
2025-05-01T10:30:27.720000,-0.011762
2025-05-01T10:30:27.730000,0.002950
2025-05-01T10:30:27.740000,0.012548
2025-05-01T10:30:27.750000,-0.003790
2025-05-01T10:30:27.760000,-0.001644
2025-05-01T10:30:27.770000,0.004665
2025-05-01T10:30:27.780000,-0.003405
2025-05-01T10:30:27.790000,0.008073
2025-05-01T10:30:27.800000,0.002624
2025-05-01T10:30:27.810000,-0.003120
2025-05-01T10:30:27.820000,-0.006382
2025-05-01T10:30:27.830000,-0.001077
2025-05-01T10:30:27.840000,0.002304
2025-05-01T10:30:27.850000,0.002210
2025-05-01T10:30:27.860000,-0.022561
2025-05-01T10:30:27.870000,-0.006526
2025-05-01T10:30:27.880000,-0.003635
2025-05-01T10:30:27.890000,-0.011020
2025-05-01T10:30:27.900000,0.006066
2025-05-01T10:30:27.910000,0.004851
2025-05-01T10:30:27.920000,-0.007768
2025-05-01T10:30:27.930000,-0.001322
2025-05-01T10:30:27.940000,0.001584
2025-05-01T10:30:27.950000,0.008555
2025-05-01T10:30:27.960000,-0.018293
2025-05-01T10:30:27.970000,0.002615
2025-05-01T10:30:27.980000,-0.018075
2025-05-01T10:30:27.990000,0.005861
2025-05-01T10:30:28,-0.003945
2025-05-01T10:30:28.010000,-0.009527
2025-05-01T10:30:28.020000,0.000791
2025-05-01T10:30:28.030000,-0.017989
2025-05-01T10:30:28.040000,0.000541
2025-05-01T10:30:28.050000,0.006856
2025-05-01T10:30:28.060000,-0.000158
2025-05-01T10:30:28.070000,0.002453
2025-05-01T10:30:28.080000,0.030737
2025-05-01T10:30:28.090000,-0.008977
2025-05-01T10:30:28.100000,0.016517
2025-05-01T10:30:28.110000,-0.008897
2025-05-01T10:30:28.120000,-0.012025
2025-05-01T10:30:28.130000,-0.014677
2025-05-01T10:30:28.140000,-0.013881
2025-05-01T10:30:28.150000,-0.000885
2025-05-01T10:30:28.160000,-0.004598
2025-05-01T10:30:28.170000,-0.008220
2025-05-01T10:30:28.180000,0.003288
2025-05-01T10:30:28.190000,-0.015863
2025-05-01T10:30:28.200000,0.001930
2025-05-01T10:30:28.210000,0.016167
2025-05-01T10:30:28.220000,0.006687
2025-05-01T10:30:28.230000,0.005078
2025-05-01T10:30:28.240000,-0.005161
2025-05-01T10:30:28.250000,0.005582
2025-05-01T10:30:28.260000,0.013867
2025-05-01T10:30:28.270000,-0.001056
2025-05-01T10:30:28.280000,-0.001531
2025-05-01T10:30:28.290000,0.009088
2025-05-01T10:30:28.300000,0.000133
2025-05-01T10:30:28.310000,-0.000332
2025-05-01T10:30:28.320000,0.007376
2025-05-01T10:30:28.330000,-0.014187
2025-05-01T10:30:28.340000,0.008690
2025-05-01T10:30:28.350000,-0.019311
2025-05-01T10:30:28.360000,0.022950
2025-05-01T10:30:28.370000,-0.005264
2025-05-01T10:30:28.380000,-0.017065
2025-05-01T10:30:28.390000,-0.010113
2025-05-01T10:30:28.400000,-0.014610
2025-05-01T10:30:28.410000,0.001948
2025-05-01T10:30:28.420000,-0.006789
2025-05-01T10:30:28.430000,0.016881
2025-05-01T10:30:28.440000,0.014217
2025-05-01T10:30:28.450000,0.000140
2025-05-01T10:30:28.460000,0.006558
2025-05-01T10:30:28.470000,0.000049
2025-05-01T10:30:28.480000,-0.013319
2025-05-01T10:30:28.490000,-0.001256
2025-05-01T10:30:28.500000,0.003037
2025-05-01T10:30:28.510000,0.004938
2025-05-01T10:30:28.520000,0.019085
2025-05-01T10:30:28.530000,-0.009933
2025-05-01T10:30:28.540000,0.004709
2025-05-01T10:30:28.550000,0.017218
2025-05-01T10:30:28.560000,0.019017
2025-05-01T10:30:28.570000,-0.005770
2025-05-01T10:30:28.580000,-0.014101
2025-05-01T10:30:28.590000,0.003071
2025-05-01T10:30:28.600000,-0.004859
2025-05-01T10:30:28.610000,-0.001157
2025-05-01T10:30:28.620000,0.005952
2025-05-01T10:30:28.630000,0.000508
2025-05-01T10:30:28.640000,-0.004814
2025-05-01T10:30:28.650000,-0.016942
2025-05-01T10:30:28.660000,-0.006367
2025-05-01T10:30:28.670000,0.020584
2025-05-01T10:30:28.680000,0.010905
2025-05-01T10:30:28.690000,-0.011456
2025-05-01T10:30:28.700000,-0.016006
2025-05-01T10:30:28.710000,0.009582
2025-05-01T10:30:28.720000,0.009923
2025-05-01T10:30:28.730000,-0.001807
2025-05-01T10:30:28.740000,0.007660
2025-05-01T10:30:28.750000,0.012947
2025-05-01T10:30:28.760000,0.003810
2025-05-01T10:30:28.770000,0.003419
2025-05-01T10:30:28.780000,0.002383
2025-05-01T10:30:28.790000,0.001519
2025-05-01T10:30:28.800000,0.005538
2025-05-01T10:30:28.810000,-0.006504
2025-05-01T10:30:28.820000,-0.005523
2025-05-01T10:30:28.830000,-0.009152
2025-05-01T10:30:28.840000,-0.009222
2025-05-01T10:30:28.850000,-0.007196
2025-05-01T10:30:28.860000,-0.011889
2025-05-01T10:30:28.870000,0.010717
2025-05-01T10:30:28.880000,0.007080
2025-05-01T10:30:28.890000,-0.008915
2025-05-01T10:30:28.900000,-0.003335
2025-05-01T10:30:28.910000,-0.018499
2025-05-01T10:30:28.920000,0.011698
2025-05-01T10:30:28.930000,0.009660
2025-05-01T10:30:28.940000,0.001941
2025-05-01T10:30:28.950000,-0.011742
2025-05-01T10:30:28.960000,0.016290
2025-05-01T10:30:28.970000,0.001533
2025-05-01T10:30:28.980000,-0.001002
2025-05-01T10:30:28.990000,-0.000856
2025-05-01T10:30:29,0.004406
2025-05-01T10:30:29.010000,-0.004190
2025-05-01T10:30:29.020000,0.002063
2025-05-01T10:30:29.030000,0.008987
2025-05-01T10:30:29.040000,-0.009372
2025-05-01T10:30:29.050000,-0.005291
2025-05-01T10:30:29.060000,-0.002304
2025-05-01T10:30:29.070000,0.001690
2025-05-01T10:30:29.080000,-0.016148
2025-05-01T10:30:29.090000,0.000555
2025-05-01T10:30:29.100000,-0.002823
2025-05-01T10:30:29.110000,0.006874
2025-05-01T10:30:29.120000,-0.003880
2025-05-01T10:30:29.130000,0.011353
2025-05-01T10:30:29.140000,-0.014129
2025-05-01T10:30:29.150000,0.003795
2025-05-01T10:30:29.160000,0.004119
2025-05-01T10:30:29.170000,-0.014137
2025-05-01T10:30:29.180000,-0.012565
2025-05-01T10:30:29.190000,-0.019026
2025-05-01T10:30:29.200000,-0.024519
2025-05-01T10:30:29.210000,0.019023
2025-05-01T10:30:29.220000,0.006954
2025-05-01T10:30:29.230000,-0.002255
2025-05-01T10:30:29.240000,-0.012646
2025-05-01T10:30:29.250000,0.005613
2025-05-01T10:30:29.260000,0.003670
2025-05-01T10:30:29.270000,0.002804
2025-05-01T10:30:29.280000,-0.015663
2025-05-01T10:30:29.290000,0.007285
2025-05-01T10:30:29.300000,-0.001515
2025-05-01T10:30:29.310000,-0.016442
2025-05-01T10:30:29.320000,0.002028
2025-05-01T10:30:29.330000,0.017891
2025-05-01T10:30:29.340000,-0.010808
2025-05-01T10:30:29.350000,0.007476
2025-05-01T10:30:29.360000,0.003310
2025-05-01T10:30:29.370000,0.007828
2025-05-01T10:30:29.380000,-0.004156
2025-05-01T10:30:29.390000,-0.004216
2025-05-01T10:30:29.400000,0.006921
2025-05-01T10:30:29.410000,-0.013330
2025-05-01T10:30:29.420000,-0.011577
2025-05-01T10:30:29.430000,0.002803
2025-05-01T10:30:29.440000,-0.010628
2025-05-01T10:30:29.450000,0.001668
2025-05-01T10:30:29.460000,0.008643
2025-05-01T10:30:29.470000,-0.018601
2025-05-01T10:30:29.480000,-0.001125
2025-05-01T10:30:29.490000,-0.006834
2025-05-01T10:30:29.500000,-0.005124
2025-05-01T10:30:29.510000,-0.003237
2025-05-01T10:30:29.520000,0.004147
2025-05-01T10:30:29.530000,0.003079
2025-05-01T10:30:29.540000,-0.007514
2025-05-01T10:30:29.550000,0.007175
2025-05-01T10:30:29.560000,0.005266
2025-05-01T10:30:29.570000,0.000735
2025-05-01T10:30:29.580000,0.023068
2025-05-01T10:30:29.590000,-0.003801
2025-05-01T10:30:29.600000,-0.007623
2025-05-01T10:30:29.610000,0.013780
2025-05-01T10:30:29.620000,0.012617
2025-05-01T10:30:29.630000,-0.005620
2025-05-01T10:30:29.640000,0.018481
2025-05-01T10:30:29.650000,0.006712
2025-05-01T10:30:29.660000,0.018552
2025-05-01T10:30:29.670000,0.013816
2025-05-01T10:30:29.680000,-0.014839
2025-05-01T10:30:29.690000,-0.005410
2025-05-01T10:30:29.700000,0.011627
2025-05-01T10:30:29.710000,0.013536
2025-05-01T10:30:29.720000,0.000210
2025-05-01T10:30:29.730000,-0.010373
2025-05-01T10:30:29.740000,-0.007075
2025-05-01T10:30:29.750000,0.006914
2025-05-01T10:30:29.760000,-0.017086
2025-05-01T10:30:29.770000,0.003443
2025-05-01T10:30:29.780000,-0.012891
2025-05-01T10:30:29.790000,0.015979
2025-05-01T10:30:29.800000,0.019242
2025-05-01T10:30:29.810000,0.007124
2025-05-01T10:30:29.820000,-0.013754
2025-05-01T10:30:29.830000,-0.010200
2025-05-01T10:30:29.840000,-0.016049
2025-05-01T10:30:29.850000,0.008106
2025-05-01T10:30:29.860000,-0.008262
2025-05-01T10:30:29.870000,-0.019890
2025-05-01T10:30:29.880000,0.014841
2025-05-01T10:30:29.890000,-0.006205
2025-05-01T10:30:29.900000,-0.000709
2025-05-01T10:30:29.910000,0.007051
2025-05-01T10:30:29.920000,-0.005660
2025-05-01T10:30:29.930000,0.003000
2025-05-01T10:30:29.940000,0.004084
2025-05-01T10:30:29.950000,0.009899
2025-05-01T10:30:29.960000,-0.003642
2025-05-01T10:30:29.970000,0.010692
2025-05-01T10:30:29.980000,0.000658
2025-05-01T10:30:29.990000,-0.008974
2025-05-01T10:30:30,-0.003186
2025-05-01T10:30:30.010000,-0.006879
2025-05-01T10:30:30.020000,-0.011640
2025-05-01T10:30:30.030000,0.009480
2025-05-01T10:30:30.040000,-0.002290
2025-05-01T10:30:30.050000,0.006404
2025-05-01T10:30:30.060000,-0.005985
2025-05-01T10:30:30.070000,0.003895
2025-05-01T10:30:30.080000,-0.009442
2025-05-01T10:30:30.090000,0.006466
2025-05-01T10:30:30.100000,0.005445
2025-05-01T10:30:30.110000,0.005309
2025-05-01T10:30:30.120000,0.010301
2025-05-01T10:30:30.130000,-0.007424
2025-05-01T10:30:30.140000,0.023223
2025-05-01T10:30:30.150000,-0.002310
2025-05-01T10:30:30.160000,-0.004311
2025-05-01T10:30:30.170000,-0.016715
2025-05-01T10:30:30.180000,0.026097
2025-05-01T10:30:30.190000,0.005695
2025-05-01T10:30:30.200000,0.011544
2025-05-01T10:30:30.210000,-0.004490
2025-05-01T10:30:30.220000,-0.004659
2025-05-01T10:30:30.230000,-0.012569
2025-05-01T10:30:30.240000,0.012099
2025-05-01T10:30:30.250000,-0.000988
2025-05-01T10:30:30.260000,-0.003405
2025-05-01T10:30:30.270000,-0.007942
2025-05-01T10:30:30.280000,-0.007973
2025-05-01T10:30:30.290000,0.008759
2025-05-01T10:30:30.300000,-0.000544
2025-05-01T10:30:30.310000,0.008369
2025-05-01T10:30:30.320000,-0.012153
2025-05-01T10:30:30.330000,0.006356
2025-05-01T10:30:30.340000,0.026854
2025-05-01T10:30:30.350000,0.003919
2025-05-01T10:30:30.360000,-0.008402
2025-05-01T10:30:30.370000,-0.010280
2025-05-01T10:30:30.380000,0.003056
2025-05-01T10:30:30.390000,0.008114
2025-05-01T10:30:30.400000,0.003450
2025-05-01T10:30:30.410000,0.004051
2025-05-01T10:30:30.420000,-0.002095
2025-05-01T10:30:30.430000,0.008913
2025-05-01T10:30:30.440000,-0.002349
2025-05-01T10:30:30.450000,0.004308
2025-05-01T10:30:30.460000,-0.009769
2025-05-01T10:30:30.470000,0.018650
2025-05-01T10:30:30.480000,-0.001993
2025-05-01T10:30:30.490000,-0.017564
2025-05-01T10:30:30.500000,0.013307
2025-05-01T10:30:30.510000,-0.003565
2025-05-01T10:30:30.520000,0.009200
2025-05-01T10:30:30.530000,-0.003654
2025-05-01T10:30:30.540000,0.004791
2025-05-01T10:30:30.550000,0.000882
2025-05-01T10:30:30.560000,0.004752
2025-05-01T10:30:30.570000,0.018715
2025-05-01T10:30:30.580000,-0.015915
2025-05-01T10:30:30.590000,0.010370
2025-05-01T10:30:30.600000,0.004130
2025-05-01T10:30:30.610000,0.007191
2025-05-01T10:30:30.620000,0.010401
2025-05-01T10:30:30.630000,0.005797
2025-05-01T10:30:30.640000,-0.005500
2025-05-01T10:30:30.650000,-0.009257
2025-05-01T10:30:30.660000,0.005462
2025-05-01T10:30:30.670000,-0.009190
2025-05-01T10:30:30.680000,-0.005556
2025-05-01T10:30:30.690000,0.007928
2025-05-01T10:30:30.700000,-0.017670
2025-05-01T10:30:30.710000,-0.007061
2025-05-01T10:30:30.720000,0.010899
2025-05-01T10:30:30.730000,0.014442
2025-05-01T10:30:30.740000,-0.000887
2025-05-01T10:30:30.750000,-0.006672
2025-05-01T10:30:30.760000,0.009731
2025-05-01T10:30:30.770000,0.015922
2025-05-01T10:30:30.780000,0.000746
2025-05-01T10:30:30.790000,0.007713
2025-05-01T10:30:30.800000,-0.007081
2025-05-01T10:30:30.810000,0.003539
2025-05-01T10:30:30.820000,-0.011619
2025-05-01T10:30:30.830000,0.005729
2025-05-01T10:30:30.840000,-0.007854
2025-05-01T10:30:30.850000,0.014553
2025-05-01T10:30:30.860000,-0.002707
2025-05-01T10:30:30.870000,0.017267
2025-05-01T10:30:30.880000,0.008705
2025-05-01T10:30:30.890000,-0.009135
2025-05-01T10:30:30.900000,0.001516
2025-05-01T10:30:30.910000,0.001631
2025-05-01T10:30:30.920000,0.003620
2025-05-01T10:30:30.930000,-0.011124
2025-05-01T10:30:30.940000,-0.002304
2025-05-01T10:30:30.950000,-0.001016
2025-05-01T10:30:30.960000,0.002843
2025-05-01T10:30:30.970000,-0.007104
2025-05-01T10:30:30.980000,0.008785
2025-05-01T10:30:30.990000,0.006526
2025-05-01T10:30:31,-0.000660
2025-05-01T10:30:31.010000,0.004770
2025-05-01T10:30:31.020000,0.002526
2025-05-01T10:30:31.030000,0.004788
2025-05-01T10:30:31.040000,0.000579
2025-05-01T10:30:31.050000,0.015443
2025-05-01T10:30:31.060000,-0.004158
2025-05-01T10:30:31.070000,-0.003239
2025-05-01T10:30:31.080000,-0.004650
2025-05-01T10:30:31.090000,0.010752
2025-05-01T10:30:31.100000,-0.005774
2025-05-01T10:30:31.110000,0.009396
2025-05-01T10:30:31.120000,0.003302
2025-05-01T10:30:31.130000,-0.022277
2025-05-01T10:30:31.140000,0.004496
2025-05-01T10:30:31.150000,-0.006977
2025-05-01T10:30:31.160000,-0.005958
2025-05-01T10:30:31.170000,-0.005978
2025-05-01T10:30:31.180000,-0.012159
2025-05-01T10:30:31.190000,-0.020040
2025-05-01T10:30:31.200000,-0.009997
2025-05-01T10:30:31.210000,0.005795
2025-05-01T10:30:31.220000,-0.002674
2025-05-01T10:30:31.230000,0.005259
2025-05-01T10:30:31.240000,0.004600
2025-05-01T10:30:31.250000,0.013668
2025-05-01T10:30:31.260000,0.015407
2025-05-01T10:30:31.270000,-0.002126
2025-05-01T10:30:31.280000,0.003716
2025-05-01T10:30:31.290000,-0.011285
2025-05-01T10:30:31.300000,-0.025246
2025-05-01T10:30:31.310000,-0.001241
2025-05-01T10:30:31.320000,-0.003508
2025-05-01T10:30:31.330000,0.006473
2025-05-01T10:30:31.340000,0.005038
2025-05-01T10:30:31.350000,-0.002811
2025-05-01T10:30:31.360000,-0.007147
2025-05-01T10:30:31.370000,-0.000868
2025-05-01T10:30:31.380000,-0.009514
2025-05-01T10:30:31.390000,-0.007732
2025-05-01T10:30:31.400000,-0.003853
2025-05-01T10:30:31.410000,-0.017169
2025-05-01T10:30:31.420000,-0.002156
2025-05-01T10:30:31.430000,-0.007476
2025-05-01T10:30:31.440000,0.005388
2025-05-01T10:30:31.450000,0.007017
2025-05-01T10:30:31.460000,0.006915
2025-05-01T10:30:31.470000,0.001792
2025-05-01T10:30:31.480000,0.000215
2025-05-01T10:30:31.490000,0.016588
2025-05-01T10:30:31.500000,0.014645
2025-05-01T10:30:31.510000,-0.000145
2025-05-01T10:30:31.520000,-0.002400
2025-05-01T10:30:31.530000,0.018782
2025-05-01T10:30:31.540000,0.007486
2025-05-01T10:30:31.550000,0.015576
2025-05-01T10:30:31.560000,-0.013703
2025-05-01T10:30:31.570000,-0.001391
2025-05-01T10:30:31.580000,0.008560
2025-05-01T10:30:31.590000,0.006187
2025-05-01T10:30:31.600000,0.009791
2025-05-01T10:30:31.610000,-0.017626
2025-05-01T10:30:31.620000,-0.002737
2025-05-01T10:30:31.630000,-0.011963
2025-05-01T10:30:31.640000,0.004013
2025-05-01T10:30:31.650000,0.021372
2025-05-01T10:30:31.660000,0.014284
2025-05-01T10:30:31.670000,0.004074
2025-05-01T10:30:31.680000,0.002926
2025-05-01T10:30:31.690000,0.001968
2025-05-01T10:30:31.700000,-0.003925
2025-05-01T10:30:31.710000,-0.002834
2025-05-01T10:30:31.720000,0.003288
2025-05-01T10:30:31.730000,0.012537
2025-05-01T10:30:31.740000,-0.002545
2025-05-01T10:30:31.750000,-0.000768
2025-05-01T10:30:31.760000,0.024601
2025-05-01T10:30:31.770000,-0.026133
2025-05-01T10:30:31.780000,0.002773
2025-05-01T10:30:31.790000,-0.003369
2025-05-01T10:30:31.800000,-0.006839
2025-05-01T10:30:31.810000,-0.002999
2025-05-01T10:30:31.820000,0.011193
2025-05-01T10:30:31.830000,0.003011
2025-05-01T10:30:31.840000,-0.001077
2025-05-01T10:30:31.850000,-0.017485
2025-05-01T10:30:31.860000,0.000365
2025-05-01T10:30:31.870000,0.020925
2025-05-01T10:30:31.880000,0.000650
2025-05-01T10:30:31.890000,-0.002416
2025-05-01T10:30:31.900000,-0.006029
2025-05-01T10:30:31.910000,0.000743
2025-05-01T10:30:31.920000,0.005877
2025-05-01T10:30:31.930000,0.005802
2025-05-01T10:30:31.940000,-0.000798
2025-05-01T10:30:31.950000,0.005285
2025-05-01T10:30:31.960000,-0.011827
2025-05-01T10:30:31.970000,-0.002703
2025-05-01T10:30:31.980000,-0.016324
2025-05-01T10:30:31.990000,-0.007307
2025-05-01T10:30:32,-0.004922
2025-05-01T10:30:32.010000,0.004199
2025-05-01T10:30:32.020000,-0.008070
2025-05-01T10:30:32.030000,0.001044
2025-05-01T10:30:32.040000,0.009630
2025-05-01T10:30:32.050000,-0.005377
2025-05-01T10:30:32.060000,0.002169
2025-05-01T10:30:32.070000,0.027312
2025-05-01T10:30:32.080000,0.006224
2025-05-01T10:30:32.090000,-0.004922
2025-05-01T10:30:32.100000,0.008162
2025-05-01T10:30:32.110000,-0.010086
2025-05-01T10:30:32.120000,0.002346
2025-05-01T10:30:32.130000,0.012786
2025-05-01T10:30:32.140000,-0.006147
2025-05-01T10:30:32.150000,-0.004818
2025-05-01T10:30:32.160000,-0.007947
2025-05-01T10:30:32.170000,0.009706
2025-05-01T10:30:32.180000,-0.002364
2025-05-01T10:30:32.190000,0.004159
2025-05-01T10:30:32.200000,-0.000775
2025-05-01T10:30:32.210000,0.005937
2025-05-01T10:30:32.220000,-0.014439
2025-05-01T10:30:32.230000,0.006249
2025-05-01T10:30:32.240000,-0.002093
2025-05-01T10:30:32.250000,-0.002863
2025-05-01T10:30:32.260000,-0.000559
2025-05-01T10:30:32.270000,0.005469
2025-05-01T10:30:32.280000,-0.009854
2025-05-01T10:30:32.290000,0.008930
2025-05-01T10:30:32.300000,0.014124
2025-05-01T10:30:32.310000,-0.018884
2025-05-01T10:30:32.320000,-0.016096
2025-05-01T10:30:32.330000,0.007902
2025-05-01T10:30:32.340000,0.002652
2025-05-01T10:30:32.350000,0.003864
2025-05-01T10:30:32.360000,0.011346
2025-05-01T10:30:32.370000,0.004909
2025-05-01T10:30:32.380000,0.007190
2025-05-01T10:30:32.390000,-0.004183
2025-05-01T10:30:32.400000,0.001788
2025-05-01T10:30:32.410000,0.019467
2025-05-01T10:30:32.420000,0.002641
2025-05-01T10:30:32.430000,0.000240
2025-05-01T10:30:32.440000,-0.002252
2025-05-01T10:30:32.450000,0.004186
2025-05-01T10:30:32.460000,0.001540
2025-05-01T10:30:32.470000,-0.018976
2025-05-01T10:30:32.480000,0.002238
2025-05-01T10:30:32.490000,-0.001108
2025-05-01T10:30:32.500000,0.008522
2025-05-01T10:30:32.510000,0.009105
2025-05-01T10:30:32.520000,0.002674
2025-05-01T10:30:32.530000,-0.005201
2025-05-01T10:30:32.540000,0.000074
2025-05-01T10:30:32.550000,-0.010135
2025-05-01T10:30:32.560000,0.002942
2025-05-01T10:30:32.570000,0.007467
2025-05-01T10:30:32.580000,0.004999
2025-05-01T10:30:32.590000,-0.004846
2025-05-01T10:30:32.600000,0.011805
2025-05-01T10:30:32.610000,-0.001559
2025-05-01T10:30:32.620000,-0.008689
2025-05-01T10:30:32.630000,-0.006502
2025-05-01T10:30:32.640000,0.000302
2025-05-01T10:30:32.650000,0.009506
2025-05-01T10:30:32.660000,-0.003516
2025-05-01T10:30:32.670000,-0.006671
2025-05-01T10:30:32.680000,-0.003774
2025-05-01T10:30:32.690000,0.011001
2025-05-01T10:30:32.700000,0.015258
2025-05-01T10:30:32.710000,-0.009786
2025-05-01T10:30:32.720000,0.005101
2025-05-01T10:30:32.730000,-0.004259
2025-05-01T10:30:32.740000,-0.016029
2025-05-01T10:30:32.750000,0.015543
2025-05-01T10:30:32.760000,0.020786
2025-05-01T10:30:32.770000,-0.002160
2025-05-01T10:30:32.780000,-0.007601
2025-05-01T10:30:32.790000,-0.011244
2025-05-01T10:30:32.800000,0.022698
2025-05-01T10:30:32.810000,-0.005545
2025-05-01T10:30:32.820000,0.003199
2025-05-01T10:30:32.830000,0.002038
2025-05-01T10:30:32.840000,0.000842
2025-05-01T10:30:32.850000,0.019037
2025-05-01T10:30:32.860000,0.001986
2025-05-01T10:30:32.870000,0.010281
2025-05-01T10:30:32.880000,-0.009726
2025-05-01T10:30:32.890000,0.003414
2025-05-01T10:30:32.900000,0.000957
2025-05-01T10:30:32.910000,0.012265
2025-05-01T10:30:32.920000,-0.006439
2025-05-01T10:30:32.930000,0.012912
2025-05-01T10:30:32.940000,-0.006960
2025-05-01T10:30:32.950000,-0.004277
2025-05-01T10:30:32.960000,-0.004243
2025-05-01T10:30:32.970000,0.002206
2025-05-01T10:30:32.980000,-0.003604
2025-05-01T10:30:32.990000,-0.011428
2025-05-01T10:30:33,-0.006489
2025-05-01T10:30:33.010000,-0.008359
2025-05-01T10:30:33.020000,0.001439
2025-05-01T10:30:33.030000,0.004285
2025-05-01T10:30:33.040000,0.008229
2025-05-01T10:30:33.050000,0.000227
2025-05-01T10:30:33.060000,-0.012970
2025-05-01T10:30:33.070000,-0.006982
2025-05-01T10:30:33.080000,-0.003049
2025-05-01T10:30:33.090000,-0.002679
2025-05-01T10:30:33.100000,0.001052
2025-05-01T10:30:33.110000,0.001999
2025-05-01T10:30:33.120000,-0.002429
2025-05-01T10:30:33.130000,-0.006370
2025-05-01T10:30:33.140000,0.019827
2025-05-01T10:30:33.150000,-0.000877
2025-05-01T10:30:33.160000,-0.002133
2025-05-01T10:30:33.170000,0.018490
2025-05-01T10:30:33.180000,-0.011955
2025-05-01T10:30:33.190000,0.009605
2025-05-01T10:30:33.200000,0.003048
2025-05-01T10:30:33.210000,-0.004109
2025-05-01T10:30:33.220000,-0.001904
2025-05-01T10:30:33.230000,-0.000017
2025-05-01T10:30:33.240000,-0.010763
2025-05-01T10:30:33.250000,-0.000672
2025-05-01T10:30:33.260000,-0.005700
2025-05-01T10:30:33.270000,0.012283
2025-05-01T10:30:33.280000,-0.010403
2025-05-01T10:30:33.290000,-0.002520
2025-05-01T10:30:33.300000,0.002304
2025-05-01T10:30:33.310000,-0.001894
2025-05-01T10:30:33.320000,0.014150
2025-05-01T10:30:33.330000,0.001128
2025-05-01T10:30:33.340000,0.000487
2025-05-01T10:30:33.350000,-0.002349
2025-05-01T10:30:33.360000,0.006652
2025-05-01T10:30:33.370000,-0.003315
2025-05-01T10:30:33.380000,0.000397
2025-05-01T10:30:33.390000,0.005058
2025-05-01T10:30:33.400000,0.000335
2025-05-01T10:30:33.410000,-0.015666
2025-05-01T10:30:33.420000,-0.006730
2025-05-01T10:30:33.430000,0.003897
2025-05-01T10:30:33.440000,-0.008395
2025-05-01T10:30:33.450000,-0.003950
2025-05-01T10:30:33.460000,0.000976
2025-05-01T10:30:33.470000,0.003185
2025-05-01T10:30:33.480000,0.008235
2025-05-01T10:30:33.490000,-0.004703
2025-05-01T10:30:33.500000,-0.013793
2025-05-01T10:30:33.510000,-0.012868
2025-05-01T10:30:33.520000,-0.003111
2025-05-01T10:30:33.530000,0.011093
2025-05-01T10:30:33.540000,-0.002082
2025-05-01T10:30:33.550000,-0.011694
2025-05-01T10:30:33.560000,0.002009
2025-05-01T10:30:33.570000,-0.009406
2025-05-01T10:30:33.580000,0.001720
2025-05-01T10:30:33.590000,-0.003841
2025-05-01T10:30:33.600000,0.005724
2025-05-01T10:30:33.610000,0.002352
2025-05-01T10:30:33.620000,-0.001126
2025-05-01T10:30:33.630000,-0.009443
2025-05-01T10:30:33.640000,-0.006890
2025-05-01T10:30:33.650000,0.011415
2025-05-01T10:30:33.660000,0.006780
2025-05-01T10:30:33.670000,0.002548
2025-05-01T10:30:33.680000,-0.016221
2025-05-01T10:30:33.690000,-0.009158
2025-05-01T10:30:33.700000,-0.010206
2025-05-01T10:30:33.710000,0.011074
2025-05-01T10:30:33.720000,-0.015349
2025-05-01T10:30:33.730000,-0.006110
2025-05-01T10:30:33.740000,-0.006688
2025-05-01T10:30:33.750000,0.005414
2025-05-01T10:30:33.760000,-0.006177
2025-05-01T10:30:33.770000,-0.017487
2025-05-01T10:30:33.780000,-0.000422
2025-05-01T10:30:33.790000,-0.005355
2025-05-01T10:30:33.800000,-0.009970
2025-05-01T10:30:33.810000,0.022329
2025-05-01T10:30:33.820000,-0.004245
2025-05-01T10:30:33.830000,0.004858
2025-05-01T10:30:33.840000,0.006817
2025-05-01T10:30:33.850000,-0.003700
2025-05-01T10:30:33.860000,0.001652
2025-05-01T10:30:33.870000,0.007455
2025-05-01T10:30:33.880000,0.003508
2025-05-01T10:30:33.890000,-0.010593
2025-05-01T10:30:33.900000,-0.006438
2025-05-01T10:30:33.910000,-0.010530
2025-05-01T10:30:33.920000,0.013573
2025-05-01T10:30:33.930000,-0.005948
2025-05-01T10:30:33.940000,-0.001486
2025-05-01T10:30:33.950000,0.006410
2025-05-01T10:30:33.960000,-0.003688
2025-05-01T10:30:33.970000,-0.003136
2025-05-01T10:30:33.980000,0.014317
2025-05-01T10:30:33.990000,0.020071
2025-05-01T10:30:34,0.020662
2025-05-01T10:30:34.010000,0.004488
2025-05-01T10:30:34.020000,0.016011
2025-05-01T10:30:34.030000,0.019387
2025-05-01T10:30:34.040000,0.003477
2025-05-01T10:30:34.050000,-0.009166
2025-05-01T10:30:34.060000,-0.000892
2025-05-01T10:30:34.070000,0.000364
2025-05-01T10:30:34.080000,-0.007669
2025-05-01T10:30:34.090000,-0.007845
2025-05-01T10:30:34.100000,-0.007597
2025-05-01T10:30:34.110000,0.022075
2025-05-01T10:30:34.120000,0.005280
2025-05-01T10:30:34.130000,0.011510
2025-05-01T10:30:34.140000,-0.017637
2025-05-01T10:30:34.150000,-0.002827
2025-05-01T10:30:34.160000,-0.004817
2025-05-01T10:30:34.170000,0.011151
2025-05-01T10:30:34.180000,-0.004652
2025-05-01T10:30:34.190000,-0.001819
2025-05-01T10:30:34.200000,0.006022
2025-05-01T10:30:34.210000,0.005686
2025-05-01T10:30:34.220000,-0.018162
2025-05-01T10:30:34.230000,0.001858
2025-05-01T10:30:34.240000,0.009816
2025-05-01T10:30:34.250000,-0.005854
2025-05-01T10:30:34.260000,0.001740
2025-05-01T10:30:34.270000,-0.008919
2025-05-01T10:30:34.280000,0.006065
2025-05-01T10:30:34.290000,0.006779
2025-05-01T10:30:34.300000,0.004186
2025-05-01T10:30:34.310000,0.002999
2025-05-01T10:30:34.320000,0.002133
2025-05-01T10:30:34.330000,-0.008862
2025-05-01T10:30:34.340000,-0.007116
2025-05-01T10:30:34.350000,-0.006678
2025-05-01T10:30:34.360000,0.005185
2025-05-01T10:30:34.370000,-0.002581
2025-05-01T10:30:34.380000,0.007459
2025-05-01T10:30:34.390000,0.010322
2025-05-01T10:30:34.400000,-0.002585
2025-05-01T10:30:34.410000,0.007642
2025-05-01T10:30:34.420000,0.002379
2025-05-01T10:30:34.430000,-0.008380
2025-05-01T10:30:34.440000,0.007362
2025-05-01T10:30:34.450000,-0.007278
2025-05-01T10:30:34.460000,0.017904
2025-05-01T10:30:34.470000,-0.000610
2025-05-01T10:30:34.480000,-0.014354
2025-05-01T10:30:34.490000,-0.005572
2025-05-01T10:30:34.500000,0.013584
2025-05-01T10:30:34.510000,-0.000884
2025-05-01T10:30:34.520000,0.005374
2025-05-01T10:30:34.530000,-0.005199
2025-05-01T10:30:34.540000,-0.015370
2025-05-01T10:30:34.550000,0.002102
2025-05-01T10:30:34.560000,-0.010540
2025-05-01T10:30:34.570000,-0.001775
2025-05-01T10:30:34.580000,0.013055
2025-05-01T10:30:34.590000,0.008085
2025-05-01T10:30:34.600000,-0.006313
2025-05-01T10:30:34.610000,0.011949
2025-05-01T10:30:34.620000,-0.001989
2025-05-01T10:30:34.630000,0.018360
2025-05-01T10:30:34.640000,-0.002322
2025-05-01T10:30:34.650000,0.005181
2025-05-01T10:30:34.660000,-0.019007
2025-05-01T10:30:34.670000,-0.004428
2025-05-01T10:30:34.680000,-0.001258
2025-05-01T10:30:34.690000,-0.002504
2025-05-01T10:30:34.700000,-0.009939
2025-05-01T10:30:34.710000,0.002574
2025-05-01T10:30:34.720000,0.003828
2025-05-01T10:30:34.730000,0.006905
2025-05-01T10:30:34.740000,-0.002698
2025-05-01T10:30:34.750000,0.000660
2025-05-01T10:30:34.760000,-0.007318
2025-05-01T10:30:34.770000,0.002719
2025-05-01T10:30:34.780000,0.007096
2025-05-01T10:30:34.790000,-0.013248
2025-05-01T10:30:34.800000,-0.005384
2025-05-01T10:30:34.810000,0.005558
2025-05-01T10:30:34.820000,-0.003944
2025-05-01T10:30:34.830000,-0.007544
2025-05-01T10:30:34.840000,0.008058
2025-05-01T10:30:34.850000,0.012317
2025-05-01T10:30:34.860000,0.003574
2025-05-01T10:30:34.870000,-0.007335
2025-05-01T10:30:34.880000,0.019897
2025-05-01T10:30:34.890000,0.008571
2025-05-01T10:30:34.900000,-0.013248
2025-05-01T10:30:34.910000,-0.003086
2025-05-01T10:30:34.920000,-0.001711
2025-05-01T10:30:34.930000,-0.008849
2025-05-01T10:30:34.940000,0.012744
2025-05-01T10:30:34.950000,-0.008649
2025-05-01T10:30:34.960000,0.002897
2025-05-01T10:30:34.970000,-0.014089
2025-05-01T10:30:34.980000,-0.002801
2025-05-01T10:30:34.990000,0.003658
2025-05-01T10:30:35,-0.002991
2025-05-01T10:30:35.010000,0.011135
2025-05-01T10:30:35.020000,0.000282
2025-05-01T10:30:35.030000,-0.004649
2025-05-01T10:30:35.040000,0.012809
2025-05-01T10:30:35.050000,0.009233
2025-05-01T10:30:35.060000,0.021164
2025-05-01T10:30:35.070000,-0.012835
2025-05-01T10:30:35.080000,-0.004668
2025-05-01T10:30:35.090000,-0.011071
2025-05-01T10:30:35.100000,0.001113
2025-05-01T10:30:35.110000,-0.015110
2025-05-01T10:30:35.120000,0.008559
2025-05-01T10:30:35.130000,0.001686
2025-05-01T10:30:35.140000,0.008739
2025-05-01T10:30:35.150000,-0.000386
2025-05-01T10:30:35.160000,0.012667
2025-05-01T10:30:35.170000,-0.009313
2025-05-01T10:30:35.180000,0.012034
2025-05-01T10:30:35.190000,-0.007243
2025-05-01T10:30:35.200000,-0.005293
2025-05-01T10:30:35.210000,-0.004555
2025-05-01T10:30:35.220000,0.008376
2025-05-01T10:30:35.230000,0.007273
2025-05-01T10:30:35.240000,0.014995
2025-05-01T10:30:35.250000,-0.006910
2025-05-01T10:30:35.260000,-0.000339
2025-05-01T10:30:35.270000,-0.000194
2025-05-01T10:30:35.280000,-0.002452
2025-05-01T10:30:35.290000,0.022317
2025-05-01T10:30:35.300000,-0.009318
2025-05-01T10:30:35.310000,-0.007406
2025-05-01T10:30:35.320000,-0.008771
2025-05-01T10:30:35.330000,0.017986
2025-05-01T10:30:35.340000,0.003215
2025-05-01T10:30:35.350000,0.010367
2025-05-01T10:30:35.360000,0.016684
2025-05-01T10:30:35.370000,0.002033
2025-05-01T10:30:35.380000,-0.002622
2025-05-01T10:30:35.390000,-0.020556
2025-05-01T10:30:35.400000,-0.003991
2025-05-01T10:30:35.410000,0.025736
2025-05-01T10:30:35.420000,0.002835
2025-05-01T10:30:35.430000,0.004115
2025-05-01T10:30:35.440000,-0.003527
2025-05-01T10:30:35.450000,-0.012345
2025-05-01T10:30:35.460000,-0.008326
2025-05-01T10:30:35.470000,0.000735
2025-05-01T10:30:35.480000,0.004943
2025-05-01T10:30:35.490000,0.021546
2025-05-01T10:30:35.500000,0.004260
2025-05-01T10:30:35.510000,-0.008020
2025-05-01T10:30:35.520000,-0.003367
2025-05-01T10:30:35.530000,-0.002739
2025-05-01T10:30:35.540000,0.014709
2025-05-01T10:30:35.550000,-0.000926
2025-05-01T10:30:35.560000,0.014521
2025-05-01T10:30:35.570000,0.008879
2025-05-01T10:30:35.580000,-0.007730
2025-05-01T10:30:35.590000,0.014912
2025-05-01T10:30:35.600000,0.002725
2025-05-01T10:30:35.610000,-0.002269
2025-05-01T10:30:35.620000,0.023489
2025-05-01T10:30:35.630000,-0.011778
2025-05-01T10:30:35.640000,-0.002007
2025-05-01T10:30:35.650000,-0.008268
2025-05-01T10:30:35.660000,0.000132
2025-05-01T10:30:35.670000,-0.005389
2025-05-01T10:30:35.680000,-0.005810
2025-05-01T10:30:35.690000,0.002607
2025-05-01T10:30:35.700000,-0.017904
2025-05-01T10:30:35.710000,-0.014440
2025-05-01T10:30:35.720000,-0.005352
2025-05-01T10:30:35.730000,-0.005868
2025-05-01T10:30:35.740000,0.009287
2025-05-01T10:30:35.750000,-0.008544
2025-05-01T10:30:35.760000,-0.001842
2025-05-01T10:30:35.770000,-0.001722
2025-05-01T10:30:35.780000,0.004793
2025-05-01T10:30:35.790000,-0.013025
2025-05-01T10:30:35.800000,-0.009982
2025-05-01T10:30:35.810000,0.003825
2025-05-01T10:30:35.820000,0.004372
2025-05-01T10:30:35.830000,0.009095
2025-05-01T10:30:35.840000,-0.020479
2025-05-01T10:30:35.850000,0.007543
2025-05-01T10:30:35.860000,-0.011268
2025-05-01T10:30:35.870000,0.007102
2025-05-01T10:30:35.880000,0.007216
2025-05-01T10:30:35.890000,-0.016453
2025-05-01T10:30:35.900000,-0.022105
2025-05-01T10:30:35.910000,0.006891
2025-05-01T10:30:35.920000,-0.007247
2025-05-01T10:30:35.930000,0.002791
2025-05-01T10:30:35.940000,-0.007115
2025-05-01T10:30:35.950000,-0.001398
2025-05-01T10:30:35.960000,0.018677
2025-05-01T10:30:35.970000,-0.011404
2025-05-01T10:30:35.980000,-0.001528
2025-05-01T10:30:35.990000,0.005764
2025-05-01T10:30:36,0.008898
2025-05-01T10:30:36.010000,-0.021856
2025-05-01T10:30:36.020000,0.004570
2025-05-01T10:30:36.030000,0.001543
2025-05-01T10:30:36.040000,0.003940
2025-05-01T10:30:36.050000,-0.003626
2025-05-01T10:30:36.060000,-0.012528
2025-05-01T10:30:36.070000,0.005528
2025-05-01T10:30:36.080000,-0.014491
2025-05-01T10:30:36.090000,-0.004883
2025-05-01T10:30:36.100000,-0.007427
2025-05-01T10:30:36.110000,0.003942
2025-05-01T10:30:36.120000,0.006721
2025-05-01T10:30:36.130000,0.000707
2025-05-01T10:30:36.140000,-0.009050
2025-05-01T10:30:36.150000,0.005647
2025-05-01T10:30:36.160000,-0.003218
2025-05-01T10:30:36.170000,-0.009666
2025-05-01T10:30:36.180000,-0.008881
2025-05-01T10:30:36.190000,-0.011749
2025-05-01T10:30:36.200000,0.003774
2025-05-01T10:30:36.210000,-0.006241
2025-05-01T10:30:36.220000,-0.007452
2025-05-01T10:30:36.230000,0.000167
2025-05-01T10:30:36.240000,-0.003981
2025-05-01T10:30:36.250000,0.005375
2025-05-01T10:30:36.260000,0.020077
2025-05-01T10:30:36.270000,-0.010720
2025-05-01T10:30:36.280000,-0.006880
2025-05-01T10:30:36.290000,-0.021306
2025-05-01T10:30:36.300000,0.002622
2025-05-01T10:30:36.310000,0.012961
2025-05-01T10:30:36.320000,0.000750
2025-05-01T10:30:36.330000,-0.004528
2025-05-01T10:30:36.340000,-0.019817
2025-05-01T10:30:36.350000,-0.019065
2025-05-01T10:30:36.360000,-0.013302
2025-05-01T10:30:36.370000,0.009595
2025-05-01T10:30:36.380000,-0.026716
2025-05-01T10:30:36.390000,0.009707
2025-05-01T10:30:36.400000,-0.010422
2025-05-01T10:30:36.410000,0.006746
2025-05-01T10:30:36.420000,0.001368
2025-05-01T10:30:36.430000,-0.013021
2025-05-01T10:30:36.440000,-0.006199
2025-05-01T10:30:36.450000,-0.017431
2025-05-01T10:30:36.460000,-0.002714
2025-05-01T10:30:36.470000,0.016139
2025-05-01T10:30:36.480000,-0.015187
2025-05-01T10:30:36.490000,-0.004567
2025-05-01T10:30:36.500000,-0.001974
2025-05-01T10:30:36.510000,-0.008198
2025-05-01T10:30:36.520000,0.004405
2025-05-01T10:30:36.530000,-0.017571
2025-05-01T10:30:36.540000,0.002421
2025-05-01T10:30:36.550000,-0.012700
2025-05-01T10:30:36.560000,0.007496
2025-05-01T10:30:36.570000,0.005766
2025-05-01T10:30:36.580000,-0.012167
2025-05-01T10:30:36.590000,-0.010519
2025-05-01T10:30:36.600000,0.000471
2025-05-01T10:30:36.610000,0.001817
2025-05-01T10:30:36.620000,-0.002828
2025-05-01T10:30:36.630000,-0.004318
2025-05-01T10:30:36.640000,-0.001518
2025-05-01T10:30:36.650000,0.006963
2025-05-01T10:30:36.660000,-0.003583
2025-05-01T10:30:36.670000,-0.013238
2025-05-01T10:30:36.680000,-0.007658
2025-05-01T10:30:36.690000,0.004439
2025-05-01T10:30:36.700000,-0.000053
2025-05-01T10:30:36.710000,-0.009399
2025-05-01T10:30:36.720000,0.001017
2025-05-01T10:30:36.730000,0.010473
2025-05-01T10:30:36.740000,-0.010068
2025-05-01T10:30:36.750000,-0.009637
2025-05-01T10:30:36.760000,-0.011473
2025-05-01T10:30:36.770000,0.006282
2025-05-01T10:30:36.780000,0.017391
2025-05-01T10:30:36.790000,-0.009309
2025-05-01T10:30:36.800000,0.006226
2025-05-01T10:30:36.810000,0.002495
2025-05-01T10:30:36.820000,0.009442
2025-05-01T10:30:36.830000,0.001106
2025-05-01T10:30:36.840000,0.007784
2025-05-01T10:30:36.850000,-0.003231
2025-05-01T10:30:36.860000,-0.005749
2025-05-01T10:30:36.870000,-0.000682
2025-05-01T10:30:36.880000,-0.016148
2025-05-01T10:30:36.890000,0.010304
2025-05-01T10:30:36.900000,0.012655
2025-05-01T10:30:36.910000,-0.008126
2025-05-01T10:30:36.920000,0.008090
2025-05-01T10:30:36.930000,-0.001955
2025-05-01T10:30:36.940000,-0.009801
2025-05-01T10:30:36.950000,-0.000543
2025-05-01T10:30:36.960000,0.010202
2025-05-01T10:30:36.970000,0.005265
2025-05-01T10:30:36.980000,0.001865
2025-05-01T10:30:36.990000,0.014865
2025-05-01T10:30:37,-0.005153
2025-05-01T10:30:37.010000,0.014448
2025-05-01T10:30:37.020000,-0.009195
2025-05-01T10:30:37.030000,0.015943
2025-05-01T10:30:37.040000,0.001496
2025-05-01T10:30:37.050000,0.004050
2025-05-01T10:30:37.060000,0.012158
2025-05-01T10:30:37.070000,0.005296
2025-05-01T10:30:37.080000,0.002916
2025-05-01T10:30:37.090000,-0.006969
2025-05-01T10:30:37.100000,0.009002
2025-05-01T10:30:37.110000,0.012186
2025-05-01T10:30:37.120000,0.008026
2025-05-01T10:30:37.130000,-0.001527
2025-05-01T10:30:37.140000,0.022537
2025-05-01T10:30:37.150000,-0.000414
2025-05-01T10:30:37.160000,-0.001898
2025-05-01T10:30:37.170000,-0.015988
2025-05-01T10:30:37.180000,-0.003647
2025-05-01T10:30:37.190000,0.007212
2025-05-01T10:30:37.200000,0.014350
2025-05-01T10:30:37.210000,0.005359
2025-05-01T10:30:37.220000,0.005565
2025-05-01T10:30:37.230000,-0.017892
2025-05-01T10:30:37.240000,-0.003855
2025-05-01T10:30:37.250000,-0.004583
2025-05-01T10:30:37.260000,0.007138
2025-05-01T10:30:37.270000,-0.007716
2025-05-01T10:30:37.280000,-0.015762
2025-05-01T10:30:37.290000,0.012744
2025-05-01T10:30:37.300000,0.014078
2025-05-01T10:30:37.310000,-0.001536
2025-05-01T10:30:37.320000,-0.009556
2025-05-01T10:30:37.330000,-0.006222
2025-05-01T10:30:37.340000,0.001425
2025-05-01T10:30:37.350000,-0.006208
2025-05-01T10:30:37.360000,-0.004257
2025-05-01T10:30:37.370000,0.004552
2025-05-01T10:30:37.380000,0.007681
2025-05-01T10:30:37.390000,0.001510
2025-05-01T10:30:37.400000,0.006879
2025-05-01T10:30:37.410000,-0.013028
2025-05-01T10:30:37.420000,0.013313
2025-05-01T10:30:37.430000,-0.005928
2025-05-01T10:30:37.440000,0.004465
2025-05-01T10:30:37.450000,0.005923
2025-05-01T10:30:37.460000,0.001113
2025-05-01T10:30:37.470000,-0.009838
2025-05-01T10:30:37.480000,-0.014541
2025-05-01T10:30:37.490000,0.001614
2025-05-01T10:30:37.500000,-0.031055
2025-05-01T10:30:37.510000,-0.022184
2025-05-01T10:30:37.520000,0.003297
2025-05-01T10:30:37.530000,0.003494
2025-05-01T10:30:37.540000,-0.005485
2025-05-01T10:30:37.550000,0.015862
2025-05-01T10:30:37.560000,0.002107
2025-05-01T10:30:37.570000,0.013777
2025-05-01T10:30:37.580000,0.008118
2025-05-01T10:30:37.590000,-0.016060
2025-05-01T10:30:37.600000,0.006465
2025-05-01T10:30:37.610000,0.004010
2025-05-01T10:30:37.620000,-0.004058
2025-05-01T10:30:37.630000,0.015002
2025-05-01T10:30:37.640000,0.000669
2025-05-01T10:30:37.650000,0.015042
2025-05-01T10:30:37.660000,0.009110
2025-05-01T10:30:37.670000,-0.009216
2025-05-01T10:30:37.680000,0.007366
2025-05-01T10:30:37.690000,0.001245
2025-05-01T10:30:37.700000,0.022423
2025-05-01T10:30:37.710000,0.019170
2025-05-01T10:30:37.720000,-0.017376
2025-05-01T10:30:37.730000,0.008648
2025-05-01T10:30:37.740000,0.004833
2025-05-01T10:30:37.750000,-0.004914
2025-05-01T10:30:37.760000,-0.004392
2025-05-01T10:30:37.770000,-0.008123
2025-05-01T10:30:37.780000,0.001279
2025-05-01T10:30:37.790000,0.006304
2025-05-01T10:30:37.800000,-0.006553
2025-05-01T10:30:37.810000,-0.002599
2025-05-01T10:30:37.820000,-0.010542
2025-05-01T10:30:37.830000,0.009005
2025-05-01T10:30:37.840000,0.000971
2025-05-01T10:30:37.850000,-0.006861
2025-05-01T10:30:37.860000,0.007122
2025-05-01T10:30:37.870000,-0.005537
2025-05-01T10:30:37.880000,0.012244
2025-05-01T10:30:37.890000,0.001346
2025-05-01T10:30:37.900000,-0.012320
2025-05-01T10:30:37.910000,-0.000136
2025-05-01T10:30:37.920000,0.013720
2025-05-01T10:30:37.930000,-0.004251
2025-05-01T10:30:37.940000,-0.000968
2025-05-01T10:30:37.950000,-0.011667
2025-05-01T10:30:37.960000,0.008018
2025-05-01T10:30:37.970000,-0.007466
2025-05-01T10:30:37.980000,0.005811
2025-05-01T10:30:37.990000,-0.005993
2025-05-01T10:30:38,0.005906
2025-05-01T10:30:38.010000,0.007301
2025-05-01T10:30:38.020000,-0.018461
2025-05-01T10:30:38.030000,-0.003821
2025-05-01T10:30:38.040000,-0.014529
2025-05-01T10:30:38.050000,-0.015844
2025-05-01T10:30:38.060000,0.001391
2025-05-01T10:30:38.070000,-0.003073
2025-05-01T10:30:38.080000,0.009014
2025-05-01T10:30:38.090000,0.017339
2025-05-01T10:30:38.100000,0.002602
2025-05-01T10:30:38.110000,0.004826
2025-05-01T10:30:38.120000,0.009784
2025-05-01T10:30:38.130000,0.018900
2025-05-01T10:30:38.140000,-0.003613
2025-05-01T10:30:38.150000,0.006571
2025-05-01T10:30:38.160000,0.007108
2025-05-01T10:30:38.170000,0.005781
2025-05-01T10:30:38.180000,0.012132
2025-05-01T10:30:38.190000,-0.007909
2025-05-01T10:30:38.200000,0.009643
2025-05-01T10:30:38.210000,0.010790
2025-05-01T10:30:38.220000,-0.000909
2025-05-01T10:30:38.230000,-0.001808
2025-05-01T10:30:38.240000,-0.003453
2025-05-01T10:30:38.250000,0.003070
2025-05-01T10:30:38.260000,-0.010007
2025-05-01T10:30:38.270000,0.007621
2025-05-01T10:30:38.280000,-0.002461
2025-05-01T10:30:38.290000,-0.027476
2025-05-01T10:30:38.300000,0.009459
2025-05-01T10:30:38.310000,0.014764
2025-05-01T10:30:38.320000,-0.000691
2025-05-01T10:30:38.330000,0.019322
2025-05-01T10:30:38.340000,-0.000344
2025-05-01T10:30:38.350000,-0.001041
2025-05-01T10:30:38.360000,-0.019431
2025-05-01T10:30:38.370000,0.004529
2025-05-01T10:30:38.380000,0.005002
2025-05-01T10:30:38.390000,-0.021459
2025-05-01T10:30:38.400000,0.003282
2025-05-01T10:30:38.410000,0.003582
2025-05-01T10:30:38.420000,0.004414
2025-05-01T10:30:38.430000,0.015535
2025-05-01T10:30:38.440000,0.013894
2025-05-01T10:30:38.450000,0.002551
2025-05-01T10:30:38.460000,-0.001906
2025-05-01T10:30:38.470000,-0.014346
2025-05-01T10:30:38.480000,0.002233
2025-05-01T10:30:38.490000,0.023025
2025-05-01T10:30:38.500000,-0.015779
2025-05-01T10:30:38.510000,-0.000922
2025-05-01T10:30:38.520000,0.011758
2025-05-01T10:30:38.530000,0.003044
2025-05-01T10:30:38.540000,-0.001767
2025-05-01T10:30:38.550000,-0.000170
2025-05-01T10:30:38.560000,-0.005298
2025-05-01T10:30:38.570000,-0.002303
2025-05-01T10:30:38.580000,-0.013849
2025-05-01T10:30:38.590000,0.013068
2025-05-01T10:30:38.600000,-0.005726
2025-05-01T10:30:38.610000,0.003873
2025-05-01T10:30:38.620000,0.001274
2025-05-01T10:30:38.630000,0.010008
2025-05-01T10:30:38.640000,0.011126
2025-05-01T10:30:38.650000,-0.000968
2025-05-01T10:30:38.660000,0.010620
2025-05-01T10:30:38.670000,-0.023943
2025-05-01T10:30:38.680000,0.005347
2025-05-01T10:30:38.690000,-0.003597
2025-05-01T10:30:38.700000,-0.007049
2025-05-01T10:30:38.710000,0.011997
2025-05-01T10:30:38.720000,-0.004355
2025-05-01T10:30:38.730000,0.023443
2025-05-01T10:30:38.740000,0.010299
2025-05-01T10:30:38.750000,-0.003572
2025-05-01T10:30:38.760000,0.015830
2025-05-01T10:30:38.770000,0.001170
2025-05-01T10:30:38.780000,0.006786
2025-05-01T10:30:38.790000,-0.003805
2025-05-01T10:30:38.800000,-0.002406
2025-05-01T10:30:38.810000,-0.012913
2025-05-01T10:30:38.820000,-0.007738
2025-05-01T10:30:38.830000,0.003697
2025-05-01T10:30:38.840000,-0.006328
2025-05-01T10:30:38.850000,-0.006941
2025-05-01T10:30:38.860000,-0.012350
2025-05-01T10:30:38.870000,-0.006547
2025-05-01T10:30:38.880000,-0.007073
2025-05-01T10:30:38.890000,0.010972
2025-05-01T10:30:38.900000,-0.005477
2025-05-01T10:30:38.910000,0.013040
2025-05-01T10:30:38.920000,0.020766
2025-05-01T10:30:38.930000,0.008027
2025-05-01T10:30:38.940000,-0.008919
2025-05-01T10:30:38.950000,-0.020724
2025-05-01T10:30:38.960000,0.003428
2025-05-01T10:30:38.970000,0.012497
2025-05-01T10:30:38.980000,-0.002069
2025-05-01T10:30:38.990000,-0.002822
2025-05-01T10:30:39,-0.004834
2025-05-01T10:30:39.010000,0.010085
2025-05-01T10:30:39.020000,0.001267
2025-05-01T10:30:39.030000,0.011205
2025-05-01T10:30:39.040000,-0.014179
2025-05-01T10:30:39.050000,0.027243
2025-05-01T10:30:39.060000,-0.002135
2025-05-01T10:30:39.070000,0.004879
2025-05-01T10:30:39.080000,-0.019692
2025-05-01T10:30:39.090000,-0.002039
2025-05-01T10:30:39.100000,-0.008620
2025-05-01T10:30:39.110000,0.006446
2025-05-01T10:30:39.120000,0.003374
2025-05-01T10:30:39.130000,0.007948
2025-05-01T10:30:39.140000,-0.011823
2025-05-01T10:30:39.150000,-0.008837
2025-05-01T10:30:39.160000,0.006269
2025-05-01T10:30:39.170000,-0.000923
2025-05-01T10:30:39.180000,-0.018677
2025-05-01T10:30:39.190000,-0.003713
2025-05-01T10:30:39.200000,0.007181
2025-05-01T10:30:39.210000,-0.000925
2025-05-01T10:30:39.220000,-0.001626
2025-05-01T10:30:39.230000,-0.011800
2025-05-01T10:30:39.240000,-0.015856
2025-05-01T10:30:39.250000,0.005058
2025-05-01T10:30:39.260000,-0.007374
2025-05-01T10:30:39.270000,-0.007548
2025-05-01T10:30:39.280000,0.008317
2025-05-01T10:30:39.290000,-0.011889
2025-05-01T10:30:39.300000,0.013708
2025-05-01T10:30:39.310000,-0.001698
2025-05-01T10:30:39.320000,0.007764
2025-05-01T10:30:39.330000,-0.011550
2025-05-01T10:30:39.340000,0.012510
2025-05-01T10:30:39.350000,0.005594
2025-05-01T10:30:39.360000,-0.006158
2025-05-01T10:30:39.370000,-0.001045
2025-05-01T10:30:39.380000,-0.007565
2025-05-01T10:30:39.390000,-0.013421
2025-05-01T10:30:39.400000,-0.005710
2025-05-01T10:30:39.410000,0.011049
2025-05-01T10:30:39.420000,0.011853
2025-05-01T10:30:39.430000,-0.001866
2025-05-01T10:30:39.440000,-0.008471
2025-05-01T10:30:39.450000,-0.006493
2025-05-01T10:30:39.460000,0.013290
2025-05-01T10:30:39.470000,0.013605
2025-05-01T10:30:39.480000,0.011511
2025-05-01T10:30:39.490000,0.010229
2025-05-01T10:30:39.500000,-0.007793
2025-05-01T10:30:39.510000,0.006248
2025-05-01T10:30:39.520000,-0.004929
2025-05-01T10:30:39.530000,0.003683
2025-05-01T10:30:39.540000,0.007267
2025-05-01T10:30:39.550000,0.005549
2025-05-01T10:30:39.560000,-0.019481
2025-05-01T10:30:39.570000,-0.005186
2025-05-01T10:30:39.580000,-0.002784
2025-05-01T10:30:39.590000,-0.007477
2025-05-01T10:30:39.600000,0.003812
2025-05-01T10:30:39.610000,-0.011147
2025-05-01T10:30:39.620000,-0.000502
2025-05-01T10:30:39.630000,-0.008348
2025-05-01T10:30:39.640000,0.004150
2025-05-01T10:30:39.650000,-0.004097
2025-05-01T10:30:39.660000,0.000406
2025-05-01T10:30:39.670000,0.002729
2025-05-01T10:30:39.680000,-0.006452
2025-05-01T10:30:39.690000,0.002927
2025-05-01T10:30:39.700000,0.003772
2025-05-01T10:30:39.710000,-0.013412
2025-05-01T10:30:39.720000,-0.006926
2025-05-01T10:30:39.730000,-0.000534
2025-05-01T10:30:39.740000,-0.003368
2025-05-01T10:30:39.750000,0.008977
2025-05-01T10:30:39.760000,0.016423
2025-05-01T10:30:39.770000,0.015892
2025-05-01T10:30:39.780000,-0.000674
2025-05-01T10:30:39.790000,0.005912
2025-05-01T10:30:39.800000,0.016778
2025-05-01T10:30:39.810000,-0.004878
2025-05-01T10:30:39.820000,0.001620
2025-05-01T10:30:39.830000,-0.003126
2025-05-01T10:30:39.840000,0.009658
2025-05-01T10:30:39.850000,0.019488
2025-05-01T10:30:39.860000,0.004095
2025-05-01T10:30:39.870000,0.003965
2025-05-01T10:30:39.880000,0.009792
2025-05-01T10:30:39.890000,0.001200
2025-05-01T10:30:39.900000,-0.000444
2025-05-01T10:30:39.910000,-0.004914
2025-05-01T10:30:39.920000,0.001821
2025-05-01T10:30:39.930000,0.001243
2025-05-01T10:30:39.940000,-0.004109
2025-05-01T10:30:39.950000,0.033355
2025-05-01T10:30:39.960000,-0.000588
2025-05-01T10:30:39.970000,0.004177
2025-05-01T10:30:39.980000,-0.010619
2025-05-01T10:30:39.990000,0.011246
2025-05-01T10:30:40,0.004957
2025-05-01T10:30:40.010000,-0.001037
2025-05-01T10:30:40.020000,-0.006141
2025-05-01T10:30:40.030000,0.004986
2025-05-01T10:30:40.040000,-0.003859
2025-05-01T10:30:40.050000,-0.004331
2025-05-01T10:30:40.060000,-0.006824
2025-05-01T10:30:40.070000,0.008395
2025-05-01T10:30:40.080000,0.000940
2025-05-01T10:30:40.090000,-0.008332
2025-05-01T10:30:40.100000,-0.009087
2025-05-01T10:30:40.110000,0.009049
2025-05-01T10:30:40.120000,-0.001948
2025-05-01T10:30:40.130000,-0.003164
2025-05-01T10:30:40.140000,-0.006170
2025-05-01T10:30:40.150000,0.001967
2025-05-01T10:30:40.160000,-0.000987
2025-05-01T10:30:40.170000,0.016995
2025-05-01T10:30:40.180000,0.013369
2025-05-01T10:30:40.190000,0.024685
2025-05-01T10:30:40.200000,-0.004264
2025-05-01T10:30:40.210000,-0.002101
2025-05-01T10:30:40.220000,-0.001950
2025-05-01T10:30:40.230000,0.007460
2025-05-01T10:30:40.240000,0.002624
2025-05-01T10:30:40.250000,0.006433
2025-05-01T10:30:40.260000,0.005980
2025-05-01T10:30:40.270000,-0.008136
2025-05-01T10:30:40.280000,-0.005972
2025-05-01T10:30:40.290000,-0.009188
2025-05-01T10:30:40.300000,-0.001230
2025-05-01T10:30:40.310000,-0.001698
2025-05-01T10:30:40.320000,-0.009236
2025-05-01T10:30:40.330000,-0.007565
2025-05-01T10:30:40.340000,-0.000359
2025-05-01T10:30:40.350000,-0.008021
2025-05-01T10:30:40.360000,-0.000022
2025-05-01T10:30:40.370000,0.015658
2025-05-01T10:30:40.380000,-0.000999
2025-05-01T10:30:40.390000,-0.009733
2025-05-01T10:30:40.400000,-0.001192
2025-05-01T10:30:40.410000,-0.001489
2025-05-01T10:30:40.420000,-0.003610
2025-05-01T10:30:40.430000,-0.012515
2025-05-01T10:30:40.440000,0.000124
2025-05-01T10:30:40.450000,-0.000284
2025-05-01T10:30:40.460000,0.007808
2025-05-01T10:30:40.470000,0.001514
2025-05-01T10:30:40.480000,-0.001564
2025-05-01T10:30:40.490000,0.004721
2025-05-01T10:30:40.500000,0.011745
2025-05-01T10:30:40.510000,-0.015200
2025-05-01T10:30:40.520000,-0.008212
2025-05-01T10:30:40.530000,0.016968
2025-05-01T10:30:40.540000,-0.002475
2025-05-01T10:30:40.550000,-0.008420
2025-05-01T10:30:40.560000,0.002856
2025-05-01T10:30:40.570000,-0.000263
2025-05-01T10:30:40.580000,0.015775
2025-05-01T10:30:40.590000,-0.015640
2025-05-01T10:30:40.600000,0.009119
2025-05-01T10:30:40.610000,0.000570
2025-05-01T10:30:40.620000,-0.006728
2025-05-01T10:30:40.630000,0.002811
2025-05-01T10:30:40.640000,0.013489
2025-05-01T10:30:40.650000,-0.002536
2025-05-01T10:30:40.660000,-0.005406
2025-05-01T10:30:40.670000,-0.000875
2025-05-01T10:30:40.680000,0.008115
2025-05-01T10:30:40.690000,0.005806
2025-05-01T10:30:40.700000,0.008683
2025-05-01T10:30:40.710000,0.006436
2025-05-01T10:30:40.720000,-0.003140
2025-05-01T10:30:40.730000,0.007966
2025-05-01T10:30:40.740000,-0.006054
2025-05-01T10:30:40.750000,-0.002873
2025-05-01T10:30:40.760000,0.014612
2025-05-01T10:30:40.770000,-0.010651
2025-05-01T10:30:40.780000,0.008501
2025-05-01T10:30:40.790000,0.004028
2025-05-01T10:30:40.800000,0.012204
2025-05-01T10:30:40.810000,0.006479
2025-05-01T10:30:40.820000,0.002907
2025-05-01T10:30:40.830000,0.008160
2025-05-01T10:30:40.840000,-0.010321
2025-05-01T10:30:40.850000,-0.004546
2025-05-01T10:30:40.860000,-0.001372
2025-05-01T10:30:40.870000,-0.006139
2025-05-01T10:30:40.880000,0.003370
2025-05-01T10:30:40.890000,0.001638
2025-05-01T10:30:40.900000,-0.014763
2025-05-01T10:30:40.910000,0.005743
2025-05-01T10:30:40.920000,-0.005710
2025-05-01T10:30:40.930000,0.007029
2025-05-01T10:30:40.940000,-0.008748
2025-05-01T10:30:40.950000,-0.004754
2025-05-01T10:30:40.960000,0.012007
2025-05-01T10:30:40.970000,-0.006504
2025-05-01T10:30:40.980000,-0.005453
2025-05-01T10:30:40.990000,-0.003273
2025-05-01T10:30:41,0.002463
2025-05-01T10:30:41.010000,0.006857
2025-05-01T10:30:41.020000,-0.000910
2025-05-01T10:30:41.030000,0.004893
2025-05-01T10:30:41.040000,0.004077
2025-05-01T10:30:41.050000,-0.017817
2025-05-01T10:30:41.060000,-0.002315
2025-05-01T10:30:41.070000,-0.012530
2025-05-01T10:30:41.080000,-0.005799
2025-05-01T10:30:41.090000,-0.002277
2025-05-01T10:30:41.100000,-0.012212
2025-05-01T10:30:41.110000,-0.003179
2025-05-01T10:30:41.120000,-0.000697
2025-05-01T10:30:41.130000,0.000712
2025-05-01T10:30:41.140000,-0.007650
2025-05-01T10:30:41.150000,-0.001238
2025-05-01T10:30:41.160000,-0.007108
2025-05-01T10:30:41.170000,-0.002060
2025-05-01T10:30:41.180000,0.003416
2025-05-01T10:30:41.190000,-0.001300
2025-05-01T10:30:41.200000,0.000297
2025-05-01T10:30:41.210000,0.027922
2025-05-01T10:30:41.220000,-0.002619
2025-05-01T10:30:41.230000,0.003262
2025-05-01T10:30:41.240000,0.006187
2025-05-01T10:30:41.250000,0.002611
2025-05-01T10:30:41.260000,-0.015446
2025-05-01T10:30:41.270000,-0.006090
2025-05-01T10:30:41.280000,-0.001641
2025-05-01T10:30:41.290000,0.003355
2025-05-01T10:30:41.300000,0.011709
2025-05-01T10:30:41.310000,-0.000567
2025-05-01T10:30:41.320000,-0.005397
2025-05-01T10:30:41.330000,-0.023420
2025-05-01T10:30:41.340000,0.003004
2025-05-01T10:30:41.350000,0.001200
2025-05-01T10:30:41.360000,-0.006466
2025-05-01T10:30:41.370000,-0.004833
2025-05-01T10:30:41.380000,0.010136
2025-05-01T10:30:41.390000,0.011379
2025-05-01T10:30:41.400000,0.005440
2025-05-01T10:30:41.410000,-0.021411
2025-05-01T10:30:41.420000,0.007734
2025-05-01T10:30:41.430000,0.007699
2025-05-01T10:30:41.440000,-0.004481
2025-05-01T10:30:41.450000,-0.022010
2025-05-01T10:30:41.460000,-0.016459
2025-05-01T10:30:41.470000,0.005879
2025-05-01T10:30:41.480000,0.006694
2025-05-01T10:30:41.490000,-0.000944
2025-05-01T10:30:41.500000,0.001562
2025-05-01T10:30:41.510000,-0.005466
2025-05-01T10:30:41.520000,0.003024
2025-05-01T10:30:41.530000,0.001895
2025-05-01T10:30:41.540000,0.002915
2025-05-01T10:30:41.550000,-0.004470
2025-05-01T10:30:41.560000,-0.008531
2025-05-01T10:30:41.570000,-0.004863
2025-05-01T10:30:41.580000,0.001784
2025-05-01T10:30:41.590000,0.009693
2025-05-01T10:30:41.600000,0.027525
2025-05-01T10:30:41.610000,-0.009377
2025-05-01T10:30:41.620000,0.000382
2025-05-01T10:30:41.630000,-0.001603
2025-05-01T10:30:41.640000,0.006935
2025-05-01T10:30:41.650000,-0.005542
2025-05-01T10:30:41.660000,0.007800
2025-05-01T10:30:41.670000,-0.008731
2025-05-01T10:30:41.680000,-0.012958
2025-05-01T10:30:41.690000,-0.004268
2025-05-01T10:30:41.700000,-0.004074
2025-05-01T10:30:41.710000,0.005734
2025-05-01T10:30:41.720000,0.002902
2025-05-01T10:30:41.730000,-0.007922
2025-05-01T10:30:41.740000,-0.011227
2025-05-01T10:30:41.750000,-0.012109
2025-05-01T10:30:41.760000,0.008148
2025-05-01T10:30:41.770000,0.003791
2025-05-01T10:30:41.780000,0.003669
2025-05-01T10:30:41.790000,0.001604
2025-05-01T10:30:41.800000,-0.007852
2025-05-01T10:30:41.810000,-0.008018
2025-05-01T10:30:41.820000,-0.017649
2025-05-01T10:30:41.830000,-0.021326
2025-05-01T10:30:41.840000,-0.006411
2025-05-01T10:30:41.850000,-0.012227
2025-05-01T10:30:41.860000,-0.006113
2025-05-01T10:30:41.870000,0.020927
2025-05-01T10:30:41.880000,0.007733
2025-05-01T10:30:41.890000,0.003346
2025-05-01T10:30:41.900000,-0.003155
2025-05-01T10:30:41.910000,0.018545
2025-05-01T10:30:41.920000,0.010474
2025-05-01T10:30:41.930000,0.007137
2025-05-01T10:30:41.940000,0.010689
2025-05-01T10:30:41.950000,-0.001165
2025-05-01T10:30:41.960000,-0.008858
2025-05-01T10:30:41.970000,0.004405
2025-05-01T10:30:41.980000,0.011796
2025-05-01T10:30:41.990000,0.001416
2025-05-01T10:30:42,-0.003914
2025-05-01T10:30:42.010000,-0.006414
2025-05-01T10:30:42.020000,-0.019920
2025-05-01T10:30:42.030000,0.001524
2025-05-01T10:30:42.040000,0.018357
2025-05-01T10:30:42.050000,0.015051
2025-05-01T10:30:42.060000,-0.000026
2025-05-01T10:30:42.070000,0.004161
2025-05-01T10:30:42.080000,0.008498
2025-05-01T10:30:42.090000,0.005871
2025-05-01T10:30:42.100000,0.010960
2025-05-01T10:30:42.110000,0.009499
2025-05-01T10:30:42.120000,0.001602
2025-05-01T10:30:42.130000,0.022192
2025-05-01T10:30:42.140000,0.008200
2025-05-01T10:30:42.150000,-0.000770
2025-05-01T10:30:42.160000,-0.021985
2025-05-01T10:30:42.170000,-0.003907
2025-05-01T10:30:42.180000,0.003964
2025-05-01T10:30:42.190000,0.006200
2025-05-01T10:30:42.200000,0.014610
2025-05-01T10:30:42.210000,-0.005760
2025-05-01T10:30:42.220000,0.011032
2025-05-01T10:30:42.230000,-0.005406
2025-05-01T10:30:42.240000,0.016289
2025-05-01T10:30:42.250000,0.001935
2025-05-01T10:30:42.260000,0.010804
2025-05-01T10:30:42.270000,0.009311
2025-05-01T10:30:42.280000,0.000825
2025-05-01T10:30:42.290000,-0.014086
2025-05-01T10:30:42.300000,0.005700
2025-05-01T10:30:42.310000,-0.021107
2025-05-01T10:30:42.320000,0.020714
2025-05-01T10:30:42.330000,-0.005787
2025-05-01T10:30:42.340000,0.012047
2025-05-01T10:30:42.350000,0.010642
2025-05-01T10:30:42.360000,0.004160
2025-05-01T10:30:42.370000,0.000189
2025-05-01T10:30:42.380000,-0.019140
2025-05-01T10:30:42.390000,-0.017193
2025-05-01T10:30:42.400000,0.002073
2025-05-01T10:30:42.410000,-0.013990
2025-05-01T10:30:42.420000,0.003451
2025-05-01T10:30:42.430000,-0.008344
2025-05-01T10:30:42.440000,-0.000424
2025-05-01T10:30:42.450000,0.002453
2025-05-01T10:30:42.460000,0.003555
2025-05-01T10:30:42.470000,-0.008151
2025-05-01T10:30:42.480000,-0.005259
2025-05-01T10:30:42.490000,-0.017295
2025-05-01T10:30:42.500000,-0.002505
2025-05-01T10:30:42.510000,0.001683
2025-05-01T10:30:42.520000,-0.014732
2025-05-01T10:30:42.530000,0.010621
2025-05-01T10:30:42.540000,-0.003472
2025-05-01T10:30:42.550000,0.003974
2025-05-01T10:30:42.560000,0.002020
2025-05-01T10:30:42.570000,-0.008452
2025-05-01T10:30:42.580000,0.010567
2025-05-01T10:30:42.590000,0.017391
2025-05-01T10:30:42.600000,-0.004870
2025-05-01T10:30:42.610000,0.029755
2025-05-01T10:30:42.620000,0.012710
2025-05-01T10:30:42.630000,0.023167
2025-05-01T10:30:42.640000,0.013766
2025-05-01T10:30:42.650000,0.004090
2025-05-01T10:30:42.660000,-0.021545
2025-05-01T10:30:42.670000,0.026097
2025-05-01T10:30:42.680000,-0.006564
2025-05-01T10:30:42.690000,0.013689
2025-05-01T10:30:42.700000,-0.000579
2025-05-01T10:30:42.710000,0.006729
2025-05-01T10:30:42.720000,-0.002072
2025-05-01T10:30:42.730000,0.003120
2025-05-01T10:30:42.740000,-0.014404
2025-05-01T10:30:42.750000,0.012956
2025-05-01T10:30:42.760000,0.006179
2025-05-01T10:30:42.770000,0.005054
2025-05-01T10:30:42.780000,-0.001145
2025-05-01T10:30:42.790000,0.013024
2025-05-01T10:30:42.800000,0.000506
2025-05-01T10:30:42.810000,0.001538
2025-05-01T10:30:42.820000,-0.013241
2025-05-01T10:30:42.830000,-0.013427
2025-05-01T10:30:42.840000,-0.009991
2025-05-01T10:30:42.850000,-0.010250
2025-05-01T10:30:42.860000,-0.003464
2025-05-01T10:30:42.870000,0.004216
2025-05-01T10:30:42.880000,0.002206
2025-05-01T10:30:42.890000,0.004543
2025-05-01T10:30:42.900000,0.001404
2025-05-01T10:30:42.910000,0.001960
2025-05-01T10:30:42.920000,-0.009663
2025-05-01T10:30:42.930000,0.005094
2025-05-01T10:30:42.940000,0.004131
2025-05-01T10:30:42.950000,-0.000901
2025-05-01T10:30:42.960000,0.003070
2025-05-01T10:30:42.970000,-0.002711
2025-05-01T10:30:42.980000,-0.002215
2025-05-01T10:30:42.990000,0.015071
2025-05-01T10:30:43,0.003478
2025-05-01T10:30:43.010000,0.006824
2025-05-01T10:30:43.020000,-0.004593
2025-05-01T10:30:43.030000,-0.003600
2025-05-01T10:30:43.040000,-0.007809
2025-05-01T10:30:43.050000,0.007051
2025-05-01T10:30:43.060000,0.006346
2025-05-01T10:30:43.070000,-0.003286
2025-05-01T10:30:43.080000,-0.024826
2025-05-01T10:30:43.090000,0.002747
2025-05-01T10:30:43.100000,0.007168
2025-05-01T10:30:43.110000,-0.009395
2025-05-01T10:30:43.120000,0.003578
2025-05-01T10:30:43.130000,-0.007188
2025-05-01T10:30:43.140000,-0.004637
2025-05-01T10:30:43.150000,0.004259
2025-05-01T10:30:43.160000,0.002876
2025-05-01T10:30:43.170000,0.019295
2025-05-01T10:30:43.180000,0.005048
2025-05-01T10:30:43.190000,0.000730
2025-05-01T10:30:43.200000,0.001646
2025-05-01T10:30:43.210000,0.005437
2025-05-01T10:30:43.220000,0.000618
2025-05-01T10:30:43.230000,-0.015007
2025-05-01T10:30:43.240000,0.012079
2025-05-01T10:30:43.250000,0.012222
2025-05-01T10:30:43.260000,0.009168
2025-05-01T10:30:43.270000,-0.002442
2025-05-01T10:30:43.280000,-0.006520
2025-05-01T10:30:43.290000,0.002549
2025-05-01T10:30:43.300000,-0.001166
2025-05-01T10:30:43.310000,-0.002499
2025-05-01T10:30:43.320000,-0.009921
2025-05-01T10:30:43.330000,0.015220
2025-05-01T10:30:43.340000,-0.012266
2025-05-01T10:30:43.350000,-0.009157
2025-05-01T10:30:43.360000,0.012953
2025-05-01T10:30:43.370000,-0.001312
2025-05-01T10:30:43.380000,0.002518
2025-05-01T10:30:43.390000,0.010707
2025-05-01T10:30:43.400000,0.025141
2025-05-01T10:30:43.410000,0.008611
2025-05-01T10:30:43.420000,0.003439
2025-05-01T10:30:43.430000,0.018734
2025-05-01T10:30:43.440000,0.000896
2025-05-01T10:30:43.450000,-0.015512
2025-05-01T10:30:43.460000,-0.005682
2025-05-01T10:30:43.470000,-0.011021
2025-05-01T10:30:43.480000,-0.011082
2025-05-01T10:30:43.490000,-0.001516
2025-05-01T10:30:43.500000,0.009382
2025-05-01T10:30:43.510000,0.013769
2025-05-01T10:30:43.520000,-0.012628
2025-05-01T10:30:43.530000,0.009339
2025-05-01T10:30:43.540000,0.005499
2025-05-01T10:30:43.550000,0.010774
2025-05-01T10:30:43.560000,-0.008855
2025-05-01T10:30:43.570000,-0.004892
2025-05-01T10:30:43.580000,-0.004762
2025-05-01T10:30:43.590000,-0.004540
2025-05-01T10:30:43.600000,-0.013081
2025-05-01T10:30:43.610000,-0.015227
2025-05-01T10:30:43.620000,-0.011098
2025-05-01T10:30:43.630000,-0.009334
2025-05-01T10:30:43.640000,0.012533
2025-05-01T10:30:43.650000,-0.019901
2025-05-01T10:30:43.660000,-0.019612
2025-05-01T10:30:43.670000,-0.002373
2025-05-01T10:30:43.680000,0.000937
2025-05-01T10:30:43.690000,-0.012692
2025-05-01T10:30:43.700000,-0.002572
2025-05-01T10:30:43.710000,-0.009995
2025-05-01T10:30:43.720000,-0.003899
2025-05-01T10:30:43.730000,-0.008378
2025-05-01T10:30:43.740000,-0.005654
2025-05-01T10:30:43.750000,-0.005301
2025-05-01T10:30:43.760000,-0.001995
2025-05-01T10:30:43.770000,-0.011654
2025-05-01T10:30:43.780000,-0.012936
2025-05-01T10:30:43.790000,-0.009054
2025-05-01T10:30:43.800000,0.017475
2025-05-01T10:30:43.810000,-0.001245
2025-05-01T10:30:43.820000,0.006966
2025-05-01T10:30:43.830000,-0.013486
2025-05-01T10:30:43.840000,0.004256
2025-05-01T10:30:43.850000,0.005361
2025-05-01T10:30:43.860000,-0.004944
2025-05-01T10:30:43.870000,0.002372
2025-05-01T10:30:43.880000,-0.001070
2025-05-01T10:30:43.890000,0.011941
2025-05-01T10:30:43.900000,0.006040
2025-05-01T10:30:43.910000,-0.008487
2025-05-01T10:30:43.920000,0.003875
2025-05-01T10:30:43.930000,-0.014684
2025-05-01T10:30:43.940000,0.006858
2025-05-01T10:30:43.950000,-0.000651
2025-05-01T10:30:43.960000,-0.007346
2025-05-01T10:30:43.970000,0.004757
2025-05-01T10:30:43.980000,0.013949
2025-05-01T10:30:43.990000,0.000060
2025-05-01T10:30:44,-0.013973
2025-05-01T10:30:44.010000,0.015968
2025-05-01T10:30:44.020000,-0.003906
2025-05-01T10:30:44.030000,0.005533
2025-05-01T10:30:44.040000,-0.005955
2025-05-01T10:30:44.050000,-0.004696
2025-05-01T10:30:44.060000,0.013494
2025-05-01T10:30:44.070000,0.010487
2025-05-01T10:30:44.080000,0.023549
2025-05-01T10:30:44.090000,0.002896
2025-05-01T10:30:44.100000,-0.002006
2025-05-01T10:30:44.110000,-0.000590
2025-05-01T10:30:44.120000,0.005541
2025-05-01T10:30:44.130000,-0.009729
2025-05-01T10:30:44.140000,-0.003496
2025-05-01T10:30:44.150000,0.004580
2025-05-01T10:30:44.160000,-0.006230
2025-05-01T10:30:44.170000,-0.008415
2025-05-01T10:30:44.180000,-0.028252
2025-05-01T10:30:44.190000,0.003137
2025-05-01T10:30:44.200000,0.009272
2025-05-01T10:30:44.210000,0.025190
2025-05-01T10:30:44.220000,0.018180
2025-05-01T10:30:44.230000,-0.004928
2025-05-01T10:30:44.240000,-0.000125
2025-05-01T10:30:44.250000,-0.006421
2025-05-01T10:30:44.260000,-0.001652
2025-05-01T10:30:44.270000,0.004306
2025-05-01T10:30:44.280000,-0.002031
2025-05-01T10:30:44.290000,-0.003908
2025-05-01T10:30:44.300000,-0.015051
2025-05-01T10:30:44.310000,-0.000033
2025-05-01T10:30:44.320000,-0.017698
2025-05-01T10:30:44.330000,0.001302
2025-05-01T10:30:44.340000,0.007879
2025-05-01T10:30:44.350000,-0.007763
2025-05-01T10:30:44.360000,-0.004387
2025-05-01T10:30:44.370000,0.004904
2025-05-01T10:30:44.380000,-0.011560
2025-05-01T10:30:44.390000,0.006886
2025-05-01T10:30:44.400000,-0.032337
2025-05-01T10:30:44.410000,0.007283
2025-05-01T10:30:44.420000,-0.007170
2025-05-01T10:30:44.430000,0.003762
2025-05-01T10:30:44.440000,-0.003145
2025-05-01T10:30:44.450000,0.000729
2025-05-01T10:30:44.460000,-0.004747
2025-05-01T10:30:44.470000,0.008880
2025-05-01T10:30:44.480000,0.015347
2025-05-01T10:30:44.490000,-0.005372
2025-05-01T10:30:44.500000,-0.005974
2025-05-01T10:30:44.510000,0.015771
2025-05-01T10:30:44.520000,-0.009366
2025-05-01T10:30:44.530000,0.005673
2025-05-01T10:30:44.540000,-0.004799
2025-05-01T10:30:44.550000,0.003268
2025-05-01T10:30:44.560000,-0.006770
2025-05-01T10:30:44.570000,0.004936
2025-05-01T10:30:44.580000,0.016715
2025-05-01T10:30:44.590000,-0.018428
2025-05-01T10:30:44.600000,0.005413
2025-05-01T10:30:44.610000,0.009603
2025-05-01T10:30:44.620000,0.015293
2025-05-01T10:30:44.630000,-0.000819
2025-05-01T10:30:44.640000,0.019700
2025-05-01T10:30:44.650000,-0.001503
2025-05-01T10:30:44.660000,0.009755
2025-05-01T10:30:44.670000,0.013875
2025-05-01T10:30:44.680000,0.012223
2025-05-01T10:30:44.690000,-0.006929
2025-05-01T10:30:44.700000,0.007526
2025-05-01T10:30:44.710000,0.004544
2025-05-01T10:30:44.720000,-0.002159
2025-05-01T10:30:44.730000,0.007833
2025-05-01T10:30:44.740000,-0.000647
2025-05-01T10:30:44.750000,0.007194
2025-05-01T10:30:44.760000,-0.002333
2025-05-01T10:30:44.770000,-0.005732
2025-05-01T10:30:44.780000,-0.001601
2025-05-01T10:30:44.790000,0.004851
2025-05-01T10:30:44.800000,0.016602
2025-05-01T10:30:44.810000,0.011848
2025-05-01T10:30:44.820000,0.005358
2025-05-01T10:30:44.830000,-0.011815
2025-05-01T10:30:44.840000,-0.000747
2025-05-01T10:30:44.850000,-0.009547
2025-05-01T10:30:44.860000,-0.034968
2025-05-01T10:30:44.870000,0.005761
2025-05-01T10:30:44.880000,0.004331
2025-05-01T10:30:44.890000,-0.010677
2025-05-01T10:30:44.900000,-0.004530
2025-05-01T10:30:44.910000,0.000598
2025-05-01T10:30:44.920000,0.011656
2025-05-01T10:30:44.930000,-0.014744
2025-05-01T10:30:44.940000,-0.013473
2025-05-01T10:30:44.950000,0.010388
2025-05-01T10:30:44.960000,0.003759
2025-05-01T10:30:44.970000,0.005993
2025-05-01T10:30:44.980000,-0.004376
2025-05-01T10:30:44.990000,-0.024548
2025-05-01T10:30:45,-0.014347
2025-05-01T10:30:45.010000,-0.005897
2025-05-01T10:30:45.020000,-0.008897
2025-05-01T10:30:45.030000,-0.019097
2025-05-01T10:30:45.040000,-0.003087
2025-05-01T10:30:45.050000,0.003882
2025-05-01T10:30:45.060000,-0.004680
2025-05-01T10:30:45.070000,-0.001148
2025-05-01T10:30:45.080000,0.013134
2025-05-01T10:30:45.090000,0.003105
2025-05-01T10:30:45.100000,0.024230
2025-05-01T10:30:45.110000,-0.002820
2025-05-01T10:30:45.120000,-0.002399
2025-05-01T10:30:45.130000,0.004885
2025-05-01T10:30:45.140000,0.010719
2025-05-01T10:30:45.150000,-0.008615
2025-05-01T10:30:45.160000,-0.008768
2025-05-01T10:30:45.170000,-0.000889
2025-05-01T10:30:45.180000,-0.020090
2025-05-01T10:30:45.190000,-0.005359
2025-05-01T10:30:45.200000,-0.003861
2025-05-01T10:30:45.210000,-0.024383
2025-05-01T10:30:45.220000,0.010218
2025-05-01T10:30:45.230000,0.009841
2025-05-01T10:30:45.240000,-0.003097
2025-05-01T10:30:45.250000,-0.003770
2025-05-01T10:30:45.260000,0.006569
2025-05-01T10:30:45.270000,-0.008142
2025-05-01T10:30:45.280000,0.000877
2025-05-01T10:30:45.290000,-0.014094
2025-05-01T10:30:45.300000,0.008504
2025-05-01T10:30:45.310000,-0.005901
2025-05-01T10:30:45.320000,-0.005827
2025-05-01T10:30:45.330000,-0.009362
2025-05-01T10:30:45.340000,0.027675
2025-05-01T10:30:45.350000,-0.007233
2025-05-01T10:30:45.360000,-0.003266
2025-05-01T10:30:45.370000,0.002412
2025-05-01T10:30:45.380000,0.005310
2025-05-01T10:30:45.390000,-0.004966
2025-05-01T10:30:45.400000,0.002799
2025-05-01T10:30:45.410000,0.009112
2025-05-01T10:30:45.420000,0.008577
2025-05-01T10:30:45.430000,0.012326
2025-05-01T10:30:45.440000,-0.005666
2025-05-01T10:30:45.450000,-0.009144
2025-05-01T10:30:45.460000,-0.000157
2025-05-01T10:30:45.470000,0.001387
2025-05-01T10:30:45.480000,-0.006254
2025-05-01T10:30:45.490000,-0.010156
2025-05-01T10:30:45.500000,0.000292
2025-05-01T10:30:45.510000,-0.000110
2025-05-01T10:30:45.520000,0.014086
2025-05-01T10:30:45.530000,-0.001185
2025-05-01T10:30:45.540000,0.018020
2025-05-01T10:30:45.550000,-0.000209
2025-05-01T10:30:45.560000,0.006275
2025-05-01T10:30:45.570000,0.012176
2025-05-01T10:30:45.580000,0.006933
2025-05-01T10:30:45.590000,0.000646
2025-05-01T10:30:45.600000,-0.020435
2025-05-01T10:30:45.610000,-0.006497
2025-05-01T10:30:45.620000,0.004307
2025-05-01T10:30:45.630000,0.005987
2025-05-01T10:30:45.640000,-0.009644
2025-05-01T10:30:45.650000,0.003335
2025-05-01T10:30:45.660000,-0.011039
2025-05-01T10:30:45.670000,0.018332
2025-05-01T10:30:45.680000,0.013747
2025-05-01T10:30:45.690000,0.012183
2025-05-01T10:30:45.700000,0.007762
2025-05-01T10:30:45.710000,0.013360
2025-05-01T10:30:45.720000,0.011110
2025-05-01T10:30:45.730000,-0.005750
2025-05-01T10:30:45.740000,-0.005528
2025-05-01T10:30:45.750000,0.002529
2025-05-01T10:30:45.760000,0.013458
2025-05-01T10:30:45.770000,0.006752
2025-05-01T10:30:45.780000,-0.020708
2025-05-01T10:30:45.790000,0.015952
2025-05-01T10:30:45.800000,-0.017443
2025-05-01T10:30:45.810000,0.005720
2025-05-01T10:30:45.820000,-0.000391
2025-05-01T10:30:45.830000,-0.023343
2025-05-01T10:30:45.840000,-0.006940
2025-05-01T10:30:45.850000,0.013747
2025-05-01T10:30:45.860000,-0.013085
2025-05-01T10:30:45.870000,-0.016931
2025-05-01T10:30:45.880000,0.004949
2025-05-01T10:30:45.890000,0.000372
2025-05-01T10:30:45.900000,-0.008328
2025-05-01T10:30:45.910000,0.002889
2025-05-01T10:30:45.920000,-0.000429
2025-05-01T10:30:45.930000,-0.010291
2025-05-01T10:30:45.940000,0.000160
2025-05-01T10:30:45.950000,0.021029
2025-05-01T10:30:45.960000,-0.002864
2025-05-01T10:30:45.970000,-0.004115
2025-05-01T10:30:45.980000,-0.000870
2025-05-01T10:30:45.990000,0.006221
2025-05-01T10:30:46,0.004253
2025-05-01T10:30:46.010000,0.006835
2025-05-01T10:30:46.020000,-0.011420
2025-05-01T10:30:46.030000,-0.007108
2025-05-01T10:30:46.040000,-0.005692
2025-05-01T10:30:46.050000,-0.001257
2025-05-01T10:30:46.060000,0.001367
2025-05-01T10:30:46.070000,-0.004621
2025-05-01T10:30:46.080000,0.006252
2025-05-01T10:30:46.090000,0.001935
2025-05-01T10:30:46.100000,0.002616
2025-05-01T10:30:46.110000,-0.003915
2025-05-01T10:30:46.120000,-0.017508
2025-05-01T10:30:46.130000,0.030084
2025-05-01T10:30:46.140000,-0.006021
2025-05-01T10:30:46.150000,0.004746
2025-05-01T10:30:46.160000,0.010244
2025-05-01T10:30:46.170000,0.002642
2025-05-01T10:30:46.180000,-0.006488
2025-05-01T10:30:46.190000,-0.010764
2025-05-01T10:30:46.200000,0.005262
2025-05-01T10:30:46.210000,-0.008161
2025-05-01T10:30:46.220000,0.002080
2025-05-01T10:30:46.230000,-0.015707
2025-05-01T10:30:46.240000,0.000535
2025-05-01T10:30:46.250000,0.003086
2025-05-01T10:30:46.260000,-0.010154
2025-05-01T10:30:46.270000,0.006146
2025-05-01T10:30:46.280000,0.023715
2025-05-01T10:30:46.290000,0.000256
2025-05-01T10:30:46.300000,0.007900
2025-05-01T10:30:46.310000,0.009813
2025-05-01T10:30:46.320000,0.002735
2025-05-01T10:30:46.330000,-0.013332
2025-05-01T10:30:46.340000,0.010269
2025-05-01T10:30:46.350000,-0.002779
2025-05-01T10:30:46.360000,-0.012935
2025-05-01T10:30:46.370000,-0.005405
2025-05-01T10:30:46.380000,-0.000846
2025-05-01T10:30:46.390000,-0.008390
2025-05-01T10:30:46.400000,-0.018329
2025-05-01T10:30:46.410000,0.014868
2025-05-01T10:30:46.420000,0.008882
2025-05-01T10:30:46.430000,0.010229
2025-05-01T10:30:46.440000,-0.019656
2025-05-01T10:30:46.450000,0.004023
2025-05-01T10:30:46.460000,-0.004540
2025-05-01T10:30:46.470000,0.008955
2025-05-01T10:30:46.480000,0.005845
2025-05-01T10:30:46.490000,0.007348
2025-05-01T10:30:46.500000,-0.011066
2025-05-01T10:30:46.510000,0.004912
2025-05-01T10:30:46.520000,-0.002840
2025-05-01T10:30:46.530000,-0.004618
2025-05-01T10:30:46.540000,0.002853
2025-05-01T10:30:46.550000,-0.008320
2025-05-01T10:30:46.560000,0.013873
2025-05-01T10:30:46.570000,-0.007564
2025-05-01T10:30:46.580000,-0.005029
2025-05-01T10:30:46.590000,-0.001873
2025-05-01T10:30:46.600000,0.005065
2025-05-01T10:30:46.610000,-0.008178
2025-05-01T10:30:46.620000,0.005722
2025-05-01T10:30:46.630000,0.003886
2025-05-01T10:30:46.640000,0.005169
2025-05-01T10:30:46.650000,0.013133
2025-05-01T10:30:46.660000,-0.001056
2025-05-01T10:30:46.670000,0.010399
2025-05-01T10:30:46.680000,0.009014
2025-05-01T10:30:46.690000,0.004572
2025-05-01T10:30:46.700000,-0.005736
2025-05-01T10:30:46.710000,-0.035024
2025-05-01T10:30:46.720000,0.010960
2025-05-01T10:30:46.730000,-0.008979
2025-05-01T10:30:46.740000,-0.011020
2025-05-01T10:30:46.750000,0.003379
2025-05-01T10:30:46.760000,-0.008234
2025-05-01T10:30:46.770000,-0.004884
2025-05-01T10:30:46.780000,0.005592
2025-05-01T10:30:46.790000,0.003868
2025-05-01T10:30:46.800000,-0.004972
2025-05-01T10:30:46.810000,-0.006321
2025-05-01T10:30:46.820000,-0.002210
2025-05-01T10:30:46.830000,-0.005091
2025-05-01T10:30:46.840000,-0.001065
2025-05-01T10:30:46.850000,0.006360
2025-05-01T10:30:46.860000,0.007603
2025-05-01T10:30:46.870000,0.006452
2025-05-01T10:30:46.880000,0.006735
2025-05-01T10:30:46.890000,-0.006981
2025-05-01T10:30:46.900000,-0.015314
2025-05-01T10:30:46.910000,0.011574
2025-05-01T10:30:46.920000,0.004572
2025-05-01T10:30:46.930000,-0.006803
2025-05-01T10:30:46.940000,-0.001240
2025-05-01T10:30:46.950000,-0.024271
2025-05-01T10:30:46.960000,-0.003646
2025-05-01T10:30:46.970000,0.025556
2025-05-01T10:30:46.980000,-0.004764
2025-05-01T10:30:46.990000,0.018405
2025-05-01T10:30:47,-0.003385
2025-05-01T10:30:47.010000,0.009253
2025-05-01T10:30:47.020000,0.006628
2025-05-01T10:30:47.030000,0.023581
2025-05-01T10:30:47.040000,0.000577
2025-05-01T10:30:47.050000,0.008022
2025-05-01T10:30:47.060000,0.008374
2025-05-01T10:30:47.070000,-0.006905
2025-05-01T10:30:47.080000,0.014263
2025-05-01T10:30:47.090000,-0.003482
2025-05-01T10:30:47.100000,-0.009024
2025-05-01T10:30:47.110000,-0.021500
2025-05-01T10:30:47.120000,0.001177
2025-05-01T10:30:47.130000,-0.000940
2025-05-01T10:30:47.140000,0.007827
2025-05-01T10:30:47.150000,0.002758
2025-05-01T10:30:47.160000,0.022095
2025-05-01T10:30:47.170000,0.003926
2025-05-01T10:30:47.180000,0.001735
2025-05-01T10:30:47.190000,0.016234
2025-05-01T10:30:47.200000,0.003138
2025-05-01T10:30:47.210000,-0.005323
2025-05-01T10:30:47.220000,-0.012055
2025-05-01T10:30:47.230000,0.006633
2025-05-01T10:30:47.240000,0.008117
2025-05-01T10:30:47.250000,-0.025484
2025-05-01T10:30:47.260000,-0.000132
2025-05-01T10:30:47.270000,0.008144
2025-05-01T10:30:47.280000,0.009698
2025-05-01T10:30:47.290000,-0.005952
2025-05-01T10:30:47.300000,-0.004731
2025-05-01T10:30:47.310000,0.015682
2025-05-01T10:30:47.320000,0.006379
2025-05-01T10:30:47.330000,-0.009306
2025-05-01T10:30:47.340000,0.019312
2025-05-01T10:30:47.350000,-0.000106
2025-05-01T10:30:47.360000,0.012677
2025-05-01T10:30:47.370000,-0.003728
2025-05-01T10:30:47.380000,0.005042
2025-05-01T10:30:47.390000,0.014583
2025-05-01T10:30:47.400000,-0.009251
2025-05-01T10:30:47.410000,-0.004568
2025-05-01T10:30:47.420000,0.011375
2025-05-01T10:30:47.430000,0.012523
2025-05-01T10:30:47.440000,-0.005507
2025-05-01T10:30:47.450000,-0.001386
2025-05-01T10:30:47.460000,-0.001622
2025-05-01T10:30:47.470000,-0.012481
2025-05-01T10:30:47.480000,-0.009187
2025-05-01T10:30:47.490000,-0.018740
2025-05-01T10:30:47.500000,-0.018790
2025-05-01T10:30:47.510000,0.006644
2025-05-01T10:30:47.520000,0.010404
2025-05-01T10:30:47.530000,0.006010
2025-05-01T10:30:47.540000,0.004257
2025-05-01T10:30:47.550000,-0.013571
2025-05-01T10:30:47.560000,0.004017
2025-05-01T10:30:47.570000,-0.019755
2025-05-01T10:30:47.580000,0.004118
2025-05-01T10:30:47.590000,0.003046
2025-05-01T10:30:47.600000,-0.000053
2025-05-01T10:30:47.610000,-0.004635
2025-05-01T10:30:47.620000,0.011914
2025-05-01T10:30:47.630000,-0.000063
2025-05-01T10:30:47.640000,0.003045
2025-05-01T10:30:47.650000,-0.008049
2025-05-01T10:30:47.660000,0.004300
2025-05-01T10:30:47.670000,-0.000451
2025-05-01T10:30:47.680000,0.008888
2025-05-01T10:30:47.690000,-0.008027
2025-05-01T10:30:47.700000,-0.009175
2025-05-01T10:30:47.710000,0.012254
2025-05-01T10:30:47.720000,-0.010155
2025-05-01T10:30:47.730000,-0.004075
2025-05-01T10:30:47.740000,-0.008412
2025-05-01T10:30:47.750000,-0.013953
2025-05-01T10:30:47.760000,-0.001760
2025-05-01T10:30:47.770000,-0.009151
2025-05-01T10:30:47.780000,-0.001723
2025-05-01T10:30:47.790000,0.008474
2025-05-01T10:30:47.800000,0.009021
2025-05-01T10:30:47.810000,0.014528
2025-05-01T10:30:47.820000,0.000116
2025-05-01T10:30:47.830000,0.000105
2025-05-01T10:30:47.840000,0.006539
2025-05-01T10:30:47.850000,-0.006087
2025-05-01T10:30:47.860000,0.011621
2025-05-01T10:30:47.870000,-0.009005
2025-05-01T10:30:47.880000,0.002227
2025-05-01T10:30:47.890000,-0.010138
2025-05-01T10:30:47.900000,0.006222
2025-05-01T10:30:47.910000,-0.013099
2025-05-01T10:30:47.920000,0.001926
2025-05-01T10:30:47.930000,0.003890
2025-05-01T10:30:47.940000,-0.000555
2025-05-01T10:30:47.950000,0.012377
2025-05-01T10:30:47.960000,-0.022829
2025-05-01T10:30:47.970000,-0.002791
2025-05-01T10:30:47.980000,-0.004122
2025-05-01T10:30:47.990000,0.013222
2025-05-01T10:30:48,-0.003724
2025-05-01T10:30:48.010000,-0.004663
2025-05-01T10:30:48.020000,-0.000405
2025-05-01T10:30:48.030000,0.005745
2025-05-01T10:30:48.040000,0.016352
2025-05-01T10:30:48.050000,0.007333
2025-05-01T10:30:48.060000,-0.000818
2025-05-01T10:30:48.070000,0.006217
2025-05-01T10:30:48.080000,0.023056
2025-05-01T10:30:48.090000,-0.005545
2025-05-01T10:30:48.100000,-0.002348
2025-05-01T10:30:48.110000,0.002055
2025-05-01T10:30:48.120000,0.019374
2025-05-01T10:30:48.130000,0.004562
2025-05-01T10:30:48.140000,0.004830
2025-05-01T10:30:48.150000,0.000147
2025-05-01T10:30:48.160000,0.022316
2025-05-01T10:30:48.170000,0.002027
2025-05-01T10:30:48.180000,0.008514
2025-05-01T10:30:48.190000,-0.006104
2025-05-01T10:30:48.200000,0.006331
2025-05-01T10:30:48.210000,-0.001289
2025-05-01T10:30:48.220000,-0.021951
2025-05-01T10:30:48.230000,0.011380
2025-05-01T10:30:48.240000,-0.014247
2025-05-01T10:30:48.250000,-0.018388
2025-05-01T10:30:48.260000,-0.008682
2025-05-01T10:30:48.270000,-0.007969
2025-05-01T10:30:48.280000,-0.001172
2025-05-01T10:30:48.290000,-0.010625
2025-05-01T10:30:48.300000,-0.004417
2025-05-01T10:30:48.310000,-0.005437
2025-05-01T10:30:48.320000,-0.002145
2025-05-01T10:30:48.330000,-0.008267
2025-05-01T10:30:48.340000,-0.011404
2025-05-01T10:30:48.350000,-0.017174
2025-05-01T10:30:48.360000,0.002041
2025-05-01T10:30:48.370000,-0.014574
2025-05-01T10:30:48.380000,-0.002526
2025-05-01T10:30:48.390000,0.008314
2025-05-01T10:30:48.400000,0.005105
2025-05-01T10:30:48.410000,0.018765
2025-05-01T10:30:48.420000,-0.006217
2025-05-01T10:30:48.430000,-0.011702
2025-05-01T10:30:48.440000,-0.014222
2025-05-01T10:30:48.450000,0.005764
2025-05-01T10:30:48.460000,0.006264
2025-05-01T10:30:48.470000,-0.001183
2025-05-01T10:30:48.480000,0.017096
2025-05-01T10:30:48.490000,-0.008473
2025-05-01T10:30:48.500000,-0.004940
2025-05-01T10:30:48.510000,0.001184
2025-05-01T10:30:48.520000,0.007594
2025-05-01T10:30:48.530000,0.004367
2025-05-01T10:30:48.540000,0.017712
2025-05-01T10:30:48.550000,-0.003070
2025-05-01T10:30:48.560000,0.007363
2025-05-01T10:30:48.570000,-0.002627
2025-05-01T10:30:48.580000,0.000268
2025-05-01T10:30:48.590000,0.002984
2025-05-01T10:30:48.600000,-0.008965
2025-05-01T10:30:48.610000,0.002412
2025-05-01T10:30:48.620000,-0.004461
2025-05-01T10:30:48.630000,-0.009008
2025-05-01T10:30:48.640000,-0.009423
2025-05-01T10:30:48.650000,0.010098
2025-05-01T10:30:48.660000,-0.002346
2025-05-01T10:30:48.670000,0.000648
2025-05-01T10:30:48.680000,-0.002792
2025-05-01T10:30:48.690000,0.007835
2025-05-01T10:30:48.700000,-0.021636
2025-05-01T10:30:48.710000,-0.010148
2025-05-01T10:30:48.720000,-0.006562
2025-05-01T10:30:48.730000,0.003125
2025-05-01T10:30:48.740000,0.002056
2025-05-01T10:30:48.750000,-0.004625
2025-05-01T10:30:48.760000,0.019785
2025-05-01T10:30:48.770000,-0.004395
2025-05-01T10:30:48.780000,0.001066
2025-05-01T10:30:48.790000,0.006029
2025-05-01T10:30:48.800000,0.009042
2025-05-01T10:30:48.810000,-0.000904
2025-05-01T10:30:48.820000,-0.001061
2025-05-01T10:30:48.830000,0.005359
2025-05-01T10:30:48.840000,-0.004531
2025-05-01T10:30:48.850000,0.002256
2025-05-01T10:30:48.860000,0.004672
2025-05-01T10:30:48.870000,-0.001132
2025-05-01T10:30:48.880000,0.012762
2025-05-01T10:30:48.890000,0.009354
2025-05-01T10:30:48.900000,0.007093
2025-05-01T10:30:48.910000,-0.009559
2025-05-01T10:30:48.920000,-0.010254
2025-05-01T10:30:48.930000,-0.004384
2025-05-01T10:30:48.940000,0.007293
2025-05-01T10:30:48.950000,-0.006570
2025-05-01T10:30:48.960000,-0.010205
2025-05-01T10:30:48.970000,-0.005019
2025-05-01T10:30:48.980000,0.010368
2025-05-01T10:30:48.990000,0.007368
2025-05-01T10:30:49,-0.004409
2025-05-01T10:30:49.010000,-0.000083
2025-05-01T10:30:49.020000,0.014989
2025-05-01T10:30:49.030000,0.010391
2025-05-01T10:30:49.040000,-0.002315
2025-05-01T10:30:49.050000,0.005700
2025-05-01T10:30:49.060000,0.006103
2025-05-01T10:30:49.070000,-0.003767
2025-05-01T10:30:49.080000,0.010916
2025-05-01T10:30:49.090000,0.014741
2025-05-01T10:30:49.100000,0.023066
2025-05-01T10:30:49.110000,0.013052
2025-05-01T10:30:49.120000,0.013356
2025-05-01T10:30:49.130000,0.006118
2025-05-01T10:30:49.140000,-0.012478
2025-05-01T10:30:49.150000,-0.004093
2025-05-01T10:30:49.160000,-0.000687
2025-05-01T10:30:49.170000,-0.009082
2025-05-01T10:30:49.180000,0.001680
2025-05-01T10:30:49.190000,-0.005217
2025-05-01T10:30:49.200000,-0.003905
2025-05-01T10:30:49.210000,-0.003236
2025-05-01T10:30:49.220000,0.000773
2025-05-01T10:30:49.230000,0.001465
2025-05-01T10:30:49.240000,-0.003542
2025-05-01T10:30:49.250000,-0.010643
2025-05-01T10:30:49.260000,0.011280
2025-05-01T10:30:49.270000,-0.004717
2025-05-01T10:30:49.280000,-0.011415
2025-05-01T10:30:49.290000,0.003174
2025-05-01T10:30:49.300000,-0.000033
2025-05-01T10:30:49.310000,0.000971
2025-05-01T10:30:49.320000,-0.025900
2025-05-01T10:30:49.330000,0.008189
2025-05-01T10:30:49.340000,0.010559
2025-05-01T10:30:49.350000,-0.000275
2025-05-01T10:30:49.360000,-0.007879
2025-05-01T10:30:49.370000,-0.000300
2025-05-01T10:30:49.380000,0.000228
2025-05-01T10:30:49.390000,-0.008385
2025-05-01T10:30:49.400000,-0.006375
2025-05-01T10:30:49.410000,-0.003203
2025-05-01T10:30:49.420000,-0.006478
2025-05-01T10:30:49.430000,-0.004337
2025-05-01T10:30:49.440000,-0.010335
2025-05-01T10:30:49.450000,0.000280
2025-05-01T10:30:49.460000,0.009806
2025-05-01T10:30:49.470000,0.005339
2025-05-01T10:30:49.480000,0.018639
2025-05-01T10:30:49.490000,-0.002179
2025-05-01T10:30:49.500000,0.005234
2025-05-01T10:30:49.510000,-0.007302
2025-05-01T10:30:49.520000,-0.023522
2025-05-01T10:30:49.530000,-0.017465
2025-05-01T10:30:49.540000,-0.010423
2025-05-01T10:30:49.550000,-0.009117
2025-05-01T10:30:49.560000,0.007715
2025-05-01T10:30:49.570000,-0.005415
2025-05-01T10:30:49.580000,-0.009987
2025-05-01T10:30:49.590000,0.016316
2025-05-01T10:30:49.600000,0.010345
2025-05-01T10:30:49.610000,0.023521
2025-05-01T10:30:49.620000,0.004095
2025-05-01T10:30:49.630000,-0.007992
2025-05-01T10:30:49.640000,0.006192
2025-05-01T10:30:49.650000,0.005670
2025-05-01T10:30:49.660000,-0.004382
2025-05-01T10:30:49.670000,0.006522
2025-05-01T10:30:49.680000,0.016171
2025-05-01T10:30:49.690000,0.004540
2025-05-01T10:30:49.700000,0.006853
2025-05-01T10:30:49.710000,0.006249
2025-05-01T10:30:49.720000,0.004119
2025-05-01T10:30:49.730000,0.000959
2025-05-01T10:30:49.740000,0.009839
2025-05-01T10:30:49.750000,-0.006025
2025-05-01T10:30:49.760000,0.001196
2025-05-01T10:30:49.770000,0.003469
2025-05-01T10:30:49.780000,0.005895
2025-05-01T10:30:49.790000,-0.008725
2025-05-01T10:30:49.800000,-0.010774
2025-05-01T10:30:49.810000,0.033887
2025-05-01T10:30:49.820000,-0.020107
2025-05-01T10:30:49.830000,-0.010396
2025-05-01T10:30:49.840000,0.000217
2025-05-01T10:30:49.850000,0.000158
2025-05-01T10:30:49.860000,0.000641
2025-05-01T10:30:49.870000,0.010376
2025-05-01T10:30:49.880000,0.001645
2025-05-01T10:30:49.890000,-0.014198
2025-05-01T10:30:49.900000,-0.005915
2025-05-01T10:30:49.910000,0.000368
2025-05-01T10:30:49.920000,-0.007248
2025-05-01T10:30:49.930000,0.003031
2025-05-01T10:30:49.940000,0.008811
2025-05-01T10:30:49.950000,0.013772
2025-05-01T10:30:49.960000,-0.009221
2025-05-01T10:30:49.970000,-0.001103
2025-05-01T10:30:49.980000,0.003009
2025-05-01T10:30:49.990000,0.018810
2025-05-01T10:30:50,-0.001629
2025-05-01T10:30:50.010000,-0.013328
2025-05-01T10:30:50.020000,-0.006538
2025-05-01T10:30:50.030000,-0.014182
2025-05-01T10:30:50.040000,-0.011830
2025-05-01T10:30:50.050000,0.007549
2025-05-01T10:30:50.060000,0.004314
2025-05-01T10:30:50.070000,0.004645
2025-05-01T10:30:50.080000,-0.013712
2025-05-01T10:30:50.090000,-0.000359
2025-05-01T10:30:50.100000,0.014287
2025-05-01T10:30:50.110000,-0.003472
2025-05-01T10:30:50.120000,0.001697
2025-05-01T10:30:50.130000,-0.013592
2025-05-01T10:30:50.140000,0.012837
2025-05-01T10:30:50.150000,0.010896
2025-05-01T10:30:50.160000,-0.000413
2025-05-01T10:30:50.170000,-0.002425
2025-05-01T10:30:50.180000,0.002348
2025-05-01T10:30:50.190000,-0.001552
2025-05-01T10:30:50.200000,0.000886
2025-05-01T10:30:50.210000,0.010589
2025-05-01T10:30:50.220000,0.018371
2025-05-01T10:30:50.230000,-0.001650
2025-05-01T10:30:50.240000,-0.005161
2025-05-01T10:30:50.250000,-0.002177
2025-05-01T10:30:50.260000,-0.006260
2025-05-01T10:30:50.270000,-0.024846
2025-05-01T10:30:50.280000,0.010517
2025-05-01T10:30:50.290000,0.002074
2025-05-01T10:30:50.300000,0.005126
2025-05-01T10:30:50.310000,0.009267
2025-05-01T10:30:50.320000,0.005847
2025-05-01T10:30:50.330000,0.014715
2025-05-01T10:30:50.340000,0.002111
2025-05-01T10:30:50.350000,0.006329
2025-05-01T10:30:50.360000,-0.005931
2025-05-01T10:30:50.370000,0.021090
2025-05-01T10:30:50.380000,-0.015404
2025-05-01T10:30:50.390000,0.001341
2025-05-01T10:30:50.400000,0.003396
2025-05-01T10:30:50.410000,0.004218
2025-05-01T10:30:50.420000,-0.010682
2025-05-01T10:30:50.430000,-0.003616
2025-05-01T10:30:50.440000,0.006800
2025-05-01T10:30:50.450000,-0.005133
2025-05-01T10:30:50.460000,0.012202
2025-05-01T10:30:50.470000,0.010524
2025-05-01T10:30:50.480000,-0.002223
2025-05-01T10:30:50.490000,0.016248
2025-05-01T10:30:50.500000,-0.008113
2025-05-01T10:30:50.510000,0.000035
2025-05-01T10:30:50.520000,-0.007116
2025-05-01T10:30:50.530000,-0.014593
2025-05-01T10:30:50.540000,-0.015298
2025-05-01T10:30:50.550000,-0.011048
2025-05-01T10:30:50.560000,0.017604
2025-05-01T10:30:50.570000,0.009306
2025-05-01T10:30:50.580000,-0.001103
2025-05-01T10:30:50.590000,0.015217
2025-05-01T10:30:50.600000,0.008139
2025-05-01T10:30:50.610000,0.002111
2025-05-01T10:30:50.620000,0.000053
2025-05-01T10:30:50.630000,-0.003170
2025-05-01T10:30:50.640000,0.000772
2025-05-01T10:30:50.650000,-0.004012
2025-05-01T10:30:50.660000,0.008437
2025-05-01T10:30:50.670000,-0.002379
2025-05-01T10:30:50.680000,-0.002634
2025-05-01T10:30:50.690000,-0.008042
2025-05-01T10:30:50.700000,-0.003093
2025-05-01T10:30:50.710000,0.003657
2025-05-01T10:30:50.720000,0.008418
2025-05-01T10:30:50.730000,0.006862
2025-05-01T10:30:50.740000,0.001404
2025-05-01T10:30:50.750000,0.005597
2025-05-01T10:30:50.760000,0.010648
2025-05-01T10:30:50.770000,-0.008285
2025-05-01T10:30:50.780000,0.003862
2025-05-01T10:30:50.790000,-0.004333
2025-05-01T10:30:50.800000,-0.016963
2025-05-01T10:30:50.810000,-0.004058
2025-05-01T10:30:50.820000,-0.007692
2025-05-01T10:30:50.830000,-0.007788
2025-05-01T10:30:50.840000,0.013026
2025-05-01T10:30:50.850000,0.013102
2025-05-01T10:30:50.860000,0.002021
2025-05-01T10:30:50.870000,0.001765
2025-05-01T10:30:50.880000,-0.005155
2025-05-01T10:30:50.890000,-0.001045
2025-05-01T10:30:50.900000,-0.001134
2025-05-01T10:30:50.910000,0.001456
2025-05-01T10:30:50.920000,-0.019051
2025-05-01T10:30:50.930000,0.000518
2025-05-01T10:30:50.940000,0.005388
2025-05-01T10:30:50.950000,0.012714
2025-05-01T10:30:50.960000,0.032718
2025-05-01T10:30:50.970000,-0.000900
2025-05-01T10:30:50.980000,-0.011257
2025-05-01T10:30:50.990000,0.010367
2025-05-01T10:30:51,-0.002538
2025-05-01T10:30:51.010000,0.006546
2025-05-01T10:30:51.020000,0.006058
2025-05-01T10:30:51.030000,-0.012264
2025-05-01T10:30:51.040000,0.002514
2025-05-01T10:30:51.050000,0.001887
2025-05-01T10:30:51.060000,0.004537
2025-05-01T10:30:51.070000,-0.003374
2025-05-01T10:30:51.080000,-0.010519
2025-05-01T10:30:51.090000,-0.018885
2025-05-01T10:30:51.100000,-0.006261
2025-05-01T10:30:51.110000,0.010207
2025-05-01T10:30:51.120000,0.008213
2025-05-01T10:30:51.130000,-0.006098
2025-05-01T10:30:51.140000,-0.002336
2025-05-01T10:30:51.150000,0.006354
2025-05-01T10:30:51.160000,-0.015635
2025-05-01T10:30:51.170000,-0.010189
2025-05-01T10:30:51.180000,0.001083
2025-05-01T10:30:51.190000,0.003360
2025-05-01T10:30:51.200000,0.007879
2025-05-01T10:30:51.210000,0.010599
2025-05-01T10:30:51.220000,-0.006018
2025-05-01T10:30:51.230000,-0.003458
2025-05-01T10:30:51.240000,-0.005463
2025-05-01T10:30:51.250000,-0.013706
2025-05-01T10:30:51.260000,-0.001180
2025-05-01T10:30:51.270000,-0.003343
2025-05-01T10:30:51.280000,0.010693
2025-05-01T10:30:51.290000,0.006289
2025-05-01T10:30:51.300000,-0.007674
2025-05-01T10:30:51.310000,-0.004536
2025-05-01T10:30:51.320000,-0.002112
2025-05-01T10:30:51.330000,0.004682
2025-05-01T10:30:51.340000,0.010571
2025-05-01T10:30:51.350000,-0.007265
2025-05-01T10:30:51.360000,-0.017618
2025-05-01T10:30:51.370000,0.015139
2025-05-01T10:30:51.380000,0.002297
2025-05-01T10:30:51.390000,-0.015482
2025-05-01T10:30:51.400000,-0.006328
2025-05-01T10:30:51.410000,0.000936
2025-05-01T10:30:51.420000,-0.003995
2025-05-01T10:30:51.430000,-0.006023
2025-05-01T10:30:51.440000,0.007719
2025-05-01T10:30:51.450000,0.011150
2025-05-01T10:30:51.460000,-0.015149
2025-05-01T10:30:51.470000,0.008018
2025-05-01T10:30:51.480000,-0.009400
2025-05-01T10:30:51.490000,-0.017795
2025-05-01T10:30:51.500000,0.016847
2025-05-01T10:30:51.510000,-0.000094
2025-05-01T10:30:51.520000,-0.014098
2025-05-01T10:30:51.530000,-0.017359
2025-05-01T10:30:51.540000,0.012290
2025-05-01T10:30:51.550000,-0.002848
2025-05-01T10:30:51.560000,-0.006549
2025-05-01T10:30:51.570000,-0.007560
2025-05-01T10:30:51.580000,0.005636
2025-05-01T10:30:51.590000,-0.022946
2025-05-01T10:30:51.600000,-0.015007
2025-05-01T10:30:51.610000,-0.005779
2025-05-01T10:30:51.620000,0.001023
2025-05-01T10:30:51.630000,0.017250
2025-05-01T10:30:51.640000,0.008872
2025-05-01T10:30:51.650000,0.005165
2025-05-01T10:30:51.660000,-0.003812
2025-05-01T10:30:51.670000,-0.011341
2025-05-01T10:30:51.680000,0.005137
2025-05-01T10:30:51.690000,-0.002238
2025-05-01T10:30:51.700000,-0.018304
2025-05-01T10:30:51.710000,0.000613
2025-05-01T10:30:51.720000,-0.006372
2025-05-01T10:30:51.730000,-0.004630
2025-05-01T10:30:51.740000,-0.021067
2025-05-01T10:30:51.750000,0.004623
2025-05-01T10:30:51.760000,0.002269
2025-05-01T10:30:51.770000,0.013193
2025-05-01T10:30:51.780000,0.006219
2025-05-01T10:30:51.790000,0.011132
2025-05-01T10:30:51.800000,0.015384
2025-05-01T10:30:51.810000,-0.007168
2025-05-01T10:30:51.820000,0.012103
2025-05-01T10:30:51.830000,0.010750
2025-05-01T10:30:51.840000,-0.022451
2025-05-01T10:30:51.850000,-0.001701
2025-05-01T10:30:51.860000,-0.010472
2025-05-01T10:30:51.870000,0.004952
2025-05-01T10:30:51.880000,-0.013871
2025-05-01T10:30:51.890000,-0.012510
2025-05-01T10:30:51.900000,0.006638
2025-05-01T10:30:51.910000,-0.010017
2025-05-01T10:30:51.920000,0.011541
2025-05-01T10:30:51.930000,0.002466
2025-05-01T10:30:51.940000,0.004530
2025-05-01T10:30:51.950000,0.005270
2025-05-01T10:30:51.960000,-0.003210
2025-05-01T10:30:51.970000,0.006661
2025-05-01T10:30:51.980000,0.001869
2025-05-01T10:30:51.990000,-0.008041
2025-05-01T10:30:52,-0.004886
2025-05-01T10:30:52.010000,-0.009312
2025-05-01T10:30:52.020000,0.022445
2025-05-01T10:30:52.030000,0.009258
2025-05-01T10:30:52.040000,-0.001386
2025-05-01T10:30:52.050000,0.001459
2025-05-01T10:30:52.060000,-0.013951
2025-05-01T10:30:52.070000,0.003816
2025-05-01T10:30:52.080000,-0.007580
2025-05-01T10:30:52.090000,-0.016143
2025-05-01T10:30:52.100000,0.007102
2025-05-01T10:30:52.110000,-0.008311
2025-05-01T10:30:52.120000,-0.012775
2025-05-01T10:30:52.130000,-0.002356
2025-05-01T10:30:52.140000,-0.013309
2025-05-01T10:30:52.150000,-0.011972
2025-05-01T10:30:52.160000,-0.017034
2025-05-01T10:30:52.170000,0.005714
2025-05-01T10:30:52.180000,0.005182
2025-05-01T10:30:52.190000,0.004504
2025-05-01T10:30:52.200000,0.002950
2025-05-01T10:30:52.210000,-0.003607
2025-05-01T10:30:52.220000,0.003982
2025-05-01T10:30:52.230000,-0.005504
2025-05-01T10:30:52.240000,-0.007077
2025-05-01T10:30:52.250000,-0.004067
2025-05-01T10:30:52.260000,-0.015908
2025-05-01T10:30:52.270000,-0.004159
2025-05-01T10:30:52.280000,0.003358
2025-05-01T10:30:52.290000,0.010117
2025-05-01T10:30:52.300000,0.014070
2025-05-01T10:30:52.310000,-0.004597
2025-05-01T10:30:52.320000,-0.004679
2025-05-01T10:30:52.330000,0.005868
2025-05-01T10:30:52.340000,0.013688
2025-05-01T10:30:52.350000,0.000547
2025-05-01T10:30:52.360000,0.002040
2025-05-01T10:30:52.370000,0.012631
2025-05-01T10:30:52.380000,0.001811
2025-05-01T10:30:52.390000,0.000783
2025-05-01T10:30:52.400000,0.002572
2025-05-01T10:30:52.410000,-0.015466
2025-05-01T10:30:52.420000,0.001533
2025-05-01T10:30:52.430000,0.011710
2025-05-01T10:30:52.440000,0.024025
2025-05-01T10:30:52.450000,0.004148
2025-05-01T10:30:52.460000,0.001675
2025-05-01T10:30:52.470000,-0.016585
2025-05-01T10:30:52.480000,-0.020121
2025-05-01T10:30:52.490000,-0.008112
2025-05-01T10:30:52.500000,0.014986
2025-05-01T10:30:52.510000,0.001789
2025-05-01T10:30:52.520000,0.004963
2025-05-01T10:30:52.530000,-0.009472
2025-05-01T10:30:52.540000,0.010340
2025-05-01T10:30:52.550000,0.005726
2025-05-01T10:30:52.560000,-0.000544
2025-05-01T10:30:52.570000,0.006605
2025-05-01T10:30:52.580000,-0.009442
2025-05-01T10:30:52.590000,-0.007176
2025-05-01T10:30:52.600000,0.009006
2025-05-01T10:30:52.610000,0.006668
2025-05-01T10:30:52.620000,0.003482
2025-05-01T10:30:52.630000,0.006184
2025-05-01T10:30:52.640000,0.012983
2025-05-01T10:30:52.650000,0.013560
2025-05-01T10:30:52.660000,-0.017215
2025-05-01T10:30:52.670000,-0.007761
2025-05-01T10:30:52.680000,-0.009383
2025-05-01T10:30:52.690000,0.014326
2025-05-01T10:30:52.700000,0.001937
2025-05-01T10:30:52.710000,-0.010493
2025-05-01T10:30:52.720000,-0.012161
2025-05-01T10:30:52.730000,-0.000286
2025-05-01T10:30:52.740000,0.002605
2025-05-01T10:30:52.750000,-0.002331
2025-05-01T10:30:52.760000,-0.002563
2025-05-01T10:30:52.770000,0.008341
2025-05-01T10:30:52.780000,0.015727
2025-05-01T10:30:52.790000,-0.012421
2025-05-01T10:30:52.800000,-0.018177
2025-05-01T10:30:52.810000,0.005668
2025-05-01T10:30:52.820000,0.002727
2025-05-01T10:30:52.830000,-0.001114
2025-05-01T10:30:52.840000,0.011448
2025-05-01T10:30:52.850000,0.003909
2025-05-01T10:30:52.860000,0.001779
2025-05-01T10:30:52.870000,0.001506
2025-05-01T10:30:52.880000,-0.000231
2025-05-01T10:30:52.890000,-0.009113
2025-05-01T10:30:52.900000,0.015133
2025-05-01T10:30:52.910000,0.000564
2025-05-01T10:30:52.920000,0.005250
2025-05-01T10:30:52.930000,0.002889
2025-05-01T10:30:52.940000,-0.009219
2025-05-01T10:30:52.950000,-0.000741
2025-05-01T10:30:52.960000,-0.006622
2025-05-01T10:30:52.970000,-0.017824
2025-05-01T10:30:52.980000,-0.011436
2025-05-01T10:30:52.990000,-0.006867
2025-05-01T10:30:53,-0.003034
2025-05-01T10:30:53.010000,-0.001494
2025-05-01T10:30:53.020000,0.000761
2025-05-01T10:30:53.030000,0.011365
2025-05-01T10:30:53.040000,0.002623
2025-05-01T10:30:53.050000,-0.000758
2025-05-01T10:30:53.060000,-0.001557
2025-05-01T10:30:53.070000,-0.014798
2025-05-01T10:30:53.080000,-0.009215
2025-05-01T10:30:53.090000,-0.021692
2025-05-01T10:30:53.100000,0.014225
2025-05-01T10:30:53.110000,-0.003024
2025-05-01T10:30:53.120000,-0.001529
2025-05-01T10:30:53.130000,0.018935
2025-05-01T10:30:53.140000,-0.006076
2025-05-01T10:30:53.150000,-0.013259
2025-05-01T10:30:53.160000,-0.001460
2025-05-01T10:30:53.170000,-0.004151
2025-05-01T10:30:53.180000,0.008908
2025-05-01T10:30:53.190000,0.005210
2025-05-01T10:30:53.200000,-0.012139
2025-05-01T10:30:53.210000,0.001870
2025-05-01T10:30:53.220000,0.001713
2025-05-01T10:30:53.230000,0.021909
2025-05-01T10:30:53.240000,-0.007446
2025-05-01T10:30:53.250000,-0.000144
2025-05-01T10:30:53.260000,-0.021239
2025-05-01T10:30:53.270000,0.016605
2025-05-01T10:30:53.280000,0.007791
2025-05-01T10:30:53.290000,-0.006224
2025-05-01T10:30:53.300000,0.003362
2025-05-01T10:30:53.310000,0.007348
2025-05-01T10:30:53.320000,-0.008304
2025-05-01T10:30:53.330000,0.015675
2025-05-01T10:30:53.340000,-0.005710
2025-05-01T10:30:53.350000,-0.000208
2025-05-01T10:30:53.360000,0.013736
2025-05-01T10:30:53.370000,0.000036
2025-05-01T10:30:53.380000,-0.004827
2025-05-01T10:30:53.390000,-0.001470
2025-05-01T10:30:53.400000,-0.018302
2025-05-01T10:30:53.410000,0.017854
2025-05-01T10:30:53.420000,-0.005850
2025-05-01T10:30:53.430000,0.013197
2025-05-01T10:30:53.440000,-0.012899
2025-05-01T10:30:53.450000,0.012139
2025-05-01T10:30:53.460000,0.004600
2025-05-01T10:30:53.470000,-0.010364
2025-05-01T10:30:53.480000,-0.000480
2025-05-01T10:30:53.490000,-0.008862
2025-05-01T10:30:53.500000,-0.005555
2025-05-01T10:30:53.510000,0.000808
2025-05-01T10:30:53.520000,-0.003795
2025-05-01T10:30:53.530000,0.000332
2025-05-01T10:30:53.540000,0.006432
2025-05-01T10:30:53.550000,-0.001401
2025-05-01T10:30:53.560000,0.004097
2025-05-01T10:30:53.570000,-0.005018
2025-05-01T10:30:53.580000,-0.007337
2025-05-01T10:30:53.590000,0.018644
2025-05-01T10:30:53.600000,-0.002256
2025-05-01T10:30:53.610000,0.003583
2025-05-01T10:30:53.620000,0.015577
2025-05-01T10:30:53.630000,0.014103
2025-05-01T10:30:53.640000,-0.005158
2025-05-01T10:30:53.650000,0.005176
2025-05-01T10:30:53.660000,0.011196
2025-05-01T10:30:53.670000,-0.004410
2025-05-01T10:30:53.680000,0.006152
2025-05-01T10:30:53.690000,0.002008
2025-05-01T10:30:53.700000,0.013138
2025-05-01T10:30:53.710000,0.005837
2025-05-01T10:30:53.720000,-0.001021
2025-05-01T10:30:53.730000,-0.007167
2025-05-01T10:30:53.740000,-0.004457
2025-05-01T10:30:53.750000,0.008040
2025-05-01T10:30:53.760000,0.000957
2025-05-01T10:30:53.770000,0.009738
2025-05-01T10:30:53.780000,0.011162
2025-05-01T10:30:53.790000,-0.004481
2025-05-01T10:30:53.800000,0.004947
2025-05-01T10:30:53.810000,0.007202
2025-05-01T10:30:53.820000,0.004191
2025-05-01T10:30:53.830000,0.002637
2025-05-01T10:30:53.840000,0.011723
2025-05-01T10:30:53.850000,0.000307
2025-05-01T10:30:53.860000,0.004049
2025-05-01T10:30:53.870000,0.008014
2025-05-01T10:30:53.880000,0.029205
2025-05-01T10:30:53.890000,0.005450
2025-05-01T10:30:53.900000,-0.018388
2025-05-01T10:30:53.910000,-0.023774
2025-05-01T10:30:53.920000,0.007767
2025-05-01T10:30:53.930000,-0.000357
2025-05-01T10:30:53.940000,-0.002593
2025-05-01T10:30:53.950000,0.010234
2025-05-01T10:30:53.960000,-0.007339
2025-05-01T10:30:53.970000,-0.001343
2025-05-01T10:30:53.980000,0.005248
2025-05-01T10:30:53.990000,-0.007971
2025-05-01T10:30:54,0.006229
2025-05-01T10:30:54.010000,0.004658
2025-05-01T10:30:54.020000,-0.003957
2025-05-01T10:30:54.030000,0.007262
2025-05-01T10:30:54.040000,0.008545
2025-05-01T10:30:54.050000,-0.003844
2025-05-01T10:30:54.060000,0.007266
2025-05-01T10:30:54.070000,-0.000242
2025-05-01T10:30:54.080000,0.014345
2025-05-01T10:30:54.090000,-0.001305
2025-05-01T10:30:54.100000,-0.001262
2025-05-01T10:30:54.110000,0.005609
2025-05-01T10:30:54.120000,-0.002366
2025-05-01T10:30:54.130000,0.015157
2025-05-01T10:30:54.140000,0.018540
2025-05-01T10:30:54.150000,-0.000597
2025-05-01T10:30:54.160000,0.009078
2025-05-01T10:30:54.170000,-0.005737
2025-05-01T10:30:54.180000,-0.000783
2025-05-01T10:30:54.190000,0.015780
2025-05-01T10:30:54.200000,0.012568
2025-05-01T10:30:54.210000,0.014299
2025-05-01T10:30:54.220000,-0.000723
2025-05-01T10:30:54.230000,-0.001504
2025-05-01T10:30:54.240000,-0.008163
2025-05-01T10:30:54.250000,-0.009870
2025-05-01T10:30:54.260000,-0.001351
2025-05-01T10:30:54.270000,-0.002315
2025-05-01T10:30:54.280000,0.004478
2025-05-01T10:30:54.290000,0.005160
2025-05-01T10:30:54.300000,-0.010801
2025-05-01T10:30:54.310000,-0.000052
2025-05-01T10:30:54.320000,0.000061
2025-05-01T10:30:54.330000,-0.004258
2025-05-01T10:30:54.340000,-0.001142
2025-05-01T10:30:54.350000,0.001470
2025-05-01T10:30:54.360000,-0.005299
2025-05-01T10:30:54.370000,0.007852
2025-05-01T10:30:54.380000,0.005575
2025-05-01T10:30:54.390000,0.015956
2025-05-01T10:30:54.400000,0.016645
2025-05-01T10:30:54.410000,0.016574
2025-05-01T10:30:54.420000,0.001553
2025-05-01T10:30:54.430000,0.004194
2025-05-01T10:30:54.440000,-0.001330
2025-05-01T10:30:54.450000,-0.026798
2025-05-01T10:30:54.460000,-0.007398
2025-05-01T10:30:54.470000,-0.000506
2025-05-01T10:30:54.480000,-0.015996
2025-05-01T10:30:54.490000,-0.024025
2025-05-01T10:30:54.500000,-0.010105
2025-05-01T10:30:54.510000,-0.014988
2025-05-01T10:30:54.520000,-0.008551
2025-05-01T10:30:54.530000,0.004057
2025-05-01T10:30:54.540000,0.000495
2025-05-01T10:30:54.550000,-0.009809
2025-05-01T10:30:54.560000,-0.000014
2025-05-01T10:30:54.570000,0.004034
2025-05-01T10:30:54.580000,-0.018280
2025-05-01T10:30:54.590000,-0.013291
2025-05-01T10:30:54.600000,0.008955
2025-05-01T10:30:54.610000,-0.012221
2025-05-01T10:30:54.620000,0.007008
2025-05-01T10:30:54.630000,0.004459
2025-05-01T10:30:54.640000,0.003691
2025-05-01T10:30:54.650000,-0.008366
2025-05-01T10:30:54.660000,0.012233
2025-05-01T10:30:54.670000,0.015391
2025-05-01T10:30:54.680000,0.015357
2025-05-01T10:30:54.690000,-0.009347
2025-05-01T10:30:54.700000,0.009960
2025-05-01T10:30:54.710000,-0.011501
2025-05-01T10:30:54.720000,-0.008907
2025-05-01T10:30:54.730000,0.003916
2025-05-01T10:30:54.740000,-0.003492
2025-05-01T10:30:54.750000,-0.009543
2025-05-01T10:30:54.760000,-0.005113
2025-05-01T10:30:54.770000,-0.004456
2025-05-01T10:30:54.780000,-0.008086
2025-05-01T10:30:54.790000,0.003640
2025-05-01T10:30:54.800000,-0.000052
2025-05-01T10:30:54.810000,0.002600
2025-05-01T10:30:54.820000,0.015326
2025-05-01T10:30:54.830000,0.012765
2025-05-01T10:30:54.840000,-0.008005
2025-05-01T10:30:54.850000,-0.006283
2025-05-01T10:30:54.860000,0.011092
2025-05-01T10:30:54.870000,0.013049
2025-05-01T10:30:54.880000,-0.003997
2025-05-01T10:30:54.890000,0.009397
2025-05-01T10:30:54.900000,0.000300
2025-05-01T10:30:54.910000,-0.004209
2025-05-01T10:30:54.920000,0.016942
2025-05-01T10:30:54.930000,0.000290
2025-05-01T10:30:54.940000,-0.000566
2025-05-01T10:30:54.950000,-0.003171
2025-05-01T10:30:54.960000,0.006763
2025-05-01T10:30:54.970000,-0.008693
2025-05-01T10:30:54.980000,-0.002722
2025-05-01T10:30:54.990000,0.014319
2025-05-01T10:30:55,-0.013169
2025-05-01T10:30:55.010000,0.007150
2025-05-01T10:30:55.020000,0.012353
2025-05-01T10:30:55.030000,-0.006377
2025-05-01T10:30:55.040000,-0.006176
2025-05-01T10:30:55.050000,0.010026
2025-05-01T10:30:55.060000,-0.018623
2025-05-01T10:30:55.070000,-0.000571
2025-05-01T10:30:55.080000,0.001627
2025-05-01T10:30:55.090000,-0.002663
2025-05-01T10:30:55.100000,-0.001277
2025-05-01T10:30:55.110000,0.007901
2025-05-01T10:30:55.120000,0.013814
2025-05-01T10:30:55.130000,0.008822
2025-05-01T10:30:55.140000,0.004521
2025-05-01T10:30:55.150000,0.008775
2025-05-01T10:30:55.160000,-0.011933
2025-05-01T10:30:55.170000,0.014911
2025-05-01T10:30:55.180000,0.016010
2025-05-01T10:30:55.190000,-0.005908
2025-05-01T10:30:55.200000,0.006028
2025-05-01T10:30:55.210000,0.001369
2025-05-01T10:30:55.220000,0.013815
2025-05-01T10:30:55.230000,0.001737
2025-05-01T10:30:55.240000,-0.007228
2025-05-01T10:30:55.250000,-0.005827
2025-05-01T10:30:55.260000,0.001480
2025-05-01T10:30:55.270000,0.005715
2025-05-01T10:30:55.280000,-0.022863
2025-05-01T10:30:55.290000,0.003754
2025-05-01T10:30:55.300000,-0.004363
2025-05-01T10:30:55.310000,-0.006213
2025-05-01T10:30:55.320000,0.002669
2025-05-01T10:30:55.330000,-0.000978
2025-05-01T10:30:55.340000,0.011271
2025-05-01T10:30:55.350000,-0.003392
2025-05-01T10:30:55.360000,-0.009552
2025-05-01T10:30:55.370000,0.002282
2025-05-01T10:30:55.380000,0.008763
2025-05-01T10:30:55.390000,-0.007100
2025-05-01T10:30:55.400000,0.005901
2025-05-01T10:30:55.410000,-0.002322
2025-05-01T10:30:55.420000,0.006386
2025-05-01T10:30:55.430000,0.004001
2025-05-01T10:30:55.440000,-0.006479
2025-05-01T10:30:55.450000,0.003377
2025-05-01T10:30:55.460000,0.018620
2025-05-01T10:30:55.470000,0.007206
2025-05-01T10:30:55.480000,0.003343
2025-05-01T10:30:55.490000,0.005549
2025-05-01T10:30:55.500000,-0.001408
2025-05-01T10:30:55.510000,-0.006795
2025-05-01T10:30:55.520000,-0.004583
2025-05-01T10:30:55.530000,-0.005498
2025-05-01T10:30:55.540000,-0.011408
2025-05-01T10:30:55.550000,-0.000231
2025-05-01T10:30:55.560000,0.003486
2025-05-01T10:30:55.570000,0.002910
2025-05-01T10:30:55.580000,-0.016963
2025-05-01T10:30:55.590000,-0.012736
2025-05-01T10:30:55.600000,0.015391
2025-05-01T10:30:55.610000,-0.001804
2025-05-01T10:30:55.620000,0.003368
2025-05-01T10:30:55.630000,-0.012647
2025-05-01T10:30:55.640000,0.008332
2025-05-01T10:30:55.650000,-0.008021
2025-05-01T10:30:55.660000,0.002462
2025-05-01T10:30:55.670000,-0.004905
2025-05-01T10:30:55.680000,0.001369
2025-05-01T10:30:55.690000,-0.008805
2025-05-01T10:30:55.700000,0.009133
2025-05-01T10:30:55.710000,-0.010237
2025-05-01T10:30:55.720000,-0.006899
2025-05-01T10:30:55.730000,0.009692
2025-05-01T10:30:55.740000,-0.006750
2025-05-01T10:30:55.750000,-0.008901
2025-05-01T10:30:55.760000,0.009283
2025-05-01T10:30:55.770000,0.002093
2025-05-01T10:30:55.780000,0.001201
2025-05-01T10:30:55.790000,0.009787
2025-05-01T10:30:55.800000,-0.019361
2025-05-01T10:30:55.810000,-0.001865
2025-05-01T10:30:55.820000,-0.005321
2025-05-01T10:30:55.830000,0.012649
2025-05-01T10:30:55.840000,0.004181
2025-05-01T10:30:55.850000,0.012970
2025-05-01T10:30:55.860000,-0.012384
2025-05-01T10:30:55.870000,-0.010419
2025-05-01T10:30:55.880000,-0.014973
2025-05-01T10:30:55.890000,0.010521
2025-05-01T10:30:55.900000,-0.016054
2025-05-01T10:30:55.910000,0.001210
2025-05-01T10:30:55.920000,-0.006500
2025-05-01T10:30:55.930000,-0.019390
2025-05-01T10:30:55.940000,-0.027223
2025-05-01T10:30:55.950000,-0.003227
2025-05-01T10:30:55.960000,-0.016252
2025-05-01T10:30:55.970000,-0.003354
2025-05-01T10:30:55.980000,-0.017671
2025-05-01T10:30:55.990000,0.021947
2025-05-01T10:30:56,0.000425
2025-05-01T10:30:56.010000,-0.006258
2025-05-01T10:30:56.020000,0.008696
2025-05-01T10:30:56.030000,0.012789
2025-05-01T10:30:56.040000,0.006856
2025-05-01T10:30:56.050000,0.005767
2025-05-01T10:30:56.060000,-0.020314
2025-05-01T10:30:56.070000,-0.003711
2025-05-01T10:30:56.080000,-0.006830
2025-05-01T10:30:56.090000,0.009752
2025-05-01T10:30:56.100000,0.019779
2025-05-01T10:30:56.110000,-0.003882
2025-05-01T10:30:56.120000,0.005492
2025-05-01T10:30:56.130000,0.001029
2025-05-01T10:30:56.140000,-0.006159
2025-05-01T10:30:56.150000,0.003565
2025-05-01T10:30:56.160000,0.004627
2025-05-01T10:30:56.170000,-0.006242
2025-05-01T10:30:56.180000,0.010812
2025-05-01T10:30:56.190000,-0.008359
2025-05-01T10:30:56.200000,-0.004916
2025-05-01T10:30:56.210000,-0.009035
2025-05-01T10:30:56.220000,0.029159
2025-05-01T10:30:56.230000,-0.008395
2025-05-01T10:30:56.240000,0.013317
2025-05-01T10:30:56.250000,-0.014337
2025-05-01T10:30:56.260000,-0.006598
2025-05-01T10:30:56.270000,0.003092
2025-05-01T10:30:56.280000,0.019687
2025-05-01T10:30:56.290000,0.003125
2025-05-01T10:30:56.300000,-0.010396
2025-05-01T10:30:56.310000,-0.005852
2025-05-01T10:30:56.320000,-0.013310
2025-05-01T10:30:56.330000,0.007961
2025-05-01T10:30:56.340000,0.006477
2025-05-01T10:30:56.350000,-0.001521
2025-05-01T10:30:56.360000,0.022453
2025-05-01T10:30:56.370000,-0.002273
2025-05-01T10:30:56.380000,-0.013071
2025-05-01T10:30:56.390000,-0.011568
2025-05-01T10:30:56.400000,0.003145
2025-05-01T10:30:56.410000,-0.002652
2025-05-01T10:30:56.420000,0.012496
2025-05-01T10:30:56.430000,0.003232
2025-05-01T10:30:56.440000,0.028887
2025-05-01T10:30:56.450000,-0.018280
2025-05-01T10:30:56.460000,0.011447
2025-05-01T10:30:56.470000,-0.008128
2025-05-01T10:30:56.480000,-0.006689
2025-05-01T10:30:56.490000,-0.003532
2025-05-01T10:30:56.500000,-0.025134
2025-05-01T10:30:56.510000,0.003459
2025-05-01T10:30:56.520000,-0.001624
2025-05-01T10:30:56.530000,-0.004435
2025-05-01T10:30:56.540000,0.015072
2025-05-01T10:30:56.550000,0.000768
2025-05-01T10:30:56.560000,0.008050
2025-05-01T10:30:56.570000,0.013908
2025-05-01T10:30:56.580000,0.016838
2025-05-01T10:30:56.590000,-0.007554
2025-05-01T10:30:56.600000,-0.022256
2025-05-01T10:30:56.610000,0.015612
2025-05-01T10:30:56.620000,0.009606
2025-05-01T10:30:56.630000,-0.003758
2025-05-01T10:30:56.640000,0.016157
2025-05-01T10:30:56.650000,0.002605
2025-05-01T10:30:56.660000,-0.016470
2025-05-01T10:30:56.670000,-0.003476
2025-05-01T10:30:56.680000,-0.004785
2025-05-01T10:30:56.690000,-0.002391
2025-05-01T10:30:56.700000,0.019729
2025-05-01T10:30:56.710000,0.013187
2025-05-01T10:30:56.720000,-0.003496
2025-05-01T10:30:56.730000,0.001482
2025-05-01T10:30:56.740000,-0.026880
2025-05-01T10:30:56.750000,0.016759
2025-05-01T10:30:56.760000,0.014010
2025-05-01T10:30:56.770000,-0.020078
2025-05-01T10:30:56.780000,0.001655
2025-05-01T10:30:56.790000,0.000834
2025-05-01T10:30:56.800000,-0.005368
2025-05-01T10:30:56.810000,-0.008746
2025-05-01T10:30:56.820000,-0.011289
2025-05-01T10:30:56.830000,-0.002781
2025-05-01T10:30:56.840000,-0.017357
2025-05-01T10:30:56.850000,-0.011699
2025-05-01T10:30:56.860000,-0.008661
2025-05-01T10:30:56.870000,-0.014579
2025-05-01T10:30:56.880000,0.013344
2025-05-01T10:30:56.890000,-0.001487
2025-05-01T10:30:56.900000,0.000533
2025-05-01T10:30:56.910000,0.005962
2025-05-01T10:30:56.920000,-0.003387
2025-05-01T10:30:56.930000,0.006847
2025-05-01T10:30:56.940000,0.013403
2025-05-01T10:30:56.950000,0.012977
2025-05-01T10:30:56.960000,-0.019515
2025-05-01T10:30:56.970000,0.001498
2025-05-01T10:30:56.980000,-0.000031
2025-05-01T10:30:56.990000,0.008061
2025-05-01T10:30:57,-0.000125
2025-05-01T10:30:57.010000,0.007205
2025-05-01T10:30:57.020000,-0.007856
2025-05-01T10:30:57.030000,0.007637
2025-05-01T10:30:57.040000,-0.000183
2025-05-01T10:30:57.050000,0.008932
2025-05-01T10:30:57.060000,0.011708
2025-05-01T10:30:57.070000,0.008323
2025-05-01T10:30:57.080000,0.018254
2025-05-01T10:30:57.090000,-0.013332
2025-05-01T10:30:57.100000,-0.014525
2025-05-01T10:30:57.110000,0.004391
2025-05-01T10:30:57.120000,0.004662
2025-05-01T10:30:57.130000,-0.005556
2025-05-01T10:30:57.140000,0.012406
2025-05-01T10:30:57.150000,-0.001516
2025-05-01T10:30:57.160000,0.012511
2025-05-01T10:30:57.170000,-0.006061
2025-05-01T10:30:57.180000,0.010239
2025-05-01T10:30:57.190000,0.005231
2025-05-01T10:30:57.200000,0.000455
2025-05-01T10:30:57.210000,0.004739
2025-05-01T10:30:57.220000,0.015961
2025-05-01T10:30:57.230000,0.001679
2025-05-01T10:30:57.240000,-0.023495
2025-05-01T10:30:57.250000,-0.011770
2025-05-01T10:30:57.260000,0.011197
2025-05-01T10:30:57.270000,-0.002313
2025-05-01T10:30:57.280000,-0.010355
2025-05-01T10:30:57.290000,-0.003080
2025-05-01T10:30:57.300000,-0.009043
2025-05-01T10:30:57.310000,-0.019103
2025-05-01T10:30:57.320000,0.012796
2025-05-01T10:30:57.330000,0.004213
2025-05-01T10:30:57.340000,-0.005617
2025-05-01T10:30:57.350000,0.001006
2025-05-01T10:30:57.360000,-0.000177
2025-05-01T10:30:57.370000,0.000312
2025-05-01T10:30:57.380000,0.000568
2025-05-01T10:30:57.390000,0.001863
2025-05-01T10:30:57.400000,0.005444
2025-05-01T10:30:57.410000,-0.006175
2025-05-01T10:30:57.420000,0.013506
2025-05-01T10:30:57.430000,0.006122
2025-05-01T10:30:57.440000,-0.007220
2025-05-01T10:30:57.450000,0.009697
2025-05-01T10:30:57.460000,-0.006038
2025-05-01T10:30:57.470000,-0.004135
2025-05-01T10:30:57.480000,-0.017194
2025-05-01T10:30:57.490000,-0.007900
2025-05-01T10:30:57.500000,-0.011744
2025-05-01T10:30:57.510000,-0.002606
2025-05-01T10:30:57.520000,-0.009586
2025-05-01T10:30:57.530000,-0.003104
2025-05-01T10:30:57.540000,-0.000057
2025-05-01T10:30:57.550000,0.012930
2025-05-01T10:30:57.560000,-0.004742
2025-05-01T10:30:57.570000,0.012153
2025-05-01T10:30:57.580000,0.019889
2025-05-01T10:30:57.590000,0.005635
2025-05-01T10:30:57.600000,0.001630
2025-05-01T10:30:57.610000,-0.004841
2025-05-01T10:30:57.620000,0.014835
2025-05-01T10:30:57.630000,0.014175
2025-05-01T10:30:57.640000,-0.003971
2025-05-01T10:30:57.650000,0.005987
2025-05-01T10:30:57.660000,-0.005454
2025-05-01T10:30:57.670000,0.011362
2025-05-01T10:30:57.680000,-0.011501
2025-05-01T10:30:57.690000,0.012615
2025-05-01T10:30:57.700000,-0.001792
2025-05-01T10:30:57.710000,-0.004206
2025-05-01T10:30:57.720000,0.000367
2025-05-01T10:30:57.730000,0.003653
2025-05-01T10:30:57.740000,0.006985
2025-05-01T10:30:57.750000,0.003058
2025-05-01T10:30:57.760000,-0.007185
2025-05-01T10:30:57.770000,-0.000040
2025-05-01T10:30:57.780000,0.020313
2025-05-01T10:30:57.790000,-0.006061
2025-05-01T10:30:57.800000,-0.006451
2025-05-01T10:30:57.810000,-0.005358
2025-05-01T10:30:57.820000,0.000700
2025-05-01T10:30:57.830000,0.005701
2025-05-01T10:30:57.840000,0.009243
2025-05-01T10:30:57.850000,0.004944
2025-05-01T10:30:57.860000,0.003220
2025-05-01T10:30:57.870000,0.010491
2025-05-01T10:30:57.880000,-0.000724
2025-05-01T10:30:57.890000,0.025762
2025-05-01T10:30:57.900000,-0.011246
2025-05-01T10:30:57.910000,-0.007857
2025-05-01T10:30:57.920000,0.013741
2025-05-01T10:30:57.930000,0.006600
2025-05-01T10:30:57.940000,0.001314
2025-05-01T10:30:57.950000,-0.003426
2025-05-01T10:30:57.960000,-0.005283
2025-05-01T10:30:57.970000,-0.022051
2025-05-01T10:30:57.980000,-0.012086
2025-05-01T10:30:57.990000,-0.000337
2025-05-01T10:30:58,0.017659
2025-05-01T10:30:58.010000,-0.006793
2025-05-01T10:30:58.020000,-0.000241
2025-05-01T10:30:58.030000,-0.004829
2025-05-01T10:30:58.040000,0.001354
2025-05-01T10:30:58.050000,0.009763
2025-05-01T10:30:58.060000,-0.001299
2025-05-01T10:30:58.070000,0.024737
2025-05-01T10:30:58.080000,-0.013911
2025-05-01T10:30:58.090000,0.007953
2025-05-01T10:30:58.100000,-0.017819
2025-05-01T10:30:58.110000,-0.002032
2025-05-01T10:30:58.120000,0.016573
2025-05-01T10:30:58.130000,-0.002058
2025-05-01T10:30:58.140000,0.014135
2025-05-01T10:30:58.150000,-0.009321
2025-05-01T10:30:58.160000,0.008443
2025-05-01T10:30:58.170000,0.004642
2025-05-01T10:30:58.180000,0.006927
2025-05-01T10:30:58.190000,-0.009013
2025-05-01T10:30:58.200000,-0.020191
2025-05-01T10:30:58.210000,0.003192
2025-05-01T10:30:58.220000,-0.005612
2025-05-01T10:30:58.230000,0.016611
2025-05-01T10:30:58.240000,-0.004005
2025-05-01T10:30:58.250000,0.008543
2025-05-01T10:30:58.260000,-0.004150
2025-05-01T10:30:58.270000,0.003961
2025-05-01T10:30:58.280000,0.011030
2025-05-01T10:30:58.290000,0.013903
2025-05-01T10:30:58.300000,-0.000938
2025-05-01T10:30:58.310000,-0.000832
2025-05-01T10:30:58.320000,-0.007405
2025-05-01T10:30:58.330000,0.002755
2025-05-01T10:30:58.340000,-0.006937
2025-05-01T10:30:58.350000,0.009937
2025-05-01T10:30:58.360000,0.013574
2025-05-01T10:30:58.370000,-0.009315
2025-05-01T10:30:58.380000,0.004757
2025-05-01T10:30:58.390000,-0.001182
2025-05-01T10:30:58.400000,-0.009678
2025-05-01T10:30:58.410000,0.006403
2025-05-01T10:30:58.420000,0.003187
2025-05-01T10:30:58.430000,-0.005955
2025-05-01T10:30:58.440000,0.016699
2025-05-01T10:30:58.450000,0.000440
2025-05-01T10:30:58.460000,0.000055
2025-05-01T10:30:58.470000,-0.003893
2025-05-01T10:30:58.480000,-0.007356
2025-05-01T10:30:58.490000,0.017758
2025-05-01T10:30:58.500000,0.008258
2025-05-01T10:30:58.510000,0.003396
2025-05-01T10:30:58.520000,-0.001247
2025-05-01T10:30:58.530000,0.014880
2025-05-01T10:30:58.540000,0.011533
2025-05-01T10:30:58.550000,0.010406
2025-05-01T10:30:58.560000,0.018480
2025-05-01T10:30:58.570000,0.008713
2025-05-01T10:30:58.580000,0.003033
2025-05-01T10:30:58.590000,-0.004045
2025-05-01T10:30:58.600000,0.014616
2025-05-01T10:30:58.610000,-0.006282
2025-05-01T10:30:58.620000,-0.011630
2025-05-01T10:30:58.630000,-0.007059
2025-05-01T10:30:58.640000,-0.005731
2025-05-01T10:30:58.650000,0.003006
2025-05-01T10:30:58.660000,-0.001921
2025-05-01T10:30:58.670000,0.008296
2025-05-01T10:30:58.680000,-0.005623
2025-05-01T10:30:58.690000,0.000614
2025-05-01T10:30:58.700000,0.007545
2025-05-01T10:30:58.710000,0.000501
2025-05-01T10:30:58.720000,-0.000607
2025-05-01T10:30:58.730000,-0.013145
2025-05-01T10:30:58.740000,0.005403
2025-05-01T10:30:58.750000,0.009279
2025-05-01T10:30:58.760000,-0.009710
2025-05-01T10:30:58.770000,-0.014902
2025-05-01T10:30:58.780000,0.000971
2025-05-01T10:30:58.790000,0.004950
2025-05-01T10:30:58.800000,-0.004458
2025-05-01T10:30:58.810000,0.003207
2025-05-01T10:30:58.820000,-0.009748
2025-05-01T10:30:58.830000,-0.006450
2025-05-01T10:30:58.840000,0.017976
2025-05-01T10:30:58.850000,-0.009103
2025-05-01T10:30:58.860000,0.007484
2025-05-01T10:30:58.870000,-0.018636
2025-05-01T10:30:58.880000,0.006315
2025-05-01T10:30:58.890000,0.000973
2025-05-01T10:30:58.900000,0.015577
2025-05-01T10:30:58.910000,0.010556
2025-05-01T10:30:58.920000,0.000515
2025-05-01T10:30:58.930000,-0.006450
2025-05-01T10:30:58.940000,0.007852
2025-05-01T10:30:58.950000,0.006735
2025-05-01T10:30:58.960000,-0.011877
2025-05-01T10:30:58.970000,0.015798
2025-05-01T10:30:58.980000,-0.003280
2025-05-01T10:30:58.990000,-0.012901
2025-05-01T10:30:59,0.018560
2025-05-01T10:30:59.010000,-0.017992
2025-05-01T10:30:59.020000,-0.014051
2025-05-01T10:30:59.030000,-0.011750
2025-05-01T10:30:59.040000,-0.007419
2025-05-01T10:30:59.050000,0.001377
2025-05-01T10:30:59.060000,-0.014225
2025-05-01T10:30:59.070000,0.006520
2025-05-01T10:30:59.080000,0.011726
2025-05-01T10:30:59.090000,-0.010351
2025-05-01T10:30:59.100000,0.005056
2025-05-01T10:30:59.110000,-0.027187
2025-05-01T10:30:59.120000,0.008185
2025-05-01T10:30:59.130000,0.006484
2025-05-01T10:30:59.140000,-0.006127
2025-05-01T10:30:59.150000,0.002046
2025-05-01T10:30:59.160000,-0.010322
2025-05-01T10:30:59.170000,-0.000420
2025-05-01T10:30:59.180000,0.006999
2025-05-01T10:30:59.190000,-0.003254
2025-05-01T10:30:59.200000,-0.003413
2025-05-01T10:30:59.210000,0.012552
2025-05-01T10:30:59.220000,0.009146
2025-05-01T10:30:59.230000,0.002287
2025-05-01T10:30:59.240000,0.004867
2025-05-01T10:30:59.250000,0.000284
2025-05-01T10:30:59.260000,-0.011684
2025-05-01T10:30:59.270000,0.001683
2025-05-01T10:30:59.280000,-0.001042
2025-05-01T10:30:59.290000,-0.018352
2025-05-01T10:30:59.300000,0.009820
2025-05-01T10:30:59.310000,0.023201
2025-05-01T10:30:59.320000,0.004204
2025-05-01T10:30:59.330000,0.006126
2025-05-01T10:30:59.340000,-0.007095
2025-05-01T10:30:59.350000,0.015973
2025-05-01T10:30:59.360000,0.013439
2025-05-01T10:30:59.370000,-0.009712
2025-05-01T10:30:59.380000,-0.007554
2025-05-01T10:30:59.390000,-0.007435
2025-05-01T10:30:59.400000,-0.007849
2025-05-01T10:30:59.410000,0.018212
2025-05-01T10:30:59.420000,-0.005142
2025-05-01T10:30:59.430000,0.005721
2025-05-01T10:30:59.440000,-0.011329
2025-05-01T10:30:59.450000,-0.006472
2025-05-01T10:30:59.460000,0.013764
2025-05-01T10:30:59.470000,-0.000499
2025-05-01T10:30:59.480000,0.011336
2025-05-01T10:30:59.490000,0.001971
2025-05-01T10:30:59.500000,-0.024161
2025-05-01T10:30:59.510000,0.010510
2025-05-01T10:30:59.520000,0.005879
2025-05-01T10:30:59.530000,-0.001899
2025-05-01T10:30:59.540000,0.010330
2025-05-01T10:30:59.550000,-0.022564
2025-05-01T10:30:59.560000,-0.009273
2025-05-01T10:30:59.570000,0.010166
2025-05-01T10:30:59.580000,0.004425
2025-05-01T10:30:59.590000,-0.015284
2025-05-01T10:30:59.600000,0.001049
2025-05-01T10:30:59.610000,0.001812
2025-05-01T10:30:59.620000,0.005091
2025-05-01T10:30:59.630000,-0.003348
2025-05-01T10:30:59.640000,-0.001285
2025-05-01T10:30:59.650000,-0.015001
2025-05-01T10:30:59.660000,-0.001096
2025-05-01T10:30:59.670000,-0.001667
2025-05-01T10:30:59.680000,-0.012983
2025-05-01T10:30:59.690000,0.004444
2025-05-01T10:30:59.700000,0.009589
2025-05-01T10:30:59.710000,0.001971
2025-05-01T10:30:59.720000,0.013235
2025-05-01T10:30:59.730000,-0.017062
2025-05-01T10:30:59.740000,0.006785
2025-05-01T10:30:59.750000,0.009521
2025-05-01T10:30:59.760000,0.006465
2025-05-01T10:30:59.770000,0.003382
2025-05-01T10:30:59.780000,-0.004944
2025-05-01T10:30:59.790000,0.004506
2025-05-01T10:30:59.800000,0.011665
2025-05-01T10:30:59.810000,0.000777
2025-05-01T10:30:59.820000,0.004859
2025-05-01T10:30:59.830000,0.002317
2025-05-01T10:30:59.840000,0.009880
2025-05-01T10:30:59.850000,-0.005917
2025-05-01T10:30:59.860000,-0.003250
2025-05-01T10:30:59.870000,-0.009648
2025-05-01T10:30:59.880000,0.005766
2025-05-01T10:30:59.890000,-0.002041
2025-05-01T10:30:59.900000,0.005990
2025-05-01T10:30:59.910000,0.015443
2025-05-01T10:30:59.920000,-0.003474
2025-05-01T10:30:59.930000,-0.006168
2025-05-01T10:30:59.940000,-0.003105
2025-05-01T10:30:59.950000,0.008299
2025-05-01T10:30:59.960000,0.007724
2025-05-01T10:30:59.970000,0.008976
2025-05-01T10:30:59.980000,0.030856
2025-05-01T10:30:59.990000,-0.013096
2025-05-01T10:31:00,-0.002044
2025-05-01T10:31:00.010000,-0.004761
2025-05-01T10:31:00.020000,0.015070
2025-05-01T10:31:00.030000,0.015677
2025-05-01T10:31:00.040000,0.004676
2025-05-01T10:31:00.050000,-0.003562
2025-05-01T10:31:00.060000,-0.012994
2025-05-01T10:31:00.070000,0.009889
2025-05-01T10:31:00.080000,0.011859
2025-05-01T10:31:00.090000,-0.002224
2025-05-01T10:31:00.100000,-0.001141
2025-05-01T10:31:00.110000,0.005380
2025-05-01T10:31:00.120000,0.008651
2025-05-01T10:31:00.130000,-0.013494
2025-05-01T10:31:00.140000,0.007220
2025-05-01T10:31:00.150000,-0.007404
2025-05-01T10:31:00.160000,-0.000236
2025-05-01T10:31:00.170000,-0.005094
2025-05-01T10:31:00.180000,-0.001840
2025-05-01T10:31:00.190000,-0.002796
2025-05-01T10:31:00.200000,-0.003050
2025-05-01T10:31:00.210000,-0.000891
2025-05-01T10:31:00.220000,0.004740
2025-05-01T10:31:00.230000,-0.002986
2025-05-01T10:31:00.240000,-0.001645
2025-05-01T10:31:00.250000,-0.000635
2025-05-01T10:31:00.260000,0.009769
2025-05-01T10:31:00.270000,0.006694
2025-05-01T10:31:00.280000,-0.006777
2025-05-01T10:31:00.290000,0.007229
2025-05-01T10:31:00.300000,0.004742
2025-05-01T10:31:00.310000,0.003060
2025-05-01T10:31:00.320000,0.018923
2025-05-01T10:31:00.330000,-0.010945
2025-05-01T10:31:00.340000,-0.001432
2025-05-01T10:31:00.350000,0.001255
2025-05-01T10:31:00.360000,-0.010708
2025-05-01T10:31:00.370000,0.002579
2025-05-01T10:31:00.380000,-0.000467
2025-05-01T10:31:00.390000,-0.015713
2025-05-01T10:31:00.400000,0.002237
2025-05-01T10:31:00.410000,0.012239
2025-05-01T10:31:00.420000,-0.013059
2025-05-01T10:31:00.430000,0.005931
2025-05-01T10:31:00.440000,-0.006195
2025-05-01T10:31:00.450000,0.007379
2025-05-01T10:31:00.460000,-0.004316
2025-05-01T10:31:00.470000,0.016177
2025-05-01T10:31:00.480000,-0.002586
2025-05-01T10:31:00.490000,-0.005325
2025-05-01T10:31:00.500000,-0.005226
2025-05-01T10:31:00.510000,-0.012424
2025-05-01T10:31:00.520000,-0.013578
2025-05-01T10:31:00.530000,-0.021836
2025-05-01T10:31:00.540000,-0.008054
2025-05-01T10:31:00.550000,-0.000708
2025-05-01T10:31:00.560000,-0.000102
2025-05-01T10:31:00.570000,-0.010615
2025-05-01T10:31:00.580000,-0.003546
2025-05-01T10:31:00.590000,-0.003501
2025-05-01T10:31:00.600000,0.018107
2025-05-01T10:31:00.610000,0.007989
2025-05-01T10:31:00.620000,0.000249
2025-05-01T10:31:00.630000,-0.005453
2025-05-01T10:31:00.640000,-0.005395
2025-05-01T10:31:00.650000,-0.014620
2025-05-01T10:31:00.660000,-0.004419
2025-05-01T10:31:00.670000,-0.009880
2025-05-01T10:31:00.680000,-0.003765
2025-05-01T10:31:00.690000,0.008463
2025-05-01T10:31:00.700000,-0.000593
2025-05-01T10:31:00.710000,-0.008136
2025-05-01T10:31:00.720000,-0.017528
2025-05-01T10:31:00.730000,0.002310
2025-05-01T10:31:00.740000,0.013221
2025-05-01T10:31:00.750000,0.008933
2025-05-01T10:31:00.760000,-0.009481
2025-05-01T10:31:00.770000,0.012069
2025-05-01T10:31:00.780000,-0.032469
2025-05-01T10:31:00.790000,-0.010634
2025-05-01T10:31:00.800000,0.016131
2025-05-01T10:31:00.810000,-0.013712
2025-05-01T10:31:00.820000,0.005489
2025-05-01T10:31:00.830000,-0.002647
2025-05-01T10:31:00.840000,0.005534
2025-05-01T10:31:00.850000,0.007610
2025-05-01T10:31:00.860000,-0.024018
2025-05-01T10:31:00.870000,-0.003404
2025-05-01T10:31:00.880000,0.018094
2025-05-01T10:31:00.890000,-0.018223
2025-05-01T10:31:00.900000,-0.000606
2025-05-01T10:31:00.910000,-0.011116
2025-05-01T10:31:00.920000,-0.009504
2025-05-01T10:31:00.930000,0.009543
2025-05-01T10:31:00.940000,0.008811
2025-05-01T10:31:00.950000,0.012542
2025-05-01T10:31:00.960000,0.005937
2025-05-01T10:31:00.970000,0.008153
2025-05-01T10:31:00.980000,-0.003689
2025-05-01T10:31:00.990000,-0.000119
2025-05-01T10:31:01,0.009342
2025-05-01T10:31:01.010000,-0.001394
2025-05-01T10:31:01.020000,0.002584
2025-05-01T10:31:01.030000,0.007770
2025-05-01T10:31:01.040000,0.017257
2025-05-01T10:31:01.050000,-0.009054
2025-05-01T10:31:01.060000,-0.002199
2025-05-01T10:31:01.070000,0.002270
2025-05-01T10:31:01.080000,0.008789
2025-05-01T10:31:01.090000,-0.004297
2025-05-01T10:31:01.100000,-0.004277
2025-05-01T10:31:01.110000,-0.014165
2025-05-01T10:31:01.120000,-0.002724
2025-05-01T10:31:01.130000,0.010673
2025-05-01T10:31:01.140000,0.005419
2025-05-01T10:31:01.150000,0.012474
2025-05-01T10:31:01.160000,0.005782
2025-05-01T10:31:01.170000,-0.011705
2025-05-01T10:31:01.180000,-0.001691
2025-05-01T10:31:01.190000,0.011658
2025-05-01T10:31:01.200000,0.004914
2025-05-01T10:31:01.210000,-0.012689
2025-05-01T10:31:01.220000,-0.009855
2025-05-01T10:31:01.230000,0.000023
2025-05-01T10:31:01.240000,-0.003337
2025-05-01T10:31:01.250000,-0.004862
2025-05-01T10:31:01.260000,0.001522
2025-05-01T10:31:01.270000,0.001288
2025-05-01T10:31:01.280000,0.004688
2025-05-01T10:31:01.290000,0.007299
2025-05-01T10:31:01.300000,0.010839
2025-05-01T10:31:01.310000,-0.002638
2025-05-01T10:31:01.320000,-0.005352
2025-05-01T10:31:01.330000,0.008487
2025-05-01T10:31:01.340000,0.001116
2025-05-01T10:31:01.350000,0.002826
2025-05-01T10:31:01.360000,-0.009177
2025-05-01T10:31:01.370000,0.000751
2025-05-01T10:31:01.380000,0.001477
2025-05-01T10:31:01.390000,-0.008605
2025-05-01T10:31:01.400000,-0.000239
2025-05-01T10:31:01.410000,0.013041
2025-05-01T10:31:01.420000,0.000773
2025-05-01T10:31:01.430000,0.013801
2025-05-01T10:31:01.440000,0.006190
2025-05-01T10:31:01.450000,0.016621
2025-05-01T10:31:01.460000,-0.022057
2025-05-01T10:31:01.470000,0.017055
2025-05-01T10:31:01.480000,-0.013120
2025-05-01T10:31:01.490000,0.004456
2025-05-01T10:31:01.500000,0.012201
2025-05-01T10:31:01.510000,-0.001925
2025-05-01T10:31:01.520000,0.002778
2025-05-01T10:31:01.530000,-0.008337
2025-05-01T10:31:01.540000,-0.012407
2025-05-01T10:31:01.550000,0.003184
2025-05-01T10:31:01.560000,0.002468
2025-05-01T10:31:01.570000,-0.003033
2025-05-01T10:31:01.580000,0.000236
2025-05-01T10:31:01.590000,0.005572
2025-05-01T10:31:01.600000,-0.022540
2025-05-01T10:31:01.610000,0.013092
2025-05-01T10:31:01.620000,0.000786
2025-05-01T10:31:01.630000,-0.003071
2025-05-01T10:31:01.640000,0.001291
2025-05-01T10:31:01.650000,0.000076
2025-05-01T10:31:01.660000,0.011560
2025-05-01T10:31:01.670000,-0.001316
2025-05-01T10:31:01.680000,0.021072
2025-05-01T10:31:01.690000,0.000507
2025-05-01T10:31:01.700000,0.020567
2025-05-01T10:31:01.710000,-0.004025
2025-05-01T10:31:01.720000,-0.007699
2025-05-01T10:31:01.730000,0.020688
2025-05-01T10:31:01.740000,-0.003181
2025-05-01T10:31:01.750000,-0.015488
2025-05-01T10:31:01.760000,-0.003292
2025-05-01T10:31:01.770000,0.003670
2025-05-01T10:31:01.780000,-0.001584
2025-05-01T10:31:01.790000,-0.009344
2025-05-01T10:31:01.800000,-0.000110
2025-05-01T10:31:01.810000,0.002304
2025-05-01T10:31:01.820000,0.005579
2025-05-01T10:31:01.830000,-0.005049
2025-05-01T10:31:01.840000,0.010105
2025-05-01T10:31:01.850000,0.000401
2025-05-01T10:31:01.860000,0.000986
2025-05-01T10:31:01.870000,-0.005307
2025-05-01T10:31:01.880000,0.005852
2025-05-01T10:31:01.890000,0.000337
2025-05-01T10:31:01.900000,0.005011
2025-05-01T10:31:01.910000,0.011478
2025-05-01T10:31:01.920000,-0.003902
2025-05-01T10:31:01.930000,-0.007623
2025-05-01T10:31:01.940000,0.001457
2025-05-01T10:31:01.950000,-0.004659
2025-05-01T10:31:01.960000,0.007273
2025-05-01T10:31:01.970000,-0.015217
2025-05-01T10:31:01.980000,0.007140
2025-05-01T10:31:01.990000,0.001648
2025-05-01T10:31:02,-0.007146
2025-05-01T10:31:02.010000,-0.004087
2025-05-01T10:31:02.020000,-0.009299
2025-05-01T10:31:02.030000,0.006862
2025-05-01T10:31:02.040000,0.009991
2025-05-01T10:31:02.050000,-0.005730
2025-05-01T10:31:02.060000,0.007288
2025-05-01T10:31:02.070000,-0.005518
2025-05-01T10:31:02.080000,0.012904
2025-05-01T10:31:02.090000,-0.010446
2025-05-01T10:31:02.100000,-0.015050
2025-05-01T10:31:02.110000,0.001521
2025-05-01T10:31:02.120000,0.013627
2025-05-01T10:31:02.130000,0.002465
2025-05-01T10:31:02.140000,0.002759
2025-05-01T10:31:02.150000,-0.004311
2025-05-01T10:31:02.160000,-0.000154
2025-05-01T10:31:02.170000,0.000104
2025-05-01T10:31:02.180000,0.005222
2025-05-01T10:31:02.190000,-0.003745
2025-05-01T10:31:02.200000,-0.009411
2025-05-01T10:31:02.210000,0.011901
2025-05-01T10:31:02.220000,0.010778
2025-05-01T10:31:02.230000,0.005675
2025-05-01T10:31:02.240000,0.007266
2025-05-01T10:31:02.250000,0.011717
2025-05-01T10:31:02.260000,-0.004241
2025-05-01T10:31:02.270000,0.020570
2025-05-01T10:31:02.280000,-0.014577
2025-05-01T10:31:02.290000,-0.016518
2025-05-01T10:31:02.300000,0.000192
2025-05-01T10:31:02.310000,-0.000161
2025-05-01T10:31:02.320000,-0.007770
2025-05-01T10:31:02.330000,0.001435
2025-05-01T10:31:02.340000,0.008535
2025-05-01T10:31:02.350000,0.001649
2025-05-01T10:31:02.360000,-0.003697
2025-05-01T10:31:02.370000,-0.001956
2025-05-01T10:31:02.380000,0.009974
2025-05-01T10:31:02.390000,0.001775
2025-05-01T10:31:02.400000,0.009643
2025-05-01T10:31:02.410000,0.010668
2025-05-01T10:31:02.420000,-0.005252
2025-05-01T10:31:02.430000,0.002029
2025-05-01T10:31:02.440000,-0.008536
2025-05-01T10:31:02.450000,0.013814
2025-05-01T10:31:02.460000,0.018421
2025-05-01T10:31:02.470000,-0.019031
2025-05-01T10:31:02.480000,-0.018021
2025-05-01T10:31:02.490000,0.001925
2025-05-01T10:31:02.500000,0.011857
2025-05-01T10:31:02.510000,0.007383
2025-05-01T10:31:02.520000,-0.005326
2025-05-01T10:31:02.530000,-0.003163
2025-05-01T10:31:02.540000,0.018385
2025-05-01T10:31:02.550000,-0.011533
2025-05-01T10:31:02.560000,0.020038
2025-05-01T10:31:02.570000,-0.007403
2025-05-01T10:31:02.580000,0.004136
2025-05-01T10:31:02.590000,0.013124
2025-05-01T10:31:02.600000,0.009569
2025-05-01T10:31:02.610000,0.016983
2025-05-01T10:31:02.620000,-0.008090
2025-05-01T10:31:02.630000,0.008079
2025-05-01T10:31:02.640000,-0.008552
2025-05-01T10:31:02.650000,-0.022509
2025-05-01T10:31:02.660000,0.002524
2025-05-01T10:31:02.670000,-0.005867
2025-05-01T10:31:02.680000,0.006012
2025-05-01T10:31:02.690000,0.014000
2025-05-01T10:31:02.700000,0.001528
2025-05-01T10:31:02.710000,0.014187
2025-05-01T10:31:02.720000,-0.007226
2025-05-01T10:31:02.730000,0.023813
2025-05-01T10:31:02.740000,0.000959
2025-05-01T10:31:02.750000,-0.008902
2025-05-01T10:31:02.760000,0.016535
2025-05-01T10:31:02.770000,0.012247
2025-05-01T10:31:02.780000,0.002399
2025-05-01T10:31:02.790000,-0.011222
2025-05-01T10:31:02.800000,-0.005394
2025-05-01T10:31:02.810000,-0.012741
2025-05-01T10:31:02.820000,-0.019903
2025-05-01T10:31:02.830000,0.001943
2025-05-01T10:31:02.840000,-0.009468
2025-05-01T10:31:02.850000,-0.000940
2025-05-01T10:31:02.860000,-0.000824
2025-05-01T10:31:02.870000,0.001926
2025-05-01T10:31:02.880000,0.005494
2025-05-01T10:31:02.890000,-0.009028
2025-05-01T10:31:02.900000,0.007950
2025-05-01T10:31:02.910000,0.011382
2025-05-01T10:31:02.920000,0.002744
2025-05-01T10:31:02.930000,0.006240
2025-05-01T10:31:02.940000,-0.014822
2025-05-01T10:31:02.950000,-0.010211
2025-05-01T10:31:02.960000,-0.021350
2025-05-01T10:31:02.970000,-0.004350
2025-05-01T10:31:02.980000,0.001506
2025-05-01T10:31:02.990000,0.011025
2025-05-01T10:31:03,0.012575
2025-05-01T10:31:03.010000,-0.005245
2025-05-01T10:31:03.020000,0.004335
2025-05-01T10:31:03.030000,-0.006003
2025-05-01T10:31:03.040000,-0.000891
2025-05-01T10:31:03.050000,0.007470
2025-05-01T10:31:03.060000,0.002297
2025-05-01T10:31:03.070000,-0.003534
2025-05-01T10:31:03.080000,-0.020797
2025-05-01T10:31:03.090000,-0.002554
2025-05-01T10:31:03.100000,0.002138
2025-05-01T10:31:03.110000,-0.004050
2025-05-01T10:31:03.120000,0.006700
2025-05-01T10:31:03.130000,0.013588
2025-05-01T10:31:03.140000,-0.002626
2025-05-01T10:31:03.150000,0.005696
2025-05-01T10:31:03.160000,-0.016399
2025-05-01T10:31:03.170000,-0.001514
2025-05-01T10:31:03.180000,0.007404
2025-05-01T10:31:03.190000,-0.002440
2025-05-01T10:31:03.200000,-0.004309
2025-05-01T10:31:03.210000,-0.011914
2025-05-01T10:31:03.220000,-0.012252
2025-05-01T10:31:03.230000,-0.013126
2025-05-01T10:31:03.240000,-0.011379
2025-05-01T10:31:03.250000,0.003236
2025-05-01T10:31:03.260000,-0.003154
2025-05-01T10:31:03.270000,-0.020757
2025-05-01T10:31:03.280000,-0.009116
2025-05-01T10:31:03.290000,-0.003182
2025-05-01T10:31:03.300000,-0.000898
2025-05-01T10:31:03.310000,-0.001545
2025-05-01T10:31:03.320000,0.003479
2025-05-01T10:31:03.330000,-0.006059
2025-05-01T10:31:03.340000,-0.004123
2025-05-01T10:31:03.350000,-0.004592
2025-05-01T10:31:03.360000,-0.006414
2025-05-01T10:31:03.370000,-0.006451
2025-05-01T10:31:03.380000,-0.013019
2025-05-01T10:31:03.390000,0.001890
2025-05-01T10:31:03.400000,-0.001108
2025-05-01T10:31:03.410000,0.013636
2025-05-01T10:31:03.420000,0.008803
2025-05-01T10:31:03.430000,-0.001190
2025-05-01T10:31:03.440000,0.000269
2025-05-01T10:31:03.450000,-0.008712
2025-05-01T10:31:03.460000,0.003833
2025-05-01T10:31:03.470000,-0.011754
2025-05-01T10:31:03.480000,-0.000913
2025-05-01T10:31:03.490000,0.001045
2025-05-01T10:31:03.500000,0.005505
2025-05-01T10:31:03.510000,0.006700
2025-05-01T10:31:03.520000,-0.005796
2025-05-01T10:31:03.530000,-0.006579
2025-05-01T10:31:03.540000,0.000223
2025-05-01T10:31:03.550000,-0.003398
2025-05-01T10:31:03.560000,-0.015185
2025-05-01T10:31:03.570000,-0.000007
2025-05-01T10:31:03.580000,-0.006842
2025-05-01T10:31:03.590000,0.006309
2025-05-01T10:31:03.600000,0.001025
2025-05-01T10:31:03.610000,0.013126
2025-05-01T10:31:03.620000,-0.006378
2025-05-01T10:31:03.630000,0.005262
2025-05-01T10:31:03.640000,-0.003977
2025-05-01T10:31:03.650000,0.012751
2025-05-01T10:31:03.660000,-0.000606
2025-05-01T10:31:03.670000,-0.005960
2025-05-01T10:31:03.680000,0.014409
2025-05-01T10:31:03.690000,-0.011294
2025-05-01T10:31:03.700000,-0.010368
2025-05-01T10:31:03.710000,0.002921
2025-05-01T10:31:03.720000,0.006192
2025-05-01T10:31:03.730000,-0.013302
2025-05-01T10:31:03.740000,-0.006830
2025-05-01T10:31:03.750000,-0.015004
2025-05-01T10:31:03.760000,0.002003
2025-05-01T10:31:03.770000,0.005072
2025-05-01T10:31:03.780000,-0.000694
2025-05-01T10:31:03.790000,-0.008945
2025-05-01T10:31:03.800000,-0.025195
2025-05-01T10:31:03.810000,0.000069
2025-05-01T10:31:03.820000,0.011735
2025-05-01T10:31:03.830000,-0.000692
2025-05-01T10:31:03.840000,0.012670
2025-05-01T10:31:03.850000,0.023103
2025-05-01T10:31:03.860000,-0.015051
2025-05-01T10:31:03.870000,0.000183
2025-05-01T10:31:03.880000,-0.007888
2025-05-01T10:31:03.890000,-0.022472
2025-05-01T10:31:03.900000,-0.004536
2025-05-01T10:31:03.910000,-0.006380
2025-05-01T10:31:03.920000,-0.008060
2025-05-01T10:31:03.930000,-0.007338
2025-05-01T10:31:03.940000,-0.007286
2025-05-01T10:31:03.950000,-0.015100
2025-05-01T10:31:03.960000,0.003802
2025-05-01T10:31:03.970000,0.005952
2025-05-01T10:31:03.980000,-0.012664
2025-05-01T10:31:03.990000,-0.002801
2025-05-01T10:31:04,-0.022828
2025-05-01T10:31:04.010000,0.000006
2025-05-01T10:31:04.020000,0.017029
2025-05-01T10:31:04.030000,0.013603
2025-05-01T10:31:04.040000,-0.008286
2025-05-01T10:31:04.050000,0.013692
2025-05-01T10:31:04.060000,0.003465
2025-05-01T10:31:04.070000,-0.000897
2025-05-01T10:31:04.080000,0.007247
2025-05-01T10:31:04.090000,-0.014654
2025-05-01T10:31:04.100000,0.016463
2025-05-01T10:31:04.110000,-0.010179
2025-05-01T10:31:04.120000,0.001186
2025-05-01T10:31:04.130000,-0.009492
2025-05-01T10:31:04.140000,-0.002040
2025-05-01T10:31:04.150000,-0.014395
2025-05-01T10:31:04.160000,0.014158
2025-05-01T10:31:04.170000,0.014119
2025-05-01T10:31:04.180000,0.003998
2025-05-01T10:31:04.190000,0.005044
2025-05-01T10:31:04.200000,-0.006089
2025-05-01T10:31:04.210000,-0.009820
2025-05-01T10:31:04.220000,0.004385
2025-05-01T10:31:04.230000,-0.006112
2025-05-01T10:31:04.240000,-0.005862
2025-05-01T10:31:04.250000,-0.007399
2025-05-01T10:31:04.260000,0.000187
2025-05-01T10:31:04.270000,-0.016927
2025-05-01T10:31:04.280000,0.008461
2025-05-01T10:31:04.290000,0.012432
2025-05-01T10:31:04.300000,0.003263
2025-05-01T10:31:04.310000,0.006506
2025-05-01T10:31:04.320000,0.004968
2025-05-01T10:31:04.330000,-0.013095
2025-05-01T10:31:04.340000,-0.006478
2025-05-01T10:31:04.350000,0.002482
2025-05-01T10:31:04.360000,0.003514
2025-05-01T10:31:04.370000,0.005314
2025-05-01T10:31:04.380000,-0.007394
2025-05-01T10:31:04.390000,-0.000059
2025-05-01T10:31:04.400000,-0.006421
2025-05-01T10:31:04.410000,0.006641
2025-05-01T10:31:04.420000,-0.005326
2025-05-01T10:31:04.430000,-0.003957
2025-05-01T10:31:04.440000,0.008928
2025-05-01T10:31:04.450000,0.015075
2025-05-01T10:31:04.460000,-0.003108
2025-05-01T10:31:04.470000,-0.001239
2025-05-01T10:31:04.480000,0.014674
2025-05-01T10:31:04.490000,-0.008266
2025-05-01T10:31:04.500000,-0.001200
2025-05-01T10:31:04.510000,0.011398
2025-05-01T10:31:04.520000,-0.001391
2025-05-01T10:31:04.530000,0.001853
2025-05-01T10:31:04.540000,0.004025
2025-05-01T10:31:04.550000,0.000104
2025-05-01T10:31:04.560000,0.006539
2025-05-01T10:31:04.570000,0.010941
2025-05-01T10:31:04.580000,0.006336
2025-05-01T10:31:04.590000,-0.000166
2025-05-01T10:31:04.600000,0.017669
2025-05-01T10:31:04.610000,0.001330
2025-05-01T10:31:04.620000,0.014775
2025-05-01T10:31:04.630000,0.020937
2025-05-01T10:31:04.640000,-0.012762
2025-05-01T10:31:04.650000,0.005523
2025-05-01T10:31:04.660000,-0.016706
2025-05-01T10:31:04.670000,0.014394
2025-05-01T10:31:04.680000,-0.003157
2025-05-01T10:31:04.690000,-0.010454
2025-05-01T10:31:04.700000,0.009742
2025-05-01T10:31:04.710000,0.009548
2025-05-01T10:31:04.720000,0.002752
2025-05-01T10:31:04.730000,-0.019039
2025-05-01T10:31:04.740000,-0.006838
2025-05-01T10:31:04.750000,-0.004353
2025-05-01T10:31:04.760000,0.008787
2025-05-01T10:31:04.770000,0.013361
2025-05-01T10:31:04.780000,0.008175
2025-05-01T10:31:04.790000,-0.005477
2025-05-01T10:31:04.800000,-0.006244
2025-05-01T10:31:04.810000,0.006093
2025-05-01T10:31:04.820000,0.009622
2025-05-01T10:31:04.830000,-0.002662
2025-05-01T10:31:04.840000,-0.005506
2025-05-01T10:31:04.850000,0.000959
2025-05-01T10:31:04.860000,-0.011761
2025-05-01T10:31:04.870000,-0.015214
2025-05-01T10:31:04.880000,-0.009188
2025-05-01T10:31:04.890000,0.007002
2025-05-01T10:31:04.900000,-0.001693
2025-05-01T10:31:04.910000,-0.009322
2025-05-01T10:31:04.920000,-0.000306
2025-05-01T10:31:04.930000,-0.002504
2025-05-01T10:31:04.940000,0.007812
2025-05-01T10:31:04.950000,-0.014505
2025-05-01T10:31:04.960000,-0.005951
2025-05-01T10:31:04.970000,-0.019143
2025-05-01T10:31:04.980000,-0.009062
2025-05-01T10:31:04.990000,-0.008632
