time,data
2025-05-01T14:14:25,-0.014717
2025-05-01T14:14:25.010000,0.003932
2025-05-01T14:14:25.020000,-0.013613
2025-05-01T14:14:25.030000,-0.006945
2025-05-01T14:14:25.040000,-0.006850
2025-05-01T14:14:25.050000,-0.009971
2025-05-01T14:14:25.060000,-0.017883
2025-05-01T14:14:25.070000,0.008184
2025-05-01T14:14:25.080000,0.006454
2025-05-01T14:14:25.090000,-0.010422
2025-05-01T14:14:25.100000,-0.001037
2025-05-01T14:14:25.110000,0.007403
2025-05-01T14:14:25.120000,0.001211
2025-05-01T14:14:25.130000,-0.004083
2025-05-01T14:14:25.140000,0.005316
2025-05-01T14:14:25.150000,0.008494
2025-05-01T14:14:25.160000,0.016270
2025-05-01T14:14:25.170000,-0.003949
2025-05-01T14:14:25.180000,-0.000062
2025-05-01T14:14:25.190000,-0.013085
2025-05-01T14:14:25.200000,0.009625
2025-05-01T14:14:25.210000,-0.010953
2025-05-01T14:14:25.220000,0.011426
2025-05-01T14:14:25.230000,0.024168
2025-05-01T14:14:25.240000,-0.005599
2025-05-01T14:14:25.250000,0.010412
2025-05-01T14:14:25.260000,-0.000874
2025-05-01T14:14:25.270000,0.007778
2025-05-01T14:14:25.280000,-0.011959
2025-05-01T14:14:25.290000,-0.006228
2025-05-01T14:14:25.300000,0.012428
2025-05-01T14:14:25.310000,-0.009330
2025-05-01T14:14:25.320000,0.014630
2025-05-01T14:14:25.330000,0.005260
2025-05-01T14:14:25.340000,0.008619
2025-05-01T14:14:25.350000,-0.008308
2025-05-01T14:14:25.360000,-0.025693
2025-05-01T14:14:25.370000,0.007494
2025-05-01T14:14:25.380000,-0.018750
2025-05-01T14:14:25.390000,-0.006158
2025-05-01T14:14:25.400000,-0.005739
2025-05-01T14:14:25.410000,-0.008002
2025-05-01T14:14:25.420000,-0.006429
2025-05-01T14:14:25.430000,0.011285
2025-05-01T14:14:25.440000,0.004251
2025-05-01T14:14:25.450000,-0.003979
2025-05-01T14:14:25.460000,0.006454
2025-05-01T14:14:25.470000,0.004374
2025-05-01T14:14:25.480000,0.001601
2025-05-01T14:14:25.490000,0.019963
2025-05-01T14:14:25.500000,-0.019243
2025-05-01T14:14:25.510000,-0.004917
2025-05-01T14:14:25.520000,0.014846
2025-05-01T14:14:25.530000,0.001179
2025-05-01T14:14:25.540000,-0.008678
2025-05-01T14:14:25.550000,0.009388
2025-05-01T14:14:25.560000,-0.004384
2025-05-01T14:14:25.570000,0.008390
2025-05-01T14:14:25.580000,0.007853
2025-05-01T14:14:25.590000,0.012956
2025-05-01T14:14:25.600000,0.007457
2025-05-01T14:14:25.610000,0.005712
2025-05-01T14:14:25.620000,0.002197
2025-05-01T14:14:25.630000,-0.006545
2025-05-01T14:14:25.640000,0.005655
2025-05-01T14:14:25.650000,0.004192
2025-05-01T14:14:25.660000,0.014802
2025-05-01T14:14:25.670000,-0.002650
2025-05-01T14:14:25.680000,-0.008675
2025-05-01T14:14:25.690000,-0.001191
2025-05-01T14:14:25.700000,0.024777
2025-05-01T14:14:25.710000,-0.001828
2025-05-01T14:14:25.720000,0.003494
2025-05-01T14:14:25.730000,-0.001081
2025-05-01T14:14:25.740000,-0.006034
2025-05-01T14:14:25.750000,0.000909
2025-05-01T14:14:25.760000,0.010607
2025-05-01T14:14:25.770000,0.005221
2025-05-01T14:14:25.780000,-0.000094
2025-05-01T14:14:25.790000,0.017099
2025-05-01T14:14:25.800000,0.003405
2025-05-01T14:14:25.810000,0.015285
2025-05-01T14:14:25.820000,-0.009467
2025-05-01T14:14:25.830000,0.016219
2025-05-01T14:14:25.840000,-0.009928
2025-05-01T14:14:25.850000,-0.005750
2025-05-01T14:14:25.860000,0.004347
2025-05-01T14:14:25.870000,-0.006822
2025-05-01T14:14:25.880000,-0.009649
2025-05-01T14:14:25.890000,0.004429
2025-05-01T14:14:25.900000,-0.011281
2025-05-01T14:14:25.910000,0.013879
2025-05-01T14:14:25.920000,0.018407
2025-05-01T14:14:25.930000,-0.001915
2025-05-01T14:14:25.940000,0.001518
2025-05-01T14:14:25.950000,0.010898
2025-05-01T14:14:25.960000,-0.009451
2025-05-01T14:14:25.970000,0.014343
2025-05-01T14:14:25.980000,-0.013311
2025-05-01T14:14:25.990000,0.014838
2025-05-01T14:14:26,0.010128
2025-05-01T14:14:26.010000,0.006044
2025-05-01T14:14:26.020000,-0.000969
2025-05-01T14:14:26.030000,-0.010851
2025-05-01T14:14:26.040000,-0.000453
2025-05-01T14:14:26.050000,0.008176
2025-05-01T14:14:26.060000,-0.010407
2025-05-01T14:14:26.070000,0.002918
2025-05-01T14:14:26.080000,-0.010790
2025-05-01T14:14:26.090000,0.011265
2025-05-01T14:14:26.100000,-0.001284
2025-05-01T14:14:26.110000,0.007726
2025-05-01T14:14:26.120000,0.003252
2025-05-01T14:14:26.130000,-0.008933
2025-05-01T14:14:26.140000,-0.019950
2025-05-01T14:14:26.150000,-0.016161
2025-05-01T14:14:26.160000,-0.013571
2025-05-01T14:14:26.170000,-0.000164
2025-05-01T14:14:26.180000,0.007471
2025-05-01T14:14:26.190000,-0.009168
2025-05-01T14:14:26.200000,-0.026840
2025-05-01T14:14:26.210000,0.007603
2025-05-01T14:14:26.220000,-0.007574
2025-05-01T14:14:26.230000,-0.008092
2025-05-01T14:14:26.240000,0.010568
2025-05-01T14:14:26.250000,0.008144
2025-05-01T14:14:26.260000,0.000849
2025-05-01T14:14:26.270000,-0.005981
2025-05-01T14:14:26.280000,-0.016239
2025-05-01T14:14:26.290000,0.016580
2025-05-01T14:14:26.300000,0.002767
2025-05-01T14:14:26.310000,0.002586
2025-05-01T14:14:26.320000,0.001452
2025-05-01T14:14:26.330000,0.010141
2025-05-01T14:14:26.340000,-0.001122
2025-05-01T14:14:26.350000,0.008629
2025-05-01T14:14:26.360000,-0.006333
2025-05-01T14:14:26.370000,0.006380
2025-05-01T14:14:26.380000,-0.014331
2025-05-01T14:14:26.390000,-0.005088
2025-05-01T14:14:26.400000,0.009082
2025-05-01T14:14:26.410000,-0.008233
2025-05-01T14:14:26.420000,-0.001637
2025-05-01T14:14:26.430000,-0.006319
2025-05-01T14:14:26.440000,0.005601
2025-05-01T14:14:26.450000,0.007401
2025-05-01T14:14:26.460000,0.017396
2025-05-01T14:14:26.470000,0.003589
2025-05-01T14:14:26.480000,-0.002603
2025-05-01T14:14:26.490000,-0.004555
2025-05-01T14:14:26.500000,0.006552
2025-05-01T14:14:26.510000,-0.008134
2025-05-01T14:14:26.520000,0.004847
2025-05-01T14:14:26.530000,-0.017082
2025-05-01T14:14:26.540000,-0.011106
2025-05-01T14:14:26.550000,-0.013378
2025-05-01T14:14:26.560000,-0.009175
2025-05-01T14:14:26.570000,-0.009163
2025-05-01T14:14:26.580000,0.004053
2025-05-01T14:14:26.590000,0.014839
2025-05-01T14:14:26.600000,-0.007780
2025-05-01T14:14:26.610000,0.014090
2025-05-01T14:14:26.620000,0.005156
2025-05-01T14:14:26.630000,0.004162
2025-05-01T14:14:26.640000,-0.023643
2025-05-01T14:14:26.650000,0.003013
2025-05-01T14:14:26.660000,0.030251
2025-05-01T14:14:26.670000,0.003773
2025-05-01T14:14:26.680000,-0.003550
2025-05-01T14:14:26.690000,0.010787
2025-05-01T14:14:26.700000,-0.005805
2025-05-01T14:14:26.710000,-0.007387
2025-05-01T14:14:26.720000,0.015145
2025-05-01T14:14:26.730000,0.012729
2025-05-01T14:14:26.740000,0.004127
2025-05-01T14:14:26.750000,0.010220
2025-05-01T14:14:26.760000,0.008313
2025-05-01T14:14:26.770000,0.010243
2025-05-01T14:14:26.780000,0.003394
2025-05-01T14:14:26.790000,0.000448
2025-05-01T14:14:26.800000,0.001887
2025-05-01T14:14:26.810000,0.007213
2025-05-01T14:14:26.820000,-0.016853
2025-05-01T14:14:26.830000,0.009217
2025-05-01T14:14:26.840000,0.005405
2025-05-01T14:14:26.850000,-0.014104
2025-05-01T14:14:26.860000,0.003506
2025-05-01T14:14:26.870000,-0.003459
2025-05-01T14:14:26.880000,0.007316
2025-05-01T14:14:26.890000,-0.011158
2025-05-01T14:14:26.900000,-0.001098
2025-05-01T14:14:26.910000,-0.001398
2025-05-01T14:14:26.920000,0.003928
2025-05-01T14:14:26.930000,-0.018437
2025-05-01T14:14:26.940000,-0.005993
2025-05-01T14:14:26.950000,0.004146
2025-05-01T14:14:26.960000,-0.012202
2025-05-01T14:14:26.970000,0.012086
2025-05-01T14:14:26.980000,-0.018549
2025-05-01T14:14:26.990000,0.008666
2025-05-01T14:14:27,-0.019906
2025-05-01T14:14:27.010000,-0.026918
2025-05-01T14:14:27.020000,0.014412
2025-05-01T14:14:27.030000,0.020784
2025-05-01T14:14:27.040000,-0.009568
2025-05-01T14:14:27.050000,-0.016600
2025-05-01T14:14:27.060000,-0.006056
2025-05-01T14:14:27.070000,-0.015092
2025-05-01T14:14:27.080000,0.006449
2025-05-01T14:14:27.090000,0.001900
2025-05-01T14:14:27.100000,0.000957
2025-05-01T14:14:27.110000,-0.002498
2025-05-01T14:14:27.120000,-0.001805
2025-05-01T14:14:27.130000,-0.014765
2025-05-01T14:14:27.140000,0.000202
2025-05-01T14:14:27.150000,-0.007227
2025-05-01T14:14:27.160000,0.012624
2025-05-01T14:14:27.170000,-0.004667
2025-05-01T14:14:27.180000,-0.006433
2025-05-01T14:14:27.190000,-0.011449
2025-05-01T14:14:27.200000,0.006308
2025-05-01T14:14:27.210000,0.011252
2025-05-01T14:14:27.220000,-0.002895
2025-05-01T14:14:27.230000,-0.007645
2025-05-01T14:14:27.240000,-0.011997
2025-05-01T14:14:27.250000,-0.005169
2025-05-01T14:14:27.260000,-0.010356
2025-05-01T14:14:27.270000,0.006285
2025-05-01T14:14:27.280000,0.004774
2025-05-01T14:14:27.290000,-0.004725
2025-05-01T14:14:27.300000,0.015846
2025-05-01T14:14:27.310000,0.007192
2025-05-01T14:14:27.320000,0.014405
2025-05-01T14:14:27.330000,-0.000060
2025-05-01T14:14:27.340000,0.008487
2025-05-01T14:14:27.350000,-0.007186
2025-05-01T14:14:27.360000,-0.012455
2025-05-01T14:14:27.370000,0.000866
2025-05-01T14:14:27.380000,-0.014904
2025-05-01T14:14:27.390000,-0.004831
2025-05-01T14:14:27.400000,-0.002362
2025-05-01T14:14:27.410000,0.006731
2025-05-01T14:14:27.420000,-0.000210
2025-05-01T14:14:27.430000,-0.008400
2025-05-01T14:14:27.440000,0.002227
2025-05-01T14:14:27.450000,-0.013315
2025-05-01T14:14:27.460000,-0.006680
2025-05-01T14:14:27.470000,-0.008793
2025-05-01T14:14:27.480000,0.003569
2025-05-01T14:14:27.490000,-0.016786
2025-05-01T14:14:27.500000,0.015775
2025-05-01T14:14:27.510000,-0.006095
2025-05-01T14:14:27.520000,0.001797
2025-05-01T14:14:27.530000,0.021371
2025-05-01T14:14:27.540000,0.004385
2025-05-01T14:14:27.550000,-0.003627
2025-05-01T14:14:27.560000,0.000683
2025-05-01T14:14:27.570000,-0.022689
2025-05-01T14:14:27.580000,-0.013308
2025-05-01T14:14:27.590000,0.000372
2025-05-01T14:14:27.600000,-0.010187
2025-05-01T14:14:27.610000,0.009560
2025-05-01T14:14:27.620000,0.005174
2025-05-01T14:14:27.630000,0.010033
2025-05-01T14:14:27.640000,-0.009143
2025-05-01T14:14:27.650000,0.004164
2025-05-01T14:14:27.660000,0.000549
2025-05-01T14:14:27.670000,-0.022047
2025-05-01T14:14:27.680000,-0.000253
2025-05-01T14:14:27.690000,0.006990
2025-05-01T14:14:27.700000,-0.006996
2025-05-01T14:14:27.710000,0.008058
2025-05-01T14:14:27.720000,-0.012476
2025-05-01T14:14:27.730000,-0.003935
2025-05-01T14:14:27.740000,-0.012863
2025-05-01T14:14:27.750000,-0.005969
2025-05-01T14:14:27.760000,0.018663
2025-05-01T14:14:27.770000,0.002991
2025-05-01T14:14:27.780000,0.012526
2025-05-01T14:14:27.790000,0.003209
2025-05-01T14:14:27.800000,-0.023529
2025-05-01T14:14:27.810000,-0.010052
2025-05-01T14:14:27.820000,-0.022503
2025-05-01T14:14:27.830000,-0.020937
2025-05-01T14:14:27.840000,0.003247
2025-05-01T14:14:27.850000,-0.014965
2025-05-01T14:14:27.860000,0.002727
2025-05-01T14:14:27.870000,0.001628
2025-05-01T14:14:27.880000,0.002736
2025-05-01T14:14:27.890000,0.015617
2025-05-01T14:14:27.900000,0.014415
2025-05-01T14:14:27.910000,0.009704
2025-05-01T14:14:27.920000,0.016416
2025-05-01T14:14:27.930000,0.022556
2025-05-01T14:14:27.940000,-0.000074
2025-05-01T14:14:27.950000,-0.019619
2025-05-01T14:14:27.960000,-0.013782
2025-05-01T14:14:27.970000,0.000359
2025-05-01T14:14:27.980000,0.015970
2025-05-01T14:14:27.990000,0.009028
2025-05-01T14:14:28,0.003523
2025-05-01T14:14:28.010000,-0.008803
2025-05-01T14:14:28.020000,0.005962
2025-05-01T14:14:28.030000,0.013611
2025-05-01T14:14:28.040000,-0.001481
2025-05-01T14:14:28.050000,-0.008788
2025-05-01T14:14:28.060000,-0.007493
2025-05-01T14:14:28.070000,-0.000240
2025-05-01T14:14:28.080000,0.017979
2025-05-01T14:14:28.090000,-0.011683
2025-05-01T14:14:28.100000,-0.005732
2025-05-01T14:14:28.110000,0.011582
2025-05-01T14:14:28.120000,-0.001739
2025-05-01T14:14:28.130000,0.003270
2025-05-01T14:14:28.140000,-0.000343
2025-05-01T14:14:28.150000,-0.011920
2025-05-01T14:14:28.160000,-0.006747
2025-05-01T14:14:28.170000,0.004295
2025-05-01T14:14:28.180000,-0.017624
2025-05-01T14:14:28.190000,-0.013142
2025-05-01T14:14:28.200000,-0.001625
2025-05-01T14:14:28.210000,-0.019603
2025-05-01T14:14:28.220000,-0.007464
2025-05-01T14:14:28.230000,-0.000296
2025-05-01T14:14:28.240000,-0.003641
2025-05-01T14:14:28.250000,0.002550
2025-05-01T14:14:28.260000,0.008388
2025-05-01T14:14:28.270000,-0.008573
2025-05-01T14:14:28.280000,0.015973
2025-05-01T14:14:28.290000,-0.004080
2025-05-01T14:14:28.300000,0.000937
2025-05-01T14:14:28.310000,0.009698
2025-05-01T14:14:28.320000,-0.000751
2025-05-01T14:14:28.330000,0.018199
2025-05-01T14:14:28.340000,0.013119
2025-05-01T14:14:28.350000,-0.007412
2025-05-01T14:14:28.360000,0.007266
2025-05-01T14:14:28.370000,0.004010
2025-05-01T14:14:28.380000,0.001882
2025-05-01T14:14:28.390000,0.001907
2025-05-01T14:14:28.400000,-0.012078
2025-05-01T14:14:28.410000,-0.015109
2025-05-01T14:14:28.420000,0.002868
2025-05-01T14:14:28.430000,-0.013327
2025-05-01T14:14:28.440000,0.011150
2025-05-01T14:14:28.450000,-0.010526
2025-05-01T14:14:28.460000,-0.017726
2025-05-01T14:14:28.470000,-0.010976
2025-05-01T14:14:28.480000,0.003213
2025-05-01T14:14:28.490000,0.009730
2025-05-01T14:14:28.500000,0.005956
2025-05-01T14:14:28.510000,-0.006974
2025-05-01T14:14:28.520000,-0.021004
2025-05-01T14:14:28.530000,0.021594
2025-05-01T14:14:28.540000,0.015112
2025-05-01T14:14:28.550000,-0.002375
2025-05-01T14:14:28.560000,0.003476
2025-05-01T14:14:28.570000,-0.014949
2025-05-01T14:14:28.580000,0.010730
2025-05-01T14:14:28.590000,-0.008896
2025-05-01T14:14:28.600000,0.006250
2025-05-01T14:14:28.610000,0.013030
2025-05-01T14:14:28.620000,0.005749
2025-05-01T14:14:28.630000,0.000900
2025-05-01T14:14:28.640000,-0.000624
2025-05-01T14:14:28.650000,0.008500
2025-05-01T14:14:28.660000,0.009711
2025-05-01T14:14:28.670000,-0.001940
2025-05-01T14:14:28.680000,0.000652
2025-05-01T14:14:28.690000,0.022692
2025-05-01T14:14:28.700000,0.003910
2025-05-01T14:14:28.710000,-0.015516
2025-05-01T14:14:28.720000,0.029945
2025-05-01T14:14:28.730000,0.005322
2025-05-01T14:14:28.740000,-0.027038
2025-05-01T14:14:28.750000,0.007943
2025-05-01T14:14:28.760000,-0.004183
2025-05-01T14:14:28.770000,-0.004099
2025-05-01T14:14:28.780000,-0.003369
2025-05-01T14:14:28.790000,0.004548
2025-05-01T14:14:28.800000,0.018398
2025-05-01T14:14:28.810000,-0.010089
2025-05-01T14:14:28.820000,-0.002259
2025-05-01T14:14:28.830000,0.006850
2025-05-01T14:14:28.840000,0.011894
2025-05-01T14:14:28.850000,0.003352
2025-05-01T14:14:28.860000,-0.016642
2025-05-01T14:14:28.870000,-0.005916
2025-05-01T14:14:28.880000,0.008655
2025-05-01T14:14:28.890000,0.009185
2025-05-01T14:14:28.900000,-0.006127
2025-05-01T14:14:28.910000,0.006359
2025-05-01T14:14:28.920000,0.013767
2025-05-01T14:14:28.930000,-0.007110
2025-05-01T14:14:28.940000,0.001889
2025-05-01T14:14:28.950000,0.010373
2025-05-01T14:14:28.960000,-0.003953
2025-05-01T14:14:28.970000,-0.005897
2025-05-01T14:14:28.980000,0.009393
2025-05-01T14:14:28.990000,-0.014990
2025-05-01T14:14:29,-0.032041
2025-05-01T14:14:29.010000,-0.005122
2025-05-01T14:14:29.020000,-0.019704
2025-05-01T14:14:29.030000,0.011040
2025-05-01T14:14:29.040000,-0.030585
2025-05-01T14:14:29.050000,0.006106
2025-05-01T14:14:29.060000,-0.009980
2025-05-01T14:14:29.070000,0.008711
2025-05-01T14:14:29.080000,-0.012384
2025-05-01T14:14:29.090000,0.006523
2025-05-01T14:14:29.100000,0.010413
2025-05-01T14:14:29.110000,-0.005583
2025-05-01T14:14:29.120000,0.003763
2025-05-01T14:14:29.130000,-0.008411
2025-05-01T14:14:29.140000,-0.003452
2025-05-01T14:14:29.150000,-0.019939
2025-05-01T14:14:29.160000,-0.006783
2025-05-01T14:14:29.170000,0.001211
2025-05-01T14:14:29.180000,0.007395
2025-05-01T14:14:29.190000,0.004563
2025-05-01T14:14:29.200000,0.006279
2025-05-01T14:14:29.210000,-0.012134
2025-05-01T14:14:29.220000,0.002983
2025-05-01T14:14:29.230000,-0.013182
2025-05-01T14:14:29.240000,0.001237
2025-05-01T14:14:29.250000,-0.017995
2025-05-01T14:14:29.260000,-0.013622
2025-05-01T14:14:29.270000,0.001041
2025-05-01T14:14:29.280000,-0.012068
2025-05-01T14:14:29.290000,0.001376
2025-05-01T14:14:29.300000,-0.007267
2025-05-01T14:14:29.310000,0.003658
2025-05-01T14:14:29.320000,-0.001041
2025-05-01T14:14:29.330000,-0.017942
2025-05-01T14:14:29.340000,0.014179
2025-05-01T14:14:29.350000,0.007705
2025-05-01T14:14:29.360000,0.006128
2025-05-01T14:14:29.370000,-0.016652
2025-05-01T14:14:29.380000,0.007014
2025-05-01T14:14:29.390000,-0.008154
2025-05-01T14:14:29.400000,-0.009467
2025-05-01T14:14:29.410000,-0.003377
2025-05-01T14:14:29.420000,-0.004591
2025-05-01T14:14:29.430000,0.002669
2025-05-01T14:14:29.440000,0.023620
2025-05-01T14:14:29.450000,0.001354
2025-05-01T14:14:29.460000,-0.010533
2025-05-01T14:14:29.470000,-0.022826
2025-05-01T14:14:29.480000,0.004521
2025-05-01T14:14:29.490000,-0.005814
2025-05-01T14:14:29.500000,0.011246
2025-05-01T14:14:29.510000,-0.005226
2025-05-01T14:14:29.520000,0.001481
2025-05-01T14:14:29.530000,0.005097
2025-05-01T14:14:29.540000,0.012322
2025-05-01T14:14:29.550000,-0.006552
2025-05-01T14:14:29.560000,-0.008877
2025-05-01T14:14:29.570000,-0.005007
2025-05-01T14:14:29.580000,0.020912
2025-05-01T14:14:29.590000,-0.006840
2025-05-01T14:14:29.600000,-0.001536
2025-05-01T14:14:29.610000,0.003451
2025-05-01T14:14:29.620000,-0.005798
2025-05-01T14:14:29.630000,-0.010242
2025-05-01T14:14:29.640000,0.001420
2025-05-01T14:14:29.650000,0.012154
2025-05-01T14:14:29.660000,0.015670
2025-05-01T14:14:29.670000,-0.010634
2025-05-01T14:14:29.680000,0.007296
2025-05-01T14:14:29.690000,-0.011486
2025-05-01T14:14:29.700000,0.013670
2025-05-01T14:14:29.710000,0.000402
2025-05-01T14:14:29.720000,0.003401
2025-05-01T14:14:29.730000,0.001010
2025-05-01T14:14:29.740000,-0.013246
2025-05-01T14:14:29.750000,0.006936
2025-05-01T14:14:29.760000,0.005920
2025-05-01T14:14:29.770000,0.002659
2025-05-01T14:14:29.780000,-0.005479
2025-05-01T14:14:29.790000,0.008943
2025-05-01T14:14:29.800000,0.013254
2025-05-01T14:14:29.810000,-0.005003
2025-05-01T14:14:29.820000,0.007687
2025-05-01T14:14:29.830000,0.000015
2025-05-01T14:14:29.840000,-0.005854
2025-05-01T14:14:29.850000,-0.027828
2025-05-01T14:14:29.860000,0.008780
2025-05-01T14:14:29.870000,-0.002764
2025-05-01T14:14:29.880000,-0.006949
2025-05-01T14:14:29.890000,-0.005850
2025-05-01T14:14:29.900000,-0.006408
2025-05-01T14:14:29.910000,-0.004590
2025-05-01T14:14:29.920000,0.002360
2025-05-01T14:14:29.930000,0.022750
2025-05-01T14:14:29.940000,0.016113
2025-05-01T14:14:29.950000,0.000737
2025-05-01T14:14:29.960000,-0.005627
2025-05-01T14:14:29.970000,-0.013561
2025-05-01T14:14:29.980000,0.012917
2025-05-01T14:14:29.990000,-0.007960
2025-05-01T14:14:30,0.003691
2025-05-01T14:14:30.010000,0.015040
2025-05-01T14:14:30.020000,-0.005074
2025-05-01T14:14:30.030000,-0.001796
2025-05-01T14:14:30.040000,-0.013857
2025-05-01T14:14:30.050000,-0.004161
2025-05-01T14:14:30.060000,-0.003310
2025-05-01T14:14:30.070000,-0.010898
2025-05-01T14:14:30.080000,0.013935
2025-05-01T14:14:30.090000,-0.014241
2025-05-01T14:14:30.100000,0.013401
2025-05-01T14:14:30.110000,0.005615
2025-05-01T14:14:30.120000,-0.008451
2025-05-01T14:14:30.130000,-0.008648
2025-05-01T14:14:30.140000,-0.018020
2025-05-01T14:14:30.150000,-0.003570
2025-05-01T14:14:30.160000,-0.013472
2025-05-01T14:14:30.170000,-0.000395
2025-05-01T14:14:30.180000,-0.024209
2025-05-01T14:14:30.190000,0.007963
2025-05-01T14:14:30.200000,-0.004979
2025-05-01T14:14:30.210000,0.016754
2025-05-01T14:14:30.220000,0.006921
2025-05-01T14:14:30.230000,0.004426
2025-05-01T14:14:30.240000,0.000513
2025-05-01T14:14:30.250000,0.014091
2025-05-01T14:14:30.260000,0.008110
2025-05-01T14:14:30.270000,-0.000135
2025-05-01T14:14:30.280000,-0.001311
2025-05-01T14:14:30.290000,0.013183
2025-05-01T14:14:30.300000,-0.000435
2025-05-01T14:14:30.310000,-0.007543
2025-05-01T14:14:30.320000,0.013922
2025-05-01T14:14:30.330000,0.010951
2025-05-01T14:14:30.340000,-0.003002
2025-05-01T14:14:30.350000,0.000519
2025-05-01T14:14:30.360000,0.008638
2025-05-01T14:14:30.370000,-0.003575
2025-05-01T14:14:30.380000,-0.000901
2025-05-01T14:14:30.390000,-0.001899
2025-05-01T14:14:30.400000,0.000331
2025-05-01T14:14:30.410000,-0.002474
2025-05-01T14:14:30.420000,-0.017005
2025-05-01T14:14:30.430000,0.015501
2025-05-01T14:14:30.440000,-0.005552
2025-05-01T14:14:30.450000,-0.010014
2025-05-01T14:14:30.460000,-0.008372
2025-05-01T14:14:30.470000,-0.010301
2025-05-01T14:14:30.480000,-0.011029
2025-05-01T14:14:30.490000,0.006999
2025-05-01T14:14:30.500000,0.005439
2025-05-01T14:14:30.510000,-0.001516
2025-05-01T14:14:30.520000,-0.015192
2025-05-01T14:14:30.530000,-0.012541
2025-05-01T14:14:30.540000,-0.013911
2025-05-01T14:14:30.550000,-0.022217
2025-05-01T14:14:30.560000,-0.003106
2025-05-01T14:14:30.570000,0.000562
2025-05-01T14:14:30.580000,-0.002976
2025-05-01T14:14:30.590000,0.000361
2025-05-01T14:14:30.600000,0.012035
2025-05-01T14:14:30.610000,0.018537
2025-05-01T14:14:30.620000,0.006530
2025-05-01T14:14:30.630000,0.020740
2025-05-01T14:14:30.640000,0.001795
2025-05-01T14:14:30.650000,0.010363
2025-05-01T14:14:30.660000,-0.002251
2025-05-01T14:14:30.670000,-0.000554
2025-05-01T14:14:30.680000,-0.003090
2025-05-01T14:14:30.690000,-0.022106
2025-05-01T14:14:30.700000,0.010477
2025-05-01T14:14:30.710000,0.005095
2025-05-01T14:14:30.720000,0.011368
2025-05-01T14:14:30.730000,-0.014683
2025-05-01T14:14:30.740000,-0.014496
2025-05-01T14:14:30.750000,-0.006861
2025-05-01T14:14:30.760000,0.014565
2025-05-01T14:14:30.770000,0.000901
2025-05-01T14:14:30.780000,0.009124
2025-05-01T14:14:30.790000,-0.003216
2025-05-01T14:14:30.800000,0.008880
2025-05-01T14:14:30.810000,0.007355
2025-05-01T14:14:30.820000,-0.004921
2025-05-01T14:14:30.830000,0.006182
2025-05-01T14:14:30.840000,0.001170
2025-05-01T14:14:30.850000,-0.008359
2025-05-01T14:14:30.860000,0.009911
2025-05-01T14:14:30.870000,-0.007015
2025-05-01T14:14:30.880000,-0.003828
2025-05-01T14:14:30.890000,0.001384
2025-05-01T14:14:30.900000,0.001766
2025-05-01T14:14:30.910000,-0.009197
2025-05-01T14:14:30.920000,0.008608
2025-05-01T14:14:30.930000,-0.003894
2025-05-01T14:14:30.940000,0.001587
2025-05-01T14:14:30.950000,0.015605
2025-05-01T14:14:30.960000,0.000391
2025-05-01T14:14:30.970000,-0.009151
2025-05-01T14:14:30.980000,0.008092
2025-05-01T14:14:30.990000,-0.012319
2025-05-01T14:14:31,0.009338
2025-05-01T14:14:31.010000,-0.013665
2025-05-01T14:14:31.020000,0.007702
2025-05-01T14:14:31.030000,0.000815
2025-05-01T14:14:31.040000,-0.003284
2025-05-01T14:14:31.050000,0.018523
2025-05-01T14:14:31.060000,-0.005093
2025-05-01T14:14:31.070000,-0.006715
2025-05-01T14:14:31.080000,-0.002432
2025-05-01T14:14:31.090000,0.000744
2025-05-01T14:14:31.100000,-0.015909
2025-05-01T14:14:31.110000,0.017987
2025-05-01T14:14:31.120000,0.013753
2025-05-01T14:14:31.130000,0.009430
2025-05-01T14:14:31.140000,0.014118
2025-05-01T14:14:31.150000,-0.000442
2025-05-01T14:14:31.160000,-0.020550
2025-05-01T14:14:31.170000,0.008525
2025-05-01T14:14:31.180000,-0.002233
2025-05-01T14:14:31.190000,0.000442
2025-05-01T14:14:31.200000,0.018937
2025-05-01T14:14:31.210000,-0.000515
2025-05-01T14:14:31.220000,0.004433
2025-05-01T14:14:31.230000,0.011837
2025-05-01T14:14:31.240000,-0.009253
2025-05-01T14:14:31.250000,0.024840
2025-05-01T14:14:31.260000,0.005533
2025-05-01T14:14:31.270000,-0.001783
2025-05-01T14:14:31.280000,0.015920
2025-05-01T14:14:31.290000,0.010196
2025-05-01T14:14:31.300000,0.011681
2025-05-01T14:14:31.310000,-0.002542
2025-05-01T14:14:31.320000,-0.011324
2025-05-01T14:14:31.330000,0.015800
2025-05-01T14:14:31.340000,-0.008144
2025-05-01T14:14:31.350000,-0.005389
2025-05-01T14:14:31.360000,-0.008779
2025-05-01T14:14:31.370000,0.004002
2025-05-01T14:14:31.380000,0.004980
2025-05-01T14:14:31.390000,0.008275
2025-05-01T14:14:31.400000,0.002383
2025-05-01T14:14:31.410000,-0.008806
2025-05-01T14:14:31.420000,0.018651
2025-05-01T14:14:31.430000,0.000272
2025-05-01T14:14:31.440000,0.019599
2025-05-01T14:14:31.450000,-0.009649
2025-05-01T14:14:31.460000,0.000078
2025-05-01T14:14:31.470000,-0.005606
2025-05-01T14:14:31.480000,-0.001667
2025-05-01T14:14:31.490000,-0.016714
2025-05-01T14:14:31.500000,-0.013238
2025-05-01T14:14:31.510000,0.012492
2025-05-01T14:14:31.520000,-0.001547
2025-05-01T14:14:31.530000,-0.001173
2025-05-01T14:14:31.540000,0.010146
2025-05-01T14:14:31.550000,0.006558
2025-05-01T14:14:31.560000,-0.000262
2025-05-01T14:14:31.570000,-0.000623
2025-05-01T14:14:31.580000,0.001507
2025-05-01T14:14:31.590000,-0.007221
2025-05-01T14:14:31.600000,0.013692
2025-05-01T14:14:31.610000,0.010590
2025-05-01T14:14:31.620000,0.016444
2025-05-01T14:14:31.630000,-0.014527
2025-05-01T14:14:31.640000,-0.007670
2025-05-01T14:14:31.650000,-0.009081
2025-05-01T14:14:31.660000,0.010802
2025-05-01T14:14:31.670000,-0.004874
2025-05-01T14:14:31.680000,-0.005309
2025-05-01T14:14:31.690000,-0.002541
2025-05-01T14:14:31.700000,0.014323
2025-05-01T14:14:31.710000,0.000884
2025-05-01T14:14:31.720000,-0.017150
2025-05-01T14:14:31.730000,-0.005081
2025-05-01T14:14:31.740000,0.003514
2025-05-01T14:14:31.750000,0.004255
2025-05-01T14:14:31.760000,0.029762
2025-05-01T14:14:31.770000,-0.006626
2025-05-01T14:14:31.780000,0.000051
2025-05-01T14:14:31.790000,0.005054
2025-05-01T14:14:31.800000,-0.002256
2025-05-01T14:14:31.810000,-0.010195
2025-05-01T14:14:31.820000,-0.000899
2025-05-01T14:14:31.830000,0.000185
2025-05-01T14:14:31.840000,-0.008797
2025-05-01T14:14:31.850000,-0.022324
2025-05-01T14:14:31.860000,-0.007155
2025-05-01T14:14:31.870000,0.017797
2025-05-01T14:14:31.880000,-0.001204
2025-05-01T14:14:31.890000,0.012899
2025-05-01T14:14:31.900000,0.001964
2025-05-01T14:14:31.910000,-0.015761
2025-05-01T14:14:31.920000,0.003738
2025-05-01T14:14:31.930000,-0.002489
2025-05-01T14:14:31.940000,-0.009080
2025-05-01T14:14:31.950000,-0.003388
2025-05-01T14:14:31.960000,0.010051
2025-05-01T14:14:31.970000,-0.003243
2025-05-01T14:14:31.980000,-0.010409
2025-05-01T14:14:31.990000,-0.004723
2025-05-01T14:14:32,0.000366
2025-05-01T14:14:32.010000,0.006090
2025-05-01T14:14:32.020000,-0.000291
2025-05-01T14:14:32.030000,0.001550
2025-05-01T14:14:32.040000,0.006784
2025-05-01T14:14:32.050000,-0.004726
2025-05-01T14:14:32.060000,-0.017535
2025-05-01T14:14:32.070000,-0.007641
2025-05-01T14:14:32.080000,-0.000377
2025-05-01T14:14:32.090000,0.005101
2025-05-01T14:14:32.100000,0.002308
2025-05-01T14:14:32.110000,-0.001675
2025-05-01T14:14:32.120000,-0.008702
2025-05-01T14:14:32.130000,0.013574
2025-05-01T14:14:32.140000,0.000507
2025-05-01T14:14:32.150000,-0.012937
2025-05-01T14:14:32.160000,0.004811
2025-05-01T14:14:32.170000,0.009702
2025-05-01T14:14:32.180000,-0.016176
2025-05-01T14:14:32.190000,-0.000615
2025-05-01T14:14:32.200000,-0.007187
2025-05-01T14:14:32.210000,-0.003210
2025-05-01T14:14:32.220000,0.001556
2025-05-01T14:14:32.230000,-0.012628
2025-05-01T14:14:32.240000,0.017644
2025-05-01T14:14:32.250000,0.004608
2025-05-01T14:14:32.260000,-0.009051
2025-05-01T14:14:32.270000,-0.004372
2025-05-01T14:14:32.280000,-0.003734
2025-05-01T14:14:32.290000,0.012775
2025-05-01T14:14:32.300000,-0.011593
2025-05-01T14:14:32.310000,-0.013860
2025-05-01T14:14:32.320000,-0.009741
2025-05-01T14:14:32.330000,-0.000371
2025-05-01T14:14:32.340000,-0.010094
2025-05-01T14:14:32.350000,-0.004889
2025-05-01T14:14:32.360000,0.004664
2025-05-01T14:14:32.370000,-0.006746
2025-05-01T14:14:32.380000,0.017733
2025-05-01T14:14:32.390000,-0.000272
2025-05-01T14:14:32.400000,0.006306
2025-05-01T14:14:32.410000,0.015192
2025-05-01T14:14:32.420000,0.003725
2025-05-01T14:14:32.430000,-0.012903
2025-05-01T14:14:32.440000,0.008518
2025-05-01T14:14:32.450000,-0.001718
2025-05-01T14:14:32.460000,0.006884
2025-05-01T14:14:32.470000,-0.007246
2025-05-01T14:14:32.480000,-0.000122
2025-05-01T14:14:32.490000,-0.003199
2025-05-01T14:14:32.500000,0.005313
2025-05-01T14:14:32.510000,0.004687
2025-05-01T14:14:32.520000,0.007950
2025-05-01T14:14:32.530000,-0.009187
2025-05-01T14:14:32.540000,0.017357
2025-05-01T14:14:32.550000,-0.015612
2025-05-01T14:14:32.560000,0.010668
2025-05-01T14:14:32.570000,0.000598
2025-05-01T14:14:32.580000,-0.006969
2025-05-01T14:14:32.590000,0.004655
2025-05-01T14:14:32.600000,-0.005827
2025-05-01T14:14:32.610000,-0.009567
2025-05-01T14:14:32.620000,0.016519
2025-05-01T14:14:32.630000,-0.016318
2025-05-01T14:14:32.640000,-0.009135
2025-05-01T14:14:32.650000,0.003204
2025-05-01T14:14:32.660000,0.005401
2025-05-01T14:14:32.670000,-0.035989
2025-05-01T14:14:32.680000,-0.012107
2025-05-01T14:14:32.690000,0.005205
2025-05-01T14:14:32.700000,-0.004213
2025-05-01T14:14:32.710000,-0.009786
2025-05-01T14:14:32.720000,-0.003021
2025-05-01T14:14:32.730000,-0.009368
2025-05-01T14:14:32.740000,0.012450
2025-05-01T14:14:32.750000,0.000709
2025-05-01T14:14:32.760000,-0.011943
2025-05-01T14:14:32.770000,-0.003255
2025-05-01T14:14:32.780000,-0.021316
2025-05-01T14:14:32.790000,0.003768
2025-05-01T14:14:32.800000,-0.006767
2025-05-01T14:14:32.810000,-0.002563
2025-05-01T14:14:32.820000,-0.009173
2025-05-01T14:14:32.830000,0.008254
2025-05-01T14:14:32.840000,0.003145
2025-05-01T14:14:32.850000,0.000035
2025-05-01T14:14:32.860000,-0.008598
2025-05-01T14:14:32.870000,0.006183
2025-05-01T14:14:32.880000,0.007725
2025-05-01T14:14:32.890000,-0.001396
2025-05-01T14:14:32.900000,0.004295
2025-05-01T14:14:32.910000,0.013147
2025-05-01T14:14:32.920000,-0.002789
2025-05-01T14:14:32.930000,0.004575
2025-05-01T14:14:32.940000,-0.007094
2025-05-01T14:14:32.950000,-0.008625
2025-05-01T14:14:32.960000,0.009339
2025-05-01T14:14:32.970000,-0.006963
2025-05-01T14:14:32.980000,0.010067
2025-05-01T14:14:32.990000,0.001706
2025-05-01T14:14:33,-0.010568
2025-05-01T14:14:33.010000,0.004247
2025-05-01T14:14:33.020000,0.004200
2025-05-01T14:14:33.030000,-0.016753
2025-05-01T14:14:33.040000,0.002549
2025-05-01T14:14:33.050000,-0.001374
2025-05-01T14:14:33.060000,-0.011297
2025-05-01T14:14:33.070000,0.009010
2025-05-01T14:14:33.080000,0.005943
2025-05-01T14:14:33.090000,-0.003695
2025-05-01T14:14:33.100000,-0.004398
2025-05-01T14:14:33.110000,-0.000117
2025-05-01T14:14:33.120000,-0.000066
2025-05-01T14:14:33.130000,-0.025720
2025-05-01T14:14:33.140000,-0.002404
2025-05-01T14:14:33.150000,-0.008017
2025-05-01T14:14:33.160000,0.001931
2025-05-01T14:14:33.170000,0.006136
2025-05-01T14:14:33.180000,0.007302
2025-05-01T14:14:33.190000,0.006568
2025-05-01T14:14:33.200000,0.022642
2025-05-01T14:14:33.210000,-0.028413
2025-05-01T14:14:33.220000,-0.004496
2025-05-01T14:14:33.230000,0.018982
2025-05-01T14:14:33.240000,-0.010642
2025-05-01T14:14:33.250000,0.018563
2025-05-01T14:14:33.260000,0.005214
2025-05-01T14:14:33.270000,0.016369
2025-05-01T14:14:33.280000,0.008357
2025-05-01T14:14:33.290000,-0.006745
2025-05-01T14:14:33.300000,-0.002557
2025-05-01T14:14:33.310000,0.002928
2025-05-01T14:14:33.320000,0.002721
2025-05-01T14:14:33.330000,0.010439
2025-05-01T14:14:33.340000,0.005906
2025-05-01T14:14:33.350000,0.010742
2025-05-01T14:14:33.360000,0.002452
2025-05-01T14:14:33.370000,0.009788
2025-05-01T14:14:33.380000,-0.016617
2025-05-01T14:14:33.390000,-0.006442
2025-05-01T14:14:33.400000,-0.013090
2025-05-01T14:14:33.410000,0.003040
2025-05-01T14:14:33.420000,-0.006357
2025-05-01T14:14:33.430000,-0.019225
2025-05-01T14:14:33.440000,-0.007055
2025-05-01T14:14:33.450000,0.001899
2025-05-01T14:14:33.460000,0.011717
2025-05-01T14:14:33.470000,-0.019533
2025-05-01T14:14:33.480000,-0.000111
2025-05-01T14:14:33.490000,-0.001893
2025-05-01T14:14:33.500000,0.007764
2025-05-01T14:14:33.510000,-0.017057
2025-05-01T14:14:33.520000,0.013304
2025-05-01T14:14:33.530000,0.009641
2025-05-01T14:14:33.540000,0.018382
2025-05-01T14:14:33.550000,-0.004697
2025-05-01T14:14:33.560000,-0.017151
2025-05-01T14:14:33.570000,0.004427
2025-05-01T14:14:33.580000,0.017718
2025-05-01T14:14:33.590000,-0.015313
2025-05-01T14:14:33.600000,-0.006601
2025-05-01T14:14:33.610000,-0.008229
2025-05-01T14:14:33.620000,0.009863
2025-05-01T14:14:33.630000,-0.004921
2025-05-01T14:14:33.640000,0.012018
2025-05-01T14:14:33.650000,-0.004835
2025-05-01T14:14:33.660000,0.003566
2025-05-01T14:14:33.670000,-0.003292
2025-05-01T14:14:33.680000,-0.002416
2025-05-01T14:14:33.690000,0.012037
2025-05-01T14:14:33.700000,-0.000998
2025-05-01T14:14:33.710000,-0.006685
2025-05-01T14:14:33.720000,0.016221
2025-05-01T14:14:33.730000,-0.010017
2025-05-01T14:14:33.740000,0.005399
2025-05-01T14:14:33.750000,-0.011039
2025-05-01T14:14:33.760000,-0.003696
2025-05-01T14:14:33.770000,0.010806
2025-05-01T14:14:33.780000,-0.014237
2025-05-01T14:14:33.790000,0.010853
2025-05-01T14:14:33.800000,0.019329
2025-05-01T14:14:33.810000,-0.009832
2025-05-01T14:14:33.820000,0.001767
2025-05-01T14:14:33.830000,-0.001141
2025-05-01T14:14:33.840000,-0.011277
2025-05-01T14:14:33.850000,0.024602
2025-05-01T14:14:33.860000,0.015736
2025-05-01T14:14:33.870000,0.004073
2025-05-01T14:14:33.880000,0.014760
2025-05-01T14:14:33.890000,-0.014099
2025-05-01T14:14:33.900000,0.007483
2025-05-01T14:14:33.910000,-0.000319
2025-05-01T14:14:33.920000,-0.003657
2025-05-01T14:14:33.930000,-0.004525
2025-05-01T14:14:33.940000,-0.018944
2025-05-01T14:14:33.950000,-0.001239
2025-05-01T14:14:33.960000,-0.020729
2025-05-01T14:14:33.970000,-0.003114
2025-05-01T14:14:33.980000,-0.009017
2025-05-01T14:14:33.990000,-0.005577
2025-05-01T14:14:34,0.012447
2025-05-01T14:14:34.010000,0.003907
2025-05-01T14:14:34.020000,0.002747
2025-05-01T14:14:34.030000,-0.001172
2025-05-01T14:14:34.040000,0.014046
2025-05-01T14:14:34.050000,0.014497
2025-05-01T14:14:34.060000,-0.007170
2025-05-01T14:14:34.070000,-0.019473
2025-05-01T14:14:34.080000,-0.003742
2025-05-01T14:14:34.090000,-0.009967
2025-05-01T14:14:34.100000,0.003953
2025-05-01T14:14:34.110000,-0.005554
2025-05-01T14:14:34.120000,0.001556
2025-05-01T14:14:34.130000,-0.000938
2025-05-01T14:14:34.140000,0.006898
2025-05-01T14:14:34.150000,-0.004959
2025-05-01T14:14:34.160000,0.001211
2025-05-01T14:14:34.170000,-0.009768
2025-05-01T14:14:34.180000,0.018979
2025-05-01T14:14:34.190000,0.015462
2025-05-01T14:14:34.200000,0.001171
2025-05-01T14:14:34.210000,0.004403
2025-05-01T14:14:34.220000,-0.016931
2025-05-01T14:14:34.230000,-0.004857
2025-05-01T14:14:34.240000,-0.005046
2025-05-01T14:14:34.250000,-0.002498
2025-05-01T14:14:34.260000,0.013106
2025-05-01T14:14:34.270000,0.019148
2025-05-01T14:14:34.280000,-0.005617
2025-05-01T14:14:34.290000,0.002285
2025-05-01T14:14:34.300000,0.004812
2025-05-01T14:14:34.310000,0.018223
2025-05-01T14:14:34.320000,0.004155
2025-05-01T14:14:34.330000,-0.010327
2025-05-01T14:14:34.340000,0.003272
2025-05-01T14:14:34.350000,-0.011778
2025-05-01T14:14:34.360000,-0.012517
2025-05-01T14:14:34.370000,0.013068
2025-05-01T14:14:34.380000,-0.002185
2025-05-01T14:14:34.390000,-0.001053
2025-05-01T14:14:34.400000,-0.002390
2025-05-01T14:14:34.410000,-0.002575
2025-05-01T14:14:34.420000,-0.016887
2025-05-01T14:14:34.430000,-0.000898
2025-05-01T14:14:34.440000,-0.006705
2025-05-01T14:14:34.450000,0.013992
2025-05-01T14:14:34.460000,0.006750
2025-05-01T14:14:34.470000,0.009218
2025-05-01T14:14:34.480000,-0.012284
2025-05-01T14:14:34.490000,0.009087
2025-05-01T14:14:34.500000,0.018606
2025-05-01T14:14:34.510000,0.019752
2025-05-01T14:14:34.520000,0.014279
2025-05-01T14:14:34.530000,-0.011518
2025-05-01T14:14:34.540000,0.017246
2025-05-01T14:14:34.550000,-0.020432
2025-05-01T14:14:34.560000,0.003234
2025-05-01T14:14:34.570000,0.008439
2025-05-01T14:14:34.580000,0.007644
2025-05-01T14:14:34.590000,-0.014715
2025-05-01T14:14:34.600000,-0.000553
2025-05-01T14:14:34.610000,-0.000683
2025-05-01T14:14:34.620000,-0.011945
2025-05-01T14:14:34.630000,-0.003866
2025-05-01T14:14:34.640000,-0.000039
2025-05-01T14:14:34.650000,0.002423
2025-05-01T14:14:34.660000,-0.010148
2025-05-01T14:14:34.670000,-0.002207
2025-05-01T14:14:34.680000,0.011218
2025-05-01T14:14:34.690000,-0.010312
2025-05-01T14:14:34.700000,0.008182
2025-05-01T14:14:34.710000,0.009732
2025-05-01T14:14:34.720000,-0.004563
2025-05-01T14:14:34.730000,-0.007957
2025-05-01T14:14:34.740000,-0.018357
2025-05-01T14:14:34.750000,-0.003688
2025-05-01T14:14:34.760000,-0.008525
2025-05-01T14:14:34.770000,-0.005433
2025-05-01T14:14:34.780000,0.011271
2025-05-01T14:14:34.790000,0.013734
2025-05-01T14:14:34.800000,0.004662
2025-05-01T14:14:34.810000,0.009021
2025-05-01T14:14:34.820000,0.010783
2025-05-01T14:14:34.830000,-0.015061
2025-05-01T14:14:34.840000,0.003554
2025-05-01T14:14:34.850000,0.006432
2025-05-01T14:14:34.860000,0.011935
2025-05-01T14:14:34.870000,-0.012518
2025-05-01T14:14:34.880000,0.000864
2025-05-01T14:14:34.890000,-0.021048
2025-05-01T14:14:34.900000,0.014293
2025-05-01T14:14:34.910000,-0.000014
2025-05-01T14:14:34.920000,-0.008132
2025-05-01T14:14:34.930000,-0.013070
2025-05-01T14:14:34.940000,0.013207
2025-05-01T14:14:34.950000,-0.010543
2025-05-01T14:14:34.960000,0.005549
2025-05-01T14:14:34.970000,-0.013807
2025-05-01T14:14:34.980000,-0.001102
2025-05-01T14:14:34.990000,0.000893
2025-05-01T14:14:35,0.016868
2025-05-01T14:14:35.010000,-0.004304
2025-05-01T14:14:35.020000,0.006627
2025-05-01T14:14:35.030000,0.002953
2025-05-01T14:14:35.040000,-0.007742
2025-05-01T14:14:35.050000,-0.006192
2025-05-01T14:14:35.060000,0.000591
2025-05-01T14:14:35.070000,0.009150
2025-05-01T14:14:35.080000,0.007434
2025-05-01T14:14:35.090000,-0.000990
2025-05-01T14:14:35.100000,-0.008223
2025-05-01T14:14:35.110000,-0.009615
2025-05-01T14:14:35.120000,-0.009310
2025-05-01T14:14:35.130000,-0.001571
2025-05-01T14:14:35.140000,-0.004353
2025-05-01T14:14:35.150000,-0.000518
2025-05-01T14:14:35.160000,0.001632
2025-05-01T14:14:35.170000,0.004320
2025-05-01T14:14:35.180000,-0.025398
2025-05-01T14:14:35.190000,0.001058
2025-05-01T14:14:35.200000,-0.007004
2025-05-01T14:14:35.210000,0.018775
2025-05-01T14:14:35.220000,-0.008245
2025-05-01T14:14:35.230000,-0.014735
2025-05-01T14:14:35.240000,0.002009
2025-05-01T14:14:35.250000,0.001776
2025-05-01T14:14:35.260000,-0.007294
2025-05-01T14:14:35.270000,0.007053
2025-05-01T14:14:35.280000,-0.008553
2025-05-01T14:14:35.290000,0.004970
2025-05-01T14:14:35.300000,0.010525
2025-05-01T14:14:35.310000,-0.014503
2025-05-01T14:14:35.320000,-0.004528
2025-05-01T14:14:35.330000,0.018001
2025-05-01T14:14:35.340000,-0.005356
2025-05-01T14:14:35.350000,-0.010113
2025-05-01T14:14:35.360000,0.005918
2025-05-01T14:14:35.370000,-0.000307
2025-05-01T14:14:35.380000,-0.029448
2025-05-01T14:14:35.390000,-0.001957
2025-05-01T14:14:35.400000,0.000389
2025-05-01T14:14:35.410000,0.003499
2025-05-01T14:14:35.420000,0.031719
2025-05-01T14:14:35.430000,0.006685
2025-05-01T14:14:35.440000,-0.015545
2025-05-01T14:14:35.450000,0.008900
2025-05-01T14:14:35.460000,0.002612
2025-05-01T14:14:35.470000,0.000370
2025-05-01T14:14:35.480000,-0.003852
2025-05-01T14:14:35.490000,0.007096
2025-05-01T14:14:35.500000,-0.010105
2025-05-01T14:14:35.510000,-0.007995
2025-05-01T14:14:35.520000,0.002423
2025-05-01T14:14:35.530000,0.001518
2025-05-01T14:14:35.540000,-0.007258
2025-05-01T14:14:35.550000,0.011495
2025-05-01T14:14:35.560000,0.007429
2025-05-01T14:14:35.570000,0.010880
2025-05-01T14:14:35.580000,-0.003472
2025-05-01T14:14:35.590000,-0.002514
2025-05-01T14:14:35.600000,0.013874
2025-05-01T14:14:35.610000,0.002034
2025-05-01T14:14:35.620000,0.018256
2025-05-01T14:14:35.630000,0.017036
2025-05-01T14:14:35.640000,-0.010659
2025-05-01T14:14:35.650000,0.000962
2025-05-01T14:14:35.660000,0.000215
2025-05-01T14:14:35.670000,0.001412
2025-05-01T14:14:35.680000,0.000100
2025-05-01T14:14:35.690000,0.014456
2025-05-01T14:14:35.700000,-0.006769
2025-05-01T14:14:35.710000,0.016911
2025-05-01T14:14:35.720000,-0.015712
2025-05-01T14:14:35.730000,0.003909
2025-05-01T14:14:35.740000,-0.018810
2025-05-01T14:14:35.750000,-0.004321
2025-05-01T14:14:35.760000,0.013583
2025-05-01T14:14:35.770000,-0.007311
2025-05-01T14:14:35.780000,-0.002978
2025-05-01T14:14:35.790000,0.015261
2025-05-01T14:14:35.800000,0.005124
2025-05-01T14:14:35.810000,-0.013781
2025-05-01T14:14:35.820000,0.013314
2025-05-01T14:14:35.830000,-0.002031
2025-05-01T14:14:35.840000,0.004322
2025-05-01T14:14:35.850000,-0.009692
2025-05-01T14:14:35.860000,0.017750
2025-05-01T14:14:35.870000,0.008927
2025-05-01T14:14:35.880000,0.007825
2025-05-01T14:14:35.890000,0.006316
2025-05-01T14:14:35.900000,-0.002484
2025-05-01T14:14:35.910000,-0.006022
2025-05-01T14:14:35.920000,-0.001996
2025-05-01T14:14:35.930000,0.007509
2025-05-01T14:14:35.940000,0.004678
2025-05-01T14:14:35.950000,-0.012365
2025-05-01T14:14:35.960000,0.004830
2025-05-01T14:14:35.970000,-0.000222
2025-05-01T14:14:35.980000,0.002621
2025-05-01T14:14:35.990000,-0.004967
2025-05-01T14:14:36,0.008901
2025-05-01T14:14:36.010000,0.007353
2025-05-01T14:14:36.020000,-0.003495
2025-05-01T14:14:36.030000,0.004232
2025-05-01T14:14:36.040000,0.008578
2025-05-01T14:14:36.050000,0.002169
2025-05-01T14:14:36.060000,-0.001606
2025-05-01T14:14:36.070000,0.022217
2025-05-01T14:14:36.080000,-0.006252
2025-05-01T14:14:36.090000,0.005643
2025-05-01T14:14:36.100000,0.012951
2025-05-01T14:14:36.110000,0.005508
2025-05-01T14:14:36.120000,0.018538
2025-05-01T14:14:36.130000,-0.016821
2025-05-01T14:14:36.140000,0.014956
2025-05-01T14:14:36.150000,0.016845
2025-05-01T14:14:36.160000,-0.004936
2025-05-01T14:14:36.170000,0.012448
2025-05-01T14:14:36.180000,-0.014452
2025-05-01T14:14:36.190000,0.005432
2025-05-01T14:14:36.200000,0.013030
2025-05-01T14:14:36.210000,-0.010692
2025-05-01T14:14:36.220000,-0.014691
2025-05-01T14:14:36.230000,0.004741
2025-05-01T14:14:36.240000,0.014743
2025-05-01T14:14:36.250000,0.004187
2025-05-01T14:14:36.260000,-0.005483
2025-05-01T14:14:36.270000,0.011577
2025-05-01T14:14:36.280000,-0.008259
2025-05-01T14:14:36.290000,-0.003062
2025-05-01T14:14:36.300000,0.011449
2025-05-01T14:14:36.310000,0.002757
2025-05-01T14:14:36.320000,-0.000457
2025-05-01T14:14:36.330000,-0.005222
2025-05-01T14:14:36.340000,0.002435
2025-05-01T14:14:36.350000,0.007024
2025-05-01T14:14:36.360000,0.010160
2025-05-01T14:14:36.370000,0.009879
2025-05-01T14:14:36.380000,0.008125
2025-05-01T14:14:36.390000,-0.019340
2025-05-01T14:14:36.400000,0.005704
2025-05-01T14:14:36.410000,0.008230
2025-05-01T14:14:36.420000,-0.001634
2025-05-01T14:14:36.430000,-0.019783
2025-05-01T14:14:36.440000,0.001670
2025-05-01T14:14:36.450000,0.014898
2025-05-01T14:14:36.460000,0.008555
2025-05-01T14:14:36.470000,0.006643
2025-05-01T14:14:36.480000,-0.007791
2025-05-01T14:14:36.490000,0.011928
2025-05-01T14:14:36.500000,0.009067
2025-05-01T14:14:36.510000,0.000263
2025-05-01T14:14:36.520000,-0.005019
2025-05-01T14:14:36.530000,-0.003065
2025-05-01T14:14:36.540000,0.000641
2025-05-01T14:14:36.550000,0.000293
2025-05-01T14:14:36.560000,0.015092
2025-05-01T14:14:36.570000,0.006140
2025-05-01T14:14:36.580000,0.011398
2025-05-01T14:14:36.590000,0.005227
2025-05-01T14:14:36.600000,-0.010727
2025-05-01T14:14:36.610000,-0.000642
2025-05-01T14:14:36.620000,0.008458
2025-05-01T14:14:36.630000,-0.007468
2025-05-01T14:14:36.640000,0.009821
2025-05-01T14:14:36.650000,0.011597
2025-05-01T14:14:36.660000,0.001117
2025-05-01T14:14:36.670000,-0.012560
2025-05-01T14:14:36.680000,0.001470
2025-05-01T14:14:36.690000,-0.007604
2025-05-01T14:14:36.700000,0.002760
2025-05-01T14:14:36.710000,0.016387
2025-05-01T14:14:36.720000,0.006663
2025-05-01T14:14:36.730000,-0.013262
2025-05-01T14:14:36.740000,-0.021536
2025-05-01T14:14:36.750000,0.003482
2025-05-01T14:14:36.760000,-0.012140
2025-05-01T14:14:36.770000,0.004669
2025-05-01T14:14:36.780000,-0.003237
2025-05-01T14:14:36.790000,0.003157
2025-05-01T14:14:36.800000,0.004280
2025-05-01T14:14:36.810000,0.013581
2025-05-01T14:14:36.820000,0.005184
2025-05-01T14:14:36.830000,0.014619
2025-05-01T14:14:36.840000,0.003963
2025-05-01T14:14:36.850000,0.013330
2025-05-01T14:14:36.860000,-0.007848
2025-05-01T14:14:36.870000,-0.006056
2025-05-01T14:14:36.880000,-0.015713
2025-05-01T14:14:36.890000,0.015249
2025-05-01T14:14:36.900000,0.019219
2025-05-01T14:14:36.910000,-0.012595
2025-05-01T14:14:36.920000,-0.007988
2025-05-01T14:14:36.930000,-0.006214
2025-05-01T14:14:36.940000,0.003016
2025-05-01T14:14:36.950000,0.002310
2025-05-01T14:14:36.960000,0.001280
2025-05-01T14:14:36.970000,-0.007234
2025-05-01T14:14:36.980000,0.011008
2025-05-01T14:14:36.990000,-0.002919
2025-05-01T14:14:37,-0.002284
2025-05-01T14:14:37.010000,0.001155
2025-05-01T14:14:37.020000,-0.000992
2025-05-01T14:14:37.030000,-0.004073
2025-05-01T14:14:37.040000,0.004744
2025-05-01T14:14:37.050000,-0.006037
2025-05-01T14:14:37.060000,0.008508
2025-05-01T14:14:37.070000,-0.006282
2025-05-01T14:14:37.080000,-0.006012
2025-05-01T14:14:37.090000,0.000209
2025-05-01T14:14:37.100000,0.006494
2025-05-01T14:14:37.110000,0.003022
2025-05-01T14:14:37.120000,-0.001384
2025-05-01T14:14:37.130000,0.010419
2025-05-01T14:14:37.140000,0.009822
2025-05-01T14:14:37.150000,-0.004476
2025-05-01T14:14:37.160000,0.000320
2025-05-01T14:14:37.170000,-0.002958
2025-05-01T14:14:37.180000,0.006298
2025-05-01T14:14:37.190000,0.013987
2025-05-01T14:14:37.200000,-0.002885
2025-05-01T14:14:37.210000,-0.002232
2025-05-01T14:14:37.220000,0.016807
2025-05-01T14:14:37.230000,0.010026
2025-05-01T14:14:37.240000,-0.007345
2025-05-01T14:14:37.250000,-0.010728
2025-05-01T14:14:37.260000,-0.006553
2025-05-01T14:14:37.270000,-0.009126
2025-05-01T14:14:37.280000,-0.002866
2025-05-01T14:14:37.290000,-0.010215
2025-05-01T14:14:37.300000,-0.011608
2025-05-01T14:14:37.310000,-0.000354
2025-05-01T14:14:37.320000,-0.027583
2025-05-01T14:14:37.330000,0.028670
2025-05-01T14:14:37.340000,-0.005635
2025-05-01T14:14:37.350000,0.004724
2025-05-01T14:14:37.360000,0.007622
2025-05-01T14:14:37.370000,0.006111
2025-05-01T14:14:37.380000,0.003021
2025-05-01T14:14:37.390000,0.004044
2025-05-01T14:14:37.400000,-0.009297
2025-05-01T14:14:37.410000,0.000502
2025-05-01T14:14:37.420000,0.001461
2025-05-01T14:14:37.430000,-0.002419
2025-05-01T14:14:37.440000,0.017506
2025-05-01T14:14:37.450000,0.004675
2025-05-01T14:14:37.460000,-0.006090
2025-05-01T14:14:37.470000,-0.004042
2025-05-01T14:14:37.480000,-0.008969
2025-05-01T14:14:37.490000,-0.013416
2025-05-01T14:14:37.500000,0.007092
2025-05-01T14:14:37.510000,0.008579
2025-05-01T14:14:37.520000,-0.011656
2025-05-01T14:14:37.530000,-0.014893
2025-05-01T14:14:37.540000,0.002487
2025-05-01T14:14:37.550000,-0.006867
2025-05-01T14:14:37.560000,0.009254
2025-05-01T14:14:37.570000,-0.004850
2025-05-01T14:14:37.580000,0.001452
2025-05-01T14:14:37.590000,0.002655
2025-05-01T14:14:37.600000,-0.006103
2025-05-01T14:14:37.610000,0.004519
2025-05-01T14:14:37.620000,-0.005804
2025-05-01T14:14:37.630000,0.004015
2025-05-01T14:14:37.640000,-0.004926
2025-05-01T14:14:37.650000,-0.010848
2025-05-01T14:14:37.660000,0.002989
2025-05-01T14:14:37.670000,-0.015486
2025-05-01T14:14:37.680000,-0.008844
2025-05-01T14:14:37.690000,0.006414
2025-05-01T14:14:37.700000,0.007450
2025-05-01T14:14:37.710000,-0.011556
2025-05-01T14:14:37.720000,0.017197
2025-05-01T14:14:37.730000,-0.003582
2025-05-01T14:14:37.740000,-0.009236
2025-05-01T14:14:37.750000,0.007216
2025-05-01T14:14:37.760000,0.018399
2025-05-01T14:14:37.770000,0.025665
2025-05-01T14:14:37.780000,-0.010583
2025-05-01T14:14:37.790000,-0.007541
2025-05-01T14:14:37.800000,0.002460
2025-05-01T14:14:37.810000,0.001239
2025-05-01T14:14:37.820000,-0.001534
2025-05-01T14:14:37.830000,0.011701
2025-05-01T14:14:37.840000,-0.022503
2025-05-01T14:14:37.850000,-0.000903
2025-05-01T14:14:37.860000,0.001577
2025-05-01T14:14:37.870000,0.004879
2025-05-01T14:14:37.880000,0.017882
2025-05-01T14:14:37.890000,0.015575
2025-05-01T14:14:37.900000,0.006162
2025-05-01T14:14:37.910000,0.013722
2025-05-01T14:14:37.920000,0.000519
2025-05-01T14:14:37.930000,0.010907
2025-05-01T14:14:37.940000,0.003094
2025-05-01T14:14:37.950000,-0.002855
2025-05-01T14:14:37.960000,0.004448
2025-05-01T14:14:37.970000,0.008447
2025-05-01T14:14:37.980000,0.015232
2025-05-01T14:14:37.990000,-0.009434
2025-05-01T14:14:38,0.004112
2025-05-01T14:14:38.010000,0.005374
2025-05-01T14:14:38.020000,0.000551
2025-05-01T14:14:38.030000,0.009867
2025-05-01T14:14:38.040000,-0.004007
2025-05-01T14:14:38.050000,0.005025
2025-05-01T14:14:38.060000,0.010546
2025-05-01T14:14:38.070000,0.018883
2025-05-01T14:14:38.080000,0.002171
2025-05-01T14:14:38.090000,0.018315
2025-05-01T14:14:38.100000,-0.002826
2025-05-01T14:14:38.110000,-0.000370
2025-05-01T14:14:38.120000,0.006421
2025-05-01T14:14:38.130000,-0.007212
2025-05-01T14:14:38.140000,0.009980
2025-05-01T14:14:38.150000,0.012761
2025-05-01T14:14:38.160000,-0.000464
2025-05-01T14:14:38.170000,-0.026595
2025-05-01T14:14:38.180000,-0.005966
2025-05-01T14:14:38.190000,-0.023825
2025-05-01T14:14:38.200000,0.014263
2025-05-01T14:14:38.210000,0.008051
2025-05-01T14:14:38.220000,0.002018
2025-05-01T14:14:38.230000,0.013027
2025-05-01T14:14:38.240000,0.003572
2025-05-01T14:14:38.250000,0.007465
2025-05-01T14:14:38.260000,-0.032505
2025-05-01T14:14:38.270000,-0.011081
2025-05-01T14:14:38.280000,0.011828
2025-05-01T14:14:38.290000,-0.003169
2025-05-01T14:14:38.300000,0.003692
2025-05-01T14:14:38.310000,-0.009418
2025-05-01T14:14:38.320000,-0.002692
2025-05-01T14:14:38.330000,0.001454
2025-05-01T14:14:38.340000,-0.010365
2025-05-01T14:14:38.350000,0.010801
2025-05-01T14:14:38.360000,-0.016424
2025-05-01T14:14:38.370000,-0.014155
2025-05-01T14:14:38.380000,0.005823
2025-05-01T14:14:38.390000,-0.004367
2025-05-01T14:14:38.400000,0.007372
2025-05-01T14:14:38.410000,-0.000996
2025-05-01T14:14:38.420000,0.012533
2025-05-01T14:14:38.430000,-0.005785
2025-05-01T14:14:38.440000,-0.025414
2025-05-01T14:14:38.450000,-0.001354
2025-05-01T14:14:38.460000,-0.017129
2025-05-01T14:14:38.470000,0.003632
2025-05-01T14:14:38.480000,0.003110
2025-05-01T14:14:38.490000,0.001340
2025-05-01T14:14:38.500000,0.003065
2025-05-01T14:14:38.510000,0.005969
2025-05-01T14:14:38.520000,0.002669
2025-05-01T14:14:38.530000,-0.003307
2025-05-01T14:14:38.540000,-0.009023
2025-05-01T14:14:38.550000,-0.012960
2025-05-01T14:14:38.560000,-0.001400
2025-05-01T14:14:38.570000,-0.003008
2025-05-01T14:14:38.580000,0.000046
2025-05-01T14:14:38.590000,-0.008240
2025-05-01T14:14:38.600000,-0.003167
2025-05-01T14:14:38.610000,-0.002826
2025-05-01T14:14:38.620000,0.006352
2025-05-01T14:14:38.630000,0.003044
2025-05-01T14:14:38.640000,-0.014182
2025-05-01T14:14:38.650000,0.000672
2025-05-01T14:14:38.660000,0.020596
2025-05-01T14:14:38.670000,-0.003837
2025-05-01T14:14:38.680000,0.002927
2025-05-01T14:14:38.690000,0.007669
2025-05-01T14:14:38.700000,0.002526
2025-05-01T14:14:38.710000,-0.009150
2025-05-01T14:14:38.720000,-0.008258
2025-05-01T14:14:38.730000,-0.000248
2025-05-01T14:14:38.740000,-0.011981
2025-05-01T14:14:38.750000,0.011640
2025-05-01T14:14:38.760000,-0.003065
2025-05-01T14:14:38.770000,-0.009396
2025-05-01T14:14:38.780000,-0.000551
2025-05-01T14:14:38.790000,-0.004617
2025-05-01T14:14:38.800000,-0.010977
2025-05-01T14:14:38.810000,0.008496
2025-05-01T14:14:38.820000,0.004363
2025-05-01T14:14:38.830000,0.003451
2025-05-01T14:14:38.840000,-0.012432
2025-05-01T14:14:38.850000,0.008870
2025-05-01T14:14:38.860000,-0.004862
2025-05-01T14:14:38.870000,0.008818
2025-05-01T14:14:38.880000,-0.000807
2025-05-01T14:14:38.890000,0.016698
2025-05-01T14:14:38.900000,-0.002539
2025-05-01T14:14:38.910000,0.005691
2025-05-01T14:14:38.920000,-0.004106
2025-05-01T14:14:38.930000,0.009626
2025-05-01T14:14:38.940000,0.003985
2025-05-01T14:14:38.950000,0.012928
2025-05-01T14:14:38.960000,0.005393
2025-05-01T14:14:38.970000,-0.000076
2025-05-01T14:14:38.980000,0.013277
2025-05-01T14:14:38.990000,0.025380
2025-05-01T14:14:39,0.022333
2025-05-01T14:14:39.010000,-0.017324
2025-05-01T14:14:39.020000,0.003008
2025-05-01T14:14:39.030000,-0.006959
2025-05-01T14:14:39.040000,0.014146
2025-05-01T14:14:39.050000,0.003737
2025-05-01T14:14:39.060000,0.002982
2025-05-01T14:14:39.070000,0.003194
2025-05-01T14:14:39.080000,0.003388
2025-05-01T14:14:39.090000,-0.003735
2025-05-01T14:14:39.100000,-0.005138
2025-05-01T14:14:39.110000,-0.006000
2025-05-01T14:14:39.120000,-0.016482
2025-05-01T14:14:39.130000,0.002727
2025-05-01T14:14:39.140000,0.000116
2025-05-01T14:14:39.150000,-0.002111
2025-05-01T14:14:39.160000,0.014909
2025-05-01T14:14:39.170000,0.012755
2025-05-01T14:14:39.180000,0.009719
2025-05-01T14:14:39.190000,0.005574
2025-05-01T14:14:39.200000,-0.001205
2025-05-01T14:14:39.210000,0.009504
2025-05-01T14:14:39.220000,-0.014865
2025-05-01T14:14:39.230000,0.000522
2025-05-01T14:14:39.240000,0.001901
2025-05-01T14:14:39.250000,0.005906
2025-05-01T14:14:39.260000,-0.000691
2025-05-01T14:14:39.270000,0.001615
2025-05-01T14:14:39.280000,-0.002775
2025-05-01T14:14:39.290000,0.003537
2025-05-01T14:14:39.300000,0.001481
2025-05-01T14:14:39.310000,0.015670
2025-05-01T14:14:39.320000,0.000597
2025-05-01T14:14:39.330000,0.009398
2025-05-01T14:14:39.340000,0.001829
2025-05-01T14:14:39.350000,-0.000804
2025-05-01T14:14:39.360000,-0.006994
2025-05-01T14:14:39.370000,0.008507
2025-05-01T14:14:39.380000,-0.012970
2025-05-01T14:14:39.390000,-0.011641
2025-05-01T14:14:39.400000,0.004413
2025-05-01T14:14:39.410000,0.016435
2025-05-01T14:14:39.420000,0.001761
2025-05-01T14:14:39.430000,-0.012493
2025-05-01T14:14:39.440000,0.008098
2025-05-01T14:14:39.450000,0.009842
2025-05-01T14:14:39.460000,-0.018014
2025-05-01T14:14:39.470000,0.002476
2025-05-01T14:14:39.480000,-0.001746
2025-05-01T14:14:39.490000,0.001840
2025-05-01T14:14:39.500000,0.010552
2025-05-01T14:14:39.510000,-0.019308
2025-05-01T14:14:39.520000,0.001492
2025-05-01T14:14:39.530000,-0.000673
2025-05-01T14:14:39.540000,-0.006270
2025-05-01T14:14:39.550000,0.023086
2025-05-01T14:14:39.560000,-0.003811
2025-05-01T14:14:39.570000,0.020886
2025-05-01T14:14:39.580000,-0.000682
2025-05-01T14:14:39.590000,-0.000155
2025-05-01T14:14:39.600000,0.001804
2025-05-01T14:14:39.610000,0.015185
2025-05-01T14:14:39.620000,0.009349
2025-05-01T14:14:39.630000,-0.011530
2025-05-01T14:14:39.640000,0.002737
2025-05-01T14:14:39.650000,0.004152
2025-05-01T14:14:39.660000,-0.001357
2025-05-01T14:14:39.670000,-0.000302
2025-05-01T14:14:39.680000,0.008454
2025-05-01T14:14:39.690000,-0.004220
2025-05-01T14:14:39.700000,-0.011793
2025-05-01T14:14:39.710000,-0.004382
2025-05-01T14:14:39.720000,0.000509
2025-05-01T14:14:39.730000,-0.004625
2025-05-01T14:14:39.740000,-0.012886
2025-05-01T14:14:39.750000,0.001877
2025-05-01T14:14:39.760000,-0.005496
2025-05-01T14:14:39.770000,0.008514
2025-05-01T14:14:39.780000,0.005446
2025-05-01T14:14:39.790000,0.000239
2025-05-01T14:14:39.800000,0.010826
2025-05-01T14:14:39.810000,-0.005954
2025-05-01T14:14:39.820000,0.002302
2025-05-01T14:14:39.830000,-0.002492
2025-05-01T14:14:39.840000,0.001134
2025-05-01T14:14:39.850000,-0.003982
2025-05-01T14:14:39.860000,-0.012587
2025-05-01T14:14:39.870000,0.012288
2025-05-01T14:14:39.880000,-0.005510
2025-05-01T14:14:39.890000,0.000593
2025-05-01T14:14:39.900000,0.004271
2025-05-01T14:14:39.910000,0.011467
2025-05-01T14:14:39.920000,0.002588
2025-05-01T14:14:39.930000,0.010513
2025-05-01T14:14:39.940000,0.007438
2025-05-01T14:14:39.950000,-0.006144
2025-05-01T14:14:39.960000,0.003893
2025-05-01T14:14:39.970000,0.006428
2025-05-01T14:14:39.980000,0.003665
2025-05-01T14:14:39.990000,0.017751
2025-05-01T14:14:40,0.002348
2025-05-01T14:14:40.010000,-0.004744
2025-05-01T14:14:40.020000,0.007018
2025-05-01T14:14:40.030000,0.002113
2025-05-01T14:14:40.040000,-0.002754
2025-05-01T14:14:40.050000,0.002944
2025-05-01T14:14:40.060000,-0.009046
2025-05-01T14:14:40.070000,0.002922
2025-05-01T14:14:40.080000,0.012716
2025-05-01T14:14:40.090000,0.004960
2025-05-01T14:14:40.100000,-0.014569
2025-05-01T14:14:40.110000,-0.008773
2025-05-01T14:14:40.120000,-0.016468
2025-05-01T14:14:40.130000,-0.012803
2025-05-01T14:14:40.140000,-0.010858
2025-05-01T14:14:40.150000,0.009678
2025-05-01T14:14:40.160000,-0.007084
2025-05-01T14:14:40.170000,-0.010509
2025-05-01T14:14:40.180000,0.000127
2025-05-01T14:14:40.190000,-0.013826
2025-05-01T14:14:40.200000,0.006040
2025-05-01T14:14:40.210000,-0.005203
2025-05-01T14:14:40.220000,0.011823
2025-05-01T14:14:40.230000,0.019872
2025-05-01T14:14:40.240000,0.006682
2025-05-01T14:14:40.250000,0.012633
2025-05-01T14:14:40.260000,0.021292
2025-05-01T14:14:40.270000,-0.002626
2025-05-01T14:14:40.280000,-0.013831
2025-05-01T14:14:40.290000,0.013644
2025-05-01T14:14:40.300000,-0.010231
2025-05-01T14:14:40.310000,-0.017661
2025-05-01T14:14:40.320000,-0.004085
2025-05-01T14:14:40.330000,-0.028980
2025-05-01T14:14:40.340000,-0.022895
2025-05-01T14:14:40.350000,-0.044085
2025-05-01T14:14:40.360000,-0.038176
2025-05-01T14:14:40.370000,-0.031862
2025-05-01T14:14:40.380000,-0.022885
2025-05-01T14:14:40.390000,-0.008930
2025-05-01T14:14:40.400000,-0.004268
2025-05-01T14:14:40.410000,0.019265
2025-05-01T14:14:40.420000,0.051479
2025-05-01T14:14:40.430000,0.067168
2025-05-01T14:14:40.440000,0.074019
2025-05-01T14:14:40.450000,0.084822
2025-05-01T14:14:40.460000,0.095633
2025-05-01T14:14:40.470000,0.094367
2025-05-01T14:14:40.480000,0.088464
2025-05-01T14:14:40.490000,0.050195
2025-05-01T14:14:40.500000,0.004584
2025-05-01T14:14:40.510000,-0.059078
2025-05-01T14:14:40.520000,-0.112240
2025-05-01T14:14:40.530000,-0.155705
2025-05-01T14:14:40.540000,-0.200384
2025-05-01T14:14:40.550000,-0.239617
2025-05-01T14:14:40.560000,-0.259123
2025-05-01T14:14:40.570000,-0.245383
2025-05-01T14:14:40.580000,-0.205466
2025-05-01T14:14:40.590000,-0.096973
2025-05-01T14:14:40.600000,-0.015844
2025-05-01T14:14:40.610000,0.084943
2025-05-01T14:14:40.620000,0.185169
2025-05-01T14:14:40.630000,0.251674
2025-05-01T14:14:40.640000,0.252844
2025-05-01T14:14:40.650000,0.243002
2025-05-01T14:14:40.660000,0.220265
2025-05-01T14:14:40.670000,0.166966
2025-05-01T14:14:40.680000,0.091743
2025-05-01T14:14:40.690000,0.045256
2025-05-01T14:14:40.700000,-0.006003
2025-05-01T14:14:40.710000,-0.049165
2025-05-01T14:14:40.720000,-0.075341
2025-05-01T14:14:40.730000,-0.075811
2025-05-01T14:14:40.740000,-0.092770
2025-05-01T14:14:40.750000,-0.076302
2025-05-01T14:14:40.760000,-0.072254
2025-05-01T14:14:40.770000,-0.053973
2025-05-01T14:14:40.780000,-0.032226
2025-05-01T14:14:40.790000,-0.027959
2025-05-01T14:14:40.800000,0.000963
2025-05-01T14:14:40.810000,0.021653
2025-05-01T14:14:40.820000,0.029011
2025-05-01T14:14:40.830000,0.038834
2025-05-01T14:14:40.840000,0.032951
2025-05-01T14:14:40.850000,0.032119
2025-05-01T14:14:40.860000,0.024842
2025-05-01T14:14:40.870000,0.042548
2025-05-01T14:14:40.880000,0.008335
2025-05-01T14:14:40.890000,-0.003766
2025-05-01T14:14:40.900000,0.007698
2025-05-01T14:14:40.910000,-0.006864
2025-05-01T14:14:40.920000,0.004026
2025-05-01T14:14:40.930000,-0.014668
2025-05-01T14:14:40.940000,-0.003177
2025-05-01T14:14:40.950000,-0.015578
2025-05-01T14:14:40.960000,-0.027397
2025-05-01T14:14:40.970000,-0.000250
2025-05-01T14:14:40.980000,0.005079
2025-05-01T14:14:40.990000,-0.003517
2025-05-01T14:14:41,0.000383
2025-05-01T14:14:41.010000,0.017779
2025-05-01T14:14:41.020000,0.001686
2025-05-01T14:14:41.030000,-0.016100
2025-05-01T14:14:41.040000,0.007595
2025-05-01T14:14:41.050000,0.003505
2025-05-01T14:14:41.060000,-0.013378
2025-05-01T14:14:41.070000,0.020039
2025-05-01T14:14:41.080000,0.007976
2025-05-01T14:14:41.090000,0.011340
2025-05-01T14:14:41.100000,0.003678
2025-05-01T14:14:41.110000,-0.009370
2025-05-01T14:14:41.120000,-0.028628
2025-05-01T14:14:41.130000,-0.012460
2025-05-01T14:14:41.140000,-0.015027
2025-05-01T14:14:41.150000,-0.003371
2025-05-01T14:14:41.160000,0.011892
2025-05-01T14:14:41.170000,-0.002513
2025-05-01T14:14:41.180000,0.008936
2025-05-01T14:14:41.190000,0.005153
2025-05-01T14:14:41.200000,0.016225
2025-05-01T14:14:41.210000,-0.000437
2025-05-01T14:14:41.220000,-0.012024
2025-05-01T14:14:41.230000,0.000866
2025-05-01T14:14:41.240000,-0.000384
2025-05-01T14:14:41.250000,-0.016800
2025-05-01T14:14:41.260000,0.006497
2025-05-01T14:14:41.270000,-0.006609
2025-05-01T14:14:41.280000,-0.002410
2025-05-01T14:14:41.290000,0.008947
2025-05-01T14:14:41.300000,0.004449
2025-05-01T14:14:41.310000,0.003741
2025-05-01T14:14:41.320000,0.009691
2025-05-01T14:14:41.330000,-0.004047
2025-05-01T14:14:41.340000,-0.006629
2025-05-01T14:14:41.350000,-0.000948
2025-05-01T14:14:41.360000,0.020423
2025-05-01T14:14:41.370000,0.005738
2025-05-01T14:14:41.380000,-0.009163
2025-05-01T14:14:41.390000,-0.007841
2025-05-01T14:14:41.400000,-0.007625
2025-05-01T14:14:41.410000,0.000037
2025-05-01T14:14:41.420000,0.009251
2025-05-01T14:14:41.430000,-0.019129
2025-05-01T14:14:41.440000,0.007108
2025-05-01T14:14:41.450000,0.006100
2025-05-01T14:14:41.460000,-0.008630
2025-05-01T14:14:41.470000,-0.004453
2025-05-01T14:14:41.480000,-0.014138
2025-05-01T14:14:41.490000,-0.002397
2025-05-01T14:14:41.500000,0.018912
2025-05-01T14:14:41.510000,0.007905
2025-05-01T14:14:41.520000,-0.011691
2025-05-01T14:14:41.530000,0.001735
2025-05-01T14:14:41.540000,-0.021603
2025-05-01T14:14:41.550000,0.001396
2025-05-01T14:14:41.560000,-0.000674
2025-05-01T14:14:41.570000,0.006573
2025-05-01T14:14:41.580000,0.005548
2025-05-01T14:14:41.590000,-0.006418
2025-05-01T14:14:41.600000,-0.007032
2025-05-01T14:14:41.610000,0.004517
2025-05-01T14:14:41.620000,0.008010
2025-05-01T14:14:41.630000,-0.009808
2025-05-01T14:14:41.640000,0.005707
2025-05-01T14:14:41.650000,0.011259
2025-05-01T14:14:41.660000,0.002424
2025-05-01T14:14:41.670000,0.005723
2025-05-01T14:14:41.680000,-0.012529
2025-05-01T14:14:41.690000,-0.001646
2025-05-01T14:14:41.700000,-0.007560
2025-05-01T14:14:41.710000,-0.003917
2025-05-01T14:14:41.720000,0.030581
2025-05-01T14:14:41.730000,-0.004807
2025-05-01T14:14:41.740000,0.028596
2025-05-01T14:14:41.750000,0.002831
2025-05-01T14:14:41.760000,-0.001161
2025-05-01T14:14:41.770000,-0.008874
2025-05-01T14:14:41.780000,0.012019
2025-05-01T14:14:41.790000,0.000916
2025-05-01T14:14:41.800000,0.001106
2025-05-01T14:14:41.810000,-0.000212
2025-05-01T14:14:41.820000,0.011534
2025-05-01T14:14:41.830000,0.007163
2025-05-01T14:14:41.840000,0.009580
2025-05-01T14:14:41.850000,-0.004483
2025-05-01T14:14:41.860000,0.006717
2025-05-01T14:14:41.870000,0.016666
2025-05-01T14:14:41.880000,-0.016274
2025-05-01T14:14:41.890000,0.006657
2025-05-01T14:14:41.900000,0.007614
2025-05-01T14:14:41.910000,-0.003962
2025-05-01T14:14:41.920000,0.011158
2025-05-01T14:14:41.930000,0.002312
2025-05-01T14:14:41.940000,-0.005288
2025-05-01T14:14:41.950000,-0.003840
2025-05-01T14:14:41.960000,0.007024
2025-05-01T14:14:41.970000,0.005648
2025-05-01T14:14:41.980000,0.003133
2025-05-01T14:14:41.990000,-0.002945
2025-05-01T14:14:42,-0.012173
2025-05-01T14:14:42.010000,-0.000611
2025-05-01T14:14:42.020000,-0.001755
2025-05-01T14:14:42.030000,0.002769
2025-05-01T14:14:42.040000,0.004087
2025-05-01T14:14:42.050000,0.001076
2025-05-01T14:14:42.060000,0.004606
2025-05-01T14:14:42.070000,-0.002561
2025-05-01T14:14:42.080000,-0.008143
2025-05-01T14:14:42.090000,0.005843
2025-05-01T14:14:42.100000,0.018995
2025-05-01T14:14:42.110000,-0.006666
2025-05-01T14:14:42.120000,-0.008210
2025-05-01T14:14:42.130000,0.005694
2025-05-01T14:14:42.140000,-0.008566
2025-05-01T14:14:42.150000,-0.011749
2025-05-01T14:14:42.160000,0.000229
2025-05-01T14:14:42.170000,0.012956
2025-05-01T14:14:42.180000,-0.009048
2025-05-01T14:14:42.190000,-0.012963
2025-05-01T14:14:42.200000,0.016076
2025-05-01T14:14:42.210000,-0.002035
2025-05-01T14:14:42.220000,-0.008577
2025-05-01T14:14:42.230000,-0.009042
2025-05-01T14:14:42.240000,0.013169
2025-05-01T14:14:42.250000,-0.015034
2025-05-01T14:14:42.260000,-0.007846
2025-05-01T14:14:42.270000,0.009323
2025-05-01T14:14:42.280000,-0.023840
2025-05-01T14:14:42.290000,-0.000632
2025-05-01T14:14:42.300000,-0.006926
2025-05-01T14:14:42.310000,-0.004344
2025-05-01T14:14:42.320000,0.004745
2025-05-01T14:14:42.330000,0.017180
2025-05-01T14:14:42.340000,0.001022
2025-05-01T14:14:42.350000,0.008750
2025-05-01T14:14:42.360000,0.001470
2025-05-01T14:14:42.370000,-0.001018
2025-05-01T14:14:42.380000,-0.027669
2025-05-01T14:14:42.390000,-0.017322
2025-05-01T14:14:42.400000,-0.004035
2025-05-01T14:14:42.410000,-0.017351
2025-05-01T14:14:42.420000,-0.000373
2025-05-01T14:14:42.430000,0.010456
2025-05-01T14:14:42.440000,-0.005323
2025-05-01T14:14:42.450000,-0.005683
2025-05-01T14:14:42.460000,-0.002802
2025-05-01T14:14:42.470000,-0.007449
2025-05-01T14:14:42.480000,-0.010536
2025-05-01T14:14:42.490000,0.023177
2025-05-01T14:14:42.500000,-0.002377
2025-05-01T14:14:42.510000,0.006877
2025-05-01T14:14:42.520000,-0.021862
2025-05-01T14:14:42.530000,0.002485
2025-05-01T14:14:42.540000,0.004445
2025-05-01T14:14:42.550000,-0.011142
2025-05-01T14:14:42.560000,0.010471
2025-05-01T14:14:42.570000,0.022492
2025-05-01T14:14:42.580000,-0.001362
2025-05-01T14:14:42.590000,0.009599
2025-05-01T14:14:42.600000,-0.006227
2025-05-01T14:14:42.610000,0.009052
2025-05-01T14:14:42.620000,0.006279
2025-05-01T14:14:42.630000,-0.002941
2025-05-01T14:14:42.640000,-0.002061
2025-05-01T14:14:42.650000,0.005990
2025-05-01T14:14:42.660000,0.000983
2025-05-01T14:14:42.670000,-0.009195
2025-05-01T14:14:42.680000,-0.013681
2025-05-01T14:14:42.690000,-0.008662
2025-05-01T14:14:42.700000,0.001202
2025-05-01T14:14:42.710000,0.002069
2025-05-01T14:14:42.720000,0.005768
2025-05-01T14:14:42.730000,0.004395
2025-05-01T14:14:42.740000,-0.014631
2025-05-01T14:14:42.750000,-0.022772
2025-05-01T14:14:42.760000,-0.008248
2025-05-01T14:14:42.770000,0.007720
2025-05-01T14:14:42.780000,0.011343
2025-05-01T14:14:42.790000,0.002183
2025-05-01T14:14:42.800000,0.000075
2025-05-01T14:14:42.810000,0.004669
2025-05-01T14:14:42.820000,-0.000386
2025-05-01T14:14:42.830000,-0.003521
2025-05-01T14:14:42.840000,-0.004833
2025-05-01T14:14:42.850000,-0.016485
2025-05-01T14:14:42.860000,-0.004240
2025-05-01T14:14:42.870000,0.005633
2025-05-01T14:14:42.880000,0.003386
2025-05-01T14:14:42.890000,0.005147
2025-05-01T14:14:42.900000,0.006329
2025-05-01T14:14:42.910000,0.006452
2025-05-01T14:14:42.920000,0.007616
2025-05-01T14:14:42.930000,0.002375
2025-05-01T14:14:42.940000,0.012983
2025-05-01T14:14:42.950000,-0.006790
2025-05-01T14:14:42.960000,0.018820
2025-05-01T14:14:42.970000,-0.008425
2025-05-01T14:14:42.980000,0.003787
2025-05-01T14:14:42.990000,-0.006428
2025-05-01T14:14:43,0.014412
2025-05-01T14:14:43.010000,0.006525
2025-05-01T14:14:43.020000,-0.000334
2025-05-01T14:14:43.030000,0.007009
2025-05-01T14:14:43.040000,-0.002658
2025-05-01T14:14:43.050000,0.008837
2025-05-01T14:14:43.060000,-0.000896
2025-05-01T14:14:43.070000,0.013341
2025-05-01T14:14:43.080000,-0.005836
2025-05-01T14:14:43.090000,0.008525
2025-05-01T14:14:43.100000,-0.008496
2025-05-01T14:14:43.110000,0.003093
2025-05-01T14:14:43.120000,-0.004350
2025-05-01T14:14:43.130000,-0.000039
2025-05-01T14:14:43.140000,0.006417
2025-05-01T14:14:43.150000,0.005516
2025-05-01T14:14:43.160000,0.004978
2025-05-01T14:14:43.170000,-0.015616
2025-05-01T14:14:43.180000,-0.007619
2025-05-01T14:14:43.190000,-0.015215
2025-05-01T14:14:43.200000,0.006992
2025-05-01T14:14:43.210000,-0.013084
2025-05-01T14:14:43.220000,0.000424
2025-05-01T14:14:43.230000,0.011663
2025-05-01T14:14:43.240000,-0.003702
2025-05-01T14:14:43.250000,0.003792
2025-05-01T14:14:43.260000,-0.006368
2025-05-01T14:14:43.270000,-0.006129
2025-05-01T14:14:43.280000,-0.003204
2025-05-01T14:14:43.290000,0.009221
2025-05-01T14:14:43.300000,-0.008268
2025-05-01T14:14:43.310000,0.002982
2025-05-01T14:14:43.320000,0.006597
2025-05-01T14:14:43.330000,-0.002592
2025-05-01T14:14:43.340000,-0.007172
2025-05-01T14:14:43.350000,0.011680
2025-05-01T14:14:43.360000,-0.005288
2025-05-01T14:14:43.370000,-0.003117
2025-05-01T14:14:43.380000,-0.001971
2025-05-01T14:14:43.390000,-0.000004
2025-05-01T14:14:43.400000,-0.013921
2025-05-01T14:14:43.410000,0.018349
2025-05-01T14:14:43.420000,-0.000476
2025-05-01T14:14:43.430000,-0.000175
2025-05-01T14:14:43.440000,0.008087
2025-05-01T14:14:43.450000,0.001333
2025-05-01T14:14:43.460000,-0.012576
2025-05-01T14:14:43.470000,-0.007395
2025-05-01T14:14:43.480000,-0.003302
2025-05-01T14:14:43.490000,-0.004126
2025-05-01T14:14:43.500000,-0.014767
2025-05-01T14:14:43.510000,0.008489
2025-05-01T14:14:43.520000,-0.008667
2025-05-01T14:14:43.530000,0.021197
2025-05-01T14:14:43.540000,0.012808
2025-05-01T14:14:43.550000,0.010604
2025-05-01T14:14:43.560000,-0.000084
2025-05-01T14:14:43.570000,0.010499
2025-05-01T14:14:43.580000,-0.000911
2025-05-01T14:14:43.590000,-0.000549
2025-05-01T14:14:43.600000,0.012963
2025-05-01T14:14:43.610000,0.003455
2025-05-01T14:14:43.620000,-0.004915
2025-05-01T14:14:43.630000,0.007581
2025-05-01T14:14:43.640000,-0.000812
2025-05-01T14:14:43.650000,-0.025226
2025-05-01T14:14:43.660000,-0.009198
2025-05-01T14:14:43.670000,0.000401
2025-05-01T14:14:43.680000,0.006810
2025-05-01T14:14:43.690000,0.007469
2025-05-01T14:14:43.700000,-0.000168
2025-05-01T14:14:43.710000,0.002273
2025-05-01T14:14:43.720000,-0.009706
2025-05-01T14:14:43.730000,0.004850
2025-05-01T14:14:43.740000,-0.002611
2025-05-01T14:14:43.750000,0.003241
2025-05-01T14:14:43.760000,-0.027447
2025-05-01T14:14:43.770000,-0.011050
2025-05-01T14:14:43.780000,0.005285
2025-05-01T14:14:43.790000,0.012955
2025-05-01T14:14:43.800000,-0.004884
2025-05-01T14:14:43.810000,0.002030
2025-05-01T14:14:43.820000,0.007916
2025-05-01T14:14:43.830000,0.003917
2025-05-01T14:14:43.840000,-0.013574
2025-05-01T14:14:43.850000,0.014723
2025-05-01T14:14:43.860000,0.003021
2025-05-01T14:14:43.870000,0.006789
2025-05-01T14:14:43.880000,-0.017663
2025-05-01T14:14:43.890000,0.002394
2025-05-01T14:14:43.900000,0.014475
2025-05-01T14:14:43.910000,0.008466
2025-05-01T14:14:43.920000,0.012727
2025-05-01T14:14:43.930000,-0.006198
2025-05-01T14:14:43.940000,-0.019909
2025-05-01T14:14:43.950000,0.000503
2025-05-01T14:14:43.960000,-0.000813
2025-05-01T14:14:43.970000,-0.002320
2025-05-01T14:14:43.980000,-0.001986
2025-05-01T14:14:43.990000,0.013300
2025-05-01T14:14:44,-0.005790
2025-05-01T14:14:44.010000,-0.003591
2025-05-01T14:14:44.020000,0.003332
2025-05-01T14:14:44.030000,0.002569
2025-05-01T14:14:44.040000,0.006584
2025-05-01T14:14:44.050000,0.003894
2025-05-01T14:14:44.060000,0.012093
2025-05-01T14:14:44.070000,0.011753
2025-05-01T14:14:44.080000,-0.008108
2025-05-01T14:14:44.090000,0.013502
2025-05-01T14:14:44.100000,0.007929
2025-05-01T14:14:44.110000,0.007373
2025-05-01T14:14:44.120000,-0.009142
2025-05-01T14:14:44.130000,-0.002831
2025-05-01T14:14:44.140000,-0.030043
2025-05-01T14:14:44.150000,0.001661
2025-05-01T14:14:44.160000,-0.010534
2025-05-01T14:14:44.170000,0.002269
2025-05-01T14:14:44.180000,0.008375
2025-05-01T14:14:44.190000,0.001096
2025-05-01T14:14:44.200000,-0.001737
2025-05-01T14:14:44.210000,-0.006733
2025-05-01T14:14:44.220000,-0.006478
2025-05-01T14:14:44.230000,0.009983
2025-05-01T14:14:44.240000,0.008075
2025-05-01T14:14:44.250000,-0.010001
2025-05-01T14:14:44.260000,0.015776
2025-05-01T14:14:44.270000,-0.002934
2025-05-01T14:14:44.280000,-0.004138
2025-05-01T14:14:44.290000,0.005365
2025-05-01T14:14:44.300000,-0.015967
2025-05-01T14:14:44.310000,0.000968
2025-05-01T14:14:44.320000,0.015140
2025-05-01T14:14:44.330000,-0.009536
2025-05-01T14:14:44.340000,0.020902
2025-05-01T14:14:44.350000,0.011568
2025-05-01T14:14:44.360000,-0.019477
2025-05-01T14:14:44.370000,-0.002197
2025-05-01T14:14:44.380000,0.002151
2025-05-01T14:14:44.390000,-0.010529
2025-05-01T14:14:44.400000,0.001374
2025-05-01T14:14:44.410000,0.005177
2025-05-01T14:14:44.420000,0.007446
2025-05-01T14:14:44.430000,0.023432
2025-05-01T14:14:44.440000,0.021465
2025-05-01T14:14:44.450000,0.014479
2025-05-01T14:14:44.460000,0.005576
2025-05-01T14:14:44.470000,-0.002055
2025-05-01T14:14:44.480000,-0.014605
2025-05-01T14:14:44.490000,-0.009806
2025-05-01T14:14:44.500000,0.024664
2025-05-01T14:14:44.510000,-0.000439
2025-05-01T14:14:44.520000,0.002014
2025-05-01T14:14:44.530000,-0.015063
2025-05-01T14:14:44.540000,-0.014397
2025-05-01T14:14:44.550000,0.006078
2025-05-01T14:14:44.560000,-0.007851
2025-05-01T14:14:44.570000,0.004474
2025-05-01T14:14:44.580000,-0.006760
2025-05-01T14:14:44.590000,0.000481
2025-05-01T14:14:44.600000,-0.017163
2025-05-01T14:14:44.610000,0.012002
2025-05-01T14:14:44.620000,0.004274
2025-05-01T14:14:44.630000,0.008927
2025-05-01T14:14:44.640000,0.002937
2025-05-01T14:14:44.650000,-0.011591
2025-05-01T14:14:44.660000,-0.016595
2025-05-01T14:14:44.670000,0.007611
2025-05-01T14:14:44.680000,0.005847
2025-05-01T14:14:44.690000,-0.002165
2025-05-01T14:14:44.700000,0.018526
2025-05-01T14:14:44.710000,0.005636
2025-05-01T14:14:44.720000,0.025541
2025-05-01T14:14:44.730000,0.002761
2025-05-01T14:14:44.740000,-0.002139
2025-05-01T14:14:44.750000,-0.018881
2025-05-01T14:14:44.760000,0.008503
2025-05-01T14:14:44.770000,-0.005055
2025-05-01T14:14:44.780000,0.005635
2025-05-01T14:14:44.790000,0.001913
2025-05-01T14:14:44.800000,-0.005273
2025-05-01T14:14:44.810000,0.001413
2025-05-01T14:14:44.820000,-0.004772
2025-05-01T14:14:44.830000,-0.012268
2025-05-01T14:14:44.840000,-0.004344
2025-05-01T14:14:44.850000,-0.006190
2025-05-01T14:14:44.860000,0.022201
2025-05-01T14:14:44.870000,0.002319
2025-05-01T14:14:44.880000,0.007396
2025-05-01T14:14:44.890000,0.010557
2025-05-01T14:14:44.900000,0.015895
2025-05-01T14:14:44.910000,-0.011413
2025-05-01T14:14:44.920000,0.014754
2025-05-01T14:14:44.930000,-0.020894
2025-05-01T14:14:44.940000,0.002880
2025-05-01T14:14:44.950000,-0.017180
2025-05-01T14:14:44.960000,-0.000791
2025-05-01T14:14:44.970000,0.008767
2025-05-01T14:14:44.980000,-0.011900
2025-05-01T14:14:44.990000,0.008721
2025-05-01T14:14:45,0.011635
2025-05-01T14:14:45.010000,-0.008585
2025-05-01T14:14:45.020000,0.000824
2025-05-01T14:14:45.030000,0.018934
2025-05-01T14:14:45.040000,-0.006624
2025-05-01T14:14:45.050000,-0.009301
2025-05-01T14:14:45.060000,-0.013063
2025-05-01T14:14:45.070000,0.002538
2025-05-01T14:14:45.080000,-0.010376
2025-05-01T14:14:45.090000,-0.011151
2025-05-01T14:14:45.100000,-0.012761
2025-05-01T14:14:45.110000,0.019751
2025-05-01T14:14:45.120000,0.012597
2025-05-01T14:14:45.130000,0.008711
2025-05-01T14:14:45.140000,0.007467
2025-05-01T14:14:45.150000,-0.002694
2025-05-01T14:14:45.160000,-0.001206
2025-05-01T14:14:45.170000,0.007417
2025-05-01T14:14:45.180000,-0.001475
2025-05-01T14:14:45.190000,0.006024
2025-05-01T14:14:45.200000,-0.009118
2025-05-01T14:14:45.210000,0.009595
2025-05-01T14:14:45.220000,0.012151
2025-05-01T14:14:45.230000,0.010582
2025-05-01T14:14:45.240000,0.006347
2025-05-01T14:14:45.250000,0.006890
2025-05-01T14:14:45.260000,-0.006378
2025-05-01T14:14:45.270000,-0.023240
2025-05-01T14:14:45.280000,-0.002608
2025-05-01T14:14:45.290000,-0.012497
2025-05-01T14:14:45.300000,-0.005574
2025-05-01T14:14:45.310000,0.009646
2025-05-01T14:14:45.320000,0.010200
2025-05-01T14:14:45.330000,-0.001228
2025-05-01T14:14:45.340000,0.010840
2025-05-01T14:14:45.350000,0.022275
2025-05-01T14:14:45.360000,0.016299
2025-05-01T14:14:45.370000,-0.013984
2025-05-01T14:14:45.380000,-0.004243
2025-05-01T14:14:45.390000,-0.009605
2025-05-01T14:14:45.400000,0.002688
2025-05-01T14:14:45.410000,-0.010647
2025-05-01T14:14:45.420000,-0.008877
2025-05-01T14:14:45.430000,0.007849
2025-05-01T14:14:45.440000,-0.010255
2025-05-01T14:14:45.450000,-0.003599
2025-05-01T14:14:45.460000,-0.006418
2025-05-01T14:14:45.470000,-0.000865
2025-05-01T14:14:45.480000,0.005995
2025-05-01T14:14:45.490000,0.003662
2025-05-01T14:14:45.500000,-0.000739
2025-05-01T14:14:45.510000,0.000270
2025-05-01T14:14:45.520000,0.004518
2025-05-01T14:14:45.530000,0.005410
2025-05-01T14:14:45.540000,0.008367
2025-05-01T14:14:45.550000,0.005386
2025-05-01T14:14:45.560000,0.010367
2025-05-01T14:14:45.570000,-0.028490
2025-05-01T14:14:45.580000,0.003600
2025-05-01T14:14:45.590000,-0.007684
2025-05-01T14:14:45.600000,-0.004121
2025-05-01T14:14:45.610000,-0.015047
2025-05-01T14:14:45.620000,-0.010576
2025-05-01T14:14:45.630000,0.015892
2025-05-01T14:14:45.640000,-0.006774
2025-05-01T14:14:45.650000,-0.003945
2025-05-01T14:14:45.660000,-0.005059
2025-05-01T14:14:45.670000,0.005126
2025-05-01T14:14:45.680000,0.014381
2025-05-01T14:14:45.690000,-0.021814
2025-05-01T14:14:45.700000,-0.011095
2025-05-01T14:14:45.710000,-0.012861
2025-05-01T14:14:45.720000,-0.015986
2025-05-01T14:14:45.730000,0.003542
2025-05-01T14:14:45.740000,0.006684
2025-05-01T14:14:45.750000,0.002529
2025-05-01T14:14:45.760000,0.001633
2025-05-01T14:14:45.770000,-0.012832
2025-05-01T14:14:45.780000,0.000998
2025-05-01T14:14:45.790000,-0.001870
2025-05-01T14:14:45.800000,0.001318
2025-05-01T14:14:45.810000,-0.004642
2025-05-01T14:14:45.820000,-0.002278
2025-05-01T14:14:45.830000,0.000383
2025-05-01T14:14:45.840000,-0.002042
2025-05-01T14:14:45.850000,-0.007050
2025-05-01T14:14:45.860000,-0.011025
2025-05-01T14:14:45.870000,-0.004673
2025-05-01T14:14:45.880000,0.014518
2025-05-01T14:14:45.890000,-0.004551
2025-05-01T14:14:45.900000,-0.009415
2025-05-01T14:14:45.910000,-0.002827
2025-05-01T14:14:45.920000,-0.009864
2025-05-01T14:14:45.930000,-0.008961
2025-05-01T14:14:45.940000,-0.006685
2025-05-01T14:14:45.950000,0.003041
2025-05-01T14:14:45.960000,0.000824
2025-05-01T14:14:45.970000,-0.013933
2025-05-01T14:14:45.980000,-0.012217
2025-05-01T14:14:45.990000,0.004509
2025-05-01T14:14:46,0.013408
2025-05-01T14:14:46.010000,-0.002004
2025-05-01T14:14:46.020000,-0.005929
2025-05-01T14:14:46.030000,-0.004090
2025-05-01T14:14:46.040000,-0.017356
2025-05-01T14:14:46.050000,-0.008255
2025-05-01T14:14:46.060000,0.004889
2025-05-01T14:14:46.070000,-0.006578
2025-05-01T14:14:46.080000,-0.011334
2025-05-01T14:14:46.090000,-0.001782
2025-05-01T14:14:46.100000,-0.005489
2025-05-01T14:14:46.110000,0.000417
2025-05-01T14:14:46.120000,0.000344
2025-05-01T14:14:46.130000,0.004091
2025-05-01T14:14:46.140000,-0.002222
2025-05-01T14:14:46.150000,0.007168
2025-05-01T14:14:46.160000,-0.012053
2025-05-01T14:14:46.170000,0.008268
2025-05-01T14:14:46.180000,-0.007458
2025-05-01T14:14:46.190000,0.012853
2025-05-01T14:14:46.200000,-0.002482
2025-05-01T14:14:46.210000,-0.010682
2025-05-01T14:14:46.220000,0.006569
2025-05-01T14:14:46.230000,-0.004607
2025-05-01T14:14:46.240000,-0.012227
2025-05-01T14:14:46.250000,-0.003221
2025-05-01T14:14:46.260000,0.001007
2025-05-01T14:14:46.270000,0.004981
2025-05-01T14:14:46.280000,-0.003428
2025-05-01T14:14:46.290000,-0.007445
2025-05-01T14:14:46.300000,0.011214
2025-05-01T14:14:46.310000,-0.007497
2025-05-01T14:14:46.320000,-0.001105
2025-05-01T14:14:46.330000,0.010802
2025-05-01T14:14:46.340000,0.008604
2025-05-01T14:14:46.350000,0.003348
2025-05-01T14:14:46.360000,-0.003013
2025-05-01T14:14:46.370000,-0.003711
2025-05-01T14:14:46.380000,-0.004405
2025-05-01T14:14:46.390000,-0.006892
2025-05-01T14:14:46.400000,0.001118
2025-05-01T14:14:46.410000,0.003247
2025-05-01T14:14:46.420000,0.005870
2025-05-01T14:14:46.430000,-0.017036
2025-05-01T14:14:46.440000,-0.000505
2025-05-01T14:14:46.450000,-0.008399
2025-05-01T14:14:46.460000,-0.010724
2025-05-01T14:14:46.470000,-0.006549
2025-05-01T14:14:46.480000,0.004806
2025-05-01T14:14:46.490000,0.001556
2025-05-01T14:14:46.500000,-0.017921
2025-05-01T14:14:46.510000,0.008763
2025-05-01T14:14:46.520000,-0.006742
2025-05-01T14:14:46.530000,-0.012455
2025-05-01T14:14:46.540000,-0.016425
2025-05-01T14:14:46.550000,-0.006470
2025-05-01T14:14:46.560000,-0.001561
2025-05-01T14:14:46.570000,-0.018897
2025-05-01T14:14:46.580000,-0.000838
2025-05-01T14:14:46.590000,-0.003078
2025-05-01T14:14:46.600000,0.005833
2025-05-01T14:14:46.610000,0.004125
2025-05-01T14:14:46.620000,0.002535
2025-05-01T14:14:46.630000,0.002837
2025-05-01T14:14:46.640000,-0.011434
2025-05-01T14:14:46.650000,-0.010651
2025-05-01T14:14:46.660000,-0.003277
2025-05-01T14:14:46.670000,0.008493
2025-05-01T14:14:46.680000,-0.000605
2025-05-01T14:14:46.690000,0.008564
2025-05-01T14:14:46.700000,-0.009723
2025-05-01T14:14:46.710000,0.013593
2025-05-01T14:14:46.720000,0.009154
2025-05-01T14:14:46.730000,0.016701
2025-05-01T14:14:46.740000,0.003074
2025-05-01T14:14:46.750000,-0.005964
2025-05-01T14:14:46.760000,-0.007673
2025-05-01T14:14:46.770000,0.004534
2025-05-01T14:14:46.780000,0.008084
2025-05-01T14:14:46.790000,0.013895
2025-05-01T14:14:46.800000,-0.008302
2025-05-01T14:14:46.810000,-0.004217
2025-05-01T14:14:46.820000,-0.001331
2025-05-01T14:14:46.830000,-0.015253
2025-05-01T14:14:46.840000,-0.004130
2025-05-01T14:14:46.850000,-0.010193
2025-05-01T14:14:46.860000,0.006022
2025-05-01T14:14:46.870000,-0.000530
2025-05-01T14:14:46.880000,-0.006454
2025-05-01T14:14:46.890000,-0.012798
2025-05-01T14:14:46.900000,0.001820
2025-05-01T14:14:46.910000,0.016188
2025-05-01T14:14:46.920000,-0.012030
2025-05-01T14:14:46.930000,-0.008842
2025-05-01T14:14:46.940000,-0.002880
2025-05-01T14:14:46.950000,0.014964
2025-05-01T14:14:46.960000,-0.007484
2025-05-01T14:14:46.970000,-0.007094
2025-05-01T14:14:46.980000,0.012078
2025-05-01T14:14:46.990000,0.025909
2025-05-01T14:14:47,0.023245
2025-05-01T14:14:47.010000,0.000142
2025-05-01T14:14:47.020000,0.000806
2025-05-01T14:14:47.030000,-0.001778
2025-05-01T14:14:47.040000,0.001872
2025-05-01T14:14:47.050000,-0.010689
2025-05-01T14:14:47.060000,0.004774
2025-05-01T14:14:47.070000,-0.002338
2025-05-01T14:14:47.080000,0.002344
2025-05-01T14:14:47.090000,-0.016012
2025-05-01T14:14:47.100000,0.003304
2025-05-01T14:14:47.110000,-0.011137
2025-05-01T14:14:47.120000,0.021342
2025-05-01T14:14:47.130000,0.006910
2025-05-01T14:14:47.140000,-0.008320
2025-05-01T14:14:47.150000,0.009926
2025-05-01T14:14:47.160000,0.003899
2025-05-01T14:14:47.170000,-0.009190
2025-05-01T14:14:47.180000,0.004498
2025-05-01T14:14:47.190000,-0.002514
2025-05-01T14:14:47.200000,0.002206
2025-05-01T14:14:47.210000,0.004004
2025-05-01T14:14:47.220000,-0.001933
2025-05-01T14:14:47.230000,0.005522
2025-05-01T14:14:47.240000,0.009199
2025-05-01T14:14:47.250000,-0.014022
2025-05-01T14:14:47.260000,-0.012576
2025-05-01T14:14:47.270000,0.022869
2025-05-01T14:14:47.280000,0.012017
2025-05-01T14:14:47.290000,0.011053
2025-05-01T14:14:47.300000,0.010213
2025-05-01T14:14:47.310000,0.011155
2025-05-01T14:14:47.320000,-0.006112
2025-05-01T14:14:47.330000,0.001088
2025-05-01T14:14:47.340000,-0.003357
2025-05-01T14:14:47.350000,-0.009378
2025-05-01T14:14:47.360000,0.006491
2025-05-01T14:14:47.370000,-0.010937
2025-05-01T14:14:47.380000,0.015232
2025-05-01T14:14:47.390000,-0.021466
2025-05-01T14:14:47.400000,0.004389
2025-05-01T14:14:47.410000,0.008875
2025-05-01T14:14:47.420000,-0.015400
2025-05-01T14:14:47.430000,0.003009
2025-05-01T14:14:47.440000,0.001882
2025-05-01T14:14:47.450000,-0.001839
2025-05-01T14:14:47.460000,0.001550
2025-05-01T14:14:47.470000,-0.004853
2025-05-01T14:14:47.480000,0.005115
2025-05-01T14:14:47.490000,-0.010162
2025-05-01T14:14:47.500000,-0.006716
2025-05-01T14:14:47.510000,-0.011497
2025-05-01T14:14:47.520000,0.013355
2025-05-01T14:14:47.530000,-0.000112
2025-05-01T14:14:47.540000,0.016067
2025-05-01T14:14:47.550000,0.001772
2025-05-01T14:14:47.560000,-0.015085
2025-05-01T14:14:47.570000,-0.002200
2025-05-01T14:14:47.580000,-0.016674
2025-05-01T14:14:47.590000,0.008902
2025-05-01T14:14:47.600000,-0.001718
2025-05-01T14:14:47.610000,-0.013276
2025-05-01T14:14:47.620000,-0.013439
2025-05-01T14:14:47.630000,-0.014691
2025-05-01T14:14:47.640000,0.010341
2025-05-01T14:14:47.650000,-0.001860
2025-05-01T14:14:47.660000,0.002364
2025-05-01T14:14:47.670000,-0.004003
2025-05-01T14:14:47.680000,0.013618
2025-05-01T14:14:47.690000,-0.007153
2025-05-01T14:14:47.700000,0.003626
2025-05-01T14:14:47.710000,-0.022024
2025-05-01T14:14:47.720000,-0.008118
2025-05-01T14:14:47.730000,0.009049
2025-05-01T14:14:47.740000,-0.007646
2025-05-01T14:14:47.750000,-0.005127
2025-05-01T14:14:47.760000,-0.000113
2025-05-01T14:14:47.770000,0.010629
2025-05-01T14:14:47.780000,-0.001416
2025-05-01T14:14:47.790000,-0.001496
2025-05-01T14:14:47.800000,-0.019152
2025-05-01T14:14:47.810000,-0.022821
2025-05-01T14:14:47.820000,0.011340
2025-05-01T14:14:47.830000,0.016295
2025-05-01T14:14:47.840000,-0.018250
2025-05-01T14:14:47.850000,-0.011707
2025-05-01T14:14:47.860000,0.015799
2025-05-01T14:14:47.870000,0.004961
2025-05-01T14:14:47.880000,-0.014135
2025-05-01T14:14:47.890000,0.005260
2025-05-01T14:14:47.900000,-0.001773
2025-05-01T14:14:47.910000,0.008675
2025-05-01T14:14:47.920000,0.002688
2025-05-01T14:14:47.930000,-0.013151
2025-05-01T14:14:47.940000,-0.001917
2025-05-01T14:14:47.950000,-0.000904
2025-05-01T14:14:47.960000,0.010128
2025-05-01T14:14:47.970000,-0.002660
2025-05-01T14:14:47.980000,-0.009893
2025-05-01T14:14:47.990000,0.005268
2025-05-01T14:14:48,0.002118
2025-05-01T14:14:48.010000,0.006596
2025-05-01T14:14:48.020000,0.000128
2025-05-01T14:14:48.030000,0.006740
2025-05-01T14:14:48.040000,-0.002124
2025-05-01T14:14:48.050000,-0.001271
2025-05-01T14:14:48.060000,-0.019452
2025-05-01T14:14:48.070000,0.014734
2025-05-01T14:14:48.080000,-0.002967
2025-05-01T14:14:48.090000,0.014286
2025-05-01T14:14:48.100000,0.003602
2025-05-01T14:14:48.110000,0.004268
2025-05-01T14:14:48.120000,0.001838
2025-05-01T14:14:48.130000,-0.013816
2025-05-01T14:14:48.140000,0.013409
2025-05-01T14:14:48.150000,-0.022002
2025-05-01T14:14:48.160000,-0.001009
2025-05-01T14:14:48.170000,0.010966
2025-05-01T14:14:48.180000,-0.009588
2025-05-01T14:14:48.190000,0.016249
2025-05-01T14:14:48.200000,-0.001094
2025-05-01T14:14:48.210000,-0.002928
2025-05-01T14:14:48.220000,0.004489
2025-05-01T14:14:48.230000,-0.001822
2025-05-01T14:14:48.240000,-0.005409
2025-05-01T14:14:48.250000,-0.001953
2025-05-01T14:14:48.260000,-0.000105
2025-05-01T14:14:48.270000,-0.000260
2025-05-01T14:14:48.280000,0.002068
2025-05-01T14:14:48.290000,0.005073
2025-05-01T14:14:48.300000,-0.006859
2025-05-01T14:14:48.310000,0.014562
2025-05-01T14:14:48.320000,0.020303
2025-05-01T14:14:48.330000,-0.007893
2025-05-01T14:14:48.340000,0.002268
2025-05-01T14:14:48.350000,-0.003601
2025-05-01T14:14:48.360000,-0.004432
2025-05-01T14:14:48.370000,-0.001913
2025-05-01T14:14:48.380000,0.008522
2025-05-01T14:14:48.390000,-0.009154
2025-05-01T14:14:48.400000,0.009297
2025-05-01T14:14:48.410000,-0.002648
2025-05-01T14:14:48.420000,-0.000909
2025-05-01T14:14:48.430000,-0.010271
2025-05-01T14:14:48.440000,-0.003478
2025-05-01T14:14:48.450000,-0.007787
2025-05-01T14:14:48.460000,0.002927
2025-05-01T14:14:48.470000,0.009719
2025-05-01T14:14:48.480000,0.008948
2025-05-01T14:14:48.490000,0.004680
2025-05-01T14:14:48.500000,-0.007599
2025-05-01T14:14:48.510000,-0.008492
2025-05-01T14:14:48.520000,-0.008099
2025-05-01T14:14:48.530000,-0.001799
2025-05-01T14:14:48.540000,0.002524
2025-05-01T14:14:48.550000,-0.002476
2025-05-01T14:14:48.560000,0.019117
2025-05-01T14:14:48.570000,0.003904
2025-05-01T14:14:48.580000,-0.004380
2025-05-01T14:14:48.590000,0.022416
2025-05-01T14:14:48.600000,0.002353
2025-05-01T14:14:48.610000,-0.008389
2025-05-01T14:14:48.620000,0.004035
2025-05-01T14:14:48.630000,0.012592
2025-05-01T14:14:48.640000,-0.013824
2025-05-01T14:14:48.650000,0.004537
2025-05-01T14:14:48.660000,0.011680
2025-05-01T14:14:48.670000,-0.011191
2025-05-01T14:14:48.680000,0.001631
2025-05-01T14:14:48.690000,0.010708
2025-05-01T14:14:48.700000,-0.000513
2025-05-01T14:14:48.710000,-0.008972
2025-05-01T14:14:48.720000,-0.006475
2025-05-01T14:14:48.730000,0.001464
2025-05-01T14:14:48.740000,0.002152
2025-05-01T14:14:48.750000,0.003550
2025-05-01T14:14:48.760000,-0.001119
2025-05-01T14:14:48.770000,0.011087
2025-05-01T14:14:48.780000,-0.008504
2025-05-01T14:14:48.790000,-0.001217
2025-05-01T14:14:48.800000,-0.016893
2025-05-01T14:14:48.810000,0.008556
2025-05-01T14:14:48.820000,0.008198
2025-05-01T14:14:48.830000,-0.003913
2025-05-01T14:14:48.840000,-0.027661
2025-05-01T14:14:48.850000,-0.000318
2025-05-01T14:14:48.860000,0.000377
2025-05-01T14:14:48.870000,0.002639
2025-05-01T14:14:48.880000,0.003624
2025-05-01T14:14:48.890000,0.001801
2025-05-01T14:14:48.900000,0.001860
2025-05-01T14:14:48.910000,0.011033
2025-05-01T14:14:48.920000,-0.006710
2025-05-01T14:14:48.930000,0.003249
2025-05-01T14:14:48.940000,-0.007710
2025-05-01T14:14:48.950000,0.001810
2025-05-01T14:14:48.960000,-0.010731
2025-05-01T14:14:48.970000,-0.002100
2025-05-01T14:14:48.980000,0.000334
2025-05-01T14:14:48.990000,-0.008537
2025-05-01T14:14:49,-0.014984
2025-05-01T14:14:49.010000,-0.000541
2025-05-01T14:14:49.020000,0.009602
2025-05-01T14:14:49.030000,0.010223
2025-05-01T14:14:49.040000,-0.003396
2025-05-01T14:14:49.050000,0.015724
2025-05-01T14:14:49.060000,0.016089
2025-05-01T14:14:49.070000,0.009352
2025-05-01T14:14:49.080000,-0.021602
2025-05-01T14:14:49.090000,0.002335
2025-05-01T14:14:49.100000,0.007677
2025-05-01T14:14:49.110000,0.010023
2025-05-01T14:14:49.120000,0.014113
2025-05-01T14:14:49.130000,-0.001147
2025-05-01T14:14:49.140000,-0.003034
2025-05-01T14:14:49.150000,0.008369
2025-05-01T14:14:49.160000,-0.005023
2025-05-01T14:14:49.170000,-0.009206
2025-05-01T14:14:49.180000,0.017230
2025-05-01T14:14:49.190000,-0.003314
2025-05-01T14:14:49.200000,-0.010861
2025-05-01T14:14:49.210000,0.014379
2025-05-01T14:14:49.220000,-0.009899
2025-05-01T14:14:49.230000,0.002697
2025-05-01T14:14:49.240000,-0.004704
2025-05-01T14:14:49.250000,-0.012626
2025-05-01T14:14:49.260000,0.014550
2025-05-01T14:14:49.270000,-0.002125
2025-05-01T14:14:49.280000,0.001470
2025-05-01T14:14:49.290000,-0.013470
2025-05-01T14:14:49.300000,-0.001988
2025-05-01T14:14:49.310000,0.003359
2025-05-01T14:14:49.320000,0.006681
2025-05-01T14:14:49.330000,-0.000550
2025-05-01T14:14:49.340000,-0.008425
2025-05-01T14:14:49.350000,-0.007532
2025-05-01T14:14:49.360000,-0.000987
2025-05-01T14:14:49.370000,-0.005606
2025-05-01T14:14:49.380000,-0.003313
2025-05-01T14:14:49.390000,-0.001868
2025-05-01T14:14:49.400000,0.003472
2025-05-01T14:14:49.410000,0.014087
2025-05-01T14:14:49.420000,-0.008329
2025-05-01T14:14:49.430000,0.002273
2025-05-01T14:14:49.440000,-0.007811
2025-05-01T14:14:49.450000,0.002656
2025-05-01T14:14:49.460000,0.001102
2025-05-01T14:14:49.470000,-0.004943
2025-05-01T14:14:49.480000,-0.012381
2025-05-01T14:14:49.490000,0.001609
2025-05-01T14:14:49.500000,-0.001490
2025-05-01T14:14:49.510000,-0.003688
2025-05-01T14:14:49.520000,-0.011014
2025-05-01T14:14:49.530000,0.017899
2025-05-01T14:14:49.540000,0.036305
2025-05-01T14:14:49.550000,-0.003956
2025-05-01T14:14:49.560000,0.004112
2025-05-01T14:14:49.570000,0.013983
2025-05-01T14:14:49.580000,0.012297
2025-05-01T14:14:49.590000,-0.000756
2025-05-01T14:14:49.600000,-0.001167
2025-05-01T14:14:49.610000,-0.007734
2025-05-01T14:14:49.620000,0.011520
2025-05-01T14:14:49.630000,-0.009275
2025-05-01T14:14:49.640000,-0.011192
2025-05-01T14:14:49.650000,0.001702
2025-05-01T14:14:49.660000,-0.006478
2025-05-01T14:14:49.670000,-0.001992
2025-05-01T14:14:49.680000,-0.009997
2025-05-01T14:14:49.690000,0.010581
2025-05-01T14:14:49.700000,-0.005560
2025-05-01T14:14:49.710000,-0.010464
2025-05-01T14:14:49.720000,0.009245
2025-05-01T14:14:49.730000,0.015026
2025-05-01T14:14:49.740000,-0.003149
2025-05-01T14:14:49.750000,0.005182
2025-05-01T14:14:49.760000,-0.003139
2025-05-01T14:14:49.770000,-0.002910
2025-05-01T14:14:49.780000,0.007315
2025-05-01T14:14:49.790000,0.002897
2025-05-01T14:14:49.800000,-0.009972
2025-05-01T14:14:49.810000,0.009366
2025-05-01T14:14:49.820000,-0.010527
2025-05-01T14:14:49.830000,0.001504
2025-05-01T14:14:49.840000,0.003431
2025-05-01T14:14:49.850000,0.006772
2025-05-01T14:14:49.860000,-0.004797
2025-05-01T14:14:49.870000,-0.006668
2025-05-01T14:14:49.880000,-0.003466
2025-05-01T14:14:49.890000,-0.008037
2025-05-01T14:14:49.900000,-0.008849
2025-05-01T14:14:49.910000,0.004929
2025-05-01T14:14:49.920000,-0.009510
2025-05-01T14:14:49.930000,-0.003991
2025-05-01T14:14:49.940000,0.023294
2025-05-01T14:14:49.950000,-0.001141
2025-05-01T14:14:49.960000,0.012296
2025-05-01T14:14:49.970000,-0.002666
2025-05-01T14:14:49.980000,-0.015689
2025-05-01T14:14:49.990000,0.007205
2025-05-01T14:14:50,0.007926
2025-05-01T14:14:50.010000,-0.005193
2025-05-01T14:14:50.020000,-0.011731
2025-05-01T14:14:50.030000,0.010528
2025-05-01T14:14:50.040000,0.003847
2025-05-01T14:14:50.050000,0.004541
2025-05-01T14:14:50.060000,0.005867
2025-05-01T14:14:50.070000,0.021976
2025-05-01T14:14:50.080000,-0.006317
2025-05-01T14:14:50.090000,-0.008809
2025-05-01T14:14:50.100000,-0.000758
2025-05-01T14:14:50.110000,-0.007960
2025-05-01T14:14:50.120000,-0.003523
2025-05-01T14:14:50.130000,0.004676
2025-05-01T14:14:50.140000,-0.017419
2025-05-01T14:14:50.150000,-0.007159
2025-05-01T14:14:50.160000,0.004527
2025-05-01T14:14:50.170000,0.010036
2025-05-01T14:14:50.180000,-0.007048
2025-05-01T14:14:50.190000,0.005764
2025-05-01T14:14:50.200000,0.008532
2025-05-01T14:14:50.210000,-0.006802
2025-05-01T14:14:50.220000,-0.006349
2025-05-01T14:14:50.230000,0.002601
2025-05-01T14:14:50.240000,-0.000182
2025-05-01T14:14:50.250000,0.021349
2025-05-01T14:14:50.260000,-0.013500
2025-05-01T14:14:50.270000,-0.010500
2025-05-01T14:14:50.280000,-0.002151
2025-05-01T14:14:50.290000,0.022889
2025-05-01T14:14:50.300000,-0.002032
2025-05-01T14:14:50.310000,0.000206
2025-05-01T14:14:50.320000,-0.000102
2025-05-01T14:14:50.330000,-0.003768
2025-05-01T14:14:50.340000,0.002910
2025-05-01T14:14:50.350000,0.006691
2025-05-01T14:14:50.360000,-0.005280
2025-05-01T14:14:50.370000,0.000173
2025-05-01T14:14:50.380000,-0.029073
2025-05-01T14:14:50.390000,0.008504
2025-05-01T14:14:50.400000,0.005751
2025-05-01T14:14:50.410000,-0.022604
2025-05-01T14:14:50.420000,-0.012330
2025-05-01T14:14:50.430000,-0.010297
2025-05-01T14:14:50.440000,-0.007889
2025-05-01T14:14:50.450000,-0.000858
2025-05-01T14:14:50.460000,0.008564
2025-05-01T14:14:50.470000,0.000062
2025-05-01T14:14:50.480000,-0.000482
2025-05-01T14:14:50.490000,-0.007570
2025-05-01T14:14:50.500000,0.000644
2025-05-01T14:14:50.510000,0.004524
2025-05-01T14:14:50.520000,0.003234
2025-05-01T14:14:50.530000,0.008488
2025-05-01T14:14:50.540000,-0.008394
2025-05-01T14:14:50.550000,0.009775
2025-05-01T14:14:50.560000,0.000109
2025-05-01T14:14:50.570000,0.008978
2025-05-01T14:14:50.580000,-0.008368
2025-05-01T14:14:50.590000,0.009768
2025-05-01T14:14:50.600000,-0.010687
2025-05-01T14:14:50.610000,-0.014035
2025-05-01T14:14:50.620000,-0.006984
2025-05-01T14:14:50.630000,-0.000210
2025-05-01T14:14:50.640000,0.003511
2025-05-01T14:14:50.650000,-0.005451
2025-05-01T14:14:50.660000,-0.010610
2025-05-01T14:14:50.670000,-0.015766
2025-05-01T14:14:50.680000,0.003277
2025-05-01T14:14:50.690000,0.010993
2025-05-01T14:14:50.700000,0.003257
2025-05-01T14:14:50.710000,-0.016229
2025-05-01T14:14:50.720000,-0.001035
2025-05-01T14:14:50.730000,-0.004557
2025-05-01T14:14:50.740000,0.008327
2025-05-01T14:14:50.750000,-0.002284
2025-05-01T14:14:50.760000,-0.004233
2025-05-01T14:14:50.770000,0.001696
2025-05-01T14:14:50.780000,-0.000466
2025-05-01T14:14:50.790000,0.004367
2025-05-01T14:14:50.800000,-0.002252
2025-05-01T14:14:50.810000,0.001104
2025-05-01T14:14:50.820000,-0.012652
2025-05-01T14:14:50.830000,-0.002284
2025-05-01T14:14:50.840000,0.003776
2025-05-01T14:14:50.850000,-0.001502
2025-05-01T14:14:50.860000,0.003387
2025-05-01T14:14:50.870000,0.006621
2025-05-01T14:14:50.880000,-0.014577
2025-05-01T14:14:50.890000,0.006173
2025-05-01T14:14:50.900000,0.009599
2025-05-01T14:14:50.910000,0.009805
2025-05-01T14:14:50.920000,-0.002411
2025-05-01T14:14:50.930000,-0.004634
2025-05-01T14:14:50.940000,-0.009615
2025-05-01T14:14:50.950000,-0.001160
2025-05-01T14:14:50.960000,-0.017895
2025-05-01T14:14:50.970000,-0.002775
2025-05-01T14:14:50.980000,0.004205
2025-05-01T14:14:50.990000,0.015299
2025-05-01T14:14:51,-0.020088
2025-05-01T14:14:51.010000,0.022017
2025-05-01T14:14:51.020000,0.013615
2025-05-01T14:14:51.030000,-0.014202
2025-05-01T14:14:51.040000,0.006113
2025-05-01T14:14:51.050000,0.030467
2025-05-01T14:14:51.060000,-0.013304
2025-05-01T14:14:51.070000,0.024922
2025-05-01T14:14:51.080000,-0.002069
2025-05-01T14:14:51.090000,-0.002219
2025-05-01T14:14:51.100000,0.005126
2025-05-01T14:14:51.110000,0.002698
2025-05-01T14:14:51.120000,-0.007176
2025-05-01T14:14:51.130000,-0.026660
2025-05-01T14:14:51.140000,-0.005173
2025-05-01T14:14:51.150000,-0.002939
2025-05-01T14:14:51.160000,-0.015512
2025-05-01T14:14:51.170000,0.000958
2025-05-01T14:14:51.180000,-0.011848
2025-05-01T14:14:51.190000,0.001731
2025-05-01T14:14:51.200000,-0.000711
2025-05-01T14:14:51.210000,-0.015868
2025-05-01T14:14:51.220000,0.003449
2025-05-01T14:14:51.230000,-0.029512
2025-05-01T14:14:51.240000,0.004451
2025-05-01T14:14:51.250000,0.005791
2025-05-01T14:14:51.260000,-0.005957
2025-05-01T14:14:51.270000,-0.007053
2025-05-01T14:14:51.280000,0.006933
2025-05-01T14:14:51.290000,0.004870
2025-05-01T14:14:51.300000,-0.016241
2025-05-01T14:14:51.310000,-0.003786
2025-05-01T14:14:51.320000,-0.000919
2025-05-01T14:14:51.330000,0.011760
2025-05-01T14:14:51.340000,0.014890
2025-05-01T14:14:51.350000,0.016696
2025-05-01T14:14:51.360000,-0.005094
2025-05-01T14:14:51.370000,0.004920
2025-05-01T14:14:51.380000,0.016372
2025-05-01T14:14:51.390000,0.004699
2025-05-01T14:14:51.400000,-0.000778
2025-05-01T14:14:51.410000,-0.020240
2025-05-01T14:14:51.420000,-0.003516
2025-05-01T14:14:51.430000,-0.008622
2025-05-01T14:14:51.440000,-0.011079
2025-05-01T14:14:51.450000,-0.011139
2025-05-01T14:14:51.460000,-0.013509
2025-05-01T14:14:51.470000,0.000192
2025-05-01T14:14:51.480000,-0.022034
2025-05-01T14:14:51.490000,0.001824
2025-05-01T14:14:51.500000,-0.006967
2025-05-01T14:14:51.510000,0.016516
2025-05-01T14:14:51.520000,-0.003356
2025-05-01T14:14:51.530000,0.001858
2025-05-01T14:14:51.540000,-0.030935
2025-05-01T14:14:51.550000,-0.002518
2025-05-01T14:14:51.560000,-0.000431
2025-05-01T14:14:51.570000,0.020403
2025-05-01T14:14:51.580000,0.010320
2025-05-01T14:14:51.590000,-0.003406
2025-05-01T14:14:51.600000,0.000944
2025-05-01T14:14:51.610000,-0.000514
2025-05-01T14:14:51.620000,0.008284
2025-05-01T14:14:51.630000,0.007664
2025-05-01T14:14:51.640000,0.000370
2025-05-01T14:14:51.650000,-0.000267
2025-05-01T14:14:51.660000,-0.011836
2025-05-01T14:14:51.670000,0.006758
2025-05-01T14:14:51.680000,-0.006306
2025-05-01T14:14:51.690000,-0.007360
2025-05-01T14:14:51.700000,0.004851
2025-05-01T14:14:51.710000,-0.001019
2025-05-01T14:14:51.720000,0.008260
2025-05-01T14:14:51.730000,0.003236
2025-05-01T14:14:51.740000,-0.012172
2025-05-01T14:14:51.750000,-0.017895
2025-05-01T14:14:51.760000,-0.001601
2025-05-01T14:14:51.770000,-0.004045
2025-05-01T14:14:51.780000,0.001005
2025-05-01T14:14:51.790000,0.001208
2025-05-01T14:14:51.800000,-0.002842
2025-05-01T14:14:51.810000,0.002177
2025-05-01T14:14:51.820000,0.005322
2025-05-01T14:14:51.830000,0.003031
2025-05-01T14:14:51.840000,-0.009644
2025-05-01T14:14:51.850000,0.004715
2025-05-01T14:14:51.860000,-0.010483
2025-05-01T14:14:51.870000,0.009712
2025-05-01T14:14:51.880000,-0.002350
2025-05-01T14:14:51.890000,0.010476
2025-05-01T14:14:51.900000,0.009963
2025-05-01T14:14:51.910000,0.000625
2025-05-01T14:14:51.920000,0.008943
2025-05-01T14:14:51.930000,-0.013543
2025-05-01T14:14:51.940000,-0.004432
2025-05-01T14:14:51.950000,-0.004185
2025-05-01T14:14:51.960000,-0.008121
2025-05-01T14:14:51.970000,0.007960
2025-05-01T14:14:51.980000,0.011398
2025-05-01T14:14:51.990000,0.006751
2025-05-01T14:14:52,0.005933
2025-05-01T14:14:52.010000,-0.004298
2025-05-01T14:14:52.020000,0.011184
2025-05-01T14:14:52.030000,-0.005944
2025-05-01T14:14:52.040000,0.004997
2025-05-01T14:14:52.050000,-0.014096
2025-05-01T14:14:52.060000,-0.007549
2025-05-01T14:14:52.070000,-0.007111
2025-05-01T14:14:52.080000,0.013752
2025-05-01T14:14:52.090000,-0.003679
2025-05-01T14:14:52.100000,0.002819
2025-05-01T14:14:52.110000,0.010640
2025-05-01T14:14:52.120000,-0.003756
2025-05-01T14:14:52.130000,0.000583
2025-05-01T14:14:52.140000,0.028168
2025-05-01T14:14:52.150000,-0.006045
2025-05-01T14:14:52.160000,0.004122
2025-05-01T14:14:52.170000,-0.000596
2025-05-01T14:14:52.180000,-0.005080
2025-05-01T14:14:52.190000,0.002682
2025-05-01T14:14:52.200000,-0.008135
2025-05-01T14:14:52.210000,-0.015139
2025-05-01T14:14:52.220000,0.003675
2025-05-01T14:14:52.230000,0.000273
2025-05-01T14:14:52.240000,-0.014084
2025-05-01T14:14:52.250000,0.010416
2025-05-01T14:14:52.260000,-0.013765
2025-05-01T14:14:52.270000,-0.014153
2025-05-01T14:14:52.280000,-0.007923
2025-05-01T14:14:52.290000,-0.020994
2025-05-01T14:14:52.300000,0.013264
2025-05-01T14:14:52.310000,-0.012628
2025-05-01T14:14:52.320000,0.003400
2025-05-01T14:14:52.330000,-0.007305
2025-05-01T14:14:52.340000,-0.010125
2025-05-01T14:14:52.350000,-0.012902
2025-05-01T14:14:52.360000,-0.003533
2025-05-01T14:14:52.370000,-0.003849
2025-05-01T14:14:52.380000,0.036408
2025-05-01T14:14:52.390000,0.005053
2025-05-01T14:14:52.400000,-0.004250
2025-05-01T14:14:52.410000,0.002412
2025-05-01T14:14:52.420000,0.003804
2025-05-01T14:14:52.430000,-0.012363
2025-05-01T14:14:52.440000,-0.011712
2025-05-01T14:14:52.450000,0.012769
2025-05-01T14:14:52.460000,-0.020220
2025-05-01T14:14:52.470000,-0.002068
2025-05-01T14:14:52.480000,0.004099
2025-05-01T14:14:52.490000,-0.013896
2025-05-01T14:14:52.500000,0.009196
2025-05-01T14:14:52.510000,0.012806
2025-05-01T14:14:52.520000,-0.008980
2025-05-01T14:14:52.530000,-0.008071
2025-05-01T14:14:52.540000,-0.003384
2025-05-01T14:14:52.550000,-0.000408
2025-05-01T14:14:52.560000,0.008941
2025-05-01T14:14:52.570000,0.000212
2025-05-01T14:14:52.580000,-0.000396
2025-05-01T14:14:52.590000,-0.004626
2025-05-01T14:14:52.600000,-0.003840
2025-05-01T14:14:52.610000,-0.006528
2025-05-01T14:14:52.620000,-0.007631
2025-05-01T14:14:52.630000,-0.000227
2025-05-01T14:14:52.640000,-0.008149
2025-05-01T14:14:52.650000,0.010396
2025-05-01T14:14:52.660000,0.003672
2025-05-01T14:14:52.670000,0.011653
2025-05-01T14:14:52.680000,0.001078
2025-05-01T14:14:52.690000,0.008075
2025-05-01T14:14:52.700000,-0.014631
2025-05-01T14:14:52.710000,0.017971
2025-05-01T14:14:52.720000,-0.010858
2025-05-01T14:14:52.730000,-0.004503
2025-05-01T14:14:52.740000,0.004084
2025-05-01T14:14:52.750000,-0.007238
2025-05-01T14:14:52.760000,0.004844
2025-05-01T14:14:52.770000,-0.000168
2025-05-01T14:14:52.780000,-0.020751
2025-05-01T14:14:52.790000,-0.005092
2025-05-01T14:14:52.800000,-0.008754
2025-05-01T14:14:52.810000,-0.008818
2025-05-01T14:14:52.820000,0.004493
2025-05-01T14:14:52.830000,0.006784
2025-05-01T14:14:52.840000,0.009827
2025-05-01T14:14:52.850000,-0.009057
2025-05-01T14:14:52.860000,-0.001961
2025-05-01T14:14:52.870000,0.003985
2025-05-01T14:14:52.880000,-0.007451
2025-05-01T14:14:52.890000,0.002971
2025-05-01T14:14:52.900000,-0.001782
2025-05-01T14:14:52.910000,-0.012036
2025-05-01T14:14:52.920000,-0.001715
2025-05-01T14:14:52.930000,0.002028
2025-05-01T14:14:52.940000,0.006988
2025-05-01T14:14:52.950000,-0.001516
2025-05-01T14:14:52.960000,-0.032899
2025-05-01T14:14:52.970000,-0.001774
2025-05-01T14:14:52.980000,0.004710
2025-05-01T14:14:52.990000,-0.015876
2025-05-01T14:14:53,-0.017213
2025-05-01T14:14:53.010000,0.000658
2025-05-01T14:14:53.020000,-0.000550
2025-05-01T14:14:53.030000,-0.003239
2025-05-01T14:14:53.040000,-0.001168
2025-05-01T14:14:53.050000,-0.008335
2025-05-01T14:14:53.060000,-0.009647
2025-05-01T14:14:53.070000,0.011834
2025-05-01T14:14:53.080000,-0.001089
2025-05-01T14:14:53.090000,-0.014654
2025-05-01T14:14:53.100000,0.001763
2025-05-01T14:14:53.110000,0.010084
2025-05-01T14:14:53.120000,-0.003398
2025-05-01T14:14:53.130000,-0.013030
2025-05-01T14:14:53.140000,-0.003404
2025-05-01T14:14:53.150000,-0.012063
2025-05-01T14:14:53.160000,0.011086
2025-05-01T14:14:53.170000,0.025603
2025-05-01T14:14:53.180000,-0.004099
2025-05-01T14:14:53.190000,-0.024559
2025-05-01T14:14:53.200000,-0.007180
2025-05-01T14:14:53.210000,0.000413
2025-05-01T14:14:53.220000,0.008264
2025-05-01T14:14:53.230000,-0.004292
2025-05-01T14:14:53.240000,0.003571
2025-05-01T14:14:53.250000,0.001138
2025-05-01T14:14:53.260000,0.005291
2025-05-01T14:14:53.270000,0.008383
2025-05-01T14:14:53.280000,0.022133
2025-05-01T14:14:53.290000,0.004425
2025-05-01T14:14:53.300000,-0.002219
2025-05-01T14:14:53.310000,-0.007117
2025-05-01T14:14:53.320000,-0.001256
2025-05-01T14:14:53.330000,0.024736
2025-05-01T14:14:53.340000,0.006440
2025-05-01T14:14:53.350000,-0.016928
2025-05-01T14:14:53.360000,0.020275
2025-05-01T14:14:53.370000,-0.006699
2025-05-01T14:14:53.380000,0.012725
2025-05-01T14:14:53.390000,-0.028735
2025-05-01T14:14:53.400000,-0.019881
2025-05-01T14:14:53.410000,-0.017509
2025-05-01T14:14:53.420000,-0.015068
2025-05-01T14:14:53.430000,0.014866
2025-05-01T14:14:53.440000,-0.000202
2025-05-01T14:14:53.450000,-0.011500
2025-05-01T14:14:53.460000,-0.008952
2025-05-01T14:14:53.470000,-0.007961
2025-05-01T14:14:53.480000,0.003903
2025-05-01T14:14:53.490000,0.020233
2025-05-01T14:14:53.500000,0.004218
2025-05-01T14:14:53.510000,0.001784
2025-05-01T14:14:53.520000,-0.006447
2025-05-01T14:14:53.530000,-0.009245
2025-05-01T14:14:53.540000,0.001421
2025-05-01T14:14:53.550000,0.000136
2025-05-01T14:14:53.560000,0.018645
2025-05-01T14:14:53.570000,0.017604
2025-05-01T14:14:53.580000,-0.009525
2025-05-01T14:14:53.590000,-0.004222
2025-05-01T14:14:53.600000,-0.004543
2025-05-01T14:14:53.610000,-0.011000
2025-05-01T14:14:53.620000,-0.010427
2025-05-01T14:14:53.630000,0.014307
2025-05-01T14:14:53.640000,-0.007616
2025-05-01T14:14:53.650000,-0.017239
2025-05-01T14:14:53.660000,0.010744
2025-05-01T14:14:53.670000,-0.002118
2025-05-01T14:14:53.680000,-0.017897
2025-05-01T14:14:53.690000,-0.011542
2025-05-01T14:14:53.700000,-0.003463
2025-05-01T14:14:53.710000,-0.003283
2025-05-01T14:14:53.720000,-0.003092
2025-05-01T14:14:53.730000,0.000048
2025-05-01T14:14:53.740000,-0.009307
2025-05-01T14:14:53.750000,-0.001640
2025-05-01T14:14:53.760000,0.010551
2025-05-01T14:14:53.770000,-0.006776
2025-05-01T14:14:53.780000,-0.002610
2025-05-01T14:14:53.790000,0.005808
2025-05-01T14:14:53.800000,0.004385
2025-05-01T14:14:53.810000,0.004516
2025-05-01T14:14:53.820000,0.000314
2025-05-01T14:14:53.830000,0.017727
2025-05-01T14:14:53.840000,-0.002257
2025-05-01T14:14:53.850000,0.013763
2025-05-01T14:14:53.860000,0.000503
2025-05-01T14:14:53.870000,-0.016239
2025-05-01T14:14:53.880000,0.004244
2025-05-01T14:14:53.890000,-0.002545
2025-05-01T14:14:53.900000,0.009820
2025-05-01T14:14:53.910000,-0.012695
2025-05-01T14:14:53.920000,-0.001852
2025-05-01T14:14:53.930000,0.008464
2025-05-01T14:14:53.940000,0.009022
2025-05-01T14:14:53.950000,-0.005385
2025-05-01T14:14:53.960000,0.009265
2025-05-01T14:14:53.970000,-0.010205
2025-05-01T14:14:53.980000,0.000395
2025-05-01T14:14:53.990000,0.003717
2025-05-01T14:14:54,0.012914
2025-05-01T14:14:54.010000,-0.011404
2025-05-01T14:14:54.020000,0.005291
2025-05-01T14:14:54.030000,-0.012233
2025-05-01T14:14:54.040000,0.010469
2025-05-01T14:14:54.050000,0.017494
2025-05-01T14:14:54.060000,-0.021217
2025-05-01T14:14:54.070000,-0.001161
2025-05-01T14:14:54.080000,0.007686
2025-05-01T14:14:54.090000,-0.000892
2025-05-01T14:14:54.100000,-0.001255
2025-05-01T14:14:54.110000,0.000584
2025-05-01T14:14:54.120000,0.017535
2025-05-01T14:14:54.130000,-0.022284
2025-05-01T14:14:54.140000,-0.001402
2025-05-01T14:14:54.150000,0.000352
2025-05-01T14:14:54.160000,0.001218
2025-05-01T14:14:54.170000,-0.000368
2025-05-01T14:14:54.180000,-0.000773
2025-05-01T14:14:54.190000,-0.006633
2025-05-01T14:14:54.200000,-0.004402
2025-05-01T14:14:54.210000,-0.000529
2025-05-01T14:14:54.220000,-0.000193
2025-05-01T14:14:54.230000,0.003740
2025-05-01T14:14:54.240000,0.002475
2025-05-01T14:14:54.250000,0.030086
2025-05-01T14:14:54.260000,-0.003782
2025-05-01T14:14:54.270000,-0.005357
2025-05-01T14:14:54.280000,0.014690
2025-05-01T14:14:54.290000,-0.017124
2025-05-01T14:14:54.300000,-0.008568
2025-05-01T14:14:54.310000,-0.026255
2025-05-01T14:14:54.320000,0.016029
2025-05-01T14:14:54.330000,-0.004529
2025-05-01T14:14:54.340000,0.014601
2025-05-01T14:14:54.350000,-0.002314
2025-05-01T14:14:54.360000,-0.000201
2025-05-01T14:14:54.370000,0.011019
2025-05-01T14:14:54.380000,-0.018248
2025-05-01T14:14:54.390000,0.012588
2025-05-01T14:14:54.400000,-0.007465
2025-05-01T14:14:54.410000,0.006642
2025-05-01T14:14:54.420000,0.005594
2025-05-01T14:14:54.430000,-0.006671
2025-05-01T14:14:54.440000,-0.002919
2025-05-01T14:14:54.450000,0.000373
2025-05-01T14:14:54.460000,0.016550
2025-05-01T14:14:54.470000,0.002043
2025-05-01T14:14:54.480000,-0.005887
2025-05-01T14:14:54.490000,0.000652
2025-05-01T14:14:54.500000,0.012785
2025-05-01T14:14:54.510000,-0.007489
2025-05-01T14:14:54.520000,0.015941
2025-05-01T14:14:54.530000,-0.009332
2025-05-01T14:14:54.540000,-0.018986
2025-05-01T14:14:54.550000,0.002571
2025-05-01T14:14:54.560000,-0.001819
2025-05-01T14:14:54.570000,0.010187
2025-05-01T14:14:54.580000,-0.008975
2025-05-01T14:14:54.590000,0.014548
2025-05-01T14:14:54.600000,-0.007260
2025-05-01T14:14:54.610000,-0.001710
2025-05-01T14:14:54.620000,0.002790
2025-05-01T14:14:54.630000,0.000376
2025-05-01T14:14:54.640000,-0.005910
2025-05-01T14:14:54.650000,-0.002404
2025-05-01T14:14:54.660000,-0.011184
2025-05-01T14:14:54.670000,-0.012088
2025-05-01T14:14:54.680000,-0.017946
2025-05-01T14:14:54.690000,0.009538
2025-05-01T14:14:54.700000,-0.000382
2025-05-01T14:14:54.710000,-0.000212
2025-05-01T14:14:54.720000,0.012070
2025-05-01T14:14:54.730000,-0.003397
2025-05-01T14:14:54.740000,-0.005293
2025-05-01T14:14:54.750000,0.001659
2025-05-01T14:14:54.760000,0.009959
2025-05-01T14:14:54.770000,-0.009850
2025-05-01T14:14:54.780000,-0.010514
2025-05-01T14:14:54.790000,-0.004058
2025-05-01T14:14:54.800000,0.022162
2025-05-01T14:14:54.810000,-0.001634
2025-05-01T14:14:54.820000,0.003306
2025-05-01T14:14:54.830000,-0.001986
2025-05-01T14:14:54.840000,0.006944
2025-05-01T14:14:54.850000,-0.006628
2025-05-01T14:14:54.860000,-0.006936
2025-05-01T14:14:54.870000,-0.013925
2025-05-01T14:14:54.880000,0.007448
2025-05-01T14:14:54.890000,0.002035
2025-05-01T14:14:54.900000,-0.001927
2025-05-01T14:14:54.910000,-0.005336
2025-05-01T14:14:54.920000,0.010186
2025-05-01T14:14:54.930000,0.009970
2025-05-01T14:14:54.940000,0.004203
2025-05-01T14:14:54.950000,0.006619
2025-05-01T14:14:54.960000,0.004394
2025-05-01T14:14:54.970000,0.016184
2025-05-01T14:14:54.980000,0.011097
2025-05-01T14:14:54.990000,-0.005440
2025-05-01T14:14:55,0.002998
2025-05-01T14:14:55.010000,-0.013848
2025-05-01T14:14:55.020000,-0.004644
2025-05-01T14:14:55.030000,-0.001050
2025-05-01T14:14:55.040000,-0.002642
2025-05-01T14:14:55.050000,-0.006418
2025-05-01T14:14:55.060000,-0.006805
2025-05-01T14:14:55.070000,-0.005821
2025-05-01T14:14:55.080000,-0.000913
2025-05-01T14:14:55.090000,0.019399
2025-05-01T14:14:55.100000,0.007712
2025-05-01T14:14:55.110000,0.004844
2025-05-01T14:14:55.120000,-0.000837
2025-05-01T14:14:55.130000,-0.002964
2025-05-01T14:14:55.140000,-0.015890
2025-05-01T14:14:55.150000,-0.009084
2025-05-01T14:14:55.160000,0.009973
2025-05-01T14:14:55.170000,0.009819
2025-05-01T14:14:55.180000,0.001498
2025-05-01T14:14:55.190000,0.000609
2025-05-01T14:14:55.200000,0.000657
2025-05-01T14:14:55.210000,-0.011540
2025-05-01T14:14:55.220000,-0.016103
2025-05-01T14:14:55.230000,-0.020523
2025-05-01T14:14:55.240000,0.006683
2025-05-01T14:14:55.250000,-0.001103
2025-05-01T14:14:55.260000,-0.004642
2025-05-01T14:14:55.270000,-0.000867
2025-05-01T14:14:55.280000,-0.006270
2025-05-01T14:14:55.290000,0.001999
2025-05-01T14:14:55.300000,-0.001547
2025-05-01T14:14:55.310000,0.004233
2025-05-01T14:14:55.320000,-0.003261
2025-05-01T14:14:55.330000,0.010141
2025-05-01T14:14:55.340000,0.026633
2025-05-01T14:14:55.350000,-0.001358
2025-05-01T14:14:55.360000,0.003965
2025-05-01T14:14:55.370000,0.004570
2025-05-01T14:14:55.380000,0.017884
2025-05-01T14:14:55.390000,0.005392
2025-05-01T14:14:55.400000,0.000584
2025-05-01T14:14:55.410000,-0.001848
2025-05-01T14:14:55.420000,0.008393
2025-05-01T14:14:55.430000,-0.009950
2025-05-01T14:14:55.440000,-0.007145
2025-05-01T14:14:55.450000,0.021588
2025-05-01T14:14:55.460000,-0.010841
2025-05-01T14:14:55.470000,0.016459
2025-05-01T14:14:55.480000,0.009862
2025-05-01T14:14:55.490000,-0.004876
2025-05-01T14:14:55.500000,-0.001782
2025-05-01T14:14:55.510000,0.010880
2025-05-01T14:14:55.520000,-0.019861
2025-05-01T14:14:55.530000,-0.009225
2025-05-01T14:14:55.540000,0.001901
2025-05-01T14:14:55.550000,-0.006323
2025-05-01T14:14:55.560000,-0.004091
2025-05-01T14:14:55.570000,0.004939
2025-05-01T14:14:55.580000,0.004780
2025-05-01T14:14:55.590000,-0.028643
2025-05-01T14:14:55.600000,-0.004895
2025-05-01T14:14:55.610000,0.007318
2025-05-01T14:14:55.620000,0.019007
2025-05-01T14:14:55.630000,0.000489
2025-05-01T14:14:55.640000,0.007523
2025-05-01T14:14:55.650000,0.000157
2025-05-01T14:14:55.660000,0.006750
2025-05-01T14:14:55.670000,-0.004001
2025-05-01T14:14:55.680000,0.000472
2025-05-01T14:14:55.690000,0.016468
2025-05-01T14:14:55.700000,-0.007746
2025-05-01T14:14:55.710000,0.006000
2025-05-01T14:14:55.720000,0.011481
2025-05-01T14:14:55.730000,0.004866
2025-05-01T14:14:55.740000,-0.006720
2025-05-01T14:14:55.750000,-0.012706
2025-05-01T14:14:55.760000,0.009869
2025-05-01T14:14:55.770000,-0.014395
2025-05-01T14:14:55.780000,-0.012570
2025-05-01T14:14:55.790000,-0.010006
2025-05-01T14:14:55.800000,-0.010511
2025-05-01T14:14:55.810000,-0.000501
2025-05-01T14:14:55.820000,-0.010645
2025-05-01T14:14:55.830000,0.012067
2025-05-01T14:14:55.840000,-0.017753
2025-05-01T14:14:55.850000,-0.013099
2025-05-01T14:14:55.860000,-0.005629
2025-05-01T14:14:55.870000,0.008204
2025-05-01T14:14:55.880000,-0.018603
2025-05-01T14:14:55.890000,-0.004097
2025-05-01T14:14:55.900000,-0.019790
2025-05-01T14:14:55.910000,0.008123
2025-05-01T14:14:55.920000,-0.003593
2025-05-01T14:14:55.930000,-0.005206
2025-05-01T14:14:55.940000,-0.000135
2025-05-01T14:14:55.950000,-0.004763
2025-05-01T14:14:55.960000,0.003479
2025-05-01T14:14:55.970000,-0.019279
2025-05-01T14:14:55.980000,0.011328
2025-05-01T14:14:55.990000,-0.004134
2025-05-01T14:14:56,0.006570
2025-05-01T14:14:56.010000,0.001656
2025-05-01T14:14:56.020000,0.010775
2025-05-01T14:14:56.030000,0.009532
2025-05-01T14:14:56.040000,0.013248
2025-05-01T14:14:56.050000,0.013978
2025-05-01T14:14:56.060000,0.023397
2025-05-01T14:14:56.070000,-0.005260
2025-05-01T14:14:56.080000,-0.005263
2025-05-01T14:14:56.090000,0.003411
2025-05-01T14:14:56.100000,-0.006779
2025-05-01T14:14:56.110000,-0.011438
2025-05-01T14:14:56.120000,-0.000269
2025-05-01T14:14:56.130000,-0.006424
2025-05-01T14:14:56.140000,0.000730
2025-05-01T14:14:56.150000,0.006813
2025-05-01T14:14:56.160000,-0.006004
2025-05-01T14:14:56.170000,0.002009
2025-05-01T14:14:56.180000,-0.009082
2025-05-01T14:14:56.190000,0.005570
2025-05-01T14:14:56.200000,0.005739
2025-05-01T14:14:56.210000,0.000973
2025-05-01T14:14:56.220000,0.006704
2025-05-01T14:14:56.230000,-0.019111
2025-05-01T14:14:56.240000,0.004852
2025-05-01T14:14:56.250000,0.025598
2025-05-01T14:14:56.260000,0.001507
2025-05-01T14:14:56.270000,-0.010443
2025-05-01T14:14:56.280000,-0.007327
2025-05-01T14:14:56.290000,0.011539
2025-05-01T14:14:56.300000,-0.017997
2025-05-01T14:14:56.310000,-0.001198
2025-05-01T14:14:56.320000,-0.010396
2025-05-01T14:14:56.330000,-0.003596
2025-05-01T14:14:56.340000,-0.002874
2025-05-01T14:14:56.350000,0.002974
2025-05-01T14:14:56.360000,-0.007220
2025-05-01T14:14:56.370000,0.025145
2025-05-01T14:14:56.380000,0.000776
2025-05-01T14:14:56.390000,-0.005644
2025-05-01T14:14:56.400000,-0.000970
2025-05-01T14:14:56.410000,-0.001417
2025-05-01T14:14:56.420000,0.005960
2025-05-01T14:14:56.430000,0.003311
2025-05-01T14:14:56.440000,0.000802
2025-05-01T14:14:56.450000,0.004943
2025-05-01T14:14:56.460000,0.017785
2025-05-01T14:14:56.470000,-0.006818
2025-05-01T14:14:56.480000,-0.007872
2025-05-01T14:14:56.490000,-0.005829
2025-05-01T14:14:56.500000,0.009252
2025-05-01T14:14:56.510000,-0.004670
2025-05-01T14:14:56.520000,-0.007892
2025-05-01T14:14:56.530000,-0.001361
2025-05-01T14:14:56.540000,-0.006645
2025-05-01T14:14:56.550000,-0.004059
2025-05-01T14:14:56.560000,0.002442
2025-05-01T14:14:56.570000,-0.000032
2025-05-01T14:14:56.580000,0.011958
2025-05-01T14:14:56.590000,-0.001784
2025-05-01T14:14:56.600000,0.014421
2025-05-01T14:14:56.610000,0.002785
2025-05-01T14:14:56.620000,-0.002573
2025-05-01T14:14:56.630000,0.013868
2025-05-01T14:14:56.640000,-0.012340
2025-05-01T14:14:56.650000,0.012459
2025-05-01T14:14:56.660000,0.018322
2025-05-01T14:14:56.670000,0.007763
2025-05-01T14:14:56.680000,0.004557
2025-05-01T14:14:56.690000,0.002513
2025-05-01T14:14:56.700000,0.001540
2025-05-01T14:14:56.710000,-0.008449
2025-05-01T14:14:56.720000,-0.000750
2025-05-01T14:14:56.730000,0.012414
2025-05-01T14:14:56.740000,-0.002175
2025-05-01T14:14:56.750000,-0.016944
2025-05-01T14:14:56.760000,0.012052
2025-05-01T14:14:56.770000,-0.002127
2025-05-01T14:14:56.780000,0.004161
2025-05-01T14:14:56.790000,-0.010860
2025-05-01T14:14:56.800000,-0.019525
2025-05-01T14:14:56.810000,0.005367
2025-05-01T14:14:56.820000,-0.013644
2025-05-01T14:14:56.830000,-0.003889
2025-05-01T14:14:56.840000,-0.012458
2025-05-01T14:14:56.850000,0.005223
2025-05-01T14:14:56.860000,-0.000626
2025-05-01T14:14:56.870000,-0.019633
2025-05-01T14:14:56.880000,-0.005598
2025-05-01T14:14:56.890000,-0.003742
2025-05-01T14:14:56.900000,0.012721
2025-05-01T14:14:56.910000,0.002547
2025-05-01T14:14:56.920000,0.002555
2025-05-01T14:14:56.930000,-0.010172
2025-05-01T14:14:56.940000,-0.013810
2025-05-01T14:14:56.950000,0.000710
2025-05-01T14:14:56.960000,-0.014309
2025-05-01T14:14:56.970000,0.006785
2025-05-01T14:14:56.980000,-0.007655
2025-05-01T14:14:56.990000,0.017294
2025-05-01T14:14:57,0.001695
2025-05-01T14:14:57.010000,0.013422
2025-05-01T14:14:57.020000,0.015021
2025-05-01T14:14:57.030000,0.002246
2025-05-01T14:14:57.040000,0.004224
2025-05-01T14:14:57.050000,-0.000191
2025-05-01T14:14:57.060000,-0.010574
2025-05-01T14:14:57.070000,0.003208
2025-05-01T14:14:57.080000,0.009509
2025-05-01T14:14:57.090000,0.002207
2025-05-01T14:14:57.100000,0.009396
2025-05-01T14:14:57.110000,0.017651
2025-05-01T14:14:57.120000,0.002835
2025-05-01T14:14:57.130000,0.016836
2025-05-01T14:14:57.140000,-0.004497
2025-05-01T14:14:57.150000,-0.003238
2025-05-01T14:14:57.160000,-0.005229
2025-05-01T14:14:57.170000,0.000481
2025-05-01T14:14:57.180000,0.002888
2025-05-01T14:14:57.190000,-0.014478
2025-05-01T14:14:57.200000,-0.009367
2025-05-01T14:14:57.210000,-0.018094
2025-05-01T14:14:57.220000,0.008999
2025-05-01T14:14:57.230000,-0.006045
2025-05-01T14:14:57.240000,0.011848
2025-05-01T14:14:57.250000,-0.002053
2025-05-01T14:14:57.260000,0.000410
2025-05-01T14:14:57.270000,-0.006075
2025-05-01T14:14:57.280000,-0.001298
2025-05-01T14:14:57.290000,0.006030
2025-05-01T14:14:57.300000,-0.000977
2025-05-01T14:14:57.310000,-0.014771
2025-05-01T14:14:57.320000,-0.005095
2025-05-01T14:14:57.330000,0.012644
2025-05-01T14:14:57.340000,-0.009805
2025-05-01T14:14:57.350000,-0.009058
2025-05-01T14:14:57.360000,-0.009905
2025-05-01T14:14:57.370000,0.009317
2025-05-01T14:14:57.380000,-0.001481
2025-05-01T14:14:57.390000,-0.023520
2025-05-01T14:14:57.400000,-0.008460
2025-05-01T14:14:57.410000,-0.005468
2025-05-01T14:14:57.420000,0.020541
2025-05-01T14:14:57.430000,-0.003224
2025-05-01T14:14:57.440000,-0.021598
2025-05-01T14:14:57.450000,-0.003168
2025-05-01T14:14:57.460000,-0.010057
2025-05-01T14:14:57.470000,0.004908
2025-05-01T14:14:57.480000,-0.010450
2025-05-01T14:14:57.490000,-0.002854
2025-05-01T14:14:57.500000,-0.012820
2025-05-01T14:14:57.510000,-0.008588
2025-05-01T14:14:57.520000,0.004122
2025-05-01T14:14:57.530000,0.001636
2025-05-01T14:14:57.540000,0.010132
2025-05-01T14:14:57.550000,0.007451
2025-05-01T14:14:57.560000,-0.002029
2025-05-01T14:14:57.570000,-0.015057
2025-05-01T14:14:57.580000,0.002291
2025-05-01T14:14:57.590000,0.004461
2025-05-01T14:14:57.600000,-0.010005
2025-05-01T14:14:57.610000,-0.006038
2025-05-01T14:14:57.620000,0.008416
2025-05-01T14:14:57.630000,-0.013200
2025-05-01T14:14:57.640000,-0.012267
2025-05-01T14:14:57.650000,0.007442
2025-05-01T14:14:57.660000,-0.006801
2025-05-01T14:14:57.670000,0.003663
2025-05-01T14:14:57.680000,-0.001953
2025-05-01T14:14:57.690000,0.004825
2025-05-01T14:14:57.700000,-0.005437
2025-05-01T14:14:57.710000,0.001726
2025-05-01T14:14:57.720000,-0.002023
2025-05-01T14:14:57.730000,0.001797
2025-05-01T14:14:57.740000,0.006830
2025-05-01T14:14:57.750000,-0.003338
2025-05-01T14:14:57.760000,0.001522
2025-05-01T14:14:57.770000,0.007275
2025-05-01T14:14:57.780000,0.016106
2025-05-01T14:14:57.790000,0.012048
2025-05-01T14:14:57.800000,-0.013885
2025-05-01T14:14:57.810000,0.010376
2025-05-01T14:14:57.820000,0.000356
2025-05-01T14:14:57.830000,0.008236
2025-05-01T14:14:57.840000,-0.003110
2025-05-01T14:14:57.850000,-0.001992
2025-05-01T14:14:57.860000,0.005642
2025-05-01T14:14:57.870000,-0.005488
2025-05-01T14:14:57.880000,0.000801
2025-05-01T14:14:57.890000,-0.006975
2025-05-01T14:14:57.900000,0.006339
2025-05-01T14:14:57.910000,-0.008909
2025-05-01T14:14:57.920000,0.001850
2025-05-01T14:14:57.930000,0.003481
2025-05-01T14:14:57.940000,-0.004894
2025-05-01T14:14:57.950000,0.008904
2025-05-01T14:14:57.960000,-0.008267
2025-05-01T14:14:57.970000,0.018548
2025-05-01T14:14:57.980000,0.002544
2025-05-01T14:14:57.990000,0.028003
2025-05-01T14:14:58,-0.011219
2025-05-01T14:14:58.010000,0.011018
2025-05-01T14:14:58.020000,-0.013535
2025-05-01T14:14:58.030000,-0.010864
2025-05-01T14:14:58.040000,-0.004525
2025-05-01T14:14:58.050000,-0.015886
2025-05-01T14:14:58.060000,-0.005344
2025-05-01T14:14:58.070000,-0.000256
2025-05-01T14:14:58.080000,0.001329
2025-05-01T14:14:58.090000,0.004792
2025-05-01T14:14:58.100000,-0.017170
2025-05-01T14:14:58.110000,-0.004918
2025-05-01T14:14:58.120000,0.001719
2025-05-01T14:14:58.130000,-0.010681
2025-05-01T14:14:58.140000,0.010044
2025-05-01T14:14:58.150000,0.023358
2025-05-01T14:14:58.160000,0.009322
2025-05-01T14:14:58.170000,0.010564
2025-05-01T14:14:58.180000,0.008934
2025-05-01T14:14:58.190000,-0.005793
2025-05-01T14:14:58.200000,0.014946
2025-05-01T14:14:58.210000,0.004585
2025-05-01T14:14:58.220000,0.013432
2025-05-01T14:14:58.230000,-0.008763
2025-05-01T14:14:58.240000,-0.005683
2025-05-01T14:14:58.250000,0.014757
2025-05-01T14:14:58.260000,0.012656
2025-05-01T14:14:58.270000,-0.015760
2025-05-01T14:14:58.280000,0.010790
2025-05-01T14:14:58.290000,0.002904
2025-05-01T14:14:58.300000,-0.010489
2025-05-01T14:14:58.310000,-0.014104
2025-05-01T14:14:58.320000,-0.016344
2025-05-01T14:14:58.330000,0.003065
2025-05-01T14:14:58.340000,-0.005874
2025-05-01T14:14:58.350000,0.000400
2025-05-01T14:14:58.360000,0.007627
2025-05-01T14:14:58.370000,-0.017341
2025-05-01T14:14:58.380000,-0.005555
2025-05-01T14:14:58.390000,-0.010472
2025-05-01T14:14:58.400000,-0.009409
2025-05-01T14:14:58.410000,-0.005679
2025-05-01T14:14:58.420000,0.007516
2025-05-01T14:14:58.430000,-0.029008
2025-05-01T14:14:58.440000,-0.007079
2025-05-01T14:14:58.450000,0.006012
2025-05-01T14:14:58.460000,0.009921
2025-05-01T14:14:58.470000,-0.002844
2025-05-01T14:14:58.480000,-0.009555
2025-05-01T14:14:58.490000,0.007360
2025-05-01T14:14:58.500000,0.000334
2025-05-01T14:14:58.510000,0.009849
2025-05-01T14:14:58.520000,-0.005674
2025-05-01T14:14:58.530000,0.016621
2025-05-01T14:14:58.540000,-0.000274
2025-05-01T14:14:58.550000,-0.007044
2025-05-01T14:14:58.560000,-0.004945
2025-05-01T14:14:58.570000,-0.011571
2025-05-01T14:14:58.580000,0.000699
2025-05-01T14:14:58.590000,0.011043
2025-05-01T14:14:58.600000,0.005679
2025-05-01T14:14:58.610000,-0.003604
2025-05-01T14:14:58.620000,-0.010933
2025-05-01T14:14:58.630000,0.019919
2025-05-01T14:14:58.640000,-0.011098
2025-05-01T14:14:58.650000,-0.011249
2025-05-01T14:14:58.660000,-0.004437
2025-05-01T14:14:58.670000,0.035095
2025-05-01T14:14:58.680000,0.008496
2025-05-01T14:14:58.690000,0.005799
2025-05-01T14:14:58.700000,-0.015268
2025-05-01T14:14:58.710000,0.004940
2025-05-01T14:14:58.720000,0.003110
2025-05-01T14:14:58.730000,-0.006138
2025-05-01T14:14:58.740000,0.010819
2025-05-01T14:14:58.750000,-0.000585
2025-05-01T14:14:58.760000,-0.005684
2025-05-01T14:14:58.770000,0.002393
2025-05-01T14:14:58.780000,-0.003851
2025-05-01T14:14:58.790000,-0.013356
2025-05-01T14:14:58.800000,0.006459
2025-05-01T14:14:58.810000,-0.002938
2025-05-01T14:14:58.820000,0.004491
2025-05-01T14:14:58.830000,0.007145
2025-05-01T14:14:58.840000,0.008288
2025-05-01T14:14:58.850000,0.008536
2025-05-01T14:14:58.860000,-0.005572
2025-05-01T14:14:58.870000,0.002028
2025-05-01T14:14:58.880000,0.006305
2025-05-01T14:14:58.890000,-0.009731
2025-05-01T14:14:58.900000,-0.005146
2025-05-01T14:14:58.910000,-0.008105
2025-05-01T14:14:58.920000,0.000705
2025-05-01T14:14:58.930000,-0.005892
2025-05-01T14:14:58.940000,-0.000857
2025-05-01T14:14:58.950000,0.008427
2025-05-01T14:14:58.960000,-0.006255
2025-05-01T14:14:58.970000,-0.009302
2025-05-01T14:14:58.980000,-0.006152
2025-05-01T14:14:58.990000,0.001498
2025-05-01T14:14:59,-0.005789
2025-05-01T14:14:59.010000,0.015256
2025-05-01T14:14:59.020000,0.001303
2025-05-01T14:14:59.030000,-0.011842
2025-05-01T14:14:59.040000,0.012292
2025-05-01T14:14:59.050000,-0.007371
2025-05-01T14:14:59.060000,0.014214
2025-05-01T14:14:59.070000,0.013666
2025-05-01T14:14:59.080000,0.001181
2025-05-01T14:14:59.090000,0.009553
2025-05-01T14:14:59.100000,-0.010756
2025-05-01T14:14:59.110000,-0.004248
2025-05-01T14:14:59.120000,0.001348
2025-05-01T14:14:59.130000,0.000066
2025-05-01T14:14:59.140000,0.005737
2025-05-01T14:14:59.150000,-0.016228
2025-05-01T14:14:59.160000,-0.005937
2025-05-01T14:14:59.170000,-0.009810
2025-05-01T14:14:59.180000,0.010646
2025-05-01T14:14:59.190000,-0.002357
2025-05-01T14:14:59.200000,-0.014594
2025-05-01T14:14:59.210000,-0.000647
2025-05-01T14:14:59.220000,0.007041
2025-05-01T14:14:59.230000,0.003252
2025-05-01T14:14:59.240000,0.011104
2025-05-01T14:14:59.250000,-0.003631
2025-05-01T14:14:59.260000,-0.007761
2025-05-01T14:14:59.270000,-0.018999
2025-05-01T14:14:59.280000,-0.003854
2025-05-01T14:14:59.290000,-0.001183
2025-05-01T14:14:59.300000,-0.001782
2025-05-01T14:14:59.310000,-0.005280
2025-05-01T14:14:59.320000,0.007078
2025-05-01T14:14:59.330000,-0.010646
2025-05-01T14:14:59.340000,-0.000311
2025-05-01T14:14:59.350000,-0.008739
2025-05-01T14:14:59.360000,0.009101
2025-05-01T14:14:59.370000,0.002625
2025-05-01T14:14:59.380000,-0.000562
2025-05-01T14:14:59.390000,0.006800
2025-05-01T14:14:59.400000,0.009540
2025-05-01T14:14:59.410000,-0.005410
2025-05-01T14:14:59.420000,-0.004696
2025-05-01T14:14:59.430000,0.003933
2025-05-01T14:14:59.440000,-0.018924
2025-05-01T14:14:59.450000,-0.000839
2025-05-01T14:14:59.460000,0.003749
2025-05-01T14:14:59.470000,-0.009641
2025-05-01T14:14:59.480000,-0.006954
2025-05-01T14:14:59.490000,-0.008496
2025-05-01T14:14:59.500000,-0.016160
2025-05-01T14:14:59.510000,0.011008
2025-05-01T14:14:59.520000,-0.009161
2025-05-01T14:14:59.530000,-0.009469
2025-05-01T14:14:59.540000,-0.005573
2025-05-01T14:14:59.550000,0.016859
2025-05-01T14:14:59.560000,-0.007091
2025-05-01T14:14:59.570000,0.007761
2025-05-01T14:14:59.580000,0.004083
2025-05-01T14:14:59.590000,0.004778
2025-05-01T14:14:59.600000,0.006962
2025-05-01T14:14:59.610000,0.006581
2025-05-01T14:14:59.620000,0.004795
2025-05-01T14:14:59.630000,-0.004111
2025-05-01T14:14:59.640000,0.002635
2025-05-01T14:14:59.650000,0.011038
2025-05-01T14:14:59.660000,0.006818
2025-05-01T14:14:59.670000,0.005657
2025-05-01T14:14:59.680000,0.009234
2025-05-01T14:14:59.690000,-0.017453
2025-05-01T14:14:59.700000,0.001480
2025-05-01T14:14:59.710000,0.002597
2025-05-01T14:14:59.720000,0.013399
2025-05-01T14:14:59.730000,0.001681
2025-05-01T14:14:59.740000,0.005878
2025-05-01T14:14:59.750000,0.015430
2025-05-01T14:14:59.760000,0.009167
2025-05-01T14:14:59.770000,-0.015882
2025-05-01T14:14:59.780000,-0.007677
2025-05-01T14:14:59.790000,-0.009078
2025-05-01T14:14:59.800000,0.004368
2025-05-01T14:14:59.810000,-0.012915
2025-05-01T14:14:59.820000,-0.014330
2025-05-01T14:14:59.830000,0.001836
2025-05-01T14:14:59.840000,-0.002669
2025-05-01T14:14:59.850000,-0.010819
2025-05-01T14:14:59.860000,0.007764
2025-05-01T14:14:59.870000,-0.011106
2025-05-01T14:14:59.880000,-0.006430
2025-05-01T14:14:59.890000,-0.010593
2025-05-01T14:14:59.900000,0.012115
2025-05-01T14:14:59.910000,0.007083
2025-05-01T14:14:59.920000,0.004257
2025-05-01T14:14:59.930000,0.002880
2025-05-01T14:14:59.940000,-0.003366
2025-05-01T14:14:59.950000,-0.000154
2025-05-01T14:14:59.960000,0.009350
2025-05-01T14:14:59.970000,0.010322
2025-05-01T14:14:59.980000,-0.009617
2025-05-01T14:14:59.990000,-0.005489
2025-05-01T14:15:00,0.002536
2025-05-01T14:15:00.010000,0.007948
2025-05-01T14:15:00.020000,0.009687
2025-05-01T14:15:00.030000,-0.013699
2025-05-01T14:15:00.040000,-0.011645
2025-05-01T14:15:00.050000,-0.003870
2025-05-01T14:15:00.060000,0.005030
2025-05-01T14:15:00.070000,-0.022651
2025-05-01T14:15:00.080000,-0.020232
2025-05-01T14:15:00.090000,0.011762
2025-05-01T14:15:00.100000,-0.009398
2025-05-01T14:15:00.110000,-0.011287
2025-05-01T14:15:00.120000,0.005571
2025-05-01T14:15:00.130000,-0.020643
2025-05-01T14:15:00.140000,-0.007300
2025-05-01T14:15:00.150000,0.008320
2025-05-01T14:15:00.160000,0.000373
2025-05-01T14:15:00.170000,0.003351
2025-05-01T14:15:00.180000,-0.012848
2025-05-01T14:15:00.190000,0.017982
2025-05-01T14:15:00.200000,-0.008686
2025-05-01T14:15:00.210000,0.011853
2025-05-01T14:15:00.220000,-0.012284
2025-05-01T14:15:00.230000,0.005400
2025-05-01T14:15:00.240000,0.007248
2025-05-01T14:15:00.250000,0.005934
2025-05-01T14:15:00.260000,-0.010916
2025-05-01T14:15:00.270000,0.002443
2025-05-01T14:15:00.280000,-0.002227
2025-05-01T14:15:00.290000,-0.006969
2025-05-01T14:15:00.300000,0.012440
2025-05-01T14:15:00.310000,-0.000798
2025-05-01T14:15:00.320000,-0.015663
2025-05-01T14:15:00.330000,0.011555
2025-05-01T14:15:00.340000,-0.002258
2025-05-01T14:15:00.350000,0.011401
2025-05-01T14:15:00.360000,-0.008260
2025-05-01T14:15:00.370000,-0.006721
2025-05-01T14:15:00.380000,-0.005066
2025-05-01T14:15:00.390000,-0.014495
2025-05-01T14:15:00.400000,-0.008238
2025-05-01T14:15:00.410000,0.010665
2025-05-01T14:15:00.420000,0.019377
2025-05-01T14:15:00.430000,-0.001513
2025-05-01T14:15:00.440000,-0.006741
2025-05-01T14:15:00.450000,0.010999
2025-05-01T14:15:00.460000,-0.003282
2025-05-01T14:15:00.470000,-0.000735
2025-05-01T14:15:00.480000,0.016401
2025-05-01T14:15:00.490000,-0.002663
2025-05-01T14:15:00.500000,-0.011269
2025-05-01T14:15:00.510000,0.002866
2025-05-01T14:15:00.520000,0.007096
2025-05-01T14:15:00.530000,0.000105
2025-05-01T14:15:00.540000,0.001442
2025-05-01T14:15:00.550000,0.003584
2025-05-01T14:15:00.560000,-0.004218
2025-05-01T14:15:00.570000,-0.011073
2025-05-01T14:15:00.580000,-0.007195
2025-05-01T14:15:00.590000,-0.010466
2025-05-01T14:15:00.600000,0.002014
2025-05-01T14:15:00.610000,0.000615
2025-05-01T14:15:00.620000,-0.007543
2025-05-01T14:15:00.630000,0.007845
2025-05-01T14:15:00.640000,0.007127
2025-05-01T14:15:00.650000,0.000723
2025-05-01T14:15:00.660000,0.008821
2025-05-01T14:15:00.670000,0.002395
2025-05-01T14:15:00.680000,0.008024
2025-05-01T14:15:00.690000,-0.016645
2025-05-01T14:15:00.700000,-0.007763
2025-05-01T14:15:00.710000,-0.027105
2025-05-01T14:15:00.720000,-0.020238
2025-05-01T14:15:00.730000,0.005716
2025-05-01T14:15:00.740000,0.012564
2025-05-01T14:15:00.750000,0.005660
2025-05-01T14:15:00.760000,0.008240
2025-05-01T14:15:00.770000,0.010428
2025-05-01T14:15:00.780000,-0.000833
2025-05-01T14:15:00.790000,0.001139
2025-05-01T14:15:00.800000,-0.006821
2025-05-01T14:15:00.810000,-0.018135
2025-05-01T14:15:00.820000,0.011382
2025-05-01T14:15:00.830000,0.005883
2025-05-01T14:15:00.840000,0.002388
2025-05-01T14:15:00.850000,0.011438
2025-05-01T14:15:00.860000,-0.020724
2025-05-01T14:15:00.870000,0.001748
2025-05-01T14:15:00.880000,0.003161
2025-05-01T14:15:00.890000,-0.010411
2025-05-01T14:15:00.900000,0.006666
2025-05-01T14:15:00.910000,0.020579
2025-05-01T14:15:00.920000,-0.007984
2025-05-01T14:15:00.930000,0.031678
2025-05-01T14:15:00.940000,-0.018796
2025-05-01T14:15:00.950000,0.016253
2025-05-01T14:15:00.960000,-0.001361
2025-05-01T14:15:00.970000,0.002999
2025-05-01T14:15:00.980000,-0.005991
2025-05-01T14:15:00.990000,0.000001
2025-05-01T14:15:01,0.007044
2025-05-01T14:15:01.010000,0.022536
2025-05-01T14:15:01.020000,0.007754
2025-05-01T14:15:01.030000,-0.002479
2025-05-01T14:15:01.040000,0.007401
2025-05-01T14:15:01.050000,0.003802
2025-05-01T14:15:01.060000,0.023937
2025-05-01T14:15:01.070000,0.014944
2025-05-01T14:15:01.080000,0.010092
2025-05-01T14:15:01.090000,0.005143
2025-05-01T14:15:01.100000,-0.006686
2025-05-01T14:15:01.110000,0.008263
2025-05-01T14:15:01.120000,0.006955
2025-05-01T14:15:01.130000,-0.006778
2025-05-01T14:15:01.140000,0.005880
2025-05-01T14:15:01.150000,-0.000471
2025-05-01T14:15:01.160000,-0.008863
2025-05-01T14:15:01.170000,0.011332
2025-05-01T14:15:01.180000,0.002849
2025-05-01T14:15:01.190000,0.011198
2025-05-01T14:15:01.200000,-0.014520
2025-05-01T14:15:01.210000,-0.006434
2025-05-01T14:15:01.220000,0.004225
2025-05-01T14:15:01.230000,-0.008015
2025-05-01T14:15:01.240000,-0.019960
2025-05-01T14:15:01.250000,-0.020079
2025-05-01T14:15:01.260000,-0.003100
2025-05-01T14:15:01.270000,0.004512
2025-05-01T14:15:01.280000,-0.009499
2025-05-01T14:15:01.290000,-0.010141
2025-05-01T14:15:01.300000,-0.006206
2025-05-01T14:15:01.310000,-0.002455
2025-05-01T14:15:01.320000,0.002108
2025-05-01T14:15:01.330000,0.002481
2025-05-01T14:15:01.340000,0.000813
2025-05-01T14:15:01.350000,0.001412
2025-05-01T14:15:01.360000,0.006699
2025-05-01T14:15:01.370000,-0.008716
2025-05-01T14:15:01.380000,-0.011657
2025-05-01T14:15:01.390000,0.008009
2025-05-01T14:15:01.400000,-0.021873
2025-05-01T14:15:01.410000,0.003542
2025-05-01T14:15:01.420000,-0.003435
2025-05-01T14:15:01.430000,-0.013834
2025-05-01T14:15:01.440000,-0.002022
2025-05-01T14:15:01.450000,-0.010659
2025-05-01T14:15:01.460000,-0.006717
2025-05-01T14:15:01.470000,0.006191
2025-05-01T14:15:01.480000,-0.012612
2025-05-01T14:15:01.490000,0.009810
2025-05-01T14:15:01.500000,-0.000071
2025-05-01T14:15:01.510000,0.010241
2025-05-01T14:15:01.520000,-0.001968
2025-05-01T14:15:01.530000,0.001378
2025-05-01T14:15:01.540000,0.013124
2025-05-01T14:15:01.550000,0.012213
2025-05-01T14:15:01.560000,0.001256
2025-05-01T14:15:01.570000,0.027646
2025-05-01T14:15:01.580000,-0.012198
2025-05-01T14:15:01.590000,-0.009177
2025-05-01T14:15:01.600000,-0.017016
2025-05-01T14:15:01.610000,-0.002241
2025-05-01T14:15:01.620000,-0.007335
2025-05-01T14:15:01.630000,0.002381
2025-05-01T14:15:01.640000,-0.000096
2025-05-01T14:15:01.650000,-0.001934
2025-05-01T14:15:01.660000,-0.004702
2025-05-01T14:15:01.670000,-0.001576
2025-05-01T14:15:01.680000,0.006251
2025-05-01T14:15:01.690000,0.013313
2025-05-01T14:15:01.700000,-0.012588
2025-05-01T14:15:01.710000,-0.012908
2025-05-01T14:15:01.720000,0.005529
2025-05-01T14:15:01.730000,-0.007827
2025-05-01T14:15:01.740000,0.005978
2025-05-01T14:15:01.750000,-0.002307
2025-05-01T14:15:01.760000,-0.006214
2025-05-01T14:15:01.770000,0.002376
2025-05-01T14:15:01.780000,0.001786
2025-05-01T14:15:01.790000,-0.000938
2025-05-01T14:15:01.800000,0.003081
2025-05-01T14:15:01.810000,0.004544
2025-05-01T14:15:01.820000,-0.010777
2025-05-01T14:15:01.830000,-0.004448
2025-05-01T14:15:01.840000,0.012582
2025-05-01T14:15:01.850000,0.005631
2025-05-01T14:15:01.860000,0.001490
2025-05-01T14:15:01.870000,-0.010577
2025-05-01T14:15:01.880000,-0.004536
2025-05-01T14:15:01.890000,-0.003417
2025-05-01T14:15:01.900000,0.009816
2025-05-01T14:15:01.910000,-0.005464
2025-05-01T14:15:01.920000,-0.013176
2025-05-01T14:15:01.930000,-0.007406
2025-05-01T14:15:01.940000,0.002801
2025-05-01T14:15:01.950000,0.007290
2025-05-01T14:15:01.960000,0.007370
2025-05-01T14:15:01.970000,-0.004073
2025-05-01T14:15:01.980000,0.004352
2025-05-01T14:15:01.990000,-0.002700
2025-05-01T14:15:02,-0.002835
2025-05-01T14:15:02.010000,-0.008859
2025-05-01T14:15:02.020000,0.010764
2025-05-01T14:15:02.030000,0.005637
2025-05-01T14:15:02.040000,-0.003668
2025-05-01T14:15:02.050000,0.007144
2025-05-01T14:15:02.060000,-0.007254
2025-05-01T14:15:02.070000,-0.008579
2025-05-01T14:15:02.080000,0.000754
2025-05-01T14:15:02.090000,0.013276
2025-05-01T14:15:02.100000,0.008119
2025-05-01T14:15:02.110000,-0.015562
2025-05-01T14:15:02.120000,-0.006205
2025-05-01T14:15:02.130000,0.004478
2025-05-01T14:15:02.140000,-0.004779
2025-05-01T14:15:02.150000,0.028661
2025-05-01T14:15:02.160000,-0.025148
2025-05-01T14:15:02.170000,-0.000785
2025-05-01T14:15:02.180000,-0.008357
2025-05-01T14:15:02.190000,0.000482
2025-05-01T14:15:02.200000,0.009796
2025-05-01T14:15:02.210000,0.001778
2025-05-01T14:15:02.220000,0.017046
2025-05-01T14:15:02.230000,-0.007934
2025-05-01T14:15:02.240000,-0.007122
2025-05-01T14:15:02.250000,-0.013297
2025-05-01T14:15:02.260000,-0.007911
2025-05-01T14:15:02.270000,0.022598
2025-05-01T14:15:02.280000,0.008261
2025-05-01T14:15:02.290000,-0.006784
2025-05-01T14:15:02.300000,0.015119
2025-05-01T14:15:02.310000,-0.001005
2025-05-01T14:15:02.320000,-0.004539
2025-05-01T14:15:02.330000,-0.016323
2025-05-01T14:15:02.340000,-0.019536
2025-05-01T14:15:02.350000,0.002102
2025-05-01T14:15:02.360000,-0.012457
2025-05-01T14:15:02.370000,0.011477
2025-05-01T14:15:02.380000,0.006731
2025-05-01T14:15:02.390000,-0.015078
2025-05-01T14:15:02.400000,-0.001901
2025-05-01T14:15:02.410000,-0.006816
2025-05-01T14:15:02.420000,0.005240
2025-05-01T14:15:02.430000,0.005655
2025-05-01T14:15:02.440000,0.002864
2025-05-01T14:15:02.450000,0.004534
2025-05-01T14:15:02.460000,-0.018811
2025-05-01T14:15:02.470000,-0.004490
2025-05-01T14:15:02.480000,0.018112
2025-05-01T14:15:02.490000,0.016150
2025-05-01T14:15:02.500000,0.010066
2025-05-01T14:15:02.510000,0.015655
2025-05-01T14:15:02.520000,0.006172
2025-05-01T14:15:02.530000,0.009610
2025-05-01T14:15:02.540000,0.001741
2025-05-01T14:15:02.550000,-0.002901
2025-05-01T14:15:02.560000,-0.016455
2025-05-01T14:15:02.570000,0.019995
2025-05-01T14:15:02.580000,-0.008692
2025-05-01T14:15:02.590000,-0.001035
2025-05-01T14:15:02.600000,0.002508
2025-05-01T14:15:02.610000,0.007423
2025-05-01T14:15:02.620000,-0.012633
2025-05-01T14:15:02.630000,-0.005411
2025-05-01T14:15:02.640000,-0.005206
2025-05-01T14:15:02.650000,0.008838
2025-05-01T14:15:02.660000,0.014836
2025-05-01T14:15:02.670000,0.006234
2025-05-01T14:15:02.680000,0.004900
2025-05-01T14:15:02.690000,-0.006435
2025-05-01T14:15:02.700000,0.002210
2025-05-01T14:15:02.710000,-0.007155
2025-05-01T14:15:02.720000,0.012135
2025-05-01T14:15:02.730000,0.001789
2025-05-01T14:15:02.740000,0.008625
2025-05-01T14:15:02.750000,0.006820
2025-05-01T14:15:02.760000,-0.000402
2025-05-01T14:15:02.770000,-0.002274
2025-05-01T14:15:02.780000,0.002056
2025-05-01T14:15:02.790000,0.000631
2025-05-01T14:15:02.800000,-0.000538
2025-05-01T14:15:02.810000,0.023018
2025-05-01T14:15:02.820000,-0.005910
2025-05-01T14:15:02.830000,-0.011118
2025-05-01T14:15:02.840000,0.009820
2025-05-01T14:15:02.850000,0.002556
2025-05-01T14:15:02.860000,-0.001420
2025-05-01T14:15:02.870000,-0.017711
2025-05-01T14:15:02.880000,0.008828
2025-05-01T14:15:02.890000,0.003298
2025-05-01T14:15:02.900000,0.023352
2025-05-01T14:15:02.910000,-0.004414
2025-05-01T14:15:02.920000,-0.012111
2025-05-01T14:15:02.930000,-0.005967
2025-05-01T14:15:02.940000,0.010681
2025-05-01T14:15:02.950000,-0.004774
2025-05-01T14:15:02.960000,-0.005564
2025-05-01T14:15:02.970000,-0.008479
2025-05-01T14:15:02.980000,0.013398
2025-05-01T14:15:02.990000,0.016753
2025-05-01T14:15:03,0.007470
2025-05-01T14:15:03.010000,0.014645
2025-05-01T14:15:03.020000,-0.003991
2025-05-01T14:15:03.030000,-0.011628
2025-05-01T14:15:03.040000,0.013298
2025-05-01T14:15:03.050000,0.006677
2025-05-01T14:15:03.060000,0.009557
2025-05-01T14:15:03.070000,0.012338
2025-05-01T14:15:03.080000,0.000429
2025-05-01T14:15:03.090000,0.000657
2025-05-01T14:15:03.100000,-0.014234
2025-05-01T14:15:03.110000,-0.001342
2025-05-01T14:15:03.120000,0.015677
2025-05-01T14:15:03.130000,0.018636
2025-05-01T14:15:03.140000,0.001887
2025-05-01T14:15:03.150000,-0.008728
2025-05-01T14:15:03.160000,-0.022960
2025-05-01T14:15:03.170000,0.017848
2025-05-01T14:15:03.180000,0.016962
2025-05-01T14:15:03.190000,-0.010512
2025-05-01T14:15:03.200000,-0.018594
2025-05-01T14:15:03.210000,-0.020061
2025-05-01T14:15:03.220000,0.002856
2025-05-01T14:15:03.230000,0.016466
2025-05-01T14:15:03.240000,-0.005209
2025-05-01T14:15:03.250000,0.003678
2025-05-01T14:15:03.260000,0.000461
2025-05-01T14:15:03.270000,-0.006269
2025-05-01T14:15:03.280000,-0.024817
2025-05-01T14:15:03.290000,0.010560
2025-05-01T14:15:03.300000,0.005174
2025-05-01T14:15:03.310000,-0.012169
2025-05-01T14:15:03.320000,0.004788
2025-05-01T14:15:03.330000,0.000352
2025-05-01T14:15:03.340000,0.004461
2025-05-01T14:15:03.350000,-0.009283
2025-05-01T14:15:03.360000,-0.010558
2025-05-01T14:15:03.370000,-0.005163
2025-05-01T14:15:03.380000,0.001462
2025-05-01T14:15:03.390000,0.015600
2025-05-01T14:15:03.400000,0.003129
2025-05-01T14:15:03.410000,0.028946
2025-05-01T14:15:03.420000,-0.003588
2025-05-01T14:15:03.430000,0.027291
2025-05-01T14:15:03.440000,-0.015723
2025-05-01T14:15:03.450000,-0.008100
2025-05-01T14:15:03.460000,-0.001529
2025-05-01T14:15:03.470000,0.007728
2025-05-01T14:15:03.480000,-0.012239
2025-05-01T14:15:03.490000,-0.008000
2025-05-01T14:15:03.500000,0.013432
2025-05-01T14:15:03.510000,0.027780
2025-05-01T14:15:03.520000,0.004870
2025-05-01T14:15:03.530000,0.004715
2025-05-01T14:15:03.540000,0.002850
2025-05-01T14:15:03.550000,-0.008040
2025-05-01T14:15:03.560000,-0.002644
2025-05-01T14:15:03.570000,0.011100
2025-05-01T14:15:03.580000,0.000439
2025-05-01T14:15:03.590000,-0.006037
2025-05-01T14:15:03.600000,0.012256
2025-05-01T14:15:03.610000,-0.014607
2025-05-01T14:15:03.620000,0.003452
2025-05-01T14:15:03.630000,0.000816
2025-05-01T14:15:03.640000,0.005892
2025-05-01T14:15:03.650000,0.015343
2025-05-01T14:15:03.660000,-0.011821
2025-05-01T14:15:03.670000,-0.017888
2025-05-01T14:15:03.680000,-0.013587
2025-05-01T14:15:03.690000,-0.003515
2025-05-01T14:15:03.700000,0.004029
2025-05-01T14:15:03.710000,-0.013345
2025-05-01T14:15:03.720000,0.001062
2025-05-01T14:15:03.730000,-0.002669
2025-05-01T14:15:03.740000,-0.017508
2025-05-01T14:15:03.750000,-0.022255
2025-05-01T14:15:03.760000,-0.013137
2025-05-01T14:15:03.770000,0.000892
2025-05-01T14:15:03.780000,-0.005269
2025-05-01T14:15:03.790000,0.001580
2025-05-01T14:15:03.800000,-0.002048
2025-05-01T14:15:03.810000,-0.005498
2025-05-01T14:15:03.820000,-0.010486
2025-05-01T14:15:03.830000,-0.003004
2025-05-01T14:15:03.840000,-0.008111
2025-05-01T14:15:03.850000,-0.006868
2025-05-01T14:15:03.860000,0.004677
2025-05-01T14:15:03.870000,-0.012143
2025-05-01T14:15:03.880000,-0.005394
2025-05-01T14:15:03.890000,-0.008458
2025-05-01T14:15:03.900000,-0.009965
2025-05-01T14:15:03.910000,-0.004932
2025-05-01T14:15:03.920000,0.012925
2025-05-01T14:15:03.930000,-0.007234
2025-05-01T14:15:03.940000,0.006616
2025-05-01T14:15:03.950000,0.014907
2025-05-01T14:15:03.960000,-0.006167
2025-05-01T14:15:03.970000,-0.016958
2025-05-01T14:15:03.980000,0.013802
2025-05-01T14:15:03.990000,-0.008582
2025-05-01T14:15:04,-0.003659
2025-05-01T14:15:04.010000,-0.004439
2025-05-01T14:15:04.020000,0.018735
2025-05-01T14:15:04.030000,0.003199
2025-05-01T14:15:04.040000,-0.010647
2025-05-01T14:15:04.050000,-0.003229
2025-05-01T14:15:04.060000,-0.007198
2025-05-01T14:15:04.070000,-0.011579
2025-05-01T14:15:04.080000,0.014282
2025-05-01T14:15:04.090000,0.000971
2025-05-01T14:15:04.100000,0.003935
2025-05-01T14:15:04.110000,0.001246
2025-05-01T14:15:04.120000,0.005122
2025-05-01T14:15:04.130000,-0.028443
2025-05-01T14:15:04.140000,0.002136
2025-05-01T14:15:04.150000,0.006380
2025-05-01T14:15:04.160000,0.013997
2025-05-01T14:15:04.170000,-0.008126
2025-05-01T14:15:04.180000,0.007017
2025-05-01T14:15:04.190000,0.001921
2025-05-01T14:15:04.200000,0.007431
2025-05-01T14:15:04.210000,-0.001838
2025-05-01T14:15:04.220000,-0.007029
2025-05-01T14:15:04.230000,-0.004916
2025-05-01T14:15:04.240000,0.001674
2025-05-01T14:15:04.250000,-0.015246
2025-05-01T14:15:04.260000,-0.002608
2025-05-01T14:15:04.270000,0.006141
2025-05-01T14:15:04.280000,-0.012235
2025-05-01T14:15:04.290000,0.001541
2025-05-01T14:15:04.300000,-0.013812
2025-05-01T14:15:04.310000,0.023938
2025-05-01T14:15:04.320000,-0.006448
2025-05-01T14:15:04.330000,0.005942
2025-05-01T14:15:04.340000,0.003627
2025-05-01T14:15:04.350000,-0.000383
2025-05-01T14:15:04.360000,-0.015028
2025-05-01T14:15:04.370000,0.019518
2025-05-01T14:15:04.380000,0.007526
2025-05-01T14:15:04.390000,0.010181
2025-05-01T14:15:04.400000,0.002990
2025-05-01T14:15:04.410000,-0.040216
2025-05-01T14:15:04.420000,0.011101
2025-05-01T14:15:04.430000,0.007747
2025-05-01T14:15:04.440000,0.014035
2025-05-01T14:15:04.450000,-0.007536
2025-05-01T14:15:04.460000,0.022015
2025-05-01T14:15:04.470000,0.011861
2025-05-01T14:15:04.480000,-0.005858
2025-05-01T14:15:04.490000,0.015775
2025-05-01T14:15:04.500000,0.001733
2025-05-01T14:15:04.510000,0.024750
2025-05-01T14:15:04.520000,-0.013261
2025-05-01T14:15:04.530000,-0.001206
2025-05-01T14:15:04.540000,-0.016595
2025-05-01T14:15:04.550000,-0.024304
2025-05-01T14:15:04.560000,0.005976
2025-05-01T14:15:04.570000,0.002595
2025-05-01T14:15:04.580000,-0.003773
2025-05-01T14:15:04.590000,-0.017775
2025-05-01T14:15:04.600000,0.002288
2025-05-01T14:15:04.610000,-0.013140
2025-05-01T14:15:04.620000,0.019405
2025-05-01T14:15:04.630000,-0.015753
2025-05-01T14:15:04.640000,0.002184
2025-05-01T14:15:04.650000,-0.005199
2025-05-01T14:15:04.660000,-0.013272
2025-05-01T14:15:04.670000,-0.003326
2025-05-01T14:15:04.680000,0.003298
2025-05-01T14:15:04.690000,-0.005139
2025-05-01T14:15:04.700000,-0.011936
2025-05-01T14:15:04.710000,-0.009500
2025-05-01T14:15:04.720000,0.002642
2025-05-01T14:15:04.730000,-0.006182
2025-05-01T14:15:04.740000,0.006394
2025-05-01T14:15:04.750000,0.011669
2025-05-01T14:15:04.760000,0.007687
2025-05-01T14:15:04.770000,-0.004439
2025-05-01T14:15:04.780000,0.006823
2025-05-01T14:15:04.790000,0.005549
2025-05-01T14:15:04.800000,-0.001068
2025-05-01T14:15:04.810000,-0.001907
2025-05-01T14:15:04.820000,0.010039
2025-05-01T14:15:04.830000,-0.000012
2025-05-01T14:15:04.840000,0.001149
2025-05-01T14:15:04.850000,0.000410
2025-05-01T14:15:04.860000,0.005292
2025-05-01T14:15:04.870000,-0.010253
2025-05-01T14:15:04.880000,-0.000086
2025-05-01T14:15:04.890000,-0.002163
2025-05-01T14:15:04.900000,0.007088
2025-05-01T14:15:04.910000,-0.002558
2025-05-01T14:15:04.920000,-0.007117
2025-05-01T14:15:04.930000,-0.005493
2025-05-01T14:15:04.940000,0.005070
2025-05-01T14:15:04.950000,-0.006590
2025-05-01T14:15:04.960000,-0.009255
2025-05-01T14:15:04.970000,0.003264
2025-05-01T14:15:04.980000,0.013813
2025-05-01T14:15:04.990000,-0.008563
2025-05-01T14:15:05,0.001503
2025-05-01T14:15:05.010000,0.010952
2025-05-01T14:15:05.020000,0.004492
2025-05-01T14:15:05.030000,0.011929
2025-05-01T14:15:05.040000,0.006011
2025-05-01T14:15:05.050000,0.009644
2025-05-01T14:15:05.060000,0.000623
2025-05-01T14:15:05.070000,-0.008949
2025-05-01T14:15:05.080000,-0.000536
2025-05-01T14:15:05.090000,0.009833
2025-05-01T14:15:05.100000,0.006564
2025-05-01T14:15:05.110000,0.002972
2025-05-01T14:15:05.120000,0.001023
2025-05-01T14:15:05.130000,-0.005594
2025-05-01T14:15:05.140000,0.002011
2025-05-01T14:15:05.150000,0.009385
2025-05-01T14:15:05.160000,-0.003816
2025-05-01T14:15:05.170000,-0.010830
2025-05-01T14:15:05.180000,-0.000895
2025-05-01T14:15:05.190000,-0.002328
2025-05-01T14:15:05.200000,-0.015146
2025-05-01T14:15:05.210000,0.006195
2025-05-01T14:15:05.220000,-0.000829
2025-05-01T14:15:05.230000,0.020507
2025-05-01T14:15:05.240000,0.005578
2025-05-01T14:15:05.250000,-0.008845
2025-05-01T14:15:05.260000,-0.008108
2025-05-01T14:15:05.270000,-0.002064
2025-05-01T14:15:05.280000,0.011781
2025-05-01T14:15:05.290000,-0.000697
2025-05-01T14:15:05.300000,0.005528
2025-05-01T14:15:05.310000,0.007299
2025-05-01T14:15:05.320000,-0.003980
2025-05-01T14:15:05.330000,-0.012365
2025-05-01T14:15:05.340000,-0.001702
2025-05-01T14:15:05.350000,-0.004413
2025-05-01T14:15:05.360000,-0.001875
2025-05-01T14:15:05.370000,-0.009404
2025-05-01T14:15:05.380000,-0.001313
2025-05-01T14:15:05.390000,0.000506
2025-05-01T14:15:05.400000,-0.000744
2025-05-01T14:15:05.410000,0.006895
2025-05-01T14:15:05.420000,-0.002282
2025-05-01T14:15:05.430000,0.023103
2025-05-01T14:15:05.440000,-0.005911
2025-05-01T14:15:05.450000,0.011260
2025-05-01T14:15:05.460000,0.002668
2025-05-01T14:15:05.470000,0.010024
2025-05-01T14:15:05.480000,0.004511
2025-05-01T14:15:05.490000,-0.016644
2025-05-01T14:15:05.500000,-0.001150
2025-05-01T14:15:05.510000,0.007062
2025-05-01T14:15:05.520000,0.000341
2025-05-01T14:15:05.530000,0.004439
2025-05-01T14:15:05.540000,-0.003873
2025-05-01T14:15:05.550000,0.016595
2025-05-01T14:15:05.560000,-0.002767
2025-05-01T14:15:05.570000,0.015123
2025-05-01T14:15:05.580000,0.002378
2025-05-01T14:15:05.590000,0.020395
2025-05-01T14:15:05.600000,0.017702
2025-05-01T14:15:05.610000,0.024291
2025-05-01T14:15:05.620000,0.018398
2025-05-01T14:15:05.630000,0.009147
2025-05-01T14:15:05.640000,-0.018115
2025-05-01T14:15:05.650000,-0.008690
2025-05-01T14:15:05.660000,-0.008781
2025-05-01T14:15:05.670000,-0.017431
2025-05-01T14:15:05.680000,-0.012162
2025-05-01T14:15:05.690000,0.000299
2025-05-01T14:15:05.700000,0.009897
2025-05-01T14:15:05.710000,-0.002627
2025-05-01T14:15:05.720000,-0.002507
2025-05-01T14:15:05.730000,0.024987
2025-05-01T14:15:05.740000,-0.005323
2025-05-01T14:15:05.750000,0.006390
2025-05-01T14:15:05.760000,-0.002615
2025-05-01T14:15:05.770000,0.011902
2025-05-01T14:15:05.780000,-0.000027
2025-05-01T14:15:05.790000,-0.004171
2025-05-01T14:15:05.800000,-0.005373
2025-05-01T14:15:05.810000,0.005338
2025-05-01T14:15:05.820000,0.009222
2025-05-01T14:15:05.830000,0.005053
2025-05-01T14:15:05.840000,0.013106
2025-05-01T14:15:05.850000,-0.000179
2025-05-01T14:15:05.860000,-0.011408
2025-05-01T14:15:05.870000,0.003080
2025-05-01T14:15:05.880000,-0.005507
2025-05-01T14:15:05.890000,0.005433
2025-05-01T14:15:05.900000,-0.012639
2025-05-01T14:15:05.910000,-0.017942
2025-05-01T14:15:05.920000,-0.003244
2025-05-01T14:15:05.930000,-0.005382
2025-05-01T14:15:05.940000,0.003153
2025-05-01T14:15:05.950000,-0.015823
2025-05-01T14:15:05.960000,-0.017450
2025-05-01T14:15:05.970000,-0.005060
2025-05-01T14:15:05.980000,0.018889
2025-05-01T14:15:05.990000,-0.006799
2025-05-01T14:15:06,-0.011083
2025-05-01T14:15:06.010000,0.002287
2025-05-01T14:15:06.020000,-0.006304
2025-05-01T14:15:06.030000,-0.010717
2025-05-01T14:15:06.040000,0.003533
2025-05-01T14:15:06.050000,-0.010030
2025-05-01T14:15:06.060000,-0.011907
2025-05-01T14:15:06.070000,-0.000601
2025-05-01T14:15:06.080000,-0.015443
2025-05-01T14:15:06.090000,0.002184
2025-05-01T14:15:06.100000,0.015896
2025-05-01T14:15:06.110000,0.004695
2025-05-01T14:15:06.120000,-0.004764
2025-05-01T14:15:06.130000,-0.001109
2025-05-01T14:15:06.140000,0.004870
2025-05-01T14:15:06.150000,0.001833
2025-05-01T14:15:06.160000,-0.001307
2025-05-01T14:15:06.170000,0.004777
2025-05-01T14:15:06.180000,0.023188
2025-05-01T14:15:06.190000,-0.004197
2025-05-01T14:15:06.200000,0.015053
2025-05-01T14:15:06.210000,-0.011951
2025-05-01T14:15:06.220000,0.007928
2025-05-01T14:15:06.230000,0.006598
2025-05-01T14:15:06.240000,-0.015867
2025-05-01T14:15:06.250000,0.000262
2025-05-01T14:15:06.260000,0.005577
2025-05-01T14:15:06.270000,0.001931
2025-05-01T14:15:06.280000,0.009265
2025-05-01T14:15:06.290000,0.013749
2025-05-01T14:15:06.300000,-0.003506
2025-05-01T14:15:06.310000,0.002914
2025-05-01T14:15:06.320000,0.010693
2025-05-01T14:15:06.330000,-0.034043
2025-05-01T14:15:06.340000,0.001291
2025-05-01T14:15:06.350000,0.025938
2025-05-01T14:15:06.360000,0.009555
2025-05-01T14:15:06.370000,-0.004857
2025-05-01T14:15:06.380000,0.023785
2025-05-01T14:15:06.390000,-0.003015
2025-05-01T14:15:06.400000,0.000552
2025-05-01T14:15:06.410000,0.000917
2025-05-01T14:15:06.420000,-0.006397
2025-05-01T14:15:06.430000,-0.008654
2025-05-01T14:15:06.440000,0.005249
2025-05-01T14:15:06.450000,-0.002375
2025-05-01T14:15:06.460000,0.015750
2025-05-01T14:15:06.470000,-0.002504
2025-05-01T14:15:06.480000,0.006994
2025-05-01T14:15:06.490000,-0.008635
2025-05-01T14:15:06.500000,0.015342
2025-05-01T14:15:06.510000,0.004532
2025-05-01T14:15:06.520000,-0.016230
2025-05-01T14:15:06.530000,0.001545
2025-05-01T14:15:06.540000,-0.006739
2025-05-01T14:15:06.550000,-0.001718
2025-05-01T14:15:06.560000,-0.008735
2025-05-01T14:15:06.570000,-0.012234
2025-05-01T14:15:06.580000,-0.001293
2025-05-01T14:15:06.590000,-0.028132
2025-05-01T14:15:06.600000,-0.001910
2025-05-01T14:15:06.610000,-0.019180
2025-05-01T14:15:06.620000,0.002885
2025-05-01T14:15:06.630000,0.008714
2025-05-01T14:15:06.640000,-0.006835
2025-05-01T14:15:06.650000,-0.011635
2025-05-01T14:15:06.660000,0.000299
2025-05-01T14:15:06.670000,-0.006351
2025-05-01T14:15:06.680000,-0.011687
2025-05-01T14:15:06.690000,-0.008114
2025-05-01T14:15:06.700000,-0.005947
2025-05-01T14:15:06.710000,0.002244
2025-05-01T14:15:06.720000,0.007106
2025-05-01T14:15:06.730000,-0.005793
2025-05-01T14:15:06.740000,0.004558
2025-05-01T14:15:06.750000,0.008705
2025-05-01T14:15:06.760000,-0.016001
2025-05-01T14:15:06.770000,-0.017665
2025-05-01T14:15:06.780000,0.006432
2025-05-01T14:15:06.790000,-0.007957
2025-05-01T14:15:06.800000,-0.003763
2025-05-01T14:15:06.810000,0.004293
2025-05-01T14:15:06.820000,0.005351
2025-05-01T14:15:06.830000,0.005767
2025-05-01T14:15:06.840000,0.000546
2025-05-01T14:15:06.850000,-0.011445
2025-05-01T14:15:06.860000,-0.000466
2025-05-01T14:15:06.870000,0.016244
2025-05-01T14:15:06.880000,-0.013674
2025-05-01T14:15:06.890000,-0.019607
2025-05-01T14:15:06.900000,0.005593
2025-05-01T14:15:06.910000,0.013481
2025-05-01T14:15:06.920000,-0.003719
2025-05-01T14:15:06.930000,-0.009826
2025-05-01T14:15:06.940000,-0.007944
2025-05-01T14:15:06.950000,0.005507
2025-05-01T14:15:06.960000,-0.002310
2025-05-01T14:15:06.970000,-0.000161
2025-05-01T14:15:06.980000,0.004609
2025-05-01T14:15:06.990000,0.006372
2025-05-01T14:15:07,-0.016070
2025-05-01T14:15:07.010000,-0.002504
2025-05-01T14:15:07.020000,0.005113
2025-05-01T14:15:07.030000,-0.007879
2025-05-01T14:15:07.040000,-0.006372
2025-05-01T14:15:07.050000,0.002951
2025-05-01T14:15:07.060000,0.004166
2025-05-01T14:15:07.070000,0.010657
2025-05-01T14:15:07.080000,0.010318
2025-05-01T14:15:07.090000,0.008495
2025-05-01T14:15:07.100000,0.006043
2025-05-01T14:15:07.110000,0.014922
2025-05-01T14:15:07.120000,-0.012708
2025-05-01T14:15:07.130000,0.003569
2025-05-01T14:15:07.140000,-0.005813
2025-05-01T14:15:07.150000,-0.020807
2025-05-01T14:15:07.160000,-0.016448
2025-05-01T14:15:07.170000,-0.008353
2025-05-01T14:15:07.180000,0.001767
2025-05-01T14:15:07.190000,-0.003648
2025-05-01T14:15:07.200000,-0.002405
2025-05-01T14:15:07.210000,0.003130
2025-05-01T14:15:07.220000,-0.004412
2025-05-01T14:15:07.230000,0.000108
2025-05-01T14:15:07.240000,-0.000076
2025-05-01T14:15:07.250000,-0.008892
2025-05-01T14:15:07.260000,0.022924
2025-05-01T14:15:07.270000,-0.002204
2025-05-01T14:15:07.280000,-0.011256
2025-05-01T14:15:07.290000,0.002447
2025-05-01T14:15:07.300000,-0.000702
2025-05-01T14:15:07.310000,-0.000757
2025-05-01T14:15:07.320000,-0.007314
2025-05-01T14:15:07.330000,0.013557
2025-05-01T14:15:07.340000,0.014663
2025-05-01T14:15:07.350000,-0.008645
2025-05-01T14:15:07.360000,-0.010435
2025-05-01T14:15:07.370000,-0.006228
2025-05-01T14:15:07.380000,-0.013278
2025-05-01T14:15:07.390000,0.002464
2025-05-01T14:15:07.400000,-0.015150
2025-05-01T14:15:07.410000,-0.012109
2025-05-01T14:15:07.420000,0.015332
2025-05-01T14:15:07.430000,-0.008581
2025-05-01T14:15:07.440000,0.011379
2025-05-01T14:15:07.450000,0.011621
2025-05-01T14:15:07.460000,-0.008135
2025-05-01T14:15:07.470000,-0.005243
2025-05-01T14:15:07.480000,0.016773
2025-05-01T14:15:07.490000,-0.001452
2025-05-01T14:15:07.500000,0.015222
2025-05-01T14:15:07.510000,0.006594
2025-05-01T14:15:07.520000,-0.003424
2025-05-01T14:15:07.530000,0.006809
2025-05-01T14:15:07.540000,-0.002723
2025-05-01T14:15:07.550000,0.001443
2025-05-01T14:15:07.560000,-0.003617
2025-05-01T14:15:07.570000,-0.013635
2025-05-01T14:15:07.580000,-0.004627
2025-05-01T14:15:07.590000,-0.005065
2025-05-01T14:15:07.600000,-0.001644
2025-05-01T14:15:07.610000,-0.002500
2025-05-01T14:15:07.620000,-0.005894
2025-05-01T14:15:07.630000,0.001488
2025-05-01T14:15:07.640000,-0.020087
2025-05-01T14:15:07.650000,-0.002965
2025-05-01T14:15:07.660000,-0.004802
2025-05-01T14:15:07.670000,0.012148
2025-05-01T14:15:07.680000,0.009861
2025-05-01T14:15:07.690000,-0.003191
2025-05-01T14:15:07.700000,0.011693
2025-05-01T14:15:07.710000,-0.002766
2025-05-01T14:15:07.720000,-0.009876
2025-05-01T14:15:07.730000,-0.003239
2025-05-01T14:15:07.740000,0.007509
2025-05-01T14:15:07.750000,-0.007904
2025-05-01T14:15:07.760000,0.016286
2025-05-01T14:15:07.770000,-0.002447
2025-05-01T14:15:07.780000,0.013471
2025-05-01T14:15:07.790000,0.012515
2025-05-01T14:15:07.800000,-0.000304
2025-05-01T14:15:07.810000,-0.011358
2025-05-01T14:15:07.820000,0.001549
2025-05-01T14:15:07.830000,-0.007061
2025-05-01T14:15:07.840000,-0.005368
2025-05-01T14:15:07.850000,0.019733
2025-05-01T14:15:07.860000,-0.016518
2025-05-01T14:15:07.870000,0.014157
2025-05-01T14:15:07.880000,0.019302
2025-05-01T14:15:07.890000,0.022215
2025-05-01T14:15:07.900000,-0.002979
2025-05-01T14:15:07.910000,0.004555
2025-05-01T14:15:07.920000,-0.002673
2025-05-01T14:15:07.930000,0.008924
2025-05-01T14:15:07.940000,-0.001748
2025-05-01T14:15:07.950000,0.001610
2025-05-01T14:15:07.960000,0.005747
2025-05-01T14:15:07.970000,-0.022812
2025-05-01T14:15:07.980000,0.012743
2025-05-01T14:15:07.990000,0.019020
2025-05-01T14:15:08,0.002643
2025-05-01T14:15:08.010000,-0.003881
2025-05-01T14:15:08.020000,-0.003090
2025-05-01T14:15:08.030000,-0.001573
2025-05-01T14:15:08.040000,0.006283
2025-05-01T14:15:08.050000,-0.002025
2025-05-01T14:15:08.060000,0.001356
2025-05-01T14:15:08.070000,-0.010265
2025-05-01T14:15:08.080000,-0.010880
2025-05-01T14:15:08.090000,0.012090
2025-05-01T14:15:08.100000,-0.015644
2025-05-01T14:15:08.110000,-0.005695
2025-05-01T14:15:08.120000,-0.003850
2025-05-01T14:15:08.130000,0.006575
2025-05-01T14:15:08.140000,-0.003602
2025-05-01T14:15:08.150000,-0.005270
2025-05-01T14:15:08.160000,0.005142
2025-05-01T14:15:08.170000,0.007988
2025-05-01T14:15:08.180000,0.011071
2025-05-01T14:15:08.190000,0.019554
2025-05-01T14:15:08.200000,0.001222
2025-05-01T14:15:08.210000,-0.004228
2025-05-01T14:15:08.220000,-0.009142
2025-05-01T14:15:08.230000,-0.000593
2025-05-01T14:15:08.240000,0.001109
2025-05-01T14:15:08.250000,-0.010948
2025-05-01T14:15:08.260000,0.009969
2025-05-01T14:15:08.270000,0.008084
2025-05-01T14:15:08.280000,0.006680
2025-05-01T14:15:08.290000,-0.002121
2025-05-01T14:15:08.300000,-0.005163
2025-05-01T14:15:08.310000,-0.014707
2025-05-01T14:15:08.320000,0.004936
2025-05-01T14:15:08.330000,-0.010997
2025-05-01T14:15:08.340000,-0.011471
2025-05-01T14:15:08.350000,-0.004486
2025-05-01T14:15:08.360000,0.002526
2025-05-01T14:15:08.370000,0.026137
2025-05-01T14:15:08.380000,-0.018472
2025-05-01T14:15:08.390000,-0.001889
2025-05-01T14:15:08.400000,-0.005076
2025-05-01T14:15:08.410000,-0.003618
2025-05-01T14:15:08.420000,-0.000819
2025-05-01T14:15:08.430000,-0.016448
2025-05-01T14:15:08.440000,-0.004979
2025-05-01T14:15:08.450000,-0.017627
2025-05-01T14:15:08.460000,-0.005900
2025-05-01T14:15:08.470000,-0.001235
2025-05-01T14:15:08.480000,-0.006169
2025-05-01T14:15:08.490000,-0.016151
2025-05-01T14:15:08.500000,-0.009315
2025-05-01T14:15:08.510000,0.010588
2025-05-01T14:15:08.520000,-0.009749
2025-05-01T14:15:08.530000,0.010362
2025-05-01T14:15:08.540000,-0.001325
2025-05-01T14:15:08.550000,0.006518
2025-05-01T14:15:08.560000,0.002583
2025-05-01T14:15:08.570000,-0.007844
2025-05-01T14:15:08.580000,0.001814
2025-05-01T14:15:08.590000,0.006711
2025-05-01T14:15:08.600000,0.012563
2025-05-01T14:15:08.610000,0.016808
2025-05-01T14:15:08.620000,-0.007280
2025-05-01T14:15:08.630000,-0.004656
2025-05-01T14:15:08.640000,0.003693
2025-05-01T14:15:08.650000,-0.011608
2025-05-01T14:15:08.660000,-0.006115
2025-05-01T14:15:08.670000,-0.008086
2025-05-01T14:15:08.680000,0.016335
2025-05-01T14:15:08.690000,-0.006604
2025-05-01T14:15:08.700000,-0.008504
2025-05-01T14:15:08.710000,-0.015275
2025-05-01T14:15:08.720000,-0.011872
2025-05-01T14:15:08.730000,-0.013682
2025-05-01T14:15:08.740000,0.006055
2025-05-01T14:15:08.750000,0.005474
2025-05-01T14:15:08.760000,0.001586
2025-05-01T14:15:08.770000,0.010798
2025-05-01T14:15:08.780000,-0.011566
2025-05-01T14:15:08.790000,-0.010493
2025-05-01T14:15:08.800000,-0.000425
2025-05-01T14:15:08.810000,0.012024
2025-05-01T14:15:08.820000,0.007242
2025-05-01T14:15:08.830000,0.001173
2025-05-01T14:15:08.840000,0.010865
2025-05-01T14:15:08.850000,0.007958
2025-05-01T14:15:08.860000,-0.000063
2025-05-01T14:15:08.870000,0.002191
2025-05-01T14:15:08.880000,0.005753
2025-05-01T14:15:08.890000,-0.008193
2025-05-01T14:15:08.900000,-0.002255
2025-05-01T14:15:08.910000,0.004241
2025-05-01T14:15:08.920000,-0.019284
2025-05-01T14:15:08.930000,-0.004623
2025-05-01T14:15:08.940000,-0.003949
2025-05-01T14:15:08.950000,0.007076
2025-05-01T14:15:08.960000,-0.012737
2025-05-01T14:15:08.970000,-0.019629
2025-05-01T14:15:08.980000,0.006388
2025-05-01T14:15:08.990000,0.003454
2025-05-01T14:15:09,0.003673
2025-05-01T14:15:09.010000,0.002346
2025-05-01T14:15:09.020000,-0.020305
2025-05-01T14:15:09.030000,-0.003629
2025-05-01T14:15:09.040000,0.003617
2025-05-01T14:15:09.050000,0.007825
2025-05-01T14:15:09.060000,-0.011312
2025-05-01T14:15:09.070000,-0.009984
2025-05-01T14:15:09.080000,-0.007072
2025-05-01T14:15:09.090000,0.017487
2025-05-01T14:15:09.100000,-0.008422
2025-05-01T14:15:09.110000,-0.006250
2025-05-01T14:15:09.120000,0.010951
2025-05-01T14:15:09.130000,0.004532
2025-05-01T14:15:09.140000,-0.000091
2025-05-01T14:15:09.150000,0.009888
2025-05-01T14:15:09.160000,0.019756
2025-05-01T14:15:09.170000,0.013120
2025-05-01T14:15:09.180000,-0.000496
2025-05-01T14:15:09.190000,0.009255
2025-05-01T14:15:09.200000,0.002321
2025-05-01T14:15:09.210000,-0.002813
2025-05-01T14:15:09.220000,-0.000426
2025-05-01T14:15:09.230000,0.001022
2025-05-01T14:15:09.240000,0.008283
2025-05-01T14:15:09.250000,0.023268
2025-05-01T14:15:09.260000,0.004752
2025-05-01T14:15:09.270000,-0.018776
2025-05-01T14:15:09.280000,0.009769
2025-05-01T14:15:09.290000,0.011207
2025-05-01T14:15:09.300000,-0.012032
2025-05-01T14:15:09.310000,-0.009921
2025-05-01T14:15:09.320000,-0.003769
2025-05-01T14:15:09.330000,-0.009220
2025-05-01T14:15:09.340000,-0.017811
2025-05-01T14:15:09.350000,-0.008118
2025-05-01T14:15:09.360000,0.019443
2025-05-01T14:15:09.370000,-0.009431
2025-05-01T14:15:09.380000,0.001832
2025-05-01T14:15:09.390000,0.003347
2025-05-01T14:15:09.400000,-0.008274
2025-05-01T14:15:09.410000,-0.006662
2025-05-01T14:15:09.420000,-0.021540
2025-05-01T14:15:09.430000,-0.008660
2025-05-01T14:15:09.440000,-0.003517
2025-05-01T14:15:09.450000,0.001186
2025-05-01T14:15:09.460000,-0.001094
2025-05-01T14:15:09.470000,-0.006981
2025-05-01T14:15:09.480000,0.001677
2025-05-01T14:15:09.490000,0.001559
2025-05-01T14:15:09.500000,-0.003899
2025-05-01T14:15:09.510000,-0.004658
2025-05-01T14:15:09.520000,0.006953
2025-05-01T14:15:09.530000,0.000750
2025-05-01T14:15:09.540000,-0.019979
2025-05-01T14:15:09.550000,0.011001
2025-05-01T14:15:09.560000,-0.001909
2025-05-01T14:15:09.570000,-0.015511
2025-05-01T14:15:09.580000,-0.007505
2025-05-01T14:15:09.590000,0.006224
2025-05-01T14:15:09.600000,0.008718
2025-05-01T14:15:09.610000,-0.016391
2025-05-01T14:15:09.620000,-0.007951
2025-05-01T14:15:09.630000,0.007920
2025-05-01T14:15:09.640000,-0.007357
2025-05-01T14:15:09.650000,-0.002922
2025-05-01T14:15:09.660000,0.027566
2025-05-01T14:15:09.670000,0.013586
2025-05-01T14:15:09.680000,0.002916
2025-05-01T14:15:09.690000,0.009913
2025-05-01T14:15:09.700000,-0.001915
2025-05-01T14:15:09.710000,0.002261
2025-05-01T14:15:09.720000,-0.004385
2025-05-01T14:15:09.730000,-0.002702
2025-05-01T14:15:09.740000,-0.005970
2025-05-01T14:15:09.750000,0.003937
2025-05-01T14:15:09.760000,-0.004199
2025-05-01T14:15:09.770000,-0.006331
2025-05-01T14:15:09.780000,-0.017455
2025-05-01T14:15:09.790000,-0.006722
2025-05-01T14:15:09.800000,0.009112
2025-05-01T14:15:09.810000,0.011888
2025-05-01T14:15:09.820000,0.017778
2025-05-01T14:15:09.830000,-0.013861
2025-05-01T14:15:09.840000,0.003630
2025-05-01T14:15:09.850000,-0.011657
2025-05-01T14:15:09.860000,0.013611
2025-05-01T14:15:09.870000,0.010964
2025-05-01T14:15:09.880000,0.023295
2025-05-01T14:15:09.890000,-0.009903
2025-05-01T14:15:09.900000,0.010998
2025-05-01T14:15:09.910000,0.007437
2025-05-01T14:15:09.920000,0.004466
2025-05-01T14:15:09.930000,-0.008952
2025-05-01T14:15:09.940000,-0.003019
2025-05-01T14:15:09.950000,-0.027129
2025-05-01T14:15:09.960000,0.006317
2025-05-01T14:15:09.970000,-0.000060
2025-05-01T14:15:09.980000,-0.009790
2025-05-01T14:15:09.990000,-0.012065
2025-05-01T14:15:10,0.024526
2025-05-01T14:15:10.010000,0.001999
2025-05-01T14:15:10.020000,-0.010776
2025-05-01T14:15:10.030000,-0.001787
2025-05-01T14:15:10.040000,0.014625
2025-05-01T14:15:10.050000,-0.007681
2025-05-01T14:15:10.060000,-0.003165
2025-05-01T14:15:10.070000,0.008470
2025-05-01T14:15:10.080000,-0.000597
2025-05-01T14:15:10.090000,-0.029355
2025-05-01T14:15:10.100000,0.013839
2025-05-01T14:15:10.110000,0.021657
2025-05-01T14:15:10.120000,0.005796
2025-05-01T14:15:10.130000,0.017274
2025-05-01T14:15:10.140000,0.006442
2025-05-01T14:15:10.150000,-0.013540
2025-05-01T14:15:10.160000,-0.007461
2025-05-01T14:15:10.170000,0.000936
2025-05-01T14:15:10.180000,-0.011357
2025-05-01T14:15:10.190000,-0.003825
2025-05-01T14:15:10.200000,-0.007320
2025-05-01T14:15:10.210000,-0.003338
2025-05-01T14:15:10.220000,-0.013205
2025-05-01T14:15:10.230000,-0.004763
2025-05-01T14:15:10.240000,0.001243
2025-05-01T14:15:10.250000,0.010243
2025-05-01T14:15:10.260000,-0.018316
2025-05-01T14:15:10.270000,0.011072
2025-05-01T14:15:10.280000,-0.011706
2025-05-01T14:15:10.290000,-0.002228
2025-05-01T14:15:10.300000,0.019539
2025-05-01T14:15:10.310000,0.010070
2025-05-01T14:15:10.320000,0.003552
2025-05-01T14:15:10.330000,-0.015392
2025-05-01T14:15:10.340000,0.017618
2025-05-01T14:15:10.350000,0.002352
2025-05-01T14:15:10.360000,-0.012511
2025-05-01T14:15:10.370000,0.004781
2025-05-01T14:15:10.380000,0.002088
2025-05-01T14:15:10.390000,-0.012836
2025-05-01T14:15:10.400000,-0.006882
2025-05-01T14:15:10.410000,-0.000613
2025-05-01T14:15:10.420000,-0.018706
2025-05-01T14:15:10.430000,0.001896
2025-05-01T14:15:10.440000,-0.011788
2025-05-01T14:15:10.450000,-0.018693
2025-05-01T14:15:10.460000,0.012252
2025-05-01T14:15:10.470000,-0.003182
2025-05-01T14:15:10.480000,0.003553
2025-05-01T14:15:10.490000,-0.008294
2025-05-01T14:15:10.500000,-0.002575
2025-05-01T14:15:10.510000,0.004472
2025-05-01T14:15:10.520000,0.016764
2025-05-01T14:15:10.530000,0.012658
2025-05-01T14:15:10.540000,0.002877
2025-05-01T14:15:10.550000,-0.005799
2025-05-01T14:15:10.560000,-0.003372
2025-05-01T14:15:10.570000,-0.006789
2025-05-01T14:15:10.580000,0.001762
2025-05-01T14:15:10.590000,0.006245
2025-05-01T14:15:10.600000,0.001760
2025-05-01T14:15:10.610000,0.010729
2025-05-01T14:15:10.620000,0.024518
2025-05-01T14:15:10.630000,-0.002928
2025-05-01T14:15:10.640000,0.013171
2025-05-01T14:15:10.650000,0.016145
2025-05-01T14:15:10.660000,-0.002772
2025-05-01T14:15:10.670000,-0.017910
2025-05-01T14:15:10.680000,-0.001847
2025-05-01T14:15:10.690000,-0.006223
2025-05-01T14:15:10.700000,0.002909
2025-05-01T14:15:10.710000,0.009973
2025-05-01T14:15:10.720000,-0.013553
2025-05-01T14:15:10.730000,0.003861
2025-05-01T14:15:10.740000,-0.010427
2025-05-01T14:15:10.750000,0.001277
2025-05-01T14:15:10.760000,-0.015262
2025-05-01T14:15:10.770000,0.000461
2025-05-01T14:15:10.780000,0.018545
2025-05-01T14:15:10.790000,0.017097
2025-05-01T14:15:10.800000,-0.000379
2025-05-01T14:15:10.810000,0.012779
2025-05-01T14:15:10.820000,-0.002494
2025-05-01T14:15:10.830000,-0.019845
2025-05-01T14:15:10.840000,0.001182
2025-05-01T14:15:10.850000,-0.010968
2025-05-01T14:15:10.860000,-0.014687
2025-05-01T14:15:10.870000,0.001910
2025-05-01T14:15:10.880000,-0.003051
2025-05-01T14:15:10.890000,0.014602
2025-05-01T14:15:10.900000,-0.004679
2025-05-01T14:15:10.910000,-0.000316
2025-05-01T14:15:10.920000,0.000527
2025-05-01T14:15:10.930000,0.001111
2025-05-01T14:15:10.940000,0.007679
2025-05-01T14:15:10.950000,0.003935
2025-05-01T14:15:10.960000,-0.024816
2025-05-01T14:15:10.970000,-0.005386
2025-05-01T14:15:10.980000,0.016540
2025-05-01T14:15:10.990000,-0.000923
2025-05-01T14:15:11,-0.006139
2025-05-01T14:15:11.010000,0.010527
2025-05-01T14:15:11.020000,-0.008686
2025-05-01T14:15:11.030000,0.002421
2025-05-01T14:15:11.040000,-0.005713
2025-05-01T14:15:11.050000,0.001622
2025-05-01T14:15:11.060000,0.014753
2025-05-01T14:15:11.070000,-0.013429
2025-05-01T14:15:11.080000,-0.016218
2025-05-01T14:15:11.090000,-0.005606
2025-05-01T14:15:11.100000,0.008477
2025-05-01T14:15:11.110000,-0.001491
2025-05-01T14:15:11.120000,0.001482
2025-05-01T14:15:11.130000,-0.007714
2025-05-01T14:15:11.140000,-0.000272
2025-05-01T14:15:11.150000,0.009036
2025-05-01T14:15:11.160000,-0.003716
2025-05-01T14:15:11.170000,-0.002476
2025-05-01T14:15:11.180000,-0.008792
2025-05-01T14:15:11.190000,0.017278
2025-05-01T14:15:11.200000,-0.000347
2025-05-01T14:15:11.210000,-0.022866
2025-05-01T14:15:11.220000,-0.004293
2025-05-01T14:15:11.230000,0.000195
2025-05-01T14:15:11.240000,0.022347
2025-05-01T14:15:11.250000,0.012003
2025-05-01T14:15:11.260000,-0.006822
2025-05-01T14:15:11.270000,0.020861
2025-05-01T14:15:11.280000,-0.012643
2025-05-01T14:15:11.290000,-0.012672
2025-05-01T14:15:11.300000,0.012840
2025-05-01T14:15:11.310000,-0.003044
2025-05-01T14:15:11.320000,0.001952
2025-05-01T14:15:11.330000,-0.007378
2025-05-01T14:15:11.340000,-0.017356
2025-05-01T14:15:11.350000,0.008897
2025-05-01T14:15:11.360000,0.013497
2025-05-01T14:15:11.370000,0.002106
2025-05-01T14:15:11.380000,0.015429
2025-05-01T14:15:11.390000,0.007328
2025-05-01T14:15:11.400000,0.005342
2025-05-01T14:15:11.410000,0.000308
2025-05-01T14:15:11.420000,0.003600
2025-05-01T14:15:11.430000,-0.004133
2025-05-01T14:15:11.440000,0.014849
2025-05-01T14:15:11.450000,-0.003971
2025-05-01T14:15:11.460000,0.007451
2025-05-01T14:15:11.470000,-0.004261
2025-05-01T14:15:11.480000,0.005727
2025-05-01T14:15:11.490000,-0.005904
2025-05-01T14:15:11.500000,-0.007132
2025-05-01T14:15:11.510000,-0.010124
2025-05-01T14:15:11.520000,-0.003380
2025-05-01T14:15:11.530000,0.002732
2025-05-01T14:15:11.540000,-0.008549
2025-05-01T14:15:11.550000,0.004505
2025-05-01T14:15:11.560000,0.008078
2025-05-01T14:15:11.570000,0.000785
2025-05-01T14:15:11.580000,0.013070
2025-05-01T14:15:11.590000,0.006568
2025-05-01T14:15:11.600000,0.013770
2025-05-01T14:15:11.610000,-0.015798
2025-05-01T14:15:11.620000,-0.002671
2025-05-01T14:15:11.630000,0.016635
2025-05-01T14:15:11.640000,0.013144
2025-05-01T14:15:11.650000,-0.007624
2025-05-01T14:15:11.660000,-0.022868
2025-05-01T14:15:11.670000,0.003597
2025-05-01T14:15:11.680000,-0.001115
2025-05-01T14:15:11.690000,0.000489
2025-05-01T14:15:11.700000,-0.005599
2025-05-01T14:15:11.710000,-0.007621
2025-05-01T14:15:11.720000,0.006378
2025-05-01T14:15:11.730000,-0.006173
2025-05-01T14:15:11.740000,-0.008633
2025-05-01T14:15:11.750000,0.016060
2025-05-01T14:15:11.760000,-0.005559
2025-05-01T14:15:11.770000,0.008588
2025-05-01T14:15:11.780000,-0.004643
2025-05-01T14:15:11.790000,0.018961
2025-05-01T14:15:11.800000,0.006968
2025-05-01T14:15:11.810000,-0.010852
2025-05-01T14:15:11.820000,-0.016054
2025-05-01T14:15:11.830000,-0.003594
2025-05-01T14:15:11.840000,-0.009407
2025-05-01T14:15:11.850000,0.009827
2025-05-01T14:15:11.860000,-0.004328
2025-05-01T14:15:11.870000,0.011614
2025-05-01T14:15:11.880000,0.024293
2025-05-01T14:15:11.890000,0.004939
2025-05-01T14:15:11.900000,-0.000555
2025-05-01T14:15:11.910000,-0.018395
2025-05-01T14:15:11.920000,0.010024
2025-05-01T14:15:11.930000,-0.008710
2025-05-01T14:15:11.940000,0.000856
2025-05-01T14:15:11.950000,-0.006115
2025-05-01T14:15:11.960000,-0.010537
2025-05-01T14:15:11.970000,-0.012818
2025-05-01T14:15:11.980000,-0.008923
2025-05-01T14:15:11.990000,0.006384
2025-05-01T14:15:12,-0.010012
2025-05-01T14:15:12.010000,0.007903
2025-05-01T14:15:12.020000,-0.015794
2025-05-01T14:15:12.030000,0.016187
2025-05-01T14:15:12.040000,-0.009756
2025-05-01T14:15:12.050000,0.016469
2025-05-01T14:15:12.060000,0.006656
2025-05-01T14:15:12.070000,-0.004546
2025-05-01T14:15:12.080000,0.019364
2025-05-01T14:15:12.090000,0.008100
2025-05-01T14:15:12.100000,-0.004047
2025-05-01T14:15:12.110000,-0.018477
2025-05-01T14:15:12.120000,0.002008
2025-05-01T14:15:12.130000,0.018290
2025-05-01T14:15:12.140000,0.004679
2025-05-01T14:15:12.150000,0.008235
2025-05-01T14:15:12.160000,0.001969
2025-05-01T14:15:12.170000,-0.005281
2025-05-01T14:15:12.180000,-0.001059
2025-05-01T14:15:12.190000,-0.009676
2025-05-01T14:15:12.200000,0.004946
2025-05-01T14:15:12.210000,0.005777
2025-05-01T14:15:12.220000,-0.005745
2025-05-01T14:15:12.230000,0.006536
2025-05-01T14:15:12.240000,0.008304
2025-05-01T14:15:12.250000,-0.008216
2025-05-01T14:15:12.260000,-0.002984
2025-05-01T14:15:12.270000,0.017168
2025-05-01T14:15:12.280000,-0.013078
2025-05-01T14:15:12.290000,0.005924
2025-05-01T14:15:12.300000,-0.006597
2025-05-01T14:15:12.310000,-0.012253
2025-05-01T14:15:12.320000,0.001393
2025-05-01T14:15:12.330000,0.003574
2025-05-01T14:15:12.340000,-0.002537
2025-05-01T14:15:12.350000,-0.021378
2025-05-01T14:15:12.360000,0.008264
2025-05-01T14:15:12.370000,0.005917
2025-05-01T14:15:12.380000,0.012781
2025-05-01T14:15:12.390000,0.012207
2025-05-01T14:15:12.400000,-0.013388
2025-05-01T14:15:12.410000,-0.017148
2025-05-01T14:15:12.420000,-0.015674
2025-05-01T14:15:12.430000,0.006211
2025-05-01T14:15:12.440000,-0.005081
2025-05-01T14:15:12.450000,-0.011433
2025-05-01T14:15:12.460000,0.004680
2025-05-01T14:15:12.470000,-0.012557
2025-05-01T14:15:12.480000,-0.005388
2025-05-01T14:15:12.490000,0.003902
2025-05-01T14:15:12.500000,0.013641
2025-05-01T14:15:12.510000,-0.018566
2025-05-01T14:15:12.520000,-0.012181
2025-05-01T14:15:12.530000,0.000016
2025-05-01T14:15:12.540000,-0.011473
2025-05-01T14:15:12.550000,-0.005009
2025-05-01T14:15:12.560000,0.012118
2025-05-01T14:15:12.570000,0.007945
2025-05-01T14:15:12.580000,-0.002579
2025-05-01T14:15:12.590000,-0.001591
2025-05-01T14:15:12.600000,-0.005171
2025-05-01T14:15:12.610000,0.011994
2025-05-01T14:15:12.620000,-0.019926
2025-05-01T14:15:12.630000,-0.008600
2025-05-01T14:15:12.640000,0.014317
2025-05-01T14:15:12.650000,0.006106
2025-05-01T14:15:12.660000,-0.005518
2025-05-01T14:15:12.670000,-0.005177
2025-05-01T14:15:12.680000,-0.010621
2025-05-01T14:15:12.690000,-0.002123
2025-05-01T14:15:12.700000,0.001823
2025-05-01T14:15:12.710000,0.001325
2025-05-01T14:15:12.720000,-0.003980
2025-05-01T14:15:12.730000,0.018674
2025-05-01T14:15:12.740000,-0.007578
2025-05-01T14:15:12.750000,0.007277
2025-05-01T14:15:12.760000,-0.001641
2025-05-01T14:15:12.770000,0.004435
2025-05-01T14:15:12.780000,-0.000051
2025-05-01T14:15:12.790000,0.008946
2025-05-01T14:15:12.800000,0.010841
2025-05-01T14:15:12.810000,-0.004991
2025-05-01T14:15:12.820000,-0.000244
2025-05-01T14:15:12.830000,-0.008663
2025-05-01T14:15:12.840000,0.004996
2025-05-01T14:15:12.850000,-0.004161
2025-05-01T14:15:12.860000,-0.009651
2025-05-01T14:15:12.870000,-0.010496
2025-05-01T14:15:12.880000,-0.008475
2025-05-01T14:15:12.890000,0.003678
2025-05-01T14:15:12.900000,-0.011607
2025-05-01T14:15:12.910000,0.000049
2025-05-01T14:15:12.920000,0.011476
2025-05-01T14:15:12.930000,0.021775
2025-05-01T14:15:12.940000,0.010481
2025-05-01T14:15:12.950000,-0.000022
2025-05-01T14:15:12.960000,0.007079
2025-05-01T14:15:12.970000,-0.010940
2025-05-01T14:15:12.980000,0.018947
2025-05-01T14:15:12.990000,-0.006918
2025-05-01T14:15:13,0.002042
2025-05-01T14:15:13.010000,0.000190
2025-05-01T14:15:13.020000,-0.008173
2025-05-01T14:15:13.030000,0.018359
2025-05-01T14:15:13.040000,-0.011741
2025-05-01T14:15:13.050000,-0.026176
2025-05-01T14:15:13.060000,-0.013496
2025-05-01T14:15:13.070000,-0.002635
2025-05-01T14:15:13.080000,0.011555
2025-05-01T14:15:13.090000,0.010013
2025-05-01T14:15:13.100000,-0.005841
2025-05-01T14:15:13.110000,0.003661
2025-05-01T14:15:13.120000,-0.003132
2025-05-01T14:15:13.130000,0.015458
2025-05-01T14:15:13.140000,0.002554
2025-05-01T14:15:13.150000,0.018423
2025-05-01T14:15:13.160000,0.004115
2025-05-01T14:15:13.170000,-0.000484
2025-05-01T14:15:13.180000,-0.001340
2025-05-01T14:15:13.190000,-0.015158
2025-05-01T14:15:13.200000,0.005532
2025-05-01T14:15:13.210000,-0.017010
2025-05-01T14:15:13.220000,0.011943
2025-05-01T14:15:13.230000,0.022741
2025-05-01T14:15:13.240000,0.000850
2025-05-01T14:15:13.250000,-0.005144
2025-05-01T14:15:13.260000,-0.008368
2025-05-01T14:15:13.270000,-0.009972
2025-05-01T14:15:13.280000,0.009431
2025-05-01T14:15:13.290000,-0.010562
2025-05-01T14:15:13.300000,0.004138
2025-05-01T14:15:13.310000,0.005602
2025-05-01T14:15:13.320000,-0.010735
2025-05-01T14:15:13.330000,-0.003863
2025-05-01T14:15:13.340000,-0.016211
2025-05-01T14:15:13.350000,0.003777
2025-05-01T14:15:13.360000,-0.006769
2025-05-01T14:15:13.370000,-0.000722
2025-05-01T14:15:13.380000,-0.016846
2025-05-01T14:15:13.390000,-0.009104
2025-05-01T14:15:13.400000,-0.000989
2025-05-01T14:15:13.410000,-0.021667
2025-05-01T14:15:13.420000,0.004675
2025-05-01T14:15:13.430000,-0.006332
2025-05-01T14:15:13.440000,-0.005291
2025-05-01T14:15:13.450000,-0.007995
2025-05-01T14:15:13.460000,-0.011741
2025-05-01T14:15:13.470000,-0.006953
2025-05-01T14:15:13.480000,-0.006826
2025-05-01T14:15:13.490000,-0.000434
2025-05-01T14:15:13.500000,0.012217
2025-05-01T14:15:13.510000,0.008985
2025-05-01T14:15:13.520000,-0.008724
2025-05-01T14:15:13.530000,-0.009129
2025-05-01T14:15:13.540000,-0.012890
2025-05-01T14:15:13.550000,-0.004677
2025-05-01T14:15:13.560000,0.005047
2025-05-01T14:15:13.570000,-0.005386
2025-05-01T14:15:13.580000,0.012330
2025-05-01T14:15:13.590000,0.009495
2025-05-01T14:15:13.600000,-0.010719
2025-05-01T14:15:13.610000,0.014668
2025-05-01T14:15:13.620000,0.002216
2025-05-01T14:15:13.630000,-0.020642
2025-05-01T14:15:13.640000,-0.024924
2025-05-01T14:15:13.650000,0.011357
2025-05-01T14:15:13.660000,-0.011115
2025-05-01T14:15:13.670000,0.015719
2025-05-01T14:15:13.680000,-0.014587
2025-05-01T14:15:13.690000,0.000488
2025-05-01T14:15:13.700000,0.001170
2025-05-01T14:15:13.710000,0.010545
2025-05-01T14:15:13.720000,0.001260
2025-05-01T14:15:13.730000,0.002451
2025-05-01T14:15:13.740000,0.001266
2025-05-01T14:15:13.750000,0.001866
2025-05-01T14:15:13.760000,-0.016509
2025-05-01T14:15:13.770000,-0.006115
2025-05-01T14:15:13.780000,0.008781
2025-05-01T14:15:13.790000,0.015249
2025-05-01T14:15:13.800000,0.007562
2025-05-01T14:15:13.810000,-0.017480
2025-05-01T14:15:13.820000,0.005845
2025-05-01T14:15:13.830000,-0.007259
2025-05-01T14:15:13.840000,-0.014090
2025-05-01T14:15:13.850000,-0.003711
2025-05-01T14:15:13.860000,0.002244
2025-05-01T14:15:13.870000,-0.014261
2025-05-01T14:15:13.880000,0.005933
2025-05-01T14:15:13.890000,0.005655
2025-05-01T14:15:13.900000,0.005529
2025-05-01T14:15:13.910000,0.001240
2025-05-01T14:15:13.920000,0.008937
2025-05-01T14:15:13.930000,0.000446
2025-05-01T14:15:13.940000,0.014758
2025-05-01T14:15:13.950000,0.007531
2025-05-01T14:15:13.960000,-0.001433
2025-05-01T14:15:13.970000,0.002806
2025-05-01T14:15:13.980000,0.001018
2025-05-01T14:15:13.990000,0.014088
2025-05-01T14:15:14,0.004377
2025-05-01T14:15:14.010000,-0.003793
2025-05-01T14:15:14.020000,0.013966
2025-05-01T14:15:14.030000,0.012162
2025-05-01T14:15:14.040000,0.011456
2025-05-01T14:15:14.050000,0.012317
2025-05-01T14:15:14.060000,0.010380
2025-05-01T14:15:14.070000,0.008288
2025-05-01T14:15:14.080000,0.009752
2025-05-01T14:15:14.090000,-0.006227
2025-05-01T14:15:14.100000,-0.010002
2025-05-01T14:15:14.110000,0.004088
2025-05-01T14:15:14.120000,0.014333
2025-05-01T14:15:14.130000,-0.011664
2025-05-01T14:15:14.140000,-0.003794
2025-05-01T14:15:14.150000,0.001659
2025-05-01T14:15:14.160000,-0.010093
2025-05-01T14:15:14.170000,0.002060
2025-05-01T14:15:14.180000,0.012212
2025-05-01T14:15:14.190000,-0.026004
2025-05-01T14:15:14.200000,-0.010691
2025-05-01T14:15:14.210000,0.007615
2025-05-01T14:15:14.220000,-0.001979
2025-05-01T14:15:14.230000,-0.000364
2025-05-01T14:15:14.240000,-0.003686
2025-05-01T14:15:14.250000,0.000404
2025-05-01T14:15:14.260000,-0.012451
2025-05-01T14:15:14.270000,0.000271
2025-05-01T14:15:14.280000,-0.002179
2025-05-01T14:15:14.290000,-0.003024
2025-05-01T14:15:14.300000,0.001555
2025-05-01T14:15:14.310000,0.002491
2025-05-01T14:15:14.320000,0.023915
2025-05-01T14:15:14.330000,0.010546
2025-05-01T14:15:14.340000,0.003386
2025-05-01T14:15:14.350000,0.013252
2025-05-01T14:15:14.360000,0.002954
2025-05-01T14:15:14.370000,-0.006978
2025-05-01T14:15:14.380000,-0.001356
2025-05-01T14:15:14.390000,-0.006840
2025-05-01T14:15:14.400000,-0.005841
2025-05-01T14:15:14.410000,0.007724
2025-05-01T14:15:14.420000,-0.009292
2025-05-01T14:15:14.430000,-0.018856
2025-05-01T14:15:14.440000,-0.003396
2025-05-01T14:15:14.450000,0.008966
2025-05-01T14:15:14.460000,0.013651
2025-05-01T14:15:14.470000,-0.008529
2025-05-01T14:15:14.480000,-0.013506
2025-05-01T14:15:14.490000,0.002742
2025-05-01T14:15:14.500000,-0.003606
2025-05-01T14:15:14.510000,0.000338
2025-05-01T14:15:14.520000,0.001302
2025-05-01T14:15:14.530000,0.008349
2025-05-01T14:15:14.540000,-0.001641
2025-05-01T14:15:14.550000,0.000868
2025-05-01T14:15:14.560000,-0.008201
2025-05-01T14:15:14.570000,-0.004779
2025-05-01T14:15:14.580000,-0.002232
2025-05-01T14:15:14.590000,-0.027162
2025-05-01T14:15:14.600000,-0.008780
2025-05-01T14:15:14.610000,0.009071
2025-05-01T14:15:14.620000,-0.002627
2025-05-01T14:15:14.630000,-0.012827
2025-05-01T14:15:14.640000,-0.004100
2025-05-01T14:15:14.650000,0.009886
2025-05-01T14:15:14.660000,0.004356
2025-05-01T14:15:14.670000,-0.007805
2025-05-01T14:15:14.680000,-0.000842
2025-05-01T14:15:14.690000,-0.024400
2025-05-01T14:15:14.700000,-0.010764
2025-05-01T14:15:14.710000,0.008656
2025-05-01T14:15:14.720000,0.008465
2025-05-01T14:15:14.730000,-0.005378
2025-05-01T14:15:14.740000,0.015013
2025-05-01T14:15:14.750000,-0.010910
2025-05-01T14:15:14.760000,-0.004780
2025-05-01T14:15:14.770000,0.002742
2025-05-01T14:15:14.780000,-0.008024
2025-05-01T14:15:14.790000,-0.009480
2025-05-01T14:15:14.800000,0.025156
2025-05-01T14:15:14.810000,0.002543
2025-05-01T14:15:14.820000,-0.001707
2025-05-01T14:15:14.830000,-0.005710
2025-05-01T14:15:14.840000,-0.010374
2025-05-01T14:15:14.850000,-0.002476
2025-05-01T14:15:14.860000,-0.022955
2025-05-01T14:15:14.870000,0.012623
2025-05-01T14:15:14.880000,-0.002574
2025-05-01T14:15:14.890000,0.004767
2025-05-01T14:15:14.900000,0.001708
2025-05-01T14:15:14.910000,0.001319
2025-05-01T14:15:14.920000,0.000819
2025-05-01T14:15:14.930000,-0.002946
2025-05-01T14:15:14.940000,0.004741
2025-05-01T14:15:14.950000,-0.002358
2025-05-01T14:15:14.960000,-0.003170
2025-05-01T14:15:14.970000,-0.010077
2025-05-01T14:15:14.980000,0.000873
2025-05-01T14:15:14.990000,-0.007471
2025-05-01T14:15:15,-0.002761
2025-05-01T14:15:15.010000,-0.012987
2025-05-01T14:15:15.020000,-0.000250
2025-05-01T14:15:15.030000,-0.001801
2025-05-01T14:15:15.040000,0.004547
2025-05-01T14:15:15.050000,0.003130
2025-05-01T14:15:15.060000,-0.007702
2025-05-01T14:15:15.070000,0.001955
2025-05-01T14:15:15.080000,-0.000848
2025-05-01T14:15:15.090000,-0.011317
2025-05-01T14:15:15.100000,-0.005095
2025-05-01T14:15:15.110000,-0.001481
2025-05-01T14:15:15.120000,-0.007855
2025-05-01T14:15:15.130000,-0.015954
2025-05-01T14:15:15.140000,0.001078
2025-05-01T14:15:15.150000,-0.006411
2025-05-01T14:15:15.160000,0.006968
2025-05-01T14:15:15.170000,-0.001161
2025-05-01T14:15:15.180000,0.007610
2025-05-01T14:15:15.190000,-0.021416
2025-05-01T14:15:15.200000,-0.004434
2025-05-01T14:15:15.210000,0.003729
2025-05-01T14:15:15.220000,0.003146
2025-05-01T14:15:15.230000,-0.002440
2025-05-01T14:15:15.240000,-0.004235
2025-05-01T14:15:15.250000,-0.026157
2025-05-01T14:15:15.260000,-0.011974
2025-05-01T14:15:15.270000,0.001036
2025-05-01T14:15:15.280000,-0.011843
2025-05-01T14:15:15.290000,-0.005630
2025-05-01T14:15:15.300000,-0.011362
2025-05-01T14:15:15.310000,-0.003389
2025-05-01T14:15:15.320000,0.001371
2025-05-01T14:15:15.330000,0.006681
2025-05-01T14:15:15.340000,-0.009980
2025-05-01T14:15:15.350000,0.019637
2025-05-01T14:15:15.360000,0.000984
2025-05-01T14:15:15.370000,0.006393
2025-05-01T14:15:15.380000,0.004654
2025-05-01T14:15:15.390000,0.007703
2025-05-01T14:15:15.400000,0.000912
2025-05-01T14:15:15.410000,-0.003547
2025-05-01T14:15:15.420000,0.029453
2025-05-01T14:15:15.430000,-0.017524
2025-05-01T14:15:15.440000,0.007397
2025-05-01T14:15:15.450000,0.008288
2025-05-01T14:15:15.460000,-0.000316
2025-05-01T14:15:15.470000,0.004398
2025-05-01T14:15:15.480000,0.002636
2025-05-01T14:15:15.490000,0.002168
2025-05-01T14:15:15.500000,0.026006
2025-05-01T14:15:15.510000,-0.009901
2025-05-01T14:15:15.520000,0.013955
2025-05-01T14:15:15.530000,-0.011226
2025-05-01T14:15:15.540000,-0.002258
2025-05-01T14:15:15.550000,-0.000144
2025-05-01T14:15:15.560000,-0.000239
2025-05-01T14:15:15.570000,0.010747
2025-05-01T14:15:15.580000,0.007634
2025-05-01T14:15:15.590000,0.010234
2025-05-01T14:15:15.600000,0.001318
2025-05-01T14:15:15.610000,0.007288
2025-05-01T14:15:15.620000,0.006832
2025-05-01T14:15:15.630000,-0.011516
2025-05-01T14:15:15.640000,-0.001516
2025-05-01T14:15:15.650000,0.013544
2025-05-01T14:15:15.660000,-0.012826
2025-05-01T14:15:15.670000,0.008231
2025-05-01T14:15:15.680000,0.001737
2025-05-01T14:15:15.690000,-0.006847
2025-05-01T14:15:15.700000,0.006138
2025-05-01T14:15:15.710000,0.006527
2025-05-01T14:15:15.720000,0.019213
2025-05-01T14:15:15.730000,-0.000323
2025-05-01T14:15:15.740000,-0.018463
2025-05-01T14:15:15.750000,0.005163
2025-05-01T14:15:15.760000,-0.010278
2025-05-01T14:15:15.770000,-0.009247
2025-05-01T14:15:15.780000,-0.005944
2025-05-01T14:15:15.790000,-0.002736
2025-05-01T14:15:15.800000,0.012173
2025-05-01T14:15:15.810000,-0.017704
2025-05-01T14:15:15.820000,-0.012085
2025-05-01T14:15:15.830000,0.012683
2025-05-01T14:15:15.840000,0.005116
2025-05-01T14:15:15.850000,0.000064
2025-05-01T14:15:15.860000,0.017963
2025-05-01T14:15:15.870000,0.016321
2025-05-01T14:15:15.880000,0.011422
2025-05-01T14:15:15.890000,0.005573
2025-05-01T14:15:15.900000,-0.009788
2025-05-01T14:15:15.910000,-0.019290
2025-05-01T14:15:15.920000,0.004301
2025-05-01T14:15:15.930000,-0.011084
2025-05-01T14:15:15.940000,-0.000517
2025-05-01T14:15:15.950000,0.007986
2025-05-01T14:15:15.960000,0.002658
2025-05-01T14:15:15.970000,-0.017342
2025-05-01T14:15:15.980000,-0.008694
2025-05-01T14:15:15.990000,-0.006557
2025-05-01T14:15:16,-0.006723
2025-05-01T14:15:16.010000,0.008940
2025-05-01T14:15:16.020000,0.005690
2025-05-01T14:15:16.030000,0.004975
2025-05-01T14:15:16.040000,-0.001549
2025-05-01T14:15:16.050000,-0.006824
2025-05-01T14:15:16.060000,-0.007954
2025-05-01T14:15:16.070000,0.002642
2025-05-01T14:15:16.080000,0.014361
2025-05-01T14:15:16.090000,0.009445
2025-05-01T14:15:16.100000,-0.007395
2025-05-01T14:15:16.110000,0.002205
2025-05-01T14:15:16.120000,0.000860
2025-05-01T14:15:16.130000,-0.013255
2025-05-01T14:15:16.140000,-0.006011
2025-05-01T14:15:16.150000,-0.004088
2025-05-01T14:15:16.160000,0.011075
2025-05-01T14:15:16.170000,-0.006904
2025-05-01T14:15:16.180000,-0.001020
2025-05-01T14:15:16.190000,-0.017643
2025-05-01T14:15:16.200000,-0.013016
2025-05-01T14:15:16.210000,0.021041
2025-05-01T14:15:16.220000,-0.017440
2025-05-01T14:15:16.230000,0.017130
2025-05-01T14:15:16.240000,-0.010931
2025-05-01T14:15:16.250000,-0.002702
2025-05-01T14:15:16.260000,0.002613
2025-05-01T14:15:16.270000,-0.008787
2025-05-01T14:15:16.280000,0.008298
2025-05-01T14:15:16.290000,-0.002946
2025-05-01T14:15:16.300000,-0.004444
2025-05-01T14:15:16.310000,0.009982
2025-05-01T14:15:16.320000,-0.013911
2025-05-01T14:15:16.330000,-0.016355
2025-05-01T14:15:16.340000,-0.013937
2025-05-01T14:15:16.350000,0.010548
2025-05-01T14:15:16.360000,0.000457
2025-05-01T14:15:16.370000,0.011348
2025-05-01T14:15:16.380000,0.002032
2025-05-01T14:15:16.390000,-0.005537
2025-05-01T14:15:16.400000,0.003603
2025-05-01T14:15:16.410000,-0.019985
2025-05-01T14:15:16.420000,0.004182
2025-05-01T14:15:16.430000,-0.004752
2025-05-01T14:15:16.440000,-0.006324
2025-05-01T14:15:16.450000,0.002675
2025-05-01T14:15:16.460000,-0.006341
2025-05-01T14:15:16.470000,-0.004522
2025-05-01T14:15:16.480000,0.000321
2025-05-01T14:15:16.490000,0.000420
2025-05-01T14:15:16.500000,0.001762
2025-05-01T14:15:16.510000,0.005219
2025-05-01T14:15:16.520000,-0.007408
2025-05-01T14:15:16.530000,0.004254
2025-05-01T14:15:16.540000,-0.013807
2025-05-01T14:15:16.550000,-0.001541
2025-05-01T14:15:16.560000,-0.007796
2025-05-01T14:15:16.570000,-0.010505
2025-05-01T14:15:16.580000,-0.003264
2025-05-01T14:15:16.590000,0.002945
2025-05-01T14:15:16.600000,0.012382
2025-05-01T14:15:16.610000,0.004853
2025-05-01T14:15:16.620000,0.000892
2025-05-01T14:15:16.630000,0.006236
2025-05-01T14:15:16.640000,0.023638
2025-05-01T14:15:16.650000,0.009420
2025-05-01T14:15:16.660000,0.007917
2025-05-01T14:15:16.670000,-0.006696
2025-05-01T14:15:16.680000,-0.007950
2025-05-01T14:15:16.690000,-0.002684
2025-05-01T14:15:16.700000,0.025348
2025-05-01T14:15:16.710000,-0.004473
2025-05-01T14:15:16.720000,0.001527
2025-05-01T14:15:16.730000,-0.020269
2025-05-01T14:15:16.740000,0.011333
2025-05-01T14:15:16.750000,0.009817
2025-05-01T14:15:16.760000,-0.002694
2025-05-01T14:15:16.770000,-0.008233
2025-05-01T14:15:16.780000,0.006373
2025-05-01T14:15:16.790000,0.001858
2025-05-01T14:15:16.800000,-0.018940
2025-05-01T14:15:16.810000,-0.015549
2025-05-01T14:15:16.820000,0.011933
2025-05-01T14:15:16.830000,0.008504
2025-05-01T14:15:16.840000,-0.008353
2025-05-01T14:15:16.850000,-0.010124
2025-05-01T14:15:16.860000,-0.003337
2025-05-01T14:15:16.870000,0.011974
2025-05-01T14:15:16.880000,-0.001824
2025-05-01T14:15:16.890000,-0.008641
2025-05-01T14:15:16.900000,0.005418
2025-05-01T14:15:16.910000,0.006112
2025-05-01T14:15:16.920000,0.007755
2025-05-01T14:15:16.930000,-0.006007
2025-05-01T14:15:16.940000,-0.015020
2025-05-01T14:15:16.950000,0.019173
2025-05-01T14:15:16.960000,0.009432
2025-05-01T14:15:16.970000,0.020673
2025-05-01T14:15:16.980000,-0.019176
2025-05-01T14:15:16.990000,-0.006695
2025-05-01T14:15:17,0.001885
2025-05-01T14:15:17.010000,-0.005475
2025-05-01T14:15:17.020000,-0.001055
2025-05-01T14:15:17.030000,-0.014614
2025-05-01T14:15:17.040000,0.002922
2025-05-01T14:15:17.050000,0.006798
2025-05-01T14:15:17.060000,0.012774
2025-05-01T14:15:17.070000,0.002747
2025-05-01T14:15:17.080000,-0.007355
2025-05-01T14:15:17.090000,0.013871
2025-05-01T14:15:17.100000,-0.011224
2025-05-01T14:15:17.110000,0.005099
2025-05-01T14:15:17.120000,-0.000408
2025-05-01T14:15:17.130000,-0.013386
2025-05-01T14:15:17.140000,0.000625
2025-05-01T14:15:17.150000,-0.002076
2025-05-01T14:15:17.160000,0.010866
2025-05-01T14:15:17.170000,0.022013
2025-05-01T14:15:17.180000,-0.005463
2025-05-01T14:15:17.190000,-0.001029
2025-05-01T14:15:17.200000,-0.008667
2025-05-01T14:15:17.210000,0.005230
2025-05-01T14:15:17.220000,-0.002900
2025-05-01T14:15:17.230000,-0.004825
2025-05-01T14:15:17.240000,0.012483
2025-05-01T14:15:17.250000,-0.023907
2025-05-01T14:15:17.260000,0.014327
2025-05-01T14:15:17.270000,0.000766
2025-05-01T14:15:17.280000,-0.001460
2025-05-01T14:15:17.290000,-0.010983
2025-05-01T14:15:17.300000,-0.003939
2025-05-01T14:15:17.310000,0.010176
2025-05-01T14:15:17.320000,-0.011555
2025-05-01T14:15:17.330000,-0.010222
2025-05-01T14:15:17.340000,-0.009596
2025-05-01T14:15:17.350000,-0.020702
2025-05-01T14:15:17.360000,0.022771
2025-05-01T14:15:17.370000,0.003020
2025-05-01T14:15:17.380000,-0.001129
2025-05-01T14:15:17.390000,-0.011053
2025-05-01T14:15:17.400000,-0.005305
2025-05-01T14:15:17.410000,-0.009266
2025-05-01T14:15:17.420000,0.000621
2025-05-01T14:15:17.430000,-0.013156
2025-05-01T14:15:17.440000,0.002123
2025-05-01T14:15:17.450000,0.002521
2025-05-01T14:15:17.460000,-0.007695
2025-05-01T14:15:17.470000,0.006164
2025-05-01T14:15:17.480000,-0.002221
2025-05-01T14:15:17.490000,-0.003520
2025-05-01T14:15:17.500000,-0.004167
2025-05-01T14:15:17.510000,0.008108
2025-05-01T14:15:17.520000,0.007245
2025-05-01T14:15:17.530000,-0.000203
2025-05-01T14:15:17.540000,-0.006966
2025-05-01T14:15:17.550000,0.008792
2025-05-01T14:15:17.560000,0.010142
2025-05-01T14:15:17.570000,0.007025
2025-05-01T14:15:17.580000,-0.014475
2025-05-01T14:15:17.590000,-0.001172
2025-05-01T14:15:17.600000,-0.005309
2025-05-01T14:15:17.610000,-0.008171
2025-05-01T14:15:17.620000,0.006596
2025-05-01T14:15:17.630000,0.007638
2025-05-01T14:15:17.640000,-0.006967
2025-05-01T14:15:17.650000,0.005631
2025-05-01T14:15:17.660000,0.019000
2025-05-01T14:15:17.670000,-0.003144
2025-05-01T14:15:17.680000,-0.018430
2025-05-01T14:15:17.690000,-0.003387
2025-05-01T14:15:17.700000,0.005585
2025-05-01T14:15:17.710000,-0.014127
2025-05-01T14:15:17.720000,-0.011656
2025-05-01T14:15:17.730000,-0.004776
2025-05-01T14:15:17.740000,-0.003136
2025-05-01T14:15:17.750000,-0.005685
2025-05-01T14:15:17.760000,0.008700
2025-05-01T14:15:17.770000,0.001139
2025-05-01T14:15:17.780000,0.021396
2025-05-01T14:15:17.790000,-0.005453
2025-05-01T14:15:17.800000,0.010300
2025-05-01T14:15:17.810000,0.020852
2025-05-01T14:15:17.820000,-0.002220
2025-05-01T14:15:17.830000,-0.000273
2025-05-01T14:15:17.840000,0.009780
2025-05-01T14:15:17.850000,-0.002298
2025-05-01T14:15:17.860000,0.018951
2025-05-01T14:15:17.870000,-0.000930
2025-05-01T14:15:17.880000,0.006163
2025-05-01T14:15:17.890000,0.013835
2025-05-01T14:15:17.900000,0.013390
2025-05-01T14:15:17.910000,0.005259
2025-05-01T14:15:17.920000,0.002835
2025-05-01T14:15:17.930000,0.014421
2025-05-01T14:15:17.940000,0.016164
2025-05-01T14:15:17.950000,0.026381
2025-05-01T14:15:17.960000,0.005991
2025-05-01T14:15:17.970000,0.007238
2025-05-01T14:15:17.980000,0.001929
2025-05-01T14:15:17.990000,0.015744
2025-05-01T14:15:18,-0.012204
2025-05-01T14:15:18.010000,0.019390
2025-05-01T14:15:18.020000,-0.004768
2025-05-01T14:15:18.030000,-0.003730
2025-05-01T14:15:18.040000,0.002990
2025-05-01T14:15:18.050000,-0.001704
2025-05-01T14:15:18.060000,-0.006837
2025-05-01T14:15:18.070000,0.017443
2025-05-01T14:15:18.080000,-0.011686
2025-05-01T14:15:18.090000,-0.017389
2025-05-01T14:15:18.100000,0.012916
2025-05-01T14:15:18.110000,-0.010991
2025-05-01T14:15:18.120000,0.012166
2025-05-01T14:15:18.130000,-0.001244
2025-05-01T14:15:18.140000,0.002192
2025-05-01T14:15:18.150000,-0.011488
2025-05-01T14:15:18.160000,0.000784
2025-05-01T14:15:18.170000,-0.000764
2025-05-01T14:15:18.180000,0.007878
2025-05-01T14:15:18.190000,-0.005416
2025-05-01T14:15:18.200000,0.009963
2025-05-01T14:15:18.210000,-0.005653
2025-05-01T14:15:18.220000,0.000440
2025-05-01T14:15:18.230000,0.019432
2025-05-01T14:15:18.240000,-0.015350
2025-05-01T14:15:18.250000,-0.013940
2025-05-01T14:15:18.260000,0.003429
2025-05-01T14:15:18.270000,-0.017196
2025-05-01T14:15:18.280000,0.010217
2025-05-01T14:15:18.290000,-0.004203
2025-05-01T14:15:18.300000,-0.004117
2025-05-01T14:15:18.310000,-0.000749
2025-05-01T14:15:18.320000,0.001575
2025-05-01T14:15:18.330000,-0.010627
2025-05-01T14:15:18.340000,0.011576
2025-05-01T14:15:18.350000,0.009528
2025-05-01T14:15:18.360000,0.004600
2025-05-01T14:15:18.370000,-0.001759
2025-05-01T14:15:18.380000,0.004781
2025-05-01T14:15:18.390000,0.009783
2025-05-01T14:15:18.400000,-0.007675
2025-05-01T14:15:18.410000,0.006523
2025-05-01T14:15:18.420000,0.002977
2025-05-01T14:15:18.430000,-0.008179
2025-05-01T14:15:18.440000,-0.004428
2025-05-01T14:15:18.450000,0.015343
2025-05-01T14:15:18.460000,0.016349
2025-05-01T14:15:18.470000,0.009329
2025-05-01T14:15:18.480000,-0.015009
2025-05-01T14:15:18.490000,0.004209
2025-05-01T14:15:18.500000,0.013426
2025-05-01T14:15:18.510000,0.015157
2025-05-01T14:15:18.520000,0.009294
2025-05-01T14:15:18.530000,-0.007108
2025-05-01T14:15:18.540000,0.003031
2025-05-01T14:15:18.550000,0.013323
2025-05-01T14:15:18.560000,-0.004367
2025-05-01T14:15:18.570000,-0.006029
2025-05-01T14:15:18.580000,0.009460
2025-05-01T14:15:18.590000,0.006299
2025-05-01T14:15:18.600000,-0.004734
2025-05-01T14:15:18.610000,0.004886
2025-05-01T14:15:18.620000,-0.003062
2025-05-01T14:15:18.630000,0.003826
2025-05-01T14:15:18.640000,-0.009780
2025-05-01T14:15:18.650000,0.008229
2025-05-01T14:15:18.660000,0.001452
2025-05-01T14:15:18.670000,0.012126
2025-05-01T14:15:18.680000,0.009286
2025-05-01T14:15:18.690000,0.000333
2025-05-01T14:15:18.700000,0.008907
2025-05-01T14:15:18.710000,-0.011248
2025-05-01T14:15:18.720000,0.004027
2025-05-01T14:15:18.730000,0.008621
2025-05-01T14:15:18.740000,-0.001261
2025-05-01T14:15:18.750000,-0.007282
2025-05-01T14:15:18.760000,-0.005263
2025-05-01T14:15:18.770000,0.018880
2025-05-01T14:15:18.780000,0.014494
2025-05-01T14:15:18.790000,-0.011568
2025-05-01T14:15:18.800000,0.007265
2025-05-01T14:15:18.810000,-0.005665
2025-05-01T14:15:18.820000,-0.003764
2025-05-01T14:15:18.830000,0.001259
2025-05-01T14:15:18.840000,0.007082
2025-05-01T14:15:18.850000,0.011841
2025-05-01T14:15:18.860000,-0.001572
2025-05-01T14:15:18.870000,-0.012881
2025-05-01T14:15:18.880000,-0.003500
2025-05-01T14:15:18.890000,0.008127
2025-05-01T14:15:18.900000,0.001426
2025-05-01T14:15:18.910000,-0.006892
2025-05-01T14:15:18.920000,-0.009373
2025-05-01T14:15:18.930000,-0.003871
2025-05-01T14:15:18.940000,0.011725
2025-05-01T14:15:18.950000,-0.001260
2025-05-01T14:15:18.960000,0.015196
2025-05-01T14:15:18.970000,-0.000225
2025-05-01T14:15:18.980000,-0.008874
2025-05-01T14:15:18.990000,0.008458
2025-05-01T14:15:19,0.002554
2025-05-01T14:15:19.010000,0.001830
2025-05-01T14:15:19.020000,0.006451
2025-05-01T14:15:19.030000,-0.003337
2025-05-01T14:15:19.040000,0.017657
2025-05-01T14:15:19.050000,-0.010881
2025-05-01T14:15:19.060000,0.008198
2025-05-01T14:15:19.070000,0.008549
2025-05-01T14:15:19.080000,0.004208
2025-05-01T14:15:19.090000,0.001781
2025-05-01T14:15:19.100000,-0.007526
2025-05-01T14:15:19.110000,0.019404
2025-05-01T14:15:19.120000,-0.012279
2025-05-01T14:15:19.130000,0.003738
2025-05-01T14:15:19.140000,0.007120
2025-05-01T14:15:19.150000,-0.005117
2025-05-01T14:15:19.160000,0.002405
2025-05-01T14:15:19.170000,0.001023
2025-05-01T14:15:19.180000,0.003091
2025-05-01T14:15:19.190000,0.011909
2025-05-01T14:15:19.200000,0.005920
2025-05-01T14:15:19.210000,0.016123
2025-05-01T14:15:19.220000,0.004494
2025-05-01T14:15:19.230000,0.004839
2025-05-01T14:15:19.240000,0.000323
2025-05-01T14:15:19.250000,-0.018338
2025-05-01T14:15:19.260000,-0.000067
2025-05-01T14:15:19.270000,0.005592
2025-05-01T14:15:19.280000,-0.002701
2025-05-01T14:15:19.290000,0.003505
2025-05-01T14:15:19.300000,0.017703
2025-05-01T14:15:19.310000,0.003408
2025-05-01T14:15:19.320000,-0.001402
2025-05-01T14:15:19.330000,-0.001090
2025-05-01T14:15:19.340000,-0.007485
2025-05-01T14:15:19.350000,-0.003906
2025-05-01T14:15:19.360000,0.000860
2025-05-01T14:15:19.370000,-0.010825
2025-05-01T14:15:19.380000,0.001137
2025-05-01T14:15:19.390000,-0.004127
2025-05-01T14:15:19.400000,-0.015256
2025-05-01T14:15:19.410000,-0.001746
2025-05-01T14:15:19.420000,0.005649
2025-05-01T14:15:19.430000,0.007934
2025-05-01T14:15:19.440000,-0.006337
2025-05-01T14:15:19.450000,-0.000982
2025-05-01T14:15:19.460000,-0.008142
2025-05-01T14:15:19.470000,0.013986
2025-05-01T14:15:19.480000,-0.009961
2025-05-01T14:15:19.490000,-0.009219
2025-05-01T14:15:19.500000,0.001684
2025-05-01T14:15:19.510000,0.008433
2025-05-01T14:15:19.520000,-0.000463
2025-05-01T14:15:19.530000,-0.002450
2025-05-01T14:15:19.540000,-0.018860
2025-05-01T14:15:19.550000,-0.023398
2025-05-01T14:15:19.560000,0.003024
2025-05-01T14:15:19.570000,-0.001879
2025-05-01T14:15:19.580000,0.009235
2025-05-01T14:15:19.590000,0.011819
2025-05-01T14:15:19.600000,-0.009677
2025-05-01T14:15:19.610000,-0.011842
2025-05-01T14:15:19.620000,0.002065
2025-05-01T14:15:19.630000,-0.012459
2025-05-01T14:15:19.640000,-0.008207
2025-05-01T14:15:19.650000,-0.003926
2025-05-01T14:15:19.660000,0.002908
2025-05-01T14:15:19.670000,-0.005259
2025-05-01T14:15:19.680000,0.003243
2025-05-01T14:15:19.690000,-0.005219
2025-05-01T14:15:19.700000,-0.011340
2025-05-01T14:15:19.710000,-0.007065
2025-05-01T14:15:19.720000,-0.002840
2025-05-01T14:15:19.730000,-0.003228
2025-05-01T14:15:19.740000,0.001880
2025-05-01T14:15:19.750000,-0.004071
2025-05-01T14:15:19.760000,0.002475
2025-05-01T14:15:19.770000,0.002836
2025-05-01T14:15:19.780000,0.000353
2025-05-01T14:15:19.790000,-0.008765
2025-05-01T14:15:19.800000,0.016137
2025-05-01T14:15:19.810000,0.008729
2025-05-01T14:15:19.820000,0.009829
2025-05-01T14:15:19.830000,0.000636
2025-05-01T14:15:19.840000,-0.000672
2025-05-01T14:15:19.850000,0.006168
2025-05-01T14:15:19.860000,-0.015499
2025-05-01T14:15:19.870000,0.014110
2025-05-01T14:15:19.880000,-0.003670
2025-05-01T14:15:19.890000,-0.000925
2025-05-01T14:15:19.900000,0.002598
2025-05-01T14:15:19.910000,-0.009456
2025-05-01T14:15:19.920000,0.011331
2025-05-01T14:15:19.930000,-0.007092
2025-05-01T14:15:19.940000,0.004600
2025-05-01T14:15:19.950000,-0.000245
2025-05-01T14:15:19.960000,0.015232
2025-05-01T14:15:19.970000,0.005907
2025-05-01T14:15:19.980000,-0.001121
2025-05-01T14:15:19.990000,-0.001495
2025-05-01T14:15:20,0.002619
2025-05-01T14:15:20.010000,-0.004169
2025-05-01T14:15:20.020000,0.002331
2025-05-01T14:15:20.030000,0.000159
2025-05-01T14:15:20.040000,-0.003080
2025-05-01T14:15:20.050000,-0.013621
2025-05-01T14:15:20.060000,0.010202
2025-05-01T14:15:20.070000,-0.010957
2025-05-01T14:15:20.080000,0.005324
2025-05-01T14:15:20.090000,-0.005889
2025-05-01T14:15:20.100000,-0.005927
2025-05-01T14:15:20.110000,-0.008732
2025-05-01T14:15:20.120000,0.005974
2025-05-01T14:15:20.130000,0.007490
2025-05-01T14:15:20.140000,-0.018574
2025-05-01T14:15:20.150000,0.003630
2025-05-01T14:15:20.160000,0.002853
2025-05-01T14:15:20.170000,0.005009
2025-05-01T14:15:20.180000,0.009059
2025-05-01T14:15:20.190000,-0.016578
2025-05-01T14:15:20.200000,0.004474
2025-05-01T14:15:20.210000,-0.006387
2025-05-01T14:15:20.220000,0.000150
2025-05-01T14:15:20.230000,0.008452
2025-05-01T14:15:20.240000,0.001763
2025-05-01T14:15:20.250000,-0.006271
2025-05-01T14:15:20.260000,0.001987
2025-05-01T14:15:20.270000,0.009193
2025-05-01T14:15:20.280000,-0.008861
2025-05-01T14:15:20.290000,-0.004485
2025-05-01T14:15:20.300000,-0.008662
2025-05-01T14:15:20.310000,-0.009735
2025-05-01T14:15:20.320000,-0.004964
2025-05-01T14:15:20.330000,0.000925
2025-05-01T14:15:20.340000,0.012133
2025-05-01T14:15:20.350000,0.005266
2025-05-01T14:15:20.360000,-0.026570
2025-05-01T14:15:20.370000,0.003760
2025-05-01T14:15:20.380000,0.023483
2025-05-01T14:15:20.390000,0.001896
2025-05-01T14:15:20.400000,0.011989
2025-05-01T14:15:20.410000,0.008995
2025-05-01T14:15:20.420000,-0.017000
2025-05-01T14:15:20.430000,-0.004997
2025-05-01T14:15:20.440000,-0.003036
2025-05-01T14:15:20.450000,0.022828
2025-05-01T14:15:20.460000,-0.006109
2025-05-01T14:15:20.470000,0.008160
2025-05-01T14:15:20.480000,-0.005533
2025-05-01T14:15:20.490000,0.017832
2025-05-01T14:15:20.500000,0.010258
2025-05-01T14:15:20.510000,-0.009691
2025-05-01T14:15:20.520000,-0.000068
2025-05-01T14:15:20.530000,-0.011372
2025-05-01T14:15:20.540000,-0.005338
2025-05-01T14:15:20.550000,-0.009489
2025-05-01T14:15:20.560000,-0.002066
2025-05-01T14:15:20.570000,0.000475
2025-05-01T14:15:20.580000,0.001105
2025-05-01T14:15:20.590000,-0.014036
2025-05-01T14:15:20.600000,0.003295
2025-05-01T14:15:20.610000,-0.012663
2025-05-01T14:15:20.620000,0.001611
2025-05-01T14:15:20.630000,0.004004
2025-05-01T14:15:20.640000,0.012071
2025-05-01T14:15:20.650000,-0.009649
2025-05-01T14:15:20.660000,0.005122
2025-05-01T14:15:20.670000,0.016301
2025-05-01T14:15:20.680000,-0.012051
2025-05-01T14:15:20.690000,-0.013294
2025-05-01T14:15:20.700000,0.006670
2025-05-01T14:15:20.710000,0.003547
2025-05-01T14:15:20.720000,-0.009130
2025-05-01T14:15:20.730000,0.008433
2025-05-01T14:15:20.740000,0.012429
2025-05-01T14:15:20.750000,0.004030
2025-05-01T14:15:20.760000,0.007722
2025-05-01T14:15:20.770000,-0.005390
2025-05-01T14:15:20.780000,-0.007093
2025-05-01T14:15:20.790000,0.011720
2025-05-01T14:15:20.800000,0.009472
2025-05-01T14:15:20.810000,0.007992
2025-05-01T14:15:20.820000,0.009761
2025-05-01T14:15:20.830000,-0.005240
2025-05-01T14:15:20.840000,-0.005288
2025-05-01T14:15:20.850000,-0.001901
2025-05-01T14:15:20.860000,0.006755
2025-05-01T14:15:20.870000,0.010034
2025-05-01T14:15:20.880000,0.001067
2025-05-01T14:15:20.890000,-0.000123
2025-05-01T14:15:20.900000,0.009248
2025-05-01T14:15:20.910000,0.015008
2025-05-01T14:15:20.920000,-0.014311
2025-05-01T14:15:20.930000,-0.004310
2025-05-01T14:15:20.940000,-0.008724
2025-05-01T14:15:20.950000,-0.003407
2025-05-01T14:15:20.960000,-0.002641
2025-05-01T14:15:20.970000,-0.008202
2025-05-01T14:15:20.980000,0.009571
2025-05-01T14:15:20.990000,0.005637
2025-05-01T14:15:21,-0.005123
2025-05-01T14:15:21.010000,-0.011861
2025-05-01T14:15:21.020000,0.011479
2025-05-01T14:15:21.030000,-0.005481
2025-05-01T14:15:21.040000,-0.000239
2025-05-01T14:15:21.050000,-0.001544
2025-05-01T14:15:21.060000,0.009698
2025-05-01T14:15:21.070000,0.007262
2025-05-01T14:15:21.080000,0.010984
2025-05-01T14:15:21.090000,-0.005082
2025-05-01T14:15:21.100000,0.007750
2025-05-01T14:15:21.110000,-0.007718
2025-05-01T14:15:21.120000,0.000454
2025-05-01T14:15:21.130000,0.003903
2025-05-01T14:15:21.140000,0.010872
2025-05-01T14:15:21.150000,-0.002315
2025-05-01T14:15:21.160000,-0.004264
2025-05-01T14:15:21.170000,-0.000809
2025-05-01T14:15:21.180000,0.007257
2025-05-01T14:15:21.190000,-0.016280
2025-05-01T14:15:21.200000,-0.000612
2025-05-01T14:15:21.210000,-0.013436
2025-05-01T14:15:21.220000,-0.010378
2025-05-01T14:15:21.230000,0.023965
2025-05-01T14:15:21.240000,-0.001316
2025-05-01T14:15:21.250000,-0.003931
2025-05-01T14:15:21.260000,0.013148
2025-05-01T14:15:21.270000,0.000142
2025-05-01T14:15:21.280000,0.001622
2025-05-01T14:15:21.290000,-0.006043
2025-05-01T14:15:21.300000,0.006702
2025-05-01T14:15:21.310000,0.008605
2025-05-01T14:15:21.320000,0.003921
2025-05-01T14:15:21.330000,0.004190
2025-05-01T14:15:21.340000,0.003522
2025-05-01T14:15:21.350000,0.014409
2025-05-01T14:15:21.360000,-0.000905
2025-05-01T14:15:21.370000,-0.033721
2025-05-01T14:15:21.380000,-0.019205
2025-05-01T14:15:21.390000,0.018121
2025-05-01T14:15:21.400000,-0.009961
2025-05-01T14:15:21.410000,0.006327
2025-05-01T14:15:21.420000,-0.009495
2025-05-01T14:15:21.430000,0.014837
2025-05-01T14:15:21.440000,0.006788
2025-05-01T14:15:21.450000,-0.007820
2025-05-01T14:15:21.460000,-0.002779
2025-05-01T14:15:21.470000,-0.001108
2025-05-01T14:15:21.480000,0.009565
2025-05-01T14:15:21.490000,0.001650
2025-05-01T14:15:21.500000,0.002043
2025-05-01T14:15:21.510000,-0.001427
2025-05-01T14:15:21.520000,0.015391
2025-05-01T14:15:21.530000,0.005500
2025-05-01T14:15:21.540000,-0.004366
2025-05-01T14:15:21.550000,-0.017228
2025-05-01T14:15:21.560000,0.002904
2025-05-01T14:15:21.570000,-0.011169
2025-05-01T14:15:21.580000,0.006670
2025-05-01T14:15:21.590000,0.002251
2025-05-01T14:15:21.600000,-0.010446
2025-05-01T14:15:21.610000,-0.014139
2025-05-01T14:15:21.620000,0.002567
2025-05-01T14:15:21.630000,-0.006084
2025-05-01T14:15:21.640000,-0.021179
2025-05-01T14:15:21.650000,-0.011265
2025-05-01T14:15:21.660000,0.005191
2025-05-01T14:15:21.670000,-0.005586
2025-05-01T14:15:21.680000,-0.018229
2025-05-01T14:15:21.690000,0.008799
2025-05-01T14:15:21.700000,0.003965
2025-05-01T14:15:21.710000,-0.009413
2025-05-01T14:15:21.720000,-0.000377
2025-05-01T14:15:21.730000,-0.005220
2025-05-01T14:15:21.740000,-0.014792
2025-05-01T14:15:21.750000,-0.010784
2025-05-01T14:15:21.760000,0.004359
2025-05-01T14:15:21.770000,-0.007352
2025-05-01T14:15:21.780000,0.002423
2025-05-01T14:15:21.790000,0.002996
2025-05-01T14:15:21.800000,-0.008509
2025-05-01T14:15:21.810000,-0.003674
2025-05-01T14:15:21.820000,0.011981
2025-05-01T14:15:21.830000,0.016594
2025-05-01T14:15:21.840000,0.006739
2025-05-01T14:15:21.850000,-0.007281
2025-05-01T14:15:21.860000,-0.014474
2025-05-01T14:15:21.870000,0.002343
2025-05-01T14:15:21.880000,-0.006447
2025-05-01T14:15:21.890000,-0.007404
2025-05-01T14:15:21.900000,-0.000422
2025-05-01T14:15:21.910000,0.005824
2025-05-01T14:15:21.920000,-0.004880
2025-05-01T14:15:21.930000,0.018118
2025-05-01T14:15:21.940000,0.016495
2025-05-01T14:15:21.950000,-0.012845
2025-05-01T14:15:21.960000,-0.005059
2025-05-01T14:15:21.970000,0.004282
2025-05-01T14:15:21.980000,-0.013756
2025-05-01T14:15:21.990000,0.009498
2025-05-01T14:15:22,-0.000500
2025-05-01T14:15:22.010000,-0.017512
2025-05-01T14:15:22.020000,0.007033
2025-05-01T14:15:22.030000,0.001331
2025-05-01T14:15:22.040000,-0.010004
2025-05-01T14:15:22.050000,0.020351
2025-05-01T14:15:22.060000,-0.004510
2025-05-01T14:15:22.070000,0.011561
2025-05-01T14:15:22.080000,-0.002114
2025-05-01T14:15:22.090000,-0.003603
2025-05-01T14:15:22.100000,-0.006611
2025-05-01T14:15:22.110000,0.020246
2025-05-01T14:15:22.120000,0.002489
2025-05-01T14:15:22.130000,0.000286
2025-05-01T14:15:22.140000,-0.011788
2025-05-01T14:15:22.150000,-0.006869
2025-05-01T14:15:22.160000,-0.000607
2025-05-01T14:15:22.170000,-0.016339
2025-05-01T14:15:22.180000,0.007530
2025-05-01T14:15:22.190000,-0.010733
2025-05-01T14:15:22.200000,0.004435
2025-05-01T14:15:22.210000,-0.038155
2025-05-01T14:15:22.220000,-0.001441
2025-05-01T14:15:22.230000,-0.006878
2025-05-01T14:15:22.240000,0.008597
2025-05-01T14:15:22.250000,0.003590
2025-05-01T14:15:22.260000,-0.003836
2025-05-01T14:15:22.270000,0.019628
2025-05-01T14:15:22.280000,-0.006858
2025-05-01T14:15:22.290000,-0.003165
2025-05-01T14:15:22.300000,-0.004053
2025-05-01T14:15:22.310000,0.014550
2025-05-01T14:15:22.320000,0.023351
2025-05-01T14:15:22.330000,-0.007497
2025-05-01T14:15:22.340000,0.004903
2025-05-01T14:15:22.350000,0.009762
2025-05-01T14:15:22.360000,-0.017372
2025-05-01T14:15:22.370000,0.002903
2025-05-01T14:15:22.380000,0.007855
2025-05-01T14:15:22.390000,0.014068
2025-05-01T14:15:22.400000,-0.015324
2025-05-01T14:15:22.410000,-0.000212
2025-05-01T14:15:22.420000,0.004287
2025-05-01T14:15:22.430000,0.009222
2025-05-01T14:15:22.440000,0.019522
2025-05-01T14:15:22.450000,-0.002762
2025-05-01T14:15:22.460000,-0.001206
2025-05-01T14:15:22.470000,0.016204
2025-05-01T14:15:22.480000,-0.013615
2025-05-01T14:15:22.490000,0.004276
2025-05-01T14:15:22.500000,-0.002200
2025-05-01T14:15:22.510000,0.011771
2025-05-01T14:15:22.520000,0.013400
2025-05-01T14:15:22.530000,-0.013208
2025-05-01T14:15:22.540000,-0.005386
2025-05-01T14:15:22.550000,0.013232
2025-05-01T14:15:22.560000,-0.003879
2025-05-01T14:15:22.570000,0.022758
2025-05-01T14:15:22.580000,-0.000165
2025-05-01T14:15:22.590000,-0.008249
2025-05-01T14:15:22.600000,-0.009669
2025-05-01T14:15:22.610000,-0.008805
2025-05-01T14:15:22.620000,-0.001228
2025-05-01T14:15:22.630000,0.004148
2025-05-01T14:15:22.640000,-0.003395
2025-05-01T14:15:22.650000,-0.007782
2025-05-01T14:15:22.660000,0.005570
2025-05-01T14:15:22.670000,-0.005284
2025-05-01T14:15:22.680000,0.007143
2025-05-01T14:15:22.690000,-0.013308
2025-05-01T14:15:22.700000,0.016016
2025-05-01T14:15:22.710000,-0.000045
2025-05-01T14:15:22.720000,-0.006740
2025-05-01T14:15:22.730000,0.002700
2025-05-01T14:15:22.740000,0.003792
2025-05-01T14:15:22.750000,0.007661
2025-05-01T14:15:22.760000,-0.005230
2025-05-01T14:15:22.770000,-0.002554
2025-05-01T14:15:22.780000,0.000514
2025-05-01T14:15:22.790000,0.013323
2025-05-01T14:15:22.800000,-0.010020
2025-05-01T14:15:22.810000,0.010850
2025-05-01T14:15:22.820000,-0.013979
2025-05-01T14:15:22.830000,-0.009006
2025-05-01T14:15:22.840000,0.002231
2025-05-01T14:15:22.850000,-0.004592
2025-05-01T14:15:22.860000,-0.018135
2025-05-01T14:15:22.870000,0.019954
2025-05-01T14:15:22.880000,-0.012324
2025-05-01T14:15:22.890000,-0.005098
2025-05-01T14:15:22.900000,-0.000428
2025-05-01T14:15:22.910000,0.004301
2025-05-01T14:15:22.920000,-0.004655
2025-05-01T14:15:22.930000,0.008316
2025-05-01T14:15:22.940000,-0.009820
2025-05-01T14:15:22.950000,-0.008922
2025-05-01T14:15:22.960000,-0.010665
2025-05-01T14:15:22.970000,0.015189
2025-05-01T14:15:22.980000,-0.014527
2025-05-01T14:15:22.990000,0.002502
2025-05-01T14:15:23,0.012912
2025-05-01T14:15:23.010000,0.004635
2025-05-01T14:15:23.020000,0.018109
2025-05-01T14:15:23.030000,0.004727
2025-05-01T14:15:23.040000,-0.016270
2025-05-01T14:15:23.050000,-0.009967
2025-05-01T14:15:23.060000,-0.006610
2025-05-01T14:15:23.070000,0.001673
2025-05-01T14:15:23.080000,-0.008648
2025-05-01T14:15:23.090000,0.006918
2025-05-01T14:15:23.100000,-0.002051
2025-05-01T14:15:23.110000,-0.005247
2025-05-01T14:15:23.120000,0.000281
2025-05-01T14:15:23.130000,0.002905
2025-05-01T14:15:23.140000,-0.000944
2025-05-01T14:15:23.150000,0.001770
2025-05-01T14:15:23.160000,-0.003528
2025-05-01T14:15:23.170000,-0.004767
2025-05-01T14:15:23.180000,-0.002046
2025-05-01T14:15:23.190000,0.017793
2025-05-01T14:15:23.200000,0.003620
2025-05-01T14:15:23.210000,-0.020652
2025-05-01T14:15:23.220000,0.008746
2025-05-01T14:15:23.230000,0.017484
2025-05-01T14:15:23.240000,0.006097
2025-05-01T14:15:23.250000,0.011010
2025-05-01T14:15:23.260000,-0.010307
2025-05-01T14:15:23.270000,0.009316
2025-05-01T14:15:23.280000,-0.002216
2025-05-01T14:15:23.290000,0.003469
2025-05-01T14:15:23.300000,0.000499
2025-05-01T14:15:23.310000,-0.006268
2025-05-01T14:15:23.320000,0.015562
2025-05-01T14:15:23.330000,0.002154
2025-05-01T14:15:23.340000,-0.020227
2025-05-01T14:15:23.350000,0.005928
2025-05-01T14:15:23.360000,-0.011101
2025-05-01T14:15:23.370000,0.002607
2025-05-01T14:15:23.380000,-0.004593
2025-05-01T14:15:23.390000,0.006208
2025-05-01T14:15:23.400000,-0.005474
2025-05-01T14:15:23.410000,-0.006278
2025-05-01T14:15:23.420000,0.005813
2025-05-01T14:15:23.430000,0.007637
2025-05-01T14:15:23.440000,-0.006762
2025-05-01T14:15:23.450000,-0.005046
2025-05-01T14:15:23.460000,-0.015087
2025-05-01T14:15:23.470000,-0.024907
2025-05-01T14:15:23.480000,-0.015287
2025-05-01T14:15:23.490000,-0.007311
2025-05-01T14:15:23.500000,-0.005528
2025-05-01T14:15:23.510000,-0.005404
2025-05-01T14:15:23.520000,0.004814
2025-05-01T14:15:23.530000,0.015173
2025-05-01T14:15:23.540000,-0.017029
2025-05-01T14:15:23.550000,0.013814
2025-05-01T14:15:23.560000,0.018710
2025-05-01T14:15:23.570000,-0.003348
2025-05-01T14:15:23.580000,0.012976
2025-05-01T14:15:23.590000,-0.005737
2025-05-01T14:15:23.600000,0.005390
2025-05-01T14:15:23.610000,0.014061
2025-05-01T14:15:23.620000,0.014084
2025-05-01T14:15:23.630000,-0.009039
2025-05-01T14:15:23.640000,-0.019098
2025-05-01T14:15:23.650000,-0.005271
2025-05-01T14:15:23.660000,-0.010824
2025-05-01T14:15:23.670000,0.003716
2025-05-01T14:15:23.680000,0.013421
2025-05-01T14:15:23.690000,0.005240
2025-05-01T14:15:23.700000,-0.004811
2025-05-01T14:15:23.710000,0.012213
2025-05-01T14:15:23.720000,0.003488
2025-05-01T14:15:23.730000,-0.000121
2025-05-01T14:15:23.740000,-0.020101
2025-05-01T14:15:23.750000,-0.009182
2025-05-01T14:15:23.760000,-0.005922
2025-05-01T14:15:23.770000,-0.002567
2025-05-01T14:15:23.780000,-0.017429
2025-05-01T14:15:23.790000,0.006669
2025-05-01T14:15:23.800000,0.011582
2025-05-01T14:15:23.810000,0.002754
2025-05-01T14:15:23.820000,0.015516
2025-05-01T14:15:23.830000,-0.014969
2025-05-01T14:15:23.840000,0.006122
2025-05-01T14:15:23.850000,-0.003687
2025-05-01T14:15:23.860000,0.005562
2025-05-01T14:15:23.870000,-0.000216
2025-05-01T14:15:23.880000,0.012078
2025-05-01T14:15:23.890000,0.007366
2025-05-01T14:15:23.900000,0.005766
2025-05-01T14:15:23.910000,-0.000948
2025-05-01T14:15:23.920000,0.008038
2025-05-01T14:15:23.930000,-0.004671
2025-05-01T14:15:23.940000,-0.001900
2025-05-01T14:15:23.950000,-0.016102
2025-05-01T14:15:23.960000,0.001092
2025-05-01T14:15:23.970000,0.001515
2025-05-01T14:15:23.980000,0.005261
2025-05-01T14:15:23.990000,-0.003679
2025-05-01T14:15:24,-0.003295
2025-05-01T14:15:24.010000,-0.000871
2025-05-01T14:15:24.020000,-0.013249
2025-05-01T14:15:24.030000,0.001043
2025-05-01T14:15:24.040000,-0.008404
2025-05-01T14:15:24.050000,-0.022686
2025-05-01T14:15:24.060000,-0.003865
2025-05-01T14:15:24.070000,-0.010068
2025-05-01T14:15:24.080000,0.000193
2025-05-01T14:15:24.090000,0.006301
2025-05-01T14:15:24.100000,-0.005654
2025-05-01T14:15:24.110000,0.003200
2025-05-01T14:15:24.120000,-0.008297
2025-05-01T14:15:24.130000,-0.010340
2025-05-01T14:15:24.140000,0.006474
2025-05-01T14:15:24.150000,-0.015583
2025-05-01T14:15:24.160000,0.003393
2025-05-01T14:15:24.170000,-0.000930
2025-05-01T14:15:24.180000,0.009374
2025-05-01T14:15:24.190000,-0.008574
2025-05-01T14:15:24.200000,-0.001697
2025-05-01T14:15:24.210000,-0.012512
2025-05-01T14:15:24.220000,-0.004659
2025-05-01T14:15:24.230000,0.004380
2025-05-01T14:15:24.240000,0.016555
2025-05-01T14:15:24.250000,0.006773
2025-05-01T14:15:24.260000,0.000598
2025-05-01T14:15:24.270000,-0.001712
2025-05-01T14:15:24.280000,-0.008955
2025-05-01T14:15:24.290000,0.001993
2025-05-01T14:15:24.300000,-0.015242
2025-05-01T14:15:24.310000,-0.014280
2025-05-01T14:15:24.320000,-0.004360
2025-05-01T14:15:24.330000,0.020234
2025-05-01T14:15:24.340000,-0.015671
2025-05-01T14:15:24.350000,0.004694
2025-05-01T14:15:24.360000,0.001872
2025-05-01T14:15:24.370000,0.011520
2025-05-01T14:15:24.380000,0.009105
2025-05-01T14:15:24.390000,0.016120
2025-05-01T14:15:24.400000,-0.007310
2025-05-01T14:15:24.410000,0.004509
2025-05-01T14:15:24.420000,0.001034
2025-05-01T14:15:24.430000,0.001486
2025-05-01T14:15:24.440000,-0.016764
2025-05-01T14:15:24.450000,-0.007308
2025-05-01T14:15:24.460000,-0.004860
2025-05-01T14:15:24.470000,0.006342
2025-05-01T14:15:24.480000,0.006546
2025-05-01T14:15:24.490000,-0.005797
2025-05-01T14:15:24.500000,0.003881
2025-05-01T14:15:24.510000,0.011424
2025-05-01T14:15:24.520000,-0.005902
2025-05-01T14:15:24.530000,-0.004304
2025-05-01T14:15:24.540000,-0.003371
2025-05-01T14:15:24.550000,0.014777
2025-05-01T14:15:24.560000,0.001407
2025-05-01T14:15:24.570000,-0.000915
2025-05-01T14:15:24.580000,0.003484
2025-05-01T14:15:24.590000,0.004158
2025-05-01T14:15:24.600000,0.005777
2025-05-01T14:15:24.610000,0.001190
2025-05-01T14:15:24.620000,-0.006990
2025-05-01T14:15:24.630000,-0.007213
2025-05-01T14:15:24.640000,0.011162
2025-05-01T14:15:24.650000,-0.003637
2025-05-01T14:15:24.660000,0.007840
2025-05-01T14:15:24.670000,-0.001550
2025-05-01T14:15:24.680000,-0.007347
2025-05-01T14:15:24.690000,-0.008306
2025-05-01T14:15:24.700000,-0.013670
2025-05-01T14:15:24.710000,-0.006012
2025-05-01T14:15:24.720000,-0.003927
2025-05-01T14:15:24.730000,-0.017342
2025-05-01T14:15:24.740000,-0.001395
2025-05-01T14:15:24.750000,-0.001062
2025-05-01T14:15:24.760000,-0.002355
2025-05-01T14:15:24.770000,0.005098
2025-05-01T14:15:24.780000,0.018591
2025-05-01T14:15:24.790000,-0.000665
2025-05-01T14:15:24.800000,0.002257
2025-05-01T14:15:24.810000,-0.007389
2025-05-01T14:15:24.820000,0.009400
2025-05-01T14:15:24.830000,0.000055
2025-05-01T14:15:24.840000,-0.001145
2025-05-01T14:15:24.850000,-0.004101
2025-05-01T14:15:24.860000,0.013562
2025-05-01T14:15:24.870000,0.000635
2025-05-01T14:15:24.880000,-0.003771
2025-05-01T14:15:24.890000,-0.003206
2025-05-01T14:15:24.900000,0.009323
2025-05-01T14:15:24.910000,-0.011744
2025-05-01T14:15:24.920000,0.011986
2025-05-01T14:15:24.930000,0.016194
2025-05-01T14:15:24.940000,0.008893
2025-05-01T14:15:24.950000,-0.003114
2025-05-01T14:15:24.960000,0.003640
2025-05-01T14:15:24.970000,0.006386
2025-05-01T14:15:24.980000,0.001591
2025-05-01T14:15:24.990000,-0.004574
2025-05-01T14:15:25,-0.009351
2025-05-01T14:15:25.010000,0.018089
2025-05-01T14:15:25.020000,0.017445
2025-05-01T14:15:25.030000,-0.010733
2025-05-01T14:15:25.040000,-0.002614
2025-05-01T14:15:25.050000,0.000088
2025-05-01T14:15:25.060000,0.001328
2025-05-01T14:15:25.070000,-0.003886
2025-05-01T14:15:25.080000,-0.007167
2025-05-01T14:15:25.090000,0.000232
2025-05-01T14:15:25.100000,0.010467
2025-05-01T14:15:25.110000,0.016595
2025-05-01T14:15:25.120000,-0.002593
2025-05-01T14:15:25.130000,0.001651
2025-05-01T14:15:25.140000,-0.009072
2025-05-01T14:15:25.150000,0.003247
2025-05-01T14:15:25.160000,0.012222
2025-05-01T14:15:25.170000,-0.000186
2025-05-01T14:15:25.180000,0.025012
2025-05-01T14:15:25.190000,0.010182
2025-05-01T14:15:25.200000,0.014610
2025-05-01T14:15:25.210000,-0.004390
2025-05-01T14:15:25.220000,-0.004627
2025-05-01T14:15:25.230000,-0.012245
2025-05-01T14:15:25.240000,0.010580
2025-05-01T14:15:25.250000,0.015369
2025-05-01T14:15:25.260000,-0.000088
2025-05-01T14:15:25.270000,0.018102
2025-05-01T14:15:25.280000,-0.005498
2025-05-01T14:15:25.290000,-0.004703
2025-05-01T14:15:25.300000,-0.002405
2025-05-01T14:15:25.310000,-0.011013
2025-05-01T14:15:25.320000,0.004450
2025-05-01T14:15:25.330000,-0.014634
2025-05-01T14:15:25.340000,-0.008798
2025-05-01T14:15:25.350000,-0.003204
2025-05-01T14:15:25.360000,-0.001384
2025-05-01T14:15:25.370000,-0.017538
2025-05-01T14:15:25.380000,-0.000684
2025-05-01T14:15:25.390000,0.005615
2025-05-01T14:15:25.400000,-0.010527
2025-05-01T14:15:25.410000,-0.013646
2025-05-01T14:15:25.420000,0.007979
2025-05-01T14:15:25.430000,0.012472
2025-05-01T14:15:25.440000,0.014658
2025-05-01T14:15:25.450000,0.011539
2025-05-01T14:15:25.460000,0.007216
2025-05-01T14:15:25.470000,-0.013042
2025-05-01T14:15:25.480000,0.013406
2025-05-01T14:15:25.490000,0.001035
2025-05-01T14:15:25.500000,0.003220
2025-05-01T14:15:25.510000,-0.013130
2025-05-01T14:15:25.520000,-0.004894
2025-05-01T14:15:25.530000,-0.013074
2025-05-01T14:15:25.540000,0.007910
2025-05-01T14:15:25.550000,-0.000735
2025-05-01T14:15:25.560000,-0.000971
2025-05-01T14:15:25.570000,-0.004012
2025-05-01T14:15:25.580000,-0.012129
2025-05-01T14:15:25.590000,0.010336
2025-05-01T14:15:25.600000,0.005566
2025-05-01T14:15:25.610000,-0.005593
2025-05-01T14:15:25.620000,0.008349
2025-05-01T14:15:25.630000,0.001575
2025-05-01T14:15:25.640000,0.015093
2025-05-01T14:15:25.650000,0.001995
2025-05-01T14:15:25.660000,-0.001971
2025-05-01T14:15:25.670000,0.006425
2025-05-01T14:15:25.680000,0.012038
2025-05-01T14:15:25.690000,-0.003044
2025-05-01T14:15:25.700000,0.013402
2025-05-01T14:15:25.710000,-0.021507
2025-05-01T14:15:25.720000,-0.015582
2025-05-01T14:15:25.730000,0.007207
2025-05-01T14:15:25.740000,0.000431
2025-05-01T14:15:25.750000,-0.017211
2025-05-01T14:15:25.760000,0.007248
2025-05-01T14:15:25.770000,0.004072
2025-05-01T14:15:25.780000,0.001514
2025-05-01T14:15:25.790000,-0.004862
2025-05-01T14:15:25.800000,0.001962
2025-05-01T14:15:25.810000,-0.005523
2025-05-01T14:15:25.820000,-0.008697
2025-05-01T14:15:25.830000,0.006379
2025-05-01T14:15:25.840000,0.004177
2025-05-01T14:15:25.850000,-0.004651
2025-05-01T14:15:25.860000,0.001696
2025-05-01T14:15:25.870000,-0.007257
2025-05-01T14:15:25.880000,-0.002640
2025-05-01T14:15:25.890000,0.002287
2025-05-01T14:15:25.900000,0.006754
2025-05-01T14:15:25.910000,-0.001744
2025-05-01T14:15:25.920000,-0.014832
2025-05-01T14:15:25.930000,-0.004836
2025-05-01T14:15:25.940000,0.018684
2025-05-01T14:15:25.950000,-0.010493
2025-05-01T14:15:25.960000,-0.003254
2025-05-01T14:15:25.970000,-0.015119
2025-05-01T14:15:25.980000,-0.007862
2025-05-01T14:15:25.990000,0.012833
2025-05-01T14:15:26,-0.011227
2025-05-01T14:15:26.010000,0.002007
2025-05-01T14:15:26.020000,-0.001778
2025-05-01T14:15:26.030000,-0.006202
2025-05-01T14:15:26.040000,-0.004514
2025-05-01T14:15:26.050000,-0.001427
2025-05-01T14:15:26.060000,0.007807
2025-05-01T14:15:26.070000,-0.004416
2025-05-01T14:15:26.080000,0.001186
2025-05-01T14:15:26.090000,-0.000991
2025-05-01T14:15:26.100000,0.009012
2025-05-01T14:15:26.110000,-0.000269
2025-05-01T14:15:26.120000,-0.020693
2025-05-01T14:15:26.130000,-0.001208
2025-05-01T14:15:26.140000,0.003844
2025-05-01T14:15:26.150000,0.021656
2025-05-01T14:15:26.160000,0.012698
2025-05-01T14:15:26.170000,-0.011351
2025-05-01T14:15:26.180000,-0.009155
2025-05-01T14:15:26.190000,-0.009441
2025-05-01T14:15:26.200000,0.009847
2025-05-01T14:15:26.210000,-0.000830
2025-05-01T14:15:26.220000,0.008441
2025-05-01T14:15:26.230000,0.011124
2025-05-01T14:15:26.240000,0.000892
2025-05-01T14:15:26.250000,0.004390
2025-05-01T14:15:26.260000,-0.005968
2025-05-01T14:15:26.270000,-0.005369
2025-05-01T14:15:26.280000,-0.004139
2025-05-01T14:15:26.290000,-0.000790
2025-05-01T14:15:26.300000,-0.004233
2025-05-01T14:15:26.310000,0.001627
2025-05-01T14:15:26.320000,-0.007009
2025-05-01T14:15:26.330000,0.005982
2025-05-01T14:15:26.340000,-0.008432
2025-05-01T14:15:26.350000,-0.011402
2025-05-01T14:15:26.360000,0.009334
2025-05-01T14:15:26.370000,0.001118
2025-05-01T14:15:26.380000,-0.014759
2025-05-01T14:15:26.390000,0.001877
2025-05-01T14:15:26.400000,0.027794
2025-05-01T14:15:26.410000,-0.007888
2025-05-01T14:15:26.420000,0.010859
2025-05-01T14:15:26.430000,0.008715
2025-05-01T14:15:26.440000,-0.010643
2025-05-01T14:15:26.450000,0.020964
2025-05-01T14:15:26.460000,0.001836
2025-05-01T14:15:26.470000,-0.011070
2025-05-01T14:15:26.480000,-0.002848
2025-05-01T14:15:26.490000,0.007542
2025-05-01T14:15:26.500000,0.007149
2025-05-01T14:15:26.510000,0.006096
2025-05-01T14:15:26.520000,0.008904
2025-05-01T14:15:26.530000,0.011206
2025-05-01T14:15:26.540000,0.010723
2025-05-01T14:15:26.550000,0.005230
2025-05-01T14:15:26.560000,-0.011023
2025-05-01T14:15:26.570000,0.014314
2025-05-01T14:15:26.580000,0.005239
2025-05-01T14:15:26.590000,0.010931
2025-05-01T14:15:26.600000,-0.001912
2025-05-01T14:15:26.610000,-0.007907
2025-05-01T14:15:26.620000,0.002585
2025-05-01T14:15:26.630000,0.004685
2025-05-01T14:15:26.640000,-0.000120
2025-05-01T14:15:26.650000,0.003652
2025-05-01T14:15:26.660000,0.010431
2025-05-01T14:15:26.670000,0.006711
2025-05-01T14:15:26.680000,-0.006246
2025-05-01T14:15:26.690000,0.002285
2025-05-01T14:15:26.700000,0.016239
2025-05-01T14:15:26.710000,-0.007925
2025-05-01T14:15:26.720000,0.004669
2025-05-01T14:15:26.730000,-0.003086
2025-05-01T14:15:26.740000,0.001108
2025-05-01T14:15:26.750000,-0.010714
2025-05-01T14:15:26.760000,0.017578
2025-05-01T14:15:26.770000,0.001129
2025-05-01T14:15:26.780000,-0.013280
2025-05-01T14:15:26.790000,-0.005166
2025-05-01T14:15:26.800000,-0.006120
2025-05-01T14:15:26.810000,-0.004283
2025-05-01T14:15:26.820000,0.015780
2025-05-01T14:15:26.830000,-0.005923
2025-05-01T14:15:26.840000,-0.000709
2025-05-01T14:15:26.850000,0.004551
2025-05-01T14:15:26.860000,-0.012082
2025-05-01T14:15:26.870000,-0.019943
2025-05-01T14:15:26.880000,0.017319
2025-05-01T14:15:26.890000,-0.014823
2025-05-01T14:15:26.900000,0.007231
2025-05-01T14:15:26.910000,-0.001420
2025-05-01T14:15:26.920000,-0.001768
2025-05-01T14:15:26.930000,0.001176
2025-05-01T14:15:26.940000,0.010729
2025-05-01T14:15:26.950000,0.001010
2025-05-01T14:15:26.960000,-0.002954
2025-05-01T14:15:26.970000,-0.002307
2025-05-01T14:15:26.980000,0.018990
2025-05-01T14:15:26.990000,-0.001895
2025-05-01T14:15:27,0.001809
2025-05-01T14:15:27.010000,0.002806
2025-05-01T14:15:27.020000,-0.011877
2025-05-01T14:15:27.030000,-0.001564
2025-05-01T14:15:27.040000,-0.021306
2025-05-01T14:15:27.050000,0.001060
2025-05-01T14:15:27.060000,-0.014177
2025-05-01T14:15:27.070000,0.003624
2025-05-01T14:15:27.080000,0.000229
2025-05-01T14:15:27.090000,-0.008879
2025-05-01T14:15:27.100000,-0.008823
2025-05-01T14:15:27.110000,-0.008913
2025-05-01T14:15:27.120000,0.000118
2025-05-01T14:15:27.130000,-0.004989
2025-05-01T14:15:27.140000,-0.016066
2025-05-01T14:15:27.150000,0.001067
2025-05-01T14:15:27.160000,-0.000749
2025-05-01T14:15:27.170000,0.016076
2025-05-01T14:15:27.180000,-0.012918
2025-05-01T14:15:27.190000,0.013239
2025-05-01T14:15:27.200000,-0.002040
2025-05-01T14:15:27.210000,-0.004620
2025-05-01T14:15:27.220000,-0.016828
2025-05-01T14:15:27.230000,-0.000735
2025-05-01T14:15:27.240000,-0.001884
2025-05-01T14:15:27.250000,0.032830
2025-05-01T14:15:27.260000,-0.014195
2025-05-01T14:15:27.270000,0.030108
2025-05-01T14:15:27.280000,0.002725
2025-05-01T14:15:27.290000,0.005735
2025-05-01T14:15:27.300000,0.015827
2025-05-01T14:15:27.310000,-0.008740
2025-05-01T14:15:27.320000,-0.001897
2025-05-01T14:15:27.330000,-0.006704
2025-05-01T14:15:27.340000,-0.002907
2025-05-01T14:15:27.350000,-0.009484
2025-05-01T14:15:27.360000,-0.000049
2025-05-01T14:15:27.370000,0.016746
2025-05-01T14:15:27.380000,0.006158
2025-05-01T14:15:27.390000,0.001139
2025-05-01T14:15:27.400000,-0.003407
2025-05-01T14:15:27.410000,0.003842
2025-05-01T14:15:27.420000,0.017062
2025-05-01T14:15:27.430000,0.004693
2025-05-01T14:15:27.440000,0.018602
2025-05-01T14:15:27.450000,0.007904
2025-05-01T14:15:27.460000,-0.003707
2025-05-01T14:15:27.470000,0.006231
2025-05-01T14:15:27.480000,-0.006097
2025-05-01T14:15:27.490000,0.000587
2025-05-01T14:15:27.500000,-0.000857
2025-05-01T14:15:27.510000,0.001062
2025-05-01T14:15:27.520000,-0.005397
2025-05-01T14:15:27.530000,0.015631
2025-05-01T14:15:27.540000,0.003162
2025-05-01T14:15:27.550000,0.010771
2025-05-01T14:15:27.560000,0.025769
2025-05-01T14:15:27.570000,0.008324
2025-05-01T14:15:27.580000,-0.014709
2025-05-01T14:15:27.590000,0.007818
2025-05-01T14:15:27.600000,-0.010518
2025-05-01T14:15:27.610000,0.006199
2025-05-01T14:15:27.620000,-0.002688
2025-05-01T14:15:27.630000,-0.001502
2025-05-01T14:15:27.640000,0.014733
2025-05-01T14:15:27.650000,0.008179
2025-05-01T14:15:27.660000,-0.002833
2025-05-01T14:15:27.670000,-0.002334
2025-05-01T14:15:27.680000,-0.019394
2025-05-01T14:15:27.690000,0.005902
2025-05-01T14:15:27.700000,0.003705
2025-05-01T14:15:27.710000,-0.008256
2025-05-01T14:15:27.720000,0.001488
2025-05-01T14:15:27.730000,0.016002
2025-05-01T14:15:27.740000,0.002536
2025-05-01T14:15:27.750000,-0.001634
2025-05-01T14:15:27.760000,-0.002967
2025-05-01T14:15:27.770000,0.002358
2025-05-01T14:15:27.780000,0.008589
2025-05-01T14:15:27.790000,-0.003623
2025-05-01T14:15:27.800000,-0.009365
2025-05-01T14:15:27.810000,0.015217
2025-05-01T14:15:27.820000,0.015264
2025-05-01T14:15:27.830000,0.007312
2025-05-01T14:15:27.840000,0.002984
2025-05-01T14:15:27.850000,0.001005
2025-05-01T14:15:27.860000,-0.007232
2025-05-01T14:15:27.870000,0.006813
2025-05-01T14:15:27.880000,0.008417
2025-05-01T14:15:27.890000,0.000343
2025-05-01T14:15:27.900000,-0.005430
2025-05-01T14:15:27.910000,0.001773
2025-05-01T14:15:27.920000,0.000392
2025-05-01T14:15:27.930000,0.008652
2025-05-01T14:15:27.940000,-0.000705
2025-05-01T14:15:27.950000,0.010945
2025-05-01T14:15:27.960000,-0.002614
2025-05-01T14:15:27.970000,0.002241
2025-05-01T14:15:27.980000,-0.007731
2025-05-01T14:15:27.990000,0.008585
2025-05-01T14:15:28,0.006204
2025-05-01T14:15:28.010000,-0.011730
2025-05-01T14:15:28.020000,-0.010181
2025-05-01T14:15:28.030000,-0.000288
2025-05-01T14:15:28.040000,-0.010882
2025-05-01T14:15:28.050000,0.001604
2025-05-01T14:15:28.060000,-0.024883
2025-05-01T14:15:28.070000,-0.022198
2025-05-01T14:15:28.080000,-0.007038
2025-05-01T14:15:28.090000,0.002081
2025-05-01T14:15:28.100000,0.024351
2025-05-01T14:15:28.110000,0.006673
2025-05-01T14:15:28.120000,-0.007050
2025-05-01T14:15:28.130000,-0.007623
2025-05-01T14:15:28.140000,0.006755
2025-05-01T14:15:28.150000,0.002984
2025-05-01T14:15:28.160000,0.002934
2025-05-01T14:15:28.170000,0.003279
2025-05-01T14:15:28.180000,0.000920
2025-05-01T14:15:28.190000,0.002861
2025-05-01T14:15:28.200000,0.000139
2025-05-01T14:15:28.210000,0.003126
2025-05-01T14:15:28.220000,-0.012298
2025-05-01T14:15:28.230000,-0.001876
2025-05-01T14:15:28.240000,-0.001141
2025-05-01T14:15:28.250000,0.000785
2025-05-01T14:15:28.260000,0.010818
2025-05-01T14:15:28.270000,-0.002049
2025-05-01T14:15:28.280000,0.004091
2025-05-01T14:15:28.290000,0.006033
2025-05-01T14:15:28.300000,0.005628
2025-05-01T14:15:28.310000,-0.007097
2025-05-01T14:15:28.320000,-0.026270
2025-05-01T14:15:28.330000,-0.016941
2025-05-01T14:15:28.340000,0.007363
2025-05-01T14:15:28.350000,0.000675
2025-05-01T14:15:28.360000,0.005800
2025-05-01T14:15:28.370000,0.013532
2025-05-01T14:15:28.380000,-0.004110
2025-05-01T14:15:28.390000,0.007237
2025-05-01T14:15:28.400000,-0.011400
2025-05-01T14:15:28.410000,-0.000186
2025-05-01T14:15:28.420000,0.001166
2025-05-01T14:15:28.430000,-0.012810
2025-05-01T14:15:28.440000,0.006349
2025-05-01T14:15:28.450000,-0.003087
2025-05-01T14:15:28.460000,0.003652
2025-05-01T14:15:28.470000,0.009532
2025-05-01T14:15:28.480000,-0.005590
2025-05-01T14:15:28.490000,-0.002287
2025-05-01T14:15:28.500000,0.002987
2025-05-01T14:15:28.510000,0.016385
2025-05-01T14:15:28.520000,0.016197
2025-05-01T14:15:28.530000,0.009694
2025-05-01T14:15:28.540000,-0.015150
2025-05-01T14:15:28.550000,-0.002826
2025-05-01T14:15:28.560000,0.001625
2025-05-01T14:15:28.570000,-0.001180
2025-05-01T14:15:28.580000,0.014728
2025-05-01T14:15:28.590000,-0.012262
2025-05-01T14:15:28.600000,-0.003021
2025-05-01T14:15:28.610000,0.004500
2025-05-01T14:15:28.620000,-0.006601
2025-05-01T14:15:28.630000,0.029341
2025-05-01T14:15:28.640000,-0.005318
2025-05-01T14:15:28.650000,-0.016828
2025-05-01T14:15:28.660000,0.011461
2025-05-01T14:15:28.670000,0.013682
2025-05-01T14:15:28.680000,-0.024842
2025-05-01T14:15:28.690000,0.016177
2025-05-01T14:15:28.700000,0.005120
2025-05-01T14:15:28.710000,0.012785
2025-05-01T14:15:28.720000,0.004430
2025-05-01T14:15:28.730000,0.002309
2025-05-01T14:15:28.740000,0.001685
2025-05-01T14:15:28.750000,-0.006786
2025-05-01T14:15:28.760000,0.012685
2025-05-01T14:15:28.770000,0.014375
2025-05-01T14:15:28.780000,-0.007001
2025-05-01T14:15:28.790000,0.007687
2025-05-01T14:15:28.800000,-0.002205
2025-05-01T14:15:28.810000,0.004554
2025-05-01T14:15:28.820000,0.022371
2025-05-01T14:15:28.830000,-0.016446
2025-05-01T14:15:28.840000,-0.003008
2025-05-01T14:15:28.850000,0.006025
2025-05-01T14:15:28.860000,-0.016648
2025-05-01T14:15:28.870000,-0.001363
2025-05-01T14:15:28.880000,-0.004159
2025-05-01T14:15:28.890000,-0.014488
2025-05-01T14:15:28.900000,-0.009884
2025-05-01T14:15:28.910000,0.007999
2025-05-01T14:15:28.920000,0.009139
2025-05-01T14:15:28.930000,0.013346
2025-05-01T14:15:28.940000,0.000482
2025-05-01T14:15:28.950000,0.005942
2025-05-01T14:15:28.960000,-0.008083
2025-05-01T14:15:28.970000,0.000753
2025-05-01T14:15:28.980000,-0.004635
2025-05-01T14:15:28.990000,-0.015475
2025-05-01T14:15:29,0.012814
2025-05-01T14:15:29.010000,-0.002206
2025-05-01T14:15:29.020000,0.005841
2025-05-01T14:15:29.030000,0.003559
2025-05-01T14:15:29.040000,-0.010297
2025-05-01T14:15:29.050000,0.014552
2025-05-01T14:15:29.060000,0.003858
2025-05-01T14:15:29.070000,0.023041
2025-05-01T14:15:29.080000,0.002111
2025-05-01T14:15:29.090000,-0.002682
2025-05-01T14:15:29.100000,-0.006231
2025-05-01T14:15:29.110000,0.006837
2025-05-01T14:15:29.120000,0.017126
2025-05-01T14:15:29.130000,-0.000429
2025-05-01T14:15:29.140000,0.011585
2025-05-01T14:15:29.150000,0.029638
2025-05-01T14:15:29.160000,0.010747
2025-05-01T14:15:29.170000,0.007875
2025-05-01T14:15:29.180000,0.001394
2025-05-01T14:15:29.190000,-0.007729
2025-05-01T14:15:29.200000,-0.015687
2025-05-01T14:15:29.210000,-0.001099
2025-05-01T14:15:29.220000,0.008233
2025-05-01T14:15:29.230000,0.001097
2025-05-01T14:15:29.240000,-0.005113
2025-05-01T14:15:29.250000,-0.019647
2025-05-01T14:15:29.260000,-0.008981
2025-05-01T14:15:29.270000,-0.002352
2025-05-01T14:15:29.280000,-0.009868
2025-05-01T14:15:29.290000,0.000766
2025-05-01T14:15:29.300000,-0.002601
2025-05-01T14:15:29.310000,-0.003131
2025-05-01T14:15:29.320000,-0.009934
2025-05-01T14:15:29.330000,-0.003169
2025-05-01T14:15:29.340000,-0.014122
2025-05-01T14:15:29.350000,-0.001184
2025-05-01T14:15:29.360000,-0.012485
2025-05-01T14:15:29.370000,-0.011504
2025-05-01T14:15:29.380000,-0.004235
2025-05-01T14:15:29.390000,0.002353
2025-05-01T14:15:29.400000,-0.017148
2025-05-01T14:15:29.410000,-0.008300
2025-05-01T14:15:29.420000,-0.001237
2025-05-01T14:15:29.430000,0.003292
2025-05-01T14:15:29.440000,0.009360
2025-05-01T14:15:29.450000,-0.014295
2025-05-01T14:15:29.460000,-0.010611
2025-05-01T14:15:29.470000,-0.000030
2025-05-01T14:15:29.480000,0.003688
2025-05-01T14:15:29.490000,-0.003237
2025-05-01T14:15:29.500000,-0.006775
2025-05-01T14:15:29.510000,-0.006695
2025-05-01T14:15:29.520000,0.013254
2025-05-01T14:15:29.530000,0.002546
2025-05-01T14:15:29.540000,0.004069
2025-05-01T14:15:29.550000,-0.005723
2025-05-01T14:15:29.560000,0.001117
2025-05-01T14:15:29.570000,-0.015909
2025-05-01T14:15:29.580000,0.013147
2025-05-01T14:15:29.590000,-0.003258
2025-05-01T14:15:29.600000,-0.006166
2025-05-01T14:15:29.610000,0.004723
2025-05-01T14:15:29.620000,0.022385
2025-05-01T14:15:29.630000,0.002579
2025-05-01T14:15:29.640000,0.005894
2025-05-01T14:15:29.650000,-0.006277
2025-05-01T14:15:29.660000,0.010080
2025-05-01T14:15:29.670000,0.002938
2025-05-01T14:15:29.680000,-0.009541
2025-05-01T14:15:29.690000,0.002748
2025-05-01T14:15:29.700000,0.011972
2025-05-01T14:15:29.710000,-0.008677
2025-05-01T14:15:29.720000,0.017113
2025-05-01T14:15:29.730000,-0.021263
2025-05-01T14:15:29.740000,0.019722
2025-05-01T14:15:29.750000,0.001162
2025-05-01T14:15:29.760000,-0.013913
2025-05-01T14:15:29.770000,-0.008759
2025-05-01T14:15:29.780000,0.020018
2025-05-01T14:15:29.790000,-0.000178
2025-05-01T14:15:29.800000,-0.018032
2025-05-01T14:15:29.810000,0.016425
2025-05-01T14:15:29.820000,0.000157
2025-05-01T14:15:29.830000,-0.006062
2025-05-01T14:15:29.840000,-0.010510
2025-05-01T14:15:29.850000,0.005793
2025-05-01T14:15:29.860000,-0.002964
2025-05-01T14:15:29.870000,0.006037
2025-05-01T14:15:29.880000,-0.001506
2025-05-01T14:15:29.890000,0.004382
2025-05-01T14:15:29.900000,-0.005112
2025-05-01T14:15:29.910000,0.013332
2025-05-01T14:15:29.920000,-0.009644
2025-05-01T14:15:29.930000,-0.001393
2025-05-01T14:15:29.940000,0.008121
2025-05-01T14:15:29.950000,-0.002552
2025-05-01T14:15:29.960000,-0.006282
2025-05-01T14:15:29.970000,-0.010418
2025-05-01T14:15:29.980000,-0.006021
2025-05-01T14:15:29.990000,-0.010176
2025-05-01T14:15:30,0.004003
2025-05-01T14:15:30.010000,-0.001942
2025-05-01T14:15:30.020000,0.001544
2025-05-01T14:15:30.030000,-0.006064
2025-05-01T14:15:30.040000,0.000352
2025-05-01T14:15:30.050000,-0.002806
2025-05-01T14:15:30.060000,0.000236
2025-05-01T14:15:30.070000,0.032517
2025-05-01T14:15:30.080000,-0.000383
2025-05-01T14:15:30.090000,0.005657
2025-05-01T14:15:30.100000,-0.012686
2025-05-01T14:15:30.110000,0.013976
2025-05-01T14:15:30.120000,0.006904
2025-05-01T14:15:30.130000,0.007902
2025-05-01T14:15:30.140000,0.015690
2025-05-01T14:15:30.150000,0.008791
2025-05-01T14:15:30.160000,-0.008179
2025-05-01T14:15:30.170000,-0.012195
2025-05-01T14:15:30.180000,-0.010010
2025-05-01T14:15:30.190000,0.014411
2025-05-01T14:15:30.200000,-0.000930
2025-05-01T14:15:30.210000,-0.001823
2025-05-01T14:15:30.220000,0.017184
2025-05-01T14:15:30.230000,-0.012044
2025-05-01T14:15:30.240000,0.004117
2025-05-01T14:15:30.250000,-0.000279
2025-05-01T14:15:30.260000,0.001028
2025-05-01T14:15:30.270000,-0.005496
2025-05-01T14:15:30.280000,0.021214
2025-05-01T14:15:30.290000,-0.016204
2025-05-01T14:15:30.300000,0.003490
2025-05-01T14:15:30.310000,-0.002182
2025-05-01T14:15:30.320000,0.005509
2025-05-01T14:15:30.330000,-0.001768
2025-05-01T14:15:30.340000,0.004150
2025-05-01T14:15:30.350000,-0.001574
2025-05-01T14:15:30.360000,0.003451
2025-05-01T14:15:30.370000,0.013685
2025-05-01T14:15:30.380000,-0.000046
2025-05-01T14:15:30.390000,-0.017076
2025-05-01T14:15:30.400000,0.013235
2025-05-01T14:15:30.410000,0.007448
2025-05-01T14:15:30.420000,0.015947
2025-05-01T14:15:30.430000,-0.019971
2025-05-01T14:15:30.440000,0.001769
2025-05-01T14:15:30.450000,-0.009619
2025-05-01T14:15:30.460000,0.001592
2025-05-01T14:15:30.470000,-0.003397
2025-05-01T14:15:30.480000,0.006721
2025-05-01T14:15:30.490000,-0.019448
2025-05-01T14:15:30.500000,0.001274
2025-05-01T14:15:30.510000,0.014542
2025-05-01T14:15:30.520000,0.001307
2025-05-01T14:15:30.530000,0.010513
2025-05-01T14:15:30.540000,-0.001853
2025-05-01T14:15:30.550000,-0.000595
2025-05-01T14:15:30.560000,0.000372
2025-05-01T14:15:30.570000,0.008989
2025-05-01T14:15:30.580000,-0.010220
2025-05-01T14:15:30.590000,0.023742
2025-05-01T14:15:30.600000,-0.020104
2025-05-01T14:15:30.610000,0.008192
2025-05-01T14:15:30.620000,-0.005385
2025-05-01T14:15:30.630000,0.011960
2025-05-01T14:15:30.640000,-0.010341
2025-05-01T14:15:30.650000,0.002407
2025-05-01T14:15:30.660000,0.004306
2025-05-01T14:15:30.670000,0.007511
2025-05-01T14:15:30.680000,0.002628
2025-05-01T14:15:30.690000,-0.003217
2025-05-01T14:15:30.700000,-0.002948
2025-05-01T14:15:30.710000,0.007794
2025-05-01T14:15:30.720000,0.013630
2025-05-01T14:15:30.730000,0.014205
2025-05-01T14:15:30.740000,0.010944
2025-05-01T14:15:30.750000,0.004285
2025-05-01T14:15:30.760000,0.002592
2025-05-01T14:15:30.770000,-0.006796
2025-05-01T14:15:30.780000,0.002131
2025-05-01T14:15:30.790000,-0.004590
2025-05-01T14:15:30.800000,-0.007377
2025-05-01T14:15:30.810000,-0.010862
2025-05-01T14:15:30.820000,0.001715
2025-05-01T14:15:30.830000,-0.018344
2025-05-01T14:15:30.840000,-0.005994
2025-05-01T14:15:30.850000,0.005534
2025-05-01T14:15:30.860000,0.016801
2025-05-01T14:15:30.870000,0.010153
2025-05-01T14:15:30.880000,0.008151
2025-05-01T14:15:30.890000,0.008603
2025-05-01T14:15:30.900000,-0.005700
2025-05-01T14:15:30.910000,0.011788
2025-05-01T14:15:30.920000,0.004126
2025-05-01T14:15:30.930000,0.010156
2025-05-01T14:15:30.940000,0.010291
2025-05-01T14:15:30.950000,0.022654
2025-05-01T14:15:30.960000,0.001250
2025-05-01T14:15:30.970000,0.002415
2025-05-01T14:15:30.980000,-0.000214
2025-05-01T14:15:30.990000,-0.000813
2025-05-01T14:15:31,-0.009297
2025-05-01T14:15:31.010000,-0.000550
2025-05-01T14:15:31.020000,-0.003404
2025-05-01T14:15:31.030000,-0.011852
2025-05-01T14:15:31.040000,-0.000624
2025-05-01T14:15:31.050000,-0.006467
2025-05-01T14:15:31.060000,-0.005390
2025-05-01T14:15:31.070000,0.004332
2025-05-01T14:15:31.080000,-0.019265
2025-05-01T14:15:31.090000,0.011937
2025-05-01T14:15:31.100000,0.011794
2025-05-01T14:15:31.110000,0.005860
2025-05-01T14:15:31.120000,0.019417
2025-05-01T14:15:31.130000,0.005329
2025-05-01T14:15:31.140000,-0.000645
2025-05-01T14:15:31.150000,-0.007099
2025-05-01T14:15:31.160000,-0.010770
2025-05-01T14:15:31.170000,0.009454
2025-05-01T14:15:31.180000,0.003997
2025-05-01T14:15:31.190000,-0.001259
2025-05-01T14:15:31.200000,-0.016247
2025-05-01T14:15:31.210000,-0.005166
2025-05-01T14:15:31.220000,0.003490
2025-05-01T14:15:31.230000,-0.016961
2025-05-01T14:15:31.240000,-0.006936
2025-05-01T14:15:31.250000,-0.000815
2025-05-01T14:15:31.260000,0.012709
2025-05-01T14:15:31.270000,0.016703
2025-05-01T14:15:31.280000,-0.006614
2025-05-01T14:15:31.290000,0.018516
2025-05-01T14:15:31.300000,-0.006733
2025-05-01T14:15:31.310000,-0.007368
2025-05-01T14:15:31.320000,0.004736
2025-05-01T14:15:31.330000,-0.020762
2025-05-01T14:15:31.340000,-0.012744
2025-05-01T14:15:31.350000,0.007368
2025-05-01T14:15:31.360000,-0.016980
2025-05-01T14:15:31.370000,0.008402
2025-05-01T14:15:31.380000,0.017355
2025-05-01T14:15:31.390000,0.009117
2025-05-01T14:15:31.400000,-0.000868
2025-05-01T14:15:31.410000,-0.008923
2025-05-01T14:15:31.420000,-0.014497
2025-05-01T14:15:31.430000,-0.002873
2025-05-01T14:15:31.440000,0.002916
2025-05-01T14:15:31.450000,-0.002330
2025-05-01T14:15:31.460000,-0.003848
2025-05-01T14:15:31.470000,0.000591
2025-05-01T14:15:31.480000,0.001972
2025-05-01T14:15:31.490000,-0.011953
2025-05-01T14:15:31.500000,-0.011054
2025-05-01T14:15:31.510000,0.003885
2025-05-01T14:15:31.520000,-0.014506
2025-05-01T14:15:31.530000,0.002296
2025-05-01T14:15:31.540000,0.020433
2025-05-01T14:15:31.550000,0.026860
2025-05-01T14:15:31.560000,0.005891
2025-05-01T14:15:31.570000,-0.001105
2025-05-01T14:15:31.580000,-0.003036
2025-05-01T14:15:31.590000,0.003290
2025-05-01T14:15:31.600000,0.001163
2025-05-01T14:15:31.610000,0.017188
2025-05-01T14:15:31.620000,-0.008489
2025-05-01T14:15:31.630000,0.002319
2025-05-01T14:15:31.640000,-0.023429
2025-05-01T14:15:31.650000,0.009700
2025-05-01T14:15:31.660000,0.004290
2025-05-01T14:15:31.670000,0.027219
2025-05-01T14:15:31.680000,0.004467
2025-05-01T14:15:31.690000,-0.009869
2025-05-01T14:15:31.700000,0.002567
2025-05-01T14:15:31.710000,0.013154
2025-05-01T14:15:31.720000,-0.005482
2025-05-01T14:15:31.730000,-0.005241
2025-05-01T14:15:31.740000,0.001272
2025-05-01T14:15:31.750000,0.002883
2025-05-01T14:15:31.760000,-0.000266
2025-05-01T14:15:31.770000,-0.024666
2025-05-01T14:15:31.780000,0.006828
2025-05-01T14:15:31.790000,0.012107
2025-05-01T14:15:31.800000,-0.003475
2025-05-01T14:15:31.810000,-0.007527
2025-05-01T14:15:31.820000,-0.002638
2025-05-01T14:15:31.830000,-0.004849
2025-05-01T14:15:31.840000,-0.001850
2025-05-01T14:15:31.850000,0.005071
2025-05-01T14:15:31.860000,-0.007784
2025-05-01T14:15:31.870000,-0.016390
2025-05-01T14:15:31.880000,-0.003782
2025-05-01T14:15:31.890000,-0.008857
2025-05-01T14:15:31.900000,0.013682
2025-05-01T14:15:31.910000,0.021439
2025-05-01T14:15:31.920000,-0.006252
2025-05-01T14:15:31.930000,0.005176
2025-05-01T14:15:31.940000,-0.000432
2025-05-01T14:15:31.950000,0.005480
2025-05-01T14:15:31.960000,0.006219
2025-05-01T14:15:31.970000,-0.008777
2025-05-01T14:15:31.980000,0.005873
2025-05-01T14:15:31.990000,0.008076
2025-05-01T14:15:32,-0.006010
2025-05-01T14:15:32.010000,0.000502
2025-05-01T14:15:32.020000,-0.003942
2025-05-01T14:15:32.030000,-0.007029
2025-05-01T14:15:32.040000,-0.002885
2025-05-01T14:15:32.050000,-0.003384
2025-05-01T14:15:32.060000,-0.004578
2025-05-01T14:15:32.070000,0.001569
2025-05-01T14:15:32.080000,-0.005180
2025-05-01T14:15:32.090000,-0.016550
2025-05-01T14:15:32.100000,0.016841
2025-05-01T14:15:32.110000,0.004335
2025-05-01T14:15:32.120000,-0.019666
2025-05-01T14:15:32.130000,0.000661
2025-05-01T14:15:32.140000,0.011868
2025-05-01T14:15:32.150000,0.004225
2025-05-01T14:15:32.160000,-0.004616
2025-05-01T14:15:32.170000,0.006284
2025-05-01T14:15:32.180000,0.004950
2025-05-01T14:15:32.190000,-0.002170
2025-05-01T14:15:32.200000,0.014308
2025-05-01T14:15:32.210000,0.001424
2025-05-01T14:15:32.220000,-0.006011
2025-05-01T14:15:32.230000,-0.005085
2025-05-01T14:15:32.240000,-0.001301
2025-05-01T14:15:32.250000,-0.000454
2025-05-01T14:15:32.260000,0.016744
2025-05-01T14:15:32.270000,-0.009201
2025-05-01T14:15:32.280000,-0.001259
2025-05-01T14:15:32.290000,-0.008148
2025-05-01T14:15:32.300000,0.009445
2025-05-01T14:15:32.310000,-0.008470
2025-05-01T14:15:32.320000,-0.002947
2025-05-01T14:15:32.330000,0.006754
2025-05-01T14:15:32.340000,0.000865
2025-05-01T14:15:32.350000,0.007852
2025-05-01T14:15:32.360000,0.000320
2025-05-01T14:15:32.370000,0.001297
2025-05-01T14:15:32.380000,-0.002094
2025-05-01T14:15:32.390000,0.007815
2025-05-01T14:15:32.400000,0.008324
2025-05-01T14:15:32.410000,-0.003229
2025-05-01T14:15:32.420000,-0.002478
2025-05-01T14:15:32.430000,-0.002373
2025-05-01T14:15:32.440000,0.001431
2025-05-01T14:15:32.450000,0.004002
2025-05-01T14:15:32.460000,-0.007526
2025-05-01T14:15:32.470000,-0.011291
2025-05-01T14:15:32.480000,0.002134
2025-05-01T14:15:32.490000,-0.012537
2025-05-01T14:15:32.500000,0.011051
2025-05-01T14:15:32.510000,0.001487
2025-05-01T14:15:32.520000,0.005073
2025-05-01T14:15:32.530000,-0.010034
2025-05-01T14:15:32.540000,-0.006569
2025-05-01T14:15:32.550000,0.007807
2025-05-01T14:15:32.560000,-0.010820
2025-05-01T14:15:32.570000,-0.020507
2025-05-01T14:15:32.580000,-0.000833
2025-05-01T14:15:32.590000,-0.009887
2025-05-01T14:15:32.600000,-0.009657
2025-05-01T14:15:32.610000,-0.002715
2025-05-01T14:15:32.620000,-0.018345
2025-05-01T14:15:32.630000,-0.006174
2025-05-01T14:15:32.640000,-0.019051
2025-05-01T14:15:32.650000,0.019028
2025-05-01T14:15:32.660000,-0.003491
2025-05-01T14:15:32.670000,0.002837
2025-05-01T14:15:32.680000,0.009653
2025-05-01T14:15:32.690000,-0.001490
2025-05-01T14:15:32.700000,-0.001687
2025-05-01T14:15:32.710000,-0.008686
2025-05-01T14:15:32.720000,0.014996
2025-05-01T14:15:32.730000,-0.014481
2025-05-01T14:15:32.740000,0.001566
2025-05-01T14:15:32.750000,-0.002726
2025-05-01T14:15:32.760000,0.003554
2025-05-01T14:15:32.770000,0.007059
2025-05-01T14:15:32.780000,-0.007444
2025-05-01T14:15:32.790000,-0.014477
2025-05-01T14:15:32.800000,-0.003352
2025-05-01T14:15:32.810000,-0.011578
2025-05-01T14:15:32.820000,0.003788
2025-05-01T14:15:32.830000,0.018213
2025-05-01T14:15:32.840000,0.006431
2025-05-01T14:15:32.850000,-0.006475
2025-05-01T14:15:32.860000,0.001055
2025-05-01T14:15:32.870000,0.011607
2025-05-01T14:15:32.880000,-0.002373
2025-05-01T14:15:32.890000,-0.011604
2025-05-01T14:15:32.900000,0.011331
2025-05-01T14:15:32.910000,-0.003564
2025-05-01T14:15:32.920000,-0.022493
2025-05-01T14:15:32.930000,-0.013782
2025-05-01T14:15:32.940000,0.010702
2025-05-01T14:15:32.950000,0.007835
2025-05-01T14:15:32.960000,-0.010120
2025-05-01T14:15:32.970000,0.007293
2025-05-01T14:15:32.980000,0.004496
2025-05-01T14:15:32.990000,0.001577
2025-05-01T14:15:33,0.014409
2025-05-01T14:15:33.010000,0.004694
2025-05-01T14:15:33.020000,-0.000782
2025-05-01T14:15:33.030000,0.000964
2025-05-01T14:15:33.040000,0.007336
2025-05-01T14:15:33.050000,-0.002616
2025-05-01T14:15:33.060000,-0.001309
2025-05-01T14:15:33.070000,0.012242
2025-05-01T14:15:33.080000,-0.004479
2025-05-01T14:15:33.090000,-0.011060
2025-05-01T14:15:33.100000,0.003180
2025-05-01T14:15:33.110000,0.009380
2025-05-01T14:15:33.120000,0.015143
2025-05-01T14:15:33.130000,-0.004936
2025-05-01T14:15:33.140000,-0.011355
2025-05-01T14:15:33.150000,-0.012637
2025-05-01T14:15:33.160000,0.006538
2025-05-01T14:15:33.170000,-0.005028
2025-05-01T14:15:33.180000,0.001602
2025-05-01T14:15:33.190000,-0.007115
2025-05-01T14:15:33.200000,0.013193
2025-05-01T14:15:33.210000,-0.004406
2025-05-01T14:15:33.220000,-0.006039
2025-05-01T14:15:33.230000,-0.003895
2025-05-01T14:15:33.240000,0.007389
2025-05-01T14:15:33.250000,0.008802
2025-05-01T14:15:33.260000,-0.008774
2025-05-01T14:15:33.270000,-0.008430
2025-05-01T14:15:33.280000,-0.018732
2025-05-01T14:15:33.290000,-0.002727
2025-05-01T14:15:33.300000,-0.007909
2025-05-01T14:15:33.310000,0.007158
2025-05-01T14:15:33.320000,-0.000376
2025-05-01T14:15:33.330000,-0.000386
2025-05-01T14:15:33.340000,-0.009532
2025-05-01T14:15:33.350000,-0.006722
2025-05-01T14:15:33.360000,-0.006565
2025-05-01T14:15:33.370000,0.004674
2025-05-01T14:15:33.380000,0.020378
2025-05-01T14:15:33.390000,-0.013350
2025-05-01T14:15:33.400000,0.005306
2025-05-01T14:15:33.410000,0.001930
2025-05-01T14:15:33.420000,0.019450
2025-05-01T14:15:33.430000,-0.001598
2025-05-01T14:15:33.440000,-0.001695
2025-05-01T14:15:33.450000,-0.009482
2025-05-01T14:15:33.460000,-0.011342
2025-05-01T14:15:33.470000,-0.009615
2025-05-01T14:15:33.480000,0.017845
2025-05-01T14:15:33.490000,-0.001901
2025-05-01T14:15:33.500000,-0.005090
2025-05-01T14:15:33.510000,0.004507
2025-05-01T14:15:33.520000,-0.018115
2025-05-01T14:15:33.530000,-0.012637
2025-05-01T14:15:33.540000,-0.001282
2025-05-01T14:15:33.550000,0.006748
2025-05-01T14:15:33.560000,-0.000652
2025-05-01T14:15:33.570000,-0.000180
2025-05-01T14:15:33.580000,0.011664
2025-05-01T14:15:33.590000,-0.010801
2025-05-01T14:15:33.600000,0.012218
2025-05-01T14:15:33.610000,0.001156
2025-05-01T14:15:33.620000,-0.003104
2025-05-01T14:15:33.630000,0.000648
2025-05-01T14:15:33.640000,-0.027979
2025-05-01T14:15:33.650000,-0.004781
2025-05-01T14:15:33.660000,-0.000371
2025-05-01T14:15:33.670000,-0.005807
2025-05-01T14:15:33.680000,0.007835
2025-05-01T14:15:33.690000,-0.001281
2025-05-01T14:15:33.700000,0.015732
2025-05-01T14:15:33.710000,-0.009168
2025-05-01T14:15:33.720000,-0.006446
2025-05-01T14:15:33.730000,0.002859
2025-05-01T14:15:33.740000,0.001524
2025-05-01T14:15:33.750000,0.013173
2025-05-01T14:15:33.760000,-0.001103
2025-05-01T14:15:33.770000,-0.001172
2025-05-01T14:15:33.780000,0.002414
2025-05-01T14:15:33.790000,-0.010050
2025-05-01T14:15:33.800000,0.007715
2025-05-01T14:15:33.810000,0.004319
2025-05-01T14:15:33.820000,0.010515
2025-05-01T14:15:33.830000,-0.003785
2025-05-01T14:15:33.840000,-0.008452
2025-05-01T14:15:33.850000,0.007264
2025-05-01T14:15:33.860000,0.012259
2025-05-01T14:15:33.870000,-0.003043
2025-05-01T14:15:33.880000,0.001712
2025-05-01T14:15:33.890000,0.002232
2025-05-01T14:15:33.900000,0.011840
2025-05-01T14:15:33.910000,-0.017910
2025-05-01T14:15:33.920000,0.025070
2025-05-01T14:15:33.930000,0.015596
2025-05-01T14:15:33.940000,0.003185
2025-05-01T14:15:33.950000,0.004038
2025-05-01T14:15:33.960000,0.015691
2025-05-01T14:15:33.970000,-0.002777
2025-05-01T14:15:33.980000,-0.001650
2025-05-01T14:15:33.990000,0.002459
2025-05-01T14:15:34,0.018054
2025-05-01T14:15:34.010000,-0.010530
2025-05-01T14:15:34.020000,0.012781
2025-05-01T14:15:34.030000,-0.010613
2025-05-01T14:15:34.040000,0.002544
2025-05-01T14:15:34.050000,-0.020054
2025-05-01T14:15:34.060000,-0.014989
2025-05-01T14:15:34.070000,-0.008357
2025-05-01T14:15:34.080000,-0.004157
2025-05-01T14:15:34.090000,-0.004139
2025-05-01T14:15:34.100000,-0.000825
2025-05-01T14:15:34.110000,-0.016569
2025-05-01T14:15:34.120000,-0.005832
2025-05-01T14:15:34.130000,0.008130
2025-05-01T14:15:34.140000,0.017065
2025-05-01T14:15:34.150000,0.012679
2025-05-01T14:15:34.160000,0.003221
2025-05-01T14:15:34.170000,-0.019899
2025-05-01T14:15:34.180000,-0.018213
2025-05-01T14:15:34.190000,-0.000685
2025-05-01T14:15:34.200000,-0.000286
2025-05-01T14:15:34.210000,0.012597
2025-05-01T14:15:34.220000,0.008683
2025-05-01T14:15:34.230000,0.007706
2025-05-01T14:15:34.240000,-0.009044
2025-05-01T14:15:34.250000,0.003437
2025-05-01T14:15:34.260000,-0.023347
2025-05-01T14:15:34.270000,0.003390
2025-05-01T14:15:34.280000,0.002295
2025-05-01T14:15:34.290000,0.002442
2025-05-01T14:15:34.300000,-0.002093
2025-05-01T14:15:34.310000,0.006967
2025-05-01T14:15:34.320000,0.001806
2025-05-01T14:15:34.330000,0.008070
2025-05-01T14:15:34.340000,-0.001221
2025-05-01T14:15:34.350000,-0.003692
2025-05-01T14:15:34.360000,-0.001457
2025-05-01T14:15:34.370000,0.002769
2025-05-01T14:15:34.380000,0.009484
2025-05-01T14:15:34.390000,-0.010611
2025-05-01T14:15:34.400000,-0.002800
2025-05-01T14:15:34.410000,-0.018790
2025-05-01T14:15:34.420000,0.004462
2025-05-01T14:15:34.430000,0.000315
2025-05-01T14:15:34.440000,0.007937
2025-05-01T14:15:34.450000,0.009472
2025-05-01T14:15:34.460000,-0.015405
2025-05-01T14:15:34.470000,-0.023919
2025-05-01T14:15:34.480000,-0.010229
2025-05-01T14:15:34.490000,-0.006028
2025-05-01T14:15:34.500000,0.012325
2025-05-01T14:15:34.510000,0.014228
2025-05-01T14:15:34.520000,-0.002529
2025-05-01T14:15:34.530000,0.017639
2025-05-01T14:15:34.540000,0.005036
2025-05-01T14:15:34.550000,0.004087
2025-05-01T14:15:34.560000,0.001044
2025-05-01T14:15:34.570000,-0.010410
2025-05-01T14:15:34.580000,0.014792
2025-05-01T14:15:34.590000,0.007897
2025-05-01T14:15:34.600000,0.005618
2025-05-01T14:15:34.610000,-0.003830
2025-05-01T14:15:34.620000,-0.000577
2025-05-01T14:15:34.630000,-0.013646
2025-05-01T14:15:34.640000,-0.012636
2025-05-01T14:15:34.650000,-0.009946
2025-05-01T14:15:34.660000,-0.008643
2025-05-01T14:15:34.670000,0.006977
2025-05-01T14:15:34.680000,0.000674
2025-05-01T14:15:34.690000,-0.003117
2025-05-01T14:15:34.700000,0.007684
2025-05-01T14:15:34.710000,0.009909
2025-05-01T14:15:34.720000,-0.000284
2025-05-01T14:15:34.730000,0.000554
2025-05-01T14:15:34.740000,0.008921
2025-05-01T14:15:34.750000,-0.008184
2025-05-01T14:15:34.760000,0.012810
2025-05-01T14:15:34.770000,-0.018733
2025-05-01T14:15:34.780000,0.013835
2025-05-01T14:15:34.790000,0.002256
2025-05-01T14:15:34.800000,0.004978
2025-05-01T14:15:34.810000,0.001794
2025-05-01T14:15:34.820000,-0.011185
2025-05-01T14:15:34.830000,-0.021428
2025-05-01T14:15:34.840000,0.005282
2025-05-01T14:15:34.850000,-0.018384
2025-05-01T14:15:34.860000,-0.002746
2025-05-01T14:15:34.870000,-0.002488
2025-05-01T14:15:34.880000,0.009216
2025-05-01T14:15:34.890000,0.004613
2025-05-01T14:15:34.900000,-0.000101
2025-05-01T14:15:34.910000,0.013080
2025-05-01T14:15:34.920000,0.020067
2025-05-01T14:15:34.930000,0.006459
2025-05-01T14:15:34.940000,0.007184
2025-05-01T14:15:34.950000,0.004090
2025-05-01T14:15:34.960000,-0.000173
2025-05-01T14:15:34.970000,0.000787
2025-05-01T14:15:34.980000,-0.005367
2025-05-01T14:15:34.990000,-0.011489
2025-05-01T14:15:35,0.003527
2025-05-01T14:15:35.010000,0.002782
2025-05-01T14:15:35.020000,0.010690
2025-05-01T14:15:35.030000,-0.003835
2025-05-01T14:15:35.040000,0.015940
2025-05-01T14:15:35.050000,0.029374
2025-05-01T14:15:35.060000,-0.000608
2025-05-01T14:15:35.070000,-0.003239
2025-05-01T14:15:35.080000,-0.002907
2025-05-01T14:15:35.090000,0.006741
2025-05-01T14:15:35.100000,0.004947
2025-05-01T14:15:35.110000,-0.008056
2025-05-01T14:15:35.120000,0.005734
2025-05-01T14:15:35.130000,-0.005630
2025-05-01T14:15:35.140000,0.003841
2025-05-01T14:15:35.150000,-0.006585
2025-05-01T14:15:35.160000,-0.001781
2025-05-01T14:15:35.170000,-0.018482
2025-05-01T14:15:35.180000,0.008803
2025-05-01T14:15:35.190000,0.001945
2025-05-01T14:15:35.200000,0.002775
2025-05-01T14:15:35.210000,0.015914
2025-05-01T14:15:35.220000,-0.021767
2025-05-01T14:15:35.230000,-0.006970
2025-05-01T14:15:35.240000,-0.004789
2025-05-01T14:15:35.250000,-0.001808
2025-05-01T14:15:35.260000,0.019348
2025-05-01T14:15:35.270000,0.005822
2025-05-01T14:15:35.280000,0.005760
2025-05-01T14:15:35.290000,0.007366
2025-05-01T14:15:35.300000,0.000417
2025-05-01T14:15:35.310000,-0.005558
2025-05-01T14:15:35.320000,-0.003963
2025-05-01T14:15:35.330000,0.012666
2025-05-01T14:15:35.340000,-0.016993
2025-05-01T14:15:35.350000,0.002350
2025-05-01T14:15:35.360000,-0.005880
2025-05-01T14:15:35.370000,-0.004817
2025-05-01T14:15:35.380000,0.002869
2025-05-01T14:15:35.390000,-0.003502
2025-05-01T14:15:35.400000,-0.004659
2025-05-01T14:15:35.410000,-0.006878
2025-05-01T14:15:35.420000,-0.015447
2025-05-01T14:15:35.430000,0.012270
2025-05-01T14:15:35.440000,0.006834
2025-05-01T14:15:35.450000,-0.015074
2025-05-01T14:15:35.460000,-0.007004
2025-05-01T14:15:35.470000,0.004196
2025-05-01T14:15:35.480000,-0.002862
2025-05-01T14:15:35.490000,-0.011166
2025-05-01T14:15:35.500000,-0.027430
2025-05-01T14:15:35.510000,-0.005878
2025-05-01T14:15:35.520000,0.008564
2025-05-01T14:15:35.530000,0.001008
2025-05-01T14:15:35.540000,-0.013103
2025-05-01T14:15:35.550000,-0.012593
2025-05-01T14:15:35.560000,-0.000586
2025-05-01T14:15:35.570000,-0.011411
2025-05-01T14:15:35.580000,-0.006798
2025-05-01T14:15:35.590000,0.001154
2025-05-01T14:15:35.600000,0.008662
2025-05-01T14:15:35.610000,0.025768
2025-05-01T14:15:35.620000,0.003076
2025-05-01T14:15:35.630000,0.020955
2025-05-01T14:15:35.640000,0.006309
2025-05-01T14:15:35.650000,-0.001541
2025-05-01T14:15:35.660000,0.001451
2025-05-01T14:15:35.670000,0.018562
2025-05-01T14:15:35.680000,0.004212
2025-05-01T14:15:35.690000,-0.008477
2025-05-01T14:15:35.700000,0.011415
2025-05-01T14:15:35.710000,-0.017375
2025-05-01T14:15:35.720000,-0.013824
2025-05-01T14:15:35.730000,0.009096
2025-05-01T14:15:35.740000,0.003136
2025-05-01T14:15:35.750000,0.001575
2025-05-01T14:15:35.760000,0.013876
2025-05-01T14:15:35.770000,-0.007682
2025-05-01T14:15:35.780000,0.008864
2025-05-01T14:15:35.790000,0.002526
2025-05-01T14:15:35.800000,0.004999
2025-05-01T14:15:35.810000,0.012551
2025-05-01T14:15:35.820000,-0.011594
2025-05-01T14:15:35.830000,0.005229
2025-05-01T14:15:35.840000,0.020128
2025-05-01T14:15:35.850000,0.017904
2025-05-01T14:15:35.860000,0.000048
2025-05-01T14:15:35.870000,0.000167
2025-05-01T14:15:35.880000,0.002851
2025-05-01T14:15:35.890000,-0.001953
2025-05-01T14:15:35.900000,0.003028
2025-05-01T14:15:35.910000,0.025047
2025-05-01T14:15:35.920000,-0.000566
2025-05-01T14:15:35.930000,0.008064
2025-05-01T14:15:35.940000,0.009109
2025-05-01T14:15:35.950000,-0.002895
2025-05-01T14:15:35.960000,0.009640
2025-05-01T14:15:35.970000,0.004948
2025-05-01T14:15:35.980000,-0.001183
2025-05-01T14:15:35.990000,0.003996
2025-05-01T14:15:36,0.009502
2025-05-01T14:15:36.010000,-0.019350
2025-05-01T14:15:36.020000,0.005134
2025-05-01T14:15:36.030000,0.003976
2025-05-01T14:15:36.040000,-0.003478
2025-05-01T14:15:36.050000,0.002238
2025-05-01T14:15:36.060000,0.002563
2025-05-01T14:15:36.070000,0.007428
2025-05-01T14:15:36.080000,-0.017726
2025-05-01T14:15:36.090000,-0.005017
2025-05-01T14:15:36.100000,-0.016439
2025-05-01T14:15:36.110000,-0.000385
2025-05-01T14:15:36.120000,0.000636
2025-05-01T14:15:36.130000,0.009051
2025-05-01T14:15:36.140000,-0.010458
2025-05-01T14:15:36.150000,0.008347
2025-05-01T14:15:36.160000,0.011386
2025-05-01T14:15:36.170000,0.022370
2025-05-01T14:15:36.180000,0.009311
2025-05-01T14:15:36.190000,-0.003365
2025-05-01T14:15:36.200000,0.021584
2025-05-01T14:15:36.210000,-0.017479
2025-05-01T14:15:36.220000,0.018945
2025-05-01T14:15:36.230000,0.003268
2025-05-01T14:15:36.240000,0.002660
2025-05-01T14:15:36.250000,-0.013556
2025-05-01T14:15:36.260000,-0.000936
2025-05-01T14:15:36.270000,-0.003444
2025-05-01T14:15:36.280000,0.003370
2025-05-01T14:15:36.290000,0.004158
2025-05-01T14:15:36.300000,-0.023209
2025-05-01T14:15:36.310000,-0.007030
2025-05-01T14:15:36.320000,0.003957
2025-05-01T14:15:36.330000,0.000565
2025-05-01T14:15:36.340000,0.009747
2025-05-01T14:15:36.350000,0.010303
2025-05-01T14:15:36.360000,0.001570
2025-05-01T14:15:36.370000,-0.012908
2025-05-01T14:15:36.380000,-0.005746
2025-05-01T14:15:36.390000,0.004493
2025-05-01T14:15:36.400000,0.017380
2025-05-01T14:15:36.410000,-0.001679
2025-05-01T14:15:36.420000,-0.006380
2025-05-01T14:15:36.430000,0.003895
2025-05-01T14:15:36.440000,-0.015567
2025-05-01T14:15:36.450000,0.001753
2025-05-01T14:15:36.460000,-0.008628
2025-05-01T14:15:36.470000,-0.003682
2025-05-01T14:15:36.480000,-0.012056
2025-05-01T14:15:36.490000,-0.016141
2025-05-01T14:15:36.500000,0.007271
2025-05-01T14:15:36.510000,-0.011260
2025-05-01T14:15:36.520000,0.004853
2025-05-01T14:15:36.530000,0.012378
2025-05-01T14:15:36.540000,-0.001397
2025-05-01T14:15:36.550000,0.014728
2025-05-01T14:15:36.560000,-0.000784
2025-05-01T14:15:36.570000,-0.007332
2025-05-01T14:15:36.580000,0.005011
2025-05-01T14:15:36.590000,-0.006950
2025-05-01T14:15:36.600000,-0.031236
2025-05-01T14:15:36.610000,0.001309
2025-05-01T14:15:36.620000,-0.013295
2025-05-01T14:15:36.630000,-0.007892
2025-05-01T14:15:36.640000,-0.011111
2025-05-01T14:15:36.650000,0.007019
2025-05-01T14:15:36.660000,0.005890
2025-05-01T14:15:36.670000,-0.006065
2025-05-01T14:15:36.680000,0.003972
2025-05-01T14:15:36.690000,-0.008056
2025-05-01T14:15:36.700000,-0.003203
2025-05-01T14:15:36.710000,0.018756
2025-05-01T14:15:36.720000,0.006168
2025-05-01T14:15:36.730000,-0.011169
2025-05-01T14:15:36.740000,0.004857
2025-05-01T14:15:36.750000,-0.006045
2025-05-01T14:15:36.760000,-0.007349
2025-05-01T14:15:36.770000,0.001247
2025-05-01T14:15:36.780000,-0.013643
2025-05-01T14:15:36.790000,0.007099
2025-05-01T14:15:36.800000,0.009230
2025-05-01T14:15:36.810000,-0.009327
2025-05-01T14:15:36.820000,0.003554
2025-05-01T14:15:36.830000,0.003868
2025-05-01T14:15:36.840000,0.009120
2025-05-01T14:15:36.850000,0.002134
2025-05-01T14:15:36.860000,-0.010744
2025-05-01T14:15:36.870000,-0.013711
2025-05-01T14:15:36.880000,0.009166
2025-05-01T14:15:36.890000,0.004486
2025-05-01T14:15:36.900000,-0.007024
2025-05-01T14:15:36.910000,0.002987
2025-05-01T14:15:36.920000,0.004400
2025-05-01T14:15:36.930000,-0.011505
2025-05-01T14:15:36.940000,-0.000066
2025-05-01T14:15:36.950000,0.000668
2025-05-01T14:15:36.960000,0.000025
2025-05-01T14:15:36.970000,0.005712
2025-05-01T14:15:36.980000,-0.014355
2025-05-01T14:15:36.990000,-0.000370
2025-05-01T14:15:37,0.015009
2025-05-01T14:15:37.010000,0.010525
2025-05-01T14:15:37.020000,0.014396
2025-05-01T14:15:37.030000,0.002387
2025-05-01T14:15:37.040000,0.007677
2025-05-01T14:15:37.050000,-0.007536
2025-05-01T14:15:37.060000,-0.011040
2025-05-01T14:15:37.070000,0.007595
2025-05-01T14:15:37.080000,0.003833
2025-05-01T14:15:37.090000,-0.001216
2025-05-01T14:15:37.100000,0.007659
2025-05-01T14:15:37.110000,-0.003040
2025-05-01T14:15:37.120000,0.006585
2025-05-01T14:15:37.130000,0.005129
2025-05-01T14:15:37.140000,0.003535
2025-05-01T14:15:37.150000,-0.008015
2025-05-01T14:15:37.160000,0.008005
2025-05-01T14:15:37.170000,0.010322
2025-05-01T14:15:37.180000,-0.015831
2025-05-01T14:15:37.190000,0.007444
2025-05-01T14:15:37.200000,0.015069
2025-05-01T14:15:37.210000,0.016268
2025-05-01T14:15:37.220000,0.001394
2025-05-01T14:15:37.230000,-0.003301
2025-05-01T14:15:37.240000,-0.004075
2025-05-01T14:15:37.250000,-0.000187
2025-05-01T14:15:37.260000,-0.004254
2025-05-01T14:15:37.270000,0.006515
2025-05-01T14:15:37.280000,0.011866
2025-05-01T14:15:37.290000,0.000114
2025-05-01T14:15:37.300000,-0.026330
2025-05-01T14:15:37.310000,0.011465
2025-05-01T14:15:37.320000,0.015297
2025-05-01T14:15:37.330000,-0.004629
2025-05-01T14:15:37.340000,-0.000277
2025-05-01T14:15:37.350000,0.008713
2025-05-01T14:15:37.360000,-0.011015
2025-05-01T14:15:37.370000,-0.000536
2025-05-01T14:15:37.380000,0.019396
2025-05-01T14:15:37.390000,0.004754
2025-05-01T14:15:37.400000,-0.011290
2025-05-01T14:15:37.410000,-0.000062
2025-05-01T14:15:37.420000,-0.006152
2025-05-01T14:15:37.430000,0.006097
2025-05-01T14:15:37.440000,0.014986
2025-05-01T14:15:37.450000,-0.026087
2025-05-01T14:15:37.460000,0.006409
2025-05-01T14:15:37.470000,0.011622
2025-05-01T14:15:37.480000,-0.000530
2025-05-01T14:15:37.490000,-0.006217
2025-05-01T14:15:37.500000,0.006123
2025-05-01T14:15:37.510000,0.020216
2025-05-01T14:15:37.520000,0.012653
2025-05-01T14:15:37.530000,0.002254
2025-05-01T14:15:37.540000,0.001459
2025-05-01T14:15:37.550000,0.001077
2025-05-01T14:15:37.560000,-0.001436
2025-05-01T14:15:37.570000,0.007495
2025-05-01T14:15:37.580000,-0.005492
2025-05-01T14:15:37.590000,-0.006489
2025-05-01T14:15:37.600000,-0.001477
2025-05-01T14:15:37.610000,0.009606
2025-05-01T14:15:37.620000,0.002366
2025-05-01T14:15:37.630000,-0.025909
2025-05-01T14:15:37.640000,-0.008437
2025-05-01T14:15:37.650000,0.012292
2025-05-01T14:15:37.660000,-0.003335
2025-05-01T14:15:37.670000,-0.004133
2025-05-01T14:15:37.680000,0.001514
2025-05-01T14:15:37.690000,-0.004785
2025-05-01T14:15:37.700000,0.001570
2025-05-01T14:15:37.710000,-0.000207
2025-05-01T14:15:37.720000,-0.000086
2025-05-01T14:15:37.730000,0.011221
2025-05-01T14:15:37.740000,0.005750
2025-05-01T14:15:37.750000,-0.010194
2025-05-01T14:15:37.760000,0.013607
2025-05-01T14:15:37.770000,0.004269
2025-05-01T14:15:37.780000,-0.005971
2025-05-01T14:15:37.790000,0.000078
2025-05-01T14:15:37.800000,-0.002036
2025-05-01T14:15:37.810000,-0.021945
2025-05-01T14:15:37.820000,-0.001380
2025-05-01T14:15:37.830000,-0.008337
2025-05-01T14:15:37.840000,0.003088
2025-05-01T14:15:37.850000,0.001490
2025-05-01T14:15:37.860000,0.004976
2025-05-01T14:15:37.870000,0.022236
2025-05-01T14:15:37.880000,-0.005758
2025-05-01T14:15:37.890000,0.005125
2025-05-01T14:15:37.900000,-0.015809
2025-05-01T14:15:37.910000,0.011910
2025-05-01T14:15:37.920000,0.014933
2025-05-01T14:15:37.930000,0.007134
2025-05-01T14:15:37.940000,-0.008336
2025-05-01T14:15:37.950000,0.002078
2025-05-01T14:15:37.960000,0.000121
2025-05-01T14:15:37.970000,-0.011102
2025-05-01T14:15:37.980000,-0.015719
2025-05-01T14:15:37.990000,-0.010027
2025-05-01T14:15:38,-0.003371
2025-05-01T14:15:38.010000,-0.010024
2025-05-01T14:15:38.020000,0.010541
2025-05-01T14:15:38.030000,0.008449
2025-05-01T14:15:38.040000,0.008032
2025-05-01T14:15:38.050000,-0.018802
2025-05-01T14:15:38.060000,-0.013985
2025-05-01T14:15:38.070000,0.012800
2025-05-01T14:15:38.080000,0.000301
2025-05-01T14:15:38.090000,-0.002978
2025-05-01T14:15:38.100000,0.010015
2025-05-01T14:15:38.110000,0.002394
2025-05-01T14:15:38.120000,0.008889
2025-05-01T14:15:38.130000,0.004814
2025-05-01T14:15:38.140000,-0.002592
2025-05-01T14:15:38.150000,-0.015731
2025-05-01T14:15:38.160000,-0.006739
2025-05-01T14:15:38.170000,0.000342
2025-05-01T14:15:38.180000,-0.008855
2025-05-01T14:15:38.190000,-0.013824
2025-05-01T14:15:38.200000,-0.008380
2025-05-01T14:15:38.210000,-0.015949
2025-05-01T14:15:38.220000,-0.003475
2025-05-01T14:15:38.230000,-0.003856
2025-05-01T14:15:38.240000,-0.012091
2025-05-01T14:15:38.250000,-0.000210
2025-05-01T14:15:38.260000,-0.000896
2025-05-01T14:15:38.270000,-0.002461
2025-05-01T14:15:38.280000,-0.002751
2025-05-01T14:15:38.290000,-0.006170
2025-05-01T14:15:38.300000,0.027379
2025-05-01T14:15:38.310000,-0.006609
2025-05-01T14:15:38.320000,0.011715
2025-05-01T14:15:38.330000,0.005998
2025-05-01T14:15:38.340000,0.009461
2025-05-01T14:15:38.350000,0.003752
2025-05-01T14:15:38.360000,0.025922
2025-05-01T14:15:38.370000,0.001681
2025-05-01T14:15:38.380000,0.003741
2025-05-01T14:15:38.390000,-0.004791
2025-05-01T14:15:38.400000,0.001311
2025-05-01T14:15:38.410000,0.015695
2025-05-01T14:15:38.420000,-0.002615
2025-05-01T14:15:38.430000,-0.016384
2025-05-01T14:15:38.440000,0.011743
2025-05-01T14:15:38.450000,-0.010531
2025-05-01T14:15:38.460000,0.007975
2025-05-01T14:15:38.470000,-0.016257
2025-05-01T14:15:38.480000,0.004400
2025-05-01T14:15:38.490000,0.013787
2025-05-01T14:15:38.500000,-0.014601
2025-05-01T14:15:38.510000,-0.008370
2025-05-01T14:15:38.520000,-0.002302
2025-05-01T14:15:38.530000,-0.015056
2025-05-01T14:15:38.540000,0.000065
2025-05-01T14:15:38.550000,-0.013450
2025-05-01T14:15:38.560000,-0.001226
2025-05-01T14:15:38.570000,0.011647
2025-05-01T14:15:38.580000,-0.007102
2025-05-01T14:15:38.590000,0.004138
2025-05-01T14:15:38.600000,-0.002054
2025-05-01T14:15:38.610000,-0.015150
2025-05-01T14:15:38.620000,-0.023943
2025-05-01T14:15:38.630000,0.009594
2025-05-01T14:15:38.640000,0.004131
2025-05-01T14:15:38.650000,0.007684
2025-05-01T14:15:38.660000,-0.012516
2025-05-01T14:15:38.670000,0.003669
2025-05-01T14:15:38.680000,-0.011309
2025-05-01T14:15:38.690000,0.001817
2025-05-01T14:15:38.700000,0.010008
2025-05-01T14:15:38.710000,0.001495
2025-05-01T14:15:38.720000,0.004141
2025-05-01T14:15:38.730000,-0.007189
2025-05-01T14:15:38.740000,0.010536
2025-05-01T14:15:38.750000,-0.005809
2025-05-01T14:15:38.760000,-0.005367
2025-05-01T14:15:38.770000,0.016231
2025-05-01T14:15:38.780000,-0.001712
2025-05-01T14:15:38.790000,-0.018071
2025-05-01T14:15:38.800000,-0.022641
2025-05-01T14:15:38.810000,0.009147
2025-05-01T14:15:38.820000,-0.005008
2025-05-01T14:15:38.830000,0.009981
2025-05-01T14:15:38.840000,0.010365
2025-05-01T14:15:38.850000,-0.003342
2025-05-01T14:15:38.860000,-0.000258
2025-05-01T14:15:38.870000,0.008142
2025-05-01T14:15:38.880000,0.008521
2025-05-01T14:15:38.890000,0.015271
2025-05-01T14:15:38.900000,-0.004451
2025-05-01T14:15:38.910000,-0.004094
2025-05-01T14:15:38.920000,0.010932
2025-05-01T14:15:38.930000,-0.004691
2025-05-01T14:15:38.940000,0.002053
2025-05-01T14:15:38.950000,-0.000680
2025-05-01T14:15:38.960000,0.003823
2025-05-01T14:15:38.970000,0.020936
2025-05-01T14:15:38.980000,0.002944
2025-05-01T14:15:38.990000,-0.003984
2025-05-01T14:15:39,0.000786
2025-05-01T14:15:39.010000,0.008316
2025-05-01T14:15:39.020000,-0.010805
2025-05-01T14:15:39.030000,-0.001738
2025-05-01T14:15:39.040000,-0.008868
2025-05-01T14:15:39.050000,0.002301
2025-05-01T14:15:39.060000,0.010042
2025-05-01T14:15:39.070000,-0.002515
2025-05-01T14:15:39.080000,0.008392
2025-05-01T14:15:39.090000,0.015171
2025-05-01T14:15:39.100000,0.004421
2025-05-01T14:15:39.110000,0.003624
2025-05-01T14:15:39.120000,-0.016401
2025-05-01T14:15:39.130000,0.007546
2025-05-01T14:15:39.140000,-0.011635
2025-05-01T14:15:39.150000,0.003333
2025-05-01T14:15:39.160000,0.008455
2025-05-01T14:15:39.170000,0.030185
2025-05-01T14:15:39.180000,0.002182
2025-05-01T14:15:39.190000,0.001120
2025-05-01T14:15:39.200000,0.007660
2025-05-01T14:15:39.210000,-0.000289
2025-05-01T14:15:39.220000,0.011682
2025-05-01T14:15:39.230000,0.001198
2025-05-01T14:15:39.240000,-0.012156
2025-05-01T14:15:39.250000,-0.004545
2025-05-01T14:15:39.260000,-0.003211
2025-05-01T14:15:39.270000,0.000672
2025-05-01T14:15:39.280000,0.012191
2025-05-01T14:15:39.290000,-0.007367
2025-05-01T14:15:39.300000,-0.008749
2025-05-01T14:15:39.310000,0.016132
2025-05-01T14:15:39.320000,0.003391
2025-05-01T14:15:39.330000,0.012412
2025-05-01T14:15:39.340000,-0.002888
2025-05-01T14:15:39.350000,0.013836
2025-05-01T14:15:39.360000,0.004995
2025-05-01T14:15:39.370000,-0.006089
2025-05-01T14:15:39.380000,0.001369
2025-05-01T14:15:39.390000,-0.014230
2025-05-01T14:15:39.400000,0.003706
2025-05-01T14:15:39.410000,0.000029
2025-05-01T14:15:39.420000,0.007843
2025-05-01T14:15:39.430000,-0.002897
2025-05-01T14:15:39.440000,0.018008
2025-05-01T14:15:39.450000,0.009272
2025-05-01T14:15:39.460000,-0.005579
2025-05-01T14:15:39.470000,0.018609
2025-05-01T14:15:39.480000,-0.017094
2025-05-01T14:15:39.490000,0.001907
2025-05-01T14:15:39.500000,0.001717
2025-05-01T14:15:39.510000,-0.012864
2025-05-01T14:15:39.520000,-0.007730
2025-05-01T14:15:39.530000,0.004965
2025-05-01T14:15:39.540000,0.017661
2025-05-01T14:15:39.550000,-0.020104
2025-05-01T14:15:39.560000,0.001633
2025-05-01T14:15:39.570000,0.001509
2025-05-01T14:15:39.580000,-0.017184
2025-05-01T14:15:39.590000,-0.000855
2025-05-01T14:15:39.600000,-0.020170
2025-05-01T14:15:39.610000,0.009253
2025-05-01T14:15:39.620000,-0.000892
2025-05-01T14:15:39.630000,0.002714
2025-05-01T14:15:39.640000,0.001977
2025-05-01T14:15:39.650000,0.011626
2025-05-01T14:15:39.660000,0.003391
2025-05-01T14:15:39.670000,-0.020388
2025-05-01T14:15:39.680000,0.004940
2025-05-01T14:15:39.690000,-0.007109
2025-05-01T14:15:39.700000,0.002930
2025-05-01T14:15:39.710000,-0.001207
2025-05-01T14:15:39.720000,-0.003951
2025-05-01T14:15:39.730000,0.008702
2025-05-01T14:15:39.740000,-0.003617
2025-05-01T14:15:39.750000,0.003354
2025-05-01T14:15:39.760000,-0.005933
2025-05-01T14:15:39.770000,-0.018478
2025-05-01T14:15:39.780000,0.004434
2025-05-01T14:15:39.790000,-0.010858
2025-05-01T14:15:39.800000,0.010530
2025-05-01T14:15:39.810000,-0.022765
2025-05-01T14:15:39.820000,-0.001566
2025-05-01T14:15:39.830000,0.008685
2025-05-01T14:15:39.840000,0.000703
2025-05-01T14:15:39.850000,0.016688
2025-05-01T14:15:39.860000,0.000910
2025-05-01T14:15:39.870000,0.006142
2025-05-01T14:15:39.880000,-0.010485
2025-05-01T14:15:39.890000,0.000004
2025-05-01T14:15:39.900000,-0.005949
2025-05-01T14:15:39.910000,0.003556
2025-05-01T14:15:39.920000,0.002135
2025-05-01T14:15:39.930000,-0.008349
2025-05-01T14:15:39.940000,0.021914
2025-05-01T14:15:39.950000,0.007890
2025-05-01T14:15:39.960000,0.009149
2025-05-01T14:15:39.970000,0.011399
2025-05-01T14:15:39.980000,0.005462
2025-05-01T14:15:39.990000,-0.014071
2025-05-01T14:15:40,-0.002420
2025-05-01T14:15:40.010000,-0.000996
2025-05-01T14:15:40.020000,-0.007135
2025-05-01T14:15:40.030000,-0.006546
2025-05-01T14:15:40.040000,-0.011019
2025-05-01T14:15:40.050000,0.000819
2025-05-01T14:15:40.060000,0.007733
2025-05-01T14:15:40.070000,0.011361
2025-05-01T14:15:40.080000,-0.007924
2025-05-01T14:15:40.090000,0.004049
2025-05-01T14:15:40.100000,0.009912
2025-05-01T14:15:40.110000,-0.014513
2025-05-01T14:15:40.120000,-0.010690
2025-05-01T14:15:40.130000,-0.013141
2025-05-01T14:15:40.140000,0.007095
2025-05-01T14:15:40.150000,0.002506
2025-05-01T14:15:40.160000,-0.012231
2025-05-01T14:15:40.170000,-0.006244
2025-05-01T14:15:40.180000,0.000976
2025-05-01T14:15:40.190000,-0.022111
2025-05-01T14:15:40.200000,0.013492
2025-05-01T14:15:40.210000,-0.000400
2025-05-01T14:15:40.220000,0.006514
2025-05-01T14:15:40.230000,-0.014977
2025-05-01T14:15:40.240000,-0.006430
2025-05-01T14:15:40.250000,0.005548
2025-05-01T14:15:40.260000,-0.011660
2025-05-01T14:15:40.270000,0.014462
2025-05-01T14:15:40.280000,0.009465
2025-05-01T14:15:40.290000,0.007379
2025-05-01T14:15:40.300000,0.021539
2025-05-01T14:15:40.310000,0.003293
2025-05-01T14:15:40.320000,-0.009912
2025-05-01T14:15:40.330000,0.000927
2025-05-01T14:15:40.340000,-0.003495
2025-05-01T14:15:40.350000,0.014135
2025-05-01T14:15:40.360000,0.003439
2025-05-01T14:15:40.370000,0.000734
2025-05-01T14:15:40.380000,-0.008046
2025-05-01T14:15:40.390000,-0.003858
2025-05-01T14:15:40.400000,0.008710
2025-05-01T14:15:40.410000,-0.004613
2025-05-01T14:15:40.420000,-0.009982
2025-05-01T14:15:40.430000,-0.013920
2025-05-01T14:15:40.440000,-0.009474
2025-05-01T14:15:40.450000,-0.005756
2025-05-01T14:15:40.460000,0.003197
2025-05-01T14:15:40.470000,-0.011388
2025-05-01T14:15:40.480000,0.000527
2025-05-01T14:15:40.490000,-0.010919
2025-05-01T14:15:40.500000,-0.002595
2025-05-01T14:15:40.510000,-0.007994
2025-05-01T14:15:40.520000,-0.026353
2025-05-01T14:15:40.530000,-0.009572
2025-05-01T14:15:40.540000,-0.003155
2025-05-01T14:15:40.550000,-0.012551
2025-05-01T14:15:40.560000,0.002407
2025-05-01T14:15:40.570000,-0.023888
2025-05-01T14:15:40.580000,0.010200
2025-05-01T14:15:40.590000,-0.003491
2025-05-01T14:15:40.600000,0.001722
2025-05-01T14:15:40.610000,0.000302
2025-05-01T14:15:40.620000,-0.009404
2025-05-01T14:15:40.630000,-0.002786
2025-05-01T14:15:40.640000,-0.006229
2025-05-01T14:15:40.650000,-0.002230
2025-05-01T14:15:40.660000,0.016462
2025-05-01T14:15:40.670000,-0.002106
2025-05-01T14:15:40.680000,0.007678
2025-05-01T14:15:40.690000,0.004385
2025-05-01T14:15:40.700000,-0.010721
2025-05-01T14:15:40.710000,0.023255
2025-05-01T14:15:40.720000,-0.001906
2025-05-01T14:15:40.730000,-0.014453
2025-05-01T14:15:40.740000,-0.008017
2025-05-01T14:15:40.750000,-0.001593
2025-05-01T14:15:40.760000,0.006742
2025-05-01T14:15:40.770000,-0.008650
2025-05-01T14:15:40.780000,0.011767
2025-05-01T14:15:40.790000,-0.001677
2025-05-01T14:15:40.800000,-0.011510
2025-05-01T14:15:40.810000,-0.027296
2025-05-01T14:15:40.820000,-0.014874
2025-05-01T14:15:40.830000,0.004244
2025-05-01T14:15:40.840000,0.010968
2025-05-01T14:15:40.850000,0.010452
2025-05-01T14:15:40.860000,-0.013150
2025-05-01T14:15:40.870000,-0.003034
2025-05-01T14:15:40.880000,0.012383
2025-05-01T14:15:40.890000,-0.008304
2025-05-01T14:15:40.900000,-0.011050
2025-05-01T14:15:40.910000,-0.011774
2025-05-01T14:15:40.920000,-0.002746
2025-05-01T14:15:40.930000,0.005912
2025-05-01T14:15:40.940000,-0.004940
2025-05-01T14:15:40.950000,0.012251
2025-05-01T14:15:40.960000,0.002544
2025-05-01T14:15:40.970000,-0.005476
2025-05-01T14:15:40.980000,-0.018978
2025-05-01T14:15:40.990000,0.000498
2025-05-01T14:15:41,0.007572
2025-05-01T14:15:41.010000,0.023233
2025-05-01T14:15:41.020000,0.012726
2025-05-01T14:15:41.030000,0.013910
2025-05-01T14:15:41.040000,-0.001547
2025-05-01T14:15:41.050000,0.010966
2025-05-01T14:15:41.060000,0.012796
2025-05-01T14:15:41.070000,-0.004218
2025-05-01T14:15:41.080000,0.008539
2025-05-01T14:15:41.090000,-0.018923
2025-05-01T14:15:41.100000,-0.003623
2025-05-01T14:15:41.110000,-0.000449
2025-05-01T14:15:41.120000,-0.001118
2025-05-01T14:15:41.130000,-0.013942
2025-05-01T14:15:41.140000,0.003960
2025-05-01T14:15:41.150000,-0.003537
2025-05-01T14:15:41.160000,-0.003387
2025-05-01T14:15:41.170000,-0.003469
2025-05-01T14:15:41.180000,0.004157
2025-05-01T14:15:41.190000,0.006011
2025-05-01T14:15:41.200000,0.004257
2025-05-01T14:15:41.210000,0.003827
2025-05-01T14:15:41.220000,0.007288
2025-05-01T14:15:41.230000,-0.004961
2025-05-01T14:15:41.240000,-0.009389
2025-05-01T14:15:41.250000,-0.007639
2025-05-01T14:15:41.260000,0.008670
2025-05-01T14:15:41.270000,0.006134
2025-05-01T14:15:41.280000,-0.015518
2025-05-01T14:15:41.290000,0.017215
2025-05-01T14:15:41.300000,0.002237
2025-05-01T14:15:41.310000,0.016304
2025-05-01T14:15:41.320000,-0.004762
2025-05-01T14:15:41.330000,-0.012976
2025-05-01T14:15:41.340000,0.006574
2025-05-01T14:15:41.350000,0.012123
2025-05-01T14:15:41.360000,0.010846
2025-05-01T14:15:41.370000,0.007563
2025-05-01T14:15:41.380000,-0.006737
2025-05-01T14:15:41.390000,-0.008546
2025-05-01T14:15:41.400000,-0.005019
2025-05-01T14:15:41.410000,-0.009217
2025-05-01T14:15:41.420000,-0.000358
2025-05-01T14:15:41.430000,0.008608
2025-05-01T14:15:41.440000,0.000416
2025-05-01T14:15:41.450000,-0.002258
2025-05-01T14:15:41.460000,0.014937
2025-05-01T14:15:41.470000,0.002369
2025-05-01T14:15:41.480000,0.008745
2025-05-01T14:15:41.490000,0.004989
2025-05-01T14:15:41.500000,-0.005853
2025-05-01T14:15:41.510000,-0.007157
2025-05-01T14:15:41.520000,0.009853
2025-05-01T14:15:41.530000,-0.006683
2025-05-01T14:15:41.540000,0.007381
2025-05-01T14:15:41.550000,-0.007296
2025-05-01T14:15:41.560000,-0.006734
2025-05-01T14:15:41.570000,-0.009331
2025-05-01T14:15:41.580000,0.010134
2025-05-01T14:15:41.590000,0.014166
2025-05-01T14:15:41.600000,0.004367
2025-05-01T14:15:41.610000,-0.013366
2025-05-01T14:15:41.620000,0.003882
2025-05-01T14:15:41.630000,0.003203
2025-05-01T14:15:41.640000,0.004820
2025-05-01T14:15:41.650000,-0.002746
2025-05-01T14:15:41.660000,0.009847
2025-05-01T14:15:41.670000,-0.012772
2025-05-01T14:15:41.680000,0.013721
2025-05-01T14:15:41.690000,-0.004192
2025-05-01T14:15:41.700000,0.002544
2025-05-01T14:15:41.710000,0.020634
2025-05-01T14:15:41.720000,-0.013666
2025-05-01T14:15:41.730000,0.004059
2025-05-01T14:15:41.740000,-0.006385
2025-05-01T14:15:41.750000,0.006429
2025-05-01T14:15:41.760000,0.001002
2025-05-01T14:15:41.770000,-0.017479
2025-05-01T14:15:41.780000,0.007901
2025-05-01T14:15:41.790000,0.008011
2025-05-01T14:15:41.800000,-0.004114
2025-05-01T14:15:41.810000,0.009032
2025-05-01T14:15:41.820000,0.002508
2025-05-01T14:15:41.830000,0.012202
2025-05-01T14:15:41.840000,0.012440
2025-05-01T14:15:41.850000,0.006431
2025-05-01T14:15:41.860000,-0.001497
2025-05-01T14:15:41.870000,-0.008744
2025-05-01T14:15:41.880000,0.002443
2025-05-01T14:15:41.890000,-0.000600
2025-05-01T14:15:41.900000,0.005621
2025-05-01T14:15:41.910000,-0.011544
2025-05-01T14:15:41.920000,-0.007306
2025-05-01T14:15:41.930000,-0.004065
2025-05-01T14:15:41.940000,0.007035
2025-05-01T14:15:41.950000,-0.003752
2025-05-01T14:15:41.960000,0.007223
2025-05-01T14:15:41.970000,0.021837
2025-05-01T14:15:41.980000,-0.005470
2025-05-01T14:15:41.990000,-0.000760
2025-05-01T14:15:42,-0.010712
2025-05-01T14:15:42.010000,0.004577
2025-05-01T14:15:42.020000,0.014967
2025-05-01T14:15:42.030000,0.002114
2025-05-01T14:15:42.040000,0.002499
2025-05-01T14:15:42.050000,0.015342
2025-05-01T14:15:42.060000,-0.003749
2025-05-01T14:15:42.070000,-0.000502
2025-05-01T14:15:42.080000,0.010638
2025-05-01T14:15:42.090000,-0.000880
2025-05-01T14:15:42.100000,0.002691
2025-05-01T14:15:42.110000,-0.000322
2025-05-01T14:15:42.120000,0.005494
2025-05-01T14:15:42.130000,0.008874
2025-05-01T14:15:42.140000,0.003106
2025-05-01T14:15:42.150000,-0.005905
2025-05-01T14:15:42.160000,0.011821
2025-05-01T14:15:42.170000,0.007591
2025-05-01T14:15:42.180000,-0.004879
2025-05-01T14:15:42.190000,0.005644
2025-05-01T14:15:42.200000,0.015556
2025-05-01T14:15:42.210000,0.016458
2025-05-01T14:15:42.220000,0.010754
2025-05-01T14:15:42.230000,0.017302
2025-05-01T14:15:42.240000,-0.021029
2025-05-01T14:15:42.250000,-0.010766
2025-05-01T14:15:42.260000,-0.006947
2025-05-01T14:15:42.270000,-0.008944
2025-05-01T14:15:42.280000,0.007023
2025-05-01T14:15:42.290000,0.005105
2025-05-01T14:15:42.300000,0.010670
2025-05-01T14:15:42.310000,0.004956
2025-05-01T14:15:42.320000,-0.006654
2025-05-01T14:15:42.330000,-0.000156
2025-05-01T14:15:42.340000,0.007879
2025-05-01T14:15:42.350000,-0.002445
2025-05-01T14:15:42.360000,-0.012846
2025-05-01T14:15:42.370000,-0.010647
2025-05-01T14:15:42.380000,0.005260
2025-05-01T14:15:42.390000,0.018196
2025-05-01T14:15:42.400000,0.009574
2025-05-01T14:15:42.410000,-0.006669
2025-05-01T14:15:42.420000,-0.007130
2025-05-01T14:15:42.430000,0.018726
2025-05-01T14:15:42.440000,0.005408
2025-05-01T14:15:42.450000,0.001421
2025-05-01T14:15:42.460000,0.006590
2025-05-01T14:15:42.470000,-0.019740
2025-05-01T14:15:42.480000,0.008180
2025-05-01T14:15:42.490000,0.002256
2025-05-01T14:15:42.500000,-0.006865
2025-05-01T14:15:42.510000,0.001249
2025-05-01T14:15:42.520000,-0.011733
2025-05-01T14:15:42.530000,-0.008959
2025-05-01T14:15:42.540000,0.012377
2025-05-01T14:15:42.550000,0.007686
2025-05-01T14:15:42.560000,0.017081
2025-05-01T14:15:42.570000,-0.003088
2025-05-01T14:15:42.580000,0.007969
2025-05-01T14:15:42.590000,-0.002918
2025-05-01T14:15:42.600000,0.002263
2025-05-01T14:15:42.610000,-0.001992
2025-05-01T14:15:42.620000,0.001452
2025-05-01T14:15:42.630000,-0.003140
2025-05-01T14:15:42.640000,0.007383
2025-05-01T14:15:42.650000,-0.003632
2025-05-01T14:15:42.660000,0.003276
2025-05-01T14:15:42.670000,0.008266
2025-05-01T14:15:42.680000,0.003609
2025-05-01T14:15:42.690000,0.018527
2025-05-01T14:15:42.700000,0.011613
2025-05-01T14:15:42.710000,0.013167
2025-05-01T14:15:42.720000,-0.009445
2025-05-01T14:15:42.730000,-0.015816
2025-05-01T14:15:42.740000,0.012238
2025-05-01T14:15:42.750000,0.017169
2025-05-01T14:15:42.760000,0.014586
2025-05-01T14:15:42.770000,-0.008802
2025-05-01T14:15:42.780000,-0.004438
2025-05-01T14:15:42.790000,-0.012498
2025-05-01T14:15:42.800000,-0.015989
2025-05-01T14:15:42.810000,-0.008555
2025-05-01T14:15:42.820000,-0.008037
2025-05-01T14:15:42.830000,0.011195
2025-05-01T14:15:42.840000,0.007741
2025-05-01T14:15:42.850000,0.009813
2025-05-01T14:15:42.860000,0.016566
2025-05-01T14:15:42.870000,-0.004739
2025-05-01T14:15:42.880000,0.019227
2025-05-01T14:15:42.890000,0.005052
2025-05-01T14:15:42.900000,-0.001381
2025-05-01T14:15:42.910000,0.004414
2025-05-01T14:15:42.920000,0.002740
2025-05-01T14:15:42.930000,0.012237
2025-05-01T14:15:42.940000,0.003187
2025-05-01T14:15:42.950000,0.002991
2025-05-01T14:15:42.960000,-0.030777
2025-05-01T14:15:42.970000,0.000169
2025-05-01T14:15:42.980000,-0.001294
2025-05-01T14:15:42.990000,0.008472
2025-05-01T14:15:43,-0.009499
2025-05-01T14:15:43.010000,0.003998
2025-05-01T14:15:43.020000,0.006045
2025-05-01T14:15:43.030000,-0.004132
2025-05-01T14:15:43.040000,0.009245
2025-05-01T14:15:43.050000,-0.000735
2025-05-01T14:15:43.060000,0.002245
2025-05-01T14:15:43.070000,-0.003797
2025-05-01T14:15:43.080000,0.005789
2025-05-01T14:15:43.090000,-0.009003
2025-05-01T14:15:43.100000,0.018104
2025-05-01T14:15:43.110000,0.004126
2025-05-01T14:15:43.120000,-0.002123
2025-05-01T14:15:43.130000,0.003869
2025-05-01T14:15:43.140000,0.005480
2025-05-01T14:15:43.150000,0.013928
2025-05-01T14:15:43.160000,-0.000721
2025-05-01T14:15:43.170000,0.011210
2025-05-01T14:15:43.180000,0.007076
2025-05-01T14:15:43.190000,-0.009835
2025-05-01T14:15:43.200000,0.008240
2025-05-01T14:15:43.210000,0.002699
2025-05-01T14:15:43.220000,0.000143
2025-05-01T14:15:43.230000,0.001255
2025-05-01T14:15:43.240000,-0.007328
2025-05-01T14:15:43.250000,-0.007306
2025-05-01T14:15:43.260000,-0.011184
2025-05-01T14:15:43.270000,-0.016569
2025-05-01T14:15:43.280000,0.009895
2025-05-01T14:15:43.290000,-0.010270
2025-05-01T14:15:43.300000,-0.013202
2025-05-01T14:15:43.310000,-0.011616
2025-05-01T14:15:43.320000,0.000774
2025-05-01T14:15:43.330000,0.000479
2025-05-01T14:15:43.340000,-0.010126
2025-05-01T14:15:43.350000,0.009711
2025-05-01T14:15:43.360000,0.014386
2025-05-01T14:15:43.370000,0.004067
2025-05-01T14:15:43.380000,-0.004276
2025-05-01T14:15:43.390000,-0.010291
2025-05-01T14:15:43.400000,-0.011929
2025-05-01T14:15:43.410000,-0.015123
2025-05-01T14:15:43.420000,-0.004175
2025-05-01T14:15:43.430000,-0.005924
2025-05-01T14:15:43.440000,-0.005197
2025-05-01T14:15:43.450000,0.003215
2025-05-01T14:15:43.460000,-0.002739
2025-05-01T14:15:43.470000,0.012068
2025-05-01T14:15:43.480000,0.004610
2025-05-01T14:15:43.490000,0.011431
2025-05-01T14:15:43.500000,-0.003905
2025-05-01T14:15:43.510000,-0.003552
2025-05-01T14:15:43.520000,-0.001672
2025-05-01T14:15:43.530000,-0.003157
2025-05-01T14:15:43.540000,0.004258
2025-05-01T14:15:43.550000,0.000703
2025-05-01T14:15:43.560000,-0.002944
2025-05-01T14:15:43.570000,0.010054
2025-05-01T14:15:43.580000,-0.015774
2025-05-01T14:15:43.590000,0.000141
2025-05-01T14:15:43.600000,-0.009422
2025-05-01T14:15:43.610000,-0.006237
2025-05-01T14:15:43.620000,0.009896
2025-05-01T14:15:43.630000,0.013339
2025-05-01T14:15:43.640000,0.003394
2025-05-01T14:15:43.650000,-0.004070
2025-05-01T14:15:43.660000,-0.001846
2025-05-01T14:15:43.670000,0.002941
2025-05-01T14:15:43.680000,0.004941
2025-05-01T14:15:43.690000,-0.005002
2025-05-01T14:15:43.700000,0.007104
2025-05-01T14:15:43.710000,0.002226
2025-05-01T14:15:43.720000,0.001136
2025-05-01T14:15:43.730000,0.000984
2025-05-01T14:15:43.740000,0.006634
2025-05-01T14:15:43.750000,-0.016415
2025-05-01T14:15:43.760000,0.005290
2025-05-01T14:15:43.770000,-0.001543
2025-05-01T14:15:43.780000,-0.012244
2025-05-01T14:15:43.790000,-0.005872
2025-05-01T14:15:43.800000,-0.002278
2025-05-01T14:15:43.810000,-0.025788
2025-05-01T14:15:43.820000,-0.001116
2025-05-01T14:15:43.830000,0.008291
2025-05-01T14:15:43.840000,0.006186
2025-05-01T14:15:43.850000,0.007748
2025-05-01T14:15:43.860000,-0.020357
2025-05-01T14:15:43.870000,-0.005934
2025-05-01T14:15:43.880000,-0.000427
2025-05-01T14:15:43.890000,-0.024720
2025-05-01T14:15:43.900000,-0.013862
2025-05-01T14:15:43.910000,-0.002199
2025-05-01T14:15:43.920000,-0.015729
2025-05-01T14:15:43.930000,0.009807
2025-05-01T14:15:43.940000,0.007739
2025-05-01T14:15:43.950000,-0.018062
2025-05-01T14:15:43.960000,0.000697
2025-05-01T14:15:43.970000,0.013315
2025-05-01T14:15:43.980000,-0.004973
2025-05-01T14:15:43.990000,-0.003632
2025-05-01T14:15:44,-0.024005
2025-05-01T14:15:44.010000,0.009464
2025-05-01T14:15:44.020000,-0.022270
2025-05-01T14:15:44.030000,0.023077
2025-05-01T14:15:44.040000,-0.012686
2025-05-01T14:15:44.050000,-0.002894
2025-05-01T14:15:44.060000,0.015679
2025-05-01T14:15:44.070000,0.010547
2025-05-01T14:15:44.080000,0.003419
2025-05-01T14:15:44.090000,-0.005839
2025-05-01T14:15:44.100000,0.003341
2025-05-01T14:15:44.110000,0.012092
2025-05-01T14:15:44.120000,-0.006111
2025-05-01T14:15:44.130000,-0.004278
2025-05-01T14:15:44.140000,-0.001108
2025-05-01T14:15:44.150000,-0.011234
2025-05-01T14:15:44.160000,-0.004902
2025-05-01T14:15:44.170000,0.002376
2025-05-01T14:15:44.180000,0.010693
2025-05-01T14:15:44.190000,-0.007366
2025-05-01T14:15:44.200000,-0.019017
2025-05-01T14:15:44.210000,-0.017242
2025-05-01T14:15:44.220000,0.006517
2025-05-01T14:15:44.230000,0.009992
2025-05-01T14:15:44.240000,0.000585
2025-05-01T14:15:44.250000,-0.006098
2025-05-01T14:15:44.260000,-0.016898
2025-05-01T14:15:44.270000,0.008111
2025-05-01T14:15:44.280000,0.005001
2025-05-01T14:15:44.290000,-0.020968
2025-05-01T14:15:44.300000,0.009986
2025-05-01T14:15:44.310000,-0.001125
2025-05-01T14:15:44.320000,0.002204
2025-05-01T14:15:44.330000,0.013834
2025-05-01T14:15:44.340000,-0.006976
2025-05-01T14:15:44.350000,-0.003467
2025-05-01T14:15:44.360000,0.004609
2025-05-01T14:15:44.370000,0.022318
2025-05-01T14:15:44.380000,-0.022345
2025-05-01T14:15:44.390000,-0.007789
2025-05-01T14:15:44.400000,-0.001539
2025-05-01T14:15:44.410000,0.005613
2025-05-01T14:15:44.420000,0.005555
2025-05-01T14:15:44.430000,-0.019388
2025-05-01T14:15:44.440000,-0.017788
2025-05-01T14:15:44.450000,0.001416
2025-05-01T14:15:44.460000,-0.022222
2025-05-01T14:15:44.470000,-0.001245
2025-05-01T14:15:44.480000,0.007372
2025-05-01T14:15:44.490000,-0.012597
2025-05-01T14:15:44.500000,0.010556
2025-05-01T14:15:44.510000,0.021800
2025-05-01T14:15:44.520000,-0.003558
2025-05-01T14:15:44.530000,-0.016541
2025-05-01T14:15:44.540000,-0.003015
2025-05-01T14:15:44.550000,0.007314
2025-05-01T14:15:44.560000,0.013190
2025-05-01T14:15:44.570000,0.017346
2025-05-01T14:15:44.580000,0.007975
2025-05-01T14:15:44.590000,-0.001258
2025-05-01T14:15:44.600000,0.005590
2025-05-01T14:15:44.610000,-0.007607
2025-05-01T14:15:44.620000,-0.002026
2025-05-01T14:15:44.630000,-0.000040
2025-05-01T14:15:44.640000,-0.003627
2025-05-01T14:15:44.650000,0.000460
2025-05-01T14:15:44.660000,-0.007935
2025-05-01T14:15:44.670000,-0.016833
2025-05-01T14:15:44.680000,0.004717
2025-05-01T14:15:44.690000,-0.002383
2025-05-01T14:15:44.700000,0.002681
2025-05-01T14:15:44.710000,-0.001227
2025-05-01T14:15:44.720000,0.001454
2025-05-01T14:15:44.730000,0.015107
2025-05-01T14:15:44.740000,0.016204
2025-05-01T14:15:44.750000,0.003723
2025-05-01T14:15:44.760000,-0.003307
2025-05-01T14:15:44.770000,-0.005212
2025-05-01T14:15:44.780000,0.008294
2025-05-01T14:15:44.790000,-0.000869
2025-05-01T14:15:44.800000,0.001720
2025-05-01T14:15:44.810000,-0.000371
2025-05-01T14:15:44.820000,-0.003839
2025-05-01T14:15:44.830000,-0.000524
2025-05-01T14:15:44.840000,-0.011942
2025-05-01T14:15:44.850000,-0.013574
2025-05-01T14:15:44.860000,-0.001952
2025-05-01T14:15:44.870000,-0.012985
2025-05-01T14:15:44.880000,0.002871
2025-05-01T14:15:44.890000,0.004732
2025-05-01T14:15:44.900000,0.007752
2025-05-01T14:15:44.910000,-0.007180
2025-05-01T14:15:44.920000,0.001090
2025-05-01T14:15:44.930000,-0.014177
2025-05-01T14:15:44.940000,0.020091
2025-05-01T14:15:44.950000,-0.023176
2025-05-01T14:15:44.960000,0.015812
2025-05-01T14:15:44.970000,-0.011443
2025-05-01T14:15:44.980000,-0.017040
2025-05-01T14:15:44.990000,0.000680
2025-05-01T14:15:45,-0.008977
2025-05-01T14:15:45.010000,0.002910
2025-05-01T14:15:45.020000,-0.012528
2025-05-01T14:15:45.030000,-0.011322
2025-05-01T14:15:45.040000,0.009622
2025-05-01T14:15:45.050000,0.012075
2025-05-01T14:15:45.060000,0.011290
2025-05-01T14:15:45.070000,0.005812
2025-05-01T14:15:45.080000,0.013044
2025-05-01T14:15:45.090000,-0.010773
2025-05-01T14:15:45.100000,-0.001869
2025-05-01T14:15:45.110000,0.006245
2025-05-01T14:15:45.120000,0.002409
2025-05-01T14:15:45.130000,0.001362
2025-05-01T14:15:45.140000,-0.010136
2025-05-01T14:15:45.150000,0.016539
2025-05-01T14:15:45.160000,-0.010099
2025-05-01T14:15:45.170000,-0.001895
2025-05-01T14:15:45.180000,0.005620
2025-05-01T14:15:45.190000,-0.012205
2025-05-01T14:15:45.200000,0.017589
2025-05-01T14:15:45.210000,-0.022828
2025-05-01T14:15:45.220000,-0.003633
2025-05-01T14:15:45.230000,0.007701
2025-05-01T14:15:45.240000,0.000506
2025-05-01T14:15:45.250000,-0.007060
2025-05-01T14:15:45.260000,0.005738
2025-05-01T14:15:45.270000,0.009062
2025-05-01T14:15:45.280000,0.002307
2025-05-01T14:15:45.290000,0.000140
2025-05-01T14:15:45.300000,0.018902
2025-05-01T14:15:45.310000,0.003205
2025-05-01T14:15:45.320000,0.004621
2025-05-01T14:15:45.330000,0.001789
2025-05-01T14:15:45.340000,0.010631
2025-05-01T14:15:45.350000,0.004660
2025-05-01T14:15:45.360000,-0.011766
2025-05-01T14:15:45.370000,-0.006802
2025-05-01T14:15:45.380000,0.006805
2025-05-01T14:15:45.390000,0.000481
2025-05-01T14:15:45.400000,-0.003561
2025-05-01T14:15:45.410000,0.010378
2025-05-01T14:15:45.420000,-0.013186
2025-05-01T14:15:45.430000,-0.010285
2025-05-01T14:15:45.440000,0.007414
2025-05-01T14:15:45.450000,0.015724
2025-05-01T14:15:45.460000,-0.018051
2025-05-01T14:15:45.470000,0.012620
2025-05-01T14:15:45.480000,0.007033
2025-05-01T14:15:45.490000,0.006574
2025-05-01T14:15:45.500000,-0.004123
2025-05-01T14:15:45.510000,0.002780
2025-05-01T14:15:45.520000,-0.000162
2025-05-01T14:15:45.530000,-0.004613
2025-05-01T14:15:45.540000,-0.016267
2025-05-01T14:15:45.550000,0.013775
2025-05-01T14:15:45.560000,-0.012467
2025-05-01T14:15:45.570000,-0.003866
2025-05-01T14:15:45.580000,-0.004101
2025-05-01T14:15:45.590000,0.011168
2025-05-01T14:15:45.600000,-0.006364
2025-05-01T14:15:45.610000,0.007464
2025-05-01T14:15:45.620000,0.002306
2025-05-01T14:15:45.630000,-0.004106
2025-05-01T14:15:45.640000,-0.012167
2025-05-01T14:15:45.650000,0.009977
2025-05-01T14:15:45.660000,-0.003066
2025-05-01T14:15:45.670000,0.015088
2025-05-01T14:15:45.680000,0.004005
2025-05-01T14:15:45.690000,-0.013257
2025-05-01T14:15:45.700000,0.016984
2025-05-01T14:15:45.710000,-0.009187
2025-05-01T14:15:45.720000,-0.001655
2025-05-01T14:15:45.730000,0.005370
2025-05-01T14:15:45.740000,-0.002314
2025-05-01T14:15:45.750000,-0.012040
2025-05-01T14:15:45.760000,0.024422
2025-05-01T14:15:45.770000,-0.002466
2025-05-01T14:15:45.780000,0.004310
2025-05-01T14:15:45.790000,0.016171
2025-05-01T14:15:45.800000,0.006206
2025-05-01T14:15:45.810000,0.004395
2025-05-01T14:15:45.820000,-0.021286
2025-05-01T14:15:45.830000,0.005825
2025-05-01T14:15:45.840000,-0.014989
2025-05-01T14:15:45.850000,-0.002594
2025-05-01T14:15:45.860000,0.004834
2025-05-01T14:15:45.870000,0.006008
2025-05-01T14:15:45.880000,-0.007994
2025-05-01T14:15:45.890000,-0.001079
2025-05-01T14:15:45.900000,0.011813
2025-05-01T14:15:45.910000,-0.006246
2025-05-01T14:15:45.920000,-0.002253
2025-05-01T14:15:45.930000,0.012154
2025-05-01T14:15:45.940000,0.008815
2025-05-01T14:15:45.950000,0.001472
2025-05-01T14:15:45.960000,0.012779
2025-05-01T14:15:45.970000,-0.017466
2025-05-01T14:15:45.980000,-0.006476
2025-05-01T14:15:45.990000,-0.018648
2025-05-01T14:15:46,-0.014358
2025-05-01T14:15:46.010000,-0.010723
2025-05-01T14:15:46.020000,-0.002043
2025-05-01T14:15:46.030000,0.000843
2025-05-01T14:15:46.040000,-0.007360
2025-05-01T14:15:46.050000,-0.004052
2025-05-01T14:15:46.060000,0.018478
2025-05-01T14:15:46.070000,0.000277
2025-05-01T14:15:46.080000,-0.013174
2025-05-01T14:15:46.090000,-0.006789
2025-05-01T14:15:46.100000,-0.022625
2025-05-01T14:15:46.110000,-0.002312
2025-05-01T14:15:46.120000,0.002526
2025-05-01T14:15:46.130000,-0.000294
2025-05-01T14:15:46.140000,-0.001898
2025-05-01T14:15:46.150000,-0.014773
2025-05-01T14:15:46.160000,-0.001381
2025-05-01T14:15:46.170000,0.003350
2025-05-01T14:15:46.180000,-0.009598
2025-05-01T14:15:46.190000,-0.010108
2025-05-01T14:15:46.200000,0.002444
2025-05-01T14:15:46.210000,-0.007183
2025-05-01T14:15:46.220000,0.015741
2025-05-01T14:15:46.230000,-0.019795
2025-05-01T14:15:46.240000,-0.007527
2025-05-01T14:15:46.250000,-0.003786
2025-05-01T14:15:46.260000,-0.006038
2025-05-01T14:15:46.270000,0.000950
2025-05-01T14:15:46.280000,-0.009173
2025-05-01T14:15:46.290000,-0.007884
2025-05-01T14:15:46.300000,0.014169
2025-05-01T14:15:46.310000,-0.023479
2025-05-01T14:15:46.320000,-0.009923
2025-05-01T14:15:46.330000,-0.003920
2025-05-01T14:15:46.340000,-0.014088
2025-05-01T14:15:46.350000,0.008504
2025-05-01T14:15:46.360000,0.005245
2025-05-01T14:15:46.370000,-0.004667
2025-05-01T14:15:46.380000,-0.003377
2025-05-01T14:15:46.390000,0.019759
2025-05-01T14:15:46.400000,0.005593
2025-05-01T14:15:46.410000,0.000264
2025-05-01T14:15:46.420000,0.000993
2025-05-01T14:15:46.430000,-0.006942
2025-05-01T14:15:46.440000,-0.010591
2025-05-01T14:15:46.450000,-0.012676
2025-05-01T14:15:46.460000,-0.019050
2025-05-01T14:15:46.470000,-0.005928
2025-05-01T14:15:46.480000,-0.011404
2025-05-01T14:15:46.490000,-0.019010
2025-05-01T14:15:46.500000,-0.013611
2025-05-01T14:15:46.510000,-0.007716
2025-05-01T14:15:46.520000,-0.002632
2025-05-01T14:15:46.530000,0.016649
2025-05-01T14:15:46.540000,0.002258
2025-05-01T14:15:46.550000,0.001696
2025-05-01T14:15:46.560000,-0.009409
2025-05-01T14:15:46.570000,-0.016360
2025-05-01T14:15:46.580000,-0.014744
2025-05-01T14:15:46.590000,0.010687
2025-05-01T14:15:46.600000,-0.027305
2025-05-01T14:15:46.610000,0.002139
2025-05-01T14:15:46.620000,0.004671
2025-05-01T14:15:46.630000,0.000251
2025-05-01T14:15:46.640000,0.005654
2025-05-01T14:15:46.650000,0.006973
2025-05-01T14:15:46.660000,0.009707
2025-05-01T14:15:46.670000,-0.001611
2025-05-01T14:15:46.680000,-0.014169
2025-05-01T14:15:46.690000,-0.009735
2025-05-01T14:15:46.700000,0.001586
2025-05-01T14:15:46.710000,0.008742
2025-05-01T14:15:46.720000,-0.000072
2025-05-01T14:15:46.730000,0.014442
2025-05-01T14:15:46.740000,-0.008761
2025-05-01T14:15:46.750000,0.003770
2025-05-01T14:15:46.760000,0.004276
2025-05-01T14:15:46.770000,-0.013543
2025-05-01T14:15:46.780000,0.001304
2025-05-01T14:15:46.790000,-0.017810
2025-05-01T14:15:46.800000,0.006139
2025-05-01T14:15:46.810000,-0.027680
2025-05-01T14:15:46.820000,0.025651
2025-05-01T14:15:46.830000,0.013818
2025-05-01T14:15:46.840000,-0.014464
2025-05-01T14:15:46.850000,0.002722
2025-05-01T14:15:46.860000,-0.017811
2025-05-01T14:15:46.870000,-0.006860
2025-05-01T14:15:46.880000,-0.004331
2025-05-01T14:15:46.890000,-0.008276
2025-05-01T14:15:46.900000,-0.018806
2025-05-01T14:15:46.910000,-0.001731
2025-05-01T14:15:46.920000,-0.017738
2025-05-01T14:15:46.930000,0.010202
2025-05-01T14:15:46.940000,-0.011332
2025-05-01T14:15:46.950000,0.005122
2025-05-01T14:15:46.960000,0.012666
2025-05-01T14:15:46.970000,-0.018348
2025-05-01T14:15:46.980000,0.012373
2025-05-01T14:15:46.990000,-0.004746
2025-05-01T14:15:47,-0.001584
2025-05-01T14:15:47.010000,0.005113
2025-05-01T14:15:47.020000,0.007940
2025-05-01T14:15:47.030000,0.001940
2025-05-01T14:15:47.040000,-0.002048
2025-05-01T14:15:47.050000,0.004949
2025-05-01T14:15:47.060000,0.000053
2025-05-01T14:15:47.070000,0.009288
2025-05-01T14:15:47.080000,-0.014910
2025-05-01T14:15:47.090000,0.002060
2025-05-01T14:15:47.100000,0.019056
2025-05-01T14:15:47.110000,0.006554
2025-05-01T14:15:47.120000,-0.005728
2025-05-01T14:15:47.130000,0.006365
2025-05-01T14:15:47.140000,-0.002837
2025-05-01T14:15:47.150000,0.004521
2025-05-01T14:15:47.160000,-0.012477
2025-05-01T14:15:47.170000,-0.011240
2025-05-01T14:15:47.180000,0.001661
2025-05-01T14:15:47.190000,-0.014007
2025-05-01T14:15:47.200000,0.002359
2025-05-01T14:15:47.210000,0.011464
2025-05-01T14:15:47.220000,-0.004225
2025-05-01T14:15:47.230000,0.008533
2025-05-01T14:15:47.240000,0.007269
2025-05-01T14:15:47.250000,-0.010438
2025-05-01T14:15:47.260000,-0.001608
2025-05-01T14:15:47.270000,-0.001131
2025-05-01T14:15:47.280000,-0.015085
2025-05-01T14:15:47.290000,-0.009471
2025-05-01T14:15:47.300000,-0.007255
2025-05-01T14:15:47.310000,-0.009171
2025-05-01T14:15:47.320000,0.004596
2025-05-01T14:15:47.330000,-0.012655
2025-05-01T14:15:47.340000,0.009420
2025-05-01T14:15:47.350000,0.001892
2025-05-01T14:15:47.360000,0.001641
2025-05-01T14:15:47.370000,0.009410
2025-05-01T14:15:47.380000,-0.003023
2025-05-01T14:15:47.390000,0.000988
2025-05-01T14:15:47.400000,-0.005123
2025-05-01T14:15:47.410000,0.000892
2025-05-01T14:15:47.420000,0.008524
2025-05-01T14:15:47.430000,0.012958
2025-05-01T14:15:47.440000,0.012959
2025-05-01T14:15:47.450000,-0.012226
2025-05-01T14:15:47.460000,-0.016285
2025-05-01T14:15:47.470000,-0.006736
2025-05-01T14:15:47.480000,0.001636
2025-05-01T14:15:47.490000,-0.007266
2025-05-01T14:15:47.500000,-0.005829
2025-05-01T14:15:47.510000,0.019161
2025-05-01T14:15:47.520000,-0.000683
2025-05-01T14:15:47.530000,-0.009550
2025-05-01T14:15:47.540000,0.010325
2025-05-01T14:15:47.550000,-0.008429
2025-05-01T14:15:47.560000,-0.007559
2025-05-01T14:15:47.570000,0.011789
2025-05-01T14:15:47.580000,0.017728
2025-05-01T14:15:47.590000,0.000045
2025-05-01T14:15:47.600000,-0.010823
2025-05-01T14:15:47.610000,0.008277
2025-05-01T14:15:47.620000,-0.011037
2025-05-01T14:15:47.630000,-0.026105
2025-05-01T14:15:47.640000,0.008811
2025-05-01T14:15:47.650000,-0.004638
2025-05-01T14:15:47.660000,0.003354
2025-05-01T14:15:47.670000,-0.006096
2025-05-01T14:15:47.680000,-0.006104
2025-05-01T14:15:47.690000,0.023933
2025-05-01T14:15:47.700000,-0.013673
2025-05-01T14:15:47.710000,0.008187
2025-05-01T14:15:47.720000,0.001807
2025-05-01T14:15:47.730000,-0.013763
2025-05-01T14:15:47.740000,-0.007514
2025-05-01T14:15:47.750000,0.004505
2025-05-01T14:15:47.760000,-0.010588
2025-05-01T14:15:47.770000,0.027293
2025-05-01T14:15:47.780000,-0.008128
2025-05-01T14:15:47.790000,0.008131
2025-05-01T14:15:47.800000,0.005641
2025-05-01T14:15:47.810000,-0.006760
2025-05-01T14:15:47.820000,-0.008334
2025-05-01T14:15:47.830000,0.009317
2025-05-01T14:15:47.840000,0.007954
2025-05-01T14:15:47.850000,0.004836
2025-05-01T14:15:47.860000,-0.000700
2025-05-01T14:15:47.870000,0.000038
2025-05-01T14:15:47.880000,-0.004984
2025-05-01T14:15:47.890000,0.000366
2025-05-01T14:15:47.900000,0.009405
2025-05-01T14:15:47.910000,-0.012570
2025-05-01T14:15:47.920000,0.000919
2025-05-01T14:15:47.930000,-0.015508
2025-05-01T14:15:47.940000,0.009757
2025-05-01T14:15:47.950000,0.001308
2025-05-01T14:15:47.960000,-0.000278
2025-05-01T14:15:47.970000,0.000142
2025-05-01T14:15:47.980000,-0.018036
2025-05-01T14:15:47.990000,-0.003536
2025-05-01T14:15:48,-0.006123
2025-05-01T14:15:48.010000,0.006101
2025-05-01T14:15:48.020000,0.011096
2025-05-01T14:15:48.030000,0.015550
2025-05-01T14:15:48.040000,0.009519
2025-05-01T14:15:48.050000,-0.010523
2025-05-01T14:15:48.060000,-0.024401
2025-05-01T14:15:48.070000,-0.001119
2025-05-01T14:15:48.080000,0.000319
2025-05-01T14:15:48.090000,0.002772
2025-05-01T14:15:48.100000,0.011755
2025-05-01T14:15:48.110000,-0.001335
2025-05-01T14:15:48.120000,0.006493
2025-05-01T14:15:48.130000,0.014413
2025-05-01T14:15:48.140000,-0.007435
2025-05-01T14:15:48.150000,0.002775
2025-05-01T14:15:48.160000,-0.009271
2025-05-01T14:15:48.170000,-0.008498
2025-05-01T14:15:48.180000,-0.000223
2025-05-01T14:15:48.190000,0.000300
2025-05-01T14:15:48.200000,-0.009819
2025-05-01T14:15:48.210000,-0.012281
2025-05-01T14:15:48.220000,0.009039
2025-05-01T14:15:48.230000,-0.008023
2025-05-01T14:15:48.240000,0.006928
2025-05-01T14:15:48.250000,-0.022022
2025-05-01T14:15:48.260000,0.003745
2025-05-01T14:15:48.270000,-0.003909
2025-05-01T14:15:48.280000,0.002065
2025-05-01T14:15:48.290000,-0.004544
2025-05-01T14:15:48.300000,0.008211
2025-05-01T14:15:48.310000,-0.003299
2025-05-01T14:15:48.320000,0.010763
2025-05-01T14:15:48.330000,-0.004138
2025-05-01T14:15:48.340000,-0.005339
2025-05-01T14:15:48.350000,-0.012640
2025-05-01T14:15:48.360000,0.000449
2025-05-01T14:15:48.370000,0.006017
2025-05-01T14:15:48.380000,-0.027247
2025-05-01T14:15:48.390000,-0.007153
2025-05-01T14:15:48.400000,-0.001764
2025-05-01T14:15:48.410000,0.003839
2025-05-01T14:15:48.420000,-0.011261
2025-05-01T14:15:48.430000,0.010955
2025-05-01T14:15:48.440000,-0.000766
2025-05-01T14:15:48.450000,-0.015480
2025-05-01T14:15:48.460000,-0.008175
2025-05-01T14:15:48.470000,-0.005570
2025-05-01T14:15:48.480000,-0.001869
2025-05-01T14:15:48.490000,0.019536
2025-05-01T14:15:48.500000,-0.000250
2025-05-01T14:15:48.510000,0.014579
2025-05-01T14:15:48.520000,-0.001234
2025-05-01T14:15:48.530000,-0.004397
2025-05-01T14:15:48.540000,0.008160
2025-05-01T14:15:48.550000,0.004012
2025-05-01T14:15:48.560000,0.011036
2025-05-01T14:15:48.570000,-0.008447
2025-05-01T14:15:48.580000,-0.004387
2025-05-01T14:15:48.590000,-0.002987
2025-05-01T14:15:48.600000,0.014628
2025-05-01T14:15:48.610000,-0.005138
2025-05-01T14:15:48.620000,0.014133
2025-05-01T14:15:48.630000,-0.009468
2025-05-01T14:15:48.640000,0.011217
2025-05-01T14:15:48.650000,0.002349
2025-05-01T14:15:48.660000,-0.008647
2025-05-01T14:15:48.670000,0.004652
2025-05-01T14:15:48.680000,-0.000916
2025-05-01T14:15:48.690000,0.003592
2025-05-01T14:15:48.700000,-0.009875
2025-05-01T14:15:48.710000,0.017674
2025-05-01T14:15:48.720000,-0.002918
2025-05-01T14:15:48.730000,0.009517
2025-05-01T14:15:48.740000,0.009038
2025-05-01T14:15:48.750000,-0.004485
2025-05-01T14:15:48.760000,-0.008800
2025-05-01T14:15:48.770000,0.003802
2025-05-01T14:15:48.780000,-0.009913
2025-05-01T14:15:48.790000,0.017538
2025-05-01T14:15:48.800000,0.002813
2025-05-01T14:15:48.810000,-0.007771
2025-05-01T14:15:48.820000,-0.000215
2025-05-01T14:15:48.830000,0.017390
2025-05-01T14:15:48.840000,-0.015327
2025-05-01T14:15:48.850000,0.004297
2025-05-01T14:15:48.860000,0.009576
2025-05-01T14:15:48.870000,0.003350
2025-05-01T14:15:48.880000,-0.002571
2025-05-01T14:15:48.890000,0.021485
2025-05-01T14:15:48.900000,0.008993
2025-05-01T14:15:48.910000,0.009537
2025-05-01T14:15:48.920000,-0.014811
2025-05-01T14:15:48.930000,-0.000970
2025-05-01T14:15:48.940000,0.011149
2025-05-01T14:15:48.950000,-0.005360
2025-05-01T14:15:48.960000,0.001092
2025-05-01T14:15:48.970000,0.006207
2025-05-01T14:15:48.980000,0.014959
2025-05-01T14:15:48.990000,-0.007921
2025-05-01T14:15:49,0.006945
2025-05-01T14:15:49.010000,0.002505
2025-05-01T14:15:49.020000,-0.003900
2025-05-01T14:15:49.030000,0.014771
2025-05-01T14:15:49.040000,0.008261
2025-05-01T14:15:49.050000,-0.020414
2025-05-01T14:15:49.060000,-0.008263
2025-05-01T14:15:49.070000,0.011732
2025-05-01T14:15:49.080000,0.006860
2025-05-01T14:15:49.090000,-0.018730
2025-05-01T14:15:49.100000,-0.004239
2025-05-01T14:15:49.110000,-0.001204
2025-05-01T14:15:49.120000,-0.004461
2025-05-01T14:15:49.130000,0.000766
2025-05-01T14:15:49.140000,0.005869
2025-05-01T14:15:49.150000,-0.013125
2025-05-01T14:15:49.160000,-0.008409
2025-05-01T14:15:49.170000,-0.005311
2025-05-01T14:15:49.180000,0.007328
2025-05-01T14:15:49.190000,0.000877
2025-05-01T14:15:49.200000,0.003461
2025-05-01T14:15:49.210000,0.011243
2025-05-01T14:15:49.220000,-0.008858
2025-05-01T14:15:49.230000,0.017914
2025-05-01T14:15:49.240000,-0.006810
2025-05-01T14:15:49.250000,0.005217
2025-05-01T14:15:49.260000,-0.005138
2025-05-01T14:15:49.270000,-0.007430
2025-05-01T14:15:49.280000,0.006290
2025-05-01T14:15:49.290000,0.002952
2025-05-01T14:15:49.300000,-0.005390
2025-05-01T14:15:49.310000,0.003532
2025-05-01T14:15:49.320000,-0.011873
2025-05-01T14:15:49.330000,-0.011374
2025-05-01T14:15:49.340000,0.014605
2025-05-01T14:15:49.350000,0.015719
2025-05-01T14:15:49.360000,0.008950
2025-05-01T14:15:49.370000,0.012750
2025-05-01T14:15:49.380000,-0.019411
2025-05-01T14:15:49.390000,-0.003602
2025-05-01T14:15:49.400000,0.001471
2025-05-01T14:15:49.410000,0.004386
2025-05-01T14:15:49.420000,-0.004565
2025-05-01T14:15:49.430000,-0.011941
2025-05-01T14:15:49.440000,-0.003596
2025-05-01T14:15:49.450000,-0.000045
2025-05-01T14:15:49.460000,-0.000875
2025-05-01T14:15:49.470000,0.006688
2025-05-01T14:15:49.480000,-0.016550
2025-05-01T14:15:49.490000,-0.014816
2025-05-01T14:15:49.500000,0.019337
2025-05-01T14:15:49.510000,0.007006
2025-05-01T14:15:49.520000,0.006348
2025-05-01T14:15:49.530000,0.008652
2025-05-01T14:15:49.540000,0.005026
2025-05-01T14:15:49.550000,0.000518
2025-05-01T14:15:49.560000,-0.019946
2025-05-01T14:15:49.570000,-0.014417
2025-05-01T14:15:49.580000,-0.002702
2025-05-01T14:15:49.590000,0.012713
2025-05-01T14:15:49.600000,0.007169
2025-05-01T14:15:49.610000,0.002769
2025-05-01T14:15:49.620000,-0.009283
2025-05-01T14:15:49.630000,0.009064
2025-05-01T14:15:49.640000,-0.008028
2025-05-01T14:15:49.650000,-0.005371
2025-05-01T14:15:49.660000,-0.005957
2025-05-01T14:15:49.670000,0.006522
2025-05-01T14:15:49.680000,-0.002364
2025-05-01T14:15:49.690000,0.011389
2025-05-01T14:15:49.700000,-0.010044
2025-05-01T14:15:49.710000,0.004630
2025-05-01T14:15:49.720000,0.003424
2025-05-01T14:15:49.730000,-0.017890
2025-05-01T14:15:49.740000,0.002381
2025-05-01T14:15:49.750000,-0.007180
2025-05-01T14:15:49.760000,-0.001990
2025-05-01T14:15:49.770000,0.002536
2025-05-01T14:15:49.780000,0.001174
2025-05-01T14:15:49.790000,-0.008595
2025-05-01T14:15:49.800000,0.013195
2025-05-01T14:15:49.810000,-0.003255
2025-05-01T14:15:49.820000,0.007136
2025-05-01T14:15:49.830000,0.004603
2025-05-01T14:15:49.840000,0.008531
2025-05-01T14:15:49.850000,-0.009223
2025-05-01T14:15:49.860000,0.014284
2025-05-01T14:15:49.870000,0.005477
2025-05-01T14:15:49.880000,0.005867
2025-05-01T14:15:49.890000,-0.001141
2025-05-01T14:15:49.900000,0.007442
2025-05-01T14:15:49.910000,0.005813
2025-05-01T14:15:49.920000,-0.012472
2025-05-01T14:15:49.930000,-0.005606
2025-05-01T14:15:49.940000,0.002196
2025-05-01T14:15:49.950000,0.009042
2025-05-01T14:15:49.960000,0.010232
2025-05-01T14:15:49.970000,0.008302
2025-05-01T14:15:49.980000,-0.014195
2025-05-01T14:15:49.990000,0.019962
2025-05-01T14:15:50,-0.005874
2025-05-01T14:15:50.010000,0.003424
2025-05-01T14:15:50.020000,-0.002235
2025-05-01T14:15:50.030000,-0.009923
2025-05-01T14:15:50.040000,-0.017176
2025-05-01T14:15:50.050000,0.017325
2025-05-01T14:15:50.060000,0.022878
2025-05-01T14:15:50.070000,0.023074
2025-05-01T14:15:50.080000,0.017205
2025-05-01T14:15:50.090000,-0.007147
2025-05-01T14:15:50.100000,-0.004361
2025-05-01T14:15:50.110000,-0.005332
2025-05-01T14:15:50.120000,-0.016764
2025-05-01T14:15:50.130000,0.013077
2025-05-01T14:15:50.140000,-0.007021
2025-05-01T14:15:50.150000,0.009189
2025-05-01T14:15:50.160000,0.002596
2025-05-01T14:15:50.170000,-0.010094
2025-05-01T14:15:50.180000,0.003419
2025-05-01T14:15:50.190000,0.005120
2025-05-01T14:15:50.200000,-0.017746
2025-05-01T14:15:50.210000,-0.008204
2025-05-01T14:15:50.220000,0.009270
2025-05-01T14:15:50.230000,-0.003585
2025-05-01T14:15:50.240000,0.015420
2025-05-01T14:15:50.250000,0.006892
2025-05-01T14:15:50.260000,0.007324
2025-05-01T14:15:50.270000,-0.001410
2025-05-01T14:15:50.280000,0.020976
2025-05-01T14:15:50.290000,-0.004507
2025-05-01T14:15:50.300000,-0.007638
2025-05-01T14:15:50.310000,-0.004687
2025-05-01T14:15:50.320000,-0.009936
2025-05-01T14:15:50.330000,0.007712
2025-05-01T14:15:50.340000,-0.000736
2025-05-01T14:15:50.350000,-0.008765
2025-05-01T14:15:50.360000,-0.000892
2025-05-01T14:15:50.370000,-0.001145
2025-05-01T14:15:50.380000,0.000385
2025-05-01T14:15:50.390000,-0.007675
2025-05-01T14:15:50.400000,0.011746
2025-05-01T14:15:50.410000,0.009353
2025-05-01T14:15:50.420000,0.012196
2025-05-01T14:15:50.430000,-0.001389
2025-05-01T14:15:50.440000,0.010555
2025-05-01T14:15:50.450000,0.003057
2025-05-01T14:15:50.460000,-0.001656
2025-05-01T14:15:50.470000,-0.003354
2025-05-01T14:15:50.480000,-0.009539
2025-05-01T14:15:50.490000,-0.001415
2025-05-01T14:15:50.500000,0.001712
2025-05-01T14:15:50.510000,-0.012139
2025-05-01T14:15:50.520000,0.011793
2025-05-01T14:15:50.530000,-0.007586
2025-05-01T14:15:50.540000,0.016077
2025-05-01T14:15:50.550000,-0.000465
2025-05-01T14:15:50.560000,0.000198
2025-05-01T14:15:50.570000,-0.000924
2025-05-01T14:15:50.580000,-0.002644
2025-05-01T14:15:50.590000,0.000808
2025-05-01T14:15:50.600000,0.011147
2025-05-01T14:15:50.610000,0.003855
2025-05-01T14:15:50.620000,0.004319
2025-05-01T14:15:50.630000,0.007923
2025-05-01T14:15:50.640000,0.002477
2025-05-01T14:15:50.650000,0.003157
2025-05-01T14:15:50.660000,0.001637
2025-05-01T14:15:50.670000,-0.008746
2025-05-01T14:15:50.680000,-0.014141
2025-05-01T14:15:50.690000,-0.001232
2025-05-01T14:15:50.700000,0.008280
2025-05-01T14:15:50.710000,-0.011537
2025-05-01T14:15:50.720000,0.011603
2025-05-01T14:15:50.730000,-0.011232
2025-05-01T14:15:50.740000,0.017016
2025-05-01T14:15:50.750000,-0.027092
2025-05-01T14:15:50.760000,-0.000573
2025-05-01T14:15:50.770000,0.007771
2025-05-01T14:15:50.780000,-0.006322
2025-05-01T14:15:50.790000,0.009129
2025-05-01T14:15:50.800000,0.004586
2025-05-01T14:15:50.810000,0.014997
2025-05-01T14:15:50.820000,-0.009106
2025-05-01T14:15:50.830000,0.001605
2025-05-01T14:15:50.840000,-0.008789
2025-05-01T14:15:50.850000,0.001895
2025-05-01T14:15:50.860000,-0.006559
2025-05-01T14:15:50.870000,-0.022026
2025-05-01T14:15:50.880000,-0.012237
2025-05-01T14:15:50.890000,-0.003658
2025-05-01T14:15:50.900000,-0.015770
2025-05-01T14:15:50.910000,0.016512
2025-05-01T14:15:50.920000,-0.004169
2025-05-01T14:15:50.930000,-0.015848
2025-05-01T14:15:50.940000,0.000765
2025-05-01T14:15:50.950000,0.005455
2025-05-01T14:15:50.960000,-0.006890
2025-05-01T14:15:50.970000,0.000471
2025-05-01T14:15:50.980000,0.003871
2025-05-01T14:15:50.990000,0.007712
2025-05-01T14:15:51,0.001812
2025-05-01T14:15:51.010000,0.000485
2025-05-01T14:15:51.020000,0.003008
2025-05-01T14:15:51.030000,-0.005624
2025-05-01T14:15:51.040000,-0.004828
2025-05-01T14:15:51.050000,0.000816
2025-05-01T14:15:51.060000,0.009056
2025-05-01T14:15:51.070000,-0.002763
2025-05-01T14:15:51.080000,0.008729
2025-05-01T14:15:51.090000,0.005267
2025-05-01T14:15:51.100000,-0.000084
2025-05-01T14:15:51.110000,-0.005313
2025-05-01T14:15:51.120000,-0.004528
2025-05-01T14:15:51.130000,-0.015498
2025-05-01T14:15:51.140000,0.003430
2025-05-01T14:15:51.150000,0.001942
2025-05-01T14:15:51.160000,0.011012
2025-05-01T14:15:51.170000,0.005770
2025-05-01T14:15:51.180000,0.016132
2025-05-01T14:15:51.190000,-0.012968
2025-05-01T14:15:51.200000,-0.006184
2025-05-01T14:15:51.210000,0.002840
2025-05-01T14:15:51.220000,0.022013
2025-05-01T14:15:51.230000,-0.023532
2025-05-01T14:15:51.240000,0.008444
2025-05-01T14:15:51.250000,-0.014494
2025-05-01T14:15:51.260000,-0.016467
2025-05-01T14:15:51.270000,0.010335
2025-05-01T14:15:51.280000,0.002638
2025-05-01T14:15:51.290000,-0.010900
2025-05-01T14:15:51.300000,-0.004013
2025-05-01T14:15:51.310000,-0.008889
2025-05-01T14:15:51.320000,-0.001306
2025-05-01T14:15:51.330000,0.000199
2025-05-01T14:15:51.340000,-0.008098
2025-05-01T14:15:51.350000,0.007295
2025-05-01T14:15:51.360000,0.006802
2025-05-01T14:15:51.370000,0.009813
2025-05-01T14:15:51.380000,0.002119
2025-05-01T14:15:51.390000,0.006837
2025-05-01T14:15:51.400000,-0.004177
2025-05-01T14:15:51.410000,0.007246
2025-05-01T14:15:51.420000,0.005032
2025-05-01T14:15:51.430000,-0.007787
2025-05-01T14:15:51.440000,-0.012326
2025-05-01T14:15:51.450000,0.007922
2025-05-01T14:15:51.460000,0.013933
2025-05-01T14:15:51.470000,0.002741
2025-05-01T14:15:51.480000,0.011706
2025-05-01T14:15:51.490000,0.012233
2025-05-01T14:15:51.500000,-0.002801
2025-05-01T14:15:51.510000,-0.005204
2025-05-01T14:15:51.520000,-0.007525
2025-05-01T14:15:51.530000,0.000532
2025-05-01T14:15:51.540000,-0.014689
2025-05-01T14:15:51.550000,0.007556
2025-05-01T14:15:51.560000,0.015639
2025-05-01T14:15:51.570000,0.010387
2025-05-01T14:15:51.580000,0.007314
2025-05-01T14:15:51.590000,-0.015951
2025-05-01T14:15:51.600000,0.009089
2025-05-01T14:15:51.610000,-0.000754
2025-05-01T14:15:51.620000,-0.007407
2025-05-01T14:15:51.630000,-0.008864
2025-05-01T14:15:51.640000,0.013445
2025-05-01T14:15:51.650000,-0.002191
2025-05-01T14:15:51.660000,0.010098
2025-05-01T14:15:51.670000,0.003460
2025-05-01T14:15:51.680000,0.007677
2025-05-01T14:15:51.690000,-0.004471
2025-05-01T14:15:51.700000,-0.019045
2025-05-01T14:15:51.710000,-0.007096
2025-05-01T14:15:51.720000,-0.004983
2025-05-01T14:15:51.730000,0.005227
2025-05-01T14:15:51.740000,0.011823
2025-05-01T14:15:51.750000,-0.010010
2025-05-01T14:15:51.760000,0.025846
2025-05-01T14:15:51.770000,-0.025276
2025-05-01T14:15:51.780000,0.019566
2025-05-01T14:15:51.790000,0.025662
2025-05-01T14:15:51.800000,0.007887
2025-05-01T14:15:51.810000,-0.003186
2025-05-01T14:15:51.820000,-0.010904
2025-05-01T14:15:51.830000,0.016589
2025-05-01T14:15:51.840000,-0.006280
2025-05-01T14:15:51.850000,-0.006514
2025-05-01T14:15:51.860000,-0.013652
2025-05-01T14:15:51.870000,-0.003589
2025-05-01T14:15:51.880000,-0.007174
2025-05-01T14:15:51.890000,0.029461
2025-05-01T14:15:51.900000,-0.009258
2025-05-01T14:15:51.910000,0.000007
2025-05-01T14:15:51.920000,0.004173
2025-05-01T14:15:51.930000,-0.011087
2025-05-01T14:15:51.940000,-0.003691
2025-05-01T14:15:51.950000,0.022991
2025-05-01T14:15:51.960000,0.002341
2025-05-01T14:15:51.970000,-0.008364
2025-05-01T14:15:51.980000,-0.024668
2025-05-01T14:15:51.990000,0.003336
2025-05-01T14:15:52,0.017769
2025-05-01T14:15:52.010000,0.005572
2025-05-01T14:15:52.020000,0.015239
2025-05-01T14:15:52.030000,-0.003234
2025-05-01T14:15:52.040000,-0.003824
2025-05-01T14:15:52.050000,-0.000132
2025-05-01T14:15:52.060000,-0.000783
2025-05-01T14:15:52.070000,0.015889
2025-05-01T14:15:52.080000,0.002855
2025-05-01T14:15:52.090000,-0.003997
2025-05-01T14:15:52.100000,-0.010985
2025-05-01T14:15:52.110000,0.016383
2025-05-01T14:15:52.120000,-0.015542
2025-05-01T14:15:52.130000,-0.018439
2025-05-01T14:15:52.140000,0.006796
2025-05-01T14:15:52.150000,-0.006598
2025-05-01T14:15:52.160000,-0.005890
2025-05-01T14:15:52.170000,-0.003651
2025-05-01T14:15:52.180000,0.020464
2025-05-01T14:15:52.190000,-0.004351
2025-05-01T14:15:52.200000,-0.020238
2025-05-01T14:15:52.210000,0.010110
2025-05-01T14:15:52.220000,0.009821
2025-05-01T14:15:52.230000,-0.003319
2025-05-01T14:15:52.240000,-0.005555
2025-05-01T14:15:52.250000,0.023072
2025-05-01T14:15:52.260000,-0.001552
2025-05-01T14:15:52.270000,0.004130
2025-05-01T14:15:52.280000,-0.001239
2025-05-01T14:15:52.290000,-0.018351
2025-05-01T14:15:52.300000,-0.002931
2025-05-01T14:15:52.310000,-0.000744
2025-05-01T14:15:52.320000,0.008152
2025-05-01T14:15:52.330000,0.005659
2025-05-01T14:15:52.340000,0.012750
2025-05-01T14:15:52.350000,0.009771
2025-05-01T14:15:52.360000,0.006554
2025-05-01T14:15:52.370000,0.014981
2025-05-01T14:15:52.380000,-0.006493
2025-05-01T14:15:52.390000,-0.015343
2025-05-01T14:15:52.400000,0.011747
2025-05-01T14:15:52.410000,-0.003457
2025-05-01T14:15:52.420000,0.009818
2025-05-01T14:15:52.430000,0.015429
2025-05-01T14:15:52.440000,0.000350
2025-05-01T14:15:52.450000,-0.008087
2025-05-01T14:15:52.460000,0.006898
2025-05-01T14:15:52.470000,0.011520
2025-05-01T14:15:52.480000,0.009196
2025-05-01T14:15:52.490000,-0.001018
2025-05-01T14:15:52.500000,-0.013307
2025-05-01T14:15:52.510000,0.015993
2025-05-01T14:15:52.520000,0.003977
2025-05-01T14:15:52.530000,0.001987
2025-05-01T14:15:52.540000,-0.001221
2025-05-01T14:15:52.550000,0.000345
2025-05-01T14:15:52.560000,0.000183
2025-05-01T14:15:52.570000,0.011033
2025-05-01T14:15:52.580000,-0.010311
2025-05-01T14:15:52.590000,-0.004000
2025-05-01T14:15:52.600000,0.018223
2025-05-01T14:15:52.610000,0.001953
2025-05-01T14:15:52.620000,0.008530
2025-05-01T14:15:52.630000,0.008266
2025-05-01T14:15:52.640000,-0.002515
2025-05-01T14:15:52.650000,0.005487
2025-05-01T14:15:52.660000,-0.003941
2025-05-01T14:15:52.670000,-0.006734
2025-05-01T14:15:52.680000,0.003681
2025-05-01T14:15:52.690000,0.010742
2025-05-01T14:15:52.700000,0.000934
2025-05-01T14:15:52.710000,0.005503
2025-05-01T14:15:52.720000,0.012096
2025-05-01T14:15:52.730000,-0.001657
2025-05-01T14:15:52.740000,0.004087
2025-05-01T14:15:52.750000,0.010748
2025-05-01T14:15:52.760000,0.010194
2025-05-01T14:15:52.770000,0.011919
2025-05-01T14:15:52.780000,-0.004066
2025-05-01T14:15:52.790000,0.002902
2025-05-01T14:15:52.800000,0.001526
2025-05-01T14:15:52.810000,0.017430
2025-05-01T14:15:52.820000,0.028394
2025-05-01T14:15:52.830000,0.001717
2025-05-01T14:15:52.840000,-0.028532
2025-05-01T14:15:52.850000,0.006557
2025-05-01T14:15:52.860000,0.009597
2025-05-01T14:15:52.870000,0.013019
2025-05-01T14:15:52.880000,0.001782
2025-05-01T14:15:52.890000,0.000359
2025-05-01T14:15:52.900000,0.010214
2025-05-01T14:15:52.910000,0.014162
2025-05-01T14:15:52.920000,0.005152
2025-05-01T14:15:52.930000,-0.010392
2025-05-01T14:15:52.940000,0.015937
2025-05-01T14:15:52.950000,0.010055
2025-05-01T14:15:52.960000,0.007827
2025-05-01T14:15:52.970000,0.004332
2025-05-01T14:15:52.980000,-0.014148
2025-05-01T14:15:52.990000,-0.001739
2025-05-01T14:15:53,-0.006381
2025-05-01T14:15:53.010000,-0.011854
2025-05-01T14:15:53.020000,-0.007428
2025-05-01T14:15:53.030000,-0.011349
2025-05-01T14:15:53.040000,-0.009769
2025-05-01T14:15:53.050000,-0.003943
2025-05-01T14:15:53.060000,-0.021877
2025-05-01T14:15:53.070000,-0.000139
2025-05-01T14:15:53.080000,0.002114
2025-05-01T14:15:53.090000,0.007525
2025-05-01T14:15:53.100000,-0.007484
2025-05-01T14:15:53.110000,-0.008467
2025-05-01T14:15:53.120000,-0.007373
2025-05-01T14:15:53.130000,0.010097
2025-05-01T14:15:53.140000,0.004014
2025-05-01T14:15:53.150000,0.010653
2025-05-01T14:15:53.160000,0.003189
2025-05-01T14:15:53.170000,0.006716
2025-05-01T14:15:53.180000,-0.015358
2025-05-01T14:15:53.190000,0.017743
2025-05-01T14:15:53.200000,0.004150
2025-05-01T14:15:53.210000,0.002838
2025-05-01T14:15:53.220000,-0.001363
2025-05-01T14:15:53.230000,0.003156
2025-05-01T14:15:53.240000,-0.005591
2025-05-01T14:15:53.250000,0.010028
2025-05-01T14:15:53.260000,-0.001865
2025-05-01T14:15:53.270000,0.004938
2025-05-01T14:15:53.280000,0.015796
2025-05-01T14:15:53.290000,0.001568
2025-05-01T14:15:53.300000,-0.000582
2025-05-01T14:15:53.310000,-0.005737
2025-05-01T14:15:53.320000,0.010975
2025-05-01T14:15:53.330000,-0.008036
2025-05-01T14:15:53.340000,-0.006242
2025-05-01T14:15:53.350000,0.001290
2025-05-01T14:15:53.360000,0.002442
2025-05-01T14:15:53.370000,-0.005900
2025-05-01T14:15:53.380000,0.000761
2025-05-01T14:15:53.390000,0.010204
2025-05-01T14:15:53.400000,0.012460
2025-05-01T14:15:53.410000,0.005818
2025-05-01T14:15:53.420000,0.001386
2025-05-01T14:15:53.430000,0.004136
2025-05-01T14:15:53.440000,-0.014999
2025-05-01T14:15:53.450000,0.010693
2025-05-01T14:15:53.460000,-0.007379
2025-05-01T14:15:53.470000,-0.004277
2025-05-01T14:15:53.480000,0.006960
2025-05-01T14:15:53.490000,0.004829
2025-05-01T14:15:53.500000,-0.008278
2025-05-01T14:15:53.510000,-0.009950
2025-05-01T14:15:53.520000,0.005968
2025-05-01T14:15:53.530000,-0.005756
2025-05-01T14:15:53.540000,-0.000072
2025-05-01T14:15:53.550000,0.003385
2025-05-01T14:15:53.560000,0.002314
2025-05-01T14:15:53.570000,-0.006553
2025-05-01T14:15:53.580000,0.006488
2025-05-01T14:15:53.590000,0.008141
2025-05-01T14:15:53.600000,0.003668
2025-05-01T14:15:53.610000,0.000523
2025-05-01T14:15:53.620000,-0.007123
2025-05-01T14:15:53.630000,0.014453
2025-05-01T14:15:53.640000,-0.010467
2025-05-01T14:15:53.650000,-0.009521
2025-05-01T14:15:53.660000,0.008423
2025-05-01T14:15:53.670000,0.028835
2025-05-01T14:15:53.680000,0.011039
2025-05-01T14:15:53.690000,0.003000
2025-05-01T14:15:53.700000,0.004259
2025-05-01T14:15:53.710000,0.001795
2025-05-01T14:15:53.720000,0.022885
2025-05-01T14:15:53.730000,0.005307
2025-05-01T14:15:53.740000,0.006457
2025-05-01T14:15:53.750000,-0.021482
2025-05-01T14:15:53.760000,0.022203
2025-05-01T14:15:53.770000,-0.006508
2025-05-01T14:15:53.780000,0.001228
2025-05-01T14:15:53.790000,-0.017063
2025-05-01T14:15:53.800000,-0.010143
2025-05-01T14:15:53.810000,0.002841
2025-05-01T14:15:53.820000,-0.002077
2025-05-01T14:15:53.830000,-0.004105
2025-05-01T14:15:53.840000,0.000749
2025-05-01T14:15:53.850000,-0.018074
2025-05-01T14:15:53.860000,-0.008605
2025-05-01T14:15:53.870000,0.013146
2025-05-01T14:15:53.880000,-0.001439
2025-05-01T14:15:53.890000,-0.009143
2025-05-01T14:15:53.900000,-0.011131
2025-05-01T14:15:53.910000,0.010857
2025-05-01T14:15:53.920000,-0.006020
2025-05-01T14:15:53.930000,0.010766
2025-05-01T14:15:53.940000,-0.013679
2025-05-01T14:15:53.950000,0.004700
2025-05-01T14:15:53.960000,-0.011417
2025-05-01T14:15:53.970000,0.009886
2025-05-01T14:15:53.980000,0.012792
2025-05-01T14:15:53.990000,0.001773
2025-05-01T14:15:54,0.003823
2025-05-01T14:15:54.010000,-0.001305
2025-05-01T14:15:54.020000,0.006517
2025-05-01T14:15:54.030000,0.007901
2025-05-01T14:15:54.040000,0.000642
2025-05-01T14:15:54.050000,-0.013262
2025-05-01T14:15:54.060000,0.011962
2025-05-01T14:15:54.070000,0.003222
2025-05-01T14:15:54.080000,0.001844
2025-05-01T14:15:54.090000,-0.024477
2025-05-01T14:15:54.100000,0.024994
2025-05-01T14:15:54.110000,-0.005743
2025-05-01T14:15:54.120000,-0.006317
2025-05-01T14:15:54.130000,0.003008
2025-05-01T14:15:54.140000,-0.006486
2025-05-01T14:15:54.150000,0.003202
2025-05-01T14:15:54.160000,-0.002842
2025-05-01T14:15:54.170000,0.011951
2025-05-01T14:15:54.180000,0.001190
2025-05-01T14:15:54.190000,-0.003472
2025-05-01T14:15:54.200000,0.000567
2025-05-01T14:15:54.210000,0.002862
2025-05-01T14:15:54.220000,-0.016738
2025-05-01T14:15:54.230000,-0.009984
2025-05-01T14:15:54.240000,-0.007557
2025-05-01T14:15:54.250000,-0.007560
2025-05-01T14:15:54.260000,-0.003467
2025-05-01T14:15:54.270000,0.006126
2025-05-01T14:15:54.280000,-0.015175
2025-05-01T14:15:54.290000,-0.002865
2025-05-01T14:15:54.300000,0.000707
2025-05-01T14:15:54.310000,0.000649
2025-05-01T14:15:54.320000,-0.009587
2025-05-01T14:15:54.330000,0.025578
2025-05-01T14:15:54.340000,-0.014611
2025-05-01T14:15:54.350000,0.002765
2025-05-01T14:15:54.360000,-0.011147
2025-05-01T14:15:54.370000,0.007606
2025-05-01T14:15:54.380000,-0.000058
2025-05-01T14:15:54.390000,-0.001216
2025-05-01T14:15:54.400000,-0.010649
2025-05-01T14:15:54.410000,0.017003
2025-05-01T14:15:54.420000,0.005391
2025-05-01T14:15:54.430000,-0.009386
2025-05-01T14:15:54.440000,-0.017272
2025-05-01T14:15:54.450000,-0.005818
2025-05-01T14:15:54.460000,-0.004409
2025-05-01T14:15:54.470000,0.012961
2025-05-01T14:15:54.480000,0.002809
2025-05-01T14:15:54.490000,0.001968
2025-05-01T14:15:54.500000,0.012934
2025-05-01T14:15:54.510000,-0.001089
2025-05-01T14:15:54.520000,0.000074
2025-05-01T14:15:54.530000,0.001194
2025-05-01T14:15:54.540000,-0.013311
2025-05-01T14:15:54.550000,-0.001221
2025-05-01T14:15:54.560000,0.012581
2025-05-01T14:15:54.570000,0.011953
2025-05-01T14:15:54.580000,0.001562
2025-05-01T14:15:54.590000,0.002836
2025-05-01T14:15:54.600000,-0.023658
2025-05-01T14:15:54.610000,-0.015404
2025-05-01T14:15:54.620000,-0.003139
2025-05-01T14:15:54.630000,-0.001259
2025-05-01T14:15:54.640000,-0.023689
2025-05-01T14:15:54.650000,-0.003335
2025-05-01T14:15:54.660000,0.012165
2025-05-01T14:15:54.670000,-0.003347
2025-05-01T14:15:54.680000,-0.003549
2025-05-01T14:15:54.690000,0.001265
2025-05-01T14:15:54.700000,-0.001504
2025-05-01T14:15:54.710000,0.000962
2025-05-01T14:15:54.720000,0.004350
2025-05-01T14:15:54.730000,0.000422
2025-05-01T14:15:54.740000,-0.007014
2025-05-01T14:15:54.750000,-0.002337
2025-05-01T14:15:54.760000,0.017967
2025-05-01T14:15:54.770000,0.007383
2025-05-01T14:15:54.780000,0.004649
2025-05-01T14:15:54.790000,-0.007627
2025-05-01T14:15:54.800000,0.002820
2025-05-01T14:15:54.810000,-0.005136
2025-05-01T14:15:54.820000,0.012914
2025-05-01T14:15:54.830000,-0.004508
2025-05-01T14:15:54.840000,-0.017907
2025-05-01T14:15:54.850000,0.012687
2025-05-01T14:15:54.860000,-0.018128
2025-05-01T14:15:54.870000,0.003209
2025-05-01T14:15:54.880000,0.014642
2025-05-01T14:15:54.890000,-0.018360
2025-05-01T14:15:54.900000,0.016777
2025-05-01T14:15:54.910000,-0.008760
2025-05-01T14:15:54.920000,0.003773
2025-05-01T14:15:54.930000,-0.001214
2025-05-01T14:15:54.940000,0.010055
2025-05-01T14:15:54.950000,0.002171
2025-05-01T14:15:54.960000,0.000542
2025-05-01T14:15:54.970000,-0.005934
2025-05-01T14:15:54.980000,0.011501
2025-05-01T14:15:54.990000,0.009240
2025-05-01T14:15:55,0.000711
2025-05-01T14:15:55.010000,0.005199
2025-05-01T14:15:55.020000,-0.013004
2025-05-01T14:15:55.030000,0.000912
2025-05-01T14:15:55.040000,-0.005116
2025-05-01T14:15:55.050000,-0.000844
2025-05-01T14:15:55.060000,0.010604
2025-05-01T14:15:55.070000,-0.000253
2025-05-01T14:15:55.080000,-0.004255
2025-05-01T14:15:55.090000,-0.002658
2025-05-01T14:15:55.100000,0.010965
2025-05-01T14:15:55.110000,0.000988
2025-05-01T14:15:55.120000,-0.008132
2025-05-01T14:15:55.130000,-0.005499
2025-05-01T14:15:55.140000,0.005674
2025-05-01T14:15:55.150000,-0.001715
2025-05-01T14:15:55.160000,-0.009952
2025-05-01T14:15:55.170000,0.004353
2025-05-01T14:15:55.180000,-0.007473
2025-05-01T14:15:55.190000,0.010206
2025-05-01T14:15:55.200000,-0.009669
2025-05-01T14:15:55.210000,0.003137
2025-05-01T14:15:55.220000,-0.009085
2025-05-01T14:15:55.230000,-0.003573
2025-05-01T14:15:55.240000,-0.001107
2025-05-01T14:15:55.250000,-0.016169
2025-05-01T14:15:55.260000,-0.014294
2025-05-01T14:15:55.270000,0.013235
2025-05-01T14:15:55.280000,0.008521
2025-05-01T14:15:55.290000,0.009458
2025-05-01T14:15:55.300000,0.013013
2025-05-01T14:15:55.310000,0.009004
2025-05-01T14:15:55.320000,0.007878
2025-05-01T14:15:55.330000,0.000160
2025-05-01T14:15:55.340000,-0.023371
2025-05-01T14:15:55.350000,-0.010528
2025-05-01T14:15:55.360000,-0.010451
2025-05-01T14:15:55.370000,0.011674
2025-05-01T14:15:55.380000,-0.010229
2025-05-01T14:15:55.390000,-0.016960
2025-05-01T14:15:55.400000,-0.004209
2025-05-01T14:15:55.410000,-0.015662
2025-05-01T14:15:55.420000,-0.009052
2025-05-01T14:15:55.430000,-0.009191
2025-05-01T14:15:55.440000,-0.002892
2025-05-01T14:15:55.450000,-0.003292
2025-05-01T14:15:55.460000,0.001232
2025-05-01T14:15:55.470000,-0.000231
2025-05-01T14:15:55.480000,-0.007453
2025-05-01T14:15:55.490000,0.024904
2025-05-01T14:15:55.500000,0.016932
2025-05-01T14:15:55.510000,0.000956
2025-05-01T14:15:55.520000,-0.003082
2025-05-01T14:15:55.530000,0.003199
2025-05-01T14:15:55.540000,0.004309
2025-05-01T14:15:55.550000,-0.002870
2025-05-01T14:15:55.560000,-0.000037
2025-05-01T14:15:55.570000,-0.000499
2025-05-01T14:15:55.580000,-0.020893
2025-05-01T14:15:55.590000,0.007094
2025-05-01T14:15:55.600000,0.000667
2025-05-01T14:15:55.610000,-0.005476
2025-05-01T14:15:55.620000,-0.005494
2025-05-01T14:15:55.630000,-0.005139
2025-05-01T14:15:55.640000,-0.009369
2025-05-01T14:15:55.650000,0.005439
2025-05-01T14:15:55.660000,-0.000480
2025-05-01T14:15:55.670000,0.007221
2025-05-01T14:15:55.680000,0.001862
2025-05-01T14:15:55.690000,0.008364
2025-05-01T14:15:55.700000,-0.000343
2025-05-01T14:15:55.710000,-0.008013
2025-05-01T14:15:55.720000,0.006259
2025-05-01T14:15:55.730000,-0.020895
2025-05-01T14:15:55.740000,0.005790
2025-05-01T14:15:55.750000,0.014980
2025-05-01T14:15:55.760000,0.020680
2025-05-01T14:15:55.770000,-0.027128
2025-05-01T14:15:55.780000,-0.004034
2025-05-01T14:15:55.790000,-0.007573
2025-05-01T14:15:55.800000,-0.012924
2025-05-01T14:15:55.810000,0.004100
2025-05-01T14:15:55.820000,-0.001289
2025-05-01T14:15:55.830000,-0.006555
2025-05-01T14:15:55.840000,-0.005046
2025-05-01T14:15:55.850000,-0.007650
2025-05-01T14:15:55.860000,0.010219
2025-05-01T14:15:55.870000,0.015713
2025-05-01T14:15:55.880000,-0.014007
2025-05-01T14:15:55.890000,0.019040
2025-05-01T14:15:55.900000,-0.015961
2025-05-01T14:15:55.910000,0.008363
2025-05-01T14:15:55.920000,0.030466
2025-05-01T14:15:55.930000,0.003593
2025-05-01T14:15:55.940000,-0.016111
2025-05-01T14:15:55.950000,0.012094
2025-05-01T14:15:55.960000,-0.005385
2025-05-01T14:15:55.970000,0.002783
2025-05-01T14:15:55.980000,-0.006999
2025-05-01T14:15:55.990000,0.009274
2025-05-01T14:15:56,-0.005581
2025-05-01T14:15:56.010000,0.006830
2025-05-01T14:15:56.020000,0.002252
2025-05-01T14:15:56.030000,0.000062
2025-05-01T14:15:56.040000,0.009834
2025-05-01T14:15:56.050000,-0.009612
2025-05-01T14:15:56.060000,0.002475
2025-05-01T14:15:56.070000,-0.005125
2025-05-01T14:15:56.080000,0.003651
2025-05-01T14:15:56.090000,0.001441
2025-05-01T14:15:56.100000,0.008065
2025-05-01T14:15:56.110000,-0.016691
2025-05-01T14:15:56.120000,0.001084
2025-05-01T14:15:56.130000,-0.014510
2025-05-01T14:15:56.140000,-0.005566
2025-05-01T14:15:56.150000,-0.012585
2025-05-01T14:15:56.160000,0.002692
2025-05-01T14:15:56.170000,-0.002449
2025-05-01T14:15:56.180000,0.021908
2025-05-01T14:15:56.190000,-0.006800
2025-05-01T14:15:56.200000,0.022778
2025-05-01T14:15:56.210000,-0.006104
2025-05-01T14:15:56.220000,-0.003575
2025-05-01T14:15:56.230000,-0.000666
2025-05-01T14:15:56.240000,-0.002491
2025-05-01T14:15:56.250000,0.007734
2025-05-01T14:15:56.260000,0.001924
2025-05-01T14:15:56.270000,0.014551
2025-05-01T14:15:56.280000,-0.011627
2025-05-01T14:15:56.290000,-0.008606
2025-05-01T14:15:56.300000,-0.000203
2025-05-01T14:15:56.310000,-0.008750
2025-05-01T14:15:56.320000,0.001840
2025-05-01T14:15:56.330000,0.005784
2025-05-01T14:15:56.340000,0.012468
2025-05-01T14:15:56.350000,0.003039
2025-05-01T14:15:56.360000,-0.013817
2025-05-01T14:15:56.370000,0.009235
2025-05-01T14:15:56.380000,-0.023331
2025-05-01T14:15:56.390000,-0.002819
2025-05-01T14:15:56.400000,0.008074
2025-05-01T14:15:56.410000,0.011642
2025-05-01T14:15:56.420000,-0.010451
2025-05-01T14:15:56.430000,0.002667
2025-05-01T14:15:56.440000,-0.010488
2025-05-01T14:15:56.450000,-0.013492
2025-05-01T14:15:56.460000,0.001033
2025-05-01T14:15:56.470000,0.009143
2025-05-01T14:15:56.480000,-0.009159
2025-05-01T14:15:56.490000,-0.006150
2025-05-01T14:15:56.500000,0.023174
2025-05-01T14:15:56.510000,-0.004239
2025-05-01T14:15:56.520000,0.001430
2025-05-01T14:15:56.530000,0.004847
2025-05-01T14:15:56.540000,-0.017718
2025-05-01T14:15:56.550000,0.004328
2025-05-01T14:15:56.560000,0.001765
2025-05-01T14:15:56.570000,-0.018290
2025-05-01T14:15:56.580000,0.015271
2025-05-01T14:15:56.590000,-0.016084
2025-05-01T14:15:56.600000,-0.015547
2025-05-01T14:15:56.610000,-0.007814
2025-05-01T14:15:56.620000,0.013180
2025-05-01T14:15:56.630000,-0.007202
2025-05-01T14:15:56.640000,-0.005171
2025-05-01T14:15:56.650000,-0.010036
2025-05-01T14:15:56.660000,-0.008444
2025-05-01T14:15:56.670000,-0.013399
2025-05-01T14:15:56.680000,0.008042
2025-05-01T14:15:56.690000,0.004844
2025-05-01T14:15:56.700000,0.013206
2025-05-01T14:15:56.710000,-0.002085
2025-05-01T14:15:56.720000,-0.014630
2025-05-01T14:15:56.730000,-0.006423
2025-05-01T14:15:56.740000,-0.003826
2025-05-01T14:15:56.750000,-0.001950
2025-05-01T14:15:56.760000,0.010308
2025-05-01T14:15:56.770000,0.021789
2025-05-01T14:15:56.780000,-0.005019
2025-05-01T14:15:56.790000,0.002690
2025-05-01T14:15:56.800000,-0.014063
2025-05-01T14:15:56.810000,-0.011107
2025-05-01T14:15:56.820000,0.000751
2025-05-01T14:15:56.830000,-0.008783
2025-05-01T14:15:56.840000,0.007027
2025-05-01T14:15:56.850000,0.006106
2025-05-01T14:15:56.860000,-0.024052
2025-05-01T14:15:56.870000,-0.006575
2025-05-01T14:15:56.880000,-0.012856
2025-05-01T14:15:56.890000,0.004158
2025-05-01T14:15:56.900000,0.003495
2025-05-01T14:15:56.910000,0.001705
2025-05-01T14:15:56.920000,0.001498
2025-05-01T14:15:56.930000,-0.013178
2025-05-01T14:15:56.940000,0.010497
2025-05-01T14:15:56.950000,0.026255
2025-05-01T14:15:56.960000,0.016435
2025-05-01T14:15:56.970000,-0.013698
2025-05-01T14:15:56.980000,0.003401
2025-05-01T14:15:56.990000,0.000239
2025-05-01T14:15:57,-0.002728
2025-05-01T14:15:57.010000,0.004064
2025-05-01T14:15:57.020000,0.015114
2025-05-01T14:15:57.030000,-0.011792
2025-05-01T14:15:57.040000,0.001095
2025-05-01T14:15:57.050000,-0.000242
2025-05-01T14:15:57.060000,0.008183
2025-05-01T14:15:57.070000,-0.006389
2025-05-01T14:15:57.080000,-0.005966
2025-05-01T14:15:57.090000,-0.000588
2025-05-01T14:15:57.100000,-0.002530
2025-05-01T14:15:57.110000,-0.004944
2025-05-01T14:15:57.120000,0.000889
2025-05-01T14:15:57.130000,0.002207
2025-05-01T14:15:57.140000,-0.009688
2025-05-01T14:15:57.150000,0.003738
2025-05-01T14:15:57.160000,-0.013998
2025-05-01T14:15:57.170000,-0.001635
2025-05-01T14:15:57.180000,0.004971
2025-05-01T14:15:57.190000,-0.004387
2025-05-01T14:15:57.200000,-0.002705
2025-05-01T14:15:57.210000,0.008877
2025-05-01T14:15:57.220000,0.001960
2025-05-01T14:15:57.230000,0.020077
2025-05-01T14:15:57.240000,0.002642
2025-05-01T14:15:57.250000,0.003490
2025-05-01T14:15:57.260000,-0.016976
2025-05-01T14:15:57.270000,0.013336
2025-05-01T14:15:57.280000,0.011990
2025-05-01T14:15:57.290000,0.001734
2025-05-01T14:15:57.300000,-0.011278
2025-05-01T14:15:57.310000,-0.002011
2025-05-01T14:15:57.320000,0.002495
2025-05-01T14:15:57.330000,-0.016972
2025-05-01T14:15:57.340000,-0.006504
2025-05-01T14:15:57.350000,0.002853
2025-05-01T14:15:57.360000,-0.008830
2025-05-01T14:15:57.370000,0.000744
2025-05-01T14:15:57.380000,0.012553
2025-05-01T14:15:57.390000,-0.007011
2025-05-01T14:15:57.400000,0.004703
2025-05-01T14:15:57.410000,0.009105
2025-05-01T14:15:57.420000,0.012098
2025-05-01T14:15:57.430000,-0.006792
2025-05-01T14:15:57.440000,0.017798
2025-05-01T14:15:57.450000,-0.001561
2025-05-01T14:15:57.460000,0.017625
2025-05-01T14:15:57.470000,0.025427
2025-05-01T14:15:57.480000,-0.018149
2025-05-01T14:15:57.490000,-0.016788
2025-05-01T14:15:57.500000,-0.008661
2025-05-01T14:15:57.510000,-0.003909
2025-05-01T14:15:57.520000,0.004515
2025-05-01T14:15:57.530000,-0.007857
2025-05-01T14:15:57.540000,-0.009886
2025-05-01T14:15:57.550000,0.002146
2025-05-01T14:15:57.560000,0.010480
2025-05-01T14:15:57.570000,-0.007169
2025-05-01T14:15:57.580000,-0.006247
2025-05-01T14:15:57.590000,-0.003319
2025-05-01T14:15:57.600000,-0.014082
2025-05-01T14:15:57.610000,-0.003398
2025-05-01T14:15:57.620000,0.006505
2025-05-01T14:15:57.630000,0.005368
2025-05-01T14:15:57.640000,0.004214
2025-05-01T14:15:57.650000,-0.004021
2025-05-01T14:15:57.660000,-0.004924
2025-05-01T14:15:57.670000,0.001625
2025-05-01T14:15:57.680000,-0.008133
2025-05-01T14:15:57.690000,0.006002
2025-05-01T14:15:57.700000,-0.011223
2025-05-01T14:15:57.710000,0.002586
2025-05-01T14:15:57.720000,0.009140
2025-05-01T14:15:57.730000,-0.016954
2025-05-01T14:15:57.740000,-0.003219
2025-05-01T14:15:57.750000,0.009511
2025-05-01T14:15:57.760000,-0.014127
2025-05-01T14:15:57.770000,-0.008864
2025-05-01T14:15:57.780000,-0.007308
2025-05-01T14:15:57.790000,-0.009586
2025-05-01T14:15:57.800000,0.012460
2025-05-01T14:15:57.810000,0.021708
2025-05-01T14:15:57.820000,0.003178
2025-05-01T14:15:57.830000,-0.004263
2025-05-01T14:15:57.840000,0.007921
2025-05-01T14:15:57.850000,0.011426
2025-05-01T14:15:57.860000,0.013445
2025-05-01T14:15:57.870000,-0.008194
2025-05-01T14:15:57.880000,0.008321
2025-05-01T14:15:57.890000,0.010508
2025-05-01T14:15:57.900000,0.002749
2025-05-01T14:15:57.910000,0.010254
2025-05-01T14:15:57.920000,-0.005330
2025-05-01T14:15:57.930000,-0.012711
2025-05-01T14:15:57.940000,-0.002694
2025-05-01T14:15:57.950000,-0.005839
2025-05-01T14:15:57.960000,0.016608
2025-05-01T14:15:57.970000,-0.001692
2025-05-01T14:15:57.980000,0.001299
2025-05-01T14:15:57.990000,0.001304
2025-05-01T14:15:58,-0.016545
2025-05-01T14:15:58.010000,-0.001412
2025-05-01T14:15:58.020000,0.003483
2025-05-01T14:15:58.030000,0.012446
2025-05-01T14:15:58.040000,0.006816
2025-05-01T14:15:58.050000,-0.009891
2025-05-01T14:15:58.060000,-0.000188
2025-05-01T14:15:58.070000,-0.007607
2025-05-01T14:15:58.080000,0.018431
2025-05-01T14:15:58.090000,0.007536
2025-05-01T14:15:58.100000,0.005158
2025-05-01T14:15:58.110000,-0.009167
2025-05-01T14:15:58.120000,0.008699
2025-05-01T14:15:58.130000,0.014666
2025-05-01T14:15:58.140000,0.002662
2025-05-01T14:15:58.150000,-0.000500
2025-05-01T14:15:58.160000,-0.001206
2025-05-01T14:15:58.170000,-0.005555
2025-05-01T14:15:58.180000,-0.013485
2025-05-01T14:15:58.190000,0.008079
2025-05-01T14:15:58.200000,0.005368
2025-05-01T14:15:58.210000,-0.000356
2025-05-01T14:15:58.220000,-0.019054
2025-05-01T14:15:58.230000,-0.008336
2025-05-01T14:15:58.240000,0.012172
2025-05-01T14:15:58.250000,0.011378
2025-05-01T14:15:58.260000,-0.003723
2025-05-01T14:15:58.270000,0.004937
2025-05-01T14:15:58.280000,0.001886
2025-05-01T14:15:58.290000,0.002122
2025-05-01T14:15:58.300000,0.011045
2025-05-01T14:15:58.310000,0.000197
2025-05-01T14:15:58.320000,-0.012492
2025-05-01T14:15:58.330000,0.002390
2025-05-01T14:15:58.340000,0.008502
2025-05-01T14:15:58.350000,-0.005001
2025-05-01T14:15:58.360000,0.008241
2025-05-01T14:15:58.370000,0.018329
2025-05-01T14:15:58.380000,0.002440
2025-05-01T14:15:58.390000,0.002160
2025-05-01T14:15:58.400000,-0.010638
2025-05-01T14:15:58.410000,-0.007441
2025-05-01T14:15:58.420000,0.002398
2025-05-01T14:15:58.430000,-0.011331
2025-05-01T14:15:58.440000,-0.003418
2025-05-01T14:15:58.450000,-0.016789
2025-05-01T14:15:58.460000,-0.005157
2025-05-01T14:15:58.470000,0.005767
2025-05-01T14:15:58.480000,-0.008491
2025-05-01T14:15:58.490000,0.012548
2025-05-01T14:15:58.500000,-0.003851
2025-05-01T14:15:58.510000,-0.000147
2025-05-01T14:15:58.520000,-0.013217
2025-05-01T14:15:58.530000,-0.009112
2025-05-01T14:15:58.540000,0.002646
2025-05-01T14:15:58.550000,0.001042
2025-05-01T14:15:58.560000,0.001243
2025-05-01T14:15:58.570000,-0.005745
2025-05-01T14:15:58.580000,-0.005461
2025-05-01T14:15:58.590000,-0.015629
2025-05-01T14:15:58.600000,-0.012886
2025-05-01T14:15:58.610000,0.015301
2025-05-01T14:15:58.620000,0.003169
2025-05-01T14:15:58.630000,-0.006200
2025-05-01T14:15:58.640000,0.006015
2025-05-01T14:15:58.650000,0.012821
2025-05-01T14:15:58.660000,0.015593
2025-05-01T14:15:58.670000,-0.004169
2025-05-01T14:15:58.680000,0.005268
2025-05-01T14:15:58.690000,0.003989
2025-05-01T14:15:58.700000,-0.003983
2025-05-01T14:15:58.710000,-0.013068
2025-05-01T14:15:58.720000,-0.007409
2025-05-01T14:15:58.730000,-0.001298
2025-05-01T14:15:58.740000,-0.013062
2025-05-01T14:15:58.750000,-0.008240
2025-05-01T14:15:58.760000,-0.003024
2025-05-01T14:15:58.770000,-0.014667
2025-05-01T14:15:58.780000,-0.007657
2025-05-01T14:15:58.790000,0.007349
2025-05-01T14:15:58.800000,-0.007823
2025-05-01T14:15:58.810000,0.010441
2025-05-01T14:15:58.820000,0.001088
2025-05-01T14:15:58.830000,0.002623
2025-05-01T14:15:58.840000,0.014706
2025-05-01T14:15:58.850000,0.010037
2025-05-01T14:15:58.860000,-0.003780
2025-05-01T14:15:58.870000,-0.010884
2025-05-01T14:15:58.880000,0.002725
2025-05-01T14:15:58.890000,-0.003549
2025-05-01T14:15:58.900000,0.004973
2025-05-01T14:15:58.910000,-0.011776
2025-05-01T14:15:58.920000,-0.001701
2025-05-01T14:15:58.930000,-0.003347
2025-05-01T14:15:58.940000,0.001535
2025-05-01T14:15:58.950000,0.002591
2025-05-01T14:15:58.960000,0.003071
2025-05-01T14:15:58.970000,-0.010731
2025-05-01T14:15:58.980000,0.007137
2025-05-01T14:15:58.990000,-0.012416
2025-05-01T14:15:59,0.005563
2025-05-01T14:15:59.010000,0.014346
2025-05-01T14:15:59.020000,0.005943
2025-05-01T14:15:59.030000,-0.004704
2025-05-01T14:15:59.040000,0.006579
2025-05-01T14:15:59.050000,0.001023
2025-05-01T14:15:59.060000,-0.009645
2025-05-01T14:15:59.070000,0.006579
2025-05-01T14:15:59.080000,-0.009247
2025-05-01T14:15:59.090000,0.008444
2025-05-01T14:15:59.100000,0.004680
2025-05-01T14:15:59.110000,0.000418
2025-05-01T14:15:59.120000,0.000149
2025-05-01T14:15:59.130000,0.006389
2025-05-01T14:15:59.140000,0.010610
2025-05-01T14:15:59.150000,0.007020
2025-05-01T14:15:59.160000,0.021676
2025-05-01T14:15:59.170000,-0.005954
2025-05-01T14:15:59.180000,0.004574
2025-05-01T14:15:59.190000,0.009367
2025-05-01T14:15:59.200000,0.006714
2025-05-01T14:15:59.210000,0.001498
2025-05-01T14:15:59.220000,0.000726
2025-05-01T14:15:59.230000,-0.011153
2025-05-01T14:15:59.240000,-0.016499
2025-05-01T14:15:59.250000,0.007195
2025-05-01T14:15:59.260000,-0.005063
2025-05-01T14:15:59.270000,0.014729
2025-05-01T14:15:59.280000,-0.002733
2025-05-01T14:15:59.290000,0.004091
2025-05-01T14:15:59.300000,-0.002322
2025-05-01T14:15:59.310000,0.004724
2025-05-01T14:15:59.320000,-0.003227
2025-05-01T14:15:59.330000,-0.013460
2025-05-01T14:15:59.340000,0.012529
2025-05-01T14:15:59.350000,-0.001179
2025-05-01T14:15:59.360000,0.022517
2025-05-01T14:15:59.370000,0.005442
2025-05-01T14:15:59.380000,-0.002401
2025-05-01T14:15:59.390000,-0.005230
2025-05-01T14:15:59.400000,-0.006595
2025-05-01T14:15:59.410000,0.003871
2025-05-01T14:15:59.420000,-0.012640
2025-05-01T14:15:59.430000,-0.012152
2025-05-01T14:15:59.440000,-0.021278
2025-05-01T14:15:59.450000,-0.005989
2025-05-01T14:15:59.460000,0.009260
2025-05-01T14:15:59.470000,-0.012456
2025-05-01T14:15:59.480000,-0.006209
2025-05-01T14:15:59.490000,0.003479
2025-05-01T14:15:59.500000,-0.005249
2025-05-01T14:15:59.510000,0.008992
2025-05-01T14:15:59.520000,0.011350
2025-05-01T14:15:59.530000,-0.004989
2025-05-01T14:15:59.540000,0.007043
2025-05-01T14:15:59.550000,0.008566
2025-05-01T14:15:59.560000,0.000398
2025-05-01T14:15:59.570000,0.007325
2025-05-01T14:15:59.580000,-0.014924
2025-05-01T14:15:59.590000,0.007239
2025-05-01T14:15:59.600000,0.003360
2025-05-01T14:15:59.610000,-0.003947
2025-05-01T14:15:59.620000,-0.005789
2025-05-01T14:15:59.630000,0.002575
2025-05-01T14:15:59.640000,0.014983
2025-05-01T14:15:59.650000,-0.019982
2025-05-01T14:15:59.660000,-0.006423
2025-05-01T14:15:59.670000,-0.004303
2025-05-01T14:15:59.680000,-0.008089
2025-05-01T14:15:59.690000,0.006398
2025-05-01T14:15:59.700000,-0.008237
2025-05-01T14:15:59.710000,0.008588
2025-05-01T14:15:59.720000,-0.004093
2025-05-01T14:15:59.730000,0.009266
2025-05-01T14:15:59.740000,-0.011461
2025-05-01T14:15:59.750000,-0.003197
2025-05-01T14:15:59.760000,-0.002442
2025-05-01T14:15:59.770000,0.004916
2025-05-01T14:15:59.780000,-0.002504
2025-05-01T14:15:59.790000,0.008467
2025-05-01T14:15:59.800000,-0.007275
2025-05-01T14:15:59.810000,-0.007361
2025-05-01T14:15:59.820000,-0.015134
2025-05-01T14:15:59.830000,-0.013881
2025-05-01T14:15:59.840000,-0.001712
2025-05-01T14:15:59.850000,-0.005974
2025-05-01T14:15:59.860000,0.003967
2025-05-01T14:15:59.870000,0.004826
2025-05-01T14:15:59.880000,0.004924
2025-05-01T14:15:59.890000,-0.010629
2025-05-01T14:15:59.900000,0.008288
2025-05-01T14:15:59.910000,0.020707
2025-05-01T14:15:59.920000,0.017939
2025-05-01T14:15:59.930000,0.005433
2025-05-01T14:15:59.940000,0.006544
2025-05-01T14:15:59.950000,0.006370
2025-05-01T14:15:59.960000,0.008908
2025-05-01T14:15:59.970000,0.002279
2025-05-01T14:15:59.980000,0.001215
2025-05-01T14:15:59.990000,-0.008806
2025-05-01T14:16:00,0.004500
2025-05-01T14:16:00.010000,-0.010198
2025-05-01T14:16:00.020000,-0.004541
2025-05-01T14:16:00.030000,0.000185
2025-05-01T14:16:00.040000,0.000611
2025-05-01T14:16:00.050000,-0.008327
2025-05-01T14:16:00.060000,-0.002037
2025-05-01T14:16:00.070000,-0.005178
2025-05-01T14:16:00.080000,-0.007079
2025-05-01T14:16:00.090000,0.010395
2025-05-01T14:16:00.100000,-0.002668
2025-05-01T14:16:00.110000,-0.004722
2025-05-01T14:16:00.120000,0.011321
2025-05-01T14:16:00.130000,-0.006012
2025-05-01T14:16:00.140000,-0.000394
2025-05-01T14:16:00.150000,-0.007545
2025-05-01T14:16:00.160000,0.010345
2025-05-01T14:16:00.170000,-0.008491
2025-05-01T14:16:00.180000,-0.023354
2025-05-01T14:16:00.190000,0.011726
2025-05-01T14:16:00.200000,0.003813
2025-05-01T14:16:00.210000,0.006845
2025-05-01T14:16:00.220000,0.000566
2025-05-01T14:16:00.230000,-0.002423
2025-05-01T14:16:00.240000,0.003911
2025-05-01T14:16:00.250000,0.001337
2025-05-01T14:16:00.260000,0.009728
2025-05-01T14:16:00.270000,0.002333
2025-05-01T14:16:00.280000,0.015302
2025-05-01T14:16:00.290000,0.012139
2025-05-01T14:16:00.300000,-0.001128
2025-05-01T14:16:00.310000,-0.007135
2025-05-01T14:16:00.320000,0.005581
2025-05-01T14:16:00.330000,0.000559
2025-05-01T14:16:00.340000,-0.016629
2025-05-01T14:16:00.350000,-0.003357
2025-05-01T14:16:00.360000,0.010891
2025-05-01T14:16:00.370000,0.011444
2025-05-01T14:16:00.380000,-0.015689
2025-05-01T14:16:00.390000,0.011564
2025-05-01T14:16:00.400000,0.010640
2025-05-01T14:16:00.410000,0.000621
2025-05-01T14:16:00.420000,0.017699
2025-05-01T14:16:00.430000,-0.011942
2025-05-01T14:16:00.440000,-0.002776
2025-05-01T14:16:00.450000,0.006505
2025-05-01T14:16:00.460000,-0.001867
2025-05-01T14:16:00.470000,-0.016829
2025-05-01T14:16:00.480000,0.013379
2025-05-01T14:16:00.490000,-0.018503
2025-05-01T14:16:00.500000,0.008353
2025-05-01T14:16:00.510000,-0.012540
2025-05-01T14:16:00.520000,-0.003636
2025-05-01T14:16:00.530000,-0.003530
2025-05-01T14:16:00.540000,-0.004425
2025-05-01T14:16:00.550000,0.007026
2025-05-01T14:16:00.560000,0.003460
2025-05-01T14:16:00.570000,-0.000751
2025-05-01T14:16:00.580000,0.015264
2025-05-01T14:16:00.590000,-0.008281
2025-05-01T14:16:00.600000,-0.001437
2025-05-01T14:16:00.610000,0.018576
2025-05-01T14:16:00.620000,-0.003959
2025-05-01T14:16:00.630000,-0.009076
2025-05-01T14:16:00.640000,0.007771
2025-05-01T14:16:00.650000,-0.002459
2025-05-01T14:16:00.660000,0.002384
2025-05-01T14:16:00.670000,0.017481
2025-05-01T14:16:00.680000,-0.005678
2025-05-01T14:16:00.690000,0.000180
2025-05-01T14:16:00.700000,0.006113
2025-05-01T14:16:00.710000,0.005867
2025-05-01T14:16:00.720000,-0.003225
2025-05-01T14:16:00.730000,-0.009057
2025-05-01T14:16:00.740000,-0.000841
2025-05-01T14:16:00.750000,0.000772
2025-05-01T14:16:00.760000,-0.007597
2025-05-01T14:16:00.770000,-0.004413
2025-05-01T14:16:00.780000,0.015592
2025-05-01T14:16:00.790000,-0.010005
2025-05-01T14:16:00.800000,-0.013526
2025-05-01T14:16:00.810000,0.009183
2025-05-01T14:16:00.820000,-0.003203
2025-05-01T14:16:00.830000,-0.008593
2025-05-01T14:16:00.840000,0.010969
2025-05-01T14:16:00.850000,0.004870
2025-05-01T14:16:00.860000,0.001419
2025-05-01T14:16:00.870000,-0.002297
2025-05-01T14:16:00.880000,-0.000735
2025-05-01T14:16:00.890000,-0.007722
2025-05-01T14:16:00.900000,-0.006064
2025-05-01T14:16:00.910000,0.007353
2025-05-01T14:16:00.920000,0.016173
2025-05-01T14:16:00.930000,0.005956
2025-05-01T14:16:00.940000,-0.005988
2025-05-01T14:16:00.950000,0.010716
2025-05-01T14:16:00.960000,0.000472
2025-05-01T14:16:00.970000,0.002920
2025-05-01T14:16:00.980000,-0.005536
2025-05-01T14:16:00.990000,-0.014794
2025-05-01T14:16:01,-0.002961
2025-05-01T14:16:01.010000,-0.001190
2025-05-01T14:16:01.020000,0.003378
2025-05-01T14:16:01.030000,-0.013498
2025-05-01T14:16:01.040000,-0.003976
2025-05-01T14:16:01.050000,0.004924
2025-05-01T14:16:01.060000,-0.015563
2025-05-01T14:16:01.070000,0.012455
2025-05-01T14:16:01.080000,0.000914
2025-05-01T14:16:01.090000,0.001422
2025-05-01T14:16:01.100000,-0.008150
2025-05-01T14:16:01.110000,-0.002136
2025-05-01T14:16:01.120000,0.009566
2025-05-01T14:16:01.130000,-0.002658
2025-05-01T14:16:01.140000,0.003416
2025-05-01T14:16:01.150000,0.002272
2025-05-01T14:16:01.160000,-0.012916
2025-05-01T14:16:01.170000,-0.013738
2025-05-01T14:16:01.180000,-0.000545
2025-05-01T14:16:01.190000,-0.011503
2025-05-01T14:16:01.200000,-0.008714
2025-05-01T14:16:01.210000,0.009779
2025-05-01T14:16:01.220000,-0.012534
2025-05-01T14:16:01.230000,-0.009484
2025-05-01T14:16:01.240000,-0.007312
2025-05-01T14:16:01.250000,0.011363
2025-05-01T14:16:01.260000,-0.002487
2025-05-01T14:16:01.270000,0.013335
2025-05-01T14:16:01.280000,-0.000378
2025-05-01T14:16:01.290000,0.007241
2025-05-01T14:16:01.300000,-0.024699
2025-05-01T14:16:01.310000,-0.002378
2025-05-01T14:16:01.320000,-0.003316
2025-05-01T14:16:01.330000,-0.001635
2025-05-01T14:16:01.340000,-0.013213
2025-05-01T14:16:01.350000,0.008337
2025-05-01T14:16:01.360000,-0.020647
2025-05-01T14:16:01.370000,0.010494
2025-05-01T14:16:01.380000,-0.005147
2025-05-01T14:16:01.390000,-0.019715
2025-05-01T14:16:01.400000,-0.007096
2025-05-01T14:16:01.410000,-0.000485
2025-05-01T14:16:01.420000,-0.002300
2025-05-01T14:16:01.430000,0.004558
2025-05-01T14:16:01.440000,-0.018414
2025-05-01T14:16:01.450000,0.002579
2025-05-01T14:16:01.460000,-0.002919
2025-05-01T14:16:01.470000,-0.013687
2025-05-01T14:16:01.480000,-0.012587
2025-05-01T14:16:01.490000,-0.005510
2025-05-01T14:16:01.500000,0.000261
2025-05-01T14:16:01.510000,0.003216
2025-05-01T14:16:01.520000,-0.006751
2025-05-01T14:16:01.530000,0.001998
2025-05-01T14:16:01.540000,0.013830
2025-05-01T14:16:01.550000,-0.000279
2025-05-01T14:16:01.560000,-0.008611
2025-05-01T14:16:01.570000,0.000020
2025-05-01T14:16:01.580000,0.003199
2025-05-01T14:16:01.590000,0.000286
2025-05-01T14:16:01.600000,0.013075
2025-05-01T14:16:01.610000,-0.010518
2025-05-01T14:16:01.620000,-0.014451
2025-05-01T14:16:01.630000,-0.009395
2025-05-01T14:16:01.640000,-0.009734
2025-05-01T14:16:01.650000,-0.003964
2025-05-01T14:16:01.660000,0.001921
2025-05-01T14:16:01.670000,-0.002100
2025-05-01T14:16:01.680000,-0.010108
2025-05-01T14:16:01.690000,0.003177
2025-05-01T14:16:01.700000,0.008274
2025-05-01T14:16:01.710000,-0.001074
2025-05-01T14:16:01.720000,0.007562
2025-05-01T14:16:01.730000,0.005472
2025-05-01T14:16:01.740000,-0.007072
2025-05-01T14:16:01.750000,0.023415
2025-05-01T14:16:01.760000,-0.009344
2025-05-01T14:16:01.770000,0.011479
2025-05-01T14:16:01.780000,-0.007317
2025-05-01T14:16:01.790000,-0.006637
2025-05-01T14:16:01.800000,-0.014079
2025-05-01T14:16:01.810000,-0.007275
2025-05-01T14:16:01.820000,0.009914
2025-05-01T14:16:01.830000,0.000418
2025-05-01T14:16:01.840000,-0.001003
2025-05-01T14:16:01.850000,-0.000903
2025-05-01T14:16:01.860000,-0.001618
2025-05-01T14:16:01.870000,0.013516
2025-05-01T14:16:01.880000,-0.009425
2025-05-01T14:16:01.890000,0.006551
2025-05-01T14:16:01.900000,0.014650
2025-05-01T14:16:01.910000,0.002438
2025-05-01T14:16:01.920000,-0.010780
2025-05-01T14:16:01.930000,0.012744
2025-05-01T14:16:01.940000,0.009083
2025-05-01T14:16:01.950000,-0.005727
2025-05-01T14:16:01.960000,0.011651
2025-05-01T14:16:01.970000,-0.004832
2025-05-01T14:16:01.980000,-0.006649
2025-05-01T14:16:01.990000,0.002173
2025-05-01T14:16:02,-0.014059
2025-05-01T14:16:02.010000,-0.000936
2025-05-01T14:16:02.020000,-0.002206
2025-05-01T14:16:02.030000,-0.006353
2025-05-01T14:16:02.040000,0.011664
2025-05-01T14:16:02.050000,-0.007704
2025-05-01T14:16:02.060000,0.004300
2025-05-01T14:16:02.070000,0.000950
2025-05-01T14:16:02.080000,-0.011125
2025-05-01T14:16:02.090000,-0.010195
2025-05-01T14:16:02.100000,-0.011305
2025-05-01T14:16:02.110000,0.002327
2025-05-01T14:16:02.120000,0.011686
2025-05-01T14:16:02.130000,0.001345
2025-05-01T14:16:02.140000,0.006914
2025-05-01T14:16:02.150000,0.003901
2025-05-01T14:16:02.160000,-0.011696
2025-05-01T14:16:02.170000,0.009181
2025-05-01T14:16:02.180000,0.026573
2025-05-01T14:16:02.190000,-0.016645
2025-05-01T14:16:02.200000,-0.004300
2025-05-01T14:16:02.210000,0.003570
2025-05-01T14:16:02.220000,0.010571
2025-05-01T14:16:02.230000,-0.002133
2025-05-01T14:16:02.240000,0.004876
2025-05-01T14:16:02.250000,0.004195
2025-05-01T14:16:02.260000,0.006882
2025-05-01T14:16:02.270000,0.009501
2025-05-01T14:16:02.280000,0.000706
2025-05-01T14:16:02.290000,0.005757
2025-05-01T14:16:02.300000,0.007666
2025-05-01T14:16:02.310000,-0.006675
2025-05-01T14:16:02.320000,0.000127
2025-05-01T14:16:02.330000,0.015863
2025-05-01T14:16:02.340000,-0.002103
2025-05-01T14:16:02.350000,0.002923
2025-05-01T14:16:02.360000,-0.011128
2025-05-01T14:16:02.370000,-0.014004
2025-05-01T14:16:02.380000,-0.008032
2025-05-01T14:16:02.390000,0.008713
2025-05-01T14:16:02.400000,-0.003370
2025-05-01T14:16:02.410000,0.015775
2025-05-01T14:16:02.420000,0.009359
2025-05-01T14:16:02.430000,0.011702
2025-05-01T14:16:02.440000,-0.001018
2025-05-01T14:16:02.450000,0.003401
2025-05-01T14:16:02.460000,-0.007010
2025-05-01T14:16:02.470000,-0.004014
2025-05-01T14:16:02.480000,0.002338
2025-05-01T14:16:02.490000,-0.001679
2025-05-01T14:16:02.500000,-0.000288
2025-05-01T14:16:02.510000,-0.008795
2025-05-01T14:16:02.520000,0.000161
2025-05-01T14:16:02.530000,-0.005607
2025-05-01T14:16:02.540000,0.007177
2025-05-01T14:16:02.550000,-0.002751
2025-05-01T14:16:02.560000,0.013460
2025-05-01T14:16:02.570000,-0.006481
2025-05-01T14:16:02.580000,-0.009876
2025-05-01T14:16:02.590000,-0.010523
2025-05-01T14:16:02.600000,0.001538
2025-05-01T14:16:02.610000,-0.000519
2025-05-01T14:16:02.620000,-0.002835
2025-05-01T14:16:02.630000,0.011557
2025-05-01T14:16:02.640000,0.014121
2025-05-01T14:16:02.650000,0.035019
2025-05-01T14:16:02.660000,-0.009620
2025-05-01T14:16:02.670000,-0.004348
2025-05-01T14:16:02.680000,0.005759
2025-05-01T14:16:02.690000,0.003246
2025-05-01T14:16:02.700000,-0.002386
2025-05-01T14:16:02.710000,-0.005501
2025-05-01T14:16:02.720000,-0.008907
2025-05-01T14:16:02.730000,0.006942
2025-05-01T14:16:02.740000,0.003120
2025-05-01T14:16:02.750000,-0.009152
2025-05-01T14:16:02.760000,0.010680
2025-05-01T14:16:02.770000,-0.012756
2025-05-01T14:16:02.780000,-0.003686
2025-05-01T14:16:02.790000,0.002569
2025-05-01T14:16:02.800000,-0.010534
2025-05-01T14:16:02.810000,0.004721
2025-05-01T14:16:02.820000,-0.007104
2025-05-01T14:16:02.830000,0.002581
2025-05-01T14:16:02.840000,-0.004209
2025-05-01T14:16:02.850000,0.002749
2025-05-01T14:16:02.860000,0.010647
2025-05-01T14:16:02.870000,0.008589
2025-05-01T14:16:02.880000,-0.000149
2025-05-01T14:16:02.890000,0.004034
2025-05-01T14:16:02.900000,0.016406
2025-05-01T14:16:02.910000,0.017328
2025-05-01T14:16:02.920000,-0.001081
2025-05-01T14:16:02.930000,0.026358
2025-05-01T14:16:02.940000,0.013846
2025-05-01T14:16:02.950000,-0.012667
2025-05-01T14:16:02.960000,0.023675
2025-05-01T14:16:02.970000,-0.002484
2025-05-01T14:16:02.980000,-0.005607
2025-05-01T14:16:02.990000,0.005440
2025-05-01T14:16:03,-0.018075
2025-05-01T14:16:03.010000,-0.008735
2025-05-01T14:16:03.020000,0.000313
2025-05-01T14:16:03.030000,0.002438
2025-05-01T14:16:03.040000,-0.000085
2025-05-01T14:16:03.050000,-0.016512
2025-05-01T14:16:03.060000,0.002138
2025-05-01T14:16:03.070000,-0.017749
2025-05-01T14:16:03.080000,0.019617
2025-05-01T14:16:03.090000,0.006324
2025-05-01T14:16:03.100000,0.022295
2025-05-01T14:16:03.110000,0.001969
2025-05-01T14:16:03.120000,0.019029
2025-05-01T14:16:03.130000,0.007331
2025-05-01T14:16:03.140000,-0.017873
2025-05-01T14:16:03.150000,-0.010816
2025-05-01T14:16:03.160000,0.000201
2025-05-01T14:16:03.170000,0.012568
2025-05-01T14:16:03.180000,0.001580
2025-05-01T14:16:03.190000,-0.001018
2025-05-01T14:16:03.200000,0.010036
2025-05-01T14:16:03.210000,0.005643
2025-05-01T14:16:03.220000,-0.005259
2025-05-01T14:16:03.230000,0.006883
2025-05-01T14:16:03.240000,0.009120
2025-05-01T14:16:03.250000,0.009578
2025-05-01T14:16:03.260000,0.007998
2025-05-01T14:16:03.270000,-0.010498
2025-05-01T14:16:03.280000,0.003247
2025-05-01T14:16:03.290000,0.009174
2025-05-01T14:16:03.300000,0.010984
2025-05-01T14:16:03.310000,-0.006697
2025-05-01T14:16:03.320000,-0.011369
2025-05-01T14:16:03.330000,-0.006129
2025-05-01T14:16:03.340000,-0.006979
2025-05-01T14:16:03.350000,0.015621
2025-05-01T14:16:03.360000,0.007617
2025-05-01T14:16:03.370000,-0.010242
2025-05-01T14:16:03.380000,-0.002166
2025-05-01T14:16:03.390000,-0.000441
2025-05-01T14:16:03.400000,-0.008299
2025-05-01T14:16:03.410000,-0.018509
2025-05-01T14:16:03.420000,-0.014330
2025-05-01T14:16:03.430000,-0.016177
2025-05-01T14:16:03.440000,0.009261
2025-05-01T14:16:03.450000,-0.003647
2025-05-01T14:16:03.460000,-0.000083
2025-05-01T14:16:03.470000,0.001049
2025-05-01T14:16:03.480000,-0.028233
2025-05-01T14:16:03.490000,-0.000372
2025-05-01T14:16:03.500000,0.000509
2025-05-01T14:16:03.510000,-0.007597
2025-05-01T14:16:03.520000,0.010049
2025-05-01T14:16:03.530000,-0.018493
2025-05-01T14:16:03.540000,0.008665
2025-05-01T14:16:03.550000,-0.006969
2025-05-01T14:16:03.560000,-0.016741
2025-05-01T14:16:03.570000,-0.001373
2025-05-01T14:16:03.580000,-0.011410
2025-05-01T14:16:03.590000,-0.017304
2025-05-01T14:16:03.600000,-0.004749
2025-05-01T14:16:03.610000,0.003458
2025-05-01T14:16:03.620000,-0.029216
2025-05-01T14:16:03.630000,0.003283
2025-05-01T14:16:03.640000,0.002226
2025-05-01T14:16:03.650000,0.014387
2025-05-01T14:16:03.660000,-0.010689
2025-05-01T14:16:03.670000,0.001896
2025-05-01T14:16:03.680000,0.005709
2025-05-01T14:16:03.690000,0.002517
2025-05-01T14:16:03.700000,0.008495
2025-05-01T14:16:03.710000,0.000350
2025-05-01T14:16:03.720000,-0.011592
2025-05-01T14:16:03.730000,-0.010153
2025-05-01T14:16:03.740000,-0.012981
2025-05-01T14:16:03.750000,0.009710
2025-05-01T14:16:03.760000,0.018741
2025-05-01T14:16:03.770000,-0.010844
2025-05-01T14:16:03.780000,0.005425
2025-05-01T14:16:03.790000,0.000914
2025-05-01T14:16:03.800000,-0.015249
2025-05-01T14:16:03.810000,0.009062
2025-05-01T14:16:03.820000,0.019952
2025-05-01T14:16:03.830000,0.000158
2025-05-01T14:16:03.840000,-0.015894
2025-05-01T14:16:03.850000,0.014026
2025-05-01T14:16:03.860000,-0.004395
2025-05-01T14:16:03.870000,0.010399
2025-05-01T14:16:03.880000,0.004259
2025-05-01T14:16:03.890000,-0.015652
2025-05-01T14:16:03.900000,-0.006600
2025-05-01T14:16:03.910000,0.009565
2025-05-01T14:16:03.920000,-0.008126
2025-05-01T14:16:03.930000,-0.001619
2025-05-01T14:16:03.940000,-0.005251
2025-05-01T14:16:03.950000,0.003007
2025-05-01T14:16:03.960000,-0.019758
2025-05-01T14:16:03.970000,0.015775
2025-05-01T14:16:03.980000,0.000608
2025-05-01T14:16:03.990000,-0.006790
2025-05-01T14:16:04,0.007983
2025-05-01T14:16:04.010000,0.027396
2025-05-01T14:16:04.020000,-0.016347
2025-05-01T14:16:04.030000,0.002345
2025-05-01T14:16:04.040000,0.010567
2025-05-01T14:16:04.050000,0.015512
2025-05-01T14:16:04.060000,0.005471
2025-05-01T14:16:04.070000,0.010311
2025-05-01T14:16:04.080000,-0.012900
2025-05-01T14:16:04.090000,0.013519
2025-05-01T14:16:04.100000,-0.011032
2025-05-01T14:16:04.110000,0.013313
2025-05-01T14:16:04.120000,-0.004249
2025-05-01T14:16:04.130000,-0.004645
2025-05-01T14:16:04.140000,0.008752
2025-05-01T14:16:04.150000,0.014194
2025-05-01T14:16:04.160000,0.006623
2025-05-01T14:16:04.170000,-0.019341
2025-05-01T14:16:04.180000,-0.004001
2025-05-01T14:16:04.190000,0.014890
2025-05-01T14:16:04.200000,0.009754
2025-05-01T14:16:04.210000,0.003929
2025-05-01T14:16:04.220000,0.023969
2025-05-01T14:16:04.230000,-0.013567
2025-05-01T14:16:04.240000,-0.000916
2025-05-01T14:16:04.250000,0.008758
2025-05-01T14:16:04.260000,0.002646
2025-05-01T14:16:04.270000,0.007565
2025-05-01T14:16:04.280000,0.007748
2025-05-01T14:16:04.290000,-0.008362
2025-05-01T14:16:04.300000,0.002482
2025-05-01T14:16:04.310000,-0.003039
2025-05-01T14:16:04.320000,-0.002022
2025-05-01T14:16:04.330000,-0.013361
2025-05-01T14:16:04.340000,-0.000694
2025-05-01T14:16:04.350000,-0.007421
2025-05-01T14:16:04.360000,-0.003024
2025-05-01T14:16:04.370000,0.020919
2025-05-01T14:16:04.380000,-0.003815
2025-05-01T14:16:04.390000,0.001072
2025-05-01T14:16:04.400000,0.017164
2025-05-01T14:16:04.410000,-0.012638
2025-05-01T14:16:04.420000,0.001946
2025-05-01T14:16:04.430000,0.001070
2025-05-01T14:16:04.440000,-0.021192
2025-05-01T14:16:04.450000,-0.001951
2025-05-01T14:16:04.460000,-0.006796
2025-05-01T14:16:04.470000,-0.001243
2025-05-01T14:16:04.480000,-0.009326
2025-05-01T14:16:04.490000,0.013492
2025-05-01T14:16:04.500000,-0.022652
2025-05-01T14:16:04.510000,-0.007558
2025-05-01T14:16:04.520000,0.027057
2025-05-01T14:16:04.530000,-0.005041
2025-05-01T14:16:04.540000,-0.019954
2025-05-01T14:16:04.550000,0.033327
2025-05-01T14:16:04.560000,-0.006215
2025-05-01T14:16:04.570000,-0.006560
2025-05-01T14:16:04.580000,-0.002202
2025-05-01T14:16:04.590000,-0.001832
2025-05-01T14:16:04.600000,0.008392
2025-05-01T14:16:04.610000,0.004276
2025-05-01T14:16:04.620000,-0.007020
2025-05-01T14:16:04.630000,0.009609
2025-05-01T14:16:04.640000,-0.000842
2025-05-01T14:16:04.650000,0.014839
2025-05-01T14:16:04.660000,-0.009799
2025-05-01T14:16:04.670000,-0.008629
2025-05-01T14:16:04.680000,0.008758
2025-05-01T14:16:04.690000,-0.000179
2025-05-01T14:16:04.700000,-0.006753
2025-05-01T14:16:04.710000,0.001065
2025-05-01T14:16:04.720000,-0.007579
2025-05-01T14:16:04.730000,-0.006555
2025-05-01T14:16:04.740000,0.014451
2025-05-01T14:16:04.750000,0.027596
2025-05-01T14:16:04.760000,-0.004985
2025-05-01T14:16:04.770000,-0.019792
2025-05-01T14:16:04.780000,0.006325
2025-05-01T14:16:04.790000,0.003766
2025-05-01T14:16:04.800000,0.002638
2025-05-01T14:16:04.810000,-0.002675
2025-05-01T14:16:04.820000,-0.000426
2025-05-01T14:16:04.830000,0.002538
2025-05-01T14:16:04.840000,-0.008201
2025-05-01T14:16:04.850000,-0.033422
2025-05-01T14:16:04.860000,0.012455
2025-05-01T14:16:04.870000,0.011151
2025-05-01T14:16:04.880000,0.008336
2025-05-01T14:16:04.890000,0.002004
2025-05-01T14:16:04.900000,-0.013543
2025-05-01T14:16:04.910000,0.006498
2025-05-01T14:16:04.920000,-0.000143
2025-05-01T14:16:04.930000,0.004012
2025-05-01T14:16:04.940000,-0.018815
2025-05-01T14:16:04.950000,-0.000952
2025-05-01T14:16:04.960000,-0.002211
2025-05-01T14:16:04.970000,-0.015798
2025-05-01T14:16:04.980000,0.008675
2025-05-01T14:16:04.990000,-0.002026
