time,data
2025-05-01T14:14:25,0.016124
2025-05-01T14:14:25.010000,0.014867
2025-05-01T14:14:25.020000,0.001433
2025-05-01T14:14:25.030000,0.016392
2025-05-01T14:14:25.040000,0.005352
2025-05-01T14:14:25.050000,-0.002657
2025-05-01T14:14:25.060000,-0.014959
2025-05-01T14:14:25.070000,0.013467
2025-05-01T14:14:25.080000,0.017482
2025-05-01T14:14:25.090000,-0.025126
2025-05-01T14:14:25.100000,-0.012838
2025-05-01T14:14:25.110000,-0.002553
2025-05-01T14:14:25.120000,0.012824
2025-05-01T14:14:25.130000,0.012743
2025-05-01T14:14:25.140000,0.008863
2025-05-01T14:14:25.150000,-0.018398
2025-05-01T14:14:25.160000,-0.000514
2025-05-01T14:14:25.170000,0.006135
2025-05-01T14:14:25.180000,-0.006260
2025-05-01T14:14:25.190000,-0.012738
2025-05-01T14:14:25.200000,0.015000
2025-05-01T14:14:25.210000,0.000566
2025-05-01T14:14:25.220000,0.011860
2025-05-01T14:14:25.230000,-0.003186
2025-05-01T14:14:25.240000,0.001587
2025-05-01T14:14:25.250000,0.001635
2025-05-01T14:14:25.260000,0.016820
2025-05-01T14:14:25.270000,0.005653
2025-05-01T14:14:25.280000,-0.011185
2025-05-01T14:14:25.290000,-0.003168
2025-05-01T14:14:25.300000,-0.001093
2025-05-01T14:14:25.310000,0.003625
2025-05-01T14:14:25.320000,0.018775
2025-05-01T14:14:25.330000,0.005671
2025-05-01T14:14:25.340000,-0.022037
2025-05-01T14:14:25.350000,0.001962
2025-05-01T14:14:25.360000,-0.000161
2025-05-01T14:14:25.370000,-0.007644
2025-05-01T14:14:25.380000,-0.005432
2025-05-01T14:14:25.390000,-0.008512
2025-05-01T14:14:25.400000,-0.010304
2025-05-01T14:14:25.410000,0.000570
2025-05-01T14:14:25.420000,-0.002739
2025-05-01T14:14:25.430000,0.001422
2025-05-01T14:14:25.440000,0.007345
2025-05-01T14:14:25.450000,-0.006856
2025-05-01T14:14:25.460000,0.003478
2025-05-01T14:14:25.470000,-0.013416
2025-05-01T14:14:25.480000,0.013443
2025-05-01T14:14:25.490000,-0.014001
2025-05-01T14:14:25.500000,0.013728
2025-05-01T14:14:25.510000,-0.011719
2025-05-01T14:14:25.520000,0.003117
2025-05-01T14:14:25.530000,0.016399
2025-05-01T14:14:25.540000,-0.001705
2025-05-01T14:14:25.550000,0.000933
2025-05-01T14:14:25.560000,0.002095
2025-05-01T14:14:25.570000,0.005315
2025-05-01T14:14:25.580000,-0.012374
2025-05-01T14:14:25.590000,0.010750
2025-05-01T14:14:25.600000,-0.001425
2025-05-01T14:14:25.610000,0.007019
2025-05-01T14:14:25.620000,-0.002389
2025-05-01T14:14:25.630000,-0.007620
2025-05-01T14:14:25.640000,-0.012281
2025-05-01T14:14:25.650000,-0.006572
2025-05-01T14:14:25.660000,0.006889
2025-05-01T14:14:25.670000,0.002733
2025-05-01T14:14:25.680000,-0.008920
2025-05-01T14:14:25.690000,0.015129
2025-05-01T14:14:25.700000,-0.013189
2025-05-01T14:14:25.710000,0.004377
2025-05-01T14:14:25.720000,-0.017934
2025-05-01T14:14:25.730000,-0.001996
2025-05-01T14:14:25.740000,-0.001700
2025-05-01T14:14:25.750000,0.020022
2025-05-01T14:14:25.760000,-0.010032
2025-05-01T14:14:25.770000,0.002361
2025-05-01T14:14:25.780000,-0.000930
2025-05-01T14:14:25.790000,0.003683
2025-05-01T14:14:25.800000,0.017879
2025-05-01T14:14:25.810000,-0.001326
2025-05-01T14:14:25.820000,0.011364
2025-05-01T14:14:25.830000,-0.001543
2025-05-01T14:14:25.840000,0.010979
2025-05-01T14:14:25.850000,0.008190
2025-05-01T14:14:25.860000,-0.005650
2025-05-01T14:14:25.870000,-0.001968
2025-05-01T14:14:25.880000,-0.000889
2025-05-01T14:14:25.890000,0.015040
2025-05-01T14:14:25.900000,0.011893
2025-05-01T14:14:25.910000,-0.004230
2025-05-01T14:14:25.920000,0.007787
2025-05-01T14:14:25.930000,-0.000690
2025-05-01T14:14:25.940000,-0.007409
2025-05-01T14:14:25.950000,-0.001513
2025-05-01T14:14:25.960000,-0.001901
2025-05-01T14:14:25.970000,-0.011882
2025-05-01T14:14:25.980000,-0.003593
2025-05-01T14:14:25.990000,0.003334
2025-05-01T14:14:26,-0.002483
2025-05-01T14:14:26.010000,-0.006883
2025-05-01T14:14:26.020000,-0.012484
2025-05-01T14:14:26.030000,0.008698
2025-05-01T14:14:26.040000,-0.000390
2025-05-01T14:14:26.050000,-0.008004
2025-05-01T14:14:26.060000,-0.002336
2025-05-01T14:14:26.070000,-0.003342
2025-05-01T14:14:26.080000,-0.008069
2025-05-01T14:14:26.090000,0.009521
2025-05-01T14:14:26.100000,0.016452
2025-05-01T14:14:26.110000,-0.011870
2025-05-01T14:14:26.120000,-0.012119
2025-05-01T14:14:26.130000,0.004615
2025-05-01T14:14:26.140000,0.005904
2025-05-01T14:14:26.150000,0.013645
2025-05-01T14:14:26.160000,0.008499
2025-05-01T14:14:26.170000,0.012009
2025-05-01T14:14:26.180000,-0.001319
2025-05-01T14:14:26.190000,-0.011791
2025-05-01T14:14:26.200000,-0.009740
2025-05-01T14:14:26.210000,-0.002641
2025-05-01T14:14:26.220000,-0.001039
2025-05-01T14:14:26.230000,-0.008789
2025-05-01T14:14:26.240000,-0.008093
2025-05-01T14:14:26.250000,0.024133
2025-05-01T14:14:26.260000,0.021642
2025-05-01T14:14:26.270000,-0.003350
2025-05-01T14:14:26.280000,0.005051
2025-05-01T14:14:26.290000,0.000420
2025-05-01T14:14:26.300000,-0.002548
2025-05-01T14:14:26.310000,0.000327
2025-05-01T14:14:26.320000,-0.018582
2025-05-01T14:14:26.330000,-0.004120
2025-05-01T14:14:26.340000,-0.015287
2025-05-01T14:14:26.350000,0.007570
2025-05-01T14:14:26.360000,0.002590
2025-05-01T14:14:26.370000,-0.008140
2025-05-01T14:14:26.380000,-0.011033
2025-05-01T14:14:26.390000,-0.002586
2025-05-01T14:14:26.400000,0.006841
2025-05-01T14:14:26.410000,-0.003742
2025-05-01T14:14:26.420000,0.015749
2025-05-01T14:14:26.430000,-0.008777
2025-05-01T14:14:26.440000,0.002510
2025-05-01T14:14:26.450000,-0.012555
2025-05-01T14:14:26.460000,-0.011861
2025-05-01T14:14:26.470000,-0.007612
2025-05-01T14:14:26.480000,0.005136
2025-05-01T14:14:26.490000,0.014413
2025-05-01T14:14:26.500000,-0.008729
2025-05-01T14:14:26.510000,0.008660
2025-05-01T14:14:26.520000,-0.017573
2025-05-01T14:14:26.530000,-0.008393
2025-05-01T14:14:26.540000,0.002520
2025-05-01T14:14:26.550000,-0.003177
2025-05-01T14:14:26.560000,0.000978
2025-05-01T14:14:26.570000,-0.009145
2025-05-01T14:14:26.580000,0.007961
2025-05-01T14:14:26.590000,-0.002382
2025-05-01T14:14:26.600000,0.008648
2025-05-01T14:14:26.610000,0.024358
2025-05-01T14:14:26.620000,-0.004281
2025-05-01T14:14:26.630000,-0.003691
2025-05-01T14:14:26.640000,0.001494
2025-05-01T14:14:26.650000,-0.020079
2025-05-01T14:14:26.660000,-0.002875
2025-05-01T14:14:26.670000,0.008998
2025-05-01T14:14:26.680000,-0.014042
2025-05-01T14:14:26.690000,-0.000356
2025-05-01T14:14:26.700000,-0.017402
2025-05-01T14:14:26.710000,-0.000151
2025-05-01T14:14:26.720000,0.011930
2025-05-01T14:14:26.730000,-0.014982
2025-05-01T14:14:26.740000,0.000480
2025-05-01T14:14:26.750000,-0.008288
2025-05-01T14:14:26.760000,-0.009811
2025-05-01T14:14:26.770000,0.004946
2025-05-01T14:14:26.780000,0.007679
2025-05-01T14:14:26.790000,0.009050
2025-05-01T14:14:26.800000,0.000920
2025-05-01T14:14:26.810000,-0.010547
2025-05-01T14:14:26.820000,0.019142
2025-05-01T14:14:26.830000,0.020479
2025-05-01T14:14:26.840000,-0.004855
2025-05-01T14:14:26.850000,-0.009606
2025-05-01T14:14:26.860000,-0.001080
2025-05-01T14:14:26.870000,-0.002821
2025-05-01T14:14:26.880000,0.000251
2025-05-01T14:14:26.890000,0.005359
2025-05-01T14:14:26.900000,0.010962
2025-05-01T14:14:26.910000,0.008871
2025-05-01T14:14:26.920000,0.013440
2025-05-01T14:14:26.930000,-0.003759
2025-05-01T14:14:26.940000,0.013874
2025-05-01T14:14:26.950000,-0.003307
2025-05-01T14:14:26.960000,0.000739
2025-05-01T14:14:26.970000,0.012255
2025-05-01T14:14:26.980000,-0.015538
2025-05-01T14:14:26.990000,-0.003170
2025-05-01T14:14:27,0.015114
2025-05-01T14:14:27.010000,-0.009649
2025-05-01T14:14:27.020000,0.004862
2025-05-01T14:14:27.030000,-0.002395
2025-05-01T14:14:27.040000,-0.016812
2025-05-01T14:14:27.050000,0.017678
2025-05-01T14:14:27.060000,-0.020742
2025-05-01T14:14:27.070000,-0.007648
2025-05-01T14:14:27.080000,0.009735
2025-05-01T14:14:27.090000,0.010005
2025-05-01T14:14:27.100000,-0.007195
2025-05-01T14:14:27.110000,-0.000527
2025-05-01T14:14:27.120000,0.005314
2025-05-01T14:14:27.130000,-0.015719
2025-05-01T14:14:27.140000,-0.016777
2025-05-01T14:14:27.150000,-0.009448
2025-05-01T14:14:27.160000,-0.012475
2025-05-01T14:14:27.170000,0.001065
2025-05-01T14:14:27.180000,-0.035372
2025-05-01T14:14:27.190000,0.008037
2025-05-01T14:14:27.200000,0.004533
2025-05-01T14:14:27.210000,0.006497
2025-05-01T14:14:27.220000,0.005823
2025-05-01T14:14:27.230000,0.020818
2025-05-01T14:14:27.240000,0.009487
2025-05-01T14:14:27.250000,-0.002316
2025-05-01T14:14:27.260000,0.013216
2025-05-01T14:14:27.270000,0.000157
2025-05-01T14:14:27.280000,-0.007184
2025-05-01T14:14:27.290000,-0.015124
2025-05-01T14:14:27.300000,0.006157
2025-05-01T14:14:27.310000,-0.000170
2025-05-01T14:14:27.320000,0.002993
2025-05-01T14:14:27.330000,-0.004406
2025-05-01T14:14:27.340000,-0.001812
2025-05-01T14:14:27.350000,0.005276
2025-05-01T14:14:27.360000,0.013638
2025-05-01T14:14:27.370000,0.004659
2025-05-01T14:14:27.380000,-0.007601
2025-05-01T14:14:27.390000,-0.026017
2025-05-01T14:14:27.400000,0.013314
2025-05-01T14:14:27.410000,0.002291
2025-05-01T14:14:27.420000,-0.003724
2025-05-01T14:14:27.430000,-0.003361
2025-05-01T14:14:27.440000,0.015619
2025-05-01T14:14:27.450000,0.015465
2025-05-01T14:14:27.460000,0.026445
2025-05-01T14:14:27.470000,-0.001454
2025-05-01T14:14:27.480000,0.002271
2025-05-01T14:14:27.490000,0.010304
2025-05-01T14:14:27.500000,0.005739
2025-05-01T14:14:27.510000,0.004543
2025-05-01T14:14:27.520000,-0.005537
2025-05-01T14:14:27.530000,0.001671
2025-05-01T14:14:27.540000,-0.003766
2025-05-01T14:14:27.550000,0.007957
2025-05-01T14:14:27.560000,-0.011058
2025-05-01T14:14:27.570000,-0.016533
2025-05-01T14:14:27.580000,0.014231
2025-05-01T14:14:27.590000,-0.004352
2025-05-01T14:14:27.600000,-0.004581
2025-05-01T14:14:27.610000,0.021840
2025-05-01T14:14:27.620000,0.002883
2025-05-01T14:14:27.630000,0.006325
2025-05-01T14:14:27.640000,0.005459
2025-05-01T14:14:27.650000,0.012135
2025-05-01T14:14:27.660000,0.022403
2025-05-01T14:14:27.670000,0.007376
2025-05-01T14:14:27.680000,-0.011384
2025-05-01T14:14:27.690000,0.004665
2025-05-01T14:14:27.700000,-0.010425
2025-05-01T14:14:27.710000,-0.003675
2025-05-01T14:14:27.720000,0.009541
2025-05-01T14:14:27.730000,-0.007134
2025-05-01T14:14:27.740000,-0.001235
2025-05-01T14:14:27.750000,0.027697
2025-05-01T14:14:27.760000,-0.010202
2025-05-01T14:14:27.770000,0.011206
2025-05-01T14:14:27.780000,0.010372
2025-05-01T14:14:27.790000,-0.007981
2025-05-01T14:14:27.800000,0.005861
2025-05-01T14:14:27.810000,-0.012787
2025-05-01T14:14:27.820000,-0.024539
2025-05-01T14:14:27.830000,-0.015254
2025-05-01T14:14:27.840000,0.007803
2025-05-01T14:14:27.850000,-0.004395
2025-05-01T14:14:27.860000,-0.000413
2025-05-01T14:14:27.870000,0.007788
2025-05-01T14:14:27.880000,0.005533
2025-05-01T14:14:27.890000,-0.002699
2025-05-01T14:14:27.900000,-0.010842
2025-05-01T14:14:27.910000,0.002132
2025-05-01T14:14:27.920000,0.006316
2025-05-01T14:14:27.930000,0.001666
2025-05-01T14:14:27.940000,-0.007223
2025-05-01T14:14:27.950000,0.003446
2025-05-01T14:14:27.960000,-0.008146
2025-05-01T14:14:27.970000,0.013050
2025-05-01T14:14:27.980000,0.012927
2025-05-01T14:14:27.990000,-0.009845
2025-05-01T14:14:28,0.009521
2025-05-01T14:14:28.010000,-0.022267
2025-05-01T14:14:28.020000,-0.002877
2025-05-01T14:14:28.030000,-0.018435
2025-05-01T14:14:28.040000,0.004428
2025-05-01T14:14:28.050000,0.006908
2025-05-01T14:14:28.060000,0.001693
2025-05-01T14:14:28.070000,-0.002909
2025-05-01T14:14:28.080000,-0.010759
2025-05-01T14:14:28.090000,0.021553
2025-05-01T14:14:28.100000,0.018215
2025-05-01T14:14:28.110000,-0.014126
2025-05-01T14:14:28.120000,0.013661
2025-05-01T14:14:28.130000,0.003583
2025-05-01T14:14:28.140000,0.001598
2025-05-01T14:14:28.150000,0.013631
2025-05-01T14:14:28.160000,0.001513
2025-05-01T14:14:28.170000,0.012015
2025-05-01T14:14:28.180000,0.005013
2025-05-01T14:14:28.190000,0.008819
2025-05-01T14:14:28.200000,-0.004053
2025-05-01T14:14:28.210000,-0.006211
2025-05-01T14:14:28.220000,0.004687
2025-05-01T14:14:28.230000,-0.017160
2025-05-01T14:14:28.240000,-0.008712
2025-05-01T14:14:28.250000,0.001719
2025-05-01T14:14:28.260000,-0.004444
2025-05-01T14:14:28.270000,0.007645
2025-05-01T14:14:28.280000,-0.005062
2025-05-01T14:14:28.290000,-0.015077
2025-05-01T14:14:28.300000,-0.003827
2025-05-01T14:14:28.310000,-0.011001
2025-05-01T14:14:28.320000,0.001670
2025-05-01T14:14:28.330000,0.000270
2025-05-01T14:14:28.340000,0.003903
2025-05-01T14:14:28.350000,0.000057
2025-05-01T14:14:28.360000,0.005924
2025-05-01T14:14:28.370000,-0.007918
2025-05-01T14:14:28.380000,-0.015773
2025-05-01T14:14:28.390000,0.003541
2025-05-01T14:14:28.400000,0.000375
2025-05-01T14:14:28.410000,-0.016148
2025-05-01T14:14:28.420000,0.006403
2025-05-01T14:14:28.430000,-0.007082
2025-05-01T14:14:28.440000,-0.018306
2025-05-01T14:14:28.450000,-0.001259
2025-05-01T14:14:28.460000,0.001823
2025-05-01T14:14:28.470000,-0.008758
2025-05-01T14:14:28.480000,0.001928
2025-05-01T14:14:28.490000,-0.004474
2025-05-01T14:14:28.500000,-0.015178
2025-05-01T14:14:28.510000,-0.005459
2025-05-01T14:14:28.520000,-0.002214
2025-05-01T14:14:28.530000,0.008343
2025-05-01T14:14:28.540000,-0.005287
2025-05-01T14:14:28.550000,-0.001658
2025-05-01T14:14:28.560000,-0.001646
2025-05-01T14:14:28.570000,-0.018038
2025-05-01T14:14:28.580000,-0.006400
2025-05-01T14:14:28.590000,-0.000170
2025-05-01T14:14:28.600000,-0.011603
2025-05-01T14:14:28.610000,0.003673
2025-05-01T14:14:28.620000,-0.008867
2025-05-01T14:14:28.630000,0.009085
2025-05-01T14:14:28.640000,0.019328
2025-05-01T14:14:28.650000,-0.004425
2025-05-01T14:14:28.660000,0.008718
2025-05-01T14:14:28.670000,0.009851
2025-05-01T14:14:28.680000,-0.007281
2025-05-01T14:14:28.690000,-0.003969
2025-05-01T14:14:28.700000,0.013940
2025-05-01T14:14:28.710000,0.001388
2025-05-01T14:14:28.720000,0.001413
2025-05-01T14:14:28.730000,0.008351
2025-05-01T14:14:28.740000,0.003776
2025-05-01T14:14:28.750000,-0.002532
2025-05-01T14:14:28.760000,-0.012609
2025-05-01T14:14:28.770000,-0.002229
2025-05-01T14:14:28.780000,-0.006142
2025-05-01T14:14:28.790000,0.006714
2025-05-01T14:14:28.800000,-0.016637
2025-05-01T14:14:28.810000,0.005524
2025-05-01T14:14:28.820000,0.006335
2025-05-01T14:14:28.830000,0.002301
2025-05-01T14:14:28.840000,-0.010418
2025-05-01T14:14:28.850000,0.009676
2025-05-01T14:14:28.860000,-0.000049
2025-05-01T14:14:28.870000,-0.006023
2025-05-01T14:14:28.880000,-0.003325
2025-05-01T14:14:28.890000,-0.003916
2025-05-01T14:14:28.900000,-0.012925
2025-05-01T14:14:28.910000,-0.004001
2025-05-01T14:14:28.920000,0.005670
2025-05-01T14:14:28.930000,0.011973
2025-05-01T14:14:28.940000,0.000044
2025-05-01T14:14:28.950000,0.007574
2025-05-01T14:14:28.960000,-0.013718
2025-05-01T14:14:28.970000,-0.017059
2025-05-01T14:14:28.980000,0.006600
2025-05-01T14:14:28.990000,0.008326
2025-05-01T14:14:29,0.004063
2025-05-01T14:14:29.010000,0.010402
2025-05-01T14:14:29.020000,-0.002025
2025-05-01T14:14:29.030000,-0.012494
2025-05-01T14:14:29.040000,0.003573
2025-05-01T14:14:29.050000,-0.007026
2025-05-01T14:14:29.060000,-0.009891
2025-05-01T14:14:29.070000,0.005010
2025-05-01T14:14:29.080000,0.008656
2025-05-01T14:14:29.090000,-0.005562
2025-05-01T14:14:29.100000,0.003710
2025-05-01T14:14:29.110000,-0.004262
2025-05-01T14:14:29.120000,0.008742
2025-05-01T14:14:29.130000,0.007970
2025-05-01T14:14:29.140000,-0.017696
2025-05-01T14:14:29.150000,-0.001523
2025-05-01T14:14:29.160000,0.005154
2025-05-01T14:14:29.170000,-0.025953
2025-05-01T14:14:29.180000,0.009582
2025-05-01T14:14:29.190000,-0.014022
2025-05-01T14:14:29.200000,-0.005962
2025-05-01T14:14:29.210000,-0.001781
2025-05-01T14:14:29.220000,-0.007342
2025-05-01T14:14:29.230000,0.013980
2025-05-01T14:14:29.240000,0.024546
2025-05-01T14:14:29.250000,0.006574
2025-05-01T14:14:29.260000,-0.025441
2025-05-01T14:14:29.270000,-0.015132
2025-05-01T14:14:29.280000,-0.002265
2025-05-01T14:14:29.290000,0.012624
2025-05-01T14:14:29.300000,-0.010560
2025-05-01T14:14:29.310000,0.004312
2025-05-01T14:14:29.320000,-0.012508
2025-05-01T14:14:29.330000,-0.004657
2025-05-01T14:14:29.340000,-0.012227
2025-05-01T14:14:29.350000,-0.010344
2025-05-01T14:14:29.360000,0.009748
2025-05-01T14:14:29.370000,-0.008144
2025-05-01T14:14:29.380000,0.004749
2025-05-01T14:14:29.390000,-0.001799
2025-05-01T14:14:29.400000,-0.017264
2025-05-01T14:14:29.410000,0.009300
2025-05-01T14:14:29.420000,0.000434
2025-05-01T14:14:29.430000,0.023975
2025-05-01T14:14:29.440000,0.003679
2025-05-01T14:14:29.450000,-0.001012
2025-05-01T14:14:29.460000,0.005383
2025-05-01T14:14:29.470000,0.004504
2025-05-01T14:14:29.480000,0.008396
2025-05-01T14:14:29.490000,0.005813
2025-05-01T14:14:29.500000,-0.008928
2025-05-01T14:14:29.510000,0.008063
2025-05-01T14:14:29.520000,0.018179
2025-05-01T14:14:29.530000,0.006613
2025-05-01T14:14:29.540000,-0.001607
2025-05-01T14:14:29.550000,-0.016883
2025-05-01T14:14:29.560000,0.000756
2025-05-01T14:14:29.570000,0.003486
2025-05-01T14:14:29.580000,-0.001662
2025-05-01T14:14:29.590000,-0.008757
2025-05-01T14:14:29.600000,-0.003352
2025-05-01T14:14:29.610000,0.009676
2025-05-01T14:14:29.620000,-0.006621
2025-05-01T14:14:29.630000,-0.007557
2025-05-01T14:14:29.640000,-0.001150
2025-05-01T14:14:29.650000,0.004978
2025-05-01T14:14:29.660000,0.030498
2025-05-01T14:14:29.670000,-0.002578
2025-05-01T14:14:29.680000,-0.001067
2025-05-01T14:14:29.690000,-0.002995
2025-05-01T14:14:29.700000,-0.011072
2025-05-01T14:14:29.710000,-0.001546
2025-05-01T14:14:29.720000,-0.005072
2025-05-01T14:14:29.730000,-0.003033
2025-05-01T14:14:29.740000,0.004243
2025-05-01T14:14:29.750000,-0.001937
2025-05-01T14:14:29.760000,-0.008604
2025-05-01T14:14:29.770000,0.003113
2025-05-01T14:14:29.780000,0.002409
2025-05-01T14:14:29.790000,-0.004657
2025-05-01T14:14:29.800000,-0.002547
2025-05-01T14:14:29.810000,-0.007437
2025-05-01T14:14:29.820000,0.003085
2025-05-01T14:14:29.830000,-0.007336
2025-05-01T14:14:29.840000,0.010790
2025-05-01T14:14:29.850000,0.001219
2025-05-01T14:14:29.860000,-0.003528
2025-05-01T14:14:29.870000,-0.008382
2025-05-01T14:14:29.880000,0.001391
2025-05-01T14:14:29.890000,-0.001279
2025-05-01T14:14:29.900000,0.007565
2025-05-01T14:14:29.910000,0.009360
2025-05-01T14:14:29.920000,-0.014603
2025-05-01T14:14:29.930000,-0.000530
2025-05-01T14:14:29.940000,0.008495
2025-05-01T14:14:29.950000,0.004880
2025-05-01T14:14:29.960000,-0.001161
2025-05-01T14:14:29.970000,0.011131
2025-05-01T14:14:29.980000,0.005435
2025-05-01T14:14:29.990000,-0.011512
2025-05-01T14:14:30,0.011461
2025-05-01T14:14:30.010000,0.014492
2025-05-01T14:14:30.020000,-0.003778
2025-05-01T14:14:30.030000,-0.012415
2025-05-01T14:14:30.040000,0.001967
2025-05-01T14:14:30.050000,0.002673
2025-05-01T14:14:30.060000,0.012696
2025-05-01T14:14:30.070000,0.001575
2025-05-01T14:14:30.080000,0.008847
2025-05-01T14:14:30.090000,0.000255
2025-05-01T14:14:30.100000,0.025099
2025-05-01T14:14:30.110000,-0.004572
2025-05-01T14:14:30.120000,-0.011615
2025-05-01T14:14:30.130000,0.014726
2025-05-01T14:14:30.140000,-0.001138
2025-05-01T14:14:30.150000,0.001223
2025-05-01T14:14:30.160000,-0.009101
2025-05-01T14:14:30.170000,0.015548
2025-05-01T14:14:30.180000,0.003885
2025-05-01T14:14:30.190000,-0.001304
2025-05-01T14:14:30.200000,-0.010855
2025-05-01T14:14:30.210000,0.004966
2025-05-01T14:14:30.220000,-0.000591
2025-05-01T14:14:30.230000,0.009116
2025-05-01T14:14:30.240000,-0.008384
2025-05-01T14:14:30.250000,-0.009245
2025-05-01T14:14:30.260000,-0.000699
2025-05-01T14:14:30.270000,0.002046
2025-05-01T14:14:30.280000,-0.005770
2025-05-01T14:14:30.290000,0.000895
2025-05-01T14:14:30.300000,0.004817
2025-05-01T14:14:30.310000,0.005818
2025-05-01T14:14:30.320000,-0.002081
2025-05-01T14:14:30.330000,-0.015341
2025-05-01T14:14:30.340000,-0.003554
2025-05-01T14:14:30.350000,0.004382
2025-05-01T14:14:30.360000,-0.019632
2025-05-01T14:14:30.370000,0.011943
2025-05-01T14:14:30.380000,0.004664
2025-05-01T14:14:30.390000,0.002348
2025-05-01T14:14:30.400000,-0.004056
2025-05-01T14:14:30.410000,-0.002211
2025-05-01T14:14:30.420000,0.003020
2025-05-01T14:14:30.430000,0.002938
2025-05-01T14:14:30.440000,0.002952
2025-05-01T14:14:30.450000,-0.005721
2025-05-01T14:14:30.460000,-0.010145
2025-05-01T14:14:30.470000,-0.010044
2025-05-01T14:14:30.480000,0.004481
2025-05-01T14:14:30.490000,-0.020674
2025-05-01T14:14:30.500000,-0.003913
2025-05-01T14:14:30.510000,-0.000435
2025-05-01T14:14:30.520000,0.020244
2025-05-01T14:14:30.530000,-0.003502
2025-05-01T14:14:30.540000,-0.009374
2025-05-01T14:14:30.550000,-0.010999
2025-05-01T14:14:30.560000,-0.006964
2025-05-01T14:14:30.570000,-0.006916
2025-05-01T14:14:30.580000,0.000088
2025-05-01T14:14:30.590000,0.010844
2025-05-01T14:14:30.600000,-0.004700
2025-05-01T14:14:30.610000,0.003459
2025-05-01T14:14:30.620000,-0.006982
2025-05-01T14:14:30.630000,0.006723
2025-05-01T14:14:30.640000,0.011234
2025-05-01T14:14:30.650000,-0.011162
2025-05-01T14:14:30.660000,-0.003113
2025-05-01T14:14:30.670000,-0.002227
2025-05-01T14:14:30.680000,-0.005995
2025-05-01T14:14:30.690000,-0.016606
2025-05-01T14:14:30.700000,0.003121
2025-05-01T14:14:30.710000,-0.008854
2025-05-01T14:14:30.720000,0.005137
2025-05-01T14:14:30.730000,0.005535
2025-05-01T14:14:30.740000,-0.000763
2025-05-01T14:14:30.750000,0.018271
2025-05-01T14:14:30.760000,-0.023315
2025-05-01T14:14:30.770000,0.001691
2025-05-01T14:14:30.780000,0.013960
2025-05-01T14:14:30.790000,-0.007908
2025-05-01T14:14:30.800000,0.004185
2025-05-01T14:14:30.810000,0.003845
2025-05-01T14:14:30.820000,0.010544
2025-05-01T14:14:30.830000,0.007935
2025-05-01T14:14:30.840000,0.008735
2025-05-01T14:14:30.850000,0.011919
2025-05-01T14:14:30.860000,-0.005215
2025-05-01T14:14:30.870000,0.013140
2025-05-01T14:14:30.880000,0.011859
2025-05-01T14:14:30.890000,-0.010725
2025-05-01T14:14:30.900000,-0.005774
2025-05-01T14:14:30.910000,-0.011397
2025-05-01T14:14:30.920000,0.003933
2025-05-01T14:14:30.930000,0.005982
2025-05-01T14:14:30.940000,-0.009245
2025-05-01T14:14:30.950000,0.009284
2025-05-01T14:14:30.960000,0.000948
2025-05-01T14:14:30.970000,-0.006186
2025-05-01T14:14:30.980000,0.002609
2025-05-01T14:14:30.990000,0.002376
2025-05-01T14:14:31,-0.012148
2025-05-01T14:14:31.010000,0.004127
2025-05-01T14:14:31.020000,0.002925
2025-05-01T14:14:31.030000,-0.013102
2025-05-01T14:14:31.040000,0.005163
2025-05-01T14:14:31.050000,0.017918
2025-05-01T14:14:31.060000,0.010334
2025-05-01T14:14:31.070000,0.011583
2025-05-01T14:14:31.080000,0.002076
2025-05-01T14:14:31.090000,-0.006275
2025-05-01T14:14:31.100000,-0.004984
2025-05-01T14:14:31.110000,-0.016100
2025-05-01T14:14:31.120000,-0.006891
2025-05-01T14:14:31.130000,0.011584
2025-05-01T14:14:31.140000,0.000778
2025-05-01T14:14:31.150000,0.005904
2025-05-01T14:14:31.160000,0.006315
2025-05-01T14:14:31.170000,0.013265
2025-05-01T14:14:31.180000,-0.006461
2025-05-01T14:14:31.190000,-0.001731
2025-05-01T14:14:31.200000,-0.006573
2025-05-01T14:14:31.210000,-0.005914
2025-05-01T14:14:31.220000,-0.006584
2025-05-01T14:14:31.230000,-0.006790
2025-05-01T14:14:31.240000,-0.010263
2025-05-01T14:14:31.250000,-0.009266
2025-05-01T14:14:31.260000,-0.009351
2025-05-01T14:14:31.270000,0.021008
2025-05-01T14:14:31.280000,0.000522
2025-05-01T14:14:31.290000,0.022703
2025-05-01T14:14:31.300000,-0.005467
2025-05-01T14:14:31.310000,-0.012215
2025-05-01T14:14:31.320000,-0.007108
2025-05-01T14:14:31.330000,0.005300
2025-05-01T14:14:31.340000,0.022284
2025-05-01T14:14:31.350000,-0.000051
2025-05-01T14:14:31.360000,-0.009028
2025-05-01T14:14:31.370000,0.008004
2025-05-01T14:14:31.380000,-0.002437
2025-05-01T14:14:31.390000,0.007914
2025-05-01T14:14:31.400000,0.024912
2025-05-01T14:14:31.410000,0.013944
2025-05-01T14:14:31.420000,-0.011191
2025-05-01T14:14:31.430000,0.005929
2025-05-01T14:14:31.440000,0.005618
2025-05-01T14:14:31.450000,-0.002374
2025-05-01T14:14:31.460000,-0.008514
2025-05-01T14:14:31.470000,-0.005758
2025-05-01T14:14:31.480000,0.003932
2025-05-01T14:14:31.490000,-0.003522
2025-05-01T14:14:31.500000,0.014266
2025-05-01T14:14:31.510000,-0.013595
2025-05-01T14:14:31.520000,-0.002679
2025-05-01T14:14:31.530000,0.015483
2025-05-01T14:14:31.540000,0.003018
2025-05-01T14:14:31.550000,-0.015335
2025-05-01T14:14:31.560000,0.014688
2025-05-01T14:14:31.570000,0.001790
2025-05-01T14:14:31.580000,0.000457
2025-05-01T14:14:31.590000,-0.010893
2025-05-01T14:14:31.600000,-0.004058
2025-05-01T14:14:31.610000,-0.012242
2025-05-01T14:14:31.620000,0.001259
2025-05-01T14:14:31.630000,-0.001915
2025-05-01T14:14:31.640000,0.016597
2025-05-01T14:14:31.650000,-0.012448
2025-05-01T14:14:31.660000,0.003333
2025-05-01T14:14:31.670000,-0.014300
2025-05-01T14:14:31.680000,-0.002458
2025-05-01T14:14:31.690000,-0.008431
2025-05-01T14:14:31.700000,-0.013971
2025-05-01T14:14:31.710000,0.004516
2025-05-01T14:14:31.720000,0.003634
2025-05-01T14:14:31.730000,0.011111
2025-05-01T14:14:31.740000,0.004461
2025-05-01T14:14:31.750000,-0.003845
2025-05-01T14:14:31.760000,0.003431
2025-05-01T14:14:31.770000,-0.008778
2025-05-01T14:14:31.780000,0.003176
2025-05-01T14:14:31.790000,-0.003971
2025-05-01T14:14:31.800000,0.008641
2025-05-01T14:14:31.810000,0.009345
2025-05-01T14:14:31.820000,0.005754
2025-05-01T14:14:31.830000,0.000534
2025-05-01T14:14:31.840000,0.008303
2025-05-01T14:14:31.850000,0.010552
2025-05-01T14:14:31.860000,0.017375
2025-05-01T14:14:31.870000,-0.014035
2025-05-01T14:14:31.880000,-0.013762
2025-05-01T14:14:31.890000,0.023078
2025-05-01T14:14:31.900000,-0.001068
2025-05-01T14:14:31.910000,0.004736
2025-05-01T14:14:31.920000,0.013349
2025-05-01T14:14:31.930000,-0.003155
2025-05-01T14:14:31.940000,0.009508
2025-05-01T14:14:31.950000,0.007623
2025-05-01T14:14:31.960000,0.009385
2025-05-01T14:14:31.970000,0.003878
2025-05-01T14:14:31.980000,0.005966
2025-05-01T14:14:31.990000,-0.020984
2025-05-01T14:14:32,0.002202
2025-05-01T14:14:32.010000,0.013407
2025-05-01T14:14:32.020000,-0.022226
2025-05-01T14:14:32.030000,-0.004404
2025-05-01T14:14:32.040000,0.009180
2025-05-01T14:14:32.050000,0.006171
2025-05-01T14:14:32.060000,0.011766
2025-05-01T14:14:32.070000,-0.000581
2025-05-01T14:14:32.080000,-0.006731
2025-05-01T14:14:32.090000,-0.000966
2025-05-01T14:14:32.100000,-0.000279
2025-05-01T14:14:32.110000,-0.011509
2025-05-01T14:14:32.120000,-0.002131
2025-05-01T14:14:32.130000,0.005673
2025-05-01T14:14:32.140000,0.004767
2025-05-01T14:14:32.150000,0.004929
2025-05-01T14:14:32.160000,-0.003729
2025-05-01T14:14:32.170000,0.008011
2025-05-01T14:14:32.180000,0.000077
2025-05-01T14:14:32.190000,-0.000652
2025-05-01T14:14:32.200000,0.000836
2025-05-01T14:14:32.210000,-0.004618
2025-05-01T14:14:32.220000,-0.000202
2025-05-01T14:14:32.230000,0.006394
2025-05-01T14:14:32.240000,-0.010152
2025-05-01T14:14:32.250000,-0.010182
2025-05-01T14:14:32.260000,-0.000729
2025-05-01T14:14:32.270000,0.001068
2025-05-01T14:14:32.280000,0.002294
2025-05-01T14:14:32.290000,0.010832
2025-05-01T14:14:32.300000,0.015900
2025-05-01T14:14:32.310000,-0.003456
2025-05-01T14:14:32.320000,-0.016979
2025-05-01T14:14:32.330000,0.007194
2025-05-01T14:14:32.340000,0.007429
2025-05-01T14:14:32.350000,-0.007999
2025-05-01T14:14:32.360000,0.003671
2025-05-01T14:14:32.370000,0.003009
2025-05-01T14:14:32.380000,-0.009596
2025-05-01T14:14:32.390000,0.007222
2025-05-01T14:14:32.400000,-0.000139
2025-05-01T14:14:32.410000,-0.018366
2025-05-01T14:14:32.420000,-0.002215
2025-05-01T14:14:32.430000,-0.013894
2025-05-01T14:14:32.440000,-0.001083
2025-05-01T14:14:32.450000,-0.010166
2025-05-01T14:14:32.460000,-0.012476
2025-05-01T14:14:32.470000,-0.001557
2025-05-01T14:14:32.480000,0.016924
2025-05-01T14:14:32.490000,0.009465
2025-05-01T14:14:32.500000,0.000817
2025-05-01T14:14:32.510000,0.012000
2025-05-01T14:14:32.520000,-0.001747
2025-05-01T14:14:32.530000,-0.011511
2025-05-01T14:14:32.540000,-0.010027
2025-05-01T14:14:32.550000,-0.000627
2025-05-01T14:14:32.560000,-0.003032
2025-05-01T14:14:32.570000,-0.001027
2025-05-01T14:14:32.580000,-0.007972
2025-05-01T14:14:32.590000,0.004685
2025-05-01T14:14:32.600000,0.020611
2025-05-01T14:14:32.610000,0.007929
2025-05-01T14:14:32.620000,-0.011132
2025-05-01T14:14:32.630000,-0.003882
2025-05-01T14:14:32.640000,0.014440
2025-05-01T14:14:32.650000,0.005226
2025-05-01T14:14:32.660000,-0.007398
2025-05-01T14:14:32.670000,-0.018274
2025-05-01T14:14:32.680000,0.009247
2025-05-01T14:14:32.690000,0.008187
2025-05-01T14:14:32.700000,-0.015081
2025-05-01T14:14:32.710000,0.007443
2025-05-01T14:14:32.720000,-0.018551
2025-05-01T14:14:32.730000,0.002523
2025-05-01T14:14:32.740000,0.025881
2025-05-01T14:14:32.750000,-0.006479
2025-05-01T14:14:32.760000,0.009536
2025-05-01T14:14:32.770000,0.009951
2025-05-01T14:14:32.780000,-0.010158
2025-05-01T14:14:32.790000,0.009785
2025-05-01T14:14:32.800000,0.004359
2025-05-01T14:14:32.810000,0.010061
2025-05-01T14:14:32.820000,-0.005286
2025-05-01T14:14:32.830000,-0.015595
2025-05-01T14:14:32.840000,0.002233
2025-05-01T14:14:32.850000,0.010599
2025-05-01T14:14:32.860000,-0.002813
2025-05-01T14:14:32.870000,0.007843
2025-05-01T14:14:32.880000,-0.011971
2025-05-01T14:14:32.890000,-0.002316
2025-05-01T14:14:32.900000,-0.004240
2025-05-01T14:14:32.910000,0.000688
2025-05-01T14:14:32.920000,-0.005404
2025-05-01T14:14:32.930000,-0.002720
2025-05-01T14:14:32.940000,-0.003727
2025-05-01T14:14:32.950000,0.000007
2025-05-01T14:14:32.960000,0.002770
2025-05-01T14:14:32.970000,0.011111
2025-05-01T14:14:32.980000,-0.005855
2025-05-01T14:14:32.990000,-0.025935
2025-05-01T14:14:33,0.000621
2025-05-01T14:14:33.010000,0.004958
2025-05-01T14:14:33.020000,0.015623
2025-05-01T14:14:33.030000,-0.018512
2025-05-01T14:14:33.040000,-0.012292
2025-05-01T14:14:33.050000,-0.003575
2025-05-01T14:14:33.060000,-0.003874
2025-05-01T14:14:33.070000,-0.001748
2025-05-01T14:14:33.080000,-0.014331
2025-05-01T14:14:33.090000,-0.000712
2025-05-01T14:14:33.100000,0.003299
2025-05-01T14:14:33.110000,-0.002664
2025-05-01T14:14:33.120000,-0.013845
2025-05-01T14:14:33.130000,-0.003245
2025-05-01T14:14:33.140000,0.005419
2025-05-01T14:14:33.150000,-0.025141
2025-05-01T14:14:33.160000,0.010348
2025-05-01T14:14:33.170000,-0.004651
2025-05-01T14:14:33.180000,0.002233
2025-05-01T14:14:33.190000,-0.002936
2025-05-01T14:14:33.200000,0.004452
2025-05-01T14:14:33.210000,0.001826
2025-05-01T14:14:33.220000,-0.010703
2025-05-01T14:14:33.230000,-0.004327
2025-05-01T14:14:33.240000,-0.003325
2025-05-01T14:14:33.250000,-0.000597
2025-05-01T14:14:33.260000,0.006286
2025-05-01T14:14:33.270000,0.001767
2025-05-01T14:14:33.280000,0.022089
2025-05-01T14:14:33.290000,0.002139
2025-05-01T14:14:33.300000,-0.002751
2025-05-01T14:14:33.310000,0.019763
2025-05-01T14:14:33.320000,-0.018297
2025-05-01T14:14:33.330000,-0.000112
2025-05-01T14:14:33.340000,-0.017068
2025-05-01T14:14:33.350000,-0.017067
2025-05-01T14:14:33.360000,-0.006713
2025-05-01T14:14:33.370000,-0.001707
2025-05-01T14:14:33.380000,-0.000793
2025-05-01T14:14:33.390000,-0.001564
2025-05-01T14:14:33.400000,0.002166
2025-05-01T14:14:33.410000,-0.014379
2025-05-01T14:14:33.420000,-0.009101
2025-05-01T14:14:33.430000,0.005666
2025-05-01T14:14:33.440000,-0.017231
2025-05-01T14:14:33.450000,0.001169
2025-05-01T14:14:33.460000,0.005216
2025-05-01T14:14:33.470000,0.000147
2025-05-01T14:14:33.480000,-0.006208
2025-05-01T14:14:33.490000,-0.016670
2025-05-01T14:14:33.500000,-0.017310
2025-05-01T14:14:33.510000,-0.010982
2025-05-01T14:14:33.520000,-0.006293
2025-05-01T14:14:33.530000,-0.019147
2025-05-01T14:14:33.540000,-0.004751
2025-05-01T14:14:33.550000,0.000803
2025-05-01T14:14:33.560000,0.009243
2025-05-01T14:14:33.570000,0.009815
2025-05-01T14:14:33.580000,-0.003015
2025-05-01T14:14:33.590000,-0.004834
2025-05-01T14:14:33.600000,-0.007998
2025-05-01T14:14:33.610000,-0.008601
2025-05-01T14:14:33.620000,0.010730
2025-05-01T14:14:33.630000,-0.014659
2025-05-01T14:14:33.640000,0.008276
2025-05-01T14:14:33.650000,-0.011639
2025-05-01T14:14:33.660000,0.012458
2025-05-01T14:14:33.670000,-0.004693
2025-05-01T14:14:33.680000,-0.004808
2025-05-01T14:14:33.690000,-0.010866
2025-05-01T14:14:33.700000,0.006121
2025-05-01T14:14:33.710000,0.002238
2025-05-01T14:14:33.720000,0.009796
2025-05-01T14:14:33.730000,-0.012108
2025-05-01T14:14:33.740000,-0.002417
2025-05-01T14:14:33.750000,0.009789
2025-05-01T14:14:33.760000,-0.011006
2025-05-01T14:14:33.770000,0.015102
2025-05-01T14:14:33.780000,0.012958
2025-05-01T14:14:33.790000,-0.011773
2025-05-01T14:14:33.800000,-0.003337
2025-05-01T14:14:33.810000,0.007200
2025-05-01T14:14:33.820000,-0.009673
2025-05-01T14:14:33.830000,0.000488
2025-05-01T14:14:33.840000,-0.001099
2025-05-01T14:14:33.850000,0.013809
2025-05-01T14:14:33.860000,0.015623
2025-05-01T14:14:33.870000,0.020093
2025-05-01T14:14:33.880000,0.012990
2025-05-01T14:14:33.890000,-0.012990
2025-05-01T14:14:33.900000,-0.002422
2025-05-01T14:14:33.910000,0.007063
2025-05-01T14:14:33.920000,-0.009955
2025-05-01T14:14:33.930000,0.003494
2025-05-01T14:14:33.940000,-0.018213
2025-05-01T14:14:33.950000,0.010500
2025-05-01T14:14:33.960000,0.013979
2025-05-01T14:14:33.970000,0.004996
2025-05-01T14:14:33.980000,-0.018209
2025-05-01T14:14:33.990000,-0.003261
2025-05-01T14:14:34,-0.005845
2025-05-01T14:14:34.010000,0.004672
2025-05-01T14:14:34.020000,-0.015931
2025-05-01T14:14:34.030000,-0.007971
2025-05-01T14:14:34.040000,-0.007316
2025-05-01T14:14:34.050000,0.006978
2025-05-01T14:14:34.060000,-0.009978
2025-05-01T14:14:34.070000,0.005173
2025-05-01T14:14:34.080000,0.011302
2025-05-01T14:14:34.090000,0.012828
2025-05-01T14:14:34.100000,-0.005339
2025-05-01T14:14:34.110000,-0.013167
2025-05-01T14:14:34.120000,0.012908
2025-05-01T14:14:34.130000,0.001239
2025-05-01T14:14:34.140000,-0.000298
2025-05-01T14:14:34.150000,0.009115
2025-05-01T14:14:34.160000,0.004312
2025-05-01T14:14:34.170000,0.004030
2025-05-01T14:14:34.180000,-0.009224
2025-05-01T14:14:34.190000,0.005459
2025-05-01T14:14:34.200000,0.005696
2025-05-01T14:14:34.210000,0.003494
2025-05-01T14:14:34.220000,0.007164
2025-05-01T14:14:34.230000,0.002140
2025-05-01T14:14:34.240000,-0.004176
2025-05-01T14:14:34.250000,-0.019107
2025-05-01T14:14:34.260000,-0.001636
2025-05-01T14:14:34.270000,-0.009785
2025-05-01T14:14:34.280000,0.002042
2025-05-01T14:14:34.290000,0.020349
2025-05-01T14:14:34.300000,-0.008464
2025-05-01T14:14:34.310000,0.003877
2025-05-01T14:14:34.320000,-0.006544
2025-05-01T14:14:34.330000,-0.009519
2025-05-01T14:14:34.340000,0.016110
2025-05-01T14:14:34.350000,0.008031
2025-05-01T14:14:34.360000,-0.005428
2025-05-01T14:14:34.370000,0.009588
2025-05-01T14:14:34.380000,0.001996
2025-05-01T14:14:34.390000,-0.002864
2025-05-01T14:14:34.400000,0.001565
2025-05-01T14:14:34.410000,0.001169
2025-05-01T14:14:34.420000,-0.004110
2025-05-01T14:14:34.430000,-0.008546
2025-05-01T14:14:34.440000,-0.004160
2025-05-01T14:14:34.450000,-0.000567
2025-05-01T14:14:34.460000,-0.016792
2025-05-01T14:14:34.470000,-0.018837
2025-05-01T14:14:34.480000,0.001353
2025-05-01T14:14:34.490000,-0.002111
2025-05-01T14:14:34.500000,-0.007010
2025-05-01T14:14:34.510000,0.007012
2025-05-01T14:14:34.520000,-0.005217
2025-05-01T14:14:34.530000,0.020383
2025-05-01T14:14:34.540000,-0.009997
2025-05-01T14:14:34.550000,-0.011743
2025-05-01T14:14:34.560000,-0.003618
2025-05-01T14:14:34.570000,-0.017425
2025-05-01T14:14:34.580000,-0.005651
2025-05-01T14:14:34.590000,-0.009991
2025-05-01T14:14:34.600000,-0.010559
2025-05-01T14:14:34.610000,-0.011221
2025-05-01T14:14:34.620000,0.001244
2025-05-01T14:14:34.630000,0.007347
2025-05-01T14:14:34.640000,0.000558
2025-05-01T14:14:34.650000,0.007644
2025-05-01T14:14:34.660000,-0.003854
2025-05-01T14:14:34.670000,-0.007926
2025-05-01T14:14:34.680000,0.005761
2025-05-01T14:14:34.690000,-0.014560
2025-05-01T14:14:34.700000,-0.023867
2025-05-01T14:14:34.710000,0.001185
2025-05-01T14:14:34.720000,0.012785
2025-05-01T14:14:34.730000,0.002313
2025-05-01T14:14:34.740000,0.000413
2025-05-01T14:14:34.750000,-0.002714
2025-05-01T14:14:34.760000,0.012640
2025-05-01T14:14:34.770000,0.014451
2025-05-01T14:14:34.780000,0.004391
2025-05-01T14:14:34.790000,0.012389
2025-05-01T14:14:34.800000,0.026519
2025-05-01T14:14:34.810000,0.019512
2025-05-01T14:14:34.820000,0.007376
2025-05-01T14:14:34.830000,0.012058
2025-05-01T14:14:34.840000,0.004784
2025-05-01T14:14:34.850000,0.003250
2025-05-01T14:14:34.860000,0.004820
2025-05-01T14:14:34.870000,-0.015687
2025-05-01T14:14:34.880000,-0.002545
2025-05-01T14:14:34.890000,-0.002179
2025-05-01T14:14:34.900000,-0.014432
2025-05-01T14:14:34.910000,-0.002264
2025-05-01T14:14:34.920000,-0.018466
2025-05-01T14:14:34.930000,-0.003679
2025-05-01T14:14:34.940000,0.005212
2025-05-01T14:14:34.950000,0.006258
2025-05-01T14:14:34.960000,-0.002846
2025-05-01T14:14:34.970000,0.002260
2025-05-01T14:14:34.980000,-0.001149
2025-05-01T14:14:34.990000,-0.012557
2025-05-01T14:14:35,-0.003671
2025-05-01T14:14:35.010000,-0.020733
2025-05-01T14:14:35.020000,0.001355
2025-05-01T14:14:35.030000,0.009571
2025-05-01T14:14:35.040000,0.014973
2025-05-01T14:14:35.050000,0.012111
2025-05-01T14:14:35.060000,-0.001092
2025-05-01T14:14:35.070000,0.015082
2025-05-01T14:14:35.080000,0.005082
2025-05-01T14:14:35.090000,-0.000385
2025-05-01T14:14:35.100000,-0.008448
2025-05-01T14:14:35.110000,-0.010484
2025-05-01T14:14:35.120000,0.011024
2025-05-01T14:14:35.130000,0.006734
2025-05-01T14:14:35.140000,-0.014770
2025-05-01T14:14:35.150000,-0.003434
2025-05-01T14:14:35.160000,-0.002604
2025-05-01T14:14:35.170000,-0.010055
2025-05-01T14:14:35.180000,0.000948
2025-05-01T14:14:35.190000,-0.006829
2025-05-01T14:14:35.200000,-0.018459
2025-05-01T14:14:35.210000,-0.026171
2025-05-01T14:14:35.220000,0.001921
2025-05-01T14:14:35.230000,-0.018793
2025-05-01T14:14:35.240000,-0.007546
2025-05-01T14:14:35.250000,0.010993
2025-05-01T14:14:35.260000,0.016823
2025-05-01T14:14:35.270000,-0.003300
2025-05-01T14:14:35.280000,-0.000382
2025-05-01T14:14:35.290000,0.005967
2025-05-01T14:14:35.300000,0.010555
2025-05-01T14:14:35.310000,-0.030475
2025-05-01T14:14:35.320000,-0.017474
2025-05-01T14:14:35.330000,0.012825
2025-05-01T14:14:35.340000,0.006070
2025-05-01T14:14:35.350000,0.016125
2025-05-01T14:14:35.360000,-0.002132
2025-05-01T14:14:35.370000,0.003650
2025-05-01T14:14:35.380000,-0.018517
2025-05-01T14:14:35.390000,-0.013649
2025-05-01T14:14:35.400000,-0.007408
2025-05-01T14:14:35.410000,-0.000745
2025-05-01T14:14:35.420000,0.002638
2025-05-01T14:14:35.430000,0.000355
2025-05-01T14:14:35.440000,-0.009325
2025-05-01T14:14:35.450000,0.001837
2025-05-01T14:14:35.460000,-0.002950
2025-05-01T14:14:35.470000,0.017481
2025-05-01T14:14:35.480000,0.016127
2025-05-01T14:14:35.490000,-0.020200
2025-05-01T14:14:35.500000,0.010226
2025-05-01T14:14:35.510000,0.003627
2025-05-01T14:14:35.520000,0.006128
2025-05-01T14:14:35.530000,0.024036
2025-05-01T14:14:35.540000,0.006746
2025-05-01T14:14:35.550000,-0.013551
2025-05-01T14:14:35.560000,-0.004097
2025-05-01T14:14:35.570000,-0.022218
2025-05-01T14:14:35.580000,0.001109
2025-05-01T14:14:35.590000,-0.004517
2025-05-01T14:14:35.600000,0.007531
2025-05-01T14:14:35.610000,0.008104
2025-05-01T14:14:35.620000,0.006855
2025-05-01T14:14:35.630000,-0.004680
2025-05-01T14:14:35.640000,-0.020489
2025-05-01T14:14:35.650000,0.012231
2025-05-01T14:14:35.660000,-0.010564
2025-05-01T14:14:35.670000,-0.013712
2025-05-01T14:14:35.680000,-0.001449
2025-05-01T14:14:35.690000,-0.004069
2025-05-01T14:14:35.700000,-0.017966
2025-05-01T14:14:35.710000,0.011144
2025-05-01T14:14:35.720000,-0.005737
2025-05-01T14:14:35.730000,0.005105
2025-05-01T14:14:35.740000,0.014039
2025-05-01T14:14:35.750000,0.013414
2025-05-01T14:14:35.760000,0.009550
2025-05-01T14:14:35.770000,0.001676
2025-05-01T14:14:35.780000,-0.000074
2025-05-01T14:14:35.790000,-0.003745
2025-05-01T14:14:35.800000,-0.009659
2025-05-01T14:14:35.810000,0.000047
2025-05-01T14:14:35.820000,0.010547
2025-05-01T14:14:35.830000,0.012414
2025-05-01T14:14:35.840000,-0.016976
2025-05-01T14:14:35.850000,-0.010026
2025-05-01T14:14:35.860000,-0.019693
2025-05-01T14:14:35.870000,-0.018755
2025-05-01T14:14:35.880000,-0.001686
2025-05-01T14:14:35.890000,0.000153
2025-05-01T14:14:35.900000,-0.003442
2025-05-01T14:14:35.910000,-0.004062
2025-05-01T14:14:35.920000,-0.018794
2025-05-01T14:14:35.930000,-0.004745
2025-05-01T14:14:35.940000,0.002296
2025-05-01T14:14:35.950000,-0.003028
2025-05-01T14:14:35.960000,0.002693
2025-05-01T14:14:35.970000,0.028834
2025-05-01T14:14:35.980000,-0.017966
2025-05-01T14:14:35.990000,-0.008143
2025-05-01T14:14:36,0.008986
2025-05-01T14:14:36.010000,0.007105
2025-05-01T14:14:36.020000,-0.005962
2025-05-01T14:14:36.030000,-0.010223
2025-05-01T14:14:36.040000,0.006091
2025-05-01T14:14:36.050000,-0.009557
2025-05-01T14:14:36.060000,-0.006207
2025-05-01T14:14:36.070000,-0.025229
2025-05-01T14:14:36.080000,0.004932
2025-05-01T14:14:36.090000,0.011871
2025-05-01T14:14:36.100000,0.005860
2025-05-01T14:14:36.110000,-0.022695
2025-05-01T14:14:36.120000,-0.004192
2025-05-01T14:14:36.130000,0.003354
2025-05-01T14:14:36.140000,0.013734
2025-05-01T14:14:36.150000,-0.023983
2025-05-01T14:14:36.160000,0.003047
2025-05-01T14:14:36.170000,0.013434
2025-05-01T14:14:36.180000,-0.004213
2025-05-01T14:14:36.190000,-0.015725
2025-05-01T14:14:36.200000,-0.008141
2025-05-01T14:14:36.210000,-0.005807
2025-05-01T14:14:36.220000,0.012170
2025-05-01T14:14:36.230000,0.002052
2025-05-01T14:14:36.240000,-0.009292
2025-05-01T14:14:36.250000,0.005631
2025-05-01T14:14:36.260000,0.009508
2025-05-01T14:14:36.270000,0.028458
2025-05-01T14:14:36.280000,-0.007692
2025-05-01T14:14:36.290000,0.005927
2025-05-01T14:14:36.300000,-0.004326
2025-05-01T14:14:36.310000,0.014793
2025-05-01T14:14:36.320000,0.011747
2025-05-01T14:14:36.330000,0.007241
2025-05-01T14:14:36.340000,0.015689
2025-05-01T14:14:36.350000,0.007657
2025-05-01T14:14:36.360000,0.012928
2025-05-01T14:14:36.370000,0.006137
2025-05-01T14:14:36.380000,0.014960
2025-05-01T14:14:36.390000,0.003688
2025-05-01T14:14:36.400000,0.000410
2025-05-01T14:14:36.410000,-0.002353
2025-05-01T14:14:36.420000,-0.004647
2025-05-01T14:14:36.430000,0.000471
2025-05-01T14:14:36.440000,0.004100
2025-05-01T14:14:36.450000,0.018585
2025-05-01T14:14:36.460000,-0.005077
2025-05-01T14:14:36.470000,-0.001557
2025-05-01T14:14:36.480000,0.003357
2025-05-01T14:14:36.490000,-0.009209
2025-05-01T14:14:36.500000,-0.001470
2025-05-01T14:14:36.510000,-0.004206
2025-05-01T14:14:36.520000,-0.015134
2025-05-01T14:14:36.530000,-0.006350
2025-05-01T14:14:36.540000,-0.013351
2025-05-01T14:14:36.550000,0.013988
2025-05-01T14:14:36.560000,-0.006506
2025-05-01T14:14:36.570000,-0.018225
2025-05-01T14:14:36.580000,0.012769
2025-05-01T14:14:36.590000,-0.012654
2025-05-01T14:14:36.600000,0.008569
2025-05-01T14:14:36.610000,-0.005785
2025-05-01T14:14:36.620000,-0.002213
2025-05-01T14:14:36.630000,-0.023907
2025-05-01T14:14:36.640000,0.000541
2025-05-01T14:14:36.650000,0.009851
2025-05-01T14:14:36.660000,-0.005856
2025-05-01T14:14:36.670000,0.001658
2025-05-01T14:14:36.680000,-0.002857
2025-05-01T14:14:36.690000,-0.012231
2025-05-01T14:14:36.700000,-0.010975
2025-05-01T14:14:36.710000,0.010432
2025-05-01T14:14:36.720000,-0.003668
2025-05-01T14:14:36.730000,-0.004410
2025-05-01T14:14:36.740000,0.009120
2025-05-01T14:14:36.750000,0.009186
2025-05-01T14:14:36.760000,-0.002916
2025-05-01T14:14:36.770000,0.020101
2025-05-01T14:14:36.780000,-0.005660
2025-05-01T14:14:36.790000,0.007554
2025-05-01T14:14:36.800000,0.004336
2025-05-01T14:14:36.810000,-0.002575
2025-05-01T14:14:36.820000,0.004289
2025-05-01T14:14:36.830000,0.007928
2025-05-01T14:14:36.840000,0.002593
2025-05-01T14:14:36.850000,-0.003808
2025-05-01T14:14:36.860000,0.008280
2025-05-01T14:14:36.870000,-0.009628
2025-05-01T14:14:36.880000,0.021840
2025-05-01T14:14:36.890000,-0.002778
2025-05-01T14:14:36.900000,-0.006066
2025-05-01T14:14:36.910000,0.010363
2025-05-01T14:14:36.920000,-0.002565
2025-05-01T14:14:36.930000,0.000519
2025-05-01T14:14:36.940000,0.005517
2025-05-01T14:14:36.950000,0.000730
2025-05-01T14:14:36.960000,-0.021126
2025-05-01T14:14:36.970000,0.010805
2025-05-01T14:14:36.980000,0.001952
2025-05-01T14:14:36.990000,0.003758
2025-05-01T14:14:37,0.003638
2025-05-01T14:14:37.010000,-0.000974
2025-05-01T14:14:37.020000,-0.008837
2025-05-01T14:14:37.030000,-0.004413
2025-05-01T14:14:37.040000,-0.006196
2025-05-01T14:14:37.050000,-0.007327
2025-05-01T14:14:37.060000,0.007056
2025-05-01T14:14:37.070000,0.008778
2025-05-01T14:14:37.080000,-0.005092
2025-05-01T14:14:37.090000,0.013946
2025-05-01T14:14:37.100000,0.022839
2025-05-01T14:14:37.110000,0.013232
2025-05-01T14:14:37.120000,-0.004233
2025-05-01T14:14:37.130000,-0.001693
2025-05-01T14:14:37.140000,-0.001901
2025-05-01T14:14:37.150000,0.002879
2025-05-01T14:14:37.160000,0.011306
2025-05-01T14:14:37.170000,-0.000489
2025-05-01T14:14:37.180000,-0.012986
2025-05-01T14:14:37.190000,0.001436
2025-05-01T14:14:37.200000,0.023155
2025-05-01T14:14:37.210000,-0.006301
2025-05-01T14:14:37.220000,0.015023
2025-05-01T14:14:37.230000,0.004321
2025-05-01T14:14:37.240000,0.001861
2025-05-01T14:14:37.250000,0.007093
2025-05-01T14:14:37.260000,-0.005572
2025-05-01T14:14:37.270000,-0.001909
2025-05-01T14:14:37.280000,-0.017600
2025-05-01T14:14:37.290000,-0.003891
2025-05-01T14:14:37.300000,0.000671
2025-05-01T14:14:37.310000,0.009841
2025-05-01T14:14:37.320000,0.000284
2025-05-01T14:14:37.330000,0.002357
2025-05-01T14:14:37.340000,0.000707
2025-05-01T14:14:37.350000,-0.007177
2025-05-01T14:14:37.360000,-0.005921
2025-05-01T14:14:37.370000,-0.000594
2025-05-01T14:14:37.380000,0.000604
2025-05-01T14:14:37.390000,-0.000988
2025-05-01T14:14:37.400000,-0.011332
2025-05-01T14:14:37.410000,0.018334
2025-05-01T14:14:37.420000,0.024585
2025-05-01T14:14:37.430000,-0.002005
2025-05-01T14:14:37.440000,-0.015866
2025-05-01T14:14:37.450000,-0.022174
2025-05-01T14:14:37.460000,0.003450
2025-05-01T14:14:37.470000,-0.001093
2025-05-01T14:14:37.480000,0.010188
2025-05-01T14:14:37.490000,-0.005160
2025-05-01T14:14:37.500000,-0.004505
2025-05-01T14:14:37.510000,-0.005190
2025-05-01T14:14:37.520000,0.024753
2025-05-01T14:14:37.530000,0.009191
2025-05-01T14:14:37.540000,0.005151
2025-05-01T14:14:37.550000,0.006101
2025-05-01T14:14:37.560000,-0.006551
2025-05-01T14:14:37.570000,-0.008047
2025-05-01T14:14:37.580000,0.003282
2025-05-01T14:14:37.590000,-0.006589
2025-05-01T14:14:37.600000,0.006035
2025-05-01T14:14:37.610000,-0.020062
2025-05-01T14:14:37.620000,-0.006924
2025-05-01T14:14:37.630000,-0.006163
2025-05-01T14:14:37.640000,0.011072
2025-05-01T14:14:37.650000,-0.013148
2025-05-01T14:14:37.660000,0.002847
2025-05-01T14:14:37.670000,0.012834
2025-05-01T14:14:37.680000,0.000933
2025-05-01T14:14:37.690000,0.010175
2025-05-01T14:14:37.700000,0.009947
2025-05-01T14:14:37.710000,0.002585
2025-05-01T14:14:37.720000,-0.017788
2025-05-01T14:14:37.730000,-0.001645
2025-05-01T14:14:37.740000,-0.008176
2025-05-01T14:14:37.750000,0.009619
2025-05-01T14:14:37.760000,-0.000460
2025-05-01T14:14:37.770000,0.005375
2025-05-01T14:14:37.780000,-0.009520
2025-05-01T14:14:37.790000,-0.007072
2025-05-01T14:14:37.800000,-0.002826
2025-05-01T14:14:37.810000,-0.001077
2025-05-01T14:14:37.820000,-0.003118
2025-05-01T14:14:37.830000,0.009301
2025-05-01T14:14:37.840000,-0.001181
2025-05-01T14:14:37.850000,0.010019
2025-05-01T14:14:37.860000,0.001451
2025-05-01T14:14:37.870000,0.013565
2025-05-01T14:14:37.880000,-0.012009
2025-05-01T14:14:37.890000,0.014857
2025-05-01T14:14:37.900000,-0.009727
2025-05-01T14:14:37.910000,0.002214
2025-05-01T14:14:37.920000,-0.014231
2025-05-01T14:14:37.930000,-0.001650
2025-05-01T14:14:37.940000,-0.000808
2025-05-01T14:14:37.950000,-0.005303
2025-05-01T14:14:37.960000,-0.004810
2025-05-01T14:14:37.970000,-0.003314
2025-05-01T14:14:37.980000,0.019537
2025-05-01T14:14:37.990000,0.016574
2025-05-01T14:14:38,-0.000607
2025-05-01T14:14:38.010000,0.007992
2025-05-01T14:14:38.020000,-0.011024
2025-05-01T14:14:38.030000,-0.001398
2025-05-01T14:14:38.040000,0.011395
2025-05-01T14:14:38.050000,0.000133
2025-05-01T14:14:38.060000,-0.003707
2025-05-01T14:14:38.070000,-0.009141
2025-05-01T14:14:38.080000,0.009795
2025-05-01T14:14:38.090000,-0.000346
2025-05-01T14:14:38.100000,0.000982
2025-05-01T14:14:38.110000,-0.003087
2025-05-01T14:14:38.120000,-0.007559
2025-05-01T14:14:38.130000,0.002275
2025-05-01T14:14:38.140000,-0.009704
2025-05-01T14:14:38.150000,0.002830
2025-05-01T14:14:38.160000,0.003291
2025-05-01T14:14:38.170000,0.001557
2025-05-01T14:14:38.180000,-0.005430
2025-05-01T14:14:38.190000,-0.002756
2025-05-01T14:14:38.200000,0.008681
2025-05-01T14:14:38.210000,-0.004970
2025-05-01T14:14:38.220000,-0.000971
2025-05-01T14:14:38.230000,-0.018825
2025-05-01T14:14:38.240000,-0.011676
2025-05-01T14:14:38.250000,0.002613
2025-05-01T14:14:38.260000,0.004803
2025-05-01T14:14:38.270000,0.007795
2025-05-01T14:14:38.280000,-0.009788
2025-05-01T14:14:38.290000,-0.006548
2025-05-01T14:14:38.300000,0.003946
2025-05-01T14:14:38.310000,0.003332
2025-05-01T14:14:38.320000,-0.006915
2025-05-01T14:14:38.330000,0.002991
2025-05-01T14:14:38.340000,-0.007598
2025-05-01T14:14:38.350000,-0.003181
2025-05-01T14:14:38.360000,0.001756
2025-05-01T14:14:38.370000,0.000907
2025-05-01T14:14:38.380000,-0.015258
2025-05-01T14:14:38.390000,0.001415
2025-05-01T14:14:38.400000,0.000385
2025-05-01T14:14:38.410000,-0.004949
2025-05-01T14:14:38.420000,0.010168
2025-05-01T14:14:38.430000,-0.011332
2025-05-01T14:14:38.440000,0.005901
2025-05-01T14:14:38.450000,-0.006007
2025-05-01T14:14:38.460000,-0.001120
2025-05-01T14:14:38.470000,-0.009628
2025-05-01T14:14:38.480000,0.006924
2025-05-01T14:14:38.490000,0.004072
2025-05-01T14:14:38.500000,-0.001232
2025-05-01T14:14:38.510000,0.007864
2025-05-01T14:14:38.520000,0.004007
2025-05-01T14:14:38.530000,-0.005350
2025-05-01T14:14:38.540000,0.008571
2025-05-01T14:14:38.550000,0.007984
2025-05-01T14:14:38.560000,0.001409
2025-05-01T14:14:38.570000,-0.000219
2025-05-01T14:14:38.580000,-0.011195
2025-05-01T14:14:38.590000,0.011706
2025-05-01T14:14:38.600000,-0.012603
2025-05-01T14:14:38.610000,-0.000957
2025-05-01T14:14:38.620000,0.009717
2025-05-01T14:14:38.630000,0.018405
2025-05-01T14:14:38.640000,-0.003595
2025-05-01T14:14:38.650000,-0.005226
2025-05-01T14:14:38.660000,-0.012197
2025-05-01T14:14:38.670000,-0.011408
2025-05-01T14:14:38.680000,-0.002602
2025-05-01T14:14:38.690000,0.004508
2025-05-01T14:14:38.700000,-0.009876
2025-05-01T14:14:38.710000,-0.005312
2025-05-01T14:14:38.720000,-0.009835
2025-05-01T14:14:38.730000,0.004682
2025-05-01T14:14:38.740000,0.001937
2025-05-01T14:14:38.750000,-0.009271
2025-05-01T14:14:38.760000,-0.001570
2025-05-01T14:14:38.770000,0.001706
2025-05-01T14:14:38.780000,-0.005062
2025-05-01T14:14:38.790000,-0.004840
2025-05-01T14:14:38.800000,-0.013508
2025-05-01T14:14:38.810000,0.008052
2025-05-01T14:14:38.820000,-0.002645
2025-05-01T14:14:38.830000,0.000059
2025-05-01T14:14:38.840000,0.000294
2025-05-01T14:14:38.850000,0.013768
2025-05-01T14:14:38.860000,0.003875
2025-05-01T14:14:38.870000,0.001255
2025-05-01T14:14:38.880000,0.006457
2025-05-01T14:14:38.890000,-0.009342
2025-05-01T14:14:38.900000,-0.000116
2025-05-01T14:14:38.910000,0.005267
2025-05-01T14:14:38.920000,0.002314
2025-05-01T14:14:38.930000,-0.009263
2025-05-01T14:14:38.940000,0.016393
2025-05-01T14:14:38.950000,0.020085
2025-05-01T14:14:38.960000,0.009524
2025-05-01T14:14:38.970000,0.017893
2025-05-01T14:14:38.980000,0.009851
2025-05-01T14:14:38.990000,0.017553
2025-05-01T14:14:39,0.001830
2025-05-01T14:14:39.010000,-0.012556
2025-05-01T14:14:39.020000,-0.013293
2025-05-01T14:14:39.030000,0.001492
2025-05-01T14:14:39.040000,0.008788
2025-05-01T14:14:39.050000,0.002864
2025-05-01T14:14:39.060000,-0.002844
2025-05-01T14:14:39.070000,0.013168
2025-05-01T14:14:39.080000,0.007427
2025-05-01T14:14:39.090000,-0.007110
2025-05-01T14:14:39.100000,0.006342
2025-05-01T14:14:39.110000,-0.024676
2025-05-01T14:14:39.120000,0.007968
2025-05-01T14:14:39.130000,0.000686
2025-05-01T14:14:39.140000,0.007294
2025-05-01T14:14:39.150000,-0.000472
2025-05-01T14:14:39.160000,0.001861
2025-05-01T14:14:39.170000,0.008712
2025-05-01T14:14:39.180000,0.003134
2025-05-01T14:14:39.190000,0.006805
2025-05-01T14:14:39.200000,0.004056
2025-05-01T14:14:39.210000,0.017305
2025-05-01T14:14:39.220000,-0.003448
2025-05-01T14:14:39.230000,-0.012614
2025-05-01T14:14:39.240000,-0.000566
2025-05-01T14:14:39.250000,-0.013290
2025-05-01T14:14:39.260000,0.003088
2025-05-01T14:14:39.270000,0.006483
2025-05-01T14:14:39.280000,0.005664
2025-05-01T14:14:39.290000,0.011342
2025-05-01T14:14:39.300000,0.005820
2025-05-01T14:14:39.310000,0.013215
2025-05-01T14:14:39.320000,0.003971
2025-05-01T14:14:39.330000,0.014201
2025-05-01T14:14:39.340000,0.006306
2025-05-01T14:14:39.350000,-0.021919
2025-05-01T14:14:39.360000,0.009517
2025-05-01T14:14:39.370000,0.008363
2025-05-01T14:14:39.380000,0.002192
2025-05-01T14:14:39.390000,0.007861
2025-05-01T14:14:39.400000,0.013770
2025-05-01T14:14:39.410000,0.011818
2025-05-01T14:14:39.420000,-0.003788
2025-05-01T14:14:39.430000,-0.005392
2025-05-01T14:14:39.440000,0.003140
2025-05-01T14:14:39.450000,0.012318
2025-05-01T14:14:39.460000,-0.002771
2025-05-01T14:14:39.470000,-0.020854
2025-05-01T14:14:39.480000,-0.017653
2025-05-01T14:14:39.490000,-0.011089
2025-05-01T14:14:39.500000,0.016950
2025-05-01T14:14:39.510000,-0.002644
2025-05-01T14:14:39.520000,0.013977
2025-05-01T14:14:39.530000,-0.007328
2025-05-01T14:14:39.540000,-0.003170
2025-05-01T14:14:39.550000,-0.007151
2025-05-01T14:14:39.560000,-0.010320
2025-05-01T14:14:39.570000,-0.007389
2025-05-01T14:14:39.580000,0.014196
2025-05-01T14:14:39.590000,0.000832
2025-05-01T14:14:39.600000,-0.004969
2025-05-01T14:14:39.610000,0.006311
2025-05-01T14:14:39.620000,0.005277
2025-05-01T14:14:39.630000,0.014606
2025-05-01T14:14:39.640000,-0.005198
2025-05-01T14:14:39.650000,-0.002902
2025-05-01T14:14:39.660000,0.000676
2025-05-01T14:14:39.670000,-0.012224
2025-05-01T14:14:39.680000,0.006127
2025-05-01T14:14:39.690000,0.018703
2025-05-01T14:14:39.700000,-0.005690
2025-05-01T14:14:39.710000,0.011672
2025-05-01T14:14:39.720000,-0.008396
2025-05-01T14:14:39.730000,-0.002467
2025-05-01T14:14:39.740000,-0.009899
2025-05-01T14:14:39.750000,0.016139
2025-05-01T14:14:39.760000,0.002175
2025-05-01T14:14:39.770000,0.000217
2025-05-01T14:14:39.780000,0.006755
2025-05-01T14:14:39.790000,0.000290
2025-05-01T14:14:39.800000,0.000541
2025-05-01T14:14:39.810000,0.010326
2025-05-01T14:14:39.820000,0.006535
2025-05-01T14:14:39.830000,-0.009946
2025-05-01T14:14:39.840000,0.009019
2025-05-01T14:14:39.850000,0.013054
2025-05-01T14:14:39.860000,-0.004055
2025-05-01T14:14:39.870000,-0.008674
2025-05-01T14:14:39.880000,0.001945
2025-05-01T14:14:39.890000,0.012297
2025-05-01T14:14:39.900000,0.024660
2025-05-01T14:14:39.910000,0.004377
2025-05-01T14:14:39.920000,0.002568
2025-05-01T14:14:39.930000,0.011196
2025-05-01T14:14:39.940000,0.005408
2025-05-01T14:14:39.950000,-0.005769
2025-05-01T14:14:39.960000,-0.011682
2025-05-01T14:14:39.970000,-0.002421
2025-05-01T14:14:39.980000,0.007134
2025-05-01T14:14:39.990000,-0.001954
2025-05-01T14:14:40,-0.004390
2025-05-01T14:14:40.010000,0.002349
2025-05-01T14:14:40.020000,-0.024367
2025-05-01T14:14:40.030000,-0.000568
2025-05-01T14:14:40.040000,-0.003258
2025-05-01T14:14:40.050000,-0.002253
2025-05-01T14:14:40.060000,-0.002616
2025-05-01T14:14:40.070000,0.013984
2025-05-01T14:14:40.080000,-0.009923
2025-05-01T14:14:40.090000,0.005203
2025-05-01T14:14:40.100000,0.015323
2025-05-01T14:14:40.110000,0.008001
2025-05-01T14:14:40.120000,-0.000519
2025-05-01T14:14:40.130000,-0.000252
2025-05-01T14:14:40.140000,-0.015952
2025-05-01T14:14:40.150000,0.004198
2025-05-01T14:14:40.160000,-0.008008
2025-05-01T14:14:40.170000,-0.005059
2025-05-01T14:14:40.180000,-0.012435
2025-05-01T14:14:40.190000,-0.008248
2025-05-01T14:14:40.200000,-0.013375
2025-05-01T14:14:40.210000,-0.002178
2025-05-01T14:14:40.220000,-0.005080
2025-05-01T14:14:40.230000,0.010524
2025-05-01T14:14:40.240000,0.011341
2025-05-01T14:14:40.250000,0.014712
2025-05-01T14:14:40.260000,0.007934
2025-05-01T14:14:40.270000,-0.006232
2025-05-01T14:14:40.280000,0.015720
2025-05-01T14:14:40.290000,0.012386
2025-05-01T14:14:40.300000,0.005392
2025-05-01T14:14:40.310000,0.005607
2025-05-01T14:14:40.320000,-0.017352
2025-05-01T14:14:40.330000,-0.012269
2025-05-01T14:14:40.340000,-0.028526
2025-05-01T14:14:40.350000,-0.035898
2025-05-01T14:14:40.360000,-0.026872
2025-05-01T14:14:40.370000,-0.024217
2025-05-01T14:14:40.380000,-0.034880
2025-05-01T14:14:40.390000,-0.017200
2025-05-01T14:14:40.400000,0.003505
2025-05-01T14:14:40.410000,0.022591
2025-05-01T14:14:40.420000,0.046136
2025-05-01T14:14:40.430000,0.054669
2025-05-01T14:14:40.440000,0.073231
2025-05-01T14:14:40.450000,0.072409
2025-05-01T14:14:40.460000,0.105775
2025-05-01T14:14:40.470000,0.075747
2025-05-01T14:14:40.480000,0.070515
2025-05-01T14:14:40.490000,0.034439
2025-05-01T14:14:40.500000,-0.019806
2025-05-01T14:14:40.510000,-0.045193
2025-05-01T14:14:40.520000,-0.112841
2025-05-01T14:14:40.530000,-0.150341
2025-05-01T14:14:40.540000,-0.207524
2025-05-01T14:14:40.550000,-0.250547
2025-05-01T14:14:40.560000,-0.259273
2025-05-01T14:14:40.570000,-0.247454
2025-05-01T14:14:40.580000,-0.186291
2025-05-01T14:14:40.590000,-0.108271
2025-05-01T14:14:40.600000,0.005930
2025-05-01T14:14:40.610000,0.110425
2025-05-01T14:14:40.620000,0.196099
2025-05-01T14:14:40.630000,0.246418
2025-05-01T14:14:40.640000,0.251344
2025-05-01T14:14:40.650000,0.245463
2025-05-01T14:14:40.660000,0.207271
2025-05-01T14:14:40.670000,0.169167
2025-05-01T14:14:40.680000,0.075682
2025-05-01T14:14:40.690000,0.068361
2025-05-01T14:14:40.700000,-0.001344
2025-05-01T14:14:40.710000,-0.034030
2025-05-01T14:14:40.720000,-0.077094
2025-05-01T14:14:40.730000,-0.098970
2025-05-01T14:14:40.740000,-0.084828
2025-05-01T14:14:40.750000,-0.065937
2025-05-01T14:14:40.760000,-0.074358
2025-05-01T14:14:40.770000,-0.055076
2025-05-01T14:14:40.780000,-0.057573
2025-05-01T14:14:40.790000,-0.004861
2025-05-01T14:14:40.800000,0.002290
2025-05-01T14:14:40.810000,0.015964
2025-05-01T14:14:40.820000,0.038693
2025-05-01T14:14:40.830000,0.030707
2025-05-01T14:14:40.840000,0.033717
2025-05-01T14:14:40.850000,0.026614
2025-05-01T14:14:40.860000,0.035162
2025-05-01T14:14:40.870000,0.027586
2025-05-01T14:14:40.880000,0.024297
2025-05-01T14:14:40.890000,0.001125
2025-05-01T14:14:40.900000,0.005235
2025-05-01T14:14:40.910000,-0.016446
2025-05-01T14:14:40.920000,-0.001706
2025-05-01T14:14:40.930000,-0.003856
2025-05-01T14:14:40.940000,-0.004908
2025-05-01T14:14:40.950000,0.002916
2025-05-01T14:14:40.960000,-0.006866
2025-05-01T14:14:40.970000,-0.001032
2025-05-01T14:14:40.980000,-0.007531
2025-05-01T14:14:40.990000,-0.011145
2025-05-01T14:14:41,0.000256
2025-05-01T14:14:41.010000,0.009296
2025-05-01T14:14:41.020000,0.003297
2025-05-01T14:14:41.030000,-0.008299
2025-05-01T14:14:41.040000,-0.000908
2025-05-01T14:14:41.050000,0.007898
2025-05-01T14:14:41.060000,-0.012589
2025-05-01T14:14:41.070000,0.014534
2025-05-01T14:14:41.080000,0.023056
2025-05-01T14:14:41.090000,-0.009149
2025-05-01T14:14:41.100000,0.005744
2025-05-01T14:14:41.110000,0.013295
2025-05-01T14:14:41.120000,0.008622
2025-05-01T14:14:41.130000,0.006239
2025-05-01T14:14:41.140000,0.002274
2025-05-01T14:14:41.150000,-0.002195
2025-05-01T14:14:41.160000,-0.016122
2025-05-01T14:14:41.170000,-0.006451
2025-05-01T14:14:41.180000,0.001523
2025-05-01T14:14:41.190000,-0.001003
2025-05-01T14:14:41.200000,0.002034
2025-05-01T14:14:41.210000,0.003239
2025-05-01T14:14:41.220000,-0.000266
2025-05-01T14:14:41.230000,0.029182
2025-05-01T14:14:41.240000,0.008543
2025-05-01T14:14:41.250000,-0.001297
2025-05-01T14:14:41.260000,0.004916
2025-05-01T14:14:41.270000,0.012557
2025-05-01T14:14:41.280000,-0.013743
2025-05-01T14:14:41.290000,-0.017611
2025-05-01T14:14:41.300000,-0.008348
2025-05-01T14:14:41.310000,-0.015461
2025-05-01T14:14:41.320000,-0.004281
2025-05-01T14:14:41.330000,-0.010465
2025-05-01T14:14:41.340000,-0.002488
2025-05-01T14:14:41.350000,0.003876
2025-05-01T14:14:41.360000,-0.006501
2025-05-01T14:14:41.370000,0.010734
2025-05-01T14:14:41.380000,-0.004655
2025-05-01T14:14:41.390000,0.000393
2025-05-01T14:14:41.400000,-0.000489
2025-05-01T14:14:41.410000,0.000435
2025-05-01T14:14:41.420000,-0.011636
2025-05-01T14:14:41.430000,-0.001695
2025-05-01T14:14:41.440000,-0.005671
2025-05-01T14:14:41.450000,-0.005468
2025-05-01T14:14:41.460000,-0.002038
2025-05-01T14:14:41.470000,0.010212
2025-05-01T14:14:41.480000,-0.001901
2025-05-01T14:14:41.490000,0.015396
2025-05-01T14:14:41.500000,-0.006735
2025-05-01T14:14:41.510000,-0.023774
2025-05-01T14:14:41.520000,-0.004750
2025-05-01T14:14:41.530000,-0.002758
2025-05-01T14:14:41.540000,-0.017503
2025-05-01T14:14:41.550000,-0.022063
2025-05-01T14:14:41.560000,0.000092
2025-05-01T14:14:41.570000,0.007390
2025-05-01T14:14:41.580000,0.002779
2025-05-01T14:14:41.590000,0.000432
2025-05-01T14:14:41.600000,0.002704
2025-05-01T14:14:41.610000,-0.010070
2025-05-01T14:14:41.620000,-0.007370
2025-05-01T14:14:41.630000,0.004153
2025-05-01T14:14:41.640000,-0.011110
2025-05-01T14:14:41.650000,-0.006147
2025-05-01T14:14:41.660000,-0.004238
2025-05-01T14:14:41.670000,-0.002570
2025-05-01T14:14:41.680000,-0.015519
2025-05-01T14:14:41.690000,-0.006836
2025-05-01T14:14:41.700000,0.005124
2025-05-01T14:14:41.710000,-0.002242
2025-05-01T14:14:41.720000,-0.006285
2025-05-01T14:14:41.730000,-0.006648
2025-05-01T14:14:41.740000,-0.004205
2025-05-01T14:14:41.750000,-0.001669
2025-05-01T14:14:41.760000,0.008446
2025-05-01T14:14:41.770000,-0.004841
2025-05-01T14:14:41.780000,-0.021359
2025-05-01T14:14:41.790000,0.009813
2025-05-01T14:14:41.800000,0.015589
2025-05-01T14:14:41.810000,-0.000505
2025-05-01T14:14:41.820000,0.007650
2025-05-01T14:14:41.830000,0.002219
2025-05-01T14:14:41.840000,0.001872
2025-05-01T14:14:41.850000,0.004543
2025-05-01T14:14:41.860000,0.011819
2025-05-01T14:14:41.870000,-0.007996
2025-05-01T14:14:41.880000,-0.007030
2025-05-01T14:14:41.890000,0.012678
2025-05-01T14:14:41.900000,-0.000745
2025-05-01T14:14:41.910000,0.010045
2025-05-01T14:14:41.920000,0.011848
2025-05-01T14:14:41.930000,0.026648
2025-05-01T14:14:41.940000,-0.015840
2025-05-01T14:14:41.950000,0.000850
2025-05-01T14:14:41.960000,0.011300
2025-05-01T14:14:41.970000,-0.003370
2025-05-01T14:14:41.980000,-0.007394
2025-05-01T14:14:41.990000,0.018678
2025-05-01T14:14:42,0.014662
2025-05-01T14:14:42.010000,-0.009443
2025-05-01T14:14:42.020000,0.007330
2025-05-01T14:14:42.030000,0.001227
2025-05-01T14:14:42.040000,0.004334
2025-05-01T14:14:42.050000,-0.006629
2025-05-01T14:14:42.060000,-0.015140
2025-05-01T14:14:42.070000,-0.003380
2025-05-01T14:14:42.080000,0.009265
2025-05-01T14:14:42.090000,0.001096
2025-05-01T14:14:42.100000,-0.013278
2025-05-01T14:14:42.110000,-0.001975
2025-05-01T14:14:42.120000,-0.020650
2025-05-01T14:14:42.130000,-0.007639
2025-05-01T14:14:42.140000,0.003981
2025-05-01T14:14:42.150000,0.005588
2025-05-01T14:14:42.160000,-0.009636
2025-05-01T14:14:42.170000,-0.000327
2025-05-01T14:14:42.180000,-0.007593
2025-05-01T14:14:42.190000,0.009549
2025-05-01T14:14:42.200000,0.004792
2025-05-01T14:14:42.210000,-0.002657
2025-05-01T14:14:42.220000,-0.000557
2025-05-01T14:14:42.230000,0.008358
2025-05-01T14:14:42.240000,-0.004482
2025-05-01T14:14:42.250000,0.010739
2025-05-01T14:14:42.260000,-0.007149
2025-05-01T14:14:42.270000,0.000294
2025-05-01T14:14:42.280000,-0.007073
2025-05-01T14:14:42.290000,-0.010358
2025-05-01T14:14:42.300000,-0.014388
2025-05-01T14:14:42.310000,-0.001398
2025-05-01T14:14:42.320000,0.000528
2025-05-01T14:14:42.330000,0.008177
2025-05-01T14:14:42.340000,-0.006137
2025-05-01T14:14:42.350000,0.008380
2025-05-01T14:14:42.360000,-0.000217
2025-05-01T14:14:42.370000,-0.024493
2025-05-01T14:14:42.380000,0.006331
2025-05-01T14:14:42.390000,-0.000991
2025-05-01T14:14:42.400000,-0.003535
2025-05-01T14:14:42.410000,0.010105
2025-05-01T14:14:42.420000,0.007369
2025-05-01T14:14:42.430000,-0.000252
2025-05-01T14:14:42.440000,0.014172
2025-05-01T14:14:42.450000,-0.002821
2025-05-01T14:14:42.460000,-0.004321
2025-05-01T14:14:42.470000,-0.002358
2025-05-01T14:14:42.480000,-0.017106
2025-05-01T14:14:42.490000,-0.021442
2025-05-01T14:14:42.500000,-0.005197
2025-05-01T14:14:42.510000,0.006692
2025-05-01T14:14:42.520000,0.008240
2025-05-01T14:14:42.530000,-0.005735
2025-05-01T14:14:42.540000,0.000318
2025-05-01T14:14:42.550000,0.018969
2025-05-01T14:14:42.560000,-0.009185
2025-05-01T14:14:42.570000,-0.011116
2025-05-01T14:14:42.580000,0.006121
2025-05-01T14:14:42.590000,-0.009464
2025-05-01T14:14:42.600000,0.009991
2025-05-01T14:14:42.610000,-0.027314
2025-05-01T14:14:42.620000,-0.009561
2025-05-01T14:14:42.630000,-0.006834
2025-05-01T14:14:42.640000,0.009669
2025-05-01T14:14:42.650000,-0.004580
2025-05-01T14:14:42.660000,-0.021122
2025-05-01T14:14:42.670000,-0.007792
2025-05-01T14:14:42.680000,0.006750
2025-05-01T14:14:42.690000,0.005242
2025-05-01T14:14:42.700000,-0.009807
2025-05-01T14:14:42.710000,-0.003448
2025-05-01T14:14:42.720000,-0.001030
2025-05-01T14:14:42.730000,-0.002739
2025-05-01T14:14:42.740000,0.006561
2025-05-01T14:14:42.750000,0.013719
2025-05-01T14:14:42.760000,0.003633
2025-05-01T14:14:42.770000,-0.006330
2025-05-01T14:14:42.780000,-0.010110
2025-05-01T14:14:42.790000,0.005760
2025-05-01T14:14:42.800000,-0.001199
2025-05-01T14:14:42.810000,-0.001895
2025-05-01T14:14:42.820000,-0.014714
2025-05-01T14:14:42.830000,0.000708
2025-05-01T14:14:42.840000,0.001398
2025-05-01T14:14:42.850000,-0.013407
2025-05-01T14:14:42.860000,0.004479
2025-05-01T14:14:42.870000,0.004358
2025-05-01T14:14:42.880000,-0.018814
2025-05-01T14:14:42.890000,-0.001786
2025-05-01T14:14:42.900000,-0.006935
2025-05-01T14:14:42.910000,0.002551
2025-05-01T14:14:42.920000,0.007348
2025-05-01T14:14:42.930000,0.006304
2025-05-01T14:14:42.940000,-0.003999
2025-05-01T14:14:42.950000,-0.002543
2025-05-01T14:14:42.960000,-0.007999
2025-05-01T14:14:42.970000,0.008003
2025-05-01T14:14:42.980000,0.014998
2025-05-01T14:14:42.990000,0.002831
2025-05-01T14:14:43,-0.000818
2025-05-01T14:14:43.010000,0.005643
2025-05-01T14:14:43.020000,-0.007169
2025-05-01T14:14:43.030000,-0.013947
2025-05-01T14:14:43.040000,-0.006877
2025-05-01T14:14:43.050000,-0.003209
2025-05-01T14:14:43.060000,0.013647
2025-05-01T14:14:43.070000,0.000744
2025-05-01T14:14:43.080000,-0.000247
2025-05-01T14:14:43.090000,-0.013179
2025-05-01T14:14:43.100000,-0.015399
2025-05-01T14:14:43.110000,-0.014085
2025-05-01T14:14:43.120000,0.003296
2025-05-01T14:14:43.130000,-0.015980
2025-05-01T14:14:43.140000,0.009646
2025-05-01T14:14:43.150000,0.001303
2025-05-01T14:14:43.160000,-0.007939
2025-05-01T14:14:43.170000,0.010883
2025-05-01T14:14:43.180000,0.000645
2025-05-01T14:14:43.190000,-0.012926
2025-05-01T14:14:43.200000,-0.002583
2025-05-01T14:14:43.210000,-0.013124
2025-05-01T14:14:43.220000,-0.006447
2025-05-01T14:14:43.230000,-0.012034
2025-05-01T14:14:43.240000,-0.012738
2025-05-01T14:14:43.250000,0.009568
2025-05-01T14:14:43.260000,0.002276
2025-05-01T14:14:43.270000,-0.006794
2025-05-01T14:14:43.280000,-0.001429
2025-05-01T14:14:43.290000,-0.000488
2025-05-01T14:14:43.300000,0.012941
2025-05-01T14:14:43.310000,-0.006006
2025-05-01T14:14:43.320000,-0.011830
2025-05-01T14:14:43.330000,-0.004134
2025-05-01T14:14:43.340000,-0.001565
2025-05-01T14:14:43.350000,-0.004077
2025-05-01T14:14:43.360000,-0.005133
2025-05-01T14:14:43.370000,-0.001289
2025-05-01T14:14:43.380000,0.011202
2025-05-01T14:14:43.390000,-0.003586
2025-05-01T14:14:43.400000,0.003565
2025-05-01T14:14:43.410000,-0.010436
2025-05-01T14:14:43.420000,0.006247
2025-05-01T14:14:43.430000,0.009660
2025-05-01T14:14:43.440000,0.008632
2025-05-01T14:14:43.450000,-0.002154
2025-05-01T14:14:43.460000,-0.008691
2025-05-01T14:14:43.470000,-0.002815
2025-05-01T14:14:43.480000,-0.009631
2025-05-01T14:14:43.490000,0.007762
2025-05-01T14:14:43.500000,-0.012099
2025-05-01T14:14:43.510000,-0.001500
2025-05-01T14:14:43.520000,-0.001616
2025-05-01T14:14:43.530000,0.011801
2025-05-01T14:14:43.540000,0.011631
2025-05-01T14:14:43.550000,0.008000
2025-05-01T14:14:43.560000,-0.004968
2025-05-01T14:14:43.570000,-0.008457
2025-05-01T14:14:43.580000,-0.007331
2025-05-01T14:14:43.590000,-0.002826
2025-05-01T14:14:43.600000,0.006143
2025-05-01T14:14:43.610000,0.003201
2025-05-01T14:14:43.620000,0.003133
2025-05-01T14:14:43.630000,0.010668
2025-05-01T14:14:43.640000,0.003665
2025-05-01T14:14:43.650000,-0.013198
2025-05-01T14:14:43.660000,-0.021565
2025-05-01T14:14:43.670000,-0.011251
2025-05-01T14:14:43.680000,-0.013320
2025-05-01T14:14:43.690000,0.001040
2025-05-01T14:14:43.700000,-0.015004
2025-05-01T14:14:43.710000,0.001419
2025-05-01T14:14:43.720000,0.002779
2025-05-01T14:14:43.730000,0.003005
2025-05-01T14:14:43.740000,0.007247
2025-05-01T14:14:43.750000,-0.000108
2025-05-01T14:14:43.760000,0.010837
2025-05-01T14:14:43.770000,-0.001722
2025-05-01T14:14:43.780000,-0.010615
2025-05-01T14:14:43.790000,-0.004370
2025-05-01T14:14:43.800000,-0.008862
2025-05-01T14:14:43.810000,0.015740
2025-05-01T14:14:43.820000,-0.009540
2025-05-01T14:14:43.830000,0.008683
2025-05-01T14:14:43.840000,0.017833
2025-05-01T14:14:43.850000,0.005964
2025-05-01T14:14:43.860000,-0.011262
2025-05-01T14:14:43.870000,0.007696
2025-05-01T14:14:43.880000,-0.012568
2025-05-01T14:14:43.890000,-0.014865
2025-05-01T14:14:43.900000,-0.005788
2025-05-01T14:14:43.910000,-0.001727
2025-05-01T14:14:43.920000,-0.004192
2025-05-01T14:14:43.930000,0.007456
2025-05-01T14:14:43.940000,-0.008415
2025-05-01T14:14:43.950000,0.015248
2025-05-01T14:14:43.960000,-0.006272
2025-05-01T14:14:43.970000,-0.008176
2025-05-01T14:14:43.980000,-0.000808
2025-05-01T14:14:43.990000,-0.000380
2025-05-01T14:14:44,0.011796
2025-05-01T14:14:44.010000,0.003100
2025-05-01T14:14:44.020000,0.004121
2025-05-01T14:14:44.030000,0.007818
2025-05-01T14:14:44.040000,-0.016544
2025-05-01T14:14:44.050000,-0.009690
2025-05-01T14:14:44.060000,-0.000718
2025-05-01T14:14:44.070000,-0.002471
2025-05-01T14:14:44.080000,-0.008506
2025-05-01T14:14:44.090000,0.000403
2025-05-01T14:14:44.100000,0.017496
2025-05-01T14:14:44.110000,-0.008204
2025-05-01T14:14:44.120000,0.004257
2025-05-01T14:14:44.130000,-0.009387
2025-05-01T14:14:44.140000,-0.004876
2025-05-01T14:14:44.150000,0.019805
2025-05-01T14:14:44.160000,0.001594
2025-05-01T14:14:44.170000,0.007571
2025-05-01T14:14:44.180000,-0.000002
2025-05-01T14:14:44.190000,0.003116
2025-05-01T14:14:44.200000,-0.029281
2025-05-01T14:14:44.210000,0.013888
2025-05-01T14:14:44.220000,0.012197
2025-05-01T14:14:44.230000,-0.016179
2025-05-01T14:14:44.240000,0.012530
2025-05-01T14:14:44.250000,0.006886
2025-05-01T14:14:44.260000,0.002023
2025-05-01T14:14:44.270000,0.007671
2025-05-01T14:14:44.280000,-0.002711
2025-05-01T14:14:44.290000,0.002021
2025-05-01T14:14:44.300000,-0.010041
2025-05-01T14:14:44.310000,-0.018100
2025-05-01T14:14:44.320000,0.001136
2025-05-01T14:14:44.330000,0.002283
2025-05-01T14:14:44.340000,-0.000047
2025-05-01T14:14:44.350000,-0.012167
2025-05-01T14:14:44.360000,-0.014594
2025-05-01T14:14:44.370000,-0.002876
2025-05-01T14:14:44.380000,-0.000418
2025-05-01T14:14:44.390000,-0.003238
2025-05-01T14:14:44.400000,0.001047
2025-05-01T14:14:44.410000,0.013032
2025-05-01T14:14:44.420000,-0.002309
2025-05-01T14:14:44.430000,-0.000822
2025-05-01T14:14:44.440000,-0.005174
2025-05-01T14:14:44.450000,0.010515
2025-05-01T14:14:44.460000,0.019940
2025-05-01T14:14:44.470000,0.001281
2025-05-01T14:14:44.480000,0.011721
2025-05-01T14:14:44.490000,0.005612
2025-05-01T14:14:44.500000,-0.000476
2025-05-01T14:14:44.510000,-0.002009
2025-05-01T14:14:44.520000,-0.009545
2025-05-01T14:14:44.530000,-0.001597
2025-05-01T14:14:44.540000,-0.001630
2025-05-01T14:14:44.550000,-0.000205
2025-05-01T14:14:44.560000,-0.011942
2025-05-01T14:14:44.570000,-0.019154
2025-05-01T14:14:44.580000,0.003214
2025-05-01T14:14:44.590000,-0.002623
2025-05-01T14:14:44.600000,0.022162
2025-05-01T14:14:44.610000,0.010815
2025-05-01T14:14:44.620000,0.021173
2025-05-01T14:14:44.630000,0.000330
2025-05-01T14:14:44.640000,-0.016264
2025-05-01T14:14:44.650000,0.005705
2025-05-01T14:14:44.660000,-0.000241
2025-05-01T14:14:44.670000,-0.002457
2025-05-01T14:14:44.680000,0.005082
2025-05-01T14:14:44.690000,-0.009034
2025-05-01T14:14:44.700000,-0.001118
2025-05-01T14:14:44.710000,-0.017513
2025-05-01T14:14:44.720000,-0.016305
2025-05-01T14:14:44.730000,-0.001555
2025-05-01T14:14:44.740000,0.001925
2025-05-01T14:14:44.750000,0.014999
2025-05-01T14:14:44.760000,0.006990
2025-05-01T14:14:44.770000,0.004559
2025-05-01T14:14:44.780000,0.006583
2025-05-01T14:14:44.790000,0.013865
2025-05-01T14:14:44.800000,0.007322
2025-05-01T14:14:44.810000,0.000752
2025-05-01T14:14:44.820000,0.008655
2025-05-01T14:14:44.830000,0.010685
2025-05-01T14:14:44.840000,0.014313
2025-05-01T14:14:44.850000,-0.007410
2025-05-01T14:14:44.860000,-0.007098
2025-05-01T14:14:44.870000,-0.001966
2025-05-01T14:14:44.880000,-0.013250
2025-05-01T14:14:44.890000,0.008819
2025-05-01T14:14:44.900000,0.003185
2025-05-01T14:14:44.910000,0.013444
2025-05-01T14:14:44.920000,-0.003211
2025-05-01T14:14:44.930000,-0.000737
2025-05-01T14:14:44.940000,-0.006026
2025-05-01T14:14:44.950000,-0.001841
2025-05-01T14:14:44.960000,-0.016577
2025-05-01T14:14:44.970000,0.001193
2025-05-01T14:14:44.980000,-0.008649
2025-05-01T14:14:44.990000,-0.001177
2025-05-01T14:14:45,-0.004001
2025-05-01T14:14:45.010000,-0.003310
2025-05-01T14:14:45.020000,-0.004119
2025-05-01T14:14:45.030000,-0.017515
2025-05-01T14:14:45.040000,0.013272
2025-05-01T14:14:45.050000,-0.008013
2025-05-01T14:14:45.060000,-0.003394
2025-05-01T14:14:45.070000,0.001145
2025-05-01T14:14:45.080000,-0.004674
2025-05-01T14:14:45.090000,-0.009296
2025-05-01T14:14:45.100000,-0.011884
2025-05-01T14:14:45.110000,0.007821
2025-05-01T14:14:45.120000,-0.000042
2025-05-01T14:14:45.130000,-0.006660
2025-05-01T14:14:45.140000,0.004556
2025-05-01T14:14:45.150000,0.006812
2025-05-01T14:14:45.160000,-0.003171
2025-05-01T14:14:45.170000,0.012887
2025-05-01T14:14:45.180000,-0.000815
2025-05-01T14:14:45.190000,0.011718
2025-05-01T14:14:45.200000,0.006238
2025-05-01T14:14:45.210000,0.008099
2025-05-01T14:14:45.220000,0.011851
2025-05-01T14:14:45.230000,0.002496
2025-05-01T14:14:45.240000,-0.018140
2025-05-01T14:14:45.250000,-0.012910
2025-05-01T14:14:45.260000,0.004055
2025-05-01T14:14:45.270000,-0.011880
2025-05-01T14:14:45.280000,0.010783
2025-05-01T14:14:45.290000,-0.002655
2025-05-01T14:14:45.300000,0.003823
2025-05-01T14:14:45.310000,0.004600
2025-05-01T14:14:45.320000,0.018230
2025-05-01T14:14:45.330000,0.021519
2025-05-01T14:14:45.340000,-0.014830
2025-05-01T14:14:45.350000,-0.002903
2025-05-01T14:14:45.360000,-0.001872
2025-05-01T14:14:45.370000,0.003674
2025-05-01T14:14:45.380000,0.012543
2025-05-01T14:14:45.390000,0.006602
2025-05-01T14:14:45.400000,0.005096
2025-05-01T14:14:45.410000,0.001570
2025-05-01T14:14:45.420000,-0.008474
2025-05-01T14:14:45.430000,0.010654
2025-05-01T14:14:45.440000,0.006791
2025-05-01T14:14:45.450000,-0.009444
2025-05-01T14:14:45.460000,0.002187
2025-05-01T14:14:45.470000,0.005238
2025-05-01T14:14:45.480000,-0.002526
2025-05-01T14:14:45.490000,-0.002696
2025-05-01T14:14:45.500000,-0.006563
2025-05-01T14:14:45.510000,-0.016599
2025-05-01T14:14:45.520000,-0.000325
2025-05-01T14:14:45.530000,0.011626
2025-05-01T14:14:45.540000,0.007936
2025-05-01T14:14:45.550000,-0.015242
2025-05-01T14:14:45.560000,-0.000990
2025-05-01T14:14:45.570000,0.004337
2025-05-01T14:14:45.580000,-0.009093
2025-05-01T14:14:45.590000,-0.008920
2025-05-01T14:14:45.600000,-0.011387
2025-05-01T14:14:45.610000,0.012513
2025-05-01T14:14:45.620000,0.010074
2025-05-01T14:14:45.630000,0.000830
2025-05-01T14:14:45.640000,0.008239
2025-05-01T14:14:45.650000,0.004158
2025-05-01T14:14:45.660000,0.009691
2025-05-01T14:14:45.670000,0.003714
2025-05-01T14:14:45.680000,-0.012127
2025-05-01T14:14:45.690000,0.003093
2025-05-01T14:14:45.700000,-0.006156
2025-05-01T14:14:45.710000,-0.005781
2025-05-01T14:14:45.720000,-0.003390
2025-05-01T14:14:45.730000,-0.022337
2025-05-01T14:14:45.740000,0.007782
2025-05-01T14:14:45.750000,-0.003878
2025-05-01T14:14:45.760000,-0.011128
2025-05-01T14:14:45.770000,0.000704
2025-05-01T14:14:45.780000,-0.003435
2025-05-01T14:14:45.790000,-0.006787
2025-05-01T14:14:45.800000,0.011684
2025-05-01T14:14:45.810000,0.002510
2025-05-01T14:14:45.820000,-0.003161
2025-05-01T14:14:45.830000,0.003445
2025-05-01T14:14:45.840000,0.006053
2025-05-01T14:14:45.850000,0.001135
2025-05-01T14:14:45.860000,-0.003325
2025-05-01T14:14:45.870000,-0.023676
2025-05-01T14:14:45.880000,-0.024041
2025-05-01T14:14:45.890000,-0.005036
2025-05-01T14:14:45.900000,-0.009453
2025-05-01T14:14:45.910000,0.005151
2025-05-01T14:14:45.920000,0.017188
2025-05-01T14:14:45.930000,0.008334
2025-05-01T14:14:45.940000,0.017218
2025-05-01T14:14:45.950000,-0.002605
2025-05-01T14:14:45.960000,0.003834
2025-05-01T14:14:45.970000,-0.007367
2025-05-01T14:14:45.980000,-0.015644
2025-05-01T14:14:45.990000,0.009927
2025-05-01T14:14:46,-0.011218
2025-05-01T14:14:46.010000,-0.016814
2025-05-01T14:14:46.020000,-0.011911
2025-05-01T14:14:46.030000,-0.024895
2025-05-01T14:14:46.040000,0.015239
2025-05-01T14:14:46.050000,0.011888
2025-05-01T14:14:46.060000,0.001090
2025-05-01T14:14:46.070000,0.005286
2025-05-01T14:14:46.080000,-0.004275
2025-05-01T14:14:46.090000,0.008827
2025-05-01T14:14:46.100000,0.001128
2025-05-01T14:14:46.110000,0.006175
2025-05-01T14:14:46.120000,-0.007214
2025-05-01T14:14:46.130000,0.000517
2025-05-01T14:14:46.140000,-0.010108
2025-05-01T14:14:46.150000,-0.002304
2025-05-01T14:14:46.160000,0.008674
2025-05-01T14:14:46.170000,0.006796
2025-05-01T14:14:46.180000,0.013205
2025-05-01T14:14:46.190000,-0.002110
2025-05-01T14:14:46.200000,-0.000155
2025-05-01T14:14:46.210000,-0.003251
2025-05-01T14:14:46.220000,0.004766
2025-05-01T14:14:46.230000,-0.003243
2025-05-01T14:14:46.240000,0.007660
2025-05-01T14:14:46.250000,-0.011773
2025-05-01T14:14:46.260000,0.005631
2025-05-01T14:14:46.270000,0.004004
2025-05-01T14:14:46.280000,-0.002497
2025-05-01T14:14:46.290000,-0.003044
2025-05-01T14:14:46.300000,-0.001884
2025-05-01T14:14:46.310000,-0.001394
2025-05-01T14:14:46.320000,-0.015529
2025-05-01T14:14:46.330000,0.012911
2025-05-01T14:14:46.340000,0.006512
2025-05-01T14:14:46.350000,-0.006732
2025-05-01T14:14:46.360000,-0.011718
2025-05-01T14:14:46.370000,0.001675
2025-05-01T14:14:46.380000,0.009628
2025-05-01T14:14:46.390000,-0.012082
2025-05-01T14:14:46.400000,0.002251
2025-05-01T14:14:46.410000,-0.001645
2025-05-01T14:14:46.420000,-0.004681
2025-05-01T14:14:46.430000,-0.009134
2025-05-01T14:14:46.440000,0.005695
2025-05-01T14:14:46.450000,-0.007255
2025-05-01T14:14:46.460000,-0.006880
2025-05-01T14:14:46.470000,0.012052
2025-05-01T14:14:46.480000,-0.000914
2025-05-01T14:14:46.490000,0.006781
2025-05-01T14:14:46.500000,-0.007580
2025-05-01T14:14:46.510000,-0.018951
2025-05-01T14:14:46.520000,0.006637
2025-05-01T14:14:46.530000,-0.001170
2025-05-01T14:14:46.540000,-0.008322
2025-05-01T14:14:46.550000,-0.004180
2025-05-01T14:14:46.560000,-0.012677
2025-05-01T14:14:46.570000,0.010903
2025-05-01T14:14:46.580000,0.003166
2025-05-01T14:14:46.590000,0.007226
2025-05-01T14:14:46.600000,-0.006002
2025-05-01T14:14:46.610000,-0.006115
2025-05-01T14:14:46.620000,0.007456
2025-05-01T14:14:46.630000,0.003056
2025-05-01T14:14:46.640000,-0.002425
2025-05-01T14:14:46.650000,0.001100
2025-05-01T14:14:46.660000,0.002132
2025-05-01T14:14:46.670000,-0.002502
2025-05-01T14:14:46.680000,0.005394
2025-05-01T14:14:46.690000,-0.007442
2025-05-01T14:14:46.700000,-0.009225
2025-05-01T14:14:46.710000,-0.008702
2025-05-01T14:14:46.720000,0.008623
2025-05-01T14:14:46.730000,-0.012954
2025-05-01T14:14:46.740000,-0.011134
2025-05-01T14:14:46.750000,-0.005011
2025-05-01T14:14:46.760000,-0.000259
2025-05-01T14:14:46.770000,0.010420
2025-05-01T14:14:46.780000,0.010455
2025-05-01T14:14:46.790000,0.018755
2025-05-01T14:14:46.800000,0.011619
2025-05-01T14:14:46.810000,0.000544
2025-05-01T14:14:46.820000,0.003617
2025-05-01T14:14:46.830000,0.000924
2025-05-01T14:14:46.840000,0.015165
2025-05-01T14:14:46.850000,0.014559
2025-05-01T14:14:46.860000,-0.006216
2025-05-01T14:14:46.870000,0.010575
2025-05-01T14:14:46.880000,-0.007310
2025-05-01T14:14:46.890000,0.017293
2025-05-01T14:14:46.900000,-0.007028
2025-05-01T14:14:46.910000,-0.024634
2025-05-01T14:14:46.920000,-0.011839
2025-05-01T14:14:46.930000,-0.002816
2025-05-01T14:14:46.940000,-0.009074
2025-05-01T14:14:46.950000,-0.001993
2025-05-01T14:14:46.960000,0.020132
2025-05-01T14:14:46.970000,0.005560
2025-05-01T14:14:46.980000,0.010351
2025-05-01T14:14:46.990000,-0.001709
2025-05-01T14:14:47,0.002125
2025-05-01T14:14:47.010000,0.008739
2025-05-01T14:14:47.020000,0.006150
2025-05-01T14:14:47.030000,-0.000366
2025-05-01T14:14:47.040000,-0.002094
2025-05-01T14:14:47.050000,0.020944
2025-05-01T14:14:47.060000,-0.003491
2025-05-01T14:14:47.070000,0.002161
2025-05-01T14:14:47.080000,-0.003968
2025-05-01T14:14:47.090000,0.008373
2025-05-01T14:14:47.100000,0.000478
2025-05-01T14:14:47.110000,-0.006642
2025-05-01T14:14:47.120000,-0.002480
2025-05-01T14:14:47.130000,0.005577
2025-05-01T14:14:47.140000,0.000820
2025-05-01T14:14:47.150000,0.000708
2025-05-01T14:14:47.160000,-0.004821
2025-05-01T14:14:47.170000,-0.009568
2025-05-01T14:14:47.180000,0.002407
2025-05-01T14:14:47.190000,0.008844
2025-05-01T14:14:47.200000,0.004476
2025-05-01T14:14:47.210000,-0.000937
2025-05-01T14:14:47.220000,0.008896
2025-05-01T14:14:47.230000,-0.006840
2025-05-01T14:14:47.240000,-0.000762
2025-05-01T14:14:47.250000,-0.000298
2025-05-01T14:14:47.260000,-0.005145
2025-05-01T14:14:47.270000,-0.013730
2025-05-01T14:14:47.280000,-0.002492
2025-05-01T14:14:47.290000,0.011208
2025-05-01T14:14:47.300000,0.005876
2025-05-01T14:14:47.310000,0.001597
2025-05-01T14:14:47.320000,0.002087
2025-05-01T14:14:47.330000,0.013668
2025-05-01T14:14:47.340000,0.001022
2025-05-01T14:14:47.350000,-0.006343
2025-05-01T14:14:47.360000,-0.008504
2025-05-01T14:14:47.370000,0.010817
2025-05-01T14:14:47.380000,-0.002144
2025-05-01T14:14:47.390000,0.002624
2025-05-01T14:14:47.400000,0.017505
2025-05-01T14:14:47.410000,-0.008589
2025-05-01T14:14:47.420000,0.002689
2025-05-01T14:14:47.430000,0.000027
2025-05-01T14:14:47.440000,-0.001705
2025-05-01T14:14:47.450000,0.008262
2025-05-01T14:14:47.460000,0.016626
2025-05-01T14:14:47.470000,-0.016397
2025-05-01T14:14:47.480000,-0.001143
2025-05-01T14:14:47.490000,-0.001085
2025-05-01T14:14:47.500000,0.000781
2025-05-01T14:14:47.510000,-0.006364
2025-05-01T14:14:47.520000,-0.012676
2025-05-01T14:14:47.530000,0.015635
2025-05-01T14:14:47.540000,-0.002127
2025-05-01T14:14:47.550000,-0.010583
2025-05-01T14:14:47.560000,-0.004725
2025-05-01T14:14:47.570000,-0.010729
2025-05-01T14:14:47.580000,0.009979
2025-05-01T14:14:47.590000,0.000664
2025-05-01T14:14:47.600000,0.000304
2025-05-01T14:14:47.610000,0.001963
2025-05-01T14:14:47.620000,0.003507
2025-05-01T14:14:47.630000,-0.001940
2025-05-01T14:14:47.640000,0.012758
2025-05-01T14:14:47.650000,-0.009690
2025-05-01T14:14:47.660000,-0.005020
2025-05-01T14:14:47.670000,0.016807
2025-05-01T14:14:47.680000,-0.005289
2025-05-01T14:14:47.690000,-0.001854
2025-05-01T14:14:47.700000,-0.005698
2025-05-01T14:14:47.710000,0.000347
2025-05-01T14:14:47.720000,0.004400
2025-05-01T14:14:47.730000,-0.000317
2025-05-01T14:14:47.740000,-0.002705
2025-05-01T14:14:47.750000,0.003720
2025-05-01T14:14:47.760000,0.016231
2025-05-01T14:14:47.770000,0.006325
2025-05-01T14:14:47.780000,0.010372
2025-05-01T14:14:47.790000,0.022596
2025-05-01T14:14:47.800000,-0.009412
2025-05-01T14:14:47.810000,-0.009488
2025-05-01T14:14:47.820000,-0.001234
2025-05-01T14:14:47.830000,-0.018885
2025-05-01T14:14:47.840000,0.003534
2025-05-01T14:14:47.850000,0.008432
2025-05-01T14:14:47.860000,0.011586
2025-05-01T14:14:47.870000,0.015659
2025-05-01T14:14:47.880000,0.008878
2025-05-01T14:14:47.890000,0.002327
2025-05-01T14:14:47.900000,-0.005883
2025-05-01T14:14:47.910000,-0.006947
2025-05-01T14:14:47.920000,0.010918
2025-05-01T14:14:47.930000,-0.011059
2025-05-01T14:14:47.940000,-0.009226
2025-05-01T14:14:47.950000,-0.005462
2025-05-01T14:14:47.960000,-0.003000
2025-05-01T14:14:47.970000,-0.001724
2025-05-01T14:14:47.980000,0.003757
2025-05-01T14:14:47.990000,0.007993
2025-05-01T14:14:48,0.009784
2025-05-01T14:14:48.010000,-0.002333
2025-05-01T14:14:48.020000,0.016278
2025-05-01T14:14:48.030000,0.013899
2025-05-01T14:14:48.040000,0.010996
2025-05-01T14:14:48.050000,-0.017841
2025-05-01T14:14:48.060000,-0.005802
2025-05-01T14:14:48.070000,-0.003089
2025-05-01T14:14:48.080000,-0.018410
2025-05-01T14:14:48.090000,0.013488
2025-05-01T14:14:48.100000,-0.016458
2025-05-01T14:14:48.110000,0.006151
2025-05-01T14:14:48.120000,0.006068
2025-05-01T14:14:48.130000,0.012813
2025-05-01T14:14:48.140000,-0.007173
2025-05-01T14:14:48.150000,-0.000580
2025-05-01T14:14:48.160000,0.005009
2025-05-01T14:14:48.170000,-0.002722
2025-05-01T14:14:48.180000,0.009483
2025-05-01T14:14:48.190000,-0.003935
2025-05-01T14:14:48.200000,-0.009411
2025-05-01T14:14:48.210000,0.003723
2025-05-01T14:14:48.220000,0.005864
2025-05-01T14:14:48.230000,-0.000450
2025-05-01T14:14:48.240000,0.003624
2025-05-01T14:14:48.250000,-0.014291
2025-05-01T14:14:48.260000,-0.002938
2025-05-01T14:14:48.270000,-0.000290
2025-05-01T14:14:48.280000,-0.012093
2025-05-01T14:14:48.290000,0.008287
2025-05-01T14:14:48.300000,-0.024666
2025-05-01T14:14:48.310000,-0.000538
2025-05-01T14:14:48.320000,0.019740
2025-05-01T14:14:48.330000,-0.014103
2025-05-01T14:14:48.340000,0.006459
2025-05-01T14:14:48.350000,0.001103
2025-05-01T14:14:48.360000,-0.014574
2025-05-01T14:14:48.370000,-0.008457
2025-05-01T14:14:48.380000,0.007377
2025-05-01T14:14:48.390000,0.003527
2025-05-01T14:14:48.400000,0.012077
2025-05-01T14:14:48.410000,-0.031499
2025-05-01T14:14:48.420000,-0.003623
2025-05-01T14:14:48.430000,-0.003906
2025-05-01T14:14:48.440000,-0.007973
2025-05-01T14:14:48.450000,-0.000902
2025-05-01T14:14:48.460000,-0.004492
2025-05-01T14:14:48.470000,-0.001988
2025-05-01T14:14:48.480000,-0.008328
2025-05-01T14:14:48.490000,0.007795
2025-05-01T14:14:48.500000,0.011837
2025-05-01T14:14:48.510000,-0.009619
2025-05-01T14:14:48.520000,0.011923
2025-05-01T14:14:48.530000,-0.003997
2025-05-01T14:14:48.540000,0.006305
2025-05-01T14:14:48.550000,0.010864
2025-05-01T14:14:48.560000,0.013160
2025-05-01T14:14:48.570000,0.009014
2025-05-01T14:14:48.580000,0.008129
2025-05-01T14:14:48.590000,0.013078
2025-05-01T14:14:48.600000,-0.005372
2025-05-01T14:14:48.610000,0.011491
2025-05-01T14:14:48.620000,0.017134
2025-05-01T14:14:48.630000,0.018149
2025-05-01T14:14:48.640000,0.002547
2025-05-01T14:14:48.650000,0.000120
2025-05-01T14:14:48.660000,-0.005188
2025-05-01T14:14:48.670000,0.017041
2025-05-01T14:14:48.680000,0.001004
2025-05-01T14:14:48.690000,0.007745
2025-05-01T14:14:48.700000,-0.004211
2025-05-01T14:14:48.710000,-0.007464
2025-05-01T14:14:48.720000,-0.008680
2025-05-01T14:14:48.730000,-0.005412
2025-05-01T14:14:48.740000,0.015518
2025-05-01T14:14:48.750000,-0.011662
2025-05-01T14:14:48.760000,0.005921
2025-05-01T14:14:48.770000,0.005404
2025-05-01T14:14:48.780000,0.002667
2025-05-01T14:14:48.790000,0.017446
2025-05-01T14:14:48.800000,0.005654
2025-05-01T14:14:48.810000,0.000669
2025-05-01T14:14:48.820000,-0.003742
2025-05-01T14:14:48.830000,-0.006740
2025-05-01T14:14:48.840000,-0.001536
2025-05-01T14:14:48.850000,0.015625
2025-05-01T14:14:48.860000,-0.003405
2025-05-01T14:14:48.870000,-0.020840
2025-05-01T14:14:48.880000,-0.001539
2025-05-01T14:14:48.890000,-0.011019
2025-05-01T14:14:48.900000,-0.001263
2025-05-01T14:14:48.910000,0.002865
2025-05-01T14:14:48.920000,0.002441
2025-05-01T14:14:48.930000,0.007255
2025-05-01T14:14:48.940000,0.012496
2025-05-01T14:14:48.950000,0.015354
2025-05-01T14:14:48.960000,-0.003120
2025-05-01T14:14:48.970000,0.010528
2025-05-01T14:14:48.980000,-0.006917
2025-05-01T14:14:48.990000,-0.012907
2025-05-01T14:14:49,0.003505
2025-05-01T14:14:49.010000,0.019812
2025-05-01T14:14:49.020000,-0.003412
2025-05-01T14:14:49.030000,0.002141
2025-05-01T14:14:49.040000,-0.018811
2025-05-01T14:14:49.050000,0.017157
2025-05-01T14:14:49.060000,0.010535
2025-05-01T14:14:49.070000,0.003667
2025-05-01T14:14:49.080000,0.004736
2025-05-01T14:14:49.090000,-0.003849
2025-05-01T14:14:49.100000,0.009315
2025-05-01T14:14:49.110000,-0.009538
2025-05-01T14:14:49.120000,-0.009350
2025-05-01T14:14:49.130000,-0.017784
2025-05-01T14:14:49.140000,-0.013746
2025-05-01T14:14:49.150000,-0.010546
2025-05-01T14:14:49.160000,-0.008898
2025-05-01T14:14:49.170000,-0.009486
2025-05-01T14:14:49.180000,-0.000475
2025-05-01T14:14:49.190000,-0.003694
2025-05-01T14:14:49.200000,0.002001
2025-05-01T14:14:49.210000,-0.010467
2025-05-01T14:14:49.220000,0.020177
2025-05-01T14:14:49.230000,-0.000704
2025-05-01T14:14:49.240000,-0.014674
2025-05-01T14:14:49.250000,0.004006
2025-05-01T14:14:49.260000,0.020533
2025-05-01T14:14:49.270000,0.009689
2025-05-01T14:14:49.280000,-0.020819
2025-05-01T14:14:49.290000,0.014184
2025-05-01T14:14:49.300000,0.009655
2025-05-01T14:14:49.310000,0.009415
2025-05-01T14:14:49.320000,0.005255
2025-05-01T14:14:49.330000,0.008374
2025-05-01T14:14:49.340000,-0.012978
2025-05-01T14:14:49.350000,-0.001752
2025-05-01T14:14:49.360000,-0.001949
2025-05-01T14:14:49.370000,0.003593
2025-05-01T14:14:49.380000,0.011134
2025-05-01T14:14:49.390000,0.006487
2025-05-01T14:14:49.400000,-0.002283
2025-05-01T14:14:49.410000,0.018528
2025-05-01T14:14:49.420000,0.000221
2025-05-01T14:14:49.430000,-0.000473
2025-05-01T14:14:49.440000,-0.016185
2025-05-01T14:14:49.450000,-0.001649
2025-05-01T14:14:49.460000,0.011591
2025-05-01T14:14:49.470000,0.001747
2025-05-01T14:14:49.480000,-0.011760
2025-05-01T14:14:49.490000,-0.002027
2025-05-01T14:14:49.500000,0.013370
2025-05-01T14:14:49.510000,-0.005293
2025-05-01T14:14:49.520000,0.000544
2025-05-01T14:14:49.530000,0.001558
2025-05-01T14:14:49.540000,0.011835
2025-05-01T14:14:49.550000,-0.015212
2025-05-01T14:14:49.560000,0.011563
2025-05-01T14:14:49.570000,-0.000075
2025-05-01T14:14:49.580000,0.004514
2025-05-01T14:14:49.590000,-0.008054
2025-05-01T14:14:49.600000,0.010644
2025-05-01T14:14:49.610000,-0.001251
2025-05-01T14:14:49.620000,-0.006558
2025-05-01T14:14:49.630000,0.003605
2025-05-01T14:14:49.640000,0.003274
2025-05-01T14:14:49.650000,0.006517
2025-05-01T14:14:49.660000,-0.001236
2025-05-01T14:14:49.670000,0.009083
2025-05-01T14:14:49.680000,0.000795
2025-05-01T14:14:49.690000,-0.004553
2025-05-01T14:14:49.700000,-0.000255
2025-05-01T14:14:49.710000,-0.004652
2025-05-01T14:14:49.720000,0.005997
2025-05-01T14:14:49.730000,0.015152
2025-05-01T14:14:49.740000,-0.005503
2025-05-01T14:14:49.750000,-0.012282
2025-05-01T14:14:49.760000,-0.000672
2025-05-01T14:14:49.770000,0.006070
2025-05-01T14:14:49.780000,-0.004442
2025-05-01T14:14:49.790000,-0.000651
2025-05-01T14:14:49.800000,0.003816
2025-05-01T14:14:49.810000,-0.021554
2025-05-01T14:14:49.820000,-0.007102
2025-05-01T14:14:49.830000,-0.001518
2025-05-01T14:14:49.840000,0.006079
2025-05-01T14:14:49.850000,0.006786
2025-05-01T14:14:49.860000,-0.014300
2025-05-01T14:14:49.870000,-0.010988
2025-05-01T14:14:49.880000,0.008562
2025-05-01T14:14:49.890000,0.008223
2025-05-01T14:14:49.900000,0.003318
2025-05-01T14:14:49.910000,-0.009152
2025-05-01T14:14:49.920000,0.003218
2025-05-01T14:14:49.930000,-0.009509
2025-05-01T14:14:49.940000,-0.010149
2025-05-01T14:14:49.950000,0.010045
2025-05-01T14:14:49.960000,-0.005916
2025-05-01T14:14:49.970000,-0.008140
2025-05-01T14:14:49.980000,0.004220
2025-05-01T14:14:49.990000,-0.003211
2025-05-01T14:14:50,-0.010978
2025-05-01T14:14:50.010000,0.009734
2025-05-01T14:14:50.020000,0.002411
2025-05-01T14:14:50.030000,-0.004709
2025-05-01T14:14:50.040000,-0.006344
2025-05-01T14:14:50.050000,-0.001285
2025-05-01T14:14:50.060000,0.010081
2025-05-01T14:14:50.070000,-0.008074
2025-05-01T14:14:50.080000,0.008304
2025-05-01T14:14:50.090000,-0.001066
2025-05-01T14:14:50.100000,-0.008244
2025-05-01T14:14:50.110000,-0.008540
2025-05-01T14:14:50.120000,0.007371
2025-05-01T14:14:50.130000,-0.004430
2025-05-01T14:14:50.140000,0.002285
2025-05-01T14:14:50.150000,0.010181
2025-05-01T14:14:50.160000,0.016233
2025-05-01T14:14:50.170000,-0.006661
2025-05-01T14:14:50.180000,0.003677
2025-05-01T14:14:50.190000,-0.003883
2025-05-01T14:14:50.200000,0.011922
2025-05-01T14:14:50.210000,-0.000854
2025-05-01T14:14:50.220000,0.003823
2025-05-01T14:14:50.230000,0.003121
2025-05-01T14:14:50.240000,-0.013695
2025-05-01T14:14:50.250000,0.010849
2025-05-01T14:14:50.260000,0.004208
2025-05-01T14:14:50.270000,0.009656
2025-05-01T14:14:50.280000,-0.008423
2025-05-01T14:14:50.290000,-0.008706
2025-05-01T14:14:50.300000,0.000900
2025-05-01T14:14:50.310000,-0.003766
2025-05-01T14:14:50.320000,-0.004541
2025-05-01T14:14:50.330000,-0.008623
2025-05-01T14:14:50.340000,-0.000271
2025-05-01T14:14:50.350000,0.000123
2025-05-01T14:14:50.360000,-0.005535
2025-05-01T14:14:50.370000,-0.005483
2025-05-01T14:14:50.380000,0.007624
2025-05-01T14:14:50.390000,0.007571
2025-05-01T14:14:50.400000,0.013145
2025-05-01T14:14:50.410000,-0.002782
2025-05-01T14:14:50.420000,-0.011270
2025-05-01T14:14:50.430000,0.013976
2025-05-01T14:14:50.440000,0.002631
2025-05-01T14:14:50.450000,-0.016871
2025-05-01T14:14:50.460000,0.011911
2025-05-01T14:14:50.470000,0.018239
2025-05-01T14:14:50.480000,0.019810
2025-05-01T14:14:50.490000,-0.006162
2025-05-01T14:14:50.500000,-0.006679
2025-05-01T14:14:50.510000,-0.002606
2025-05-01T14:14:50.520000,-0.001988
2025-05-01T14:14:50.530000,0.007464
2025-05-01T14:14:50.540000,0.004907
2025-05-01T14:14:50.550000,-0.002227
2025-05-01T14:14:50.560000,-0.001186
2025-05-01T14:14:50.570000,0.006120
2025-05-01T14:14:50.580000,0.002738
2025-05-01T14:14:50.590000,0.005970
2025-05-01T14:14:50.600000,0.010936
2025-05-01T14:14:50.610000,0.003343
2025-05-01T14:14:50.620000,-0.005596
2025-05-01T14:14:50.630000,0.003029
2025-05-01T14:14:50.640000,-0.001967
2025-05-01T14:14:50.650000,-0.019480
2025-05-01T14:14:50.660000,0.006713
2025-05-01T14:14:50.670000,-0.002388
2025-05-01T14:14:50.680000,0.016849
2025-05-01T14:14:50.690000,0.005239
2025-05-01T14:14:50.700000,0.009934
2025-05-01T14:14:50.710000,0.010608
2025-05-01T14:14:50.720000,0.010651
2025-05-01T14:14:50.730000,0.000531
2025-05-01T14:14:50.740000,-0.011541
2025-05-01T14:14:50.750000,-0.007653
2025-05-01T14:14:50.760000,-0.008107
2025-05-01T14:14:50.770000,-0.003870
2025-05-01T14:14:50.780000,-0.008179
2025-05-01T14:14:50.790000,0.015979
2025-05-01T14:14:50.800000,-0.008614
2025-05-01T14:14:50.810000,0.001485
2025-05-01T14:14:50.820000,0.002090
2025-05-01T14:14:50.830000,-0.007729
2025-05-01T14:14:50.840000,-0.002467
2025-05-01T14:14:50.850000,0.010393
2025-05-01T14:14:50.860000,0.002458
2025-05-01T14:14:50.870000,0.011556
2025-05-01T14:14:50.880000,-0.003904
2025-05-01T14:14:50.890000,0.019080
2025-05-01T14:14:50.900000,0.003701
2025-05-01T14:14:50.910000,0.016712
2025-05-01T14:14:50.920000,-0.006798
2025-05-01T14:14:50.930000,-0.003183
2025-05-01T14:14:50.940000,0.000384
2025-05-01T14:14:50.950000,-0.013730
2025-05-01T14:14:50.960000,-0.005989
2025-05-01T14:14:50.970000,-0.000098
2025-05-01T14:14:50.980000,-0.009135
2025-05-01T14:14:50.990000,-0.011085
2025-05-01T14:14:51,-0.000474
2025-05-01T14:14:51.010000,0.013332
2025-05-01T14:14:51.020000,0.010011
2025-05-01T14:14:51.030000,-0.000323
2025-05-01T14:14:51.040000,0.011899
2025-05-01T14:14:51.050000,0.010459
2025-05-01T14:14:51.060000,-0.005086
2025-05-01T14:14:51.070000,-0.008021
2025-05-01T14:14:51.080000,0.007137
2025-05-01T14:14:51.090000,-0.002551
2025-05-01T14:14:51.100000,-0.003400
2025-05-01T14:14:51.110000,0.009506
2025-05-01T14:14:51.120000,-0.019669
2025-05-01T14:14:51.130000,-0.000962
2025-05-01T14:14:51.140000,0.007058
2025-05-01T14:14:51.150000,0.015234
2025-05-01T14:14:51.160000,-0.009122
2025-05-01T14:14:51.170000,0.003060
2025-05-01T14:14:51.180000,-0.018591
2025-05-01T14:14:51.190000,-0.001643
2025-05-01T14:14:51.200000,-0.014150
2025-05-01T14:14:51.210000,-0.006618
2025-05-01T14:14:51.220000,0.000785
2025-05-01T14:14:51.230000,0.008245
2025-05-01T14:14:51.240000,0.000527
2025-05-01T14:14:51.250000,-0.002733
2025-05-01T14:14:51.260000,0.004521
2025-05-01T14:14:51.270000,0.007173
2025-05-01T14:14:51.280000,-0.006438
2025-05-01T14:14:51.290000,-0.003239
2025-05-01T14:14:51.300000,0.004357
2025-05-01T14:14:51.310000,0.018126
2025-05-01T14:14:51.320000,-0.002912
2025-05-01T14:14:51.330000,0.002240
2025-05-01T14:14:51.340000,0.001370
2025-05-01T14:14:51.350000,-0.008904
2025-05-01T14:14:51.360000,-0.014205
2025-05-01T14:14:51.370000,-0.021520
2025-05-01T14:14:51.380000,-0.006812
2025-05-01T14:14:51.390000,-0.008363
2025-05-01T14:14:51.400000,0.003148
2025-05-01T14:14:51.410000,0.011137
2025-05-01T14:14:51.420000,0.009730
2025-05-01T14:14:51.430000,-0.015245
2025-05-01T14:14:51.440000,-0.007478
2025-05-01T14:14:51.450000,-0.006460
2025-05-01T14:14:51.460000,0.008179
2025-05-01T14:14:51.470000,-0.009185
2025-05-01T14:14:51.480000,-0.004795
2025-05-01T14:14:51.490000,-0.018392
2025-05-01T14:14:51.500000,0.004742
2025-05-01T14:14:51.510000,0.004773
2025-05-01T14:14:51.520000,0.010881
2025-05-01T14:14:51.530000,0.013027
2025-05-01T14:14:51.540000,0.008877
2025-05-01T14:14:51.550000,0.001479
2025-05-01T14:14:51.560000,0.010347
2025-05-01T14:14:51.570000,0.013608
2025-05-01T14:14:51.580000,-0.005543
2025-05-01T14:14:51.590000,0.011012
2025-05-01T14:14:51.600000,-0.013914
2025-05-01T14:14:51.610000,-0.006215
2025-05-01T14:14:51.620000,0.003961
2025-05-01T14:14:51.630000,-0.002627
2025-05-01T14:14:51.640000,0.016002
2025-05-01T14:14:51.650000,-0.005550
2025-05-01T14:14:51.660000,0.011207
2025-05-01T14:14:51.670000,0.007272
2025-05-01T14:14:51.680000,-0.005258
2025-05-01T14:14:51.690000,-0.007284
2025-05-01T14:14:51.700000,0.005629
2025-05-01T14:14:51.710000,0.001289
2025-05-01T14:14:51.720000,0.003817
2025-05-01T14:14:51.730000,-0.001789
2025-05-01T14:14:51.740000,-0.017312
2025-05-01T14:14:51.750000,-0.007590
2025-05-01T14:14:51.760000,0.001480
2025-05-01T14:14:51.770000,0.002764
2025-05-01T14:14:51.780000,-0.007739
2025-05-01T14:14:51.790000,-0.004753
2025-05-01T14:14:51.800000,0.005694
2025-05-01T14:14:51.810000,0.009726
2025-05-01T14:14:51.820000,-0.006195
2025-05-01T14:14:51.830000,-0.002125
2025-05-01T14:14:51.840000,-0.005165
2025-05-01T14:14:51.850000,0.005225
2025-05-01T14:14:51.860000,-0.019607
2025-05-01T14:14:51.870000,0.010403
2025-05-01T14:14:51.880000,0.003458
2025-05-01T14:14:51.890000,0.008655
2025-05-01T14:14:51.900000,0.005452
2025-05-01T14:14:51.910000,-0.004479
2025-05-01T14:14:51.920000,-0.004678
2025-05-01T14:14:51.930000,-0.009457
2025-05-01T14:14:51.940000,-0.006126
2025-05-01T14:14:51.950000,-0.016993
2025-05-01T14:14:51.960000,0.009307
2025-05-01T14:14:51.970000,0.007589
2025-05-01T14:14:51.980000,0.009603
2025-05-01T14:14:51.990000,-0.011071
2025-05-01T14:14:52,0.002653
2025-05-01T14:14:52.010000,0.007378
2025-05-01T14:14:52.020000,0.008854
2025-05-01T14:14:52.030000,0.011439
2025-05-01T14:14:52.040000,0.005013
2025-05-01T14:14:52.050000,0.005174
2025-05-01T14:14:52.060000,0.012641
2025-05-01T14:14:52.070000,0.003447
2025-05-01T14:14:52.080000,0.005686
2025-05-01T14:14:52.090000,0.005518
2025-05-01T14:14:52.100000,0.007060
2025-05-01T14:14:52.110000,0.002421
2025-05-01T14:14:52.120000,0.003169
2025-05-01T14:14:52.130000,0.012787
2025-05-01T14:14:52.140000,0.000005
2025-05-01T14:14:52.150000,-0.004403
2025-05-01T14:14:52.160000,0.018295
2025-05-01T14:14:52.170000,-0.002762
2025-05-01T14:14:52.180000,0.009897
2025-05-01T14:14:52.190000,-0.017533
2025-05-01T14:14:52.200000,-0.009676
2025-05-01T14:14:52.210000,-0.002115
2025-05-01T14:14:52.220000,-0.000455
2025-05-01T14:14:52.230000,-0.013539
2025-05-01T14:14:52.240000,-0.003792
2025-05-01T14:14:52.250000,0.003429
2025-05-01T14:14:52.260000,0.007056
2025-05-01T14:14:52.270000,0.013495
2025-05-01T14:14:52.280000,-0.006623
2025-05-01T14:14:52.290000,-0.023468
2025-05-01T14:14:52.300000,-0.005654
2025-05-01T14:14:52.310000,0.008951
2025-05-01T14:14:52.320000,-0.003298
2025-05-01T14:14:52.330000,-0.003795
2025-05-01T14:14:52.340000,0.000384
2025-05-01T14:14:52.350000,-0.005481
2025-05-01T14:14:52.360000,0.009416
2025-05-01T14:14:52.370000,0.010161
2025-05-01T14:14:52.380000,0.008320
2025-05-01T14:14:52.390000,-0.005418
2025-05-01T14:14:52.400000,-0.001456
2025-05-01T14:14:52.410000,0.001794
2025-05-01T14:14:52.420000,0.002582
2025-05-01T14:14:52.430000,0.021162
2025-05-01T14:14:52.440000,0.003692
2025-05-01T14:14:52.450000,0.022238
2025-05-01T14:14:52.460000,0.006538
2025-05-01T14:14:52.470000,0.010240
2025-05-01T14:14:52.480000,-0.019766
2025-05-01T14:14:52.490000,-0.011796
2025-05-01T14:14:52.500000,0.001663
2025-05-01T14:14:52.510000,-0.003378
2025-05-01T14:14:52.520000,-0.002455
2025-05-01T14:14:52.530000,0.009957
2025-05-01T14:14:52.540000,0.006279
2025-05-01T14:14:52.550000,0.019035
2025-05-01T14:14:52.560000,-0.002987
2025-05-01T14:14:52.570000,0.007916
2025-05-01T14:14:52.580000,-0.018847
2025-05-01T14:14:52.590000,0.006926
2025-05-01T14:14:52.600000,-0.000327
2025-05-01T14:14:52.610000,-0.005493
2025-05-01T14:14:52.620000,-0.005168
2025-05-01T14:14:52.630000,0.012298
2025-05-01T14:14:52.640000,-0.009782
2025-05-01T14:14:52.650000,0.006881
2025-05-01T14:14:52.660000,0.013274
2025-05-01T14:14:52.670000,0.015054
2025-05-01T14:14:52.680000,0.003908
2025-05-01T14:14:52.690000,0.011236
2025-05-01T14:14:52.700000,-0.006854
2025-05-01T14:14:52.710000,-0.005072
2025-05-01T14:14:52.720000,-0.001445
2025-05-01T14:14:52.730000,0.012173
2025-05-01T14:14:52.740000,0.007949
2025-05-01T14:14:52.750000,-0.003615
2025-05-01T14:14:52.760000,0.007287
2025-05-01T14:14:52.770000,0.000456
2025-05-01T14:14:52.780000,0.009691
2025-05-01T14:14:52.790000,-0.001136
2025-05-01T14:14:52.800000,0.007031
2025-05-01T14:14:52.810000,-0.004102
2025-05-01T14:14:52.820000,-0.008005
2025-05-01T14:14:52.830000,0.007011
2025-05-01T14:14:52.840000,0.005307
2025-05-01T14:14:52.850000,-0.012339
2025-05-01T14:14:52.860000,0.002956
2025-05-01T14:14:52.870000,0.002353
2025-05-01T14:14:52.880000,-0.003374
2025-05-01T14:14:52.890000,-0.000151
2025-05-01T14:14:52.900000,0.017977
2025-05-01T14:14:52.910000,0.005516
2025-05-01T14:14:52.920000,-0.002665
2025-05-01T14:14:52.930000,-0.003229
2025-05-01T14:14:52.940000,0.010147
2025-05-01T14:14:52.950000,-0.011644
2025-05-01T14:14:52.960000,0.000413
2025-05-01T14:14:52.970000,-0.003043
2025-05-01T14:14:52.980000,-0.009405
2025-05-01T14:14:52.990000,-0.005717
2025-05-01T14:14:53,-0.001045
2025-05-01T14:14:53.010000,0.006884
2025-05-01T14:14:53.020000,0.007987
2025-05-01T14:14:53.030000,-0.005151
2025-05-01T14:14:53.040000,-0.018999
2025-05-01T14:14:53.050000,-0.008003
2025-05-01T14:14:53.060000,-0.008815
2025-05-01T14:14:53.070000,0.011724
2025-05-01T14:14:53.080000,0.009106
2025-05-01T14:14:53.090000,-0.007642
2025-05-01T14:14:53.100000,-0.003897
2025-05-01T14:14:53.110000,0.002207
2025-05-01T14:14:53.120000,-0.007954
2025-05-01T14:14:53.130000,0.005500
2025-05-01T14:14:53.140000,-0.014999
2025-05-01T14:14:53.150000,-0.007273
2025-05-01T14:14:53.160000,0.006453
2025-05-01T14:14:53.170000,0.006536
2025-05-01T14:14:53.180000,0.021140
2025-05-01T14:14:53.190000,0.005272
2025-05-01T14:14:53.200000,-0.009430
2025-05-01T14:14:53.210000,0.000618
2025-05-01T14:14:53.220000,0.003522
2025-05-01T14:14:53.230000,0.009761
2025-05-01T14:14:53.240000,-0.009015
2025-05-01T14:14:53.250000,-0.013637
2025-05-01T14:14:53.260000,0.011139
2025-05-01T14:14:53.270000,-0.011489
2025-05-01T14:14:53.280000,0.007247
2025-05-01T14:14:53.290000,0.011654
2025-05-01T14:14:53.300000,-0.011355
2025-05-01T14:14:53.310000,-0.000003
2025-05-01T14:14:53.320000,0.022862
2025-05-01T14:14:53.330000,-0.003662
2025-05-01T14:14:53.340000,0.016711
2025-05-01T14:14:53.350000,0.010515
2025-05-01T14:14:53.360000,-0.006991
2025-05-01T14:14:53.370000,0.010343
2025-05-01T14:14:53.380000,-0.004312
2025-05-01T14:14:53.390000,-0.003961
2025-05-01T14:14:53.400000,0.020608
2025-05-01T14:14:53.410000,0.012408
2025-05-01T14:14:53.420000,0.010979
2025-05-01T14:14:53.430000,0.010432
2025-05-01T14:14:53.440000,-0.009439
2025-05-01T14:14:53.450000,0.006899
2025-05-01T14:14:53.460000,-0.002352
2025-05-01T14:14:53.470000,0.004396
2025-05-01T14:14:53.480000,-0.002619
2025-05-01T14:14:53.490000,-0.020771
2025-05-01T14:14:53.500000,-0.005100
2025-05-01T14:14:53.510000,0.004721
2025-05-01T14:14:53.520000,-0.007182
2025-05-01T14:14:53.530000,-0.015474
2025-05-01T14:14:53.540000,-0.005052
2025-05-01T14:14:53.550000,0.000548
2025-05-01T14:14:53.560000,-0.011810
2025-05-01T14:14:53.570000,-0.005163
2025-05-01T14:14:53.580000,-0.000476
2025-05-01T14:14:53.590000,-0.001398
2025-05-01T14:14:53.600000,-0.010887
2025-05-01T14:14:53.610000,-0.008015
2025-05-01T14:14:53.620000,0.004079
2025-05-01T14:14:53.630000,-0.003164
2025-05-01T14:14:53.640000,0.010001
2025-05-01T14:14:53.650000,-0.002276
2025-05-01T14:14:53.660000,-0.005376
2025-05-01T14:14:53.670000,0.004889
2025-05-01T14:14:53.680000,-0.011231
2025-05-01T14:14:53.690000,-0.006240
2025-05-01T14:14:53.700000,0.009005
2025-05-01T14:14:53.710000,-0.016637
2025-05-01T14:14:53.720000,-0.012517
2025-05-01T14:14:53.730000,-0.013264
2025-05-01T14:14:53.740000,-0.021972
2025-05-01T14:14:53.750000,-0.016943
2025-05-01T14:14:53.760000,-0.002249
2025-05-01T14:14:53.770000,0.004066
2025-05-01T14:14:53.780000,-0.004119
2025-05-01T14:14:53.790000,-0.019953
2025-05-01T14:14:53.800000,-0.009924
2025-05-01T14:14:53.810000,0.009585
2025-05-01T14:14:53.820000,0.013622
2025-05-01T14:14:53.830000,-0.017878
2025-05-01T14:14:53.840000,-0.000297
2025-05-01T14:14:53.850000,-0.005534
2025-05-01T14:14:53.860000,0.006021
2025-05-01T14:14:53.870000,0.000856
2025-05-01T14:14:53.880000,0.006015
2025-05-01T14:14:53.890000,-0.014195
2025-05-01T14:14:53.900000,-0.011715
2025-05-01T14:14:53.910000,-0.007639
2025-05-01T14:14:53.920000,-0.019042
2025-05-01T14:14:53.930000,-0.025278
2025-05-01T14:14:53.940000,-0.018329
2025-05-01T14:14:53.950000,0.005451
2025-05-01T14:14:53.960000,0.030203
2025-05-01T14:14:53.970000,-0.000207
2025-05-01T14:14:53.980000,0.012103
2025-05-01T14:14:53.990000,0.000718
2025-05-01T14:14:54,-0.031118
2025-05-01T14:14:54.010000,-0.005834
2025-05-01T14:14:54.020000,0.006927
2025-05-01T14:14:54.030000,0.002503
2025-05-01T14:14:54.040000,-0.005262
2025-05-01T14:14:54.050000,0.015186
2025-05-01T14:14:54.060000,-0.003903
2025-05-01T14:14:54.070000,-0.006953
2025-05-01T14:14:54.080000,-0.003143
2025-05-01T14:14:54.090000,-0.009095
2025-05-01T14:14:54.100000,0.001796
2025-05-01T14:14:54.110000,-0.004260
2025-05-01T14:14:54.120000,0.005363
2025-05-01T14:14:54.130000,0.000123
2025-05-01T14:14:54.140000,0.019617
2025-05-01T14:14:54.150000,0.006810
2025-05-01T14:14:54.160000,0.001715
2025-05-01T14:14:54.170000,0.000907
2025-05-01T14:14:54.180000,-0.009562
2025-05-01T14:14:54.190000,-0.019905
2025-05-01T14:14:54.200000,0.019880
2025-05-01T14:14:54.210000,0.003590
2025-05-01T14:14:54.220000,-0.004938
2025-05-01T14:14:54.230000,-0.002391
2025-05-01T14:14:54.240000,0.010667
2025-05-01T14:14:54.250000,-0.012336
2025-05-01T14:14:54.260000,0.006294
2025-05-01T14:14:54.270000,0.000380
2025-05-01T14:14:54.280000,-0.002335
2025-05-01T14:14:54.290000,0.000623
2025-05-01T14:14:54.300000,0.003896
2025-05-01T14:14:54.310000,0.018174
2025-05-01T14:14:54.320000,0.012634
2025-05-01T14:14:54.330000,-0.014088
2025-05-01T14:14:54.340000,-0.006304
2025-05-01T14:14:54.350000,0.012045
2025-05-01T14:14:54.360000,0.008605
2025-05-01T14:14:54.370000,0.021082
2025-05-01T14:14:54.380000,0.003306
2025-05-01T14:14:54.390000,0.008593
2025-05-01T14:14:54.400000,0.015410
2025-05-01T14:14:54.410000,-0.003433
2025-05-01T14:14:54.420000,-0.006400
2025-05-01T14:14:54.430000,-0.002419
2025-05-01T14:14:54.440000,0.015412
2025-05-01T14:14:54.450000,0.011844
2025-05-01T14:14:54.460000,0.004717
2025-05-01T14:14:54.470000,-0.005861
2025-05-01T14:14:54.480000,0.014981
2025-05-01T14:14:54.490000,0.006216
2025-05-01T14:14:54.500000,0.004906
2025-05-01T14:14:54.510000,0.015726
2025-05-01T14:14:54.520000,-0.012202
2025-05-01T14:14:54.530000,-0.011486
2025-05-01T14:14:54.540000,0.019931
2025-05-01T14:14:54.550000,-0.008353
2025-05-01T14:14:54.560000,0.007954
2025-05-01T14:14:54.570000,-0.004850
2025-05-01T14:14:54.580000,0.018096
2025-05-01T14:14:54.590000,-0.009763
2025-05-01T14:14:54.600000,-0.003703
2025-05-01T14:14:54.610000,-0.020721
2025-05-01T14:14:54.620000,-0.006074
2025-05-01T14:14:54.630000,0.006002
2025-05-01T14:14:54.640000,0.011928
2025-05-01T14:14:54.650000,0.005996
2025-05-01T14:14:54.660000,0.003805
2025-05-01T14:14:54.670000,0.015364
2025-05-01T14:14:54.680000,-0.002204
2025-05-01T14:14:54.690000,0.012201
2025-05-01T14:14:54.700000,-0.006509
2025-05-01T14:14:54.710000,-0.006754
2025-05-01T14:14:54.720000,-0.006388
2025-05-01T14:14:54.730000,-0.016787
2025-05-01T14:14:54.740000,-0.001250
2025-05-01T14:14:54.750000,-0.000962
2025-05-01T14:14:54.760000,-0.005850
2025-05-01T14:14:54.770000,0.005934
2025-05-01T14:14:54.780000,-0.003432
2025-05-01T14:14:54.790000,0.004796
2025-05-01T14:14:54.800000,-0.008243
2025-05-01T14:14:54.810000,0.017006
2025-05-01T14:14:54.820000,-0.004936
2025-05-01T14:14:54.830000,-0.001565
2025-05-01T14:14:54.840000,0.009330
2025-05-01T14:14:54.850000,0.010425
2025-05-01T14:14:54.860000,0.018854
2025-05-01T14:14:54.870000,-0.004543
2025-05-01T14:14:54.880000,-0.014044
2025-05-01T14:14:54.890000,-0.012065
2025-05-01T14:14:54.900000,-0.008711
2025-05-01T14:14:54.910000,-0.021263
2025-05-01T14:14:54.920000,0.008850
2025-05-01T14:14:54.930000,0.006878
2025-05-01T14:14:54.940000,-0.005409
2025-05-01T14:14:54.950000,0.001091
2025-05-01T14:14:54.960000,-0.007053
2025-05-01T14:14:54.970000,-0.002811
2025-05-01T14:14:54.980000,-0.014954
2025-05-01T14:14:54.990000,0.008309
2025-05-01T14:14:55,0.002135
2025-05-01T14:14:55.010000,-0.009836
2025-05-01T14:14:55.020000,-0.011805
2025-05-01T14:14:55.030000,0.007035
2025-05-01T14:14:55.040000,0.012968
2025-05-01T14:14:55.050000,-0.001543
2025-05-01T14:14:55.060000,0.003228
2025-05-01T14:14:55.070000,-0.002053
2025-05-01T14:14:55.080000,0.016785
2025-05-01T14:14:55.090000,-0.013708
2025-05-01T14:14:55.100000,-0.011076
2025-05-01T14:14:55.110000,0.017706
2025-05-01T14:14:55.120000,0.002150
2025-05-01T14:14:55.130000,0.019434
2025-05-01T14:14:55.140000,-0.006803
2025-05-01T14:14:55.150000,0.007327
2025-05-01T14:14:55.160000,0.008232
2025-05-01T14:14:55.170000,-0.005674
2025-05-01T14:14:55.180000,-0.007533
2025-05-01T14:14:55.190000,0.003538
2025-05-01T14:14:55.200000,0.010742
2025-05-01T14:14:55.210000,-0.000381
2025-05-01T14:14:55.220000,0.003465
2025-05-01T14:14:55.230000,0.001437
2025-05-01T14:14:55.240000,-0.022948
2025-05-01T14:14:55.250000,0.008346
2025-05-01T14:14:55.260000,0.012811
2025-05-01T14:14:55.270000,0.014514
2025-05-01T14:14:55.280000,0.003226
2025-05-01T14:14:55.290000,-0.000906
2025-05-01T14:14:55.300000,-0.007713
2025-05-01T14:14:55.310000,-0.009191
2025-05-01T14:14:55.320000,0.010989
2025-05-01T14:14:55.330000,-0.014744
2025-05-01T14:14:55.340000,-0.003623
2025-05-01T14:14:55.350000,-0.013234
2025-05-01T14:14:55.360000,0.002145
2025-05-01T14:14:55.370000,-0.005097
2025-05-01T14:14:55.380000,0.017759
2025-05-01T14:14:55.390000,0.003678
2025-05-01T14:14:55.400000,-0.007622
2025-05-01T14:14:55.410000,0.006332
2025-05-01T14:14:55.420000,-0.002447
2025-05-01T14:14:55.430000,0.006385
2025-05-01T14:14:55.440000,-0.018376
2025-05-01T14:14:55.450000,0.015434
2025-05-01T14:14:55.460000,-0.003205
2025-05-01T14:14:55.470000,0.008524
2025-05-01T14:14:55.480000,0.012159
2025-05-01T14:14:55.490000,0.018494
2025-05-01T14:14:55.500000,0.007720
2025-05-01T14:14:55.510000,0.005490
2025-05-01T14:14:55.520000,-0.012721
2025-05-01T14:14:55.530000,-0.006221
2025-05-01T14:14:55.540000,-0.007948
2025-05-01T14:14:55.550000,-0.004166
2025-05-01T14:14:55.560000,-0.004133
2025-05-01T14:14:55.570000,-0.018739
2025-05-01T14:14:55.580000,0.006977
2025-05-01T14:14:55.590000,0.019507
2025-05-01T14:14:55.600000,-0.014173
2025-05-01T14:14:55.610000,-0.003012
2025-05-01T14:14:55.620000,0.004494
2025-05-01T14:14:55.630000,-0.004116
2025-05-01T14:14:55.640000,-0.001602
2025-05-01T14:14:55.650000,0.006862
2025-05-01T14:14:55.660000,0.022839
2025-05-01T14:14:55.670000,-0.018042
2025-05-01T14:14:55.680000,-0.004512
2025-05-01T14:14:55.690000,-0.001367
2025-05-01T14:14:55.700000,-0.012457
2025-05-01T14:14:55.710000,-0.011366
2025-05-01T14:14:55.720000,0.008586
2025-05-01T14:14:55.730000,0.001755
2025-05-01T14:14:55.740000,0.016670
2025-05-01T14:14:55.750000,-0.005880
2025-05-01T14:14:55.760000,0.007873
2025-05-01T14:14:55.770000,0.003018
2025-05-01T14:14:55.780000,-0.004622
2025-05-01T14:14:55.790000,0.005276
2025-05-01T14:14:55.800000,-0.014752
2025-05-01T14:14:55.810000,0.006761
2025-05-01T14:14:55.820000,0.001607
2025-05-01T14:14:55.830000,-0.003170
2025-05-01T14:14:55.840000,0.011803
2025-05-01T14:14:55.850000,-0.000486
2025-05-01T14:14:55.860000,0.002220
2025-05-01T14:14:55.870000,0.008148
2025-05-01T14:14:55.880000,-0.005676
2025-05-01T14:14:55.890000,0.006783
2025-05-01T14:14:55.900000,-0.014277
2025-05-01T14:14:55.910000,-0.007775
2025-05-01T14:14:55.920000,0.007223
2025-05-01T14:14:55.930000,0.012177
2025-05-01T14:14:55.940000,0.013188
2025-05-01T14:14:55.950000,0.002251
2025-05-01T14:14:55.960000,-0.001682
2025-05-01T14:14:55.970000,-0.009474
2025-05-01T14:14:55.980000,0.015845
2025-05-01T14:14:55.990000,-0.014062
2025-05-01T14:14:56,0.010012
2025-05-01T14:14:56.010000,0.014480
2025-05-01T14:14:56.020000,-0.000912
2025-05-01T14:14:56.030000,0.000529
2025-05-01T14:14:56.040000,0.005295
2025-05-01T14:14:56.050000,-0.012778
2025-05-01T14:14:56.060000,0.001962
2025-05-01T14:14:56.070000,-0.004334
2025-05-01T14:14:56.080000,-0.000898
2025-05-01T14:14:56.090000,0.006261
2025-05-01T14:14:56.100000,0.011739
2025-05-01T14:14:56.110000,0.009673
2025-05-01T14:14:56.120000,-0.003756
2025-05-01T14:14:56.130000,0.001695
2025-05-01T14:14:56.140000,-0.013684
2025-05-01T14:14:56.150000,0.015338
2025-05-01T14:14:56.160000,-0.006830
2025-05-01T14:14:56.170000,0.004745
2025-05-01T14:14:56.180000,-0.000406
2025-05-01T14:14:56.190000,-0.021125
2025-05-01T14:14:56.200000,0.007798
2025-05-01T14:14:56.210000,-0.014671
2025-05-01T14:14:56.220000,-0.007088
2025-05-01T14:14:56.230000,0.009478
2025-05-01T14:14:56.240000,0.001840
2025-05-01T14:14:56.250000,-0.017421
2025-05-01T14:14:56.260000,0.011394
2025-05-01T14:14:56.270000,0.010464
2025-05-01T14:14:56.280000,-0.020413
2025-05-01T14:14:56.290000,-0.005007
2025-05-01T14:14:56.300000,0.009260
2025-05-01T14:14:56.310000,0.009613
2025-05-01T14:14:56.320000,0.019992
2025-05-01T14:14:56.330000,0.007680
2025-05-01T14:14:56.340000,0.024066
2025-05-01T14:14:56.350000,-0.011533
2025-05-01T14:14:56.360000,0.004838
2025-05-01T14:14:56.370000,0.002450
2025-05-01T14:14:56.380000,-0.003645
2025-05-01T14:14:56.390000,-0.011478
2025-05-01T14:14:56.400000,0.002345
2025-05-01T14:14:56.410000,-0.006649
2025-05-01T14:14:56.420000,0.005409
2025-05-01T14:14:56.430000,0.010199
2025-05-01T14:14:56.440000,0.006197
2025-05-01T14:14:56.450000,-0.002397
2025-05-01T14:14:56.460000,-0.000538
2025-05-01T14:14:56.470000,-0.004351
2025-05-01T14:14:56.480000,-0.009665
2025-05-01T14:14:56.490000,0.006254
2025-05-01T14:14:56.500000,0.001653
2025-05-01T14:14:56.510000,-0.001698
2025-05-01T14:14:56.520000,-0.013171
2025-05-01T14:14:56.530000,-0.005903
2025-05-01T14:14:56.540000,0.001548
2025-05-01T14:14:56.550000,-0.000342
2025-05-01T14:14:56.560000,0.014619
2025-05-01T14:14:56.570000,-0.017399
2025-05-01T14:14:56.580000,0.010071
2025-05-01T14:14:56.590000,-0.014500
2025-05-01T14:14:56.600000,0.001431
2025-05-01T14:14:56.610000,0.011082
2025-05-01T14:14:56.620000,-0.005421
2025-05-01T14:14:56.630000,0.015621
2025-05-01T14:14:56.640000,-0.005152
2025-05-01T14:14:56.650000,-0.012271
2025-05-01T14:14:56.660000,-0.001408
2025-05-01T14:14:56.670000,0.003015
2025-05-01T14:14:56.680000,0.000579
2025-05-01T14:14:56.690000,0.010730
2025-05-01T14:14:56.700000,0.000650
2025-05-01T14:14:56.710000,-0.003293
2025-05-01T14:14:56.720000,-0.004797
2025-05-01T14:14:56.730000,-0.011213
2025-05-01T14:14:56.740000,-0.000152
2025-05-01T14:14:56.750000,0.005244
2025-05-01T14:14:56.760000,0.009951
2025-05-01T14:14:56.770000,-0.005234
2025-05-01T14:14:56.780000,-0.006905
2025-05-01T14:14:56.790000,0.003253
2025-05-01T14:14:56.800000,-0.017637
2025-05-01T14:14:56.810000,0.008027
2025-05-01T14:14:56.820000,-0.003330
2025-05-01T14:14:56.830000,-0.001208
2025-05-01T14:14:56.840000,0.008347
2025-05-01T14:14:56.850000,-0.018688
2025-05-01T14:14:56.860000,0.004653
2025-05-01T14:14:56.870000,0.003697
2025-05-01T14:14:56.880000,-0.002223
2025-05-01T14:14:56.890000,-0.001685
2025-05-01T14:14:56.900000,-0.005868
2025-05-01T14:14:56.910000,0.004833
2025-05-01T14:14:56.920000,-0.000900
2025-05-01T14:14:56.930000,0.012935
2025-05-01T14:14:56.940000,0.012930
2025-05-01T14:14:56.950000,-0.001808
2025-05-01T14:14:56.960000,0.005039
2025-05-01T14:14:56.970000,0.019428
2025-05-01T14:14:56.980000,0.008830
2025-05-01T14:14:56.990000,-0.012930
2025-05-01T14:14:57,-0.006520
2025-05-01T14:14:57.010000,0.008173
2025-05-01T14:14:57.020000,0.010446
2025-05-01T14:14:57.030000,0.008264
2025-05-01T14:14:57.040000,-0.001223
2025-05-01T14:14:57.050000,-0.011893
2025-05-01T14:14:57.060000,0.016804
2025-05-01T14:14:57.070000,-0.006036
2025-05-01T14:14:57.080000,-0.013306
2025-05-01T14:14:57.090000,0.002856
2025-05-01T14:14:57.100000,-0.003294
2025-05-01T14:14:57.110000,0.018536
2025-05-01T14:14:57.120000,-0.002115
2025-05-01T14:14:57.130000,-0.027275
2025-05-01T14:14:57.140000,-0.003824
2025-05-01T14:14:57.150000,0.004160
2025-05-01T14:14:57.160000,-0.032555
2025-05-01T14:14:57.170000,0.000335
2025-05-01T14:14:57.180000,0.007444
2025-05-01T14:14:57.190000,-0.005079
2025-05-01T14:14:57.200000,0.000389
2025-05-01T14:14:57.210000,-0.008916
2025-05-01T14:14:57.220000,0.009051
2025-05-01T14:14:57.230000,-0.009356
2025-05-01T14:14:57.240000,0.021344
2025-05-01T14:14:57.250000,0.009953
2025-05-01T14:14:57.260000,0.013074
2025-05-01T14:14:57.270000,-0.013959
2025-05-01T14:14:57.280000,-0.024974
2025-05-01T14:14:57.290000,0.007757
2025-05-01T14:14:57.300000,0.001346
2025-05-01T14:14:57.310000,0.015060
2025-05-01T14:14:57.320000,-0.013854
2025-05-01T14:14:57.330000,0.013288
2025-05-01T14:14:57.340000,-0.013893
2025-05-01T14:14:57.350000,-0.000459
2025-05-01T14:14:57.360000,0.005656
2025-05-01T14:14:57.370000,-0.016235
2025-05-01T14:14:57.380000,-0.011345
2025-05-01T14:14:57.390000,0.005186
2025-05-01T14:14:57.400000,0.010766
2025-05-01T14:14:57.410000,-0.004208
2025-05-01T14:14:57.420000,0.004142
2025-05-01T14:14:57.430000,-0.002812
2025-05-01T14:14:57.440000,-0.004319
2025-05-01T14:14:57.450000,-0.005124
2025-05-01T14:14:57.460000,0.011178
2025-05-01T14:14:57.470000,0.007204
2025-05-01T14:14:57.480000,0.003992
2025-05-01T14:14:57.490000,0.003648
2025-05-01T14:14:57.500000,-0.020050
2025-05-01T14:14:57.510000,-0.004281
2025-05-01T14:14:57.520000,0.002558
2025-05-01T14:14:57.530000,-0.007803
2025-05-01T14:14:57.540000,0.014672
2025-05-01T14:14:57.550000,0.012916
2025-05-01T14:14:57.560000,-0.014667
2025-05-01T14:14:57.570000,0.017627
2025-05-01T14:14:57.580000,0.019696
2025-05-01T14:14:57.590000,-0.010772
2025-05-01T14:14:57.600000,0.000581
2025-05-01T14:14:57.610000,0.006898
2025-05-01T14:14:57.620000,0.003325
2025-05-01T14:14:57.630000,-0.007642
2025-05-01T14:14:57.640000,0.000072
2025-05-01T14:14:57.650000,0.003628
2025-05-01T14:14:57.660000,0.004884
2025-05-01T14:14:57.670000,0.003301
2025-05-01T14:14:57.680000,0.004922
2025-05-01T14:14:57.690000,-0.007495
2025-05-01T14:14:57.700000,-0.006411
2025-05-01T14:14:57.710000,-0.006725
2025-05-01T14:14:57.720000,0.000184
2025-05-01T14:14:57.730000,-0.017332
2025-05-01T14:14:57.740000,-0.014530
2025-05-01T14:14:57.750000,0.001404
2025-05-01T14:14:57.760000,0.005540
2025-05-01T14:14:57.770000,0.012611
2025-05-01T14:14:57.780000,0.000372
2025-05-01T14:14:57.790000,-0.000741
2025-05-01T14:14:57.800000,-0.002953
2025-05-01T14:14:57.810000,-0.000853
2025-05-01T14:14:57.820000,-0.012123
2025-05-01T14:14:57.830000,-0.009056
2025-05-01T14:14:57.840000,0.010223
2025-05-01T14:14:57.850000,0.004687
2025-05-01T14:14:57.860000,0.004517
2025-05-01T14:14:57.870000,0.010060
2025-05-01T14:14:57.880000,-0.011393
2025-05-01T14:14:57.890000,0.010723
2025-05-01T14:14:57.900000,0.018626
2025-05-01T14:14:57.910000,-0.017109
2025-05-01T14:14:57.920000,0.005800
2025-05-01T14:14:57.930000,0.009224
2025-05-01T14:14:57.940000,-0.000026
2025-05-01T14:14:57.950000,0.014172
2025-05-01T14:14:57.960000,-0.024246
2025-05-01T14:14:57.970000,-0.003199
2025-05-01T14:14:57.980000,-0.001643
2025-05-01T14:14:57.990000,0.012578
2025-05-01T14:14:58,0.007827
2025-05-01T14:14:58.010000,0.009297
2025-05-01T14:14:58.020000,-0.025306
2025-05-01T14:14:58.030000,0.008744
2025-05-01T14:14:58.040000,-0.002003
2025-05-01T14:14:58.050000,-0.010241
2025-05-01T14:14:58.060000,0.002949
2025-05-01T14:14:58.070000,0.004751
2025-05-01T14:14:58.080000,-0.003001
2025-05-01T14:14:58.090000,0.005401
2025-05-01T14:14:58.100000,-0.009306
2025-05-01T14:14:58.110000,0.027061
2025-05-01T14:14:58.120000,-0.005237
2025-05-01T14:14:58.130000,-0.022083
2025-05-01T14:14:58.140000,-0.012045
2025-05-01T14:14:58.150000,0.014462
2025-05-01T14:14:58.160000,0.010144
2025-05-01T14:14:58.170000,-0.003804
2025-05-01T14:14:58.180000,0.005603
2025-05-01T14:14:58.190000,-0.001721
2025-05-01T14:14:58.200000,0.016362
2025-05-01T14:14:58.210000,-0.009514
2025-05-01T14:14:58.220000,0.011016
2025-05-01T14:14:58.230000,-0.002949
2025-05-01T14:14:58.240000,-0.010148
2025-05-01T14:14:58.250000,0.000931
2025-05-01T14:14:58.260000,-0.000986
2025-05-01T14:14:58.270000,-0.002088
2025-05-01T14:14:58.280000,0.001906
2025-05-01T14:14:58.290000,0.015365
2025-05-01T14:14:58.300000,0.004623
2025-05-01T14:14:58.310000,0.005582
2025-05-01T14:14:58.320000,0.010988
2025-05-01T14:14:58.330000,-0.001477
2025-05-01T14:14:58.340000,-0.004102
2025-05-01T14:14:58.350000,0.019082
2025-05-01T14:14:58.360000,-0.005804
2025-05-01T14:14:58.370000,-0.009732
2025-05-01T14:14:58.380000,0.001934
2025-05-01T14:14:58.390000,-0.002179
2025-05-01T14:14:58.400000,0.013521
2025-05-01T14:14:58.410000,-0.000506
2025-05-01T14:14:58.420000,-0.004991
2025-05-01T14:14:58.430000,-0.012922
2025-05-01T14:14:58.440000,-0.018830
2025-05-01T14:14:58.450000,-0.003995
2025-05-01T14:14:58.460000,-0.008019
2025-05-01T14:14:58.470000,0.005774
2025-05-01T14:14:58.480000,0.001411
2025-05-01T14:14:58.490000,0.026731
2025-05-01T14:14:58.500000,-0.014145
2025-05-01T14:14:58.510000,0.008432
2025-05-01T14:14:58.520000,-0.020027
2025-05-01T14:14:58.530000,-0.004790
2025-05-01T14:14:58.540000,0.005675
2025-05-01T14:14:58.550000,0.011589
2025-05-01T14:14:58.560000,-0.020052
2025-05-01T14:14:58.570000,0.004955
2025-05-01T14:14:58.580000,0.000185
2025-05-01T14:14:58.590000,0.000113
2025-05-01T14:14:58.600000,0.011829
2025-05-01T14:14:58.610000,-0.013148
2025-05-01T14:14:58.620000,-0.010464
2025-05-01T14:14:58.630000,0.004521
2025-05-01T14:14:58.640000,0.002726
2025-05-01T14:14:58.650000,-0.000140
2025-05-01T14:14:58.660000,-0.003974
2025-05-01T14:14:58.670000,-0.001098
2025-05-01T14:14:58.680000,-0.011075
2025-05-01T14:14:58.690000,-0.011102
2025-05-01T14:14:58.700000,-0.001347
2025-05-01T14:14:58.710000,-0.000974
2025-05-01T14:14:58.720000,-0.000074
2025-05-01T14:14:58.730000,-0.000181
2025-05-01T14:14:58.740000,-0.035287
2025-05-01T14:14:58.750000,-0.004999
2025-05-01T14:14:58.760000,-0.007746
2025-05-01T14:14:58.770000,-0.004849
2025-05-01T14:14:58.780000,-0.009237
2025-05-01T14:14:58.790000,-0.010268
2025-05-01T14:14:58.800000,0.000962
2025-05-01T14:14:58.810000,0.021216
2025-05-01T14:14:58.820000,0.002811
2025-05-01T14:14:58.830000,-0.002951
2025-05-01T14:14:58.840000,-0.008175
2025-05-01T14:14:58.850000,-0.000786
2025-05-01T14:14:58.860000,-0.007964
2025-05-01T14:14:58.870000,0.006103
2025-05-01T14:14:58.880000,0.012183
2025-05-01T14:14:58.890000,0.000386
2025-05-01T14:14:58.900000,0.006451
2025-05-01T14:14:58.910000,-0.004173
2025-05-01T14:14:58.920000,-0.008663
2025-05-01T14:14:58.930000,-0.003517
2025-05-01T14:14:58.940000,-0.006082
2025-05-01T14:14:58.950000,-0.004948
2025-05-01T14:14:58.960000,-0.005035
2025-05-01T14:14:58.970000,-0.008197
2025-05-01T14:14:58.980000,-0.005410
2025-05-01T14:14:58.990000,0.017944
2025-05-01T14:14:59,0.006527
2025-05-01T14:14:59.010000,0.004784
2025-05-01T14:14:59.020000,-0.020582
2025-05-01T14:14:59.030000,-0.009591
2025-05-01T14:14:59.040000,-0.011189
2025-05-01T14:14:59.050000,0.014997
2025-05-01T14:14:59.060000,-0.000214
2025-05-01T14:14:59.070000,0.001457
2025-05-01T14:14:59.080000,-0.024178
2025-05-01T14:14:59.090000,-0.006884
2025-05-01T14:14:59.100000,0.004830
2025-05-01T14:14:59.110000,-0.009391
2025-05-01T14:14:59.120000,0.001150
2025-05-01T14:14:59.130000,0.003539
2025-05-01T14:14:59.140000,0.010681
2025-05-01T14:14:59.150000,-0.023928
2025-05-01T14:14:59.160000,-0.010121
2025-05-01T14:14:59.170000,0.002274
2025-05-01T14:14:59.180000,-0.005023
2025-05-01T14:14:59.190000,0.000131
2025-05-01T14:14:59.200000,-0.007836
2025-05-01T14:14:59.210000,-0.008432
2025-05-01T14:14:59.220000,0.004163
2025-05-01T14:14:59.230000,-0.002762
2025-05-01T14:14:59.240000,0.003274
2025-05-01T14:14:59.250000,-0.009871
2025-05-01T14:14:59.260000,0.000317
2025-05-01T14:14:59.270000,0.008269
2025-05-01T14:14:59.280000,0.009176
2025-05-01T14:14:59.290000,-0.010429
2025-05-01T14:14:59.300000,0.001484
2025-05-01T14:14:59.310000,-0.004571
2025-05-01T14:14:59.320000,-0.013013
2025-05-01T14:14:59.330000,-0.003402
2025-05-01T14:14:59.340000,-0.014062
2025-05-01T14:14:59.350000,-0.004473
2025-05-01T14:14:59.360000,-0.006425
2025-05-01T14:14:59.370000,0.004948
2025-05-01T14:14:59.380000,0.009480
2025-05-01T14:14:59.390000,0.006463
2025-05-01T14:14:59.400000,0.005271
2025-05-01T14:14:59.410000,0.004998
2025-05-01T14:14:59.420000,0.006384
2025-05-01T14:14:59.430000,-0.025193
2025-05-01T14:14:59.440000,0.006223
2025-05-01T14:14:59.450000,-0.010334
2025-05-01T14:14:59.460000,0.007018
2025-05-01T14:14:59.470000,0.001501
2025-05-01T14:14:59.480000,-0.002562
2025-05-01T14:14:59.490000,0.009841
2025-05-01T14:14:59.500000,-0.003836
2025-05-01T14:14:59.510000,-0.004703
2025-05-01T14:14:59.520000,-0.009942
2025-05-01T14:14:59.530000,-0.013787
2025-05-01T14:14:59.540000,0.019044
2025-05-01T14:14:59.550000,0.007554
2025-05-01T14:14:59.560000,-0.009584
2025-05-01T14:14:59.570000,0.003112
2025-05-01T14:14:59.580000,-0.001850
2025-05-01T14:14:59.590000,0.000656
2025-05-01T14:14:59.600000,0.001863
2025-05-01T14:14:59.610000,-0.004280
2025-05-01T14:14:59.620000,-0.000618
2025-05-01T14:14:59.630000,0.008853
2025-05-01T14:14:59.640000,0.000453
2025-05-01T14:14:59.650000,0.006992
2025-05-01T14:14:59.660000,0.004587
2025-05-01T14:14:59.670000,0.001393
2025-05-01T14:14:59.680000,-0.006985
2025-05-01T14:14:59.690000,0.004401
2025-05-01T14:14:59.700000,-0.004505
2025-05-01T14:14:59.710000,-0.008252
2025-05-01T14:14:59.720000,-0.000075
2025-05-01T14:14:59.730000,-0.006937
2025-05-01T14:14:59.740000,0.009639
2025-05-01T14:14:59.750000,0.000291
2025-05-01T14:14:59.760000,-0.002433
2025-05-01T14:14:59.770000,0.004385
2025-05-01T14:14:59.780000,0.020804
2025-05-01T14:14:59.790000,-0.003041
2025-05-01T14:14:59.800000,-0.003555
2025-05-01T14:14:59.810000,0.009537
2025-05-01T14:14:59.820000,-0.011843
2025-05-01T14:14:59.830000,0.005632
2025-05-01T14:14:59.840000,-0.015327
2025-05-01T14:14:59.850000,-0.022730
2025-05-01T14:14:59.860000,0.000809
2025-05-01T14:14:59.870000,0.012702
2025-05-01T14:14:59.880000,-0.008828
2025-05-01T14:14:59.890000,0.002468
2025-05-01T14:14:59.900000,0.002873
2025-05-01T14:14:59.910000,0.004694
2025-05-01T14:14:59.920000,-0.006822
2025-05-01T14:14:59.930000,0.010836
2025-05-01T14:14:59.940000,-0.005470
2025-05-01T14:14:59.950000,-0.010916
2025-05-01T14:14:59.960000,-0.003975
2025-05-01T14:14:59.970000,-0.005617
2025-05-01T14:14:59.980000,-0.010447
2025-05-01T14:14:59.990000,0.001936
2025-05-01T14:15:00,-0.004462
2025-05-01T14:15:00.010000,-0.011620
2025-05-01T14:15:00.020000,-0.003244
2025-05-01T14:15:00.030000,-0.001799
2025-05-01T14:15:00.040000,-0.004737
2025-05-01T14:15:00.050000,0.016951
2025-05-01T14:15:00.060000,-0.004393
2025-05-01T14:15:00.070000,0.009763
2025-05-01T14:15:00.080000,-0.000427
2025-05-01T14:15:00.090000,0.000399
2025-05-01T14:15:00.100000,0.022232
2025-05-01T14:15:00.110000,0.029075
2025-05-01T14:15:00.120000,0.008496
2025-05-01T14:15:00.130000,-0.001988
2025-05-01T14:15:00.140000,-0.003823
2025-05-01T14:15:00.150000,0.010084
2025-05-01T14:15:00.160000,-0.006661
2025-05-01T14:15:00.170000,-0.010869
2025-05-01T14:15:00.180000,-0.000857
2025-05-01T14:15:00.190000,-0.000774
2025-05-01T14:15:00.200000,-0.018956
2025-05-01T14:15:00.210000,0.027707
2025-05-01T14:15:00.220000,0.003009
2025-05-01T14:15:00.230000,-0.013994
2025-05-01T14:15:00.240000,-0.012327
2025-05-01T14:15:00.250000,-0.004524
2025-05-01T14:15:00.260000,0.004403
2025-05-01T14:15:00.270000,0.002934
2025-05-01T14:15:00.280000,0.009920
2025-05-01T14:15:00.290000,-0.011655
2025-05-01T14:15:00.300000,0.024755
2025-05-01T14:15:00.310000,0.014441
2025-05-01T14:15:00.320000,-0.005441
2025-05-01T14:15:00.330000,-0.001575
2025-05-01T14:15:00.340000,-0.022967
2025-05-01T14:15:00.350000,-0.008583
2025-05-01T14:15:00.360000,-0.003705
2025-05-01T14:15:00.370000,0.001090
2025-05-01T14:15:00.380000,-0.001061
2025-05-01T14:15:00.390000,-0.002512
2025-05-01T14:15:00.400000,-0.010627
2025-05-01T14:15:00.410000,0.000257
2025-05-01T14:15:00.420000,-0.000514
2025-05-01T14:15:00.430000,0.012408
2025-05-01T14:15:00.440000,-0.009541
2025-05-01T14:15:00.450000,0.012937
2025-05-01T14:15:00.460000,-0.009780
2025-05-01T14:15:00.470000,0.000344
2025-05-01T14:15:00.480000,0.015225
2025-05-01T14:15:00.490000,-0.013708
2025-05-01T14:15:00.500000,-0.003637
2025-05-01T14:15:00.510000,-0.003762
2025-05-01T14:15:00.520000,-0.006600
2025-05-01T14:15:00.530000,0.002150
2025-05-01T14:15:00.540000,-0.006257
2025-05-01T14:15:00.550000,-0.001078
2025-05-01T14:15:00.560000,0.002494
2025-05-01T14:15:00.570000,0.014522
2025-05-01T14:15:00.580000,-0.000617
2025-05-01T14:15:00.590000,-0.000873
2025-05-01T14:15:00.600000,0.009619
2025-05-01T14:15:00.610000,-0.008166
2025-05-01T14:15:00.620000,0.000433
2025-05-01T14:15:00.630000,-0.003985
2025-05-01T14:15:00.640000,0.003051
2025-05-01T14:15:00.650000,0.003203
2025-05-01T14:15:00.660000,-0.007486
2025-05-01T14:15:00.670000,-0.004499
2025-05-01T14:15:00.680000,0.004354
2025-05-01T14:15:00.690000,0.004654
2025-05-01T14:15:00.700000,0.004824
2025-05-01T14:15:00.710000,-0.009959
2025-05-01T14:15:00.720000,0.002664
2025-05-01T14:15:00.730000,0.008519
2025-05-01T14:15:00.740000,-0.012355
2025-05-01T14:15:00.750000,0.008705
2025-05-01T14:15:00.760000,0.002003
2025-05-01T14:15:00.770000,0.003978
2025-05-01T14:15:00.780000,-0.016251
2025-05-01T14:15:00.790000,0.016525
2025-05-01T14:15:00.800000,0.006122
2025-05-01T14:15:00.810000,0.005057
2025-05-01T14:15:00.820000,0.012727
2025-05-01T14:15:00.830000,0.017641
2025-05-01T14:15:00.840000,-0.003167
2025-05-01T14:15:00.850000,0.005208
2025-05-01T14:15:00.860000,0.002654
2025-05-01T14:15:00.870000,0.007986
2025-05-01T14:15:00.880000,-0.007744
2025-05-01T14:15:00.890000,0.005560
2025-05-01T14:15:00.900000,-0.006816
2025-05-01T14:15:00.910000,0.008559
2025-05-01T14:15:00.920000,0.016749
2025-05-01T14:15:00.930000,0.009750
2025-05-01T14:15:00.940000,0.011940
2025-05-01T14:15:00.950000,-0.004642
2025-05-01T14:15:00.960000,0.007598
2025-05-01T14:15:00.970000,0.023854
2025-05-01T14:15:00.980000,-0.017418
2025-05-01T14:15:00.990000,-0.002283
2025-05-01T14:15:01,-0.016995
2025-05-01T14:15:01.010000,-0.016242
2025-05-01T14:15:01.020000,-0.005052
2025-05-01T14:15:01.030000,0.009989
2025-05-01T14:15:01.040000,0.005787
2025-05-01T14:15:01.050000,0.001900
2025-05-01T14:15:01.060000,-0.011055
2025-05-01T14:15:01.070000,-0.001652
2025-05-01T14:15:01.080000,-0.009527
2025-05-01T14:15:01.090000,-0.016310
2025-05-01T14:15:01.100000,0.004441
2025-05-01T14:15:01.110000,0.015704
2025-05-01T14:15:01.120000,-0.005170
2025-05-01T14:15:01.130000,0.013600
2025-05-01T14:15:01.140000,0.003990
2025-05-01T14:15:01.150000,-0.010249
2025-05-01T14:15:01.160000,-0.009148
2025-05-01T14:15:01.170000,-0.001773
2025-05-01T14:15:01.180000,-0.011437
2025-05-01T14:15:01.190000,-0.011757
2025-05-01T14:15:01.200000,-0.012513
2025-05-01T14:15:01.210000,-0.000387
2025-05-01T14:15:01.220000,0.019696
2025-05-01T14:15:01.230000,0.004415
2025-05-01T14:15:01.240000,0.018389
2025-05-01T14:15:01.250000,-0.005723
2025-05-01T14:15:01.260000,-0.000029
2025-05-01T14:15:01.270000,0.006968
2025-05-01T14:15:01.280000,0.006527
2025-05-01T14:15:01.290000,0.031991
2025-05-01T14:15:01.300000,0.012563
2025-05-01T14:15:01.310000,0.009624
2025-05-01T14:15:01.320000,-0.001791
2025-05-01T14:15:01.330000,0.011912
2025-05-01T14:15:01.340000,-0.005306
2025-05-01T14:15:01.350000,-0.011439
2025-05-01T14:15:01.360000,-0.001414
2025-05-01T14:15:01.370000,0.012113
2025-05-01T14:15:01.380000,0.005950
2025-05-01T14:15:01.390000,-0.005671
2025-05-01T14:15:01.400000,0.007569
2025-05-01T14:15:01.410000,-0.016652
2025-05-01T14:15:01.420000,0.026462
2025-05-01T14:15:01.430000,0.000347
2025-05-01T14:15:01.440000,0.009821
2025-05-01T14:15:01.450000,-0.000512
2025-05-01T14:15:01.460000,0.004677
2025-05-01T14:15:01.470000,-0.005571
2025-05-01T14:15:01.480000,0.010168
2025-05-01T14:15:01.490000,-0.002867
2025-05-01T14:15:01.500000,0.015831
2025-05-01T14:15:01.510000,-0.004899
2025-05-01T14:15:01.520000,0.005860
2025-05-01T14:15:01.530000,0.008504
2025-05-01T14:15:01.540000,-0.003046
2025-05-01T14:15:01.550000,0.002742
2025-05-01T14:15:01.560000,-0.005419
2025-05-01T14:15:01.570000,0.014427
2025-05-01T14:15:01.580000,-0.004943
2025-05-01T14:15:01.590000,-0.001529
2025-05-01T14:15:01.600000,-0.015833
2025-05-01T14:15:01.610000,-0.007560
2025-05-01T14:15:01.620000,-0.001164
2025-05-01T14:15:01.630000,0.006565
2025-05-01T14:15:01.640000,-0.007841
2025-05-01T14:15:01.650000,-0.011724
2025-05-01T14:15:01.660000,-0.012747
2025-05-01T14:15:01.670000,-0.008868
2025-05-01T14:15:01.680000,-0.008263
2025-05-01T14:15:01.690000,0.007735
2025-05-01T14:15:01.700000,0.013507
2025-05-01T14:15:01.710000,-0.000605
2025-05-01T14:15:01.720000,0.004549
2025-05-01T14:15:01.730000,-0.015697
2025-05-01T14:15:01.740000,-0.008674
2025-05-01T14:15:01.750000,0.001761
2025-05-01T14:15:01.760000,-0.014210
2025-05-01T14:15:01.770000,0.002131
2025-05-01T14:15:01.780000,-0.007466
2025-05-01T14:15:01.790000,0.002313
2025-05-01T14:15:01.800000,0.012779
2025-05-01T14:15:01.810000,-0.007559
2025-05-01T14:15:01.820000,-0.016953
2025-05-01T14:15:01.830000,-0.016285
2025-05-01T14:15:01.840000,0.015202
2025-05-01T14:15:01.850000,-0.008336
2025-05-01T14:15:01.860000,-0.004921
2025-05-01T14:15:01.870000,-0.006428
2025-05-01T14:15:01.880000,-0.000747
2025-05-01T14:15:01.890000,-0.024587
2025-05-01T14:15:01.900000,0.014980
2025-05-01T14:15:01.910000,-0.022005
2025-05-01T14:15:01.920000,0.010198
2025-05-01T14:15:01.930000,-0.004506
2025-05-01T14:15:01.940000,-0.011288
2025-05-01T14:15:01.950000,-0.019543
2025-05-01T14:15:01.960000,0.003999
2025-05-01T14:15:01.970000,0.000820
2025-05-01T14:15:01.980000,-0.006949
2025-05-01T14:15:01.990000,0.001996
2025-05-01T14:15:02,-0.003123
2025-05-01T14:15:02.010000,-0.006199
2025-05-01T14:15:02.020000,0.000548
2025-05-01T14:15:02.030000,0.006668
2025-05-01T14:15:02.040000,0.010008
2025-05-01T14:15:02.050000,-0.005432
2025-05-01T14:15:02.060000,-0.018365
2025-05-01T14:15:02.070000,0.003125
2025-05-01T14:15:02.080000,-0.008370
2025-05-01T14:15:02.090000,-0.019556
2025-05-01T14:15:02.100000,0.008742
2025-05-01T14:15:02.110000,0.004091
2025-05-01T14:15:02.120000,0.010506
2025-05-01T14:15:02.130000,-0.009439
2025-05-01T14:15:02.140000,0.008003
2025-05-01T14:15:02.150000,0.018732
2025-05-01T14:15:02.160000,0.009332
2025-05-01T14:15:02.170000,-0.004766
2025-05-01T14:15:02.180000,-0.004633
2025-05-01T14:15:02.190000,-0.013627
2025-05-01T14:15:02.200000,0.013165
2025-05-01T14:15:02.210000,-0.006670
2025-05-01T14:15:02.220000,0.008495
2025-05-01T14:15:02.230000,0.000726
2025-05-01T14:15:02.240000,0.005755
2025-05-01T14:15:02.250000,0.003981
2025-05-01T14:15:02.260000,0.015113
2025-05-01T14:15:02.270000,-0.004138
2025-05-01T14:15:02.280000,0.000345
2025-05-01T14:15:02.290000,-0.018622
2025-05-01T14:15:02.300000,0.000288
2025-05-01T14:15:02.310000,0.014273
2025-05-01T14:15:02.320000,-0.003416
2025-05-01T14:15:02.330000,-0.013986
2025-05-01T14:15:02.340000,-0.005264
2025-05-01T14:15:02.350000,0.001796
2025-05-01T14:15:02.360000,-0.000873
2025-05-01T14:15:02.370000,0.007502
2025-05-01T14:15:02.380000,0.000296
2025-05-01T14:15:02.390000,-0.023740
2025-05-01T14:15:02.400000,0.011943
2025-05-01T14:15:02.410000,-0.003240
2025-05-01T14:15:02.420000,0.022751
2025-05-01T14:15:02.430000,0.012358
2025-05-01T14:15:02.440000,-0.001018
2025-05-01T14:15:02.450000,0.011315
2025-05-01T14:15:02.460000,0.004830
2025-05-01T14:15:02.470000,0.006754
2025-05-01T14:15:02.480000,0.000308
2025-05-01T14:15:02.490000,-0.012588
2025-05-01T14:15:02.500000,-0.007567
2025-05-01T14:15:02.510000,0.003313
2025-05-01T14:15:02.520000,0.007943
2025-05-01T14:15:02.530000,-0.006572
2025-05-01T14:15:02.540000,0.003748
2025-05-01T14:15:02.550000,0.014210
2025-05-01T14:15:02.560000,0.003240
2025-05-01T14:15:02.570000,-0.008718
2025-05-01T14:15:02.580000,0.017095
2025-05-01T14:15:02.590000,0.010713
2025-05-01T14:15:02.600000,0.005497
2025-05-01T14:15:02.610000,0.008260
2025-05-01T14:15:02.620000,0.007849
2025-05-01T14:15:02.630000,0.023546
2025-05-01T14:15:02.640000,0.010554
2025-05-01T14:15:02.650000,0.003779
2025-05-01T14:15:02.660000,0.002802
2025-05-01T14:15:02.670000,0.014600
2025-05-01T14:15:02.680000,-0.013058
2025-05-01T14:15:02.690000,0.003893
2025-05-01T14:15:02.700000,0.007773
2025-05-01T14:15:02.710000,-0.014495
2025-05-01T14:15:02.720000,-0.008429
2025-05-01T14:15:02.730000,-0.012784
2025-05-01T14:15:02.740000,0.021311
2025-05-01T14:15:02.750000,-0.020761
2025-05-01T14:15:02.760000,0.003670
2025-05-01T14:15:02.770000,-0.020989
2025-05-01T14:15:02.780000,-0.012116
2025-05-01T14:15:02.790000,0.002861
2025-05-01T14:15:02.800000,-0.002543
2025-05-01T14:15:02.810000,0.011012
2025-05-01T14:15:02.820000,0.025561
2025-05-01T14:15:02.830000,0.007962
2025-05-01T14:15:02.840000,-0.010457
2025-05-01T14:15:02.850000,-0.001863
2025-05-01T14:15:02.860000,-0.016787
2025-05-01T14:15:02.870000,0.007176
2025-05-01T14:15:02.880000,0.013419
2025-05-01T14:15:02.890000,0.002344
2025-05-01T14:15:02.900000,-0.005992
2025-05-01T14:15:02.910000,-0.006678
2025-05-01T14:15:02.920000,0.006543
2025-05-01T14:15:02.930000,-0.005985
2025-05-01T14:15:02.940000,-0.002391
2025-05-01T14:15:02.950000,0.011131
2025-05-01T14:15:02.960000,0.006579
2025-05-01T14:15:02.970000,0.005489
2025-05-01T14:15:02.980000,-0.004724
2025-05-01T14:15:02.990000,-0.006419
2025-05-01T14:15:03,0.001422
2025-05-01T14:15:03.010000,0.003381
2025-05-01T14:15:03.020000,-0.011614
2025-05-01T14:15:03.030000,0.005538
2025-05-01T14:15:03.040000,-0.015907
2025-05-01T14:15:03.050000,0.005784
2025-05-01T14:15:03.060000,0.004913
2025-05-01T14:15:03.070000,0.001071
2025-05-01T14:15:03.080000,0.003794
2025-05-01T14:15:03.090000,-0.003054
2025-05-01T14:15:03.100000,0.003247
2025-05-01T14:15:03.110000,-0.018904
2025-05-01T14:15:03.120000,0.003353
2025-05-01T14:15:03.130000,0.013291
2025-05-01T14:15:03.140000,0.011062
2025-05-01T14:15:03.150000,0.016840
2025-05-01T14:15:03.160000,0.002231
2025-05-01T14:15:03.170000,-0.025172
2025-05-01T14:15:03.180000,0.002470
2025-05-01T14:15:03.190000,-0.000070
2025-05-01T14:15:03.200000,0.000499
2025-05-01T14:15:03.210000,-0.001116
2025-05-01T14:15:03.220000,-0.003206
2025-05-01T14:15:03.230000,0.000442
2025-05-01T14:15:03.240000,-0.004321
2025-05-01T14:15:03.250000,0.000432
2025-05-01T14:15:03.260000,0.003250
2025-05-01T14:15:03.270000,0.006928
2025-05-01T14:15:03.280000,0.000450
2025-05-01T14:15:03.290000,0.009377
2025-05-01T14:15:03.300000,-0.019732
2025-05-01T14:15:03.310000,0.001510
2025-05-01T14:15:03.320000,-0.013692
2025-05-01T14:15:03.330000,-0.001174
2025-05-01T14:15:03.340000,0.003010
2025-05-01T14:15:03.350000,-0.002220
2025-05-01T14:15:03.360000,-0.005544
2025-05-01T14:15:03.370000,-0.011593
2025-05-01T14:15:03.380000,-0.017549
2025-05-01T14:15:03.390000,0.007553
2025-05-01T14:15:03.400000,0.007124
2025-05-01T14:15:03.410000,-0.007169
2025-05-01T14:15:03.420000,0.002267
2025-05-01T14:15:03.430000,-0.004077
2025-05-01T14:15:03.440000,-0.010268
2025-05-01T14:15:03.450000,-0.012551
2025-05-01T14:15:03.460000,-0.000041
2025-05-01T14:15:03.470000,0.006583
2025-05-01T14:15:03.480000,-0.013984
2025-05-01T14:15:03.490000,0.011051
2025-05-01T14:15:03.500000,0.003779
2025-05-01T14:15:03.510000,0.001864
2025-05-01T14:15:03.520000,0.003642
2025-05-01T14:15:03.530000,0.007474
2025-05-01T14:15:03.540000,-0.010549
2025-05-01T14:15:03.550000,-0.003318
2025-05-01T14:15:03.560000,0.003759
2025-05-01T14:15:03.570000,-0.013896
2025-05-01T14:15:03.580000,0.015853
2025-05-01T14:15:03.590000,0.018700
2025-05-01T14:15:03.600000,-0.001161
2025-05-01T14:15:03.610000,0.010175
2025-05-01T14:15:03.620000,0.001396
2025-05-01T14:15:03.630000,0.003814
2025-05-01T14:15:03.640000,0.004495
2025-05-01T14:15:03.650000,-0.007218
2025-05-01T14:15:03.660000,0.006591
2025-05-01T14:15:03.670000,0.005839
2025-05-01T14:15:03.680000,0.005965
2025-05-01T14:15:03.690000,0.003034
2025-05-01T14:15:03.700000,0.003402
2025-05-01T14:15:03.710000,0.001264
2025-05-01T14:15:03.720000,-0.000217
2025-05-01T14:15:03.730000,0.006141
2025-05-01T14:15:03.740000,0.012749
2025-05-01T14:15:03.750000,0.001503
2025-05-01T14:15:03.760000,0.007682
2025-05-01T14:15:03.770000,0.011448
2025-05-01T14:15:03.780000,-0.002665
2025-05-01T14:15:03.790000,0.005236
2025-05-01T14:15:03.800000,-0.005974
2025-05-01T14:15:03.810000,0.005956
2025-05-01T14:15:03.820000,-0.007417
2025-05-01T14:15:03.830000,-0.010717
2025-05-01T14:15:03.840000,-0.007386
2025-05-01T14:15:03.850000,-0.003854
2025-05-01T14:15:03.860000,-0.021151
2025-05-01T14:15:03.870000,-0.000322
2025-05-01T14:15:03.880000,-0.000855
2025-05-01T14:15:03.890000,0.010474
2025-05-01T14:15:03.900000,0.006071
2025-05-01T14:15:03.910000,-0.007865
2025-05-01T14:15:03.920000,0.027454
2025-05-01T14:15:03.930000,0.004898
2025-05-01T14:15:03.940000,0.000368
2025-05-01T14:15:03.950000,-0.008656
2025-05-01T14:15:03.960000,0.017902
2025-05-01T14:15:03.970000,0.003406
2025-05-01T14:15:03.980000,0.012955
2025-05-01T14:15:03.990000,-0.030738
2025-05-01T14:15:04,-0.014852
2025-05-01T14:15:04.010000,0.002056
2025-05-01T14:15:04.020000,0.005988
2025-05-01T14:15:04.030000,0.013971
2025-05-01T14:15:04.040000,-0.002400
2025-05-01T14:15:04.050000,-0.001282
2025-05-01T14:15:04.060000,0.007730
2025-05-01T14:15:04.070000,0.004310
2025-05-01T14:15:04.080000,-0.000838
2025-05-01T14:15:04.090000,0.007733
2025-05-01T14:15:04.100000,0.009147
2025-05-01T14:15:04.110000,0.000441
2025-05-01T14:15:04.120000,-0.006720
2025-05-01T14:15:04.130000,-0.008966
2025-05-01T14:15:04.140000,0.001248
2025-05-01T14:15:04.150000,-0.001886
2025-05-01T14:15:04.160000,0.000342
2025-05-01T14:15:04.170000,-0.003174
2025-05-01T14:15:04.180000,-0.007574
2025-05-01T14:15:04.190000,-0.012790
2025-05-01T14:15:04.200000,0.007792
2025-05-01T14:15:04.210000,-0.005760
2025-05-01T14:15:04.220000,0.002072
2025-05-01T14:15:04.230000,0.020891
2025-05-01T14:15:04.240000,0.008017
2025-05-01T14:15:04.250000,0.007442
2025-05-01T14:15:04.260000,0.001240
2025-05-01T14:15:04.270000,-0.001519
2025-05-01T14:15:04.280000,0.000396
2025-05-01T14:15:04.290000,0.008340
2025-05-01T14:15:04.300000,0.000415
2025-05-01T14:15:04.310000,0.004644
2025-05-01T14:15:04.320000,-0.006970
2025-05-01T14:15:04.330000,0.002699
2025-05-01T14:15:04.340000,-0.026344
2025-05-01T14:15:04.350000,0.006048
2025-05-01T14:15:04.360000,-0.009967
2025-05-01T14:15:04.370000,-0.003684
2025-05-01T14:15:04.380000,0.018181
2025-05-01T14:15:04.390000,0.014364
2025-05-01T14:15:04.400000,-0.004561
2025-05-01T14:15:04.410000,0.023971
2025-05-01T14:15:04.420000,0.004886
2025-05-01T14:15:04.430000,-0.002544
2025-05-01T14:15:04.440000,-0.013189
2025-05-01T14:15:04.450000,0.002893
2025-05-01T14:15:04.460000,-0.003631
2025-05-01T14:15:04.470000,-0.002697
2025-05-01T14:15:04.480000,-0.000624
2025-05-01T14:15:04.490000,0.005725
2025-05-01T14:15:04.500000,0.027908
2025-05-01T14:15:04.510000,0.013989
2025-05-01T14:15:04.520000,-0.012738
2025-05-01T14:15:04.530000,0.004603
2025-05-01T14:15:04.540000,0.005659
2025-05-01T14:15:04.550000,0.000478
2025-05-01T14:15:04.560000,-0.003604
2025-05-01T14:15:04.570000,-0.006162
2025-05-01T14:15:04.580000,-0.000544
2025-05-01T14:15:04.590000,-0.005017
2025-05-01T14:15:04.600000,0.009949
2025-05-01T14:15:04.610000,0.006669
2025-05-01T14:15:04.620000,0.000905
2025-05-01T14:15:04.630000,-0.004795
2025-05-01T14:15:04.640000,0.007289
2025-05-01T14:15:04.650000,-0.013250
2025-05-01T14:15:04.660000,-0.004677
2025-05-01T14:15:04.670000,-0.001522
2025-05-01T14:15:04.680000,-0.013175
2025-05-01T14:15:04.690000,-0.024415
2025-05-01T14:15:04.700000,0.001902
2025-05-01T14:15:04.710000,0.010056
2025-05-01T14:15:04.720000,0.002920
2025-05-01T14:15:04.730000,0.008721
2025-05-01T14:15:04.740000,-0.005376
2025-05-01T14:15:04.750000,0.016903
2025-05-01T14:15:04.760000,-0.016375
2025-05-01T14:15:04.770000,-0.010778
2025-05-01T14:15:04.780000,-0.000548
2025-05-01T14:15:04.790000,0.001196
2025-05-01T14:15:04.800000,0.005224
2025-05-01T14:15:04.810000,0.005532
2025-05-01T14:15:04.820000,-0.016670
2025-05-01T14:15:04.830000,-0.000410
2025-05-01T14:15:04.840000,0.009800
2025-05-01T14:15:04.850000,0.007926
2025-05-01T14:15:04.860000,-0.007399
2025-05-01T14:15:04.870000,0.003910
2025-05-01T14:15:04.880000,-0.010235
2025-05-01T14:15:04.890000,-0.008532
2025-05-01T14:15:04.900000,0.004539
2025-05-01T14:15:04.910000,0.004787
2025-05-01T14:15:04.920000,0.003182
2025-05-01T14:15:04.930000,0.007982
2025-05-01T14:15:04.940000,-0.013397
2025-05-01T14:15:04.950000,-0.003147
2025-05-01T14:15:04.960000,0.005227
2025-05-01T14:15:04.970000,0.008844
2025-05-01T14:15:04.980000,0.005560
2025-05-01T14:15:04.990000,-0.010739
2025-05-01T14:15:05,-0.003158
2025-05-01T14:15:05.010000,-0.017815
2025-05-01T14:15:05.020000,-0.011453
2025-05-01T14:15:05.030000,-0.013848
2025-05-01T14:15:05.040000,-0.003478
2025-05-01T14:15:05.050000,-0.002932
2025-05-01T14:15:05.060000,-0.005783
2025-05-01T14:15:05.070000,-0.005618
2025-05-01T14:15:05.080000,0.002767
2025-05-01T14:15:05.090000,-0.000821
2025-05-01T14:15:05.100000,0.015853
2025-05-01T14:15:05.110000,0.009852
2025-05-01T14:15:05.120000,0.004799
2025-05-01T14:15:05.130000,0.002985
2025-05-01T14:15:05.140000,-0.002703
2025-05-01T14:15:05.150000,-0.004473
2025-05-01T14:15:05.160000,0.002802
2025-05-01T14:15:05.170000,0.007136
2025-05-01T14:15:05.180000,-0.009220
2025-05-01T14:15:05.190000,-0.006715
2025-05-01T14:15:05.200000,-0.002377
2025-05-01T14:15:05.210000,0.005775
2025-05-01T14:15:05.220000,-0.026181
2025-05-01T14:15:05.230000,-0.012736
2025-05-01T14:15:05.240000,0.000280
2025-05-01T14:15:05.250000,0.002562
2025-05-01T14:15:05.260000,0.007322
2025-05-01T14:15:05.270000,-0.003181
2025-05-01T14:15:05.280000,0.002411
2025-05-01T14:15:05.290000,-0.008988
2025-05-01T14:15:05.300000,-0.010359
2025-05-01T14:15:05.310000,0.009930
2025-05-01T14:15:05.320000,0.001809
2025-05-01T14:15:05.330000,-0.014433
2025-05-01T14:15:05.340000,0.010221
2025-05-01T14:15:05.350000,-0.019038
2025-05-01T14:15:05.360000,0.001442
2025-05-01T14:15:05.370000,0.003186
2025-05-01T14:15:05.380000,-0.001421
2025-05-01T14:15:05.390000,0.009024
2025-05-01T14:15:05.400000,-0.003879
2025-05-01T14:15:05.410000,0.002727
2025-05-01T14:15:05.420000,0.001739
2025-05-01T14:15:05.430000,0.011302
2025-05-01T14:15:05.440000,-0.004237
2025-05-01T14:15:05.450000,-0.009780
2025-05-01T14:15:05.460000,0.000823
2025-05-01T14:15:05.470000,0.006273
2025-05-01T14:15:05.480000,0.000924
2025-05-01T14:15:05.490000,0.010799
2025-05-01T14:15:05.500000,0.009013
2025-05-01T14:15:05.510000,-0.010792
2025-05-01T14:15:05.520000,0.006873
2025-05-01T14:15:05.530000,-0.008863
2025-05-01T14:15:05.540000,0.004625
2025-05-01T14:15:05.550000,-0.003361
2025-05-01T14:15:05.560000,0.001627
2025-05-01T14:15:05.570000,-0.002425
2025-05-01T14:15:05.580000,-0.003419
2025-05-01T14:15:05.590000,0.012289
2025-05-01T14:15:05.600000,0.003285
2025-05-01T14:15:05.610000,-0.011336
2025-05-01T14:15:05.620000,-0.006983
2025-05-01T14:15:05.630000,-0.005651
2025-05-01T14:15:05.640000,0.007449
2025-05-01T14:15:05.650000,-0.000117
2025-05-01T14:15:05.660000,0.007619
2025-05-01T14:15:05.670000,-0.004902
2025-05-01T14:15:05.680000,-0.000516
2025-05-01T14:15:05.690000,0.001442
2025-05-01T14:15:05.700000,0.010969
2025-05-01T14:15:05.710000,0.013582
2025-05-01T14:15:05.720000,0.002508
2025-05-01T14:15:05.730000,0.009481
2025-05-01T14:15:05.740000,0.013560
2025-05-01T14:15:05.750000,0.000663
2025-05-01T14:15:05.760000,-0.008118
2025-05-01T14:15:05.770000,-0.018237
2025-05-01T14:15:05.780000,0.000701
2025-05-01T14:15:05.790000,-0.006910
2025-05-01T14:15:05.800000,0.004587
2025-05-01T14:15:05.810000,0.014346
2025-05-01T14:15:05.820000,-0.005147
2025-05-01T14:15:05.830000,0.009708
2025-05-01T14:15:05.840000,0.002602
2025-05-01T14:15:05.850000,0.013438
2025-05-01T14:15:05.860000,0.020138
2025-05-01T14:15:05.870000,0.003217
2025-05-01T14:15:05.880000,-0.011664
2025-05-01T14:15:05.890000,-0.007485
2025-05-01T14:15:05.900000,0.010294
2025-05-01T14:15:05.910000,-0.003514
2025-05-01T14:15:05.920000,-0.020960
2025-05-01T14:15:05.930000,-0.000250
2025-05-01T14:15:05.940000,0.006011
2025-05-01T14:15:05.950000,-0.004865
2025-05-01T14:15:05.960000,-0.009665
2025-05-01T14:15:05.970000,-0.006142
2025-05-01T14:15:05.980000,0.011742
2025-05-01T14:15:05.990000,0.013260
2025-05-01T14:15:06,-0.008450
2025-05-01T14:15:06.010000,0.007171
2025-05-01T14:15:06.020000,-0.006296
2025-05-01T14:15:06.030000,0.002795
2025-05-01T14:15:06.040000,-0.022479
2025-05-01T14:15:06.050000,0.013494
2025-05-01T14:15:06.060000,0.007592
2025-05-01T14:15:06.070000,-0.012439
2025-05-01T14:15:06.080000,-0.003273
2025-05-01T14:15:06.090000,0.018291
2025-05-01T14:15:06.100000,-0.002709
2025-05-01T14:15:06.110000,-0.001401
2025-05-01T14:15:06.120000,-0.006389
2025-05-01T14:15:06.130000,-0.002404
2025-05-01T14:15:06.140000,0.019560
2025-05-01T14:15:06.150000,0.004526
2025-05-01T14:15:06.160000,-0.002699
2025-05-01T14:15:06.170000,0.000516
2025-05-01T14:15:06.180000,-0.015548
2025-05-01T14:15:06.190000,0.012432
2025-05-01T14:15:06.200000,-0.003123
2025-05-01T14:15:06.210000,0.010686
2025-05-01T14:15:06.220000,-0.002228
2025-05-01T14:15:06.230000,0.010319
2025-05-01T14:15:06.240000,0.001023
2025-05-01T14:15:06.250000,0.005978
2025-05-01T14:15:06.260000,0.009649
2025-05-01T14:15:06.270000,-0.013845
2025-05-01T14:15:06.280000,-0.000379
2025-05-01T14:15:06.290000,-0.002972
2025-05-01T14:15:06.300000,0.001552
2025-05-01T14:15:06.310000,-0.005375
2025-05-01T14:15:06.320000,-0.011664
2025-05-01T14:15:06.330000,-0.018134
2025-05-01T14:15:06.340000,-0.000374
2025-05-01T14:15:06.350000,0.003788
2025-05-01T14:15:06.360000,0.001445
2025-05-01T14:15:06.370000,0.003063
2025-05-01T14:15:06.380000,0.011301
2025-05-01T14:15:06.390000,-0.006649
2025-05-01T14:15:06.400000,-0.005479
2025-05-01T14:15:06.410000,-0.003580
2025-05-01T14:15:06.420000,0.006519
2025-05-01T14:15:06.430000,-0.016424
2025-05-01T14:15:06.440000,0.010244
2025-05-01T14:15:06.450000,0.006901
2025-05-01T14:15:06.460000,-0.007734
2025-05-01T14:15:06.470000,-0.011529
2025-05-01T14:15:06.480000,0.003731
2025-05-01T14:15:06.490000,0.005271
2025-05-01T14:15:06.500000,0.010402
2025-05-01T14:15:06.510000,-0.011129
2025-05-01T14:15:06.520000,0.008310
2025-05-01T14:15:06.530000,0.016728
2025-05-01T14:15:06.540000,-0.007442
2025-05-01T14:15:06.550000,0.018838
2025-05-01T14:15:06.560000,0.011513
2025-05-01T14:15:06.570000,0.010288
2025-05-01T14:15:06.580000,0.007343
2025-05-01T14:15:06.590000,0.005011
2025-05-01T14:15:06.600000,-0.004684
2025-05-01T14:15:06.610000,0.010909
2025-05-01T14:15:06.620000,-0.009231
2025-05-01T14:15:06.630000,-0.005764
2025-05-01T14:15:06.640000,0.008077
2025-05-01T14:15:06.650000,0.014708
2025-05-01T14:15:06.660000,-0.002081
2025-05-01T14:15:06.670000,-0.020906
2025-05-01T14:15:06.680000,-0.002573
2025-05-01T14:15:06.690000,-0.021391
2025-05-01T14:15:06.700000,-0.006896
2025-05-01T14:15:06.710000,0.001500
2025-05-01T14:15:06.720000,0.004857
2025-05-01T14:15:06.730000,-0.015543
2025-05-01T14:15:06.740000,-0.011223
2025-05-01T14:15:06.750000,0.019265
2025-05-01T14:15:06.760000,-0.019788
2025-05-01T14:15:06.770000,0.005115
2025-05-01T14:15:06.780000,-0.005266
2025-05-01T14:15:06.790000,0.003760
2025-05-01T14:15:06.800000,0.003035
2025-05-01T14:15:06.810000,-0.012746
2025-05-01T14:15:06.820000,-0.010793
2025-05-01T14:15:06.830000,0.004485
2025-05-01T14:15:06.840000,0.009318
2025-05-01T14:15:06.850000,-0.004077
2025-05-01T14:15:06.860000,-0.003754
2025-05-01T14:15:06.870000,-0.010894
2025-05-01T14:15:06.880000,-0.003907
2025-05-01T14:15:06.890000,0.003994
2025-05-01T14:15:06.900000,0.000168
2025-05-01T14:15:06.910000,0.006998
2025-05-01T14:15:06.920000,-0.005805
2025-05-01T14:15:06.930000,0.005130
2025-05-01T14:15:06.940000,0.000349
2025-05-01T14:15:06.950000,0.003768
2025-05-01T14:15:06.960000,0.012359
2025-05-01T14:15:06.970000,0.000970
2025-05-01T14:15:06.980000,0.006516
2025-05-01T14:15:06.990000,0.011984
2025-05-01T14:15:07,-0.001021
2025-05-01T14:15:07.010000,-0.003878
2025-05-01T14:15:07.020000,-0.003112
2025-05-01T14:15:07.030000,-0.009187
2025-05-01T14:15:07.040000,0.002656
2025-05-01T14:15:07.050000,0.009224
2025-05-01T14:15:07.060000,0.010470
2025-05-01T14:15:07.070000,0.011873
2025-05-01T14:15:07.080000,0.001600
2025-05-01T14:15:07.090000,0.008797
2025-05-01T14:15:07.100000,0.006685
2025-05-01T14:15:07.110000,0.013109
2025-05-01T14:15:07.120000,-0.007746
2025-05-01T14:15:07.130000,0.019074
2025-05-01T14:15:07.140000,0.001270
2025-05-01T14:15:07.150000,-0.008141
2025-05-01T14:15:07.160000,0.000328
2025-05-01T14:15:07.170000,0.004884
2025-05-01T14:15:07.180000,-0.002766
2025-05-01T14:15:07.190000,-0.004462
2025-05-01T14:15:07.200000,0.003025
2025-05-01T14:15:07.210000,-0.002466
2025-05-01T14:15:07.220000,0.011648
2025-05-01T14:15:07.230000,-0.014572
2025-05-01T14:15:07.240000,0.010799
2025-05-01T14:15:07.250000,0.010627
2025-05-01T14:15:07.260000,-0.002277
2025-05-01T14:15:07.270000,-0.010008
2025-05-01T14:15:07.280000,-0.000392
2025-05-01T14:15:07.290000,-0.004886
2025-05-01T14:15:07.300000,0.007363
2025-05-01T14:15:07.310000,-0.000586
2025-05-01T14:15:07.320000,0.008241
2025-05-01T14:15:07.330000,0.016906
2025-05-01T14:15:07.340000,0.004784
2025-05-01T14:15:07.350000,-0.005248
2025-05-01T14:15:07.360000,-0.002555
2025-05-01T14:15:07.370000,-0.006768
2025-05-01T14:15:07.380000,0.007015
2025-05-01T14:15:07.390000,-0.006421
2025-05-01T14:15:07.400000,-0.020606
2025-05-01T14:15:07.410000,0.010152
2025-05-01T14:15:07.420000,0.013527
2025-05-01T14:15:07.430000,-0.003760
2025-05-01T14:15:07.440000,-0.011930
2025-05-01T14:15:07.450000,-0.017684
2025-05-01T14:15:07.460000,-0.015423
2025-05-01T14:15:07.470000,-0.018291
2025-05-01T14:15:07.480000,0.001884
2025-05-01T14:15:07.490000,0.000490
2025-05-01T14:15:07.500000,0.001154
2025-05-01T14:15:07.510000,-0.005275
2025-05-01T14:15:07.520000,0.007617
2025-05-01T14:15:07.530000,0.005908
2025-05-01T14:15:07.540000,0.014405
2025-05-01T14:15:07.550000,0.005964
2025-05-01T14:15:07.560000,-0.002755
2025-05-01T14:15:07.570000,-0.006444
2025-05-01T14:15:07.580000,0.013366
2025-05-01T14:15:07.590000,-0.009819
2025-05-01T14:15:07.600000,-0.013009
2025-05-01T14:15:07.610000,0.009402
2025-05-01T14:15:07.620000,0.013306
2025-05-01T14:15:07.630000,-0.005252
2025-05-01T14:15:07.640000,0.013981
2025-05-01T14:15:07.650000,0.015055
2025-05-01T14:15:07.660000,0.015186
2025-05-01T14:15:07.670000,0.009718
2025-05-01T14:15:07.680000,0.007285
2025-05-01T14:15:07.690000,-0.007841
2025-05-01T14:15:07.700000,0.018742
2025-05-01T14:15:07.710000,-0.005878
2025-05-01T14:15:07.720000,0.002545
2025-05-01T14:15:07.730000,-0.002335
2025-05-01T14:15:07.740000,-0.000019
2025-05-01T14:15:07.750000,0.013306
2025-05-01T14:15:07.760000,0.004546
2025-05-01T14:15:07.770000,-0.000054
2025-05-01T14:15:07.780000,0.010200
2025-05-01T14:15:07.790000,-0.014186
2025-05-01T14:15:07.800000,0.024128
2025-05-01T14:15:07.810000,0.001661
2025-05-01T14:15:07.820000,-0.006007
2025-05-01T14:15:07.830000,0.002139
2025-05-01T14:15:07.840000,0.001227
2025-05-01T14:15:07.850000,-0.005673
2025-05-01T14:15:07.860000,0.005235
2025-05-01T14:15:07.870000,-0.013569
2025-05-01T14:15:07.880000,0.011186
2025-05-01T14:15:07.890000,0.005389
2025-05-01T14:15:07.900000,-0.002975
2025-05-01T14:15:07.910000,0.016319
2025-05-01T14:15:07.920000,0.001100
2025-05-01T14:15:07.930000,-0.002320
2025-05-01T14:15:07.940000,-0.004593
2025-05-01T14:15:07.950000,0.015095
2025-05-01T14:15:07.960000,0.017609
2025-05-01T14:15:07.970000,0.011658
2025-05-01T14:15:07.980000,0.003014
2025-05-01T14:15:07.990000,0.022716
2025-05-01T14:15:08,-0.019058
2025-05-01T14:15:08.010000,0.002466
2025-05-01T14:15:08.020000,-0.009894
2025-05-01T14:15:08.030000,-0.002888
2025-05-01T14:15:08.040000,0.001212
2025-05-01T14:15:08.050000,-0.005451
2025-05-01T14:15:08.060000,-0.017241
2025-05-01T14:15:08.070000,0.002430
2025-05-01T14:15:08.080000,0.000974
2025-05-01T14:15:08.090000,-0.004346
2025-05-01T14:15:08.100000,0.011913
2025-05-01T14:15:08.110000,-0.012905
2025-05-01T14:15:08.120000,0.004591
2025-05-01T14:15:08.130000,0.007027
2025-05-01T14:15:08.140000,-0.007828
2025-05-01T14:15:08.150000,-0.011210
2025-05-01T14:15:08.160000,0.006348
2025-05-01T14:15:08.170000,-0.018195
2025-05-01T14:15:08.180000,0.000323
2025-05-01T14:15:08.190000,-0.000846
2025-05-01T14:15:08.200000,-0.007120
2025-05-01T14:15:08.210000,0.002551
2025-05-01T14:15:08.220000,-0.002162
2025-05-01T14:15:08.230000,-0.010338
2025-05-01T14:15:08.240000,0.004816
2025-05-01T14:15:08.250000,-0.007838
2025-05-01T14:15:08.260000,0.005100
2025-05-01T14:15:08.270000,-0.009345
2025-05-01T14:15:08.280000,0.009136
2025-05-01T14:15:08.290000,-0.001885
2025-05-01T14:15:08.300000,-0.004486
2025-05-01T14:15:08.310000,0.000412
2025-05-01T14:15:08.320000,-0.020567
2025-05-01T14:15:08.330000,-0.016787
2025-05-01T14:15:08.340000,-0.001147
2025-05-01T14:15:08.350000,0.017360
2025-05-01T14:15:08.360000,0.002338
2025-05-01T14:15:08.370000,-0.015393
2025-05-01T14:15:08.380000,-0.005221
2025-05-01T14:15:08.390000,-0.000800
2025-05-01T14:15:08.400000,0.009188
2025-05-01T14:15:08.410000,-0.019249
2025-05-01T14:15:08.420000,0.012918
2025-05-01T14:15:08.430000,0.003959
2025-05-01T14:15:08.440000,0.011294
2025-05-01T14:15:08.450000,0.002187
2025-05-01T14:15:08.460000,-0.008028
2025-05-01T14:15:08.470000,-0.002540
2025-05-01T14:15:08.480000,-0.006372
2025-05-01T14:15:08.490000,0.001845
2025-05-01T14:15:08.500000,-0.008294
2025-05-01T14:15:08.510000,0.003998
2025-05-01T14:15:08.520000,0.003226
2025-05-01T14:15:08.530000,-0.006296
2025-05-01T14:15:08.540000,-0.003520
2025-05-01T14:15:08.550000,0.000889
2025-05-01T14:15:08.560000,-0.001965
2025-05-01T14:15:08.570000,0.012846
2025-05-01T14:15:08.580000,0.011013
2025-05-01T14:15:08.590000,-0.005240
2025-05-01T14:15:08.600000,-0.000184
2025-05-01T14:15:08.610000,0.004744
2025-05-01T14:15:08.620000,0.002129
2025-05-01T14:15:08.630000,0.004417
2025-05-01T14:15:08.640000,0.012221
2025-05-01T14:15:08.650000,-0.009705
2025-05-01T14:15:08.660000,-0.005865
2025-05-01T14:15:08.670000,0.012694
2025-05-01T14:15:08.680000,-0.010441
2025-05-01T14:15:08.690000,0.008364
2025-05-01T14:15:08.700000,-0.000694
2025-05-01T14:15:08.710000,-0.001499
2025-05-01T14:15:08.720000,-0.013085
2025-05-01T14:15:08.730000,0.011182
2025-05-01T14:15:08.740000,0.015534
2025-05-01T14:15:08.750000,0.004322
2025-05-01T14:15:08.760000,-0.002536
2025-05-01T14:15:08.770000,-0.000226
2025-05-01T14:15:08.780000,-0.014477
2025-05-01T14:15:08.790000,-0.002344
2025-05-01T14:15:08.800000,-0.002188
2025-05-01T14:15:08.810000,-0.028007
2025-05-01T14:15:08.820000,0.025352
2025-05-01T14:15:08.830000,0.019833
2025-05-01T14:15:08.840000,-0.018015
2025-05-01T14:15:08.850000,-0.014802
2025-05-01T14:15:08.860000,-0.002694
2025-05-01T14:15:08.870000,-0.003325
2025-05-01T14:15:08.880000,-0.012215
2025-05-01T14:15:08.890000,0.009945
2025-05-01T14:15:08.900000,0.014952
2025-05-01T14:15:08.910000,-0.018987
2025-05-01T14:15:08.920000,0.014346
2025-05-01T14:15:08.930000,0.009253
2025-05-01T14:15:08.940000,-0.002212
2025-05-01T14:15:08.950000,0.001274
2025-05-01T14:15:08.960000,-0.018776
2025-05-01T14:15:08.970000,-0.016256
2025-05-01T14:15:08.980000,-0.000793
2025-05-01T14:15:08.990000,0.014504
2025-05-01T14:15:09,-0.000621
2025-05-01T14:15:09.010000,-0.008731
2025-05-01T14:15:09.020000,-0.004391
2025-05-01T14:15:09.030000,-0.014099
2025-05-01T14:15:09.040000,-0.000419
2025-05-01T14:15:09.050000,-0.003094
2025-05-01T14:15:09.060000,0.017852
2025-05-01T14:15:09.070000,0.025341
2025-05-01T14:15:09.080000,-0.022647
2025-05-01T14:15:09.090000,0.001601
2025-05-01T14:15:09.100000,0.000372
2025-05-01T14:15:09.110000,-0.008218
2025-05-01T14:15:09.120000,-0.003016
2025-05-01T14:15:09.130000,-0.014869
2025-05-01T14:15:09.140000,0.006209
2025-05-01T14:15:09.150000,0.009739
2025-05-01T14:15:09.160000,0.010845
2025-05-01T14:15:09.170000,0.017276
2025-05-01T14:15:09.180000,0.006239
2025-05-01T14:15:09.190000,-0.013917
2025-05-01T14:15:09.200000,-0.009246
2025-05-01T14:15:09.210000,-0.017022
2025-05-01T14:15:09.220000,-0.004644
2025-05-01T14:15:09.230000,-0.004791
2025-05-01T14:15:09.240000,0.012996
2025-05-01T14:15:09.250000,-0.001092
2025-05-01T14:15:09.260000,0.006358
2025-05-01T14:15:09.270000,0.016691
2025-05-01T14:15:09.280000,-0.007564
2025-05-01T14:15:09.290000,0.006887
2025-05-01T14:15:09.300000,-0.002987
2025-05-01T14:15:09.310000,0.005519
2025-05-01T14:15:09.320000,0.021284
2025-05-01T14:15:09.330000,-0.019952
2025-05-01T14:15:09.340000,-0.000719
2025-05-01T14:15:09.350000,-0.005614
2025-05-01T14:15:09.360000,0.006506
2025-05-01T14:15:09.370000,-0.005337
2025-05-01T14:15:09.380000,0.010343
2025-05-01T14:15:09.390000,-0.022580
2025-05-01T14:15:09.400000,0.002794
2025-05-01T14:15:09.410000,-0.000012
2025-05-01T14:15:09.420000,-0.002832
2025-05-01T14:15:09.430000,0.015483
2025-05-01T14:15:09.440000,0.002346
2025-05-01T14:15:09.450000,-0.003210
2025-05-01T14:15:09.460000,0.015422
2025-05-01T14:15:09.470000,-0.012264
2025-05-01T14:15:09.480000,-0.007649
2025-05-01T14:15:09.490000,0.016215
2025-05-01T14:15:09.500000,-0.016711
2025-05-01T14:15:09.510000,0.006977
2025-05-01T14:15:09.520000,-0.016820
2025-05-01T14:15:09.530000,0.013345
2025-05-01T14:15:09.540000,-0.019347
2025-05-01T14:15:09.550000,0.008280
2025-05-01T14:15:09.560000,0.001984
2025-05-01T14:15:09.570000,0.014282
2025-05-01T14:15:09.580000,-0.004954
2025-05-01T14:15:09.590000,0.002687
2025-05-01T14:15:09.600000,-0.004783
2025-05-01T14:15:09.610000,0.005176
2025-05-01T14:15:09.620000,-0.002529
2025-05-01T14:15:09.630000,0.006547
2025-05-01T14:15:09.640000,0.014783
2025-05-01T14:15:09.650000,0.003214
2025-05-01T14:15:09.660000,-0.002152
2025-05-01T14:15:09.670000,-0.009251
2025-05-01T14:15:09.680000,0.012946
2025-05-01T14:15:09.690000,-0.002892
2025-05-01T14:15:09.700000,-0.007779
2025-05-01T14:15:09.710000,0.025279
2025-05-01T14:15:09.720000,0.003032
2025-05-01T14:15:09.730000,-0.016076
2025-05-01T14:15:09.740000,-0.003953
2025-05-01T14:15:09.750000,-0.005900
2025-05-01T14:15:09.760000,-0.016659
2025-05-01T14:15:09.770000,0.016284
2025-05-01T14:15:09.780000,-0.010102
2025-05-01T14:15:09.790000,-0.001837
2025-05-01T14:15:09.800000,-0.011722
2025-05-01T14:15:09.810000,0.020253
2025-05-01T14:15:09.820000,0.000099
2025-05-01T14:15:09.830000,-0.007592
2025-05-01T14:15:09.840000,0.004053
2025-05-01T14:15:09.850000,-0.008842
2025-05-01T14:15:09.860000,0.019074
2025-05-01T14:15:09.870000,-0.008439
2025-05-01T14:15:09.880000,-0.004944
2025-05-01T14:15:09.890000,0.008429
2025-05-01T14:15:09.900000,-0.012391
2025-05-01T14:15:09.910000,-0.012323
2025-05-01T14:15:09.920000,-0.006972
2025-05-01T14:15:09.930000,0.016751
2025-05-01T14:15:09.940000,0.004931
2025-05-01T14:15:09.950000,-0.001392
2025-05-01T14:15:09.960000,0.000980
2025-05-01T14:15:09.970000,-0.005301
2025-05-01T14:15:09.980000,0.008010
2025-05-01T14:15:09.990000,-0.004570
2025-05-01T14:15:10,0.007519
2025-05-01T14:15:10.010000,-0.005933
2025-05-01T14:15:10.020000,-0.007518
2025-05-01T14:15:10.030000,-0.000676
2025-05-01T14:15:10.040000,-0.017658
2025-05-01T14:15:10.050000,-0.001075
2025-05-01T14:15:10.060000,0.000156
2025-05-01T14:15:10.070000,-0.006745
2025-05-01T14:15:10.080000,0.006929
2025-05-01T14:15:10.090000,-0.002008
2025-05-01T14:15:10.100000,0.002993
2025-05-01T14:15:10.110000,-0.001861
2025-05-01T14:15:10.120000,-0.009169
2025-05-01T14:15:10.130000,-0.008409
2025-05-01T14:15:10.140000,0.006020
2025-05-01T14:15:10.150000,0.002042
2025-05-01T14:15:10.160000,0.016997
2025-05-01T14:15:10.170000,-0.010037
2025-05-01T14:15:10.180000,0.007835
2025-05-01T14:15:10.190000,0.011223
2025-05-01T14:15:10.200000,-0.003291
2025-05-01T14:15:10.210000,0.012630
2025-05-01T14:15:10.220000,-0.009027
2025-05-01T14:15:10.230000,0.029122
2025-05-01T14:15:10.240000,-0.038145
2025-05-01T14:15:10.250000,-0.010297
2025-05-01T14:15:10.260000,-0.007906
2025-05-01T14:15:10.270000,0.007542
2025-05-01T14:15:10.280000,-0.009349
2025-05-01T14:15:10.290000,0.010907
2025-05-01T14:15:10.300000,0.018324
2025-05-01T14:15:10.310000,-0.009129
2025-05-01T14:15:10.320000,-0.005041
2025-05-01T14:15:10.330000,0.019033
2025-05-01T14:15:10.340000,-0.009021
2025-05-01T14:15:10.350000,-0.012490
2025-05-01T14:15:10.360000,-0.005594
2025-05-01T14:15:10.370000,0.009371
2025-05-01T14:15:10.380000,0.004708
2025-05-01T14:15:10.390000,-0.017245
2025-05-01T14:15:10.400000,-0.001883
2025-05-01T14:15:10.410000,0.000740
2025-05-01T14:15:10.420000,-0.015441
2025-05-01T14:15:10.430000,0.011431
2025-05-01T14:15:10.440000,0.005561
2025-05-01T14:15:10.450000,0.001654
2025-05-01T14:15:10.460000,0.007708
2025-05-01T14:15:10.470000,-0.012305
2025-05-01T14:15:10.480000,0.018448
2025-05-01T14:15:10.490000,-0.005540
2025-05-01T14:15:10.500000,-0.007655
2025-05-01T14:15:10.510000,0.005507
2025-05-01T14:15:10.520000,-0.002505
2025-05-01T14:15:10.530000,-0.002928
2025-05-01T14:15:10.540000,-0.006222
2025-05-01T14:15:10.550000,-0.009973
2025-05-01T14:15:10.560000,-0.012385
2025-05-01T14:15:10.570000,-0.011287
2025-05-01T14:15:10.580000,0.000485
2025-05-01T14:15:10.590000,0.019620
2025-05-01T14:15:10.600000,0.014347
2025-05-01T14:15:10.610000,-0.006789
2025-05-01T14:15:10.620000,-0.009649
2025-05-01T14:15:10.630000,-0.002310
2025-05-01T14:15:10.640000,-0.020629
2025-05-01T14:15:10.650000,-0.009416
2025-05-01T14:15:10.660000,0.013901
2025-05-01T14:15:10.670000,0.001940
2025-05-01T14:15:10.680000,0.006266
2025-05-01T14:15:10.690000,0.011703
2025-05-01T14:15:10.700000,0.012188
2025-05-01T14:15:10.710000,0.002043
2025-05-01T14:15:10.720000,0.004866
2025-05-01T14:15:10.730000,0.005688
2025-05-01T14:15:10.740000,0.009503
2025-05-01T14:15:10.750000,0.004575
2025-05-01T14:15:10.760000,-0.001369
2025-05-01T14:15:10.770000,0.000559
2025-05-01T14:15:10.780000,-0.011769
2025-05-01T14:15:10.790000,0.002569
2025-05-01T14:15:10.800000,-0.000753
2025-05-01T14:15:10.810000,0.002981
2025-05-01T14:15:10.820000,0.003933
2025-05-01T14:15:10.830000,-0.010443
2025-05-01T14:15:10.840000,-0.002840
2025-05-01T14:15:10.850000,-0.004667
2025-05-01T14:15:10.860000,0.009479
2025-05-01T14:15:10.870000,-0.008087
2025-05-01T14:15:10.880000,-0.020729
2025-05-01T14:15:10.890000,0.009592
2025-05-01T14:15:10.900000,0.006086
2025-05-01T14:15:10.910000,0.007971
2025-05-01T14:15:10.920000,0.002549
2025-05-01T14:15:10.930000,0.009531
2025-05-01T14:15:10.940000,-0.005327
2025-05-01T14:15:10.950000,-0.011901
2025-05-01T14:15:10.960000,-0.007263
2025-05-01T14:15:10.970000,-0.001370
2025-05-01T14:15:10.980000,0.010300
2025-05-01T14:15:10.990000,0.001039
2025-05-01T14:15:11,-0.004173
2025-05-01T14:15:11.010000,0.001481
2025-05-01T14:15:11.020000,0.006687
2025-05-01T14:15:11.030000,0.005000
2025-05-01T14:15:11.040000,-0.009620
2025-05-01T14:15:11.050000,0.000150
2025-05-01T14:15:11.060000,-0.001934
2025-05-01T14:15:11.070000,-0.014216
2025-05-01T14:15:11.080000,0.003485
2025-05-01T14:15:11.090000,0.014649
2025-05-01T14:15:11.100000,-0.001187
2025-05-01T14:15:11.110000,-0.000162
2025-05-01T14:15:11.120000,-0.003580
2025-05-01T14:15:11.130000,-0.006781
2025-05-01T14:15:11.140000,-0.011316
2025-05-01T14:15:11.150000,0.007280
2025-05-01T14:15:11.160000,-0.017659
2025-05-01T14:15:11.170000,0.000899
2025-05-01T14:15:11.180000,0.003313
2025-05-01T14:15:11.190000,0.003091
2025-05-01T14:15:11.200000,0.011353
2025-05-01T14:15:11.210000,-0.007057
2025-05-01T14:15:11.220000,0.001236
2025-05-01T14:15:11.230000,-0.006241
2025-05-01T14:15:11.240000,0.003623
2025-05-01T14:15:11.250000,-0.002938
2025-05-01T14:15:11.260000,0.021972
2025-05-01T14:15:11.270000,-0.000850
2025-05-01T14:15:11.280000,0.004901
2025-05-01T14:15:11.290000,-0.000135
2025-05-01T14:15:11.300000,0.004080
2025-05-01T14:15:11.310000,0.015996
2025-05-01T14:15:11.320000,-0.009657
2025-05-01T14:15:11.330000,-0.022326
2025-05-01T14:15:11.340000,-0.018145
2025-05-01T14:15:11.350000,-0.012819
2025-05-01T14:15:11.360000,0.001664
2025-05-01T14:15:11.370000,0.028064
2025-05-01T14:15:11.380000,0.004314
2025-05-01T14:15:11.390000,-0.011374
2025-05-01T14:15:11.400000,0.001564
2025-05-01T14:15:11.410000,0.001547
2025-05-01T14:15:11.420000,0.002694
2025-05-01T14:15:11.430000,-0.009953
2025-05-01T14:15:11.440000,0.009792
2025-05-01T14:15:11.450000,-0.017896
2025-05-01T14:15:11.460000,0.009507
2025-05-01T14:15:11.470000,0.002501
2025-05-01T14:15:11.480000,-0.009260
2025-05-01T14:15:11.490000,-0.002777
2025-05-01T14:15:11.500000,0.002733
2025-05-01T14:15:11.510000,0.004025
2025-05-01T14:15:11.520000,-0.000061
2025-05-01T14:15:11.530000,0.004186
2025-05-01T14:15:11.540000,-0.012539
2025-05-01T14:15:11.550000,0.008938
2025-05-01T14:15:11.560000,0.007182
2025-05-01T14:15:11.570000,0.002318
2025-05-01T14:15:11.580000,-0.010457
2025-05-01T14:15:11.590000,-0.013777
2025-05-01T14:15:11.600000,0.007319
2025-05-01T14:15:11.610000,0.002907
2025-05-01T14:15:11.620000,-0.016078
2025-05-01T14:15:11.630000,0.004416
2025-05-01T14:15:11.640000,0.008545
2025-05-01T14:15:11.650000,0.008743
2025-05-01T14:15:11.660000,0.010058
2025-05-01T14:15:11.670000,0.000199
2025-05-01T14:15:11.680000,0.016799
2025-05-01T14:15:11.690000,0.002964
2025-05-01T14:15:11.700000,-0.003055
2025-05-01T14:15:11.710000,-0.012910
2025-05-01T14:15:11.720000,0.013913
2025-05-01T14:15:11.730000,-0.011414
2025-05-01T14:15:11.740000,0.006120
2025-05-01T14:15:11.750000,-0.000541
2025-05-01T14:15:11.760000,-0.003609
2025-05-01T14:15:11.770000,-0.006185
2025-05-01T14:15:11.780000,0.013414
2025-05-01T14:15:11.790000,-0.005973
2025-05-01T14:15:11.800000,0.008516
2025-05-01T14:15:11.810000,0.000713
2025-05-01T14:15:11.820000,0.015839
2025-05-01T14:15:11.830000,-0.002640
2025-05-01T14:15:11.840000,0.015811
2025-05-01T14:15:11.850000,0.004332
2025-05-01T14:15:11.860000,0.021580
2025-05-01T14:15:11.870000,-0.001304
2025-05-01T14:15:11.880000,0.001920
2025-05-01T14:15:11.890000,-0.000443
2025-05-01T14:15:11.900000,-0.010849
2025-05-01T14:15:11.910000,-0.016910
2025-05-01T14:15:11.920000,0.007041
2025-05-01T14:15:11.930000,-0.007007
2025-05-01T14:15:11.940000,-0.008284
2025-05-01T14:15:11.950000,0.008620
2025-05-01T14:15:11.960000,-0.000618
2025-05-01T14:15:11.970000,0.003961
2025-05-01T14:15:11.980000,0.008261
2025-05-01T14:15:11.990000,-0.007481
2025-05-01T14:15:12,0.015683
2025-05-01T14:15:12.010000,-0.001944
2025-05-01T14:15:12.020000,-0.010606
2025-05-01T14:15:12.030000,-0.005926
2025-05-01T14:15:12.040000,-0.007109
2025-05-01T14:15:12.050000,-0.002431
2025-05-01T14:15:12.060000,-0.007047
2025-05-01T14:15:12.070000,0.012152
2025-05-01T14:15:12.080000,0.006792
2025-05-01T14:15:12.090000,-0.000209
2025-05-01T14:15:12.100000,-0.012912
2025-05-01T14:15:12.110000,0.008871
2025-05-01T14:15:12.120000,-0.004499
2025-05-01T14:15:12.130000,-0.011791
2025-05-01T14:15:12.140000,0.002052
2025-05-01T14:15:12.150000,-0.002844
2025-05-01T14:15:12.160000,-0.026438
2025-05-01T14:15:12.170000,-0.012679
2025-05-01T14:15:12.180000,-0.019924
2025-05-01T14:15:12.190000,-0.009180
2025-05-01T14:15:12.200000,-0.008523
2025-05-01T14:15:12.210000,-0.014311
2025-05-01T14:15:12.220000,-0.006865
2025-05-01T14:15:12.230000,-0.029095
2025-05-01T14:15:12.240000,0.010075
2025-05-01T14:15:12.250000,-0.002080
2025-05-01T14:15:12.260000,0.001893
2025-05-01T14:15:12.270000,-0.017327
2025-05-01T14:15:12.280000,0.010412
2025-05-01T14:15:12.290000,-0.003020
2025-05-01T14:15:12.300000,0.004374
2025-05-01T14:15:12.310000,0.001690
2025-05-01T14:15:12.320000,-0.007535
2025-05-01T14:15:12.330000,-0.011643
2025-05-01T14:15:12.340000,-0.006605
2025-05-01T14:15:12.350000,-0.012810
2025-05-01T14:15:12.360000,-0.010479
2025-05-01T14:15:12.370000,-0.007154
2025-05-01T14:15:12.380000,0.008634
2025-05-01T14:15:12.390000,-0.029555
2025-05-01T14:15:12.400000,0.005307
2025-05-01T14:15:12.410000,0.006720
2025-05-01T14:15:12.420000,-0.005588
2025-05-01T14:15:12.430000,0.009574
2025-05-01T14:15:12.440000,0.008805
2025-05-01T14:15:12.450000,0.004266
2025-05-01T14:15:12.460000,-0.014180
2025-05-01T14:15:12.470000,0.005339
2025-05-01T14:15:12.480000,-0.001553
2025-05-01T14:15:12.490000,-0.002704
2025-05-01T14:15:12.500000,0.003405
2025-05-01T14:15:12.510000,-0.024971
2025-05-01T14:15:12.520000,-0.015723
2025-05-01T14:15:12.530000,0.011492
2025-05-01T14:15:12.540000,0.008986
2025-05-01T14:15:12.550000,0.000858
2025-05-01T14:15:12.560000,-0.003677
2025-05-01T14:15:12.570000,0.013281
2025-05-01T14:15:12.580000,0.010027
2025-05-01T14:15:12.590000,0.026059
2025-05-01T14:15:12.600000,0.006142
2025-05-01T14:15:12.610000,-0.016693
2025-05-01T14:15:12.620000,0.004489
2025-05-01T14:15:12.630000,-0.003675
2025-05-01T14:15:12.640000,0.009938
2025-05-01T14:15:12.650000,0.018936
2025-05-01T14:15:12.660000,0.014365
2025-05-01T14:15:12.670000,-0.013235
2025-05-01T14:15:12.680000,-0.004609
2025-05-01T14:15:12.690000,0.004929
2025-05-01T14:15:12.700000,-0.005669
2025-05-01T14:15:12.710000,-0.011144
2025-05-01T14:15:12.720000,0.010363
2025-05-01T14:15:12.730000,-0.001946
2025-05-01T14:15:12.740000,-0.035131
2025-05-01T14:15:12.750000,-0.004688
2025-05-01T14:15:12.760000,0.002949
2025-05-01T14:15:12.770000,-0.001891
2025-05-01T14:15:12.780000,-0.001904
2025-05-01T14:15:12.790000,0.012544
2025-05-01T14:15:12.800000,-0.010640
2025-05-01T14:15:12.810000,0.008749
2025-05-01T14:15:12.820000,-0.015490
2025-05-01T14:15:12.830000,0.004405
2025-05-01T14:15:12.840000,0.015202
2025-05-01T14:15:12.850000,0.015053
2025-05-01T14:15:12.860000,-0.000004
2025-05-01T14:15:12.870000,-0.023505
2025-05-01T14:15:12.880000,-0.003162
2025-05-01T14:15:12.890000,-0.003530
2025-05-01T14:15:12.900000,0.006402
2025-05-01T14:15:12.910000,0.008608
2025-05-01T14:15:12.920000,0.001839
2025-05-01T14:15:12.930000,-0.001732
2025-05-01T14:15:12.940000,0.008504
2025-05-01T14:15:12.950000,-0.003896
2025-05-01T14:15:12.960000,-0.003847
2025-05-01T14:15:12.970000,-0.000007
2025-05-01T14:15:12.980000,0.012506
2025-05-01T14:15:12.990000,0.012820
2025-05-01T14:15:13,-0.001071
2025-05-01T14:15:13.010000,0.013877
2025-05-01T14:15:13.020000,-0.009107
2025-05-01T14:15:13.030000,-0.009114
2025-05-01T14:15:13.040000,0.017227
2025-05-01T14:15:13.050000,-0.006318
2025-05-01T14:15:13.060000,0.007972
2025-05-01T14:15:13.070000,0.015145
2025-05-01T14:15:13.080000,-0.010744
2025-05-01T14:15:13.090000,0.006419
2025-05-01T14:15:13.100000,0.003484
2025-05-01T14:15:13.110000,0.016346
2025-05-01T14:15:13.120000,0.027121
2025-05-01T14:15:13.130000,-0.004845
2025-05-01T14:15:13.140000,0.004253
2025-05-01T14:15:13.150000,0.000206
2025-05-01T14:15:13.160000,0.010062
2025-05-01T14:15:13.170000,0.000079
2025-05-01T14:15:13.180000,0.011734
2025-05-01T14:15:13.190000,-0.007295
2025-05-01T14:15:13.200000,0.009150
2025-05-01T14:15:13.210000,0.011014
2025-05-01T14:15:13.220000,0.004462
2025-05-01T14:15:13.230000,-0.014084
2025-05-01T14:15:13.240000,-0.013396
2025-05-01T14:15:13.250000,-0.002971
2025-05-01T14:15:13.260000,0.018888
2025-05-01T14:15:13.270000,0.003942
2025-05-01T14:15:13.280000,-0.008376
2025-05-01T14:15:13.290000,0.006540
2025-05-01T14:15:13.300000,-0.013490
2025-05-01T14:15:13.310000,0.005025
2025-05-01T14:15:13.320000,0.015282
2025-05-01T14:15:13.330000,-0.002254
2025-05-01T14:15:13.340000,0.002699
2025-05-01T14:15:13.350000,-0.008423
2025-05-01T14:15:13.360000,-0.008964
2025-05-01T14:15:13.370000,0.004038
2025-05-01T14:15:13.380000,0.003557
2025-05-01T14:15:13.390000,0.003868
2025-05-01T14:15:13.400000,0.001855
2025-05-01T14:15:13.410000,0.008237
2025-05-01T14:15:13.420000,0.003606
2025-05-01T14:15:13.430000,-0.008465
2025-05-01T14:15:13.440000,-0.012549
2025-05-01T14:15:13.450000,0.000521
2025-05-01T14:15:13.460000,0.002968
2025-05-01T14:15:13.470000,0.001101
2025-05-01T14:15:13.480000,-0.002132
2025-05-01T14:15:13.490000,-0.002933
2025-05-01T14:15:13.500000,0.001652
2025-05-01T14:15:13.510000,-0.009171
2025-05-01T14:15:13.520000,-0.001869
2025-05-01T14:15:13.530000,0.019749
2025-05-01T14:15:13.540000,-0.006829
2025-05-01T14:15:13.550000,0.009560
2025-05-01T14:15:13.560000,-0.002677
2025-05-01T14:15:13.570000,0.013163
2025-05-01T14:15:13.580000,0.018225
2025-05-01T14:15:13.590000,0.001910
2025-05-01T14:15:13.600000,-0.002453
2025-05-01T14:15:13.610000,-0.020827
2025-05-01T14:15:13.620000,-0.013881
2025-05-01T14:15:13.630000,-0.004542
2025-05-01T14:15:13.640000,0.001809
2025-05-01T14:15:13.650000,-0.005211
2025-05-01T14:15:13.660000,0.002208
2025-05-01T14:15:13.670000,0.002904
2025-05-01T14:15:13.680000,0.002730
2025-05-01T14:15:13.690000,-0.001132
2025-05-01T14:15:13.700000,-0.004871
2025-05-01T14:15:13.710000,0.000760
2025-05-01T14:15:13.720000,0.002849
2025-05-01T14:15:13.730000,0.008964
2025-05-01T14:15:13.740000,-0.002658
2025-05-01T14:15:13.750000,0.008340
2025-05-01T14:15:13.760000,-0.012515
2025-05-01T14:15:13.770000,-0.006393
2025-05-01T14:15:13.780000,-0.011149
2025-05-01T14:15:13.790000,0.002771
2025-05-01T14:15:13.800000,-0.007137
2025-05-01T14:15:13.810000,-0.011644
2025-05-01T14:15:13.820000,-0.010859
2025-05-01T14:15:13.830000,-0.002031
2025-05-01T14:15:13.840000,0.016932
2025-05-01T14:15:13.850000,-0.006336
2025-05-01T14:15:13.860000,0.004970
2025-05-01T14:15:13.870000,0.008028
2025-05-01T14:15:13.880000,-0.010743
2025-05-01T14:15:13.890000,0.002629
2025-05-01T14:15:13.900000,0.006789
2025-05-01T14:15:13.910000,-0.007085
2025-05-01T14:15:13.920000,0.005611
2025-05-01T14:15:13.930000,0.003247
2025-05-01T14:15:13.940000,0.011443
2025-05-01T14:15:13.950000,-0.003220
2025-05-01T14:15:13.960000,0.016209
2025-05-01T14:15:13.970000,-0.006980
2025-05-01T14:15:13.980000,0.012804
2025-05-01T14:15:13.990000,0.003888
2025-05-01T14:15:14,-0.012047
2025-05-01T14:15:14.010000,-0.017137
2025-05-01T14:15:14.020000,0.000112
2025-05-01T14:15:14.030000,-0.001637
2025-05-01T14:15:14.040000,0.000091
2025-05-01T14:15:14.050000,0.004260
2025-05-01T14:15:14.060000,-0.008144
2025-05-01T14:15:14.070000,-0.012945
2025-05-01T14:15:14.080000,0.007429
2025-05-01T14:15:14.090000,-0.010339
2025-05-01T14:15:14.100000,-0.008266
2025-05-01T14:15:14.110000,-0.007996
2025-05-01T14:15:14.120000,0.013918
2025-05-01T14:15:14.130000,-0.009080
2025-05-01T14:15:14.140000,-0.009200
2025-05-01T14:15:14.150000,0.003503
2025-05-01T14:15:14.160000,-0.002591
2025-05-01T14:15:14.170000,0.001118
2025-05-01T14:15:14.180000,0.016736
2025-05-01T14:15:14.190000,0.028379
2025-05-01T14:15:14.200000,-0.009865
2025-05-01T14:15:14.210000,-0.028371
2025-05-01T14:15:14.220000,0.003787
2025-05-01T14:15:14.230000,0.001884
2025-05-01T14:15:14.240000,0.010184
2025-05-01T14:15:14.250000,0.014020
2025-05-01T14:15:14.260000,0.005659
2025-05-01T14:15:14.270000,0.005236
2025-05-01T14:15:14.280000,-0.004898
2025-05-01T14:15:14.290000,0.015876
2025-05-01T14:15:14.300000,0.001938
2025-05-01T14:15:14.310000,-0.014967
2025-05-01T14:15:14.320000,-0.012265
2025-05-01T14:15:14.330000,0.000662
2025-05-01T14:15:14.340000,0.007257
2025-05-01T14:15:14.350000,-0.019445
2025-05-01T14:15:14.360000,-0.002648
2025-05-01T14:15:14.370000,0.002347
2025-05-01T14:15:14.380000,-0.001253
2025-05-01T14:15:14.390000,-0.002323
2025-05-01T14:15:14.400000,-0.000064
2025-05-01T14:15:14.410000,0.005106
2025-05-01T14:15:14.420000,0.003292
2025-05-01T14:15:14.430000,0.009241
2025-05-01T14:15:14.440000,0.010129
2025-05-01T14:15:14.450000,0.011738
2025-05-01T14:15:14.460000,0.011098
2025-05-01T14:15:14.470000,0.005694
2025-05-01T14:15:14.480000,0.000112
2025-05-01T14:15:14.490000,-0.014003
2025-05-01T14:15:14.500000,0.000264
2025-05-01T14:15:14.510000,0.008285
2025-05-01T14:15:14.520000,-0.011750
2025-05-01T14:15:14.530000,0.005531
2025-05-01T14:15:14.540000,0.015126
2025-05-01T14:15:14.550000,-0.002063
2025-05-01T14:15:14.560000,-0.014320
2025-05-01T14:15:14.570000,0.001469
2025-05-01T14:15:14.580000,-0.007813
2025-05-01T14:15:14.590000,0.024182
2025-05-01T14:15:14.600000,0.000541
2025-05-01T14:15:14.610000,0.011588
2025-05-01T14:15:14.620000,0.001339
2025-05-01T14:15:14.630000,0.000947
2025-05-01T14:15:14.640000,0.012827
2025-05-01T14:15:14.650000,0.023647
2025-05-01T14:15:14.660000,0.004052
2025-05-01T14:15:14.670000,-0.011551
2025-05-01T14:15:14.680000,0.007700
2025-05-01T14:15:14.690000,0.015187
2025-05-01T14:15:14.700000,-0.006163
2025-05-01T14:15:14.710000,0.007392
2025-05-01T14:15:14.720000,0.009894
2025-05-01T14:15:14.730000,0.001272
2025-05-01T14:15:14.740000,0.012888
2025-05-01T14:15:14.750000,-0.006812
2025-05-01T14:15:14.760000,-0.004880
2025-05-01T14:15:14.770000,0.016353
2025-05-01T14:15:14.780000,-0.018546
2025-05-01T14:15:14.790000,-0.000139
2025-05-01T14:15:14.800000,-0.020726
2025-05-01T14:15:14.810000,-0.006990
2025-05-01T14:15:14.820000,-0.005432
2025-05-01T14:15:14.830000,-0.007126
2025-05-01T14:15:14.840000,0.006697
2025-05-01T14:15:14.850000,0.000428
2025-05-01T14:15:14.860000,0.011707
2025-05-01T14:15:14.870000,-0.021586
2025-05-01T14:15:14.880000,-0.000417
2025-05-01T14:15:14.890000,-0.000171
2025-05-01T14:15:14.900000,0.000960
2025-05-01T14:15:14.910000,0.008846
2025-05-01T14:15:14.920000,-0.001370
2025-05-01T14:15:14.930000,-0.005138
2025-05-01T14:15:14.940000,-0.000591
2025-05-01T14:15:14.950000,0.002933
2025-05-01T14:15:14.960000,0.005205
2025-05-01T14:15:14.970000,-0.002323
2025-05-01T14:15:14.980000,-0.007764
2025-05-01T14:15:14.990000,-0.010605
2025-05-01T14:15:15,0.014821
2025-05-01T14:15:15.010000,0.016274
2025-05-01T14:15:15.020000,-0.013227
2025-05-01T14:15:15.030000,0.006633
2025-05-01T14:15:15.040000,-0.002712
2025-05-01T14:15:15.050000,0.019443
2025-05-01T14:15:15.060000,-0.020747
2025-05-01T14:15:15.070000,-0.003663
2025-05-01T14:15:15.080000,-0.004795
2025-05-01T14:15:15.090000,-0.005913
2025-05-01T14:15:15.100000,-0.005358
2025-05-01T14:15:15.110000,-0.006629
2025-05-01T14:15:15.120000,-0.016818
2025-05-01T14:15:15.130000,-0.014668
2025-05-01T14:15:15.140000,0.006551
2025-05-01T14:15:15.150000,0.006777
2025-05-01T14:15:15.160000,0.010677
2025-05-01T14:15:15.170000,-0.003805
2025-05-01T14:15:15.180000,0.013912
2025-05-01T14:15:15.190000,0.008536
2025-05-01T14:15:15.200000,0.018585
2025-05-01T14:15:15.210000,-0.004973
2025-05-01T14:15:15.220000,-0.005495
2025-05-01T14:15:15.230000,-0.002435
2025-05-01T14:15:15.240000,0.019163
2025-05-01T14:15:15.250000,-0.003307
2025-05-01T14:15:15.260000,0.009091
2025-05-01T14:15:15.270000,0.010178
2025-05-01T14:15:15.280000,0.011838
2025-05-01T14:15:15.290000,0.001213
2025-05-01T14:15:15.300000,-0.006566
2025-05-01T14:15:15.310000,-0.002046
2025-05-01T14:15:15.320000,-0.011545
2025-05-01T14:15:15.330000,-0.008672
2025-05-01T14:15:15.340000,0.004092
2025-05-01T14:15:15.350000,-0.011950
2025-05-01T14:15:15.360000,0.002696
2025-05-01T14:15:15.370000,-0.006563
2025-05-01T14:15:15.380000,0.018299
2025-05-01T14:15:15.390000,-0.000338
2025-05-01T14:15:15.400000,0.008709
2025-05-01T14:15:15.410000,-0.007353
2025-05-01T14:15:15.420000,0.002905
2025-05-01T14:15:15.430000,0.001661
2025-05-01T14:15:15.440000,-0.017460
2025-05-01T14:15:15.450000,0.010746
2025-05-01T14:15:15.460000,0.010490
2025-05-01T14:15:15.470000,0.003422
2025-05-01T14:15:15.480000,0.004978
2025-05-01T14:15:15.490000,-0.017729
2025-05-01T14:15:15.500000,-0.006425
2025-05-01T14:15:15.510000,0.013625
2025-05-01T14:15:15.520000,-0.000438
2025-05-01T14:15:15.530000,-0.002746
2025-05-01T14:15:15.540000,-0.004130
2025-05-01T14:15:15.550000,-0.012622
2025-05-01T14:15:15.560000,0.001281
2025-05-01T14:15:15.570000,-0.004792
2025-05-01T14:15:15.580000,-0.010325
2025-05-01T14:15:15.590000,-0.000586
2025-05-01T14:15:15.600000,-0.010521
2025-05-01T14:15:15.610000,-0.015339
2025-05-01T14:15:15.620000,-0.004784
2025-05-01T14:15:15.630000,-0.001140
2025-05-01T14:15:15.640000,-0.014007
2025-05-01T14:15:15.650000,-0.007751
2025-05-01T14:15:15.660000,0.032018
2025-05-01T14:15:15.670000,-0.013119
2025-05-01T14:15:15.680000,-0.015675
2025-05-01T14:15:15.690000,0.015459
2025-05-01T14:15:15.700000,-0.009468
2025-05-01T14:15:15.710000,0.012347
2025-05-01T14:15:15.720000,-0.002967
2025-05-01T14:15:15.730000,0.008152
2025-05-01T14:15:15.740000,-0.005371
2025-05-01T14:15:15.750000,0.005804
2025-05-01T14:15:15.760000,0.003286
2025-05-01T14:15:15.770000,-0.018271
2025-05-01T14:15:15.780000,-0.005969
2025-05-01T14:15:15.790000,-0.010900
2025-05-01T14:15:15.800000,-0.003425
2025-05-01T14:15:15.810000,-0.000575
2025-05-01T14:15:15.820000,-0.026316
2025-05-01T14:15:15.830000,-0.012612
2025-05-01T14:15:15.840000,-0.006512
2025-05-01T14:15:15.850000,-0.003323
2025-05-01T14:15:15.860000,-0.021077
2025-05-01T14:15:15.870000,0.012706
2025-05-01T14:15:15.880000,-0.007650
2025-05-01T14:15:15.890000,-0.006608
2025-05-01T14:15:15.900000,0.004476
2025-05-01T14:15:15.910000,0.011633
2025-05-01T14:15:15.920000,0.006511
2025-05-01T14:15:15.930000,0.016252
2025-05-01T14:15:15.940000,-0.015157
2025-05-01T14:15:15.950000,-0.000984
2025-05-01T14:15:15.960000,0.005068
2025-05-01T14:15:15.970000,-0.010557
2025-05-01T14:15:15.980000,-0.009213
2025-05-01T14:15:15.990000,-0.012665
2025-05-01T14:15:16,-0.003819
2025-05-01T14:15:16.010000,0.013556
2025-05-01T14:15:16.020000,-0.018829
2025-05-01T14:15:16.030000,0.000012
2025-05-01T14:15:16.040000,0.005814
2025-05-01T14:15:16.050000,-0.005949
2025-05-01T14:15:16.060000,0.000186
2025-05-01T14:15:16.070000,0.009387
2025-05-01T14:15:16.080000,0.000055
2025-05-01T14:15:16.090000,-0.000076
2025-05-01T14:15:16.100000,-0.015089
2025-05-01T14:15:16.110000,-0.004234
2025-05-01T14:15:16.120000,-0.009396
2025-05-01T14:15:16.130000,0.013808
2025-05-01T14:15:16.140000,0.014228
2025-05-01T14:15:16.150000,-0.003448
2025-05-01T14:15:16.160000,0.007133
2025-05-01T14:15:16.170000,0.000779
2025-05-01T14:15:16.180000,0.010479
2025-05-01T14:15:16.190000,0.002790
2025-05-01T14:15:16.200000,-0.005866
2025-05-01T14:15:16.210000,-0.011777
2025-05-01T14:15:16.220000,0.010165
2025-05-01T14:15:16.230000,0.011120
2025-05-01T14:15:16.240000,-0.000763
2025-05-01T14:15:16.250000,0.014775
2025-05-01T14:15:16.260000,-0.000425
2025-05-01T14:15:16.270000,0.008755
2025-05-01T14:15:16.280000,0.017162
2025-05-01T14:15:16.290000,0.001989
2025-05-01T14:15:16.300000,0.010260
2025-05-01T14:15:16.310000,-0.008985
2025-05-01T14:15:16.320000,0.004690
2025-05-01T14:15:16.330000,-0.000450
2025-05-01T14:15:16.340000,0.001446
2025-05-01T14:15:16.350000,-0.007711
2025-05-01T14:15:16.360000,-0.017233
2025-05-01T14:15:16.370000,0.011055
2025-05-01T14:15:16.380000,-0.000680
2025-05-01T14:15:16.390000,0.006391
2025-05-01T14:15:16.400000,0.015623
2025-05-01T14:15:16.410000,0.006067
2025-05-01T14:15:16.420000,-0.000676
2025-05-01T14:15:16.430000,-0.008270
2025-05-01T14:15:16.440000,-0.009241
2025-05-01T14:15:16.450000,0.000420
2025-05-01T14:15:16.460000,-0.017106
2025-05-01T14:15:16.470000,0.000916
2025-05-01T14:15:16.480000,-0.002799
2025-05-01T14:15:16.490000,-0.004949
2025-05-01T14:15:16.500000,0.007599
2025-05-01T14:15:16.510000,-0.004288
2025-05-01T14:15:16.520000,-0.008249
2025-05-01T14:15:16.530000,-0.003763
2025-05-01T14:15:16.540000,0.019723
2025-05-01T14:15:16.550000,0.004084
2025-05-01T14:15:16.560000,-0.006305
2025-05-01T14:15:16.570000,0.008204
2025-05-01T14:15:16.580000,0.002683
2025-05-01T14:15:16.590000,0.003361
2025-05-01T14:15:16.600000,0.021893
2025-05-01T14:15:16.610000,0.006465
2025-05-01T14:15:16.620000,0.001381
2025-05-01T14:15:16.630000,-0.002111
2025-05-01T14:15:16.640000,0.000298
2025-05-01T14:15:16.650000,0.003664
2025-05-01T14:15:16.660000,-0.000996
2025-05-01T14:15:16.670000,-0.007303
2025-05-01T14:15:16.680000,-0.002922
2025-05-01T14:15:16.690000,0.000660
2025-05-01T14:15:16.700000,-0.005816
2025-05-01T14:15:16.710000,0.000391
2025-05-01T14:15:16.720000,-0.007110
2025-05-01T14:15:16.730000,0.006796
2025-05-01T14:15:16.740000,0.005747
2025-05-01T14:15:16.750000,0.006423
2025-05-01T14:15:16.760000,0.001755
2025-05-01T14:15:16.770000,0.002777
2025-05-01T14:15:16.780000,0.007071
2025-05-01T14:15:16.790000,-0.025968
2025-05-01T14:15:16.800000,0.005080
2025-05-01T14:15:16.810000,-0.000930
2025-05-01T14:15:16.820000,-0.016052
2025-05-01T14:15:16.830000,0.009960
2025-05-01T14:15:16.840000,0.005942
2025-05-01T14:15:16.850000,-0.001767
2025-05-01T14:15:16.860000,0.001620
2025-05-01T14:15:16.870000,0.006288
2025-05-01T14:15:16.880000,0.003999
2025-05-01T14:15:16.890000,-0.003154
2025-05-01T14:15:16.900000,0.003463
2025-05-01T14:15:16.910000,-0.003377
2025-05-01T14:15:16.920000,0.000105
2025-05-01T14:15:16.930000,0.016403
2025-05-01T14:15:16.940000,-0.013478
2025-05-01T14:15:16.950000,0.000188
2025-05-01T14:15:16.960000,-0.000755
2025-05-01T14:15:16.970000,-0.001681
2025-05-01T14:15:16.980000,0.004771
2025-05-01T14:15:16.990000,-0.013743
2025-05-01T14:15:17,0.001284
2025-05-01T14:15:17.010000,-0.017618
2025-05-01T14:15:17.020000,0.008869
2025-05-01T14:15:17.030000,-0.010680
2025-05-01T14:15:17.040000,-0.004155
2025-05-01T14:15:17.050000,-0.006893
2025-05-01T14:15:17.060000,-0.002748
2025-05-01T14:15:17.070000,-0.003868
2025-05-01T14:15:17.080000,0.010687
2025-05-01T14:15:17.090000,-0.000513
2025-05-01T14:15:17.100000,0.000573
2025-05-01T14:15:17.110000,0.008000
2025-05-01T14:15:17.120000,0.007355
2025-05-01T14:15:17.130000,-0.019187
2025-05-01T14:15:17.140000,0.004674
2025-05-01T14:15:17.150000,-0.016253
2025-05-01T14:15:17.160000,-0.001419
2025-05-01T14:15:17.170000,0.005840
2025-05-01T14:15:17.180000,-0.003133
2025-05-01T14:15:17.190000,-0.007905
2025-05-01T14:15:17.200000,-0.008160
2025-05-01T14:15:17.210000,-0.023314
2025-05-01T14:15:17.220000,-0.010046
2025-05-01T14:15:17.230000,-0.005280
2025-05-01T14:15:17.240000,0.004633
2025-05-01T14:15:17.250000,0.029887
2025-05-01T14:15:17.260000,-0.001392
2025-05-01T14:15:17.270000,-0.005364
2025-05-01T14:15:17.280000,-0.005816
2025-05-01T14:15:17.290000,-0.005088
2025-05-01T14:15:17.300000,-0.008316
2025-05-01T14:15:17.310000,0.009067
2025-05-01T14:15:17.320000,0.010182
2025-05-01T14:15:17.330000,0.000044
2025-05-01T14:15:17.340000,-0.003604
2025-05-01T14:15:17.350000,0.006443
2025-05-01T14:15:17.360000,-0.013197
2025-05-01T14:15:17.370000,-0.014249
2025-05-01T14:15:17.380000,0.002073
2025-05-01T14:15:17.390000,-0.008862
2025-05-01T14:15:17.400000,0.008930
2025-05-01T14:15:17.410000,-0.001019
2025-05-01T14:15:17.420000,-0.017430
2025-05-01T14:15:17.430000,0.002190
2025-05-01T14:15:17.440000,0.014216
2025-05-01T14:15:17.450000,0.016213
2025-05-01T14:15:17.460000,-0.004672
2025-05-01T14:15:17.470000,-0.001723
2025-05-01T14:15:17.480000,-0.002352
2025-05-01T14:15:17.490000,-0.006443
2025-05-01T14:15:17.500000,0.004323
2025-05-01T14:15:17.510000,0.011830
2025-05-01T14:15:17.520000,0.005942
2025-05-01T14:15:17.530000,0.010794
2025-05-01T14:15:17.540000,-0.009479
2025-05-01T14:15:17.550000,-0.008128
2025-05-01T14:15:17.560000,-0.004876
2025-05-01T14:15:17.570000,-0.011978
2025-05-01T14:15:17.580000,-0.019697
2025-05-01T14:15:17.590000,0.006628
2025-05-01T14:15:17.600000,0.011234
2025-05-01T14:15:17.610000,-0.004700
2025-05-01T14:15:17.620000,0.010131
2025-05-01T14:15:17.630000,0.008037
2025-05-01T14:15:17.640000,-0.025354
2025-05-01T14:15:17.650000,-0.015971
2025-05-01T14:15:17.660000,-0.005744
2025-05-01T14:15:17.670000,-0.007771
2025-05-01T14:15:17.680000,-0.001925
2025-05-01T14:15:17.690000,-0.002583
2025-05-01T14:15:17.700000,-0.006636
2025-05-01T14:15:17.710000,-0.011151
2025-05-01T14:15:17.720000,0.008775
2025-05-01T14:15:17.730000,-0.011553
2025-05-01T14:15:17.740000,0.000887
2025-05-01T14:15:17.750000,-0.006516
2025-05-01T14:15:17.760000,0.011140
2025-05-01T14:15:17.770000,0.013967
2025-05-01T14:15:17.780000,-0.011724
2025-05-01T14:15:17.790000,0.003377
2025-05-01T14:15:17.800000,0.002422
2025-05-01T14:15:17.810000,-0.004326
2025-05-01T14:15:17.820000,-0.008048
2025-05-01T14:15:17.830000,-0.005867
2025-05-01T14:15:17.840000,0.000832
2025-05-01T14:15:17.850000,-0.002496
2025-05-01T14:15:17.860000,-0.004809
2025-05-01T14:15:17.870000,0.002607
2025-05-01T14:15:17.880000,-0.012874
2025-05-01T14:15:17.890000,0.014356
2025-05-01T14:15:17.900000,-0.022224
2025-05-01T14:15:17.910000,0.013422
2025-05-01T14:15:17.920000,-0.013694
2025-05-01T14:15:17.930000,0.004212
2025-05-01T14:15:17.940000,0.009650
2025-05-01T14:15:17.950000,0.011501
2025-05-01T14:15:17.960000,-0.002910
2025-05-01T14:15:17.970000,-0.010796
2025-05-01T14:15:17.980000,0.024844
2025-05-01T14:15:17.990000,0.005869
2025-05-01T14:15:18,-0.009577
2025-05-01T14:15:18.010000,-0.001266
2025-05-01T14:15:18.020000,0.003323
2025-05-01T14:15:18.030000,-0.012697
2025-05-01T14:15:18.040000,0.003962
2025-05-01T14:15:18.050000,-0.000300
2025-05-01T14:15:18.060000,0.000879
2025-05-01T14:15:18.070000,0.003546
2025-05-01T14:15:18.080000,0.001874
2025-05-01T14:15:18.090000,-0.008650
2025-05-01T14:15:18.100000,0.007518
2025-05-01T14:15:18.110000,-0.010379
2025-05-01T14:15:18.120000,-0.026635
2025-05-01T14:15:18.130000,0.006204
2025-05-01T14:15:18.140000,-0.015980
2025-05-01T14:15:18.150000,0.001226
2025-05-01T14:15:18.160000,0.003029
2025-05-01T14:15:18.170000,-0.001961
2025-05-01T14:15:18.180000,-0.002212
2025-05-01T14:15:18.190000,-0.018098
2025-05-01T14:15:18.200000,-0.000931
2025-05-01T14:15:18.210000,0.002027
2025-05-01T14:15:18.220000,0.007912
2025-05-01T14:15:18.230000,-0.018247
2025-05-01T14:15:18.240000,0.015048
2025-05-01T14:15:18.250000,0.009490
2025-05-01T14:15:18.260000,0.008396
2025-05-01T14:15:18.270000,0.015195
2025-05-01T14:15:18.280000,-0.011237
2025-05-01T14:15:18.290000,-0.010656
2025-05-01T14:15:18.300000,-0.006176
2025-05-01T14:15:18.310000,-0.002432
2025-05-01T14:15:18.320000,0.000870
2025-05-01T14:15:18.330000,-0.010705
2025-05-01T14:15:18.340000,-0.003989
2025-05-01T14:15:18.350000,0.000878
2025-05-01T14:15:18.360000,-0.019267
2025-05-01T14:15:18.370000,-0.013537
2025-05-01T14:15:18.380000,0.019349
2025-05-01T14:15:18.390000,0.011517
2025-05-01T14:15:18.400000,0.003167
2025-05-01T14:15:18.410000,-0.008159
2025-05-01T14:15:18.420000,0.004559
2025-05-01T14:15:18.430000,0.022049
2025-05-01T14:15:18.440000,0.002844
2025-05-01T14:15:18.450000,0.000183
2025-05-01T14:15:18.460000,0.017186
2025-05-01T14:15:18.470000,-0.010569
2025-05-01T14:15:18.480000,-0.016459
2025-05-01T14:15:18.490000,-0.002762
2025-05-01T14:15:18.500000,0.010255
2025-05-01T14:15:18.510000,-0.007447
2025-05-01T14:15:18.520000,0.004442
2025-05-01T14:15:18.530000,0.004821
2025-05-01T14:15:18.540000,-0.027072
2025-05-01T14:15:18.550000,-0.018922
2025-05-01T14:15:18.560000,0.017253
2025-05-01T14:15:18.570000,0.000907
2025-05-01T14:15:18.580000,0.007732
2025-05-01T14:15:18.590000,-0.013773
2025-05-01T14:15:18.600000,0.007125
2025-05-01T14:15:18.610000,0.011787
2025-05-01T14:15:18.620000,0.003095
2025-05-01T14:15:18.630000,0.008967
2025-05-01T14:15:18.640000,0.006925
2025-05-01T14:15:18.650000,0.001043
2025-05-01T14:15:18.660000,0.010229
2025-05-01T14:15:18.670000,0.003390
2025-05-01T14:15:18.680000,0.006932
2025-05-01T14:15:18.690000,0.001674
2025-05-01T14:15:18.700000,0.000215
2025-05-01T14:15:18.710000,-0.019578
2025-05-01T14:15:18.720000,-0.005702
2025-05-01T14:15:18.730000,0.003573
2025-05-01T14:15:18.740000,0.015138
2025-05-01T14:15:18.750000,-0.002501
2025-05-01T14:15:18.760000,-0.011021
2025-05-01T14:15:18.770000,0.009318
2025-05-01T14:15:18.780000,0.003815
2025-05-01T14:15:18.790000,0.018356
2025-05-01T14:15:18.800000,-0.017395
2025-05-01T14:15:18.810000,-0.005903
2025-05-01T14:15:18.820000,-0.004884
2025-05-01T14:15:18.830000,-0.010733
2025-05-01T14:15:18.840000,0.018650
2025-05-01T14:15:18.850000,0.005389
2025-05-01T14:15:18.860000,0.007027
2025-05-01T14:15:18.870000,0.000213
2025-05-01T14:15:18.880000,0.014752
2025-05-01T14:15:18.890000,-0.019207
2025-05-01T14:15:18.900000,0.005187
2025-05-01T14:15:18.910000,-0.005028
2025-05-01T14:15:18.920000,-0.012198
2025-05-01T14:15:18.930000,0.009818
2025-05-01T14:15:18.940000,-0.011556
2025-05-01T14:15:18.950000,-0.009726
2025-05-01T14:15:18.960000,-0.011173
2025-05-01T14:15:18.970000,-0.001390
2025-05-01T14:15:18.980000,-0.005663
2025-05-01T14:15:18.990000,-0.016661
2025-05-01T14:15:19,-0.031658
2025-05-01T14:15:19.010000,-0.005409
2025-05-01T14:15:19.020000,-0.012233
2025-05-01T14:15:19.030000,0.001693
2025-05-01T14:15:19.040000,0.014691
2025-05-01T14:15:19.050000,-0.001165
2025-05-01T14:15:19.060000,-0.001307
2025-05-01T14:15:19.070000,-0.000442
2025-05-01T14:15:19.080000,-0.014274
2025-05-01T14:15:19.090000,0.012479
2025-05-01T14:15:19.100000,0.006044
2025-05-01T14:15:19.110000,-0.005948
2025-05-01T14:15:19.120000,0.001782
2025-05-01T14:15:19.130000,0.003796
2025-05-01T14:15:19.140000,-0.002513
2025-05-01T14:15:19.150000,0.000842
2025-05-01T14:15:19.160000,0.007700
2025-05-01T14:15:19.170000,0.003160
2025-05-01T14:15:19.180000,0.006038
2025-05-01T14:15:19.190000,-0.007472
2025-05-01T14:15:19.200000,-0.001498
2025-05-01T14:15:19.210000,-0.017448
2025-05-01T14:15:19.220000,0.004960
2025-05-01T14:15:19.230000,-0.013987
2025-05-01T14:15:19.240000,0.008600
2025-05-01T14:15:19.250000,-0.001460
2025-05-01T14:15:19.260000,0.003199
2025-05-01T14:15:19.270000,0.010520
2025-05-01T14:15:19.280000,-0.016814
2025-05-01T14:15:19.290000,0.000936
2025-05-01T14:15:19.300000,0.005292
2025-05-01T14:15:19.310000,0.009999
2025-05-01T14:15:19.320000,-0.002333
2025-05-01T14:15:19.330000,-0.008122
2025-05-01T14:15:19.340000,-0.014017
2025-05-01T14:15:19.350000,0.005903
2025-05-01T14:15:19.360000,-0.008606
2025-05-01T14:15:19.370000,-0.007607
2025-05-01T14:15:19.380000,-0.004292
2025-05-01T14:15:19.390000,0.013980
2025-05-01T14:15:19.400000,0.002792
2025-05-01T14:15:19.410000,-0.001127
2025-05-01T14:15:19.420000,-0.005799
2025-05-01T14:15:19.430000,0.007785
2025-05-01T14:15:19.440000,0.011842
2025-05-01T14:15:19.450000,-0.010824
2025-05-01T14:15:19.460000,-0.000079
2025-05-01T14:15:19.470000,-0.009861
2025-05-01T14:15:19.480000,-0.001683
2025-05-01T14:15:19.490000,0.002616
2025-05-01T14:15:19.500000,0.001448
2025-05-01T14:15:19.510000,-0.005202
2025-05-01T14:15:19.520000,-0.015663
2025-05-01T14:15:19.530000,-0.002245
2025-05-01T14:15:19.540000,-0.010763
2025-05-01T14:15:19.550000,0.000189
2025-05-01T14:15:19.560000,0.020492
2025-05-01T14:15:19.570000,-0.004125
2025-05-01T14:15:19.580000,-0.022359
2025-05-01T14:15:19.590000,0.002861
2025-05-01T14:15:19.600000,0.005824
2025-05-01T14:15:19.610000,-0.003459
2025-05-01T14:15:19.620000,-0.000735
2025-05-01T14:15:19.630000,0.029193
2025-05-01T14:15:19.640000,0.009825
2025-05-01T14:15:19.650000,-0.003963
2025-05-01T14:15:19.660000,-0.011358
2025-05-01T14:15:19.670000,-0.001391
2025-05-01T14:15:19.680000,0.007747
2025-05-01T14:15:19.690000,0.012285
2025-05-01T14:15:19.700000,-0.007342
2025-05-01T14:15:19.710000,0.008252
2025-05-01T14:15:19.720000,0.011782
2025-05-01T14:15:19.730000,0.001760
2025-05-01T14:15:19.740000,0.005727
2025-05-01T14:15:19.750000,0.003434
2025-05-01T14:15:19.760000,-0.001317
2025-05-01T14:15:19.770000,0.017690
2025-05-01T14:15:19.780000,-0.003922
2025-05-01T14:15:19.790000,0.015790
2025-05-01T14:15:19.800000,0.004681
2025-05-01T14:15:19.810000,-0.000282
2025-05-01T14:15:19.820000,-0.004283
2025-05-01T14:15:19.830000,0.026193
2025-05-01T14:15:19.840000,0.002699
2025-05-01T14:15:19.850000,-0.008305
2025-05-01T14:15:19.860000,0.004516
2025-05-01T14:15:19.870000,0.004276
2025-05-01T14:15:19.880000,0.002483
2025-05-01T14:15:19.890000,0.004214
2025-05-01T14:15:19.900000,-0.002548
2025-05-01T14:15:19.910000,-0.011692
2025-05-01T14:15:19.920000,-0.001998
2025-05-01T14:15:19.930000,0.008934
2025-05-01T14:15:19.940000,-0.005142
2025-05-01T14:15:19.950000,0.012602
2025-05-01T14:15:19.960000,-0.001122
2025-05-01T14:15:19.970000,-0.006205
2025-05-01T14:15:19.980000,-0.006882
2025-05-01T14:15:19.990000,0.003197
2025-05-01T14:15:20,-0.011842
2025-05-01T14:15:20.010000,-0.005014
2025-05-01T14:15:20.020000,-0.008713
2025-05-01T14:15:20.030000,-0.016234
2025-05-01T14:15:20.040000,-0.000035
2025-05-01T14:15:20.050000,0.012612
2025-05-01T14:15:20.060000,0.005612
2025-05-01T14:15:20.070000,0.004929
2025-05-01T14:15:20.080000,-0.009037
2025-05-01T14:15:20.090000,-0.026863
2025-05-01T14:15:20.100000,-0.016708
2025-05-01T14:15:20.110000,-0.010737
2025-05-01T14:15:20.120000,0.002712
2025-05-01T14:15:20.130000,-0.011979
2025-05-01T14:15:20.140000,-0.001147
2025-05-01T14:15:20.150000,-0.019233
2025-05-01T14:15:20.160000,-0.008212
2025-05-01T14:15:20.170000,0.003345
2025-05-01T14:15:20.180000,-0.005270
2025-05-01T14:15:20.190000,0.008214
2025-05-01T14:15:20.200000,-0.008562
2025-05-01T14:15:20.210000,0.012122
2025-05-01T14:15:20.220000,-0.013218
2025-05-01T14:15:20.230000,-0.009434
2025-05-01T14:15:20.240000,-0.003882
2025-05-01T14:15:20.250000,-0.013259
2025-05-01T14:15:20.260000,-0.001234
2025-05-01T14:15:20.270000,-0.005167
2025-05-01T14:15:20.280000,0.000417
2025-05-01T14:15:20.290000,-0.000040
2025-05-01T14:15:20.300000,-0.007677
2025-05-01T14:15:20.310000,-0.006849
2025-05-01T14:15:20.320000,0.007874
2025-05-01T14:15:20.330000,0.002959
2025-05-01T14:15:20.340000,-0.001742
2025-05-01T14:15:20.350000,-0.000725
2025-05-01T14:15:20.360000,0.006698
2025-05-01T14:15:20.370000,-0.000505
2025-05-01T14:15:20.380000,0.005449
2025-05-01T14:15:20.390000,0.007829
2025-05-01T14:15:20.400000,0.000901
2025-05-01T14:15:20.410000,-0.002026
2025-05-01T14:15:20.420000,-0.003526
2025-05-01T14:15:20.430000,-0.022345
2025-05-01T14:15:20.440000,-0.005148
2025-05-01T14:15:20.450000,-0.010157
2025-05-01T14:15:20.460000,-0.010309
2025-05-01T14:15:20.470000,0.005669
2025-05-01T14:15:20.480000,0.006206
2025-05-01T14:15:20.490000,0.002393
2025-05-01T14:15:20.500000,0.014637
2025-05-01T14:15:20.510000,0.005565
2025-05-01T14:15:20.520000,0.012052
2025-05-01T14:15:20.530000,0.007632
2025-05-01T14:15:20.540000,-0.008129
2025-05-01T14:15:20.550000,0.017661
2025-05-01T14:15:20.560000,0.005106
2025-05-01T14:15:20.570000,-0.011712
2025-05-01T14:15:20.580000,-0.011888
2025-05-01T14:15:20.590000,-0.007971
2025-05-01T14:15:20.600000,0.001877
2025-05-01T14:15:20.610000,-0.023265
2025-05-01T14:15:20.620000,0.019554
2025-05-01T14:15:20.630000,-0.006111
2025-05-01T14:15:20.640000,0.013626
2025-05-01T14:15:20.650000,0.005965
2025-05-01T14:15:20.660000,-0.016123
2025-05-01T14:15:20.670000,-0.001428
2025-05-01T14:15:20.680000,0.000930
2025-05-01T14:15:20.690000,0.006199
2025-05-01T14:15:20.700000,-0.000489
2025-05-01T14:15:20.710000,-0.015199
2025-05-01T14:15:20.720000,-0.000764
2025-05-01T14:15:20.730000,0.013834
2025-05-01T14:15:20.740000,-0.008886
2025-05-01T14:15:20.750000,-0.007410
2025-05-01T14:15:20.760000,-0.002098
2025-05-01T14:15:20.770000,0.005339
2025-05-01T14:15:20.780000,0.016480
2025-05-01T14:15:20.790000,-0.014580
2025-05-01T14:15:20.800000,-0.000659
2025-05-01T14:15:20.810000,-0.005859
2025-05-01T14:15:20.820000,-0.007091
2025-05-01T14:15:20.830000,0.012332
2025-05-01T14:15:20.840000,0.003275
2025-05-01T14:15:20.850000,0.010356
2025-05-01T14:15:20.860000,-0.012179
2025-05-01T14:15:20.870000,0.001067
2025-05-01T14:15:20.880000,-0.013337
2025-05-01T14:15:20.890000,0.011988
2025-05-01T14:15:20.900000,0.011309
2025-05-01T14:15:20.910000,0.011374
2025-05-01T14:15:20.920000,-0.007312
2025-05-01T14:15:20.930000,-0.002422
2025-05-01T14:15:20.940000,0.001860
2025-05-01T14:15:20.950000,-0.007200
2025-05-01T14:15:20.960000,-0.001305
2025-05-01T14:15:20.970000,-0.019247
2025-05-01T14:15:20.980000,-0.018681
2025-05-01T14:15:20.990000,-0.004739
2025-05-01T14:15:21,0.004537
2025-05-01T14:15:21.010000,-0.007769
2025-05-01T14:15:21.020000,-0.001083
2025-05-01T14:15:21.030000,0.002836
2025-05-01T14:15:21.040000,0.012335
2025-05-01T14:15:21.050000,-0.009205
2025-05-01T14:15:21.060000,0.021636
2025-05-01T14:15:21.070000,-0.012440
2025-05-01T14:15:21.080000,0.000731
2025-05-01T14:15:21.090000,-0.002385
2025-05-01T14:15:21.100000,-0.004180
2025-05-01T14:15:21.110000,0.014095
2025-05-01T14:15:21.120000,-0.002433
2025-05-01T14:15:21.130000,-0.010986
2025-05-01T14:15:21.140000,0.006374
2025-05-01T14:15:21.150000,0.009743
2025-05-01T14:15:21.160000,0.016925
2025-05-01T14:15:21.170000,-0.007225
2025-05-01T14:15:21.180000,-0.009460
2025-05-01T14:15:21.190000,0.012687
2025-05-01T14:15:21.200000,-0.001912
2025-05-01T14:15:21.210000,0.001368
2025-05-01T14:15:21.220000,-0.000076
2025-05-01T14:15:21.230000,0.011294
2025-05-01T14:15:21.240000,-0.009187
2025-05-01T14:15:21.250000,0.000211
2025-05-01T14:15:21.260000,0.013915
2025-05-01T14:15:21.270000,0.023129
2025-05-01T14:15:21.280000,-0.003478
2025-05-01T14:15:21.290000,0.012833
2025-05-01T14:15:21.300000,-0.000546
2025-05-01T14:15:21.310000,0.005273
2025-05-01T14:15:21.320000,-0.001693
2025-05-01T14:15:21.330000,-0.019998
2025-05-01T14:15:21.340000,0.007429
2025-05-01T14:15:21.350000,0.004612
2025-05-01T14:15:21.360000,0.001529
2025-05-01T14:15:21.370000,-0.012823
2025-05-01T14:15:21.380000,0.008823
2025-05-01T14:15:21.390000,-0.021166
2025-05-01T14:15:21.400000,0.009774
2025-05-01T14:15:21.410000,0.007799
2025-05-01T14:15:21.420000,0.021185
2025-05-01T14:15:21.430000,-0.002188
2025-05-01T14:15:21.440000,0.013723
2025-05-01T14:15:21.450000,0.009067
2025-05-01T14:15:21.460000,0.015028
2025-05-01T14:15:21.470000,-0.024568
2025-05-01T14:15:21.480000,0.004233
2025-05-01T14:15:21.490000,-0.005113
2025-05-01T14:15:21.500000,-0.006313
2025-05-01T14:15:21.510000,0.006608
2025-05-01T14:15:21.520000,0.008583
2025-05-01T14:15:21.530000,-0.008890
2025-05-01T14:15:21.540000,0.010953
2025-05-01T14:15:21.550000,0.003428
2025-05-01T14:15:21.560000,0.009495
2025-05-01T14:15:21.570000,-0.000865
2025-05-01T14:15:21.580000,0.000564
2025-05-01T14:15:21.590000,-0.012370
2025-05-01T14:15:21.600000,0.004237
2025-05-01T14:15:21.610000,0.000276
2025-05-01T14:15:21.620000,-0.015055
2025-05-01T14:15:21.630000,0.008640
2025-05-01T14:15:21.640000,0.017331
2025-05-01T14:15:21.650000,-0.006800
2025-05-01T14:15:21.660000,-0.000091
2025-05-01T14:15:21.670000,0.004901
2025-05-01T14:15:21.680000,0.006041
2025-05-01T14:15:21.690000,0.004887
2025-05-01T14:15:21.700000,0.001289
2025-05-01T14:15:21.710000,-0.004154
2025-05-01T14:15:21.720000,0.018604
2025-05-01T14:15:21.730000,-0.001247
2025-05-01T14:15:21.740000,-0.007770
2025-05-01T14:15:21.750000,-0.012869
2025-05-01T14:15:21.760000,0.005326
2025-05-01T14:15:21.770000,-0.000256
2025-05-01T14:15:21.780000,-0.012741
2025-05-01T14:15:21.790000,-0.005103
2025-05-01T14:15:21.800000,0.013924
2025-05-01T14:15:21.810000,-0.001541
2025-05-01T14:15:21.820000,-0.009227
2025-05-01T14:15:21.830000,-0.004317
2025-05-01T14:15:21.840000,0.007907
2025-05-01T14:15:21.850000,-0.002970
2025-05-01T14:15:21.860000,0.003006
2025-05-01T14:15:21.870000,0.017186
2025-05-01T14:15:21.880000,-0.005206
2025-05-01T14:15:21.890000,0.011666
2025-05-01T14:15:21.900000,0.017656
2025-05-01T14:15:21.910000,-0.003872
2025-05-01T14:15:21.920000,-0.024671
2025-05-01T14:15:21.930000,0.014512
2025-05-01T14:15:21.940000,-0.025051
2025-05-01T14:15:21.950000,-0.005900
2025-05-01T14:15:21.960000,-0.007369
2025-05-01T14:15:21.970000,0.014843
2025-05-01T14:15:21.980000,-0.009825
2025-05-01T14:15:21.990000,0.000802
2025-05-01T14:15:22,-0.011844
2025-05-01T14:15:22.010000,-0.001533
2025-05-01T14:15:22.020000,0.008287
2025-05-01T14:15:22.030000,0.000535
2025-05-01T14:15:22.040000,0.014373
2025-05-01T14:15:22.050000,-0.014843
2025-05-01T14:15:22.060000,0.009280
2025-05-01T14:15:22.070000,-0.000625
2025-05-01T14:15:22.080000,-0.001613
2025-05-01T14:15:22.090000,0.008475
2025-05-01T14:15:22.100000,0.003490
2025-05-01T14:15:22.110000,0.005736
2025-05-01T14:15:22.120000,0.000581
2025-05-01T14:15:22.130000,-0.007429
2025-05-01T14:15:22.140000,-0.013041
2025-05-01T14:15:22.150000,-0.012753
2025-05-01T14:15:22.160000,-0.011124
2025-05-01T14:15:22.170000,0.011878
2025-05-01T14:15:22.180000,0.005683
2025-05-01T14:15:22.190000,-0.000566
2025-05-01T14:15:22.200000,-0.016734
2025-05-01T14:15:22.210000,0.015708
2025-05-01T14:15:22.220000,0.011240
2025-05-01T14:15:22.230000,-0.015422
2025-05-01T14:15:22.240000,-0.004092
2025-05-01T14:15:22.250000,0.012219
2025-05-01T14:15:22.260000,-0.009642
2025-05-01T14:15:22.270000,0.017105
2025-05-01T14:15:22.280000,-0.009409
2025-05-01T14:15:22.290000,-0.013138
2025-05-01T14:15:22.300000,0.003651
2025-05-01T14:15:22.310000,-0.003126
2025-05-01T14:15:22.320000,-0.006067
2025-05-01T14:15:22.330000,0.010147
2025-05-01T14:15:22.340000,-0.005310
2025-05-01T14:15:22.350000,0.002387
2025-05-01T14:15:22.360000,-0.014643
2025-05-01T14:15:22.370000,0.014417
2025-05-01T14:15:22.380000,0.000789
2025-05-01T14:15:22.390000,0.007261
2025-05-01T14:15:22.400000,0.002993
2025-05-01T14:15:22.410000,0.001775
2025-05-01T14:15:22.420000,-0.006350
2025-05-01T14:15:22.430000,0.000790
2025-05-01T14:15:22.440000,0.004694
2025-05-01T14:15:22.450000,0.000243
2025-05-01T14:15:22.460000,-0.004621
2025-05-01T14:15:22.470000,0.014909
2025-05-01T14:15:22.480000,0.006950
2025-05-01T14:15:22.490000,0.004177
2025-05-01T14:15:22.500000,-0.008131
2025-05-01T14:15:22.510000,-0.004527
2025-05-01T14:15:22.520000,0.004765
2025-05-01T14:15:22.530000,0.005820
2025-05-01T14:15:22.540000,0.004911
2025-05-01T14:15:22.550000,-0.007268
2025-05-01T14:15:22.560000,-0.004740
2025-05-01T14:15:22.570000,-0.004106
2025-05-01T14:15:22.580000,-0.002835
2025-05-01T14:15:22.590000,-0.002342
2025-05-01T14:15:22.600000,0.013041
2025-05-01T14:15:22.610000,0.002343
2025-05-01T14:15:22.620000,0.001414
2025-05-01T14:15:22.630000,0.020989
2025-05-01T14:15:22.640000,0.002598
2025-05-01T14:15:22.650000,-0.001567
2025-05-01T14:15:22.660000,0.000911
2025-05-01T14:15:22.670000,0.011358
2025-05-01T14:15:22.680000,0.003206
2025-05-01T14:15:22.690000,0.000424
2025-05-01T14:15:22.700000,0.010672
2025-05-01T14:15:22.710000,0.011833
2025-05-01T14:15:22.720000,-0.008731
2025-05-01T14:15:22.730000,0.005832
2025-05-01T14:15:22.740000,-0.018970
2025-05-01T14:15:22.750000,-0.002466
2025-05-01T14:15:22.760000,0.010751
2025-05-01T14:15:22.770000,-0.007242
2025-05-01T14:15:22.780000,-0.002384
2025-05-01T14:15:22.790000,0.004971
2025-05-01T14:15:22.800000,-0.012288
2025-05-01T14:15:22.810000,0.005971
2025-05-01T14:15:22.820000,-0.009465
2025-05-01T14:15:22.830000,-0.020492
2025-05-01T14:15:22.840000,0.004969
2025-05-01T14:15:22.850000,0.004762
2025-05-01T14:15:22.860000,-0.012524
2025-05-01T14:15:22.870000,0.018111
2025-05-01T14:15:22.880000,-0.000693
2025-05-01T14:15:22.890000,-0.000419
2025-05-01T14:15:22.900000,-0.019797
2025-05-01T14:15:22.910000,0.007668
2025-05-01T14:15:22.920000,-0.008039
2025-05-01T14:15:22.930000,0.004772
2025-05-01T14:15:22.940000,0.016618
2025-05-01T14:15:22.950000,0.004668
2025-05-01T14:15:22.960000,0.003939
2025-05-01T14:15:22.970000,-0.013019
2025-05-01T14:15:22.980000,0.001217
2025-05-01T14:15:22.990000,0.007587
2025-05-01T14:15:23,0.008503
2025-05-01T14:15:23.010000,0.021123
2025-05-01T14:15:23.020000,0.005294
2025-05-01T14:15:23.030000,-0.015261
2025-05-01T14:15:23.040000,-0.001755
2025-05-01T14:15:23.050000,-0.008541
2025-05-01T14:15:23.060000,0.015355
2025-05-01T14:15:23.070000,-0.016792
2025-05-01T14:15:23.080000,-0.000035
2025-05-01T14:15:23.090000,0.016730
2025-05-01T14:15:23.100000,0.003311
2025-05-01T14:15:23.110000,0.006954
2025-05-01T14:15:23.120000,0.015381
2025-05-01T14:15:23.130000,-0.004072
2025-05-01T14:15:23.140000,-0.003720
2025-05-01T14:15:23.150000,-0.008459
2025-05-01T14:15:23.160000,0.002130
2025-05-01T14:15:23.170000,-0.002982
2025-05-01T14:15:23.180000,0.016691
2025-05-01T14:15:23.190000,0.008285
2025-05-01T14:15:23.200000,0.003221
2025-05-01T14:15:23.210000,0.006266
2025-05-01T14:15:23.220000,0.001600
2025-05-01T14:15:23.230000,-0.000851
2025-05-01T14:15:23.240000,0.004653
2025-05-01T14:15:23.250000,0.004692
2025-05-01T14:15:23.260000,-0.006752
2025-05-01T14:15:23.270000,-0.004790
2025-05-01T14:15:23.280000,-0.011413
2025-05-01T14:15:23.290000,0.010242
2025-05-01T14:15:23.300000,0.013712
2025-05-01T14:15:23.310000,-0.009675
2025-05-01T14:15:23.320000,0.000987
2025-05-01T14:15:23.330000,-0.002604
2025-05-01T14:15:23.340000,-0.005310
2025-05-01T14:15:23.350000,0.016068
2025-05-01T14:15:23.360000,0.020740
2025-05-01T14:15:23.370000,-0.008009
2025-05-01T14:15:23.380000,0.022141
2025-05-01T14:15:23.390000,0.008047
2025-05-01T14:15:23.400000,-0.003386
2025-05-01T14:15:23.410000,-0.014237
2025-05-01T14:15:23.420000,0.011195
2025-05-01T14:15:23.430000,0.016850
2025-05-01T14:15:23.440000,0.023161
2025-05-01T14:15:23.450000,-0.017142
2025-05-01T14:15:23.460000,0.002638
2025-05-01T14:15:23.470000,0.013023
2025-05-01T14:15:23.480000,0.010204
2025-05-01T14:15:23.490000,-0.010333
2025-05-01T14:15:23.500000,-0.008465
2025-05-01T14:15:23.510000,0.005051
2025-05-01T14:15:23.520000,-0.015137
2025-05-01T14:15:23.530000,-0.018497
2025-05-01T14:15:23.540000,0.007547
2025-05-01T14:15:23.550000,0.009262
2025-05-01T14:15:23.560000,0.000882
2025-05-01T14:15:23.570000,-0.014955
2025-05-01T14:15:23.580000,-0.009395
2025-05-01T14:15:23.590000,-0.003572
2025-05-01T14:15:23.600000,-0.003364
2025-05-01T14:15:23.610000,0.013278
2025-05-01T14:15:23.620000,0.003005
2025-05-01T14:15:23.630000,0.011523
2025-05-01T14:15:23.640000,0.005118
2025-05-01T14:15:23.650000,0.002175
2025-05-01T14:15:23.660000,0.010291
2025-05-01T14:15:23.670000,0.018153
2025-05-01T14:15:23.680000,0.002605
2025-05-01T14:15:23.690000,-0.008417
2025-05-01T14:15:23.700000,0.009749
2025-05-01T14:15:23.710000,0.017218
2025-05-01T14:15:23.720000,0.002663
2025-05-01T14:15:23.730000,-0.012959
2025-05-01T14:15:23.740000,0.002869
2025-05-01T14:15:23.750000,-0.015271
2025-05-01T14:15:23.760000,0.009870
2025-05-01T14:15:23.770000,-0.004080
2025-05-01T14:15:23.780000,0.006537
2025-05-01T14:15:23.790000,0.000829
2025-05-01T14:15:23.800000,0.006418
2025-05-01T14:15:23.810000,-0.005220
2025-05-01T14:15:23.820000,-0.014538
2025-05-01T14:15:23.830000,-0.011958
2025-05-01T14:15:23.840000,0.009652
2025-05-01T14:15:23.850000,0.000442
2025-05-01T14:15:23.860000,-0.005716
2025-05-01T14:15:23.870000,-0.001408
2025-05-01T14:15:23.880000,0.011938
2025-05-01T14:15:23.890000,-0.005599
2025-05-01T14:15:23.900000,-0.004636
2025-05-01T14:15:23.910000,0.002996
2025-05-01T14:15:23.920000,-0.015080
2025-05-01T14:15:23.930000,0.005694
2025-05-01T14:15:23.940000,0.005850
2025-05-01T14:15:23.950000,0.001291
2025-05-01T14:15:23.960000,0.006940
2025-05-01T14:15:23.970000,-0.007099
2025-05-01T14:15:23.980000,-0.002894
2025-05-01T14:15:23.990000,-0.014820
2025-05-01T14:15:24,0.004640
2025-05-01T14:15:24.010000,0.009996
2025-05-01T14:15:24.020000,-0.008986
2025-05-01T14:15:24.030000,-0.005240
2025-05-01T14:15:24.040000,-0.001383
2025-05-01T14:15:24.050000,0.003931
2025-05-01T14:15:24.060000,-0.006379
2025-05-01T14:15:24.070000,0.005634
2025-05-01T14:15:24.080000,-0.000924
2025-05-01T14:15:24.090000,-0.016453
2025-05-01T14:15:24.100000,-0.002770
2025-05-01T14:15:24.110000,-0.015881
2025-05-01T14:15:24.120000,0.015825
2025-05-01T14:15:24.130000,0.001369
2025-05-01T14:15:24.140000,-0.001958
2025-05-01T14:15:24.150000,-0.010019
2025-05-01T14:15:24.160000,-0.008033
2025-05-01T14:15:24.170000,-0.005591
2025-05-01T14:15:24.180000,0.005584
2025-05-01T14:15:24.190000,-0.009053
2025-05-01T14:15:24.200000,-0.006509
2025-05-01T14:15:24.210000,0.010038
2025-05-01T14:15:24.220000,0.011988
2025-05-01T14:15:24.230000,0.009438
2025-05-01T14:15:24.240000,-0.012719
2025-05-01T14:15:24.250000,-0.008443
2025-05-01T14:15:24.260000,-0.000329
2025-05-01T14:15:24.270000,-0.010511
2025-05-01T14:15:24.280000,0.003679
2025-05-01T14:15:24.290000,-0.001393
2025-05-01T14:15:24.300000,0.004007
2025-05-01T14:15:24.310000,-0.009130
2025-05-01T14:15:24.320000,-0.008414
2025-05-01T14:15:24.330000,0.006496
2025-05-01T14:15:24.340000,-0.000122
2025-05-01T14:15:24.350000,-0.020552
2025-05-01T14:15:24.360000,-0.004940
2025-05-01T14:15:24.370000,0.011888
2025-05-01T14:15:24.380000,-0.012824
2025-05-01T14:15:24.390000,0.008428
2025-05-01T14:15:24.400000,-0.002122
2025-05-01T14:15:24.410000,-0.002270
2025-05-01T14:15:24.420000,-0.003136
2025-05-01T14:15:24.430000,-0.006508
2025-05-01T14:15:24.440000,-0.003102
2025-05-01T14:15:24.450000,-0.004079
2025-05-01T14:15:24.460000,-0.011154
2025-05-01T14:15:24.470000,-0.016648
2025-05-01T14:15:24.480000,-0.002667
2025-05-01T14:15:24.490000,0.015263
2025-05-01T14:15:24.500000,0.000684
2025-05-01T14:15:24.510000,-0.004821
2025-05-01T14:15:24.520000,0.027955
2025-05-01T14:15:24.530000,-0.000568
2025-05-01T14:15:24.540000,-0.009624
2025-05-01T14:15:24.550000,-0.004294
2025-05-01T14:15:24.560000,0.000162
2025-05-01T14:15:24.570000,0.012327
2025-05-01T14:15:24.580000,-0.004969
2025-05-01T14:15:24.590000,0.015717
2025-05-01T14:15:24.600000,0.004484
2025-05-01T14:15:24.610000,0.014180
2025-05-01T14:15:24.620000,0.008512
2025-05-01T14:15:24.630000,-0.005036
2025-05-01T14:15:24.640000,0.003879
2025-05-01T14:15:24.650000,0.005181
2025-05-01T14:15:24.660000,-0.008027
2025-05-01T14:15:24.670000,0.018461
2025-05-01T14:15:24.680000,0.018334
2025-05-01T14:15:24.690000,0.006134
2025-05-01T14:15:24.700000,-0.017473
2025-05-01T14:15:24.710000,0.000321
2025-05-01T14:15:24.720000,-0.018042
2025-05-01T14:15:24.730000,-0.004190
2025-05-01T14:15:24.740000,0.000677
2025-05-01T14:15:24.750000,0.001091
2025-05-01T14:15:24.760000,-0.013297
2025-05-01T14:15:24.770000,-0.001029
2025-05-01T14:15:24.780000,-0.015427
2025-05-01T14:15:24.790000,-0.013195
2025-05-01T14:15:24.800000,-0.000000
2025-05-01T14:15:24.810000,-0.008759
2025-05-01T14:15:24.820000,-0.008710
2025-05-01T14:15:24.830000,0.013407
2025-05-01T14:15:24.840000,-0.000285
2025-05-01T14:15:24.850000,0.007847
2025-05-01T14:15:24.860000,-0.005115
2025-05-01T14:15:24.870000,0.003640
2025-05-01T14:15:24.880000,-0.011011
2025-05-01T14:15:24.890000,0.011094
2025-05-01T14:15:24.900000,0.002485
2025-05-01T14:15:24.910000,0.009566
2025-05-01T14:15:24.920000,0.002575
2025-05-01T14:15:24.930000,-0.001826
2025-05-01T14:15:24.940000,0.001560
2025-05-01T14:15:24.950000,0.004780
2025-05-01T14:15:24.960000,0.012649
2025-05-01T14:15:24.970000,-0.010608
2025-05-01T14:15:24.980000,0.009937
2025-05-01T14:15:24.990000,-0.001707
2025-05-01T14:15:25,-0.001627
2025-05-01T14:15:25.010000,0.003386
2025-05-01T14:15:25.020000,0.006452
2025-05-01T14:15:25.030000,0.011138
2025-05-01T14:15:25.040000,-0.001938
2025-05-01T14:15:25.050000,-0.000455
2025-05-01T14:15:25.060000,0.004149
2025-05-01T14:15:25.070000,0.004309
2025-05-01T14:15:25.080000,-0.020460
2025-05-01T14:15:25.090000,-0.003206
2025-05-01T14:15:25.100000,-0.014850
2025-05-01T14:15:25.110000,0.015081
2025-05-01T14:15:25.120000,-0.006472
2025-05-01T14:15:25.130000,-0.008168
2025-05-01T14:15:25.140000,-0.003824
2025-05-01T14:15:25.150000,0.002815
2025-05-01T14:15:25.160000,-0.016764
2025-05-01T14:15:25.170000,-0.003044
2025-05-01T14:15:25.180000,-0.011832
2025-05-01T14:15:25.190000,0.006625
2025-05-01T14:15:25.200000,-0.016331
2025-05-01T14:15:25.210000,-0.008532
2025-05-01T14:15:25.220000,0.000638
2025-05-01T14:15:25.230000,0.002508
2025-05-01T14:15:25.240000,0.003752
2025-05-01T14:15:25.250000,0.008511
2025-05-01T14:15:25.260000,-0.006381
2025-05-01T14:15:25.270000,-0.007735
2025-05-01T14:15:25.280000,-0.000231
2025-05-01T14:15:25.290000,0.013364
2025-05-01T14:15:25.300000,0.010166
2025-05-01T14:15:25.310000,-0.002195
2025-05-01T14:15:25.320000,0.004842
2025-05-01T14:15:25.330000,-0.007171
2025-05-01T14:15:25.340000,-0.003136
2025-05-01T14:15:25.350000,-0.026204
2025-05-01T14:15:25.360000,-0.003705
2025-05-01T14:15:25.370000,-0.001297
2025-05-01T14:15:25.380000,-0.001644
2025-05-01T14:15:25.390000,-0.002213
2025-05-01T14:15:25.400000,0.009588
2025-05-01T14:15:25.410000,0.014558
2025-05-01T14:15:25.420000,-0.010305
2025-05-01T14:15:25.430000,0.027205
2025-05-01T14:15:25.440000,0.007407
2025-05-01T14:15:25.450000,-0.011089
2025-05-01T14:15:25.460000,-0.007724
2025-05-01T14:15:25.470000,-0.009591
2025-05-01T14:15:25.480000,-0.021283
2025-05-01T14:15:25.490000,-0.025746
2025-05-01T14:15:25.500000,-0.010284
2025-05-01T14:15:25.510000,-0.008036
2025-05-01T14:15:25.520000,0.001337
2025-05-01T14:15:25.530000,-0.004193
2025-05-01T14:15:25.540000,-0.005739
2025-05-01T14:15:25.550000,-0.003373
2025-05-01T14:15:25.560000,0.007587
2025-05-01T14:15:25.570000,0.006739
2025-05-01T14:15:25.580000,-0.003255
2025-05-01T14:15:25.590000,0.015869
2025-05-01T14:15:25.600000,0.004079
2025-05-01T14:15:25.610000,-0.006041
2025-05-01T14:15:25.620000,-0.010821
2025-05-01T14:15:25.630000,0.001707
2025-05-01T14:15:25.640000,-0.004199
2025-05-01T14:15:25.650000,0.013393
2025-05-01T14:15:25.660000,0.011531
2025-05-01T14:15:25.670000,-0.005798
2025-05-01T14:15:25.680000,-0.006952
2025-05-01T14:15:25.690000,-0.002546
2025-05-01T14:15:25.700000,0.004834
2025-05-01T14:15:25.710000,-0.002457
2025-05-01T14:15:25.720000,-0.011117
2025-05-01T14:15:25.730000,-0.000153
2025-05-01T14:15:25.740000,0.005980
2025-05-01T14:15:25.750000,0.000104
2025-05-01T14:15:25.760000,0.012178
2025-05-01T14:15:25.770000,-0.003555
2025-05-01T14:15:25.780000,0.007424
2025-05-01T14:15:25.790000,0.017168
2025-05-01T14:15:25.800000,0.004323
2025-05-01T14:15:25.810000,0.009751
2025-05-01T14:15:25.820000,-0.000804
2025-05-01T14:15:25.830000,0.012356
2025-05-01T14:15:25.840000,-0.001717
2025-05-01T14:15:25.850000,-0.004015
2025-05-01T14:15:25.860000,-0.007117
2025-05-01T14:15:25.870000,-0.004586
2025-05-01T14:15:25.880000,0.013754
2025-05-01T14:15:25.890000,0.011332
2025-05-01T14:15:25.900000,0.001346
2025-05-01T14:15:25.910000,0.004360
2025-05-01T14:15:25.920000,0.007931
2025-05-01T14:15:25.930000,-0.006986
2025-05-01T14:15:25.940000,0.005582
2025-05-01T14:15:25.950000,0.001314
2025-05-01T14:15:25.960000,-0.011293
2025-05-01T14:15:25.970000,-0.002830
2025-05-01T14:15:25.980000,0.011367
2025-05-01T14:15:25.990000,-0.005668
2025-05-01T14:15:26,-0.019076
2025-05-01T14:15:26.010000,-0.018507
2025-05-01T14:15:26.020000,-0.001325
2025-05-01T14:15:26.030000,-0.009258
2025-05-01T14:15:26.040000,0.012322
2025-05-01T14:15:26.050000,0.020870
2025-05-01T14:15:26.060000,0.001286
2025-05-01T14:15:26.070000,-0.002479
2025-05-01T14:15:26.080000,0.015384
2025-05-01T14:15:26.090000,-0.003102
2025-05-01T14:15:26.100000,0.007649
2025-05-01T14:15:26.110000,-0.003812
2025-05-01T14:15:26.120000,-0.003445
2025-05-01T14:15:26.130000,-0.009520
2025-05-01T14:15:26.140000,-0.018888
2025-05-01T14:15:26.150000,-0.005470
2025-05-01T14:15:26.160000,-0.013267
2025-05-01T14:15:26.170000,0.018232
2025-05-01T14:15:26.180000,0.013715
2025-05-01T14:15:26.190000,0.014155
2025-05-01T14:15:26.200000,0.008889
2025-05-01T14:15:26.210000,0.008965
2025-05-01T14:15:26.220000,-0.013943
2025-05-01T14:15:26.230000,-0.000380
2025-05-01T14:15:26.240000,-0.007684
2025-05-01T14:15:26.250000,0.001074
2025-05-01T14:15:26.260000,0.005820
2025-05-01T14:15:26.270000,0.013852
2025-05-01T14:15:26.280000,0.017878
2025-05-01T14:15:26.290000,-0.005973
2025-05-01T14:15:26.300000,-0.000253
2025-05-01T14:15:26.310000,0.008210
2025-05-01T14:15:26.320000,0.003034
2025-05-01T14:15:26.330000,0.013853
2025-05-01T14:15:26.340000,0.016098
2025-05-01T14:15:26.350000,-0.013878
2025-05-01T14:15:26.360000,0.012111
2025-05-01T14:15:26.370000,-0.000627
2025-05-01T14:15:26.380000,0.000106
2025-05-01T14:15:26.390000,0.013064
2025-05-01T14:15:26.400000,0.001482
2025-05-01T14:15:26.410000,-0.003602
2025-05-01T14:15:26.420000,-0.015195
2025-05-01T14:15:26.430000,-0.011799
2025-05-01T14:15:26.440000,-0.006102
2025-05-01T14:15:26.450000,0.002708
2025-05-01T14:15:26.460000,-0.019001
2025-05-01T14:15:26.470000,0.010778
2025-05-01T14:15:26.480000,-0.006742
2025-05-01T14:15:26.490000,-0.007828
2025-05-01T14:15:26.500000,-0.003083
2025-05-01T14:15:26.510000,-0.004416
2025-05-01T14:15:26.520000,0.012340
2025-05-01T14:15:26.530000,0.005894
2025-05-01T14:15:26.540000,0.016794
2025-05-01T14:15:26.550000,0.011793
2025-05-01T14:15:26.560000,-0.006755
2025-05-01T14:15:26.570000,-0.029585
2025-05-01T14:15:26.580000,0.000861
2025-05-01T14:15:26.590000,0.001405
2025-05-01T14:15:26.600000,0.004425
2025-05-01T14:15:26.610000,-0.014274
2025-05-01T14:15:26.620000,-0.012597
2025-05-01T14:15:26.630000,0.018460
2025-05-01T14:15:26.640000,0.008578
2025-05-01T14:15:26.650000,-0.001831
2025-05-01T14:15:26.660000,0.006307
2025-05-01T14:15:26.670000,0.009087
2025-05-01T14:15:26.680000,-0.000266
2025-05-01T14:15:26.690000,-0.009733
2025-05-01T14:15:26.700000,-0.002311
2025-05-01T14:15:26.710000,-0.010309
2025-05-01T14:15:26.720000,0.018691
2025-05-01T14:15:26.730000,-0.007249
2025-05-01T14:15:26.740000,0.007310
2025-05-01T14:15:26.750000,-0.004308
2025-05-01T14:15:26.760000,-0.001112
2025-05-01T14:15:26.770000,-0.002784
2025-05-01T14:15:26.780000,0.012911
2025-05-01T14:15:26.790000,-0.007909
2025-05-01T14:15:26.800000,-0.009243
2025-05-01T14:15:26.810000,0.004930
2025-05-01T14:15:26.820000,-0.016542
2025-05-01T14:15:26.830000,-0.005914
2025-05-01T14:15:26.840000,-0.017044
2025-05-01T14:15:26.850000,-0.001558
2025-05-01T14:15:26.860000,-0.000413
2025-05-01T14:15:26.870000,0.010436
2025-05-01T14:15:26.880000,0.013304
2025-05-01T14:15:26.890000,-0.017207
2025-05-01T14:15:26.900000,0.012696
2025-05-01T14:15:26.910000,0.010197
2025-05-01T14:15:26.920000,-0.025051
2025-05-01T14:15:26.930000,-0.011259
2025-05-01T14:15:26.940000,-0.002050
2025-05-01T14:15:26.950000,0.004183
2025-05-01T14:15:26.960000,-0.009127
2025-05-01T14:15:26.970000,0.018178
2025-05-01T14:15:26.980000,-0.007469
2025-05-01T14:15:26.990000,0.007730
2025-05-01T14:15:27,0.009284
2025-05-01T14:15:27.010000,-0.002130
2025-05-01T14:15:27.020000,-0.003984
2025-05-01T14:15:27.030000,-0.002195
2025-05-01T14:15:27.040000,0.011148
2025-05-01T14:15:27.050000,-0.019121
2025-05-01T14:15:27.060000,0.008850
2025-05-01T14:15:27.070000,0.021458
2025-05-01T14:15:27.080000,0.005496
2025-05-01T14:15:27.090000,0.016506
2025-05-01T14:15:27.100000,-0.003127
2025-05-01T14:15:27.110000,0.002139
2025-05-01T14:15:27.120000,0.010887
2025-05-01T14:15:27.130000,0.009805
2025-05-01T14:15:27.140000,-0.012298
2025-05-01T14:15:27.150000,-0.018622
2025-05-01T14:15:27.160000,0.010337
2025-05-01T14:15:27.170000,-0.002495
2025-05-01T14:15:27.180000,-0.006288
2025-05-01T14:15:27.190000,-0.009824
2025-05-01T14:15:27.200000,0.009037
2025-05-01T14:15:27.210000,-0.007205
2025-05-01T14:15:27.220000,-0.003254
2025-05-01T14:15:27.230000,0.008021
2025-05-01T14:15:27.240000,-0.003690
2025-05-01T14:15:27.250000,-0.002765
2025-05-01T14:15:27.260000,0.011559
2025-05-01T14:15:27.270000,0.006085
2025-05-01T14:15:27.280000,-0.008364
2025-05-01T14:15:27.290000,-0.014667
2025-05-01T14:15:27.300000,0.000663
2025-05-01T14:15:27.310000,0.004444
2025-05-01T14:15:27.320000,-0.002037
2025-05-01T14:15:27.330000,-0.018918
2025-05-01T14:15:27.340000,-0.006556
2025-05-01T14:15:27.350000,0.010603
2025-05-01T14:15:27.360000,0.008393
2025-05-01T14:15:27.370000,0.011429
2025-05-01T14:15:27.380000,0.000945
2025-05-01T14:15:27.390000,0.015629
2025-05-01T14:15:27.400000,0.001948
2025-05-01T14:15:27.410000,0.003953
2025-05-01T14:15:27.420000,-0.012861
2025-05-01T14:15:27.430000,-0.004739
2025-05-01T14:15:27.440000,0.004085
2025-05-01T14:15:27.450000,0.009967
2025-05-01T14:15:27.460000,0.014155
2025-05-01T14:15:27.470000,0.003248
2025-05-01T14:15:27.480000,0.002346
2025-05-01T14:15:27.490000,0.017460
2025-05-01T14:15:27.500000,0.009596
2025-05-01T14:15:27.510000,0.000236
2025-05-01T14:15:27.520000,-0.015743
2025-05-01T14:15:27.530000,0.005961
2025-05-01T14:15:27.540000,-0.007116
2025-05-01T14:15:27.550000,-0.004728
2025-05-01T14:15:27.560000,-0.012897
2025-05-01T14:15:27.570000,0.000457
2025-05-01T14:15:27.580000,-0.020946
2025-05-01T14:15:27.590000,-0.010974
2025-05-01T14:15:27.600000,0.019038
2025-05-01T14:15:27.610000,0.010164
2025-05-01T14:15:27.620000,-0.002337
2025-05-01T14:15:27.630000,-0.002236
2025-05-01T14:15:27.640000,0.008000
2025-05-01T14:15:27.650000,0.003602
2025-05-01T14:15:27.660000,0.005217
2025-05-01T14:15:27.670000,0.002124
2025-05-01T14:15:27.680000,-0.000196
2025-05-01T14:15:27.690000,-0.011630
2025-05-01T14:15:27.700000,-0.001415
2025-05-01T14:15:27.710000,0.002479
2025-05-01T14:15:27.720000,-0.009592
2025-05-01T14:15:27.730000,-0.016484
2025-05-01T14:15:27.740000,0.001780
2025-05-01T14:15:27.750000,0.005934
2025-05-01T14:15:27.760000,-0.006411
2025-05-01T14:15:27.770000,-0.010003
2025-05-01T14:15:27.780000,-0.015331
2025-05-01T14:15:27.790000,-0.007238
2025-05-01T14:15:27.800000,-0.021460
2025-05-01T14:15:27.810000,0.001686
2025-05-01T14:15:27.820000,0.016643
2025-05-01T14:15:27.830000,0.006204
2025-05-01T14:15:27.840000,-0.003526
2025-05-01T14:15:27.850000,-0.013553
2025-05-01T14:15:27.860000,0.011067
2025-05-01T14:15:27.870000,0.003667
2025-05-01T14:15:27.880000,0.002851
2025-05-01T14:15:27.890000,0.008393
2025-05-01T14:15:27.900000,0.001340
2025-05-01T14:15:27.910000,0.005339
2025-05-01T14:15:27.920000,-0.011442
2025-05-01T14:15:27.930000,-0.000697
2025-05-01T14:15:27.940000,-0.015955
2025-05-01T14:15:27.950000,0.006372
2025-05-01T14:15:27.960000,0.001166
2025-05-01T14:15:27.970000,-0.007715
2025-05-01T14:15:27.980000,0.003551
2025-05-01T14:15:27.990000,0.028074
2025-05-01T14:15:28,-0.004643
2025-05-01T14:15:28.010000,-0.003211
2025-05-01T14:15:28.020000,-0.000187
2025-05-01T14:15:28.030000,0.009928
2025-05-01T14:15:28.040000,-0.001431
2025-05-01T14:15:28.050000,-0.000695
2025-05-01T14:15:28.060000,0.008982
2025-05-01T14:15:28.070000,0.001912
2025-05-01T14:15:28.080000,0.003173
2025-05-01T14:15:28.090000,-0.004347
2025-05-01T14:15:28.100000,-0.008610
2025-05-01T14:15:28.110000,-0.000761
2025-05-01T14:15:28.120000,0.004811
2025-05-01T14:15:28.130000,0.006385
2025-05-01T14:15:28.140000,0.001761
2025-05-01T14:15:28.150000,-0.004601
2025-05-01T14:15:28.160000,-0.005373
2025-05-01T14:15:28.170000,-0.009191
2025-05-01T14:15:28.180000,-0.003111
2025-05-01T14:15:28.190000,0.011873
2025-05-01T14:15:28.200000,0.003358
2025-05-01T14:15:28.210000,-0.009077
2025-05-01T14:15:28.220000,0.011957
2025-05-01T14:15:28.230000,0.003519
2025-05-01T14:15:28.240000,-0.018246
2025-05-01T14:15:28.250000,-0.012041
2025-05-01T14:15:28.260000,0.005978
2025-05-01T14:15:28.270000,-0.005887
2025-05-01T14:15:28.280000,0.019642
2025-05-01T14:15:28.290000,-0.006128
2025-05-01T14:15:28.300000,-0.021066
2025-05-01T14:15:28.310000,0.002330
2025-05-01T14:15:28.320000,0.012656
2025-05-01T14:15:28.330000,-0.011618
2025-05-01T14:15:28.340000,0.003800
2025-05-01T14:15:28.350000,-0.005479
2025-05-01T14:15:28.360000,0.005748
2025-05-01T14:15:28.370000,0.016342
2025-05-01T14:15:28.380000,0.013574
2025-05-01T14:15:28.390000,-0.003284
2025-05-01T14:15:28.400000,0.004017
2025-05-01T14:15:28.410000,0.013780
2025-05-01T14:15:28.420000,-0.008574
2025-05-01T14:15:28.430000,-0.012501
2025-05-01T14:15:28.440000,-0.012104
2025-05-01T14:15:28.450000,-0.008168
2025-05-01T14:15:28.460000,-0.016741
2025-05-01T14:15:28.470000,0.006302
2025-05-01T14:15:28.480000,-0.002174
2025-05-01T14:15:28.490000,0.002193
2025-05-01T14:15:28.500000,-0.008297
2025-05-01T14:15:28.510000,0.007811
2025-05-01T14:15:28.520000,0.010112
2025-05-01T14:15:28.530000,0.009538
2025-05-01T14:15:28.540000,-0.016466
2025-05-01T14:15:28.550000,-0.005745
2025-05-01T14:15:28.560000,-0.012562
2025-05-01T14:15:28.570000,-0.008847
2025-05-01T14:15:28.580000,0.005639
2025-05-01T14:15:28.590000,0.019534
2025-05-01T14:15:28.600000,0.004573
2025-05-01T14:15:28.610000,0.013688
2025-05-01T14:15:28.620000,0.001723
2025-05-01T14:15:28.630000,-0.015930
2025-05-01T14:15:28.640000,-0.008781
2025-05-01T14:15:28.650000,0.003610
2025-05-01T14:15:28.660000,-0.000386
2025-05-01T14:15:28.670000,0.003301
2025-05-01T14:15:28.680000,-0.003962
2025-05-01T14:15:28.690000,-0.003845
2025-05-01T14:15:28.700000,-0.009154
2025-05-01T14:15:28.710000,0.006445
2025-05-01T14:15:28.720000,0.000276
2025-05-01T14:15:28.730000,0.017952
2025-05-01T14:15:28.740000,0.000169
2025-05-01T14:15:28.750000,0.009967
2025-05-01T14:15:28.760000,0.007628
2025-05-01T14:15:28.770000,0.009182
2025-05-01T14:15:28.780000,0.005851
2025-05-01T14:15:28.790000,0.012258
2025-05-01T14:15:28.800000,0.002019
2025-05-01T14:15:28.810000,0.004500
2025-05-01T14:15:28.820000,0.000232
2025-05-01T14:15:28.830000,-0.008867
2025-05-01T14:15:28.840000,-0.005751
2025-05-01T14:15:28.850000,0.008733
2025-05-01T14:15:28.860000,0.003979
2025-05-01T14:15:28.870000,-0.003749
2025-05-01T14:15:28.880000,0.013003
2025-05-01T14:15:28.890000,-0.015231
2025-05-01T14:15:28.900000,-0.016408
2025-05-01T14:15:28.910000,0.005308
2025-05-01T14:15:28.920000,-0.011864
2025-05-01T14:15:28.930000,0.000690
2025-05-01T14:15:28.940000,-0.002373
2025-05-01T14:15:28.950000,-0.025074
2025-05-01T14:15:28.960000,0.006449
2025-05-01T14:15:28.970000,0.003085
2025-05-01T14:15:28.980000,-0.012017
2025-05-01T14:15:28.990000,0.002384
2025-05-01T14:15:29,-0.012048
2025-05-01T14:15:29.010000,0.010087
2025-05-01T14:15:29.020000,0.005549
2025-05-01T14:15:29.030000,-0.015494
2025-05-01T14:15:29.040000,0.009838
2025-05-01T14:15:29.050000,-0.019554
2025-05-01T14:15:29.060000,-0.007994
2025-05-01T14:15:29.070000,-0.003903
2025-05-01T14:15:29.080000,0.004299
2025-05-01T14:15:29.090000,0.007041
2025-05-01T14:15:29.100000,0.002068
2025-05-01T14:15:29.110000,-0.003000
2025-05-01T14:15:29.120000,-0.015943
2025-05-01T14:15:29.130000,-0.000840
2025-05-01T14:15:29.140000,-0.001991
2025-05-01T14:15:29.150000,-0.009253
2025-05-01T14:15:29.160000,-0.020108
2025-05-01T14:15:29.170000,-0.002501
2025-05-01T14:15:29.180000,0.009473
2025-05-01T14:15:29.190000,-0.012213
2025-05-01T14:15:29.200000,-0.006641
2025-05-01T14:15:29.210000,0.002853
2025-05-01T14:15:29.220000,-0.005823
2025-05-01T14:15:29.230000,0.002001
2025-05-01T14:15:29.240000,0.015577
2025-05-01T14:15:29.250000,0.009028
2025-05-01T14:15:29.260000,0.007766
2025-05-01T14:15:29.270000,0.001419
2025-05-01T14:15:29.280000,-0.001344
2025-05-01T14:15:29.290000,-0.011526
2025-05-01T14:15:29.300000,0.001421
2025-05-01T14:15:29.310000,-0.005160
2025-05-01T14:15:29.320000,-0.006816
2025-05-01T14:15:29.330000,0.004946
2025-05-01T14:15:29.340000,-0.012089
2025-05-01T14:15:29.350000,0.024043
2025-05-01T14:15:29.360000,-0.002373
2025-05-01T14:15:29.370000,-0.002862
2025-05-01T14:15:29.380000,-0.002539
2025-05-01T14:15:29.390000,-0.008313
2025-05-01T14:15:29.400000,0.008191
2025-05-01T14:15:29.410000,0.001874
2025-05-01T14:15:29.420000,0.000574
2025-05-01T14:15:29.430000,0.013975
2025-05-01T14:15:29.440000,0.011124
2025-05-01T14:15:29.450000,-0.000144
2025-05-01T14:15:29.460000,-0.004700
2025-05-01T14:15:29.470000,0.000697
2025-05-01T14:15:29.480000,-0.004646
2025-05-01T14:15:29.490000,0.005551
2025-05-01T14:15:29.500000,-0.000042
2025-05-01T14:15:29.510000,0.005951
2025-05-01T14:15:29.520000,0.013117
2025-05-01T14:15:29.530000,0.006747
2025-05-01T14:15:29.540000,0.028047
2025-05-01T14:15:29.550000,-0.003027
2025-05-01T14:15:29.560000,0.007308
2025-05-01T14:15:29.570000,-0.004022
2025-05-01T14:15:29.580000,-0.001342
2025-05-01T14:15:29.590000,-0.015255
2025-05-01T14:15:29.600000,0.012922
2025-05-01T14:15:29.610000,0.012884
2025-05-01T14:15:29.620000,0.014658
2025-05-01T14:15:29.630000,0.012372
2025-05-01T14:15:29.640000,0.003346
2025-05-01T14:15:29.650000,0.010183
2025-05-01T14:15:29.660000,-0.019605
2025-05-01T14:15:29.670000,0.002345
2025-05-01T14:15:29.680000,-0.006683
2025-05-01T14:15:29.690000,0.000302
2025-05-01T14:15:29.700000,0.005785
2025-05-01T14:15:29.710000,0.000906
2025-05-01T14:15:29.720000,-0.009125
2025-05-01T14:15:29.730000,0.002014
2025-05-01T14:15:29.740000,-0.012413
2025-05-01T14:15:29.750000,-0.007680
2025-05-01T14:15:29.760000,-0.010112
2025-05-01T14:15:29.770000,-0.001279
2025-05-01T14:15:29.780000,-0.000294
2025-05-01T14:15:29.790000,0.015632
2025-05-01T14:15:29.800000,-0.000216
2025-05-01T14:15:29.810000,0.005219
2025-05-01T14:15:29.820000,0.003402
2025-05-01T14:15:29.830000,0.013597
2025-05-01T14:15:29.840000,-0.013618
2025-05-01T14:15:29.850000,-0.000818
2025-05-01T14:15:29.860000,0.006736
2025-05-01T14:15:29.870000,-0.008286
2025-05-01T14:15:29.880000,0.002211
2025-05-01T14:15:29.890000,0.000064
2025-05-01T14:15:29.900000,0.004108
2025-05-01T14:15:29.910000,0.008825
2025-05-01T14:15:29.920000,-0.004822
2025-05-01T14:15:29.930000,-0.003593
2025-05-01T14:15:29.940000,0.011173
2025-05-01T14:15:29.950000,-0.002114
2025-05-01T14:15:29.960000,0.021199
2025-05-01T14:15:29.970000,0.003139
2025-05-01T14:15:29.980000,-0.003493
2025-05-01T14:15:29.990000,-0.001850
2025-05-01T14:15:30,-0.010332
2025-05-01T14:15:30.010000,0.000187
2025-05-01T14:15:30.020000,0.009052
2025-05-01T14:15:30.030000,0.003376
2025-05-01T14:15:30.040000,-0.004833
2025-05-01T14:15:30.050000,-0.015002
2025-05-01T14:15:30.060000,0.009703
2025-05-01T14:15:30.070000,-0.007200
2025-05-01T14:15:30.080000,0.011137
2025-05-01T14:15:30.090000,0.007619
2025-05-01T14:15:30.100000,-0.003917
2025-05-01T14:15:30.110000,0.001784
2025-05-01T14:15:30.120000,0.021339
2025-05-01T14:15:30.130000,-0.003815
2025-05-01T14:15:30.140000,0.003435
2025-05-01T14:15:30.150000,-0.001366
2025-05-01T14:15:30.160000,-0.003698
2025-05-01T14:15:30.170000,0.004094
2025-05-01T14:15:30.180000,-0.006477
2025-05-01T14:15:30.190000,-0.005427
2025-05-01T14:15:30.200000,0.000471
2025-05-01T14:15:30.210000,0.016023
2025-05-01T14:15:30.220000,0.000060
2025-05-01T14:15:30.230000,0.013109
2025-05-01T14:15:30.240000,0.008289
2025-05-01T14:15:30.250000,-0.000386
2025-05-01T14:15:30.260000,0.003381
2025-05-01T14:15:30.270000,-0.006050
2025-05-01T14:15:30.280000,0.003403
2025-05-01T14:15:30.290000,-0.013949
2025-05-01T14:15:30.300000,0.006756
2025-05-01T14:15:30.310000,0.004598
2025-05-01T14:15:30.320000,-0.005421
2025-05-01T14:15:30.330000,-0.012927
2025-05-01T14:15:30.340000,0.008545
2025-05-01T14:15:30.350000,-0.007444
2025-05-01T14:15:30.360000,0.017128
2025-05-01T14:15:30.370000,-0.007072
2025-05-01T14:15:30.380000,-0.003826
2025-05-01T14:15:30.390000,-0.007767
2025-05-01T14:15:30.400000,0.000939
2025-05-01T14:15:30.410000,-0.000940
2025-05-01T14:15:30.420000,0.002709
2025-05-01T14:15:30.430000,0.001573
2025-05-01T14:15:30.440000,0.000731
2025-05-01T14:15:30.450000,-0.013505
2025-05-01T14:15:30.460000,-0.004821
2025-05-01T14:15:30.470000,-0.001868
2025-05-01T14:15:30.480000,-0.016895
2025-05-01T14:15:30.490000,-0.008377
2025-05-01T14:15:30.500000,-0.012139
2025-05-01T14:15:30.510000,-0.012489
2025-05-01T14:15:30.520000,-0.005293
2025-05-01T14:15:30.530000,-0.010249
2025-05-01T14:15:30.540000,0.015190
2025-05-01T14:15:30.550000,-0.011471
2025-05-01T14:15:30.560000,0.019210
2025-05-01T14:15:30.570000,0.009668
2025-05-01T14:15:30.580000,-0.011665
2025-05-01T14:15:30.590000,0.009827
2025-05-01T14:15:30.600000,0.016699
2025-05-01T14:15:30.610000,-0.011452
2025-05-01T14:15:30.620000,0.006041
2025-05-01T14:15:30.630000,-0.012779
2025-05-01T14:15:30.640000,0.007910
2025-05-01T14:15:30.650000,0.013377
2025-05-01T14:15:30.660000,-0.013762
2025-05-01T14:15:30.670000,0.003368
2025-05-01T14:15:30.680000,-0.007492
2025-05-01T14:15:30.690000,0.005357
2025-05-01T14:15:30.700000,0.010993
2025-05-01T14:15:30.710000,0.001748
2025-05-01T14:15:30.720000,0.007988
2025-05-01T14:15:30.730000,-0.009122
2025-05-01T14:15:30.740000,0.007392
2025-05-01T14:15:30.750000,-0.007878
2025-05-01T14:15:30.760000,-0.018475
2025-05-01T14:15:30.770000,0.020253
2025-05-01T14:15:30.780000,0.009964
2025-05-01T14:15:30.790000,-0.011392
2025-05-01T14:15:30.800000,0.001157
2025-05-01T14:15:30.810000,0.010744
2025-05-01T14:15:30.820000,-0.005111
2025-05-01T14:15:30.830000,0.009020
2025-05-01T14:15:30.840000,0.007442
2025-05-01T14:15:30.850000,0.017991
2025-05-01T14:15:30.860000,0.005400
2025-05-01T14:15:30.870000,-0.006186
2025-05-01T14:15:30.880000,0.009680
2025-05-01T14:15:30.890000,0.007644
2025-05-01T14:15:30.900000,0.010391
2025-05-01T14:15:30.910000,-0.000306
2025-05-01T14:15:30.920000,-0.003591
2025-05-01T14:15:30.930000,0.004333
2025-05-01T14:15:30.940000,0.001611
2025-05-01T14:15:30.950000,-0.017506
2025-05-01T14:15:30.960000,0.004870
2025-05-01T14:15:30.970000,0.006934
2025-05-01T14:15:30.980000,-0.007638
2025-05-01T14:15:30.990000,0.000886
2025-05-01T14:15:31,-0.016490
2025-05-01T14:15:31.010000,0.004630
2025-05-01T14:15:31.020000,0.000448
2025-05-01T14:15:31.030000,-0.006079
2025-05-01T14:15:31.040000,0.020381
2025-05-01T14:15:31.050000,0.016195
2025-05-01T14:15:31.060000,0.011262
2025-05-01T14:15:31.070000,0.004472
2025-05-01T14:15:31.080000,0.006993
2025-05-01T14:15:31.090000,0.006170
2025-05-01T14:15:31.100000,0.015725
2025-05-01T14:15:31.110000,-0.004503
2025-05-01T14:15:31.120000,0.009403
2025-05-01T14:15:31.130000,-0.013986
2025-05-01T14:15:31.140000,-0.004652
2025-05-01T14:15:31.150000,0.000361
2025-05-01T14:15:31.160000,0.005100
2025-05-01T14:15:31.170000,0.012487
2025-05-01T14:15:31.180000,-0.012422
2025-05-01T14:15:31.190000,-0.003149
2025-05-01T14:15:31.200000,-0.025345
2025-05-01T14:15:31.210000,-0.005339
2025-05-01T14:15:31.220000,0.009532
2025-05-01T14:15:31.230000,-0.019184
2025-05-01T14:15:31.240000,-0.004282
2025-05-01T14:15:31.250000,0.001475
2025-05-01T14:15:31.260000,0.001550
2025-05-01T14:15:31.270000,0.022461
2025-05-01T14:15:31.280000,-0.014532
2025-05-01T14:15:31.290000,0.009855
2025-05-01T14:15:31.300000,-0.007173
2025-05-01T14:15:31.310000,0.008452
2025-05-01T14:15:31.320000,-0.000397
2025-05-01T14:15:31.330000,-0.016676
2025-05-01T14:15:31.340000,0.002867
2025-05-01T14:15:31.350000,0.007946
2025-05-01T14:15:31.360000,0.000551
2025-05-01T14:15:31.370000,-0.015263
2025-05-01T14:15:31.380000,-0.003257
2025-05-01T14:15:31.390000,0.007809
2025-05-01T14:15:31.400000,0.003116
2025-05-01T14:15:31.410000,0.004545
2025-05-01T14:15:31.420000,-0.014348
2025-05-01T14:15:31.430000,0.000541
2025-05-01T14:15:31.440000,0.000598
2025-05-01T14:15:31.450000,0.004292
2025-05-01T14:15:31.460000,0.013254
2025-05-01T14:15:31.470000,0.017261
2025-05-01T14:15:31.480000,0.005331
2025-05-01T14:15:31.490000,0.008624
2025-05-01T14:15:31.500000,-0.006070
2025-05-01T14:15:31.510000,-0.013834
2025-05-01T14:15:31.520000,0.009166
2025-05-01T14:15:31.530000,0.013669
2025-05-01T14:15:31.540000,0.006379
2025-05-01T14:15:31.550000,0.009734
2025-05-01T14:15:31.560000,-0.009495
2025-05-01T14:15:31.570000,0.001844
2025-05-01T14:15:31.580000,-0.006966
2025-05-01T14:15:31.590000,0.000017
2025-05-01T14:15:31.600000,-0.002174
2025-05-01T14:15:31.610000,0.007494
2025-05-01T14:15:31.620000,0.010251
2025-05-01T14:15:31.630000,-0.001008
2025-05-01T14:15:31.640000,-0.006070
2025-05-01T14:15:31.650000,0.009945
2025-05-01T14:15:31.660000,-0.001903
2025-05-01T14:15:31.670000,-0.008931
2025-05-01T14:15:31.680000,0.007704
2025-05-01T14:15:31.690000,-0.002971
2025-05-01T14:15:31.700000,0.002875
2025-05-01T14:15:31.710000,0.010073
2025-05-01T14:15:31.720000,-0.024541
2025-05-01T14:15:31.730000,-0.000656
2025-05-01T14:15:31.740000,0.007622
2025-05-01T14:15:31.750000,0.009531
2025-05-01T14:15:31.760000,-0.000453
2025-05-01T14:15:31.770000,-0.020656
2025-05-01T14:15:31.780000,-0.017926
2025-05-01T14:15:31.790000,-0.005569
2025-05-01T14:15:31.800000,0.000653
2025-05-01T14:15:31.810000,0.015711
2025-05-01T14:15:31.820000,-0.003621
2025-05-01T14:15:31.830000,-0.013015
2025-05-01T14:15:31.840000,0.004142
2025-05-01T14:15:31.850000,0.010973
2025-05-01T14:15:31.860000,0.021541
2025-05-01T14:15:31.870000,0.015066
2025-05-01T14:15:31.880000,0.000237
2025-05-01T14:15:31.890000,-0.013290
2025-05-01T14:15:31.900000,0.010915
2025-05-01T14:15:31.910000,0.005883
2025-05-01T14:15:31.920000,-0.001054
2025-05-01T14:15:31.930000,0.020715
2025-05-01T14:15:31.940000,0.010869
2025-05-01T14:15:31.950000,0.007053
2025-05-01T14:15:31.960000,0.003846
2025-05-01T14:15:31.970000,-0.009102
2025-05-01T14:15:31.980000,-0.008385
2025-05-01T14:15:31.990000,-0.012558
2025-05-01T14:15:32,-0.008742
2025-05-01T14:15:32.010000,-0.013050
2025-05-01T14:15:32.020000,-0.003199
2025-05-01T14:15:32.030000,0.000621
2025-05-01T14:15:32.040000,0.006382
2025-05-01T14:15:32.050000,-0.004785
2025-05-01T14:15:32.060000,0.002425
2025-05-01T14:15:32.070000,-0.007524
2025-05-01T14:15:32.080000,-0.001279
2025-05-01T14:15:32.090000,-0.010520
2025-05-01T14:15:32.100000,-0.008558
2025-05-01T14:15:32.110000,-0.002036
2025-05-01T14:15:32.120000,0.002536
2025-05-01T14:15:32.130000,0.010032
2025-05-01T14:15:32.140000,-0.012525
2025-05-01T14:15:32.150000,0.002832
2025-05-01T14:15:32.160000,-0.018736
2025-05-01T14:15:32.170000,-0.009305
2025-05-01T14:15:32.180000,-0.013269
2025-05-01T14:15:32.190000,-0.017371
2025-05-01T14:15:32.200000,-0.002531
2025-05-01T14:15:32.210000,0.013755
2025-05-01T14:15:32.220000,-0.007677
2025-05-01T14:15:32.230000,0.010335
2025-05-01T14:15:32.240000,-0.020337
2025-05-01T14:15:32.250000,-0.010596
2025-05-01T14:15:32.260000,-0.003115
2025-05-01T14:15:32.270000,-0.001528
2025-05-01T14:15:32.280000,0.013186
2025-05-01T14:15:32.290000,-0.004818
2025-05-01T14:15:32.300000,0.012348
2025-05-01T14:15:32.310000,-0.002657
2025-05-01T14:15:32.320000,0.019676
2025-05-01T14:15:32.330000,0.000235
2025-05-01T14:15:32.340000,0.003079
2025-05-01T14:15:32.350000,0.008881
2025-05-01T14:15:32.360000,0.019323
2025-05-01T14:15:32.370000,0.005580
2025-05-01T14:15:32.380000,0.006852
2025-05-01T14:15:32.390000,0.004736
2025-05-01T14:15:32.400000,0.016195
2025-05-01T14:15:32.410000,-0.019013
2025-05-01T14:15:32.420000,0.008089
2025-05-01T14:15:32.430000,0.010887
2025-05-01T14:15:32.440000,0.009548
2025-05-01T14:15:32.450000,-0.012113
2025-05-01T14:15:32.460000,-0.006246
2025-05-01T14:15:32.470000,-0.003334
2025-05-01T14:15:32.480000,-0.010514
2025-05-01T14:15:32.490000,-0.007308
2025-05-01T14:15:32.500000,-0.002656
2025-05-01T14:15:32.510000,0.006234
2025-05-01T14:15:32.520000,0.008707
2025-05-01T14:15:32.530000,0.011532
2025-05-01T14:15:32.540000,-0.005176
2025-05-01T14:15:32.550000,0.004175
2025-05-01T14:15:32.560000,0.018465
2025-05-01T14:15:32.570000,0.017551
2025-05-01T14:15:32.580000,-0.008007
2025-05-01T14:15:32.590000,0.002860
2025-05-01T14:15:32.600000,0.004336
2025-05-01T14:15:32.610000,0.004684
2025-05-01T14:15:32.620000,-0.008401
2025-05-01T14:15:32.630000,0.010147
2025-05-01T14:15:32.640000,0.016613
2025-05-01T14:15:32.650000,-0.008503
2025-05-01T14:15:32.660000,0.001129
2025-05-01T14:15:32.670000,0.010588
2025-05-01T14:15:32.680000,0.015815
2025-05-01T14:15:32.690000,-0.003408
2025-05-01T14:15:32.700000,-0.011016
2025-05-01T14:15:32.710000,-0.009838
2025-05-01T14:15:32.720000,0.009968
2025-05-01T14:15:32.730000,-0.013188
2025-05-01T14:15:32.740000,-0.009093
2025-05-01T14:15:32.750000,-0.001013
2025-05-01T14:15:32.760000,-0.002577
2025-05-01T14:15:32.770000,-0.014034
2025-05-01T14:15:32.780000,-0.013594
2025-05-01T14:15:32.790000,-0.003890
2025-05-01T14:15:32.800000,-0.000062
2025-05-01T14:15:32.810000,-0.008398
2025-05-01T14:15:32.820000,-0.014681
2025-05-01T14:15:32.830000,0.001368
2025-05-01T14:15:32.840000,0.000463
2025-05-01T14:15:32.850000,0.001456
2025-05-01T14:15:32.860000,-0.007700
2025-05-01T14:15:32.870000,0.001145
2025-05-01T14:15:32.880000,-0.005256
2025-05-01T14:15:32.890000,-0.004304
2025-05-01T14:15:32.900000,-0.013965
2025-05-01T14:15:32.910000,0.002037
2025-05-01T14:15:32.920000,0.008260
2025-05-01T14:15:32.930000,-0.006230
2025-05-01T14:15:32.940000,0.015096
2025-05-01T14:15:32.950000,0.001469
2025-05-01T14:15:32.960000,0.017406
2025-05-01T14:15:32.970000,0.011457
2025-05-01T14:15:32.980000,-0.010380
2025-05-01T14:15:32.990000,0.003941
2025-05-01T14:15:33,0.000363
2025-05-01T14:15:33.010000,-0.018431
2025-05-01T14:15:33.020000,0.008399
2025-05-01T14:15:33.030000,0.001831
2025-05-01T14:15:33.040000,0.008528
2025-05-01T14:15:33.050000,-0.003102
2025-05-01T14:15:33.060000,-0.000031
2025-05-01T14:15:33.070000,0.002971
2025-05-01T14:15:33.080000,0.006802
2025-05-01T14:15:33.090000,0.007698
2025-05-01T14:15:33.100000,0.003792
2025-05-01T14:15:33.110000,-0.003201
2025-05-01T14:15:33.120000,0.012403
2025-05-01T14:15:33.130000,0.001822
2025-05-01T14:15:33.140000,0.018578
2025-05-01T14:15:33.150000,0.000340
2025-05-01T14:15:33.160000,-0.027454
2025-05-01T14:15:33.170000,0.005093
2025-05-01T14:15:33.180000,0.003779
2025-05-01T14:15:33.190000,0.005252
2025-05-01T14:15:33.200000,0.019255
2025-05-01T14:15:33.210000,0.002106
2025-05-01T14:15:33.220000,-0.001405
2025-05-01T14:15:33.230000,0.002167
2025-05-01T14:15:33.240000,0.010322
2025-05-01T14:15:33.250000,0.009566
2025-05-01T14:15:33.260000,0.012541
2025-05-01T14:15:33.270000,-0.005012
2025-05-01T14:15:33.280000,0.004880
2025-05-01T14:15:33.290000,0.000788
2025-05-01T14:15:33.300000,-0.009302
2025-05-01T14:15:33.310000,0.011658
2025-05-01T14:15:33.320000,0.000914
2025-05-01T14:15:33.330000,0.008770
2025-05-01T14:15:33.340000,-0.019986
2025-05-01T14:15:33.350000,0.004421
2025-05-01T14:15:33.360000,0.012458
2025-05-01T14:15:33.370000,-0.017207
2025-05-01T14:15:33.380000,0.004841
2025-05-01T14:15:33.390000,0.016712
2025-05-01T14:15:33.400000,-0.007470
2025-05-01T14:15:33.410000,-0.004205
2025-05-01T14:15:33.420000,0.012088
2025-05-01T14:15:33.430000,-0.002935
2025-05-01T14:15:33.440000,-0.018612
2025-05-01T14:15:33.450000,0.004859
2025-05-01T14:15:33.460000,0.018954
2025-05-01T14:15:33.470000,0.000417
2025-05-01T14:15:33.480000,0.029165
2025-05-01T14:15:33.490000,-0.016057
2025-05-01T14:15:33.500000,-0.002743
2025-05-01T14:15:33.510000,0.006648
2025-05-01T14:15:33.520000,-0.015391
2025-05-01T14:15:33.530000,0.005387
2025-05-01T14:15:33.540000,0.001564
2025-05-01T14:15:33.550000,-0.016048
2025-05-01T14:15:33.560000,-0.008433
2025-05-01T14:15:33.570000,-0.011584
2025-05-01T14:15:33.580000,-0.004399
2025-05-01T14:15:33.590000,0.005391
2025-05-01T14:15:33.600000,-0.005481
2025-05-01T14:15:33.610000,-0.020484
2025-05-01T14:15:33.620000,0.032057
2025-05-01T14:15:33.630000,-0.002526
2025-05-01T14:15:33.640000,0.003928
2025-05-01T14:15:33.650000,0.011031
2025-05-01T14:15:33.660000,0.006042
2025-05-01T14:15:33.670000,0.006360
2025-05-01T14:15:33.680000,-0.008650
2025-05-01T14:15:33.690000,-0.008293
2025-05-01T14:15:33.700000,-0.001783
2025-05-01T14:15:33.710000,0.012784
2025-05-01T14:15:33.720000,0.000991
2025-05-01T14:15:33.730000,-0.000856
2025-05-01T14:15:33.740000,0.000835
2025-05-01T14:15:33.750000,-0.016425
2025-05-01T14:15:33.760000,-0.012046
2025-05-01T14:15:33.770000,-0.010284
2025-05-01T14:15:33.780000,0.014589
2025-05-01T14:15:33.790000,0.011841
2025-05-01T14:15:33.800000,0.019696
2025-05-01T14:15:33.810000,-0.008439
2025-05-01T14:15:33.820000,-0.002005
2025-05-01T14:15:33.830000,-0.005596
2025-05-01T14:15:33.840000,0.001233
2025-05-01T14:15:33.850000,0.002728
2025-05-01T14:15:33.860000,-0.023090
2025-05-01T14:15:33.870000,0.001848
2025-05-01T14:15:33.880000,0.007866
2025-05-01T14:15:33.890000,-0.001855
2025-05-01T14:15:33.900000,-0.012577
2025-05-01T14:15:33.910000,-0.006796
2025-05-01T14:15:33.920000,-0.007815
2025-05-01T14:15:33.930000,0.012972
2025-05-01T14:15:33.940000,0.004321
2025-05-01T14:15:33.950000,-0.002462
2025-05-01T14:15:33.960000,-0.009560
2025-05-01T14:15:33.970000,0.003506
2025-05-01T14:15:33.980000,0.017738
2025-05-01T14:15:33.990000,0.009459
2025-05-01T14:15:34,-0.004974
2025-05-01T14:15:34.010000,-0.010832
2025-05-01T14:15:34.020000,0.002727
2025-05-01T14:15:34.030000,-0.009426
2025-05-01T14:15:34.040000,0.010833
2025-05-01T14:15:34.050000,0.010994
2025-05-01T14:15:34.060000,0.007803
2025-05-01T14:15:34.070000,-0.029794
2025-05-01T14:15:34.080000,0.028907
2025-05-01T14:15:34.090000,0.008915
2025-05-01T14:15:34.100000,-0.011407
2025-05-01T14:15:34.110000,0.003458
2025-05-01T14:15:34.120000,0.000532
2025-05-01T14:15:34.130000,0.005442
2025-05-01T14:15:34.140000,0.006285
2025-05-01T14:15:34.150000,0.015454
2025-05-01T14:15:34.160000,-0.003775
2025-05-01T14:15:34.170000,0.004518
2025-05-01T14:15:34.180000,-0.005327
2025-05-01T14:15:34.190000,0.021863
2025-05-01T14:15:34.200000,0.011924
2025-05-01T14:15:34.210000,0.002179
2025-05-01T14:15:34.220000,0.025741
2025-05-01T14:15:34.230000,-0.003400
2025-05-01T14:15:34.240000,0.009164
2025-05-01T14:15:34.250000,0.001010
2025-05-01T14:15:34.260000,-0.003373
2025-05-01T14:15:34.270000,-0.019671
2025-05-01T14:15:34.280000,-0.004870
2025-05-01T14:15:34.290000,-0.006114
2025-05-01T14:15:34.300000,0.002177
2025-05-01T14:15:34.310000,-0.020978
2025-05-01T14:15:34.320000,0.013736
2025-05-01T14:15:34.330000,0.013316
2025-05-01T14:15:34.340000,-0.002560
2025-05-01T14:15:34.350000,-0.008069
2025-05-01T14:15:34.360000,0.010111
2025-05-01T14:15:34.370000,-0.003531
2025-05-01T14:15:34.380000,0.008290
2025-05-01T14:15:34.390000,0.010035
2025-05-01T14:15:34.400000,-0.011776
2025-05-01T14:15:34.410000,-0.000994
2025-05-01T14:15:34.420000,-0.007256
2025-05-01T14:15:34.430000,-0.016771
2025-05-01T14:15:34.440000,-0.001452
2025-05-01T14:15:34.450000,0.012337
2025-05-01T14:15:34.460000,-0.015907
2025-05-01T14:15:34.470000,0.004777
2025-05-01T14:15:34.480000,0.015530
2025-05-01T14:15:34.490000,0.007531
2025-05-01T14:15:34.500000,0.021837
2025-05-01T14:15:34.510000,0.010990
2025-05-01T14:15:34.520000,-0.011274
2025-05-01T14:15:34.530000,0.005290
2025-05-01T14:15:34.540000,0.004500
2025-05-01T14:15:34.550000,-0.000678
2025-05-01T14:15:34.560000,-0.003542
2025-05-01T14:15:34.570000,-0.000483
2025-05-01T14:15:34.580000,0.006391
2025-05-01T14:15:34.590000,0.005445
2025-05-01T14:15:34.600000,-0.001747
2025-05-01T14:15:34.610000,-0.000294
2025-05-01T14:15:34.620000,0.009057
2025-05-01T14:15:34.630000,0.014755
2025-05-01T14:15:34.640000,0.003755
2025-05-01T14:15:34.650000,-0.001205
2025-05-01T14:15:34.660000,-0.002983
2025-05-01T14:15:34.670000,0.005955
2025-05-01T14:15:34.680000,-0.003997
2025-05-01T14:15:34.690000,-0.012690
2025-05-01T14:15:34.700000,0.005505
2025-05-01T14:15:34.710000,-0.007968
2025-05-01T14:15:34.720000,0.013650
2025-05-01T14:15:34.730000,-0.006871
2025-05-01T14:15:34.740000,0.014012
2025-05-01T14:15:34.750000,-0.006542
2025-05-01T14:15:34.760000,-0.002536
2025-05-01T14:15:34.770000,0.004491
2025-05-01T14:15:34.780000,-0.003811
2025-05-01T14:15:34.790000,-0.012851
2025-05-01T14:15:34.800000,0.007510
2025-05-01T14:15:34.810000,-0.003666
2025-05-01T14:15:34.820000,0.002058
2025-05-01T14:15:34.830000,-0.002048
2025-05-01T14:15:34.840000,0.019666
2025-05-01T14:15:34.850000,-0.001054
2025-05-01T14:15:34.860000,0.012568
2025-05-01T14:15:34.870000,0.018695
2025-05-01T14:15:34.880000,0.005629
2025-05-01T14:15:34.890000,0.009177
2025-05-01T14:15:34.900000,-0.009713
2025-05-01T14:15:34.910000,0.005890
2025-05-01T14:15:34.920000,0.004247
2025-05-01T14:15:34.930000,-0.001561
2025-05-01T14:15:34.940000,-0.009076
2025-05-01T14:15:34.950000,-0.000036
2025-05-01T14:15:34.960000,0.022118
2025-05-01T14:15:34.970000,0.007743
2025-05-01T14:15:34.980000,0.011258
2025-05-01T14:15:34.990000,0.021411
2025-05-01T14:15:35,-0.005443
2025-05-01T14:15:35.010000,-0.001645
2025-05-01T14:15:35.020000,0.008796
2025-05-01T14:15:35.030000,0.002918
2025-05-01T14:15:35.040000,0.008964
2025-05-01T14:15:35.050000,-0.002901
2025-05-01T14:15:35.060000,-0.001936
2025-05-01T14:15:35.070000,0.010312
2025-05-01T14:15:35.080000,-0.004679
2025-05-01T14:15:35.090000,0.004255
2025-05-01T14:15:35.100000,-0.002660
2025-05-01T14:15:35.110000,-0.003796
2025-05-01T14:15:35.120000,0.006063
2025-05-01T14:15:35.130000,0.010034
2025-05-01T14:15:35.140000,0.014035
2025-05-01T14:15:35.150000,0.008223
2025-05-01T14:15:35.160000,-0.015315
2025-05-01T14:15:35.170000,0.017131
2025-05-01T14:15:35.180000,0.009876
2025-05-01T14:15:35.190000,0.002388
2025-05-01T14:15:35.200000,-0.010980
2025-05-01T14:15:35.210000,-0.013424
2025-05-01T14:15:35.220000,0.005086
2025-05-01T14:15:35.230000,-0.000819
2025-05-01T14:15:35.240000,-0.010879
2025-05-01T14:15:35.250000,-0.007174
2025-05-01T14:15:35.260000,0.007500
2025-05-01T14:15:35.270000,-0.003779
2025-05-01T14:15:35.280000,-0.010536
2025-05-01T14:15:35.290000,-0.009533
2025-05-01T14:15:35.300000,0.009247
2025-05-01T14:15:35.310000,-0.012252
2025-05-01T14:15:35.320000,0.017875
2025-05-01T14:15:35.330000,0.009083
2025-05-01T14:15:35.340000,-0.008491
2025-05-01T14:15:35.350000,0.013115
2025-05-01T14:15:35.360000,0.006657
2025-05-01T14:15:35.370000,0.000319
2025-05-01T14:15:35.380000,-0.000319
2025-05-01T14:15:35.390000,-0.003835
2025-05-01T14:15:35.400000,-0.012659
2025-05-01T14:15:35.410000,-0.001123
2025-05-01T14:15:35.420000,-0.011669
2025-05-01T14:15:35.430000,0.001607
2025-05-01T14:15:35.440000,-0.000928
2025-05-01T14:15:35.450000,-0.000506
2025-05-01T14:15:35.460000,0.009002
2025-05-01T14:15:35.470000,-0.000171
2025-05-01T14:15:35.480000,-0.015727
2025-05-01T14:15:35.490000,-0.002479
2025-05-01T14:15:35.500000,-0.016066
2025-05-01T14:15:35.510000,-0.001655
2025-05-01T14:15:35.520000,-0.000537
2025-05-01T14:15:35.530000,-0.008275
2025-05-01T14:15:35.540000,0.027343
2025-05-01T14:15:35.550000,-0.006673
2025-05-01T14:15:35.560000,0.003435
2025-05-01T14:15:35.570000,0.001987
2025-05-01T14:15:35.580000,-0.004075
2025-05-01T14:15:35.590000,-0.018622
2025-05-01T14:15:35.600000,0.008314
2025-05-01T14:15:35.610000,-0.001701
2025-05-01T14:15:35.620000,0.004618
2025-05-01T14:15:35.630000,-0.000806
2025-05-01T14:15:35.640000,-0.005736
2025-05-01T14:15:35.650000,0.002902
2025-05-01T14:15:35.660000,0.010001
2025-05-01T14:15:35.670000,-0.010772
2025-05-01T14:15:35.680000,-0.002039
2025-05-01T14:15:35.690000,0.009456
2025-05-01T14:15:35.700000,0.001054
2025-05-01T14:15:35.710000,0.007019
2025-05-01T14:15:35.720000,-0.005105
2025-05-01T14:15:35.730000,-0.006351
2025-05-01T14:15:35.740000,-0.013112
2025-05-01T14:15:35.750000,0.015156
2025-05-01T14:15:35.760000,-0.005558
2025-05-01T14:15:35.770000,0.003781
2025-05-01T14:15:35.780000,-0.010879
2025-05-01T14:15:35.790000,-0.000979
2025-05-01T14:15:35.800000,-0.002434
2025-05-01T14:15:35.810000,-0.001325
2025-05-01T14:15:35.820000,-0.007905
2025-05-01T14:15:35.830000,0.001726
2025-05-01T14:15:35.840000,0.012076
2025-05-01T14:15:35.850000,0.001669
2025-05-01T14:15:35.860000,0.007304
2025-05-01T14:15:35.870000,0.004234
2025-05-01T14:15:35.880000,-0.009942
2025-05-01T14:15:35.890000,-0.021755
2025-05-01T14:15:35.900000,0.003812
2025-05-01T14:15:35.910000,-0.016431
2025-05-01T14:15:35.920000,-0.015451
2025-05-01T14:15:35.930000,-0.011971
2025-05-01T14:15:35.940000,-0.004982
2025-05-01T14:15:35.950000,0.001232
2025-05-01T14:15:35.960000,0.017069
2025-05-01T14:15:35.970000,-0.013702
2025-05-01T14:15:35.980000,-0.005030
2025-05-01T14:15:35.990000,0.006521
2025-05-01T14:15:36,0.010369
2025-05-01T14:15:36.010000,0.016150
2025-05-01T14:15:36.020000,-0.011798
2025-05-01T14:15:36.030000,0.005475
2025-05-01T14:15:36.040000,0.001409
2025-05-01T14:15:36.050000,-0.000798
2025-05-01T14:15:36.060000,0.000747
2025-05-01T14:15:36.070000,0.004019
2025-05-01T14:15:36.080000,0.001743
2025-05-01T14:15:36.090000,0.003589
2025-05-01T14:15:36.100000,-0.003820
2025-05-01T14:15:36.110000,-0.014499
2025-05-01T14:15:36.120000,-0.012405
2025-05-01T14:15:36.130000,-0.003437
2025-05-01T14:15:36.140000,-0.011628
2025-05-01T14:15:36.150000,0.001526
2025-05-01T14:15:36.160000,0.003418
2025-05-01T14:15:36.170000,0.005630
2025-05-01T14:15:36.180000,0.011895
2025-05-01T14:15:36.190000,-0.005221
2025-05-01T14:15:36.200000,-0.012246
2025-05-01T14:15:36.210000,0.007222
2025-05-01T14:15:36.220000,0.010617
2025-05-01T14:15:36.230000,-0.000358
2025-05-01T14:15:36.240000,-0.003058
2025-05-01T14:15:36.250000,0.006687
2025-05-01T14:15:36.260000,-0.002169
2025-05-01T14:15:36.270000,-0.001650
2025-05-01T14:15:36.280000,-0.001632
2025-05-01T14:15:36.290000,-0.003478
2025-05-01T14:15:36.300000,0.016352
2025-05-01T14:15:36.310000,-0.008125
2025-05-01T14:15:36.320000,-0.012545
2025-05-01T14:15:36.330000,-0.027827
2025-05-01T14:15:36.340000,-0.004812
2025-05-01T14:15:36.350000,0.001518
2025-05-01T14:15:36.360000,-0.021434
2025-05-01T14:15:36.370000,0.002053
2025-05-01T14:15:36.380000,0.006045
2025-05-01T14:15:36.390000,0.003924
2025-05-01T14:15:36.400000,-0.013686
2025-05-01T14:15:36.410000,-0.003253
2025-05-01T14:15:36.420000,0.016809
2025-05-01T14:15:36.430000,-0.006199
2025-05-01T14:15:36.440000,-0.010300
2025-05-01T14:15:36.450000,-0.004838
2025-05-01T14:15:36.460000,0.023381
2025-05-01T14:15:36.470000,-0.001631
2025-05-01T14:15:36.480000,0.015475
2025-05-01T14:15:36.490000,0.001500
2025-05-01T14:15:36.500000,0.017520
2025-05-01T14:15:36.510000,0.000210
2025-05-01T14:15:36.520000,-0.002891
2025-05-01T14:15:36.530000,0.003676
2025-05-01T14:15:36.540000,0.004370
2025-05-01T14:15:36.550000,-0.002222
2025-05-01T14:15:36.560000,-0.010305
2025-05-01T14:15:36.570000,-0.015864
2025-05-01T14:15:36.580000,0.008959
2025-05-01T14:15:36.590000,-0.011888
2025-05-01T14:15:36.600000,-0.013203
2025-05-01T14:15:36.610000,-0.017596
2025-05-01T14:15:36.620000,-0.006071
2025-05-01T14:15:36.630000,-0.005001
2025-05-01T14:15:36.640000,-0.008212
2025-05-01T14:15:36.650000,0.004727
2025-05-01T14:15:36.660000,0.012914
2025-05-01T14:15:36.670000,0.001074
2025-05-01T14:15:36.680000,-0.007353
2025-05-01T14:15:36.690000,-0.012699
2025-05-01T14:15:36.700000,0.003633
2025-05-01T14:15:36.710000,0.002827
2025-05-01T14:15:36.720000,-0.007550
2025-05-01T14:15:36.730000,0.000268
2025-05-01T14:15:36.740000,0.019098
2025-05-01T14:15:36.750000,-0.003878
2025-05-01T14:15:36.760000,0.007105
2025-05-01T14:15:36.770000,0.018282
2025-05-01T14:15:36.780000,-0.006675
2025-05-01T14:15:36.790000,0.014228
2025-05-01T14:15:36.800000,0.007713
2025-05-01T14:15:36.810000,0.004849
2025-05-01T14:15:36.820000,-0.001168
2025-05-01T14:15:36.830000,-0.008712
2025-05-01T14:15:36.840000,-0.015694
2025-05-01T14:15:36.850000,0.010401
2025-05-01T14:15:36.860000,-0.006665
2025-05-01T14:15:36.870000,0.013314
2025-05-01T14:15:36.880000,0.015946
2025-05-01T14:15:36.890000,-0.006562
2025-05-01T14:15:36.900000,0.004833
2025-05-01T14:15:36.910000,0.008447
2025-05-01T14:15:36.920000,-0.009414
2025-05-01T14:15:36.930000,-0.024903
2025-05-01T14:15:36.940000,-0.014990
2025-05-01T14:15:36.950000,-0.009767
2025-05-01T14:15:36.960000,0.016263
2025-05-01T14:15:36.970000,0.004078
2025-05-01T14:15:36.980000,0.000714
2025-05-01T14:15:36.990000,0.013466
2025-05-01T14:15:37,-0.013100
2025-05-01T14:15:37.010000,-0.004589
2025-05-01T14:15:37.020000,0.014159
2025-05-01T14:15:37.030000,0.012377
2025-05-01T14:15:37.040000,0.000595
2025-05-01T14:15:37.050000,0.013470
2025-05-01T14:15:37.060000,0.005140
2025-05-01T14:15:37.070000,-0.005487
2025-05-01T14:15:37.080000,0.013219
2025-05-01T14:15:37.090000,-0.001516
2025-05-01T14:15:37.100000,0.024878
2025-05-01T14:15:37.110000,-0.008538
2025-05-01T14:15:37.120000,-0.014810
2025-05-01T14:15:37.130000,-0.007158
2025-05-01T14:15:37.140000,-0.009176
2025-05-01T14:15:37.150000,0.007066
2025-05-01T14:15:37.160000,0.008991
2025-05-01T14:15:37.170000,0.005285
2025-05-01T14:15:37.180000,-0.000129
2025-05-01T14:15:37.190000,-0.019093
2025-05-01T14:15:37.200000,-0.002981
2025-05-01T14:15:37.210000,0.004891
2025-05-01T14:15:37.220000,0.013161
2025-05-01T14:15:37.230000,-0.005511
2025-05-01T14:15:37.240000,0.008218
2025-05-01T14:15:37.250000,0.001756
2025-05-01T14:15:37.260000,0.018361
2025-05-01T14:15:37.270000,0.003238
2025-05-01T14:15:37.280000,0.004943
2025-05-01T14:15:37.290000,-0.020357
2025-05-01T14:15:37.300000,0.003645
2025-05-01T14:15:37.310000,-0.009042
2025-05-01T14:15:37.320000,-0.002199
2025-05-01T14:15:37.330000,-0.007228
2025-05-01T14:15:37.340000,0.007051
2025-05-01T14:15:37.350000,0.000458
2025-05-01T14:15:37.360000,-0.002157
2025-05-01T14:15:37.370000,0.005946
2025-05-01T14:15:37.380000,0.003665
2025-05-01T14:15:37.390000,-0.000091
2025-05-01T14:15:37.400000,0.001773
2025-05-01T14:15:37.410000,-0.005488
2025-05-01T14:15:37.420000,-0.001711
2025-05-01T14:15:37.430000,-0.010955
2025-05-01T14:15:37.440000,-0.005750
2025-05-01T14:15:37.450000,-0.000824
2025-05-01T14:15:37.460000,0.017592
2025-05-01T14:15:37.470000,0.000542
2025-05-01T14:15:37.480000,0.000792
2025-05-01T14:15:37.490000,-0.002796
2025-05-01T14:15:37.500000,-0.023913
2025-05-01T14:15:37.510000,0.000256
2025-05-01T14:15:37.520000,0.002718
2025-05-01T14:15:37.530000,0.006672
2025-05-01T14:15:37.540000,0.006509
2025-05-01T14:15:37.550000,0.008877
2025-05-01T14:15:37.560000,0.001826
2025-05-01T14:15:37.570000,-0.012332
2025-05-01T14:15:37.580000,-0.018688
2025-05-01T14:15:37.590000,0.009463
2025-05-01T14:15:37.600000,-0.003891
2025-05-01T14:15:37.610000,-0.000027
2025-05-01T14:15:37.620000,0.002762
2025-05-01T14:15:37.630000,0.010943
2025-05-01T14:15:37.640000,0.014924
2025-05-01T14:15:37.650000,0.005744
2025-05-01T14:15:37.660000,0.000528
2025-05-01T14:15:37.670000,0.007072
2025-05-01T14:15:37.680000,0.000650
2025-05-01T14:15:37.690000,-0.001000
2025-05-01T14:15:37.700000,-0.004795
2025-05-01T14:15:37.710000,0.005196
2025-05-01T14:15:37.720000,-0.011265
2025-05-01T14:15:37.730000,0.011063
2025-05-01T14:15:37.740000,0.014069
2025-05-01T14:15:37.750000,-0.004842
2025-05-01T14:15:37.760000,-0.005170
2025-05-01T14:15:37.770000,-0.001370
2025-05-01T14:15:37.780000,-0.021570
2025-05-01T14:15:37.790000,-0.000536
2025-05-01T14:15:37.800000,-0.019798
2025-05-01T14:15:37.810000,-0.006499
2025-05-01T14:15:37.820000,0.013049
2025-05-01T14:15:37.830000,-0.001501
2025-05-01T14:15:37.840000,0.005710
2025-05-01T14:15:37.850000,-0.005177
2025-05-01T14:15:37.860000,0.000103
2025-05-01T14:15:37.870000,-0.003099
2025-05-01T14:15:37.880000,0.006845
2025-05-01T14:15:37.890000,0.017050
2025-05-01T14:15:37.900000,-0.011829
2025-05-01T14:15:37.910000,0.014669
2025-05-01T14:15:37.920000,-0.023491
2025-05-01T14:15:37.930000,0.005952
2025-05-01T14:15:37.940000,-0.026259
2025-05-01T14:15:37.950000,-0.001601
2025-05-01T14:15:37.960000,-0.013006
2025-05-01T14:15:37.970000,-0.013854
2025-05-01T14:15:37.980000,0.003580
2025-05-01T14:15:37.990000,0.006268
2025-05-01T14:15:38,-0.011607
2025-05-01T14:15:38.010000,-0.003242
2025-05-01T14:15:38.020000,-0.015826
2025-05-01T14:15:38.030000,0.002330
2025-05-01T14:15:38.040000,-0.002174
2025-05-01T14:15:38.050000,-0.003495
2025-05-01T14:15:38.060000,-0.001883
2025-05-01T14:15:38.070000,-0.007167
2025-05-01T14:15:38.080000,-0.009873
2025-05-01T14:15:38.090000,0.012010
2025-05-01T14:15:38.100000,0.010843
2025-05-01T14:15:38.110000,0.005464
2025-05-01T14:15:38.120000,-0.011477
2025-05-01T14:15:38.130000,-0.006853
2025-05-01T14:15:38.140000,-0.012533
2025-05-01T14:15:38.150000,-0.001531
2025-05-01T14:15:38.160000,0.001323
2025-05-01T14:15:38.170000,-0.000007
2025-05-01T14:15:38.180000,0.008644
2025-05-01T14:15:38.190000,0.006434
2025-05-01T14:15:38.200000,-0.013280
2025-05-01T14:15:38.210000,0.000404
2025-05-01T14:15:38.220000,-0.010465
2025-05-01T14:15:38.230000,-0.010443
2025-05-01T14:15:38.240000,0.009959
2025-05-01T14:15:38.250000,-0.005514
2025-05-01T14:15:38.260000,0.005030
2025-05-01T14:15:38.270000,-0.008775
2025-05-01T14:15:38.280000,-0.001129
2025-05-01T14:15:38.290000,0.010166
2025-05-01T14:15:38.300000,0.011624
2025-05-01T14:15:38.310000,0.000588
2025-05-01T14:15:38.320000,0.003075
2025-05-01T14:15:38.330000,0.009421
2025-05-01T14:15:38.340000,-0.005350
2025-05-01T14:15:38.350000,-0.000935
2025-05-01T14:15:38.360000,-0.000259
2025-05-01T14:15:38.370000,0.003414
2025-05-01T14:15:38.380000,-0.024628
2025-05-01T14:15:38.390000,-0.004995
2025-05-01T14:15:38.400000,0.006352
2025-05-01T14:15:38.410000,0.012785
2025-05-01T14:15:38.420000,0.010191
2025-05-01T14:15:38.430000,0.002032
2025-05-01T14:15:38.440000,-0.002158
2025-05-01T14:15:38.450000,-0.005889
2025-05-01T14:15:38.460000,0.001257
2025-05-01T14:15:38.470000,0.001522
2025-05-01T14:15:38.480000,0.002380
2025-05-01T14:15:38.490000,-0.007820
2025-05-01T14:15:38.500000,-0.027932
2025-05-01T14:15:38.510000,-0.015240
2025-05-01T14:15:38.520000,0.005461
2025-05-01T14:15:38.530000,0.013519
2025-05-01T14:15:38.540000,0.007825
2025-05-01T14:15:38.550000,-0.011980
2025-05-01T14:15:38.560000,0.006118
2025-05-01T14:15:38.570000,0.006930
2025-05-01T14:15:38.580000,0.017995
2025-05-01T14:15:38.590000,-0.008748
2025-05-01T14:15:38.600000,0.002342
2025-05-01T14:15:38.610000,0.000879
2025-05-01T14:15:38.620000,-0.001241
2025-05-01T14:15:38.630000,-0.015273
2025-05-01T14:15:38.640000,0.002815
2025-05-01T14:15:38.650000,0.012753
2025-05-01T14:15:38.660000,-0.014800
2025-05-01T14:15:38.670000,-0.003544
2025-05-01T14:15:38.680000,-0.001348
2025-05-01T14:15:38.690000,0.002993
2025-05-01T14:15:38.700000,0.004083
2025-05-01T14:15:38.710000,0.013940
2025-05-01T14:15:38.720000,-0.010897
2025-05-01T14:15:38.730000,-0.000089
2025-05-01T14:15:38.740000,0.000880
2025-05-01T14:15:38.750000,0.008687
2025-05-01T14:15:38.760000,-0.000658
2025-05-01T14:15:38.770000,0.001604
2025-05-01T14:15:38.780000,-0.011245
2025-05-01T14:15:38.790000,-0.003994
2025-05-01T14:15:38.800000,-0.005915
2025-05-01T14:15:38.810000,0.006497
2025-05-01T14:15:38.820000,0.001303
2025-05-01T14:15:38.830000,-0.019256
2025-05-01T14:15:38.840000,0.007937
2025-05-01T14:15:38.850000,-0.007615
2025-05-01T14:15:38.860000,0.001558
2025-05-01T14:15:38.870000,-0.002084
2025-05-01T14:15:38.880000,0.007467
2025-05-01T14:15:38.890000,-0.005478
2025-05-01T14:15:38.900000,0.007014
2025-05-01T14:15:38.910000,0.009185
2025-05-01T14:15:38.920000,-0.006014
2025-05-01T14:15:38.930000,-0.007023
2025-05-01T14:15:38.940000,-0.027747
2025-05-01T14:15:38.950000,0.008787
2025-05-01T14:15:38.960000,0.011548
2025-05-01T14:15:38.970000,0.005189
2025-05-01T14:15:38.980000,-0.005367
2025-05-01T14:15:38.990000,0.008573
2025-05-01T14:15:39,-0.001131
2025-05-01T14:15:39.010000,0.007183
2025-05-01T14:15:39.020000,-0.020046
2025-05-01T14:15:39.030000,-0.022849
2025-05-01T14:15:39.040000,0.009288
2025-05-01T14:15:39.050000,0.010420
2025-05-01T14:15:39.060000,-0.004965
2025-05-01T14:15:39.070000,-0.013889
2025-05-01T14:15:39.080000,0.005478
2025-05-01T14:15:39.090000,-0.004831
2025-05-01T14:15:39.100000,0.006998
2025-05-01T14:15:39.110000,0.000116
2025-05-01T14:15:39.120000,0.005677
2025-05-01T14:15:39.130000,-0.000210
2025-05-01T14:15:39.140000,-0.013721
2025-05-01T14:15:39.150000,-0.005287
2025-05-01T14:15:39.160000,0.006224
2025-05-01T14:15:39.170000,-0.010058
2025-05-01T14:15:39.180000,0.000950
2025-05-01T14:15:39.190000,0.016674
2025-05-01T14:15:39.200000,0.003867
2025-05-01T14:15:39.210000,0.008603
2025-05-01T14:15:39.220000,-0.010726
2025-05-01T14:15:39.230000,-0.000418
2025-05-01T14:15:39.240000,-0.015074
2025-05-01T14:15:39.250000,0.010538
2025-05-01T14:15:39.260000,-0.005707
2025-05-01T14:15:39.270000,0.012780
2025-05-01T14:15:39.280000,-0.009044
2025-05-01T14:15:39.290000,0.011600
2025-05-01T14:15:39.300000,0.011836
2025-05-01T14:15:39.310000,-0.005443
2025-05-01T14:15:39.320000,0.001347
2025-05-01T14:15:39.330000,-0.006308
2025-05-01T14:15:39.340000,0.005410
2025-05-01T14:15:39.350000,-0.005297
2025-05-01T14:15:39.360000,0.004148
2025-05-01T14:15:39.370000,-0.002120
2025-05-01T14:15:39.380000,0.004840
2025-05-01T14:15:39.390000,-0.025029
2025-05-01T14:15:39.400000,-0.017220
2025-05-01T14:15:39.410000,-0.012404
2025-05-01T14:15:39.420000,0.000915
2025-05-01T14:15:39.430000,-0.009419
2025-05-01T14:15:39.440000,-0.010912
2025-05-01T14:15:39.450000,0.005054
2025-05-01T14:15:39.460000,-0.012540
2025-05-01T14:15:39.470000,-0.008722
2025-05-01T14:15:39.480000,-0.000241
2025-05-01T14:15:39.490000,0.002529
2025-05-01T14:15:39.500000,-0.003612
2025-05-01T14:15:39.510000,-0.001964
2025-05-01T14:15:39.520000,0.002879
2025-05-01T14:15:39.530000,-0.010456
2025-05-01T14:15:39.540000,0.005024
2025-05-01T14:15:39.550000,0.012711
2025-05-01T14:15:39.560000,-0.019159
2025-05-01T14:15:39.570000,-0.004447
2025-05-01T14:15:39.580000,0.000777
2025-05-01T14:15:39.590000,0.017954
2025-05-01T14:15:39.600000,-0.009197
2025-05-01T14:15:39.610000,-0.009487
2025-05-01T14:15:39.620000,0.005650
2025-05-01T14:15:39.630000,0.002329
2025-05-01T14:15:39.640000,0.010211
2025-05-01T14:15:39.650000,0.003573
2025-05-01T14:15:39.660000,-0.008917
2025-05-01T14:15:39.670000,-0.008755
2025-05-01T14:15:39.680000,0.005073
2025-05-01T14:15:39.690000,0.012708
2025-05-01T14:15:39.700000,-0.009315
2025-05-01T14:15:39.710000,-0.003258
2025-05-01T14:15:39.720000,0.002731
2025-05-01T14:15:39.730000,0.002324
2025-05-01T14:15:39.740000,0.010359
2025-05-01T14:15:39.750000,0.019846
2025-05-01T14:15:39.760000,-0.001000
2025-05-01T14:15:39.770000,0.003368
2025-05-01T14:15:39.780000,0.013665
2025-05-01T14:15:39.790000,0.003529
2025-05-01T14:15:39.800000,0.009820
2025-05-01T14:15:39.810000,0.021537
2025-05-01T14:15:39.820000,0.000179
2025-05-01T14:15:39.830000,0.011012
2025-05-01T14:15:39.840000,-0.010371
2025-05-01T14:15:39.850000,0.017568
2025-05-01T14:15:39.860000,0.011823
2025-05-01T14:15:39.870000,-0.003719
2025-05-01T14:15:39.880000,0.018108
2025-05-01T14:15:39.890000,0.013064
2025-05-01T14:15:39.900000,0.005637
2025-05-01T14:15:39.910000,0.003119
2025-05-01T14:15:39.920000,-0.011866
2025-05-01T14:15:39.930000,-0.025283
2025-05-01T14:15:39.940000,0.011292
2025-05-01T14:15:39.950000,0.019699
2025-05-01T14:15:39.960000,0.020247
2025-05-01T14:15:39.970000,-0.017171
2025-05-01T14:15:39.980000,-0.006517
2025-05-01T14:15:39.990000,0.000514
2025-05-01T14:15:40,-0.011581
2025-05-01T14:15:40.010000,0.004414
2025-05-01T14:15:40.020000,0.008264
2025-05-01T14:15:40.030000,0.000029
2025-05-01T14:15:40.040000,0.001977
2025-05-01T14:15:40.050000,0.011555
2025-05-01T14:15:40.060000,0.009924
2025-05-01T14:15:40.070000,0.000851
2025-05-01T14:15:40.080000,-0.000217
2025-05-01T14:15:40.090000,-0.000738
2025-05-01T14:15:40.100000,0.015041
2025-05-01T14:15:40.110000,-0.007971
2025-05-01T14:15:40.120000,0.016131
2025-05-01T14:15:40.130000,-0.007109
2025-05-01T14:15:40.140000,0.021612
2025-05-01T14:15:40.150000,0.002044
2025-05-01T14:15:40.160000,-0.008601
2025-05-01T14:15:40.170000,-0.009958
2025-05-01T14:15:40.180000,-0.009660
2025-05-01T14:15:40.190000,0.008029
2025-05-01T14:15:40.200000,0.009855
2025-05-01T14:15:40.210000,-0.006314
2025-05-01T14:15:40.220000,-0.001816
2025-05-01T14:15:40.230000,0.022443
2025-05-01T14:15:40.240000,0.004976
2025-05-01T14:15:40.250000,-0.016749
2025-05-01T14:15:40.260000,-0.004394
2025-05-01T14:15:40.270000,-0.010944
2025-05-01T14:15:40.280000,-0.006512
2025-05-01T14:15:40.290000,-0.021827
2025-05-01T14:15:40.300000,-0.002318
2025-05-01T14:15:40.310000,-0.006163
2025-05-01T14:15:40.320000,-0.001985
2025-05-01T14:15:40.330000,0.003478
2025-05-01T14:15:40.340000,0.005169
2025-05-01T14:15:40.350000,-0.000344
2025-05-01T14:15:40.360000,-0.014875
2025-05-01T14:15:40.370000,0.002777
2025-05-01T14:15:40.380000,-0.011775
2025-05-01T14:15:40.390000,0.008256
2025-05-01T14:15:40.400000,-0.007396
2025-05-01T14:15:40.410000,-0.002259
2025-05-01T14:15:40.420000,0.006007
2025-05-01T14:15:40.430000,-0.001328
2025-05-01T14:15:40.440000,0.006678
2025-05-01T14:15:40.450000,0.007816
2025-05-01T14:15:40.460000,-0.004188
2025-05-01T14:15:40.470000,-0.004530
2025-05-01T14:15:40.480000,-0.009109
2025-05-01T14:15:40.490000,-0.005514
2025-05-01T14:15:40.500000,-0.005234
2025-05-01T14:15:40.510000,0.016015
2025-05-01T14:15:40.520000,-0.011293
2025-05-01T14:15:40.530000,-0.008009
2025-05-01T14:15:40.540000,0.007451
2025-05-01T14:15:40.550000,0.000834
2025-05-01T14:15:40.560000,0.003981
2025-05-01T14:15:40.570000,-0.003846
2025-05-01T14:15:40.580000,0.011365
2025-05-01T14:15:40.590000,0.012818
2025-05-01T14:15:40.600000,0.003423
2025-05-01T14:15:40.610000,0.009627
2025-05-01T14:15:40.620000,0.023479
2025-05-01T14:15:40.630000,0.012126
2025-05-01T14:15:40.640000,0.008940
2025-05-01T14:15:40.650000,0.008132
2025-05-01T14:15:40.660000,-0.002918
2025-05-01T14:15:40.670000,-0.002236
2025-05-01T14:15:40.680000,0.003592
2025-05-01T14:15:40.690000,-0.009260
2025-05-01T14:15:40.700000,0.000556
2025-05-01T14:15:40.710000,0.002296
2025-05-01T14:15:40.720000,-0.011674
2025-05-01T14:15:40.730000,-0.019473
2025-05-01T14:15:40.740000,0.002697
2025-05-01T14:15:40.750000,-0.007702
2025-05-01T14:15:40.760000,0.004276
2025-05-01T14:15:40.770000,0.006470
2025-05-01T14:15:40.780000,0.011462
2025-05-01T14:15:40.790000,-0.008838
2025-05-01T14:15:40.800000,0.002577
2025-05-01T14:15:40.810000,0.013726
2025-05-01T14:15:40.820000,-0.000574
2025-05-01T14:15:40.830000,0.006405
2025-05-01T14:15:40.840000,0.011062
2025-05-01T14:15:40.850000,0.007281
2025-05-01T14:15:40.860000,0.010523
2025-05-01T14:15:40.870000,-0.005452
2025-05-01T14:15:40.880000,-0.003453
2025-05-01T14:15:40.890000,-0.008970
2025-05-01T14:15:40.900000,-0.010302
2025-05-01T14:15:40.910000,0.019029
2025-05-01T14:15:40.920000,0.002925
2025-05-01T14:15:40.930000,-0.010308
2025-05-01T14:15:40.940000,-0.000027
2025-05-01T14:15:40.950000,-0.006434
2025-05-01T14:15:40.960000,-0.000724
2025-05-01T14:15:40.970000,-0.014295
2025-05-01T14:15:40.980000,0.009562
2025-05-01T14:15:40.990000,0.007021
2025-05-01T14:15:41,0.002425
2025-05-01T14:15:41.010000,-0.009094
2025-05-01T14:15:41.020000,-0.009452
2025-05-01T14:15:41.030000,0.010903
2025-05-01T14:15:41.040000,0.014635
2025-05-01T14:15:41.050000,-0.000558
2025-05-01T14:15:41.060000,-0.019513
2025-05-01T14:15:41.070000,0.003294
2025-05-01T14:15:41.080000,0.011763
2025-05-01T14:15:41.090000,-0.001683
2025-05-01T14:15:41.100000,0.009766
2025-05-01T14:15:41.110000,-0.002293
2025-05-01T14:15:41.120000,-0.005697
2025-05-01T14:15:41.130000,-0.014579
2025-05-01T14:15:41.140000,0.009289
2025-05-01T14:15:41.150000,-0.003375
2025-05-01T14:15:41.160000,0.014976
2025-05-01T14:15:41.170000,0.022446
2025-05-01T14:15:41.180000,-0.007464
2025-05-01T14:15:41.190000,0.012788
2025-05-01T14:15:41.200000,0.001552
2025-05-01T14:15:41.210000,-0.006854
2025-05-01T14:15:41.220000,0.008135
2025-05-01T14:15:41.230000,-0.007782
2025-05-01T14:15:41.240000,-0.007005
2025-05-01T14:15:41.250000,-0.013569
2025-05-01T14:15:41.260000,0.006454
2025-05-01T14:15:41.270000,-0.011847
2025-05-01T14:15:41.280000,-0.014328
2025-05-01T14:15:41.290000,-0.003720
2025-05-01T14:15:41.300000,-0.001368
2025-05-01T14:15:41.310000,0.016225
2025-05-01T14:15:41.320000,-0.002842
2025-05-01T14:15:41.330000,0.008376
2025-05-01T14:15:41.340000,-0.003093
2025-05-01T14:15:41.350000,-0.002107
2025-05-01T14:15:41.360000,-0.004296
2025-05-01T14:15:41.370000,-0.003313
2025-05-01T14:15:41.380000,-0.000286
2025-05-01T14:15:41.390000,0.011442
2025-05-01T14:15:41.400000,-0.000102
2025-05-01T14:15:41.410000,-0.010574
2025-05-01T14:15:41.420000,-0.002650
2025-05-01T14:15:41.430000,0.005107
2025-05-01T14:15:41.440000,0.011970
2025-05-01T14:15:41.450000,-0.010517
2025-05-01T14:15:41.460000,-0.007501
2025-05-01T14:15:41.470000,-0.002641
2025-05-01T14:15:41.480000,-0.008947
2025-05-01T14:15:41.490000,0.009477
2025-05-01T14:15:41.500000,-0.019977
2025-05-01T14:15:41.510000,0.007276
2025-05-01T14:15:41.520000,0.002620
2025-05-01T14:15:41.530000,0.012577
2025-05-01T14:15:41.540000,0.004760
2025-05-01T14:15:41.550000,-0.004611
2025-05-01T14:15:41.560000,-0.015038
2025-05-01T14:15:41.570000,0.000922
2025-05-01T14:15:41.580000,-0.003115
2025-05-01T14:15:41.590000,0.001677
2025-05-01T14:15:41.600000,0.010536
2025-05-01T14:15:41.610000,-0.000091
2025-05-01T14:15:41.620000,-0.013795
2025-05-01T14:15:41.630000,-0.002784
2025-05-01T14:15:41.640000,0.008207
2025-05-01T14:15:41.650000,-0.009361
2025-05-01T14:15:41.660000,0.016963
2025-05-01T14:15:41.670000,0.005850
2025-05-01T14:15:41.680000,0.005386
2025-05-01T14:15:41.690000,0.005623
2025-05-01T14:15:41.700000,0.011085
2025-05-01T14:15:41.710000,-0.001925
2025-05-01T14:15:41.720000,-0.016706
2025-05-01T14:15:41.730000,-0.009459
2025-05-01T14:15:41.740000,0.016146
2025-05-01T14:15:41.750000,-0.017078
2025-05-01T14:15:41.760000,0.007582
2025-05-01T14:15:41.770000,-0.014825
2025-05-01T14:15:41.780000,0.004376
2025-05-01T14:15:41.790000,-0.012559
2025-05-01T14:15:41.800000,0.007004
2025-05-01T14:15:41.810000,0.024786
2025-05-01T14:15:41.820000,-0.006906
2025-05-01T14:15:41.830000,0.002619
2025-05-01T14:15:41.840000,-0.005587
2025-05-01T14:15:41.850000,-0.001043
2025-05-01T14:15:41.860000,0.004418
2025-05-01T14:15:41.870000,-0.010386
2025-05-01T14:15:41.880000,0.001386
2025-05-01T14:15:41.890000,-0.016946
2025-05-01T14:15:41.900000,0.019802
2025-05-01T14:15:41.910000,0.015115
2025-05-01T14:15:41.920000,-0.006694
2025-05-01T14:15:41.930000,0.022334
2025-05-01T14:15:41.940000,0.004254
2025-05-01T14:15:41.950000,0.003164
2025-05-01T14:15:41.960000,0.007452
2025-05-01T14:15:41.970000,-0.014937
2025-05-01T14:15:41.980000,0.006778
2025-05-01T14:15:41.990000,0.004006
2025-05-01T14:15:42,-0.010975
2025-05-01T14:15:42.010000,0.000530
2025-05-01T14:15:42.020000,-0.002628
2025-05-01T14:15:42.030000,0.016289
2025-05-01T14:15:42.040000,-0.014035
2025-05-01T14:15:42.050000,-0.004128
2025-05-01T14:15:42.060000,0.002210
2025-05-01T14:15:42.070000,0.003366
2025-05-01T14:15:42.080000,0.013498
2025-05-01T14:15:42.090000,0.003239
2025-05-01T14:15:42.100000,0.007235
2025-05-01T14:15:42.110000,0.002123
2025-05-01T14:15:42.120000,-0.005035
2025-05-01T14:15:42.130000,0.013774
2025-05-01T14:15:42.140000,-0.021985
2025-05-01T14:15:42.150000,0.001413
2025-05-01T14:15:42.160000,0.001474
2025-05-01T14:15:42.170000,-0.023298
2025-05-01T14:15:42.180000,0.005462
2025-05-01T14:15:42.190000,0.008334
2025-05-01T14:15:42.200000,-0.007165
2025-05-01T14:15:42.210000,-0.000013
2025-05-01T14:15:42.220000,0.008194
2025-05-01T14:15:42.230000,0.014365
2025-05-01T14:15:42.240000,-0.012320
2025-05-01T14:15:42.250000,-0.002244
2025-05-01T14:15:42.260000,0.011803
2025-05-01T14:15:42.270000,-0.016436
2025-05-01T14:15:42.280000,0.004171
2025-05-01T14:15:42.290000,0.003566
2025-05-01T14:15:42.300000,0.000217
2025-05-01T14:15:42.310000,0.010373
2025-05-01T14:15:42.320000,-0.003582
2025-05-01T14:15:42.330000,-0.022076
2025-05-01T14:15:42.340000,-0.021282
2025-05-01T14:15:42.350000,0.010171
2025-05-01T14:15:42.360000,-0.006679
2025-05-01T14:15:42.370000,-0.004745
2025-05-01T14:15:42.380000,-0.002269
2025-05-01T14:15:42.390000,0.002955
2025-05-01T14:15:42.400000,0.001568
2025-05-01T14:15:42.410000,-0.002040
2025-05-01T14:15:42.420000,-0.011877
2025-05-01T14:15:42.430000,0.016721
2025-05-01T14:15:42.440000,-0.016534
2025-05-01T14:15:42.450000,0.017228
2025-05-01T14:15:42.460000,0.002300
2025-05-01T14:15:42.470000,0.011100
2025-05-01T14:15:42.480000,0.005275
2025-05-01T14:15:42.490000,0.021958
2025-05-01T14:15:42.500000,-0.001811
2025-05-01T14:15:42.510000,-0.016862
2025-05-01T14:15:42.520000,0.002447
2025-05-01T14:15:42.530000,0.008603
2025-05-01T14:15:42.540000,-0.010615
2025-05-01T14:15:42.550000,-0.003555
2025-05-01T14:15:42.560000,-0.016416
2025-05-01T14:15:42.570000,-0.002732
2025-05-01T14:15:42.580000,-0.007718
2025-05-01T14:15:42.590000,-0.010208
2025-05-01T14:15:42.600000,0.000914
2025-05-01T14:15:42.610000,0.018779
2025-05-01T14:15:42.620000,-0.004140
2025-05-01T14:15:42.630000,-0.012591
2025-05-01T14:15:42.640000,-0.002536
2025-05-01T14:15:42.650000,0.012920
2025-05-01T14:15:42.660000,-0.006266
2025-05-01T14:15:42.670000,0.006862
2025-05-01T14:15:42.680000,0.017794
2025-05-01T14:15:42.690000,0.008657
2025-05-01T14:15:42.700000,0.008637
2025-05-01T14:15:42.710000,-0.005648
2025-05-01T14:15:42.720000,0.007788
2025-05-01T14:15:42.730000,-0.001838
2025-05-01T14:15:42.740000,-0.010167
2025-05-01T14:15:42.750000,-0.020772
2025-05-01T14:15:42.760000,0.001816
2025-05-01T14:15:42.770000,-0.014499
2025-05-01T14:15:42.780000,0.018552
2025-05-01T14:15:42.790000,0.003069
2025-05-01T14:15:42.800000,0.013587
2025-05-01T14:15:42.810000,-0.017588
2025-05-01T14:15:42.820000,-0.006971
2025-05-01T14:15:42.830000,-0.011248
2025-05-01T14:15:42.840000,-0.005130
2025-05-01T14:15:42.850000,0.008434
2025-05-01T14:15:42.860000,-0.009942
2025-05-01T14:15:42.870000,-0.006467
2025-05-01T14:15:42.880000,0.000556
2025-05-01T14:15:42.890000,-0.006197
2025-05-01T14:15:42.900000,0.024947
2025-05-01T14:15:42.910000,-0.026388
2025-05-01T14:15:42.920000,0.000361
2025-05-01T14:15:42.930000,0.006510
2025-05-01T14:15:42.940000,0.008068
2025-05-01T14:15:42.950000,0.013379
2025-05-01T14:15:42.960000,-0.002006
2025-05-01T14:15:42.970000,0.004107
2025-05-01T14:15:42.980000,0.003563
2025-05-01T14:15:42.990000,-0.000952
2025-05-01T14:15:43,-0.007031
2025-05-01T14:15:43.010000,0.008611
2025-05-01T14:15:43.020000,-0.009022
2025-05-01T14:15:43.030000,0.006834
2025-05-01T14:15:43.040000,0.000157
2025-05-01T14:15:43.050000,-0.002638
2025-05-01T14:15:43.060000,0.011072
2025-05-01T14:15:43.070000,-0.008118
2025-05-01T14:15:43.080000,0.009231
2025-05-01T14:15:43.090000,-0.008704
2025-05-01T14:15:43.100000,-0.000463
2025-05-01T14:15:43.110000,0.007619
2025-05-01T14:15:43.120000,0.005671
2025-05-01T14:15:43.130000,0.015064
2025-05-01T14:15:43.140000,0.003661
2025-05-01T14:15:43.150000,0.010803
2025-05-01T14:15:43.160000,0.001048
2025-05-01T14:15:43.170000,0.014259
2025-05-01T14:15:43.180000,-0.001540
2025-05-01T14:15:43.190000,-0.008946
2025-05-01T14:15:43.200000,-0.009824
2025-05-01T14:15:43.210000,-0.005047
2025-05-01T14:15:43.220000,0.004742
2025-05-01T14:15:43.230000,0.012842
2025-05-01T14:15:43.240000,0.006592
2025-05-01T14:15:43.250000,-0.004837
2025-05-01T14:15:43.260000,-0.018380
2025-05-01T14:15:43.270000,-0.003910
2025-05-01T14:15:43.280000,-0.014087
2025-05-01T14:15:43.290000,-0.008096
2025-05-01T14:15:43.300000,-0.009579
2025-05-01T14:15:43.310000,-0.007114
2025-05-01T14:15:43.320000,0.001464
2025-05-01T14:15:43.330000,-0.011702
2025-05-01T14:15:43.340000,0.019731
2025-05-01T14:15:43.350000,-0.002015
2025-05-01T14:15:43.360000,-0.002397
2025-05-01T14:15:43.370000,0.000100
2025-05-01T14:15:43.380000,-0.001904
2025-05-01T14:15:43.390000,0.005536
2025-05-01T14:15:43.400000,-0.027917
2025-05-01T14:15:43.410000,0.006238
2025-05-01T14:15:43.420000,-0.014984
2025-05-01T14:15:43.430000,0.003692
2025-05-01T14:15:43.440000,-0.002664
2025-05-01T14:15:43.450000,-0.011240
2025-05-01T14:15:43.460000,0.003357
2025-05-01T14:15:43.470000,-0.007208
2025-05-01T14:15:43.480000,0.001309
2025-05-01T14:15:43.490000,0.016573
2025-05-01T14:15:43.500000,-0.013704
2025-05-01T14:15:43.510000,0.008444
2025-05-01T14:15:43.520000,0.004314
2025-05-01T14:15:43.530000,0.005337
2025-05-01T14:15:43.540000,-0.012845
2025-05-01T14:15:43.550000,0.008023
2025-05-01T14:15:43.560000,-0.011745
2025-05-01T14:15:43.570000,-0.016894
2025-05-01T14:15:43.580000,-0.014866
2025-05-01T14:15:43.590000,-0.005430
2025-05-01T14:15:43.600000,-0.003311
2025-05-01T14:15:43.610000,-0.009342
2025-05-01T14:15:43.620000,0.007265
2025-05-01T14:15:43.630000,-0.002084
2025-05-01T14:15:43.640000,-0.006176
2025-05-01T14:15:43.650000,-0.005164
2025-05-01T14:15:43.660000,0.006460
2025-05-01T14:15:43.670000,0.010536
2025-05-01T14:15:43.680000,-0.002771
2025-05-01T14:15:43.690000,-0.002988
2025-05-01T14:15:43.700000,0.012369
2025-05-01T14:15:43.710000,0.006321
2025-05-01T14:15:43.720000,-0.007880
2025-05-01T14:15:43.730000,0.009768
2025-05-01T14:15:43.740000,0.006065
2025-05-01T14:15:43.750000,-0.009955
2025-05-01T14:15:43.760000,0.004642
2025-05-01T14:15:43.770000,-0.003220
2025-05-01T14:15:43.780000,-0.002833
2025-05-01T14:15:43.790000,0.011281
2025-05-01T14:15:43.800000,-0.011278
2025-05-01T14:15:43.810000,0.006545
2025-05-01T14:15:43.820000,-0.004995
2025-05-01T14:15:43.830000,-0.010287
2025-05-01T14:15:43.840000,-0.005274
2025-05-01T14:15:43.850000,0.003285
2025-05-01T14:15:43.860000,-0.000587
2025-05-01T14:15:43.870000,-0.003915
2025-05-01T14:15:43.880000,0.022964
2025-05-01T14:15:43.890000,-0.003683
2025-05-01T14:15:43.900000,-0.000589
2025-05-01T14:15:43.910000,-0.014270
2025-05-01T14:15:43.920000,0.000205
2025-05-01T14:15:43.930000,0.000343
2025-05-01T14:15:43.940000,0.004008
2025-05-01T14:15:43.950000,0.012839
2025-05-01T14:15:43.960000,0.018535
2025-05-01T14:15:43.970000,-0.004740
2025-05-01T14:15:43.980000,-0.005645
2025-05-01T14:15:43.990000,-0.001368
2025-05-01T14:15:44,0.002891
2025-05-01T14:15:44.010000,-0.002459
2025-05-01T14:15:44.020000,0.020423
2025-05-01T14:15:44.030000,-0.003596
2025-05-01T14:15:44.040000,0.004206
2025-05-01T14:15:44.050000,0.005696
2025-05-01T14:15:44.060000,0.003017
2025-05-01T14:15:44.070000,-0.003460
2025-05-01T14:15:44.080000,-0.002756
2025-05-01T14:15:44.090000,0.008593
2025-05-01T14:15:44.100000,-0.013805
2025-05-01T14:15:44.110000,0.007401
2025-05-01T14:15:44.120000,-0.008942
2025-05-01T14:15:44.130000,-0.005367
2025-05-01T14:15:44.140000,0.016961
2025-05-01T14:15:44.150000,-0.005382
2025-05-01T14:15:44.160000,0.013105
2025-05-01T14:15:44.170000,0.011700
2025-05-01T14:15:44.180000,-0.012980
2025-05-01T14:15:44.190000,0.009760
2025-05-01T14:15:44.200000,0.002100
2025-05-01T14:15:44.210000,-0.012081
2025-05-01T14:15:44.220000,-0.014181
2025-05-01T14:15:44.230000,0.003171
2025-05-01T14:15:44.240000,0.013657
2025-05-01T14:15:44.250000,0.008392
2025-05-01T14:15:44.260000,-0.000306
2025-05-01T14:15:44.270000,-0.000861
2025-05-01T14:15:44.280000,-0.002926
2025-05-01T14:15:44.290000,0.004905
2025-05-01T14:15:44.300000,-0.003191
2025-05-01T14:15:44.310000,0.005253
2025-05-01T14:15:44.320000,0.004309
2025-05-01T14:15:44.330000,-0.005257
2025-05-01T14:15:44.340000,0.000269
2025-05-01T14:15:44.350000,0.010564
2025-05-01T14:15:44.360000,0.003700
2025-05-01T14:15:44.370000,0.017779
2025-05-01T14:15:44.380000,-0.019916
2025-05-01T14:15:44.390000,0.002463
2025-05-01T14:15:44.400000,0.005801
2025-05-01T14:15:44.410000,-0.004404
2025-05-01T14:15:44.420000,-0.009819
2025-05-01T14:15:44.430000,0.012046
2025-05-01T14:15:44.440000,-0.008443
2025-05-01T14:15:44.450000,0.011875
2025-05-01T14:15:44.460000,0.002535
2025-05-01T14:15:44.470000,-0.001092
2025-05-01T14:15:44.480000,0.009004
2025-05-01T14:15:44.490000,0.018017
2025-05-01T14:15:44.500000,-0.007098
2025-05-01T14:15:44.510000,0.009939
2025-05-01T14:15:44.520000,0.005139
2025-05-01T14:15:44.530000,-0.012652
2025-05-01T14:15:44.540000,-0.006631
2025-05-01T14:15:44.550000,0.011097
2025-05-01T14:15:44.560000,0.012424
2025-05-01T14:15:44.570000,0.006550
2025-05-01T14:15:44.580000,0.016241
2025-05-01T14:15:44.590000,-0.003004
2025-05-01T14:15:44.600000,-0.016328
2025-05-01T14:15:44.610000,-0.013816
2025-05-01T14:15:44.620000,0.006714
2025-05-01T14:15:44.630000,0.007118
2025-05-01T14:15:44.640000,0.009022
2025-05-01T14:15:44.650000,-0.008858
2025-05-01T14:15:44.660000,0.001624
2025-05-01T14:15:44.670000,0.010300
2025-05-01T14:15:44.680000,-0.000036
2025-05-01T14:15:44.690000,0.016259
2025-05-01T14:15:44.700000,-0.005228
2025-05-01T14:15:44.710000,0.020705
2025-05-01T14:15:44.720000,-0.005584
2025-05-01T14:15:44.730000,0.020256
2025-05-01T14:15:44.740000,0.001256
2025-05-01T14:15:44.750000,0.006336
2025-05-01T14:15:44.760000,0.010278
2025-05-01T14:15:44.770000,0.003142
2025-05-01T14:15:44.780000,-0.010060
2025-05-01T14:15:44.790000,0.000759
2025-05-01T14:15:44.800000,0.007360
2025-05-01T14:15:44.810000,0.008763
2025-05-01T14:15:44.820000,0.001014
2025-05-01T14:15:44.830000,-0.004298
2025-05-01T14:15:44.840000,-0.005024
2025-05-01T14:15:44.850000,0.009379
2025-05-01T14:15:44.860000,0.005564
2025-05-01T14:15:44.870000,-0.014505
2025-05-01T14:15:44.880000,-0.003249
2025-05-01T14:15:44.890000,0.006842
2025-05-01T14:15:44.900000,0.006111
2025-05-01T14:15:44.910000,0.003667
2025-05-01T14:15:44.920000,0.007693
2025-05-01T14:15:44.930000,0.008967
2025-05-01T14:15:44.940000,-0.025967
2025-05-01T14:15:44.950000,-0.006105
2025-05-01T14:15:44.960000,0.004311
2025-05-01T14:15:44.970000,-0.001634
2025-05-01T14:15:44.980000,0.011994
2025-05-01T14:15:44.990000,0.014256
2025-05-01T14:15:45,0.008604
2025-05-01T14:15:45.010000,0.007768
2025-05-01T14:15:45.020000,-0.017251
2025-05-01T14:15:45.030000,0.005662
2025-05-01T14:15:45.040000,-0.004254
2025-05-01T14:15:45.050000,0.008732
2025-05-01T14:15:45.060000,-0.006131
2025-05-01T14:15:45.070000,-0.003842
2025-05-01T14:15:45.080000,0.014156
2025-05-01T14:15:45.090000,0.014821
2025-05-01T14:15:45.100000,0.007766
2025-05-01T14:15:45.110000,-0.015741
2025-05-01T14:15:45.120000,0.010683
2025-05-01T14:15:45.130000,0.018700
2025-05-01T14:15:45.140000,-0.002876
2025-05-01T14:15:45.150000,-0.002358
2025-05-01T14:15:45.160000,-0.003365
2025-05-01T14:15:45.170000,-0.003783
2025-05-01T14:15:45.180000,-0.010432
2025-05-01T14:15:45.190000,-0.003292
2025-05-01T14:15:45.200000,-0.000881
2025-05-01T14:15:45.210000,-0.005269
2025-05-01T14:15:45.220000,0.004833
2025-05-01T14:15:45.230000,0.007796
2025-05-01T14:15:45.240000,0.000247
2025-05-01T14:15:45.250000,-0.008341
2025-05-01T14:15:45.260000,0.018017
2025-05-01T14:15:45.270000,0.009321
2025-05-01T14:15:45.280000,0.013641
2025-05-01T14:15:45.290000,0.010649
2025-05-01T14:15:45.300000,-0.008252
2025-05-01T14:15:45.310000,0.009976
2025-05-01T14:15:45.320000,-0.007072
2025-05-01T14:15:45.330000,0.016674
2025-05-01T14:15:45.340000,-0.006573
2025-05-01T14:15:45.350000,-0.014264
2025-05-01T14:15:45.360000,-0.008662
2025-05-01T14:15:45.370000,0.014645
2025-05-01T14:15:45.380000,-0.000361
2025-05-01T14:15:45.390000,0.013421
2025-05-01T14:15:45.400000,0.010281
2025-05-01T14:15:45.410000,0.002535
2025-05-01T14:15:45.420000,-0.014057
2025-05-01T14:15:45.430000,-0.009998
2025-05-01T14:15:45.440000,0.002415
2025-05-01T14:15:45.450000,-0.005494
2025-05-01T14:15:45.460000,-0.019100
2025-05-01T14:15:45.470000,0.005232
2025-05-01T14:15:45.480000,-0.002702
2025-05-01T14:15:45.490000,0.010929
2025-05-01T14:15:45.500000,-0.000668
2025-05-01T14:15:45.510000,0.020922
2025-05-01T14:15:45.520000,0.013350
2025-05-01T14:15:45.530000,0.013001
2025-05-01T14:15:45.540000,0.001229
2025-05-01T14:15:45.550000,0.007522
2025-05-01T14:15:45.560000,0.011026
2025-05-01T14:15:45.570000,-0.004927
2025-05-01T14:15:45.580000,-0.003669
2025-05-01T14:15:45.590000,-0.010283
2025-05-01T14:15:45.600000,0.007714
2025-05-01T14:15:45.610000,0.014925
2025-05-01T14:15:45.620000,0.011146
2025-05-01T14:15:45.630000,-0.002805
2025-05-01T14:15:45.640000,-0.004317
2025-05-01T14:15:45.650000,-0.001601
2025-05-01T14:15:45.660000,-0.001664
2025-05-01T14:15:45.670000,-0.010515
2025-05-01T14:15:45.680000,0.005441
2025-05-01T14:15:45.690000,0.006109
2025-05-01T14:15:45.700000,0.005571
2025-05-01T14:15:45.710000,-0.006640
2025-05-01T14:15:45.720000,0.002140
2025-05-01T14:15:45.730000,-0.004061
2025-05-01T14:15:45.740000,0.010762
2025-05-01T14:15:45.750000,-0.003791
2025-05-01T14:15:45.760000,-0.009921
2025-05-01T14:15:45.770000,0.008887
2025-05-01T14:15:45.780000,0.012707
2025-05-01T14:15:45.790000,-0.003451
2025-05-01T14:15:45.800000,-0.012579
2025-05-01T14:15:45.810000,-0.006757
2025-05-01T14:15:45.820000,0.009832
2025-05-01T14:15:45.830000,0.007558
2025-05-01T14:15:45.840000,-0.003724
2025-05-01T14:15:45.850000,0.000607
2025-05-01T14:15:45.860000,-0.005184
2025-05-01T14:15:45.870000,-0.000030
2025-05-01T14:15:45.880000,-0.007538
2025-05-01T14:15:45.890000,0.012160
2025-05-01T14:15:45.900000,0.007664
2025-05-01T14:15:45.910000,-0.005600
2025-05-01T14:15:45.920000,-0.005261
2025-05-01T14:15:45.930000,-0.016933
2025-05-01T14:15:45.940000,-0.003335
2025-05-01T14:15:45.950000,0.012494
2025-05-01T14:15:45.960000,0.014156
2025-05-01T14:15:45.970000,0.004253
2025-05-01T14:15:45.980000,0.008723
2025-05-01T14:15:45.990000,-0.005313
2025-05-01T14:15:46,0.006021
2025-05-01T14:15:46.010000,0.003868
2025-05-01T14:15:46.020000,-0.000309
2025-05-01T14:15:46.030000,-0.003623
2025-05-01T14:15:46.040000,0.010035
2025-05-01T14:15:46.050000,0.003528
2025-05-01T14:15:46.060000,-0.001972
2025-05-01T14:15:46.070000,0.005319
2025-05-01T14:15:46.080000,0.004419
2025-05-01T14:15:46.090000,-0.001802
2025-05-01T14:15:46.100000,0.003998
2025-05-01T14:15:46.110000,0.002591
2025-05-01T14:15:46.120000,0.002371
2025-05-01T14:15:46.130000,-0.011007
2025-05-01T14:15:46.140000,-0.017968
2025-05-01T14:15:46.150000,-0.009606
2025-05-01T14:15:46.160000,0.003045
2025-05-01T14:15:46.170000,-0.003360
2025-05-01T14:15:46.180000,0.021496
2025-05-01T14:15:46.190000,0.001962
2025-05-01T14:15:46.200000,-0.007399
2025-05-01T14:15:46.210000,0.000524
2025-05-01T14:15:46.220000,-0.013677
2025-05-01T14:15:46.230000,0.021040
2025-05-01T14:15:46.240000,-0.013195
2025-05-01T14:15:46.250000,0.000624
2025-05-01T14:15:46.260000,-0.006470
2025-05-01T14:15:46.270000,0.002045
2025-05-01T14:15:46.280000,0.005832
2025-05-01T14:15:46.290000,-0.002719
2025-05-01T14:15:46.300000,-0.007430
2025-05-01T14:15:46.310000,-0.005006
2025-05-01T14:15:46.320000,-0.006820
2025-05-01T14:15:46.330000,-0.002936
2025-05-01T14:15:46.340000,0.005661
2025-05-01T14:15:46.350000,0.004063
2025-05-01T14:15:46.360000,-0.011476
2025-05-01T14:15:46.370000,0.013021
2025-05-01T14:15:46.380000,-0.009339
2025-05-01T14:15:46.390000,0.004175
2025-05-01T14:15:46.400000,-0.009597
2025-05-01T14:15:46.410000,0.014473
2025-05-01T14:15:46.420000,-0.000332
2025-05-01T14:15:46.430000,0.014271
2025-05-01T14:15:46.440000,0.005651
2025-05-01T14:15:46.450000,-0.015198
2025-05-01T14:15:46.460000,-0.004714
2025-05-01T14:15:46.470000,0.011083
2025-05-01T14:15:46.480000,-0.005007
2025-05-01T14:15:46.490000,0.008473
2025-05-01T14:15:46.500000,0.011499
2025-05-01T14:15:46.510000,-0.015436
2025-05-01T14:15:46.520000,0.008935
2025-05-01T14:15:46.530000,0.008363
2025-05-01T14:15:46.540000,0.007746
2025-05-01T14:15:46.550000,0.015098
2025-05-01T14:15:46.560000,-0.008163
2025-05-01T14:15:46.570000,0.031862
2025-05-01T14:15:46.580000,0.008476
2025-05-01T14:15:46.590000,-0.012227
2025-05-01T14:15:46.600000,-0.009925
2025-05-01T14:15:46.610000,0.008080
2025-05-01T14:15:46.620000,0.002875
2025-05-01T14:15:46.630000,-0.011694
2025-05-01T14:15:46.640000,0.012888
2025-05-01T14:15:46.650000,-0.011314
2025-05-01T14:15:46.660000,-0.000961
2025-05-01T14:15:46.670000,-0.011934
2025-05-01T14:15:46.680000,0.008190
2025-05-01T14:15:46.690000,0.000698
2025-05-01T14:15:46.700000,-0.004927
2025-05-01T14:15:46.710000,0.003982
2025-05-01T14:15:46.720000,0.013280
2025-05-01T14:15:46.730000,-0.009692
2025-05-01T14:15:46.740000,0.009638
2025-05-01T14:15:46.750000,-0.001812
2025-05-01T14:15:46.760000,-0.001749
2025-05-01T14:15:46.770000,0.010492
2025-05-01T14:15:46.780000,0.008043
2025-05-01T14:15:46.790000,-0.000217
2025-05-01T14:15:46.800000,-0.006818
2025-05-01T14:15:46.810000,-0.001686
2025-05-01T14:15:46.820000,-0.002408
2025-05-01T14:15:46.830000,0.007467
2025-05-01T14:15:46.840000,-0.006103
2025-05-01T14:15:46.850000,0.001872
2025-05-01T14:15:46.860000,0.010427
2025-05-01T14:15:46.870000,-0.015052
2025-05-01T14:15:46.880000,-0.002397
2025-05-01T14:15:46.890000,0.005688
2025-05-01T14:15:46.900000,-0.012963
2025-05-01T14:15:46.910000,-0.005628
2025-05-01T14:15:46.920000,-0.013987
2025-05-01T14:15:46.930000,0.001572
2025-05-01T14:15:46.940000,-0.011039
2025-05-01T14:15:46.950000,0.004880
2025-05-01T14:15:46.960000,0.000517
2025-05-01T14:15:46.970000,0.013144
2025-05-01T14:15:46.980000,-0.010712
2025-05-01T14:15:46.990000,-0.008284
2025-05-01T14:15:47,0.000610
2025-05-01T14:15:47.010000,-0.006197
2025-05-01T14:15:47.020000,-0.008501
2025-05-01T14:15:47.030000,0.015754
2025-05-01T14:15:47.040000,-0.007739
2025-05-01T14:15:47.050000,0.009633
2025-05-01T14:15:47.060000,0.009265
2025-05-01T14:15:47.070000,0.010666
2025-05-01T14:15:47.080000,0.018155
2025-05-01T14:15:47.090000,-0.000834
2025-05-01T14:15:47.100000,-0.013985
2025-05-01T14:15:47.110000,-0.011870
2025-05-01T14:15:47.120000,0.005354
2025-05-01T14:15:47.130000,-0.008856
2025-05-01T14:15:47.140000,-0.004029
2025-05-01T14:15:47.150000,-0.003923
2025-05-01T14:15:47.160000,0.002636
2025-05-01T14:15:47.170000,0.012354
2025-05-01T14:15:47.180000,0.007102
2025-05-01T14:15:47.190000,-0.005135
2025-05-01T14:15:47.200000,0.003717
2025-05-01T14:15:47.210000,-0.001957
2025-05-01T14:15:47.220000,0.002415
2025-05-01T14:15:47.230000,-0.005062
2025-05-01T14:15:47.240000,0.007614
2025-05-01T14:15:47.250000,0.009224
2025-05-01T14:15:47.260000,-0.007256
2025-05-01T14:15:47.270000,-0.005525
2025-05-01T14:15:47.280000,0.010966
2025-05-01T14:15:47.290000,-0.003612
2025-05-01T14:15:47.300000,-0.001560
2025-05-01T14:15:47.310000,0.011989
2025-05-01T14:15:47.320000,0.018876
2025-05-01T14:15:47.330000,-0.008150
2025-05-01T14:15:47.340000,-0.001264
2025-05-01T14:15:47.350000,0.000329
2025-05-01T14:15:47.360000,0.007171
2025-05-01T14:15:47.370000,-0.001511
2025-05-01T14:15:47.380000,0.007816
2025-05-01T14:15:47.390000,0.002375
2025-05-01T14:15:47.400000,0.003576
2025-05-01T14:15:47.410000,0.005106
2025-05-01T14:15:47.420000,-0.003367
2025-05-01T14:15:47.430000,-0.008245
2025-05-01T14:15:47.440000,0.006444
2025-05-01T14:15:47.450000,-0.002962
2025-05-01T14:15:47.460000,-0.007880
2025-05-01T14:15:47.470000,0.007708
2025-05-01T14:15:47.480000,0.000342
2025-05-01T14:15:47.490000,0.001257
2025-05-01T14:15:47.500000,-0.006347
2025-05-01T14:15:47.510000,0.004579
2025-05-01T14:15:47.520000,0.006373
2025-05-01T14:15:47.530000,0.000149
2025-05-01T14:15:47.540000,-0.002704
2025-05-01T14:15:47.550000,-0.012456
2025-05-01T14:15:47.560000,0.001020
2025-05-01T14:15:47.570000,-0.006353
2025-05-01T14:15:47.580000,0.018575
2025-05-01T14:15:47.590000,0.008250
2025-05-01T14:15:47.600000,-0.005632
2025-05-01T14:15:47.610000,-0.003474
2025-05-01T14:15:47.620000,0.006053
2025-05-01T14:15:47.630000,0.002079
2025-05-01T14:15:47.640000,-0.006687
2025-05-01T14:15:47.650000,-0.019271
2025-05-01T14:15:47.660000,0.020157
2025-05-01T14:15:47.670000,-0.003276
2025-05-01T14:15:47.680000,-0.003174
2025-05-01T14:15:47.690000,-0.000499
2025-05-01T14:15:47.700000,-0.015605
2025-05-01T14:15:47.710000,0.010361
2025-05-01T14:15:47.720000,-0.003147
2025-05-01T14:15:47.730000,-0.004650
2025-05-01T14:15:47.740000,0.016492
2025-05-01T14:15:47.750000,0.001852
2025-05-01T14:15:47.760000,0.006623
2025-05-01T14:15:47.770000,-0.009732
2025-05-01T14:15:47.780000,0.015561
2025-05-01T14:15:47.790000,0.006065
2025-05-01T14:15:47.800000,-0.003624
2025-05-01T14:15:47.810000,0.015375
2025-05-01T14:15:47.820000,-0.006798
2025-05-01T14:15:47.830000,-0.016861
2025-05-01T14:15:47.840000,-0.000107
2025-05-01T14:15:47.850000,0.004066
2025-05-01T14:15:47.860000,-0.018776
2025-05-01T14:15:47.870000,-0.010328
2025-05-01T14:15:47.880000,0.012000
2025-05-01T14:15:47.890000,-0.006461
2025-05-01T14:15:47.900000,-0.012117
2025-05-01T14:15:47.910000,0.020031
2025-05-01T14:15:47.920000,0.017877
2025-05-01T14:15:47.930000,-0.012743
2025-05-01T14:15:47.940000,0.006930
2025-05-01T14:15:47.950000,-0.003520
2025-05-01T14:15:47.960000,-0.012288
2025-05-01T14:15:47.970000,-0.000097
2025-05-01T14:15:47.980000,-0.005115
2025-05-01T14:15:47.990000,0.005462
2025-05-01T14:15:48,-0.000595
2025-05-01T14:15:48.010000,0.008026
2025-05-01T14:15:48.020000,0.006510
2025-05-01T14:15:48.030000,0.003251
2025-05-01T14:15:48.040000,0.003780
2025-05-01T14:15:48.050000,0.005326
2025-05-01T14:15:48.060000,-0.018179
2025-05-01T14:15:48.070000,-0.008347
2025-05-01T14:15:48.080000,0.018714
2025-05-01T14:15:48.090000,-0.003518
2025-05-01T14:15:48.100000,-0.004221
2025-05-01T14:15:48.110000,-0.026397
2025-05-01T14:15:48.120000,-0.004804
2025-05-01T14:15:48.130000,0.005882
2025-05-01T14:15:48.140000,0.006772
2025-05-01T14:15:48.150000,-0.001999
2025-05-01T14:15:48.160000,-0.000174
2025-05-01T14:15:48.170000,0.006507
2025-05-01T14:15:48.180000,-0.002653
2025-05-01T14:15:48.190000,0.000034
2025-05-01T14:15:48.200000,-0.002020
2025-05-01T14:15:48.210000,-0.010651
2025-05-01T14:15:48.220000,0.005285
2025-05-01T14:15:48.230000,-0.004915
2025-05-01T14:15:48.240000,0.009814
2025-05-01T14:15:48.250000,-0.008398
2025-05-01T14:15:48.260000,-0.011071
2025-05-01T14:15:48.270000,0.003918
2025-05-01T14:15:48.280000,-0.005093
2025-05-01T14:15:48.290000,-0.008627
2025-05-01T14:15:48.300000,-0.013217
2025-05-01T14:15:48.310000,0.017161
2025-05-01T14:15:48.320000,0.012233
2025-05-01T14:15:48.330000,0.022631
2025-05-01T14:15:48.340000,0.007958
2025-05-01T14:15:48.350000,0.009803
2025-05-01T14:15:48.360000,0.003212
2025-05-01T14:15:48.370000,-0.008031
2025-05-01T14:15:48.380000,-0.014133
2025-05-01T14:15:48.390000,-0.004303
2025-05-01T14:15:48.400000,-0.004680
2025-05-01T14:15:48.410000,-0.004110
2025-05-01T14:15:48.420000,0.001523
2025-05-01T14:15:48.430000,-0.005432
2025-05-01T14:15:48.440000,-0.011809
2025-05-01T14:15:48.450000,-0.000638
2025-05-01T14:15:48.460000,-0.003445
2025-05-01T14:15:48.470000,0.018145
2025-05-01T14:15:48.480000,0.009260
2025-05-01T14:15:48.490000,0.008699
2025-05-01T14:15:48.500000,-0.017962
2025-05-01T14:15:48.510000,0.005750
2025-05-01T14:15:48.520000,-0.015641
2025-05-01T14:15:48.530000,-0.002258
2025-05-01T14:15:48.540000,0.006160
2025-05-01T14:15:48.550000,-0.002521
2025-05-01T14:15:48.560000,-0.011131
2025-05-01T14:15:48.570000,-0.018308
2025-05-01T14:15:48.580000,0.001049
2025-05-01T14:15:48.590000,-0.002277
2025-05-01T14:15:48.600000,0.006495
2025-05-01T14:15:48.610000,-0.014793
2025-05-01T14:15:48.620000,-0.009425
2025-05-01T14:15:48.630000,-0.005104
2025-05-01T14:15:48.640000,-0.006562
2025-05-01T14:15:48.650000,0.003668
2025-05-01T14:15:48.660000,-0.001739
2025-05-01T14:15:48.670000,0.017272
2025-05-01T14:15:48.680000,-0.003923
2025-05-01T14:15:48.690000,0.016179
2025-05-01T14:15:48.700000,-0.001081
2025-05-01T14:15:48.710000,0.000018
2025-05-01T14:15:48.720000,0.001953
2025-05-01T14:15:48.730000,0.011588
2025-05-01T14:15:48.740000,0.000241
2025-05-01T14:15:48.750000,-0.004737
2025-05-01T14:15:48.760000,-0.007466
2025-05-01T14:15:48.770000,-0.002733
2025-05-01T14:15:48.780000,0.000831
2025-05-01T14:15:48.790000,-0.001680
2025-05-01T14:15:48.800000,0.017984
2025-05-01T14:15:48.810000,-0.014316
2025-05-01T14:15:48.820000,-0.005632
2025-05-01T14:15:48.830000,-0.015118
2025-05-01T14:15:48.840000,0.006490
2025-05-01T14:15:48.850000,-0.006160
2025-05-01T14:15:48.860000,0.000563
2025-05-01T14:15:48.870000,0.009927
2025-05-01T14:15:48.880000,0.008555
2025-05-01T14:15:48.890000,-0.008504
2025-05-01T14:15:48.900000,-0.005077
2025-05-01T14:15:48.910000,0.001088
2025-05-01T14:15:48.920000,-0.003059
2025-05-01T14:15:48.930000,0.004449
2025-05-01T14:15:48.940000,0.013089
2025-05-01T14:15:48.950000,0.004069
2025-05-01T14:15:48.960000,-0.018925
2025-05-01T14:15:48.970000,-0.002353
2025-05-01T14:15:48.980000,-0.016958
2025-05-01T14:15:48.990000,0.006948
2025-05-01T14:15:49,-0.010830
2025-05-01T14:15:49.010000,-0.005904
2025-05-01T14:15:49.020000,0.009077
2025-05-01T14:15:49.030000,0.001750
2025-05-01T14:15:49.040000,0.003757
2025-05-01T14:15:49.050000,-0.007354
2025-05-01T14:15:49.060000,0.018762
2025-05-01T14:15:49.070000,-0.009036
2025-05-01T14:15:49.080000,0.018405
2025-05-01T14:15:49.090000,-0.004844
2025-05-01T14:15:49.100000,-0.012027
2025-05-01T14:15:49.110000,-0.004635
2025-05-01T14:15:49.120000,0.007805
2025-05-01T14:15:49.130000,0.001312
2025-05-01T14:15:49.140000,-0.003792
2025-05-01T14:15:49.150000,0.001383
2025-05-01T14:15:49.160000,-0.001208
2025-05-01T14:15:49.170000,0.003065
2025-05-01T14:15:49.180000,0.008890
2025-05-01T14:15:49.190000,-0.015015
2025-05-01T14:15:49.200000,-0.001569
2025-05-01T14:15:49.210000,0.004211
2025-05-01T14:15:49.220000,0.004024
2025-05-01T14:15:49.230000,-0.011510
2025-05-01T14:15:49.240000,0.007418
2025-05-01T14:15:49.250000,-0.001188
2025-05-01T14:15:49.260000,0.005583
2025-05-01T14:15:49.270000,-0.000920
2025-05-01T14:15:49.280000,0.006517
2025-05-01T14:15:49.290000,-0.007054
2025-05-01T14:15:49.300000,0.009119
2025-05-01T14:15:49.310000,-0.011835
2025-05-01T14:15:49.320000,-0.005802
2025-05-01T14:15:49.330000,0.009162
2025-05-01T14:15:49.340000,0.020483
2025-05-01T14:15:49.350000,0.008397
2025-05-01T14:15:49.360000,-0.001810
2025-05-01T14:15:49.370000,0.010628
2025-05-01T14:15:49.380000,-0.023644
2025-05-01T14:15:49.390000,-0.001552
2025-05-01T14:15:49.400000,-0.015616
2025-05-01T14:15:49.410000,0.002278
2025-05-01T14:15:49.420000,0.015390
2025-05-01T14:15:49.430000,-0.004714
2025-05-01T14:15:49.440000,0.014384
2025-05-01T14:15:49.450000,0.001091
2025-05-01T14:15:49.460000,-0.019119
2025-05-01T14:15:49.470000,0.002368
2025-05-01T14:15:49.480000,-0.005397
2025-05-01T14:15:49.490000,-0.011610
2025-05-01T14:15:49.500000,0.002971
2025-05-01T14:15:49.510000,-0.002819
2025-05-01T14:15:49.520000,-0.006924
2025-05-01T14:15:49.530000,0.018297
2025-05-01T14:15:49.540000,0.000543
2025-05-01T14:15:49.550000,-0.002456
2025-05-01T14:15:49.560000,-0.022798
2025-05-01T14:15:49.570000,0.002992
2025-05-01T14:15:49.580000,0.003403
2025-05-01T14:15:49.590000,-0.007911
2025-05-01T14:15:49.600000,-0.013391
2025-05-01T14:15:49.610000,0.004354
2025-05-01T14:15:49.620000,0.008017
2025-05-01T14:15:49.630000,-0.018989
2025-05-01T14:15:49.640000,0.007985
2025-05-01T14:15:49.650000,0.022329
2025-05-01T14:15:49.660000,-0.006314
2025-05-01T14:15:49.670000,0.003704
2025-05-01T14:15:49.680000,0.001284
2025-05-01T14:15:49.690000,-0.002000
2025-05-01T14:15:49.700000,0.005742
2025-05-01T14:15:49.710000,0.010394
2025-05-01T14:15:49.720000,0.005202
2025-05-01T14:15:49.730000,-0.006141
2025-05-01T14:15:49.740000,-0.011986
2025-05-01T14:15:49.750000,-0.001708
2025-05-01T14:15:49.760000,-0.026741
2025-05-01T14:15:49.770000,-0.012961
2025-05-01T14:15:49.780000,0.005080
2025-05-01T14:15:49.790000,-0.013495
2025-05-01T14:15:49.800000,-0.005112
2025-05-01T14:15:49.810000,0.014791
2025-05-01T14:15:49.820000,-0.004317
2025-05-01T14:15:49.830000,0.010195
2025-05-01T14:15:49.840000,-0.002850
2025-05-01T14:15:49.850000,-0.002662
2025-05-01T14:15:49.860000,0.003151
2025-05-01T14:15:49.870000,-0.013921
2025-05-01T14:15:49.880000,0.003465
2025-05-01T14:15:49.890000,-0.011326
2025-05-01T14:15:49.900000,-0.008827
2025-05-01T14:15:49.910000,0.011809
2025-05-01T14:15:49.920000,0.011732
2025-05-01T14:15:49.930000,0.004219
2025-05-01T14:15:49.940000,-0.018701
2025-05-01T14:15:49.950000,0.010913
2025-05-01T14:15:49.960000,-0.005883
2025-05-01T14:15:49.970000,-0.003578
2025-05-01T14:15:49.980000,-0.007572
2025-05-01T14:15:49.990000,0.009419
2025-05-01T14:15:50,0.009976
2025-05-01T14:15:50.010000,0.002029
2025-05-01T14:15:50.020000,0.005018
2025-05-01T14:15:50.030000,-0.005563
2025-05-01T14:15:50.040000,0.006221
2025-05-01T14:15:50.050000,-0.001368
2025-05-01T14:15:50.060000,0.004733
2025-05-01T14:15:50.070000,0.008340
2025-05-01T14:15:50.080000,-0.002931
2025-05-01T14:15:50.090000,0.001596
2025-05-01T14:15:50.100000,0.003465
2025-05-01T14:15:50.110000,-0.009774
2025-05-01T14:15:50.120000,-0.006370
2025-05-01T14:15:50.130000,0.016714
2025-05-01T14:15:50.140000,0.012791
2025-05-01T14:15:50.150000,0.007625
2025-05-01T14:15:50.160000,-0.004069
2025-05-01T14:15:50.170000,-0.011971
2025-05-01T14:15:50.180000,-0.002747
2025-05-01T14:15:50.190000,0.021056
2025-05-01T14:15:50.200000,0.003374
2025-05-01T14:15:50.210000,-0.008940
2025-05-01T14:15:50.220000,0.005634
2025-05-01T14:15:50.230000,0.012966
2025-05-01T14:15:50.240000,-0.015049
2025-05-01T14:15:50.250000,0.027089
2025-05-01T14:15:50.260000,0.001874
2025-05-01T14:15:50.270000,0.001431
2025-05-01T14:15:50.280000,0.013736
2025-05-01T14:15:50.290000,-0.001624
2025-05-01T14:15:50.300000,0.003389
2025-05-01T14:15:50.310000,-0.004854
2025-05-01T14:15:50.320000,0.011073
2025-05-01T14:15:50.330000,0.014352
2025-05-01T14:15:50.340000,0.018319
2025-05-01T14:15:50.350000,0.009103
2025-05-01T14:15:50.360000,-0.006067
2025-05-01T14:15:50.370000,0.000421
2025-05-01T14:15:50.380000,0.012445
2025-05-01T14:15:50.390000,-0.009519
2025-05-01T14:15:50.400000,0.007816
2025-05-01T14:15:50.410000,0.005118
2025-05-01T14:15:50.420000,-0.021436
2025-05-01T14:15:50.430000,-0.002574
2025-05-01T14:15:50.440000,-0.030266
2025-05-01T14:15:50.450000,-0.004149
2025-05-01T14:15:50.460000,0.012080
2025-05-01T14:15:50.470000,0.003257
2025-05-01T14:15:50.480000,0.003364
2025-05-01T14:15:50.490000,-0.003932
2025-05-01T14:15:50.500000,-0.005828
2025-05-01T14:15:50.510000,-0.009403
2025-05-01T14:15:50.520000,-0.013984
2025-05-01T14:15:50.530000,0.002551
2025-05-01T14:15:50.540000,0.005084
2025-05-01T14:15:50.550000,0.007332
2025-05-01T14:15:50.560000,0.009429
2025-05-01T14:15:50.570000,-0.004702
2025-05-01T14:15:50.580000,-0.011799
2025-05-01T14:15:50.590000,0.003636
2025-05-01T14:15:50.600000,-0.000845
2025-05-01T14:15:50.610000,0.013659
2025-05-01T14:15:50.620000,0.022501
2025-05-01T14:15:50.630000,-0.005516
2025-05-01T14:15:50.640000,-0.010773
2025-05-01T14:15:50.650000,-0.007578
2025-05-01T14:15:50.660000,0.016448
2025-05-01T14:15:50.670000,-0.001482
2025-05-01T14:15:50.680000,0.005034
2025-05-01T14:15:50.690000,0.004793
2025-05-01T14:15:50.700000,-0.008282
2025-05-01T14:15:50.710000,0.000156
2025-05-01T14:15:50.720000,0.018359
2025-05-01T14:15:50.730000,-0.006018
2025-05-01T14:15:50.740000,0.011515
2025-05-01T14:15:50.750000,-0.010501
2025-05-01T14:15:50.760000,-0.001947
2025-05-01T14:15:50.770000,0.010713
2025-05-01T14:15:50.780000,0.004791
2025-05-01T14:15:50.790000,-0.009725
2025-05-01T14:15:50.800000,0.006693
2025-05-01T14:15:50.810000,0.003012
2025-05-01T14:15:50.820000,-0.014268
2025-05-01T14:15:50.830000,-0.019394
2025-05-01T14:15:50.840000,-0.007780
2025-05-01T14:15:50.850000,-0.000582
2025-05-01T14:15:50.860000,0.005146
2025-05-01T14:15:50.870000,-0.007282
2025-05-01T14:15:50.880000,0.000707
2025-05-01T14:15:50.890000,-0.003913
2025-05-01T14:15:50.900000,-0.005852
2025-05-01T14:15:50.910000,0.004685
2025-05-01T14:15:50.920000,-0.010825
2025-05-01T14:15:50.930000,-0.004753
2025-05-01T14:15:50.940000,0.006178
2025-05-01T14:15:50.950000,-0.014530
2025-05-01T14:15:50.960000,-0.000183
2025-05-01T14:15:50.970000,0.004547
2025-05-01T14:15:50.980000,-0.001213
2025-05-01T14:15:50.990000,-0.023315
2025-05-01T14:15:51,-0.007885
2025-05-01T14:15:51.010000,0.005281
2025-05-01T14:15:51.020000,-0.003307
2025-05-01T14:15:51.030000,-0.023384
2025-05-01T14:15:51.040000,-0.002372
2025-05-01T14:15:51.050000,0.011022
2025-05-01T14:15:51.060000,0.013023
2025-05-01T14:15:51.070000,0.001552
2025-05-01T14:15:51.080000,0.003231
2025-05-01T14:15:51.090000,-0.004454
2025-05-01T14:15:51.100000,0.004569
2025-05-01T14:15:51.110000,-0.002350
2025-05-01T14:15:51.120000,-0.004424
2025-05-01T14:15:51.130000,0.014326
2025-05-01T14:15:51.140000,0.014652
2025-05-01T14:15:51.150000,0.003308
2025-05-01T14:15:51.160000,-0.002208
2025-05-01T14:15:51.170000,0.000720
2025-05-01T14:15:51.180000,0.015877
2025-05-01T14:15:51.190000,0.013418
2025-05-01T14:15:51.200000,-0.002784
2025-05-01T14:15:51.210000,0.008005
2025-05-01T14:15:51.220000,-0.004565
2025-05-01T14:15:51.230000,-0.002245
2025-05-01T14:15:51.240000,-0.000074
2025-05-01T14:15:51.250000,0.014896
2025-05-01T14:15:51.260000,-0.002604
2025-05-01T14:15:51.270000,0.003584
2025-05-01T14:15:51.280000,0.021968
2025-05-01T14:15:51.290000,0.007012
2025-05-01T14:15:51.300000,0.004302
2025-05-01T14:15:51.310000,-0.004536
2025-05-01T14:15:51.320000,0.010355
2025-05-01T14:15:51.330000,-0.008509
2025-05-01T14:15:51.340000,0.001985
2025-05-01T14:15:51.350000,0.002527
2025-05-01T14:15:51.360000,-0.012848
2025-05-01T14:15:51.370000,0.011459
2025-05-01T14:15:51.380000,0.010433
2025-05-01T14:15:51.390000,0.000748
2025-05-01T14:15:51.400000,0.002107
2025-05-01T14:15:51.410000,0.010245
2025-05-01T14:15:51.420000,-0.007939
2025-05-01T14:15:51.430000,-0.019873
2025-05-01T14:15:51.440000,-0.000905
2025-05-01T14:15:51.450000,0.001704
2025-05-01T14:15:51.460000,-0.010243
2025-05-01T14:15:51.470000,0.000641
2025-05-01T14:15:51.480000,-0.004208
2025-05-01T14:15:51.490000,-0.010706
2025-05-01T14:15:51.500000,0.010141
2025-05-01T14:15:51.510000,-0.011639
2025-05-01T14:15:51.520000,-0.005066
2025-05-01T14:15:51.530000,0.000214
2025-05-01T14:15:51.540000,-0.000393
2025-05-01T14:15:51.550000,-0.002810
2025-05-01T14:15:51.560000,0.001907
2025-05-01T14:15:51.570000,-0.001918
2025-05-01T14:15:51.580000,-0.015571
2025-05-01T14:15:51.590000,-0.012039
2025-05-01T14:15:51.600000,0.007858
2025-05-01T14:15:51.610000,0.010735
2025-05-01T14:15:51.620000,0.006686
2025-05-01T14:15:51.630000,-0.003889
2025-05-01T14:15:51.640000,0.009265
2025-05-01T14:15:51.650000,0.007720
2025-05-01T14:15:51.660000,-0.012808
2025-05-01T14:15:51.670000,-0.004673
2025-05-01T14:15:51.680000,0.006822
2025-05-01T14:15:51.690000,-0.018187
2025-05-01T14:15:51.700000,0.025307
2025-05-01T14:15:51.710000,0.006275
2025-05-01T14:15:51.720000,-0.011591
2025-05-01T14:15:51.730000,0.000790
2025-05-01T14:15:51.740000,-0.000377
2025-05-01T14:15:51.750000,0.001046
2025-05-01T14:15:51.760000,0.009681
2025-05-01T14:15:51.770000,0.003386
2025-05-01T14:15:51.780000,-0.014790
2025-05-01T14:15:51.790000,0.012810
2025-05-01T14:15:51.800000,-0.002528
2025-05-01T14:15:51.810000,-0.013052
2025-05-01T14:15:51.820000,0.001163
2025-05-01T14:15:51.830000,-0.001789
2025-05-01T14:15:51.840000,-0.002414
2025-05-01T14:15:51.850000,-0.005325
2025-05-01T14:15:51.860000,-0.003553
2025-05-01T14:15:51.870000,-0.006799
2025-05-01T14:15:51.880000,-0.001381
2025-05-01T14:15:51.890000,0.000124
2025-05-01T14:15:51.900000,0.012513
2025-05-01T14:15:51.910000,-0.034383
2025-05-01T14:15:51.920000,0.026015
2025-05-01T14:15:51.930000,-0.000922
2025-05-01T14:15:51.940000,0.003473
2025-05-01T14:15:51.950000,-0.004124
2025-05-01T14:15:51.960000,-0.003943
2025-05-01T14:15:51.970000,-0.000069
2025-05-01T14:15:51.980000,0.009322
2025-05-01T14:15:51.990000,-0.003129
2025-05-01T14:15:52,0.012272
2025-05-01T14:15:52.010000,-0.001535
2025-05-01T14:15:52.020000,-0.001727
2025-05-01T14:15:52.030000,-0.002388
2025-05-01T14:15:52.040000,-0.018289
2025-05-01T14:15:52.050000,0.003727
2025-05-01T14:15:52.060000,-0.012346
2025-05-01T14:15:52.070000,0.011101
2025-05-01T14:15:52.080000,0.006351
2025-05-01T14:15:52.090000,-0.011785
2025-05-01T14:15:52.100000,0.003715
2025-05-01T14:15:52.110000,-0.000538
2025-05-01T14:15:52.120000,0.004701
2025-05-01T14:15:52.130000,-0.012213
2025-05-01T14:15:52.140000,-0.012018
2025-05-01T14:15:52.150000,0.002172
2025-05-01T14:15:52.160000,0.005448
2025-05-01T14:15:52.170000,-0.015320
2025-05-01T14:15:52.180000,-0.005157
2025-05-01T14:15:52.190000,0.004017
2025-05-01T14:15:52.200000,0.017027
2025-05-01T14:15:52.210000,-0.001443
2025-05-01T14:15:52.220000,-0.018110
2025-05-01T14:15:52.230000,0.011373
2025-05-01T14:15:52.240000,0.022484
2025-05-01T14:15:52.250000,-0.004704
2025-05-01T14:15:52.260000,0.016626
2025-05-01T14:15:52.270000,0.001061
2025-05-01T14:15:52.280000,-0.001482
2025-05-01T14:15:52.290000,-0.010142
2025-05-01T14:15:52.300000,-0.015840
2025-05-01T14:15:52.310000,-0.010523
2025-05-01T14:15:52.320000,-0.000209
2025-05-01T14:15:52.330000,-0.004112
2025-05-01T14:15:52.340000,-0.007785
2025-05-01T14:15:52.350000,0.001857
2025-05-01T14:15:52.360000,-0.012244
2025-05-01T14:15:52.370000,-0.006130
2025-05-01T14:15:52.380000,-0.011933
2025-05-01T14:15:52.390000,-0.002379
2025-05-01T14:15:52.400000,-0.012922
2025-05-01T14:15:52.410000,0.009242
2025-05-01T14:15:52.420000,-0.010771
2025-05-01T14:15:52.430000,-0.002704
2025-05-01T14:15:52.440000,-0.016256
2025-05-01T14:15:52.450000,0.003804
2025-05-01T14:15:52.460000,0.001448
2025-05-01T14:15:52.470000,0.006000
2025-05-01T14:15:52.480000,0.002231
2025-05-01T14:15:52.490000,-0.005896
2025-05-01T14:15:52.500000,-0.022077
2025-05-01T14:15:52.510000,-0.009991
2025-05-01T14:15:52.520000,0.000382
2025-05-01T14:15:52.530000,-0.010214
2025-05-01T14:15:52.540000,-0.006990
2025-05-01T14:15:52.550000,0.006293
2025-05-01T14:15:52.560000,-0.010173
2025-05-01T14:15:52.570000,-0.002614
2025-05-01T14:15:52.580000,-0.008704
2025-05-01T14:15:52.590000,0.002289
2025-05-01T14:15:52.600000,0.006893
2025-05-01T14:15:52.610000,0.000719
2025-05-01T14:15:52.620000,-0.016543
2025-05-01T14:15:52.630000,0.018840
2025-05-01T14:15:52.640000,0.011186
2025-05-01T14:15:52.650000,-0.009001
2025-05-01T14:15:52.660000,-0.001885
2025-05-01T14:15:52.670000,-0.001833
2025-05-01T14:15:52.680000,0.013669
2025-05-01T14:15:52.690000,-0.002392
2025-05-01T14:15:52.700000,0.008321
2025-05-01T14:15:52.710000,-0.016370
2025-05-01T14:15:52.720000,0.003280
2025-05-01T14:15:52.730000,-0.005479
2025-05-01T14:15:52.740000,-0.027166
2025-05-01T14:15:52.750000,-0.011701
2025-05-01T14:15:52.760000,-0.010197
2025-05-01T14:15:52.770000,0.000367
2025-05-01T14:15:52.780000,-0.006744
2025-05-01T14:15:52.790000,-0.000124
2025-05-01T14:15:52.800000,-0.002811
2025-05-01T14:15:52.810000,0.017968
2025-05-01T14:15:52.820000,-0.000719
2025-05-01T14:15:52.830000,0.001374
2025-05-01T14:15:52.840000,0.001711
2025-05-01T14:15:52.850000,0.006480
2025-05-01T14:15:52.860000,-0.007275
2025-05-01T14:15:52.870000,0.003508
2025-05-01T14:15:52.880000,-0.003731
2025-05-01T14:15:52.890000,-0.002520
2025-05-01T14:15:52.900000,0.005415
2025-05-01T14:15:52.910000,0.013017
2025-05-01T14:15:52.920000,0.014616
2025-05-01T14:15:52.930000,-0.001733
2025-05-01T14:15:52.940000,-0.016909
2025-05-01T14:15:52.950000,0.000596
2025-05-01T14:15:52.960000,0.000668
2025-05-01T14:15:52.970000,0.014186
2025-05-01T14:15:52.980000,-0.015457
2025-05-01T14:15:52.990000,-0.003112
2025-05-01T14:15:53,-0.003468
2025-05-01T14:15:53.010000,-0.007727
2025-05-01T14:15:53.020000,-0.010061
2025-05-01T14:15:53.030000,0.001695
2025-05-01T14:15:53.040000,-0.011095
2025-05-01T14:15:53.050000,-0.007237
2025-05-01T14:15:53.060000,0.015771
2025-05-01T14:15:53.070000,0.006591
2025-05-01T14:15:53.080000,-0.008151
2025-05-01T14:15:53.090000,0.009513
2025-05-01T14:15:53.100000,0.013569
2025-05-01T14:15:53.110000,0.029480
2025-05-01T14:15:53.120000,0.003320
2025-05-01T14:15:53.130000,0.007463
2025-05-01T14:15:53.140000,-0.005239
2025-05-01T14:15:53.150000,-0.002806
2025-05-01T14:15:53.160000,0.000693
2025-05-01T14:15:53.170000,-0.005035
2025-05-01T14:15:53.180000,0.000591
2025-05-01T14:15:53.190000,-0.004124
2025-05-01T14:15:53.200000,-0.005421
2025-05-01T14:15:53.210000,-0.006777
2025-05-01T14:15:53.220000,-0.006049
2025-05-01T14:15:53.230000,0.006440
2025-05-01T14:15:53.240000,-0.010906
2025-05-01T14:15:53.250000,-0.007729
2025-05-01T14:15:53.260000,-0.005194
2025-05-01T14:15:53.270000,0.013780
2025-05-01T14:15:53.280000,-0.002321
2025-05-01T14:15:53.290000,0.003839
2025-05-01T14:15:53.300000,0.000382
2025-05-01T14:15:53.310000,0.005601
2025-05-01T14:15:53.320000,0.000632
2025-05-01T14:15:53.330000,0.004402
2025-05-01T14:15:53.340000,-0.010649
2025-05-01T14:15:53.350000,0.012161
2025-05-01T14:15:53.360000,-0.004537
2025-05-01T14:15:53.370000,0.012893
2025-05-01T14:15:53.380000,-0.007809
2025-05-01T14:15:53.390000,0.006026
2025-05-01T14:15:53.400000,0.009721
2025-05-01T14:15:53.410000,0.000370
2025-05-01T14:15:53.420000,-0.006017
2025-05-01T14:15:53.430000,0.006790
2025-05-01T14:15:53.440000,-0.008228
2025-05-01T14:15:53.450000,0.005391
2025-05-01T14:15:53.460000,0.008562
2025-05-01T14:15:53.470000,0.000815
2025-05-01T14:15:53.480000,-0.001801
2025-05-01T14:15:53.490000,-0.013576
2025-05-01T14:15:53.500000,-0.017103
2025-05-01T14:15:53.510000,-0.002320
2025-05-01T14:15:53.520000,-0.006987
2025-05-01T14:15:53.530000,0.005653
2025-05-01T14:15:53.540000,0.010097
2025-05-01T14:15:53.550000,-0.016124
2025-05-01T14:15:53.560000,0.000310
2025-05-01T14:15:53.570000,0.012531
2025-05-01T14:15:53.580000,0.004150
2025-05-01T14:15:53.590000,-0.010550
2025-05-01T14:15:53.600000,-0.009376
2025-05-01T14:15:53.610000,-0.006477
2025-05-01T14:15:53.620000,0.012170
2025-05-01T14:15:53.630000,0.000467
2025-05-01T14:15:53.640000,-0.009450
2025-05-01T14:15:53.650000,0.001127
2025-05-01T14:15:53.660000,-0.015471
2025-05-01T14:15:53.670000,0.007004
2025-05-01T14:15:53.680000,0.008748
2025-05-01T14:15:53.690000,-0.007255
2025-05-01T14:15:53.700000,-0.007368
2025-05-01T14:15:53.710000,0.012856
2025-05-01T14:15:53.720000,0.006043
2025-05-01T14:15:53.730000,-0.002640
2025-05-01T14:15:53.740000,-0.008773
2025-05-01T14:15:53.750000,0.000946
2025-05-01T14:15:53.760000,-0.005582
2025-05-01T14:15:53.770000,-0.012721
2025-05-01T14:15:53.780000,0.010253
2025-05-01T14:15:53.790000,0.011771
2025-05-01T14:15:53.800000,-0.015504
2025-05-01T14:15:53.810000,0.007564
2025-05-01T14:15:53.820000,0.015878
2025-05-01T14:15:53.830000,-0.000775
2025-05-01T14:15:53.840000,-0.006491
2025-05-01T14:15:53.850000,0.008936
2025-05-01T14:15:53.860000,-0.009365
2025-05-01T14:15:53.870000,0.002075
2025-05-01T14:15:53.880000,-0.002953
2025-05-01T14:15:53.890000,0.009990
2025-05-01T14:15:53.900000,0.011685
2025-05-01T14:15:53.910000,-0.003516
2025-05-01T14:15:53.920000,0.001890
2025-05-01T14:15:53.930000,-0.006788
2025-05-01T14:15:53.940000,-0.009128
2025-05-01T14:15:53.950000,-0.006638
2025-05-01T14:15:53.960000,-0.010230
2025-05-01T14:15:53.970000,0.007623
2025-05-01T14:15:53.980000,0.003863
2025-05-01T14:15:53.990000,-0.013021
2025-05-01T14:15:54,-0.006224
2025-05-01T14:15:54.010000,0.004990
2025-05-01T14:15:54.020000,-0.001807
2025-05-01T14:15:54.030000,-0.030674
2025-05-01T14:15:54.040000,0.009808
2025-05-01T14:15:54.050000,0.005689
2025-05-01T14:15:54.060000,-0.006317
2025-05-01T14:15:54.070000,0.004883
2025-05-01T14:15:54.080000,0.001206
2025-05-01T14:15:54.090000,-0.005521
2025-05-01T14:15:54.100000,-0.007984
2025-05-01T14:15:54.110000,-0.005105
2025-05-01T14:15:54.120000,0.007237
2025-05-01T14:15:54.130000,0.021047
2025-05-01T14:15:54.140000,0.013515
2025-05-01T14:15:54.150000,0.000957
2025-05-01T14:15:54.160000,0.005629
2025-05-01T14:15:54.170000,0.004768
2025-05-01T14:15:54.180000,0.005558
2025-05-01T14:15:54.190000,0.008162
2025-05-01T14:15:54.200000,-0.002378
2025-05-01T14:15:54.210000,0.001790
2025-05-01T14:15:54.220000,-0.013703
2025-05-01T14:15:54.230000,-0.015576
2025-05-01T14:15:54.240000,-0.003561
2025-05-01T14:15:54.250000,-0.003246
2025-05-01T14:15:54.260000,0.000006
2025-05-01T14:15:54.270000,-0.006253
2025-05-01T14:15:54.280000,-0.002557
2025-05-01T14:15:54.290000,-0.012117
2025-05-01T14:15:54.300000,0.009115
2025-05-01T14:15:54.310000,-0.000673
2025-05-01T14:15:54.320000,-0.000617
2025-05-01T14:15:54.330000,0.001450
2025-05-01T14:15:54.340000,-0.005735
2025-05-01T14:15:54.350000,-0.003078
2025-05-01T14:15:54.360000,0.005730
2025-05-01T14:15:54.370000,-0.008180
2025-05-01T14:15:54.380000,0.008566
2025-05-01T14:15:54.390000,-0.000111
2025-05-01T14:15:54.400000,-0.000987
2025-05-01T14:15:54.410000,-0.004623
2025-05-01T14:15:54.420000,0.006179
2025-05-01T14:15:54.430000,0.002316
2025-05-01T14:15:54.440000,-0.009866
2025-05-01T14:15:54.450000,-0.013063
2025-05-01T14:15:54.460000,-0.013247
2025-05-01T14:15:54.470000,-0.018681
2025-05-01T14:15:54.480000,-0.007195
2025-05-01T14:15:54.490000,-0.005164
2025-05-01T14:15:54.500000,-0.013807
2025-05-01T14:15:54.510000,-0.013849
2025-05-01T14:15:54.520000,0.002558
2025-05-01T14:15:54.530000,-0.009837
2025-05-01T14:15:54.540000,-0.013477
2025-05-01T14:15:54.550000,0.003780
2025-05-01T14:15:54.560000,-0.001006
2025-05-01T14:15:54.570000,0.012827
2025-05-01T14:15:54.580000,-0.011426
2025-05-01T14:15:54.590000,0.014602
2025-05-01T14:15:54.600000,0.005947
2025-05-01T14:15:54.610000,0.006604
2025-05-01T14:15:54.620000,0.003588
2025-05-01T14:15:54.630000,-0.003094
2025-05-01T14:15:54.640000,-0.005500
2025-05-01T14:15:54.650000,0.000422
2025-05-01T14:15:54.660000,-0.006871
2025-05-01T14:15:54.670000,0.001284
2025-05-01T14:15:54.680000,-0.007262
2025-05-01T14:15:54.690000,-0.011298
2025-05-01T14:15:54.700000,-0.011965
2025-05-01T14:15:54.710000,0.002595
2025-05-01T14:15:54.720000,0.011044
2025-05-01T14:15:54.730000,0.013761
2025-05-01T14:15:54.740000,-0.018600
2025-05-01T14:15:54.750000,-0.010763
2025-05-01T14:15:54.760000,-0.008074
2025-05-01T14:15:54.770000,0.004712
2025-05-01T14:15:54.780000,0.003304
2025-05-01T14:15:54.790000,0.013595
2025-05-01T14:15:54.800000,0.004789
2025-05-01T14:15:54.810000,-0.019206
2025-05-01T14:15:54.820000,-0.003232
2025-05-01T14:15:54.830000,-0.004451
2025-05-01T14:15:54.840000,0.003618
2025-05-01T14:15:54.850000,-0.004624
2025-05-01T14:15:54.860000,0.002993
2025-05-01T14:15:54.870000,0.011272
2025-05-01T14:15:54.880000,0.001564
2025-05-01T14:15:54.890000,0.007741
2025-05-01T14:15:54.900000,0.015696
2025-05-01T14:15:54.910000,-0.004454
2025-05-01T14:15:54.920000,-0.013855
2025-05-01T14:15:54.930000,0.013462
2025-05-01T14:15:54.940000,0.002250
2025-05-01T14:15:54.950000,-0.016595
2025-05-01T14:15:54.960000,-0.006956
2025-05-01T14:15:54.970000,-0.001041
2025-05-01T14:15:54.980000,0.008254
2025-05-01T14:15:54.990000,0.018240
2025-05-01T14:15:55,0.012424
2025-05-01T14:15:55.010000,-0.007603
2025-05-01T14:15:55.020000,0.009472
2025-05-01T14:15:55.030000,-0.005870
2025-05-01T14:15:55.040000,-0.012427
2025-05-01T14:15:55.050000,0.003878
2025-05-01T14:15:55.060000,0.013205
2025-05-01T14:15:55.070000,-0.007238
2025-05-01T14:15:55.080000,0.000965
2025-05-01T14:15:55.090000,-0.000496
2025-05-01T14:15:55.100000,0.003368
2025-05-01T14:15:55.110000,0.001919
2025-05-01T14:15:55.120000,0.004759
2025-05-01T14:15:55.130000,-0.010483
2025-05-01T14:15:55.140000,0.007192
2025-05-01T14:15:55.150000,-0.006578
2025-05-01T14:15:55.160000,0.001137
2025-05-01T14:15:55.170000,0.007016
2025-05-01T14:15:55.180000,0.004062
2025-05-01T14:15:55.190000,-0.012599
2025-05-01T14:15:55.200000,-0.005590
2025-05-01T14:15:55.210000,-0.008504
2025-05-01T14:15:55.220000,-0.004648
2025-05-01T14:15:55.230000,-0.007824
2025-05-01T14:15:55.240000,-0.000671
2025-05-01T14:15:55.250000,-0.020814
2025-05-01T14:15:55.260000,-0.012060
2025-05-01T14:15:55.270000,0.005155
2025-05-01T14:15:55.280000,-0.019146
2025-05-01T14:15:55.290000,-0.005770
2025-05-01T14:15:55.300000,-0.002559
2025-05-01T14:15:55.310000,0.005918
2025-05-01T14:15:55.320000,0.000731
2025-05-01T14:15:55.330000,-0.008352
2025-05-01T14:15:55.340000,-0.004083
2025-05-01T14:15:55.350000,-0.010409
2025-05-01T14:15:55.360000,-0.008294
2025-05-01T14:15:55.370000,-0.020511
2025-05-01T14:15:55.380000,-0.002860
2025-05-01T14:15:55.390000,0.009777
2025-05-01T14:15:55.400000,0.014661
2025-05-01T14:15:55.410000,-0.001912
2025-05-01T14:15:55.420000,-0.003623
2025-05-01T14:15:55.430000,0.010729
2025-05-01T14:15:55.440000,0.000787
2025-05-01T14:15:55.450000,0.005217
2025-05-01T14:15:55.460000,0.001242
2025-05-01T14:15:55.470000,0.003765
2025-05-01T14:15:55.480000,0.001174
2025-05-01T14:15:55.490000,-0.001539
2025-05-01T14:15:55.500000,0.004161
2025-05-01T14:15:55.510000,-0.008851
2025-05-01T14:15:55.520000,0.002001
2025-05-01T14:15:55.530000,-0.001493
2025-05-01T14:15:55.540000,0.003256
2025-05-01T14:15:55.550000,0.027583
2025-05-01T14:15:55.560000,0.002079
2025-05-01T14:15:55.570000,-0.003099
2025-05-01T14:15:55.580000,0.009498
2025-05-01T14:15:55.590000,-0.006144
2025-05-01T14:15:55.600000,-0.024311
2025-05-01T14:15:55.610000,-0.007353
2025-05-01T14:15:55.620000,0.008100
2025-05-01T14:15:55.630000,-0.016062
2025-05-01T14:15:55.640000,-0.004365
2025-05-01T14:15:55.650000,0.015394
2025-05-01T14:15:55.660000,0.005325
2025-05-01T14:15:55.670000,-0.001648
2025-05-01T14:15:55.680000,0.001132
2025-05-01T14:15:55.690000,0.009036
2025-05-01T14:15:55.700000,0.004650
2025-05-01T14:15:55.710000,0.006555
2025-05-01T14:15:55.720000,-0.005567
2025-05-01T14:15:55.730000,-0.012601
2025-05-01T14:15:55.740000,0.007144
2025-05-01T14:15:55.750000,0.005753
2025-05-01T14:15:55.760000,-0.021173
2025-05-01T14:15:55.770000,-0.010555
2025-05-01T14:15:55.780000,-0.003276
2025-05-01T14:15:55.790000,0.002581
2025-05-01T14:15:55.800000,-0.004991
2025-05-01T14:15:55.810000,0.009702
2025-05-01T14:15:55.820000,-0.003707
2025-05-01T14:15:55.830000,0.010455
2025-05-01T14:15:55.840000,-0.010144
2025-05-01T14:15:55.850000,0.012461
2025-05-01T14:15:55.860000,0.003326
2025-05-01T14:15:55.870000,0.003255
2025-05-01T14:15:55.880000,-0.000771
2025-05-01T14:15:55.890000,-0.002663
2025-05-01T14:15:55.900000,-0.007152
2025-05-01T14:15:55.910000,-0.013917
2025-05-01T14:15:55.920000,-0.007334
2025-05-01T14:15:55.930000,0.003709
2025-05-01T14:15:55.940000,0.002673
2025-05-01T14:15:55.950000,-0.001579
2025-05-01T14:15:55.960000,0.002833
2025-05-01T14:15:55.970000,0.001651
2025-05-01T14:15:55.980000,0.002173
2025-05-01T14:15:55.990000,0.007877
2025-05-01T14:15:56,0.003521
2025-05-01T14:15:56.010000,-0.000959
2025-05-01T14:15:56.020000,0.007310
2025-05-01T14:15:56.030000,-0.005455
2025-05-01T14:15:56.040000,-0.000345
2025-05-01T14:15:56.050000,0.001900
2025-05-01T14:15:56.060000,-0.003653
2025-05-01T14:15:56.070000,0.009972
2025-05-01T14:15:56.080000,-0.005409
2025-05-01T14:15:56.090000,0.001519
2025-05-01T14:15:56.100000,0.012190
2025-05-01T14:15:56.110000,0.000529
2025-05-01T14:15:56.120000,0.012939
2025-05-01T14:15:56.130000,-0.003548
2025-05-01T14:15:56.140000,-0.013125
2025-05-01T14:15:56.150000,-0.000790
2025-05-01T14:15:56.160000,-0.007667
2025-05-01T14:15:56.170000,-0.012342
2025-05-01T14:15:56.180000,-0.005524
2025-05-01T14:15:56.190000,-0.005970
2025-05-01T14:15:56.200000,-0.001721
2025-05-01T14:15:56.210000,0.000901
2025-05-01T14:15:56.220000,-0.004024
2025-05-01T14:15:56.230000,0.010396
2025-05-01T14:15:56.240000,0.004576
2025-05-01T14:15:56.250000,-0.008763
2025-05-01T14:15:56.260000,0.002223
2025-05-01T14:15:56.270000,0.018877
2025-05-01T14:15:56.280000,-0.012062
2025-05-01T14:15:56.290000,0.003737
2025-05-01T14:15:56.300000,0.003689
2025-05-01T14:15:56.310000,-0.007571
2025-05-01T14:15:56.320000,-0.020524
2025-05-01T14:15:56.330000,-0.014751
2025-05-01T14:15:56.340000,0.000313
2025-05-01T14:15:56.350000,-0.003720
2025-05-01T14:15:56.360000,-0.004534
2025-05-01T14:15:56.370000,0.002642
2025-05-01T14:15:56.380000,0.005826
2025-05-01T14:15:56.390000,-0.013482
2025-05-01T14:15:56.400000,0.004736
2025-05-01T14:15:56.410000,0.002816
2025-05-01T14:15:56.420000,-0.007991
2025-05-01T14:15:56.430000,0.019290
2025-05-01T14:15:56.440000,-0.001952
2025-05-01T14:15:56.450000,-0.016792
2025-05-01T14:15:56.460000,-0.004920
2025-05-01T14:15:56.470000,-0.002956
2025-05-01T14:15:56.480000,-0.002869
2025-05-01T14:15:56.490000,-0.005569
2025-05-01T14:15:56.500000,-0.008286
2025-05-01T14:15:56.510000,-0.007943
2025-05-01T14:15:56.520000,0.009432
2025-05-01T14:15:56.530000,-0.002015
2025-05-01T14:15:56.540000,-0.000523
2025-05-01T14:15:56.550000,0.000295
2025-05-01T14:15:56.560000,0.000141
2025-05-01T14:15:56.570000,0.010923
2025-05-01T14:15:56.580000,0.010048
2025-05-01T14:15:56.590000,0.007248
2025-05-01T14:15:56.600000,-0.004752
2025-05-01T14:15:56.610000,-0.006712
2025-05-01T14:15:56.620000,0.002113
2025-05-01T14:15:56.630000,-0.017338
2025-05-01T14:15:56.640000,-0.009694
2025-05-01T14:15:56.650000,0.011891
2025-05-01T14:15:56.660000,0.000131
2025-05-01T14:15:56.670000,0.006095
2025-05-01T14:15:56.680000,-0.023549
2025-05-01T14:15:56.690000,-0.010892
2025-05-01T14:15:56.700000,-0.009376
2025-05-01T14:15:56.710000,-0.019587
2025-05-01T14:15:56.720000,-0.009519
2025-05-01T14:15:56.730000,0.013528
2025-05-01T14:15:56.740000,-0.008041
2025-05-01T14:15:56.750000,0.006860
2025-05-01T14:15:56.760000,0.019879
2025-05-01T14:15:56.770000,0.003711
2025-05-01T14:15:56.780000,0.004353
2025-05-01T14:15:56.790000,-0.004574
2025-05-01T14:15:56.800000,-0.003074
2025-05-01T14:15:56.810000,-0.001124
2025-05-01T14:15:56.820000,0.005772
2025-05-01T14:15:56.830000,0.001388
2025-05-01T14:15:56.840000,0.001322
2025-05-01T14:15:56.850000,-0.009731
2025-05-01T14:15:56.860000,0.000051
2025-05-01T14:15:56.870000,0.010699
2025-05-01T14:15:56.880000,-0.016775
2025-05-01T14:15:56.890000,0.002736
2025-05-01T14:15:56.900000,-0.002336
2025-05-01T14:15:56.910000,-0.008207
2025-05-01T14:15:56.920000,0.004190
2025-05-01T14:15:56.930000,0.022347
2025-05-01T14:15:56.940000,-0.013576
2025-05-01T14:15:56.950000,0.013712
2025-05-01T14:15:56.960000,-0.003741
2025-05-01T14:15:56.970000,0.010466
2025-05-01T14:15:56.980000,-0.008997
2025-05-01T14:15:56.990000,-0.001328
2025-05-01T14:15:57,0.015682
2025-05-01T14:15:57.010000,-0.007888
2025-05-01T14:15:57.020000,0.000802
2025-05-01T14:15:57.030000,0.008737
2025-05-01T14:15:57.040000,0.004150
2025-05-01T14:15:57.050000,0.003929
2025-05-01T14:15:57.060000,-0.003630
2025-05-01T14:15:57.070000,0.012355
2025-05-01T14:15:57.080000,-0.014161
2025-05-01T14:15:57.090000,0.000905
2025-05-01T14:15:57.100000,0.013152
2025-05-01T14:15:57.110000,-0.001928
2025-05-01T14:15:57.120000,0.008008
2025-05-01T14:15:57.130000,0.000197
2025-05-01T14:15:57.140000,-0.010584
2025-05-01T14:15:57.150000,-0.003892
2025-05-01T14:15:57.160000,-0.007769
2025-05-01T14:15:57.170000,0.000798
2025-05-01T14:15:57.180000,0.009325
2025-05-01T14:15:57.190000,-0.000825
2025-05-01T14:15:57.200000,0.012127
2025-05-01T14:15:57.210000,0.003120
2025-05-01T14:15:57.220000,0.023276
2025-05-01T14:15:57.230000,0.017913
2025-05-01T14:15:57.240000,0.014296
2025-05-01T14:15:57.250000,0.011282
2025-05-01T14:15:57.260000,0.009276
2025-05-01T14:15:57.270000,0.003212
2025-05-01T14:15:57.280000,-0.012010
2025-05-01T14:15:57.290000,0.018578
2025-05-01T14:15:57.300000,-0.007629
2025-05-01T14:15:57.310000,0.002852
2025-05-01T14:15:57.320000,-0.003949
2025-05-01T14:15:57.330000,-0.003022
2025-05-01T14:15:57.340000,0.003317
2025-05-01T14:15:57.350000,0.006635
2025-05-01T14:15:57.360000,0.012681
2025-05-01T14:15:57.370000,-0.016478
2025-05-01T14:15:57.380000,0.015510
2025-05-01T14:15:57.390000,-0.004668
2025-05-01T14:15:57.400000,-0.000565
2025-05-01T14:15:57.410000,-0.017143
2025-05-01T14:15:57.420000,-0.014705
2025-05-01T14:15:57.430000,0.010280
2025-05-01T14:15:57.440000,-0.014755
2025-05-01T14:15:57.450000,0.002196
2025-05-01T14:15:57.460000,-0.008699
2025-05-01T14:15:57.470000,0.002858
2025-05-01T14:15:57.480000,0.004256
2025-05-01T14:15:57.490000,0.010087
2025-05-01T14:15:57.500000,-0.022440
2025-05-01T14:15:57.510000,-0.001595
2025-05-01T14:15:57.520000,0.007617
2025-05-01T14:15:57.530000,0.008782
2025-05-01T14:15:57.540000,-0.012160
2025-05-01T14:15:57.550000,0.016916
2025-05-01T14:15:57.560000,0.002123
2025-05-01T14:15:57.570000,-0.004138
2025-05-01T14:15:57.580000,-0.004189
2025-05-01T14:15:57.590000,0.001116
2025-05-01T14:15:57.600000,-0.010485
2025-05-01T14:15:57.610000,0.001862
2025-05-01T14:15:57.620000,0.009251
2025-05-01T14:15:57.630000,-0.010939
2025-05-01T14:15:57.640000,0.006551
2025-05-01T14:15:57.650000,-0.011082
2025-05-01T14:15:57.660000,0.003609
2025-05-01T14:15:57.670000,-0.000832
2025-05-01T14:15:57.680000,0.006152
2025-05-01T14:15:57.690000,0.012984
2025-05-01T14:15:57.700000,-0.015286
2025-05-01T14:15:57.710000,0.007417
2025-05-01T14:15:57.720000,0.005224
2025-05-01T14:15:57.730000,0.011594
2025-05-01T14:15:57.740000,0.000474
2025-05-01T14:15:57.750000,0.000615
2025-05-01T14:15:57.760000,0.004400
2025-05-01T14:15:57.770000,0.000738
2025-05-01T14:15:57.780000,-0.015486
2025-05-01T14:15:57.790000,0.020588
2025-05-01T14:15:57.800000,0.008021
2025-05-01T14:15:57.810000,-0.021787
2025-05-01T14:15:57.820000,0.003160
2025-05-01T14:15:57.830000,0.006170
2025-05-01T14:15:57.840000,0.009790
2025-05-01T14:15:57.850000,0.008529
2025-05-01T14:15:57.860000,-0.009993
2025-05-01T14:15:57.870000,0.004194
2025-05-01T14:15:57.880000,0.002637
2025-05-01T14:15:57.890000,0.001984
2025-05-01T14:15:57.900000,0.011101
2025-05-01T14:15:57.910000,-0.005866
2025-05-01T14:15:57.920000,-0.001012
2025-05-01T14:15:57.930000,-0.011428
2025-05-01T14:15:57.940000,0.003893
2025-05-01T14:15:57.950000,-0.011277
2025-05-01T14:15:57.960000,0.009701
2025-05-01T14:15:57.970000,0.006539
2025-05-01T14:15:57.980000,-0.016309
2025-05-01T14:15:57.990000,-0.000074
2025-05-01T14:15:58,0.005776
2025-05-01T14:15:58.010000,0.003959
2025-05-01T14:15:58.020000,-0.005059
2025-05-01T14:15:58.030000,-0.002134
2025-05-01T14:15:58.040000,0.001356
2025-05-01T14:15:58.050000,-0.006240
2025-05-01T14:15:58.060000,0.001458
2025-05-01T14:15:58.070000,0.010286
2025-05-01T14:15:58.080000,-0.001133
2025-05-01T14:15:58.090000,-0.003178
2025-05-01T14:15:58.100000,-0.015437
2025-05-01T14:15:58.110000,0.005658
2025-05-01T14:15:58.120000,0.007407
2025-05-01T14:15:58.130000,0.004038
2025-05-01T14:15:58.140000,-0.008568
2025-05-01T14:15:58.150000,0.008041
2025-05-01T14:15:58.160000,-0.004226
2025-05-01T14:15:58.170000,-0.004982
2025-05-01T14:15:58.180000,-0.015894
2025-05-01T14:15:58.190000,-0.003672
2025-05-01T14:15:58.200000,0.007320
2025-05-01T14:15:58.210000,-0.003957
2025-05-01T14:15:58.220000,-0.013715
2025-05-01T14:15:58.230000,0.004702
2025-05-01T14:15:58.240000,-0.016763
2025-05-01T14:15:58.250000,-0.002974
2025-05-01T14:15:58.260000,0.002424
2025-05-01T14:15:58.270000,0.002108
2025-05-01T14:15:58.280000,0.007986
2025-05-01T14:15:58.290000,-0.000926
2025-05-01T14:15:58.300000,-0.005642
2025-05-01T14:15:58.310000,0.020401
2025-05-01T14:15:58.320000,-0.004236
2025-05-01T14:15:58.330000,-0.015853
2025-05-01T14:15:58.340000,-0.002348
2025-05-01T14:15:58.350000,-0.010904
2025-05-01T14:15:58.360000,-0.015721
2025-05-01T14:15:58.370000,0.005727
2025-05-01T14:15:58.380000,-0.006762
2025-05-01T14:15:58.390000,-0.005827
2025-05-01T14:15:58.400000,0.014497
2025-05-01T14:15:58.410000,-0.001940
2025-05-01T14:15:58.420000,-0.009789
2025-05-01T14:15:58.430000,-0.002604
2025-05-01T14:15:58.440000,-0.000771
2025-05-01T14:15:58.450000,0.007855
2025-05-01T14:15:58.460000,0.002379
2025-05-01T14:15:58.470000,-0.003373
2025-05-01T14:15:58.480000,0.006157
2025-05-01T14:15:58.490000,0.002463
2025-05-01T14:15:58.500000,-0.000311
2025-05-01T14:15:58.510000,0.004408
2025-05-01T14:15:58.520000,-0.008798
2025-05-01T14:15:58.530000,0.010182
2025-05-01T14:15:58.540000,-0.006098
2025-05-01T14:15:58.550000,0.001844
2025-05-01T14:15:58.560000,0.011420
2025-05-01T14:15:58.570000,0.016474
2025-05-01T14:15:58.580000,0.009648
2025-05-01T14:15:58.590000,0.005296
2025-05-01T14:15:58.600000,-0.008951
2025-05-01T14:15:58.610000,-0.009052
2025-05-01T14:15:58.620000,0.010471
2025-05-01T14:15:58.630000,-0.008905
2025-05-01T14:15:58.640000,0.016345
2025-05-01T14:15:58.650000,-0.009575
2025-05-01T14:15:58.660000,-0.006743
2025-05-01T14:15:58.670000,-0.001291
2025-05-01T14:15:58.680000,-0.003170
2025-05-01T14:15:58.690000,-0.000743
2025-05-01T14:15:58.700000,-0.018717
2025-05-01T14:15:58.710000,0.000428
2025-05-01T14:15:58.720000,0.001153
2025-05-01T14:15:58.730000,0.001503
2025-05-01T14:15:58.740000,0.006621
2025-05-01T14:15:58.750000,0.007393
2025-05-01T14:15:58.760000,-0.004164
2025-05-01T14:15:58.770000,-0.019941
2025-05-01T14:15:58.780000,0.019097
2025-05-01T14:15:58.790000,-0.001666
2025-05-01T14:15:58.800000,-0.003334
2025-05-01T14:15:58.810000,-0.005573
2025-05-01T14:15:58.820000,-0.008229
2025-05-01T14:15:58.830000,-0.003627
2025-05-01T14:15:58.840000,-0.003181
2025-05-01T14:15:58.850000,-0.006693
2025-05-01T14:15:58.860000,0.002861
2025-05-01T14:15:58.870000,-0.008571
2025-05-01T14:15:58.880000,-0.001139
2025-05-01T14:15:58.890000,0.007764
2025-05-01T14:15:58.900000,0.012237
2025-05-01T14:15:58.910000,-0.004430
2025-05-01T14:15:58.920000,0.008601
2025-05-01T14:15:58.930000,-0.000211
2025-05-01T14:15:58.940000,0.003134
2025-05-01T14:15:58.950000,-0.011681
2025-05-01T14:15:58.960000,0.005818
2025-05-01T14:15:58.970000,0.002276
2025-05-01T14:15:58.980000,0.002276
2025-05-01T14:15:58.990000,-0.002023
2025-05-01T14:15:59,-0.002409
2025-05-01T14:15:59.010000,0.023617
2025-05-01T14:15:59.020000,0.001139
2025-05-01T14:15:59.030000,-0.015856
2025-05-01T14:15:59.040000,0.006148
2025-05-01T14:15:59.050000,0.012478
2025-05-01T14:15:59.060000,0.006255
2025-05-01T14:15:59.070000,0.000155
2025-05-01T14:15:59.080000,0.008248
2025-05-01T14:15:59.090000,-0.009028
2025-05-01T14:15:59.100000,-0.014221
2025-05-01T14:15:59.110000,-0.006127
2025-05-01T14:15:59.120000,0.007914
2025-05-01T14:15:59.130000,-0.022832
2025-05-01T14:15:59.140000,-0.008628
2025-05-01T14:15:59.150000,-0.001458
2025-05-01T14:15:59.160000,0.000107
2025-05-01T14:15:59.170000,0.001372
2025-05-01T14:15:59.180000,0.003027
2025-05-01T14:15:59.190000,-0.000885
2025-05-01T14:15:59.200000,-0.010642
2025-05-01T14:15:59.210000,-0.001644
2025-05-01T14:15:59.220000,-0.015656
2025-05-01T14:15:59.230000,-0.005674
2025-05-01T14:15:59.240000,0.013130
2025-05-01T14:15:59.250000,0.011515
2025-05-01T14:15:59.260000,-0.020415
2025-05-01T14:15:59.270000,0.004373
2025-05-01T14:15:59.280000,0.021014
2025-05-01T14:15:59.290000,-0.004094
2025-05-01T14:15:59.300000,-0.005984
2025-05-01T14:15:59.310000,0.006781
2025-05-01T14:15:59.320000,-0.000648
2025-05-01T14:15:59.330000,0.001590
2025-05-01T14:15:59.340000,-0.006619
2025-05-01T14:15:59.350000,-0.013893
2025-05-01T14:15:59.360000,0.013020
2025-05-01T14:15:59.370000,-0.007027
2025-05-01T14:15:59.380000,0.004292
2025-05-01T14:15:59.390000,0.001096
2025-05-01T14:15:59.400000,0.005891
2025-05-01T14:15:59.410000,-0.001600
2025-05-01T14:15:59.420000,-0.015480
2025-05-01T14:15:59.430000,0.005281
2025-05-01T14:15:59.440000,0.011487
2025-05-01T14:15:59.450000,0.010460
2025-05-01T14:15:59.460000,-0.000977
2025-05-01T14:15:59.470000,0.015444
2025-05-01T14:15:59.480000,-0.004748
2025-05-01T14:15:59.490000,0.011495
2025-05-01T14:15:59.500000,0.006281
2025-05-01T14:15:59.510000,-0.004330
2025-05-01T14:15:59.520000,-0.006116
2025-05-01T14:15:59.530000,0.007495
2025-05-01T14:15:59.540000,0.000990
2025-05-01T14:15:59.550000,0.007553
2025-05-01T14:15:59.560000,0.007204
2025-05-01T14:15:59.570000,-0.014174
2025-05-01T14:15:59.580000,0.000643
2025-05-01T14:15:59.590000,0.017250
2025-05-01T14:15:59.600000,0.001630
2025-05-01T14:15:59.610000,0.006111
2025-05-01T14:15:59.620000,-0.008870
2025-05-01T14:15:59.630000,0.000506
2025-05-01T14:15:59.640000,-0.014718
2025-05-01T14:15:59.650000,-0.011559
2025-05-01T14:15:59.660000,0.009756
2025-05-01T14:15:59.670000,-0.018630
2025-05-01T14:15:59.680000,0.002578
2025-05-01T14:15:59.690000,0.016652
2025-05-01T14:15:59.700000,0.016084
2025-05-01T14:15:59.710000,-0.003560
2025-05-01T14:15:59.720000,0.005953
2025-05-01T14:15:59.730000,0.000593
2025-05-01T14:15:59.740000,0.004059
2025-05-01T14:15:59.750000,-0.012435
2025-05-01T14:15:59.760000,0.010402
2025-05-01T14:15:59.770000,0.012760
2025-05-01T14:15:59.780000,-0.005480
2025-05-01T14:15:59.790000,0.001692
2025-05-01T14:15:59.800000,0.004789
2025-05-01T14:15:59.810000,0.003897
2025-05-01T14:15:59.820000,-0.013100
2025-05-01T14:15:59.830000,-0.021520
2025-05-01T14:15:59.840000,0.000517
2025-05-01T14:15:59.850000,0.010669
2025-05-01T14:15:59.860000,-0.011344
2025-05-01T14:15:59.870000,0.006594
2025-05-01T14:15:59.880000,-0.006294
2025-05-01T14:15:59.890000,-0.001109
2025-05-01T14:15:59.900000,-0.009502
2025-05-01T14:15:59.910000,0.009393
2025-05-01T14:15:59.920000,0.002703
2025-05-01T14:15:59.930000,-0.011460
2025-05-01T14:15:59.940000,0.008508
2025-05-01T14:15:59.950000,-0.000824
2025-05-01T14:15:59.960000,0.012849
2025-05-01T14:15:59.970000,0.015767
2025-05-01T14:15:59.980000,0.013257
2025-05-01T14:15:59.990000,0.000679
2025-05-01T14:16:00,0.006543
2025-05-01T14:16:00.010000,-0.000061
2025-05-01T14:16:00.020000,0.001942
2025-05-01T14:16:00.030000,-0.000303
2025-05-01T14:16:00.040000,0.002862
2025-05-01T14:16:00.050000,-0.005244
2025-05-01T14:16:00.060000,-0.018771
2025-05-01T14:16:00.070000,0.001822
2025-05-01T14:16:00.080000,-0.002880
2025-05-01T14:16:00.090000,-0.000098
2025-05-01T14:16:00.100000,-0.009045
2025-05-01T14:16:00.110000,-0.008201
2025-05-01T14:16:00.120000,0.007351
2025-05-01T14:16:00.130000,0.012226
2025-05-01T14:16:00.140000,-0.005126
2025-05-01T14:16:00.150000,0.000585
2025-05-01T14:16:00.160000,-0.023369
2025-05-01T14:16:00.170000,0.027905
2025-05-01T14:16:00.180000,0.006908
2025-05-01T14:16:00.190000,0.000085
2025-05-01T14:16:00.200000,-0.012330
2025-05-01T14:16:00.210000,-0.003572
2025-05-01T14:16:00.220000,0.009436
2025-05-01T14:16:00.230000,-0.027857
2025-05-01T14:16:00.240000,-0.002043
2025-05-01T14:16:00.250000,0.004283
2025-05-01T14:16:00.260000,0.015603
2025-05-01T14:16:00.270000,0.005236
2025-05-01T14:16:00.280000,0.002389
2025-05-01T14:16:00.290000,-0.004732
2025-05-01T14:16:00.300000,0.011870
2025-05-01T14:16:00.310000,-0.005821
2025-05-01T14:16:00.320000,-0.002235
2025-05-01T14:16:00.330000,0.013333
2025-05-01T14:16:00.340000,-0.001307
2025-05-01T14:16:00.350000,-0.010961
2025-05-01T14:16:00.360000,0.007374
2025-05-01T14:16:00.370000,0.002746
2025-05-01T14:16:00.380000,0.017269
2025-05-01T14:16:00.390000,-0.010994
2025-05-01T14:16:00.400000,-0.003555
2025-05-01T14:16:00.410000,-0.007377
2025-05-01T14:16:00.420000,0.005082
2025-05-01T14:16:00.430000,-0.001830
2025-05-01T14:16:00.440000,0.003808
2025-05-01T14:16:00.450000,-0.009275
2025-05-01T14:16:00.460000,-0.003523
2025-05-01T14:16:00.470000,0.004395
2025-05-01T14:16:00.480000,-0.016167
2025-05-01T14:16:00.490000,0.002759
2025-05-01T14:16:00.500000,0.017096
2025-05-01T14:16:00.510000,0.000549
2025-05-01T14:16:00.520000,-0.002578
2025-05-01T14:16:00.530000,-0.002612
2025-05-01T14:16:00.540000,0.000838
2025-05-01T14:16:00.550000,0.004113
2025-05-01T14:16:00.560000,0.011657
2025-05-01T14:16:00.570000,-0.003750
2025-05-01T14:16:00.580000,-0.002482
2025-05-01T14:16:00.590000,-0.001545
2025-05-01T14:16:00.600000,0.028870
2025-05-01T14:16:00.610000,0.007425
2025-05-01T14:16:00.620000,-0.001977
2025-05-01T14:16:00.630000,0.005554
2025-05-01T14:16:00.640000,0.012320
2025-05-01T14:16:00.650000,0.011664
2025-05-01T14:16:00.660000,-0.008535
2025-05-01T14:16:00.670000,-0.001568
2025-05-01T14:16:00.680000,0.017167
2025-05-01T14:16:00.690000,0.002679
2025-05-01T14:16:00.700000,0.003800
2025-05-01T14:16:00.710000,-0.004250
2025-05-01T14:16:00.720000,-0.001031
2025-05-01T14:16:00.730000,0.007198
2025-05-01T14:16:00.740000,-0.007933
2025-05-01T14:16:00.750000,-0.005101
2025-05-01T14:16:00.760000,-0.010465
2025-05-01T14:16:00.770000,-0.006845
2025-05-01T14:16:00.780000,-0.001969
2025-05-01T14:16:00.790000,0.006903
2025-05-01T14:16:00.800000,-0.003894
2025-05-01T14:16:00.810000,0.001288
2025-05-01T14:16:00.820000,0.002203
2025-05-01T14:16:00.830000,0.006601
2025-05-01T14:16:00.840000,0.013318
2025-05-01T14:16:00.850000,-0.008233
2025-05-01T14:16:00.860000,-0.014371
2025-05-01T14:16:00.870000,-0.031382
2025-05-01T14:16:00.880000,0.009199
2025-05-01T14:16:00.890000,0.005476
2025-05-01T14:16:00.900000,0.008418
2025-05-01T14:16:00.910000,0.001704
2025-05-01T14:16:00.920000,-0.003922
2025-05-01T14:16:00.930000,0.011499
2025-05-01T14:16:00.940000,-0.007979
2025-05-01T14:16:00.950000,-0.007648
2025-05-01T14:16:00.960000,0.011028
2025-05-01T14:16:00.970000,0.002271
2025-05-01T14:16:00.980000,-0.002732
2025-05-01T14:16:00.990000,-0.006463
2025-05-01T14:16:01,0.016035
2025-05-01T14:16:01.010000,-0.009331
2025-05-01T14:16:01.020000,-0.006942
2025-05-01T14:16:01.030000,-0.002758
2025-05-01T14:16:01.040000,0.018299
2025-05-01T14:16:01.050000,0.014463
2025-05-01T14:16:01.060000,-0.003403
2025-05-01T14:16:01.070000,-0.011140
2025-05-01T14:16:01.080000,0.008828
2025-05-01T14:16:01.090000,-0.002963
2025-05-01T14:16:01.100000,-0.018454
2025-05-01T14:16:01.110000,0.006680
2025-05-01T14:16:01.120000,0.001496
2025-05-01T14:16:01.130000,-0.008860
2025-05-01T14:16:01.140000,-0.006582
2025-05-01T14:16:01.150000,0.006169
2025-05-01T14:16:01.160000,-0.011023
2025-05-01T14:16:01.170000,0.025453
2025-05-01T14:16:01.180000,-0.016099
2025-05-01T14:16:01.190000,0.015107
2025-05-01T14:16:01.200000,0.009012
2025-05-01T14:16:01.210000,-0.001813
2025-05-01T14:16:01.220000,0.006166
2025-05-01T14:16:01.230000,-0.003773
2025-05-01T14:16:01.240000,-0.005224
2025-05-01T14:16:01.250000,0.011866
2025-05-01T14:16:01.260000,-0.000328
2025-05-01T14:16:01.270000,-0.001162
2025-05-01T14:16:01.280000,0.010412
2025-05-01T14:16:01.290000,0.007969
2025-05-01T14:16:01.300000,0.003335
2025-05-01T14:16:01.310000,-0.009180
2025-05-01T14:16:01.320000,-0.016593
2025-05-01T14:16:01.330000,-0.018103
2025-05-01T14:16:01.340000,-0.006792
2025-05-01T14:16:01.350000,0.000180
2025-05-01T14:16:01.360000,-0.002067
2025-05-01T14:16:01.370000,0.003794
2025-05-01T14:16:01.380000,0.001714
2025-05-01T14:16:01.390000,-0.005846
2025-05-01T14:16:01.400000,-0.003448
2025-05-01T14:16:01.410000,0.005145
2025-05-01T14:16:01.420000,-0.007816
2025-05-01T14:16:01.430000,0.010101
2025-05-01T14:16:01.440000,-0.011551
2025-05-01T14:16:01.450000,-0.009046
2025-05-01T14:16:01.460000,0.006332
2025-05-01T14:16:01.470000,-0.002937
2025-05-01T14:16:01.480000,-0.022210
2025-05-01T14:16:01.490000,-0.005853
2025-05-01T14:16:01.500000,-0.000186
2025-05-01T14:16:01.510000,0.009325
2025-05-01T14:16:01.520000,-0.015055
2025-05-01T14:16:01.530000,0.012623
2025-05-01T14:16:01.540000,0.013118
2025-05-01T14:16:01.550000,-0.002400
2025-05-01T14:16:01.560000,-0.017225
2025-05-01T14:16:01.570000,0.002352
2025-05-01T14:16:01.580000,0.003712
2025-05-01T14:16:01.590000,-0.004475
2025-05-01T14:16:01.600000,0.000294
2025-05-01T14:16:01.610000,0.019601
2025-05-01T14:16:01.620000,0.013050
2025-05-01T14:16:01.630000,0.013583
2025-05-01T14:16:01.640000,0.010866
2025-05-01T14:16:01.650000,0.013054
2025-05-01T14:16:01.660000,0.001555
2025-05-01T14:16:01.670000,-0.012323
2025-05-01T14:16:01.680000,0.000543
2025-05-01T14:16:01.690000,0.016055
2025-05-01T14:16:01.700000,0.004756
2025-05-01T14:16:01.710000,0.006490
2025-05-01T14:16:01.720000,-0.020054
2025-05-01T14:16:01.730000,-0.005016
2025-05-01T14:16:01.740000,0.006835
2025-05-01T14:16:01.750000,0.009417
2025-05-01T14:16:01.760000,0.012673
2025-05-01T14:16:01.770000,0.015908
2025-05-01T14:16:01.780000,-0.006889
2025-05-01T14:16:01.790000,0.014592
2025-05-01T14:16:01.800000,-0.010934
2025-05-01T14:16:01.810000,0.003695
2025-05-01T14:16:01.820000,-0.003765
2025-05-01T14:16:01.830000,-0.014147
2025-05-01T14:16:01.840000,0.014268
2025-05-01T14:16:01.850000,0.004951
2025-05-01T14:16:01.860000,0.004172
2025-05-01T14:16:01.870000,0.001391
2025-05-01T14:16:01.880000,0.002833
2025-05-01T14:16:01.890000,0.022503
2025-05-01T14:16:01.900000,-0.031977
2025-05-01T14:16:01.910000,-0.002492
2025-05-01T14:16:01.920000,-0.003100
2025-05-01T14:16:01.930000,0.001673
2025-05-01T14:16:01.940000,0.023546
2025-05-01T14:16:01.950000,-0.012358
2025-05-01T14:16:01.960000,0.002007
2025-05-01T14:16:01.970000,0.003804
2025-05-01T14:16:01.980000,0.001750
2025-05-01T14:16:01.990000,-0.019721
2025-05-01T14:16:02,0.010341
2025-05-01T14:16:02.010000,0.008949
2025-05-01T14:16:02.020000,0.007788
2025-05-01T14:16:02.030000,-0.007943
2025-05-01T14:16:02.040000,0.002132
2025-05-01T14:16:02.050000,0.018205
2025-05-01T14:16:02.060000,0.015978
2025-05-01T14:16:02.070000,-0.004487
2025-05-01T14:16:02.080000,-0.007395
2025-05-01T14:16:02.090000,-0.003123
2025-05-01T14:16:02.100000,-0.005612
2025-05-01T14:16:02.110000,-0.015593
2025-05-01T14:16:02.120000,0.002493
2025-05-01T14:16:02.130000,-0.014584
2025-05-01T14:16:02.140000,-0.002407
2025-05-01T14:16:02.150000,-0.015887
2025-05-01T14:16:02.160000,0.025550
2025-05-01T14:16:02.170000,0.001292
2025-05-01T14:16:02.180000,-0.006380
2025-05-01T14:16:02.190000,0.008651
2025-05-01T14:16:02.200000,-0.004326
2025-05-01T14:16:02.210000,-0.016241
2025-05-01T14:16:02.220000,0.001923
2025-05-01T14:16:02.230000,0.005072
2025-05-01T14:16:02.240000,0.004823
2025-05-01T14:16:02.250000,-0.001477
2025-05-01T14:16:02.260000,-0.001226
2025-05-01T14:16:02.270000,0.006671
2025-05-01T14:16:02.280000,-0.007046
2025-05-01T14:16:02.290000,0.006865
2025-05-01T14:16:02.300000,0.024261
2025-05-01T14:16:02.310000,0.000451
2025-05-01T14:16:02.320000,0.017279
2025-05-01T14:16:02.330000,-0.001336
2025-05-01T14:16:02.340000,-0.006696
2025-05-01T14:16:02.350000,0.007494
2025-05-01T14:16:02.360000,-0.006519
2025-05-01T14:16:02.370000,0.000578
2025-05-01T14:16:02.380000,-0.004581
2025-05-01T14:16:02.390000,-0.005760
2025-05-01T14:16:02.400000,-0.008826
2025-05-01T14:16:02.410000,-0.014529
2025-05-01T14:16:02.420000,0.004089
2025-05-01T14:16:02.430000,-0.001887
2025-05-01T14:16:02.440000,0.006962
2025-05-01T14:16:02.450000,-0.005285
2025-05-01T14:16:02.460000,-0.002250
2025-05-01T14:16:02.470000,0.015031
2025-05-01T14:16:02.480000,0.006061
2025-05-01T14:16:02.490000,0.004590
2025-05-01T14:16:02.500000,0.007089
2025-05-01T14:16:02.510000,-0.006518
2025-05-01T14:16:02.520000,-0.006090
2025-05-01T14:16:02.530000,0.005944
2025-05-01T14:16:02.540000,-0.023619
2025-05-01T14:16:02.550000,0.008309
2025-05-01T14:16:02.560000,0.000609
2025-05-01T14:16:02.570000,-0.002404
2025-05-01T14:16:02.580000,0.001788
2025-05-01T14:16:02.590000,-0.016787
2025-05-01T14:16:02.600000,-0.006645
2025-05-01T14:16:02.610000,0.005398
2025-05-01T14:16:02.620000,-0.005646
2025-05-01T14:16:02.630000,-0.002313
2025-05-01T14:16:02.640000,0.005626
2025-05-01T14:16:02.650000,0.005940
2025-05-01T14:16:02.660000,0.019339
2025-05-01T14:16:02.670000,0.002496
2025-05-01T14:16:02.680000,0.006369
2025-05-01T14:16:02.690000,0.000407
2025-05-01T14:16:02.700000,0.007778
2025-05-01T14:16:02.710000,0.002949
2025-05-01T14:16:02.720000,0.001385
2025-05-01T14:16:02.730000,-0.006258
2025-05-01T14:16:02.740000,-0.008489
2025-05-01T14:16:02.750000,0.005021
2025-05-01T14:16:02.760000,-0.014695
2025-05-01T14:16:02.770000,-0.004096
2025-05-01T14:16:02.780000,0.004623
2025-05-01T14:16:02.790000,0.006521
2025-05-01T14:16:02.800000,-0.005849
2025-05-01T14:16:02.810000,-0.008720
2025-05-01T14:16:02.820000,0.009883
2025-05-01T14:16:02.830000,0.005525
2025-05-01T14:16:02.840000,-0.001643
2025-05-01T14:16:02.850000,-0.007367
2025-05-01T14:16:02.860000,-0.015391
2025-05-01T14:16:02.870000,0.010323
2025-05-01T14:16:02.880000,-0.004880
2025-05-01T14:16:02.890000,-0.003158
2025-05-01T14:16:02.900000,-0.004572
2025-05-01T14:16:02.910000,0.009270
2025-05-01T14:16:02.920000,-0.004320
2025-05-01T14:16:02.930000,0.008152
2025-05-01T14:16:02.940000,-0.000045
2025-05-01T14:16:02.950000,-0.017581
2025-05-01T14:16:02.960000,0.017207
2025-05-01T14:16:02.970000,-0.002881
2025-05-01T14:16:02.980000,0.002050
2025-05-01T14:16:02.990000,-0.002201
2025-05-01T14:16:03,0.001658
2025-05-01T14:16:03.010000,-0.002874
2025-05-01T14:16:03.020000,0.001953
2025-05-01T14:16:03.030000,-0.009406
2025-05-01T14:16:03.040000,-0.010407
2025-05-01T14:16:03.050000,0.009891
2025-05-01T14:16:03.060000,0.006398
2025-05-01T14:16:03.070000,-0.007227
2025-05-01T14:16:03.080000,0.011452
2025-05-01T14:16:03.090000,-0.002106
2025-05-01T14:16:03.100000,0.000787
2025-05-01T14:16:03.110000,0.014324
2025-05-01T14:16:03.120000,0.005823
2025-05-01T14:16:03.130000,-0.007588
2025-05-01T14:16:03.140000,-0.003566
2025-05-01T14:16:03.150000,0.005019
2025-05-01T14:16:03.160000,-0.015060
2025-05-01T14:16:03.170000,-0.013694
2025-05-01T14:16:03.180000,-0.007512
2025-05-01T14:16:03.190000,0.006390
2025-05-01T14:16:03.200000,-0.006411
2025-05-01T14:16:03.210000,-0.023362
2025-05-01T14:16:03.220000,0.016717
2025-05-01T14:16:03.230000,0.004617
2025-05-01T14:16:03.240000,0.011490
2025-05-01T14:16:03.250000,0.000376
2025-05-01T14:16:03.260000,-0.007239
2025-05-01T14:16:03.270000,0.012239
2025-05-01T14:16:03.280000,0.002562
2025-05-01T14:16:03.290000,0.023223
2025-05-01T14:16:03.300000,0.007576
2025-05-01T14:16:03.310000,0.014070
2025-05-01T14:16:03.320000,-0.006478
2025-05-01T14:16:03.330000,0.002448
2025-05-01T14:16:03.340000,-0.005089
2025-05-01T14:16:03.350000,-0.007344
2025-05-01T14:16:03.360000,-0.020288
2025-05-01T14:16:03.370000,0.008733
2025-05-01T14:16:03.380000,-0.022198
2025-05-01T14:16:03.390000,-0.020932
2025-05-01T14:16:03.400000,-0.008884
2025-05-01T14:16:03.410000,0.003794
2025-05-01T14:16:03.420000,-0.010522
2025-05-01T14:16:03.430000,-0.000210
2025-05-01T14:16:03.440000,0.015571
2025-05-01T14:16:03.450000,-0.004975
2025-05-01T14:16:03.460000,-0.009445
2025-05-01T14:16:03.470000,0.005932
2025-05-01T14:16:03.480000,0.003153
2025-05-01T14:16:03.490000,-0.001534
2025-05-01T14:16:03.500000,-0.002810
2025-05-01T14:16:03.510000,0.001308
2025-05-01T14:16:03.520000,-0.001292
2025-05-01T14:16:03.530000,-0.002957
2025-05-01T14:16:03.540000,-0.009879
2025-05-01T14:16:03.550000,0.012195
2025-05-01T14:16:03.560000,-0.019213
2025-05-01T14:16:03.570000,0.014193
2025-05-01T14:16:03.580000,-0.012258
2025-05-01T14:16:03.590000,0.004762
2025-05-01T14:16:03.600000,-0.004475
2025-05-01T14:16:03.610000,-0.009069
2025-05-01T14:16:03.620000,-0.006512
2025-05-01T14:16:03.630000,0.009758
2025-05-01T14:16:03.640000,0.001695
2025-05-01T14:16:03.650000,0.008968
2025-05-01T14:16:03.660000,-0.003534
2025-05-01T14:16:03.670000,0.011940
2025-05-01T14:16:03.680000,0.003165
2025-05-01T14:16:03.690000,-0.002402
2025-05-01T14:16:03.700000,-0.005363
2025-05-01T14:16:03.710000,0.006124
2025-05-01T14:16:03.720000,-0.010171
2025-05-01T14:16:03.730000,0.007193
2025-05-01T14:16:03.740000,-0.007047
2025-05-01T14:16:03.750000,0.020598
2025-05-01T14:16:03.760000,-0.005963
2025-05-01T14:16:03.770000,-0.018347
2025-05-01T14:16:03.780000,0.007355
2025-05-01T14:16:03.790000,0.001194
2025-05-01T14:16:03.800000,-0.000328
2025-05-01T14:16:03.810000,0.008741
2025-05-01T14:16:03.820000,0.003424
2025-05-01T14:16:03.830000,-0.016776
2025-05-01T14:16:03.840000,0.029977
2025-05-01T14:16:03.850000,-0.003888
2025-05-01T14:16:03.860000,-0.006067
2025-05-01T14:16:03.870000,0.009051
2025-05-01T14:16:03.880000,0.015693
2025-05-01T14:16:03.890000,0.003907
2025-05-01T14:16:03.900000,0.006287
2025-05-01T14:16:03.910000,0.000648
2025-05-01T14:16:03.920000,-0.003961
2025-05-01T14:16:03.930000,0.004057
2025-05-01T14:16:03.940000,-0.009132
2025-05-01T14:16:03.950000,0.004313
2025-05-01T14:16:03.960000,-0.016975
2025-05-01T14:16:03.970000,-0.004187
2025-05-01T14:16:03.980000,-0.000656
2025-05-01T14:16:03.990000,0.001631
2025-05-01T14:16:04,0.002865
2025-05-01T14:16:04.010000,-0.002986
2025-05-01T14:16:04.020000,-0.012465
2025-05-01T14:16:04.030000,-0.027978
2025-05-01T14:16:04.040000,0.003971
2025-05-01T14:16:04.050000,-0.012106
2025-05-01T14:16:04.060000,-0.003963
2025-05-01T14:16:04.070000,0.012963
2025-05-01T14:16:04.080000,0.000829
2025-05-01T14:16:04.090000,0.002695
2025-05-01T14:16:04.100000,-0.020239
2025-05-01T14:16:04.110000,0.010386
2025-05-01T14:16:04.120000,0.000285
2025-05-01T14:16:04.130000,0.031997
2025-05-01T14:16:04.140000,0.031925
2025-05-01T14:16:04.150000,0.012661
2025-05-01T14:16:04.160000,-0.001743
2025-05-01T14:16:04.170000,0.005070
2025-05-01T14:16:04.180000,0.006551
2025-05-01T14:16:04.190000,-0.009233
2025-05-01T14:16:04.200000,0.006806
2025-05-01T14:16:04.210000,0.007806
2025-05-01T14:16:04.220000,-0.000680
2025-05-01T14:16:04.230000,0.000137
2025-05-01T14:16:04.240000,0.008346
2025-05-01T14:16:04.250000,0.013755
2025-05-01T14:16:04.260000,0.000843
2025-05-01T14:16:04.270000,-0.003968
2025-05-01T14:16:04.280000,-0.010344
2025-05-01T14:16:04.290000,0.008551
2025-05-01T14:16:04.300000,0.020079
2025-05-01T14:16:04.310000,-0.000397
2025-05-01T14:16:04.320000,0.006986
2025-05-01T14:16:04.330000,-0.003584
2025-05-01T14:16:04.340000,0.010347
2025-05-01T14:16:04.350000,-0.001199
2025-05-01T14:16:04.360000,0.006114
2025-05-01T14:16:04.370000,0.013049
2025-05-01T14:16:04.380000,-0.009013
2025-05-01T14:16:04.390000,0.015695
2025-05-01T14:16:04.400000,0.001531
2025-05-01T14:16:04.410000,0.008278
2025-05-01T14:16:04.420000,0.003095
2025-05-01T14:16:04.430000,-0.007724
2025-05-01T14:16:04.440000,-0.006547
2025-05-01T14:16:04.450000,-0.027144
2025-05-01T14:16:04.460000,-0.002804
2025-05-01T14:16:04.470000,0.014368
2025-05-01T14:16:04.480000,-0.009102
2025-05-01T14:16:04.490000,-0.003831
2025-05-01T14:16:04.500000,-0.026885
2025-05-01T14:16:04.510000,-0.002985
2025-05-01T14:16:04.520000,0.014211
2025-05-01T14:16:04.530000,-0.000795
2025-05-01T14:16:04.540000,0.018219
2025-05-01T14:16:04.550000,0.014848
2025-05-01T14:16:04.560000,-0.011699
2025-05-01T14:16:04.570000,-0.003833
2025-05-01T14:16:04.580000,-0.000219
2025-05-01T14:16:04.590000,-0.012232
2025-05-01T14:16:04.600000,0.024980
2025-05-01T14:16:04.610000,0.002998
2025-05-01T14:16:04.620000,-0.002881
2025-05-01T14:16:04.630000,0.003148
2025-05-01T14:16:04.640000,-0.010878
2025-05-01T14:16:04.650000,-0.002965
2025-05-01T14:16:04.660000,-0.011580
2025-05-01T14:16:04.670000,0.015919
2025-05-01T14:16:04.680000,-0.019825
2025-05-01T14:16:04.690000,-0.005925
2025-05-01T14:16:04.700000,-0.026274
2025-05-01T14:16:04.710000,-0.019005
2025-05-01T14:16:04.720000,0.004634
2025-05-01T14:16:04.730000,-0.021521
2025-05-01T14:16:04.740000,-0.006302
2025-05-01T14:16:04.750000,0.006244
2025-05-01T14:16:04.760000,0.028348
2025-05-01T14:16:04.770000,0.012190
2025-05-01T14:16:04.780000,-0.015863
2025-05-01T14:16:04.790000,0.005137
2025-05-01T14:16:04.800000,-0.001369
2025-05-01T14:16:04.810000,0.001763
2025-05-01T14:16:04.820000,0.002705
2025-05-01T14:16:04.830000,0.012092
2025-05-01T14:16:04.840000,-0.003974
2025-05-01T14:16:04.850000,-0.030635
2025-05-01T14:16:04.860000,-0.017277
2025-05-01T14:16:04.870000,-0.000306
2025-05-01T14:16:04.880000,0.004658
2025-05-01T14:16:04.890000,0.010678
2025-05-01T14:16:04.900000,-0.017439
2025-05-01T14:16:04.910000,0.019639
2025-05-01T14:16:04.920000,0.000621
2025-05-01T14:16:04.930000,-0.004659
2025-05-01T14:16:04.940000,-0.003941
2025-05-01T14:16:04.950000,0.006262
2025-05-01T14:16:04.960000,0.026709
2025-05-01T14:16:04.970000,-0.008205
2025-05-01T14:16:04.980000,0.015319
2025-05-01T14:16:04.990000,-0.016619
