sensor_id,timestamp,temperature,humidity,location,batch_id,temperature_unit,humidity_unit,_is_valid,temperature_original,humidity_original
SENSOR_000,2024-06-01 00:00:00,12.564260146908467,59.7,Room_A,BATCH_2024_Q1,C,%RH,True,20.6,59.7
SENSOR_000,2024-06-01 01:00:00,12.714260146908465,61.8,Room_A,BATCH_2024_Q1,C,%RH,True,20.75,61.8
SENSOR_000,2024-06-01 02:00:00,12.744260146908466,58.2,Room_A,BATCH_2024_Q1,C,%RH,True,20.78,58.2
SENSOR_000,2024-06-01 03:00:00,13.764260146908466,58.1,Room_A,BATCH_2024_Q1,C,%RH,True,21.8,58.1
SENSOR_000,2024-06-01 04:00:00,13.774260146908464,55.7,Room_A,BATCH_2024_Q1,C,%RH,True,21.81,55.7
SENSOR_000,2024-06-01 05:00:00,14.494260146908466,51.8,Room_A,BATCH_2024_Q1,C,%RH,True,22.53,51.8
SENSOR_000,2024-06-01 06:00:00,15.484260146908465,47.0,Room_A,BATCH_2024_Q1,C,%RH,True,23.52,47.0
SENSOR_000,2024-06-01 07:00:00,,46.5,Room_A,BATCH_2024_Q1,C,%RH,True,,46.5
SENSOR_000,2024-06-01 08:00:00,16.614260146908464,45.4,Room_A,BATCH_2024_Q1,C,%RH,True,24.65,45.4
SENSOR_000,2024-06-01 09:00:00,17.264260146908466,40.7,Room_A,BATCH_2024_Q1,C,%RH,True,25.3,40.7
SENSOR_000,2024-06-01 10:00:00,18.454260146908464,40.9,Room_A,BATCH_2024_Q1,C,%RH,True,26.49,40.9
SENSOR_000,2024-06-01 11:00:00,18.334260146908466,38.1,Room_A,BATCH_2024_Q1,C,%RH,True,26.37,38.1
SENSOR_000,2024-06-02 00:00:00,12.254260146908464,60.1,Room_A,BATCH_2024_Q1,C,%RH,True,20.29,60.1
SENSOR_000,2024-06-02 01:00:00,12.174260146908466,60.1,Room_A,BATCH_2024_Q1,C,%RH,True,20.21,60.1
SENSOR_000,2024-06-02 02:00:00,12.634260146908467,58.1,Room_A,BATCH_2024_Q1,C,%RH,True,20.67,58.1
SENSOR_000,2024-06-02 03:00:00,13.114260146908464,59.7,Room_A,BATCH_2024_Q1,C,%RH,True,21.15,59.7
SENSOR_000,2024-06-02 04:00:00,13.914260146908465,53.3,Room_A,BATCH_2024_Q1,C,%RH,True,21.95,53.3
SENSOR_000,2024-06-02 05:00:00,14.884260146908467,50.7,Room_A,BATCH_2024_Q1,C,%RH,True,22.92,50.7
SENSOR_000,2024-06-02 06:00:00,15.474260146908467,47.0,Room_A,BATCH_2024_Q1,C,%RH,True,23.51,47.0
SENSOR_000,2024-06-02 07:00:00,15.794260146908464,47.6,Room_A,BATCH_2024_Q1,C,%RH,True,23.83,47.6
SENSOR_000,2024-06-02 08:00:00,17.134260146908467,45.2,Room_A,BATCH_2024_Q1,C,%RH,True,25.17,45.2
SENSOR_000,2024-06-02 09:00:00,17.504260146908464,42.4,Room_A,BATCH_2024_Q1,C,%RH,True,25.54,42.4
SENSOR_000,2024-06-02 10:00:00,,40.2,Room_A,BATCH_2024_Q1,C,%RH,True,,40.2
SENSOR_000,2024-06-02 11:00:00,18.174260146908466,41.8,Room_A,BATCH_2024_Q1,C,%RH,True,26.21,41.8
SENSOR_000,2024-06-03 00:00:00,12.514260146908466,57.3,Room_A,BATCH_2024_Q1,C,%RH,True,20.55,57.3
SENSOR_000,2024-06-03 01:00:00,12.614260146908464,59.0,Room_A,BATCH_2024_Q1,C,%RH,True,20.65,59.0
SENSOR_000,2024-06-03 02:00:00,12.614260146908464,59.5,Room_A,BATCH_2024_Q1,C,%RH,True,20.65,59.5
SENSOR_000,2024-06-03 03:00:00,13.604260146908466,58.4,Room_A,BATCH_2024_Q1,C,%RH,True,21.64,58.4
SENSOR_000,2024-06-03 04:00:00,13.664260146908465,54.4,Room_A,BATCH_2024_Q1,C,%RH,True,21.7,54.4
SENSOR_000,2024-06-03 05:00:00,14.734260146908465,53.9,Room_A,BATCH_2024_Q1,C,%RH,True,22.77,53.9
SENSOR_000,2024-06-03 06:00:00,15.274260146908464,49.6,Room_A,BATCH_2024_Q1,C,%RH,True,23.31,49.6
SENSOR_000,2024-06-03 07:00:00,15.854260146908466,45.5,Room_A,BATCH_2024_Q1,C,%RH,True,23.89,45.5
SENSOR_000,2024-06-03 08:00:00,17.154260146908467,46.9,Room_A,BATCH_2024_Q1,C,%RH,True,25.19,46.9
SENSOR_000,2024-06-03 09:00:00,,44.3,Room_A,BATCH_2024_Q1,C,%RH,True,,44.3
SENSOR_000,2024-06-03 10:00:00,18.124260146908465,40.3,Room_A,BATCH_2024_Q1,C,%RH,True,26.16,40.3
SENSOR_000,2024-06-03 11:00:00,18.424260146908466,42.5,Room_A,BATCH_2024_Q1,C,%RH,True,26.46,42.5
SENSOR_000,2024-06-04 00:00:00,12.404260146908467,62.2,Room_A,BATCH_2024_Q1,C,%RH,True,20.44,62.2
SENSOR_000,2024-06-04 01:00:00,11.734260146908465,60.8,Room_A,BATCH_2024_Q1,C,%RH,True,19.77,60.8
SENSOR_000,2024-06-04 02:00:00,12.844260146908464,58.1,Room_A,BATCH_2024_Q1,C,%RH,True,20.88,58.1
SENSOR_000,2024-06-04 03:00:00,13.324260146908465,54.0,Room_A,BATCH_2024_Q1,C,%RH,True,21.36,54.0
SENSOR_000,2024-06-04 04:00:00,13.844260146908464,55.4,Room_A,BATCH_2024_Q1,C,%RH,True,21.88,55.4
SENSOR_000,2024-06-04 05:00:00,15.084260146908466,51.7,Room_A,BATCH_2024_Q1,C,%RH,True,23.12,51.7
SENSOR_000,2024-06-04 06:00:00,15.174260146908466,49.1,Room_A,BATCH_2024_Q1,C,%RH,True,23.21,49.1
SENSOR_000,2024-06-04 07:00:00,16.464260146908465,47.8,Room_A,BATCH_2024_Q1,C,%RH,True,24.5,47.8
SENSOR_000,2024-06-04 08:00:00,16.754260146908464,45.7,Room_A,BATCH_2024_Q1,C,%RH,True,24.79,45.7
SENSOR_000,2024-06-04 09:00:00,17.564260146908467,44.3,Room_A,BATCH_2024_Q1,C,%RH,True,25.6,44.3
SENSOR_000,2024-06-04 10:00:00,17.804260146908465,40.7,Room_A,BATCH_2024_Q1,C,%RH,True,25.84,40.7
SENSOR_000,2024-06-04 11:00:00,18.194260146908466,38.0,Room_A,BATCH_2024_Q1,C,%RH,True,26.23,38.0
SENSOR_000,2024-06-05 00:00:00,12.504260146908464,60.3,Room_A,BATCH_2024_Q1,C,%RH,True,20.54,60.3
SENSOR_000,2024-06-05 01:00:00,12.514260146908466,59.2,Room_A,BATCH_2024_Q1,C,%RH,True,20.55,59.2
SENSOR_000,2024-06-05 02:00:00,12.394260146908465,57.9,Room_A,BATCH_2024_Q1,C,%RH,True,20.43,57.9
SENSOR_000,2024-06-05 03:00:00,13.194260146908466,55.8,Room_A,BATCH_2024_Q1,°C,%RH,True,21.23,55.8
SENSOR_000,2024-06-05 04:00:00,13.864260146908464,55.5,Room_A,BATCH_2024_Q1,C,%RH,True,21.9,55.5
SENSOR_000,2024-06-05 05:00:00,15.204260146908464,52.7,Room_A,BATCH_2024_Q1,C,%RH,True,23.24,52.7
SENSOR_000,2024-06-05 06:00:00,15.494260146908466,49.8,Room_A,BATCH_2024_Q1,C,%RH,True,23.53,49.8
SENSOR_000,2024-06-05 07:00:00,15.614260146908464,47.3,Room_A,BATCH_2024_Q1,C,%RH,True,23.65,47.3
SENSOR_000,2024-06-05 08:00:00,16.934260146908464,48.6,Room_A,BATCH_2024_Q1,C,%RH,True,24.97,48.6
SENSOR_000,2024-06-05 09:00:00,17.474260146908467,43.3,Room_A,BATCH_2024_Q1,C,%RH,True,25.51,43.3
SENSOR_000,2024-06-05 10:00:00,18.004260146908464,39.5,Room_A,BATCH_2024_Q1,C,%RH,True,26.04,39.5
SENSOR_000,2024-06-05 11:00:00,18.654260146908467,41.4,Room_A,BATCH_2024_Q1,C,%RH,True,26.69,41.4
SENSOR_000,2024-06-06 00:00:00,12.654260146908467,58.5,Room_A,BATCH_2024_Q1,C,%RH,True,20.69,58.5
SENSOR_000,2024-06-06 01:00:00,12.934260146908464,57.5,Room_A,BATCH_2024_Q1,C,%RH,True,20.97,57.5
SENSOR_000,2024-06-06 02:00:00,12.994260146908466,61.8,Room_A,BATCH_2024_Q1,C,%RH,True,21.03,61.8
SENSOR_000,2024-06-06 03:00:00,101.0325828284513,56.1,Room_A,BATCH_2024_Q1,C,%RH,True,109.06832268154282,56.1
SENSOR_000,2024-06-06 04:00:00,13.944260146908466,54.1,Room_A,BATCH_2024_Q1,C,%RH,True,21.98,54.1
SENSOR_000,2024-06-06 05:00:00,14.174260146908466,52.6,Room_A,BATCH_2024_Q1,C,%RH,True,22.21,52.6
SENSOR_000,2024-06-06 06:00:00,15.094260146908464,50.6,Room_A,BATCH_2024_Q1,C,%RH,True,23.13,50.6
SENSOR_000,2024-06-06 07:00:00,15.914260146908465,49.6,Room_A,BATCH_2024_Q1,C,%RH,True,23.95,49.6
SENSOR_000,2024-06-06 08:00:00,16.674260146908466,44.4,Room_A,BATCH_2024_Q1,C,%RH,True,24.71,44.4
SENSOR_000,2024-06-06 09:00:00,17.774260146908464,41.0,Room_A,BATCH_2024_Q1,C,%RH,True,25.81,41.0
SENSOR_000,2024-06-06 10:00:00,18.084260146908466,43.2,Room_A,BATCH_2024_Q1,C,%RH,True,26.12,43.2
SENSOR_000,2024-06-06 11:00:00,17.824260146908465,40.5,Room_A,BATCH_2024_Q1,C,%RH,True,25.86,40.5
SENSOR_000,2024-06-07 00:00:00,12.494260146908466,61.1,Room_A,BATCH_2024_Q1,C,%RH,True,20.53,61.1
SENSOR_000,2024-06-07 01:00:00,12.144260146908465,57.6,Room_A,BATCH_2024_Q1,C,%RH,True,20.18,57.6
SENSOR_000,2024-06-07 02:00:00,12.974260146908467,59.0,Room_A,BATCH_2024_Q1,C,%RH,True,21.01,59.0
SENSOR_000,2024-06-07 03:00:00,13.364260146908464,57.5,Room_A,BATCH_2024_Q1,°C,%RH,True,21.4,57.5
SENSOR_000,2024-06-07 04:00:00,13.714260146908465,55.2,Room_A,BATCH_2024_Q1,C,%RH,True,21.75,55.2
SENSOR_000,2024-06-07 05:00:00,14.725371258019575,51.4,Room_A,BATCH_2024_Q1,F,%RH,True,22.76111111111111,51.4
SENSOR_000,2024-06-07 06:00:00,15.974260146908467,50.6,Room_A,BATCH_2024_Q1,C,%RH,True,24.01,50.6
SENSOR_000,2024-06-07 07:00:00,15.834260146908466,48.3,Room_A,BATCH_2024_Q1,C,%RH,True,23.87,48.3
SENSOR_000,2024-06-07 08:00:00,16.624260146908465,46.1,Room_A,BATCH_2024_Q1,C,%RH,True,24.66,46.1
SENSOR_000,2024-06-07 09:00:00,17.884260146908467,41.6,Room_A,BATCH_2024_Q1,C,%RH,True,25.92,41.6
SENSOR_000,2024-06-07 10:00:00,18.304260146908465,41.9,Room_A,BATCH_2024_Q1,C,%RH,True,26.34,41.9
SENSOR_000,2024-06-07 11:00:00,18.554260146908465,43.1,Room_A,BATCH_2024_Q1,C,%RH,True,26.59,43.1
SENSOR_000,2024-06-08 00:00:00,12.344260146908464,58.8,Room_A,BATCH_2024_Q1,C,%RH,True,20.38,58.8
SENSOR_000,2024-06-08 01:00:00,12.244260146908466,58.3,Room_A,BATCH_2024_Q1,C,%RH,True,20.28,58.3
SENSOR_000,2024-06-08 02:00:00,12.794260146908464,59.1,Room_A,BATCH_2024_Q1,C,%RH,True,20.83,59.1
SENSOR_000,2024-06-08 03:00:00,13.374260146908465,58.2,Room_A,BATCH_2024_Q1,C,%RH,True,21.41,58.2
SENSOR_000,2024-06-08 04:00:00,13.914260146908465,57.1,Room_A,BATCH_2024_Q1,C,%RH,True,21.95,57.1
SENSOR_000,2024-06-08 05:00:00,14.554260146908465,56.6,Room_A,BATCH_2024_Q1,C,%RH,True,22.59,56.6
SENSOR_000,2024-06-08 06:00:00,15.604260146908466,48.6,Room_A,BATCH_2024_Q1,C,%RH,True,23.64,48.6
SENSOR_000,2024-06-08 07:00:00,15.864260146908464,48.0,Room_A,BATCH_2024_Q1,C,%RH,True,23.9,48.0
SENSOR_000,2024-06-08 08:00:00,16.844260146908464,46.0,Room_A,BATCH_2024_Q1,C,%RH,True,24.88,46.0
SENSOR_000,2024-06-08 09:00:00,17.674260146908466,42.7,Room_A,BATCH_2024_Q1,C,%RH,True,25.71,42.7
SENSOR_000,2024-06-08 10:00:00,17.754260146908464,39.0,Room_A,BATCH_2024_Q1,C,%RH,True,25.79,39.0
SENSOR_000,2024-06-08 11:00:00,18.174260146908466,41.5,Room_A,BATCH_2024_Q1,C,%RH,True,26.21,41.5
SENSOR_000,2024-06-09 00:00:00,12.474260146908467,,Room_A,BATCH_2024_Q1,C,%RH,True,20.51,
SENSOR_000,2024-06-09 01:00:00,12.569815702464023,60.1,Room_A,BATCH_2024_Q1,F,%RH,True,20.605555555555558,60.1
SENSOR_000,2024-06-09 02:00:00,12.554260146908465,58.8,Room_A,BATCH_2024_Q1,C,%RH,True,20.59,58.8
SENSOR_000,2024-06-09 03:00:00,13.314260146908467,55.3,Room_A,BATCH_2024_Q1,C,%RH,True,21.35,55.3
SENSOR_000,2024-06-09 04:00:00,14.024260146908464,55.7,Room_A,BATCH_2024_Q1,C,%RH,True,22.06,55.7
SENSOR_000,2024-06-09 05:00:00,14.964260146908465,54.1,Room_A,BATCH_2024_Q1,°C,%RH,True,23.0,54.1
SENSOR_000,2024-06-09 06:00:00,15.004260146908464,48.5,Room_A,BATCH_2024_Q1,C,%RH,True,23.04,48.5
SENSOR_000,2024-06-09 07:00:00,16.344260146908464,48.1,Room_A,BATCH_2024_Q1,C,%RH,True,24.38,48.1
SENSOR_000,2024-06-09 08:00:00,17.064260146908467,50.7,Room_A,BATCH_2024_Q1,C,%RH,True,25.1,50.7
SENSOR_000,2024-06-09 09:00:00,17.704260146908464,44.5,Room_A,BATCH_2024_Q1,C,%RH,True,25.74,44.5
SENSOR_000,2024-06-09 10:00:00,18.294260146908464,42.2,Room_A,BATCH_2024_Q1,C,%RH,True,26.33,42.2
SENSOR_000,2024-06-09 11:00:00,18.214260146908465,41.4,Room_A,BATCH_2024_Q1,C,%RH,True,26.25,41.4
SENSOR_000,2024-06-10 00:00:00,12.184260146908464,59.5,Room_A,BATCH_2024_Q1,C,%RH,True,20.22,59.5
SENSOR_000,2024-06-10 01:00:00,12.374260146908465,59.7,Room_A,BATCH_2024_Q1,C,%RH,True,20.41,59.7
SENSOR_000,2024-06-10 02:00:00,13.514260146908466,55.8,Room_A,BATCH_2024_Q1,C,%RH,True,21.55,55.8
SENSOR_000,2024-06-10 03:00:00,13.494260146908466,54.5,Room_A,BATCH_2024_Q1,C,%RH,True,21.53,54.5
SENSOR_000,2024-06-10 04:00:00,13.774260146908464,56.5,Room_A,BATCH_2024_Q1,C,%RH,True,21.81,56.5
SENSOR_000,2024-06-10 05:00:00,14.654260146908467,50.9,Room_A,BATCH_2024_Q1,C,%RH,True,22.69,50.9
SENSOR_000,2024-06-10 06:00:00,15.194260146908466,50.9,Room_A,BATCH_2024_Q1,C,%RH,True,23.23,50.9
SENSOR_000,2024-06-10 07:00:00,15.974260146908467,47.6,Room_A,BATCH_2024_Q1,C,%RH,True,24.01,47.6
SENSOR_000,2024-06-10 08:00:00,16.924260146908466,43.9,Room_A,BATCH_2024_Q1,C,%RH,True,24.96,43.9
SENSOR_000,2024-06-10 09:00:00,18.174260146908466,43.8,Room_A,BATCH_2024_Q1,C,%RH,True,26.21,43.8
SENSOR_000,2024-06-10 10:00:00,17.404260146908467,41.5,Room_A,BATCH_2024_Q1,C,%RH,True,25.44,41.5
SENSOR_000,2024-06-10 11:00:00,18.114260146908464,41.5,Room_A,BATCH_2024_Q1,C,%RH,True,26.15,41.5
SENSOR_000,2024-06-11 00:00:00,12.174260146908466,59.7,Room_A,BATCH_2024_Q1,C,%RH,True,20.21,59.7
SENSOR_000,2024-06-11 01:00:00,12.664260146908465,,Room_A,BATCH_2024_Q1,C,%RH,True,20.7,
SENSOR_000,2024-06-11 02:00:00,12.454260146908464,58.1,Room_A,BATCH_2024_Q1,C,%RH,True,20.49,58.1
SENSOR_000,2024-06-11 03:00:00,,56.0,Room_A,BATCH_2024_Q1,°C,%RH,True,,56.0
SENSOR_000,2024-06-11 04:00:00,14.444260146908466,55.5,Room_A,BATCH_2024_Q1,C,%RH,True,22.48,55.5
SENSOR_000,2024-06-11 05:00:00,14.254260146908464,53.9,Room_A,BATCH_2024_Q1,C,%RH,True,22.29,53.9
SENSOR_000,2024-06-11 06:00:00,16.054260146908465,51.4,Room_A,BATCH_2024_Q1,C,%RH,True,24.09,51.4
SENSOR_000,2024-06-11 07:00:00,15.734260146908465,46.6,Room_A,BATCH_2024_Q1,C,%RH,True,23.77,46.6
SENSOR_000,2024-06-11 08:00:00,17.294260146908464,43.8,Room_A,BATCH_2024_Q1,C,%RH,True,25.33,43.8
SENSOR_000,2024-06-11 09:00:00,17.664260146908465,44.0,Room_A,BATCH_2024_Q1,C,%RH,True,25.7,44.0
SENSOR_000,2024-06-11 10:00:00,,41.1,Room_A,BATCH_2024_Q1,C,%RH,True,,41.1
SENSOR_000,2024-06-11 11:00:00,17.334260146908466,38.7,Room_A,BATCH_2024_Q1,C,%RH,True,25.37,38.7
SENSOR_000,2024-06-12 00:00:00,12.334260146908466,58.0,Room_A,BATCH_2024_Q1,C,%RH,True,20.37,58.0
SENSOR_000,2024-06-12 01:00:00,13.004260146908464,57.4,Room_A,BATCH_2024_Q1,C,%RH,True,21.04,57.4
SENSOR_000,2024-06-12 02:00:00,12.684260146908464,58.8,Room_A,BATCH_2024_Q1,C,%RH,True,20.72,58.8
SENSOR_000,2024-06-12 03:00:00,,54.8,Room_A,BATCH_2024_Q1,C,%RH,True,,54.8
SENSOR_000,2024-06-12 04:00:00,14.264260146908466,54.9,Room_A,BATCH_2024_Q1,C,%RH,True,22.3,54.9
SENSOR_000,2024-06-12 05:00:00,14.344260146908464,53.2,Room_A,BATCH_2024_Q1,C,%RH,True,22.38,53.2
SENSOR_000,2024-06-12 06:00:00,15.474260146908467,49.0,Room_A,BATCH_2024_Q1,C,%RH,True,23.51,49.0
SENSOR_000,2024-06-12 07:00:00,16.214260146908465,,Room_A,BATCH_2024_Q1,C,%RH,True,24.25,
SENSOR_000,2024-06-12 08:00:00,16.944260146908466,45.9,Room_A,BATCH_2024_Q1,C,%RH,True,24.98,45.9
SENSOR_000,2024-06-12 09:00:00,18.014260146908466,41.0,Room_A,BATCH_2024_Q1,C,%RH,True,26.05,41.0
SENSOR_000,2024-06-12 10:00:00,18.654260146908467,38.3,Room_A,BATCH_2024_Q1,C,%RH,True,26.69,38.3
SENSOR_000,2024-06-12 11:00:00,18.264260146908466,41.1,Room_A,BATCH_2024_Q1,C,%RH,True,26.3,41.1
SENSOR_000,2024-06-13 00:00:00,12.494260146908466,59.0,Room_A,BATCH_2024_Q1,C,%RH,True,20.53,59.0
SENSOR_000,2024-06-13 01:00:00,12.454260146908464,58.8,Room_A,BATCH_2024_Q1,C,%RH,True,20.49,58.8
SENSOR_000,2024-06-13 02:00:00,12.634260146908467,59.8,Room_A,BATCH_2024_Q1,C,%RH,True,20.67,59.8
SENSOR_000,2024-06-13 03:00:00,13.404260146908467,55.9,Room_A,BATCH_2024_Q1,C,%RH,True,21.44,55.9
SENSOR_000,2024-06-13 04:00:00,14.184260146908464,55.4,Room_A,BATCH_2024_Q1,C,%RH,True,22.22,55.4
SENSOR_000,2024-06-13 05:00:00,14.884260146908467,53.4,Room_A,BATCH_2024_Q1,C,%RH,True,22.92,53.4
SENSOR_000,2024-06-13 06:00:00,15.164260146908465,49.1,Room_A,BATCH_2024_Q1,C,%RH,True,23.2,49.1
SENSOR_000,2024-06-13 07:00:00,16.414260146908465,48.2,Room_A,BATCH_2024_Q1,C,%RH,True,24.45,48.2
SENSOR_000,2024-06-13 08:00:00,16.904260146908467,45.1,Room_A,BATCH_2024_Q1,C,%RH,True,24.94,45.1
SENSOR_000,2024-06-13 09:00:00,17.914260146908465,41.9,Room_A,BATCH_2024_Q1,C,%RH,True,25.95,41.9
SENSOR_000,2024-06-13 10:00:00,18.174260146908466,40.9,Room_A,BATCH_2024_Q1,C,%RH,True,26.21,40.9
SENSOR_000,2024-06-13 11:00:00,18.244260146908466,41.9,Room_A,BATCH_2024_Q1,C,%RH,True,26.28,41.9
SENSOR_000,2024-06-14 00:00:00,12.664260146908465,61.1,Room_A,BATCH_2024_Q1,C,%RH,True,20.7,61.1
SENSOR_000,2024-06-14 01:00:00,12.904260146908467,59.6,Room_A,BATCH_2024_Q1,C,%RH,True,20.94,59.6
SENSOR_000,2024-06-14 02:00:00,13.024260146908464,149.2838448871224,Room_A,BATCH_2024_Q1,C,%RH,True,21.06,149.2838448871224
SENSOR_000,2024-06-14 03:00:00,13.394260146908465,56.8,Room_A,BATCH_2024_Q1,C,%RH,True,21.43,56.8
SENSOR_000,2024-06-14 04:00:00,13.944260146908466,55.8,Room_A,BATCH_2024_Q1,C,%RH,True,21.98,55.8
SENSOR_000,2024-06-14 05:00:00,14.394260146908465,55.6,Room_A,BATCH_2024_Q1,C,%RH,True,22.43,55.6
SENSOR_000,2024-06-14 06:00:00,15.114260146908464,48.1,Room_A,BATCH_2024_Q1,C,%RH,True,23.15,48.1
SENSOR_000,2024-06-14 07:00:00,16.534260146908466,48.5,Room_A,BATCH_2024_Q1,C,%RH,True,24.57,48.5
SENSOR_000,2024-06-14 08:00:00,17.104260146908466,45.8,Room_A,BATCH_2024_Q1,C,%RH,True,25.14,45.8
SENSOR_000,2024-06-14 09:00:00,17.534260146908466,41.5,Room_A,BATCH_2024_Q1,C,%RH,True,25.57,41.5
SENSOR_000,2024-06-14 10:00:00,18.034260146908466,40.2,Room_A,BATCH_2024_Q1,C,%RH,True,26.07,40.2
SENSOR_000,2024-06-14 11:00:00,18.604260146908466,40.0,Room_A,BATCH_2024_Q1,C,%RH,True,26.64,40.0
SENSOR_000,2024-06-15 00:00:00,12.164260146908465,59.4,Room_A,BATCH_2024_Q1,C,%RH,True,20.2,59.4
SENSOR_000,2024-06-15 01:00:00,12.644260146908465,58.7,Room_A,BATCH_2024_Q1,C,%RH,True,20.68,58.7
SENSOR_000,2024-06-15 02:00:00,12.564260146908467,,Room_A,BATCH_2024_Q1,C,%RH,True,20.6,
SENSOR_000,2024-06-15 03:00:00,13.364260146908464,56.2,Room_A,BATCH_2024_Q1,C,%RH,True,21.4,56.2
SENSOR_000,2024-06-15 04:00:00,13.774260146908464,55.2,Room_A,BATCH_2024_Q1,C,%RH,True,21.81,55.2
SENSOR_000,2024-06-15 05:00:00,14.204260146908464,50.4,Room_A,BATCH_2024_Q1,°C,%RH,True,22.24,50.4
SENSOR_000,2024-06-15 06:00:00,,49.6,Room_A,BATCH_2024_Q1,C,%RH,True,,49.6
SENSOR_000,2024-06-15 07:00:00,16.284260146908466,49.5,Room_A,BATCH_2024_Q1,C,%RH,True,24.32,49.5
SENSOR_000,2024-06-15 08:00:00,17.174260146908466,44.7,Room_A,BATCH_2024_Q1,C,%RH,True,25.21,44.7
SENSOR_000,2024-06-15 09:00:00,17.524260146908464,41.3,Room_A,BATCH_2024_Q1,C,%RH,True,25.56,41.3
SENSOR_000,2024-06-15 10:00:00,18.004260146908464,40.8,Room_A,BATCH_2024_Q1,C,%RH,True,26.04,40.8
SENSOR_000,2024-06-15 11:00:00,18.404260146908467,39.0,Room_A,BATCH_2024_Q1,C,%RH,True,26.44,39.0
SENSOR_000,2024-06-16 00:00:00,12.574260146908465,62.2,Room_A,BATCH_2024_Q1,C,%RH,True,20.61,62.2
SENSOR_000,2024-06-16 01:00:00,12.484260146908465,60.2,Room_A,BATCH_2024_Q1,C,%RH,True,20.52,60.2
SENSOR_000,2024-06-16 02:00:00,13.024260146908464,58.0,Room_A,BATCH_2024_Q1,C,%RH,True,21.06,58.0
SENSOR_000,2024-06-16 03:00:00,13.364260146908464,57.0,Room_A,BATCH_2024_Q1,C,%RH,True,21.4,57.0
SENSOR_000,2024-06-16 04:00:00,13.944260146908466,,Room_A,BATCH_2024_Q1,C,%RH,True,21.98,
SENSOR_000,2024-06-16 05:00:00,14.644260146908465,53.2,Room_A,BATCH_2024_Q1,C,%RH,True,22.68,53.2
SENSOR_000,2024-06-16 06:00:00,15.844260146908464,51.3,Room_A,BATCH_2024_Q1,C,%RH,True,23.88,51.3
SENSOR_000,2024-06-16 07:00:00,16.834260146908466,46.2,Room_A,BATCH_2024_Q1,C,%RH,True,24.87,46.2
SENSOR_000,2024-06-16 08:00:00,17.174260146908466,45.2,Room_A,BATCH_2024_Q1,C,%RH,True,25.21,45.2
SENSOR_000,2024-06-16 09:00:00,18.194260146908466,41.6,Room_A,BATCH_2024_Q1,C,%RH,True,26.23,41.6
SENSOR_000,2024-06-16 10:00:00,17.764260146908466,40.3,Room_A,BATCH_2024_Q1,C,%RH,True,25.8,40.3
SENSOR_000,2024-06-16 11:00:00,17.674260146908466,39.4,Room_A,BATCH_2024_Q1,C,%RH,True,25.71,39.4
SENSOR_000,2024-06-17 00:00:00,12.184260146908464,60.1,Room_A,BATCH_2024_Q1,C,%RH,True,20.22,60.1
SENSOR_000,2024-06-17 01:00:00,12.614260146908464,62.4,Room_A,BATCH_2024_Q1,C,%RH,True,20.65,62.4
SENSOR_000,2024-06-17 02:00:00,13.104260146908466,57.7,Room_A,BATCH_2024_Q1,C,%RH,True,21.14,57.7
SENSOR_000,2024-06-17 03:00:00,13.024260146908464,57.7,Room_A,BATCH_2024_Q1,C,%RH,True,21.06,57.7
SENSOR_000,2024-06-17 04:00:00,13.514260146908466,57.6,Room_A,BATCH_2024_Q1,C,%RH,True,21.55,57.6
SENSOR_000,2024-06-17 05:00:00,14.994260146908466,51.8,Room_A,BATCH_2024_Q1,C,%RH,True,23.03,51.8
SENSOR_000,2024-06-17 06:00:00,14.904260146908467,51.9,Room_A,BATCH_2024_Q1,C,%RH,True,22.94,51.9
SENSOR_000,2024-06-17 07:00:00,16.154260146908467,49.2,Room_A,BATCH_2024_Q1,C,%RH,True,24.19,49.2
SENSOR_000,2024-06-17 08:00:00,16.434260146908464,44.0,Room_A,BATCH_2024_Q1,C,%RH,True,24.47,44.0
SENSOR_000,2024-06-17 09:00:00,17.534260146908466,42.9,Room_A,BATCH_2024_Q1,C,%RH,True,25.57,42.9
SENSOR_000,2024-06-17 10:00:00,17.874260146908465,42.2,Room_A,BATCH_2024_Q1,C,%RH,True,25.91,42.2
SENSOR_000,2024-06-17 11:00:00,17.994260146908466,40.0,Room_A,BATCH_2024_Q1,C,%RH,True,26.03,40.0
SENSOR_000,2024-06-18 00:00:00,12.454260146908464,60.7,Room_A,BATCH_2024_Q1,C,%RH,True,20.49,60.7
SENSOR_000,2024-06-18 01:00:00,12.734260146908465,57.9,Room_A,BATCH_2024_Q1,C,%RH,True,20.77,57.9
SENSOR_000,2024-06-18 02:00:00,12.354260146908466,60.5,Room_A,BATCH_2024_Q1,C,%RH,True,20.39,60.5
SENSOR_000,2024-06-18 03:00:00,13.394260146908465,55.8,Room_A,BATCH_2024_Q1,C,%RH,True,21.43,55.8
SENSOR_000,2024-06-18 04:00:00,14.374260146908465,120.8631934874191,Room_A,BATCH_2024_Q1,C,%RH,True,22.41,120.8631934874191
SENSOR_000,2024-06-18 05:00:00,14.994260146908466,52.6,Room_A,BATCH_2024_Q1,C,%RH,True,23.03,52.6
SENSOR_000,2024-06-18 06:00:00,16.034260146908466,52.5,Room_A,BATCH_2024_Q1,C,%RH,True,24.07,52.5
SENSOR_000,2024-06-18 07:00:00,16.114260146908464,48.8,Room_A,BATCH_2024_Q1,C,%RH,True,24.15,48.8
SENSOR_000,2024-06-18 08:00:00,17.104260146908466,47.0,Room_A,BATCH_2024_Q1,C,%RH,True,25.14,47.0
SENSOR_000,2024-06-18 09:00:00,17.244260146908466,43.9,Room_A,BATCH_2024_Q1,C,%RH,True,25.28,43.9
SENSOR_000,2024-06-18 10:00:00,18.324260146908465,38.6,Room_A,BATCH_2024_Q1,C,%RH,True,26.36,38.6
SENSOR_000,2024-06-18 11:00:00,17.954260146908464,37.2,Room_A,BATCH_2024_Q1,C,%RH,True,25.99,37.2
SENSOR_000,2024-06-19 00:00:00,12.334260146908466,61.0,Room_A,BATCH_2024_Q1,C,%RH,True,20.37,61.0
SENSOR_000,2024-06-19 01:00:00,12.964260146908465,59.7,Room_A,BATCH_2024_Q1,C,%RH,True,21.0,59.7
SENSOR_000,2024-06-19 02:00:00,13.304260146908465,56.5,Room_A,BATCH_2024_Q1,C,%RH,True,21.34,56.5
SENSOR_000,2024-06-19 03:00:00,12.784260146908466,56.9,Room_A,BATCH_2024_Q1,C,%RH,True,20.82,56.9
SENSOR_000,2024-06-19 04:00:00,14.024260146908464,54.8,Room_A,BATCH_2024_Q1,C,%RH,True,22.06,54.8
SENSOR_000,2024-06-19 05:00:00,,52.4,Room_A,BATCH_2024_Q1,C,%RH,True,,52.4
SENSOR_000,2024-06-19 06:00:00,15.024260146908464,50.9,Room_A,BATCH_2024_Q1,C,%RH,True,23.06,50.9
SENSOR_000,2024-06-19 07:00:00,16.304260146908465,45.9,Room_A,BATCH_2024_Q1,C,%RH,True,24.34,45.9
SENSOR_000,2024-06-19 08:00:00,16.764260146908466,43.3,Room_A,BATCH_2024_Q1,C,%RH,True,24.8,43.3
SENSOR_000,2024-06-19 09:00:00,17.514260146908466,44.3,Room_A,BATCH_2024_Q1,C,%RH,True,25.55,44.3
SENSOR_000,2024-06-19 10:00:00,17.714260146908465,42.0,Room_A,BATCH_2024_Q1,C,%RH,True,25.75,42.0
SENSOR_000,2024-06-19 11:00:00,18.154260146908467,39.0,Room_A,BATCH_2024_Q1,C,%RH,True,26.19,39.0
SENSOR_000,2024-06-20 00:00:00,12.384260146908467,58.3,Room_A,BATCH_2024_Q1,C,%RH,True,20.42,58.3
SENSOR_000,2024-06-20 01:00:00,12.354260146908466,57.8,Room_A,BATCH_2024_Q1,C,%RH,True,20.39,57.8
SENSOR_000,2024-06-20 02:00:00,13.404260146908467,58.6,Room_A,BATCH_2024_Q1,C,%RH,True,21.44,58.6
SENSOR_000,2024-06-20 03:00:00,13.084260146908466,57.3,Room_A,BATCH_2024_Q1,C,%RH,True,21.12,57.3
SENSOR_000,2024-06-20 04:00:00,,54.6,Room_A,BATCH_2024_Q1,C,%RH,True,,54.6
SENSOR_000,2024-06-20 05:00:00,,53.6,Room_A,BATCH_2024_Q1,C,%RH,True,,53.6
SENSOR_000,2024-06-20 06:00:00,15.254260146908464,49.0,Room_A,BATCH_2024_Q1,C,%RH,True,23.29,49.0
SENSOR_000,2024-06-20 07:00:00,16.104260146908466,43.9,Room_A,BATCH_2024_Q1,C,%RH,True,24.14,43.9
SENSOR_000,2024-06-20 08:00:00,16.458704591352912,46.9,Room_A,BATCH_2024_Q1,F,%RH,True,24.494444444444447,46.9
SENSOR_000,2024-06-20 09:00:00,18.024260146908464,42.5,Room_A,BATCH_2024_Q1,C,%RH,True,26.06,42.5
SENSOR_000,2024-06-20 10:00:00,18.184260146908464,41.7,Room_A,BATCH_2024_Q1,C,%RH,True,26.22,41.7
SENSOR_000,2024-06-20 11:00:00,19.234260146908465,41.9,Room_A,BATCH_2024_Q1,C,%RH,True,27.27,41.9
SENSOR_000,2024-06-21 00:00:00,12.374260146908465,58.5,Room_A,BATCH_2024_Q1,C,%RH,True,20.41,58.5
SENSOR_000,2024-06-21 01:00:00,12.034260146908466,59.9,Room_A,BATCH_2024_Q1,C,%RH,True,20.07,59.9
SENSOR_000,2024-06-21 02:00:00,12.584260146908466,56.4,Room_A,BATCH_2024_Q1,C,%RH,True,20.62,56.4
SENSOR_000,2024-06-21 03:00:00,13.094260146908464,55.3,Room_A,BATCH_2024_Q1,C,%RH,True,21.13,55.3
SENSOR_000,2024-06-21 04:00:00,14.424260146908466,56.2,Room_A,BATCH_2024_Q1,C,%RH,True,22.46,56.2
SENSOR_000,2024-06-21 05:00:00,14.634260146908467,54.7,Room_A,BATCH_2024_Q1,C,%RH,True,22.67,54.7
SENSOR_000,2024-06-21 06:00:00,15.434260146908464,48.6,Room_A,BATCH_2024_Q1,C,%RH,True,23.47,48.6
SENSOR_000,2024-06-21 07:00:00,16.644260146908465,48.1,Room_A,BATCH_2024_Q1,C,%RH,True,24.68,48.1
SENSOR_000,2024-06-21 08:00:00,16.604260146908466,44.6,Room_A,BATCH_2024_Q1,C,%RH,True,24.64,44.6
SENSOR_000,2024-06-21 09:00:00,17.274260146908464,40.8,Room_A,BATCH_2024_Q1,C,%RH,True,25.31,40.8
SENSOR_000,2024-06-21 10:00:00,18.294260146908464,44.1,Room_A,BATCH_2024_Q1,C,%RH,True,26.33,44.1
SENSOR_000,2024-06-21 11:00:00,17.894260146908465,41.1,Room_A,BATCH_2024_Q1,C,%RH,True,25.93,41.1
SENSOR_000,2024-06-22 00:00:00,12.214260146908465,59.2,Room_A,BATCH_2024_Q1,C,%RH,True,20.25,59.2
SENSOR_000,2024-06-22 01:00:00,12.334260146908466,58.3,Room_A,BATCH_2024_Q1,C,%RH,True,20.37,58.3
SENSOR_000,2024-06-22 02:00:00,12.834260146908466,57.3,Room_A,BATCH_2024_Q1,C,%RH,True,20.87,57.3
SENSOR_000,2024-06-22 03:00:00,13.374260146908465,56.9,Room_A,BATCH_2024_Q1,C,%RH,True,21.41,56.9
SENSOR_000,2024-06-22 04:00:00,13.844260146908464,53.5,Room_A,BATCH_2024_Q1,C,%RH,True,21.88,53.5
SENSOR_000,2024-06-22 05:00:00,14.464260146908465,53.6,Room_A,BATCH_2024_Q1,C,%RH,True,22.5,53.6
SENSOR_000,2024-06-22 06:00:00,15.564260146908467,48.4,Room_A,BATCH_2024_Q1,C,%RH,True,23.6,48.4
SENSOR_000,2024-06-22 07:00:00,16.224260146908467,48.4,Room_A,BATCH_2024_Q1,C,%RH,True,24.26,48.4
SENSOR_000,2024-06-22 08:00:00,16.414260146908465,45.7,Room_A,BATCH_2024_Q1,C,%RH,True,24.45,45.7
SENSOR_000,2024-06-22 09:00:00,17.334260146908466,43.7,Room_A,BATCH_2024_Q1,C,%RH,True,25.37,43.7
SENSOR_000,2024-06-22 10:00:00,17.784260146908466,38.5,Room_A,BATCH_2024_Q1,C,%RH,True,25.82,38.5
SENSOR_000,2024-06-22 11:00:00,17.824260146908465,40.3,Room_A,BATCH_2024_Q1,C,%RH,True,25.86,40.3
SENSOR_000,2024-06-23 00:00:00,12.494260146908466,58.5,Room_A,BATCH_2024_Q1,C,%RH,True,20.53,58.5
SENSOR_000,2024-06-23 01:00:00,12.704260146908464,57.1,Room_A,BATCH_2024_Q1,C,%RH,True,20.74,57.1
SENSOR_000,2024-06-23 02:00:00,12.794260146908464,56.7,Room_A,BATCH_2024_Q1,C,%RH,True,20.83,56.7
SENSOR_000,2024-06-23 03:00:00,13.094260146908464,57.0,Room_A,BATCH_2024_Q1,C,%RH,True,21.13,57.0
SENSOR_000,2024-06-23 04:00:00,13.654260146908467,54.3,Room_A,BATCH_2024_Q1,C,%RH,True,21.69,54.3
SENSOR_000,2024-06-23 05:00:00,14.934260146908464,51.6,Room_A,BATCH_2024_Q1,C,%RH,True,22.97,51.6
SENSOR_000,2024-06-23 06:00:00,15.664260146908465,48.2,Room_A,BATCH_2024_Q1,C,%RH,True,23.7,48.2
SENSOR_000,2024-06-23 07:00:00,16.344260146908464,,Room_A,BATCH_2024_Q1,C,%RH,True,24.38,
SENSOR_000,2024-06-23 08:00:00,16.174260146908466,43.7,Room_A,BATCH_2024_Q1,C,%RH,True,24.21,43.7
SENSOR_000,2024-06-23 09:00:00,17.704260146908464,42.5,Room_A,BATCH_2024_Q1,C,%RH,True,25.74,42.5
SENSOR_000,2024-06-23 10:00:00,18.124260146908465,40.3,Room_A,BATCH_2024_Q1,C,%RH,True,26.16,40.3
SENSOR_000,2024-06-23 11:00:00,,40.0,Room_A,BATCH_2024_Q1,C,%RH,True,,40.0
SENSOR_000,2024-06-24 00:00:00,12.764260146908466,60.3,Room_A,BATCH_2024_Q1,C,%RH,True,20.8,60.3
SENSOR_000,2024-06-24 01:00:00,12.614260146908464,58.9,Room_A,BATCH_2024_Q1,C,%RH,True,20.65,58.9
SENSOR_000,2024-06-24 02:00:00,12.664260146908465,57.9,Room_A,BATCH_2024_Q1,C,%RH,True,20.7,57.9
SENSOR_000,2024-06-24 03:00:00,13.408704591352908,56.3,Room_A,BATCH_2024_Q1,F,%RH,True,21.444444444444443,56.3
SENSOR_000,2024-06-24 04:00:00,14.004260146908464,58.0,Room_A,BATCH_2024_Q1,C,%RH,True,22.04,58.0
SENSOR_000,2024-06-24 05:00:00,14.894260146908465,,Room_A,BATCH_2024_Q1,C,%RH,True,22.93,
SENSOR_000,2024-06-24 06:00:00,15.774260146908464,49.3,Room_A,BATCH_2024_Q1,C,%RH,True,23.81,49.3
SENSOR_000,2024-06-24 07:00:00,15.574260146908465,45.8,Room_A,BATCH_2024_Q1,C,%RH,True,23.61,45.8
SENSOR_000,2024-06-24 08:00:00,16.354260146908466,44.4,Room_A,BATCH_2024_Q1,C,%RH,True,24.39,44.4
SENSOR_000,2024-06-24 09:00:00,17.544260146908464,45.3,Room_A,BATCH_2024_Q1,C,%RH,True,25.58,45.3
SENSOR_000,2024-06-24 10:00:00,18.114260146908464,40.9,Room_A,BATCH_2024_Q1,C,%RH,True,26.15,40.9
SENSOR_000,2024-06-24 11:00:00,18.564260146908467,36.9,Room_A,BATCH_2024_Q1,C,%RH,True,26.6,36.9
SENSOR_000,2024-06-25 00:00:00,12.484260146908465,61.1,Room_A,BATCH_2024_Q1,C,%RH,True,20.52,61.1
SENSOR_000,2024-06-25 01:00:00,12.074260146908465,61.3,Room_A,BATCH_2024_Q1,C,%RH,True,20.11,61.3
SENSOR_000,2024-06-25 02:00:00,12.914260146908465,57.9,Room_A,BATCH_2024_Q1,C,%RH,True,20.95,57.9
SENSOR_000,2024-06-25 03:00:00,13.484260146908465,60.4,Room_A,BATCH_2024_Q1,C,%RH,True,21.52,60.4
SENSOR_000,2024-06-25 04:00:00,13.964260146908465,55.3,Room_A,BATCH_2024_Q1,C,%RH,True,22.0,55.3
SENSOR_000,2024-06-25 05:00:00,14.504260146908464,51.2,Room_A,BATCH_2024_Q1,C,%RH,True,22.54,51.2
SENSOR_000,2024-06-25 06:00:00,15.664260146908465,48.6,Room_A,BATCH_2024_Q1,C,%RH,True,23.7,48.6
SENSOR_000,2024-06-25 07:00:00,16.214260146908465,46.6,Room_A,BATCH_2024_Q1,C,%RH,True,24.25,46.6
SENSOR_000,2024-06-25 08:00:00,17.054260146908465,45.4,Room_A,BATCH_2024_Q1,C,%RH,True,25.09,45.4
SENSOR_000,2024-06-25 09:00:00,,42.1,Room_A,BATCH_2024_Q1,C,%RH,True,,42.1
SENSOR_000,2024-06-25 10:00:00,17.934260146908464,39.8,Room_A,BATCH_2024_Q1,C,%RH,True,25.97,39.8
SENSOR_000,2024-06-25 11:00:00,18.174260146908466,40.8,Room_A,BATCH_2024_Q1,C,%RH,True,26.21,40.8
SENSOR_000,2024-06-26 00:00:00,12.644260146908465,58.5,Room_A,BATCH_2024_Q1,C,%RH,True,20.68,58.5
SENSOR_000,2024-06-26 01:00:00,12.775371258019572,61.6,Room_A,BATCH_2024_Q1,F,%RH,True,20.811111111111106,61.6
SENSOR_000,2024-06-26 02:00:00,12.944260146908466,61.4,Room_A,BATCH_2024_Q1,C,%RH,True,20.98,61.4
SENSOR_000,2024-06-26 03:00:00,13.064260146908467,55.1,Room_A,BATCH_2024_Q1,C,%RH,True,21.1,55.1
SENSOR_000,2024-06-26 04:00:00,13.384260146908467,57.1,Room_A,BATCH_2024_Q1,C,%RH,True,21.42,57.1
SENSOR_000,2024-06-26 05:00:00,14.834260146908466,52.4,Room_A,BATCH_2024_Q1,C,%RH,True,22.87,52.4
SENSOR_000,2024-06-26 06:00:00,15.494260146908466,48.2,Room_A,BATCH_2024_Q1,C,%RH,True,23.53,48.2
SENSOR_000,2024-06-26 07:00:00,16.924260146908466,47.5,Room_A,BATCH_2024_Q1,C,%RH,True,24.96,47.5
SENSOR_000,2024-06-26 08:00:00,16.944260146908466,46.0,Room_A,BATCH_2024_Q1,C,%RH,True,24.98,46.0
SENSOR_000,2024-06-26 09:00:00,17.674260146908466,43.2,Room_A,BATCH_2024_Q1,C,%RH,True,25.71,43.2
SENSOR_000,2024-06-26 10:00:00,17.774260146908464,41.9,Room_A,BATCH_2024_Q1,C,%RH,True,25.81,41.9
SENSOR_000,2024-06-26 11:00:00,18.874260146908465,42.3,Room_A,BATCH_2024_Q1,C,%RH,True,26.91,42.3
SENSOR_000,2024-06-27 00:00:00,12.894260146908465,59.1,Room_A,BATCH_2024_Q1,C,%RH,True,20.93,59.1
SENSOR_000,2024-06-27 01:00:00,12.214260146908465,59.4,Room_A,BATCH_2024_Q1,C,%RH,True,20.25,59.4
SENSOR_000,2024-06-27 02:00:00,12.834260146908466,60.2,Room_A,BATCH_2024_Q1,C,%RH,True,20.87,60.2
SENSOR_000,2024-06-27 03:00:00,12.784260146908466,59.3,Room_A,BATCH_2024_Q1,C,%RH,True,20.82,59.3
SENSOR_000,2024-06-27 04:00:00,13.864260146908464,54.3,Room_A,BATCH_2024_Q1,C,%RH,True,21.9,54.3
SENSOR_000,2024-06-27 05:00:00,14.334260146908466,50.0,Room_A,BATCH_2024_Q1,C,%RH,True,22.37,50.0
SENSOR_000,2024-06-27 06:00:00,,50.0,Room_A,BATCH_2024_Q1,C,%RH,True,,50.0
SENSOR_000,2024-06-27 07:00:00,15.804260146908465,45.4,Room_A,BATCH_2024_Q1,C,%RH,True,23.84,45.4
SENSOR_000,2024-06-27 08:00:00,16.814260146908467,47.4,Room_A,BATCH_2024_Q1,°C,%RH,True,24.85,47.4
SENSOR_000,2024-06-27 09:00:00,17.454260146908464,40.6,Room_A,BATCH_2024_Q1,C,%RH,True,25.49,40.6
SENSOR_000,2024-06-27 10:00:00,17.934260146908464,40.8,Room_A,BATCH_2024_Q1,C,%RH,True,25.97,40.8
SENSOR_000,2024-06-27 11:00:00,17.504260146908464,40.2,Room_A,BATCH_2024_Q1,C,%RH,True,25.54,40.2
SENSOR_000,2024-06-28 00:00:00,12.344260146908464,60.9,Room_A,BATCH_2024_Q1,C,%RH,True,20.38,60.9
SENSOR_000,2024-06-28 01:00:00,13.074260146908465,61.2,Room_A,BATCH_2024_Q1,C,%RH,True,21.11,61.2
SENSOR_000,2024-06-28 02:00:00,12.734260146908465,56.9,Room_A,BATCH_2024_Q1,C,%RH,True,20.77,56.9
SENSOR_000,2024-06-28 03:00:00,14.064260146908467,57.1,Room_A,BATCH_2024_Q1,C,%RH,True,22.1,57.1
SENSOR_000,2024-06-28 04:00:00,13.914260146908465,54.9,Room_A,BATCH_2024_Q1,C,%RH,True,21.95,54.9
SENSOR_000,2024-06-28 05:00:00,14.694260146908466,52.3,Room_A,BATCH_2024_Q1,C,%RH,True,22.73,52.3
SENSOR_000,2024-06-28 06:00:00,15.244260146908466,49.1,Room_A,BATCH_2024_Q1,C,%RH,True,23.28,49.1
SENSOR_000,2024-06-28 07:00:00,16.184260146908464,46.5,Room_A,BATCH_2024_Q1,C,%RH,True,24.22,46.5
SENSOR_000,2024-06-28 08:00:00,16.704260146908464,45.1,Room_A,BATCH_2024_Q1,C,%RH,True,24.74,45.1
SENSOR_000,2024-06-28 09:00:00,17.454260146908464,45.1,Room_A,BATCH_2024_Q1,C,%RH,True,25.49,45.1
SENSOR_000,2024-06-28 10:00:00,17.214260146908465,42.9,Room_A,BATCH_2024_Q1,C,%RH,True,25.25,42.9
SENSOR_000,2024-06-28 11:00:00,18.684260146908464,37.1,Room_A,BATCH_2024_Q1,C,%RH,True,26.72,37.1
SENSOR_000,2024-06-29 00:00:00,12.314260146908467,59.3,Room_A,BATCH_2024_Q1,C,%RH,True,20.35,59.3
SENSOR_000,2024-06-29 01:00:00,12.094260146908464,58.4,Room_A,BATCH_2024_Q1,C,%RH,True,20.13,58.4
SENSOR_000,2024-06-29 02:00:00,12.484260146908465,61.2,Room_A,BATCH_2024_Q1,C,%RH,True,20.52,61.2
SENSOR_000,2024-06-29 03:00:00,13.574260146908465,58.9,Room_A,BATCH_2024_Q1,C,%RH,True,21.61,58.9
SENSOR_000,2024-06-29 04:00:00,14.134260146908467,53.2,Room_A,BATCH_2024_Q1,C,%RH,True,22.17,53.2
SENSOR_000,2024-06-29 05:00:00,14.484260146908465,53.2,Room_A,BATCH_2024_Q1,C,%RH,True,22.52,53.2
SENSOR_000,2024-06-29 06:00:00,15.044260146908464,51.0,Room_A,BATCH_2024_Q1,C,%RH,True,23.08,51.0
SENSOR_000,2024-06-29 07:00:00,16.114260146908464,46.7,Room_A,BATCH_2024_Q1,C,%RH,True,24.15,46.7
SENSOR_000,2024-06-29 08:00:00,17.124260146908465,45.6,Room_A,BATCH_2024_Q1,C,%RH,True,25.16,45.6
SENSOR_000,2024-06-29 09:00:00,,44.6,Room_A,BATCH_2024_Q1,C,%RH,True,,44.6
SENSOR_000,2024-06-29 10:00:00,17.684260146908464,42.2,Room_A,BATCH_2024_Q1,C,%RH,True,25.72,42.2
SENSOR_000,2024-06-29 11:00:00,18.494260146908466,39.8,Room_A,BATCH_2024_Q1,C,%RH,True,26.53,39.8
SENSOR_000,2024-06-30 00:00:00,12.514260146908466,58.0,Room_A,BATCH_2024_Q1,C,%RH,True,20.55,58.0
SENSOR_000,2024-06-30 01:00:00,12.794260146908464,59.3,Room_A,BATCH_2024_Q1,C,%RH,True,20.83,59.3
SENSOR_000,2024-06-30 02:00:00,12.654260146908467,60.1,Room_A,BATCH_2024_Q1,C,%RH,True,20.69,60.1
SENSOR_000,2024-06-30 03:00:00,13.084260146908466,54.9,Room_A,BATCH_2024_Q1,C,%RH,True,21.12,54.9
SENSOR_000,2024-06-30 04:00:00,13.444260146908466,55.8,Room_A,BATCH_2024_Q1,C,%RH,True,21.48,55.8
SENSOR_000,2024-06-30 05:00:00,14.254260146908464,55.1,Room_A,BATCH_2024_Q1,C,%RH,True,22.29,55.1
SENSOR_000,2024-06-30 06:00:00,14.784260146908466,52.4,Room_A,BATCH_2024_Q1,C,%RH,True,22.82,52.4
SENSOR_000,2024-06-30 07:00:00,16.254260146908464,47.2,Room_A,BATCH_2024_Q1,C,%RH,True,24.29,47.2
SENSOR_000,2024-06-30 08:00:00,16.754260146908464,45.5,Room_A,BATCH_2024_Q1,C,%RH,True,24.79,45.5
SENSOR_000,2024-06-30 09:00:00,17.524260146908464,44.5,Room_A,BATCH_2024_Q1,C,%RH,True,25.56,44.5
SENSOR_000,2024-06-30 10:00:00,18.044260146908464,41.5,Room_A,BATCH_2024_Q1,C,%RH,True,26.08,41.5
SENSOR_000,2024-06-30 11:00:00,,40.2,Room_A,BATCH_2024_Q1,°C,%RH,True,,40.2
SENSOR_001,2024-06-01 00:00:00,,57.9,Room_C,BATCH_2024_Q1,C,%RH,True,,57.9
SENSOR_001,2024-06-01 01:00:00,13.081185186519924,59.2,Room_C,BATCH_2024_Q1,C,%RH,True,20.75,59.2
SENSOR_001,2024-06-01 02:00:00,12.971185186519925,55.5,Room_C,BATCH_2024_Q1,C,%RH,True,20.64,55.5
SENSOR_001,2024-06-01 03:00:00,13.961185186519923,55.7,Room_C,BATCH_2024_Q1,C,%RH,True,21.63,55.7
SENSOR_001,2024-06-01 04:00:00,13.831185186519924,51.3,Room_C,BATCH_2024_Q1,C,%RH,True,21.5,51.3
SENSOR_001,2024-06-01 05:00:00,15.558962964297702,50.9,Room_C,BATCH_2024_Q1,F,%RH,True,23.227777777777778,50.9
SENSOR_001,2024-06-01 06:00:00,15.991185186519925,44.2,Room_C,BATCH_2024_Q1,C,%RH,True,23.66,44.2
SENSOR_001,2024-06-01 07:00:00,16.991185186519925,46.4,Room_C,BATCH_2024_Q1,C,%RH,True,24.66,46.4
SENSOR_001,2024-06-01 08:00:00,17.121185186519924,44.1,Room_C,BATCH_2024_Q1,C,%RH,True,24.79,44.1
SENSOR_001,2024-06-01 09:00:00,18.061185186519925,43.5,Room_C,BATCH_2024_Q1,C,%RH,True,25.73,43.5
SENSOR_001,2024-06-01 10:00:00,17.771185186519926,36.0,Room_C,BATCH_2024_Q1,C,%RH,True,25.44,36.0
SENSOR_001,2024-06-01 11:00:00,18.961185186519923,37.3,Room_C,BATCH_2024_Q1,C,%RH,True,26.63,37.3
SENSOR_001,2024-06-02 00:00:00,12.721185186519925,59.1,Room_C,BATCH_2024_Q1,C,%RH,True,20.39,59.1
SENSOR_001,2024-06-02 01:00:00,12.981185186519923,57.0,Room_C,BATCH_2024_Q1,C,%RH,True,20.65,57.0
SENSOR_001,2024-06-02 02:00:00,12.771185186519926,53.8,Room_C,BATCH_2024_Q1,C,%RH,True,20.44,53.8
SENSOR_001,2024-06-02 03:00:00,13.151185186519925,51.8,Room_C,BATCH_2024_Q1,C,%RH,True,20.82,51.8
SENSOR_001,2024-06-02 04:00:00,13.961185186519923,56.2,Room_C,BATCH_2024_Q1,°C,%RH,True,21.63,56.2
SENSOR_001,2024-06-02 05:00:00,15.071185186519923,56.4,Room_C,BATCH_2024_Q1,C,%RH,True,22.74,56.4
SENSOR_001,2024-06-02 06:00:00,16.421185186519924,48.6,Room_C,BATCH_2024_Q1,C,%RH,True,24.09,48.6
SENSOR_001,2024-06-02 07:00:00,16.691185186519924,46.5,Room_C,BATCH_2024_Q1,C,%RH,True,24.36,46.5
SENSOR_001,2024-06-02 08:00:00,17.721185186519925,42.6,Room_C,BATCH_2024_Q1,C,%RH,True,25.39,42.6
SENSOR_001,2024-06-02 09:00:00,18.711185186519923,40.6,Room_C,BATCH_2024_Q1,C,%RH,True,26.38,40.6
SENSOR_001,2024-06-02 10:00:00,18.731185186519923,40.7,Room_C,BATCH_2024_Q1,C,%RH,True,26.4,40.7
SENSOR_001,2024-06-02 11:00:00,18.451185186519925,43.4,Room_C,BATCH_2024_Q1,C,%RH,True,26.12,43.4
SENSOR_001,2024-06-03 00:00:00,12.551185186519923,59.6,Room_C,BATCH_2024_Q1,C,%RH,True,20.22,59.6
SENSOR_001,2024-06-03 01:00:00,13.631185186519925,55.4,Room_C,BATCH_2024_Q1,C,%RH,True,21.3,55.4
SENSOR_001,2024-06-03 02:00:00,13.971185186519925,56.9,Room_C,BATCH_2024_Q1,C,%RH,True,21.64,56.9
SENSOR_001,2024-06-03 03:00:00,14.101185186519924,52.8,Room_C,BATCH_2024_Q1,C,%RH,True,21.77,52.8
SENSOR_001,2024-06-03 04:00:00,14.361185186519926,53.3,Room_C,BATCH_2024_Q1,C,%RH,True,22.03,53.3
SENSOR_001,2024-06-03 05:00:00,15.501185186519926,52.0,Room_C,BATCH_2024_Q1,C,%RH,True,23.17,52.0
SENSOR_001,2024-06-03 06:00:00,15.701185186519925,,Room_C,BATCH_2024_Q1,C,%RH,True,23.37,
SENSOR_001,2024-06-03 07:00:00,16.391185186519923,48.7,Room_C,BATCH_2024_Q1,C,%RH,True,24.06,48.7
SENSOR_001,2024-06-03 08:00:00,17.181185186519926,43.8,Room_C,BATCH_2024_Q1,°C,%RH,True,24.85,43.8
SENSOR_001,2024-06-03 09:00:00,18.101185186519924,40.3,Room_C,BATCH_2024_Q1,C,%RH,True,25.77,40.3
SENSOR_001,2024-06-03 10:00:00,18.231185186519923,37.0,Room_C,BATCH_2024_Q1,C,%RH,True,25.9,37.0
SENSOR_001,2024-06-03 11:00:00,18.611185186519926,39.6,Room_C,BATCH_2024_Q1,C,%RH,True,26.28,39.6
SENSOR_001,2024-06-04 00:00:00,12.991185186519925,56.9,Room_C,BATCH_2024_Q1,C,%RH,True,20.66,56.9
SENSOR_001,2024-06-04 01:00:00,12.651185186519925,60.4,Room_C,BATCH_2024_Q1,C,%RH,True,20.32,60.4
SENSOR_001,2024-06-04 02:00:00,13.091185186519926,58.4,Room_C,BATCH_2024_Q1,C,%RH,True,20.76,58.4
SENSOR_001,2024-06-04 03:00:00,,54.8,Room_C,BATCH_2024_Q1,C,%RH,True,,54.8
SENSOR_001,2024-06-04 04:00:00,14.651185186519925,51.9,Room_C,BATCH_2024_Q1,C,%RH,True,22.32,51.9
SENSOR_001,2024-06-04 05:00:00,14.771185186519926,49.9,Room_C,BATCH_2024_Q1,C,%RH,True,22.44,49.9
SENSOR_001,2024-06-04 06:00:00,15.981185186519923,46.1,Room_C,BATCH_2024_Q1,C,%RH,True,23.65,46.1
SENSOR_001,2024-06-04 07:00:00,16.261185186519924,46.7,Room_C,BATCH_2024_Q1,C,%RH,True,23.93,46.7
SENSOR_001,2024-06-04 08:00:00,18.201185186519925,43.1,Room_C,BATCH_2024_Q1,C,%RH,True,25.87,43.1
SENSOR_001,2024-06-04 09:00:00,18.251185186519926,39.7,Room_C,BATCH_2024_Q1,C,%RH,True,25.92,39.7
SENSOR_001,2024-06-04 10:00:00,18.631185186519925,39.1,Room_C,BATCH_2024_Q1,C,%RH,True,26.3,39.1
SENSOR_001,2024-06-04 11:00:00,19.301185186519923,35.2,Room_C,BATCH_2024_Q1,C,%RH,True,26.97,35.2
SENSOR_001,2024-06-05 00:00:00,12.531185186519924,61.0,Room_C,BATCH_2024_Q1,C,%RH,True,20.2,61.0
SENSOR_001,2024-06-05 01:00:00,12.671185186519924,61.4,Room_C,BATCH_2024_Q1,C,%RH,True,20.34,61.4
SENSOR_001,2024-06-05 02:00:00,12.861185186519926,60.4,Room_C,BATCH_2024_Q1,C,%RH,True,20.53,60.4
SENSOR_001,2024-06-05 03:00:00,14.481185186519923,,Room_C,BATCH_2024_Q1,C,%RH,True,22.15,
SENSOR_001,2024-06-05 04:00:00,14.721185186519925,57.6,Room_C,BATCH_2024_Q1,C,%RH,True,22.39,57.6
SENSOR_001,2024-06-05 05:00:00,15.911185186519923,50.2,Room_C,BATCH_2024_Q1,C,%RH,True,23.58,50.2
SENSOR_001,2024-06-05 06:00:00,15.511185186519924,48.8,Room_C,BATCH_2024_Q1,C,%RH,True,23.18,48.8
SENSOR_001,2024-06-05 07:00:00,16.631185186519925,44.8,Room_C,BATCH_2024_Q1,C,%RH,True,24.3,44.8
SENSOR_001,2024-06-05 08:00:00,16.871185186519924,40.8,Room_C,BATCH_2024_Q1,C,%RH,True,24.54,40.8
SENSOR_001,2024-06-05 09:00:00,17.781185186519924,41.3,Room_C,BATCH_2024_Q1,C,%RH,True,25.45,41.3
SENSOR_001,2024-06-05 10:00:00,19.151185186519925,38.2,Room_C,BATCH_2024_Q1,C,%RH,True,26.82,38.2
SENSOR_001,2024-06-05 11:00:00,18.931185186519926,39.0,Room_C,BATCH_2024_Q1,C,%RH,True,26.6,39.0
SENSOR_001,2024-06-06 00:00:00,12.861185186519926,60.3,Room_C,BATCH_2024_Q1,C,%RH,True,20.53,60.3
SENSOR_001,2024-06-06 01:00:00,12.221185186519925,56.9,Room_C,BATCH_2024_Q1,C,%RH,True,19.89,56.9
SENSOR_001,2024-06-06 02:00:00,13.101185186519924,58.1,Room_C,BATCH_2024_Q1,C,%RH,True,20.77,58.1
SENSOR_001,2024-06-06 03:00:00,14.321185186519923,60.0,Room_C,BATCH_2024_Q1,C,%RH,True,21.99,60.0
SENSOR_001,2024-06-06 04:00:00,14.441185186519924,54.2,Room_C,BATCH_2024_Q1,C,%RH,True,22.11,54.2
SENSOR_001,2024-06-06 05:00:00,15.061185186519925,52.0,Room_C,BATCH_2024_Q1,C,%RH,True,22.73,52.0
SENSOR_001,2024-06-06 06:00:00,15.431185186519926,50.1,Room_C,BATCH_2024_Q1,C,%RH,True,23.1,50.1
SENSOR_001,2024-06-06 07:00:00,17.591185186519926,44.5,Room_C,BATCH_2024_Q1,C,%RH,True,25.26,44.5
SENSOR_001,2024-06-06 08:00:00,16.721185186519925,43.3,Room_C,BATCH_2024_Q1,C,%RH,True,24.39,43.3
SENSOR_001,2024-06-06 09:00:00,18.191185186519924,40.7,Room_C,BATCH_2024_Q1,C,%RH,True,25.86,40.7
SENSOR_001,2024-06-06 10:00:00,19.041185186519925,35.8,Room_C,BATCH_2024_Q1,C,%RH,True,26.71,35.8
SENSOR_001,2024-06-06 11:00:00,,40.4,Room_C,BATCH_2024_Q1,C,%RH,True,,40.4
SENSOR_001,2024-06-07 00:00:00,12.811185186519925,59.2,Room_C,BATCH_2024_Q1,C,%RH,True,20.48,59.2
SENSOR_001,2024-06-07 01:00:00,13.391185186519923,59.0,Room_C,BATCH_2024_Q1,C,%RH,True,21.06,59.0
SENSOR_001,2024-06-07 02:00:00,14.001185186519926,60.3,Room_C,BATCH_2024_Q1,C,%RH,True,21.67,60.3
SENSOR_001,2024-06-07 03:00:00,14.101185186519924,52.9,Room_C,BATCH_2024_Q1,C,%RH,True,21.77,52.9
SENSOR_001,2024-06-07 04:00:00,14.081185186519924,50.5,Room_C,BATCH_2024_Q1,C,%RH,True,21.75,50.5
SENSOR_001,2024-06-07 05:00:00,15.041185186519925,52.2,Room_C,BATCH_2024_Q1,C,%RH,True,22.71,52.2
SENSOR_001,2024-06-07 06:00:00,15.621185186519924,49.2,Room_C,BATCH_2024_Q1,C,%RH,True,23.29,49.2
SENSOR_001,2024-06-07 07:00:00,16.801185186519923,48.6,Room_C,BATCH_2024_Q1,C,%RH,True,24.47,48.6
SENSOR_001,2024-06-07 08:00:00,17.971185186519925,43.3,Room_C,BATCH_2024_Q1,C,%RH,True,25.64,43.3
SENSOR_001,2024-06-07 09:00:00,18.231185186519923,42.7,Room_C,BATCH_2024_Q1,C,%RH,True,25.9,42.7
SENSOR_001,2024-06-07 10:00:00,18.651185186519925,44.2,Room_C,BATCH_2024_Q1,C,%RH,True,26.32,44.2
SENSOR_001,2024-06-07 11:00:00,18.611185186519926,38.8,Room_C,BATCH_2024_Q1,C,%RH,True,26.28,38.8
SENSOR_001,2024-06-08 00:00:00,12.971185186519925,60.6,Room_C,BATCH_2024_Q1,C,%RH,True,20.64,60.6
SENSOR_001,2024-06-08 01:00:00,13.191185186519924,60.1,Room_C,BATCH_2024_Q1,C,%RH,True,20.86,60.1
SENSOR_001,2024-06-08 02:00:00,14.011185186519924,59.1,Room_C,BATCH_2024_Q1,C,%RH,True,21.68,59.1
SENSOR_001,2024-06-08 03:00:00,14.591185186519926,56.2,Room_C,BATCH_2024_Q1,C,%RH,True,22.26,56.2
SENSOR_001,2024-06-08 04:00:00,14.591185186519926,53.0,Room_C,BATCH_2024_Q1,C,%RH,True,22.26,53.0
SENSOR_001,2024-06-08 05:00:00,15.951185186519925,50.6,Room_C,BATCH_2024_Q1,C,%RH,True,23.62,50.6
SENSOR_001,2024-06-08 06:00:00,,47.6,Room_C,BATCH_2024_Q1,C,%RH,True,,47.6
SENSOR_001,2024-06-08 07:00:00,16.321185186519923,46.1,Room_C,BATCH_2024_Q1,C,%RH,True,23.99,46.1
SENSOR_001,2024-06-08 08:00:00,17.641185186519923,43.2,Room_C,BATCH_2024_Q1,C,%RH,True,25.31,43.2
SENSOR_001,2024-06-08 09:00:00,17.541185186519925,44.2,Room_C,BATCH_2024_Q1,C,%RH,True,25.21,44.2
SENSOR_001,2024-06-08 10:00:00,18.511185186519924,41.5,Room_C,BATCH_2024_Q1,C,%RH,True,26.18,41.5
SENSOR_001,2024-06-08 11:00:00,18.701185186519925,40.6,Room_C,BATCH_2024_Q1,C,%RH,True,26.37,40.6
SENSOR_001,2024-06-09 00:00:00,12.601185186519924,60.0,Room_C,BATCH_2024_Q1,C,%RH,True,20.27,60.0
SENSOR_001,2024-06-09 01:00:00,13.041185186519925,59.7,Room_C,BATCH_2024_Q1,C,%RH,True,20.71,59.7
SENSOR_001,2024-06-09 02:00:00,13.551185186519923,57.9,Room_C,BATCH_2024_Q1,C,%RH,True,21.22,57.9
SENSOR_001,2024-06-09 03:00:00,13.181185186519926,,Room_C,BATCH_2024_Q1,C,%RH,True,20.85,
SENSOR_001,2024-06-09 04:00:00,14.581185186519924,50.7,Room_C,BATCH_2024_Q1,C,%RH,True,22.25,50.7
SENSOR_001,2024-06-09 05:00:00,14.741185186519925,51.0,Room_C,BATCH_2024_Q1,C,%RH,True,22.41,51.0
SENSOR_001,2024-06-09 06:00:00,16.301185186519923,45.7,Room_C,BATCH_2024_Q1,C,%RH,True,23.97,45.7
SENSOR_001,2024-06-09 07:00:00,16.331185186519924,45.8,Room_C,BATCH_2024_Q1,C,%RH,True,24.0,45.8
SENSOR_001,2024-06-09 08:00:00,18.261185186519924,42.0,Room_C,BATCH_2024_Q1,C,%RH,True,25.93,42.0
SENSOR_001,2024-06-09 09:00:00,17.441185186519924,44.0,Room_C,BATCH_2024_Q1,C,%RH,True,25.11,44.0
SENSOR_001,2024-06-09 10:00:00,17.991185186519925,35.4,Room_C,BATCH_2024_Q1,C,%RH,True,25.66,35.4
SENSOR_001,2024-06-09 11:00:00,18.551185186519923,38.8,Room_C,BATCH_2024_Q1,C,%RH,True,26.22,38.8
SENSOR_001,2024-06-10 00:00:00,12.411185186519923,58.4,Room_C,BATCH_2024_Q1,C,%RH,True,20.08,58.4
SENSOR_001,2024-06-10 01:00:00,12.791185186519925,125.68089509420044,Room_C,BATCH_2024_Q1,C,%RH,True,20.46,125.68089509420044
SENSOR_001,2024-06-10 02:00:00,12.721185186519925,57.0,Room_C,BATCH_2024_Q1,C,%RH,True,20.39,57.0
SENSOR_001,2024-06-10 03:00:00,13.611185186519926,55.6,Room_C,BATCH_2024_Q1,C,%RH,True,21.28,55.6
SENSOR_001,2024-06-10 04:00:00,15.131185186519925,51.3,Room_C,BATCH_2024_Q1,C,%RH,True,22.8,51.3
SENSOR_001,2024-06-10 05:00:00,14.611185186519926,49.9,Room_C,BATCH_2024_Q1,C,%RH,True,22.28,49.9
SENSOR_001,2024-06-10 06:00:00,15.821185186519923,48.5,Room_C,BATCH_2024_Q1,C,%RH,True,23.49,48.5
SENSOR_001,2024-06-10 07:00:00,16.521185186519926,48.3,Room_C,BATCH_2024_Q1,C,%RH,True,24.19,48.3
SENSOR_001,2024-06-10 08:00:00,16.991185186519925,46.4,Room_C,BATCH_2024_Q1,C,%RH,True,24.66,46.4
SENSOR_001,2024-06-10 09:00:00,17.611185186519926,42.9,Room_C,BATCH_2024_Q1,C,%RH,True,25.28,42.9
SENSOR_001,2024-06-10 10:00:00,18.981185186519923,41.5,Room_C,BATCH_2024_Q1,C,%RH,True,26.65,41.5
SENSOR_001,2024-06-10 11:00:00,18.551185186519923,40.0,Room_C,BATCH_2024_Q1,C,%RH,True,26.22,40.0
SENSOR_001,2024-06-11 00:00:00,13.381185186519925,59.9,Room_C,BATCH_2024_Q1,C,%RH,True,21.05,59.9
SENSOR_001,2024-06-11 01:00:00,12.721185186519925,57.6,Room_C,BATCH_2024_Q1,C,%RH,True,20.39,57.6
SENSOR_001,2024-06-11 02:00:00,12.941185186519924,60.4,Room_C,BATCH_2024_Q1,C,%RH,True,20.61,60.4
SENSOR_001,2024-06-11 03:00:00,13.711185186519923,58.1,Room_C,BATCH_2024_Q1,C,%RH,True,21.38,58.1
SENSOR_001,2024-06-11 04:00:00,14.581185186519924,52.9,Room_C,BATCH_2024_Q1,C,%RH,True,22.25,52.9
SENSOR_001,2024-06-11 05:00:00,14.991185186519925,52.0,Room_C,BATCH_2024_Q1,C,%RH,True,22.66,52.0
SENSOR_001,2024-06-11 06:00:00,16.131185186519925,48.1,Room_C,BATCH_2024_Q1,C,%RH,True,23.8,48.1
SENSOR_001,2024-06-11 07:00:00,16.401185186519925,41.4,Room_C,BATCH_2024_Q1,C,%RH,True,24.07,41.4
SENSOR_001,2024-06-11 08:00:00,17.141185186519923,39.0,Room_C,BATCH_2024_Q1,C,%RH,True,24.81,39.0
SENSOR_001,2024-06-11 09:00:00,17.151185186519925,42.9,Room_C,BATCH_2024_Q1,C,%RH,True,24.82,42.9
SENSOR_001,2024-06-11 10:00:00,19.201185186519925,41.4,Room_C,BATCH_2024_Q1,C,%RH,True,26.87,41.4
SENSOR_001,2024-06-11 11:00:00,18.591185186519926,37.5,Room_C,BATCH_2024_Q1,C,%RH,True,26.26,37.5
SENSOR_001,2024-06-12 00:00:00,13.371185186519924,56.6,Room_C,BATCH_2024_Q1,C,%RH,True,21.04,56.6
SENSOR_001,2024-06-12 01:00:00,13.941185186519924,57.8,Room_C,BATCH_2024_Q1,C,%RH,True,21.61,57.8
SENSOR_001,2024-06-12 02:00:00,13.451185186519925,59.2,Room_C,BATCH_2024_Q1,C,%RH,True,21.12,59.2
SENSOR_001,2024-06-12 03:00:00,13.711185186519923,54.2,Room_C,BATCH_2024_Q1,C,%RH,True,21.38,54.2
SENSOR_001,2024-06-12 04:00:00,14.511185186519924,50.7,Room_C,BATCH_2024_Q1,C,%RH,True,22.18,50.7
SENSOR_001,2024-06-12 05:00:00,14.661185186519923,50.9,Room_C,BATCH_2024_Q1,C,%RH,True,22.33,50.9
SENSOR_001,2024-06-12 06:00:00,105.29474072605856,51.3,Room_C,BATCH_2024_Q1,C,%RH,True,112.96355553953863,51.3
SENSOR_001,2024-06-12 07:00:00,16.101185186519924,47.4,Room_C,BATCH_2024_Q1,C,%RH,True,23.77,47.4
SENSOR_001,2024-06-12 08:00:00,17.981185186519923,45.5,Room_C,BATCH_2024_Q1,C,%RH,True,25.65,45.5
SENSOR_001,2024-06-12 09:00:00,17.631185186519925,40.7,Room_C,BATCH_2024_Q1,C,%RH,True,25.3,40.7
SENSOR_001,2024-06-12 10:00:00,18.341185186519926,41.2,Room_C,BATCH_2024_Q1,C,%RH,True,26.01,41.2
SENSOR_001,2024-06-12 11:00:00,19.491185186519925,38.2,Room_C,BATCH_2024_Q1,C,%RH,True,27.16,38.2
SENSOR_001,2024-06-13 00:00:00,12.741185186519925,56.9,Room_C,BATCH_2024_Q1,C,%RH,True,20.41,56.9
SENSOR_001,2024-06-13 01:00:00,13.671185186519924,57.2,Room_C,BATCH_2024_Q1,C,%RH,True,21.34,57.2
SENSOR_001,2024-06-13 02:00:00,13.731185186519923,57.3,Room_C,BATCH_2024_Q1,C,%RH,True,21.4,57.3
SENSOR_001,2024-06-13 03:00:00,14.551185186519923,56.0,Room_C,BATCH_2024_Q1,C,%RH,True,22.22,56.0
SENSOR_001,2024-06-13 04:00:00,14.331185186519924,53.2,Room_C,BATCH_2024_Q1,C,%RH,True,22.0,53.2
SENSOR_001,2024-06-13 05:00:00,15.231185186519923,52.2,Room_C,BATCH_2024_Q1,C,%RH,True,22.9,52.2
SENSOR_001,2024-06-13 06:00:00,15.611185186519926,47.1,Room_C,BATCH_2024_Q1,C,%RH,True,23.28,47.1
SENSOR_001,2024-06-13 07:00:00,16.791185186519925,50.1,Room_C,BATCH_2024_Q1,C,%RH,True,24.46,50.1
SENSOR_001,2024-06-13 08:00:00,17.671185186519924,46.0,Room_C,BATCH_2024_Q1,C,%RH,True,25.34,46.0
SENSOR_001,2024-06-13 09:00:00,17.741185186519925,42.3,Room_C,BATCH_2024_Q1,C,%RH,True,25.41,42.3
SENSOR_001,2024-06-13 10:00:00,18.961185186519923,39.4,Room_C,BATCH_2024_Q1,C,%RH,True,26.63,39.4
SENSOR_001,2024-06-13 11:00:00,18.391185186519923,35.1,Room_C,BATCH_2024_Q1,C,%RH,True,26.06,35.1
SENSOR_001,2024-06-14 00:00:00,12.581185186519924,59.4,Room_C,BATCH_2024_Q1,C,%RH,True,20.25,59.4
SENSOR_001,2024-06-14 01:00:00,13.081185186519924,60.6,Room_C,BATCH_2024_Q1,C,%RH,True,20.75,60.6
SENSOR_001,2024-06-14 02:00:00,12.601185186519924,54.8,Room_C,BATCH_2024_Q1,C,%RH,True,20.27,54.8
SENSOR_001,2024-06-14 03:00:00,13.451185186519925,58.8,Room_C,BATCH_2024_Q1,C,%RH,True,21.12,58.8
SENSOR_001,2024-06-14 04:00:00,15.341185186519926,52.5,Room_C,BATCH_2024_Q1,C,%RH,True,23.01,52.5
SENSOR_001,2024-06-14 05:00:00,15.341185186519926,49.4,Room_C,BATCH_2024_Q1,C,%RH,True,23.01,49.4
SENSOR_001,2024-06-14 06:00:00,15.461185186519923,50.7,Room_C,BATCH_2024_Q1,C,%RH,True,23.13,50.7
SENSOR_001,2024-06-14 07:00:00,16.421185186519924,45.2,Room_C,BATCH_2024_Q1,C,%RH,True,24.09,45.2
SENSOR_001,2024-06-14 08:00:00,18.111185186519926,45.5,Room_C,BATCH_2024_Q1,C,%RH,True,25.78,45.5
SENSOR_001,2024-06-14 09:00:00,17.361185186519926,40.9,Room_C,BATCH_2024_Q1,C,%RH,True,25.03,40.9
SENSOR_001,2024-06-14 10:00:00,18.761185186519924,39.9,Room_C,BATCH_2024_Q1,C,%RH,True,26.43,39.9
SENSOR_001,2024-06-14 11:00:00,18.261185186519924,36.8,Room_C,BATCH_2024_Q1,C,%RH,True,25.93,36.8
SENSOR_001,2024-06-15 00:00:00,12.461185186519923,61.6,Room_C,BATCH_2024_Q1,C,%RH,True,20.13,61.6
SENSOR_001,2024-06-15 01:00:00,13.311185186519925,57.9,Room_C,BATCH_2024_Q1,C,%RH,True,20.98,57.9
SENSOR_001,2024-06-15 02:00:00,13.041185186519925,52.3,Room_C,BATCH_2024_Q1,C,%RH,True,20.71,52.3
SENSOR_001,2024-06-15 03:00:00,14.301185186519923,53.1,Room_C,BATCH_2024_Q1,C,%RH,True,21.97,53.1
SENSOR_001,2024-06-15 04:00:00,14.341185186519926,53.0,Room_C,BATCH_2024_Q1,°C,%RH,True,22.01,53.0
SENSOR_001,2024-06-15 05:00:00,15.121185186519924,51.0,Room_C,BATCH_2024_Q1,C,%RH,True,22.79,51.0
SENSOR_001,2024-06-15 06:00:00,16.021185186519926,48.5,Room_C,BATCH_2024_Q1,C,%RH,True,23.69,48.5
SENSOR_001,2024-06-15 07:00:00,16.831185186519924,45.0,Room_C,BATCH_2024_Q1,C,%RH,True,24.5,45.0
SENSOR_001,2024-06-15 08:00:00,17.071185186519923,41.0,Room_C,BATCH_2024_Q1,C,%RH,True,24.74,41.0
SENSOR_001,2024-06-15 09:00:00,18.661185186519923,41.4,Room_C,BATCH_2024_Q1,C,%RH,True,26.33,41.4
SENSOR_001,2024-06-15 10:00:00,17.721185186519925,37.7,Room_C,BATCH_2024_Q1,C,%RH,True,25.39,37.7
SENSOR_001,2024-06-15 11:00:00,18.791185186519925,38.9,Room_C,BATCH_2024_Q1,C,%RH,True,26.46,38.9
SENSOR_001,2024-06-16 00:00:00,12.621185186519924,57.2,Room_C,BATCH_2024_Q1,C,%RH,True,20.29,57.2
SENSOR_001,2024-06-16 01:00:00,12.891185186519923,59.4,Room_C,BATCH_2024_Q1,C,%RH,True,20.56,59.4
SENSOR_001,2024-06-16 02:00:00,13.791185186519925,56.0,Room_C,BATCH_2024_Q1,C,%RH,True,21.46,56.0
SENSOR_001,2024-06-16 03:00:00,14.401185186519925,55.7,Room_C,BATCH_2024_Q1,C,%RH,True,22.07,55.7
SENSOR_001,2024-06-16 04:00:00,14.791185186519925,52.6,Room_C,BATCH_2024_Q1,C,%RH,True,22.46,52.6
SENSOR_001,2024-06-16 05:00:00,14.981185186519923,52.2,Room_C,BATCH_2024_Q1,C,%RH,True,22.65,52.2
SENSOR_001,2024-06-16 06:00:00,16.051185186519923,48.3,Room_C,BATCH_2024_Q1,C,%RH,True,23.72,48.3
SENSOR_001,2024-06-16 07:00:00,16.701185186519925,44.2,Room_C,BATCH_2024_Q1,C,%RH,True,24.37,44.2
SENSOR_001,2024-06-16 08:00:00,17.381185186519925,41.4,Room_C,BATCH_2024_Q1,C,%RH,True,25.05,41.4
SENSOR_001,2024-06-16 09:00:00,18.251185186519926,42.9,Room_C,BATCH_2024_Q1,C,%RH,True,25.92,42.9
SENSOR_001,2024-06-16 10:00:00,18.741185186519925,36.1,Room_C,BATCH_2024_Q1,C,%RH,True,26.41,36.1
SENSOR_001,2024-06-16 11:00:00,19.601185186519924,38.3,Room_C,BATCH_2024_Q1,C,%RH,True,27.27,38.3
SENSOR_001,2024-06-17 00:00:00,12.901185186519925,55.1,Room_C,BATCH_2024_Q1,C,%RH,True,20.57,55.1
SENSOR_001,2024-06-17 01:00:00,13.131185186519925,55.1,Room_C,BATCH_2024_Q1,C,%RH,True,20.8,55.1
SENSOR_001,2024-06-17 02:00:00,12.991185186519925,61.8,Room_C,BATCH_2024_Q1,C,%RH,True,20.66,61.8
SENSOR_001,2024-06-17 03:00:00,13.681185186519926,55.4,Room_C,BATCH_2024_Q1,C,%RH,True,21.35,55.4
SENSOR_001,2024-06-17 04:00:00,14.311185186519925,53.7,Room_C,BATCH_2024_Q1,C,%RH,True,21.98,53.7
SENSOR_001,2024-06-17 05:00:00,15.641185186519923,49.7,Room_C,BATCH_2024_Q1,C,%RH,True,23.31,49.7
SENSOR_001,2024-06-17 06:00:00,17.041185186519925,46.9,Room_C,BATCH_2024_Q1,C,%RH,True,24.71,46.9
SENSOR_001,2024-06-17 07:00:00,16.461185186519923,47.9,Room_C,BATCH_2024_Q1,C,%RH,True,24.13,47.9
SENSOR_001,2024-06-17 08:00:00,17.441185186519924,43.8,Room_C,BATCH_2024_Q1,C,%RH,True,25.11,43.8
SENSOR_001,2024-06-17 09:00:00,18.431185186519926,41.7,Room_C,BATCH_2024_Q1,C,%RH,True,26.1,41.7
SENSOR_001,2024-06-17 10:00:00,19.481185186519923,38.8,Room_C,BATCH_2024_Q1,C,%RH,True,27.15,38.8
SENSOR_001,2024-06-17 11:00:00,18.691185186519924,36.9,Room_C,BATCH_2024_Q1,C,%RH,True,26.36,36.9
SENSOR_001,2024-06-18 00:00:00,13.091185186519926,57.7,Room_C,BATCH_2024_Q1,C,%RH,True,20.76,57.7
SENSOR_001,2024-06-18 01:00:00,13.591185186519926,60.0,Room_C,BATCH_2024_Q1,C,%RH,True,21.26,60.0
SENSOR_001,2024-06-18 02:00:00,13.661185186519923,58.1,Room_C,BATCH_2024_Q1,C,%RH,True,21.33,58.1
SENSOR_001,2024-06-18 03:00:00,13.341185186519926,58.6,Room_C,BATCH_2024_Q1,C,%RH,True,21.01,58.6
SENSOR_001,2024-06-18 04:00:00,14.981185186519923,51.6,Room_C,BATCH_2024_Q1,C,%RH,True,22.65,51.6
SENSOR_001,2024-06-18 05:00:00,15.391185186519923,50.6,Room_C,BATCH_2024_Q1,C,%RH,True,23.06,50.6
SENSOR_001,2024-06-18 06:00:00,15.791185186519925,50.6,Room_C,BATCH_2024_Q1,C,%RH,True,23.46,50.6
SENSOR_001,2024-06-18 07:00:00,16.691185186519924,46.5,Room_C,BATCH_2024_Q1,C,%RH,True,24.36,46.5
SENSOR_001,2024-06-18 08:00:00,17.361185186519926,45.0,Room_C,BATCH_2024_Q1,C,%RH,True,25.03,45.0
SENSOR_001,2024-06-18 09:00:00,17.511185186519924,37.9,Room_C,BATCH_2024_Q1,C,%RH,True,25.18,37.9
SENSOR_001,2024-06-18 10:00:00,19.431185186519926,38.6,Room_C,BATCH_2024_Q1,C,%RH,True,27.1,38.6
SENSOR_001,2024-06-18 11:00:00,18.211185186519923,37.4,Room_C,BATCH_2024_Q1,C,%RH,True,25.88,37.4
SENSOR_001,2024-06-19 00:00:00,12.831185186519924,54.9,Room_C,BATCH_2024_Q1,C,%RH,True,20.5,54.9
SENSOR_001,2024-06-19 01:00:00,13.581185186519924,58.4,Room_C,BATCH_2024_Q1,C,%RH,True,21.25,58.4
SENSOR_001,2024-06-19 02:00:00,12.941185186519924,62.2,Room_C,BATCH_2024_Q1,C,%RH,True,20.61,62.2
SENSOR_001,2024-06-19 03:00:00,13.661185186519923,56.9,Room_C,BATCH_2024_Q1,C,%RH,True,21.33,56.9
SENSOR_001,2024-06-19 04:00:00,13.371185186519924,57.2,Room_C,BATCH_2024_Q1,C,%RH,True,21.04,57.2
SENSOR_001,2024-06-19 05:00:00,15.101185186519924,48.8,Room_C,BATCH_2024_Q1,C,%RH,True,22.77,48.8
SENSOR_001,2024-06-19 06:00:00,15.961185186519923,53.4,Room_C,BATCH_2024_Q1,C,%RH,True,23.63,53.4
SENSOR_001,2024-06-19 07:00:00,17.291185186519925,45.4,Room_C,BATCH_2024_Q1,C,%RH,True,24.96,45.4
SENSOR_001,2024-06-19 08:00:00,17.431185186519926,43.4,Room_C,BATCH_2024_Q1,C,%RH,True,25.1,43.4
SENSOR_001,2024-06-19 09:00:00,18.751185186519926,41.2,Room_C,BATCH_2024_Q1,C,%RH,True,26.42,41.2
SENSOR_001,2024-06-19 10:00:00,18.551185186519923,38.2,Room_C,BATCH_2024_Q1,C,%RH,True,26.22,38.2
SENSOR_001,2024-06-19 11:00:00,18.531185186519924,37.0,Room_C,BATCH_2024_Q1,C,%RH,True,26.2,37.0
SENSOR_001,2024-06-20 00:00:00,12.761185186519924,58.0,Room_C,BATCH_2024_Q1,C,%RH,True,20.43,58.0
SENSOR_001,2024-06-20 01:00:00,13.031185186519924,58.2,Room_C,BATCH_2024_Q1,C,%RH,True,20.7,58.2
SENSOR_001,2024-06-20 02:00:00,,61.2,Room_C,BATCH_2024_Q1,C,%RH,True,,61.2
SENSOR_001,2024-06-20 03:00:00,14.061185186519925,51.6,Room_C,BATCH_2024_Q1,C,%RH,True,21.73,51.6
SENSOR_001,2024-06-20 04:00:00,13.851185186519924,55.2,Room_C,BATCH_2024_Q1,C,%RH,True,21.52,55.2
SENSOR_001,2024-06-20 05:00:00,14.931185186519926,52.1,Room_C,BATCH_2024_Q1,C,%RH,True,22.6,52.1
SENSOR_001,2024-06-20 06:00:00,15.581185186519924,45.5,Room_C,BATCH_2024_Q1,C,%RH,True,23.25,45.5
SENSOR_001,2024-06-20 07:00:00,16.581185186519924,43.5,Room_C,BATCH_2024_Q1,C,%RH,True,24.25,43.5
SENSOR_001,2024-06-20 08:00:00,17.291185186519925,43.4,Room_C,BATCH_2024_Q1,C,%RH,True,24.96,43.4
SENSOR_001,2024-06-20 09:00:00,17.501185186519926,42.3,Room_C,BATCH_2024_Q1,C,%RH,True,25.17,42.3
SENSOR_001,2024-06-20 10:00:00,18.611185186519926,39.2,Room_C,BATCH_2024_Q1,C,%RH,True,26.28,39.2
SENSOR_001,2024-06-21 00:00:00,13.051185186519923,57.5,Room_C,BATCH_2024_Q1,C,%RH,True,20.72,57.5
SENSOR_001,2024-06-21 01:00:00,13.261185186519924,60.2,Room_C,BATCH_2024_Q1,C,%RH,True,20.93,60.2
SENSOR_001,2024-06-21 02:00:00,13.721185186519925,55.8,Room_C,BATCH_2024_Q1,C,%RH,True,21.39,55.8
SENSOR_001,2024-06-21 03:00:00,13.471185186519925,55.0,Room_C,BATCH_2024_Q1,C,%RH,True,21.14,55.0
SENSOR_001,2024-06-21 04:00:00,14.001185186519926,56.2,Room_C,BATCH_2024_Q1,C,%RH,True,21.67,56.2
SENSOR_001,2024-06-21 05:00:00,14.731185186519923,48.1,Room_C,BATCH_2024_Q1,C,%RH,True,22.4,48.1
SENSOR_001,2024-06-21 06:00:00,15.611185186519926,49.1,Room_C,BATCH_2024_Q1,C,%RH,True,23.28,49.1
SENSOR_001,2024-06-21 07:00:00,16.731185186519923,48.2,Room_C,BATCH_2024_Q1,C,%RH,True,24.4,48.2
SENSOR_001,2024-06-21 08:00:00,17.681185186519926,44.2,Room_C,BATCH_2024_Q1,C,%RH,True,25.35,44.2
SENSOR_001,2024-06-21 09:00:00,17.761185186519924,44.7,Room_C,BATCH_2024_Q1,C,%RH,True,25.43,44.7
SENSOR_001,2024-06-21 10:00:00,18.031185186519924,41.6,Room_C,BATCH_2024_Q1,C,%RH,True,25.7,41.6
SENSOR_001,2024-06-21 11:00:00,19.201185186519925,38.2,Room_C,BATCH_2024_Q1,C,%RH,True,26.87,38.2
SENSOR_001,2024-06-22 00:00:00,12.771185186519926,57.1,Room_C,BATCH_2024_Q1,C,%RH,True,20.44,57.1
SENSOR_001,2024-06-22 01:00:00,,59.3,Room_C,BATCH_2024_Q1,C,%RH,True,,59.3
SENSOR_001,2024-06-22 02:00:00,13.621185186519924,60.7,Room_C,BATCH_2024_Q1,C,%RH,True,21.29,60.7
SENSOR_001,2024-06-22 03:00:00,13.501185186519926,55.3,Room_C,BATCH_2024_Q1,C,%RH,True,21.17,55.3
SENSOR_001,2024-06-22 04:00:00,14.431185186519926,58.1,Room_C,BATCH_2024_Q1,C,%RH,True,22.1,58.1
SENSOR_001,2024-06-22 05:00:00,15.191185186519924,52.6,Room_C,BATCH_2024_Q1,C,%RH,True,22.86,52.6
SENSOR_001,2024-06-22 06:00:00,16.191185186519924,46.9,Room_C,BATCH_2024_Q1,C,%RH,True,23.86,46.9
SENSOR_001,2024-06-22 07:00:00,17.131185186519925,49.2,Room_C,BATCH_2024_Q1,C,%RH,True,24.8,49.2
SENSOR_001,2024-06-22 08:00:00,17.271185186519926,43.4,Room_C,BATCH_2024_Q1,C,%RH,True,24.94,43.4
SENSOR_001,2024-06-22 09:00:00,17.641185186519923,40.2,Room_C,BATCH_2024_Q1,C,%RH,True,25.31,40.2
SENSOR_001,2024-06-22 10:00:00,18.211185186519923,37.4,Room_C,BATCH_2024_Q1,C,%RH,True,25.88,37.4
SENSOR_001,2024-06-22 11:00:00,18.361185186519926,39.5,Room_C,BATCH_2024_Q1,C,%RH,True,26.03,39.5
SENSOR_001,2024-06-23 00:00:00,13.131185186519925,57.2,Room_C,BATCH_2024_Q1,C,%RH,True,20.8,57.2
SENSOR_001,2024-06-23 01:00:00,12.881185186519925,59.7,Room_C,BATCH_2024_Q1,C,%RH,True,20.55,59.7
SENSOR_001,2024-06-23 02:00:00,12.951185186519925,56.7,Room_C,BATCH_2024_Q1,C,%RH,True,20.62,56.7
SENSOR_001,2024-06-23 03:00:00,13.881185186519925,52.7,Room_C,BATCH_2024_Q1,C,%RH,True,21.55,52.7
SENSOR_001,2024-06-23 04:00:00,14.881185186519925,54.9,Room_C,BATCH_2024_Q1,C,%RH,True,22.55,54.9
SENSOR_001,2024-06-23 05:00:00,15.401185186519925,49.6,Room_C,BATCH_2024_Q1,C,%RH,True,23.07,49.6
SENSOR_001,2024-06-23 06:00:00,16.051185186519923,49.2,Room_C,BATCH_2024_Q1,C,%RH,True,23.72,49.2
SENSOR_001,2024-06-23 07:00:00,16.631185186519925,42.8,Room_C,BATCH_2024_Q1,C,%RH,True,24.3,42.8
SENSOR_001,2024-06-23 08:00:00,17.191185186519924,42.3,Room_C,BATCH_2024_Q1,C,%RH,True,24.86,42.3
SENSOR_001,2024-06-23 09:00:00,18.421185186519924,39.7,Room_C,BATCH_2024_Q1,C,%RH,True,26.09,39.7
SENSOR_001,2024-06-23 10:00:00,17.821185186519923,43.0,Room_C,BATCH_2024_Q1,C,%RH,True,25.49,43.0
SENSOR_001,2024-06-23 11:00:00,19.381185186519925,41.2,Room_C,BATCH_2024_Q1,C,%RH,True,27.05,41.2
SENSOR_001,2024-06-24 00:00:00,12.381185186519925,58.4,Room_C,BATCH_2024_Q1,C,%RH,True,20.05,58.4
SENSOR_001,2024-06-24 01:00:00,,58.9,Room_C,BATCH_2024_Q1,C,%RH,True,,58.9
SENSOR_001,2024-06-24 02:00:00,13.641185186519923,57.8,Room_C,BATCH_2024_Q1,C,%RH,True,21.31,57.8
SENSOR_001,2024-06-24 03:00:00,13.681185186519926,56.0,Room_C,BATCH_2024_Q1,C,%RH,True,21.35,56.0
SENSOR_001,2024-06-24 04:00:00,13.961185186519923,52.6,Room_C,BATCH_2024_Q1,C,%RH,True,21.63,52.6
SENSOR_001,2024-06-24 05:00:00,15.041185186519925,53.0,Room_C,BATCH_2024_Q1,C,%RH,True,22.71,53.0
SENSOR_001,2024-06-24 06:00:00,15.601185186519924,45.8,Room_C,BATCH_2024_Q1,C,%RH,True,23.27,45.8
SENSOR_001,2024-06-24 07:00:00,16.621185186519924,46.6,Room_C,BATCH_2024_Q1,°C,%RH,True,24.29,46.6
SENSOR_001,2024-06-24 08:00:00,16.961185186519923,40.1,Room_C,BATCH_2024_Q1,C,%RH,True,24.63,40.1
SENSOR_001,2024-06-24 09:00:00,18.231185186519923,45.5,Room_C,BATCH_2024_Q1,C,%RH,True,25.9,45.5
SENSOR_001,2024-06-24 10:00:00,18.241185186519925,41.8,Room_C,BATCH_2024_Q1,C,%RH,True,25.91,41.8
SENSOR_001,2024-06-24 11:00:00,19.021185186519926,40.4,Room_C,BATCH_2024_Q1,C,%RH,True,26.69,40.4
SENSOR_001,2024-06-25 00:00:00,13.371185186519924,58.6,Room_C,BATCH_2024_Q1,C,%RH,True,21.04,58.6
SENSOR_001,2024-06-25 01:00:00,12.811185186519925,60.5,Room_C,BATCH_2024_Q1,C,%RH,True,20.48,60.5
SENSOR_001,2024-06-25 02:00:00,13.601185186519924,58.1,Room_C,BATCH_2024_Q1,C,%RH,True,21.27,58.1
SENSOR_001,2024-06-25 03:00:00,13.991185186519925,55.6,Room_C,BATCH_2024_Q1,C,%RH,True,21.66,55.6
SENSOR_001,2024-06-25 04:00:00,14.751185186519926,52.5,Room_C,BATCH_2024_Q1,C,%RH,True,22.42,52.5
SENSOR_001,2024-06-25 05:00:00,15.171185186519924,50.5,Room_C,BATCH_2024_Q1,C,%RH,True,22.84,50.5
SENSOR_001,2024-06-25 06:00:00,16.561185186519925,50.8,Room_C,BATCH_2024_Q1,C,%RH,True,24.23,50.8
SENSOR_001,2024-06-25 07:00:00,16.341185186519926,48.6,Room_C,BATCH_2024_Q1,C,%RH,True,24.01,48.6
SENSOR_001,2024-06-25 08:00:00,18.041185186519925,44.3,Room_C,BATCH_2024_Q1,C,%RH,True,25.71,44.3
SENSOR_001,2024-06-25 09:00:00,17.591185186519926,38.0,Room_C,BATCH_2024_Q1,C,%RH,True,25.26,38.0
SENSOR_001,2024-06-25 10:00:00,18.251185186519926,40.1,Room_C,BATCH_2024_Q1,°C,%RH,True,25.92,40.1
SENSOR_001,2024-06-25 11:00:00,,36.6,Room_C,BATCH_2024_Q1,C,%RH,True,,36.6
SENSOR_001,2024-06-26 00:00:00,12.851185186519924,60.1,Room_C,BATCH_2024_Q1,C,%RH,True,20.52,60.1
SENSOR_001,2024-06-26 01:00:00,13.381185186519925,60.8,Room_C,BATCH_2024_Q1,C,%RH,True,21.05,60.8
SENSOR_001,2024-06-26 02:00:00,13.011185186519924,52.7,Room_C,BATCH_2024_Q1,C,%RH,True,20.68,52.7
SENSOR_001,2024-06-26 03:00:00,13.971185186519925,54.9,Room_C,BATCH_2024_Q1,C,%RH,True,21.64,54.9
SENSOR_001,2024-06-26 04:00:00,14.461185186519923,53.9,Room_C,BATCH_2024_Q1,C,%RH,True,22.13,53.9
SENSOR_001,2024-06-26 05:00:00,15.971185186519925,51.5,Room_C,BATCH_2024_Q1,C,%RH,True,23.64,51.5
SENSOR_001,2024-06-26 06:00:00,16.341185186519926,50.3,Room_C,BATCH_2024_Q1,C,%RH,True,24.01,50.3
SENSOR_001,2024-06-26 07:00:00,17.061185186519925,46.4,Room_C,BATCH_2024_Q1,C,%RH,True,24.73,46.4
SENSOR_001,2024-06-26 08:00:00,17.441185186519924,42.7,Room_C,BATCH_2024_Q1,C,%RH,True,25.11,42.7
SENSOR_001,2024-06-26 09:00:00,17.871185186519924,40.3,Room_C,BATCH_2024_Q1,C,%RH,True,25.54,40.3
SENSOR_001,2024-06-26 10:00:00,18.821185186519923,38.0,Room_C,BATCH_2024_Q1,C,%RH,True,26.49,38.0
SENSOR_001,2024-06-26 11:00:00,19.371185186519924,42.2,Room_C,BATCH_2024_Q1,C,%RH,True,27.04,42.2
SENSOR_001,2024-06-27 00:00:00,13.291185186519925,56.1,Room_C,BATCH_2024_Q1,C,%RH,True,20.96,56.1
SENSOR_001,2024-06-27 01:00:00,11.991185186519925,57.7,Room_C,BATCH_2024_Q1,C,%RH,True,19.66,57.7
SENSOR_001,2024-06-27 02:00:00,13.151185186519925,57.9,Room_C,BATCH_2024_Q1,C,%RH,True,20.82,57.9
SENSOR_001,2024-06-27 03:00:00,13.171185186519924,54.5,Room_C,BATCH_2024_Q1,C,%RH,True,20.84,54.5
SENSOR_001,2024-06-27 04:00:00,14.841185186519926,55.9,Room_C,BATCH_2024_Q1,C,%RH,True,22.51,55.9
SENSOR_001,2024-06-27 05:00:00,15.441185186519924,47.3,Room_C,BATCH_2024_Q1,C,%RH,True,23.11,47.3
SENSOR_001,2024-06-27 06:00:00,15.801185186519923,49.5,Room_C,BATCH_2024_Q1,C,%RH,True,23.47,49.5
SENSOR_001,2024-06-27 07:00:00,16.421185186519924,46.4,Room_C,BATCH_2024_Q1,C,%RH,True,24.09,46.4
SENSOR_001,2024-06-27 08:00:00,17.551185186519923,43.9,Room_C,BATCH_2024_Q1,C,%RH,True,25.22,43.9
SENSOR_001,2024-06-27 09:00:00,17.971185186519925,39.2,Room_C,BATCH_2024_Q1,C,%RH,True,25.64,39.2
SENSOR_001,2024-06-27 10:00:00,18.611185186519926,38.5,Room_C,BATCH_2024_Q1,C,%RH,True,26.28,38.5
SENSOR_001,2024-06-27 11:00:00,18.761185186519924,35.7,Room_C,BATCH_2024_Q1,C,%RH,True,26.43,35.7
SENSOR_001,2024-06-28 00:00:00,12.811185186519925,56.7,Room_C,BATCH_2024_Q1,C,%RH,True,20.48,56.7
SENSOR_001,2024-06-28 01:00:00,12.541185186519925,60.5,Room_C,BATCH_2024_Q1,C,%RH,True,20.21,60.5
SENSOR_001,2024-06-28 02:00:00,13.231185186519923,52.9,Room_C,BATCH_2024_Q1,C,%RH,True,20.9,52.9
SENSOR_001,2024-06-28 03:00:00,13.771185186519926,53.6,Room_C,BATCH_2024_Q1,C,%RH,True,21.44,53.6
SENSOR_001,2024-06-28 04:00:00,14.381185186519925,53.9,Room_C,BATCH_2024_Q1,C,%RH,True,22.05,53.9
SENSOR_001,2024-06-28 05:00:00,14.751185186519926,55.5,Room_C,BATCH_2024_Q1,C,%RH,True,22.42,55.5
SENSOR_001,2024-06-28 06:00:00,16.351185186519924,48.8,Room_C,BATCH_2024_Q1,C,%RH,True,24.02,48.8
SENSOR_001,2024-06-28 07:00:00,17.531185186519924,45.8,Room_C,BATCH_2024_Q1,C,%RH,True,25.2,45.8
SENSOR_001,2024-06-28 08:00:00,17.451185186519925,43.1,Room_C,BATCH_2024_Q1,C,%RH,True,25.12,43.1
SENSOR_001,2024-06-28 09:00:00,18.231185186519923,43.2,Room_C,BATCH_2024_Q1,C,%RH,True,25.9,43.2
SENSOR_001,2024-06-28 10:00:00,18.821185186519923,39.6,Room_C,BATCH_2024_Q1,C,%RH,True,26.49,39.6
SENSOR_001,2024-06-28 11:00:00,,37.1,Room_C,BATCH_2024_Q1,C,%RH,True,,37.1
SENSOR_001,2024-06-29 00:00:00,13.751185186519926,56.8,Room_C,BATCH_2024_Q1,C,%RH,True,21.42,56.8
SENSOR_001,2024-06-29 01:00:00,13.121185186519924,57.6,Room_C,BATCH_2024_Q1,C,%RH,True,20.79,57.6
SENSOR_001,2024-06-29 02:00:00,12.981185186519923,54.7,Room_C,BATCH_2024_Q1,C,%RH,True,20.65,54.7
SENSOR_001,2024-06-29 03:00:00,,55.6,Room_C,BATCH_2024_Q1,C,%RH,True,,55.6
SENSOR_001,2024-06-29 04:00:00,14.331185186519924,54.2,Room_C,BATCH_2024_Q1,C,%RH,True,22.0,54.2
SENSOR_001,2024-06-29 05:00:00,15.131185186519925,52.4,Room_C,BATCH_2024_Q1,C,%RH,True,22.8,52.4
SENSOR_001,2024-06-29 06:00:00,16.701185186519925,49.2,Room_C,BATCH_2024_Q1,C,%RH,True,24.37,49.2
SENSOR_001,2024-06-29 07:00:00,15.831185186519924,49.4,Room_C,BATCH_2024_Q1,°C,%RH,True,23.5,49.4
SENSOR_001,2024-06-29 08:00:00,16.951185186519925,43.7,Room_C,BATCH_2024_Q1,C,%RH,True,24.62,43.7
SENSOR_001,2024-06-29 09:00:00,18.151185186519925,42.1,Room_C,BATCH_2024_Q1,C,%RH,True,25.82,42.1
SENSOR_001,2024-06-29 10:00:00,19.081185186519924,44.7,Room_C,BATCH_2024_Q1,°C,%RH,True,26.75,44.7
SENSOR_001,2024-06-29 11:00:00,18.647851853186594,39.9,Room_C,BATCH_2024_Q1,F,%RH,True,26.31666666666667,39.9
SENSOR_001,2024-06-30 00:00:00,12.961185186519923,58.1,Room_C,BATCH_2024_Q1,C,%RH,True,20.63,58.1
SENSOR_001,2024-06-30 01:00:00,13.401185186519925,60.7,Room_C,BATCH_2024_Q1,C,%RH,True,21.07,60.7
SENSOR_001,2024-06-30 02:00:00,13.501185186519926,57.7,Room_C,BATCH_2024_Q1,C,%RH,True,21.17,57.7
SENSOR_001,2024-06-30 03:00:00,13.531185186519924,55.5,Room_C,BATCH_2024_Q1,C,%RH,True,21.2,55.5
SENSOR_001,2024-06-30 04:00:00,14.051185186519923,49.5,Room_C,BATCH_2024_Q1,C,%RH,True,21.72,49.5
SENSOR_001,2024-06-30 05:00:00,16.081185186519924,47.8,Room_C,BATCH_2024_Q1,C,%RH,True,23.75,47.8
SENSOR_001,2024-06-30 06:00:00,15.371185186519924,47.7,Room_C,BATCH_2024_Q1,C,%RH,True,23.04,47.7
SENSOR_001,2024-06-30 07:00:00,16.911185186519923,48.0,Room_C,BATCH_2024_Q1,C,%RH,True,24.58,48.0
SENSOR_001,2024-06-30 08:00:00,17.811185186519925,42.0,Room_C,BATCH_2024_Q1,C,%RH,True,25.48,42.0
SENSOR_001,2024-06-30 09:00:00,18.371185186519924,43.5,Room_C,BATCH_2024_Q1,C,%RH,True,26.04,43.5
SENSOR_001,2024-06-30 10:00:00,18.621185186519924,42.5,Room_C,BATCH_2024_Q1,C,%RH,True,26.29,42.5
SENSOR_001,2024-06-30 11:00:00,19.141185186519923,39.1,Room_C,BATCH_2024_Q1,C,%RH,True,26.81,39.1
SENSOR_002,2024-06-01 00:00:00,134.36133856682767,-240.4866389655102,Room_B,BATCH_2024_Q2,C,%RH,True,16.61,62.6
SENSOR_002,2024-06-01 01:00:00,134.0513385668277,-244.78663896551018,Room_B,BATCH_2024_Q2,C,%RH,True,16.3,58.3
SENSOR_002,2024-06-01 02:00:00,134.22133856682768,-245.28663896551018,Room_B,BATCH_2024_Q2,C,%RH,True,16.47,57.8
SENSOR_002,2024-06-01 03:00:00,134.10133856682768,-244.8866389655102,Room_B,BATCH_2024_Q2,C,%RH,True,16.35,58.2
SENSOR_002,2024-06-01 04:00:00,135.3913385668277,-250.4866389655102,Room_B,BATCH_2024_Q2,C,%RH,True,17.64,52.6
SENSOR_002,2024-06-01 05:00:00,136.1813385668277,-246.78663896551018,Room_B,BATCH_2024_Q2,C,%RH,True,18.43,56.3
SENSOR_002,2024-06-01 06:00:00,137.11133856682767,-250.0866389655102,Room_B,BATCH_2024_Q2,C,%RH,True,19.36,53.0
SENSOR_002,2024-06-01 07:00:00,137.57133856682768,-260.1866389655102,Room_B,BATCH_2024_Q2,C,%RH,True,19.82,42.9
SENSOR_002,2024-06-01 08:00:00,138.73133856682767,-258.8866389655102,Room_B,BATCH_2024_Q2,C,%RH,True,20.98,44.2
SENSOR_002,2024-06-01 09:00:00,138.9913385668277,-260.1866389655102,Room_B,BATCH_2024_Q2,C,%RH,True,21.24,42.9
SENSOR_002,2024-06-01 10:00:00,139.1513385668277,-264.6866389655102,Room_B,BATCH_2024_Q2,C,%RH,True,21.4,38.4
SENSOR_002,2024-06-01 11:00:00,139.47133856682768,-263.48663896551017,Room_B,BATCH_2024_Q2,C,%RH,True,21.72,39.6
SENSOR_002,2024-06-02 00:00:00,133.26133856682767,-242.0866389655102,Room_B,BATCH_2024_Q2,C,%RH,True,15.51,61.0
SENSOR_002,2024-06-02 01:00:00,133.6813385668277,-242.68663896551018,Room_B,BATCH_2024_Q2,C,%RH,True,15.93,60.4
SENSOR_002,2024-06-02 02:00:00,133.88133856682768,-245.68663896551018,Room_B,BATCH_2024_Q2,C,%RH,True,16.13,57.4
SENSOR_002,2024-06-02 03:00:00,134.92133856682767,-246.68663896551018,Room_B,BATCH_2024_Q2,C,%RH,True,17.17,56.4
SENSOR_002,2024-06-02 04:00:00,134.9313385668277,-247.28663896551018,Room_B,BATCH_2024_Q2,C,%RH,True,17.18,55.8
SENSOR_002,2024-06-02 05:00:00,135.19133856682768,-250.8866389655102,Room_B,BATCH_2024_Q2,C,%RH,True,17.44,52.2
SENSOR_002,2024-06-02 06:00:00,136.1813385668277,-251.18663896551018,Room_B,BATCH_2024_Q2,C,%RH,True,18.43,51.9
SENSOR_002,2024-06-02 07:00:00,137.13133856682768,-256.1866389655102,Room_B,BATCH_2024_Q2,C,%RH,True,19.38,46.9
SENSOR_002,2024-06-02 08:00:00,137.7413385668277,-260.48663896551017,Room_B,BATCH_2024_Q2,C,%RH,True,19.99,42.6
SENSOR_002,2024-06-02 09:00:00,138.8913385668277,-259.0866389655102,Room_B,BATCH_2024_Q2,C,%RH,True,21.14,44.0
SENSOR_002,2024-06-02 10:00:00,139.35133856682768,-259.48663896551017,Room_B,BATCH_2024_Q2,C,%RH,True,21.6,43.6
SENSOR_002,2024-06-02 11:00:00,138.92133856682767,-264.3866389655102,Room_B,BATCH_2024_Q2,C,%RH,True,21.17,38.7
SENSOR_002,2024-06-03 00:00:00,132.60133856682768,-241.18663896551018,Room_B,BATCH_2024_Q2,C,%RH,True,14.85,61.9
SENSOR_002,2024-06-03 01:00:00,133.5513385668277,-237.78663896551018,Room_B,BATCH_2024_Q2,C,%RH,True,15.8,65.3
SENSOR_002,2024-06-03 02:00:00,133.6513385668277,-243.9866389655102,Room_B,BATCH_2024_Q2,C,%RH,True,15.9,59.1
SENSOR_002,2024-06-03 03:00:00,134.9613385668277,-243.4866389655102,Room_B,BATCH_2024_Q2,°C,%RH,True,17.21,59.6
SENSOR_002,2024-06-03 04:00:00,135.45133856682767,-243.68663896551018,Room_B,BATCH_2024_Q2,C,%RH,True,17.7,59.4
SENSOR_002,2024-06-03 05:00:00,135.95133856682767,-250.4866389655102,Room_B,BATCH_2024_Q2,C,%RH,True,18.2,52.6
SENSOR_002,2024-06-03 06:00:00,136.48133856682767,-254.4866389655102,Room_B,BATCH_2024_Q2,C,%RH,True,18.73,48.6
SENSOR_002,2024-06-03 07:00:00,136.25133856682768,-255.0866389655102,Room_B,BATCH_2024_Q2,C,%RH,True,18.5,48.0
SENSOR_002,2024-06-03 08:00:00,137.5913385668277,-257.48663896551017,Room_B,BATCH_2024_Q2,C,%RH,True,19.84,45.6
SENSOR_002,2024-06-03 09:00:00,138.73133856682767,-258.0866389655102,Room_B,BATCH_2024_Q2,C,%RH,True,20.98,45.0
SENSOR_002,2024-06-03 10:00:00,138.8413385668277,-257.2866389655102,Room_B,BATCH_2024_Q2,C,%RH,True,21.09,45.8
SENSOR_002,2024-06-03 11:00:00,138.17133856682767,-262.98663896551017,Room_B,BATCH_2024_Q2,C,%RH,True,20.42,40.1
SENSOR_002,2024-06-04 00:00:00,132.72133856682768,-244.18663896551018,Room_B,BATCH_2024_Q2,C,%RH,True,14.97,58.9
SENSOR_002,2024-06-04 01:00:00,133.35133856682768,-242.78663896551018,Room_B,BATCH_2024_Q2,C,%RH,True,15.6,60.3
SENSOR_002,2024-06-04 02:00:00,133.25133856682768,-243.0866389655102,Room_B,BATCH_2024_Q2,C,%RH,True,15.5,60.0
SENSOR_002,2024-06-04 03:00:00,133.54133856682768,-242.78663896551018,Room_B,BATCH_2024_Q2,C,%RH,True,15.79,60.3
SENSOR_002,2024-06-04 04:00:00,134.8113385668277,-244.8866389655102,Room_B,BATCH_2024_Q2,C,%RH,True,17.06,58.2
SENSOR_002,2024-06-04 05:00:00,134.8913385668277,,Room_B,BATCH_2024_Q2,C,%RH,True,17.14,
SENSOR_002,2024-06-04 06:00:00,135.95133856682767,-248.8866389655102,Room_B,BATCH_2024_Q2,C,%RH,True,18.2,54.2
SENSOR_002,2024-06-04 07:00:00,137.35133856682768,-251.5866389655102,Room_B,BATCH_2024_Q2,C,%RH,True,19.6,51.5
SENSOR_002,2024-06-04 08:00:00,137.28133856682769,-258.2866389655102,Room_B,BATCH_2024_Q2,C,%RH,True,19.53,44.8
SENSOR_002,2024-06-04 09:00:00,138.07133856682768,-262.98663896551017,Room_B,BATCH_2024_Q2,C,%RH,True,20.32,40.1
SENSOR_002,2024-06-04 10:00:00,138.67133856682767,-258.48663896551017,Room_B,BATCH_2024_Q2,C,%RH,True,20.92,44.6
SENSOR_002,2024-06-04 11:00:00,138.47133856682768,-263.98663896551017,Room_B,BATCH_2024_Q2,C,%RH,True,20.72,39.1
SENSOR_002,2024-06-05 00:00:00,132.9313385668277,-241.18663896551018,Room_B,BATCH_2024_Q2,C,%RH,True,15.18,61.9
SENSOR_002,2024-06-05 01:00:00,132.11133856682767,-244.4866389655102,Room_B,BATCH_2024_Q2,C,%RH,True,14.36,58.6
SENSOR_002,2024-06-05 02:00:00,132.7713385668277,-241.4866389655102,Room_B,BATCH_2024_Q2,C,%RH,True,15.02,61.6
SENSOR_002,2024-06-05 03:00:00,134.0213385668277,-243.18663896551018,Room_B,BATCH_2024_Q2,C,%RH,True,16.27,59.9
SENSOR_002,2024-06-05 04:00:00,133.78133856682769,-245.5866389655102,Room_B,BATCH_2024_Q2,C,%RH,True,16.03,57.5
SENSOR_002,2024-06-05 05:00:00,134.50133856682768,-247.68663896551018,Room_B,BATCH_2024_Q2,C,%RH,True,16.75,55.4
SENSOR_002,2024-06-05 06:00:00,135.51133856682767,-249.28663896551018,Room_B,BATCH_2024_Q2,C,%RH,True,17.76,53.8
SENSOR_002,2024-06-05 07:00:00,136.0813385668277,-254.8866389655102,Room_B,BATCH_2024_Q2,C,%RH,True,18.33,48.2
SENSOR_002,2024-06-05 08:00:00,137.0213385668277,-256.48663896551017,Room_B,BATCH_2024_Q2,C,%RH,True,19.27,46.6
SENSOR_002,2024-06-05 09:00:00,137.1413385668277,-258.5866389655102,Room_B,BATCH_2024_Q2,C,%RH,True,19.39,44.5
SENSOR_002,2024-06-05 10:00:00,138.10133856682768,-259.98663896551017,Room_B,BATCH_2024_Q2,C,%RH,True,20.35,43.1
SENSOR_002,2024-06-05 11:00:00,138.6513385668277,-260.3866389655102,Room_B,BATCH_2024_Q2,C,%RH,True,20.9,42.7
SENSOR_002,2024-06-06 00:00:00,131.8013385668277,-242.5866389655102,Room_B,BATCH_2024_Q2,C,%RH,True,14.05,60.5
SENSOR_002,2024-06-06 01:00:00,131.8413385668277,-238.5866389655102,Room_B,BATCH_2024_Q2,C,%RH,True,14.09,64.5
SENSOR_002,2024-06-06 02:00:00,132.72133856682768,-242.9866389655102,Room_B,BATCH_2024_Q2,C,%RH,True,14.97,60.1
SENSOR_002,2024-06-06 03:00:00,133.1513385668277,-242.4866389655102,Room_B,BATCH_2024_Q2,C,%RH,True,15.4,60.6
SENSOR_002,2024-06-06 04:00:00,133.0513385668277,-247.0866389655102,Room_B,BATCH_2024_Q2,C,%RH,True,15.3,56.0
SENSOR_002,2024-06-06 05:00:00,134.25133856682768,-251.0866389655102,Room_B,BATCH_2024_Q2,C,%RH,True,16.5,52.0
SENSOR_002,2024-06-06 06:00:00,135.42133856682767,-251.68663896551018,Room_B,BATCH_2024_Q2,C,%RH,True,17.67,51.4
SENSOR_002,2024-06-06 07:00:00,135.9613385668277,-252.18663896551018,Room_B,BATCH_2024_Q2,C,%RH,True,18.21,50.9
SENSOR_002,2024-06-06 08:00:00,136.53133856682769,-252.8866389655102,Room_B,BATCH_2024_Q2,C,%RH,True,18.78,50.2
SENSOR_002,2024-06-06 09:00:00,136.85133856682768,-259.1866389655102,Room_B,BATCH_2024_Q2,C,%RH,True,19.1,43.9
SENSOR_002,2024-06-06 10:00:00,137.8113385668277,-257.6866389655102,Room_B,BATCH_2024_Q2,C,%RH,True,20.06,45.4
SENSOR_002,2024-06-06 11:00:00,137.3413385668277,-257.8866389655102,Room_B,BATCH_2024_Q2,C,%RH,True,19.59,45.2
SENSOR_002,2024-06-07 00:00:00,131.54133856682768,-237.0866389655102,Room_B,BATCH_2024_Q2,C,%RH,True,13.79,66.0
SENSOR_002,2024-06-07 01:00:00,132.1213385668277,-238.78663896551018,Room_B,BATCH_2024_Q2,C,%RH,True,14.37,64.3
SENSOR_002,2024-06-07 02:00:00,132.04133856682768,-239.28663896551018,Room_B,BATCH_2024_Q2,C,%RH,True,14.29,63.8
SENSOR_002,2024-06-07 03:00:00,132.38133856682768,-246.3866389655102,Room_B,BATCH_2024_Q2,C,%RH,True,14.63,56.7
SENSOR_002,2024-06-07 04:00:00,133.85133856682768,-243.68663896551018,Room_B,BATCH_2024_Q2,C,%RH,True,16.1,59.4
SENSOR_002,2024-06-07 05:00:00,133.25133856682768,-246.4866389655102,Room_B,BATCH_2024_Q2,C,%RH,True,15.5,56.6
SENSOR_002,2024-06-07 06:00:00,135.1413385668277,-246.3866389655102,Room_B,BATCH_2024_Q2,C,%RH,True,17.39,56.7
SENSOR_002,2024-06-07 07:00:00,135.63133856682768,-251.9866389655102,Room_B,BATCH_2024_Q2,C,%RH,True,17.88,51.1
SENSOR_002,2024-06-07 08:00:00,135.95133856682767,-252.9866389655102,Room_B,BATCH_2024_Q2,C,%RH,True,18.2,50.1
SENSOR_002,2024-06-07 09:00:00,136.2413385668277,-256.7866389655102,Room_B,BATCH_2024_Q2,C,%RH,True,18.49,46.3
SENSOR_002,2024-06-07 10:00:00,136.6813385668277,-257.8866389655102,Room_B,BATCH_2024_Q2,C,%RH,True,18.93,45.2
SENSOR_002,2024-06-07 11:00:00,137.82133856682768,-255.3866389655102,Room_B,BATCH_2024_Q2,C,%RH,True,20.07,47.7
SENSOR_002,2024-06-08 00:00:00,131.54133856682768,-238.5866389655102,Room_B,BATCH_2024_Q2,C,%RH,True,13.79,64.5
SENSOR_002,2024-06-08 01:00:00,131.0513385668277,-239.28663896551018,Room_B,BATCH_2024_Q2,C,%RH,True,13.3,63.8
SENSOR_002,2024-06-08 02:00:00,132.44133856682768,-238.78663896551018,Room_B,BATCH_2024_Q2,C,%RH,True,14.69,64.3
SENSOR_002,2024-06-08 03:00:00,132.5613385668277,-236.5866389655102,Room_B,BATCH_2024_Q2,C,%RH,True,14.81,66.5
SENSOR_002,2024-06-08 04:00:00,133.03133856682769,-245.9866389655102,Room_B,BATCH_2024_Q2,C,%RH,True,15.28,57.1
SENSOR_002,2024-06-08 05:00:00,133.8713385668277,-242.9866389655102,Room_B,BATCH_2024_Q2,C,%RH,True,16.12,60.1
SENSOR_002,2024-06-08 06:00:00,134.7413385668277,-252.4866389655102,Room_B,BATCH_2024_Q2,C,%RH,True,16.99,50.6
SENSOR_002,2024-06-08 07:00:00,135.36133856682767,-249.9866389655102,Room_B,BATCH_2024_Q2,C,%RH,True,17.61,53.1
SENSOR_002,2024-06-08 08:00:00,136.8113385668277,-250.18663896551018,Room_B,BATCH_2024_Q2,C,%RH,True,19.06,52.9
SENSOR_002,2024-06-08 09:00:00,136.69133856682768,-255.0866389655102,Room_B,BATCH_2024_Q2,C,%RH,True,18.94,48.0
SENSOR_002,2024-06-08 10:00:00,137.0913385668277,-254.9866389655102,Room_B,BATCH_2024_Q2,C,%RH,True,19.34,48.1
SENSOR_002,2024-06-08 11:00:00,137.57133856682768,-258.0866389655102,Room_B,BATCH_2024_Q2,C,%RH,True,19.82,45.0
SENSOR_002,2024-06-09 00:00:00,130.51133856682767,-237.3866389655102,Room_B,BATCH_2024_Q2,C,%RH,True,12.76,65.7
SENSOR_002,2024-06-09 01:00:00,131.11800523349436,-238.8866389655102,Room_B,BATCH_2024_Q2,F,%RH,True,13.366666666666667,64.2
SENSOR_002,2024-06-09 02:00:00,130.82133856682768,-236.9866389655102,Room_B,BATCH_2024_Q2,C,%RH,True,13.07,66.1
SENSOR_002,2024-06-09 03:00:00,132.3013385668277,-243.8866389655102,Room_B,BATCH_2024_Q2,C,%RH,True,14.55,59.2
SENSOR_002,2024-06-09 04:00:00,132.4313385668277,-241.3866389655102,Room_B,BATCH_2024_Q2,C,%RH,True,14.68,61.7
SENSOR_002,2024-06-09 05:00:00,133.61133856682767,-243.78663896551018,Room_B,BATCH_2024_Q2,C,%RH,True,15.86,59.3
SENSOR_002,2024-06-09 06:00:00,133.7713385668277,-246.4866389655102,Room_B,BATCH_2024_Q2,C,%RH,True,16.02,56.6
SENSOR_002,2024-06-09 07:00:00,134.45133856682767,-247.68663896551018,Room_B,BATCH_2024_Q2,C,%RH,True,16.7,55.4
SENSOR_002,2024-06-09 08:00:00,135.8013385668277,-249.78663896551018,Room_B,BATCH_2024_Q2,C,%RH,True,18.05,53.3
SENSOR_002,2024-06-09 09:00:00,135.9013385668277,-253.18663896551018,Room_B,BATCH_2024_Q2,C,%RH,True,18.15,49.9
SENSOR_002,2024-06-09 10:00:00,136.92133856682767,-257.6866389655102,Room_B,BATCH_2024_Q2,C,%RH,True,19.17,45.4
SENSOR_002,2024-06-09 11:00:00,137.0613385668277,-256.6866389655102,Room_B,BATCH_2024_Q2,C,%RH,True,19.31,46.4
SENSOR_002,2024-06-10 00:00:00,130.35133856682768,-233.68663896551018,Room_B,BATCH_2024_Q2,C,%RH,True,12.6,69.4
SENSOR_002,2024-06-10 01:00:00,130.66133856682768,-236.8866389655102,Room_B,BATCH_2024_Q2,C,%RH,True,12.91,66.2
SENSOR_002,2024-06-10 02:00:00,131.82133856682768,-237.28663896551018,Room_B,BATCH_2024_Q2,C,%RH,True,14.07,65.8
SENSOR_002,2024-06-10 03:00:00,130.7113385668277,-240.18663896551018,Room_B,BATCH_2024_Q2,C,%RH,True,12.96,62.9
SENSOR_002,2024-06-10 04:00:00,132.11133856682767,-242.4866389655102,Room_B,BATCH_2024_Q2,C,%RH,True,14.36,60.6
SENSOR_002,2024-06-10 05:00:00,132.9613385668277,-245.3866389655102,Room_B,BATCH_2024_Q2,C,%RH,True,15.21,57.7
SENSOR_002,2024-06-10 06:00:00,133.91133856682768,-244.0866389655102,Room_B,BATCH_2024_Q2,C,%RH,True,16.16,59.0
SENSOR_002,2024-06-10 07:00:00,133.8913385668277,-251.0866389655102,Room_B,BATCH_2024_Q2,C,%RH,True,16.14,52.0
SENSOR_002,2024-06-10 08:00:00,134.94133856682768,-253.9866389655102,Room_B,BATCH_2024_Q2,C,%RH,True,17.19,49.1
SENSOR_002,2024-06-10 09:00:00,136.17133856682767,-254.68663896551018,Room_B,BATCH_2024_Q2,C,%RH,True,18.42,48.4
SENSOR_002,2024-06-10 10:00:00,136.2413385668277,-254.78663896551018,Room_B,BATCH_2024_Q2,C,%RH,True,18.49,48.3
SENSOR_002,2024-06-10 11:00:00,137.28133856682769,-258.3866389655102,Room_B,BATCH_2024_Q2,C,%RH,True,19.53,44.7
SENSOR_002,2024-06-11 00:00:00,130.8113385668277,-235.68663896551018,Room_B,BATCH_2024_Q2,C,%RH,True,13.06,67.4
SENSOR_002,2024-06-11 01:00:00,130.1813385668277,-234.28663896551018,Room_B,BATCH_2024_Q2,C,%RH,True,12.43,68.8
SENSOR_002,2024-06-11 02:00:00,130.8713385668277,-237.28663896551018,Room_B,BATCH_2024_Q2,C,%RH,True,13.12,65.8
SENSOR_002,2024-06-11 03:00:00,131.29133856682768,-238.18663896551018,Room_B,BATCH_2024_Q2,°C,%RH,True,13.54,64.9
SENSOR_002,2024-06-11 04:00:00,131.5913385668277,-243.4866389655102,Room_B,BATCH_2024_Q2,C,%RH,True,13.84,59.6
SENSOR_002,2024-06-11 05:00:00,132.7713385668277,-242.8866389655102,Room_B,BATCH_2024_Q2,C,%RH,True,15.02,60.2
SENSOR_002,2024-06-11 06:00:00,133.85133856682768,-246.5866389655102,Room_B,BATCH_2024_Q2,C,%RH,True,16.1,56.5
SENSOR_002,2024-06-11 07:00:00,134.54133856682768,-246.3866389655102,Room_B,BATCH_2024_Q2,C,%RH,True,16.79,56.7
SENSOR_002,2024-06-11 08:00:00,134.28133856682769,-250.0866389655102,Room_B,BATCH_2024_Q2,C,%RH,True,16.53,53.0
SENSOR_002,2024-06-11 09:00:00,135.5913385668277,-254.5866389655102,Room_B,BATCH_2024_Q2,C,%RH,True,17.84,48.5
SENSOR_002,2024-06-11 10:00:00,135.6513385668277,-252.78663896551018,Room_B,BATCH_2024_Q2,C,%RH,True,17.9,50.3
SENSOR_002,2024-06-11 11:00:00,135.97911634460547,-252.8866389655102,Room_B,BATCH_2024_Q2,F,%RH,True,18.227777777777778,50.2
SENSOR_002,2024-06-12 00:00:00,129.72133856682768,-237.68663896551018,Room_B,BATCH_2024_Q2,C,%RH,True,11.97,65.4
SENSOR_002,2024-06-12 01:00:00,130.0613385668277,-231.0866389655102,Room_B,BATCH_2024_Q2,C,%RH,True,12.31,72.0
SENSOR_002,2024-06-12 02:00:00,130.63133856682768,-237.5866389655102,Room_B,BATCH_2024_Q2,C,%RH,True,12.88,65.5
SENSOR_002,2024-06-12 03:00:00,131.67133856682767,-239.18663896551018,Room_B,BATCH_2024_Q2,C,%RH,True,13.92,63.9
SENSOR_002,2024-06-12 04:00:00,130.50133856682768,-238.3866389655102,Room_B,BATCH_2024_Q2,C,%RH,True,12.75,64.7
SENSOR_002,2024-06-12 05:00:00,132.0913385668277,-244.68663896551018,Room_B,BATCH_2024_Q2,C,%RH,True,14.34,58.4
SENSOR_002,2024-06-12 06:00:00,133.47133856682768,-243.8866389655102,Room_B,BATCH_2024_Q2,C,%RH,True,15.72,59.2
SENSOR_002,2024-06-12 07:00:00,133.9313385668277,-248.9866389655102,Room_B,BATCH_2024_Q2,C,%RH,True,16.18,54.1
SENSOR_002,2024-06-12 08:00:00,134.8713385668277,-251.68663896551018,Room_B,BATCH_2024_Q2,C,%RH,True,17.12,51.4
SENSOR_002,2024-06-12 09:00:00,135.8013385668277,-250.18663896551018,Room_B,BATCH_2024_Q2,C,%RH,True,18.05,52.9
SENSOR_002,2024-06-12 10:00:00,135.5613385668277,-253.5866389655102,Room_B,BATCH_2024_Q2,°C,%RH,True,17.81,49.5
SENSOR_002,2024-06-12 11:00:00,135.7113385668277,-252.9866389655102,Room_B,BATCH_2024_Q2,°C,%RH,True,17.96,50.1
SENSOR_002,2024-06-13 00:00:00,129.69133856682768,-230.8866389655102,Room_B,BATCH_2024_Q2,C,%RH,True,11.94,72.2
SENSOR_002,2024-06-13 01:00:00,129.57133856682768,-236.68663896551018,Room_B,BATCH_2024_Q2,C,%RH,True,11.82,66.4
SENSOR_002,2024-06-13 02:00:00,130.57133856682768,-234.5866389655102,Room_B,BATCH_2024_Q2,C,%RH,True,12.82,68.5
SENSOR_002,2024-06-13 03:00:00,130.36133856682767,-241.0866389655102,Room_B,BATCH_2024_Q2,C,%RH,True,12.61,62.0
SENSOR_002,2024-06-13 04:00:00,131.2713385668277,-241.3866389655102,Room_B,BATCH_2024_Q2,C,%RH,True,13.52,61.7
SENSOR_002,2024-06-13 05:00:00,132.19133856682768,-238.8866389655102,Room_B,BATCH_2024_Q2,C,%RH,True,14.44,64.2
SENSOR_002,2024-06-13 06:00:00,132.19133856682768,-244.0866389655102,Room_B,BATCH_2024_Q2,C,%RH,True,14.44,59.0
SENSOR_002,2024-06-13 07:00:00,133.79133856682768,-243.5866389655102,Room_B,BATCH_2024_Q2,C,%RH,True,16.04,59.5
SENSOR_002,2024-06-13 08:00:00,133.6813385668277,-249.28663896551018,Room_B,BATCH_2024_Q2,C,%RH,True,15.93,53.8
SENSOR_002,2024-06-13 09:00:00,134.67133856682767,-249.68663896551018,Room_B,BATCH_2024_Q2,C,%RH,True,16.92,53.4
SENSOR_002,2024-06-13 10:00:00,135.2113385668277,-252.28663896551018,Room_B,BATCH_2024_Q2,C,%RH,True,17.46,50.8
SENSOR_002,2024-06-13 11:00:00,134.95133856682767,-253.18663896551018,Room_B,BATCH_2024_Q2,C,%RH,True,17.2,49.9
SENSOR_002,2024-06-14 00:00:00,128.8013385668277,-235.4866389655102,Room_B,BATCH_2024_Q2,C,%RH,True,11.05,67.6
SENSOR_002,2024-06-14 01:00:00,129.75133856682768,-233.28663896551018,Room_B,BATCH_2024_Q2,C,%RH,True,12.0,69.8
SENSOR_002,2024-06-14 02:00:00,129.95133856682767,-231.8866389655102,Room_B,BATCH_2024_Q2,C,%RH,True,12.2,71.2
SENSOR_002,2024-06-14 03:00:00,130.5213385668277,-233.4866389655102,Room_B,BATCH_2024_Q2,C,%RH,True,12.77,69.6
SENSOR_002,2024-06-14 04:00:00,131.69133856682768,-237.4866389655102,Room_B,BATCH_2024_Q2,C,%RH,True,13.94,65.6
SENSOR_002,2024-06-14 05:00:00,131.1813385668277,-242.3866389655102,Room_B,BATCH_2024_Q2,C,%RH,True,13.43,60.7
SENSOR_002,2024-06-14 06:00:00,132.53133856682769,-246.0866389655102,Room_B,BATCH_2024_Q2,C,%RH,True,14.78,57.0
SENSOR_002,2024-06-14 07:00:00,133.92133856682767,-244.78663896551018,Room_B,BATCH_2024_Q2,C,%RH,True,16.17,58.3
SENSOR_002,2024-06-14 08:00:00,134.2413385668277,-249.5866389655102,Room_B,BATCH_2024_Q2,C,%RH,True,16.49,53.5
SENSOR_002,2024-06-14 09:00:00,134.5613385668277,-246.9866389655102,Room_B,BATCH_2024_Q2,C,%RH,True,16.81,56.1
SENSOR_002,2024-06-14 10:00:00,134.98133856682767,-253.4866389655102,Room_B,BATCH_2024_Q2,C,%RH,True,17.23,49.6
SENSOR_002,2024-06-14 11:00:00,135.35133856682768,-255.4866389655102,Room_B,BATCH_2024_Q2,C,%RH,True,17.6,47.6
SENSOR_002,2024-06-15 00:00:00,128.76133856682767,-233.4866389655102,Room_B,BATCH_2024_Q2,C,%RH,True,11.01,69.6
SENSOR_002,2024-06-15 01:00:00,128.8013385668277,-234.68663896551018,Room_B,BATCH_2024_Q2,C,%RH,True,11.05,68.4
SENSOR_002,2024-06-15 02:00:00,129.13133856682768,-233.9866389655102,Room_B,BATCH_2024_Q2,C,%RH,True,11.38,69.1
SENSOR_002,2024-06-15 03:00:00,129.4313385668277,-236.4866389655102,Room_B,BATCH_2024_Q2,C,%RH,True,11.68,66.6
SENSOR_002,2024-06-15 04:00:00,130.67133856682767,-239.0866389655102,Room_B,BATCH_2024_Q2,C,%RH,True,12.92,64.0
SENSOR_002,2024-06-15 05:00:00,131.17133856682767,-243.4866389655102,Room_B,BATCH_2024_Q2,C,%RH,True,13.42,59.6
SENSOR_002,2024-06-15 06:00:00,132.0513385668277,-239.8866389655102,Room_B,BATCH_2024_Q2,C,%RH,True,14.3,63.2
SENSOR_002,2024-06-15 07:00:00,132.00133856682768,-246.28663896551018,Room_B,BATCH_2024_Q2,C,%RH,True,14.25,56.8
SENSOR_002,2024-06-15 08:00:00,132.9313385668277,-245.68663896551018,Room_B,BATCH_2024_Q2,C,%RH,True,15.18,57.4
SENSOR_002,2024-06-15 09:00:00,134.0913385668277,-251.68663896551018,Room_B,BATCH_2024_Q2,C,%RH,True,16.34,51.4
SENSOR_002,2024-06-15 10:00:00,134.0813385668277,-253.68663896551018,Room_B,BATCH_2024_Q2,C,%RH,True,16.33,49.4
SENSOR_002,2024-06-15 11:00:00,135.42133856682767,-251.4866389655102,Room_B,BATCH_2024_Q2,C,%RH,True,17.67,51.6
SENSOR_002,2024-06-16 00:00:00,129.3713385668277,-230.5866389655102,Room_B,BATCH_2024_Q2,C,%RH,True,11.62,72.5
SENSOR_002,2024-06-16 01:00:00,129.0913385668277,-236.28663896551018,Room_B,BATCH_2024_Q2,C,%RH,True,11.34,66.8
SENSOR_002,2024-06-16 02:00:00,128.79133856682768,-236.5866389655102,Room_B,BATCH_2024_Q2,C,%RH,True,11.04,66.5
SENSOR_002,2024-06-16 03:00:00,129.4913385668277,-234.18663896551018,Room_B,BATCH_2024_Q2,C,%RH,True,11.74,68.9
SENSOR_002,2024-06-16 04:00:00,130.03133856682769,-234.68663896551018,Room_B,BATCH_2024_Q2,C,%RH,True,12.28,68.4
SENSOR_002,2024-06-16 05:00:00,130.4013385668277,-241.28663896551018,Room_B,BATCH_2024_Q2,C,%RH,True,12.65,61.8
SENSOR_002,2024-06-16 06:00:00,131.6413385668277,-177.67554280796145,Room_B,BATCH_2024_Q2,C,%RH,True,13.89,125.41109615754874
SENSOR_002,2024-06-16 07:00:00,132.6213385668277,-246.68663896551018,Room_B,BATCH_2024_Q2,C,%RH,True,14.87,56.4
SENSOR_002,2024-06-16 08:00:00,132.8313385668277,-249.9866389655102,Room_B,BATCH_2024_Q2,C,%RH,True,15.08,53.1
SENSOR_002,2024-06-16 09:00:00,133.29133856682768,-252.18663896551018,Room_B,BATCH_2024_Q2,C,%RH,True,15.54,50.9
SENSOR_002,2024-06-16 10:00:00,133.7113385668277,-249.78663896551018,Room_B,BATCH_2024_Q2,C,%RH,True,15.96,53.3
SENSOR_002,2024-06-16 11:00:00,134.23133856682767,-253.3866389655102,Room_B,BATCH_2024_Q2,C,%RH,True,16.48,49.7
SENSOR_002,2024-06-17 00:00:00,128.3713385668277,-230.3866389655102,Room_B,BATCH_2024_Q2,C,%RH,True,10.62,72.7
SENSOR_002,2024-06-17 01:00:00,128.35133856682768,-229.5866389655102,Room_B,BATCH_2024_Q2,C,%RH,True,10.6,73.5
SENSOR_002,2024-06-17 02:00:00,128.5813385668277,-232.18663896551018,Room_B,BATCH_2024_Q2,C,%RH,True,10.83,70.9
SENSOR_002,2024-06-17 03:00:00,129.66133856682768,-234.8866389655102,Room_B,BATCH_2024_Q2,°C,%RH,True,11.91,68.2
SENSOR_002,2024-06-17 04:00:00,130.3113385668277,-235.78663896551018,Room_B,BATCH_2024_Q2,C,%RH,True,12.56,67.3
SENSOR_002,2024-06-17 05:00:00,130.41133856682768,-239.5866389655102,Room_B,BATCH_2024_Q2,C,%RH,True,12.66,63.5
SENSOR_002,2024-06-17 06:00:00,131.0613385668277,-240.68663896551018,Room_B,BATCH_2024_Q2,C,%RH,True,13.31,62.4
SENSOR_002,2024-06-17 07:00:00,131.88133856682768,-245.9866389655102,Room_B,BATCH_2024_Q2,C,%RH,True,14.13,57.1
SENSOR_002,2024-06-17 08:00:00,132.86133856682767,-247.3866389655102,Room_B,BATCH_2024_Q2,C,%RH,True,15.11,55.7
SENSOR_002,2024-06-17 09:00:00,133.44022745571658,-248.8866389655102,Room_B,BATCH_2024_Q2,F,%RH,True,15.68888888888889,54.2
SENSOR_002,2024-06-17 10:00:00,134.0813385668277,-252.0866389655102,Room_B,BATCH_2024_Q2,C,%RH,True,16.33,51.0
SENSOR_002,2024-06-17 11:00:00,134.0513385668277,-252.4866389655102,Room_B,BATCH_2024_Q2,C,%RH,True,16.3,50.6
SENSOR_002,2024-06-18 00:00:00,128.2413385668277,-228.68663896551018,Room_B,BATCH_2024_Q2,C,%RH,True,10.49,74.4
SENSOR_002,2024-06-18 01:00:00,128.26133856682767,-227.3866389655102,Room_B,BATCH_2024_Q2,C,%RH,True,10.51,75.7
SENSOR_002,2024-06-18 02:00:00,127.78133856682769,-230.9866389655102,Room_B,BATCH_2024_Q2,C,%RH,True,10.03,72.1
SENSOR_002,2024-06-18 03:00:00,128.69133856682768,-235.68663896551018,Room_B,BATCH_2024_Q2,C,%RH,True,10.94,67.4
SENSOR_002,2024-06-18 04:00:00,130.29133856682768,-237.4866389655102,Room_B,BATCH_2024_Q2,C,%RH,True,12.54,65.6
SENSOR_002,2024-06-18 05:00:00,130.75133856682768,-238.3866389655102,Room_B,BATCH_2024_Q2,C,%RH,True,13.0,64.7
SENSOR_002,2024-06-18 06:00:00,131.1213385668277,-239.68663896551018,Room_B,BATCH_2024_Q2,C,%RH,True,13.37,63.4
SENSOR_002,2024-06-18 07:00:00,131.8913385668277,-247.5866389655102,Room_B,BATCH_2024_Q2,C,%RH,True,14.14,55.5
SENSOR_002,2024-06-18 08:00:00,132.72133856682768,-247.8866389655102,Room_B,BATCH_2024_Q2,C,%RH,True,14.97,55.2
SENSOR_002,2024-06-18 09:00:00,133.50133856682768,-246.78663896551018,Room_B,BATCH_2024_Q2,C,%RH,True,15.75,56.3
SENSOR_002,2024-06-18 10:00:00,133.22133856682768,-249.8866389655102,Room_B,BATCH_2024_Q2,°C,%RH,True,15.47,53.2
SENSOR_002,2024-06-18 11:00:00,133.03133856682769,-249.18663896551018,Room_B,BATCH_2024_Q2,C,%RH,True,15.28,53.9
SENSOR_002,2024-06-19 00:00:00,,-230.0866389655102,Room_B,BATCH_2024_Q2,C,%RH,True,,73.0
SENSOR_002,2024-06-19 01:00:00,128.1513385668277,-229.8866389655102,Room_B,BATCH_2024_Q2,C,%RH,True,10.4,73.2
SENSOR_002,2024-06-19 02:00:00,128.3013385668277,-232.5866389655102,Room_B,BATCH_2024_Q2,C,%RH,True,10.55,70.5
SENSOR_002,2024-06-19 03:00:00,127.90133856682769,-234.5866389655102,Room_B,BATCH_2024_Q2,C,%RH,True,10.15,68.5
SENSOR_002,2024-06-19 04:00:00,129.3713385668277,-233.4866389655102,Room_B,BATCH_2024_Q2,C,%RH,True,11.62,69.6
SENSOR_002,2024-06-19 05:00:00,129.13133856682768,-237.4866389655102,Room_B,BATCH_2024_Q2,C,%RH,True,11.38,65.6
SENSOR_002,2024-06-19 06:00:00,130.91133856682768,-239.78663896551018,Room_B,BATCH_2024_Q2,C,%RH,True,13.16,63.3
SENSOR_002,2024-06-19 07:00:00,130.69133856682768,-242.28663896551018,Room_B,BATCH_2024_Q2,C,%RH,True,12.94,60.8
SENSOR_002,2024-06-19 08:00:00,132.13133856682768,-243.0866389655102,Room_B,BATCH_2024_Q2,C,%RH,True,14.38,60.0
SENSOR_002,2024-06-19 09:00:00,132.6513385668277,-247.28663896551018,Room_B,BATCH_2024_Q2,C,%RH,True,14.9,55.8
SENSOR_002,2024-06-19 10:00:00,133.0913385668277,-248.4866389655102,Room_B,BATCH_2024_Q2,C,%RH,True,15.34,54.6
SENSOR_002,2024-06-19 11:00:00,133.0613385668277,-248.18663896551018,Room_B,BATCH_2024_Q2,C,%RH,True,15.31,54.9
SENSOR_002,2024-06-20 00:00:00,126.94133856682768,-228.0866389655102,Room_B,BATCH_2024_Q2,C,%RH,True,9.19,75.0
SENSOR_002,2024-06-20 01:00:00,127.19133856682768,-229.3866389655102,Room_B,BATCH_2024_Q2,C,%RH,True,9.44,73.7
SENSOR_002,2024-06-20 02:00:00,127.58133856682768,-230.68663896551018,Room_B,BATCH_2024_Q2,C,%RH,True,9.83,72.4
SENSOR_002,2024-06-20 03:00:00,128.85133856682768,-233.28663896551018,Room_B,BATCH_2024_Q2,C,%RH,True,11.1,69.8
SENSOR_002,2024-06-20 04:00:00,129.1213385668277,-233.4866389655102,Room_B,BATCH_2024_Q2,°C,%RH,True,11.37,69.6
SENSOR_002,2024-06-20 05:00:00,129.2413385668277,-237.8866389655102,Room_B,BATCH_2024_Q2,C,%RH,True,11.49,65.2
SENSOR_002,2024-06-20 06:00:00,129.5613385668277,-238.68663896551018,Room_B,BATCH_2024_Q2,C,%RH,True,11.81,64.4
SENSOR_002,2024-06-20 07:00:00,131.1513385668277,-239.8866389655102,Room_B,BATCH_2024_Q2,C,%RH,True,13.4,63.2
SENSOR_002,2024-06-20 08:00:00,132.3013385668277,-241.78663896551018,Room_B,BATCH_2024_Q2,C,%RH,True,14.55,61.3
SENSOR_002,2024-06-20 09:00:00,131.9613385668277,-246.5866389655102,Room_B,BATCH_2024_Q2,C,%RH,True,14.21,56.5
SENSOR_002,2024-06-20 10:00:00,132.48133856682767,-248.0866389655102,Room_B,BATCH_2024_Q2,C,%RH,True,14.73,55.0
SENSOR_002,2024-06-20 11:00:00,132.94133856682768,-247.78663896551018,Room_B,BATCH_2024_Q2,C,%RH,True,15.19,55.3
SENSOR_002,2024-06-21 00:00:00,126.39133856682768,-228.3866389655102,Room_B,BATCH_2024_Q2,C,%RH,True,8.64,74.7
SENSOR_002,2024-06-21 01:00:00,208.39945243982126,-229.28663896551018,Room_B,BATCH_2024_Q2,C,%RH,True,90.64811387299358,73.8
SENSOR_002,2024-06-21 02:00:00,128.19133856682768,-229.28663896551018,Room_B,BATCH_2024_Q2,C,%RH,True,10.44,73.8
SENSOR_002,2024-06-21 03:00:00,127.33133856682768,-230.68663896551018,Room_B,BATCH_2024_Q2,C,%RH,True,9.58,72.4
SENSOR_002,2024-06-21 04:00:00,128.8913385668277,-232.0866389655102,Room_B,BATCH_2024_Q2,C,%RH,True,11.14,71.0
SENSOR_002,2024-06-21 05:00:00,213.03427917216987,-235.0866389655102,Room_B,BATCH_2024_Q2,C,%RH,True,95.28294060534219,68.0
SENSOR_002,2024-06-21 06:00:00,129.3413385668277,-237.3866389655102,Room_B,BATCH_2024_Q2,C,%RH,True,11.59,65.7
SENSOR_002,2024-06-21 07:00:00,131.3913385668277,-242.0866389655102,Room_B,BATCH_2024_Q2,C,%RH,True,13.64,61.0
SENSOR_002,2024-06-21 08:00:00,131.1513385668277,-241.0866389655102,Room_B,BATCH_2024_Q2,C,%RH,True,13.4,62.0
SENSOR_002,2024-06-21 09:00:00,131.86133856682767,-246.9866389655102,Room_B,BATCH_2024_Q2,C,%RH,True,14.11,56.1
SENSOR_002,2024-06-21 10:00:00,132.4313385668277,-247.5866389655102,Room_B,BATCH_2024_Q2,C,%RH,True,14.68,55.5
SENSOR_002,2024-06-21 11:00:00,133.0213385668277,-249.3866389655102,Room_B,BATCH_2024_Q2,C,%RH,True,15.27,53.7
SENSOR_002,2024-06-22 00:00:00,127.32133856682768,-228.4866389655102,Room_B,BATCH_2024_Q2,C,%RH,True,9.57,74.6
SENSOR_002,2024-06-22 01:00:00,127.21133856682769,-229.0866389655102,Room_B,BATCH_2024_Q2,C,%RH,True,9.46,74.0
SENSOR_002,2024-06-22 02:00:00,126.91133856682768,-230.8866389655102,Room_B,BATCH_2024_Q2,C,%RH,True,9.16,72.2
SENSOR_002,2024-06-22 03:00:00,126.69133856682768,-229.78663896551018,Room_B,BATCH_2024_Q2,C,%RH,True,8.94,73.3
SENSOR_002,2024-06-22 04:00:00,127.99133856682768,-233.5866389655102,Room_B,BATCH_2024_Q2,C,%RH,True,10.24,69.5
SENSOR_002,2024-06-22 05:00:00,128.8313385668277,-233.0866389655102,Room_B,BATCH_2024_Q2,C,%RH,True,11.08,70.0
SENSOR_002,2024-06-22 06:00:00,129.25133856682768,-233.9866389655102,Room_B,BATCH_2024_Q2,C,%RH,True,11.5,69.1
SENSOR_002,2024-06-22 07:00:00,130.88133856682768,,Room_B,BATCH_2024_Q2,C,%RH,True,13.13,
SENSOR_002,2024-06-22 08:00:00,131.3913385668277,-242.28663896551018,Room_B,BATCH_2024_Q2,C,%RH,True,13.64,60.8
SENSOR_002,2024-06-22 09:00:00,131.8413385668277,-243.0866389655102,Room_B,BATCH_2024_Q2,°C,%RH,True,14.09,60.0
SENSOR_002,2024-06-22 10:00:00,132.79133856682768,-244.0866389655102,Room_B,BATCH_2024_Q2,C,%RH,True,15.04,59.0
SENSOR_002,2024-06-22 11:00:00,132.45133856682767,-248.18663896551018,Room_B,BATCH_2024_Q2,C,%RH,True,14.7,54.9
SENSOR_002,2024-06-23 00:00:00,126.11133856682768,-226.18663896551018,Room_B,BATCH_2024_Q2,C,%RH,True,8.36,76.9
SENSOR_002,2024-06-23 01:00:00,126.75133856682768,-229.8866389655102,Room_B,BATCH_2024_Q2,C,%RH,True,9.0,73.2
SENSOR_002,2024-06-23 02:00:00,126.92133856682769,-228.9866389655102,Room_B,BATCH_2024_Q2,C,%RH,True,9.17,74.1
SENSOR_002,2024-06-23 03:00:00,127.47133856682768,-230.78663896551018,Room_B,BATCH_2024_Q2,C,%RH,True,9.72,72.3
SENSOR_002,2024-06-23 04:00:00,127.64133856682768,-230.4866389655102,Room_B,BATCH_2024_Q2,C,%RH,True,9.89,72.6
SENSOR_002,2024-06-23 05:00:00,128.1513385668277,-232.68663896551018,Room_B,BATCH_2024_Q2,C,%RH,True,10.4,70.4
SENSOR_002,2024-06-23 06:00:00,129.2713385668277,-239.4866389655102,Room_B,BATCH_2024_Q2,C,%RH,True,11.52,63.6
SENSOR_002,2024-06-23 07:00:00,129.9613385668277,-238.18663896551018,Room_B,BATCH_2024_Q2,C,%RH,True,12.21,64.9
SENSOR_002,2024-06-23 08:00:00,130.8013385668277,-242.28663896551018,Room_B,BATCH_2024_Q2,C,%RH,True,13.05,60.8
SENSOR_002,2024-06-23 09:00:00,131.3313385668277,-243.0866389655102,Room_B,BATCH_2024_Q2,C,%RH,True,13.58,60.0
SENSOR_002,2024-06-23 10:00:00,131.6513385668277,-243.0866389655102,Room_B,BATCH_2024_Q2,C,%RH,True,13.9,60.0
SENSOR_002,2024-06-23 11:00:00,132.47133856682768,-246.28663896551018,Room_B,BATCH_2024_Q2,C,%RH,True,14.72,56.8
SENSOR_002,2024-06-24 00:00:00,126.26133856682769,-223.5866389655102,Room_B,BATCH_2024_Q2,C,%RH,True,8.51,79.5
SENSOR_002,2024-06-24 01:00:00,126.14133856682768,-226.4866389655102,Room_B,BATCH_2024_Q2,C,%RH,True,8.39,76.6
SENSOR_002,2024-06-24 02:00:00,126.43133856682769,-228.3866389655102,Room_B,BATCH_2024_Q2,C,%RH,True,8.68,74.7
SENSOR_002,2024-06-24 03:00:00,126.39133856682768,-229.4866389655102,Room_B,BATCH_2024_Q2,C,%RH,True,8.64,73.6
SENSOR_002,2024-06-24 04:00:00,127.60133856682768,-232.68663896551018,Room_B,BATCH_2024_Q2,C,%RH,True,9.85,70.4
SENSOR_002,2024-06-24 05:00:00,128.3913385668277,-232.3866389655102,Room_B,BATCH_2024_Q2,C,%RH,True,10.64,70.7
SENSOR_002,2024-06-24 06:00:00,128.70133856682767,-236.9866389655102,Room_B,BATCH_2024_Q2,C,%RH,True,10.95,66.1
SENSOR_002,2024-06-24 07:00:00,130.1513385668277,,Room_B,BATCH_2024_Q2,C,%RH,True,12.4,
SENSOR_002,2024-06-24 08:00:00,130.28133856682769,-238.4866389655102,Room_B,BATCH_2024_Q2,C,%RH,True,12.53,64.6
SENSOR_002,2024-06-24 09:00:00,130.78133856682769,-243.0866389655102,Room_B,BATCH_2024_Q2,C,%RH,True,13.03,60.0
SENSOR_002,2024-06-24 10:00:00,131.1413385668277,-246.28663896551018,Room_B,BATCH_2024_Q2,°C,%RH,True,13.39,56.8
SENSOR_002,2024-06-24 11:00:00,132.01133856682767,-244.8866389655102,Room_B,BATCH_2024_Q2,C,%RH,True,14.26,58.2
SENSOR_002,2024-06-25 00:00:00,164.28133856682769,-228.3866389655102,Room_B,BATCH_2024_Q2,°C,%RH,True,46.53,74.7
SENSOR_002,2024-06-25 01:00:00,126.16133856682768,-228.68663896551018,Room_B,BATCH_2024_Q2,C,%RH,True,8.41,74.4
SENSOR_002,2024-06-25 02:00:00,125.64133856682768,-226.28663896551018,Room_B,BATCH_2024_Q2,C,%RH,True,7.89,76.8
SENSOR_002,2024-06-25 03:00:00,126.44133856682768,-228.4866389655102,Room_B,BATCH_2024_Q2,C,%RH,True,8.69,74.6
SENSOR_002,2024-06-25 04:00:00,126.21133856682769,-230.28663896551018,Room_B,BATCH_2024_Q2,C,%RH,True,8.46,72.8
SENSOR_002,2024-06-25 05:00:00,128.8313385668277,-230.8866389655102,Room_B,BATCH_2024_Q2,C,%RH,True,11.08,72.2
SENSOR_002,2024-06-25 06:00:00,129.02911634460546,-234.78663896551018,Room_B,BATCH_2024_Q2,F,%RH,True,11.277777777777777,68.3
SENSOR_002,2024-06-25 07:00:00,130.0513385668277,-240.4866389655102,Room_B,BATCH_2024_Q2,C,%RH,True,12.3,62.6
SENSOR_002,2024-06-25 08:00:00,129.8013385668277,-238.5866389655102,Room_B,BATCH_2024_Q2,C,%RH,True,12.05,64.5
SENSOR_002,2024-06-25 09:00:00,131.10133856682768,-236.9866389655102,Room_B,BATCH_2024_Q2,C,%RH,True,13.35,66.1
SENSOR_002,2024-06-25 10:00:00,130.7713385668277,-246.18663896551018,Room_B,BATCH_2024_Q2,C,%RH,True,13.02,56.9
SENSOR_002,2024-06-25 11:00:00,131.00133856682768,-247.68663896551018,Room_B,BATCH_2024_Q2,C,%RH,True,13.25,55.4
SENSOR_002,2024-06-26 00:00:00,125.30133856682768,-226.4866389655102,Room_B,BATCH_2024_Q2,°C,%RH,True,7.55,76.6
SENSOR_002,2024-06-26 01:00:00,125.16133856682768,-226.3866389655102,Room_B,BATCH_2024_Q2,C,%RH,True,7.41,76.7
SENSOR_002,2024-06-26 02:00:00,125.63133856682768,-224.5866389655102,Room_B,BATCH_2024_Q2,C,%RH,True,7.88,78.5
SENSOR_002,2024-06-26 03:00:00,126.26133856682769,-228.3866389655102,Room_B,BATCH_2024_Q2,C,%RH,True,8.51,74.7
SENSOR_002,2024-06-26 04:00:00,126.76133856682769,-228.18663896551018,Room_B,BATCH_2024_Q2,C,%RH,True,9.01,74.9
SENSOR_002,2024-06-26 05:00:00,127.56133856682769,-233.5866389655102,Room_B,BATCH_2024_Q2,C,%RH,True,9.81,69.5
SENSOR_002,2024-06-26 06:00:00,128.4313385668277,-234.18663896551018,Room_B,BATCH_2024_Q2,C,%RH,True,10.68,68.9
SENSOR_002,2024-06-26 07:00:00,128.0913385668277,-239.9866389655102,Room_B,BATCH_2024_Q2,C,%RH,True,10.34,63.1
SENSOR_002,2024-06-26 08:00:00,129.54133856682768,-236.28663896551018,Room_B,BATCH_2024_Q2,C,%RH,True,11.79,66.8
SENSOR_002,2024-06-26 09:00:00,130.60133856682768,-239.5866389655102,Room_B,BATCH_2024_Q2,C,%RH,True,12.85,63.5
SENSOR_002,2024-06-26 10:00:00,131.4913385668277,-244.18663896551018,Room_B,BATCH_2024_Q2,C,%RH,True,13.74,58.9
SENSOR_002,2024-06-26 11:00:00,131.54133856682768,-242.78663896551018,Room_B,BATCH_2024_Q2,C,%RH,True,13.79,60.3
SENSOR_002,2024-06-27 00:00:00,124.97133856682768,-226.3866389655102,Room_B,BATCH_2024_Q2,C,%RH,True,7.22,76.7
SENSOR_002,2024-06-27 01:00:00,123.83133856682768,-225.8866389655102,Room_B,BATCH_2024_Q2,C,%RH,True,6.08,77.2
SENSOR_002,2024-06-27 02:00:00,126.16133856682768,-221.9866389655102,Room_B,BATCH_2024_Q2,C,%RH,True,8.41,81.1
SENSOR_002,2024-06-27 03:00:00,125.96133856682769,-225.5866389655102,Room_B,BATCH_2024_Q2,C,%RH,True,8.21,77.5
SENSOR_002,2024-06-27 04:00:00,126.39133856682768,-227.18663896551018,Room_B,BATCH_2024_Q2,C,%RH,True,8.64,75.9
SENSOR_002,2024-06-27 05:00:00,126.85133856682768,-230.0866389655102,Room_B,BATCH_2024_Q2,C,%RH,True,9.1,73.0
SENSOR_002,2024-06-27 06:00:00,128.29133856682768,-229.9866389655102,Room_B,BATCH_2024_Q2,C,%RH,True,10.54,73.1
SENSOR_002,2024-06-27 07:00:00,129.01133856682767,-237.0866389655102,Room_B,BATCH_2024_Q2,C,%RH,True,11.26,66.0
SENSOR_002,2024-06-27 08:00:00,129.4613385668277,-236.68663896551018,Room_B,BATCH_2024_Q2,C,%RH,True,11.71,66.4
SENSOR_002,2024-06-27 09:00:00,129.9013385668277,-243.28663896551018,Room_B,BATCH_2024_Q2,C,%RH,True,12.15,59.8
SENSOR_002,2024-06-27 10:00:00,130.2413385668277,-242.5866389655102,Room_B,BATCH_2024_Q2,C,%RH,True,12.49,60.5
SENSOR_002,2024-06-27 11:00:00,130.7113385668277,-245.3866389655102,Room_B,BATCH_2024_Q2,C,%RH,True,12.96,57.7
SENSOR_002,2024-06-28 00:00:00,124.73133856682769,-220.0866389655102,Room_B,BATCH_2024_Q2,C,%RH,True,6.98,83.0
SENSOR_002,2024-06-28 01:00:00,125.18133856682769,-222.9866389655102,Room_B,BATCH_2024_Q2,C,%RH,True,7.43,80.1
SENSOR_002,2024-06-28 02:00:00,125.11133856682768,-225.28663896551018,Room_B,BATCH_2024_Q2,C,%RH,True,7.36,77.8
SENSOR_002,2024-06-28 03:00:00,125.91133856682768,-227.4866389655102,Room_B,BATCH_2024_Q2,C,%RH,True,8.16,75.6
SENSOR_002,2024-06-28 04:00:00,126.38133856682768,-231.5866389655102,Room_B,BATCH_2024_Q2,C,%RH,True,8.63,71.5
SENSOR_002,2024-06-28 05:00:00,126.28133856682769,-229.18663896551018,Room_B,BATCH_2024_Q2,C,%RH,True,8.53,73.9
SENSOR_002,2024-06-28 06:00:00,127.47133856682768,-234.9866389655102,Room_B,BATCH_2024_Q2,C,%RH,True,9.72,68.1
SENSOR_002,2024-06-28 07:00:00,128.0913385668277,-234.28663896551018,Room_B,BATCH_2024_Q2,C,%RH,True,10.34,68.8
SENSOR_002,2024-06-28 08:00:00,128.5913385668277,-235.18663896551018,Room_B,BATCH_2024_Q2,C,%RH,True,10.84,67.9
SENSOR_002,2024-06-28 09:00:00,129.16133856682768,-237.0866389655102,Room_B,BATCH_2024_Q2,°C,%RH,True,11.41,66.0
SENSOR_002,2024-06-28 10:00:00,129.88133856682768,-242.4866389655102,Room_B,BATCH_2024_Q2,C,%RH,True,12.13,60.6
SENSOR_002,2024-06-28 11:00:00,130.4913385668277,-240.8866389655102,Room_B,BATCH_2024_Q2,C,%RH,True,12.74,62.2
SENSOR_002,2024-06-29 00:00:00,124.35133856682768,-223.28663896551018,Room_B,BATCH_2024_Q2,C,%RH,True,6.6,79.8
SENSOR_002,2024-06-29 01:00:00,124.92133856682769,-222.18663896551018,Room_B,BATCH_2024_Q2,C,%RH,True,7.17,80.9
SENSOR_002,2024-06-29 02:00:00,124.85133856682768,-224.78663896551018,Room_B,BATCH_2024_Q2,C,%RH,True,7.1,78.3
SENSOR_002,2024-06-29 03:00:00,124.30133856682768,-227.0866389655102,Room_B,BATCH_2024_Q2,°C,%RH,True,6.55,76.0
SENSOR_002,2024-06-29 04:00:00,126.30133856682768,-225.5866389655102,Room_B,BATCH_2024_Q2,C,%RH,True,8.55,77.5
SENSOR_002,2024-06-29 05:00:00,126.30133856682768,-231.5866389655102,Room_B,BATCH_2024_Q2,C,%RH,True,8.55,71.5
SENSOR_002,2024-06-29 06:00:00,127.52133856682768,-230.3866389655102,Room_B,BATCH_2024_Q2,C,%RH,True,9.77,72.7
SENSOR_002,2024-06-29 07:00:00,127.30133856682768,-234.5866389655102,Room_B,BATCH_2024_Q2,C,%RH,True,9.55,68.5
SENSOR_002,2024-06-29 08:00:00,129.2113385668277,-237.28663896551018,Room_B,BATCH_2024_Q2,C,%RH,True,11.46,65.8
SENSOR_002,2024-06-29 09:00:00,128.95133856682767,-238.5866389655102,Room_B,BATCH_2024_Q2,C,%RH,True,11.2,64.5
SENSOR_002,2024-06-29 10:00:00,130.3313385668277,-239.9866389655102,Room_B,BATCH_2024_Q2,C,%RH,True,12.58,63.1
SENSOR_002,2024-06-29 11:00:00,130.38133856682768,-244.5866389655102,Room_B,BATCH_2024_Q2,C,%RH,True,12.63,58.5
SENSOR_002,2024-06-30 00:00:00,123.90133856682769,-218.9866389655102,Room_B,BATCH_2024_Q2,C,%RH,True,6.15,84.1
SENSOR_002,2024-06-30 01:00:00,124.06133856682769,-223.3866389655102,Room_B,BATCH_2024_Q2,C,%RH,True,6.31,79.7
SENSOR_002,2024-06-30 02:00:00,123.96133856682768,-222.18663896551018,Room_B,BATCH_2024_Q2,C,%RH,True,6.21,80.9
SENSOR_002,2024-06-30 03:00:00,125.21133856682768,-224.3866389655102,Room_B,BATCH_2024_Q2,C,%RH,True,7.46,78.7
SENSOR_002,2024-06-30 04:00:00,125.06133856682769,-224.68663896551018,Room_B,BATCH_2024_Q2,C,%RH,True,7.31,78.4
SENSOR_002,2024-06-30 05:00:00,125.92133856682769,-231.5866389655102,Room_B,BATCH_2024_Q2,C,%RH,True,8.17,71.5
SENSOR_002,2024-06-30 06:00:00,126.83133856682768,-232.4866389655102,Room_B,BATCH_2024_Q2,C,%RH,True,9.08,70.6
SENSOR_002,2024-06-30 07:00:00,127.80133856682768,-231.28663896551018,Room_B,BATCH_2024_Q2,C,%RH,True,10.05,71.8
SENSOR_002,2024-06-30 08:00:00,128.5513385668277,-235.28663896551018,Room_B,BATCH_2024_Q2,C,%RH,True,10.8,67.8
SENSOR_002,2024-06-30 09:00:00,128.76133856682767,-237.3866389655102,Room_B,BATCH_2024_Q2,C,%RH,True,11.01,65.7
SENSOR_002,2024-06-30 10:00:00,129.42133856682767,-239.5866389655102,Room_B,BATCH_2024_Q2,C,%RH,True,11.67,63.5
SENSOR_002,2024-06-30 11:00:00,130.1513385668277,-238.28663896551018,Room_B,BATCH_2024_Q2,C,%RH,True,12.4,64.8
SENSOR_003,2024-06-01 00:00:00,198.6303703703705,435.40815258588054,Rooftop,BATCH_2024_Q2,C,%RH,True,20.81,62.0
SENSOR_003,2024-06-01 01:00:00,199.6003703703705,440.10815258588053,Rooftop,BATCH_2024_Q2,C,%RH,True,21.78,66.7
SENSOR_003,2024-06-01 02:00:00,199.4803703703705,435.00815258588057,Rooftop,BATCH_2024_Q2,C,%RH,True,21.66,61.6
SENSOR_003,2024-06-01 03:00:00,199.5203703703705,431.70815258588055,Rooftop,BATCH_2024_Q2,C,%RH,True,21.7,58.3
SENSOR_003,2024-06-01 04:00:00,200.50037037037052,431.3081525858805,Rooftop,BATCH_2024_Q2,C,%RH,True,22.68,57.9
SENSOR_003,2024-06-01 05:00:00,201.5203703703705,430.3081525858805,Rooftop,BATCH_2024_Q2,C,%RH,True,23.7,56.9
SENSOR_003,2024-06-01 06:00:00,201.4203703703705,426.40815258588054,Rooftop,BATCH_2024_Q2,C,%RH,True,23.6,53.0
SENSOR_003,2024-06-01 07:00:00,202.66037037037052,429.00815258588057,Rooftop,BATCH_2024_Q2,C,%RH,True,24.84,55.6
SENSOR_003,2024-06-01 08:00:00,202.65037037037052,423.3081525858805,Rooftop,BATCH_2024_Q2,C,%RH,True,24.83,49.9
SENSOR_003,2024-06-01 09:00:00,204.3603703703705,420.00815258588057,Rooftop,BATCH_2024_Q2,C,%RH,True,26.54,46.6
SENSOR_003,2024-06-01 10:00:00,204.5203703703705,418.20815258588055,Rooftop,BATCH_2024_Q2,C,%RH,True,26.7,44.8
SENSOR_003,2024-06-01 11:00:00,204.41037037037052,418.60815258588053,Rooftop,BATCH_2024_Q2,C,%RH,True,26.59,45.2
SENSOR_003,2024-06-02 00:00:00,198.4203703703705,439.10815258588053,Rooftop,BATCH_2024_Q2,C,%RH,True,20.6,65.7
SENSOR_003,2024-06-02 01:00:00,198.0503703703705,434.20815258588055,Rooftop,BATCH_2024_Q2,C,%RH,True,20.23,60.8
SENSOR_003,2024-06-02 02:00:00,198.3603703703705,435.20815258588055,Rooftop,BATCH_2024_Q2,C,%RH,True,20.54,61.8
SENSOR_003,2024-06-02 03:00:00,199.3903703703705,433.90815258588054,Rooftop,BATCH_2024_Q2,C,%RH,True,21.57,60.5
SENSOR_003,2024-06-02 04:00:00,200.9903703703705,427.90815258588054,Rooftop,BATCH_2024_Q2,C,%RH,True,23.17,54.5
SENSOR_003,2024-06-02 05:00:00,200.37037037037052,428.10815258588053,Rooftop,BATCH_2024_Q2,C,%RH,True,22.55,54.7
SENSOR_003,2024-06-02 06:00:00,201.65037037037052,426.8081525858805,Rooftop,BATCH_2024_Q2,C,%RH,True,23.83,53.4
SENSOR_003,2024-06-02 07:00:00,201.97037037037052,423.20815258588055,Rooftop,BATCH_2024_Q2,C,%RH,True,24.15,49.8
SENSOR_003,2024-06-02 08:00:00,203.3303703703705,419.50815258588057,Rooftop,BATCH_2024_Q2,C,%RH,True,25.51,46.1
SENSOR_003,2024-06-02 09:00:00,203.75037037037052,416.8081525858805,Rooftop,BATCH_2024_Q2,C,%RH,True,25.93,43.4
SENSOR_003,2024-06-02 10:00:00,203.3503703703705,416.90815258588054,Rooftop,BATCH_2024_Q2,C,%RH,True,25.53,43.5
SENSOR_003,2024-06-02 11:00:00,205.16037037037052,415.3081525858805,Rooftop,BATCH_2024_Q2,C,%RH,True,27.34,41.9
SENSOR_003,2024-06-03 00:00:00,197.94037037037052,436.10815258588053,Rooftop,BATCH_2024_Q2,C,%RH,True,20.12,62.7
SENSOR_003,2024-06-03 01:00:00,198.0803703703705,433.60815258588053,Rooftop,BATCH_2024_Q2,C,%RH,True,20.26,60.2
SENSOR_003,2024-06-03 02:00:00,198.7903703703705,432.90815258588054,Rooftop,BATCH_2024_Q2,C,%RH,True,20.97,59.5
SENSOR_003,2024-06-03 03:00:00,198.9803703703705,431.60815258588053,Rooftop,BATCH_2024_Q2,C,%RH,True,21.16,58.2
SENSOR_003,2024-06-03 04:00:00,199.91037037037052,430.8081525858805,Rooftop,BATCH_2024_Q2,C,%RH,True,22.09,57.4
SENSOR_003,2024-06-03 05:00:00,200.62037037037052,427.50815258588057,Rooftop,BATCH_2024_Q2,C,%RH,True,22.8,54.1
SENSOR_003,2024-06-03 06:00:00,201.2603703703705,422.60815258588053,Rooftop,BATCH_2024_Q2,C,%RH,True,23.44,49.2
SENSOR_003,2024-06-03 07:00:00,202.25037037037052,421.60815258588053,Rooftop,BATCH_2024_Q2,C,%RH,True,24.43,48.2
SENSOR_003,2024-06-03 08:00:00,202.4803703703705,419.70815258588055,Rooftop,BATCH_2024_Q2,C,%RH,True,24.66,46.3
SENSOR_003,2024-06-03 09:00:00,203.09037037037052,415.3081525858805,Rooftop,BATCH_2024_Q2,C,%RH,True,25.27,41.9
SENSOR_003,2024-06-03 10:00:00,203.31037037037052,419.10815258588053,Rooftop,BATCH_2024_Q2,C,%RH,True,25.49,45.7
SENSOR_003,2024-06-03 11:00:00,,415.3081525858805,Rooftop,BATCH_2024_Q2,C,%RH,True,,41.9
SENSOR_003,2024-06-04 00:00:00,196.6003703703705,436.20815258588055,Rooftop,BATCH_2024_Q2,C,%RH,True,18.78,62.8
SENSOR_003,2024-06-04 01:00:00,196.9503703703705,436.10815258588053,Rooftop,BATCH_2024_Q2,C,%RH,True,19.13,62.7
SENSOR_003,2024-06-04 02:00:00,197.84037037037052,431.90815258588054,Rooftop,BATCH_2024_Q2,C,%RH,True,20.02,58.5
SENSOR_003,2024-06-04 03:00:00,198.81037037037052,431.50815258588057,Rooftop,BATCH_2024_Q2,C,%RH,True,20.99,58.1
SENSOR_003,2024-06-04 04:00:00,198.7903703703705,428.60815258588053,Rooftop,BATCH_2024_Q2,C,%RH,True,20.97,55.2
SENSOR_003,2024-06-04 05:00:00,200.75037037037052,423.20815258588055,Rooftop,BATCH_2024_Q2,C,%RH,True,22.93,49.8
SENSOR_003,2024-06-04 06:00:00,201.44037037037052,425.8081525858805,Rooftop,BATCH_2024_Q2,C,%RH,True,23.62,52.4
SENSOR_003,2024-06-04 07:00:00,,417.20815258588055,Rooftop,BATCH_2024_Q2,C,%RH,True,,43.8
SENSOR_003,2024-06-04 08:00:00,201.5103703703705,420.40815258588054,Rooftop,BATCH_2024_Q2,C,%RH,True,23.69,47.0
SENSOR_003,2024-06-04 09:00:00,202.1703703703705,417.70815258588055,Rooftop,BATCH_2024_Q2,C,%RH,True,24.35,44.3
SENSOR_003,2024-06-04 10:00:00,202.3603703703705,416.60815258588053,Rooftop,BATCH_2024_Q2,C,%RH,True,24.54,43.2
SENSOR_003,2024-06-04 11:00:00,202.6703703703705,414.90815258588054,Rooftop,BATCH_2024_Q2,C,%RH,True,24.85,41.5
SENSOR_003,2024-06-05 00:00:00,197.65037037037052,432.70815258588055,Rooftop,BATCH_2024_Q2,C,%RH,True,19.83,59.3
SENSOR_003,2024-06-05 01:00:00,197.0103703703705,433.20815258588055,Rooftop,BATCH_2024_Q2,C,%RH,True,19.19,59.8
SENSOR_003,2024-06-05 02:00:00,197.8803703703705,431.3081525858805,Rooftop,BATCH_2024_Q2,C,%RH,True,20.06,57.9
SENSOR_003,2024-06-05 03:00:00,198.8603703703705,427.8081525858805,Rooftop,BATCH_2024_Q2,C,%RH,True,21.04,54.4
SENSOR_003,2024-06-05 04:00:00,198.6303703703705,428.00815258588057,Rooftop,BATCH_2024_Q2,C,%RH,True,20.81,54.6
SENSOR_003,2024-06-05 05:00:00,198.6303703703705,426.60815258588053,Rooftop,BATCH_2024_Q2,C,%RH,True,20.81,53.2
SENSOR_003,2024-06-05 06:00:00,200.0103703703705,423.90815258588054,Rooftop,BATCH_2024_Q2,C,%RH,True,22.19,50.5
SENSOR_003,2024-06-05 07:00:00,200.7703703703705,420.60815258588053,Rooftop,BATCH_2024_Q2,C,%RH,True,22.95,47.2
SENSOR_003,2024-06-05 08:00:00,201.1303703703705,417.20815258588055,Rooftop,BATCH_2024_Q2,C,%RH,True,23.31,43.8
SENSOR_003,2024-06-05 09:00:00,201.81037037037052,413.8081525858805,Rooftop,BATCH_2024_Q2,C,%RH,True,23.99,40.4
SENSOR_003,2024-06-05 10:00:00,202.4303703703705,412.90815258588054,Rooftop,BATCH_2024_Q2,C,%RH,True,24.61,39.5
SENSOR_003,2024-06-05 11:00:00,203.4203703703705,415.20815258588055,Rooftop,BATCH_2024_Q2,C,%RH,True,25.6,41.8
SENSOR_003,2024-06-06 00:00:00,196.3603703703705,432.00815258588057,Rooftop,BATCH_2024_Q2,C,%RH,True,18.54,58.6
SENSOR_003,2024-06-06 01:00:00,197.3203703703705,431.50815258588057,Rooftop,BATCH_2024_Q2,C,%RH,True,19.5,58.1
SENSOR_003,2024-06-06 02:00:00,196.6803703703705,429.50815258588057,Rooftop,BATCH_2024_Q2,C,%RH,True,18.86,56.1
SENSOR_003,2024-06-06 03:00:00,197.84037037037052,429.3081525858805,Rooftop,BATCH_2024_Q2,C,%RH,True,20.02,55.9
SENSOR_003,2024-06-06 04:00:00,198.3803703703705,429.50815258588057,Rooftop,BATCH_2024_Q2,C,%RH,True,20.56,56.1
SENSOR_003,2024-06-06 05:00:00,199.40037037037052,424.3081525858805,Rooftop,BATCH_2024_Q2,°C,%RH,True,21.58,50.9
SENSOR_003,2024-06-06 06:00:00,199.3903703703705,422.50815258588057,Rooftop,BATCH_2024_Q2,C,%RH,True,21.57,49.1
SENSOR_003,2024-06-06 07:00:00,200.3903703703705,418.60815258588053,Rooftop,BATCH_2024_Q2,C,%RH,True,22.57,45.2
SENSOR_003,2024-06-06 08:00:00,201.28037037037052,420.40815258588054,Rooftop,BATCH_2024_Q2,C,%RH,True,23.46,47.0
SENSOR_003,2024-06-06 09:00:00,202.3303703703705,410.60815258588053,Rooftop,BATCH_2024_Q2,C,%RH,True,24.51,37.2
SENSOR_003,2024-06-06 10:00:00,202.2303703703705,410.50815258588057,Rooftop,BATCH_2024_Q2,C,%RH,True,24.41,37.1
SENSOR_003,2024-06-06 11:00:00,202.6103703703705,412.00815258588057,Rooftop,BATCH_2024_Q2,C,%RH,True,24.79,38.6
SENSOR_003,2024-06-07 00:00:00,196.4203703703705,436.40815258588054,Rooftop,BATCH_2024_Q2,C,%RH,True,18.6,63.0
SENSOR_003,2024-06-07 01:00:00,196.6803703703705,429.60815258588053,Rooftop,BATCH_2024_Q2,C,%RH,True,18.86,56.2
SENSOR_003,2024-06-07 02:00:00,196.87037037037052,430.60815258588053,Rooftop,BATCH_2024_Q2,C,%RH,True,19.05,57.2
SENSOR_003,2024-06-07 03:00:00,197.40037037037052,429.10815258588053,Rooftop,BATCH_2024_Q2,C,%RH,True,19.58,55.7
SENSOR_003,2024-06-07 04:00:00,197.4903703703705,426.40815258588054,Rooftop,BATCH_2024_Q2,C,%RH,True,19.67,53.0
SENSOR_003,2024-06-07 05:00:00,198.8981481481483,425.8081525858805,Rooftop,BATCH_2024_Q2,F,%RH,True,21.077777777777776,52.4
SENSOR_003,2024-06-07 06:00:00,199.3503703703705,418.90815258588054,Rooftop,BATCH_2024_Q2,C,%RH,True,21.53,45.5
SENSOR_003,2024-06-07 07:00:00,199.40037037037052,415.3081525858805,Rooftop,BATCH_2024_Q2,C,%RH,True,21.58,41.9
SENSOR_003,2024-06-07 08:00:00,200.9203703703705,416.70815258588055,Rooftop,BATCH_2024_Q2,C,%RH,True,23.1,43.3
SENSOR_003,2024-06-07 09:00:00,201.5403703703705,416.20815258588055,Rooftop,BATCH_2024_Q2,C,%RH,True,23.72,42.8
SENSOR_003,2024-06-07 10:00:00,201.59037037037052,412.10815258588053,Rooftop,BATCH_2024_Q2,C,%RH,True,23.77,38.7
SENSOR_003,2024-06-07 11:00:00,201.2703703703705,,Rooftop,BATCH_2024_Q2,C,%RH,True,23.45,
SENSOR_003,2024-06-08 00:00:00,195.69037037037052,433.20815258588055,Rooftop,BATCH_2024_Q2,C,%RH,True,17.87,59.8
SENSOR_003,2024-06-08 01:00:00,196.2703703703705,430.3081525858805,Rooftop,BATCH_2024_Q2,C,%RH,True,18.45,56.9
SENSOR_003,2024-06-08 02:00:00,196.0403703703705,430.10815258588053,Rooftop,BATCH_2024_Q2,C,%RH,True,18.22,56.7
SENSOR_003,2024-06-08 03:00:00,196.87037037037052,428.00815258588057,Rooftop,BATCH_2024_Q2,C,%RH,True,19.05,54.6
SENSOR_003,2024-06-08 04:00:00,197.03037037037052,425.50815258588057,Rooftop,BATCH_2024_Q2,C,%RH,True,19.21,52.1
SENSOR_003,2024-06-08 05:00:00,197.9503703703705,420.3081525858805,Rooftop,BATCH_2024_Q2,C,%RH,True,20.13,46.9
SENSOR_003,2024-06-08 06:00:00,199.00037037037052,418.90815258588054,Rooftop,BATCH_2024_Q2,C,%RH,True,21.18,45.5
SENSOR_003,2024-06-08 07:00:00,199.1103703703705,416.70815258588055,Rooftop,BATCH_2024_Q2,C,%RH,True,21.29,43.3
SENSOR_003,2024-06-08 08:00:00,199.84037037037052,417.00815258588057,Rooftop,BATCH_2024_Q2,C,%RH,True,22.02,43.6
SENSOR_003,2024-06-08 09:00:00,200.71037037037053,413.00815258588057,Rooftop,BATCH_2024_Q2,C,%RH,True,22.89,39.6
SENSOR_003,2024-06-08 10:00:00,201.0203703703705,411.20815258588055,Rooftop,BATCH_2024_Q2,C,%RH,True,23.2,37.8
SENSOR_003,2024-06-08 11:00:00,201.31037037037052,412.8081525858805,Rooftop,BATCH_2024_Q2,C,%RH,True,23.49,39.4
SENSOR_003,2024-06-09 00:00:00,195.47037037037052,428.70815258588055,Rooftop,BATCH_2024_Q2,C,%RH,True,17.65,55.3
SENSOR_003,2024-06-09 01:00:00,196.2303703703705,429.20815258588055,Rooftop,BATCH_2024_Q2,C,%RH,True,18.41,55.8
SENSOR_003,2024-06-09 02:00:00,195.90037037037052,429.70815258588055,Rooftop,BATCH_2024_Q2,C,%RH,True,18.08,56.3
SENSOR_003,2024-06-09 03:00:00,195.56037037037052,425.90815258588054,Rooftop,BATCH_2024_Q2,C,%RH,True,17.74,52.5
SENSOR_003,2024-06-09 04:00:00,196.0403703703705,422.50815258588057,Rooftop,BATCH_2024_Q2,C,%RH,True,18.22,49.1
SENSOR_003,2024-06-09 05:00:00,196.5203703703705,424.3081525858805,Rooftop,BATCH_2024_Q2,F,%RH,True,18.7,50.9
SENSOR_003,2024-06-09 06:00:00,198.06037037037052,420.90815258588054,Rooftop,BATCH_2024_Q2,C,%RH,True,20.24,47.5
SENSOR_003,2024-06-09 07:00:00,198.7303703703705,412.3081525858805,Rooftop,BATCH_2024_Q2,C,%RH,True,20.91,38.9
SENSOR_003,2024-06-09 08:00:00,199.1103703703705,416.00815258588057,Rooftop,BATCH_2024_Q2,C,%RH,True,21.29,42.6
SENSOR_003,2024-06-09 09:00:00,200.7303703703705,410.60815258588053,Rooftop,BATCH_2024_Q2,C,%RH,True,22.91,37.2
SENSOR_003,2024-06-09 10:00:00,200.8503703703705,409.70815258588055,Rooftop,BATCH_2024_Q2,C,%RH,True,23.03,36.3
SENSOR_003,2024-06-09 11:00:00,201.8503703703705,411.70815258588055,Rooftop,BATCH_2024_Q2,C,%RH,True,24.03,38.3
SENSOR_003,2024-06-10 00:00:00,194.41037037037052,427.8081525858805,Rooftop,BATCH_2024_Q2,C,%RH,True,16.59,54.4
SENSOR_003,2024-06-10 01:00:00,195.12037037037052,430.20815258588055,Rooftop,BATCH_2024_Q2,C,%RH,True,17.3,56.8
SENSOR_003,2024-06-10 02:00:00,195.2403703703705,426.70815258588055,Rooftop,BATCH_2024_Q2,C,%RH,True,17.42,53.3
SENSOR_003,2024-06-10 03:00:00,275.0727139225837,424.8081525858805,Rooftop,BATCH_2024_Q2,C,%RH,True,97.25234355221323,51.4
SENSOR_003,2024-06-10 04:00:00,196.6303703703705,421.90815258588054,Rooftop,BATCH_2024_Q2,C,%RH,True,18.81,48.5
SENSOR_003,2024-06-10 05:00:00,196.7003703703705,418.8081525858805,Rooftop,BATCH_2024_Q2,C,%RH,True,18.88,45.4
SENSOR_003,2024-06-10 06:00:00,198.46037037037053,419.3081525858805,Rooftop,BATCH_2024_Q2,C,%RH,True,20.64,45.9
SENSOR_003,2024-06-10 07:00:00,198.4203703703705,412.3081525858805,Rooftop,BATCH_2024_Q2,C,%RH,True,20.6,38.9
SENSOR_003,2024-06-10 08:00:00,198.7603703703705,410.10815258588053,Rooftop,BATCH_2024_Q2,C,%RH,True,20.94,36.7
SENSOR_003,2024-06-10 09:00:00,199.81037037037052,407.50815258588057,Rooftop,BATCH_2024_Q2,C,%RH,True,21.99,34.1
SENSOR_003,2024-06-10 10:00:00,,408.20815258588055,Rooftop,BATCH_2024_Q2,C,%RH,True,,34.8
SENSOR_003,2024-06-10 11:00:00,200.78037037037052,410.3081525858805,Rooftop,BATCH_2024_Q2,C,%RH,True,22.96,36.9
SENSOR_003,2024-06-11 00:00:00,194.09037037037052,428.3081525858805,Rooftop,BATCH_2024_Q2,C,%RH,True,16.27,54.9
SENSOR_003,2024-06-11 01:00:00,193.84037037037052,,Rooftop,BATCH_2024_Q2,C,%RH,True,16.02,
SENSOR_003,2024-06-11 02:00:00,195.50037037037052,428.20815258588055,Rooftop,BATCH_2024_Q2,C,%RH,True,17.68,54.8
SENSOR_003,2024-06-11 03:00:00,195.15037037037052,424.50815258588057,Rooftop,BATCH_2024_Q2,C,%RH,True,17.33,51.1
SENSOR_003,2024-06-11 04:00:00,195.9803703703705,418.50815258588057,Rooftop,BATCH_2024_Q2,C,%RH,True,18.16,45.1
SENSOR_003,2024-06-11 05:00:00,196.84037037037052,422.10815258588053,Rooftop,BATCH_2024_Q2,C,%RH,True,19.02,48.7
SENSOR_003,2024-06-11 06:00:00,196.97037037037052,414.8081525858805,Rooftop,BATCH_2024_Q2,C,%RH,True,19.15,41.4
SENSOR_003,2024-06-11 07:00:00,198.1003703703705,414.70815258588055,Rooftop,BATCH_2024_Q2,C,%RH,True,20.28,41.3
SENSOR_003,2024-06-11 08:00:00,198.66037037037052,412.00815258588057,Rooftop,BATCH_2024_Q2,C,%RH,True,20.84,38.6
SENSOR_003,2024-06-11 09:00:00,199.87037037037052,409.40815258588054,Rooftop,BATCH_2024_Q2,C,%RH,True,22.05,36.0
SENSOR_003,2024-06-11 10:00:00,200.0103703703705,411.3081525858805,Rooftop,BATCH_2024_Q2,C,%RH,True,22.19,37.9
SENSOR_003,2024-06-11 11:00:00,200.3203703703705,406.90815258588054,Rooftop,BATCH_2024_Q2,C,%RH,True,22.5,33.5
SENSOR_003,2024-06-12 00:00:00,193.6803703703705,426.3081525858805,Rooftop,BATCH_2024_Q2,C,%RH,True,15.86,52.9
SENSOR_003,2024-06-12 01:00:00,194.44037037037052,425.40815258588054,Rooftop,BATCH_2024_Q2,C,%RH,True,16.62,52.0
SENSOR_003,2024-06-12 02:00:00,194.4503703703705,423.40815258588054,Rooftop,BATCH_2024_Q2,C,%RH,True,16.63,50.0
SENSOR_003,2024-06-12 03:00:00,195.1803703703705,423.60815258588053,Rooftop,BATCH_2024_Q2,C,%RH,True,17.36,50.2
SENSOR_003,2024-06-12 04:00:00,195.09037037037052,420.00815258588057,Rooftop,BATCH_2024_Q2,C,%RH,True,17.27,46.6
SENSOR_003,2024-06-12 05:00:00,196.47037037037052,419.60815258588053,Rooftop,BATCH_2024_Q2,C,%RH,True,18.65,46.2
SENSOR_003,2024-06-12 06:00:00,196.40037037037052,415.8081525858805,Rooftop,BATCH_2024_Q2,C,%RH,True,18.58,42.4
SENSOR_003,2024-06-12 07:00:00,196.96037037037053,412.60815258588053,Rooftop,BATCH_2024_Q2,C,%RH,True,19.14,39.2
SENSOR_003,2024-06-12 08:00:00,198.6803703703705,412.50815258588057,Rooftop,BATCH_2024_Q2,C,%RH,True,20.86,39.1
SENSOR_003,2024-06-12 09:00:00,198.5703703703705,409.20815258588055,Rooftop,BATCH_2024_Q2,C,%RH,True,20.75,35.8
SENSOR_003,2024-06-12 10:00:00,199.2003703703705,407.40815258588054,Rooftop,BATCH_2024_Q2,C,%RH,True,21.38,34.0
SENSOR_003,2024-06-12 11:00:00,199.7403703703705,405.70815258588055,Rooftop,BATCH_2024_Q2,C,%RH,True,21.92,32.3
SENSOR_003,2024-06-13 00:00:00,193.0803703703705,425.90815258588054,Rooftop,BATCH_2024_Q2,C,%RH,True,15.26,52.5
SENSOR_003,2024-06-13 01:00:00,192.90037037037052,424.00815258588057,Rooftop,BATCH_2024_Q2,°C,%RH,True,15.08,50.6
SENSOR_003,2024-06-13 02:00:00,193.9903703703705,422.50815258588057,Rooftop,BATCH_2024_Q2,C,%RH,True,16.17,49.1
SENSOR_003,2024-06-13 03:00:00,194.8603703703705,423.40815258588054,Rooftop,BATCH_2024_Q2,C,%RH,True,17.04,50.0
SENSOR_003,2024-06-13 04:00:00,195.1803703703705,420.10815258588053,Rooftop,BATCH_2024_Q2,C,%RH,True,17.36,46.7
SENSOR_003,2024-06-13 05:00:00,195.6703703703705,419.60815258588053,Rooftop,BATCH_2024_Q2,C,%RH,True,17.85,46.2
SENSOR_003,2024-06-13 06:00:00,196.3303703703705,416.70815258588055,Rooftop,BATCH_2024_Q2,C,%RH,True,18.51,43.3
SENSOR_003,2024-06-13 07:00:00,197.5703703703705,411.70815258588055,Rooftop,BATCH_2024_Q2,C,%RH,True,19.75,38.3
SENSOR_003,2024-06-13 08:00:00,198.4303703703705,410.3081525858805,Rooftop,BATCH_2024_Q2,C,%RH,True,20.61,36.9
SENSOR_003,2024-06-13 09:00:00,198.16037037037052,406.20815258588055,Rooftop,BATCH_2024_Q2,C,%RH,True,20.34,32.8
SENSOR_003,2024-06-13 10:00:00,199.47037037037052,406.70815258588055,Rooftop,BATCH_2024_Q2,C,%RH,True,21.65,33.3
SENSOR_003,2024-06-13 11:00:00,199.46037037037053,,Rooftop,BATCH_2024_Q2,C,%RH,True,21.64,
SENSOR_003,2024-06-14 00:00:00,192.37037037037052,421.20815258588055,Rooftop,BATCH_2024_Q2,C,%RH,True,14.55,47.8
SENSOR_003,2024-06-14 01:00:00,193.5203703703705,423.70815258588055,Rooftop,BATCH_2024_Q2,C,%RH,True,15.7,50.3
SENSOR_003,2024-06-14 02:00:00,193.16037037037052,425.60815258588053,Rooftop,BATCH_2024_Q2,C,%RH,True,15.34,52.2
SENSOR_003,2024-06-14 03:00:00,193.3303703703705,422.00815258588057,Rooftop,BATCH_2024_Q2,C,%RH,True,15.51,48.6
SENSOR_003,2024-06-14 04:00:00,194.3203703703705,422.60815258588053,Rooftop,BATCH_2024_Q2,C,%RH,True,16.5,49.2
SENSOR_003,2024-06-14 05:00:00,195.5103703703705,415.10815258588053,Rooftop,BATCH_2024_Q2,C,%RH,True,17.69,41.7
SENSOR_003,2024-06-14 06:00:00,195.6703703703705,413.90815258588054,Rooftop,BATCH_2024_Q2,C,%RH,True,17.85,40.5
SENSOR_003,2024-06-14 07:00:00,196.9803703703705,413.10815258588053,Rooftop,BATCH_2024_Q2,C,%RH,True,19.16,39.7
SENSOR_003,2024-06-14 08:00:00,197.28037037037052,406.8081525858805,Rooftop,BATCH_2024_Q2,C,%RH,True,19.46,33.4
SENSOR_003,2024-06-14 09:00:00,197.53037037037052,405.50815258588057,Rooftop,BATCH_2024_Q2,C,%RH,True,19.71,32.1
SENSOR_003,2024-06-14 10:00:00,198.47037037037052,408.10815258588053,Rooftop,BATCH_2024_Q2,C,%RH,True,20.65,34.7
SENSOR_003,2024-06-14 11:00:00,198.59037037037052,407.50815258588057,Rooftop,BATCH_2024_Q2,C,%RH,True,20.77,34.1
SENSOR_003,2024-06-15 00:00:00,192.40037037037052,421.90815258588054,Rooftop,BATCH_2024_Q2,C,%RH,True,14.58,48.5
SENSOR_003,2024-06-15 01:00:00,192.59037037037052,422.8081525858805,Rooftop,BATCH_2024_Q2,C,%RH,True,14.77,49.4
SENSOR_003,2024-06-15 02:00:00,192.78037037037052,423.20815258588055,Rooftop,BATCH_2024_Q2,C,%RH,True,14.96,49.8
SENSOR_003,2024-06-15 03:00:00,193.2303703703705,417.90815258588054,Rooftop,BATCH_2024_Q2,C,%RH,True,15.41,44.5
SENSOR_003,2024-06-15 04:00:00,194.1303703703705,415.60815258588053,Rooftop,BATCH_2024_Q2,C,%RH,True,16.31,42.2
SENSOR_003,2024-06-15 05:00:00,195.9803703703705,417.40815258588054,Rooftop,BATCH_2024_Q2,C,%RH,True,18.16,44.0
SENSOR_003,2024-06-15 06:00:00,194.96037037037053,409.90815258588054,Rooftop,BATCH_2024_Q2,C,%RH,True,17.14,36.5
SENSOR_003,2024-06-15 07:00:00,195.8603703703705,411.00815258588057,Rooftop,BATCH_2024_Q2,C,%RH,True,18.04,37.6
SENSOR_003,2024-06-15 08:00:00,197.0103703703705,409.40815258588054,Rooftop,BATCH_2024_Q2,C,%RH,True,19.19,36.0
SENSOR_003,2024-06-15 09:00:00,197.0803703703705,408.50815258588057,Rooftop,BATCH_2024_Q2,C,%RH,True,19.26,35.1
SENSOR_003,2024-06-15 10:00:00,197.9203703703705,402.20815258588055,Rooftop,BATCH_2024_Q2,C,%RH,True,20.1,28.8
SENSOR_003,2024-06-15 11:00:00,198.2903703703705,402.40815258588054,Rooftop,BATCH_2024_Q2,C,%RH,True,20.47,29.0
SENSOR_003,2024-06-16 00:00:00,191.8503703703705,425.50815258588057,Rooftop,BATCH_2024_Q2,C,%RH,True,14.03,52.1
SENSOR_003,2024-06-16 01:00:00,191.9203703703705,419.90815258588054,Rooftop,BATCH_2024_Q2,C,%RH,True,14.1,46.5
SENSOR_003,2024-06-16 02:00:00,192.34037037037052,421.10815258588053,Rooftop,BATCH_2024_Q2,C,%RH,True,14.52,47.7
SENSOR_003,2024-06-16 03:00:00,193.0103703703705,421.60815258588053,Rooftop,BATCH_2024_Q2,C,%RH,True,15.19,48.2
SENSOR_003,2024-06-16 04:00:00,194.41037037037052,416.20815258588055,Rooftop,BATCH_2024_Q2,C,%RH,True,16.59,42.8
SENSOR_003,2024-06-16 05:00:00,194.03037037037052,415.20815258588055,Rooftop,BATCH_2024_Q2,C,%RH,True,16.21,41.8
SENSOR_003,2024-06-16 06:00:00,195.3303703703705,411.70815258588055,Rooftop,BATCH_2024_Q2,C,%RH,True,17.51,38.3
SENSOR_003,2024-06-16 07:00:00,195.16037037037052,409.90815258588054,Rooftop,BATCH_2024_Q2,C,%RH,True,17.34,36.5
SENSOR_003,2024-06-16 08:00:00,196.8203703703705,409.50815258588057,Rooftop,BATCH_2024_Q2,C,%RH,True,19.0,36.1
SENSOR_003,2024-06-16 09:00:00,196.6703703703705,404.40815258588054,Rooftop,BATCH_2024_Q2,C,%RH,True,18.85,31.0
SENSOR_003,2024-06-16 10:00:00,196.90037037037052,400.20815258588055,Rooftop,BATCH_2024_Q2,C,%RH,True,19.08,26.8
SENSOR_003,2024-06-16 11:00:00,197.8903703703705,402.10815258588053,Rooftop,BATCH_2024_Q2,C,%RH,True,20.07,28.7
SENSOR_003,2024-06-17 00:00:00,192.8003703703705,420.50815258588057,Rooftop,BATCH_2024_Q2,C,%RH,True,14.98,47.1
SENSOR_003,2024-06-17 01:00:00,190.8981481481483,420.3081525858805,Rooftop,BATCH_2024_Q2,F,%RH,True,13.077777777777776,46.9
SENSOR_003,2024-06-17 02:00:00,191.7903703703705,422.3081525858805,Rooftop,BATCH_2024_Q2,C,%RH,True,13.97,48.9
SENSOR_003,2024-06-17 03:00:00,191.94037037037052,415.40815258588054,Rooftop,BATCH_2024_Q2,C,%RH,True,14.12,42.0
SENSOR_003,2024-06-17 04:00:00,193.16037037037052,418.20815258588055,Rooftop,BATCH_2024_Q2,C,%RH,True,15.34,44.8
SENSOR_003,2024-06-17 05:00:00,193.3603703703705,415.10815258588053,Rooftop,BATCH_2024_Q2,C,%RH,True,15.54,41.7
SENSOR_003,2024-06-17 06:00:00,193.44259259259275,411.00815258588057,Rooftop,BATCH_2024_Q2,F,%RH,True,15.622222222222222,37.6
SENSOR_003,2024-06-17 07:00:00,195.5503703703705,409.8081525858805,Rooftop,BATCH_2024_Q2,C,%RH,True,17.73,36.4
SENSOR_003,2024-06-17 08:00:00,196.1403703703705,405.3081525858805,Rooftop,BATCH_2024_Q2,C,%RH,True,18.32,31.9
SENSOR_003,2024-06-17 09:00:00,196.44037037037052,403.50815258588057,Rooftop,BATCH_2024_Q2,C,%RH,True,18.62,30.1
SENSOR_003,2024-06-17 10:00:00,197.1703703703705,400.70815258588055,Rooftop,BATCH_2024_Q2,C,%RH,True,19.35,27.3
SENSOR_003,2024-06-17 11:00:00,197.0403703703705,401.10815258588053,Rooftop,BATCH_2024_Q2,C,%RH,True,19.22,27.7
SENSOR_003,2024-06-18 00:00:00,191.25037037037052,,Rooftop,BATCH_2024_Q2,C,%RH,True,13.43,
SENSOR_003,2024-06-18 01:00:00,190.96481481481496,418.00815258588057,Rooftop,BATCH_2024_Q2,F,%RH,True,13.144444444444442,44.6
SENSOR_003,2024-06-18 02:00:00,191.4903703703705,418.90815258588054,Rooftop,BATCH_2024_Q2,C,%RH,True,13.67,45.5
SENSOR_003,2024-06-18 03:00:00,192.8203703703705,416.8081525858805,Rooftop,BATCH_2024_Q2,C,%RH,True,15.0,43.4
SENSOR_003,2024-06-18 04:00:00,193.2703703703705,416.10815258588053,Rooftop,BATCH_2024_Q2,C,%RH,True,15.45,42.7
SENSOR_003,2024-06-18 05:00:00,193.1803703703705,417.70815258588055,Rooftop,BATCH_2024_Q2,C,%RH,True,15.36,44.3
SENSOR_003,2024-06-18 06:00:00,193.9803703703705,409.8081525858805,Rooftop,BATCH_2024_Q2,C,%RH,True,16.16,36.4
SENSOR_003,2024-06-18 07:00:00,194.75037037037052,,Rooftop,BATCH_2024_Q2,C,%RH,True,16.93,
SENSOR_003,2024-06-18 08:00:00,195.65037037037052,406.10815258588053,Rooftop,BATCH_2024_Q2,°C,%RH,True,17.83,32.7
SENSOR_003,2024-06-18 09:00:00,195.56037037037052,404.00815258588057,Rooftop,BATCH_2024_Q2,C,%RH,True,17.74,30.6
SENSOR_003,2024-06-18 10:00:00,196.50037037037052,401.90815258588054,Rooftop,BATCH_2024_Q2,C,%RH,True,18.68,28.5
SENSOR_003,2024-06-18 11:00:00,197.25037037037052,400.20815258588055,Rooftop,BATCH_2024_Q2,C,%RH,True,19.43,26.8
SENSOR_003,2024-06-19 00:00:00,191.0203703703705,420.3081525858805,Rooftop,BATCH_2024_Q2,C,%RH,True,13.2,46.9
SENSOR_003,2024-06-19 01:00:00,191.03037037037052,415.90815258588054,Rooftop,BATCH_2024_Q2,C,%RH,True,13.21,42.5
SENSOR_003,2024-06-19 02:00:00,190.8003703703705,419.8081525858805,Rooftop,BATCH_2024_Q2,C,%RH,True,12.98,46.4
SENSOR_003,2024-06-19 03:00:00,192.2303703703705,416.50815258588057,Rooftop,BATCH_2024_Q2,C,%RH,True,14.41,43.1
SENSOR_003,2024-06-19 04:00:00,191.3503703703705,413.90815258588054,Rooftop,BATCH_2024_Q2,C,%RH,True,13.53,40.5
SENSOR_003,2024-06-19 05:00:00,192.2903703703705,411.20815258588055,Rooftop,BATCH_2024_Q2,C,%RH,True,14.47,37.8
SENSOR_003,2024-06-19 06:00:00,193.1403703703705,409.00815258588057,Rooftop,BATCH_2024_Q2,C,%RH,True,15.32,35.6
SENSOR_003,2024-06-19 07:00:00,194.28037037037052,401.90815258588054,Rooftop,BATCH_2024_Q2,C,%RH,True,16.46,28.5
SENSOR_003,2024-06-19 08:00:00,194.81037037037052,404.90815258588054,Rooftop,BATCH_2024_Q2,C,%RH,True,16.99,31.5
SENSOR_003,2024-06-19 09:00:00,195.9503703703705,400.3081525858805,Rooftop,BATCH_2024_Q2,C,%RH,True,18.13,26.9
SENSOR_003,2024-06-19 10:00:00,196.1003703703705,399.00815258588057,Rooftop,BATCH_2024_Q2,C,%RH,True,18.28,25.6
SENSOR_003,2024-06-19 11:00:00,196.0403703703705,402.40815258588054,Rooftop,BATCH_2024_Q2,C,%RH,True,18.22,29.0
SENSOR_003,2024-06-20 00:00:00,190.31037037037052,418.90815258588054,Rooftop,BATCH_2024_Q2,C,%RH,True,12.49,45.5
SENSOR_003,2024-06-20 01:00:00,190.66037037037052,422.3081525858805,Rooftop,BATCH_2024_Q2,C,%RH,True,12.84,48.9
SENSOR_003,2024-06-20 02:00:00,190.3303703703705,419.10815258588053,Rooftop,BATCH_2024_Q2,C,%RH,True,12.51,45.7
SENSOR_003,2024-06-20 03:00:00,191.3803703703705,416.3081525858805,Rooftop,BATCH_2024_Q2,C,%RH,True,13.56,42.9
SENSOR_003,2024-06-20 04:00:00,,411.40815258588054,Rooftop,BATCH_2024_Q2,C,%RH,True,,38.0
SENSOR_003,2024-06-20 05:00:00,192.90037037037052,412.60815258588053,Rooftop,BATCH_2024_Q2,C,%RH,True,15.08,39.2
SENSOR_003,2024-06-20 06:00:00,193.0103703703705,408.90815258588054,Rooftop,BATCH_2024_Q2,C,%RH,True,15.19,35.5
SENSOR_003,2024-06-20 07:00:00,194.1003703703705,407.50815258588057,Rooftop,BATCH_2024_Q2,C,%RH,True,16.28,34.1
SENSOR_003,2024-06-20 08:00:00,194.8903703703705,404.3081525858805,Rooftop,BATCH_2024_Q2,C,%RH,True,17.07,30.9
SENSOR_003,2024-06-20 09:00:00,195.69037037037052,403.50815258588057,Rooftop,BATCH_2024_Q2,C,%RH,True,17.87,30.1
SENSOR_003,2024-06-20 10:00:00,195.71037037037053,403.20815258588055,Rooftop,BATCH_2024_Q2,C,%RH,True,17.89,29.8
SENSOR_003,2024-06-20 11:00:00,195.7003703703705,400.70815258588055,Rooftop,BATCH_2024_Q2,C,%RH,True,17.88,27.3
SENSOR_003,2024-06-21 00:00:00,190.3203703703705,417.10815258588053,Rooftop,BATCH_2024_Q2,C,%RH,True,12.5,43.7
SENSOR_003,2024-06-21 01:00:00,189.4203703703705,416.40815258588054,Rooftop,BATCH_2024_Q2,°C,%RH,True,11.6,43.0
SENSOR_003,2024-06-21 02:00:00,189.30370370370383,414.50815258588057,Rooftop,BATCH_2024_Q2,F,%RH,True,11.483333333333334,41.1
SENSOR_003,2024-06-21 03:00:00,190.8303703703705,410.8081525858805,Rooftop,BATCH_2024_Q2,C,%RH,True,13.01,37.4
SENSOR_003,2024-06-21 04:00:00,190.97037037037052,415.20815258588055,Rooftop,BATCH_2024_Q2,C,%RH,True,13.15,41.8
SENSOR_003,2024-06-21 05:00:00,192.00037037037052,412.70815258588055,Rooftop,BATCH_2024_Q2,C,%RH,True,14.18,39.3
SENSOR_003,2024-06-21 06:00:00,192.3603703703705,409.10815258588053,Rooftop,BATCH_2024_Q2,C,%RH,True,14.54,35.7
SENSOR_003,2024-06-21 07:00:00,193.56037037037052,405.40815258588054,Rooftop,BATCH_2024_Q2,C,%RH,True,15.74,32.0
SENSOR_003,2024-06-21 08:00:00,193.8203703703705,404.3081525858805,Rooftop,BATCH_2024_Q2,C,%RH,True,16.0,30.9
SENSOR_003,2024-06-21 09:00:00,194.5503703703705,401.3081525858805,Rooftop,BATCH_2024_Q2,C,%RH,True,16.73,27.9
SENSOR_003,2024-06-21 10:00:00,194.9803703703705,398.8081525858805,Rooftop,BATCH_2024_Q2,C,%RH,True,17.16,25.4
SENSOR_003,2024-06-21 11:00:00,195.1303703703705,397.70815258588055,Rooftop,BATCH_2024_Q2,C,%RH,True,17.31,24.3
SENSOR_003,2024-06-22 00:00:00,189.8203703703705,414.3081525858805,Rooftop,BATCH_2024_Q2,C,%RH,True,12.0,40.9
SENSOR_003,2024-06-22 01:00:00,190.03037037037052,413.3081525858805,Rooftop,BATCH_2024_Q2,C,%RH,True,12.21,39.9
SENSOR_003,2024-06-22 02:00:00,190.1403703703705,418.20815258588055,Rooftop,BATCH_2024_Q2,C,%RH,True,12.32,44.8
SENSOR_003,2024-06-22 03:00:00,189.4303703703705,414.90815258588054,Rooftop,BATCH_2024_Q2,C,%RH,True,11.61,41.5
SENSOR_003,2024-06-22 04:00:00,190.59037037037052,411.8081525858805,Rooftop,BATCH_2024_Q2,C,%RH,True,12.77,38.4
SENSOR_003,2024-06-22 05:00:00,191.5803703703705,408.3081525858805,Rooftop,BATCH_2024_Q2,C,%RH,True,13.76,34.9
SENSOR_003,2024-06-22 06:00:00,191.84037037037052,404.20815258588055,Rooftop,BATCH_2024_Q2,C,%RH,True,14.02,30.8
SENSOR_003,2024-06-22 07:00:00,192.7703703703705,403.70815258588055,Rooftop,BATCH_2024_Q2,C,%RH,True,14.95,30.3
SENSOR_003,2024-06-22 08:00:00,193.5703703703705,400.8081525858805,Rooftop,BATCH_2024_Q2,C,%RH,True,15.75,27.4
SENSOR_003,2024-06-22 09:00:00,194.37037037037052,400.60815258588053,Rooftop,BATCH_2024_Q2,C,%RH,True,16.55,27.2
SENSOR_003,2024-06-22 10:00:00,194.84037037037052,398.70815258588055,Rooftop,BATCH_2024_Q2,C,%RH,True,17.02,25.3
SENSOR_003,2024-06-22 11:00:00,194.8303703703705,393.70815258588055,Rooftop,BATCH_2024_Q2,C,%RH,True,17.01,20.3
SENSOR_003,2024-06-23 00:00:00,189.1003703703705,415.40815258588054,Rooftop,BATCH_2024_Q2,C,%RH,True,11.28,42.0
SENSOR_003,2024-06-23 01:00:00,188.2603703703705,414.70815258588055,Rooftop,BATCH_2024_Q2,C,%RH,True,10.44,41.3
SENSOR_003,2024-06-23 02:00:00,188.81037037037052,413.8081525858805,Rooftop,BATCH_2024_Q2,C,%RH,True,10.99,40.4
SENSOR_003,2024-06-23 03:00:00,189.84037037037052,414.90815258588054,Rooftop,BATCH_2024_Q2,C,%RH,True,12.02,41.5
SENSOR_003,2024-06-23 04:00:00,190.7303703703705,407.60815258588053,Rooftop,BATCH_2024_Q2,C,%RH,True,12.91,34.2
SENSOR_003,2024-06-23 05:00:00,191.3503703703705,409.40815258588054,Rooftop,BATCH_2024_Q2,C,%RH,True,13.53,36.0
SENSOR_003,2024-06-23 06:00:00,192.1303703703705,406.60815258588053,Rooftop,BATCH_2024_Q2,C,%RH,True,14.31,33.2
SENSOR_003,2024-06-23 07:00:00,192.84037037037052,404.60815258588053,Rooftop,BATCH_2024_Q2,C,%RH,True,15.02,31.2
SENSOR_003,2024-06-23 08:00:00,192.9303703703705,402.50815258588057,Rooftop,BATCH_2024_Q2,C,%RH,True,15.11,29.1
SENSOR_003,2024-06-23 09:00:00,193.91037037037052,400.60815258588053,Rooftop,BATCH_2024_Q2,C,%RH,True,16.09,27.2
SENSOR_003,2024-06-23 10:00:00,193.97037037037052,401.00815258588057,Rooftop,BATCH_2024_Q2,C,%RH,True,16.15,27.6
SENSOR_003,2024-06-23 11:00:00,193.7903703703705,397.10815258588053,Rooftop,BATCH_2024_Q2,C,%RH,True,15.97,23.7
SENSOR_003,2024-06-24 00:00:00,188.44037037037052,414.8081525858805,Rooftop,BATCH_2024_Q2,C,%RH,True,10.62,41.4
SENSOR_003,2024-06-24 01:00:00,188.6803703703705,413.20815258588055,Rooftop,BATCH_2024_Q2,C,%RH,True,10.86,39.8
SENSOR_003,2024-06-24 02:00:00,188.6703703703705,416.60815258588053,Rooftop,BATCH_2024_Q2,C,%RH,True,10.85,43.2
SENSOR_003,2024-06-24 03:00:00,188.9803703703705,413.10815258588053,Rooftop,BATCH_2024_Q2,C,%RH,True,11.16,39.7
SENSOR_003,2024-06-24 04:00:00,190.4303703703705,407.60815258588053,Rooftop,BATCH_2024_Q2,C,%RH,True,12.61,34.2
SENSOR_003,2024-06-24 05:00:00,190.2003703703705,410.60815258588053,Rooftop,BATCH_2024_Q2,C,%RH,True,12.38,37.2
SENSOR_003,2024-06-24 06:00:00,191.6003703703705,404.90815258588054,Rooftop,BATCH_2024_Q2,°C,%RH,True,13.78,31.5
SENSOR_003,2024-06-24 07:00:00,192.4503703703705,403.70815258588055,Rooftop,BATCH_2024_Q2,C,%RH,True,14.63,30.3
SENSOR_003,2024-06-24 08:00:00,192.9303703703705,398.20815258588055,Rooftop,BATCH_2024_Q2,C,%RH,True,15.11,24.8
SENSOR_003,2024-06-24 09:00:00,193.53037037037052,402.20815258588055,Rooftop,BATCH_2024_Q2,C,%RH,True,15.71,28.8
SENSOR_003,2024-06-24 10:00:00,194.3503703703705,393.70815258588055,Rooftop,BATCH_2024_Q2,C,%RH,True,16.53,20.3
SENSOR_003,2024-06-24 11:00:00,194.2403703703705,395.20815258588055,Rooftop,BATCH_2024_Q2,C,%RH,True,16.42,21.8
SENSOR_003,2024-06-25 00:00:00,188.1303703703705,415.40815258588054,Rooftop,BATCH_2024_Q2,C,%RH,True,10.31,42.0
SENSOR_003,2024-06-25 01:00:00,188.3303703703705,414.3081525858805,Rooftop,BATCH_2024_Q2,C,%RH,True,10.51,40.9
SENSOR_003,2024-06-25 02:00:00,187.9803703703705,414.10815258588053,Rooftop,BATCH_2024_Q2,C,%RH,True,10.16,40.7
SENSOR_003,2024-06-25 03:00:00,188.3903703703705,410.50815258588057,Rooftop,BATCH_2024_Q2,C,%RH,True,10.57,37.1
SENSOR_003,2024-06-25 04:00:00,188.9303703703705,408.3081525858805,Rooftop,BATCH_2024_Q2,C,%RH,True,11.11,34.9
SENSOR_003,2024-06-25 05:00:00,190.21037037037053,405.10815258588053,Rooftop,BATCH_2024_Q2,C,%RH,True,12.39,31.7
SENSOR_003,2024-06-25 06:00:00,190.8903703703705,404.50815258588057,Rooftop,BATCH_2024_Q2,C,%RH,True,13.07,31.1
SENSOR_003,2024-06-25 07:00:00,191.6703703703705,401.8081525858805,Rooftop,BATCH_2024_Q2,C,%RH,True,13.85,28.4
SENSOR_003,2024-06-25 08:00:00,192.5203703703705,397.90815258588054,Rooftop,BATCH_2024_Q2,C,%RH,True,14.7,24.5
SENSOR_003,2024-06-25 09:00:00,192.9203703703705,397.00815258588057,Rooftop,BATCH_2024_Q2,C,%RH,True,15.1,23.6
SENSOR_003,2024-06-25 10:00:00,192.9503703703705,392.10815258588053,Rooftop,BATCH_2024_Q2,C,%RH,True,15.13,18.7
SENSOR_003,2024-06-25 11:00:00,193.31037037037052,395.50815258588057,Rooftop,BATCH_2024_Q2,C,%RH,True,15.49,22.1
SENSOR_003,2024-06-26 00:00:00,187.1103703703705,410.3081525858805,Rooftop,BATCH_2024_Q2,C,%RH,True,9.29,36.9
SENSOR_003,2024-06-26 01:00:00,188.09037037037052,411.8081525858805,Rooftop,BATCH_2024_Q2,C,%RH,True,10.27,38.4
SENSOR_003,2024-06-26 02:00:00,187.72037037037052,412.90815258588054,Rooftop,BATCH_2024_Q2,C,%RH,True,9.9,39.5
SENSOR_003,2024-06-26 03:00:00,188.1103703703705,412.70815258588055,Rooftop,BATCH_2024_Q2,C,%RH,True,10.29,39.3
SENSOR_003,2024-06-26 04:00:00,188.3803703703705,408.50815258588057,Rooftop,BATCH_2024_Q2,C,%RH,True,10.56,35.1
SENSOR_003,2024-06-26 05:00:00,189.1303703703705,406.3081525858805,Rooftop,BATCH_2024_Q2,C,%RH,True,11.31,32.9
SENSOR_003,2024-06-26 06:00:00,190.41037037037052,402.10815258588053,Rooftop,BATCH_2024_Q2,C,%RH,True,12.59,28.7
SENSOR_003,2024-06-26 07:00:00,191.16037037037052,400.40815258588054,Rooftop,BATCH_2024_Q2,C,%RH,True,13.34,27.0
SENSOR_003,2024-06-26 08:00:00,191.5503703703705,399.3081525858805,Rooftop,BATCH_2024_Q2,C,%RH,True,13.73,25.9
SENSOR_003,2024-06-26 09:00:00,192.46037037037053,397.3081525858805,Rooftop,BATCH_2024_Q2,C,%RH,True,14.64,23.9
SENSOR_003,2024-06-26 10:00:00,193.0103703703705,394.70815258588055,Rooftop,BATCH_2024_Q2,C,%RH,True,15.19,21.3
SENSOR_003,2024-06-26 11:00:00,192.75037037037052,393.50815258588057,Rooftop,BATCH_2024_Q2,C,%RH,True,14.93,20.1
SENSOR_003,2024-06-27 00:00:00,187.0403703703705,413.60815258588053,Rooftop,BATCH_2024_Q2,C,%RH,True,9.22,40.2
SENSOR_003,2024-06-27 01:00:00,187.16037037037052,411.10815258588053,Rooftop,BATCH_2024_Q2,C,%RH,True,9.34,37.7
SENSOR_003,2024-06-27 02:00:00,186.94037037037052,412.8081525858805,Rooftop,BATCH_2024_Q2,C,%RH,True,9.12,39.4
SENSOR_003,2024-06-27 03:00:00,187.8903703703705,409.00815258588057,Rooftop,BATCH_2024_Q2,C,%RH,True,10.07,35.6
SENSOR_003,2024-06-27 04:00:00,187.90037037037052,406.10815258588053,Rooftop,BATCH_2024_Q2,C,%RH,True,10.08,32.7
SENSOR_003,2024-06-27 05:00:00,188.9303703703705,402.70815258588055,Rooftop,BATCH_2024_Q2,C,%RH,True,11.11,29.3
SENSOR_003,2024-06-27 06:00:00,190.3803703703705,401.00815258588057,Rooftop,BATCH_2024_Q2,C,%RH,True,12.56,27.6
SENSOR_003,2024-06-27 07:00:00,190.28037037037052,400.50815258588057,Rooftop,BATCH_2024_Q2,C,%RH,True,12.46,27.1
SENSOR_003,2024-06-27 08:00:00,191.56037037037052,399.40815258588054,Rooftop,BATCH_2024_Q2,C,%RH,True,13.74,26.0
SENSOR_003,2024-06-27 09:00:00,191.56037037037052,394.20815258588055,Rooftop,BATCH_2024_Q2,C,%RH,True,13.74,20.8
SENSOR_003,2024-06-27 10:00:00,192.41037037037052,389.20815258588055,Rooftop,BATCH_2024_Q2,C,%RH,True,14.59,15.8
SENSOR_003,2024-06-27 11:00:00,192.25037037037052,390.3081525858805,Rooftop,BATCH_2024_Q2,C,%RH,True,14.43,16.9
SENSOR_003,2024-06-28 00:00:00,186.3903703703705,409.10815258588053,Rooftop,BATCH_2024_Q2,C,%RH,True,8.57,35.7
SENSOR_003,2024-06-28 01:00:00,186.31037037037052,410.90815258588054,Rooftop,BATCH_2024_Q2,C,%RH,True,8.49,37.5
SENSOR_003,2024-06-28 02:00:00,187.0203703703705,411.00815258588057,Rooftop,BATCH_2024_Q2,°C,%RH,True,9.2,37.6
SENSOR_003,2024-06-28 03:00:00,188.09037037037052,407.60815258588053,Rooftop,BATCH_2024_Q2,C,%RH,True,10.27,34.2
SENSOR_003,2024-06-28 04:00:00,188.3303703703705,,Rooftop,BATCH_2024_Q2,C,%RH,True,10.51,
SENSOR_003,2024-06-28 05:00:00,188.8603703703705,400.70815258588055,Rooftop,BATCH_2024_Q2,C,%RH,True,11.04,27.3
SENSOR_003,2024-06-28 06:00:00,188.7603703703705,403.90815258588054,Rooftop,BATCH_2024_Q2,C,%RH,True,10.94,30.5
SENSOR_003,2024-06-28 07:00:00,190.40037037037052,395.20815258588055,Rooftop,BATCH_2024_Q2,C,%RH,True,12.58,21.8
SENSOR_003,2024-06-28 08:00:00,190.6303703703705,397.20815258588055,Rooftop,BATCH_2024_Q2,C,%RH,True,12.81,23.8
SENSOR_003,2024-06-28 10:00:00,192.6403703703705,390.40815258588054,Rooftop,BATCH_2024_Q2,C,%RH,True,14.82,17.0
SENSOR_003,2024-06-28 11:00:00,191.8303703703705,390.20815258588055,Rooftop,BATCH_2024_Q2,C,%RH,True,14.01,16.8
SENSOR_003,2024-06-29 00:00:00,186.71037037037053,409.40815258588054,Rooftop,BATCH_2024_Q2,C,%RH,True,8.89,36.0
SENSOR_003,2024-06-29 01:00:00,185.8203703703705,411.20815258588055,Rooftop,BATCH_2024_Q2,C,%RH,True,8.0,37.8
SENSOR_003,2024-06-29 02:00:00,187.2703703703705,409.70815258588055,Rooftop,BATCH_2024_Q2,C,%RH,True,9.45,36.3
SENSOR_003,2024-06-29 03:00:00,187.8303703703705,406.40815258588054,Rooftop,BATCH_2024_Q2,C,%RH,True,10.01,33.0
SENSOR_003,2024-06-29 04:00:00,187.21037037037053,401.20815258588055,Rooftop,BATCH_2024_Q2,C,%RH,True,9.39,27.8
SENSOR_003,2024-06-29 05:00:00,188.59037037037052,399.40815258588054,Rooftop,BATCH_2024_Q2,C,%RH,True,10.77,26.0
SENSOR_003,2024-06-29 06:00:00,189.22037037037052,399.3081525858805,Rooftop,BATCH_2024_Q2,C,%RH,True,11.4,25.9
SENSOR_003,2024-06-29 07:00:00,189.21037037037053,396.60815258588053,Rooftop,BATCH_2024_Q2,C,%RH,True,11.39,23.2
SENSOR_003,2024-06-29 08:00:00,,394.3081525858805,Rooftop,BATCH_2024_Q2,C,%RH,True,,20.9
SENSOR_003,2024-06-29 09:00:00,191.0803703703705,395.8081525858805,Rooftop,BATCH_2024_Q2,C,%RH,True,13.26,22.4
SENSOR_003,2024-06-29 10:00:00,190.75037037037052,390.20815258588055,Rooftop,BATCH_2024_Q2,C,%RH,True,12.93,16.8
SENSOR_003,2024-06-29 11:00:00,192.2703703703705,388.40815258588054,Rooftop,BATCH_2024_Q2,C,%RH,True,14.45,15.0
SENSOR_003,2024-06-30 00:00:00,184.8503703703705,408.50815258588057,Rooftop,BATCH_2024_Q2,C,%RH,True,7.03,35.1
SENSOR_003,2024-06-30 01:00:00,186.1003703703705,410.10815258588053,Rooftop,BATCH_2024_Q2,C,%RH,True,8.28,36.7
SENSOR_003,2024-06-30 02:00:00,185.5203703703705,409.00815258588057,Rooftop,BATCH_2024_Q2,C,%RH,True,7.7,35.6
SENSOR_003,2024-06-30 03:00:00,185.84037037037052,407.00815258588057,Rooftop,BATCH_2024_Q2,C,%RH,True,8.02,33.6
SENSOR_003,2024-06-30 04:00:00,187.40037037037052,402.60815258588053,Rooftop,BATCH_2024_Q2,C,%RH,True,9.58,29.2
SENSOR_003,2024-06-30 05:00:00,187.37037037037052,400.40815258588054,Rooftop,BATCH_2024_Q2,C,%RH,True,9.55,27.0
SENSOR_003,2024-06-30 06:00:00,188.22037037037052,400.90815258588054,Rooftop,BATCH_2024_Q2,C,%RH,True,10.4,27.5
SENSOR_003,2024-06-30 07:00:00,188.9303703703705,398.50815258588057,Rooftop,BATCH_2024_Q2,C,%RH,True,11.11,25.1
SENSOR_003,2024-06-30 08:00:00,189.2603703703705,517.1820586259104,Rooftop,BATCH_2024_Q2,C,%RH,True,11.44,143.77390604002986
SENSOR_003,2024-06-30 09:00:00,189.9803703703705,391.00815258588057,Rooftop,BATCH_2024_Q2,C,%RH,True,12.16,17.6
SENSOR_003,2024-06-30 10:00:00,190.94037037037052,387.70815258588055,Rooftop,BATCH_2024_Q2,C,%RH,True,13.12,14.3
SENSOR_003,2024-06-30 11:00:00,191.1303703703705,388.60815258588053,Rooftop,BATCH_2024_Q2,C,%RH,True,13.31,15.2
SENSOR_004,2024-06-01 00:00:00,-6.828533415720221,49.7,Rooftop,BATCH_2024_Q2,C,%RH,True,15.24,49.7
SENSOR_004,2024-06-01 01:00:00,-5.068533415720221,58.3,Rooftop,BATCH_2024_Q2,C,%RH,True,17.0,58.3
SENSOR_004,2024-06-01 02:00:00,-7.268533415720221,52.7,Rooftop,BATCH_2024_Q2,C,%RH,True,14.8,52.7
SENSOR_004,2024-06-01 03:00:00,-4.888533415720222,58.3,Rooftop,BATCH_2024_Q2,C,%RH,True,17.18,58.3
SENSOR_004,2024-06-01 04:00:00,-3.4285334157202207,52.5,Rooftop,BATCH_2024_Q2,C,%RH,True,18.64,52.5
SENSOR_004,2024-06-01 05:00:00,-2.208533415720222,40.6,Rooftop,BATCH_2024_Q2,C,%RH,True,19.86,40.6
SENSOR_004,2024-06-01 06:00:00,-1.5785334157202229,50.1,Rooftop,BATCH_2024_Q2,C,%RH,True,20.49,50.1
SENSOR_004,2024-06-01 07:00:00,-0.9585334157202219,58.6,Rooftop,BATCH_2024_Q2,C,%RH,True,21.11,58.6
SENSOR_004,2024-06-01 08:00:00,-2.908533415720221,48.5,Rooftop,BATCH_2024_Q2,C,%RH,True,19.16,48.5
SENSOR_004,2024-06-01 09:00:00,0.261466584279777,40.7,Rooftop,BATCH_2024_Q2,C,%RH,True,22.33,40.7
SENSOR_004,2024-06-01 10:00:00,0.87146658427978,38.0,Rooftop,BATCH_2024_Q2,C,%RH,True,22.94,38.0
SENSOR_004,2024-06-01 11:00:00,0.5214665842797785,37.8,Rooftop,BATCH_2024_Q2,C,%RH,True,22.59,37.8
SENSOR_004,2024-06-02 00:00:00,-6.428533415720221,61.4,Rooftop,BATCH_2024_Q2,C,%RH,True,15.64,61.4
SENSOR_004,2024-06-02 01:00:00,-5.5985334157202225,50.9,Rooftop,BATCH_2024_Q2,C,%RH,True,16.47,50.9
SENSOR_004,2024-06-02 02:00:00,-5.388533415720222,61.2,Rooftop,BATCH_2024_Q2,C,%RH,True,16.68,61.2
SENSOR_004,2024-06-02 03:00:00,-4.158533415720221,57.1,Rooftop,BATCH_2024_Q2,C,%RH,True,17.91,57.1
SENSOR_004,2024-06-02 04:00:00,-4.368533415720222,56.9,Rooftop,BATCH_2024_Q2,C,%RH,True,17.7,56.9
SENSOR_004,2024-06-02 05:00:00,-2.5085334157202226,,Rooftop,BATCH_2024_Q2,C,%RH,True,19.56,
SENSOR_004,2024-06-02 07:00:00,-0.9385334157202223,50.7,Rooftop,BATCH_2024_Q2,C,%RH,True,21.13,50.7
SENSOR_004,2024-06-02 08:00:00,-1.3285334157202229,44.1,Rooftop,BATCH_2024_Q2,C,%RH,True,20.74,44.1
SENSOR_004,2024-06-02 09:00:00,-0.4385334157202223,41.7,Rooftop,BATCH_2024_Q2,C,%RH,True,21.63,41.7
SENSOR_004,2024-06-02 10:00:00,0.34146658427977883,40.9,Rooftop,BATCH_2024_Q2,C,%RH,True,22.41,40.9
SENSOR_004,2024-06-02 11:00:00,0.6514665842797775,39.1,Rooftop,BATCH_2024_Q2,C,%RH,True,22.72,39.1
SENSOR_004,2024-06-03 00:00:00,-2.9185334157202227,59.9,Rooftop,BATCH_2024_Q2,C,%RH,True,19.15,59.9
SENSOR_004,2024-06-03 01:00:00,-4.1085334157202205,53.9,Rooftop,BATCH_2024_Q2,C,%RH,True,17.96,53.9
SENSOR_004,2024-06-03 02:00:00,-5.068533415720221,59.1,Rooftop,BATCH_2024_Q2,C,%RH,True,17.0,59.1
SENSOR_004,2024-06-03 03:00:00,-3.578533415720223,60.2,Rooftop,BATCH_2024_Q2,C,%RH,True,18.49,60.2
SENSOR_004,2024-06-03 04:00:00,-4.19853341572022,51.7,Rooftop,BATCH_2024_Q2,C,%RH,True,17.87,51.7
SENSOR_004,2024-06-03 05:00:00,-4.14853341572022,46.8,Rooftop,BATCH_2024_Q2,C,%RH,True,17.92,46.8
SENSOR_004,2024-06-03 06:00:00,-1.1485334157202196,45.3,Rooftop,BATCH_2024_Q2,C,%RH,True,20.92,45.3
SENSOR_004,2024-06-03 07:00:00,-0.7885334157202202,42.6,Rooftop,BATCH_2024_Q2,C,%RH,True,21.28,42.6
SENSOR_004,2024-06-03 08:00:00,-0.40853341572022117,38.5,Rooftop,BATCH_2024_Q2,C,%RH,True,21.66,38.5
SENSOR_004,2024-06-03 09:00:00,0.33146658427977727,27.7,Rooftop,BATCH_2024_Q2,C,%RH,True,22.4,27.7
SENSOR_004,2024-06-03 10:00:00,0.6414665842797795,33.1,Rooftop,BATCH_2024_Q2,C,%RH,True,22.71,33.1
SENSOR_004,2024-06-03 11:00:00,1.7714665842797785,41.2,Rooftop,BATCH_2024_Q2,C,%RH,True,23.84,41.2
SENSOR_004,2024-06-04 00:00:00,-4.528533415720222,62.7,Rooftop,BATCH_2024_Q2,C,%RH,True,17.54,62.7
SENSOR_004,2024-06-04 01:00:00,-5.6085334157202205,64.4,Rooftop,BATCH_2024_Q2,C,%RH,True,16.46,64.4
SENSOR_004,2024-06-04 02:00:00,-3.46853341572022,53.3,Rooftop,BATCH_2024_Q2,C,%RH,True,18.6,53.3
SENSOR_004,2024-06-04 03:00:00,-2.8485334157202225,51.0,Rooftop,BATCH_2024_Q2,C,%RH,True,19.22,51.0
SENSOR_004,2024-06-04 04:00:00,-4.1085334157202205,49.7,Rooftop,BATCH_2024_Q2,C,%RH,True,17.96,49.7
SENSOR_004,2024-06-04 05:00:00,-3.2985334157202217,44.5,Rooftop,BATCH_2024_Q2,C,%RH,True,18.77,44.5
SENSOR_004,2024-06-04 06:00:00,-0.42853341572022075,47.0,Rooftop,BATCH_2024_Q2,C,%RH,True,21.64,47.0
SENSOR_004,2024-06-04 07:00:00,-0.5985334157202225,44.1,Rooftop,BATCH_2024_Q2,C,%RH,True,21.47,44.1
SENSOR_004,2024-06-04 08:00:00,-2.1485334157202196,43.5,Rooftop,BATCH_2024_Q2,C,%RH,True,19.92,43.5
SENSOR_004,2024-06-04 09:00:00,-2.1685334157202227,41.6,Rooftop,BATCH_2024_Q2,°C,%RH,True,19.9,41.6
SENSOR_004,2024-06-04 10:00:00,-0.6585334157202212,48.5,Rooftop,BATCH_2024_Q2,C,%RH,True,21.41,48.5
SENSOR_004,2024-06-04 11:00:00,1.3914665842797795,37.8,Rooftop,BATCH_2024_Q2,C,%RH,True,23.46,37.8
SENSOR_004,2024-06-05 00:00:00,-3.46853341572022,53.6,Rooftop,BATCH_2024_Q2,C,%RH,True,18.6,53.6
SENSOR_004,2024-06-05 01:00:00,-4.62853341572022,56.4,Rooftop,BATCH_2024_Q2,C,%RH,True,17.44,56.4
SENSOR_004,2024-06-05 02:00:00,-4.418533415720223,60.8,Rooftop,BATCH_2024_Q2,C,%RH,True,17.65,60.8
SENSOR_004,2024-06-05 03:00:00,-3.708533415720222,53.6,Rooftop,BATCH_2024_Q2,C,%RH,True,18.36,53.6
SENSOR_004,2024-06-05 04:00:00,-4.71853341572022,49.1,Rooftop,BATCH_2024_Q2,C,%RH,True,17.35,49.1
SENSOR_004,2024-06-05 05:00:00,-3.208533415720222,51.5,Rooftop,BATCH_2024_Q2,C,%RH,True,18.86,51.5
SENSOR_004,2024-06-05 06:00:00,-2.87853341572022,58.7,Rooftop,BATCH_2024_Q2,C,%RH,True,19.19,58.7
SENSOR_004,2024-06-05 07:00:00,0.27146658427977854,48.4,Rooftop,BATCH_2024_Q2,C,%RH,True,22.34,48.4
SENSOR_004,2024-06-05 08:00:00,-0.4485334157202203,39.5,Rooftop,BATCH_2024_Q2,C,%RH,True,21.62,39.5
SENSOR_004,2024-06-05 09:00:00,-0.5585334157202198,39.7,Rooftop,BATCH_2024_Q2,C,%RH,True,21.51,39.7
SENSOR_004,2024-06-05 10:00:00,0.44146658427978025,31.9,Rooftop,BATCH_2024_Q2,C,%RH,True,22.51,31.9
SENSOR_004,2024-06-05 11:00:00,1.37146658427978,38.9,Rooftop,BATCH_2024_Q2,C,%RH,True,23.44,38.9
SENSOR_004,2024-06-06 00:00:00,-6.828533415720221,55.3,Rooftop,BATCH_2024_Q2,C,%RH,True,15.24,55.3
SENSOR_004,2024-06-06 01:00:00,-5.238533415720223,64.6,Rooftop,BATCH_2024_Q2,C,%RH,True,16.83,64.6
SENSOR_004,2024-06-06 02:00:00,-3.8585334157202205,51.3,Rooftop,BATCH_2024_Q2,C,%RH,True,18.21,51.3
SENSOR_004,2024-06-06 03:00:00,-3.53853341572022,48.5,Rooftop,BATCH_2024_Q2,C,%RH,True,18.53,48.5
SENSOR_004,2024-06-06 04:00:00,-2.328533415720223,48.5,Rooftop,BATCH_2024_Q2,C,%RH,True,19.74,48.5
SENSOR_004,2024-06-06 05:00:00,-2.738533415720223,54.6,Rooftop,BATCH_2024_Q2,C,%RH,True,19.33,54.6
SENSOR_004,2024-06-06 06:00:00,-3.4385334157202223,40.4,Rooftop,BATCH_2024_Q2,C,%RH,True,18.63,40.4
SENSOR_004,2024-06-06 07:00:00,-1.9485334157202203,50.0,Rooftop,BATCH_2024_Q2,C,%RH,True,20.12,50.0
SENSOR_004,2024-06-06 08:00:00,-1.8885334157202216,31.3,Rooftop,BATCH_2024_Q2,C,%RH,True,20.18,31.3
SENSOR_004,2024-06-06 09:00:00,-0.03853341572022018,40.6,Rooftop,BATCH_2024_Q2,C,%RH,True,22.03,40.6
SENSOR_004,2024-06-06 10:00:00,1.4314665842797787,38.0,Rooftop,BATCH_2024_Q2,C,%RH,True,23.5,38.0
SENSOR_004,2024-06-06 11:00:00,0.32146658427977925,41.3,Rooftop,BATCH_2024_Q2,C,%RH,True,22.39,41.3
SENSOR_004,2024-06-07 00:00:00,-6.408533415720221,56.7,Rooftop,BATCH_2024_Q2,C,%RH,True,15.66,56.7
SENSOR_004,2024-06-07 01:00:00,-4.9785334157202215,59.9,Rooftop,BATCH_2024_Q2,C,%RH,True,17.09,59.9
SENSOR_004,2024-06-07 02:00:00,-5.028533415720222,54.3,Rooftop,BATCH_2024_Q2,C,%RH,True,17.04,54.3
SENSOR_004,2024-06-07 03:00:00,-6.458533415720222,53.1,Rooftop,BATCH_2024_Q2,C,%RH,True,15.61,53.1
SENSOR_004,2024-06-07 04:00:00,-3.078533415720223,47.9,Rooftop,BATCH_2024_Q2,C,%RH,True,18.99,47.9
SENSOR_004,2024-06-07 05:00:00,-2.998533415720221,52.0,Rooftop,BATCH_2024_Q2,C,%RH,True,19.07,52.0
SENSOR_004,2024-06-07 06:00:00,-2.5185334157202206,49.3,Rooftop,BATCH_2024_Q2,C,%RH,True,19.55,49.3
SENSOR_004,2024-06-07 07:00:00,-2.158533415720221,43.8,Rooftop,BATCH_2024_Q2,C,%RH,True,19.91,43.8
SENSOR_004,2024-06-07 08:00:00,-0.09853341572022245,43.7,Rooftop,BATCH_2024_Q2,C,%RH,True,21.97,43.7
SENSOR_004,2024-06-07 09:00:00,-0.37853341572022003,40.9,Rooftop,BATCH_2024_Q2,C,%RH,True,21.69,40.9
SENSOR_004,2024-06-07 10:00:00,1.251466584279779,29.7,Rooftop,BATCH_2024_Q2,C,%RH,True,23.32,29.7
SENSOR_004,2024-06-07 11:00:00,1.7114665842797798,36.5,Rooftop,BATCH_2024_Q2,C,%RH,True,23.78,36.5
SENSOR_004,2024-06-08 00:00:00,-4.408533415720221,62.7,Rooftop,BATCH_2024_Q2,C,%RH,True,17.66,62.7
SENSOR_004,2024-06-08 01:00:00,-5.908533415720221,53.2,Rooftop,BATCH_2024_Q2,C,%RH,True,16.16,53.2
SENSOR_004,2024-06-08 02:00:00,-4.658533415720221,51.8,Rooftop,BATCH_2024_Q2,C,%RH,True,17.41,51.8
SENSOR_004,2024-06-08 03:00:00,-2.3085334157202198,51.7,Rooftop,BATCH_2024_Q2,C,%RH,True,19.76,51.7
SENSOR_004,2024-06-08 04:00:00,-4.488533415720223,51.2,Rooftop,BATCH_2024_Q2,C,%RH,True,17.58,51.2
SENSOR_004,2024-06-08 05:00:00,-3.8985334157202196,49.1,Rooftop,BATCH_2024_Q2,C,%RH,True,18.17,49.1
SENSOR_004,2024-06-08 06:00:00,-1.87853341572022,44.1,Rooftop,BATCH_2024_Q2,C,%RH,True,20.19,44.1
SENSOR_004,2024-06-08 07:00:00,-1.1685334157202227,44.2,Rooftop,BATCH_2024_Q2,C,%RH,True,20.9,44.2
SENSOR_004,2024-06-08 08:00:00,-2.338533415720221,45.5,Rooftop,BATCH_2024_Q2,C,%RH,True,19.73,45.5
SENSOR_004,2024-06-08 09:00:00,1.8114665842797777,41.4,Rooftop,BATCH_2024_Q2,C,%RH,True,23.88,41.4
SENSOR_004,2024-06-08 10:00:00,0.5614665842797777,39.9,Rooftop,BATCH_2024_Q2,C,%RH,True,22.63,39.9
SENSOR_004,2024-06-08 11:00:00,-0.15853341572022117,42.8,Rooftop,BATCH_2024_Q2,C,%RH,True,21.91,42.8
SENSOR_004,2024-06-09 00:00:00,-4.46853341572022,64.6,Rooftop,BATCH_2024_Q2,C,%RH,True,17.6,64.6
SENSOR_004,2024-06-09 01:00:00,-5.818533415720221,65.4,Rooftop,BATCH_2024_Q2,C,%RH,True,16.25,65.4
SENSOR_004,2024-06-09 02:00:00,-3.87853341572022,60.2,Rooftop,BATCH_2024_Q2,C,%RH,True,18.19,60.2
SENSOR_004,2024-06-09 03:00:00,-4.158533415720221,51.7,Rooftop,BATCH_2024_Q2,C,%RH,True,17.91,51.7
SENSOR_004,2024-06-09 04:00:00,-2.3485334157202225,,Rooftop,BATCH_2024_Q2,C,%RH,True,19.72,
SENSOR_004,2024-06-09 05:00:00,-4.758533415720223,45.9,Rooftop,BATCH_2024_Q2,C,%RH,True,17.31,45.9
SENSOR_004,2024-06-09 06:00:00,-2.368533415720222,46.7,Rooftop,BATCH_2024_Q2,C,%RH,True,19.7,46.7
SENSOR_004,2024-06-09 07:00:00,-0.9485334157202203,,Rooftop,BATCH_2024_Q2,C,%RH,True,21.12,
SENSOR_004,2024-06-09 08:00:00,-2.8985334157202196,41.1,Rooftop,BATCH_2024_Q2,C,%RH,True,19.17,41.1
SENSOR_004,2024-06-09 09:00:00,-1.812977860164672,42.9,Rooftop,BATCH_2024_Q2,F,%RH,True,20.25555555555555,42.9
SENSOR_004,2024-06-09 10:00:00,0.8314665842797773,40.3,Rooftop,BATCH_2024_Q2,C,%RH,True,22.9,40.3
SENSOR_004,2024-06-09 11:00:00,0.40146658427977755,41.1,Rooftop,BATCH_2024_Q2,C,%RH,True,22.47,41.1
SENSOR_004,2024-06-10 00:00:00,-3.708533415720222,60.8,Rooftop,BATCH_2024_Q2,C,%RH,True,18.36,60.8
SENSOR_004,2024-06-10 01:00:00,-4.4785334157202215,58.6,Rooftop,BATCH_2024_Q2,C,%RH,True,17.59,58.6
SENSOR_004,2024-06-10 02:00:00,-4.748533415720221,60.0,Rooftop,BATCH_2024_Q2,C,%RH,True,17.32,60.0
SENSOR_004,2024-06-10 03:00:00,-2.578533415720223,60.1,Rooftop,BATCH_2024_Q2,C,%RH,True,19.49,60.1
SENSOR_004,2024-06-10 04:00:00,-4.46853341572022,54.0,Rooftop,BATCH_2024_Q2,C,%RH,True,17.6,54.0
SENSOR_004,2024-06-10 05:00:00,-4.21853341572022,51.8,Rooftop,BATCH_2024_Q2,C,%RH,True,17.85,51.8
SENSOR_004,2024-06-10 06:00:00,-1.5085334157202226,41.4,Rooftop,BATCH_2024_Q2,C,%RH,True,20.56,41.4
SENSOR_004,2024-06-10 07:00:00,-2.7985334157202217,41.7,Rooftop,BATCH_2024_Q2,C,%RH,True,19.27,41.7
SENSOR_004,2024-06-10 08:00:00,-0.8585334157202205,38.7,Rooftop,BATCH_2024_Q2,C,%RH,True,21.21,38.7
SENSOR_004,2024-06-10 09:00:00,1.03146658427978,42.5,Rooftop,BATCH_2024_Q2,°C,%RH,True,23.1,42.5
SENSOR_004,2024-06-10 10:00:00,0.3014665842797797,35.0,Rooftop,BATCH_2024_Q2,C,%RH,True,22.37,35.0
SENSOR_004,2024-06-10 11:00:00,1.7114665842797798,44.9,Rooftop,BATCH_2024_Q2,C,%RH,True,23.78,44.9
SENSOR_004,2024-06-11 00:00:00,-5.05853341572022,55.0,Rooftop,BATCH_2024_Q2,C,%RH,True,17.01,55.0
SENSOR_004,2024-06-11 01:00:00,-4.778533415720222,56.5,Rooftop,BATCH_2024_Q2,°C,%RH,True,17.29,56.5
SENSOR_004,2024-06-11 02:00:00,-4.278533415720222,59.4,Rooftop,BATCH_2024_Q2,C,%RH,True,17.79,59.4
SENSOR_004,2024-06-11 03:00:00,-6.458533415720222,60.2,Rooftop,BATCH_2024_Q2,C,%RH,True,15.61,60.2
SENSOR_004,2024-06-11 04:00:00,-3.778533415720222,,Rooftop,BATCH_2024_Q2,C,%RH,True,18.29,
SENSOR_004,2024-06-11 05:00:00,-2.488533415720223,48.2,Rooftop,BATCH_2024_Q2,C,%RH,True,19.58,48.2
SENSOR_004,2024-06-11 06:00:00,-4.1085334157202205,52.1,Rooftop,BATCH_2024_Q2,C,%RH,True,17.96,52.1
SENSOR_004,2024-06-11 07:00:00,-0.8885334157202216,46.1,Rooftop,BATCH_2024_Q2,C,%RH,True,21.18,46.1
SENSOR_004,2024-06-11 08:00:00,0.5514665842797797,37.5,Rooftop,BATCH_2024_Q2,C,%RH,True,22.62,37.5
SENSOR_004,2024-06-11 09:00:00,0.19146658427978025,37.9,Rooftop,BATCH_2024_Q2,C,%RH,True,22.26,37.9
SENSOR_004,2024-06-11 10:00:00,1.761466584279777,28.8,Rooftop,BATCH_2024_Q2,C,%RH,True,23.83,28.8
SENSOR_004,2024-06-11 11:00:00,0.6014665842797804,35.6,Rooftop,BATCH_2024_Q2,C,%RH,True,22.67,35.6
SENSOR_004,2024-06-12 00:00:00,-4.37853341572022,58.7,Rooftop,BATCH_2024_Q2,C,%RH,True,17.69,58.7
SENSOR_004,2024-06-12 01:00:00,-5.96853341572022,52.2,Rooftop,BATCH_2024_Q2,C,%RH,True,16.1,52.2
SENSOR_004,2024-06-12 02:00:00,-4.55853341572022,51.5,Rooftop,BATCH_2024_Q2,C,%RH,True,17.51,51.5
SENSOR_004,2024-06-12 03:00:00,-3.248533415720221,51.4,Rooftop,BATCH_2024_Q2,C,%RH,True,18.82,51.4
SENSOR_004,2024-06-12 04:00:00,-6.398533415720221,49.8,Rooftop,BATCH_2024_Q2,C,%RH,True,15.67,49.8
SENSOR_004,2024-06-12 05:00:00,-3.658533415720221,44.3,Rooftop,BATCH_2024_Q2,C,%RH,True,18.41,44.3
SENSOR_004,2024-06-12 06:00:00,-2.8585334157202205,47.0,Rooftop,BATCH_2024_Q2,C,%RH,True,19.21,47.0
SENSOR_004,2024-06-12 07:00:00,-0.1485334157202196,47.9,Rooftop,BATCH_2024_Q2,C,%RH,True,21.92,47.9
SENSOR_004,2024-06-12 08:00:00,-0.6885334157202223,46.1,Rooftop,BATCH_2024_Q2,C,%RH,True,21.38,46.1
SENSOR_004,2024-06-12 09:00:00,-0.15853341572022117,36.3,Rooftop,BATCH_2024_Q2,C,%RH,True,21.91,36.3
SENSOR_004,2024-06-12 10:00:00,-0.8485334157202225,33.0,Rooftop,BATCH_2024_Q2,C,%RH,True,21.22,33.0
SENSOR_004,2024-06-12 11:00:00,0.22146658427977783,40.0,Rooftop,BATCH_2024_Q2,C,%RH,True,22.29,40.0
SENSOR_004,2024-06-13 00:00:00,-5.328533415720223,54.7,Rooftop,BATCH_2024_Q2,C,%RH,True,16.74,54.7
SENSOR_004,2024-06-13 01:00:00,-5.838533415720221,57.8,Rooftop,BATCH_2024_Q2,C,%RH,True,16.23,57.8
SENSOR_004,2024-06-13 02:00:00,-6.198533415720222,57.2,Rooftop,BATCH_2024_Q2,C,%RH,True,15.87,57.2
SENSOR_004,2024-06-13 03:00:00,-5.328533415720223,51.2,Rooftop,BATCH_2024_Q2,C,%RH,True,16.74,51.2
SENSOR_004,2024-06-13 04:00:00,-4.668533415720223,51.9,Rooftop,BATCH_2024_Q2,C,%RH,True,17.4,51.9
SENSOR_004,2024-06-13 05:00:00,-2.0185334157202206,50.9,Rooftop,BATCH_2024_Q2,C,%RH,True,20.05,50.9
SENSOR_004,2024-06-13 06:00:00,-0.5785334157202229,47.7,Rooftop,BATCH_2024_Q2,C,%RH,True,21.49,47.7
SENSOR_004,2024-06-13 07:00:00,-2.338533415720221,42.3,Rooftop,BATCH_2024_Q2,C,%RH,True,19.73,42.3
SENSOR_004,2024-06-13 08:00:00,,47.5,Rooftop,BATCH_2024_Q2,C,%RH,True,,47.5
SENSOR_004,2024-06-13 09:00:00,-1.248533415720221,43.2,Rooftop,BATCH_2024_Q2,C,%RH,True,20.82,43.2
SENSOR_004,2024-06-13 10:00:00,1.3314665842797773,44.4,Rooftop,BATCH_2024_Q2,C,%RH,True,23.4,44.4
SENSOR_004,2024-06-13 11:00:00,0.8014665842797797,39.4,Rooftop,BATCH_2024_Q2,C,%RH,True,22.87,39.4
SENSOR_004,2024-06-14 00:00:00,-2.368533415720222,56.7,Rooftop,BATCH_2024_Q2,C,%RH,True,19.7,56.7
SENSOR_004,2024-06-14 01:00:00,-6.328533415720221,48.4,Rooftop,BATCH_2024_Q2,C,%RH,True,15.74,48.4
SENSOR_004,2024-06-14 02:00:00,-3.46853341572022,47.3,Rooftop,BATCH_2024_Q2,C,%RH,True,18.6,47.3
SENSOR_004,2024-06-14 03:00:00,-4.918533415720223,55.9,Rooftop,BATCH_2024_Q2,C,%RH,True,17.15,55.9
SENSOR_004,2024-06-14 04:00:00,-3.328533415720223,52.9,Rooftop,BATCH_2024_Q2,C,%RH,True,18.74,52.9
SENSOR_004,2024-06-14 05:00:00,-2.088533415720221,56.6,Rooftop,BATCH_2024_Q2,C,%RH,True,19.98,56.6
SENSOR_004,2024-06-14 06:00:00,-2.408533415720221,45.6,Rooftop,BATCH_2024_Q2,C,%RH,True,19.66,45.6
SENSOR_004,2024-06-14 07:00:00,-2.0485334157202217,49.3,Rooftop,BATCH_2024_Q2,C,%RH,True,20.02,49.3
SENSOR_004,2024-06-14 08:00:00,66.19570470342981,42.5,Rooftop,BATCH_2024_Q2,C,%RH,True,88.26423811915004,42.5
SENSOR_004,2024-06-14 09:00:00,1.2714665842797785,34.4,Rooftop,BATCH_2024_Q2,C,%RH,True,23.34,34.4
SENSOR_004,2024-06-14 10:00:00,2.8214665842797793,42.8,Rooftop,BATCH_2024_Q2,C,%RH,True,24.89,42.8
SENSOR_004,2024-06-14 11:00:00,1.6514665842797775,45.1,Rooftop,BATCH_2024_Q2,C,%RH,True,23.72,45.1
SENSOR_004,2024-06-15 00:00:00,-6.638533415720222,,Rooftop,BATCH_2024_Q2,C,%RH,True,15.43,
SENSOR_004,2024-06-15 01:00:00,-5.208533415720222,60.4,Rooftop,BATCH_2024_Q2,°C,%RH,True,16.86,60.4
SENSOR_004,2024-06-15 02:00:00,-5.46853341572022,58.6,Rooftop,BATCH_2024_Q2,C,%RH,True,16.6,58.6
SENSOR_004,2024-06-15 03:00:00,-2.8985334157202196,58.2,Rooftop,BATCH_2024_Q2,C,%RH,True,19.17,58.2
SENSOR_004,2024-06-15 04:00:00,,47.2,Rooftop,BATCH_2024_Q2,C,%RH,True,,47.2
SENSOR_004,2024-06-15 05:00:00,-3.7285334157202215,56.7,Rooftop,BATCH_2024_Q2,C,%RH,True,18.34,56.7
SENSOR_004,2024-06-15 06:00:00,-1.2985334157202217,45.4,Rooftop,BATCH_2024_Q2,C,%RH,True,20.77,45.4
SENSOR_004,2024-06-15 07:00:00,-2.0485334157202217,36.1,Rooftop,BATCH_2024_Q2,C,%RH,True,20.02,36.1
SENSOR_004,2024-06-15 08:00:00,-1.4585334157202219,51.1,Rooftop,BATCH_2024_Q2,C,%RH,True,20.61,51.1
SENSOR_004,2024-06-15 09:00:00,-1.0685334157202213,41.6,Rooftop,BATCH_2024_Q2,C,%RH,True,21.0,41.6
SENSOR_004,2024-06-15 10:00:00,2.03146658427978,34.5,Rooftop,BATCH_2024_Q2,C,%RH,True,24.1,34.5
SENSOR_004,2024-06-15 11:00:00,0.9614665842797798,43.0,Rooftop,BATCH_2024_Q2,C,%RH,True,23.03,43.0
SENSOR_004,2024-06-16 00:00:00,-5.37853341572022,68.3,Rooftop,BATCH_2024_Q2,C,%RH,True,16.69,68.3
SENSOR_004,2024-06-16 01:00:00,-6.178533415720221,61.1,Rooftop,BATCH_2024_Q2,C,%RH,True,15.89,61.1
SENSOR_004,2024-06-16 02:00:00,-4.318533415720221,58.9,Rooftop,BATCH_2024_Q2,C,%RH,True,17.75,58.9
SENSOR_004,2024-06-16 03:00:00,87.78918776226548,53.4,Rooftop,BATCH_2024_Q2,C,%RH,True,109.85772117798571,53.4
SENSOR_004,2024-06-16 04:00:00,-2.828533415720223,43.3,Rooftop,BATCH_2024_Q2,C,%RH,True,19.24,43.3
SENSOR_004,2024-06-16 05:00:00,-1.6585334157202212,49.4,Rooftop,BATCH_2024_Q2,C,%RH,True,20.41,49.4
SENSOR_004,2024-06-16 06:00:00,-1.6585334157202212,50.2,Rooftop,BATCH_2024_Q2,C,%RH,True,20.41,50.2
SENSOR_004,2024-06-16 07:00:00,-1.2785334157202222,45.0,Rooftop,BATCH_2024_Q2,C,%RH,True,20.79,45.0
SENSOR_004,2024-06-16 08:00:00,-1.3485334157202225,39.2,Rooftop,BATCH_2024_Q2,°C,%RH,True,20.72,39.2
SENSOR_004,2024-06-16 09:00:00,1.0514665842797797,44.1,Rooftop,BATCH_2024_Q2,C,%RH,True,23.12,44.1
SENSOR_004,2024-06-16 10:00:00,0.4314665842797787,38.2,Rooftop,BATCH_2024_Q2,C,%RH,True,22.5,38.2
SENSOR_004,2024-06-16 11:00:00,0.33146658427977727,42.3,Rooftop,BATCH_2024_Q2,C,%RH,True,22.4,42.3
SENSOR_004,2024-06-17 00:00:00,-4.2285334157202215,64.9,Rooftop,BATCH_2024_Q2,C,%RH,True,17.84,64.9
SENSOR_004,2024-06-17 01:00:00,-5.918533415720223,56.6,Rooftop,BATCH_2024_Q2,C,%RH,True,16.15,56.6
SENSOR_004,2024-06-17 02:00:00,-4.518533415720221,60.0,Rooftop,BATCH_2024_Q2,C,%RH,True,17.55,60.0
SENSOR_004,2024-06-17 03:00:00,-3.828533415720223,51.4,Rooftop,BATCH_2024_Q2,C,%RH,True,18.24,51.4
SENSOR_004,2024-06-17 04:00:00,-2.87853341572022,53.9,Rooftop,BATCH_2024_Q2,C,%RH,True,19.19,53.9
SENSOR_004,2024-06-17 05:00:00,-3.338533415720221,54.0,Rooftop,BATCH_2024_Q2,C,%RH,True,18.73,54.0
SENSOR_004,2024-06-17 06:00:00,-0.6985334157202203,47.6,Rooftop,BATCH_2024_Q2,C,%RH,True,21.37,47.6
SENSOR_004,2024-06-17 07:00:00,-0.87853341572022,47.6,Rooftop,BATCH_2024_Q2,C,%RH,True,21.19,47.6
SENSOR_004,2024-06-17 08:00:00,-1.3585334157202205,44.4,Rooftop,BATCH_2024_Q2,C,%RH,True,20.71,44.4
SENSOR_004,2024-06-17 09:00:00,-2.4485334157202203,45.5,Rooftop,BATCH_2024_Q2,C,%RH,True,19.62,45.5
SENSOR_004,2024-06-17 10:00:00,-0.47853341572022146,43.3,Rooftop,BATCH_2024_Q2,C,%RH,True,21.59,43.3
SENSOR_004,2024-06-17 11:00:00,0.631466584279778,37.4,Rooftop,BATCH_2024_Q2,C,%RH,True,22.7,37.4
SENSOR_004,2024-06-18 00:00:00,-5.0985334157202225,57.2,Rooftop,BATCH_2024_Q2,C,%RH,True,16.97,57.2
SENSOR_004,2024-06-18 01:00:00,-3.12853341572022,48.0,Rooftop,BATCH_2024_Q2,C,%RH,True,18.94,48.0
SENSOR_004,2024-06-18 02:00:00,-3.6485334157202196,57.3,Rooftop,BATCH_2024_Q2,C,%RH,True,18.42,57.3
SENSOR_004,2024-06-18 03:00:00,-5.658533415720221,48.2,Rooftop,BATCH_2024_Q2,C,%RH,True,16.41,48.2
SENSOR_004,2024-06-18 04:00:00,-1.9085334157202212,47.9,Rooftop,BATCH_2024_Q2,C,%RH,True,20.16,47.9
SENSOR_004,2024-06-18 05:00:00,-3.8485334157202225,55.6,Rooftop,BATCH_2024_Q2,C,%RH,True,18.22,55.6
SENSOR_004,2024-06-18 06:00:00,-2.0185334157202206,45.0,Rooftop,BATCH_2024_Q2,C,%RH,True,20.05,45.0
SENSOR_004,2024-06-18 07:00:00,-0.47853341572022146,40.2,Rooftop,BATCH_2024_Q2,C,%RH,True,21.59,40.2
SENSOR_004,2024-06-18 08:00:00,0.6714665842797771,44.8,Rooftop,BATCH_2024_Q2,C,%RH,True,22.74,44.8
SENSOR_004,2024-06-18 09:00:00,0.9214665842797771,41.4,Rooftop,BATCH_2024_Q2,°C,%RH,True,22.99,41.4
SENSOR_004,2024-06-18 10:00:00,2.261466584279777,37.9,Rooftop,BATCH_2024_Q2,C,%RH,True,24.33,37.9
SENSOR_004,2024-06-18 11:00:00,-0.5085334157202226,41.0,Rooftop,BATCH_2024_Q2,C,%RH,True,21.56,41.0
SENSOR_004,2024-06-19 00:00:00,-2.9185334157202227,51.9,Rooftop,BATCH_2024_Q2,C,%RH,True,19.15,51.9
SENSOR_004,2024-06-19 01:00:00,-4.9785334157202215,58.3,Rooftop,BATCH_2024_Q2,C,%RH,True,17.09,58.3
SENSOR_004,2024-06-19 02:00:00,-4.94853341572022,51.3,Rooftop,BATCH_2024_Q2,C,%RH,True,17.12,51.3
SENSOR_004,2024-06-19 03:00:00,-3.1085334157202205,65.4,Rooftop,BATCH_2024_Q2,C,%RH,True,18.96,65.4
SENSOR_004,2024-06-19 04:00:00,-3.738533415720223,49.3,Rooftop,BATCH_2024_Q2,C,%RH,True,18.33,49.3
SENSOR_004,2024-06-19 05:00:00,-4.30853341572022,51.2,Rooftop,BATCH_2024_Q2,C,%RH,True,17.76,51.2
SENSOR_004,2024-06-19 06:00:00,-0.5085334157202226,48.4,Rooftop,BATCH_2024_Q2,C,%RH,True,21.56,48.4
SENSOR_004,2024-06-19 07:00:00,-1.368533415720222,42.7,Rooftop,BATCH_2024_Q2,C,%RH,True,20.7,42.7
SENSOR_004,2024-06-19 08:00:00,-1.8085334157202198,46.8,Rooftop,BATCH_2024_Q2,C,%RH,True,20.26,46.8
SENSOR_004,2024-06-19 09:00:00,1.2314665842797794,34.6,Rooftop,BATCH_2024_Q2,C,%RH,True,23.3,34.6
SENSOR_004,2024-06-19 10:00:00,2.03146658427978,39.7,Rooftop,BATCH_2024_Q2,C,%RH,True,24.1,39.7
SENSOR_004,2024-06-19 11:00:00,1.881466584279778,33.4,Rooftop,BATCH_2024_Q2,C,%RH,True,23.95,33.4
SENSOR_004,2024-06-20 00:00:00,-6.208533415720222,56.2,Rooftop,BATCH_2024_Q2,C,%RH,True,15.86,56.2
SENSOR_004,2024-06-20 01:00:00,-4.578533415720223,64.9,Rooftop,BATCH_2024_Q2,C,%RH,True,17.49,64.9
SENSOR_004,2024-06-20 02:00:00,-3.9629778601646635,56.0,Rooftop,BATCH_2024_Q2,F,%RH,True,18.105555555555558,56.0
SENSOR_004,2024-06-20 03:00:00,-5.008533415720223,57.9,Rooftop,BATCH_2024_Q2,C,%RH,True,17.06,57.9
SENSOR_004,2024-06-20 04:00:00,-4.548533415720222,,Rooftop,BATCH_2024_Q2,C,%RH,True,17.52,
SENSOR_004,2024-06-20 05:00:00,-2.5485334157202217,54.5,Rooftop,BATCH_2024_Q2,C,%RH,True,19.52,54.5
SENSOR_004,2024-06-20 06:00:00,-1.6885334157202223,45.6,Rooftop,BATCH_2024_Q2,C,%RH,True,20.38,45.6
SENSOR_004,2024-06-20 07:00:00,-1.5885334157202209,42.1,Rooftop,BATCH_2024_Q2,C,%RH,True,20.48,42.1
SENSOR_004,2024-06-20 08:00:00,0.33146658427977727,43.8,Rooftop,BATCH_2024_Q2,C,%RH,True,22.4,43.8
SENSOR_004,2024-06-20 09:00:00,-0.5585334157202198,39.7,Rooftop,BATCH_2024_Q2,C,%RH,True,21.51,39.7
SENSOR_004,2024-06-20 10:00:00,0.37146658427977997,29.3,Rooftop,BATCH_2024_Q2,C,%RH,True,22.44,29.3
SENSOR_004,2024-06-20 11:00:00,1.8314665842797773,32.4,Rooftop,BATCH_2024_Q2,C,%RH,True,23.9,32.4
SENSOR_004,2024-06-21 00:00:00,-5.768533415720221,51.8,Rooftop,BATCH_2024_Q2,C,%RH,True,16.3,51.8
SENSOR_004,2024-06-21 01:00:00,-6.178533415720221,53.0,Rooftop,BATCH_2024_Q2,C,%RH,True,15.89,53.0
SENSOR_004,2024-06-21 02:00:00,-4.94853341572022,63.5,Rooftop,BATCH_2024_Q2,C,%RH,True,17.12,63.5
SENSOR_004,2024-06-21 03:00:00,-4.958533415720222,53.2,Rooftop,BATCH_2024_Q2,C,%RH,True,17.11,53.2
SENSOR_004,2024-06-21 04:00:00,,52.6,Rooftop,BATCH_2024_Q2,C,%RH,True,,52.6
SENSOR_004,2024-06-21 05:00:00,-2.328533415720223,43.8,Rooftop,BATCH_2024_Q2,C,%RH,True,19.74,43.8
SENSOR_004,2024-06-21 06:00:00,-0.87853341572022,53.1,Rooftop,BATCH_2024_Q2,C,%RH,True,21.19,53.1
SENSOR_004,2024-06-21 07:00:00,-3.03853341572022,39.5,Rooftop,BATCH_2024_Q2,C,%RH,True,19.03,39.5
SENSOR_004,2024-06-21 08:00:00,-0.462977860164667,36.9,Rooftop,BATCH_2024_Q2,F,%RH,True,21.605555555555554,36.9
SENSOR_004,2024-06-21 09:00:00,0.6114665842797784,36.1,Rooftop,BATCH_2024_Q2,C,%RH,True,22.68,36.1
SENSOR_004,2024-06-21 10:00:00,2.911466584279779,43.3,Rooftop,BATCH_2024_Q2,C,%RH,True,24.98,43.3
SENSOR_004,2024-06-21 11:00:00,0.9714665842797778,39.8,Rooftop,BATCH_2024_Q2,C,%RH,True,23.04,39.8
SENSOR_004,2024-06-22 00:00:00,66.5541304980088,55.4,Rooftop,BATCH_2024_Q2,C,%RH,True,88.62266391372903,55.4
SENSOR_004,2024-06-22 01:00:00,-6.128533415720222,55.9,Rooftop,BATCH_2024_Q2,C,%RH,True,15.94,55.9
SENSOR_004,2024-06-22 02:00:00,-3.5985334157202225,56.0,Rooftop,BATCH_2024_Q2,C,%RH,True,18.47,56.0
SENSOR_004,2024-06-22 03:00:00,-5.528533415720222,51.2,Rooftop,BATCH_2024_Q2,C,%RH,True,16.54,51.2
SENSOR_004,2024-06-22 04:00:00,-3.2585334157202226,52.1,Rooftop,BATCH_2024_Q2,C,%RH,True,18.81,52.1
SENSOR_004,2024-06-22 05:00:00,-1.0740889712757706,45.4,Rooftop,BATCH_2024_Q2,F,%RH,True,20.99444444444445,45.4
SENSOR_004,2024-06-22 06:00:00,,55.0,Rooftop,BATCH_2024_Q2,C,%RH,True,,55.0
SENSOR_004,2024-06-22 07:00:00,1.3014665842797797,41.9,Rooftop,BATCH_2024_Q2,C,%RH,True,23.37,41.9
SENSOR_004,2024-06-22 08:00:00,0.381466584279778,46.5,Rooftop,BATCH_2024_Q2,C,%RH,True,22.45,46.5
SENSOR_004,2024-06-22 09:00:00,0.2814665842797801,40.9,Rooftop,BATCH_2024_Q2,C,%RH,True,22.35,40.9
SENSOR_004,2024-06-22 10:00:00,1.1114665842797784,28.5,Rooftop,BATCH_2024_Q2,C,%RH,True,23.18,28.5
SENSOR_004,2024-06-22 11:00:00,1.8614665842797784,36.5,Rooftop,BATCH_2024_Q2,C,%RH,True,23.93,36.5
SENSOR_004,2024-06-23 00:00:00,-5.208533415720222,66.5,Rooftop,BATCH_2024_Q2,C,%RH,True,16.86,66.5
SENSOR_004,2024-06-23 01:00:00,-5.78853341572022,55.0,Rooftop,BATCH_2024_Q2,C,%RH,True,16.28,55.0
SENSOR_004,2024-06-23 02:00:00,-2.1985334157202203,54.2,Rooftop,BATCH_2024_Q2,C,%RH,True,19.87,54.2
SENSOR_004,2024-06-23 03:00:00,-4.748533415720221,51.9,Rooftop,BATCH_2024_Q2,C,%RH,True,17.32,51.9
SENSOR_004,2024-06-23 04:00:00,-2.708533415720222,53.3,Rooftop,BATCH_2024_Q2,C,%RH,True,19.36,53.3
SENSOR_004,2024-06-23 05:00:00,-4.118533415720222,48.6,Rooftop,BATCH_2024_Q2,C,%RH,True,17.95,48.6
SENSOR_004,2024-06-23 06:00:00,-2.158533415720221,45.7,Rooftop,BATCH_2024_Q2,C,%RH,True,19.91,45.7
SENSOR_004,2024-06-23 07:00:00,-1.0385334157202202,47.8,Rooftop,BATCH_2024_Q2,C,%RH,True,21.03,47.8
SENSOR_004,2024-06-23 08:00:00,-2.2985334157202217,46.6,Rooftop,BATCH_2024_Q2,C,%RH,True,19.77,46.6
SENSOR_004,2024-06-23 09:00:00,0.5214665842797785,46.8,Rooftop,BATCH_2024_Q2,C,%RH,True,22.59,46.8
SENSOR_004,2024-06-23 10:00:00,0.9514665842797783,43.7,Rooftop,BATCH_2024_Q2,C,%RH,True,23.02,43.7
SENSOR_004,2024-06-23 11:00:00,1.4314665842797787,41.7,Rooftop,BATCH_2024_Q2,C,%RH,True,23.5,41.7
SENSOR_004,2024-06-24 00:00:00,-4.428533415720221,55.9,Rooftop,BATCH_2024_Q2,°C,%RH,True,17.64,55.9
SENSOR_004,2024-06-24 01:00:00,-2.328533415720223,61.9,Rooftop,BATCH_2024_Q2,°C,%RH,True,19.74,61.9
SENSOR_004,2024-06-24 02:00:00,-4.28853341572022,51.3,Rooftop,BATCH_2024_Q2,C,%RH,True,17.78,51.3
SENSOR_004,2024-06-24 03:00:00,-5.2285334157202215,56.6,Rooftop,BATCH_2024_Q2,C,%RH,True,16.84,56.6
SENSOR_004,2024-06-24 04:00:00,-3.3085334157202198,49.7,Rooftop,BATCH_2024_Q2,C,%RH,True,18.76,49.7
SENSOR_004,2024-06-24 05:00:00,-2.578533415720223,56.4,Rooftop,BATCH_2024_Q2,C,%RH,True,19.49,56.4
SENSOR_004,2024-06-24 06:00:00,-1.7285334157202215,43.8,Rooftop,BATCH_2024_Q2,C,%RH,True,20.34,43.8
SENSOR_004,2024-06-24 07:00:00,-1.6585334157202212,41.3,Rooftop,BATCH_2024_Q2,C,%RH,True,20.41,41.3
SENSOR_004,2024-06-24 08:00:00,-1.2985334157202217,39.4,Rooftop,BATCH_2024_Q2,C,%RH,True,20.77,39.4
SENSOR_004,2024-06-24 09:00:00,0.08146658427977727,33.9,Rooftop,BATCH_2024_Q2,C,%RH,True,22.15,33.9
SENSOR_004,2024-06-24 10:00:00,0.4114665842797791,37.5,Rooftop,BATCH_2024_Q2,C,%RH,True,22.48,37.5
SENSOR_004,2024-06-24 11:00:00,-1.9185334157202227,46.0,Rooftop,BATCH_2024_Q2,C,%RH,True,20.15,46.0
SENSOR_004,2024-06-25 00:00:00,-4.19853341572022,54.1,Rooftop,BATCH_2024_Q2,C,%RH,True,17.87,54.1
SENSOR_004,2024-06-25 01:00:00,-4.94853341572022,53.0,Rooftop,BATCH_2024_Q2,C,%RH,True,17.12,53.0
SENSOR_004,2024-06-25 02:00:00,-3.28853341572022,63.9,Rooftop,BATCH_2024_Q2,C,%RH,True,18.78,63.9
SENSOR_004,2024-06-25 03:00:00,-3.5985334157202225,58.8,Rooftop,BATCH_2024_Q2,C,%RH,True,18.47,58.8
SENSOR_004,2024-06-25 04:00:00,-3.3885334157202216,46.7,Rooftop,BATCH_2024_Q2,C,%RH,True,18.68,46.7
SENSOR_004,2024-06-25 05:00:00,-3.578533415720223,49.4,Rooftop,BATCH_2024_Q2,C,%RH,True,18.49,49.4
SENSOR_004,2024-06-25 06:00:00,-2.8185334157202213,47.2,Rooftop,BATCH_2024_Q2,C,%RH,True,19.25,47.2
SENSOR_004,2024-06-25 07:00:00,-1.5885334157202209,44.6,Rooftop,BATCH_2024_Q2,C,%RH,True,20.48,44.6
SENSOR_004,2024-06-25 08:00:00,-0.4685334157202199,38.2,Rooftop,BATCH_2024_Q2,°C,%RH,True,21.6,38.2
SENSOR_004,2024-06-25 09:00:00,-0.5685334157202213,33.2,Rooftop,BATCH_2024_Q2,C,%RH,True,21.5,33.2
SENSOR_004,2024-06-25 10:00:00,1.4514665842797783,28.6,Rooftop,BATCH_2024_Q2,C,%RH,True,23.52,28.6
SENSOR_004,2024-06-25 11:00:00,1.8114665842797777,43.2,Rooftop,BATCH_2024_Q2,C,%RH,True,23.88,43.2
SENSOR_004,2024-06-26 00:00:00,-5.578533415720223,46.1,Rooftop,BATCH_2024_Q2,C,%RH,True,16.49,46.1
SENSOR_004,2024-06-26 01:00:00,-5.068533415720221,58.6,Rooftop,BATCH_2024_Q2,C,%RH,True,17.0,58.6
SENSOR_004,2024-06-26 02:00:00,-5.838533415720221,53.0,Rooftop,BATCH_2024_Q2,C,%RH,True,16.23,53.0
SENSOR_004,2024-06-26 03:00:00,-2.2285334157202215,57.6,Rooftop,BATCH_2024_Q2,C,%RH,True,19.84,57.6
SENSOR_004,2024-06-26 04:00:00,-4.28853341572022,46.3,Rooftop,BATCH_2024_Q2,C,%RH,True,17.78,46.3
SENSOR_004,2024-06-26 05:00:00,-3.0185334157202206,48.8,Rooftop,BATCH_2024_Q2,C,%RH,True,19.05,48.8
SENSOR_004,2024-06-26 06:00:00,-1.12853341572022,45.2,Rooftop,BATCH_2024_Q2,C,%RH,True,20.94,45.2
SENSOR_004,2024-06-26 07:00:00,-0.8385334157202209,52.1,Rooftop,BATCH_2024_Q2,C,%RH,True,21.23,52.1
SENSOR_004,2024-06-26 08:00:00,0.5414665842797781,42.3,Rooftop,BATCH_2024_Q2,C,%RH,True,22.61,42.3
SENSOR_004,2024-06-26 09:00:00,0.011466584279776981,,Rooftop,BATCH_2024_Q2,C,%RH,True,22.08,
SENSOR_004,2024-06-26 10:00:00,2.161466584279779,37.9,Rooftop,BATCH_2024_Q2,C,%RH,True,24.23,37.9
SENSOR_004,2024-06-26 11:00:00,1.3114665842797777,39.3,Rooftop,BATCH_2024_Q2,C,%RH,True,23.38,39.3
SENSOR_004,2024-06-27 00:00:00,-5.21853341572022,50.1,Rooftop,BATCH_2024_Q2,C,%RH,True,16.85,50.1
SENSOR_004,2024-06-27 01:00:00,-4.778533415720222,57.7,Rooftop,BATCH_2024_Q2,C,%RH,True,17.29,57.7
SENSOR_004,2024-06-27 02:00:00,-4.12853341572022,55.3,Rooftop,BATCH_2024_Q2,C,%RH,True,17.94,55.3
SENSOR_004,2024-06-27 03:00:00,-2.498533415720221,50.0,Rooftop,BATCH_2024_Q2,C,%RH,True,19.57,50.0
SENSOR_004,2024-06-27 04:00:00,-1.5485334157202217,44.3,Rooftop,BATCH_2024_Q2,C,%RH,True,20.52,44.3
SENSOR_004,2024-06-27 05:00:00,-2.7585334157202226,53.0,Rooftop,BATCH_2024_Q2,C,%RH,True,19.31,53.0
SENSOR_004,2024-06-27 06:00:00,-2.248533415720221,48.7,Rooftop,BATCH_2024_Q2,C,%RH,True,19.82,48.7
SENSOR_004,2024-06-27 07:00:00,-0.11853341572022202,34.0,Rooftop,BATCH_2024_Q2,C,%RH,True,21.95,34.0
SENSOR_004,2024-06-27 08:00:00,0.1114665842797784,32.9,Rooftop,BATCH_2024_Q2,C,%RH,True,22.18,32.9
SENSOR_004,2024-06-27 09:00:00,-0.5085334157202226,45.0,Rooftop,BATCH_2024_Q2,C,%RH,True,21.56,45.0
SENSOR_004,2024-06-27 10:00:00,-0.12853341572022003,32.2,Rooftop,BATCH_2024_Q2,C,%RH,True,21.94,32.2
SENSOR_004,2024-06-27 11:00:00,0.9314665842797787,47.5,Rooftop,BATCH_2024_Q2,C,%RH,True,23.0,47.5
SENSOR_004,2024-06-28 00:00:00,-6.428533415720221,52.1,Rooftop,BATCH_2024_Q2,C,%RH,True,15.64,52.1
SENSOR_004,2024-06-28 01:00:00,-3.7285334157202215,65.1,Rooftop,BATCH_2024_Q2,C,%RH,True,18.34,65.1
SENSOR_004,2024-06-28 02:00:00,-4.618533415720222,51.0,Rooftop,BATCH_2024_Q2,C,%RH,True,17.45,51.0
SENSOR_004,2024-06-28 03:00:00,-1.6985334157202203,60.0,Rooftop,BATCH_2024_Q2,C,%RH,True,20.37,60.0
SENSOR_004,2024-06-28 04:00:00,-2.458533415720222,50.1,Rooftop,BATCH_2024_Q2,C,%RH,True,19.61,50.1
SENSOR_004,2024-06-28 05:00:00,-3.158533415720221,48.1,Rooftop,BATCH_2024_Q2,C,%RH,True,18.91,48.1
SENSOR_004,2024-06-28 06:00:00,-1.248533415720221,51.4,Rooftop,BATCH_2024_Q2,C,%RH,True,20.82,51.4
SENSOR_004,2024-06-28 07:00:00,-0.6785334157202207,40.6,Rooftop,BATCH_2024_Q2,C,%RH,True,21.39,40.6
SENSOR_004,2024-06-28 08:00:00,0.7114665842797798,44.7,Rooftop,BATCH_2024_Q2,C,%RH,True,22.78,44.7
SENSOR_004,2024-06-28 09:00:00,0.7314665842797794,45.4,Rooftop,BATCH_2024_Q2,C,%RH,True,22.8,45.4
SENSOR_004,2024-06-28 10:00:00,-0.9185334157202227,39.5,Rooftop,BATCH_2024_Q2,C,%RH,True,21.15,39.5
SENSOR_004,2024-06-28 11:00:00,0.8414665842797788,32.1,Rooftop,BATCH_2024_Q2,C,%RH,True,22.91,32.1
SENSOR_004,2024-06-29 00:00:00,-4.458533415720222,68.2,Rooftop,BATCH_2024_Q2,C,%RH,True,17.61,68.2
SENSOR_004,2024-06-29 01:00:00,-6.648533415720221,55.8,Rooftop,BATCH_2024_Q2,°C,%RH,True,15.42,55.8
SENSOR_004,2024-06-29 02:00:00,-3.4385334157202223,58.2,Rooftop,BATCH_2024_Q2,C,%RH,True,18.63,58.2
SENSOR_004,2024-06-29 03:00:00,-3.738533415720223,50.2,Rooftop,BATCH_2024_Q2,C,%RH,True,18.33,50.2
SENSOR_004,2024-06-29 04:00:00,-3.5485334157202217,49.1,Rooftop,BATCH_2024_Q2,C,%RH,True,18.52,49.1
SENSOR_004,2024-06-29 05:00:00,-4.768533415720221,55.9,Rooftop,BATCH_2024_Q2,C,%RH,True,17.3,55.9
SENSOR_004,2024-06-29 06:00:00,-0.7085334157202219,47.5,Rooftop,BATCH_2024_Q2,C,%RH,True,21.36,47.5
SENSOR_004,2024-06-29 07:00:00,-1.1085334157202205,48.7,Rooftop,BATCH_2024_Q2,C,%RH,True,20.96,48.7
SENSOR_004,2024-06-29 08:00:00,-0.5585334157202198,45.0,Rooftop,BATCH_2024_Q2,C,%RH,True,21.51,45.0
SENSOR_004,2024-06-29 09:00:00,0.1114665842797784,45.7,Rooftop,BATCH_2024_Q2,C,%RH,True,22.18,45.7
SENSOR_004,2024-06-29 10:00:00,1.2414665842797774,40.0,Rooftop,BATCH_2024_Q2,C,%RH,True,23.31,40.0
SENSOR_004,2024-06-29 11:00:00,-0.17853341572022075,36.8,Rooftop,BATCH_2024_Q2,C,%RH,True,21.89,36.8
SENSOR_004,2024-06-30 00:00:00,-5.69853341572022,53.2,Rooftop,BATCH_2024_Q2,C,%RH,True,16.37,53.2
SENSOR_004,2024-06-30 01:00:00,-5.388533415720222,53.3,Rooftop,BATCH_2024_Q2,C,%RH,True,16.68,53.3
SENSOR_004,2024-06-30 02:00:00,-2.5085334157202226,63.1,Rooftop,BATCH_2024_Q2,C,%RH,True,19.56,63.1
SENSOR_004,2024-06-30 03:00:00,-2.5085334157202226,48.2,Rooftop,BATCH_2024_Q2,C,%RH,True,19.56,48.2
SENSOR_004,2024-06-30 04:00:00,-3.588533415720221,45.5,Rooftop,BATCH_2024_Q2,C,%RH,True,18.48,45.5
SENSOR_004,2024-06-30 05:00:00,-3.53853341572022,47.6,Rooftop,BATCH_2024_Q2,°C,%RH,True,18.53,47.6
SENSOR_004,2024-06-30 06:00:00,-1.1785334157202207,46.0,Rooftop,BATCH_2024_Q2,C,%RH,True,20.89,46.0
SENSOR_004,2024-06-30 07:00:00,-0.5085334157202226,,Rooftop,BATCH_2024_Q2,C,%RH,True,21.56,
SENSOR_004,2024-06-30 08:00:00,1.4114665842797791,36.9,Rooftop,BATCH_2024_Q2,C,%RH,True,23.48,36.9
SENSOR_004,2024-06-30 09:00:00,1.8914665842797795,43.5,Rooftop,BATCH_2024_Q2,°C,%RH,True,23.96,43.5
SENSOR_004,2024-06-30 10:00:00,,43.8,Rooftop,BATCH_2024_Q2,C,%RH,True,,43.8
SENSOR_004,2024-06-30 11:00:00,1.28146658427978,35.7,Rooftop,BATCH_2024_Q2,C,%RH,True,23.35,35.7
