timestamp,cabinet_id,temperature_c,sampling_point
2026-06-01 00:00:00,PDU-A01,43.5,PDU-A01-SP1
2026-06-01 00:05:00,PDU-A01,43.1,PDU-A01-SP3
2026-06-01 00:10:00,PDU-A01,38.7,PDU-A01-SP4
2026-06-01 00:15:00,PDU-A01,39.9,PDU-A01-SP5
2026-06-01 00:20:00,PDU-A01,44.3,PDU-A01-SP4
2026-06-01 00:25:00,PDU-A01,46.6,PDU-A01-SP1
2026-06-01 00:30:00,PDU-A01,45.7,PDU-A01-SP4
2026-06-01 00:35:00,PDU-A01,45.1,PDU-A01-SP1
2026-06-01 00:40:00,PDU-A01,40.6,PDU-A01-SP1
2026-06-01 00:45:00,PDU-A01,40.5,PDU-A01-SP4
2026-06-01 00:50:00,PDU-A01,39.3,PDU-A01-SP4
2026-06-01 00:55:00,PDU-A01,43.4,PDU-A01-SP4
2026-06-01 01:00:00,PDU-A01,49.3,PDU-A01-SP1
2026-06-01 01:05:00,PDU-A01,41.6,PDU-A01-SP1
2026-06-01 01:10:00,PDU-A01,51.4,PDU-A01-SP2
2026-06-01 01:15:00,PDU-A01,40.8,PDU-A01-SP2
2026-06-01 01:20:00,PDU-A01,50.1,PDU-A01-SP2
2026-06-01 01:25:00,PDU-A01,45.1,PDU-A01-SP3
2026-06-01 01:30:00,PDU-A01,50.3,PDU-A01-SP3
2026-06-01 01:35:00,PDU-A01,45.5,PDU-A01-SP5
2026-06-01 01:40:00,PDU-A01,46.2,PDU-A01-SP2
2026-06-01 01:45:00,PDU-A01,44.1,PDU-A01-SP5
2026-06-01 01:50:00,PDU-A01,45.3,PDU-A01-SP3
2026-06-01 01:55:00,PDU-A01,40.0,PDU-A01-SP5
2026-06-01 02:00:00,PDU-A01,49.2,PDU-A01-SP1
2026-06-01 02:05:00,PDU-A01,47.9,PDU-A01-SP2
2026-06-01 02:10:00,PDU-A01,38.0,PDU-A01-SP2
2026-06-01 02:15:00,PDU-A01,45.2,PDU-A01-SP5
2026-06-01 02:20:00,PDU-A01,42.1,PDU-A01-SP5
2026-06-01 02:25:00,PDU-A01,40.5,PDU-A01-SP5
2026-06-01 02:30:00,PDU-A01,46.5,PDU-A01-SP2
2026-06-01 02:35:00,PDU-A01,45.6,PDU-A01-SP3
2026-06-01 02:40:00,PDU-A01,44.0,PDU-A01-SP3
2026-06-01 02:45:00,PDU-A01,45.7,PDU-A01-SP1
2026-06-01 02:50:00,PDU-A01,39.6,PDU-A01-SP5
2026-06-01 02:55:00,PDU-A01,48.3,PDU-A01-SP2
2026-06-01 03:00:00,PDU-A01,43.1,PDU-A01-SP3
2026-06-01 03:05:00,PDU-A01,50.2,PDU-A01-SP3
2026-06-01 03:10:00,PDU-A01,41.9,PDU-A01-SP5
2026-06-01 03:15:00,PDU-A01,47.2,PDU-A01-SP5
2026-06-01 03:20:00,PDU-A01,40.4,PDU-A01-SP3
2026-06-01 03:25:00,PDU-A01,47.7,PDU-A01-SP2
2026-06-01 03:30:00,PDU-A01,43.5,PDU-A01-SP5
2026-06-01 03:35:00,PDU-A01,39.8,PDU-A01-SP2
2026-06-01 03:40:00,PDU-A01,45.7,PDU-A01-SP3
2026-06-01 03:45:00,PDU-A01,43.6,PDU-A01-SP1
2026-06-01 03:50:00,PDU-A01,39.7,PDU-A01-SP3
2026-06-01 03:55:00,PDU-A01,38.8,PDU-A01-SP2
2026-06-01 04:00:00,PDU-A01,45.1,PDU-A01-SP4
2026-06-01 04:05:00,PDU-A01,44.8,PDU-A01-SP1
2026-06-01 04:10:00,PDU-A01,42.0,PDU-A01-SP2
2026-06-01 04:15:00,PDU-A01,46.3,PDU-A01-SP5
2026-06-01 04:20:00,PDU-A01,44.8,PDU-A01-SP1
2026-06-01 04:25:00,PDU-A01,44.0,PDU-A01-SP1
2026-06-01 04:30:00,PDU-A01,47.7,PDU-A01-SP2
2026-06-01 04:35:00,PDU-A01,45.8,PDU-A01-SP5
2026-06-01 04:40:00,PDU-A01,48.4,PDU-A01-SP5
2026-06-01 04:45:00,PDU-A01,48.9,PDU-A01-SP2
2026-06-01 04:50:00,PDU-A01,50.4,PDU-A01-SP2
2026-06-01 04:55:00,PDU-A01,46.8,PDU-A01-SP3
2026-06-01 05:00:00,PDU-A01,47.3,PDU-A01-SP2
2026-06-01 05:05:00,PDU-A01,43.1,PDU-A01-SP1
2026-06-01 05:10:00,PDU-A01,41.4,PDU-A01-SP4
2026-06-01 05:15:00,PDU-A01,42.7,PDU-A01-SP4
2026-06-01 05:20:00,PDU-A01,44.1,PDU-A01-SP2
2026-06-01 05:25:00,PDU-A01,42.1,PDU-A01-SP4
2026-06-01 05:30:00,PDU-A01,44.1,PDU-A01-SP3
2026-06-01 05:35:00,PDU-A01,42.9,PDU-A01-SP5
2026-06-01 05:40:00,PDU-A01,40.8,PDU-A01-SP3
2026-06-01 05:45:00,PDU-A01,42.8,PDU-A01-SP3
2026-06-01 05:50:00,PDU-A01,39.8,PDU-A01-SP3
2026-06-01 05:55:00,PDU-A01,46.3,PDU-A01-SP5
2026-06-01 06:00:00,PDU-A01,48.3,PDU-A01-SP5
2026-06-01 06:05:00,PDU-A01,39.3,PDU-A01-SP4
2026-06-01 06:10:00,PDU-A01,40.7,PDU-A01-SP5
2026-06-01 06:15:00,PDU-A01,48.3,PDU-A01-SP2
2026-06-01 06:20:00,PDU-A01,41.3,PDU-A01-SP3
2026-06-01 06:25:00,PDU-A01,46.5,PDU-A01-SP1
2026-06-01 06:30:00,PDU-A01,46.1,PDU-A01-SP3
2026-06-01 06:35:00,PDU-A01,45.6,PDU-A01-SP3
2026-06-01 06:40:00,PDU-A01,43.9,PDU-A01-SP4
2026-06-01 06:45:00,PDU-A01,48.1,PDU-A01-SP5
2026-06-01 06:50:00,PDU-A01,44.9,PDU-A01-SP1
2026-06-01 06:55:00,PDU-A01,41.2,PDU-A01-SP5
2026-06-01 07:00:00,PDU-A01,35.4,PDU-A01-SP3
2026-06-01 07:05:00,PDU-A01,34.9,PDU-A01-SP4
2026-06-01 07:10:00,PDU-A01,35.7,PDU-A01-SP5
2026-06-01 07:15:00,PDU-A01,34.9,PDU-A01-SP2
2026-06-01 07:20:00,PDU-A01,35.6,PDU-A01-SP3
2026-06-01 07:25:00,PDU-A01,35.1,PDU-A01-SP5
2026-06-01 07:30:00,PDU-A01,34.3,PDU-A01-SP2
2026-06-01 07:35:00,PDU-A01,35.7,PDU-A01-SP2
2026-06-01 07:40:00,PDU-A01,36.2,PDU-A01-SP2
2026-06-01 07:45:00,PDU-A01,33.1,PDU-A01-SP2
2026-06-01 07:50:00,PDU-A01,36.9,PDU-A01-SP5
2026-06-01 07:55:00,PDU-A01,36.4,PDU-A01-SP1
2026-06-01 08:00:00,PDU-A01,34.8,PDU-A01-SP5
2026-06-01 08:05:00,PDU-A01,33.8,PDU-A01-SP4
2026-06-01 08:10:00,PDU-A01,35.0,PDU-A01-SP2
2026-06-01 08:15:00,PDU-A01,33.6,PDU-A01-SP1
2026-06-01 08:20:00,PDU-A01,36.6,PDU-A01-SP1
2026-06-01 08:25:00,PDU-A01,36.1,PDU-A01-SP2
2026-06-01 08:30:00,PDU-A01,33.7,PDU-A01-SP5
2026-06-01 08:35:00,PDU-A01,34.9,PDU-A01-SP5
2026-06-01 08:40:00,PDU-A01,34.0,PDU-A01-SP1
2026-06-01 08:45:00,PDU-A01,34.8,PDU-A01-SP4
2026-06-01 08:50:00,PDU-A01,35.7,PDU-A01-SP5
2026-06-01 08:55:00,PDU-A01,35.4,PDU-A01-SP4
2026-06-01 09:00:00,PDU-A01,63.1,PDU-A01-SP5
2026-06-01 09:05:00,PDU-A01,60.2,PDU-A01-SP4
2026-06-01 09:10:00,PDU-A01,68.9,PDU-A01-SP4
2026-06-01 09:15:00,PDU-A01,60.0,PDU-A01-SP3
2026-06-01 09:20:00,PDU-A01,65.4,PDU-A01-SP2
2026-06-01 09:25:00,PDU-A01,53.8,PDU-A01-SP3
2026-06-01 09:30:00,PDU-A01,54.0,PDU-A01-SP5
2026-06-01 09:35:00,PDU-A01,50.2,PDU-A01-SP4
2026-06-01 09:40:00,PDU-A01,64.7,PDU-A01-SP1
2026-06-01 09:45:00,PDU-A01,57.6,PDU-A01-SP4
2026-06-01 09:50:00,PDU-A01,57.1,PDU-A01-SP4
2026-06-01 09:55:00,PDU-A01,58.9,PDU-A01-SP1
2026-06-01 10:00:00,PDU-A01,68.2,PDU-A01-SP4
2026-06-01 10:05:00,PDU-A01,61.3,PDU-A01-SP3
2026-06-01 10:10:00,PDU-A01,66.5,PDU-A01-SP4
2026-06-01 10:15:00,PDU-A01,61.7,PDU-A01-SP5
2026-06-01 10:20:00,PDU-A01,67.9,PDU-A01-SP3
2026-06-01 10:25:00,PDU-A01,56.8,PDU-A01-SP3
2026-06-01 10:30:00,PDU-A01,64.6,PDU-A01-SP2
2026-06-01 10:35:00,PDU-A01,68.5,PDU-A01-SP5
2026-06-01 10:40:00,PDU-A01,62.3,PDU-A01-SP5
2026-06-01 10:45:00,PDU-A01,59.4,PDU-A01-SP4
2026-06-01 10:50:00,PDU-A01,52.6,PDU-A01-SP1
2026-06-01 10:55:00,PDU-A01,54.5,PDU-A01-SP4
2026-06-01 11:00:00,PDU-A01,57.6,PDU-A01-SP4
2026-06-01 11:05:00,PDU-A01,57.4,PDU-A01-SP4
2026-06-01 11:10:00,PDU-A01,53.4,PDU-A01-SP1
2026-06-01 11:15:00,PDU-A01,63.2,PDU-A01-SP3
2026-06-01 11:20:00,PDU-A01,52.8,PDU-A01-SP1
2026-06-01 11:25:00,PDU-A01,66.9,PDU-A01-SP2
2026-06-01 11:30:00,PDU-A01,67.3,PDU-A01-SP2
2026-06-01 11:35:00,PDU-A01,53.2,PDU-A01-SP5
2026-06-01 11:40:00,PDU-A01,68.8,PDU-A01-SP3
2026-06-01 11:45:00,PDU-A01,64.0,PDU-A01-SP5
2026-06-01 11:50:00,PDU-A01,70.1,PDU-A01-SP2
2026-06-01 11:55:00,PDU-A01,67.7,PDU-A01-SP1
2026-06-01 12:00:00,PDU-A01,68.9,PDU-A01-SP4
2026-06-01 12:05:00,PDU-A01,58.8,PDU-A01-SP1
2026-06-01 12:10:00,PDU-A01,63.2,PDU-A01-SP2
2026-06-01 12:15:00,PDU-A01,53.1,PDU-A01-SP5
2026-06-01 12:20:00,PDU-A01,67.3,PDU-A01-SP5
2026-06-01 12:25:00,PDU-A01,65.0,PDU-A01-SP4
2026-06-01 12:30:00,PDU-A01,61.5,PDU-A01-SP3
2026-06-01 12:35:00,PDU-A01,49.9,PDU-A01-SP4
2026-06-01 12:40:00,PDU-A01,54.0,PDU-A01-SP4
2026-06-01 12:45:00,PDU-A01,63.9,PDU-A01-SP5
2026-06-01 12:50:00,PDU-A01,68.4,PDU-A01-SP5
2026-06-01 12:55:00,PDU-A01,65.4,PDU-A01-SP5
2026-06-01 13:00:00,PDU-A01,56.8,PDU-A01-SP1
2026-06-01 13:05:00,PDU-A01,55.4,PDU-A01-SP4
2026-06-01 13:10:00,PDU-A01,62.1,PDU-A01-SP3
2026-06-01 13:15:00,PDU-A01,52.0,PDU-A01-SP2
2026-06-01 13:20:00,PDU-A01,59.2,PDU-A01-SP3
2026-06-01 13:25:00,PDU-A01,58.3,PDU-A01-SP3
2026-06-01 13:30:00,PDU-A01,61.2,PDU-A01-SP2
2026-06-01 13:35:00,PDU-A01,52.6,PDU-A01-SP4
2026-06-01 13:40:00,PDU-A01,60.1,PDU-A01-SP4
2026-06-01 13:45:00,PDU-A01,62.9,PDU-A01-SP1
2026-06-01 13:50:00,PDU-A01,50.7,PDU-A01-SP2
2026-06-01 13:55:00,PDU-A01,56.5,PDU-A01-SP4
2026-06-01 14:00:00,PDU-A01,60.4,PDU-A01-SP5
2026-06-01 14:05:00,PDU-A01,57.4,PDU-A01-SP3
2026-06-01 14:10:00,PDU-A01,55.1,PDU-A01-SP2
2026-06-01 14:15:00,PDU-A01,57.3,PDU-A01-SP2
2026-06-01 14:20:00,PDU-A01,54.8,PDU-A01-SP3
2026-06-01 14:25:00,PDU-A01,66.4,PDU-A01-SP5
2026-06-01 14:30:00,PDU-A01,63.9,PDU-A01-SP2
2026-06-01 14:35:00,PDU-A01,55.4,PDU-A01-SP3
2026-06-01 14:40:00,PDU-A01,50.4,PDU-A01-SP3
2026-06-01 14:45:00,PDU-A01,49.1,PDU-A01-SP3
2026-06-01 14:50:00,PDU-A01,62.5,PDU-A01-SP4
2026-06-01 14:55:00,PDU-A01,50.1,PDU-A01-SP3
2026-06-01 15:00:00,PDU-A01,59.1,PDU-A01-SP2
2026-06-01 15:05:00,PDU-A01,68.3,PDU-A01-SP4
2026-06-01 15:10:00,PDU-A01,50.5,PDU-A01-SP4
2026-06-01 15:15:00,PDU-A01,52.0,PDU-A01-SP1
2026-06-01 15:20:00,PDU-A01,54.3,PDU-A01-SP3
2026-06-01 15:25:00,PDU-A01,50.7,PDU-A01-SP5
2026-06-01 15:30:00,PDU-A01,65.7,PDU-A01-SP5
2026-06-01 15:35:00,PDU-A01,54.6,PDU-A01-SP4
2026-06-01 15:40:00,PDU-A01,67.4,PDU-A01-SP5
2026-06-01 15:45:00,PDU-A01,69.0,PDU-A01-SP5
2026-06-01 15:50:00,PDU-A01,53.0,PDU-A01-SP1
2026-06-01 15:55:00,PDU-A01,67.8,PDU-A01-SP2
2026-06-01 16:00:00,PDU-A01,53.6,PDU-A01-SP2
2026-06-01 16:05:00,PDU-A01,51.8,PDU-A01-SP1
2026-06-01 16:10:00,PDU-A01,58.9,PDU-A01-SP4
2026-06-01 16:15:00,PDU-A01,54.8,PDU-A01-SP3
2026-06-01 16:20:00,PDU-A01,63.9,PDU-A01-SP2
2026-06-01 16:25:00,PDU-A01,69.6,PDU-A01-SP5
2026-06-01 16:30:00,PDU-A01,65.0,PDU-A01-SP4
2026-06-01 16:35:00,PDU-A01,51.2,PDU-A01-SP2
2026-06-01 16:40:00,PDU-A01,69.5,PDU-A01-SP1
2026-06-01 16:45:00,PDU-A01,52.4,PDU-A01-SP5
2026-06-01 16:50:00,PDU-A01,65.3,PDU-A01-SP3
2026-06-01 16:55:00,PDU-A01,58.7,PDU-A01-SP3
2026-06-01 17:00:00,PDU-A01,65.8,PDU-A01-SP5
2026-06-01 17:05:00,PDU-A01,60.6,PDU-A01-SP5
2026-06-01 17:10:00,PDU-A01,50.5,PDU-A01-SP3
2026-06-01 17:15:00,PDU-A01,60.2,PDU-A01-SP2
2026-06-01 17:20:00,PDU-A01,70.6,PDU-A01-SP5
2026-06-01 17:25:00,PDU-A01,59.8,PDU-A01-SP3
2026-06-01 17:30:00,PDU-A01,62.6,PDU-A01-SP2
2026-06-01 17:35:00,PDU-A01,60.0,PDU-A01-SP3
2026-06-01 17:40:00,PDU-A01,54.0,PDU-A01-SP4
2026-06-01 17:45:00,PDU-A01,69.3,PDU-A01-SP4
2026-06-01 17:50:00,PDU-A01,57.3,PDU-A01-SP2
2026-06-01 17:55:00,PDU-A01,57.4,PDU-A01-SP3
2026-06-01 18:00:00,PDU-A01,62.9,PDU-A01-SP5
2026-06-01 18:05:00,PDU-A01,49.1,PDU-A01-SP3
2026-06-01 18:10:00,PDU-A01,58.3,PDU-A01-SP4
2026-06-01 18:15:00,PDU-A01,68.6,PDU-A01-SP1
2026-06-01 18:20:00,PDU-A01,63.3,PDU-A01-SP4
2026-06-01 18:25:00,PDU-A01,51.2,PDU-A01-SP5
2026-06-01 18:30:00,PDU-A01,65.6,PDU-A01-SP1
2026-06-01 18:35:00,PDU-A01,54.3,PDU-A01-SP3
2026-06-01 18:40:00,PDU-A01,59.6,PDU-A01-SP1
2026-06-01 18:45:00,PDU-A01,51.1,PDU-A01-SP2
2026-06-01 18:50:00,PDU-A01,63.4,PDU-A01-SP1
2026-06-01 18:55:00,PDU-A01,59.4,PDU-A01-SP1
2026-06-01 19:00:00,PDU-A01,42.5,PDU-A01-SP2
2026-06-01 19:05:00,PDU-A01,45.3,PDU-A01-SP5
2026-06-01 19:10:00,PDU-A01,46.4,PDU-A01-SP4
2026-06-01 19:15:00,PDU-A01,48.8,PDU-A01-SP5
2026-06-01 19:20:00,PDU-A01,39.4,PDU-A01-SP5
2026-06-01 19:25:00,PDU-A01,46.1,PDU-A01-SP1
2026-06-01 19:30:00,PDU-A01,43.2,PDU-A01-SP4
2026-06-01 19:35:00,PDU-A01,43.9,PDU-A01-SP3
2026-06-01 19:40:00,PDU-A01,47.2,PDU-A01-SP3
2026-06-01 19:45:00,PDU-A01,48.5,PDU-A01-SP4
2026-06-01 19:50:00,PDU-A01,48.3,PDU-A01-SP4
2026-06-01 19:55:00,PDU-A01,43.0,PDU-A01-SP5
2026-06-01 20:00:00,PDU-A01,44.9,PDU-A01-SP2
2026-06-01 20:05:00,PDU-A01,48.7,PDU-A01-SP4
2026-06-01 20:10:00,PDU-A01,42.7,PDU-A01-SP1
2026-06-01 20:15:00,PDU-A01,42.4,PDU-A01-SP4
2026-06-01 20:20:00,PDU-A01,43.9,PDU-A01-SP2
2026-06-01 20:25:00,PDU-A01,42.6,PDU-A01-SP5
2026-06-01 20:30:00,PDU-A01,48.9,PDU-A01-SP1
2026-06-01 20:35:00,PDU-A01,48.4,PDU-A01-SP5
2026-06-01 20:40:00,PDU-A01,47.1,PDU-A01-SP2
2026-06-01 20:45:00,PDU-A01,44.1,PDU-A01-SP2
2026-06-01 20:50:00,PDU-A01,40.9,PDU-A01-SP3
2026-06-01 20:55:00,PDU-A01,43.5,PDU-A01-SP1
2026-06-01 21:00:00,PDU-A01,49.8,PDU-A01-SP5
2026-06-01 21:05:00,PDU-A01,42.4,PDU-A01-SP4
2026-06-01 21:10:00,PDU-A01,46.7,PDU-A01-SP1
2026-06-01 21:15:00,PDU-A01,42.3,PDU-A01-SP3
2026-06-01 21:20:00,PDU-A01,51.0,PDU-A01-SP4
2026-06-01 21:25:00,PDU-A01,50.8,PDU-A01-SP1
2026-06-01 21:30:00,PDU-A01,44.7,PDU-A01-SP1
2026-06-01 21:35:00,PDU-A01,40.7,PDU-A01-SP3
2026-06-01 21:40:00,PDU-A01,42.7,PDU-A01-SP2
2026-06-01 21:45:00,PDU-A01,45.1,PDU-A01-SP2
2026-06-01 21:50:00,PDU-A01,39.2,PDU-A01-SP4
2026-06-01 21:55:00,PDU-A01,44.8,PDU-A01-SP5
2026-06-01 22:00:00,PDU-A01,40.4,PDU-A01-SP3
2026-06-01 22:05:00,PDU-A01,44.7,PDU-A01-SP4
2026-06-01 22:10:00,PDU-A01,49.6,PDU-A01-SP2
2026-06-01 22:15:00,PDU-A01,41.6,PDU-A01-SP5
2026-06-01 22:20:00,PDU-A01,44.1,PDU-A01-SP3
2026-06-01 22:25:00,PDU-A01,43.2,PDU-A01-SP4
2026-06-01 22:30:00,PDU-A01,46.8,PDU-A01-SP4
2026-06-01 22:35:00,PDU-A01,45.6,PDU-A01-SP3
2026-06-01 22:40:00,PDU-A01,40.6,PDU-A01-SP4
2026-06-01 22:45:00,PDU-A01,42.3,PDU-A01-SP1
2026-06-01 22:50:00,PDU-A01,50.0,PDU-A01-SP3
2026-06-01 22:55:00,PDU-A01,46.5,PDU-A01-SP3
2026-06-01 23:00:00,PDU-A01,40.2,PDU-A01-SP3
2026-06-01 23:05:00,PDU-A01,47.3,PDU-A01-SP2
2026-06-01 23:10:00,PDU-A01,47.5,PDU-A01-SP1
2026-06-01 23:15:00,PDU-A01,42.2,PDU-A01-SP5
2026-06-01 23:20:00,PDU-A01,41.5,PDU-A01-SP3
2026-06-01 23:25:00,PDU-A01,42.3,PDU-A01-SP2
2026-06-01 23:30:00,PDU-A01,40.6,PDU-A01-SP3
2026-06-01 23:35:00,PDU-A01,46.5,PDU-A01-SP2
2026-06-01 23:40:00,PDU-A01,43.1,PDU-A01-SP4
2026-06-01 23:45:00,PDU-A01,48.8,PDU-A01-SP3
2026-06-01 23:50:00,PDU-A01,47.7,PDU-A01-SP1
2026-06-01 23:55:00,PDU-A01,42.4,PDU-A01-SP4
2026-06-02 00:00:00,PDU-A01,50.9,PDU-A01-SP3
2026-06-02 00:05:00,PDU-A01,39.6,PDU-A01-SP3
2026-06-02 00:10:00,PDU-A01,44.7,PDU-A01-SP3
2026-06-02 00:15:00,PDU-A01,46.7,PDU-A01-SP3
2026-06-02 00:20:00,PDU-A01,39.1,PDU-A01-SP1
2026-06-02 00:25:00,PDU-A01,47.6,PDU-A01-SP3
2026-06-02 00:30:00,PDU-A01,48.0,PDU-A01-SP1
2026-06-02 00:35:00,PDU-A01,45.8,PDU-A01-SP3
2026-06-02 00:40:00,PDU-A01,44.6,PDU-A01-SP1
2026-06-02 00:45:00,PDU-A01,48.6,PDU-A01-SP4
2026-06-02 00:50:00,PDU-A01,39.2,PDU-A01-SP5
2026-06-02 00:55:00,PDU-A01,40.3,PDU-A01-SP5
2026-06-02 01:00:00,PDU-A01,44.6,PDU-A01-SP2
2026-06-02 01:05:00,PDU-A01,49.4,PDU-A01-SP4
2026-06-02 01:10:00,PDU-A01,47.5,PDU-A01-SP3
2026-06-02 01:15:00,PDU-A01,38.8,PDU-A01-SP4
2026-06-02 01:20:00,PDU-A01,42.8,PDU-A01-SP3
2026-06-02 01:25:00,PDU-A01,40.8,PDU-A01-SP5
2026-06-02 01:30:00,PDU-A01,49.5,PDU-A01-SP1
2026-06-02 01:35:00,PDU-A01,42.1,PDU-A01-SP1
2026-06-02 01:40:00,PDU-A01,50.7,PDU-A01-SP1
2026-06-02 01:45:00,PDU-A01,46.9,PDU-A01-SP5
2026-06-02 01:50:00,PDU-A01,47.9,PDU-A01-SP3
2026-06-02 01:55:00,PDU-A01,40.2,PDU-A01-SP5
2026-06-02 02:00:00,PDU-A01,42.6,PDU-A01-SP5
2026-06-02 02:05:00,PDU-A01,40.1,PDU-A01-SP2
2026-06-02 02:10:00,PDU-A01,41.2,PDU-A01-SP5
2026-06-02 02:15:00,PDU-A01,40.5,PDU-A01-SP2
2026-06-02 02:20:00,PDU-A01,50.0,PDU-A01-SP2
2026-06-02 02:25:00,PDU-A01,41.7,PDU-A01-SP2
2026-06-02 02:30:00,PDU-A01,40.3,PDU-A01-SP2
2026-06-02 02:35:00,PDU-A01,43.5,PDU-A01-SP3
2026-06-02 02:40:00,PDU-A01,40.5,PDU-A01-SP5
2026-06-02 02:45:00,PDU-A01,38.5,PDU-A01-SP4
2026-06-02 02:50:00,PDU-A01,47.6,PDU-A01-SP1
2026-06-02 02:55:00,PDU-A01,42.9,PDU-A01-SP5
2026-06-02 03:00:00,PDU-A01,40.6,PDU-A01-SP5
2026-06-02 03:05:00,PDU-A01,42.9,PDU-A01-SP1
2026-06-02 03:10:00,PDU-A01,39.6,PDU-A01-SP4
2026-06-02 03:15:00,PDU-A01,42.1,PDU-A01-SP4
2026-06-02 03:20:00,PDU-A01,38.1,PDU-A01-SP5
2026-06-02 03:25:00,PDU-A01,39.1,PDU-A01-SP5
2026-06-02 03:30:00,PDU-A01,46.2,PDU-A01-SP3
2026-06-02 03:35:00,PDU-A01,43.6,PDU-A01-SP3
2026-06-02 03:40:00,PDU-A01,44.4,PDU-A01-SP1
2026-06-02 03:45:00,PDU-A01,46.2,PDU-A01-SP5
2026-06-02 03:50:00,PDU-A01,45.8,PDU-A01-SP4
2026-06-02 03:55:00,PDU-A01,48.4,PDU-A01-SP4
2026-06-02 04:00:00,PDU-A01,44.3,PDU-A01-SP3
2026-06-02 04:05:00,PDU-A01,44.4,PDU-A01-SP3
2026-06-02 04:10:00,PDU-A01,50.2,PDU-A01-SP4
2026-06-02 04:15:00,PDU-A01,41.1,PDU-A01-SP1
2026-06-02 04:20:00,PDU-A01,44.7,PDU-A01-SP3
2026-06-02 04:25:00,PDU-A01,48.2,PDU-A01-SP5
2026-06-02 04:30:00,PDU-A01,49.8,PDU-A01-SP1
2026-06-02 04:35:00,PDU-A01,45.0,PDU-A01-SP4
2026-06-02 04:40:00,PDU-A01,49.4,PDU-A01-SP3
2026-06-02 04:45:00,PDU-A01,45.0,PDU-A01-SP5
2026-06-02 04:50:00,PDU-A01,43.2,PDU-A01-SP4
2026-06-02 04:55:00,PDU-A01,39.9,PDU-A01-SP5
2026-06-02 05:00:00,PDU-A01,44.1,PDU-A01-SP5
2026-06-02 05:05:00,PDU-A01,41.2,PDU-A01-SP5
2026-06-02 05:10:00,PDU-A01,51.0,PDU-A01-SP5
2026-06-02 05:15:00,PDU-A01,46.7,PDU-A01-SP5
2026-06-02 05:20:00,PDU-A01,50.5,PDU-A01-SP3
2026-06-02 05:25:00,PDU-A01,38.4,PDU-A01-SP3
2026-06-02 05:30:00,PDU-A01,48.5,PDU-A01-SP2
2026-06-02 05:35:00,PDU-A01,48.8,PDU-A01-SP4
2026-06-02 05:40:00,PDU-A01,40.7,PDU-A01-SP1
2026-06-02 05:45:00,PDU-A01,40.1,PDU-A01-SP4
2026-06-02 05:50:00,PDU-A01,43.0,PDU-A01-SP3
2026-06-02 05:55:00,PDU-A01,41.7,PDU-A01-SP5
2026-06-02 06:00:00,PDU-A01,47.1,PDU-A01-SP2
2026-06-02 06:05:00,PDU-A01,41.2,PDU-A01-SP1
2026-06-02 06:10:00,PDU-A01,42.6,PDU-A01-SP4
2026-06-02 06:15:00,PDU-A01,45.3,PDU-A01-SP2
2026-06-02 06:20:00,PDU-A01,45.8,PDU-A01-SP4
2026-06-02 06:25:00,PDU-A01,40.9,PDU-A01-SP5
2026-06-02 06:30:00,PDU-A01,45.0,PDU-A01-SP1
2026-06-02 06:35:00,PDU-A01,43.4,PDU-A01-SP1
2026-06-02 06:40:00,PDU-A01,38.3,PDU-A01-SP2
2026-06-02 06:45:00,PDU-A01,48.5,PDU-A01-SP3
2026-06-02 06:50:00,PDU-A01,40.6,PDU-A01-SP4
2026-06-02 06:55:00,PDU-A01,40.5,PDU-A01-SP2
2026-06-02 07:00:00,PDU-A01,35.0,PDU-A01-SP3
2026-06-02 07:05:00,PDU-A01,33.3,PDU-A01-SP1
2026-06-02 07:10:00,PDU-A01,34.7,PDU-A01-SP4
2026-06-02 07:15:00,PDU-A01,36.7,PDU-A01-SP3
2026-06-02 07:20:00,PDU-A01,35.3,PDU-A01-SP5
2026-06-02 07:25:00,PDU-A01,34.6,PDU-A01-SP4
2026-06-02 07:30:00,PDU-A01,34.2,PDU-A01-SP4
2026-06-02 07:35:00,PDU-A01,33.1,PDU-A01-SP3
2026-06-02 07:40:00,PDU-A01,33.7,PDU-A01-SP5
2026-06-02 07:45:00,PDU-A01,34.8,PDU-A01-SP3
2026-06-02 07:50:00,PDU-A01,33.4,PDU-A01-SP1
2026-06-02 07:55:00,PDU-A01,34.0,PDU-A01-SP5
2026-06-02 08:00:00,PDU-A01,34.6,PDU-A01-SP1
2026-06-02 08:05:00,PDU-A01,34.6,PDU-A01-SP3
2026-06-02 08:10:00,PDU-A01,36.0,PDU-A01-SP2
2026-06-02 08:15:00,PDU-A01,34.3,PDU-A01-SP2
2026-06-02 08:20:00,PDU-A01,33.3,PDU-A01-SP1
2026-06-02 08:25:00,PDU-A01,35.1,PDU-A01-SP2
2026-06-02 08:30:00,PDU-A01,36.6,PDU-A01-SP3
2026-06-02 08:35:00,PDU-A01,34.4,PDU-A01-SP2
2026-06-02 08:40:00,PDU-A01,33.9,PDU-A01-SP2
2026-06-02 08:45:00,PDU-A01,34.0,PDU-A01-SP2
2026-06-02 08:50:00,PDU-A01,35.4,PDU-A01-SP1
2026-06-02 08:55:00,PDU-A01,33.7,PDU-A01-SP4
2026-06-02 09:00:00,PDU-A01,59.5,PDU-A01-SP5
2026-06-02 09:05:00,PDU-A01,60.7,PDU-A01-SP5
2026-06-02 09:10:00,PDU-A01,64.8,PDU-A01-SP3
2026-06-02 09:15:00,PDU-A01,67.8,PDU-A01-SP2
2026-06-02 09:20:00,PDU-A01,58.7,PDU-A01-SP3
2026-06-02 09:25:00,PDU-A01,66.3,PDU-A01-SP3
2026-06-02 09:30:00,PDU-A01,59.4,PDU-A01-SP4
2026-06-02 09:35:00,PDU-A01,50.2,PDU-A01-SP3
2026-06-02 09:40:00,PDU-A01,53.0,PDU-A01-SP1
2026-06-02 09:45:00,PDU-A01,62.3,PDU-A01-SP4
2026-06-02 09:50:00,PDU-A01,63.4,PDU-A01-SP1
2026-06-02 09:55:00,PDU-A01,60.2,PDU-A01-SP2
2026-06-02 10:00:00,PDU-A01,56.3,PDU-A01-SP2
2026-06-02 10:05:00,PDU-A01,69.0,PDU-A01-SP3
2026-06-02 10:10:00,PDU-A01,68.0,PDU-A01-SP2
2026-06-02 10:15:00,PDU-A01,51.6,PDU-A01-SP4
2026-06-02 10:20:00,PDU-A01,60.9,PDU-A01-SP3
2026-06-02 10:25:00,PDU-A01,56.6,PDU-A01-SP4
2026-06-02 10:30:00,PDU-A01,66.2,PDU-A01-SP1
2026-06-02 10:35:00,PDU-A01,66.4,PDU-A01-SP1
2026-06-02 10:40:00,PDU-A01,56.8,PDU-A01-SP4
2026-06-02 10:45:00,PDU-A01,56.6,PDU-A01-SP5
2026-06-02 10:50:00,PDU-A01,66.8,PDU-A01-SP5
2026-06-02 10:55:00,PDU-A01,64.9,PDU-A01-SP3
2026-06-02 11:00:00,PDU-A01,70.1,PDU-A01-SP4
2026-06-02 11:05:00,PDU-A01,53.4,PDU-A01-SP1
2026-06-02 11:10:00,PDU-A01,55.7,PDU-A01-SP3
2026-06-02 11:15:00,PDU-A01,66.9,PDU-A01-SP5
2026-06-02 11:20:00,PDU-A01,52.6,PDU-A01-SP5
2026-06-02 11:25:00,PDU-A01,56.7,PDU-A01-SP2
2026-06-02 11:30:00,PDU-A01,68.4,PDU-A01-SP4
2026-06-02 11:35:00,PDU-A01,55.8,PDU-A01-SP2
2026-06-02 11:40:00,PDU-A01,52.9,PDU-A01-SP1
2026-06-02 11:45:00,PDU-A01,60.3,PDU-A01-SP5
2026-06-02 11:50:00,PDU-A01,50.1,PDU-A01-SP5
2026-06-02 11:55:00,PDU-A01,52.1,PDU-A01-SP2
2026-06-02 12:00:00,PDU-A01,54.4,PDU-A01-SP5
2026-06-02 12:05:00,PDU-A01,64.8,PDU-A01-SP4
2026-06-02 12:10:00,PDU-A01,50.3,PDU-A01-SP2
2026-06-02 12:15:00,PDU-A01,69.8,PDU-A01-SP4
2026-06-02 12:20:00,PDU-A01,53.6,PDU-A01-SP4
2026-06-02 12:25:00,PDU-A01,66.9,PDU-A01-SP5
2026-06-02 12:30:00,PDU-A01,69.5,PDU-A01-SP3
2026-06-02 12:35:00,PDU-A01,65.6,PDU-A01-SP4
2026-06-02 12:40:00,PDU-A01,70.6,PDU-A01-SP5
2026-06-02 12:45:00,PDU-A01,51.8,PDU-A01-SP4
2026-06-02 12:50:00,PDU-A01,67.7,PDU-A01-SP1
2026-06-02 12:55:00,PDU-A01,64.3,PDU-A01-SP1
2026-06-02 13:00:00,PDU-A01,56.8,PDU-A01-SP3
2026-06-02 13:05:00,PDU-A01,59.0,PDU-A01-SP4
2026-06-02 13:10:00,PDU-A01,53.5,PDU-A01-SP4
2026-06-02 13:15:00,PDU-A01,69.4,PDU-A01-SP4
2026-06-02 13:20:00,PDU-A01,51.1,PDU-A01-SP2
2026-06-02 13:25:00,PDU-A01,56.0,PDU-A01-SP2
2026-06-02 13:30:00,PDU-A01,52.3,PDU-A01-SP3
2026-06-02 13:35:00,PDU-A01,64.4,PDU-A01-SP3
2026-06-02 13:40:00,PDU-A01,68.2,PDU-A01-SP2
2026-06-02 13:45:00,PDU-A01,65.1,PDU-A01-SP5
2026-06-02 13:50:00,PDU-A01,48.4,PDU-A01-SP3
2026-06-02 13:55:00,PDU-A01,52.9,PDU-A01-SP5
2026-06-02 14:00:00,PDU-A01,59.0,PDU-A01-SP3
2026-06-02 14:05:00,PDU-A01,53.2,PDU-A01-SP2
2026-06-02 14:10:00,PDU-A01,59.6,PDU-A01-SP4
2026-06-02 14:15:00,PDU-A01,52.6,PDU-A01-SP4
2026-06-02 14:20:00,PDU-A01,60.0,PDU-A01-SP5
2026-06-02 14:25:00,PDU-A01,62.4,PDU-A01-SP3
2026-06-02 14:30:00,PDU-A01,59.0,PDU-A01-SP2
2026-06-02 14:35:00,PDU-A01,60.2,PDU-A01-SP1
2026-06-02 14:40:00,PDU-A01,59.9,PDU-A01-SP5
2026-06-02 14:45:00,PDU-A01,62.0,PDU-A01-SP5
2026-06-02 14:50:00,PDU-A01,60.6,PDU-A01-SP4
2026-06-02 14:55:00,PDU-A01,50.4,PDU-A01-SP3
2026-06-02 15:00:00,PDU-A01,53.1,PDU-A01-SP1
2026-06-02 15:05:00,PDU-A01,57.8,PDU-A01-SP1
2026-06-02 15:10:00,PDU-A01,66.4,PDU-A01-SP3
2026-06-02 15:15:00,PDU-A01,52.1,PDU-A01-SP3
2026-06-02 15:20:00,PDU-A01,65.0,PDU-A01-SP4
2026-06-02 15:25:00,PDU-A01,69.5,PDU-A01-SP2
2026-06-02 15:30:00,PDU-A01,64.5,PDU-A01-SP4
2026-06-02 15:35:00,PDU-A01,49.5,PDU-A01-SP2
2026-06-02 15:40:00,PDU-A01,67.0,PDU-A01-SP3
2026-06-02 15:45:00,PDU-A01,62.3,PDU-A01-SP5
2026-06-02 15:50:00,PDU-A01,57.6,PDU-A01-SP2
2026-06-02 15:55:00,PDU-A01,57.2,PDU-A01-SP1
2026-06-02 16:00:00,PDU-A01,66.6,PDU-A01-SP1
2026-06-02 16:05:00,PDU-A01,65.7,PDU-A01-SP4
2026-06-02 16:10:00,PDU-A01,66.4,PDU-A01-SP4
2026-06-02 16:15:00,PDU-A01,55.5,PDU-A01-SP4
2026-06-02 16:20:00,PDU-A01,58.5,PDU-A01-SP3
2026-06-02 16:25:00,PDU-A01,66.9,PDU-A01-SP1
2026-06-02 16:30:00,PDU-A01,60.6,PDU-A01-SP2
2026-06-02 16:35:00,PDU-A01,60.2,PDU-A01-SP1
2026-06-02 16:40:00,PDU-A01,55.7,PDU-A01-SP4
2026-06-02 16:45:00,PDU-A01,61.8,PDU-A01-SP4
2026-06-02 16:50:00,PDU-A01,55.2,PDU-A01-SP3
2026-06-02 16:55:00,PDU-A01,62.0,PDU-A01-SP1
2026-06-02 17:00:00,PDU-A01,52.1,PDU-A01-SP3
2026-06-02 17:05:00,PDU-A01,61.3,PDU-A01-SP2
2026-06-02 17:10:00,PDU-A01,67.6,PDU-A01-SP5
2026-06-02 17:15:00,PDU-A01,63.3,PDU-A01-SP2
2026-06-02 17:20:00,PDU-A01,52.5,PDU-A01-SP3
2026-06-02 17:25:00,PDU-A01,59.0,PDU-A01-SP1
2026-06-02 17:30:00,PDU-A01,62.8,PDU-A01-SP3
2026-06-02 17:35:00,PDU-A01,58.5,PDU-A01-SP5
2026-06-02 17:40:00,PDU-A01,52.2,PDU-A01-SP3
2026-06-02 17:45:00,PDU-A01,62.0,PDU-A01-SP1
2026-06-02 17:50:00,PDU-A01,49.3,PDU-A01-SP5
2026-06-02 17:55:00,PDU-A01,58.0,PDU-A01-SP3
2026-06-02 18:00:00,PDU-A01,66.3,PDU-A01-SP2
2026-06-02 18:05:00,PDU-A01,69.1,PDU-A01-SP4
2026-06-02 18:10:00,PDU-A01,52.5,PDU-A01-SP1
2026-06-02 18:15:00,PDU-A01,60.6,PDU-A01-SP4
2026-06-02 18:20:00,PDU-A01,71.2,PDU-A01-SP3
2026-06-02 18:25:00,PDU-A01,64.2,PDU-A01-SP5
2026-06-02 18:30:00,PDU-A01,62.4,PDU-A01-SP2
2026-06-02 18:35:00,PDU-A01,65.9,PDU-A01-SP2
2026-06-02 18:40:00,PDU-A01,65.9,PDU-A01-SP1
2026-06-02 18:45:00,PDU-A01,70.9,PDU-A01-SP2
2026-06-02 18:50:00,PDU-A01,63.9,PDU-A01-SP5
2026-06-02 18:55:00,PDU-A01,61.3,PDU-A01-SP5
2026-06-02 19:00:00,PDU-A01,42.0,PDU-A01-SP1
2026-06-02 19:05:00,PDU-A01,44.4,PDU-A01-SP4
2026-06-02 19:10:00,PDU-A01,45.9,PDU-A01-SP5
2026-06-02 19:15:00,PDU-A01,41.7,PDU-A01-SP1
2026-06-02 19:20:00,PDU-A01,44.7,PDU-A01-SP3
2026-06-02 19:25:00,PDU-A01,41.7,PDU-A01-SP5
2026-06-02 19:30:00,PDU-A01,44.8,PDU-A01-SP2
2026-06-02 19:35:00,PDU-A01,45.4,PDU-A01-SP1
2026-06-02 19:40:00,PDU-A01,48.2,PDU-A01-SP3
2026-06-02 19:45:00,PDU-A01,40.1,PDU-A01-SP2
2026-06-02 19:50:00,PDU-A01,44.6,PDU-A01-SP3
2026-06-02 19:55:00,PDU-A01,47.3,PDU-A01-SP5
2026-06-02 20:00:00,PDU-A01,42.5,PDU-A01-SP5
2026-06-02 20:05:00,PDU-A01,44.9,PDU-A01-SP2
2026-06-02 20:10:00,PDU-A01,45.8,PDU-A01-SP2
2026-06-02 20:15:00,PDU-A01,47.1,PDU-A01-SP5
2026-06-02 20:20:00,PDU-A01,44.4,PDU-A01-SP1
2026-06-02 20:25:00,PDU-A01,46.2,PDU-A01-SP1
2026-06-02 20:30:00,PDU-A01,50.5,PDU-A01-SP3
2026-06-02 20:35:00,PDU-A01,47.2,PDU-A01-SP4
2026-06-02 20:40:00,PDU-A01,43.9,PDU-A01-SP5
2026-06-02 20:45:00,PDU-A01,44.0,PDU-A01-SP4
2026-06-02 20:50:00,PDU-A01,42.9,PDU-A01-SP4
2026-06-02 20:55:00,PDU-A01,40.6,PDU-A01-SP1
2026-06-02 21:00:00,PDU-A01,40.4,PDU-A01-SP4
2026-06-02 21:05:00,PDU-A01,41.7,PDU-A01-SP3
2026-06-02 21:10:00,PDU-A01,47.8,PDU-A01-SP3
2026-06-02 21:15:00,PDU-A01,48.3,PDU-A01-SP3
2026-06-02 21:20:00,PDU-A01,43.1,PDU-A01-SP2
2026-06-02 21:25:00,PDU-A01,43.2,PDU-A01-SP2
2026-06-02 21:30:00,PDU-A01,38.8,PDU-A01-SP4
2026-06-02 21:35:00,PDU-A01,48.2,PDU-A01-SP2
2026-06-02 21:40:00,PDU-A01,49.7,PDU-A01-SP3
2026-06-02 21:45:00,PDU-A01,39.7,PDU-A01-SP5
2026-06-02 21:50:00,PDU-A01,45.7,PDU-A01-SP4
2026-06-02 21:55:00,PDU-A01,41.0,PDU-A01-SP5
2026-06-02 22:00:00,PDU-A01,43.0,PDU-A01-SP5
2026-06-02 22:05:00,PDU-A01,41.1,PDU-A01-SP4
2026-06-02 22:10:00,PDU-A01,46.9,PDU-A01-SP4
2026-06-02 22:15:00,PDU-A01,40.2,PDU-A01-SP1
2026-06-02 22:20:00,PDU-A01,45.3,PDU-A01-SP3
2026-06-02 22:25:00,PDU-A01,46.9,PDU-A01-SP4
2026-06-02 22:30:00,PDU-A01,39.8,PDU-A01-SP3
2026-06-02 22:35:00,PDU-A01,43.4,PDU-A01-SP5
2026-06-02 22:40:00,PDU-A01,44.2,PDU-A01-SP5
2026-06-02 22:45:00,PDU-A01,45.0,PDU-A01-SP1
2026-06-02 22:50:00,PDU-A01,44.5,PDU-A01-SP3
2026-06-02 22:55:00,PDU-A01,44.6,PDU-A01-SP2
2026-06-02 23:00:00,PDU-A01,41.2,PDU-A01-SP5
2026-06-02 23:05:00,PDU-A01,37.6,PDU-A01-SP3
2026-06-02 23:10:00,PDU-A01,47.9,PDU-A01-SP2
2026-06-02 23:15:00,PDU-A01,45.7,PDU-A01-SP3
2026-06-02 23:20:00,PDU-A01,48.5,PDU-A01-SP4
2026-06-02 23:25:00,PDU-A01,50.9,PDU-A01-SP3
2026-06-02 23:30:00,PDU-A01,45.6,PDU-A01-SP5
2026-06-02 23:35:00,PDU-A01,45.7,PDU-A01-SP3
2026-06-02 23:40:00,PDU-A01,42.3,PDU-A01-SP3
2026-06-02 23:45:00,PDU-A01,48.3,PDU-A01-SP5
2026-06-02 23:50:00,PDU-A01,44.0,PDU-A01-SP1
2026-06-02 23:55:00,PDU-A01,44.6,PDU-A01-SP5
2026-06-03 06:00:00,PDU-A01,64.2,PDU-A01-SP5
2026-06-03 06:05:00,PDU-A01,62.4,PDU-A01-SP5
2026-06-03 06:10:00,PDU-A01,65.0,PDU-A01-SP2
2026-06-03 06:15:00,PDU-A01,59.1,PDU-A01-SP1
2026-06-03 06:20:00,PDU-A01,58.9,PDU-A01-SP4
2026-06-03 06:25:00,PDU-A01,59.4,PDU-A01-SP4
2026-06-03 06:30:00,PDU-A01,63.0,PDU-A01-SP4
2026-06-03 06:35:00,PDU-A01,67.5,PDU-A01-SP1
2026-06-03 06:40:00,PDU-A01,64.8,PDU-A01-SP5
2026-06-03 06:45:00,PDU-A01,61.2,PDU-A01-SP5
2026-06-03 06:50:00,PDU-A01,63.0,PDU-A01-SP4
2026-06-03 06:55:00,PDU-A01,66.4,PDU-A01-SP3
2026-06-03 07:00:00,PDU-A01,53.7,PDU-A01-SP3
2026-06-03 07:05:00,PDU-A01,53.4,PDU-A01-SP2
2026-06-03 07:10:00,PDU-A01,54.8,PDU-A01-SP3
2026-06-03 07:15:00,PDU-A01,53.2,PDU-A01-SP2
2026-06-03 07:20:00,PDU-A01,54.8,PDU-A01-SP3
2026-06-03 07:25:00,PDU-A01,54.1,PDU-A01-SP2
2026-06-03 07:30:00,PDU-A01,53.8,PDU-A01-SP4
2026-06-03 07:35:00,PDU-A01,52.3,PDU-A01-SP3
2026-06-03 07:40:00,PDU-A01,53.2,PDU-A01-SP3
2026-06-03 07:45:00,PDU-A01,52.2,PDU-A01-SP5
2026-06-03 07:50:00,PDU-A01,53.7,PDU-A01-SP4
2026-06-03 07:55:00,PDU-A01,54.6,PDU-A01-SP4
2026-06-03 08:00:00,PDU-A01,54.3,PDU-A01-SP2
2026-06-03 08:05:00,PDU-A01,52.2,PDU-A01-SP3
2026-06-03 08:10:00,PDU-A01,54.8,PDU-A01-SP1
2026-06-03 08:15:00,PDU-A01,52.4,PDU-A01-SP4
2026-06-03 08:20:00,PDU-A01,53.6,PDU-A01-SP4
2026-06-03 08:25:00,PDU-A01,51.9,PDU-A01-SP5
2026-06-03 08:30:00,PDU-A01,52.1,PDU-A01-SP5
2026-06-03 08:35:00,PDU-A01,53.8,PDU-A01-SP2
2026-06-03 08:40:00,PDU-A01,51.4,PDU-A01-SP5
2026-06-03 08:45:00,PDU-A01,52.0,PDU-A01-SP1
2026-06-03 08:50:00,PDU-A01,53.7,PDU-A01-SP5
2026-06-03 08:55:00,PDU-A01,51.9,PDU-A01-SP2
2026-06-03 09:00:00,PDU-A01,68.7,PDU-A01-SP4
2026-06-03 09:05:00,PDU-A01,71.1,PDU-A01-SP1
2026-06-03 09:10:00,PDU-A01,89.2,PDU-A01-SP2
2026-06-03 09:15:00,PDU-A01,77.9,PDU-A01-SP4
2026-06-03 09:20:00,PDU-A01,76.3,PDU-A01-SP3
2026-06-03 09:25:00,PDU-A01,75.0,PDU-A01-SP1
2026-06-03 09:30:00,PDU-A01,80.0,PDU-A01-SP1
2026-06-03 09:35:00,PDU-A01,85.0,PDU-A01-SP2
2026-06-03 09:40:00,PDU-A01,84.8,PDU-A01-SP4
2026-06-03 09:45:00,PDU-A01,82.5,PDU-A01-SP3
2026-06-03 09:50:00,PDU-A01,83.6,PDU-A01-SP5
2026-06-03 09:55:00,PDU-A01,81.8,PDU-A01-SP3
2026-06-03 10:00:00,PDU-A01,75.6,PDU-A01-SP5
2026-06-03 10:05:00,PDU-A01,80.0,PDU-A01-SP2
2026-06-03 10:10:00,PDU-A01,84.9,PDU-A01-SP2
2026-06-03 10:15:00,PDU-A01,83.5,PDU-A01-SP4
2026-06-03 10:20:00,PDU-A01,81.8,PDU-A01-SP1
2026-06-03 10:25:00,PDU-A01,83.9,PDU-A01-SP5
2026-06-03 10:30:00,PDU-A01,80.3,PDU-A01-SP5
2026-06-03 10:35:00,PDU-A01,86.7,PDU-A01-SP4
2026-06-03 10:40:00,PDU-A01,76.7,PDU-A01-SP1
2026-06-03 10:45:00,PDU-A01,70.3,PDU-A01-SP3
2026-06-03 10:50:00,PDU-A01,84.7,PDU-A01-SP4
2026-06-03 10:55:00,PDU-A01,73.7,PDU-A01-SP3
2026-06-03 11:00:00,PDU-A01,74.9,PDU-A01-SP1
2026-06-03 11:05:00,PDU-A01,72.7,PDU-A01-SP2
2026-06-03 11:10:00,PDU-A01,67.7,PDU-A01-SP3
2026-06-03 11:15:00,PDU-A01,71.9,PDU-A01-SP3
2026-06-03 11:20:00,PDU-A01,82.4,PDU-A01-SP3
2026-06-03 11:25:00,PDU-A01,74.2,PDU-A01-SP2
2026-06-03 11:30:00,PDU-A01,77.4,PDU-A01-SP5
2026-06-03 11:35:00,PDU-A01,76.3,PDU-A01-SP4
2026-06-03 11:40:00,PDU-A01,84.4,PDU-A01-SP2
2026-06-03 11:45:00,PDU-A01,84.0,PDU-A01-SP5
2026-06-03 11:50:00,PDU-A01,83.8,PDU-A01-SP4
2026-06-03 11:55:00,PDU-A01,78.0,PDU-A01-SP5
2026-06-03 12:00:00,PDU-A01,71.6,PDU-A01-SP5
2026-06-03 12:05:00,PDU-A01,72.2,PDU-A01-SP2
2026-06-03 12:10:00,PDU-A01,74.6,PDU-A01-SP1
2026-06-03 12:15:00,PDU-A01,82.5,PDU-A01-SP4
2026-06-03 12:20:00,PDU-A01,69.9,PDU-A01-SP1
2026-06-03 12:25:00,PDU-A01,77.1,PDU-A01-SP4
2026-06-03 12:30:00,PDU-A01,79.5,PDU-A01-SP3
2026-06-03 12:35:00,PDU-A01,82.0,PDU-A01-SP1
2026-06-03 12:40:00,PDU-A01,83.2,PDU-A01-SP1
2026-06-03 12:45:00,PDU-A01,77.3,PDU-A01-SP5
2026-06-03 12:50:00,PDU-A01,89.6,PDU-A01-SP1
2026-06-03 12:55:00,PDU-A01,87.6,PDU-A01-SP3
2026-06-03 13:00:00,PDU-A01,77.3,PDU-A01-SP4
2026-06-03 13:05:00,PDU-A01,77.1,PDU-A01-SP4
2026-06-03 13:10:00,PDU-A01,87.0,PDU-A01-SP4
2026-06-03 13:15:00,PDU-A01,71.5,PDU-A01-SP5
2026-06-03 13:20:00,PDU-A01,72.1,PDU-A01-SP1
2026-06-03 13:25:00,PDU-A01,71.7,PDU-A01-SP5
2026-06-03 13:30:00,PDU-A01,72.5,PDU-A01-SP1
2026-06-03 13:35:00,PDU-A01,85.0,PDU-A01-SP4
2026-06-03 13:40:00,PDU-A01,81.6,PDU-A01-SP5
2026-06-03 13:45:00,PDU-A01,74.5,PDU-A01-SP4
2026-06-03 13:50:00,PDU-A01,74.0,PDU-A01-SP1
2026-06-03 13:55:00,PDU-A01,69.3,PDU-A01-SP5
2026-06-03 14:00:00,PDU-A01,84.9,PDU-A01-SP1
2026-06-03 14:05:00,PDU-A01,71.1,PDU-A01-SP5
2026-06-03 14:10:00,PDU-A01,69.1,PDU-A01-SP1
2026-06-03 14:15:00,PDU-A01,71.1,PDU-A01-SP4
2026-06-03 14:20:00,PDU-A01,71.6,PDU-A01-SP1
2026-06-03 14:25:00,PDU-A01,72.8,PDU-A01-SP2
2026-06-03 14:30:00,PDU-A01,85.2,PDU-A01-SP3
2026-06-03 14:35:00,PDU-A01,80.6,PDU-A01-SP3
2026-06-03 14:40:00,PDU-A01,74.2,PDU-A01-SP5
2026-06-03 14:45:00,PDU-A01,71.6,PDU-A01-SP1
2026-06-03 14:50:00,PDU-A01,79.5,PDU-A01-SP2
2026-06-03 14:55:00,PDU-A01,80.2,PDU-A01-SP4
2026-06-03 15:00:00,PDU-A01,68.3,PDU-A01-SP4
2026-06-03 15:05:00,PDU-A01,83.0,PDU-A01-SP4
2026-06-03 15:10:00,PDU-A01,75.4,PDU-A01-SP2
2026-06-03 15:15:00,PDU-A01,83.0,PDU-A01-SP2
2026-06-03 15:20:00,PDU-A01,74.8,PDU-A01-SP4
2026-06-03 15:25:00,PDU-A01,86.5,PDU-A01-SP4
2026-06-03 15:30:00,PDU-A01,77.7,PDU-A01-SP2
2026-06-03 15:35:00,PDU-A01,72.4,PDU-A01-SP1
2026-06-03 15:40:00,PDU-A01,87.8,PDU-A01-SP1
2026-06-03 15:45:00,PDU-A01,80.0,PDU-A01-SP1
2026-06-03 15:50:00,PDU-A01,74.1,PDU-A01-SP5
2026-06-03 15:55:00,PDU-A01,67.1,PDU-A01-SP5
2026-06-03 16:00:00,PDU-A01,82.7,PDU-A01-SP4
2026-06-03 16:05:00,PDU-A01,73.8,PDU-A01-SP3
2026-06-03 16:10:00,PDU-A01,85.2,PDU-A01-SP2
2026-06-03 16:15:00,PDU-A01,85.7,PDU-A01-SP4
2026-06-03 16:20:00,PDU-A01,87.1,PDU-A01-SP2
2026-06-03 16:25:00,PDU-A01,74.9,PDU-A01-SP3
2026-06-03 16:30:00,PDU-A01,83.0,PDU-A01-SP5
2026-06-03 16:35:00,PDU-A01,80.2,PDU-A01-SP3
2026-06-03 16:40:00,PDU-A01,78.2,PDU-A01-SP1
2026-06-03 16:45:00,PDU-A01,84.9,PDU-A01-SP3
2026-06-03 16:50:00,PDU-A01,85.8,PDU-A01-SP4
2026-06-03 16:55:00,PDU-A01,70.4,PDU-A01-SP2
2026-06-03 17:00:00,PDU-A01,68.5,PDU-A01-SP5
2026-06-03 17:05:00,PDU-A01,79.3,PDU-A01-SP2
2026-06-03 17:10:00,PDU-A01,70.8,PDU-A01-SP5
2026-06-03 17:15:00,PDU-A01,84.7,PDU-A01-SP3
2026-06-03 17:20:00,PDU-A01,74.4,PDU-A01-SP4
2026-06-03 17:25:00,PDU-A01,78.1,PDU-A01-SP3
2026-06-03 17:30:00,PDU-A01,72.3,PDU-A01-SP4
2026-06-03 17:35:00,PDU-A01,73.2,PDU-A01-SP1
2026-06-03 17:40:00,PDU-A01,79.8,PDU-A01-SP1
2026-06-03 17:45:00,PDU-A01,87.6,PDU-A01-SP1
2026-06-03 17:50:00,PDU-A01,77.6,PDU-A01-SP2
2026-06-03 17:55:00,PDU-A01,68.0,PDU-A01-SP2
2026-06-03 18:00:00,PDU-A01,77.6,PDU-A01-SP5
2026-06-03 18:05:00,PDU-A01,82.5,PDU-A01-SP4
2026-06-03 18:10:00,PDU-A01,79.2,PDU-A01-SP5
2026-06-03 18:15:00,PDU-A01,77.1,PDU-A01-SP5
2026-06-03 18:20:00,PDU-A01,82.6,PDU-A01-SP3
2026-06-03 18:25:00,PDU-A01,69.6,PDU-A01-SP4
2026-06-03 18:30:00,PDU-A01,85.8,PDU-A01-SP1
2026-06-03 18:35:00,PDU-A01,86.5,PDU-A01-SP2
2026-06-03 18:40:00,PDU-A01,71.9,PDU-A01-SP3
2026-06-03 18:45:00,PDU-A01,72.9,PDU-A01-SP3
2026-06-03 18:50:00,PDU-A01,87.0,PDU-A01-SP2
2026-06-03 18:55:00,PDU-A01,86.7,PDU-A01-SP1
2026-06-03 19:00:00,PDU-A01,65.6,PDU-A01-SP1
2026-06-03 19:05:00,PDU-A01,57.5,PDU-A01-SP5
2026-06-03 19:10:00,PDU-A01,62.8,PDU-A01-SP2
2026-06-03 19:15:00,PDU-A01,59.3,PDU-A01-SP3
2026-06-03 19:20:00,PDU-A01,64.7,PDU-A01-SP1
2026-06-03 19:25:00,PDU-A01,68.5,PDU-A01-SP2
2026-06-03 19:30:00,PDU-A01,60.8,PDU-A01-SP5
2026-06-03 19:35:00,PDU-A01,60.4,PDU-A01-SP1
2026-06-03 19:40:00,PDU-A01,63.7,PDU-A01-SP5
2026-06-03 19:45:00,PDU-A01,61.3,PDU-A01-SP3
2026-06-03 19:50:00,PDU-A01,56.0,PDU-A01-SP2
2026-06-03 19:55:00,PDU-A01,66.1,PDU-A01-SP4
2026-06-03 20:00:00,PDU-A01,66.4,PDU-A01-SP5
2026-06-03 20:05:00,PDU-A01,61.0,PDU-A01-SP4
2026-06-03 20:10:00,PDU-A01,64.6,PDU-A01-SP4
2026-06-03 20:15:00,PDU-A01,63.9,PDU-A01-SP1
2026-06-03 20:20:00,PDU-A01,64.4,PDU-A01-SP1
2026-06-03 20:25:00,PDU-A01,57.0,PDU-A01-SP1
2026-06-03 20:30:00,PDU-A01,61.8,PDU-A01-SP5
2026-06-03 20:35:00,PDU-A01,62.5,PDU-A01-SP1
2026-06-03 20:40:00,PDU-A01,65.1,PDU-A01-SP4
2026-06-03 20:45:00,PDU-A01,61.8,PDU-A01-SP4
2026-06-03 20:50:00,PDU-A01,62.5,PDU-A01-SP4
2026-06-03 20:55:00,PDU-A01,58.4,PDU-A01-SP2
2026-06-03 21:00:00,PDU-A01,63.2,PDU-A01-SP2
2026-06-03 21:05:00,PDU-A01,62.3,PDU-A01-SP2
2026-06-03 21:10:00,PDU-A01,64.4,PDU-A01-SP1
2026-06-03 21:15:00,PDU-A01,59.8,PDU-A01-SP4
2026-06-03 21:20:00,PDU-A01,60.0,PDU-A01-SP2
2026-06-03 21:25:00,PDU-A01,57.7,PDU-A01-SP5
2026-06-03 21:30:00,PDU-A01,62.7,PDU-A01-SP1
2026-06-03 21:35:00,PDU-A01,58.2,PDU-A01-SP5
2026-06-03 21:40:00,PDU-A01,62.9,PDU-A01-SP4
2026-06-03 21:45:00,PDU-A01,56.8,PDU-A01-SP1
2026-06-03 21:50:00,PDU-A01,65.2,PDU-A01-SP2
2026-06-03 21:55:00,PDU-A01,62.0,PDU-A01-SP4
2026-06-03 22:00:00,PDU-A01,57.9,PDU-A01-SP3
2026-06-03 22:05:00,PDU-A01,60.7,PDU-A01-SP4
2026-06-03 22:10:00,PDU-A01,59.2,PDU-A01-SP1
2026-06-03 22:15:00,PDU-A01,62.7,PDU-A01-SP4
2026-06-03 22:20:00,PDU-A01,62.3,PDU-A01-SP1
2026-06-03 22:25:00,PDU-A01,56.5,PDU-A01-SP4
2026-06-03 22:30:00,PDU-A01,61.1,PDU-A01-SP3
2026-06-03 22:35:00,PDU-A01,61.6,PDU-A01-SP5
2026-06-03 22:40:00,PDU-A01,57.8,PDU-A01-SP2
2026-06-03 22:45:00,PDU-A01,61.0,PDU-A01-SP4
2026-06-03 22:50:00,PDU-A01,66.8,PDU-A01-SP4
2026-06-03 22:55:00,PDU-A01,68.8,PDU-A01-SP3
2026-06-03 23:00:00,PDU-A01,62.4,PDU-A01-SP4
2026-06-03 23:05:00,PDU-A01,62.7,PDU-A01-SP2
2026-06-03 23:10:00,PDU-A01,63.7,PDU-A01-SP5
2026-06-03 23:15:00,PDU-A01,58.2,PDU-A01-SP2
2026-06-03 23:20:00,PDU-A01,61.0,PDU-A01-SP1
2026-06-03 23:25:00,PDU-A01,67.2,PDU-A01-SP4
2026-06-03 23:30:00,PDU-A01,63.0,PDU-A01-SP3
2026-06-03 23:35:00,PDU-A01,60.3,PDU-A01-SP4
2026-06-03 23:40:00,PDU-A01,64.0,PDU-A01-SP5
2026-06-03 23:45:00,PDU-A01,61.9,PDU-A01-SP5
2026-06-03 23:50:00,PDU-A01,68.6,PDU-A01-SP4
2026-06-03 23:55:00,PDU-A01,64.1,PDU-A01-SP3
2026-06-04 00:00:00,PDU-A01,66.0,PDU-A01-SP5
2026-06-04 00:05:00,PDU-A01,62.4,PDU-A01-SP2
2026-06-04 00:10:00,PDU-A01,63.7,PDU-A01-SP5
2026-06-04 00:15:00,PDU-A01,59.4,PDU-A01-SP4
2026-06-04 00:20:00,PDU-A01,67.0,PDU-A01-SP4
2026-06-04 00:25:00,PDU-A01,56.6,PDU-A01-SP2
2026-06-04 00:30:00,PDU-A01,62.7,PDU-A01-SP5
2026-06-04 00:35:00,PDU-A01,63.4,PDU-A01-SP3
2026-06-04 00:40:00,PDU-A01,62.4,PDU-A01-SP5
2026-06-04 00:45:00,PDU-A01,63.2,PDU-A01-SP1
2026-06-04 00:50:00,PDU-A01,61.5,PDU-A01-SP1
2026-06-04 00:55:00,PDU-A01,60.0,PDU-A01-SP2
2026-06-04 01:00:00,PDU-A01,60.2,PDU-A01-SP2
2026-06-04 01:05:00,PDU-A01,62.1,PDU-A01-SP1
2026-06-04 01:10:00,PDU-A01,62.6,PDU-A01-SP3
2026-06-04 01:15:00,PDU-A01,55.9,PDU-A01-SP1
2026-06-04 01:20:00,PDU-A01,56.6,PDU-A01-SP1
2026-06-04 01:25:00,PDU-A01,63.1,PDU-A01-SP2
2026-06-04 01:30:00,PDU-A01,62.9,PDU-A01-SP3
2026-06-04 01:35:00,PDU-A01,65.0,PDU-A01-SP2
2026-06-04 01:40:00,PDU-A01,66.3,PDU-A01-SP2
2026-06-04 01:45:00,PDU-A01,63.8,PDU-A01-SP1
2026-06-04 01:50:00,PDU-A01,66.6,PDU-A01-SP4
2026-06-04 01:55:00,PDU-A01,63.1,PDU-A01-SP2
2026-06-04 02:00:00,PDU-A01,60.3,PDU-A01-SP1
2026-06-04 02:05:00,PDU-A01,64.5,PDU-A01-SP5
2026-06-04 02:10:00,PDU-A01,58.4,PDU-A01-SP4
2026-06-04 02:15:00,PDU-A01,58.9,PDU-A01-SP4
2026-06-04 02:20:00,PDU-A01,63.4,PDU-A01-SP5
2026-06-04 02:25:00,PDU-A01,60.8,PDU-A01-SP1
2026-06-04 02:30:00,PDU-A01,62.2,PDU-A01-SP5
2026-06-04 02:35:00,PDU-A01,59.6,PDU-A01-SP3
2026-06-04 02:40:00,PDU-A01,67.5,PDU-A01-SP2
2026-06-04 02:45:00,PDU-A01,59.4,PDU-A01-SP1
2026-06-04 02:50:00,PDU-A01,59.8,PDU-A01-SP5
2026-06-04 02:55:00,PDU-A01,61.7,PDU-A01-SP5
2026-06-04 03:00:00,PDU-A01,60.0,PDU-A01-SP5
2026-06-04 03:05:00,PDU-A01,65.2,PDU-A01-SP2
2026-06-04 03:10:00,PDU-A01,63.1,PDU-A01-SP2
2026-06-04 03:15:00,PDU-A01,60.4,PDU-A01-SP5
2026-06-04 03:20:00,PDU-A01,57.0,PDU-A01-SP1
2026-06-04 03:25:00,PDU-A01,61.1,PDU-A01-SP4
2026-06-04 03:30:00,PDU-A01,67.6,PDU-A01-SP4
2026-06-04 03:35:00,PDU-A01,61.5,PDU-A01-SP4
2026-06-04 03:40:00,PDU-A01,60.7,PDU-A01-SP1
2026-06-04 03:45:00,PDU-A01,64.6,PDU-A01-SP1
2026-06-04 03:50:00,PDU-A01,60.2,PDU-A01-SP2
2026-06-04 03:55:00,PDU-A01,65.9,PDU-A01-SP4
2026-06-04 04:00:00,PDU-A01,61.5,PDU-A01-SP1
2026-06-04 04:05:00,PDU-A01,60.1,PDU-A01-SP3
2026-06-04 04:10:00,PDU-A01,64.0,PDU-A01-SP4
2026-06-04 04:15:00,PDU-A01,65.0,PDU-A01-SP1
2026-06-04 04:20:00,PDU-A01,65.7,PDU-A01-SP2
2026-06-04 04:25:00,PDU-A01,62.3,PDU-A01-SP4
2026-06-04 04:30:00,PDU-A01,61.3,PDU-A01-SP1
2026-06-04 04:35:00,PDU-A01,63.8,PDU-A01-SP2
2026-06-04 04:40:00,PDU-A01,60.3,PDU-A01-SP3
2026-06-04 04:45:00,PDU-A01,66.9,PDU-A01-SP4
2026-06-04 04:50:00,PDU-A01,57.4,PDU-A01-SP2
2026-06-04 04:55:00,PDU-A01,67.2,PDU-A01-SP5
2026-06-04 05:00:00,PDU-A01,60.0,PDU-A01-SP5
2026-06-04 05:05:00,PDU-A01,60.8,PDU-A01-SP3
2026-06-04 05:10:00,PDU-A01,59.3,PDU-A01-SP5
2026-06-04 05:15:00,PDU-A01,68.6,PDU-A01-SP1
2026-06-04 05:20:00,PDU-A01,59.5,PDU-A01-SP4
2026-06-04 05:25:00,PDU-A01,69.1,PDU-A01-SP2
2026-06-04 05:30:00,PDU-A01,63.2,PDU-A01-SP2
2026-06-04 05:35:00,PDU-A01,66.1,PDU-A01-SP4
2026-06-04 05:40:00,PDU-A01,62.7,PDU-A01-SP3
2026-06-04 05:45:00,PDU-A01,63.4,PDU-A01-SP1
2026-06-04 05:50:00,PDU-A01,65.5,PDU-A01-SP1
2026-06-04 05:55:00,PDU-A01,62.4,PDU-A01-SP3
2026-06-04 06:00:00,PDU-A01,44.0,PDU-A01-SP5
2026-06-04 06:05:00,PDU-A01,40.1,PDU-A01-SP1
2026-06-04 06:10:00,PDU-A01,46.9,PDU-A01-SP3
2026-06-04 06:15:00,PDU-A01,49.5,PDU-A01-SP4
2026-06-04 06:20:00,PDU-A01,41.1,PDU-A01-SP2
2026-06-04 06:25:00,PDU-A01,43.7,PDU-A01-SP3
2026-06-04 06:30:00,PDU-A01,43.0,PDU-A01-SP5
2026-06-04 06:35:00,PDU-A01,49.5,PDU-A01-SP1
2026-06-04 06:40:00,PDU-A01,40.0,PDU-A01-SP4
2026-06-04 06:45:00,PDU-A01,40.9,PDU-A01-SP2
2026-06-04 06:50:00,PDU-A01,41.9,PDU-A01-SP4
2026-06-04 06:55:00,PDU-A01,42.0,PDU-A01-SP2
2026-06-04 07:00:00,PDU-A01,36.5,PDU-A01-SP3
2026-06-04 07:05:00,PDU-A01,33.6,PDU-A01-SP3
2026-06-04 07:10:00,PDU-A01,33.4,PDU-A01-SP3
2026-06-04 07:15:00,PDU-A01,34.0,PDU-A01-SP3
2026-06-04 07:20:00,PDU-A01,35.7,PDU-A01-SP2
2026-06-04 07:25:00,PDU-A01,33.2,PDU-A01-SP3
2026-06-04 07:30:00,PDU-A01,35.9,PDU-A01-SP2
2026-06-04 07:35:00,PDU-A01,34.7,PDU-A01-SP1
2026-06-04 07:40:00,PDU-A01,35.8,PDU-A01-SP1
2026-06-04 07:45:00,PDU-A01,33.9,PDU-A01-SP1
2026-06-04 07:50:00,PDU-A01,33.5,PDU-A01-SP2
2026-06-04 07:55:00,PDU-A01,35.1,PDU-A01-SP4
2026-06-04 08:00:00,PDU-A01,33.0,PDU-A01-SP3
2026-06-04 08:05:00,PDU-A01,36.3,PDU-A01-SP4
2026-06-04 08:10:00,PDU-A01,35.8,PDU-A01-SP4
2026-06-04 08:15:00,PDU-A01,33.3,PDU-A01-SP4
2026-06-04 08:20:00,PDU-A01,33.4,PDU-A01-SP1
2026-06-04 08:25:00,PDU-A01,33.4,PDU-A01-SP3
2026-06-04 08:30:00,PDU-A01,36.5,PDU-A01-SP2
2026-06-04 08:35:00,PDU-A01,34.5,PDU-A01-SP2
2026-06-04 08:40:00,PDU-A01,35.6,PDU-A01-SP2
2026-06-04 08:45:00,PDU-A01,33.3,PDU-A01-SP5
2026-06-04 08:50:00,PDU-A01,33.0,PDU-A01-SP2
2026-06-04 08:55:00,PDU-A01,34.8,PDU-A01-SP2
2026-06-04 09:00:00,PDU-A01,61.2,PDU-A01-SP4
2026-06-04 09:05:00,PDU-A01,62.1,PDU-A01-SP2
2026-06-04 09:10:00,PDU-A01,50.1,PDU-A01-SP1
2026-06-04 09:15:00,PDU-A01,61.3,PDU-A01-SP4
2026-06-04 09:20:00,PDU-A01,54.8,PDU-A01-SP3
2026-06-04 09:25:00,PDU-A01,61.9,PDU-A01-SP5
2026-06-04 09:30:00,PDU-A01,62.4,PDU-A01-SP1
2026-06-04 09:35:00,PDU-A01,67.6,PDU-A01-SP3
2026-06-04 09:40:00,PDU-A01,54.5,PDU-A01-SP2
2026-06-04 09:45:00,PDU-A01,64.1,PDU-A01-SP1
2026-06-04 09:50:00,PDU-A01,66.9,PDU-A01-SP2
2026-06-04 09:55:00,PDU-A01,58.3,PDU-A01-SP4
2026-06-04 10:00:00,PDU-A01,61.0,PDU-A01-SP1
2026-06-04 10:05:00,PDU-A01,71.5,PDU-A01-SP2
2026-06-04 10:10:00,PDU-A01,59.1,PDU-A01-SP4
2026-06-04 10:15:00,PDU-A01,58.0,PDU-A01-SP4
2026-06-04 10:20:00,PDU-A01,70.2,PDU-A01-SP1
2026-06-04 10:25:00,PDU-A01,59.8,PDU-A01-SP2
2026-06-04 10:30:00,PDU-A01,49.0,PDU-A01-SP4
2026-06-04 10:35:00,PDU-A01,60.6,PDU-A01-SP5
2026-06-04 10:40:00,PDU-A01,65.0,PDU-A01-SP4
2026-06-04 10:45:00,PDU-A01,51.8,PDU-A01-SP5
2026-06-04 10:50:00,PDU-A01,51.4,PDU-A01-SP1
2026-06-04 10:55:00,PDU-A01,59.0,PDU-A01-SP2
2026-06-04 11:00:00,PDU-A01,60.3,PDU-A01-SP1
2026-06-04 11:05:00,PDU-A01,56.0,PDU-A01-SP2
2026-06-04 11:10:00,PDU-A01,49.5,PDU-A01-SP4
2026-06-04 11:15:00,PDU-A01,52.8,PDU-A01-SP1
2026-06-04 11:20:00,PDU-A01,57.2,PDU-A01-SP2
2026-06-04 11:25:00,PDU-A01,53.2,PDU-A01-SP1
2026-06-04 11:30:00,PDU-A01,55.1,PDU-A01-SP5
2026-06-04 11:35:00,PDU-A01,61.6,PDU-A01-SP3
2026-06-04 11:40:00,PDU-A01,51.8,PDU-A01-SP3
2026-06-04 11:45:00,PDU-A01,63.1,PDU-A01-SP1
2026-06-04 11:50:00,PDU-A01,56.4,PDU-A01-SP5
2026-06-04 11:55:00,PDU-A01,52.1,PDU-A01-SP5
2026-06-04 12:00:00,PDU-A01,62.5,PDU-A01-SP5
2026-06-04 12:05:00,PDU-A01,57.2,PDU-A01-SP5
2026-06-04 12:10:00,PDU-A01,52.0,PDU-A01-SP1
2026-06-04 12:15:00,PDU-A01,68.6,PDU-A01-SP1
2026-06-04 12:20:00,PDU-A01,54.6,PDU-A01-SP1
2026-06-04 12:25:00,PDU-A01,65.2,PDU-A01-SP1
2026-06-04 12:30:00,PDU-A01,59.0,PDU-A01-SP2
2026-06-04 12:35:00,PDU-A01,55.4,PDU-A01-SP1
2026-06-04 12:40:00,PDU-A01,62.7,PDU-A01-SP4
2026-06-04 12:45:00,PDU-A01,53.5,PDU-A01-SP3
2026-06-04 12:50:00,PDU-A01,53.7,PDU-A01-SP3
2026-06-04 12:55:00,PDU-A01,53.1,PDU-A01-SP1
2026-06-04 13:00:00,PDU-A01,54.8,PDU-A01-SP1
2026-06-04 13:05:00,PDU-A01,67.4,PDU-A01-SP4
2026-06-04 13:10:00,PDU-A01,68.4,PDU-A01-SP3
2026-06-04 13:15:00,PDU-A01,56.8,PDU-A01-SP1
2026-06-04 13:20:00,PDU-A01,56.5,PDU-A01-SP3
2026-06-04 13:25:00,PDU-A01,63.8,PDU-A01-SP3
2026-06-04 13:30:00,PDU-A01,61.8,PDU-A01-SP2
2026-06-04 13:35:00,PDU-A01,64.8,PDU-A01-SP2
2026-06-04 13:40:00,PDU-A01,54.7,PDU-A01-SP1
2026-06-04 13:45:00,PDU-A01,54.0,PDU-A01-SP1
2026-06-04 13:50:00,PDU-A01,67.0,PDU-A01-SP4
2026-06-04 13:55:00,PDU-A01,67.9,PDU-A01-SP1
2026-06-04 14:00:00,PDU-A01,56.0,PDU-A01-SP4
2026-06-04 14:05:00,PDU-A01,58.1,PDU-A01-SP2
2026-06-04 14:10:00,PDU-A01,62.6,PDU-A01-SP2
2026-06-04 14:15:00,PDU-A01,68.0,PDU-A01-SP3
2026-06-04 14:20:00,PDU-A01,60.2,PDU-A01-SP5
2026-06-04 14:25:00,PDU-A01,50.4,PDU-A01-SP4
2026-06-04 14:30:00,PDU-A01,51.8,PDU-A01-SP4
2026-06-04 14:35:00,PDU-A01,61.8,PDU-A01-SP3
2026-06-04 14:40:00,PDU-A01,54.5,PDU-A01-SP4
2026-06-04 14:45:00,PDU-A01,65.0,PDU-A01-SP3
2026-06-04 14:50:00,PDU-A01,58.0,PDU-A01-SP2
2026-06-04 14:55:00,PDU-A01,53.8,PDU-A01-SP1
2026-06-04 15:00:00,PDU-A01,51.8,PDU-A01-SP4
2026-06-04 15:05:00,PDU-A01,54.8,PDU-A01-SP3
2026-06-04 15:10:00,PDU-A01,68.1,PDU-A01-SP3
2026-06-04 15:15:00,PDU-A01,60.7,PDU-A01-SP1
2026-06-04 15:20:00,PDU-A01,53.9,PDU-A01-SP5
2026-06-04 15:25:00,PDU-A01,52.2,PDU-A01-SP3
2026-06-04 15:30:00,PDU-A01,53.8,PDU-A01-SP3
2026-06-04 15:35:00,PDU-A01,56.1,PDU-A01-SP3
2026-06-04 15:40:00,PDU-A01,57.2,PDU-A01-SP1
2026-06-04 15:45:00,PDU-A01,70.5,PDU-A01-SP5
2026-06-04 15:50:00,PDU-A01,64.0,PDU-A01-SP4
2026-06-04 15:55:00,PDU-A01,53.2,PDU-A01-SP1
2026-06-04 16:00:00,PDU-A01,51.6,PDU-A01-SP2
2026-06-04 16:05:00,PDU-A01,53.9,PDU-A01-SP3
2026-06-04 16:10:00,PDU-A01,65.5,PDU-A01-SP1
2026-06-04 16:15:00,PDU-A01,60.7,PDU-A01-SP1
2026-06-04 16:20:00,PDU-A01,48.7,PDU-A01-SP4
2026-06-04 16:25:00,PDU-A01,64.6,PDU-A01-SP3
2026-06-04 16:30:00,PDU-A01,54.2,PDU-A01-SP1
2026-06-04 16:35:00,PDU-A01,53.7,PDU-A01-SP4
2026-06-04 16:40:00,PDU-A01,59.5,PDU-A01-SP4
2026-06-04 16:45:00,PDU-A01,52.3,PDU-A01-SP2
2026-06-04 16:50:00,PDU-A01,55.3,PDU-A01-SP2
2026-06-04 16:55:00,PDU-A01,51.2,PDU-A01-SP2
2026-06-04 17:00:00,PDU-A01,62.9,PDU-A01-SP5
2026-06-04 17:05:00,PDU-A01,57.9,PDU-A01-SP4
2026-06-04 17:10:00,PDU-A01,51.5,PDU-A01-SP5
2026-06-04 17:15:00,PDU-A01,57.0,PDU-A01-SP5
2026-06-04 17:20:00,PDU-A01,67.9,PDU-A01-SP3
2026-06-04 17:25:00,PDU-A01,60.7,PDU-A01-SP3
2026-06-04 17:30:00,PDU-A01,68.3,PDU-A01-SP4
2026-06-04 17:35:00,PDU-A01,53.5,PDU-A01-SP5
2026-06-04 17:40:00,PDU-A01,56.0,PDU-A01-SP3
2026-06-04 17:45:00,PDU-A01,53.1,PDU-A01-SP5
2026-06-04 17:50:00,PDU-A01,57.5,PDU-A01-SP2
2026-06-04 17:55:00,PDU-A01,67.9,PDU-A01-SP2
2026-06-04 18:00:00,PDU-A01,56.6,PDU-A01-SP1
2026-06-04 18:05:00,PDU-A01,67.1,PDU-A01-SP5
2026-06-04 18:10:00,PDU-A01,68.1,PDU-A01-SP3
2026-06-04 18:15:00,PDU-A01,70.7,PDU-A01-SP2
2026-06-04 18:20:00,PDU-A01,53.9,PDU-A01-SP3
2026-06-04 18:25:00,PDU-A01,66.4,PDU-A01-SP3
2026-06-04 18:30:00,PDU-A01,69.2,PDU-A01-SP5
2026-06-04 18:35:00,PDU-A01,70.3,PDU-A01-SP4
2026-06-04 18:40:00,PDU-A01,59.5,PDU-A01-SP1
2026-06-04 18:45:00,PDU-A01,50.7,PDU-A01-SP2
2026-06-04 18:50:00,PDU-A01,50.3,PDU-A01-SP3
2026-06-04 18:55:00,PDU-A01,67.2,PDU-A01-SP2
2026-06-04 19:00:00,PDU-A01,41.5,PDU-A01-SP3
2026-06-04 19:05:00,PDU-A01,38.2,PDU-A01-SP2
2026-06-04 19:10:00,PDU-A01,48.9,PDU-A01-SP3
2026-06-04 19:15:00,PDU-A01,49.1,PDU-A01-SP4
2026-06-04 19:20:00,PDU-A01,44.8,PDU-A01-SP3
2026-06-04 19:25:00,PDU-A01,39.1,PDU-A01-SP4
2026-06-04 19:30:00,PDU-A01,49.6,PDU-A01-SP3
2026-06-04 19:35:00,PDU-A01,42.8,PDU-A01-SP5
2026-06-04 19:40:00,PDU-A01,46.5,PDU-A01-SP5
2026-06-04 19:45:00,PDU-A01,47.5,PDU-A01-SP3
2026-06-04 19:50:00,PDU-A01,41.3,PDU-A01-SP5
2026-06-04 19:55:00,PDU-A01,45.3,PDU-A01-SP5
2026-06-04 20:00:00,PDU-A01,39.8,PDU-A01-SP5
2026-06-04 20:05:00,PDU-A01,41.7,PDU-A01-SP4
2026-06-04 20:10:00,PDU-A01,41.5,PDU-A01-SP2
2026-06-04 20:15:00,PDU-A01,42.1,PDU-A01-SP1
2026-06-04 20:20:00,PDU-A01,48.7,PDU-A01-SP3
2026-06-04 20:25:00,PDU-A01,43.0,PDU-A01-SP2
2026-06-04 20:30:00,PDU-A01,46.0,PDU-A01-SP1
2026-06-04 20:35:00,PDU-A01,45.1,PDU-A01-SP4
2026-06-04 20:40:00,PDU-A01,48.9,PDU-A01-SP4
2026-06-04 20:45:00,PDU-A01,43.9,PDU-A01-SP5
2026-06-04 20:50:00,PDU-A01,44.4,PDU-A01-SP5
2026-06-04 20:55:00,PDU-A01,46.9,PDU-A01-SP2
2026-06-04 21:00:00,PDU-A01,45.2,PDU-A01-SP1
2026-06-04 21:05:00,PDU-A01,41.5,PDU-A01-SP1
2026-06-04 21:10:00,PDU-A01,38.5,PDU-A01-SP4
2026-06-04 21:15:00,PDU-A01,39.1,PDU-A01-SP1
2026-06-04 21:20:00,PDU-A01,44.7,PDU-A01-SP4
2026-06-04 21:25:00,PDU-A01,46.5,PDU-A01-SP2
2026-06-04 21:30:00,PDU-A01,45.4,PDU-A01-SP1
2026-06-04 21:35:00,PDU-A01,38.9,PDU-A01-SP2
2026-06-04 21:40:00,PDU-A01,43.7,PDU-A01-SP5
2026-06-04 21:45:00,PDU-A01,41.0,PDU-A01-SP2
2026-06-04 21:50:00,PDU-A01,39.6,PDU-A01-SP5
2026-06-04 21:55:00,PDU-A01,46.9,PDU-A01-SP3
2026-06-04 22:00:00,PDU-A01,37.4,PDU-A01-SP5
2026-06-04 22:05:00,PDU-A01,42.7,PDU-A01-SP2
2026-06-04 22:10:00,PDU-A01,40.0,PDU-A01-SP1
2026-06-04 22:15:00,PDU-A01,42.7,PDU-A01-SP4
2026-06-04 22:20:00,PDU-A01,45.8,PDU-A01-SP3
2026-06-04 22:25:00,PDU-A01,40.2,PDU-A01-SP2
2026-06-04 22:30:00,PDU-A01,42.6,PDU-A01-SP2
2026-06-04 22:35:00,PDU-A01,43.0,PDU-A01-SP4
2026-06-04 22:40:00,PDU-A01,43.2,PDU-A01-SP5
2026-06-04 22:45:00,PDU-A01,40.7,PDU-A01-SP1
2026-06-04 22:50:00,PDU-A01,39.3,PDU-A01-SP5
2026-06-04 22:55:00,PDU-A01,44.6,PDU-A01-SP2
2026-06-04 23:00:00,PDU-A01,46.5,PDU-A01-SP5
2026-06-04 23:05:00,PDU-A01,43.7,PDU-A01-SP4
2026-06-04 23:10:00,PDU-A01,44.2,PDU-A01-SP3
2026-06-04 23:15:00,PDU-A01,41.5,PDU-A01-SP1
2026-06-04 23:20:00,PDU-A01,46.1,PDU-A01-SP5
2026-06-04 23:25:00,PDU-A01,46.9,PDU-A01-SP1
2026-06-04 23:30:00,PDU-A01,49.2,PDU-A01-SP2
2026-06-04 23:35:00,PDU-A01,50.9,PDU-A01-SP2
2026-06-04 23:40:00,PDU-A01,37.8,PDU-A01-SP4
2026-06-04 23:45:00,PDU-A01,42.5,PDU-A01-SP2
2026-06-04 23:50:00,PDU-A01,47.2,PDU-A01-SP1
2026-06-04 23:55:00,PDU-A01,40.2,PDU-A01-SP5
2026-06-05 00:00:00,PDU-A01,41.7,PDU-A01-SP4
2026-06-05 00:05:00,PDU-A01,47.1,PDU-A01-SP5
2026-06-05 00:10:00,PDU-A01,46.6,PDU-A01-SP1
2026-06-05 00:15:00,PDU-A01,42.2,PDU-A01-SP5
2026-06-05 00:20:00,PDU-A01,47.3,PDU-A01-SP1
2026-06-05 00:25:00,PDU-A01,49.4,PDU-A01-SP1
2026-06-05 00:30:00,PDU-A01,49.1,PDU-A01-SP3
2026-06-05 00:35:00,PDU-A01,47.7,PDU-A01-SP4
2026-06-05 00:40:00,PDU-A01,45.2,PDU-A01-SP2
2026-06-05 00:45:00,PDU-A01,40.6,PDU-A01-SP5
2026-06-05 00:50:00,PDU-A01,46.1,PDU-A01-SP4
2026-06-05 00:55:00,PDU-A01,48.1,PDU-A01-SP2
2026-06-05 01:00:00,PDU-A01,39.4,PDU-A01-SP3
2026-06-05 01:05:00,PDU-A01,46.9,PDU-A01-SP3
2026-06-05 01:10:00,PDU-A01,43.8,PDU-A01-SP1
2026-06-05 01:15:00,PDU-A01,48.6,PDU-A01-SP3
2026-06-05 01:20:00,PDU-A01,49.5,PDU-A01-SP3
2026-06-05 01:25:00,PDU-A01,41.6,PDU-A01-SP1
2026-06-05 01:30:00,PDU-A01,39.9,PDU-A01-SP4
2026-06-05 01:35:00,PDU-A01,48.2,PDU-A01-SP3
2026-06-05 01:40:00,PDU-A01,48.1,PDU-A01-SP2
2026-06-05 01:45:00,PDU-A01,40.6,PDU-A01-SP4
2026-06-05 01:50:00,PDU-A01,41.9,PDU-A01-SP5
2026-06-05 01:55:00,PDU-A01,38.1,PDU-A01-SP2
2026-06-05 02:00:00,PDU-A01,47.2,PDU-A01-SP4
2026-06-05 02:05:00,PDU-A01,39.0,PDU-A01-SP2
2026-06-05 02:10:00,PDU-A01,43.3,PDU-A01-SP5
2026-06-05 02:15:00,PDU-A01,45.1,PDU-A01-SP1
2026-06-05 02:20:00,PDU-A01,41.6,PDU-A01-SP4
2026-06-05 02:25:00,PDU-A01,42.4,PDU-A01-SP5
2026-06-05 02:30:00,PDU-A01,44.4,PDU-A01-SP3
2026-06-05 02:35:00,PDU-A01,48.0,PDU-A01-SP3
2026-06-05 02:40:00,PDU-A01,37.5,PDU-A01-SP5
2026-06-05 02:45:00,PDU-A01,46.4,PDU-A01-SP2
2026-06-05 02:50:00,PDU-A01,46.8,PDU-A01-SP3
2026-06-05 02:55:00,PDU-A01,46.2,PDU-A01-SP1
2026-06-05 03:00:00,PDU-A01,42.7,PDU-A01-SP2
2026-06-05 03:05:00,PDU-A01,43.6,PDU-A01-SP3
2026-06-05 03:10:00,PDU-A01,47.5,PDU-A01-SP3
2026-06-05 03:15:00,PDU-A01,43.2,PDU-A01-SP3
2026-06-05 03:20:00,PDU-A01,42.9,PDU-A01-SP3
2026-06-05 03:25:00,PDU-A01,47.7,PDU-A01-SP4
2026-06-05 03:30:00,PDU-A01,43.5,PDU-A01-SP3
2026-06-05 03:35:00,PDU-A01,45.6,PDU-A01-SP3
2026-06-05 03:40:00,PDU-A01,40.7,PDU-A01-SP1
2026-06-05 03:45:00,PDU-A01,41.8,PDU-A01-SP3
2026-06-05 03:50:00,PDU-A01,47.5,PDU-A01-SP3
2026-06-05 03:55:00,PDU-A01,41.1,PDU-A01-SP2
2026-06-05 04:00:00,PDU-A01,50.1,PDU-A01-SP5
2026-06-05 04:05:00,PDU-A01,42.7,PDU-A01-SP2
2026-06-05 04:10:00,PDU-A01,47.6,PDU-A01-SP3
2026-06-05 04:15:00,PDU-A01,41.5,PDU-A01-SP4
2026-06-05 04:20:00,PDU-A01,47.4,PDU-A01-SP5
2026-06-05 04:25:00,PDU-A01,47.3,PDU-A01-SP2
2026-06-05 04:30:00,PDU-A01,47.1,PDU-A01-SP4
2026-06-05 04:35:00,PDU-A01,49.7,PDU-A01-SP5
2026-06-05 04:40:00,PDU-A01,41.0,PDU-A01-SP5
2026-06-05 04:45:00,PDU-A01,39.4,PDU-A01-SP2
2026-06-05 04:50:00,PDU-A01,48.1,PDU-A01-SP5
2026-06-05 04:55:00,PDU-A01,46.1,PDU-A01-SP3
2026-06-05 05:00:00,PDU-A01,45.1,PDU-A01-SP2
2026-06-05 05:05:00,PDU-A01,46.4,PDU-A01-SP3
2026-06-05 05:10:00,PDU-A01,43.4,PDU-A01-SP4
2026-06-05 05:15:00,PDU-A01,48.2,PDU-A01-SP5
2026-06-05 05:20:00,PDU-A01,45.9,PDU-A01-SP4
2026-06-05 05:25:00,PDU-A01,48.8,PDU-A01-SP4
2026-06-05 05:30:00,PDU-A01,44.5,PDU-A01-SP2
2026-06-05 05:35:00,PDU-A01,39.3,PDU-A01-SP4
2026-06-05 05:40:00,PDU-A01,51.4,PDU-A01-SP4
2026-06-05 05:45:00,PDU-A01,42.0,PDU-A01-SP2
2026-06-05 05:50:00,PDU-A01,47.5,PDU-A01-SP2
2026-06-05 05:55:00,PDU-A01,40.7,PDU-A01-SP4
2026-06-05 06:00:00,PDU-A01,43.1,PDU-A01-SP2
2026-06-05 06:05:00,PDU-A01,44.0,PDU-A01-SP1
2026-06-05 06:10:00,PDU-A01,40.2,PDU-A01-SP4
2026-06-05 06:15:00,PDU-A01,45.3,PDU-A01-SP4
2026-06-05 06:20:00,PDU-A01,39.2,PDU-A01-SP3
2026-06-05 06:25:00,PDU-A01,51.0,PDU-A01-SP5
2026-06-05 06:30:00,PDU-A01,41.8,PDU-A01-SP2
2026-06-05 06:35:00,PDU-A01,43.0,PDU-A01-SP3
2026-06-05 06:40:00,PDU-A01,40.0,PDU-A01-SP5
2026-06-05 06:45:00,PDU-A01,40.6,PDU-A01-SP1
2026-06-05 06:50:00,PDU-A01,41.4,PDU-A01-SP5
2026-06-05 06:55:00,PDU-A01,44.9,PDU-A01-SP2
2026-06-05 07:00:00,PDU-A01,34.4,PDU-A01-SP4
2026-06-05 07:05:00,PDU-A01,34.4,PDU-A01-SP2
2026-06-05 07:10:00,PDU-A01,33.7,PDU-A01-SP4
2026-06-05 07:15:00,PDU-A01,33.1,PDU-A01-SP2
2026-06-05 07:20:00,PDU-A01,35.9,PDU-A01-SP2
2026-06-05 07:25:00,PDU-A01,33.8,PDU-A01-SP1
2026-06-05 07:30:00,PDU-A01,35.4,PDU-A01-SP2
2026-06-05 07:35:00,PDU-A01,33.5,PDU-A01-SP1
2026-06-05 07:40:00,PDU-A01,34.5,PDU-A01-SP3
2026-06-05 07:45:00,PDU-A01,36.1,PDU-A01-SP5
2026-06-05 07:50:00,PDU-A01,33.2,PDU-A01-SP1
2026-06-05 07:55:00,PDU-A01,35.6,PDU-A01-SP1
2026-06-05 08:00:00,PDU-A01,33.2,PDU-A01-SP1
2026-06-05 08:05:00,PDU-A01,34.7,PDU-A01-SP4
2026-06-05 08:10:00,PDU-A01,33.5,PDU-A01-SP3
2026-06-05 08:15:00,PDU-A01,34.9,PDU-A01-SP2
2026-06-05 08:20:00,PDU-A01,33.8,PDU-A01-SP1
2026-06-05 08:25:00,PDU-A01,34.2,PDU-A01-SP1
2026-06-05 08:30:00,PDU-A01,35.6,PDU-A01-SP3
2026-06-05 08:35:00,PDU-A01,35.5,PDU-A01-SP2
2026-06-05 08:40:00,PDU-A01,34.7,PDU-A01-SP1
2026-06-05 08:45:00,PDU-A01,35.0,PDU-A01-SP5
2026-06-05 08:50:00,PDU-A01,33.5,PDU-A01-SP1
2026-06-05 08:55:00,PDU-A01,36.1,PDU-A01-SP4
2026-06-05 09:00:00,PDU-A01,52.8,PDU-A01-SP3
2026-06-05 09:05:00,PDU-A01,68.5,PDU-A01-SP3
2026-06-05 09:10:00,PDU-A01,63.3,PDU-A01-SP1
2026-06-05 09:15:00,PDU-A01,62.6,PDU-A01-SP4
2026-06-05 09:20:00,PDU-A01,54.6,PDU-A01-SP1
2026-06-05 09:25:00,PDU-A01,69.5,PDU-A01-SP4
2026-06-05 09:30:00,PDU-A01,51.3,PDU-A01-SP5
2026-06-05 09:35:00,PDU-A01,52.4,PDU-A01-SP3
2026-06-05 09:40:00,PDU-A01,62.7,PDU-A01-SP3
2026-06-05 09:45:00,PDU-A01,53.5,PDU-A01-SP2
2026-06-05 09:50:00,PDU-A01,68.9,PDU-A01-SP3
2026-06-05 09:55:00,PDU-A01,65.3,PDU-A01-SP1
2026-06-05 10:00:00,PDU-A01,52.9,PDU-A01-SP1
2026-06-05 10:05:00,PDU-A01,48.7,PDU-A01-SP2
2026-06-05 10:10:00,PDU-A01,58.2,PDU-A01-SP5
2026-06-05 10:15:00,PDU-A01,56.3,PDU-A01-SP3
2026-06-05 10:20:00,PDU-A01,65.0,PDU-A01-SP4
2026-06-05 10:25:00,PDU-A01,57.8,PDU-A01-SP4
2026-06-05 10:30:00,PDU-A01,63.7,PDU-A01-SP4
2026-06-05 10:35:00,PDU-A01,64.2,PDU-A01-SP1
2026-06-05 10:40:00,PDU-A01,53.6,PDU-A01-SP2
2026-06-05 10:45:00,PDU-A01,53.7,PDU-A01-SP4
2026-06-05 10:50:00,PDU-A01,66.8,PDU-A01-SP2
2026-06-05 10:55:00,PDU-A01,63.3,PDU-A01-SP5
2026-06-05 11:00:00,PDU-A01,51.3,PDU-A01-SP2
2026-06-05 11:05:00,PDU-A01,59.6,PDU-A01-SP4
2026-06-05 11:10:00,PDU-A01,57.1,PDU-A01-SP3
2026-06-05 11:15:00,PDU-A01,51.7,PDU-A01-SP5
2026-06-05 11:20:00,PDU-A01,65.7,PDU-A01-SP5
2026-06-05 11:25:00,PDU-A01,56.3,PDU-A01-SP3
2026-06-05 11:30:00,PDU-A01,61.1,PDU-A01-SP5
2026-06-05 11:35:00,PDU-A01,52.6,PDU-A01-SP2
2026-06-05 11:40:00,PDU-A01,60.3,PDU-A01-SP4
2026-06-05 11:45:00,PDU-A01,54.3,PDU-A01-SP5
2026-06-05 11:50:00,PDU-A01,51.7,PDU-A01-SP2
2026-06-05 11:55:00,PDU-A01,60.0,PDU-A01-SP4
2026-06-05 12:00:00,PDU-A01,65.7,PDU-A01-SP4
2026-06-05 12:05:00,PDU-A01,55.7,PDU-A01-SP3
2026-06-05 12:10:00,PDU-A01,49.9,PDU-A01-SP4
2026-06-05 12:15:00,PDU-A01,57.0,PDU-A01-SP4
2026-06-05 12:20:00,PDU-A01,59.2,PDU-A01-SP1
2026-06-05 12:25:00,PDU-A01,66.9,PDU-A01-SP1
2026-06-05 12:30:00,PDU-A01,70.6,PDU-A01-SP1
2026-06-05 12:35:00,PDU-A01,51.7,PDU-A01-SP5
2026-06-05 12:40:00,PDU-A01,62.3,PDU-A01-SP5
2026-06-05 12:45:00,PDU-A01,69.8,PDU-A01-SP5
2026-06-05 12:50:00,PDU-A01,61.9,PDU-A01-SP4
2026-06-05 12:55:00,PDU-A01,68.5,PDU-A01-SP1
2026-06-05 13:00:00,PDU-A01,67.7,PDU-A01-SP3
2026-06-05 13:05:00,PDU-A01,61.7,PDU-A01-SP4
2026-06-05 13:10:00,PDU-A01,63.8,PDU-A01-SP4
2026-06-05 13:15:00,PDU-A01,53.3,PDU-A01-SP2
2026-06-05 13:20:00,PDU-A01,49.5,PDU-A01-SP3
2026-06-05 13:25:00,PDU-A01,60.4,PDU-A01-SP1
2026-06-05 13:30:00,PDU-A01,49.6,PDU-A01-SP2
2026-06-05 13:35:00,PDU-A01,67.4,PDU-A01-SP4
2026-06-05 13:40:00,PDU-A01,52.6,PDU-A01-SP2
2026-06-05 13:45:00,PDU-A01,53.8,PDU-A01-SP2
2026-06-05 13:50:00,PDU-A01,60.3,PDU-A01-SP3
2026-06-05 13:55:00,PDU-A01,51.8,PDU-A01-SP5
2026-06-05 14:00:00,PDU-A01,54.0,PDU-A01-SP4
2026-06-05 14:05:00,PDU-A01,65.0,PDU-A01-SP2
2026-06-05 14:10:00,PDU-A01,67.3,PDU-A01-SP1
2026-06-05 14:15:00,PDU-A01,60.8,PDU-A01-SP5
2026-06-05 14:20:00,PDU-A01,59.7,PDU-A01-SP2
2026-06-05 14:25:00,PDU-A01,62.5,PDU-A01-SP2
2026-06-05 14:30:00,PDU-A01,52.7,PDU-A01-SP5
2026-06-05 14:35:00,PDU-A01,67.7,PDU-A01-SP4
2026-06-05 14:40:00,PDU-A01,58.8,PDU-A01-SP2
2026-06-05 14:45:00,PDU-A01,57.3,PDU-A01-SP3
2026-06-05 14:50:00,PDU-A01,57.6,PDU-A01-SP4
2026-06-05 14:55:00,PDU-A01,63.6,PDU-A01-SP5
2026-06-05 15:00:00,PDU-A01,56.8,PDU-A01-SP3
2026-06-05 15:05:00,PDU-A01,66.0,PDU-A01-SP2
2026-06-05 15:10:00,PDU-A01,54.5,PDU-A01-SP3
2026-06-05 15:15:00,PDU-A01,65.4,PDU-A01-SP2
2026-06-05 15:20:00,PDU-A01,70.2,PDU-A01-SP2
2026-06-05 15:25:00,PDU-A01,60.9,PDU-A01-SP3
2026-06-05 15:30:00,PDU-A01,65.3,PDU-A01-SP5
2026-06-05 15:35:00,PDU-A01,59.9,PDU-A01-SP4
2026-06-05 15:40:00,PDU-A01,65.1,PDU-A01-SP5
2026-06-05 15:45:00,PDU-A01,57.1,PDU-A01-SP1
2026-06-05 15:50:00,PDU-A01,58.6,PDU-A01-SP2
2026-06-05 15:55:00,PDU-A01,49.3,PDU-A01-SP3
2026-06-05 16:00:00,PDU-A01,63.6,PDU-A01-SP3
2026-06-05 16:05:00,PDU-A01,62.3,PDU-A01-SP1
2026-06-05 16:10:00,PDU-A01,63.0,PDU-A01-SP5
2026-06-05 16:15:00,PDU-A01,51.9,PDU-A01-SP1
2026-06-05 16:20:00,PDU-A01,63.0,PDU-A01-SP5
2026-06-05 16:25:00,PDU-A01,68.3,PDU-A01-SP5
2026-06-05 16:30:00,PDU-A01,57.8,PDU-A01-SP3
2026-06-05 16:35:00,PDU-A01,62.0,PDU-A01-SP4
2026-06-05 16:40:00,PDU-A01,59.6,PDU-A01-SP3
2026-06-05 16:45:00,PDU-A01,67.5,PDU-A01-SP3
2026-06-05 16:50:00,PDU-A01,55.5,PDU-A01-SP4
2026-06-05 16:55:00,PDU-A01,68.2,PDU-A01-SP3
2026-06-05 17:00:00,PDU-A01,65.3,PDU-A01-SP5
2026-06-05 17:05:00,PDU-A01,54.8,PDU-A01-SP2
2026-06-05 17:10:00,PDU-A01,54.6,PDU-A01-SP1
2026-06-05 17:15:00,PDU-A01,52.4,PDU-A01-SP5
2026-06-05 17:20:00,PDU-A01,50.5,PDU-A01-SP3
2026-06-05 17:25:00,PDU-A01,59.7,PDU-A01-SP5
2026-06-05 17:30:00,PDU-A01,64.9,PDU-A01-SP4
2026-06-05 17:35:00,PDU-A01,62.8,PDU-A01-SP2
2026-06-05 17:40:00,PDU-A01,69.0,PDU-A01-SP5
2026-06-05 17:45:00,PDU-A01,66.1,PDU-A01-SP5
2026-06-05 17:50:00,PDU-A01,59.3,PDU-A01-SP3
2026-06-05 17:55:00,PDU-A01,62.3,PDU-A01-SP5
2026-06-05 18:00:00,PDU-A01,51.4,PDU-A01-SP4
2026-06-05 18:05:00,PDU-A01,60.5,PDU-A01-SP3
2026-06-05 18:10:00,PDU-A01,53.3,PDU-A01-SP3
2026-06-05 18:15:00,PDU-A01,55.8,PDU-A01-SP5
2026-06-05 18:20:00,PDU-A01,62.6,PDU-A01-SP1
2026-06-05 18:25:00,PDU-A01,51.7,PDU-A01-SP2
2026-06-05 18:30:00,PDU-A01,68.5,PDU-A01-SP5
2026-06-05 18:35:00,PDU-A01,53.0,PDU-A01-SP3
2026-06-05 18:40:00,PDU-A01,58.8,PDU-A01-SP1
2026-06-05 18:45:00,PDU-A01,57.9,PDU-A01-SP3
2026-06-05 18:50:00,PDU-A01,50.6,PDU-A01-SP3
2026-06-05 18:55:00,PDU-A01,60.3,PDU-A01-SP4
2026-06-05 19:00:00,PDU-A01,41.1,PDU-A01-SP2
2026-06-05 19:05:00,PDU-A01,40.9,PDU-A01-SP1
2026-06-05 19:10:00,PDU-A01,42.7,PDU-A01-SP5
2026-06-05 19:15:00,PDU-A01,45.4,PDU-A01-SP2
2026-06-05 19:20:00,PDU-A01,47.5,PDU-A01-SP4
2026-06-05 19:25:00,PDU-A01,47.0,PDU-A01-SP4
2026-06-05 19:30:00,PDU-A01,47.9,PDU-A01-SP2
2026-06-05 19:35:00,PDU-A01,40.1,PDU-A01-SP1
2026-06-05 19:40:00,PDU-A01,38.2,PDU-A01-SP3
2026-06-05 19:45:00,PDU-A01,45.4,PDU-A01-SP2
2026-06-05 19:50:00,PDU-A01,48.7,PDU-A01-SP4
2026-06-05 19:55:00,PDU-A01,45.7,PDU-A01-SP1
2026-06-05 20:00:00,PDU-A01,41.8,PDU-A01-SP1
2026-06-05 20:05:00,PDU-A01,46.5,PDU-A01-SP5
2026-06-05 20:10:00,PDU-A01,40.9,PDU-A01-SP3
2026-06-05 20:15:00,PDU-A01,47.6,PDU-A01-SP3
2026-06-05 20:20:00,PDU-A01,44.8,PDU-A01-SP4
2026-06-05 20:25:00,PDU-A01,44.5,PDU-A01-SP1
2026-06-05 20:30:00,PDU-A01,44.3,PDU-A01-SP2
2026-06-05 20:35:00,PDU-A01,48.4,PDU-A01-SP5
2026-06-05 20:40:00,PDU-A01,42.8,PDU-A01-SP3
2026-06-05 20:45:00,PDU-A01,48.1,PDU-A01-SP3
2026-06-05 20:50:00,PDU-A01,47.6,PDU-A01-SP5
2026-06-05 20:55:00,PDU-A01,38.7,PDU-A01-SP5
2026-06-05 21:00:00,PDU-A01,45.7,PDU-A01-SP1
2026-06-05 21:05:00,PDU-A01,43.3,PDU-A01-SP3
2026-06-05 21:10:00,PDU-A01,43.0,PDU-A01-SP5
2026-06-05 21:15:00,PDU-A01,39.3,PDU-A01-SP5
2026-06-05 21:20:00,PDU-A01,47.0,PDU-A01-SP2
2026-06-05 21:25:00,PDU-A01,46.6,PDU-A01-SP1
2026-06-05 21:30:00,PDU-A01,50.1,PDU-A01-SP5
2026-06-05 21:35:00,PDU-A01,44.3,PDU-A01-SP3
2026-06-05 21:40:00,PDU-A01,45.4,PDU-A01-SP2
2026-06-05 21:45:00,PDU-A01,46.9,PDU-A01-SP3
2026-06-05 21:50:00,PDU-A01,43.6,PDU-A01-SP2
2026-06-05 21:55:00,PDU-A01,40.6,PDU-A01-SP2
2026-06-05 22:00:00,PDU-A01,42.3,PDU-A01-SP5
2026-06-05 22:05:00,PDU-A01,47.0,PDU-A01-SP2
2026-06-05 22:10:00,PDU-A01,44.7,PDU-A01-SP3
2026-06-05 22:15:00,PDU-A01,48.2,PDU-A01-SP3
2026-06-05 22:20:00,PDU-A01,40.6,PDU-A01-SP4
2026-06-05 22:25:00,PDU-A01,41.5,PDU-A01-SP3
2026-06-05 22:30:00,PDU-A01,48.5,PDU-A01-SP3
2026-06-05 22:35:00,PDU-A01,47.5,PDU-A01-SP1
2026-06-05 22:40:00,PDU-A01,41.4,PDU-A01-SP3
2026-06-05 22:45:00,PDU-A01,47.0,PDU-A01-SP5
2026-06-05 22:50:00,PDU-A01,42.1,PDU-A01-SP1
2026-06-05 22:55:00,PDU-A01,48.6,PDU-A01-SP5
2026-06-05 23:00:00,PDU-A01,47.2,PDU-A01-SP5
2026-06-05 23:05:00,PDU-A01,43.8,PDU-A01-SP1
2026-06-05 23:10:00,PDU-A01,45.2,PDU-A01-SP5
2026-06-05 23:15:00,PDU-A01,45.3,PDU-A01-SP3
2026-06-05 23:20:00,PDU-A01,44.9,PDU-A01-SP5
2026-06-05 23:25:00,PDU-A01,46.2,PDU-A01-SP4
2026-06-05 23:30:00,PDU-A01,42.9,PDU-A01-SP3
2026-06-05 23:35:00,PDU-A01,45.2,PDU-A01-SP5
2026-06-05 23:40:00,PDU-A01,47.6,PDU-A01-SP2
2026-06-05 23:45:00,PDU-A01,42.6,PDU-A01-SP5
2026-06-05 23:50:00,PDU-A01,48.1,PDU-A01-SP4
2026-06-05 23:55:00,PDU-A01,47.5,PDU-A01-SP4
2026-06-06 00:00:00,PDU-A01,40.6,PDU-A01-SP2
2026-06-06 00:05:00,PDU-A01,38.3,PDU-A01-SP3
2026-06-06 00:10:00,PDU-A01,44.9,PDU-A01-SP1
2026-06-06 00:15:00,PDU-A01,40.0,PDU-A01-SP1
2026-06-06 00:20:00,PDU-A01,46.8,PDU-A01-SP3
2026-06-06 00:25:00,PDU-A01,47.2,PDU-A01-SP5
2026-06-06 00:30:00,PDU-A01,44.8,PDU-A01-SP4
2026-06-06 00:35:00,PDU-A01,43.6,PDU-A01-SP1
2026-06-06 00:40:00,PDU-A01,44.2,PDU-A01-SP2
2026-06-06 00:45:00,PDU-A01,44.1,PDU-A01-SP3
2026-06-06 00:50:00,PDU-A01,44.3,PDU-A01-SP5
2026-06-06 00:55:00,PDU-A01,40.6,PDU-A01-SP4
2026-06-06 01:00:00,PDU-A01,39.1,PDU-A01-SP3
2026-06-06 01:05:00,PDU-A01,40.1,PDU-A01-SP3
2026-06-06 01:10:00,PDU-A01,46.9,PDU-A01-SP2
2026-06-06 01:15:00,PDU-A01,42.9,PDU-A01-SP1
2026-06-06 01:20:00,PDU-A01,44.2,PDU-A01-SP2
2026-06-06 01:25:00,PDU-A01,46.1,PDU-A01-SP4
2026-06-06 01:30:00,PDU-A01,37.4,PDU-A01-SP5
2026-06-06 01:35:00,PDU-A01,44.1,PDU-A01-SP5
2026-06-06 01:40:00,PDU-A01,39.7,PDU-A01-SP1
2026-06-06 01:45:00,PDU-A01,42.5,PDU-A01-SP5
2026-06-06 01:50:00,PDU-A01,49.9,PDU-A01-SP5
2026-06-06 01:55:00,PDU-A01,47.5,PDU-A01-SP3
2026-06-06 02:00:00,PDU-A01,48.3,PDU-A01-SP5
2026-06-06 02:05:00,PDU-A01,51.4,PDU-A01-SP2
2026-06-06 02:10:00,PDU-A01,41.1,PDU-A01-SP2
2026-06-06 02:15:00,PDU-A01,49.0,PDU-A01-SP2
2026-06-06 02:20:00,PDU-A01,45.9,PDU-A01-SP2
2026-06-06 02:25:00,PDU-A01,46.3,PDU-A01-SP4
2026-06-06 02:30:00,PDU-A01,43.8,PDU-A01-SP4
2026-06-06 02:35:00,PDU-A01,41.7,PDU-A01-SP2
2026-06-06 02:40:00,PDU-A01,46.4,PDU-A01-SP4
2026-06-06 02:45:00,PDU-A01,48.5,PDU-A01-SP2
2026-06-06 02:50:00,PDU-A01,44.7,PDU-A01-SP1
2026-06-06 02:55:00,PDU-A01,48.8,PDU-A01-SP1
2026-06-06 03:00:00,PDU-A01,40.7,PDU-A01-SP5
2026-06-06 03:05:00,PDU-A01,42.9,PDU-A01-SP4
2026-06-06 03:10:00,PDU-A01,44.2,PDU-A01-SP1
2026-06-06 03:15:00,PDU-A01,46.4,PDU-A01-SP4
2026-06-06 03:20:00,PDU-A01,47.2,PDU-A01-SP5
2026-06-06 03:25:00,PDU-A01,49.5,PDU-A01-SP5
2026-06-06 03:30:00,PDU-A01,38.6,PDU-A01-SP4
2026-06-06 03:35:00,PDU-A01,49.1,PDU-A01-SP1
2026-06-06 03:40:00,PDU-A01,43.6,PDU-A01-SP4
2026-06-06 03:45:00,PDU-A01,39.9,PDU-A01-SP1
2026-06-06 03:50:00,PDU-A01,43.8,PDU-A01-SP1
2026-06-06 03:55:00,PDU-A01,41.9,PDU-A01-SP3
2026-06-06 04:00:00,PDU-A01,41.9,PDU-A01-SP4
2026-06-06 04:05:00,PDU-A01,45.2,PDU-A01-SP5
2026-06-06 04:10:00,PDU-A01,43.1,PDU-A01-SP3
2026-06-06 04:15:00,PDU-A01,49.5,PDU-A01-SP2
2026-06-06 04:20:00,PDU-A01,44.7,PDU-A01-SP4
2026-06-06 04:25:00,PDU-A01,41.2,PDU-A01-SP4
2026-06-06 04:30:00,PDU-A01,41.0,PDU-A01-SP3
2026-06-06 04:35:00,PDU-A01,47.1,PDU-A01-SP2
2026-06-06 04:40:00,PDU-A01,49.0,PDU-A01-SP2
2026-06-06 04:45:00,PDU-A01,44.7,PDU-A01-SP2
2026-06-06 04:50:00,PDU-A01,40.1,PDU-A01-SP3
2026-06-06 04:55:00,PDU-A01,48.3,PDU-A01-SP1
2026-06-06 05:00:00,PDU-A01,42.6,PDU-A01-SP1
2026-06-06 05:05:00,PDU-A01,49.1,PDU-A01-SP4
2026-06-06 05:10:00,PDU-A01,48.9,PDU-A01-SP1
2026-06-06 05:15:00,PDU-A01,41.4,PDU-A01-SP5
2026-06-06 05:20:00,PDU-A01,39.0,PDU-A01-SP4
2026-06-06 05:25:00,PDU-A01,45.8,PDU-A01-SP5
2026-06-06 05:30:00,PDU-A01,40.7,PDU-A01-SP2
2026-06-06 05:35:00,PDU-A01,45.8,PDU-A01-SP2
2026-06-06 05:40:00,PDU-A01,50.1,PDU-A01-SP5
2026-06-06 05:45:00,PDU-A01,40.3,PDU-A01-SP5
2026-06-06 05:50:00,PDU-A01,45.4,PDU-A01-SP5
2026-06-06 05:55:00,PDU-A01,39.0,PDU-A01-SP2
2026-06-06 06:00:00,PDU-A01,48.1,PDU-A01-SP1
2026-06-06 06:05:00,PDU-A01,51.1,PDU-A01-SP3
2026-06-06 06:10:00,PDU-A01,46.0,PDU-A01-SP2
2026-06-06 06:15:00,PDU-A01,45.6,PDU-A01-SP1
2026-06-06 06:20:00,PDU-A01,49.3,PDU-A01-SP5
2026-06-06 06:25:00,PDU-A01,48.5,PDU-A01-SP3
2026-06-06 06:30:00,PDU-A01,43.3,PDU-A01-SP4
2026-06-06 06:35:00,PDU-A01,49.5,PDU-A01-SP3
2026-06-06 06:40:00,PDU-A01,41.0,PDU-A01-SP5
2026-06-06 06:45:00,PDU-A01,39.0,PDU-A01-SP1
2026-06-06 06:50:00,PDU-A01,49.7,PDU-A01-SP5
2026-06-06 06:55:00,PDU-A01,48.2,PDU-A01-SP4
2026-06-06 07:00:00,PDU-A01,36.9,PDU-A01-SP5
2026-06-06 07:05:00,PDU-A01,34.9,PDU-A01-SP2
2026-06-06 07:10:00,PDU-A01,36.0,PDU-A01-SP4
2026-06-06 07:15:00,PDU-A01,35.7,PDU-A01-SP5
2026-06-06 07:20:00,PDU-A01,36.4,PDU-A01-SP4
2026-06-06 07:25:00,PDU-A01,33.5,PDU-A01-SP1
2026-06-06 07:30:00,PDU-A01,34.5,PDU-A01-SP2
2026-06-06 07:35:00,PDU-A01,35.7,PDU-A01-SP2
2026-06-06 07:40:00,PDU-A01,36.2,PDU-A01-SP4
2026-06-06 07:45:00,PDU-A01,36.8,PDU-A01-SP5
2026-06-06 07:50:00,PDU-A01,35.1,PDU-A01-SP3
2026-06-06 07:55:00,PDU-A01,34.0,PDU-A01-SP1
2026-06-06 08:00:00,PDU-A01,34.6,PDU-A01-SP3
2026-06-06 08:05:00,PDU-A01,33.3,PDU-A01-SP2
2026-06-06 08:10:00,PDU-A01,34.9,PDU-A01-SP3
2026-06-06 08:15:00,PDU-A01,33.9,PDU-A01-SP5
2026-06-06 08:20:00,PDU-A01,34.1,PDU-A01-SP2
2026-06-06 08:25:00,PDU-A01,35.0,PDU-A01-SP2
2026-06-06 08:30:00,PDU-A01,33.9,PDU-A01-SP2
2026-06-06 08:35:00,PDU-A01,36.5,PDU-A01-SP2
2026-06-06 08:40:00,PDU-A01,33.9,PDU-A01-SP2
2026-06-06 08:45:00,PDU-A01,36.3,PDU-A01-SP3
2026-06-06 08:50:00,PDU-A01,33.6,PDU-A01-SP1
2026-06-06 08:55:00,PDU-A01,33.5,PDU-A01-SP1
2026-06-06 09:00:00,PDU-A01,64.2,PDU-A01-SP5
2026-06-06 09:05:00,PDU-A01,51.6,PDU-A01-SP1
2026-06-06 09:10:00,PDU-A01,66.4,PDU-A01-SP3
2026-06-06 09:15:00,PDU-A01,61.8,PDU-A01-SP5
2026-06-06 09:20:00,PDU-A01,67.3,PDU-A01-SP5
2026-06-06 09:25:00,PDU-A01,54.5,PDU-A01-SP5
2026-06-06 09:30:00,PDU-A01,52.7,PDU-A01-SP4
2026-06-06 09:35:00,PDU-A01,59.7,PDU-A01-SP5
2026-06-06 09:40:00,PDU-A01,58.4,PDU-A01-SP2
2026-06-06 09:45:00,PDU-A01,57.6,PDU-A01-SP5
2026-06-06 09:50:00,PDU-A01,60.0,PDU-A01-SP1
2026-06-06 09:55:00,PDU-A01,63.0,PDU-A01-SP1
2026-06-06 10:00:00,PDU-A01,57.0,PDU-A01-SP3
2026-06-06 10:05:00,PDU-A01,52.8,PDU-A01-SP3
2026-06-06 10:10:00,PDU-A01,59.9,PDU-A01-SP3
2026-06-06 10:15:00,PDU-A01,53.4,PDU-A01-SP4
2026-06-06 10:20:00,PDU-A01,63.5,PDU-A01-SP4
2026-06-06 10:25:00,PDU-A01,54.3,PDU-A01-SP2
2026-06-06 10:30:00,PDU-A01,70.3,PDU-A01-SP1
2026-06-06 10:35:00,PDU-A01,65.6,PDU-A01-SP5
2026-06-06 10:40:00,PDU-A01,58.2,PDU-A01-SP2
2026-06-06 10:45:00,PDU-A01,67.0,PDU-A01-SP4
2026-06-06 10:50:00,PDU-A01,64.8,PDU-A01-SP4
2026-06-06 10:55:00,PDU-A01,54.3,PDU-A01-SP5
2026-06-06 11:00:00,PDU-A01,59.9,PDU-A01-SP4
2026-06-06 11:05:00,PDU-A01,56.2,PDU-A01-SP5
2026-06-06 11:10:00,PDU-A01,49.4,PDU-A01-SP2
2026-06-06 11:15:00,PDU-A01,52.5,PDU-A01-SP4
2026-06-06 11:20:00,PDU-A01,65.2,PDU-A01-SP3
2026-06-06 11:25:00,PDU-A01,54.6,PDU-A01-SP5
2026-06-06 11:30:00,PDU-A01,67.7,PDU-A01-SP1
2026-06-06 11:35:00,PDU-A01,57.6,PDU-A01-SP5
2026-06-06 11:40:00,PDU-A01,54.3,PDU-A01-SP5
2026-06-06 11:45:00,PDU-A01,54.6,PDU-A01-SP3
2026-06-06 11:50:00,PDU-A01,56.5,PDU-A01-SP4
2026-06-06 11:55:00,PDU-A01,67.3,PDU-A01-SP3
2026-06-06 12:00:00,PDU-A01,61.1,PDU-A01-SP2
2026-06-06 12:05:00,PDU-A01,64.5,PDU-A01-SP4
2026-06-06 12:10:00,PDU-A01,62.9,PDU-A01-SP1
2026-06-06 12:15:00,PDU-A01,51.0,PDU-A01-SP3
2026-06-06 12:20:00,PDU-A01,55.5,PDU-A01-SP3
2026-06-06 12:25:00,PDU-A01,61.7,PDU-A01-SP4
2026-06-06 12:30:00,PDU-A01,67.4,PDU-A01-SP5
2026-06-06 12:35:00,PDU-A01,60.2,PDU-A01-SP2
2026-06-06 12:40:00,PDU-A01,51.8,PDU-A01-SP2
2026-06-06 12:45:00,PDU-A01,65.0,PDU-A01-SP1
2026-06-06 12:50:00,PDU-A01,53.8,PDU-A01-SP1
2026-06-06 12:55:00,PDU-A01,52.8,PDU-A01-SP5
2026-06-06 13:00:00,PDU-A01,52.2,PDU-A01-SP5
2026-06-06 13:05:00,PDU-A01,63.6,PDU-A01-SP3
2026-06-06 13:10:00,PDU-A01,60.7,PDU-A01-SP4
2026-06-06 13:15:00,PDU-A01,55.2,PDU-A01-SP3
2026-06-06 13:20:00,PDU-A01,57.4,PDU-A01-SP5
2026-06-06 13:25:00,PDU-A01,64.9,PDU-A01-SP3
2026-06-06 13:30:00,PDU-A01,66.5,PDU-A01-SP4
2026-06-06 13:35:00,PDU-A01,60.8,PDU-A01-SP3
2026-06-06 13:40:00,PDU-A01,59.5,PDU-A01-SP5
2026-06-06 13:45:00,PDU-A01,53.9,PDU-A01-SP5
2026-06-06 13:50:00,PDU-A01,59.3,PDU-A01-SP5
2026-06-06 13:55:00,PDU-A01,55.6,PDU-A01-SP5
2026-06-06 14:00:00,PDU-A01,52.9,PDU-A01-SP3
2026-06-06 14:05:00,PDU-A01,56.4,PDU-A01-SP3
2026-06-06 14:10:00,PDU-A01,50.3,PDU-A01-SP2
2026-06-06 14:15:00,PDU-A01,56.8,PDU-A01-SP1
2026-06-06 14:20:00,PDU-A01,63.7,PDU-A01-SP4
2026-06-06 14:25:00,PDU-A01,57.1,PDU-A01-SP3
2026-06-06 14:30:00,PDU-A01,63.1,PDU-A01-SP5
2026-06-06 14:35:00,PDU-A01,57.1,PDU-A01-SP5
2026-06-06 14:40:00,PDU-A01,57.7,PDU-A01-SP4
2026-06-06 14:45:00,PDU-A01,65.5,PDU-A01-SP1
2026-06-06 14:50:00,PDU-A01,57.4,PDU-A01-SP5
2026-06-06 14:55:00,PDU-A01,66.9,PDU-A01-SP3
2026-06-06 15:00:00,PDU-A01,63.1,PDU-A01-SP3
2026-06-06 15:05:00,PDU-A01,59.7,PDU-A01-SP2
2026-06-06 15:10:00,PDU-A01,51.2,PDU-A01-SP4
2026-06-06 15:15:00,PDU-A01,61.4,PDU-A01-SP5
2026-06-06 15:20:00,PDU-A01,59.1,PDU-A01-SP2
2026-06-06 15:25:00,PDU-A01,51.1,PDU-A01-SP2
2026-06-06 15:30:00,PDU-A01,68.6,PDU-A01-SP2
2026-06-06 15:35:00,PDU-A01,65.2,PDU-A01-SP2
2026-06-06 15:40:00,PDU-A01,49.9,PDU-A01-SP2
2026-06-06 15:45:00,PDU-A01,56.1,PDU-A01-SP4
2026-06-06 15:50:00,PDU-A01,69.8,PDU-A01-SP1
2026-06-06 15:55:00,PDU-A01,58.0,PDU-A01-SP2
2026-06-06 16:00:00,PDU-A01,52.2,PDU-A01-SP1
2026-06-06 16:05:00,PDU-A01,59.6,PDU-A01-SP3
2026-06-06 16:10:00,PDU-A01,67.7,PDU-A01-SP1
2026-06-06 16:15:00,PDU-A01,70.4,PDU-A01-SP4
2026-06-06 16:20:00,PDU-A01,65.2,PDU-A01-SP1
2026-06-06 16:25:00,PDU-A01,54.9,PDU-A01-SP1
2026-06-06 16:30:00,PDU-A01,62.4,PDU-A01-SP4
2026-06-06 16:35:00,PDU-A01,59.6,PDU-A01-SP3
2026-06-06 16:40:00,PDU-A01,54.1,PDU-A01-SP5
2026-06-06 16:45:00,PDU-A01,59.4,PDU-A01-SP3
2026-06-06 16:50:00,PDU-A01,55.5,PDU-A01-SP2
2026-06-06 16:55:00,PDU-A01,68.4,PDU-A01-SP4
2026-06-06 17:00:00,PDU-A01,55.2,PDU-A01-SP3
2026-06-06 17:05:00,PDU-A01,61.3,PDU-A01-SP2
2026-06-06 17:10:00,PDU-A01,48.3,PDU-A01-SP4
2026-06-06 17:15:00,PDU-A01,62.4,PDU-A01-SP1
2026-06-06 17:20:00,PDU-A01,55.0,PDU-A01-SP5
2026-06-06 17:25:00,PDU-A01,58.6,PDU-A01-SP1
2026-06-06 17:30:00,PDU-A01,51.8,PDU-A01-SP5
2026-06-06 17:35:00,PDU-A01,64.3,PDU-A01-SP2
2026-06-06 17:40:00,PDU-A01,56.6,PDU-A01-SP3
2026-06-06 17:45:00,PDU-A01,65.9,PDU-A01-SP2
2026-06-06 17:50:00,PDU-A01,49.9,PDU-A01-SP2
2026-06-06 17:55:00,PDU-A01,53.2,PDU-A01-SP4
2026-06-06 18:00:00,PDU-A01,61.4,PDU-A01-SP4
2026-06-06 18:05:00,PDU-A01,52.5,PDU-A01-SP3
2026-06-06 18:10:00,PDU-A01,56.3,PDU-A01-SP5
2026-06-06 18:15:00,PDU-A01,68.5,PDU-A01-SP1
2026-06-06 18:20:00,PDU-A01,60.4,PDU-A01-SP3
2026-06-06 18:25:00,PDU-A01,60.6,PDU-A01-SP5
2026-06-06 18:30:00,PDU-A01,56.3,PDU-A01-SP1
2026-06-06 18:35:00,PDU-A01,61.9,PDU-A01-SP5
2026-06-06 18:40:00,PDU-A01,55.7,PDU-A01-SP5
2026-06-06 18:45:00,PDU-A01,65.1,PDU-A01-SP4
2026-06-06 18:50:00,PDU-A01,63.9,PDU-A01-SP3
2026-06-06 18:55:00,PDU-A01,57.0,PDU-A01-SP1
2026-06-06 19:00:00,PDU-A01,40.7,PDU-A01-SP1
2026-06-06 19:05:00,PDU-A01,46.7,PDU-A01-SP1
2026-06-06 19:10:00,PDU-A01,41.2,PDU-A01-SP1
2026-06-06 19:15:00,PDU-A01,39.9,PDU-A01-SP4
2026-06-06 19:20:00,PDU-A01,46.3,PDU-A01-SP5
2026-06-06 19:25:00,PDU-A01,41.3,PDU-A01-SP5
2026-06-06 19:30:00,PDU-A01,44.9,PDU-A01-SP2
2026-06-06 19:35:00,PDU-A01,47.9,PDU-A01-SP1
2026-06-06 19:40:00,PDU-A01,44.7,PDU-A01-SP3
2026-06-06 19:45:00,PDU-A01,46.9,PDU-A01-SP4
2026-06-06 19:50:00,PDU-A01,49.2,PDU-A01-SP1
2026-06-06 19:55:00,PDU-A01,47.1,PDU-A01-SP1
2026-06-06 20:00:00,PDU-A01,48.4,PDU-A01-SP1
2026-06-06 20:05:00,PDU-A01,51.2,PDU-A01-SP1
2026-06-06 20:10:00,PDU-A01,39.0,PDU-A01-SP4
2026-06-06 20:15:00,PDU-A01,41.2,PDU-A01-SP2
2026-06-06 20:20:00,PDU-A01,47.1,PDU-A01-SP5
2026-06-06 20:25:00,PDU-A01,46.9,PDU-A01-SP1
2026-06-06 20:30:00,PDU-A01,47.7,PDU-A01-SP4
2026-06-06 20:35:00,PDU-A01,46.4,PDU-A01-SP1
2026-06-06 20:40:00,PDU-A01,39.6,PDU-A01-SP4
2026-06-06 20:45:00,PDU-A01,45.2,PDU-A01-SP5
2026-06-06 20:50:00,PDU-A01,49.8,PDU-A01-SP3
2026-06-06 20:55:00,PDU-A01,49.1,PDU-A01-SP3
2026-06-06 21:00:00,PDU-A01,47.9,PDU-A01-SP4
2026-06-06 21:05:00,PDU-A01,47.4,PDU-A01-SP2
2026-06-06 21:10:00,PDU-A01,44.1,PDU-A01-SP5
2026-06-06 21:15:00,PDU-A01,48.2,PDU-A01-SP4
2026-06-06 21:20:00,PDU-A01,43.5,PDU-A01-SP1
2026-06-06 21:25:00,PDU-A01,50.2,PDU-A01-SP5
2026-06-06 21:30:00,PDU-A01,42.0,PDU-A01-SP1
2026-06-06 21:35:00,PDU-A01,41.2,PDU-A01-SP3
2026-06-06 21:40:00,PDU-A01,40.5,PDU-A01-SP3
2026-06-06 21:45:00,PDU-A01,49.2,PDU-A01-SP5
2026-06-06 21:50:00,PDU-A01,47.8,PDU-A01-SP1
2026-06-06 21:55:00,PDU-A01,42.7,PDU-A01-SP3
2026-06-06 22:00:00,PDU-A01,43.4,PDU-A01-SP2
2026-06-06 22:05:00,PDU-A01,41.0,PDU-A01-SP5
2026-06-06 22:10:00,PDU-A01,45.1,PDU-A01-SP1
2026-06-06 22:15:00,PDU-A01,48.1,PDU-A01-SP2
2026-06-06 22:20:00,PDU-A01,46.0,PDU-A01-SP5
2026-06-06 22:25:00,PDU-A01,46.4,PDU-A01-SP3
2026-06-06 22:30:00,PDU-A01,40.6,PDU-A01-SP4
2026-06-06 22:35:00,PDU-A01,38.1,PDU-A01-SP3
2026-06-06 22:40:00,PDU-A01,44.1,PDU-A01-SP4
2026-06-06 22:45:00,PDU-A01,47.7,PDU-A01-SP2
2026-06-06 22:50:00,PDU-A01,48.6,PDU-A01-SP1
2026-06-06 22:55:00,PDU-A01,46.5,PDU-A01-SP1
2026-06-06 23:00:00,PDU-A01,40.5,PDU-A01-SP5
2026-06-06 23:05:00,PDU-A01,44.5,PDU-A01-SP2
2026-06-06 23:10:00,PDU-A01,41.4,PDU-A01-SP4
2026-06-06 23:15:00,PDU-A01,50.7,PDU-A01-SP5
2026-06-06 23:20:00,PDU-A01,43.4,PDU-A01-SP3
2026-06-06 23:25:00,PDU-A01,46.2,PDU-A01-SP3
2026-06-06 23:30:00,PDU-A01,40.2,PDU-A01-SP1
2026-06-06 23:35:00,PDU-A01,44.1,PDU-A01-SP4
2026-06-06 23:40:00,PDU-A01,45.6,PDU-A01-SP2
2026-06-06 23:45:00,PDU-A01,47.3,PDU-A01-SP2
2026-06-06 23:50:00,PDU-A01,45.0,PDU-A01-SP2
2026-06-06 23:55:00,PDU-A01,47.2,PDU-A01-SP5
2026-06-07 00:00:00,PDU-A01,40.0,PDU-A01-SP4
2026-06-07 00:05:00,PDU-A01,44.3,PDU-A01-SP1
2026-06-07 00:10:00,PDU-A01,39.9,PDU-A01-SP3
2026-06-07 00:15:00,PDU-A01,42.1,PDU-A01-SP5
2026-06-07 00:20:00,PDU-A01,47.3,PDU-A01-SP2
2026-06-07 00:25:00,PDU-A01,50.3,PDU-A01-SP4
2026-06-07 00:30:00,PDU-A01,45.6,PDU-A01-SP2
2026-06-07 00:35:00,PDU-A01,40.7,PDU-A01-SP1
2026-06-07 00:40:00,PDU-A01,38.5,PDU-A01-SP5
2026-06-07 00:45:00,PDU-A01,50.7,PDU-A01-SP3
2026-06-07 00:50:00,PDU-A01,39.9,PDU-A01-SP1
2026-06-07 00:55:00,PDU-A01,42.2,PDU-A01-SP3
2026-06-07 01:00:00,PDU-A01,41.5,PDU-A01-SP2
2026-06-07 01:05:00,PDU-A01,46.0,PDU-A01-SP5
2026-06-07 01:10:00,PDU-A01,45.2,PDU-A01-SP2
2026-06-07 01:15:00,PDU-A01,47.3,PDU-A01-SP4
2026-06-07 01:20:00,PDU-A01,46.1,PDU-A01-SP1
2026-06-07 01:25:00,PDU-A01,40.1,PDU-A01-SP2
2026-06-07 01:30:00,PDU-A01,48.2,PDU-A01-SP1
2026-06-07 01:35:00,PDU-A01,45.9,PDU-A01-SP1
2026-06-07 01:40:00,PDU-A01,42.4,PDU-A01-SP3
2026-06-07 01:45:00,PDU-A01,46.6,PDU-A01-SP4
2026-06-07 01:50:00,PDU-A01,41.1,PDU-A01-SP1
2026-06-07 01:55:00,PDU-A01,48.9,PDU-A01-SP5
2026-06-07 02:00:00,PDU-A01,43.6,PDU-A01-SP5
2026-06-07 02:05:00,PDU-A01,49.9,PDU-A01-SP1
2026-06-07 02:10:00,PDU-A01,41.1,PDU-A01-SP3
2026-06-07 02:15:00,PDU-A01,42.2,PDU-A01-SP2
2026-06-07 02:20:00,PDU-A01,39.9,PDU-A01-SP3
2026-06-07 02:25:00,PDU-A01,44.8,PDU-A01-SP5
2026-06-07 02:30:00,PDU-A01,40.3,PDU-A01-SP3
2026-06-07 02:35:00,PDU-A01,50.2,PDU-A01-SP1
2026-06-07 02:40:00,PDU-A01,51.2,PDU-A01-SP2
2026-06-07 02:45:00,PDU-A01,42.3,PDU-A01-SP2
2026-06-07 02:50:00,PDU-A01,39.5,PDU-A01-SP5
2026-06-07 02:55:00,PDU-A01,49.3,PDU-A01-SP4
2026-06-07 03:00:00,PDU-A01,40.3,PDU-A01-SP3
2026-06-07 03:05:00,PDU-A01,48.3,PDU-A01-SP5
2026-06-07 03:10:00,PDU-A01,41.1,PDU-A01-SP5
2026-06-07 03:15:00,PDU-A01,46.2,PDU-A01-SP2
2026-06-07 03:20:00,PDU-A01,43.2,PDU-A01-SP5
2026-06-07 03:25:00,PDU-A01,48.7,PDU-A01-SP2
2026-06-07 03:30:00,PDU-A01,46.5,PDU-A01-SP2
2026-06-07 03:35:00,PDU-A01,42.7,PDU-A01-SP1
2026-06-07 03:40:00,PDU-A01,42.4,PDU-A01-SP2
2026-06-07 03:45:00,PDU-A01,48.1,PDU-A01-SP4
2026-06-07 03:50:00,PDU-A01,48.8,PDU-A01-SP3
2026-06-07 03:55:00,PDU-A01,39.4,PDU-A01-SP2
2026-06-07 04:00:00,PDU-A01,42.1,PDU-A01-SP5
2026-06-07 04:05:00,PDU-A01,46.2,PDU-A01-SP5
2026-06-07 04:10:00,PDU-A01,40.5,PDU-A01-SP1
2026-06-07 04:15:00,PDU-A01,43.7,PDU-A01-SP4
2026-06-07 04:20:00,PDU-A01,41.9,PDU-A01-SP4
2026-06-07 04:25:00,PDU-A01,46.3,PDU-A01-SP4
2026-06-07 04:30:00,PDU-A01,43.0,PDU-A01-SP2
2026-06-07 04:35:00,PDU-A01,41.1,PDU-A01-SP1
2026-06-07 04:40:00,PDU-A01,51.0,PDU-A01-SP2
2026-06-07 04:45:00,PDU-A01,49.1,PDU-A01-SP2
2026-06-07 04:50:00,PDU-A01,41.4,PDU-A01-SP4
2026-06-07 04:55:00,PDU-A01,48.5,PDU-A01-SP3
2026-06-07 05:00:00,PDU-A01,50.1,PDU-A01-SP4
2026-06-07 05:05:00,PDU-A01,41.6,PDU-A01-SP4
2026-06-07 05:10:00,PDU-A01,46.5,PDU-A01-SP5
2026-06-07 05:15:00,PDU-A01,45.6,PDU-A01-SP1
2026-06-07 05:20:00,PDU-A01,44.5,PDU-A01-SP1
2026-06-07 05:25:00,PDU-A01,47.6,PDU-A01-SP5
2026-06-07 05:30:00,PDU-A01,44.3,PDU-A01-SP5
2026-06-07 05:35:00,PDU-A01,44.3,PDU-A01-SP1
2026-06-07 05:40:00,PDU-A01,40.8,PDU-A01-SP3
2026-06-07 05:45:00,PDU-A01,46.7,PDU-A01-SP2
2026-06-07 05:50:00,PDU-A01,44.1,PDU-A01-SP1
2026-06-07 05:55:00,PDU-A01,48.2,PDU-A01-SP4
2026-06-07 06:00:00,PDU-A01,47.9,PDU-A01-SP5
2026-06-07 06:05:00,PDU-A01,41.4,PDU-A01-SP5
2026-06-07 06:10:00,PDU-A01,40.1,PDU-A01-SP4
2026-06-07 06:15:00,PDU-A01,39.1,PDU-A01-SP2
2026-06-07 06:20:00,PDU-A01,47.1,PDU-A01-SP3
2026-06-07 06:25:00,PDU-A01,48.2,PDU-A01-SP2
2026-06-07 06:30:00,PDU-A01,45.4,PDU-A01-SP1
2026-06-07 06:35:00,PDU-A01,47.3,PDU-A01-SP1
2026-06-07 06:40:00,PDU-A01,44.3,PDU-A01-SP5
2026-06-07 06:45:00,PDU-A01,44.4,PDU-A01-SP5
2026-06-07 06:50:00,PDU-A01,44.3,PDU-A01-SP3
2026-06-07 06:55:00,PDU-A01,45.9,PDU-A01-SP2
2026-06-07 07:00:00,PDU-A01,33.6,PDU-A01-SP2
2026-06-07 07:05:00,PDU-A01,33.7,PDU-A01-SP1
2026-06-07 07:10:00,PDU-A01,34.7,PDU-A01-SP3
2026-06-07 07:15:00,PDU-A01,35.9,PDU-A01-SP4
2026-06-07 07:20:00,PDU-A01,34.2,PDU-A01-SP2
2026-06-07 07:25:00,PDU-A01,33.5,PDU-A01-SP2
2026-06-07 07:30:00,PDU-A01,36.8,PDU-A01-SP1
2026-06-07 07:35:00,PDU-A01,35.5,PDU-A01-SP3
2026-06-07 07:40:00,PDU-A01,33.0,PDU-A01-SP4
2026-06-07 07:45:00,PDU-A01,36.4,PDU-A01-SP5
2026-06-07 07:50:00,PDU-A01,36.2,PDU-A01-SP5
2026-06-07 07:55:00,PDU-A01,36.5,PDU-A01-SP2
2026-06-07 08:00:00,PDU-A01,33.9,PDU-A01-SP4
2026-06-07 08:05:00,PDU-A01,34.8,PDU-A01-SP4
2026-06-07 08:10:00,PDU-A01,33.3,PDU-A01-SP5
2026-06-07 08:15:00,PDU-A01,33.0,PDU-A01-SP5
2026-06-07 08:20:00,PDU-A01,34.1,PDU-A01-SP5
2026-06-07 08:25:00,PDU-A01,36.3,PDU-A01-SP2
2026-06-07 08:30:00,PDU-A01,33.2,PDU-A01-SP2
2026-06-07 08:35:00,PDU-A01,33.2,PDU-A01-SP3
2026-06-07 08:40:00,PDU-A01,33.1,PDU-A01-SP1
2026-06-07 08:45:00,PDU-A01,35.7,PDU-A01-SP5
2026-06-07 08:50:00,PDU-A01,34.2,PDU-A01-SP1
2026-06-07 08:55:00,PDU-A01,33.2,PDU-A01-SP4
2026-06-07 09:00:00,PDU-A01,68.5,PDU-A01-SP3
2026-06-07 09:05:00,PDU-A01,63.0,PDU-A01-SP5
2026-06-07 09:10:00,PDU-A01,61.7,PDU-A01-SP4
2026-06-07 09:15:00,PDU-A01,64.4,PDU-A01-SP1
2026-06-07 09:20:00,PDU-A01,51.1,PDU-A01-SP3
2026-06-07 09:25:00,PDU-A01,69.2,PDU-A01-SP4
2026-06-07 09:30:00,PDU-A01,65.1,PDU-A01-SP4
2026-06-07 09:35:00,PDU-A01,53.5,PDU-A01-SP3
2026-06-07 09:40:00,PDU-A01,56.2,PDU-A01-SP2
2026-06-07 09:45:00,PDU-A01,64.4,PDU-A01-SP1
2026-06-07 09:50:00,PDU-A01,63.3,PDU-A01-SP5
2026-06-07 09:55:00,PDU-A01,69.7,PDU-A01-SP5
2026-06-07 10:00:00,PDU-A01,70.6,PDU-A01-SP3
2026-06-07 10:05:00,PDU-A01,59.9,PDU-A01-SP3
2026-06-07 10:10:00,PDU-A01,62.5,PDU-A01-SP3
2026-06-07 10:15:00,PDU-A01,69.0,PDU-A01-SP4
2026-06-07 10:20:00,PDU-A01,60.9,PDU-A01-SP4
2026-06-07 10:25:00,PDU-A01,67.7,PDU-A01-SP2
2026-06-07 10:30:00,PDU-A01,66.1,PDU-A01-SP1
2026-06-07 10:35:00,PDU-A01,52.2,PDU-A01-SP1
2026-06-07 10:40:00,PDU-A01,63.6,PDU-A01-SP5
2026-06-07 10:45:00,PDU-A01,69.6,PDU-A01-SP3
2026-06-07 10:50:00,PDU-A01,58.2,PDU-A01-SP2
2026-06-07 10:55:00,PDU-A01,49.0,PDU-A01-SP3
2026-06-07 11:00:00,PDU-A01,53.4,PDU-A01-SP3
2026-06-07 11:05:00,PDU-A01,59.4,PDU-A01-SP1
2026-06-07 11:10:00,PDU-A01,51.6,PDU-A01-SP4
2026-06-07 11:15:00,PDU-A01,65.0,PDU-A01-SP1
2026-06-07 11:20:00,PDU-A01,65.4,PDU-A01-SP3
2026-06-07 11:25:00,PDU-A01,68.4,PDU-A01-SP4
2026-06-07 11:30:00,PDU-A01,66.5,PDU-A01-SP4
2026-06-07 11:35:00,PDU-A01,53.0,PDU-A01-SP5
2026-06-07 11:40:00,PDU-A01,67.8,PDU-A01-SP4
2026-06-07 11:45:00,PDU-A01,66.8,PDU-A01-SP5
2026-06-07 11:50:00,PDU-A01,56.9,PDU-A01-SP3
2026-06-07 11:55:00,PDU-A01,59.2,PDU-A01-SP5
2026-06-07 12:00:00,PDU-A01,64.9,PDU-A01-SP3
2026-06-07 12:05:00,PDU-A01,49.9,PDU-A01-SP1
2026-06-07 12:10:00,PDU-A01,56.3,PDU-A01-SP5
2026-06-07 12:15:00,PDU-A01,67.1,PDU-A01-SP4
2026-06-07 12:20:00,PDU-A01,52.2,PDU-A01-SP3
2026-06-07 12:25:00,PDU-A01,63.4,PDU-A01-SP1
2026-06-07 12:30:00,PDU-A01,53.8,PDU-A01-SP2
2026-06-07 12:35:00,PDU-A01,58.7,PDU-A01-SP3
2026-06-07 12:40:00,PDU-A01,53.5,PDU-A01-SP1
2026-06-07 12:45:00,PDU-A01,55.6,PDU-A01-SP2
2026-06-07 12:50:00,PDU-A01,68.0,PDU-A01-SP1
2026-06-07 12:55:00,PDU-A01,67.6,PDU-A01-SP2
2026-06-07 13:00:00,PDU-A01,55.5,PDU-A01-SP5
2026-06-07 13:05:00,PDU-A01,55.5,PDU-A01-SP1
2026-06-07 13:10:00,PDU-A01,68.2,PDU-A01-SP2
2026-06-07 13:15:00,PDU-A01,52.2,PDU-A01-SP4
2026-06-07 13:20:00,PDU-A01,64.4,PDU-A01-SP1
2026-06-07 13:25:00,PDU-A01,54.4,PDU-A01-SP5
2026-06-07 13:30:00,PDU-A01,66.8,PDU-A01-SP1
2026-06-07 13:35:00,PDU-A01,53.1,PDU-A01-SP3
2026-06-07 13:40:00,PDU-A01,51.5,PDU-A01-SP2
2026-06-07 13:45:00,PDU-A01,55.2,PDU-A01-SP3
2026-06-07 13:50:00,PDU-A01,61.7,PDU-A01-SP1
2026-06-07 13:55:00,PDU-A01,54.1,PDU-A01-SP1
2026-06-07 14:00:00,PDU-A01,50.8,PDU-A01-SP5
2026-06-07 14:05:00,PDU-A01,52.2,PDU-A01-SP5
2026-06-07 14:10:00,PDU-A01,54.9,PDU-A01-SP3
2026-06-07 14:15:00,PDU-A01,60.2,PDU-A01-SP3
2026-06-07 14:20:00,PDU-A01,61.6,PDU-A01-SP4
2026-06-07 14:25:00,PDU-A01,49.1,PDU-A01-SP1
2026-06-07 14:30:00,PDU-A01,50.3,PDU-A01-SP4
2026-06-07 14:35:00,PDU-A01,58.7,PDU-A01-SP5
2026-06-07 14:40:00,PDU-A01,63.3,PDU-A01-SP4
2026-06-07 14:45:00,PDU-A01,61.6,PDU-A01-SP2
2026-06-07 14:50:00,PDU-A01,64.9,PDU-A01-SP5
2026-06-07 14:55:00,PDU-A01,53.3,PDU-A01-SP4
2026-06-07 15:00:00,PDU-A01,59.7,PDU-A01-SP4
2026-06-07 15:05:00,PDU-A01,51.2,PDU-A01-SP4
2026-06-07 15:10:00,PDU-A01,61.2,PDU-A01-SP2
2026-06-07 15:15:00,PDU-A01,67.7,PDU-A01-SP3
2026-06-07 15:20:00,PDU-A01,58.6,PDU-A01-SP3
2026-06-07 15:25:00,PDU-A01,67.3,PDU-A01-SP4
2026-06-07 15:30:00,PDU-A01,58.0,PDU-A01-SP1
2026-06-07 15:35:00,PDU-A01,56.9,PDU-A01-SP2
2026-06-07 15:40:00,PDU-A01,55.0,PDU-A01-SP5
2026-06-07 15:45:00,PDU-A01,51.0,PDU-A01-SP1
2026-06-07 15:50:00,PDU-A01,57.1,PDU-A01-SP3
2026-06-07 15:55:00,PDU-A01,60.3,PDU-A01-SP4
2026-06-07 16:00:00,PDU-A01,53.7,PDU-A01-SP2
2026-06-07 16:05:00,PDU-A01,69.0,PDU-A01-SP3
2026-06-07 16:10:00,PDU-A01,54.9,PDU-A01-SP4
2026-06-07 16:15:00,PDU-A01,65.4,PDU-A01-SP3
2026-06-07 16:20:00,PDU-A01,59.8,PDU-A01-SP1
2026-06-07 16:25:00,PDU-A01,65.6,PDU-A01-SP4
2026-06-07 16:30:00,PDU-A01,52.7,PDU-A01-SP3
2026-06-07 16:35:00,PDU-A01,62.4,PDU-A01-SP2
2026-06-07 16:40:00,PDU-A01,55.8,PDU-A01-SP5
2026-06-07 16:45:00,PDU-A01,53.4,PDU-A01-SP4
2026-06-07 16:50:00,PDU-A01,57.1,PDU-A01-SP1
2026-06-07 16:55:00,PDU-A01,53.1,PDU-A01-SP5
2026-06-07 17:00:00,PDU-A01,68.6,PDU-A01-SP1
2026-06-07 17:05:00,PDU-A01,65.8,PDU-A01-SP4
2026-06-07 17:10:00,PDU-A01,60.2,PDU-A01-SP5
2026-06-07 17:15:00,PDU-A01,57.8,PDU-A01-SP3
2026-06-07 17:20:00,PDU-A01,57.2,PDU-A01-SP3
2026-06-07 17:25:00,PDU-A01,70.1,PDU-A01-SP3
2026-06-07 17:30:00,PDU-A01,70.1,PDU-A01-SP5
2026-06-07 17:35:00,PDU-A01,69.3,PDU-A01-SP2
2026-06-07 17:40:00,PDU-A01,65.3,PDU-A01-SP5
2026-06-07 17:45:00,PDU-A01,67.4,PDU-A01-SP5
2026-06-07 17:50:00,PDU-A01,65.9,PDU-A01-SP3
2026-06-07 17:55:00,PDU-A01,66.3,PDU-A01-SP5
2026-06-07 18:00:00,PDU-A01,57.2,PDU-A01-SP4
2026-06-07 18:05:00,PDU-A01,57.9,PDU-A01-SP2
2026-06-07 18:10:00,PDU-A01,63.1,PDU-A01-SP2
2026-06-07 18:15:00,PDU-A01,62.5,PDU-A01-SP3
2026-06-07 18:20:00,PDU-A01,65.4,PDU-A01-SP2
2026-06-07 18:25:00,PDU-A01,51.0,PDU-A01-SP1
2026-06-07 18:30:00,PDU-A01,54.4,PDU-A01-SP4
2026-06-07 18:35:00,PDU-A01,68.0,PDU-A01-SP2
2026-06-07 18:40:00,PDU-A01,62.5,PDU-A01-SP4
2026-06-07 18:45:00,PDU-A01,68.7,PDU-A01-SP4
2026-06-07 18:50:00,PDU-A01,62.3,PDU-A01-SP4
2026-06-07 18:55:00,PDU-A01,60.8,PDU-A01-SP3
2026-06-07 19:00:00,PDU-A01,41.2,PDU-A01-SP1
2026-06-07 19:05:00,PDU-A01,46.7,PDU-A01-SP2
2026-06-07 19:10:00,PDU-A01,45.9,PDU-A01-SP5
2026-06-07 19:15:00,PDU-A01,43.5,PDU-A01-SP1
2026-06-07 19:20:00,PDU-A01,46.1,PDU-A01-SP1
2026-06-07 19:25:00,PDU-A01,47.2,PDU-A01-SP1
2026-06-07 19:30:00,PDU-A01,41.5,PDU-A01-SP3
2026-06-07 19:35:00,PDU-A01,42.4,PDU-A01-SP5
2026-06-07 19:40:00,PDU-A01,39.9,PDU-A01-SP1
2026-06-07 19:45:00,PDU-A01,46.7,PDU-A01-SP5
2026-06-07 19:50:00,PDU-A01,40.6,PDU-A01-SP3
2026-06-07 19:55:00,PDU-A01,42.9,PDU-A01-SP4
2026-06-07 20:00:00,PDU-A01,44.5,PDU-A01-SP3
2026-06-07 20:05:00,PDU-A01,45.5,PDU-A01-SP3
2026-06-07 20:10:00,PDU-A01,40.3,PDU-A01-SP5
2026-06-07 20:15:00,PDU-A01,48.2,PDU-A01-SP5
2026-06-07 20:20:00,PDU-A01,42.4,PDU-A01-SP5
2026-06-07 20:25:00,PDU-A01,39.1,PDU-A01-SP3
2026-06-07 20:30:00,PDU-A01,48.4,PDU-A01-SP3
2026-06-07 20:35:00,PDU-A01,42.8,PDU-A01-SP1
2026-06-07 20:40:00,PDU-A01,47.5,PDU-A01-SP2
2026-06-07 20:45:00,PDU-A01,44.9,PDU-A01-SP3
2026-06-07 20:50:00,PDU-A01,37.6,PDU-A01-SP2
2026-06-07 20:55:00,PDU-A01,50.0,PDU-A01-SP4
2026-06-07 21:00:00,PDU-A01,41.8,PDU-A01-SP2
2026-06-07 21:05:00,PDU-A01,45.5,PDU-A01-SP1
2026-06-07 21:10:00,PDU-A01,41.1,PDU-A01-SP2
2026-06-07 21:15:00,PDU-A01,46.8,PDU-A01-SP4
2026-06-07 21:20:00,PDU-A01,46.9,PDU-A01-SP4
2026-06-07 21:25:00,PDU-A01,41.4,PDU-A01-SP2
2026-06-07 21:30:00,PDU-A01,42.3,PDU-A01-SP3
2026-06-07 21:35:00,PDU-A01,38.7,PDU-A01-SP1
2026-06-07 21:40:00,PDU-A01,39.4,PDU-A01-SP4
2026-06-07 21:45:00,PDU-A01,43.3,PDU-A01-SP5
2026-06-07 21:50:00,PDU-A01,42.3,PDU-A01-SP4
2026-06-07 21:55:00,PDU-A01,42.8,PDU-A01-SP4
2026-06-07 22:00:00,PDU-A01,40.8,PDU-A01-SP4
2026-06-07 22:05:00,PDU-A01,42.5,PDU-A01-SP5
2026-06-07 22:10:00,PDU-A01,44.7,PDU-A01-SP5
2026-06-07 22:15:00,PDU-A01,47.8,PDU-A01-SP4
2026-06-07 22:20:00,PDU-A01,46.3,PDU-A01-SP3
2026-06-07 22:25:00,PDU-A01,41.8,PDU-A01-SP1
2026-06-07 22:30:00,PDU-A01,42.1,PDU-A01-SP4
2026-06-07 22:35:00,PDU-A01,48.5,PDU-A01-SP5
2026-06-07 22:40:00,PDU-A01,47.6,PDU-A01-SP2
2026-06-07 22:45:00,PDU-A01,40.5,PDU-A01-SP1
2026-06-07 22:50:00,PDU-A01,46.2,PDU-A01-SP1
2026-06-07 22:55:00,PDU-A01,45.5,PDU-A01-SP3
2026-06-07 23:00:00,PDU-A01,40.5,PDU-A01-SP2
2026-06-07 23:05:00,PDU-A01,39.9,PDU-A01-SP1
2026-06-07 23:10:00,PDU-A01,49.9,PDU-A01-SP2
2026-06-07 23:15:00,PDU-A01,50.0,PDU-A01-SP1
2026-06-07 23:20:00,PDU-A01,40.4,PDU-A01-SP4
2026-06-07 23:25:00,PDU-A01,47.8,PDU-A01-SP5
2026-06-07 23:30:00,PDU-A01,46.6,PDU-A01-SP1
2026-06-07 23:35:00,PDU-A01,45.7,PDU-A01-SP4
2026-06-07 23:40:00,PDU-A01,44.6,PDU-A01-SP4
2026-06-07 23:45:00,PDU-A01,48.3,PDU-A01-SP4
2026-06-07 23:50:00,PDU-A01,47.3,PDU-A01-SP3
2026-06-07 23:55:00,PDU-A01,43.0,PDU-A01-SP3
2026-06-01 00:00:00,PDU-A02,47.1,PDU-A02-SP3
2026-06-01 00:05:00,PDU-A02,49.0,PDU-A02-SP3
2026-06-01 00:10:00,PDU-A02,39.2,PDU-A02-SP2
2026-06-01 00:15:00,PDU-A02,44.4,PDU-A02-SP4
2026-06-01 00:20:00,PDU-A02,40.4,PDU-A02-SP4
2026-06-01 00:25:00,PDU-A02,42.0,PDU-A02-SP4
2026-06-01 00:30:00,PDU-A02,45.3,PDU-A02-SP1
2026-06-01 00:35:00,PDU-A02,40.7,PDU-A02-SP4
2026-06-01 00:40:00,PDU-A02,39.2,PDU-A02-SP1
2026-06-01 00:45:00,PDU-A02,49.9,PDU-A02-SP3
2026-06-01 00:50:00,PDU-A02,40.0,PDU-A02-SP4
2026-06-01 00:55:00,PDU-A02,45.4,PDU-A02-SP4
2026-06-01 01:00:00,PDU-A02,43.9,PDU-A02-SP1
2026-06-01 01:05:00,PDU-A02,43.0,PDU-A02-SP4
2026-06-01 01:10:00,PDU-A02,40.5,PDU-A02-SP3
2026-06-01 01:15:00,PDU-A02,41.9,PDU-A02-SP1
2026-06-01 01:20:00,PDU-A02,47.8,PDU-A02-SP1
2026-06-01 01:25:00,PDU-A02,44.4,PDU-A02-SP3
2026-06-01 01:30:00,PDU-A02,39.7,PDU-A02-SP3
2026-06-01 01:35:00,PDU-A02,44.8,PDU-A02-SP1
2026-06-01 01:40:00,PDU-A02,50.3,PDU-A02-SP3
2026-06-01 01:45:00,PDU-A02,48.2,PDU-A02-SP3
2026-06-01 01:50:00,PDU-A02,45.9,PDU-A02-SP4
2026-06-01 01:55:00,PDU-A02,45.6,PDU-A02-SP2
2026-06-01 02:00:00,PDU-A02,41.3,PDU-A02-SP2
2026-06-01 02:05:00,PDU-A02,42.6,PDU-A02-SP5
2026-06-01 02:10:00,PDU-A02,46.1,PDU-A02-SP4
2026-06-01 02:15:00,PDU-A02,47.7,PDU-A02-SP3
2026-06-01 02:20:00,PDU-A02,40.8,PDU-A02-SP1
2026-06-01 02:25:00,PDU-A02,42.3,PDU-A02-SP5
2026-06-01 02:30:00,PDU-A02,44.8,PDU-A02-SP5
2026-06-01 02:35:00,PDU-A02,41.0,PDU-A02-SP1
2026-06-01 02:40:00,PDU-A02,38.0,PDU-A02-SP1
2026-06-01 02:45:00,PDU-A02,45.9,PDU-A02-SP1
2026-06-01 02:50:00,PDU-A02,42.3,PDU-A02-SP1
2026-06-01 02:55:00,PDU-A02,39.1,PDU-A02-SP3
2026-06-01 03:00:00,PDU-A02,46.4,PDU-A02-SP5
2026-06-01 03:05:00,PDU-A02,41.2,PDU-A02-SP1
2026-06-01 03:10:00,PDU-A02,40.6,PDU-A02-SP5
2026-06-01 03:15:00,PDU-A02,42.6,PDU-A02-SP4
2026-06-01 03:20:00,PDU-A02,44.1,PDU-A02-SP4
2026-06-01 03:25:00,PDU-A02,44.5,PDU-A02-SP5
2026-06-01 03:30:00,PDU-A02,44.3,PDU-A02-SP2
2026-06-01 03:35:00,PDU-A02,47.8,PDU-A02-SP3
2026-06-01 03:40:00,PDU-A02,38.8,PDU-A02-SP4
2026-06-01 03:45:00,PDU-A02,40.3,PDU-A02-SP2
2026-06-01 03:50:00,PDU-A02,45.5,PDU-A02-SP1
2026-06-01 03:55:00,PDU-A02,41.6,PDU-A02-SP5
2026-06-01 04:00:00,PDU-A02,41.8,PDU-A02-SP4
2026-06-01 04:05:00,PDU-A02,37.9,PDU-A02-SP1
2026-06-01 04:10:00,PDU-A02,47.1,PDU-A02-SP3
2026-06-01 04:15:00,PDU-A02,44.8,PDU-A02-SP4
2026-06-01 04:20:00,PDU-A02,45.4,PDU-A02-SP3
2026-06-01 04:25:00,PDU-A02,44.4,PDU-A02-SP2
2026-06-01 04:30:00,PDU-A02,43.9,PDU-A02-SP2
2026-06-01 04:35:00,PDU-A02,47.3,PDU-A02-SP1
2026-06-01 04:40:00,PDU-A02,47.0,PDU-A02-SP3
2026-06-01 04:45:00,PDU-A02,43.8,PDU-A02-SP2
2026-06-01 04:50:00,PDU-A02,40.4,PDU-A02-SP1
2026-06-01 04:55:00,PDU-A02,47.3,PDU-A02-SP5
2026-06-01 05:00:00,PDU-A02,44.4,PDU-A02-SP2
2026-06-01 05:05:00,PDU-A02,40.8,PDU-A02-SP2
2026-06-01 05:10:00,PDU-A02,48.4,PDU-A02-SP4
2026-06-01 05:15:00,PDU-A02,43.1,PDU-A02-SP1
2026-06-01 05:20:00,PDU-A02,39.1,PDU-A02-SP2
2026-06-01 05:25:00,PDU-A02,43.1,PDU-A02-SP4
2026-06-01 05:30:00,PDU-A02,40.4,PDU-A02-SP5
2026-06-01 05:35:00,PDU-A02,42.1,PDU-A02-SP4
2026-06-01 05:40:00,PDU-A02,42.9,PDU-A02-SP2
2026-06-01 05:45:00,PDU-A02,47.3,PDU-A02-SP3
2026-06-01 05:50:00,PDU-A02,44.6,PDU-A02-SP3
2026-06-01 05:55:00,PDU-A02,40.0,PDU-A02-SP2
2026-06-01 06:00:00,PDU-A02,41.0,PDU-A02-SP2
2026-06-01 06:05:00,PDU-A02,42.0,PDU-A02-SP4
2026-06-01 06:10:00,PDU-A02,43.7,PDU-A02-SP4
2026-06-01 06:15:00,PDU-A02,42.3,PDU-A02-SP4
2026-06-01 06:20:00,PDU-A02,40.5,PDU-A02-SP4
2026-06-01 06:25:00,PDU-A02,47.4,PDU-A02-SP3
2026-06-01 06:30:00,PDU-A02,39.7,PDU-A02-SP5
2026-06-01 06:35:00,PDU-A02,38.2,PDU-A02-SP4
2026-06-01 06:40:00,PDU-A02,42.7,PDU-A02-SP3
2026-06-01 06:45:00,PDU-A02,40.6,PDU-A02-SP2
2026-06-01 06:50:00,PDU-A02,48.2,PDU-A02-SP5
2026-06-01 06:55:00,PDU-A02,49.3,PDU-A02-SP5
2026-06-01 07:00:00,PDU-A02,36.4,PDU-A02-SP1
2026-06-01 07:05:00,PDU-A02,34.6,PDU-A02-SP5
2026-06-01 07:10:00,PDU-A02,35.0,PDU-A02-SP2
2026-06-01 07:15:00,PDU-A02,35.4,PDU-A02-SP4
2026-06-01 07:20:00,PDU-A02,34.1,PDU-A02-SP4
2026-06-01 07:25:00,PDU-A02,35.9,PDU-A02-SP2
2026-06-01 07:30:00,PDU-A02,34.0,PDU-A02-SP4
2026-06-01 07:35:00,PDU-A02,35.3,PDU-A02-SP5
2026-06-01 07:40:00,PDU-A02,36.8,PDU-A02-SP5
2026-06-01 07:45:00,PDU-A02,36.6,PDU-A02-SP4
2026-06-01 07:50:00,PDU-A02,36.9,PDU-A02-SP1
2026-06-01 07:55:00,PDU-A02,37.0,PDU-A02-SP5
2026-06-01 08:00:00,PDU-A02,33.1,PDU-A02-SP5
2026-06-01 08:05:00,PDU-A02,34.6,PDU-A02-SP1
2026-06-01 08:10:00,PDU-A02,34.8,PDU-A02-SP2
2026-06-01 08:15:00,PDU-A02,33.3,PDU-A02-SP1
2026-06-01 08:20:00,PDU-A02,35.8,PDU-A02-SP4
2026-06-01 08:25:00,PDU-A02,36.8,PDU-A02-SP2
2026-06-01 08:30:00,PDU-A02,34.4,PDU-A02-SP2
2026-06-01 08:35:00,PDU-A02,35.6,PDU-A02-SP1
2026-06-01 08:40:00,PDU-A02,33.1,PDU-A02-SP3
2026-06-01 08:45:00,PDU-A02,33.6,PDU-A02-SP4
2026-06-01 08:50:00,PDU-A02,36.4,PDU-A02-SP5
2026-06-01 08:55:00,PDU-A02,33.1,PDU-A02-SP4
2026-06-01 09:00:00,PDU-A02,57.8,PDU-A02-SP4
2026-06-01 09:05:00,PDU-A02,55.2,PDU-A02-SP4
2026-06-01 09:10:00,PDU-A02,62.1,PDU-A02-SP1
2026-06-01 09:15:00,PDU-A02,58.5,PDU-A02-SP5
2026-06-01 09:20:00,PDU-A02,50.4,PDU-A02-SP3
2026-06-01 09:25:00,PDU-A02,64.4,PDU-A02-SP5
2026-06-01 09:30:00,PDU-A02,67.0,PDU-A02-SP1
2026-06-01 09:35:00,PDU-A02,61.8,PDU-A02-SP1
2026-06-01 09:40:00,PDU-A02,61.9,PDU-A02-SP3
2026-06-01 09:45:00,PDU-A02,66.2,PDU-A02-SP3
2026-06-01 09:50:00,PDU-A02,57.5,PDU-A02-SP3
2026-06-01 09:55:00,PDU-A02,53.7,PDU-A02-SP1
2026-06-01 10:00:00,PDU-A02,62.3,PDU-A02-SP2
2026-06-01 10:05:00,PDU-A02,68.6,PDU-A02-SP1
2026-06-01 10:10:00,PDU-A02,63.9,PDU-A02-SP5
2026-06-01 10:15:00,PDU-A02,68.2,PDU-A02-SP2
2026-06-01 10:20:00,PDU-A02,58.0,PDU-A02-SP5
2026-06-01 10:25:00,PDU-A02,62.7,PDU-A02-SP1
2026-06-01 10:30:00,PDU-A02,57.3,PDU-A02-SP5
2026-06-01 10:35:00,PDU-A02,59.0,PDU-A02-SP5
2026-06-01 10:40:00,PDU-A02,63.7,PDU-A02-SP3
2026-06-01 10:45:00,PDU-A02,58.5,PDU-A02-SP1
2026-06-01 10:50:00,PDU-A02,55.3,PDU-A02-SP1
2026-06-01 10:55:00,PDU-A02,53.2,PDU-A02-SP3
2026-06-01 11:00:00,PDU-A02,67.5,PDU-A02-SP2
2026-06-01 11:05:00,PDU-A02,56.3,PDU-A02-SP4
2026-06-01 11:10:00,PDU-A02,51.8,PDU-A02-SP1
2026-06-01 11:15:00,PDU-A02,57.7,PDU-A02-SP5
2026-06-01 11:20:00,PDU-A02,68.5,PDU-A02-SP4
2026-06-01 11:25:00,PDU-A02,59.5,PDU-A02-SP3
2026-06-01 11:30:00,PDU-A02,51.9,PDU-A02-SP2
2026-06-01 11:35:00,PDU-A02,66.8,PDU-A02-SP3
2026-06-01 11:40:00,PDU-A02,57.6,PDU-A02-SP3
2026-06-01 11:45:00,PDU-A02,60.4,PDU-A02-SP5
2026-06-01 11:50:00,PDU-A02,66.6,PDU-A02-SP3
2026-06-01 11:55:00,PDU-A02,62.9,PDU-A02-SP3
2026-06-01 12:00:00,PDU-A02,52.5,PDU-A02-SP4
2026-06-01 12:05:00,PDU-A02,56.6,PDU-A02-SP1
2026-06-01 12:10:00,PDU-A02,52.1,PDU-A02-SP2
2026-06-01 12:15:00,PDU-A02,61.0,PDU-A02-SP5
2026-06-01 12:20:00,PDU-A02,57.6,PDU-A02-SP2
2026-06-01 12:25:00,PDU-A02,51.7,PDU-A02-SP3
2026-06-01 12:30:00,PDU-A02,61.3,PDU-A02-SP3
2026-06-01 12:35:00,PDU-A02,53.9,PDU-A02-SP1
2026-06-01 12:40:00,PDU-A02,65.2,PDU-A02-SP2
2026-06-01 12:45:00,PDU-A02,57.6,PDU-A02-SP2
2026-06-01 12:50:00,PDU-A02,59.2,PDU-A02-SP1
2026-06-01 12:55:00,PDU-A02,58.1,PDU-A02-SP2
2026-06-01 13:00:00,PDU-A02,70.7,PDU-A02-SP2
2026-06-01 13:05:00,PDU-A02,51.0,PDU-A02-SP5
2026-06-01 13:10:00,PDU-A02,57.4,PDU-A02-SP4
2026-06-01 13:15:00,PDU-A02,69.8,PDU-A02-SP5
2026-06-01 13:20:00,PDU-A02,64.5,PDU-A02-SP4
2026-06-01 13:25:00,PDU-A02,55.2,PDU-A02-SP4
2026-06-01 13:30:00,PDU-A02,66.6,PDU-A02-SP5
2026-06-01 13:35:00,PDU-A02,50.4,PDU-A02-SP5
2026-06-01 13:40:00,PDU-A02,66.6,PDU-A02-SP1
2026-06-01 13:45:00,PDU-A02,57.0,PDU-A02-SP2
2026-06-01 13:50:00,PDU-A02,60.6,PDU-A02-SP3
2026-06-01 13:55:00,PDU-A02,52.2,PDU-A02-SP4
2026-06-01 14:00:00,PDU-A02,65.4,PDU-A02-SP5
2026-06-01 14:05:00,PDU-A02,57.9,PDU-A02-SP5
2026-06-01 14:10:00,PDU-A02,63.9,PDU-A02-SP3
2026-06-01 14:15:00,PDU-A02,58.8,PDU-A02-SP4
2026-06-01 14:20:00,PDU-A02,56.9,PDU-A02-SP3
2026-06-01 14:25:00,PDU-A02,56.1,PDU-A02-SP4
2026-06-01 14:30:00,PDU-A02,65.8,PDU-A02-SP4
2026-06-01 14:35:00,PDU-A02,64.5,PDU-A02-SP4
2026-06-01 14:40:00,PDU-A02,57.0,PDU-A02-SP4
2026-06-01 14:45:00,PDU-A02,64.2,PDU-A02-SP5
2026-06-01 14:50:00,PDU-A02,60.5,PDU-A02-SP3
2026-06-01 14:55:00,PDU-A02,61.0,PDU-A02-SP3
2026-06-01 15:00:00,PDU-A02,53.2,PDU-A02-SP4
2026-06-01 15:05:00,PDU-A02,51.4,PDU-A02-SP3
2026-06-01 15:10:00,PDU-A02,58.5,PDU-A02-SP5
2026-06-01 15:15:00,PDU-A02,63.7,PDU-A02-SP2
2026-06-01 15:20:00,PDU-A02,65.8,PDU-A02-SP4
2026-06-01 15:25:00,PDU-A02,52.1,PDU-A02-SP5
2026-06-01 15:30:00,PDU-A02,56.3,PDU-A02-SP4
2026-06-01 15:35:00,PDU-A02,55.7,PDU-A02-SP2
2026-06-01 15:40:00,PDU-A02,57.1,PDU-A02-SP4
2026-06-01 15:45:00,PDU-A02,53.1,PDU-A02-SP3
2026-06-01 15:50:00,PDU-A02,58.3,PDU-A02-SP2
2026-06-01 15:55:00,PDU-A02,51.6,PDU-A02-SP4
2026-06-01 16:00:00,PDU-A02,68.2,PDU-A02-SP3
2026-06-01 16:05:00,PDU-A02,61.9,PDU-A02-SP3
2026-06-01 16:10:00,PDU-A02,62.5,PDU-A02-SP1
2026-06-01 16:15:00,PDU-A02,58.4,PDU-A02-SP1
2026-06-01 16:20:00,PDU-A02,65.6,PDU-A02-SP1
2026-06-01 16:25:00,PDU-A02,52.8,PDU-A02-SP2
2026-06-01 16:30:00,PDU-A02,55.4,PDU-A02-SP3
2026-06-01 16:35:00,PDU-A02,60.0,PDU-A02-SP3
2026-06-01 16:40:00,PDU-A02,50.1,PDU-A02-SP1
2026-06-01 16:45:00,PDU-A02,61.3,PDU-A02-SP2
2026-06-01 16:50:00,PDU-A02,65.7,PDU-A02-SP2
2026-06-01 16:55:00,PDU-A02,62.4,PDU-A02-SP3
2026-06-01 17:00:00,PDU-A02,56.2,PDU-A02-SP3
2026-06-01 17:05:00,PDU-A02,52.2,PDU-A02-SP2
2026-06-01 17:10:00,PDU-A02,50.3,PDU-A02-SP3
2026-06-01 17:15:00,PDU-A02,65.2,PDU-A02-SP2
2026-06-01 17:20:00,PDU-A02,50.7,PDU-A02-SP2
2026-06-01 17:25:00,PDU-A02,67.8,PDU-A02-SP5
2026-06-01 17:30:00,PDU-A02,63.6,PDU-A02-SP5
2026-06-01 17:35:00,PDU-A02,67.8,PDU-A02-SP1
2026-06-01 17:40:00,PDU-A02,60.0,PDU-A02-SP1
2026-06-01 17:45:00,PDU-A02,68.1,PDU-A02-SP4
2026-06-01 17:50:00,PDU-A02,57.7,PDU-A02-SP2
2026-06-01 17:55:00,PDU-A02,67.9,PDU-A02-SP5
2026-06-01 18:00:00,PDU-A02,62.3,PDU-A02-SP2
2026-06-01 18:05:00,PDU-A02,62.3,PDU-A02-SP1
2026-06-01 18:10:00,PDU-A02,55.9,PDU-A02-SP2
2026-06-01 18:15:00,PDU-A02,63.0,PDU-A02-SP2
2026-06-01 18:20:00,PDU-A02,50.9,PDU-A02-SP1
2026-06-01 18:25:00,PDU-A02,52.7,PDU-A02-SP4
2026-06-01 18:30:00,PDU-A02,49.3,PDU-A02-SP5
2026-06-01 18:35:00,PDU-A02,61.7,PDU-A02-SP3
2026-06-01 18:40:00,PDU-A02,50.1,PDU-A02-SP1
2026-06-01 18:45:00,PDU-A02,66.2,PDU-A02-SP5
2026-06-01 18:50:00,PDU-A02,55.7,PDU-A02-SP2
2026-06-01 18:55:00,PDU-A02,61.5,PDU-A02-SP2
2026-06-01 19:00:00,PDU-A02,50.1,PDU-A02-SP5
2026-06-01 19:05:00,PDU-A02,41.5,PDU-A02-SP5
2026-06-01 19:10:00,PDU-A02,48.0,PDU-A02-SP5
2026-06-01 19:15:00,PDU-A02,43.7,PDU-A02-SP5
2026-06-01 19:20:00,PDU-A02,47.5,PDU-A02-SP2
2026-06-01 19:25:00,PDU-A02,48.3,PDU-A02-SP5
2026-06-01 19:30:00,PDU-A02,39.9,PDU-A02-SP2
2026-06-01 19:35:00,PDU-A02,50.5,PDU-A02-SP4
2026-06-01 19:40:00,PDU-A02,43.4,PDU-A02-SP4
2026-06-01 19:45:00,PDU-A02,44.8,PDU-A02-SP3
2026-06-01 19:50:00,PDU-A02,49.5,PDU-A02-SP5
2026-06-01 19:55:00,PDU-A02,40.0,PDU-A02-SP3
2026-06-01 20:00:00,PDU-A02,38.8,PDU-A02-SP2
2026-06-01 20:05:00,PDU-A02,43.9,PDU-A02-SP3
2026-06-01 20:10:00,PDU-A02,43.3,PDU-A02-SP3
2026-06-01 20:15:00,PDU-A02,44.0,PDU-A02-SP4
2026-06-01 20:20:00,PDU-A02,44.9,PDU-A02-SP4
2026-06-01 20:25:00,PDU-A02,41.1,PDU-A02-SP4
2026-06-01 20:30:00,PDU-A02,39.4,PDU-A02-SP4
2026-06-01 20:35:00,PDU-A02,48.8,PDU-A02-SP1
2026-06-01 20:40:00,PDU-A02,50.0,PDU-A02-SP1
2026-06-01 20:45:00,PDU-A02,43.5,PDU-A02-SP1
2026-06-01 20:50:00,PDU-A02,39.9,PDU-A02-SP5
2026-06-01 20:55:00,PDU-A02,50.7,PDU-A02-SP2
2026-06-01 21:00:00,PDU-A02,41.6,PDU-A02-SP3
2026-06-01 21:05:00,PDU-A02,42.6,PDU-A02-SP4
2026-06-01 21:10:00,PDU-A02,41.7,PDU-A02-SP4
2026-06-01 21:15:00,PDU-A02,42.9,PDU-A02-SP5
2026-06-01 21:20:00,PDU-A02,46.6,PDU-A02-SP4
2026-06-01 21:25:00,PDU-A02,43.6,PDU-A02-SP4
2026-06-01 21:30:00,PDU-A02,49.9,PDU-A02-SP2
2026-06-01 21:35:00,PDU-A02,45.9,PDU-A02-SP3
2026-06-01 21:40:00,PDU-A02,43.3,PDU-A02-SP2
2026-06-01 21:45:00,PDU-A02,40.3,PDU-A02-SP1
2026-06-01 21:50:00,PDU-A02,42.6,PDU-A02-SP2
2026-06-01 21:55:00,PDU-A02,43.9,PDU-A02-SP2
2026-06-01 22:00:00,PDU-A02,42.8,PDU-A02-SP1
2026-06-01 22:05:00,PDU-A02,46.4,PDU-A02-SP4
2026-06-01 22:10:00,PDU-A02,46.5,PDU-A02-SP4
2026-06-01 22:15:00,PDU-A02,43.4,PDU-A02-SP3
2026-06-01 22:20:00,PDU-A02,48.1,PDU-A02-SP1
2026-06-01 22:25:00,PDU-A02,47.6,PDU-A02-SP4
2026-06-01 22:30:00,PDU-A02,47.2,PDU-A02-SP4
2026-06-01 22:35:00,PDU-A02,42.0,PDU-A02-SP4
2026-06-01 22:40:00,PDU-A02,38.1,PDU-A02-SP3
2026-06-01 22:45:00,PDU-A02,47.4,PDU-A02-SP4
2026-06-01 22:50:00,PDU-A02,41.3,PDU-A02-SP4
2026-06-01 22:55:00,PDU-A02,47.7,PDU-A02-SP4
2026-06-01 23:00:00,PDU-A02,47.0,PDU-A02-SP5
2026-06-01 23:05:00,PDU-A02,44.4,PDU-A02-SP2
2026-06-01 23:10:00,PDU-A02,44.1,PDU-A02-SP4
2026-06-01 23:15:00,PDU-A02,45.0,PDU-A02-SP3
2026-06-01 23:20:00,PDU-A02,46.6,PDU-A02-SP1
2026-06-01 23:25:00,PDU-A02,37.5,PDU-A02-SP3
2026-06-01 23:30:00,PDU-A02,43.8,PDU-A02-SP1
2026-06-01 23:35:00,PDU-A02,47.9,PDU-A02-SP4
2026-06-01 23:40:00,PDU-A02,39.5,PDU-A02-SP3
2026-06-01 23:45:00,PDU-A02,41.8,PDU-A02-SP2
2026-06-01 23:50:00,PDU-A02,42.3,PDU-A02-SP5
2026-06-01 23:55:00,PDU-A02,40.7,PDU-A02-SP3
2026-06-02 00:00:00,PDU-A02,38.9,PDU-A02-SP5
2026-06-02 00:05:00,PDU-A02,42.4,PDU-A02-SP4
2026-06-02 00:10:00,PDU-A02,46.9,PDU-A02-SP3
2026-06-02 00:15:00,PDU-A02,39.1,PDU-A02-SP1
2026-06-02 00:20:00,PDU-A02,49.4,PDU-A02-SP4
2026-06-02 00:25:00,PDU-A02,40.9,PDU-A02-SP4
2026-06-02 00:30:00,PDU-A02,40.8,PDU-A02-SP3
2026-06-02 00:35:00,PDU-A02,45.7,PDU-A02-SP3
2026-06-02 00:40:00,PDU-A02,40.0,PDU-A02-SP4
2026-06-02 00:45:00,PDU-A02,41.8,PDU-A02-SP1
2026-06-02 00:50:00,PDU-A02,48.4,PDU-A02-SP3
2026-06-02 00:55:00,PDU-A02,41.1,PDU-A02-SP5
2026-06-02 01:00:00,PDU-A02,42.3,PDU-A02-SP1
2026-06-02 01:05:00,PDU-A02,47.2,PDU-A02-SP5
2026-06-02 01:10:00,PDU-A02,41.0,PDU-A02-SP5
2026-06-02 01:15:00,PDU-A02,43.1,PDU-A02-SP1
2026-06-02 01:20:00,PDU-A02,45.4,PDU-A02-SP3
2026-06-02 01:25:00,PDU-A02,43.9,PDU-A02-SP2
2026-06-02 01:30:00,PDU-A02,42.6,PDU-A02-SP5
2026-06-02 01:35:00,PDU-A02,45.0,PDU-A02-SP2
2026-06-02 01:40:00,PDU-A02,49.2,PDU-A02-SP5
2026-06-02 01:45:00,PDU-A02,48.8,PDU-A02-SP2
2026-06-02 01:50:00,PDU-A02,47.6,PDU-A02-SP4
2026-06-02 01:55:00,PDU-A02,42.5,PDU-A02-SP5
2026-06-02 02:00:00,PDU-A02,50.0,PDU-A02-SP5
2026-06-02 02:05:00,PDU-A02,45.2,PDU-A02-SP2
2026-06-02 02:10:00,PDU-A02,41.6,PDU-A02-SP2
2026-06-02 02:15:00,PDU-A02,48.3,PDU-A02-SP4
2026-06-02 02:20:00,PDU-A02,45.0,PDU-A02-SP1
2026-06-02 02:25:00,PDU-A02,47.4,PDU-A02-SP3
2026-06-02 02:30:00,PDU-A02,48.6,PDU-A02-SP3
2026-06-02 02:35:00,PDU-A02,45.5,PDU-A02-SP2
2026-06-02 02:40:00,PDU-A02,39.0,PDU-A02-SP2
2026-06-02 02:45:00,PDU-A02,47.0,PDU-A02-SP4
2026-06-02 02:50:00,PDU-A02,44.9,PDU-A02-SP1
2026-06-02 02:55:00,PDU-A02,40.3,PDU-A02-SP1
2026-06-02 03:00:00,PDU-A02,43.1,PDU-A02-SP5
2026-06-02 03:05:00,PDU-A02,42.3,PDU-A02-SP4
2026-06-02 03:10:00,PDU-A02,45.8,PDU-A02-SP1
2026-06-02 03:15:00,PDU-A02,41.6,PDU-A02-SP1
2026-06-02 03:20:00,PDU-A02,48.5,PDU-A02-SP3
2026-06-02 03:25:00,PDU-A02,47.9,PDU-A02-SP4
2026-06-02 03:30:00,PDU-A02,50.3,PDU-A02-SP2
2026-06-02 03:35:00,PDU-A02,41.9,PDU-A02-SP5
2026-06-02 03:40:00,PDU-A02,49.4,PDU-A02-SP5
2026-06-02 03:45:00,PDU-A02,51.2,PDU-A02-SP3
2026-06-02 03:50:00,PDU-A02,42.8,PDU-A02-SP5
2026-06-02 03:55:00,PDU-A02,41.6,PDU-A02-SP3
2026-06-02 04:00:00,PDU-A02,49.1,PDU-A02-SP2
2026-06-02 04:05:00,PDU-A02,48.2,PDU-A02-SP1
2026-06-02 04:10:00,PDU-A02,42.8,PDU-A02-SP4
2026-06-02 04:15:00,PDU-A02,44.9,PDU-A02-SP1
2026-06-02 04:20:00,PDU-A02,43.9,PDU-A02-SP1
2026-06-02 04:25:00,PDU-A02,42.2,PDU-A02-SP2
2026-06-02 04:30:00,PDU-A02,51.1,PDU-A02-SP2
2026-06-02 04:35:00,PDU-A02,43.9,PDU-A02-SP3
2026-06-02 04:40:00,PDU-A02,41.1,PDU-A02-SP5
2026-06-02 04:45:00,PDU-A02,40.3,PDU-A02-SP1
2026-06-02 04:50:00,PDU-A02,47.8,PDU-A02-SP2
2026-06-02 04:55:00,PDU-A02,41.3,PDU-A02-SP3
2026-06-02 05:00:00,PDU-A02,49.7,PDU-A02-SP5
2026-06-02 05:05:00,PDU-A02,50.0,PDU-A02-SP4
2026-06-02 05:10:00,PDU-A02,40.9,PDU-A02-SP3
2026-06-02 05:15:00,PDU-A02,44.1,PDU-A02-SP2
2026-06-02 05:20:00,PDU-A02,43.7,PDU-A02-SP2
2026-06-02 05:25:00,PDU-A02,49.6,PDU-A02-SP4
2026-06-02 05:30:00,PDU-A02,46.8,PDU-A02-SP1
2026-06-02 05:35:00,PDU-A02,49.8,PDU-A02-SP4
2026-06-02 05:40:00,PDU-A02,48.8,PDU-A02-SP3
2026-06-02 05:45:00,PDU-A02,48.4,PDU-A02-SP1
2026-06-02 05:50:00,PDU-A02,48.9,PDU-A02-SP5
2026-06-02 05:55:00,PDU-A02,39.4,PDU-A02-SP5
2026-06-02 06:00:00,PDU-A02,46.9,PDU-A02-SP1
2026-06-02 06:05:00,PDU-A02,47.9,PDU-A02-SP2
2026-06-02 06:10:00,PDU-A02,47.1,PDU-A02-SP2
2026-06-02 06:15:00,PDU-A02,37.8,PDU-A02-SP3
2026-06-02 06:20:00,PDU-A02,40.8,PDU-A02-SP2
2026-06-02 06:25:00,PDU-A02,42.6,PDU-A02-SP2
2026-06-02 06:30:00,PDU-A02,49.1,PDU-A02-SP3
2026-06-02 06:35:00,PDU-A02,45.5,PDU-A02-SP2
2026-06-02 06:40:00,PDU-A02,42.6,PDU-A02-SP3
2026-06-02 06:45:00,PDU-A02,46.6,PDU-A02-SP4
2026-06-02 06:50:00,PDU-A02,42.6,PDU-A02-SP4
2026-06-02 06:55:00,PDU-A02,50.9,PDU-A02-SP2
2026-06-02 07:00:00,PDU-A02,33.1,PDU-A02-SP1
2026-06-02 07:05:00,PDU-A02,36.7,PDU-A02-SP5
2026-06-02 07:10:00,PDU-A02,35.5,PDU-A02-SP1
2026-06-02 07:15:00,PDU-A02,36.9,PDU-A02-SP2
2026-06-02 07:20:00,PDU-A02,34.0,PDU-A02-SP2
2026-06-02 07:25:00,PDU-A02,33.2,PDU-A02-SP5
2026-06-02 07:30:00,PDU-A02,34.7,PDU-A02-SP3
2026-06-02 07:35:00,PDU-A02,33.6,PDU-A02-SP3
2026-06-02 07:40:00,PDU-A02,33.7,PDU-A02-SP5
2026-06-02 07:45:00,PDU-A02,33.5,PDU-A02-SP5
2026-06-02 07:50:00,PDU-A02,34.7,PDU-A02-SP4
2026-06-02 07:55:00,PDU-A02,36.3,PDU-A02-SP4
2026-06-02 08:00:00,PDU-A02,33.5,PDU-A02-SP2
2026-06-02 08:05:00,PDU-A02,33.8,PDU-A02-SP3
2026-06-02 08:10:00,PDU-A02,34.2,PDU-A02-SP4
2026-06-02 08:15:00,PDU-A02,34.5,PDU-A02-SP4
2026-06-02 08:20:00,PDU-A02,36.4,PDU-A02-SP5
2026-06-02 08:25:00,PDU-A02,33.9,PDU-A02-SP3
2026-06-02 08:30:00,PDU-A02,35.9,PDU-A02-SP2
2026-06-02 08:35:00,PDU-A02,34.7,PDU-A02-SP4
2026-06-02 08:40:00,PDU-A02,36.2,PDU-A02-SP1
2026-06-02 08:45:00,PDU-A02,34.2,PDU-A02-SP3
2026-06-02 08:50:00,PDU-A02,33.9,PDU-A02-SP4
2026-06-02 08:55:00,PDU-A02,36.6,PDU-A02-SP3
2026-06-02 09:00:00,PDU-A02,62.2,PDU-A02-SP1
2026-06-02 09:05:00,PDU-A02,48.7,PDU-A02-SP3
2026-06-02 09:10:00,PDU-A02,69.1,PDU-A02-SP2
2026-06-02 09:15:00,PDU-A02,65.1,PDU-A02-SP5
2026-06-02 09:20:00,PDU-A02,53.5,PDU-A02-SP1
2026-06-02 09:25:00,PDU-A02,52.8,PDU-A02-SP4
2026-06-02 09:30:00,PDU-A02,70.2,PDU-A02-SP5
2026-06-02 09:35:00,PDU-A02,65.4,PDU-A02-SP1
2026-06-02 09:40:00,PDU-A02,55.6,PDU-A02-SP3
2026-06-02 09:45:00,PDU-A02,70.2,PDU-A02-SP2
2026-06-02 09:50:00,PDU-A02,69.6,PDU-A02-SP5
2026-06-02 09:55:00,PDU-A02,52.3,PDU-A02-SP4
2026-06-02 10:00:00,PDU-A02,70.1,PDU-A02-SP2
2026-06-02 10:05:00,PDU-A02,52.6,PDU-A02-SP4
2026-06-02 10:10:00,PDU-A02,51.3,PDU-A02-SP1
2026-06-02 10:15:00,PDU-A02,69.6,PDU-A02-SP3
2026-06-02 10:20:00,PDU-A02,66.7,PDU-A02-SP3
2026-06-02 10:25:00,PDU-A02,67.1,PDU-A02-SP3
2026-06-02 10:30:00,PDU-A02,60.1,PDU-A02-SP2
2026-06-02 10:35:00,PDU-A02,58.3,PDU-A02-SP2
2026-06-02 10:40:00,PDU-A02,62.8,PDU-A02-SP4
2026-06-02 10:45:00,PDU-A02,49.7,PDU-A02-SP2
2026-06-02 10:50:00,PDU-A02,53.5,PDU-A02-SP2
2026-06-02 10:55:00,PDU-A02,63.9,PDU-A02-SP4
2026-06-02 11:00:00,PDU-A02,50.2,PDU-A02-SP5
2026-06-02 11:05:00,PDU-A02,59.7,PDU-A02-SP2
2026-06-02 11:10:00,PDU-A02,50.8,PDU-A02-SP3
2026-06-02 11:15:00,PDU-A02,52.3,PDU-A02-SP5
2026-06-02 11:20:00,PDU-A02,66.7,PDU-A02-SP5
2026-06-02 11:25:00,PDU-A02,56.2,PDU-A02-SP1
2026-06-02 11:30:00,PDU-A02,60.8,PDU-A02-SP4
2026-06-02 11:35:00,PDU-A02,67.4,PDU-A02-SP4
2026-06-02 11:40:00,PDU-A02,65.1,PDU-A02-SP1
2026-06-02 11:45:00,PDU-A02,57.6,PDU-A02-SP1
2026-06-02 11:50:00,PDU-A02,58.2,PDU-A02-SP1
2026-06-02 11:55:00,PDU-A02,65.4,PDU-A02-SP1
2026-06-02 12:00:00,PDU-A02,60.0,PDU-A02-SP4
2026-06-02 12:05:00,PDU-A02,60.9,PDU-A02-SP5
2026-06-02 12:10:00,PDU-A02,62.5,PDU-A02-SP1
2026-06-02 12:15:00,PDU-A02,64.9,PDU-A02-SP3
2026-06-02 12:20:00,PDU-A02,70.9,PDU-A02-SP5
2026-06-02 12:25:00,PDU-A02,54.0,PDU-A02-SP3
2026-06-02 12:30:00,PDU-A02,54.7,PDU-A02-SP1
2026-06-02 12:35:00,PDU-A02,61.4,PDU-A02-SP1
2026-06-02 12:40:00,PDU-A02,56.7,PDU-A02-SP4
2026-06-02 12:45:00,PDU-A02,53.2,PDU-A02-SP2
2026-06-02 12:50:00,PDU-A02,57.4,PDU-A02-SP2
2026-06-02 12:55:00,PDU-A02,52.4,PDU-A02-SP4
2026-06-02 13:00:00,PDU-A02,66.4,PDU-A02-SP5
2026-06-02 13:05:00,PDU-A02,53.3,PDU-A02-SP3
2026-06-02 13:10:00,PDU-A02,60.2,PDU-A02-SP4
2026-06-02 13:15:00,PDU-A02,59.8,PDU-A02-SP4
2026-06-02 13:20:00,PDU-A02,51.5,PDU-A02-SP3
2026-06-02 13:25:00,PDU-A02,62.0,PDU-A02-SP4
2026-06-02 13:30:00,PDU-A02,51.9,PDU-A02-SP4
2026-06-02 13:35:00,PDU-A02,64.1,PDU-A02-SP2
2026-06-02 13:40:00,PDU-A02,68.7,PDU-A02-SP5
2026-06-02 13:45:00,PDU-A02,51.6,PDU-A02-SP1
2026-06-02 13:50:00,PDU-A02,68.1,PDU-A02-SP2
2026-06-02 13:55:00,PDU-A02,70.4,PDU-A02-SP3
2026-06-02 14:00:00,PDU-A02,66.9,PDU-A02-SP3
2026-06-02 14:05:00,PDU-A02,61.6,PDU-A02-SP1
2026-06-02 14:10:00,PDU-A02,60.3,PDU-A02-SP4
2026-06-02 14:15:00,PDU-A02,52.5,PDU-A02-SP5
2026-06-02 14:20:00,PDU-A02,65.7,PDU-A02-SP5
2026-06-02 14:25:00,PDU-A02,51.6,PDU-A02-SP1
2026-06-02 14:30:00,PDU-A02,64.7,PDU-A02-SP2
2026-06-02 14:35:00,PDU-A02,65.0,PDU-A02-SP4
2026-06-02 14:40:00,PDU-A02,66.7,PDU-A02-SP5
2026-06-02 14:45:00,PDU-A02,65.5,PDU-A02-SP4
2026-06-02 14:50:00,PDU-A02,61.5,PDU-A02-SP2
2026-06-02 14:55:00,PDU-A02,52.5,PDU-A02-SP5
2026-06-02 15:00:00,PDU-A02,55.9,PDU-A02-SP4
2026-06-02 15:05:00,PDU-A02,58.7,PDU-A02-SP1
2026-06-02 15:10:00,PDU-A02,50.9,PDU-A02-SP4
2026-06-02 15:15:00,PDU-A02,65.3,PDU-A02-SP5
2026-06-02 15:20:00,PDU-A02,63.7,PDU-A02-SP5
2026-06-02 15:25:00,PDU-A02,57.9,PDU-A02-SP4
2026-06-02 15:30:00,PDU-A02,64.4,PDU-A02-SP2
2026-06-02 15:35:00,PDU-A02,48.7,PDU-A02-SP1
2026-06-02 15:40:00,PDU-A02,62.7,PDU-A02-SP1
2026-06-02 15:45:00,PDU-A02,54.8,PDU-A02-SP2
2026-06-02 15:50:00,PDU-A02,59.2,PDU-A02-SP5
2026-06-02 15:55:00,PDU-A02,53.0,PDU-A02-SP4
2026-06-02 16:00:00,PDU-A02,52.7,PDU-A02-SP1
2026-06-02 16:05:00,PDU-A02,51.9,PDU-A02-SP4
2026-06-02 16:10:00,PDU-A02,69.2,PDU-A02-SP4
2026-06-02 16:15:00,PDU-A02,60.5,PDU-A02-SP5
2026-06-02 16:20:00,PDU-A02,66.2,PDU-A02-SP3
2026-06-02 16:25:00,PDU-A02,50.7,PDU-A02-SP4
2026-06-02 16:30:00,PDU-A02,71.0,PDU-A02-SP5
2026-06-02 16:35:00,PDU-A02,62.1,PDU-A02-SP3
2026-06-02 16:40:00,PDU-A02,50.3,PDU-A02-SP5
2026-06-02 16:45:00,PDU-A02,62.3,PDU-A02-SP4
2026-06-02 16:50:00,PDU-A02,52.9,PDU-A02-SP1
2026-06-02 16:55:00,PDU-A02,57.7,PDU-A02-SP1
2026-06-02 17:00:00,PDU-A02,56.0,PDU-A02-SP4
2026-06-02 17:05:00,PDU-A02,52.8,PDU-A02-SP3
2026-06-02 17:10:00,PDU-A02,58.7,PDU-A02-SP2
2026-06-02 17:15:00,PDU-A02,54.5,PDU-A02-SP3
2026-06-02 17:20:00,PDU-A02,58.8,PDU-A02-SP5
2026-06-02 17:25:00,PDU-A02,67.5,PDU-A02-SP5
2026-06-02 17:30:00,PDU-A02,67.9,PDU-A02-SP4
2026-06-02 17:35:00,PDU-A02,51.8,PDU-A02-SP4
2026-06-02 17:40:00,PDU-A02,70.5,PDU-A02-SP3
2026-06-02 17:45:00,PDU-A02,67.1,PDU-A02-SP2
2026-06-02 17:50:00,PDU-A02,61.6,PDU-A02-SP1
2026-06-02 17:55:00,PDU-A02,61.9,PDU-A02-SP2
2026-06-02 18:00:00,PDU-A02,53.1,PDU-A02-SP4
2026-06-02 18:05:00,PDU-A02,68.8,PDU-A02-SP2
2026-06-02 18:10:00,PDU-A02,52.4,PDU-A02-SP1
2026-06-02 18:15:00,PDU-A02,56.2,PDU-A02-SP2
2026-06-02 18:20:00,PDU-A02,54.9,PDU-A02-SP5
2026-06-02 18:25:00,PDU-A02,48.9,PDU-A02-SP4
2026-06-02 18:30:00,PDU-A02,51.2,PDU-A02-SP5
2026-06-02 18:35:00,PDU-A02,53.5,PDU-A02-SP3
2026-06-02 18:40:00,PDU-A02,66.8,PDU-A02-SP5
2026-06-02 18:45:00,PDU-A02,54.0,PDU-A02-SP5
2026-06-02 18:50:00,PDU-A02,60.5,PDU-A02-SP1
2026-06-02 18:55:00,PDU-A02,68.3,PDU-A02-SP4
2026-06-02 19:00:00,PDU-A02,50.6,PDU-A02-SP1
2026-06-02 19:05:00,PDU-A02,48.0,PDU-A02-SP1
2026-06-02 19:10:00,PDU-A02,46.2,PDU-A02-SP1
2026-06-02 19:15:00,PDU-A02,39.3,PDU-A02-SP2
2026-06-02 19:20:00,PDU-A02,47.6,PDU-A02-SP3
2026-06-02 19:25:00,PDU-A02,47.8,PDU-A02-SP4
2026-06-02 19:30:00,PDU-A02,45.5,PDU-A02-SP3
2026-06-02 19:35:00,PDU-A02,41.2,PDU-A02-SP2
2026-06-02 19:40:00,PDU-A02,43.5,PDU-A02-SP1
2026-06-02 19:45:00,PDU-A02,42.9,PDU-A02-SP3
2026-06-02 19:50:00,PDU-A02,40.8,PDU-A02-SP3
2026-06-02 19:55:00,PDU-A02,44.1,PDU-A02-SP3
2026-06-02 20:00:00,PDU-A02,44.9,PDU-A02-SP5
2026-06-02 20:05:00,PDU-A02,42.6,PDU-A02-SP4
2026-06-02 20:10:00,PDU-A02,43.2,PDU-A02-SP4
2026-06-02 20:15:00,PDU-A02,49.5,PDU-A02-SP3
2026-06-02 20:20:00,PDU-A02,49.2,PDU-A02-SP1
2026-06-02 20:25:00,PDU-A02,47.0,PDU-A02-SP1
2026-06-02 20:30:00,PDU-A02,39.2,PDU-A02-SP2
2026-06-02 20:35:00,PDU-A02,43.3,PDU-A02-SP1
2026-06-02 20:40:00,PDU-A02,46.8,PDU-A02-SP5
2026-06-02 20:45:00,PDU-A02,40.2,PDU-A02-SP5
2026-06-02 20:50:00,PDU-A02,49.4,PDU-A02-SP5
2026-06-02 20:55:00,PDU-A02,49.5,PDU-A02-SP3
2026-06-02 21:00:00,PDU-A02,47.0,PDU-A02-SP3
2026-06-02 21:05:00,PDU-A02,49.3,PDU-A02-SP2
2026-06-02 21:10:00,PDU-A02,46.5,PDU-A02-SP2
2026-06-02 21:15:00,PDU-A02,49.3,PDU-A02-SP5
2026-06-02 21:20:00,PDU-A02,47.0,PDU-A02-SP4
2026-06-02 21:25:00,PDU-A02,49.1,PDU-A02-SP1
2026-06-02 21:30:00,PDU-A02,38.7,PDU-A02-SP2
2026-06-02 21:35:00,PDU-A02,44.9,PDU-A02-SP2
2026-06-02 21:40:00,PDU-A02,40.2,PDU-A02-SP5
2026-06-02 21:45:00,PDU-A02,43.3,PDU-A02-SP1
2026-06-02 21:50:00,PDU-A02,40.5,PDU-A02-SP5
2026-06-02 21:55:00,PDU-A02,43.2,PDU-A02-SP3
2026-06-02 22:00:00,PDU-A02,48.9,PDU-A02-SP1
2026-06-02 22:05:00,PDU-A02,48.4,PDU-A02-SP3
2026-06-02 22:10:00,PDU-A02,45.3,PDU-A02-SP1
2026-06-02 22:15:00,PDU-A02,49.1,PDU-A02-SP4
2026-06-02 22:20:00,PDU-A02,43.2,PDU-A02-SP4
2026-06-02 22:25:00,PDU-A02,41.7,PDU-A02-SP5
2026-06-02 22:30:00,PDU-A02,46.8,PDU-A02-SP5
2026-06-02 22:35:00,PDU-A02,47.2,PDU-A02-SP3
2026-06-02 22:40:00,PDU-A02,43.3,PDU-A02-SP5
2026-06-02 22:45:00,PDU-A02,47.3,PDU-A02-SP5
2026-06-02 22:50:00,PDU-A02,45.5,PDU-A02-SP5
2026-06-02 22:55:00,PDU-A02,46.7,PDU-A02-SP3
2026-06-02 23:00:00,PDU-A02,42.6,PDU-A02-SP4
2026-06-02 23:05:00,PDU-A02,46.4,PDU-A02-SP1
2026-06-02 23:10:00,PDU-A02,42.2,PDU-A02-SP2
2026-06-02 23:15:00,PDU-A02,43.4,PDU-A02-SP5
2026-06-02 23:20:00,PDU-A02,43.7,PDU-A02-SP4
2026-06-02 23:25:00,PDU-A02,48.9,PDU-A02-SP4
2026-06-02 23:30:00,PDU-A02,50.7,PDU-A02-SP4
2026-06-02 23:35:00,PDU-A02,46.7,PDU-A02-SP2
2026-06-02 23:40:00,PDU-A02,39.1,PDU-A02-SP4
2026-06-02 23:45:00,PDU-A02,41.2,PDU-A02-SP5
2026-06-02 23:50:00,PDU-A02,39.1,PDU-A02-SP4
2026-06-02 23:55:00,PDU-A02,38.0,PDU-A02-SP5
2026-06-03 00:00:00,PDU-A02,44.9,PDU-A02-SP5
2026-06-03 00:05:00,PDU-A02,46.8,PDU-A02-SP3
2026-06-03 00:10:00,PDU-A02,43.5,PDU-A02-SP2
2026-06-03 00:15:00,PDU-A02,39.5,PDU-A02-SP3
2026-06-03 00:20:00,PDU-A02,42.3,PDU-A02-SP2
2026-06-03 00:25:00,PDU-A02,40.9,PDU-A02-SP1
2026-06-03 00:30:00,PDU-A02,48.5,PDU-A02-SP3
2026-06-03 00:35:00,PDU-A02,42.6,PDU-A02-SP4
2026-06-03 00:40:00,PDU-A02,39.2,PDU-A02-SP1
2026-06-03 00:45:00,PDU-A02,48.2,PDU-A02-SP5
2026-06-03 00:50:00,PDU-A02,42.2,PDU-A02-SP3
2026-06-03 00:55:00,PDU-A02,47.5,PDU-A02-SP5
2026-06-03 01:00:00,PDU-A02,39.0,PDU-A02-SP4
2026-06-03 01:05:00,PDU-A02,48.0,PDU-A02-SP2
2026-06-03 01:10:00,PDU-A02,47.8,PDU-A02-SP5
2026-06-03 01:15:00,PDU-A02,45.9,PDU-A02-SP2
2026-06-03 01:20:00,PDU-A02,48.3,PDU-A02-SP1
2026-06-03 01:25:00,PDU-A02,51.1,PDU-A02-SP3
2026-06-03 01:30:00,PDU-A02,47.6,PDU-A02-SP1
2026-06-03 01:35:00,PDU-A02,46.5,PDU-A02-SP3
2026-06-03 01:40:00,PDU-A02,43.7,PDU-A02-SP5
2026-06-03 01:45:00,PDU-A02,41.8,PDU-A02-SP5
2026-06-03 01:50:00,PDU-A02,43.6,PDU-A02-SP5
2026-06-03 01:55:00,PDU-A02,45.7,PDU-A02-SP5
2026-06-03 02:00:00,PDU-A02,47.3,PDU-A02-SP5
2026-06-03 02:05:00,PDU-A02,39.1,PDU-A02-SP2
2026-06-03 02:10:00,PDU-A02,42.5,PDU-A02-SP5
2026-06-03 02:15:00,PDU-A02,45.1,PDU-A02-SP5
2026-06-03 02:20:00,PDU-A02,42.9,PDU-A02-SP4
2026-06-03 02:25:00,PDU-A02,46.6,PDU-A02-SP4
2026-06-03 02:30:00,PDU-A02,39.1,PDU-A02-SP5
2026-06-03 02:35:00,PDU-A02,41.5,PDU-A02-SP1
2026-06-03 02:40:00,PDU-A02,49.9,PDU-A02-SP3
2026-06-03 02:45:00,PDU-A02,39.6,PDU-A02-SP1
2026-06-03 02:50:00,PDU-A02,42.5,PDU-A02-SP2
2026-06-03 02:55:00,PDU-A02,41.5,PDU-A02-SP2
2026-06-03 03:00:00,PDU-A02,37.5,PDU-A02-SP4
2026-06-03 03:05:00,PDU-A02,38.7,PDU-A02-SP3
2026-06-03 03:10:00,PDU-A02,43.6,PDU-A02-SP1
2026-06-03 03:15:00,PDU-A02,38.5,PDU-A02-SP5
2026-06-03 03:20:00,PDU-A02,45.4,PDU-A02-SP5
2026-06-03 03:25:00,PDU-A02,41.7,PDU-A02-SP1
2026-06-03 03:30:00,PDU-A02,42.7,PDU-A02-SP1
2026-06-03 03:35:00,PDU-A02,44.0,PDU-A02-SP2
2026-06-03 03:40:00,PDU-A02,47.1,PDU-A02-SP5
2026-06-03 03:45:00,PDU-A02,50.3,PDU-A02-SP2
2026-06-03 03:50:00,PDU-A02,48.0,PDU-A02-SP2
2026-06-03 03:55:00,PDU-A02,42.0,PDU-A02-SP1
2026-06-03 04:00:00,PDU-A02,48.3,PDU-A02-SP2
2026-06-03 04:05:00,PDU-A02,45.0,PDU-A02-SP2
2026-06-03 04:10:00,PDU-A02,44.6,PDU-A02-SP5
2026-06-03 04:15:00,PDU-A02,42.0,PDU-A02-SP4
2026-06-03 04:20:00,PDU-A02,50.1,PDU-A02-SP2
2026-06-03 04:25:00,PDU-A02,40.7,PDU-A02-SP4
2026-06-03 04:30:00,PDU-A02,41.0,PDU-A02-SP4
2026-06-03 04:35:00,PDU-A02,51.4,PDU-A02-SP2
2026-06-03 04:40:00,PDU-A02,45.5,PDU-A02-SP1
2026-06-03 04:45:00,PDU-A02,40.9,PDU-A02-SP1
2026-06-03 04:50:00,PDU-A02,41.9,PDU-A02-SP1
2026-06-03 04:55:00,PDU-A02,49.0,PDU-A02-SP3
2026-06-03 05:00:00,PDU-A02,47.5,PDU-A02-SP5
2026-06-03 05:05:00,PDU-A02,48.8,PDU-A02-SP3
2026-06-03 05:10:00,PDU-A02,47.9,PDU-A02-SP4
2026-06-03 05:15:00,PDU-A02,42.7,PDU-A02-SP3
2026-06-03 05:20:00,PDU-A02,42.6,PDU-A02-SP5
2026-06-03 05:25:00,PDU-A02,44.3,PDU-A02-SP2
2026-06-03 05:30:00,PDU-A02,44.1,PDU-A02-SP4
2026-06-03 05:35:00,PDU-A02,37.1,PDU-A02-SP2
2026-06-03 05:40:00,PDU-A02,45.1,PDU-A02-SP4
2026-06-03 05:45:00,PDU-A02,47.5,PDU-A02-SP1
2026-06-03 05:50:00,PDU-A02,46.5,PDU-A02-SP4
2026-06-03 05:55:00,PDU-A02,45.8,PDU-A02-SP4
2026-06-03 06:00:00,PDU-A02,47.5,PDU-A02-SP2
2026-06-03 06:05:00,PDU-A02,49.5,PDU-A02-SP1
2026-06-03 06:10:00,PDU-A02,39.9,PDU-A02-SP2
2026-06-03 06:15:00,PDU-A02,42.8,PDU-A02-SP1
2026-06-03 06:20:00,PDU-A02,48.1,PDU-A02-SP3
2026-06-03 06:25:00,PDU-A02,42.4,PDU-A02-SP3
2026-06-03 06:30:00,PDU-A02,46.8,PDU-A02-SP4
2026-06-03 06:35:00,PDU-A02,47.8,PDU-A02-SP4
2026-06-03 06:40:00,PDU-A02,49.8,PDU-A02-SP2
2026-06-03 06:45:00,PDU-A02,41.0,PDU-A02-SP4
2026-06-03 06:50:00,PDU-A02,39.3,PDU-A02-SP5
2026-06-03 06:55:00,PDU-A02,44.6,PDU-A02-SP5
2026-06-03 07:00:00,PDU-A02,35.7,PDU-A02-SP5
2026-06-03 07:05:00,PDU-A02,35.3,PDU-A02-SP1
2026-06-03 07:10:00,PDU-A02,35.4,PDU-A02-SP1
2026-06-03 07:15:00,PDU-A02,33.5,PDU-A02-SP5
2026-06-03 07:20:00,PDU-A02,36.4,PDU-A02-SP5
2026-06-03 07:25:00,PDU-A02,35.9,PDU-A02-SP3
2026-06-03 07:30:00,PDU-A02,33.8,PDU-A02-SP1
2026-06-03 07:35:00,PDU-A02,37.0,PDU-A02-SP5
2026-06-03 07:40:00,PDU-A02,35.5,PDU-A02-SP5
2026-06-03 07:45:00,PDU-A02,36.5,PDU-A02-SP1
2026-06-03 07:50:00,PDU-A02,36.8,PDU-A02-SP1
2026-06-03 07:55:00,PDU-A02,36.4,PDU-A02-SP3
2026-06-03 08:00:00,PDU-A02,34.7,PDU-A02-SP4
2026-06-03 08:05:00,PDU-A02,34.1,PDU-A02-SP5
2026-06-03 08:10:00,PDU-A02,34.9,PDU-A02-SP3
2026-06-03 08:15:00,PDU-A02,35.1,PDU-A02-SP1
2026-06-03 08:20:00,PDU-A02,36.5,PDU-A02-SP2
2026-06-03 08:25:00,PDU-A02,33.2,PDU-A02-SP4
2026-06-03 08:30:00,PDU-A02,35.1,PDU-A02-SP3
2026-06-03 08:35:00,PDU-A02,33.0,PDU-A02-SP2
2026-06-03 08:40:00,PDU-A02,34.3,PDU-A02-SP5
2026-06-03 08:45:00,PDU-A02,36.2,PDU-A02-SP2
2026-06-03 08:50:00,PDU-A02,36.9,PDU-A02-SP4
2026-06-03 08:55:00,PDU-A02,36.8,PDU-A02-SP2
2026-06-03 09:00:00,PDU-A02,53.3,PDU-A02-SP1
2026-06-03 09:05:00,PDU-A02,60.9,PDU-A02-SP4
2026-06-03 09:10:00,PDU-A02,56.7,PDU-A02-SP3
2026-06-03 09:15:00,PDU-A02,65.8,PDU-A02-SP4
2026-06-03 09:20:00,PDU-A02,54.1,PDU-A02-SP1
2026-06-03 09:25:00,PDU-A02,66.5,PDU-A02-SP2
2026-06-03 09:30:00,PDU-A02,70.0,PDU-A02-SP5
2026-06-03 09:35:00,PDU-A02,57.2,PDU-A02-SP4
2026-06-03 09:40:00,PDU-A02,59.9,PDU-A02-SP1
2026-06-03 09:45:00,PDU-A02,67.8,PDU-A02-SP1
2026-06-03 09:50:00,PDU-A02,63.9,PDU-A02-SP4
2026-06-03 09:55:00,PDU-A02,51.5,PDU-A02-SP4
2026-06-03 10:00:00,PDU-A02,52.0,PDU-A02-SP5
2026-06-03 10:05:00,PDU-A02,52.4,PDU-A02-SP4
2026-06-03 10:10:00,PDU-A02,52.9,PDU-A02-SP2
2026-06-03 10:15:00,PDU-A02,68.4,PDU-A02-SP5
2026-06-03 10:20:00,PDU-A02,49.7,PDU-A02-SP4
2026-06-03 10:25:00,PDU-A02,68.1,PDU-A02-SP3
2026-06-03 10:30:00,PDU-A02,63.7,PDU-A02-SP1
2026-06-03 10:35:00,PDU-A02,58.4,PDU-A02-SP2
2026-06-03 10:40:00,PDU-A02,50.2,PDU-A02-SP1
2026-06-03 10:45:00,PDU-A02,63.2,PDU-A02-SP5
2026-06-03 10:50:00,PDU-A02,52.6,PDU-A02-SP3
2026-06-03 10:55:00,PDU-A02,59.3,PDU-A02-SP4
2026-06-03 11:00:00,PDU-A02,52.3,PDU-A02-SP1
2026-06-03 11:05:00,PDU-A02,50.5,PDU-A02-SP4
2026-06-03 11:10:00,PDU-A02,60.9,PDU-A02-SP3
2026-06-03 11:15:00,PDU-A02,57.8,PDU-A02-SP2
2026-06-03 11:20:00,PDU-A02,52.2,PDU-A02-SP3
2026-06-03 11:25:00,PDU-A02,57.7,PDU-A02-SP5
2026-06-03 11:30:00,PDU-A02,62.4,PDU-A02-SP1
2026-06-03 11:35:00,PDU-A02,56.0,PDU-A02-SP5
2026-06-03 11:40:00,PDU-A02,66.9,PDU-A02-SP2
2026-06-03 11:45:00,PDU-A02,70.1,PDU-A02-SP2
2026-06-03 11:50:00,PDU-A02,65.1,PDU-A02-SP4
2026-06-03 11:55:00,PDU-A02,65.8,PDU-A02-SP5
2026-06-03 12:00:00,PDU-A02,65.3,PDU-A02-SP5
2026-06-03 12:05:00,PDU-A02,69.7,PDU-A02-SP4
2026-06-03 12:10:00,PDU-A02,55.0,PDU-A02-SP1
2026-06-03 12:15:00,PDU-A02,61.6,PDU-A02-SP2
2026-06-03 12:20:00,PDU-A02,63.7,PDU-A02-SP2
2026-06-03 12:25:00,PDU-A02,55.7,PDU-A02-SP3
2026-06-03 12:30:00,PDU-A02,65.6,PDU-A02-SP4
2026-06-03 12:35:00,PDU-A02,55.6,PDU-A02-SP3
2026-06-03 12:40:00,PDU-A02,49.6,PDU-A02-SP5
2026-06-03 12:45:00,PDU-A02,51.5,PDU-A02-SP2
2026-06-03 12:50:00,PDU-A02,64.3,PDU-A02-SP3
2026-06-03 12:55:00,PDU-A02,49.0,PDU-A02-SP2
2026-06-03 13:00:00,PDU-A02,54.6,PDU-A02-SP3
2026-06-03 13:05:00,PDU-A02,63.7,PDU-A02-SP5
2026-06-03 13:10:00,PDU-A02,53.7,PDU-A02-SP2
2026-06-03 13:15:00,PDU-A02,68.5,PDU-A02-SP1
2026-06-03 13:20:00,PDU-A02,65.2,PDU-A02-SP1
2026-06-03 13:25:00,PDU-A02,55.6,PDU-A02-SP4
2026-06-03 13:30:00,PDU-A02,56.0,PDU-A02-SP2
2026-06-03 13:35:00,PDU-A02,70.7,PDU-A02-SP5
2026-06-03 13:40:00,PDU-A02,69.1,PDU-A02-SP1
2026-06-03 13:45:00,PDU-A02,53.9,PDU-A02-SP2
2026-06-03 13:50:00,PDU-A02,64.7,PDU-A02-SP4
2026-06-03 13:55:00,PDU-A02,63.2,PDU-A02-SP4
2026-06-03 14:00:00,PDU-A02,68.5,PDU-A02-SP1
2026-06-03 14:05:00,PDU-A02,65.6,PDU-A02-SP5
2026-06-03 14:10:00,PDU-A02,54.5,PDU-A02-SP2
2026-06-03 14:15:00,PDU-A02,52.2,PDU-A02-SP2
2026-06-03 14:20:00,PDU-A02,68.9,PDU-A02-SP4
2026-06-03 14:25:00,PDU-A02,52.5,PDU-A02-SP4
2026-06-03 14:30:00,PDU-A02,66.3,PDU-A02-SP2
2026-06-03 14:35:00,PDU-A02,61.2,PDU-A02-SP5
2026-06-03 14:40:00,PDU-A02,57.6,PDU-A02-SP2
2026-06-03 14:45:00,PDU-A02,55.9,PDU-A02-SP4
2026-06-03 14:50:00,PDU-A02,64.3,PDU-A02-SP3
2026-06-03 14:55:00,PDU-A02,62.2,PDU-A02-SP5
2026-06-03 15:00:00,PDU-A02,61.8,PDU-A02-SP2
2026-06-03 15:05:00,PDU-A02,58.0,PDU-A02-SP2
2026-06-03 15:10:00,PDU-A02,57.7,PDU-A02-SP5
2026-06-03 15:15:00,PDU-A02,54.5,PDU-A02-SP3
2026-06-03 15:20:00,PDU-A02,59.5,PDU-A02-SP1
2026-06-03 15:25:00,PDU-A02,56.0,PDU-A02-SP2
2026-06-03 15:30:00,PDU-A02,61.5,PDU-A02-SP5
2026-06-03 15:35:00,PDU-A02,56.5,PDU-A02-SP4
2026-06-03 15:40:00,PDU-A02,59.4,PDU-A02-SP3
2026-06-03 15:45:00,PDU-A02,53.6,PDU-A02-SP4
2026-06-03 15:50:00,PDU-A02,55.3,PDU-A02-SP3
2026-06-03 15:55:00,PDU-A02,67.2,PDU-A02-SP5
2026-06-03 16:00:00,PDU-A02,60.8,PDU-A02-SP3
2026-06-03 16:05:00,PDU-A02,66.9,PDU-A02-SP1
2026-06-03 16:10:00,PDU-A02,57.4,PDU-A02-SP3
2026-06-03 16:15:00,PDU-A02,53.2,PDU-A02-SP3
2026-06-03 16:20:00,PDU-A02,66.0,PDU-A02-SP3
2026-06-03 16:25:00,PDU-A02,54.2,PDU-A02-SP2
2026-06-03 16:30:00,PDU-A02,71.0,PDU-A02-SP5
2026-06-03 16:35:00,PDU-A02,66.3,PDU-A02-SP3
2026-06-03 16:40:00,PDU-A02,55.0,PDU-A02-SP4
2026-06-03 16:45:00,PDU-A02,70.2,PDU-A02-SP1
2026-06-03 16:50:00,PDU-A02,59.5,PDU-A02-SP2
2026-06-03 16:55:00,PDU-A02,66.2,PDU-A02-SP2
2026-06-03 17:00:00,PDU-A02,59.6,PDU-A02-SP5
2026-06-03 17:05:00,PDU-A02,66.0,PDU-A02-SP4
2026-06-03 17:10:00,PDU-A02,55.2,PDU-A02-SP2
2026-06-03 17:15:00,PDU-A02,60.3,PDU-A02-SP4
2026-06-03 17:20:00,PDU-A02,54.0,PDU-A02-SP5
2026-06-03 17:25:00,PDU-A02,49.2,PDU-A02-SP2
2026-06-03 17:30:00,PDU-A02,57.1,PDU-A02-SP4
2026-06-03 17:35:00,PDU-A02,67.5,PDU-A02-SP3
2026-06-03 17:40:00,PDU-A02,54.2,PDU-A02-SP4
2026-06-03 17:45:00,PDU-A02,66.0,PDU-A02-SP3
2026-06-03 17:50:00,PDU-A02,54.6,PDU-A02-SP1
2026-06-03 17:55:00,PDU-A02,67.1,PDU-A02-SP3
2026-06-03 18:00:00,PDU-A02,62.6,PDU-A02-SP5
2026-06-03 18:05:00,PDU-A02,61.0,PDU-A02-SP4
2026-06-03 18:10:00,PDU-A02,53.6,PDU-A02-SP5
2026-06-03 18:15:00,PDU-A02,57.6,PDU-A02-SP3
2026-06-03 18:20:00,PDU-A02,61.2,PDU-A02-SP3
2026-06-03 18:25:00,PDU-A02,50.3,PDU-A02-SP5
2026-06-03 18:30:00,PDU-A02,54.9,PDU-A02-SP5
2026-06-03 18:35:00,PDU-A02,58.5,PDU-A02-SP1
2026-06-03 18:40:00,PDU-A02,67.8,PDU-A02-SP2
2026-06-03 18:45:00,PDU-A02,55.3,PDU-A02-SP1
2026-06-03 18:50:00,PDU-A02,58.6,PDU-A02-SP1
2026-06-03 18:55:00,PDU-A02,54.9,PDU-A02-SP4
2026-06-03 19:00:00,PDU-A02,45.3,PDU-A02-SP2
2026-06-03 19:05:00,PDU-A02,44.8,PDU-A02-SP1
2026-06-03 19:10:00,PDU-A02,44.9,PDU-A02-SP2
2026-06-03 19:15:00,PDU-A02,39.3,PDU-A02-SP4
2026-06-03 19:20:00,PDU-A02,48.7,PDU-A02-SP2
2026-06-03 19:25:00,PDU-A02,47.4,PDU-A02-SP5
2026-06-03 19:30:00,PDU-A02,42.1,PDU-A02-SP4
2026-06-03 19:35:00,PDU-A02,40.1,PDU-A02-SP2
2026-06-03 19:40:00,PDU-A02,45.2,PDU-A02-SP5
2026-06-03 19:45:00,PDU-A02,48.0,PDU-A02-SP5
2026-06-03 19:50:00,PDU-A02,48.5,PDU-A02-SP5
2026-06-03 19:55:00,PDU-A02,37.8,PDU-A02-SP4
2026-06-03 20:00:00,PDU-A02,44.2,PDU-A02-SP3
2026-06-03 20:05:00,PDU-A02,44.6,PDU-A02-SP2
2026-06-03 20:10:00,PDU-A02,42.3,PDU-A02-SP5
2026-06-03 20:15:00,PDU-A02,46.9,PDU-A02-SP2
2026-06-03 20:20:00,PDU-A02,45.1,PDU-A02-SP1
2026-06-03 20:25:00,PDU-A02,43.1,PDU-A02-SP3
2026-06-03 20:30:00,PDU-A02,48.9,PDU-A02-SP1
2026-06-03 20:35:00,PDU-A02,47.6,PDU-A02-SP2
2026-06-03 20:40:00,PDU-A02,48.6,PDU-A02-SP5
2026-06-03 20:45:00,PDU-A02,39.8,PDU-A02-SP1
2026-06-03 20:50:00,PDU-A02,45.7,PDU-A02-SP4
2026-06-03 20:55:00,PDU-A02,43.0,PDU-A02-SP5
2026-06-03 21:00:00,PDU-A02,37.6,PDU-A02-SP4
2026-06-03 21:05:00,PDU-A02,44.2,PDU-A02-SP2
2026-06-03 21:10:00,PDU-A02,41.4,PDU-A02-SP1
2026-06-03 21:15:00,PDU-A02,45.3,PDU-A02-SP4
2026-06-03 21:20:00,PDU-A02,42.6,PDU-A02-SP5
2026-06-03 21:25:00,PDU-A02,47.1,PDU-A02-SP4
2026-06-03 21:30:00,PDU-A02,41.8,PDU-A02-SP2
2026-06-03 21:35:00,PDU-A02,38.9,PDU-A02-SP1
2026-06-03 21:40:00,PDU-A02,39.4,PDU-A02-SP4
2026-06-03 21:45:00,PDU-A02,41.5,PDU-A02-SP1
2026-06-03 21:50:00,PDU-A02,45.1,PDU-A02-SP3
2026-06-03 21:55:00,PDU-A02,41.8,PDU-A02-SP5
2026-06-03 22:00:00,PDU-A02,42.2,PDU-A02-SP5
2026-06-03 22:05:00,PDU-A02,46.9,PDU-A02-SP1
2026-06-03 22:10:00,PDU-A02,42.5,PDU-A02-SP1
2026-06-03 22:15:00,PDU-A02,43.8,PDU-A02-SP4
2026-06-03 22:20:00,PDU-A02,49.2,PDU-A02-SP3
2026-06-03 22:25:00,PDU-A02,47.8,PDU-A02-SP1
2026-06-03 22:30:00,PDU-A02,45.6,PDU-A02-SP3
2026-06-03 22:35:00,PDU-A02,48.7,PDU-A02-SP1
2026-06-03 22:40:00,PDU-A02,43.0,PDU-A02-SP2
2026-06-03 22:45:00,PDU-A02,45.1,PDU-A02-SP5
2026-06-03 22:50:00,PDU-A02,39.5,PDU-A02-SP5
2026-06-03 22:55:00,PDU-A02,46.4,PDU-A02-SP5
2026-06-03 23:00:00,PDU-A02,43.1,PDU-A02-SP2
2026-06-03 23:05:00,PDU-A02,40.8,PDU-A02-SP2
2026-06-03 23:10:00,PDU-A02,39.8,PDU-A02-SP1
2026-06-03 23:15:00,PDU-A02,43.1,PDU-A02-SP1
2026-06-03 23:20:00,PDU-A02,45.4,PDU-A02-SP5
2026-06-03 23:25:00,PDU-A02,41.3,PDU-A02-SP2
2026-06-03 23:30:00,PDU-A02,44.6,PDU-A02-SP4
2026-06-03 23:35:00,PDU-A02,48.2,PDU-A02-SP5
2026-06-03 23:40:00,PDU-A02,49.4,PDU-A02-SP5
2026-06-03 23:45:00,PDU-A02,42.7,PDU-A02-SP5
2026-06-03 23:50:00,PDU-A02,43.1,PDU-A02-SP4
2026-06-03 23:55:00,PDU-A02,48.3,PDU-A02-SP2
2026-06-04 00:00:00,PDU-A02,43.2,PDU-A02-SP3
2026-06-04 00:05:00,PDU-A02,50.4,PDU-A02-SP1
2026-06-04 00:10:00,PDU-A02,43.1,PDU-A02-SP5
2026-06-04 00:15:00,PDU-A02,44.0,PDU-A02-SP2
2026-06-04 00:20:00,PDU-A02,45.4,PDU-A02-SP1
2026-06-04 00:25:00,PDU-A02,42.0,PDU-A02-SP1
2026-06-04 00:30:00,PDU-A02,43.3,PDU-A02-SP2
2026-06-04 00:35:00,PDU-A02,44.1,PDU-A02-SP3
2026-06-04 00:40:00,PDU-A02,43.3,PDU-A02-SP4
2026-06-04 00:45:00,PDU-A02,39.4,PDU-A02-SP5
2026-06-04 00:50:00,PDU-A02,49.6,PDU-A02-SP3
2026-06-04 00:55:00,PDU-A02,39.7,PDU-A02-SP1
2026-06-04 01:00:00,PDU-A02,46.6,PDU-A02-SP3
2026-06-04 01:05:00,PDU-A02,46.2,PDU-A02-SP3
2026-06-04 01:10:00,PDU-A02,41.6,PDU-A02-SP1
2026-06-04 01:15:00,PDU-A02,49.6,PDU-A02-SP2
2026-06-04 01:20:00,PDU-A02,48.6,PDU-A02-SP2
2026-06-04 01:25:00,PDU-A02,45.2,PDU-A02-SP3
2026-06-04 01:30:00,PDU-A02,41.5,PDU-A02-SP1
2026-06-04 01:35:00,PDU-A02,46.8,PDU-A02-SP2
2026-06-04 01:40:00,PDU-A02,41.5,PDU-A02-SP2
2026-06-04 01:45:00,PDU-A02,39.1,PDU-A02-SP5
2026-06-04 01:50:00,PDU-A02,49.9,PDU-A02-SP2
2026-06-04 01:55:00,PDU-A02,44.3,PDU-A02-SP4
2026-06-04 02:00:00,PDU-A02,43.3,PDU-A02-SP2
2026-06-04 02:05:00,PDU-A02,44.1,PDU-A02-SP3
2026-06-04 02:10:00,PDU-A02,41.9,PDU-A02-SP2
2026-06-04 02:15:00,PDU-A02,43.1,PDU-A02-SP1
2026-06-04 02:20:00,PDU-A02,48.9,PDU-A02-SP4
2026-06-04 02:25:00,PDU-A02,40.6,PDU-A02-SP5
2026-06-04 02:30:00,PDU-A02,45.4,PDU-A02-SP2
2026-06-04 02:35:00,PDU-A02,49.2,PDU-A02-SP1
2026-06-04 02:40:00,PDU-A02,47.1,PDU-A02-SP1
2026-06-04 02:45:00,PDU-A02,49.0,PDU-A02-SP5
2026-06-04 02:50:00,PDU-A02,45.1,PDU-A02-SP2
2026-06-04 02:55:00,PDU-A02,41.7,PDU-A02-SP4
2026-06-04 03:00:00,PDU-A02,42.4,PDU-A02-SP4
2026-06-04 03:05:00,PDU-A02,38.3,PDU-A02-SP4
2026-06-04 03:10:00,PDU-A02,42.8,PDU-A02-SP1
2026-06-04 03:15:00,PDU-A02,39.1,PDU-A02-SP3
2026-06-04 03:20:00,PDU-A02,46.1,PDU-A02-SP4
2026-06-04 03:25:00,PDU-A02,49.2,PDU-A02-SP4
2026-06-04 03:30:00,PDU-A02,44.3,PDU-A02-SP1
2026-06-04 03:35:00,PDU-A02,41.7,PDU-A02-SP1
2026-06-04 03:40:00,PDU-A02,43.5,PDU-A02-SP2
2026-06-04 03:45:00,PDU-A02,49.2,PDU-A02-SP3
2026-06-04 03:50:00,PDU-A02,44.6,PDU-A02-SP3
2026-06-04 03:55:00,PDU-A02,47.3,PDU-A02-SP4
2026-06-04 04:00:00,PDU-A02,46.1,PDU-A02-SP1
2026-06-04 04:05:00,PDU-A02,48.6,PDU-A02-SP1
2026-06-04 04:10:00,PDU-A02,47.3,PDU-A02-SP3
2026-06-04 04:15:00,PDU-A02,47.4,PDU-A02-SP2
2026-06-04 04:20:00,PDU-A02,42.2,PDU-A02-SP2
2026-06-04 04:25:00,PDU-A02,40.2,PDU-A02-SP4
2026-06-04 04:30:00,PDU-A02,43.7,PDU-A02-SP1
2026-06-04 04:35:00,PDU-A02,43.5,PDU-A02-SP4
2026-06-04 04:40:00,PDU-A02,40.5,PDU-A02-SP3
2026-06-04 04:45:00,PDU-A02,44.6,PDU-A02-SP4
2026-06-04 04:50:00,PDU-A02,46.4,PDU-A02-SP1
2026-06-04 04:55:00,PDU-A02,40.5,PDU-A02-SP3
2026-06-04 05:00:00,PDU-A02,47.0,PDU-A02-SP2
2026-06-04 05:05:00,PDU-A02,48.8,PDU-A02-SP3
2026-06-04 05:10:00,PDU-A02,37.7,PDU-A02-SP4
2026-06-04 05:15:00,PDU-A02,37.3,PDU-A02-SP4
2026-06-04 05:20:00,PDU-A02,45.4,PDU-A02-SP4
2026-06-04 05:25:00,PDU-A02,40.4,PDU-A02-SP2
2026-06-04 05:30:00,PDU-A02,39.9,PDU-A02-SP1
2026-06-04 05:35:00,PDU-A02,45.2,PDU-A02-SP2
2026-06-04 05:40:00,PDU-A02,42.2,PDU-A02-SP2
2026-06-04 05:45:00,PDU-A02,43.5,PDU-A02-SP4
2026-06-04 05:50:00,PDU-A02,45.5,PDU-A02-SP1
2026-06-04 05:55:00,PDU-A02,47.2,PDU-A02-SP3
2026-06-04 06:00:00,PDU-A02,38.4,PDU-A02-SP1
2026-06-04 06:05:00,PDU-A02,43.1,PDU-A02-SP4
2026-06-04 06:10:00,PDU-A02,45.4,PDU-A02-SP1
2026-06-04 06:15:00,PDU-A02,40.7,PDU-A02-SP1
2026-06-04 06:20:00,PDU-A02,47.5,PDU-A02-SP1
2026-06-04 06:25:00,PDU-A02,40.2,PDU-A02-SP1
2026-06-04 06:30:00,PDU-A02,43.2,PDU-A02-SP3
2026-06-04 06:35:00,PDU-A02,49.1,PDU-A02-SP3
2026-06-04 06:40:00,PDU-A02,45.0,PDU-A02-SP3
2026-06-04 06:45:00,PDU-A02,51.3,PDU-A02-SP3
2026-06-04 06:50:00,PDU-A02,45.8,PDU-A02-SP1
2026-06-04 06:55:00,PDU-A02,51.2,PDU-A02-SP1
2026-06-04 07:00:00,PDU-A02,33.0,PDU-A02-SP4
2026-06-04 07:05:00,PDU-A02,35.9,PDU-A02-SP2
2026-06-04 07:10:00,PDU-A02,33.1,PDU-A02-SP1
2026-06-04 07:15:00,PDU-A02,36.5,PDU-A02-SP3
2026-06-04 07:20:00,PDU-A02,36.8,PDU-A02-SP2
2026-06-04 07:25:00,PDU-A02,34.5,PDU-A02-SP5
2026-06-04 07:30:00,PDU-A02,35.7,PDU-A02-SP4
2026-06-04 07:35:00,PDU-A02,35.1,PDU-A02-SP2
2026-06-04 07:40:00,PDU-A02,33.0,PDU-A02-SP3
2026-06-04 07:45:00,PDU-A02,33.1,PDU-A02-SP3
2026-06-04 07:50:00,PDU-A02,36.5,PDU-A02-SP3
2026-06-04 07:55:00,PDU-A02,35.7,PDU-A02-SP2
2026-06-04 08:00:00,PDU-A02,35.4,PDU-A02-SP4
2026-06-04 08:05:00,PDU-A02,36.0,PDU-A02-SP1
2026-06-04 08:10:00,PDU-A02,34.4,PDU-A02-SP4
2026-06-04 08:15:00,PDU-A02,36.9,PDU-A02-SP1
2026-06-04 08:20:00,PDU-A02,35.9,PDU-A02-SP3
2026-06-04 08:25:00,PDU-A02,35.4,PDU-A02-SP2
2026-06-04 08:30:00,PDU-A02,36.5,PDU-A02-SP5
2026-06-04 08:35:00,PDU-A02,36.1,PDU-A02-SP5
2026-06-04 08:40:00,PDU-A02,33.1,PDU-A02-SP4
2026-06-04 08:45:00,PDU-A02,36.2,PDU-A02-SP3
2026-06-04 08:50:00,PDU-A02,36.3,PDU-A02-SP5
2026-06-04 08:55:00,PDU-A02,36.9,PDU-A02-SP4
2026-06-04 09:00:00,PDU-A02,53.1,PDU-A02-SP1
2026-06-04 09:05:00,PDU-A02,59.8,PDU-A02-SP2
2026-06-04 09:10:00,PDU-A02,55.2,PDU-A02-SP1
2026-06-04 09:15:00,PDU-A02,54.1,PDU-A02-SP1
2026-06-04 09:20:00,PDU-A02,54.9,PDU-A02-SP4
2026-06-04 09:25:00,PDU-A02,64.2,PDU-A02-SP3
2026-06-04 09:30:00,PDU-A02,65.1,PDU-A02-SP1
2026-06-04 09:35:00,PDU-A02,65.0,PDU-A02-SP4
2026-06-04 09:40:00,PDU-A02,52.6,PDU-A02-SP2
2026-06-04 09:45:00,PDU-A02,69.7,PDU-A02-SP5
2026-06-04 09:50:00,PDU-A02,50.7,PDU-A02-SP4
2026-06-04 09:55:00,PDU-A02,64.2,PDU-A02-SP4
2026-06-04 10:00:00,PDU-A02,65.1,PDU-A02-SP1
2026-06-04 10:05:00,PDU-A02,54.3,PDU-A02-SP3
2026-06-04 10:10:00,PDU-A02,66.6,PDU-A02-SP1
2026-06-04 10:15:00,PDU-A02,60.0,PDU-A02-SP3
2026-06-04 10:20:00,PDU-A02,69.4,PDU-A02-SP1
2026-06-04 10:25:00,PDU-A02,56.6,PDU-A02-SP2
2026-06-04 10:30:00,PDU-A02,68.9,PDU-A02-SP3
2026-06-04 10:35:00,PDU-A02,66.6,PDU-A02-SP2
2026-06-04 10:40:00,PDU-A02,60.8,PDU-A02-SP2
2026-06-04 10:45:00,PDU-A02,50.2,PDU-A02-SP4
2026-06-04 10:50:00,PDU-A02,57.6,PDU-A02-SP3
2026-06-04 10:55:00,PDU-A02,66.7,PDU-A02-SP4
2026-06-04 11:00:00,PDU-A02,52.1,PDU-A02-SP1
2026-06-04 11:05:00,PDU-A02,61.2,PDU-A02-SP1
2026-06-04 11:10:00,PDU-A02,56.9,PDU-A02-SP5
2026-06-04 11:15:00,PDU-A02,60.9,PDU-A02-SP4
2026-06-04 11:20:00,PDU-A02,57.7,PDU-A02-SP1
2026-06-04 11:25:00,PDU-A02,69.0,PDU-A02-SP2
2026-06-04 11:30:00,PDU-A02,68.7,PDU-A02-SP2
2026-06-04 11:35:00,PDU-A02,62.2,PDU-A02-SP2
2026-06-04 11:40:00,PDU-A02,68.0,PDU-A02-SP3
2026-06-04 11:45:00,PDU-A02,70.3,PDU-A02-SP2
2026-06-04 11:50:00,PDU-A02,70.0,PDU-A02-SP3
2026-06-04 11:55:00,PDU-A02,58.3,PDU-A02-SP3
2026-06-04 12:00:00,PDU-A02,64.7,PDU-A02-SP5
2026-06-04 12:05:00,PDU-A02,63.7,PDU-A02-SP2
2026-06-04 12:10:00,PDU-A02,64.2,PDU-A02-SP1
2026-06-04 12:15:00,PDU-A02,53.6,PDU-A02-SP5
2026-06-04 12:20:00,PDU-A02,65.5,PDU-A02-SP3
2026-06-04 12:25:00,PDU-A02,57.8,PDU-A02-SP2
2026-06-04 12:30:00,PDU-A02,58.8,PDU-A02-SP2
2026-06-04 12:35:00,PDU-A02,55.4,PDU-A02-SP2
2026-06-04 12:40:00,PDU-A02,62.7,PDU-A02-SP5
2026-06-04 12:45:00,PDU-A02,53.2,PDU-A02-SP2
2026-06-04 12:50:00,PDU-A02,59.5,PDU-A02-SP2
2026-06-04 12:55:00,PDU-A02,66.9,PDU-A02-SP4
2026-06-04 13:00:00,PDU-A02,51.8,PDU-A02-SP5
2026-06-04 13:05:00,PDU-A02,63.4,PDU-A02-SP2
2026-06-04 13:10:00,PDU-A02,62.2,PDU-A02-SP1
2026-06-04 13:15:00,PDU-A02,52.0,PDU-A02-SP3
2026-06-04 13:20:00,PDU-A02,65.6,PDU-A02-SP4
2026-06-04 13:25:00,PDU-A02,67.5,PDU-A02-SP1
2026-06-04 13:30:00,PDU-A02,67.0,PDU-A02-SP4
2026-06-04 13:35:00,PDU-A02,56.1,PDU-A02-SP3
2026-06-04 13:40:00,PDU-A02,48.7,PDU-A02-SP1
2026-06-04 13:45:00,PDU-A02,60.5,PDU-A02-SP5
2026-06-04 13:50:00,PDU-A02,54.8,PDU-A02-SP5
2026-06-04 13:55:00,PDU-A02,60.4,PDU-A02-SP1
2026-06-04 14:00:00,PDU-A02,64.6,PDU-A02-SP4
2026-06-04 14:05:00,PDU-A02,70.8,PDU-A02-SP3
2026-06-04 14:10:00,PDU-A02,59.8,PDU-A02-SP1
2026-06-04 14:15:00,PDU-A02,65.7,PDU-A02-SP5
2026-06-04 14:20:00,PDU-A02,54.9,PDU-A02-SP1
2026-06-04 14:25:00,PDU-A02,59.1,PDU-A02-SP5
2026-06-04 14:30:00,PDU-A02,59.8,PDU-A02-SP5
2026-06-04 14:35:00,PDU-A02,62.1,PDU-A02-SP1
2026-06-04 14:40:00,PDU-A02,63.9,PDU-A02-SP1
2026-06-04 14:45:00,PDU-A02,54.0,PDU-A02-SP2
2026-06-04 14:50:00,PDU-A02,49.9,PDU-A02-SP3
2026-06-04 14:55:00,PDU-A02,51.0,PDU-A02-SP2
2026-06-04 15:00:00,PDU-A02,61.4,PDU-A02-SP3
2026-06-04 15:05:00,PDU-A02,65.2,PDU-A02-SP1
2026-06-04 15:10:00,PDU-A02,59.6,PDU-A02-SP5
2026-06-04 15:15:00,PDU-A02,55.3,PDU-A02-SP1
2026-06-04 15:20:00,PDU-A02,53.2,PDU-A02-SP5
2026-06-04 15:25:00,PDU-A02,67.3,PDU-A02-SP5
2026-06-04 15:30:00,PDU-A02,59.2,PDU-A02-SP3
2026-06-04 15:35:00,PDU-A02,62.4,PDU-A02-SP3
2026-06-04 15:40:00,PDU-A02,62.2,PDU-A02-SP1
2026-06-04 15:45:00,PDU-A02,61.4,PDU-A02-SP1
2026-06-04 15:50:00,PDU-A02,53.0,PDU-A02-SP2
2026-06-04 15:55:00,PDU-A02,69.6,PDU-A02-SP2
2026-06-04 16:00:00,PDU-A02,60.9,PDU-A02-SP5
2026-06-04 16:05:00,PDU-A02,58.6,PDU-A02-SP3
2026-06-04 16:10:00,PDU-A02,59.3,PDU-A02-SP4
2026-06-04 16:15:00,PDU-A02,60.9,PDU-A02-SP4
2026-06-04 16:20:00,PDU-A02,67.4,PDU-A02-SP2
2026-06-04 16:25:00,PDU-A02,52.3,PDU-A02-SP2
2026-06-04 16:30:00,PDU-A02,64.5,PDU-A02-SP5
2026-06-04 16:35:00,PDU-A02,61.8,PDU-A02-SP2
2026-06-04 16:40:00,PDU-A02,57.5,PDU-A02-SP4
2026-06-04 16:45:00,PDU-A02,50.9,PDU-A02-SP1
2026-06-04 16:50:00,PDU-A02,55.5,PDU-A02-SP5
2026-06-04 16:55:00,PDU-A02,57.5,PDU-A02-SP1
2026-06-04 17:00:00,PDU-A02,56.6,PDU-A02-SP3
2026-06-04 17:05:00,PDU-A02,54.1,PDU-A02-SP3
2026-06-04 17:10:00,PDU-A02,49.7,PDU-A02-SP2
2026-06-04 17:15:00,PDU-A02,56.0,PDU-A02-SP1
2026-06-04 17:20:00,PDU-A02,54.4,PDU-A02-SP3
2026-06-04 17:25:00,PDU-A02,63.0,PDU-A02-SP1
2026-06-04 17:30:00,PDU-A02,61.4,PDU-A02-SP3
2026-06-04 17:35:00,PDU-A02,61.5,PDU-A02-SP1
2026-06-04 17:40:00,PDU-A02,55.2,PDU-A02-SP4
2026-06-04 17:45:00,PDU-A02,54.8,PDU-A02-SP5
2026-06-04 17:50:00,PDU-A02,62.6,PDU-A02-SP4
2026-06-04 17:55:00,PDU-A02,58.0,PDU-A02-SP1
2026-06-04 18:00:00,PDU-A02,64.6,PDU-A02-SP2
2026-06-04 18:05:00,PDU-A02,53.1,PDU-A02-SP3
2026-06-04 18:10:00,PDU-A02,52.0,PDU-A02-SP3
2026-06-04 18:15:00,PDU-A02,63.1,PDU-A02-SP5
2026-06-04 18:20:00,PDU-A02,58.2,PDU-A02-SP4
2026-06-04 18:25:00,PDU-A02,70.9,PDU-A02-SP5
2026-06-04 18:30:00,PDU-A02,57.5,PDU-A02-SP5
2026-06-04 18:35:00,PDU-A02,70.4,PDU-A02-SP2
2026-06-04 18:40:00,PDU-A02,57.5,PDU-A02-SP3
2026-06-04 18:45:00,PDU-A02,57.4,PDU-A02-SP1
2026-06-04 18:50:00,PDU-A02,61.0,PDU-A02-SP2
2026-06-04 18:55:00,PDU-A02,67.6,PDU-A02-SP1
2026-06-04 19:00:00,PDU-A02,39.1,PDU-A02-SP4
2026-06-04 19:05:00,PDU-A02,45.9,PDU-A02-SP4
2026-06-04 19:10:00,PDU-A02,48.2,PDU-A02-SP2
2026-06-04 19:15:00,PDU-A02,44.3,PDU-A02-SP5
2026-06-04 19:20:00,PDU-A02,46.3,PDU-A02-SP5
2026-06-04 19:25:00,PDU-A02,42.4,PDU-A02-SP1
2026-06-04 19:30:00,PDU-A02,47.7,PDU-A02-SP3
2026-06-04 19:35:00,PDU-A02,42.6,PDU-A02-SP5
2026-06-04 19:40:00,PDU-A02,44.7,PDU-A02-SP4
2026-06-04 19:45:00,PDU-A02,50.3,PDU-A02-SP5
2026-06-04 19:50:00,PDU-A02,47.6,PDU-A02-SP3
2026-06-04 19:55:00,PDU-A02,48.3,PDU-A02-SP1
2026-06-04 20:00:00,PDU-A02,43.2,PDU-A02-SP3
2026-06-04 20:05:00,PDU-A02,49.0,PDU-A02-SP2
2026-06-04 20:10:00,PDU-A02,49.6,PDU-A02-SP1
2026-06-04 20:15:00,PDU-A02,42.1,PDU-A02-SP3
2026-06-04 20:20:00,PDU-A02,42.3,PDU-A02-SP5
2026-06-04 20:25:00,PDU-A02,45.0,PDU-A02-SP5
2026-06-04 20:30:00,PDU-A02,46.2,PDU-A02-SP4
2026-06-04 20:35:00,PDU-A02,50.2,PDU-A02-SP1
2026-06-04 20:40:00,PDU-A02,43.4,PDU-A02-SP3
2026-06-04 20:45:00,PDU-A02,40.7,PDU-A02-SP3
2026-06-04 20:50:00,PDU-A02,47.5,PDU-A02-SP3
2026-06-04 20:55:00,PDU-A02,38.8,PDU-A02-SP2
2026-06-04 21:00:00,PDU-A02,40.0,PDU-A02-SP2
2026-06-04 21:05:00,PDU-A02,45.2,PDU-A02-SP1
2026-06-04 21:10:00,PDU-A02,41.3,PDU-A02-SP2
2026-06-04 21:15:00,PDU-A02,43.7,PDU-A02-SP3
2026-06-04 21:20:00,PDU-A02,42.4,PDU-A02-SP3
2026-06-04 21:25:00,PDU-A02,39.9,PDU-A02-SP4
2026-06-04 21:30:00,PDU-A02,40.2,PDU-A02-SP4
2026-06-04 21:35:00,PDU-A02,40.6,PDU-A02-SP2
2026-06-04 21:40:00,PDU-A02,39.4,PDU-A02-SP2
2026-06-04 21:45:00,PDU-A02,44.3,PDU-A02-SP1
2026-06-04 21:50:00,PDU-A02,39.6,PDU-A02-SP4
2026-06-04 21:55:00,PDU-A02,51.5,PDU-A02-SP1
2026-06-04 22:00:00,PDU-A02,43.8,PDU-A02-SP2
2026-06-04 22:05:00,PDU-A02,43.6,PDU-A02-SP4
2026-06-04 22:10:00,PDU-A02,46.2,PDU-A02-SP4
2026-06-04 22:15:00,PDU-A02,42.3,PDU-A02-SP1
2026-06-04 22:20:00,PDU-A02,39.8,PDU-A02-SP1
2026-06-04 22:25:00,PDU-A02,46.4,PDU-A02-SP3
2026-06-04 22:30:00,PDU-A02,44.1,PDU-A02-SP1
2026-06-04 22:35:00,PDU-A02,42.9,PDU-A02-SP4
2026-06-04 22:40:00,PDU-A02,39.6,PDU-A02-SP5
2026-06-04 22:45:00,PDU-A02,40.7,PDU-A02-SP2
2026-06-04 22:50:00,PDU-A02,40.6,PDU-A02-SP3
2026-06-04 22:55:00,PDU-A02,48.9,PDU-A02-SP4
2026-06-04 23:00:00,PDU-A02,42.0,PDU-A02-SP1
2026-06-04 23:05:00,PDU-A02,46.7,PDU-A02-SP2
2026-06-04 23:10:00,PDU-A02,42.5,PDU-A02-SP2
2026-06-04 23:15:00,PDU-A02,40.1,PDU-A02-SP1
2026-06-04 23:20:00,PDU-A02,40.8,PDU-A02-SP2
2026-06-04 23:25:00,PDU-A02,44.2,PDU-A02-SP1
2026-06-04 23:30:00,PDU-A02,48.0,PDU-A02-SP5
2026-06-04 23:35:00,PDU-A02,42.9,PDU-A02-SP2
2026-06-04 23:40:00,PDU-A02,41.1,PDU-A02-SP1
2026-06-04 23:45:00,PDU-A02,45.2,PDU-A02-SP3
2026-06-04 23:50:00,PDU-A02,39.7,PDU-A02-SP3
2026-06-04 23:55:00,PDU-A02,45.8,PDU-A02-SP1
2026-06-05 00:00:00,PDU-A02,39.0,PDU-A02-SP3
2026-06-05 00:05:00,PDU-A02,41.2,PDU-A02-SP5
2026-06-05 00:10:00,PDU-A02,38.8,PDU-A02-SP4
2026-06-05 00:15:00,PDU-A02,42.2,PDU-A02-SP1
2026-06-05 00:20:00,PDU-A02,47.1,PDU-A02-SP2
2026-06-05 00:25:00,PDU-A02,43.6,PDU-A02-SP3
2026-06-05 00:30:00,PDU-A02,47.5,PDU-A02-SP5
2026-06-05 00:35:00,PDU-A02,43.7,PDU-A02-SP2
2026-06-05 00:40:00,PDU-A02,43.8,PDU-A02-SP1
2026-06-05 00:45:00,PDU-A02,41.4,PDU-A02-SP1
2026-06-05 00:50:00,PDU-A02,41.3,PDU-A02-SP2
2026-06-05 00:55:00,PDU-A02,40.9,PDU-A02-SP1
2026-06-05 01:00:00,PDU-A02,40.0,PDU-A02-SP3
2026-06-05 01:05:00,PDU-A02,42.2,PDU-A02-SP2
2026-06-05 01:10:00,PDU-A02,43.5,PDU-A02-SP2
2026-06-05 01:15:00,PDU-A02,41.3,PDU-A02-SP3
2026-06-05 01:20:00,PDU-A02,49.8,PDU-A02-SP5
2026-06-05 01:25:00,PDU-A02,51.3,PDU-A02-SP4
2026-06-05 01:30:00,PDU-A02,44.4,PDU-A02-SP4
2026-06-05 01:35:00,PDU-A02,39.4,PDU-A02-SP5
2026-06-05 01:40:00,PDU-A02,46.4,PDU-A02-SP3
2026-06-05 01:45:00,PDU-A02,45.2,PDU-A02-SP1
2026-06-05 01:50:00,PDU-A02,47.8,PDU-A02-SP2
2026-06-05 01:55:00,PDU-A02,46.7,PDU-A02-SP5
2026-06-05 02:00:00,PDU-A02,50.5,PDU-A02-SP2
2026-06-05 02:05:00,PDU-A02,43.9,PDU-A02-SP5
2026-06-05 02:10:00,PDU-A02,47.2,PDU-A02-SP3
2026-06-05 02:15:00,PDU-A02,39.3,PDU-A02-SP5
2026-06-05 02:20:00,PDU-A02,42.2,PDU-A02-SP5
2026-06-05 02:25:00,PDU-A02,44.8,PDU-A02-SP5
2026-06-05 02:30:00,PDU-A02,43.3,PDU-A02-SP3
2026-06-05 02:35:00,PDU-A02,47.0,PDU-A02-SP2
2026-06-05 02:40:00,PDU-A02,41.6,PDU-A02-SP3
2026-06-05 02:45:00,PDU-A02,38.0,PDU-A02-SP3
2026-06-05 02:50:00,PDU-A02,48.3,PDU-A02-SP1
2026-06-05 02:55:00,PDU-A02,45.1,PDU-A02-SP2
2026-06-05 03:00:00,PDU-A02,42.9,PDU-A02-SP3
2026-06-05 03:05:00,PDU-A02,47.8,PDU-A02-SP3
2026-06-05 03:10:00,PDU-A02,40.7,PDU-A02-SP5
2026-06-05 03:15:00,PDU-A02,40.4,PDU-A02-SP5
2026-06-05 03:20:00,PDU-A02,44.2,PDU-A02-SP1
2026-06-05 03:25:00,PDU-A02,46.9,PDU-A02-SP3
2026-06-05 03:30:00,PDU-A02,42.8,PDU-A02-SP5
2026-06-05 03:35:00,PDU-A02,47.7,PDU-A02-SP5
2026-06-05 03:40:00,PDU-A02,41.2,PDU-A02-SP4
2026-06-05 03:45:00,PDU-A02,48.4,PDU-A02-SP5
2026-06-05 03:50:00,PDU-A02,46.3,PDU-A02-SP2
2026-06-05 03:55:00,PDU-A02,41.4,PDU-A02-SP4
2026-06-05 04:00:00,PDU-A02,39.6,PDU-A02-SP4
2026-06-05 04:05:00,PDU-A02,44.7,PDU-A02-SP1
2026-06-05 04:10:00,PDU-A02,44.3,PDU-A02-SP2
2026-06-05 04:15:00,PDU-A02,41.0,PDU-A02-SP2
2026-06-05 04:20:00,PDU-A02,44.2,PDU-A02-SP2
2026-06-05 04:25:00,PDU-A02,50.0,PDU-A02-SP5
2026-06-05 04:30:00,PDU-A02,39.6,PDU-A02-SP4
2026-06-05 04:35:00,PDU-A02,43.3,PDU-A02-SP4
2026-06-05 04:40:00,PDU-A02,40.2,PDU-A02-SP1
2026-06-05 04:45:00,PDU-A02,45.1,PDU-A02-SP1
2026-06-05 04:50:00,PDU-A02,38.3,PDU-A02-SP1
2026-06-05 04:55:00,PDU-A02,41.5,PDU-A02-SP3
2026-06-05 05:00:00,PDU-A02,41.1,PDU-A02-SP1
2026-06-05 05:05:00,PDU-A02,45.8,PDU-A02-SP1
2026-06-05 05:10:00,PDU-A02,46.2,PDU-A02-SP1
2026-06-05 05:15:00,PDU-A02,41.1,PDU-A02-SP5
2026-06-05 05:20:00,PDU-A02,50.1,PDU-A02-SP3
2026-06-05 05:25:00,PDU-A02,41.3,PDU-A02-SP1
2026-06-05 05:30:00,PDU-A02,44.0,PDU-A02-SP5
2026-06-05 05:35:00,PDU-A02,41.7,PDU-A02-SP1
2026-06-05 05:40:00,PDU-A02,43.4,PDU-A02-SP4
2026-06-05 05:45:00,PDU-A02,42.2,PDU-A02-SP1
2026-06-05 05:50:00,PDU-A02,41.0,PDU-A02-SP3
2026-06-05 05:55:00,PDU-A02,45.1,PDU-A02-SP4
2026-06-05 06:00:00,PDU-A02,47.4,PDU-A02-SP1
2026-06-05 06:05:00,PDU-A02,46.4,PDU-A02-SP2
2026-06-05 06:10:00,PDU-A02,41.9,PDU-A02-SP3
2026-06-05 06:15:00,PDU-A02,39.2,PDU-A02-SP3
2026-06-05 06:20:00,PDU-A02,50.8,PDU-A02-SP1
2026-06-05 06:25:00,PDU-A02,44.4,PDU-A02-SP5
2026-06-05 06:30:00,PDU-A02,41.4,PDU-A02-SP4
2026-06-05 06:35:00,PDU-A02,41.3,PDU-A02-SP3
2026-06-05 06:40:00,PDU-A02,45.0,PDU-A02-SP1
2026-06-05 06:45:00,PDU-A02,42.0,PDU-A02-SP3
2026-06-05 06:50:00,PDU-A02,50.5,PDU-A02-SP1
2026-06-05 06:55:00,PDU-A02,49.1,PDU-A02-SP2
2026-06-05 07:00:00,PDU-A02,36.1,PDU-A02-SP2
2026-06-05 07:05:00,PDU-A02,34.3,PDU-A02-SP4
2026-06-05 07:10:00,PDU-A02,34.8,PDU-A02-SP4
2026-06-05 07:15:00,PDU-A02,36.3,PDU-A02-SP1
2026-06-05 07:20:00,PDU-A02,35.3,PDU-A02-SP3
2026-06-05 07:25:00,PDU-A02,33.6,PDU-A02-SP3
2026-06-05 07:30:00,PDU-A02,37.0,PDU-A02-SP2
2026-06-05 07:35:00,PDU-A02,36.1,PDU-A02-SP3
2026-06-05 07:40:00,PDU-A02,34.3,PDU-A02-SP4
2026-06-05 07:45:00,PDU-A02,34.9,PDU-A02-SP4
2026-06-05 07:50:00,PDU-A02,35.4,PDU-A02-SP3
2026-06-05 07:55:00,PDU-A02,33.6,PDU-A02-SP2
2026-06-05 08:00:00,PDU-A02,34.5,PDU-A02-SP5
2026-06-05 08:05:00,PDU-A02,35.0,PDU-A02-SP5
2026-06-05 08:10:00,PDU-A02,35.0,PDU-A02-SP5
2026-06-05 08:15:00,PDU-A02,36.3,PDU-A02-SP4
2026-06-05 08:20:00,PDU-A02,33.3,PDU-A02-SP4
2026-06-05 08:25:00,PDU-A02,35.1,PDU-A02-SP2
2026-06-05 08:30:00,PDU-A02,35.8,PDU-A02-SP2
2026-06-05 08:35:00,PDU-A02,34.4,PDU-A02-SP2
2026-06-05 08:40:00,PDU-A02,37.0,PDU-A02-SP1
2026-06-05 08:45:00,PDU-A02,34.4,PDU-A02-SP4
2026-06-05 08:50:00,PDU-A02,36.8,PDU-A02-SP1
2026-06-05 08:55:00,PDU-A02,33.2,PDU-A02-SP3
2026-06-05 09:00:00,PDU-A02,58.6,PDU-A02-SP2
2026-06-05 09:05:00,PDU-A02,54.5,PDU-A02-SP5
2026-06-05 09:10:00,PDU-A02,71.1,PDU-A02-SP2
2026-06-05 09:15:00,PDU-A02,53.1,PDU-A02-SP2
2026-06-05 09:20:00,PDU-A02,53.1,PDU-A02-SP2
2026-06-05 09:25:00,PDU-A02,55.7,PDU-A02-SP4
2026-06-05 09:30:00,PDU-A02,58.2,PDU-A02-SP5
2026-06-05 09:35:00,PDU-A02,52.8,PDU-A02-SP2
2026-06-05 09:40:00,PDU-A02,50.1,PDU-A02-SP1
2026-06-05 09:45:00,PDU-A02,53.0,PDU-A02-SP4
2026-06-05 09:50:00,PDU-A02,51.7,PDU-A02-SP2
2026-06-05 09:55:00,PDU-A02,65.8,PDU-A02-SP3
2026-06-05 10:00:00,PDU-A02,60.3,PDU-A02-SP4
2026-06-05 10:05:00,PDU-A02,66.4,PDU-A02-SP3
2026-06-05 10:10:00,PDU-A02,50.5,PDU-A02-SP1
2026-06-05 10:15:00,PDU-A02,60.8,PDU-A02-SP2
2026-06-05 10:20:00,PDU-A02,51.5,PDU-A02-SP4
2026-06-05 10:25:00,PDU-A02,62.4,PDU-A02-SP5
2026-06-05 10:30:00,PDU-A02,60.9,PDU-A02-SP4
2026-06-05 10:35:00,PDU-A02,67.7,PDU-A02-SP1
2026-06-05 10:40:00,PDU-A02,62.3,PDU-A02-SP2
2026-06-05 10:45:00,PDU-A02,64.5,PDU-A02-SP1
2026-06-05 10:50:00,PDU-A02,53.1,PDU-A02-SP5
2026-06-05 10:55:00,PDU-A02,60.4,PDU-A02-SP4
2026-06-05 11:00:00,PDU-A02,60.2,PDU-A02-SP4
2026-06-05 11:05:00,PDU-A02,65.2,PDU-A02-SP3
2026-06-05 11:10:00,PDU-A02,61.7,PDU-A02-SP1
2026-06-05 11:15:00,PDU-A02,51.5,PDU-A02-SP3
2026-06-05 11:20:00,PDU-A02,49.7,PDU-A02-SP5
2026-06-05 11:25:00,PDU-A02,51.0,PDU-A02-SP1
2026-06-05 11:30:00,PDU-A02,64.4,PDU-A02-SP5
2026-06-05 11:35:00,PDU-A02,55.8,PDU-A02-SP2
2026-06-05 11:40:00,PDU-A02,57.3,PDU-A02-SP5
2026-06-05 11:45:00,PDU-A02,52.8,PDU-A02-SP4
2026-06-05 11:50:00,PDU-A02,50.2,PDU-A02-SP3
2026-06-05 11:55:00,PDU-A02,49.6,PDU-A02-SP3
2026-06-05 12:00:00,PDU-A02,69.2,PDU-A02-SP3
2026-06-05 12:05:00,PDU-A02,65.9,PDU-A02-SP2
2026-06-05 12:10:00,PDU-A02,62.4,PDU-A02-SP4
2026-06-05 12:15:00,PDU-A02,67.9,PDU-A02-SP5
2026-06-05 12:20:00,PDU-A02,64.8,PDU-A02-SP5
2026-06-05 12:25:00,PDU-A02,65.8,PDU-A02-SP1
2026-06-05 12:30:00,PDU-A02,54.4,PDU-A02-SP4
2026-06-05 12:35:00,PDU-A02,52.1,PDU-A02-SP2
2026-06-05 12:40:00,PDU-A02,68.9,PDU-A02-SP2
2026-06-05 12:45:00,PDU-A02,64.0,PDU-A02-SP5
2026-06-05 12:50:00,PDU-A02,61.2,PDU-A02-SP5
2026-06-05 12:55:00,PDU-A02,68.0,PDU-A02-SP2
2026-06-05 13:00:00,PDU-A02,56.2,PDU-A02-SP4
2026-06-05 13:05:00,PDU-A02,51.7,PDU-A02-SP4
2026-06-05 13:10:00,PDU-A02,56.8,PDU-A02-SP5
2026-06-05 13:15:00,PDU-A02,50.1,PDU-A02-SP4
2026-06-05 13:20:00,PDU-A02,50.0,PDU-A02-SP3
2026-06-05 13:25:00,PDU-A02,62.8,PDU-A02-SP1
2026-06-05 13:30:00,PDU-A02,59.8,PDU-A02-SP2
2026-06-05 13:35:00,PDU-A02,67.3,PDU-A02-SP3
2026-06-05 13:40:00,PDU-A02,60.9,PDU-A02-SP1
2026-06-05 13:45:00,PDU-A02,54.7,PDU-A02-SP3
2026-06-05 13:50:00,PDU-A02,71.6,PDU-A02-SP4
2026-06-05 13:55:00,PDU-A02,61.6,PDU-A02-SP1
2026-06-05 14:00:00,PDU-A02,69.4,PDU-A02-SP3
2026-06-05 14:05:00,PDU-A02,66.8,PDU-A02-SP5
2026-06-05 14:10:00,PDU-A02,66.9,PDU-A02-SP3
2026-06-05 14:15:00,PDU-A02,60.7,PDU-A02-SP3
2026-06-05 14:20:00,PDU-A02,58.2,PDU-A02-SP5
2026-06-05 14:25:00,PDU-A02,60.5,PDU-A02-SP1
2026-06-05 14:30:00,PDU-A02,63.0,PDU-A02-SP2
2026-06-05 14:35:00,PDU-A02,64.2,PDU-A02-SP2
2026-06-05 14:40:00,PDU-A02,66.2,PDU-A02-SP2
2026-06-05 14:45:00,PDU-A02,62.8,PDU-A02-SP2
2026-06-05 14:50:00,PDU-A02,57.6,PDU-A02-SP1
2026-06-05 14:55:00,PDU-A02,56.9,PDU-A02-SP5
2026-06-05 15:00:00,PDU-A02,67.9,PDU-A02-SP1
2026-06-05 15:05:00,PDU-A02,52.0,PDU-A02-SP4
2026-06-05 15:10:00,PDU-A02,64.2,PDU-A02-SP3
2026-06-05 15:15:00,PDU-A02,50.7,PDU-A02-SP5
2026-06-05 15:20:00,PDU-A02,60.5,PDU-A02-SP4
2026-06-05 15:25:00,PDU-A02,52.1,PDU-A02-SP5
2026-06-05 15:30:00,PDU-A02,53.0,PDU-A02-SP2
2026-06-05 15:35:00,PDU-A02,54.5,PDU-A02-SP5
2026-06-05 15:40:00,PDU-A02,63.7,PDU-A02-SP3
2026-06-05 15:45:00,PDU-A02,67.7,PDU-A02-SP2
2026-06-05 15:50:00,PDU-A02,52.6,PDU-A02-SP4
2026-06-05 15:55:00,PDU-A02,55.9,PDU-A02-SP1
2026-06-05 16:00:00,PDU-A02,51.9,PDU-A02-SP1
2026-06-05 16:05:00,PDU-A02,56.8,PDU-A02-SP4
2026-06-05 16:10:00,PDU-A02,61.2,PDU-A02-SP3
2026-06-05 16:15:00,PDU-A02,51.9,PDU-A02-SP4
2026-06-05 16:20:00,PDU-A02,57.9,PDU-A02-SP2
2026-06-05 16:25:00,PDU-A02,55.7,PDU-A02-SP4
2026-06-05 16:30:00,PDU-A02,60.3,PDU-A02-SP2
2026-06-05 16:35:00,PDU-A02,69.1,PDU-A02-SP5
2026-06-05 16:40:00,PDU-A02,55.8,PDU-A02-SP5
2026-06-05 16:45:00,PDU-A02,54.9,PDU-A02-SP5
2026-06-05 16:50:00,PDU-A02,61.6,PDU-A02-SP3
2026-06-05 16:55:00,PDU-A02,51.9,PDU-A02-SP2
2026-06-05 17:00:00,PDU-A02,59.3,PDU-A02-SP4
2026-06-05 17:05:00,PDU-A02,56.1,PDU-A02-SP4
2026-06-05 17:10:00,PDU-A02,70.3,PDU-A02-SP4
2026-06-05 17:15:00,PDU-A02,63.1,PDU-A02-SP1
2026-06-05 17:20:00,PDU-A02,56.3,PDU-A02-SP4
2026-06-05 17:25:00,PDU-A02,65.0,PDU-A02-SP5
2026-06-05 17:30:00,PDU-A02,56.9,PDU-A02-SP2
2026-06-05 17:35:00,PDU-A02,69.7,PDU-A02-SP1
2026-06-05 17:40:00,PDU-A02,56.9,PDU-A02-SP3
2026-06-05 17:45:00,PDU-A02,67.9,PDU-A02-SP1
2026-06-05 17:50:00,PDU-A02,64.6,PDU-A02-SP4
2026-06-05 17:55:00,PDU-A02,57.7,PDU-A02-SP5
2026-06-05 18:00:00,PDU-A02,60.4,PDU-A02-SP3
2026-06-05 18:05:00,PDU-A02,51.0,PDU-A02-SP4
2026-06-05 18:10:00,PDU-A02,57.7,PDU-A02-SP2
2026-06-05 18:15:00,PDU-A02,60.4,PDU-A02-SP4
2026-06-05 18:20:00,PDU-A02,63.5,PDU-A02-SP1
2026-06-05 18:25:00,PDU-A02,71.1,PDU-A02-SP1
2026-06-05 18:30:00,PDU-A02,49.9,PDU-A02-SP4
2026-06-05 18:35:00,PDU-A02,53.1,PDU-A02-SP5
2026-06-05 18:40:00,PDU-A02,66.9,PDU-A02-SP4
2026-06-05 18:45:00,PDU-A02,61.3,PDU-A02-SP3
2026-06-05 18:50:00,PDU-A02,65.9,PDU-A02-SP4
2026-06-05 18:55:00,PDU-A02,59.5,PDU-A02-SP4
2026-06-05 19:00:00,PDU-A02,48.9,PDU-A02-SP4
2026-06-05 19:05:00,PDU-A02,44.8,PDU-A02-SP4
2026-06-05 19:10:00,PDU-A02,38.6,PDU-A02-SP2
2026-06-05 19:15:00,PDU-A02,43.7,PDU-A02-SP3
2026-06-05 19:20:00,PDU-A02,44.0,PDU-A02-SP4
2026-06-05 19:25:00,PDU-A02,44.4,PDU-A02-SP4
2026-06-05 19:30:00,PDU-A02,37.5,PDU-A02-SP3
2026-06-05 19:35:00,PDU-A02,48.3,PDU-A02-SP5
2026-06-05 19:40:00,PDU-A02,41.2,PDU-A02-SP5
2026-06-05 19:45:00,PDU-A02,48.9,PDU-A02-SP4
2026-06-05 19:50:00,PDU-A02,41.7,PDU-A02-SP1
2026-06-05 19:55:00,PDU-A02,48.1,PDU-A02-SP2
2026-06-05 20:00:00,PDU-A02,48.9,PDU-A02-SP2
2026-06-05 20:05:00,PDU-A02,42.7,PDU-A02-SP2
2026-06-05 20:10:00,PDU-A02,42.2,PDU-A02-SP2
2026-06-05 20:15:00,PDU-A02,45.1,PDU-A02-SP4
2026-06-05 20:20:00,PDU-A02,48.8,PDU-A02-SP3
2026-06-05 20:25:00,PDU-A02,46.8,PDU-A02-SP3
2026-06-05 20:30:00,PDU-A02,39.6,PDU-A02-SP4
2026-06-05 20:35:00,PDU-A02,40.2,PDU-A02-SP2
2026-06-05 20:40:00,PDU-A02,40.1,PDU-A02-SP1
2026-06-05 20:45:00,PDU-A02,43.4,PDU-A02-SP2
2026-06-05 20:50:00,PDU-A02,50.4,PDU-A02-SP3
2026-06-05 20:55:00,PDU-A02,41.7,PDU-A02-SP2
2026-06-05 21:00:00,PDU-A02,42.4,PDU-A02-SP2
2026-06-05 21:05:00,PDU-A02,48.2,PDU-A02-SP4
2026-06-05 21:10:00,PDU-A02,48.1,PDU-A02-SP3
2026-06-05 21:15:00,PDU-A02,38.5,PDU-A02-SP1
2026-06-05 21:20:00,PDU-A02,46.3,PDU-A02-SP1
2026-06-05 21:25:00,PDU-A02,41.9,PDU-A02-SP1
2026-06-05 21:30:00,PDU-A02,39.3,PDU-A02-SP2
2026-06-05 21:35:00,PDU-A02,40.0,PDU-A02-SP3
2026-06-05 21:40:00,PDU-A02,47.9,PDU-A02-SP1
2026-06-05 21:45:00,PDU-A02,42.5,PDU-A02-SP1
2026-06-05 21:50:00,PDU-A02,44.9,PDU-A02-SP2
2026-06-05 21:55:00,PDU-A02,46.1,PDU-A02-SP3
2026-06-05 22:00:00,PDU-A02,45.8,PDU-A02-SP2
2026-06-05 22:05:00,PDU-A02,39.0,PDU-A02-SP2
2026-06-05 22:10:00,PDU-A02,46.8,PDU-A02-SP1
2026-06-05 22:15:00,PDU-A02,39.7,PDU-A02-SP3
2026-06-05 22:20:00,PDU-A02,44.8,PDU-A02-SP5
2026-06-05 22:25:00,PDU-A02,39.1,PDU-A02-SP3
2026-06-05 22:30:00,PDU-A02,48.0,PDU-A02-SP1
2026-06-05 22:35:00,PDU-A02,45.0,PDU-A02-SP2
2026-06-05 22:40:00,PDU-A02,40.8,PDU-A02-SP2
2026-06-05 22:45:00,PDU-A02,37.9,PDU-A02-SP1
2026-06-05 22:50:00,PDU-A02,48.8,PDU-A02-SP3
2026-06-05 22:55:00,PDU-A02,40.8,PDU-A02-SP1
2026-06-05 23:00:00,PDU-A02,43.0,PDU-A02-SP3
2026-06-05 23:05:00,PDU-A02,45.4,PDU-A02-SP4
2026-06-05 23:10:00,PDU-A02,44.2,PDU-A02-SP2
2026-06-05 23:15:00,PDU-A02,40.5,PDU-A02-SP3
2026-06-05 23:20:00,PDU-A02,48.0,PDU-A02-SP5
2026-06-05 23:25:00,PDU-A02,43.6,PDU-A02-SP4
2026-06-05 23:30:00,PDU-A02,43.6,PDU-A02-SP5
2026-06-05 23:35:00,PDU-A02,48.5,PDU-A02-SP5
2026-06-05 23:40:00,PDU-A02,39.7,PDU-A02-SP2
2026-06-05 23:45:00,PDU-A02,44.7,PDU-A02-SP1
2026-06-05 23:50:00,PDU-A02,45.5,PDU-A02-SP5
2026-06-05 23:55:00,PDU-A02,41.4,PDU-A02-SP5
2026-06-06 00:00:00,PDU-A02,48.7,PDU-A02-SP5
2026-06-06 00:05:00,PDU-A02,41.0,PDU-A02-SP2
2026-06-06 00:10:00,PDU-A02,47.6,PDU-A02-SP2
2026-06-06 00:15:00,PDU-A02,41.2,PDU-A02-SP3
2026-06-06 00:20:00,PDU-A02,44.2,PDU-A02-SP1
2026-06-06 00:25:00,PDU-A02,39.9,PDU-A02-SP3
2026-06-06 00:30:00,PDU-A02,41.6,PDU-A02-SP3
2026-06-06 00:35:00,PDU-A02,49.1,PDU-A02-SP4
2026-06-06 00:40:00,PDU-A02,41.0,PDU-A02-SP2
2026-06-06 00:45:00,PDU-A02,39.2,PDU-A02-SP5
2026-06-06 00:50:00,PDU-A02,50.6,PDU-A02-SP1
2026-06-06 00:55:00,PDU-A02,45.9,PDU-A02-SP4
2026-06-06 01:00:00,PDU-A02,41.8,PDU-A02-SP2
2026-06-06 01:05:00,PDU-A02,39.5,PDU-A02-SP1
2026-06-06 01:10:00,PDU-A02,49.6,PDU-A02-SP1
2026-06-06 01:15:00,PDU-A02,44.4,PDU-A02-SP5
2026-06-06 01:20:00,PDU-A02,43.5,PDU-A02-SP3
2026-06-06 01:25:00,PDU-A02,40.3,PDU-A02-SP5
2026-06-06 01:30:00,PDU-A02,51.5,PDU-A02-SP3
2026-06-06 01:35:00,PDU-A02,42.3,PDU-A02-SP1
2026-06-06 01:40:00,PDU-A02,50.5,PDU-A02-SP1
2026-06-06 01:45:00,PDU-A02,40.8,PDU-A02-SP4
2026-06-06 01:50:00,PDU-A02,41.3,PDU-A02-SP3
2026-06-06 01:55:00,PDU-A02,43.0,PDU-A02-SP4
2026-06-06 02:00:00,PDU-A02,41.0,PDU-A02-SP4
2026-06-06 02:05:00,PDU-A02,45.3,PDU-A02-SP4
2026-06-06 02:10:00,PDU-A02,45.0,PDU-A02-SP1
2026-06-06 02:15:00,PDU-A02,50.0,PDU-A02-SP1
2026-06-06 02:20:00,PDU-A02,37.5,PDU-A02-SP1
2026-06-06 02:25:00,PDU-A02,42.5,PDU-A02-SP4
2026-06-06 02:30:00,PDU-A02,39.8,PDU-A02-SP3
2026-06-06 02:35:00,PDU-A02,48.1,PDU-A02-SP1
2026-06-06 02:40:00,PDU-A02,50.7,PDU-A02-SP3
2026-06-06 02:45:00,PDU-A02,46.9,PDU-A02-SP1
2026-06-06 02:50:00,PDU-A02,47.7,PDU-A02-SP3
2026-06-06 02:55:00,PDU-A02,47.7,PDU-A02-SP4
2026-06-06 03:00:00,PDU-A02,40.7,PDU-A02-SP2
2026-06-06 03:05:00,PDU-A02,43.9,PDU-A02-SP3
2026-06-06 03:10:00,PDU-A02,49.5,PDU-A02-SP4
2026-06-06 03:15:00,PDU-A02,46.7,PDU-A02-SP5
2026-06-06 03:20:00,PDU-A02,45.1,PDU-A02-SP4
2026-06-06 03:25:00,PDU-A02,49.0,PDU-A02-SP4
2026-06-06 03:30:00,PDU-A02,40.5,PDU-A02-SP3
2026-06-06 03:35:00,PDU-A02,46.2,PDU-A02-SP2
2026-06-06 03:40:00,PDU-A02,47.2,PDU-A02-SP2
2026-06-06 03:45:00,PDU-A02,44.9,PDU-A02-SP4
2026-06-06 03:50:00,PDU-A02,37.7,PDU-A02-SP2
2026-06-06 03:55:00,PDU-A02,43.7,PDU-A02-SP4
2026-06-06 04:00:00,PDU-A02,39.0,PDU-A02-SP5
2026-06-06 04:05:00,PDU-A02,47.4,PDU-A02-SP3
2026-06-06 04:10:00,PDU-A02,46.6,PDU-A02-SP4
2026-06-06 04:15:00,PDU-A02,47.6,PDU-A02-SP1
2026-06-06 04:20:00,PDU-A02,47.9,PDU-A02-SP3
2026-06-06 04:25:00,PDU-A02,43.1,PDU-A02-SP5
2026-06-06 04:30:00,PDU-A02,45.8,PDU-A02-SP2
2026-06-06 04:35:00,PDU-A02,39.4,PDU-A02-SP3
2026-06-06 04:40:00,PDU-A02,49.8,PDU-A02-SP1
2026-06-06 04:45:00,PDU-A02,42.1,PDU-A02-SP1
2026-06-06 04:50:00,PDU-A02,43.2,PDU-A02-SP2
2026-06-06 04:55:00,PDU-A02,41.8,PDU-A02-SP5
2026-06-06 05:00:00,PDU-A02,43.0,PDU-A02-SP5
2026-06-06 05:05:00,PDU-A02,39.7,PDU-A02-SP2
2026-06-06 05:10:00,PDU-A02,43.1,PDU-A02-SP3
2026-06-06 05:15:00,PDU-A02,38.7,PDU-A02-SP1
2026-06-06 05:20:00,PDU-A02,39.1,PDU-A02-SP4
2026-06-06 05:25:00,PDU-A02,39.9,PDU-A02-SP2
2026-06-06 05:30:00,PDU-A02,45.7,PDU-A02-SP4
2026-06-06 05:35:00,PDU-A02,43.1,PDU-A02-SP1
2026-06-06 05:40:00,PDU-A02,47.9,PDU-A02-SP2
2026-06-06 05:45:00,PDU-A02,41.8,PDU-A02-SP5
2026-06-06 05:50:00,PDU-A02,40.2,PDU-A02-SP1
2026-06-06 05:55:00,PDU-A02,43.6,PDU-A02-SP4
2026-06-06 06:00:00,PDU-A02,41.7,PDU-A02-SP3
2026-06-06 06:05:00,PDU-A02,43.1,PDU-A02-SP2
2026-06-06 06:10:00,PDU-A02,42.0,PDU-A02-SP5
2026-06-06 06:15:00,PDU-A02,40.2,PDU-A02-SP2
2026-06-06 06:20:00,PDU-A02,45.3,PDU-A02-SP4
2026-06-06 06:25:00,PDU-A02,48.5,PDU-A02-SP2
2026-06-06 06:30:00,PDU-A02,41.6,PDU-A02-SP2
2026-06-06 06:35:00,PDU-A02,42.7,PDU-A02-SP2
2026-06-06 06:40:00,PDU-A02,50.2,PDU-A02-SP4
2026-06-06 06:45:00,PDU-A02,41.4,PDU-A02-SP3
2026-06-06 06:50:00,PDU-A02,47.4,PDU-A02-SP1
2026-06-06 06:55:00,PDU-A02,47.4,PDU-A02-SP5
2026-06-06 07:00:00,PDU-A02,33.0,PDU-A02-SP2
2026-06-06 07:05:00,PDU-A02,34.9,PDU-A02-SP1
2026-06-06 07:10:00,PDU-A02,36.3,PDU-A02-SP5
2026-06-06 07:15:00,PDU-A02,35.7,PDU-A02-SP3
2026-06-06 07:20:00,PDU-A02,36.3,PDU-A02-SP5
2026-06-06 07:25:00,PDU-A02,35.0,PDU-A02-SP2
2026-06-06 07:30:00,PDU-A02,36.1,PDU-A02-SP1
2026-06-06 07:35:00,PDU-A02,34.2,PDU-A02-SP3
2026-06-06 07:40:00,PDU-A02,34.8,PDU-A02-SP3
2026-06-06 07:45:00,PDU-A02,37.0,PDU-A02-SP3
2026-06-06 07:50:00,PDU-A02,35.7,PDU-A02-SP3
2026-06-06 07:55:00,PDU-A02,34.5,PDU-A02-SP1
2026-06-06 08:00:00,PDU-A02,36.3,PDU-A02-SP3
2026-06-06 08:05:00,PDU-A02,35.8,PDU-A02-SP5
2026-06-06 08:10:00,PDU-A02,36.1,PDU-A02-SP5
2026-06-06 08:15:00,PDU-A02,34.9,PDU-A02-SP3
2026-06-06 08:20:00,PDU-A02,35.7,PDU-A02-SP1
2026-06-06 08:25:00,PDU-A02,33.6,PDU-A02-SP4
2026-06-06 08:30:00,PDU-A02,36.4,PDU-A02-SP2
2026-06-06 08:35:00,PDU-A02,34.4,PDU-A02-SP1
2026-06-06 08:40:00,PDU-A02,34.0,PDU-A02-SP4
2026-06-06 08:45:00,PDU-A02,34.4,PDU-A02-SP1
2026-06-06 08:50:00,PDU-A02,33.8,PDU-A02-SP4
2026-06-06 08:55:00,PDU-A02,35.6,PDU-A02-SP3
2026-06-06 09:00:00,PDU-A02,68.3,PDU-A02-SP4
2026-06-06 09:05:00,PDU-A02,71.3,PDU-A02-SP2
2026-06-06 09:10:00,PDU-A02,56.0,PDU-A02-SP3
2026-06-06 09:15:00,PDU-A02,57.5,PDU-A02-SP3
2026-06-06 09:20:00,PDU-A02,54.4,PDU-A02-SP5
2026-06-06 09:25:00,PDU-A02,65.4,PDU-A02-SP1
2026-06-06 09:30:00,PDU-A02,58.5,PDU-A02-SP3
2026-06-06 09:35:00,PDU-A02,57.6,PDU-A02-SP4
2026-06-06 09:40:00,PDU-A02,67.1,PDU-A02-SP2
2026-06-06 09:45:00,PDU-A02,59.6,PDU-A02-SP5
2026-06-06 09:50:00,PDU-A02,62.5,PDU-A02-SP3
2026-06-06 09:55:00,PDU-A02,50.5,PDU-A02-SP4
2026-06-06 10:00:00,PDU-A02,50.0,PDU-A02-SP5
2026-06-06 10:05:00,PDU-A02,52.4,PDU-A02-SP1
2026-06-06 10:10:00,PDU-A02,59.2,PDU-A02-SP1
2026-06-06 10:15:00,PDU-A02,49.5,PDU-A02-SP3
2026-06-06 10:20:00,PDU-A02,65.7,PDU-A02-SP5
2026-06-06 10:25:00,PDU-A02,51.4,PDU-A02-SP3
2026-06-06 10:30:00,PDU-A02,53.8,PDU-A02-SP4
2026-06-06 10:35:00,PDU-A02,60.0,PDU-A02-SP2
2026-06-06 10:40:00,PDU-A02,52.4,PDU-A02-SP2
2026-06-06 10:45:00,PDU-A02,66.8,PDU-A02-SP4
2026-06-06 10:50:00,PDU-A02,59.6,PDU-A02-SP3
2026-06-06 10:55:00,PDU-A02,68.8,PDU-A02-SP2
2026-06-06 11:00:00,PDU-A02,62.0,PDU-A02-SP3
2026-06-06 11:05:00,PDU-A02,64.6,PDU-A02-SP2
2026-06-06 11:10:00,PDU-A02,54.7,PDU-A02-SP2
2026-06-06 11:15:00,PDU-A02,54.4,PDU-A02-SP5
2026-06-06 11:20:00,PDU-A02,68.4,PDU-A02-SP2
2026-06-06 11:25:00,PDU-A02,59.0,PDU-A02-SP4
2026-06-06 11:30:00,PDU-A02,52.0,PDU-A02-SP3
2026-06-06 11:35:00,PDU-A02,60.8,PDU-A02-SP3
2026-06-06 11:40:00,PDU-A02,59.1,PDU-A02-SP4
2026-06-06 11:45:00,PDU-A02,69.1,PDU-A02-SP5
2026-06-06 11:50:00,PDU-A02,51.6,PDU-A02-SP1
2026-06-06 11:55:00,PDU-A02,65.6,PDU-A02-SP3
2026-06-06 12:00:00,PDU-A02,66.1,PDU-A02-SP3
2026-06-06 12:05:00,PDU-A02,52.7,PDU-A02-SP5
2026-06-06 12:10:00,PDU-A02,65.8,PDU-A02-SP4
2026-06-06 12:15:00,PDU-A02,53.2,PDU-A02-SP4
2026-06-06 12:20:00,PDU-A02,67.6,PDU-A02-SP4
2026-06-06 12:25:00,PDU-A02,65.1,PDU-A02-SP3
2026-06-06 12:30:00,PDU-A02,67.2,PDU-A02-SP3
2026-06-06 12:35:00,PDU-A02,63.2,PDU-A02-SP5
2026-06-06 12:40:00,PDU-A02,59.0,PDU-A02-SP1
2026-06-06 12:45:00,PDU-A02,52.8,PDU-A02-SP5
2026-06-06 12:50:00,PDU-A02,63.0,PDU-A02-SP2
2026-06-06 12:55:00,PDU-A02,60.6,PDU-A02-SP4
2026-06-06 13:00:00,PDU-A02,54.3,PDU-A02-SP2
2026-06-06 13:05:00,PDU-A02,55.3,PDU-A02-SP1
2026-06-06 13:10:00,PDU-A02,66.6,PDU-A02-SP2
2026-06-06 13:15:00,PDU-A02,50.3,PDU-A02-SP5
2026-06-06 13:20:00,PDU-A02,67.7,PDU-A02-SP2
2026-06-06 13:25:00,PDU-A02,54.0,PDU-A02-SP5
2026-06-06 13:30:00,PDU-A02,57.1,PDU-A02-SP1
2026-06-06 13:35:00,PDU-A02,55.9,PDU-A02-SP2
2026-06-06 13:40:00,PDU-A02,67.8,PDU-A02-SP5
2026-06-06 13:45:00,PDU-A02,55.7,PDU-A02-SP4
2026-06-06 13:50:00,PDU-A02,67.7,PDU-A02-SP4
2026-06-06 13:55:00,PDU-A02,51.0,PDU-A02-SP2
2026-06-06 14:00:00,PDU-A02,67.0,PDU-A02-SP2
2026-06-06 14:05:00,PDU-A02,61.0,PDU-A02-SP2
2026-06-06 14:10:00,PDU-A02,58.7,PDU-A02-SP1
2026-06-06 14:15:00,PDU-A02,69.2,PDU-A02-SP3
2026-06-06 14:20:00,PDU-A02,58.6,PDU-A02-SP1
2026-06-06 14:25:00,PDU-A02,60.5,PDU-A02-SP2
2026-06-06 14:30:00,PDU-A02,50.4,PDU-A02-SP5
2026-06-06 14:35:00,PDU-A02,58.1,PDU-A02-SP1
2026-06-06 14:40:00,PDU-A02,64.5,PDU-A02-SP5
2026-06-06 14:45:00,PDU-A02,60.5,PDU-A02-SP3
2026-06-06 14:50:00,PDU-A02,69.1,PDU-A02-SP4
2026-06-06 14:55:00,PDU-A02,57.5,PDU-A02-SP3
2026-06-06 15:00:00,PDU-A02,61.5,PDU-A02-SP2
2026-06-06 15:05:00,PDU-A02,57.8,PDU-A02-SP4
2026-06-06 15:10:00,PDU-A02,59.0,PDU-A02-SP2
2026-06-06 15:15:00,PDU-A02,57.9,PDU-A02-SP3
2026-06-06 15:20:00,PDU-A02,60.6,PDU-A02-SP2
2026-06-06 15:25:00,PDU-A02,56.6,PDU-A02-SP3
2026-06-06 15:30:00,PDU-A02,66.7,PDU-A02-SP4
2026-06-06 15:35:00,PDU-A02,57.4,PDU-A02-SP2
2026-06-06 15:40:00,PDU-A02,63.2,PDU-A02-SP5
2026-06-06 15:45:00,PDU-A02,56.0,PDU-A02-SP5
2026-06-06 15:50:00,PDU-A02,68.5,PDU-A02-SP5
2026-06-06 15:55:00,PDU-A02,64.9,PDU-A02-SP1
2026-06-06 16:00:00,PDU-A02,65.7,PDU-A02-SP1
2026-06-06 16:05:00,PDU-A02,63.3,PDU-A02-SP4
2026-06-06 16:10:00,PDU-A02,55.4,PDU-A02-SP2
2026-06-06 16:15:00,PDU-A02,53.6,PDU-A02-SP4
2026-06-06 16:20:00,PDU-A02,64.8,PDU-A02-SP1
2026-06-06 16:25:00,PDU-A02,50.2,PDU-A02-SP1
2026-06-06 16:30:00,PDU-A02,65.2,PDU-A02-SP3
2026-06-06 16:35:00,PDU-A02,63.5,PDU-A02-SP2
2026-06-06 16:40:00,PDU-A02,57.2,PDU-A02-SP4
2026-06-06 16:45:00,PDU-A02,53.2,PDU-A02-SP5
2026-06-06 16:50:00,PDU-A02,53.0,PDU-A02-SP4
2026-06-06 16:55:00,PDU-A02,62.5,PDU-A02-SP2
2026-06-06 17:00:00,PDU-A02,58.8,PDU-A02-SP2
2026-06-06 17:05:00,PDU-A02,49.8,PDU-A02-SP1
2026-06-06 17:10:00,PDU-A02,55.3,PDU-A02-SP1
2026-06-06 17:15:00,PDU-A02,56.8,PDU-A02-SP5
2026-06-06 17:20:00,PDU-A02,66.7,PDU-A02-SP5
2026-06-06 17:25:00,PDU-A02,61.3,PDU-A02-SP5
2026-06-06 17:30:00,PDU-A02,66.6,PDU-A02-SP3
2026-06-06 17:35:00,PDU-A02,62.6,PDU-A02-SP2
2026-06-06 17:40:00,PDU-A02,65.8,PDU-A02-SP4
2026-06-06 17:45:00,PDU-A02,67.8,PDU-A02-SP2
2026-06-06 17:50:00,PDU-A02,64.8,PDU-A02-SP1
2026-06-06 17:55:00,PDU-A02,58.2,PDU-A02-SP5
2026-06-06 18:00:00,PDU-A02,55.5,PDU-A02-SP3
2026-06-06 18:05:00,PDU-A02,67.5,PDU-A02-SP3
2026-06-06 18:10:00,PDU-A02,52.8,PDU-A02-SP3
2026-06-06 18:15:00,PDU-A02,51.8,PDU-A02-SP5
2026-06-06 18:20:00,PDU-A02,68.6,PDU-A02-SP4
2026-06-06 18:25:00,PDU-A02,62.6,PDU-A02-SP1
2026-06-06 18:30:00,PDU-A02,63.4,PDU-A02-SP3
2026-06-06 18:35:00,PDU-A02,61.2,PDU-A02-SP4
2026-06-06 18:40:00,PDU-A02,54.6,PDU-A02-SP1
2026-06-06 18:45:00,PDU-A02,53.0,PDU-A02-SP3
2026-06-06 18:50:00,PDU-A02,69.1,PDU-A02-SP1
2026-06-06 18:55:00,PDU-A02,53.0,PDU-A02-SP5
2026-06-06 19:00:00,PDU-A02,49.8,PDU-A02-SP1
2026-06-06 19:05:00,PDU-A02,41.1,PDU-A02-SP4
2026-06-06 19:10:00,PDU-A02,46.0,PDU-A02-SP1
2026-06-06 19:15:00,PDU-A02,48.7,PDU-A02-SP2
2026-06-06 19:20:00,PDU-A02,40.1,PDU-A02-SP1
2026-06-06 19:25:00,PDU-A02,43.4,PDU-A02-SP3
2026-06-06 19:30:00,PDU-A02,43.0,PDU-A02-SP2
2026-06-06 19:35:00,PDU-A02,37.5,PDU-A02-SP2
2026-06-06 19:40:00,PDU-A02,46.3,PDU-A02-SP1
2026-06-06 19:45:00,PDU-A02,43.3,PDU-A02-SP4
2026-06-06 19:50:00,PDU-A02,46.4,PDU-A02-SP4
2026-06-06 19:55:00,PDU-A02,43.5,PDU-A02-SP1
2026-06-06 20:00:00,PDU-A02,50.8,PDU-A02-SP3
2026-06-06 20:05:00,PDU-A02,42.2,PDU-A02-SP1
2026-06-06 20:10:00,PDU-A02,40.0,PDU-A02-SP1
2026-06-06 20:15:00,PDU-A02,42.5,PDU-A02-SP5
2026-06-06 20:20:00,PDU-A02,47.2,PDU-A02-SP1
2026-06-06 20:25:00,PDU-A02,47.6,PDU-A02-SP1
2026-06-06 20:30:00,PDU-A02,38.3,PDU-A02-SP2
2026-06-06 20:35:00,PDU-A02,41.4,PDU-A02-SP5
2026-06-06 20:40:00,PDU-A02,45.2,PDU-A02-SP3
2026-06-06 20:45:00,PDU-A02,40.0,PDU-A02-SP1
2026-06-06 20:50:00,PDU-A02,44.5,PDU-A02-SP5
2026-06-06 20:55:00,PDU-A02,42.1,PDU-A02-SP3
2026-06-06 21:00:00,PDU-A02,50.3,PDU-A02-SP4
2026-06-06 21:05:00,PDU-A02,48.6,PDU-A02-SP5
2026-06-06 21:10:00,PDU-A02,42.8,PDU-A02-SP5
2026-06-06 21:15:00,PDU-A02,48.1,PDU-A02-SP5
2026-06-06 21:20:00,PDU-A02,42.8,PDU-A02-SP4
2026-06-06 21:25:00,PDU-A02,47.2,PDU-A02-SP3
2026-06-06 21:30:00,PDU-A02,41.5,PDU-A02-SP5
2026-06-06 21:35:00,PDU-A02,42.5,PDU-A02-SP2
2026-06-06 21:40:00,PDU-A02,41.2,PDU-A02-SP2
2026-06-06 21:45:00,PDU-A02,38.3,PDU-A02-SP4
2026-06-06 21:50:00,PDU-A02,46.0,PDU-A02-SP1
2026-06-06 21:55:00,PDU-A02,40.6,PDU-A02-SP3
2026-06-06 22:00:00,PDU-A02,41.6,PDU-A02-SP1
2026-06-06 22:05:00,PDU-A02,41.1,PDU-A02-SP4
2026-06-06 22:10:00,PDU-A02,45.9,PDU-A02-SP4
2026-06-06 22:15:00,PDU-A02,42.8,PDU-A02-SP4
2026-06-06 22:20:00,PDU-A02,40.8,PDU-A02-SP1
2026-06-06 22:25:00,PDU-A02,44.4,PDU-A02-SP3
2026-06-06 22:30:00,PDU-A02,50.9,PDU-A02-SP3
2026-06-06 22:35:00,PDU-A02,50.8,PDU-A02-SP5
2026-06-06 22:40:00,PDU-A02,39.5,PDU-A02-SP5
2026-06-06 22:45:00,PDU-A02,43.5,PDU-A02-SP1
2026-06-06 22:50:00,PDU-A02,48.1,PDU-A02-SP3
2026-06-06 22:55:00,PDU-A02,50.2,PDU-A02-SP4
2026-06-06 23:00:00,PDU-A02,44.5,PDU-A02-SP5
2026-06-06 23:05:00,PDU-A02,43.7,PDU-A02-SP4
2026-06-06 23:10:00,PDU-A02,48.9,PDU-A02-SP2
2026-06-06 23:15:00,PDU-A02,48.1,PDU-A02-SP3
2026-06-06 23:20:00,PDU-A02,38.9,PDU-A02-SP5
2026-06-06 23:25:00,PDU-A02,42.5,PDU-A02-SP1
2026-06-06 23:30:00,PDU-A02,45.2,PDU-A02-SP3
2026-06-06 23:35:00,PDU-A02,48.8,PDU-A02-SP5
2026-06-06 23:40:00,PDU-A02,38.4,PDU-A02-SP3
2026-06-06 23:45:00,PDU-A02,49.6,PDU-A02-SP4
2026-06-06 23:50:00,PDU-A02,43.8,PDU-A02-SP4
2026-06-06 23:55:00,PDU-A02,38.8,PDU-A02-SP5
2026-06-07 00:00:00,PDU-A02,39.6,PDU-A02-SP1
2026-06-07 00:05:00,PDU-A02,42.5,PDU-A02-SP3
2026-06-07 00:10:00,PDU-A02,49.2,PDU-A02-SP3
2026-06-07 00:15:00,PDU-A02,46.5,PDU-A02-SP4
2026-06-07 00:20:00,PDU-A02,40.9,PDU-A02-SP2
2026-06-07 00:25:00,PDU-A02,49.2,PDU-A02-SP2
2026-06-07 00:30:00,PDU-A02,38.4,PDU-A02-SP5
2026-06-07 00:35:00,PDU-A02,48.8,PDU-A02-SP1
2026-06-07 00:40:00,PDU-A02,44.0,PDU-A02-SP3
2026-06-07 00:45:00,PDU-A02,47.8,PDU-A02-SP3
2026-06-07 00:50:00,PDU-A02,43.1,PDU-A02-SP2
2026-06-07 00:55:00,PDU-A02,41.2,PDU-A02-SP4
2026-06-07 01:00:00,PDU-A02,38.6,PDU-A02-SP2
2026-06-07 01:05:00,PDU-A02,42.1,PDU-A02-SP4
2026-06-07 01:10:00,PDU-A02,39.5,PDU-A02-SP3
2026-06-07 01:15:00,PDU-A02,39.9,PDU-A02-SP3
2026-06-07 01:20:00,PDU-A02,42.3,PDU-A02-SP3
2026-06-07 01:25:00,PDU-A02,46.1,PDU-A02-SP5
2026-06-07 01:30:00,PDU-A02,38.8,PDU-A02-SP3
2026-06-07 01:35:00,PDU-A02,50.9,PDU-A02-SP1
2026-06-07 01:40:00,PDU-A02,39.0,PDU-A02-SP3
2026-06-07 01:45:00,PDU-A02,45.7,PDU-A02-SP5
2026-06-07 01:50:00,PDU-A02,48.5,PDU-A02-SP2
2026-06-07 01:55:00,PDU-A02,43.5,PDU-A02-SP2
2026-06-07 02:00:00,PDU-A02,45.2,PDU-A02-SP1
2026-06-07 02:05:00,PDU-A02,51.3,PDU-A02-SP2
2026-06-07 02:10:00,PDU-A02,47.2,PDU-A02-SP5
2026-06-07 02:15:00,PDU-A02,47.2,PDU-A02-SP1
2026-06-07 02:20:00,PDU-A02,48.4,PDU-A02-SP1
2026-06-07 02:25:00,PDU-A02,46.3,PDU-A02-SP5
2026-06-07 02:30:00,PDU-A02,42.9,PDU-A02-SP5
2026-06-07 02:35:00,PDU-A02,41.2,PDU-A02-SP2
2026-06-07 02:40:00,PDU-A02,49.7,PDU-A02-SP2
2026-06-07 02:45:00,PDU-A02,45.0,PDU-A02-SP1
2026-06-07 02:50:00,PDU-A02,46.4,PDU-A02-SP4
2026-06-07 02:55:00,PDU-A02,42.4,PDU-A02-SP5
2026-06-07 03:00:00,PDU-A02,39.3,PDU-A02-SP4
2026-06-07 03:05:00,PDU-A02,45.5,PDU-A02-SP4
2026-06-07 03:10:00,PDU-A02,42.8,PDU-A02-SP2
2026-06-07 03:15:00,PDU-A02,48.2,PDU-A02-SP4
2026-06-07 03:20:00,PDU-A02,47.1,PDU-A02-SP5
2026-06-07 03:25:00,PDU-A02,41.0,PDU-A02-SP3
2026-06-07 03:30:00,PDU-A02,39.9,PDU-A02-SP5
2026-06-07 03:35:00,PDU-A02,50.1,PDU-A02-SP2
2026-06-07 03:40:00,PDU-A02,50.4,PDU-A02-SP1
2026-06-07 03:45:00,PDU-A02,40.5,PDU-A02-SP5
2026-06-07 03:50:00,PDU-A02,46.7,PDU-A02-SP1
2026-06-07 03:55:00,PDU-A02,38.5,PDU-A02-SP4
2026-06-07 04:00:00,PDU-A02,37.9,PDU-A02-SP1
2026-06-07 04:05:00,PDU-A02,41.9,PDU-A02-SP4
2026-06-07 04:10:00,PDU-A02,48.4,PDU-A02-SP4
2026-06-07 04:15:00,PDU-A02,45.6,PDU-A02-SP3
2026-06-07 04:20:00,PDU-A02,41.9,PDU-A02-SP3
2026-06-07 04:25:00,PDU-A02,46.0,PDU-A02-SP1
2026-06-07 04:30:00,PDU-A02,41.5,PDU-A02-SP4
2026-06-07 04:35:00,PDU-A02,49.5,PDU-A02-SP4
2026-06-07 04:40:00,PDU-A02,42.1,PDU-A02-SP2
2026-06-07 04:45:00,PDU-A02,48.0,PDU-A02-SP5
2026-06-07 04:50:00,PDU-A02,50.8,PDU-A02-SP1
2026-06-07 04:55:00,PDU-A02,38.7,PDU-A02-SP5
2026-06-07 05:00:00,PDU-A02,43.7,PDU-A02-SP4
2026-06-07 05:05:00,PDU-A02,41.2,PDU-A02-SP5
2026-06-07 05:10:00,PDU-A02,43.2,PDU-A02-SP2
2026-06-07 05:15:00,PDU-A02,41.6,PDU-A02-SP5
2026-06-07 05:20:00,PDU-A02,44.8,PDU-A02-SP5
2026-06-07 05:25:00,PDU-A02,48.0,PDU-A02-SP3
2026-06-07 05:30:00,PDU-A02,44.3,PDU-A02-SP2
2026-06-07 05:35:00,PDU-A02,41.2,PDU-A02-SP2
2026-06-07 05:40:00,PDU-A02,42.8,PDU-A02-SP5
2026-06-07 05:45:00,PDU-A02,41.8,PDU-A02-SP2
2026-06-07 05:50:00,PDU-A02,39.4,PDU-A02-SP4
2026-06-07 05:55:00,PDU-A02,40.1,PDU-A02-SP3
2026-06-07 06:00:00,PDU-A02,50.9,PDU-A02-SP2
2026-06-07 06:05:00,PDU-A02,44.9,PDU-A02-SP2
2026-06-07 06:10:00,PDU-A02,45.1,PDU-A02-SP2
2026-06-07 06:15:00,PDU-A02,40.9,PDU-A02-SP5
2026-06-07 06:20:00,PDU-A02,43.7,PDU-A02-SP4
2026-06-07 06:25:00,PDU-A02,46.3,PDU-A02-SP2
2026-06-07 06:30:00,PDU-A02,43.9,PDU-A02-SP4
2026-06-07 06:35:00,PDU-A02,47.1,PDU-A02-SP4
2026-06-07 06:40:00,PDU-A02,40.7,PDU-A02-SP1
2026-06-07 06:45:00,PDU-A02,43.6,PDU-A02-SP3
2026-06-07 06:50:00,PDU-A02,38.5,PDU-A02-SP3
2026-06-07 06:55:00,PDU-A02,45.5,PDU-A02-SP3
2026-06-07 07:00:00,PDU-A02,36.2,PDU-A02-SP2
2026-06-07 07:05:00,PDU-A02,35.9,PDU-A02-SP3
2026-06-07 07:10:00,PDU-A02,33.6,PDU-A02-SP3
2026-06-07 07:15:00,PDU-A02,34.1,PDU-A02-SP5
2026-06-07 07:20:00,PDU-A02,35.7,PDU-A02-SP1
2026-06-07 07:25:00,PDU-A02,35.8,PDU-A02-SP3
2026-06-07 07:30:00,PDU-A02,36.6,PDU-A02-SP1
2026-06-07 07:35:00,PDU-A02,34.7,PDU-A02-SP5
2026-06-07 07:40:00,PDU-A02,34.3,PDU-A02-SP5
2026-06-07 07:45:00,PDU-A02,35.6,PDU-A02-SP1
2026-06-07 07:50:00,PDU-A02,36.8,PDU-A02-SP1
2026-06-07 07:55:00,PDU-A02,34.0,PDU-A02-SP5
2026-06-07 08:00:00,PDU-A02,34.5,PDU-A02-SP2
2026-06-07 08:05:00,PDU-A02,35.7,PDU-A02-SP3
2026-06-07 08:10:00,PDU-A02,34.9,PDU-A02-SP4
2026-06-07 08:15:00,PDU-A02,36.3,PDU-A02-SP4
2026-06-07 08:20:00,PDU-A02,34.1,PDU-A02-SP2
2026-06-07 08:25:00,PDU-A02,35.5,PDU-A02-SP1
2026-06-07 08:30:00,PDU-A02,36.8,PDU-A02-SP2
2026-06-07 08:35:00,PDU-A02,33.0,PDU-A02-SP1
2026-06-07 08:40:00,PDU-A02,35.0,PDU-A02-SP5
2026-06-07 08:45:00,PDU-A02,33.8,PDU-A02-SP2
2026-06-07 08:50:00,PDU-A02,33.2,PDU-A02-SP3
2026-06-07 08:55:00,PDU-A02,35.5,PDU-A02-SP5
2026-06-07 09:00:00,PDU-A02,54.1,PDU-A02-SP5
2026-06-07 09:05:00,PDU-A02,61.9,PDU-A02-SP3
2026-06-07 09:10:00,PDU-A02,68.3,PDU-A02-SP4
2026-06-07 09:15:00,PDU-A02,60.3,PDU-A02-SP5
2026-06-07 09:20:00,PDU-A02,57.1,PDU-A02-SP1
2026-06-07 09:25:00,PDU-A02,56.2,PDU-A02-SP3
2026-06-07 09:30:00,PDU-A02,58.2,PDU-A02-SP2
2026-06-07 09:35:00,PDU-A02,61.7,PDU-A02-SP4
2026-06-07 09:40:00,PDU-A02,69.8,PDU-A02-SP3
2026-06-07 09:45:00,PDU-A02,64.8,PDU-A02-SP4
2026-06-07 09:50:00,PDU-A02,68.3,PDU-A02-SP5
2026-06-07 09:55:00,PDU-A02,57.2,PDU-A02-SP3
2026-06-07 10:00:00,PDU-A02,54.2,PDU-A02-SP4
2026-06-07 10:05:00,PDU-A02,52.3,PDU-A02-SP3
2026-06-07 10:10:00,PDU-A02,63.1,PDU-A02-SP4
2026-06-07 10:15:00,PDU-A02,57.5,PDU-A02-SP1
2026-06-07 10:20:00,PDU-A02,56.3,PDU-A02-SP3
2026-06-07 10:25:00,PDU-A02,60.9,PDU-A02-SP4
2026-06-07 10:30:00,PDU-A02,58.5,PDU-A02-SP2
2026-06-07 10:35:00,PDU-A02,61.8,PDU-A02-SP1
2026-06-07 10:40:00,PDU-A02,69.4,PDU-A02-SP3
2026-06-07 10:45:00,PDU-A02,52.7,PDU-A02-SP1
2026-06-07 10:50:00,PDU-A02,64.4,PDU-A02-SP3
2026-06-07 10:55:00,PDU-A02,69.3,PDU-A02-SP5
2026-06-07 11:00:00,PDU-A02,49.5,PDU-A02-SP2
2026-06-07 11:05:00,PDU-A02,56.0,PDU-A02-SP2
2026-06-07 11:10:00,PDU-A02,66.3,PDU-A02-SP2
2026-06-07 11:15:00,PDU-A02,54.4,PDU-A02-SP3
2026-06-07 11:20:00,PDU-A02,55.5,PDU-A02-SP2
2026-06-07 11:25:00,PDU-A02,66.9,PDU-A02-SP1
2026-06-07 11:30:00,PDU-A02,65.2,PDU-A02-SP5
2026-06-07 11:35:00,PDU-A02,57.9,PDU-A02-SP2
2026-06-07 11:40:00,PDU-A02,53.8,PDU-A02-SP2
2026-06-07 11:45:00,PDU-A02,51.7,PDU-A02-SP4
2026-06-07 11:50:00,PDU-A02,61.6,PDU-A02-SP3
2026-06-07 11:55:00,PDU-A02,65.5,PDU-A02-SP5
2026-06-07 12:00:00,PDU-A02,65.5,PDU-A02-SP4
2026-06-07 12:05:00,PDU-A02,51.4,PDU-A02-SP5
2026-06-07 12:10:00,PDU-A02,60.7,PDU-A02-SP5
2026-06-07 12:15:00,PDU-A02,64.6,PDU-A02-SP5
2026-06-07 12:20:00,PDU-A02,68.3,PDU-A02-SP4
2026-06-07 12:25:00,PDU-A02,58.3,PDU-A02-SP3
2026-06-07 12:30:00,PDU-A02,57.6,PDU-A02-SP5
2026-06-07 12:35:00,PDU-A02,58.6,PDU-A02-SP1
2026-06-07 12:40:00,PDU-A02,54.1,PDU-A02-SP3
2026-06-07 12:45:00,PDU-A02,61.3,PDU-A02-SP5
2026-06-07 12:50:00,PDU-A02,59.7,PDU-A02-SP4
2026-06-07 12:55:00,PDU-A02,66.4,PDU-A02-SP5
2026-06-07 13:00:00,PDU-A02,64.1,PDU-A02-SP5
2026-06-07 13:05:00,PDU-A02,69.1,PDU-A02-SP2
2026-06-07 13:10:00,PDU-A02,58.8,PDU-A02-SP1
2026-06-07 13:15:00,PDU-A02,62.2,PDU-A02-SP1
2026-06-07 13:20:00,PDU-A02,50.6,PDU-A02-SP4
2026-06-07 13:25:00,PDU-A02,60.2,PDU-A02-SP4
2026-06-07 13:30:00,PDU-A02,62.2,PDU-A02-SP5
2026-06-07 13:35:00,PDU-A02,63.4,PDU-A02-SP4
2026-06-07 13:40:00,PDU-A02,54.3,PDU-A02-SP3
2026-06-07 13:45:00,PDU-A02,64.8,PDU-A02-SP5
2026-06-07 13:50:00,PDU-A02,63.5,PDU-A02-SP3
2026-06-07 13:55:00,PDU-A02,64.8,PDU-A02-SP4
2026-06-07 14:00:00,PDU-A02,60.2,PDU-A02-SP2
2026-06-07 14:05:00,PDU-A02,57.3,PDU-A02-SP5
2026-06-07 14:10:00,PDU-A02,62.1,PDU-A02-SP1
2026-06-07 14:15:00,PDU-A02,68.1,PDU-A02-SP1
2026-06-07 14:20:00,PDU-A02,58.5,PDU-A02-SP2
2026-06-07 14:25:00,PDU-A02,58.9,PDU-A02-SP2
2026-06-07 14:30:00,PDU-A02,60.6,PDU-A02-SP1
2026-06-07 14:35:00,PDU-A02,67.7,PDU-A02-SP5
2026-06-07 14:40:00,PDU-A02,60.7,PDU-A02-SP5
2026-06-07 14:45:00,PDU-A02,56.4,PDU-A02-SP1
2026-06-07 14:50:00,PDU-A02,57.9,PDU-A02-SP3
2026-06-07 14:55:00,PDU-A02,60.9,PDU-A02-SP3
2026-06-07 15:00:00,PDU-A02,59.9,PDU-A02-SP3
2026-06-07 15:05:00,PDU-A02,59.3,PDU-A02-SP5
2026-06-07 15:10:00,PDU-A02,68.5,PDU-A02-SP5
2026-06-07 15:15:00,PDU-A02,54.9,PDU-A02-SP3
2026-06-07 15:20:00,PDU-A02,69.4,PDU-A02-SP2
2026-06-07 15:25:00,PDU-A02,54.1,PDU-A02-SP4
2026-06-07 15:30:00,PDU-A02,49.9,PDU-A02-SP2
2026-06-07 15:35:00,PDU-A02,61.4,PDU-A02-SP1
2026-06-07 15:40:00,PDU-A02,55.0,PDU-A02-SP1
2026-06-07 15:45:00,PDU-A02,60.1,PDU-A02-SP1
2026-06-07 15:50:00,PDU-A02,62.9,PDU-A02-SP1
2026-06-07 15:55:00,PDU-A02,57.2,PDU-A02-SP2
2026-06-07 16:00:00,PDU-A02,55.0,PDU-A02-SP2
2026-06-07 16:05:00,PDU-A02,56.8,PDU-A02-SP4
2026-06-07 16:10:00,PDU-A02,60.9,PDU-A02-SP5
2026-06-07 16:15:00,PDU-A02,67.1,PDU-A02-SP5
2026-06-07 16:20:00,PDU-A02,61.5,PDU-A02-SP1
2026-06-07 16:25:00,PDU-A02,60.3,PDU-A02-SP2
2026-06-07 16:30:00,PDU-A02,54.7,PDU-A02-SP1
2026-06-07 16:35:00,PDU-A02,52.6,PDU-A02-SP4
2026-06-07 16:40:00,PDU-A02,57.7,PDU-A02-SP5
2026-06-07 16:45:00,PDU-A02,64.0,PDU-A02-SP5
2026-06-07 16:50:00,PDU-A02,63.3,PDU-A02-SP2
2026-06-07 16:55:00,PDU-A02,49.0,PDU-A02-SP2
2026-06-07 17:00:00,PDU-A02,53.0,PDU-A02-SP2
2026-06-07 17:05:00,PDU-A02,52.8,PDU-A02-SP1
2026-06-07 17:10:00,PDU-A02,58.1,PDU-A02-SP1
2026-06-07 17:15:00,PDU-A02,54.0,PDU-A02-SP4
2026-06-07 17:20:00,PDU-A02,62.6,PDU-A02-SP5
2026-06-07 17:25:00,PDU-A02,64.2,PDU-A02-SP4
2026-06-07 17:30:00,PDU-A02,57.1,PDU-A02-SP4
2026-06-07 17:35:00,PDU-A02,58.5,PDU-A02-SP3
2026-06-07 17:40:00,PDU-A02,62.1,PDU-A02-SP2
2026-06-07 17:45:00,PDU-A02,70.9,PDU-A02-SP3
2026-06-07 17:50:00,PDU-A02,65.6,PDU-A02-SP5
2026-06-07 17:55:00,PDU-A02,59.6,PDU-A02-SP3
2026-06-07 18:00:00,PDU-A02,63.9,PDU-A02-SP4
2026-06-07 18:05:00,PDU-A02,61.8,PDU-A02-SP3
2026-06-07 18:10:00,PDU-A02,68.2,PDU-A02-SP3
2026-06-07 18:15:00,PDU-A02,63.4,PDU-A02-SP5
2026-06-07 18:20:00,PDU-A02,69.2,PDU-A02-SP2
2026-06-07 18:25:00,PDU-A02,56.4,PDU-A02-SP1
2026-06-07 18:30:00,PDU-A02,53.4,PDU-A02-SP2
2026-06-07 18:35:00,PDU-A02,49.4,PDU-A02-SP1
2026-06-07 18:40:00,PDU-A02,69.9,PDU-A02-SP5
2026-06-07 18:45:00,PDU-A02,68.9,PDU-A02-SP1
2026-06-07 18:50:00,PDU-A02,63.5,PDU-A02-SP4
2026-06-07 18:55:00,PDU-A02,51.7,PDU-A02-SP3
2026-06-07 19:00:00,PDU-A02,40.2,PDU-A02-SP5
2026-06-07 19:05:00,PDU-A02,49.5,PDU-A02-SP4
2026-06-07 19:10:00,PDU-A02,50.5,PDU-A02-SP4
2026-06-07 19:15:00,PDU-A02,41.9,PDU-A02-SP5
2026-06-07 19:20:00,PDU-A02,46.0,PDU-A02-SP1
2026-06-07 19:25:00,PDU-A02,46.6,PDU-A02-SP2
2026-06-07 19:30:00,PDU-A02,47.1,PDU-A02-SP4
2026-06-07 19:35:00,PDU-A02,46.7,PDU-A02-SP4
2026-06-07 19:40:00,PDU-A02,44.3,PDU-A02-SP1
2026-06-07 19:45:00,PDU-A02,47.5,PDU-A02-SP2
2026-06-07 19:50:00,PDU-A02,47.2,PDU-A02-SP3
2026-06-07 19:55:00,PDU-A02,49.6,PDU-A02-SP3
2026-06-07 20:00:00,PDU-A02,47.6,PDU-A02-SP5
2026-06-07 20:05:00,PDU-A02,46.4,PDU-A02-SP1
2026-06-07 20:10:00,PDU-A02,49.0,PDU-A02-SP1
2026-06-07 20:15:00,PDU-A02,41.0,PDU-A02-SP5
2026-06-07 20:20:00,PDU-A02,39.7,PDU-A02-SP2
2026-06-07 20:25:00,PDU-A02,43.0,PDU-A02-SP2
2026-06-07 20:30:00,PDU-A02,46.2,PDU-A02-SP1
2026-06-07 20:35:00,PDU-A02,42.7,PDU-A02-SP1
2026-06-07 20:40:00,PDU-A02,43.0,PDU-A02-SP1
2026-06-07 20:45:00,PDU-A02,45.1,PDU-A02-SP1
2026-06-07 20:50:00,PDU-A02,47.8,PDU-A02-SP1
2026-06-07 20:55:00,PDU-A02,41.4,PDU-A02-SP1
2026-06-07 21:00:00,PDU-A02,48.6,PDU-A02-SP2
2026-06-07 21:05:00,PDU-A02,45.9,PDU-A02-SP2
2026-06-07 21:10:00,PDU-A02,43.1,PDU-A02-SP2
2026-06-07 21:15:00,PDU-A02,48.2,PDU-A02-SP3
2026-06-07 21:20:00,PDU-A02,40.4,PDU-A02-SP2
2026-06-07 21:25:00,PDU-A02,42.3,PDU-A02-SP4
2026-06-07 21:30:00,PDU-A02,40.2,PDU-A02-SP2
2026-06-07 21:35:00,PDU-A02,40.1,PDU-A02-SP4
2026-06-07 21:40:00,PDU-A02,41.9,PDU-A02-SP5
2026-06-07 21:45:00,PDU-A02,44.1,PDU-A02-SP5
2026-06-07 21:50:00,PDU-A02,44.5,PDU-A02-SP2
2026-06-07 21:55:00,PDU-A02,40.7,PDU-A02-SP4
2026-06-07 22:00:00,PDU-A02,41.0,PDU-A02-SP4
2026-06-07 22:05:00,PDU-A02,44.1,PDU-A02-SP3
2026-06-07 22:10:00,PDU-A02,42.1,PDU-A02-SP5
2026-06-07 22:15:00,PDU-A02,46.0,PDU-A02-SP3
2026-06-07 22:20:00,PDU-A02,41.1,PDU-A02-SP3
2026-06-07 22:25:00,PDU-A02,40.4,PDU-A02-SP1
2026-06-07 22:30:00,PDU-A02,45.2,PDU-A02-SP4
2026-06-07 22:35:00,PDU-A02,40.9,PDU-A02-SP3
2026-06-07 22:40:00,PDU-A02,45.8,PDU-A02-SP1
2026-06-07 22:45:00,PDU-A02,41.0,PDU-A02-SP3
2026-06-07 22:50:00,PDU-A02,46.6,PDU-A02-SP4
2026-06-07 22:55:00,PDU-A02,43.6,PDU-A02-SP1
2026-06-07 23:00:00,PDU-A02,40.5,PDU-A02-SP2
2026-06-07 23:05:00,PDU-A02,42.9,PDU-A02-SP1
2026-06-07 23:10:00,PDU-A02,44.3,PDU-A02-SP5
2026-06-07 23:15:00,PDU-A02,45.1,PDU-A02-SP4
2026-06-07 23:20:00,PDU-A02,43.2,PDU-A02-SP3
2026-06-07 23:25:00,PDU-A02,45.5,PDU-A02-SP4
2026-06-07 23:30:00,PDU-A02,44.2,PDU-A02-SP2
2026-06-07 23:35:00,PDU-A02,49.0,PDU-A02-SP5
2026-06-07 23:40:00,PDU-A02,39.9,PDU-A02-SP3
2026-06-07 23:45:00,PDU-A02,49.1,PDU-A02-SP1
2026-06-07 23:50:00,PDU-A02,39.5,PDU-A02-SP3
2026-06-07 23:55:00,PDU-A02,50.6,PDU-A02-SP5
2026-06-01 00:00:00,PDU-B01,43.1,PDU-B01-SP2
2026-06-01 00:05:00,PDU-B01,39.8,PDU-B01-SP1
2026-06-01 00:10:00,PDU-B01,48.9,PDU-B01-SP2
2026-06-01 00:15:00,PDU-B01,47.7,PDU-B01-SP2
2026-06-01 00:20:00,PDU-B01,44.7,PDU-B01-SP2
2026-06-01 00:25:00,PDU-B01,47.9,PDU-B01-SP1
2026-06-01 00:30:00,PDU-B01,42.5,PDU-B01-SP4
2026-06-01 00:35:00,PDU-B01,39.0,PDU-B01-SP5
2026-06-01 00:40:00,PDU-B01,47.8,PDU-B01-SP4
2026-06-01 00:45:00,PDU-B01,39.2,PDU-B01-SP5
2026-06-01 00:50:00,PDU-B01,47.3,PDU-B01-SP4
2026-06-01 00:55:00,PDU-B01,47.7,PDU-B01-SP2
2026-06-01 01:00:00,PDU-B01,45.8,PDU-B01-SP2
2026-06-01 01:05:00,PDU-B01,44.2,PDU-B01-SP4
2026-06-01 01:10:00,PDU-B01,49.1,PDU-B01-SP4
2026-06-01 01:15:00,PDU-B01,45.7,PDU-B01-SP3
2026-06-01 01:20:00,PDU-B01,45.3,PDU-B01-SP5
2026-06-01 01:25:00,PDU-B01,40.8,PDU-B01-SP2
2026-06-01 01:30:00,PDU-B01,46.9,PDU-B01-SP3
2026-06-01 01:35:00,PDU-B01,42.5,PDU-B01-SP5
2026-06-01 01:40:00,PDU-B01,48.9,PDU-B01-SP2
2026-06-01 01:45:00,PDU-B01,39.3,PDU-B01-SP2
2026-06-01 01:50:00,PDU-B01,40.7,PDU-B01-SP4
2026-06-01 01:55:00,PDU-B01,45.9,PDU-B01-SP3
2026-06-01 02:00:00,PDU-B01,43.1,PDU-B01-SP4
2026-06-01 02:05:00,PDU-B01,41.2,PDU-B01-SP4
2026-06-01 02:10:00,PDU-B01,40.6,PDU-B01-SP5
2026-06-01 02:15:00,PDU-B01,48.0,PDU-B01-SP1
2026-06-01 02:20:00,PDU-B01,43.7,PDU-B01-SP4
2026-06-01 02:25:00,PDU-B01,45.9,PDU-B01-SP3
2026-06-01 02:30:00,PDU-B01,40.4,PDU-B01-SP4
2026-06-01 02:35:00,PDU-B01,39.7,PDU-B01-SP4
2026-06-01 02:40:00,PDU-B01,41.9,PDU-B01-SP4
2026-06-01 02:45:00,PDU-B01,42.4,PDU-B01-SP5
2026-06-01 02:50:00,PDU-B01,49.5,PDU-B01-SP5
2026-06-01 02:55:00,PDU-B01,43.0,PDU-B01-SP3
2026-06-01 03:00:00,PDU-B01,50.2,PDU-B01-SP1
2026-06-01 03:05:00,PDU-B01,49.6,PDU-B01-SP5
2026-06-01 03:10:00,PDU-B01,48.8,PDU-B01-SP1
2026-06-01 03:15:00,PDU-B01,40.0,PDU-B01-SP5
2026-06-01 03:20:00,PDU-B01,41.9,PDU-B01-SP5
2026-06-01 03:25:00,PDU-B01,46.8,PDU-B01-SP1
2026-06-01 03:30:00,PDU-B01,42.3,PDU-B01-SP4
2026-06-01 03:35:00,PDU-B01,42.3,PDU-B01-SP5
2026-06-01 03:40:00,PDU-B01,45.6,PDU-B01-SP3
2026-06-01 03:45:00,PDU-B01,47.5,PDU-B01-SP1
2026-06-01 03:50:00,PDU-B01,43.7,PDU-B01-SP3
2026-06-01 03:55:00,PDU-B01,43.4,PDU-B01-SP3
2026-06-01 04:00:00,PDU-B01,46.4,PDU-B01-SP3
2026-06-01 04:05:00,PDU-B01,47.2,PDU-B01-SP4
2026-06-01 04:10:00,PDU-B01,40.1,PDU-B01-SP1
2026-06-01 04:15:00,PDU-B01,39.0,PDU-B01-SP4
2026-06-01 04:20:00,PDU-B01,42.8,PDU-B01-SP4
2026-06-01 04:25:00,PDU-B01,45.6,PDU-B01-SP5
2026-06-01 04:30:00,PDU-B01,43.4,PDU-B01-SP3
2026-06-01 04:35:00,PDU-B01,41.7,PDU-B01-SP1
2026-06-01 04:40:00,PDU-B01,45.1,PDU-B01-SP1
2026-06-01 04:45:00,PDU-B01,43.3,PDU-B01-SP3
2026-06-01 04:50:00,PDU-B01,41.7,PDU-B01-SP3
2026-06-01 04:55:00,PDU-B01,47.9,PDU-B01-SP1
2026-06-01 05:00:00,PDU-B01,47.9,PDU-B01-SP1
2026-06-01 05:05:00,PDU-B01,48.0,PDU-B01-SP3
2026-06-01 05:10:00,PDU-B01,45.9,PDU-B01-SP2
2026-06-01 05:15:00,PDU-B01,44.8,PDU-B01-SP5
2026-06-01 05:20:00,PDU-B01,45.2,PDU-B01-SP4
2026-06-01 05:25:00,PDU-B01,42.8,PDU-B01-SP2
2026-06-01 05:30:00,PDU-B01,42.7,PDU-B01-SP5
2026-06-01 05:35:00,PDU-B01,42.1,PDU-B01-SP3
2026-06-01 05:40:00,PDU-B01,41.6,PDU-B01-SP1
2026-06-01 05:45:00,PDU-B01,48.2,PDU-B01-SP3
2026-06-01 05:50:00,PDU-B01,42.3,PDU-B01-SP3
2026-06-01 05:55:00,PDU-B01,39.0,PDU-B01-SP3
2026-06-01 06:00:00,PDU-B01,41.9,PDU-B01-SP5
2026-06-01 06:05:00,PDU-B01,48.4,PDU-B01-SP5
2026-06-01 06:10:00,PDU-B01,42.2,PDU-B01-SP5
2026-06-01 06:15:00,PDU-B01,38.5,PDU-B01-SP3
2026-06-01 06:20:00,PDU-B01,46.7,PDU-B01-SP4
2026-06-01 06:25:00,PDU-B01,42.1,PDU-B01-SP4
2026-06-01 06:30:00,PDU-B01,39.9,PDU-B01-SP5
2026-06-01 06:35:00,PDU-B01,50.2,PDU-B01-SP5
2026-06-01 06:40:00,PDU-B01,48.2,PDU-B01-SP5
2026-06-01 06:45:00,PDU-B01,42.2,PDU-B01-SP3
2026-06-01 06:50:00,PDU-B01,43.8,PDU-B01-SP2
2026-06-01 06:55:00,PDU-B01,44.5,PDU-B01-SP3
2026-06-01 07:00:00,PDU-B01,35.3,PDU-B01-SP4
2026-06-01 07:05:00,PDU-B01,37.0,PDU-B01-SP1
2026-06-01 07:10:00,PDU-B01,36.0,PDU-B01-SP3
2026-06-01 07:15:00,PDU-B01,35.2,PDU-B01-SP4
2026-06-01 07:20:00,PDU-B01,37.0,PDU-B01-SP4
2026-06-01 07:25:00,PDU-B01,36.7,PDU-B01-SP2
2026-06-01 07:30:00,PDU-B01,34.5,PDU-B01-SP1
2026-06-01 07:35:00,PDU-B01,33.4,PDU-B01-SP2
2026-06-01 07:40:00,PDU-B01,33.8,PDU-B01-SP1
2026-06-01 07:45:00,PDU-B01,35.3,PDU-B01-SP2
2026-06-01 07:50:00,PDU-B01,36.5,PDU-B01-SP4
2026-06-01 07:55:00,PDU-B01,35.2,PDU-B01-SP3
2026-06-01 08:00:00,PDU-B01,36.0,PDU-B01-SP4
2026-06-01 08:05:00,PDU-B01,36.6,PDU-B01-SP3
2026-06-01 08:10:00,PDU-B01,34.3,PDU-B01-SP3
2026-06-01 08:15:00,PDU-B01,35.5,PDU-B01-SP3
2026-06-01 08:20:00,PDU-B01,35.0,PDU-B01-SP5
2026-06-01 08:25:00,PDU-B01,34.6,PDU-B01-SP4
2026-06-01 08:30:00,PDU-B01,35.0,PDU-B01-SP4
2026-06-01 08:35:00,PDU-B01,34.1,PDU-B01-SP4
2026-06-01 08:40:00,PDU-B01,33.6,PDU-B01-SP2
2026-06-01 08:45:00,PDU-B01,34.6,PDU-B01-SP1
2026-06-01 08:50:00,PDU-B01,35.1,PDU-B01-SP3
2026-06-01 08:55:00,PDU-B01,36.1,PDU-B01-SP2
2026-06-01 09:00:00,PDU-B01,62.1,PDU-B01-SP5
2026-06-01 09:05:00,PDU-B01,65.0,PDU-B01-SP4
2026-06-01 09:10:00,PDU-B01,51.9,PDU-B01-SP2
2026-06-01 09:15:00,PDU-B01,53.3,PDU-B01-SP1
2026-06-01 09:20:00,PDU-B01,62.9,PDU-B01-SP1
2026-06-01 09:25:00,PDU-B01,55.5,PDU-B01-SP5
2026-06-01 09:30:00,PDU-B01,63.2,PDU-B01-SP3
2026-06-01 09:35:00,PDU-B01,50.9,PDU-B01-SP4
2026-06-01 09:40:00,PDU-B01,62.5,PDU-B01-SP2
2026-06-01 09:45:00,PDU-B01,60.0,PDU-B01-SP2
2026-06-01 09:50:00,PDU-B01,55.3,PDU-B01-SP2
2026-06-01 09:55:00,PDU-B01,55.6,PDU-B01-SP1
2026-06-01 10:00:00,PDU-B01,54.0,PDU-B01-SP2
2026-06-01 10:05:00,PDU-B01,63.4,PDU-B01-SP2
2026-06-01 10:10:00,PDU-B01,67.8,PDU-B01-SP5
2026-06-01 10:15:00,PDU-B01,64.0,PDU-B01-SP3
2026-06-01 10:20:00,PDU-B01,69.1,PDU-B01-SP2
2026-06-01 10:25:00,PDU-B01,61.1,PDU-B01-SP1
2026-06-01 10:30:00,PDU-B01,65.7,PDU-B01-SP4
2026-06-01 10:35:00,PDU-B01,69.3,PDU-B01-SP4
2026-06-01 10:40:00,PDU-B01,51.1,PDU-B01-SP3
2026-06-01 10:45:00,PDU-B01,67.8,PDU-B01-SP5
2026-06-01 10:50:00,PDU-B01,63.1,PDU-B01-SP1
2026-06-01 10:55:00,PDU-B01,60.1,PDU-B01-SP1
2026-06-01 11:00:00,PDU-B01,55.5,PDU-B01-SP1
2026-06-01 11:05:00,PDU-B01,58.1,PDU-B01-SP5
2026-06-01 11:10:00,PDU-B01,62.3,PDU-B01-SP1
2026-06-01 11:15:00,PDU-B01,53.5,PDU-B01-SP5
2026-06-01 11:20:00,PDU-B01,63.5,PDU-B01-SP2
2026-06-01 11:25:00,PDU-B01,58.0,PDU-B01-SP2
2026-06-01 11:30:00,PDU-B01,69.4,PDU-B01-SP2
2026-06-01 11:35:00,PDU-B01,54.6,PDU-B01-SP1
2026-06-01 11:40:00,PDU-B01,60.0,PDU-B01-SP2
2026-06-01 11:45:00,PDU-B01,64.5,PDU-B01-SP4
2026-06-01 11:50:00,PDU-B01,56.4,PDU-B01-SP3
2026-06-01 11:55:00,PDU-B01,61.7,PDU-B01-SP2
2026-06-01 12:00:00,PDU-B01,52.1,PDU-B01-SP2
2026-06-01 12:05:00,PDU-B01,67.9,PDU-B01-SP3
2026-06-01 12:10:00,PDU-B01,57.0,PDU-B01-SP5
2026-06-01 12:15:00,PDU-B01,62.6,PDU-B01-SP4
2026-06-01 12:20:00,PDU-B01,62.1,PDU-B01-SP2
2026-06-01 12:25:00,PDU-B01,52.1,PDU-B01-SP4
2026-06-01 12:30:00,PDU-B01,54.1,PDU-B01-SP2
2026-06-01 12:35:00,PDU-B01,60.3,PDU-B01-SP1
2026-06-01 12:40:00,PDU-B01,56.1,PDU-B01-SP5
2026-06-01 12:45:00,PDU-B01,58.6,PDU-B01-SP2
2026-06-01 12:50:00,PDU-B01,70.0,PDU-B01-SP5
2026-06-01 12:55:00,PDU-B01,66.3,PDU-B01-SP3
2026-06-01 13:00:00,PDU-B01,59.3,PDU-B01-SP2
2026-06-01 13:05:00,PDU-B01,67.3,PDU-B01-SP4
2026-06-01 13:10:00,PDU-B01,66.0,PDU-B01-SP1
2026-06-01 13:15:00,PDU-B01,56.1,PDU-B01-SP2
2026-06-01 13:20:00,PDU-B01,53.4,PDU-B01-SP1
2026-06-01 13:25:00,PDU-B01,62.4,PDU-B01-SP4
2026-06-01 13:30:00,PDU-B01,61.9,PDU-B01-SP1
2026-06-01 13:35:00,PDU-B01,68.2,PDU-B01-SP5
2026-06-01 13:40:00,PDU-B01,68.9,PDU-B01-SP3
2026-06-01 13:45:00,PDU-B01,62.9,PDU-B01-SP1
2026-06-01 13:50:00,PDU-B01,69.1,PDU-B01-SP3
2026-06-01 13:55:00,PDU-B01,61.2,PDU-B01-SP5
2026-06-01 14:00:00,PDU-B01,69.3,PDU-B01-SP1
2026-06-01 14:05:00,PDU-B01,59.0,PDU-B01-SP2
2026-06-01 14:10:00,PDU-B01,56.1,PDU-B01-SP2
2026-06-01 14:15:00,PDU-B01,55.4,PDU-B01-SP2
2026-06-01 14:20:00,PDU-B01,51.2,PDU-B01-SP5
2026-06-01 14:25:00,PDU-B01,56.5,PDU-B01-SP1
2026-06-01 14:30:00,PDU-B01,66.7,PDU-B01-SP3
2026-06-01 14:35:00,PDU-B01,50.1,PDU-B01-SP5
2026-06-01 14:40:00,PDU-B01,65.1,PDU-B01-SP1
2026-06-01 14:45:00,PDU-B01,61.9,PDU-B01-SP3
2026-06-01 14:50:00,PDU-B01,64.1,PDU-B01-SP4
2026-06-01 14:55:00,PDU-B01,50.7,PDU-B01-SP2
2026-06-01 15:00:00,PDU-B01,52.4,PDU-B01-SP5
2026-06-01 15:05:00,PDU-B01,60.0,PDU-B01-SP5
2026-06-01 15:10:00,PDU-B01,60.2,PDU-B01-SP4
2026-06-01 15:15:00,PDU-B01,64.3,PDU-B01-SP5
2026-06-01 15:20:00,PDU-B01,67.1,PDU-B01-SP3
2026-06-01 15:25:00,PDU-B01,65.5,PDU-B01-SP4
2026-06-01 15:30:00,PDU-B01,61.9,PDU-B01-SP4
2026-06-01 15:35:00,PDU-B01,62.1,PDU-B01-SP3
2026-06-01 15:40:00,PDU-B01,55.4,PDU-B01-SP3
2026-06-01 15:45:00,PDU-B01,55.8,PDU-B01-SP3
2026-06-01 15:50:00,PDU-B01,61.0,PDU-B01-SP2
2026-06-01 15:55:00,PDU-B01,59.0,PDU-B01-SP5
2026-06-01 16:00:00,PDU-B01,58.1,PDU-B01-SP1
2026-06-01 16:05:00,PDU-B01,65.9,PDU-B01-SP1
2026-06-01 16:10:00,PDU-B01,68.3,PDU-B01-SP5
2026-06-01 16:15:00,PDU-B01,65.2,PDU-B01-SP1
2026-06-01 16:20:00,PDU-B01,64.1,PDU-B01-SP5
2026-06-01 16:25:00,PDU-B01,57.2,PDU-B01-SP4
2026-06-01 16:30:00,PDU-B01,51.3,PDU-B01-SP5
2026-06-01 16:35:00,PDU-B01,54.9,PDU-B01-SP3
2026-06-01 16:40:00,PDU-B01,54.2,PDU-B01-SP2
2026-06-01 16:45:00,PDU-B01,67.5,PDU-B01-SP2
2026-06-01 16:50:00,PDU-B01,56.6,PDU-B01-SP4
2026-06-01 16:55:00,PDU-B01,64.2,PDU-B01-SP3
2026-06-01 17:00:00,PDU-B01,53.6,PDU-B01-SP3
2026-06-01 17:05:00,PDU-B01,56.6,PDU-B01-SP3
2026-06-01 17:10:00,PDU-B01,65.8,PDU-B01-SP3
2026-06-01 17:15:00,PDU-B01,58.1,PDU-B01-SP4
2026-06-01 17:20:00,PDU-B01,51.9,PDU-B01-SP1
2026-06-01 17:25:00,PDU-B01,68.8,PDU-B01-SP2
2026-06-01 17:30:00,PDU-B01,70.6,PDU-B01-SP1
2026-06-01 17:35:00,PDU-B01,65.2,PDU-B01-SP3
2026-06-01 17:40:00,PDU-B01,55.4,PDU-B01-SP3
2026-06-01 17:45:00,PDU-B01,58.1,PDU-B01-SP5
2026-06-01 17:50:00,PDU-B01,60.0,PDU-B01-SP2
2026-06-01 17:55:00,PDU-B01,62.1,PDU-B01-SP3
2026-06-01 18:00:00,PDU-B01,51.1,PDU-B01-SP3
2026-06-01 18:05:00,PDU-B01,66.2,PDU-B01-SP5
2026-06-01 18:10:00,PDU-B01,61.3,PDU-B01-SP1
2026-06-01 18:15:00,PDU-B01,65.2,PDU-B01-SP4
2026-06-01 18:20:00,PDU-B01,56.9,PDU-B01-SP5
2026-06-01 18:25:00,PDU-B01,55.9,PDU-B01-SP3
2026-06-01 18:30:00,PDU-B01,55.0,PDU-B01-SP3
2026-06-01 18:35:00,PDU-B01,50.8,PDU-B01-SP1
2026-06-01 18:40:00,PDU-B01,57.6,PDU-B01-SP4
2026-06-01 18:45:00,PDU-B01,68.0,PDU-B01-SP5
2026-06-01 18:50:00,PDU-B01,54.8,PDU-B01-SP1
2026-06-01 18:55:00,PDU-B01,58.1,PDU-B01-SP5
2026-06-01 19:00:00,PDU-B01,46.4,PDU-B01-SP5
2026-06-01 19:05:00,PDU-B01,48.7,PDU-B01-SP2
2026-06-01 19:10:00,PDU-B01,45.8,PDU-B01-SP3
2026-06-01 19:15:00,PDU-B01,49.0,PDU-B01-SP4
2026-06-01 19:20:00,PDU-B01,46.1,PDU-B01-SP3
2026-06-01 19:25:00,PDU-B01,44.0,PDU-B01-SP3
2026-06-01 19:30:00,PDU-B01,43.1,PDU-B01-SP3
2026-06-01 19:35:00,PDU-B01,42.8,PDU-B01-SP1
2026-06-01 19:40:00,PDU-B01,41.1,PDU-B01-SP4
2026-06-01 19:45:00,PDU-B01,43.3,PDU-B01-SP1
2026-06-01 19:50:00,PDU-B01,46.4,PDU-B01-SP5
2026-06-01 19:55:00,PDU-B01,43.4,PDU-B01-SP1
2026-06-01 20:00:00,PDU-B01,51.0,PDU-B01-SP3
2026-06-01 20:05:00,PDU-B01,47.7,PDU-B01-SP5
2026-06-01 20:10:00,PDU-B01,40.9,PDU-B01-SP1
2026-06-01 20:15:00,PDU-B01,47.1,PDU-B01-SP1
2026-06-01 20:20:00,PDU-B01,46.0,PDU-B01-SP1
2026-06-01 20:25:00,PDU-B01,45.2,PDU-B01-SP2
2026-06-01 20:30:00,PDU-B01,48.3,PDU-B01-SP4
2026-06-01 20:35:00,PDU-B01,47.9,PDU-B01-SP2
2026-06-01 20:40:00,PDU-B01,44.4,PDU-B01-SP5
2026-06-01 20:45:00,PDU-B01,42.8,PDU-B01-SP4
2026-06-01 20:50:00,PDU-B01,48.4,PDU-B01-SP3
2026-06-01 20:55:00,PDU-B01,40.4,PDU-B01-SP1
2026-06-01 21:00:00,PDU-B01,38.4,PDU-B01-SP2
2026-06-01 21:05:00,PDU-B01,40.7,PDU-B01-SP3
2026-06-01 21:10:00,PDU-B01,45.5,PDU-B01-SP2
2026-06-01 21:15:00,PDU-B01,47.8,PDU-B01-SP3
2026-06-01 21:20:00,PDU-B01,49.7,PDU-B01-SP5
2026-06-01 21:25:00,PDU-B01,41.8,PDU-B01-SP2
2026-06-01 21:30:00,PDU-B01,40.8,PDU-B01-SP5
2026-06-01 21:35:00,PDU-B01,47.0,PDU-B01-SP2
2026-06-01 21:40:00,PDU-B01,46.8,PDU-B01-SP3
2026-06-01 21:45:00,PDU-B01,50.3,PDU-B01-SP2
2026-06-01 21:50:00,PDU-B01,39.9,PDU-B01-SP3
2026-06-01 21:55:00,PDU-B01,43.2,PDU-B01-SP3
2026-06-01 22:00:00,PDU-B01,40.8,PDU-B01-SP4
2026-06-01 22:05:00,PDU-B01,42.1,PDU-B01-SP1
2026-06-01 22:10:00,PDU-B01,44.9,PDU-B01-SP2
2026-06-01 22:15:00,PDU-B01,43.0,PDU-B01-SP4
2026-06-01 22:20:00,PDU-B01,42.3,PDU-B01-SP5
2026-06-01 22:25:00,PDU-B01,46.3,PDU-B01-SP2
2026-06-01 22:30:00,PDU-B01,44.9,PDU-B01-SP5
2026-06-01 22:35:00,PDU-B01,41.4,PDU-B01-SP1
2026-06-01 22:40:00,PDU-B01,50.3,PDU-B01-SP3
2026-06-01 22:45:00,PDU-B01,46.5,PDU-B01-SP2
2026-06-01 22:50:00,PDU-B01,39.7,PDU-B01-SP5
2026-06-01 22:55:00,PDU-B01,42.0,PDU-B01-SP1
2026-06-01 23:00:00,PDU-B01,47.5,PDU-B01-SP4
2026-06-01 23:05:00,PDU-B01,47.4,PDU-B01-SP1
2026-06-01 23:10:00,PDU-B01,44.7,PDU-B01-SP1
2026-06-01 23:15:00,PDU-B01,45.2,PDU-B01-SP3
2026-06-01 23:20:00,PDU-B01,42.3,PDU-B01-SP4
2026-06-01 23:25:00,PDU-B01,46.7,PDU-B01-SP3
2026-06-01 23:30:00,PDU-B01,48.6,PDU-B01-SP1
2026-06-01 23:35:00,PDU-B01,39.5,PDU-B01-SP5
2026-06-01 23:40:00,PDU-B01,39.2,PDU-B01-SP2
2026-06-01 23:45:00,PDU-B01,47.7,PDU-B01-SP1
2026-06-01 23:50:00,PDU-B01,44.4,PDU-B01-SP3
2026-06-01 23:55:00,PDU-B01,42.7,PDU-B01-SP2
2026-06-02 00:00:00,PDU-B01,42.3,PDU-B01-SP5
2026-06-02 00:05:00,PDU-B01,50.6,PDU-B01-SP2
2026-06-02 00:10:00,PDU-B01,44.7,PDU-B01-SP2
2026-06-02 00:15:00,PDU-B01,38.1,PDU-B01-SP4
2026-06-02 00:20:00,PDU-B01,47.5,PDU-B01-SP3
2026-06-02 00:25:00,PDU-B01,44.0,PDU-B01-SP1
2026-06-02 00:30:00,PDU-B01,44.2,PDU-B01-SP1
2026-06-02 00:35:00,PDU-B01,45.7,PDU-B01-SP4
2026-06-02 00:40:00,PDU-B01,39.0,PDU-B01-SP5
2026-06-02 00:45:00,PDU-B01,45.6,PDU-B01-SP1
2026-06-02 00:50:00,PDU-B01,40.8,PDU-B01-SP1
2026-06-02 00:55:00,PDU-B01,41.9,PDU-B01-SP4
2026-06-02 01:00:00,PDU-B01,43.8,PDU-B01-SP5
2026-06-02 01:05:00,PDU-B01,45.3,PDU-B01-SP1
2026-06-02 01:10:00,PDU-B01,42.3,PDU-B01-SP3
2026-06-02 01:15:00,PDU-B01,41.0,PDU-B01-SP3
2026-06-02 01:20:00,PDU-B01,50.2,PDU-B01-SP1
2026-06-02 01:25:00,PDU-B01,45.3,PDU-B01-SP5
2026-06-02 01:30:00,PDU-B01,40.0,PDU-B01-SP2
2026-06-02 01:35:00,PDU-B01,46.4,PDU-B01-SP1
2026-06-02 01:40:00,PDU-B01,48.0,PDU-B01-SP3
2026-06-02 01:45:00,PDU-B01,47.2,PDU-B01-SP2
2026-06-02 01:50:00,PDU-B01,42.7,PDU-B01-SP3
2026-06-02 01:55:00,PDU-B01,44.5,PDU-B01-SP5
2026-06-02 02:00:00,PDU-B01,45.0,PDU-B01-SP3
2026-06-02 02:05:00,PDU-B01,45.9,PDU-B01-SP4
2026-06-02 02:10:00,PDU-B01,41.7,PDU-B01-SP1
2026-06-02 02:15:00,PDU-B01,48.4,PDU-B01-SP1
2026-06-02 02:20:00,PDU-B01,49.7,PDU-B01-SP1
2026-06-02 02:25:00,PDU-B01,38.7,PDU-B01-SP2
2026-06-02 02:30:00,PDU-B01,40.1,PDU-B01-SP5
2026-06-02 02:35:00,PDU-B01,45.7,PDU-B01-SP2
2026-06-02 02:40:00,PDU-B01,47.2,PDU-B01-SP5
2026-06-02 02:45:00,PDU-B01,45.4,PDU-B01-SP4
2026-06-02 02:50:00,PDU-B01,46.0,PDU-B01-SP1
2026-06-02 02:55:00,PDU-B01,47.8,PDU-B01-SP5
2026-06-02 03:00:00,PDU-B01,48.5,PDU-B01-SP2
2026-06-02 03:05:00,PDU-B01,43.0,PDU-B01-SP4
2026-06-02 03:10:00,PDU-B01,47.3,PDU-B01-SP1
2026-06-02 03:15:00,PDU-B01,45.7,PDU-B01-SP5
2026-06-02 03:20:00,PDU-B01,43.0,PDU-B01-SP4
2026-06-02 03:25:00,PDU-B01,47.9,PDU-B01-SP2
2026-06-02 03:30:00,PDU-B01,41.9,PDU-B01-SP1
2026-06-02 03:35:00,PDU-B01,41.2,PDU-B01-SP2
2026-06-02 03:40:00,PDU-B01,47.8,PDU-B01-SP4
2026-06-02 03:45:00,PDU-B01,46.8,PDU-B01-SP5
2026-06-02 03:50:00,PDU-B01,42.3,PDU-B01-SP5
2026-06-02 03:55:00,PDU-B01,42.5,PDU-B01-SP2
2026-06-02 04:00:00,PDU-B01,46.3,PDU-B01-SP3
2026-06-02 04:05:00,PDU-B01,45.9,PDU-B01-SP5
2026-06-02 04:10:00,PDU-B01,48.6,PDU-B01-SP5
2026-06-02 04:15:00,PDU-B01,41.9,PDU-B01-SP5
2026-06-02 04:20:00,PDU-B01,39.5,PDU-B01-SP2
2026-06-02 04:25:00,PDU-B01,47.4,PDU-B01-SP2
2026-06-02 04:30:00,PDU-B01,49.3,PDU-B01-SP2
2026-06-02 04:35:00,PDU-B01,46.8,PDU-B01-SP4
2026-06-02 04:40:00,PDU-B01,47.6,PDU-B01-SP4
2026-06-02 04:45:00,PDU-B01,43.9,PDU-B01-SP4
2026-06-02 04:50:00,PDU-B01,48.7,PDU-B01-SP2
2026-06-02 04:55:00,PDU-B01,46.1,PDU-B01-SP1
2026-06-02 05:00:00,PDU-B01,42.0,PDU-B01-SP3
2026-06-02 05:05:00,PDU-B01,42.2,PDU-B01-SP5
2026-06-02 05:10:00,PDU-B01,47.8,PDU-B01-SP4
2026-06-02 05:15:00,PDU-B01,40.5,PDU-B01-SP2
2026-06-02 05:20:00,PDU-B01,48.6,PDU-B01-SP2
2026-06-02 05:25:00,PDU-B01,41.9,PDU-B01-SP4
2026-06-02 05:30:00,PDU-B01,42.1,PDU-B01-SP3
2026-06-02 05:35:00,PDU-B01,41.6,PDU-B01-SP3
2026-06-02 05:40:00,PDU-B01,40.2,PDU-B01-SP5
2026-06-02 05:45:00,PDU-B01,48.0,PDU-B01-SP4
2026-06-02 05:50:00,PDU-B01,39.7,PDU-B01-SP3
2026-06-02 05:55:00,PDU-B01,37.6,PDU-B01-SP3
2026-06-02 06:00:00,PDU-B01,45.9,PDU-B01-SP5
2026-06-02 06:05:00,PDU-B01,44.8,PDU-B01-SP3
2026-06-02 06:10:00,PDU-B01,48.2,PDU-B01-SP5
2026-06-02 06:15:00,PDU-B01,42.3,PDU-B01-SP3
2026-06-02 06:20:00,PDU-B01,50.4,PDU-B01-SP1
2026-06-02 06:25:00,PDU-B01,44.8,PDU-B01-SP1
2026-06-02 06:30:00,PDU-B01,45.6,PDU-B01-SP2
2026-06-02 06:35:00,PDU-B01,49.4,PDU-B01-SP4
2026-06-02 06:40:00,PDU-B01,46.2,PDU-B01-SP1
2026-06-02 06:45:00,PDU-B01,40.9,PDU-B01-SP5
2026-06-02 06:50:00,PDU-B01,47.5,PDU-B01-SP4
2026-06-02 06:55:00,PDU-B01,50.1,PDU-B01-SP4
2026-06-02 07:00:00,PDU-B01,33.2,PDU-B01-SP1
2026-06-02 07:05:00,PDU-B01,36.5,PDU-B01-SP3
2026-06-02 07:10:00,PDU-B01,36.4,PDU-B01-SP3
2026-06-02 07:15:00,PDU-B01,36.6,PDU-B01-SP5
2026-06-02 07:20:00,PDU-B01,34.3,PDU-B01-SP3
2026-06-02 07:25:00,PDU-B01,36.9,PDU-B01-SP1
2026-06-02 07:30:00,PDU-B01,33.1,PDU-B01-SP4
2026-06-02 07:35:00,PDU-B01,34.0,PDU-B01-SP4
2026-06-02 07:40:00,PDU-B01,33.9,PDU-B01-SP4
2026-06-02 07:45:00,PDU-B01,35.7,PDU-B01-SP1
2026-06-02 07:50:00,PDU-B01,37.0,PDU-B01-SP4
2026-06-02 07:55:00,PDU-B01,35.2,PDU-B01-SP5
2026-06-02 08:00:00,PDU-B01,34.5,PDU-B01-SP5
2026-06-02 08:05:00,PDU-B01,36.5,PDU-B01-SP4
2026-06-02 08:10:00,PDU-B01,33.2,PDU-B01-SP1
2026-06-02 08:15:00,PDU-B01,35.4,PDU-B01-SP1
2026-06-02 08:20:00,PDU-B01,35.3,PDU-B01-SP1
2026-06-02 08:25:00,PDU-B01,36.9,PDU-B01-SP2
2026-06-02 08:30:00,PDU-B01,34.4,PDU-B01-SP5
2026-06-02 08:35:00,PDU-B01,34.7,PDU-B01-SP4
2026-06-02 08:40:00,PDU-B01,35.9,PDU-B01-SP1
2026-06-02 08:45:00,PDU-B01,34.4,PDU-B01-SP4
2026-06-02 08:50:00,PDU-B01,36.4,PDU-B01-SP5
2026-06-02 08:55:00,PDU-B01,36.5,PDU-B01-SP1
2026-06-02 09:00:00,PDU-B01,70.1,PDU-B01-SP4
2026-06-02 09:05:00,PDU-B01,61.5,PDU-B01-SP5
2026-06-02 09:10:00,PDU-B01,54.1,PDU-B01-SP3
2026-06-02 09:15:00,PDU-B01,53.7,PDU-B01-SP1
2026-06-02 09:20:00,PDU-B01,66.0,PDU-B01-SP3
2026-06-02 09:25:00,PDU-B01,57.9,PDU-B01-SP3
2026-06-02 09:30:00,PDU-B01,68.5,PDU-B01-SP4
2026-06-02 09:35:00,PDU-B01,65.0,PDU-B01-SP3
2026-06-02 09:40:00,PDU-B01,64.0,PDU-B01-SP5
2026-06-02 09:45:00,PDU-B01,65.6,PDU-B01-SP3
2026-06-02 09:50:00,PDU-B01,65.8,PDU-B01-SP2
2026-06-02 09:55:00,PDU-B01,68.3,PDU-B01-SP3
2026-06-02 10:00:00,PDU-B01,57.2,PDU-B01-SP2
2026-06-02 10:05:00,PDU-B01,55.6,PDU-B01-SP1
2026-06-02 10:10:00,PDU-B01,62.0,PDU-B01-SP4
2026-06-02 10:15:00,PDU-B01,63.8,PDU-B01-SP2
2026-06-02 10:20:00,PDU-B01,56.1,PDU-B01-SP3
2026-06-02 10:25:00,PDU-B01,56.5,PDU-B01-SP3
2026-06-02 10:30:00,PDU-B01,66.9,PDU-B01-SP3
2026-06-02 10:35:00,PDU-B01,49.1,PDU-B01-SP3
2026-06-02 10:40:00,PDU-B01,69.0,PDU-B01-SP5
2026-06-02 10:45:00,PDU-B01,56.2,PDU-B01-SP2
2026-06-02 10:50:00,PDU-B01,58.7,PDU-B01-SP2
2026-06-02 10:55:00,PDU-B01,52.7,PDU-B01-SP4
2026-06-02 11:00:00,PDU-B01,65.6,PDU-B01-SP3
2026-06-02 11:05:00,PDU-B01,60.2,PDU-B01-SP4
2026-06-02 11:10:00,PDU-B01,53.9,PDU-B01-SP3
2026-06-02 11:15:00,PDU-B01,64.2,PDU-B01-SP3
2026-06-02 11:20:00,PDU-B01,69.8,PDU-B01-SP1
2026-06-02 11:25:00,PDU-B01,53.5,PDU-B01-SP3
2026-06-02 11:30:00,PDU-B01,49.4,PDU-B01-SP2
2026-06-02 11:35:00,PDU-B01,53.8,PDU-B01-SP2
2026-06-02 11:40:00,PDU-B01,52.1,PDU-B01-SP1
2026-06-02 11:45:00,PDU-B01,67.1,PDU-B01-SP4
2026-06-02 11:50:00,PDU-B01,58.5,PDU-B01-SP5
2026-06-02 11:55:00,PDU-B01,52.6,PDU-B01-SP5
2026-06-02 12:00:00,PDU-B01,62.1,PDU-B01-SP4
2026-06-02 12:05:00,PDU-B01,65.8,PDU-B01-SP3
2026-06-02 12:10:00,PDU-B01,65.1,PDU-B01-SP3
2026-06-02 12:15:00,PDU-B01,59.0,PDU-B01-SP2
2026-06-02 12:20:00,PDU-B01,55.8,PDU-B01-SP2
2026-06-02 12:25:00,PDU-B01,57.7,PDU-B01-SP2
2026-06-02 12:30:00,PDU-B01,66.2,PDU-B01-SP1
2026-06-02 12:35:00,PDU-B01,70.8,PDU-B01-SP5
2026-06-02 12:40:00,PDU-B01,64.3,PDU-B01-SP1
2026-06-02 12:45:00,PDU-B01,66.6,PDU-B01-SP3
2026-06-02 12:50:00,PDU-B01,64.9,PDU-B01-SP5
2026-06-02 12:55:00,PDU-B01,65.3,PDU-B01-SP3
2026-06-02 13:00:00,PDU-B01,59.7,PDU-B01-SP5
2026-06-02 13:05:00,PDU-B01,59.1,PDU-B01-SP1
2026-06-02 13:10:00,PDU-B01,67.7,PDU-B01-SP5
2026-06-02 13:15:00,PDU-B01,59.6,PDU-B01-SP3
2026-06-02 13:20:00,PDU-B01,60.4,PDU-B01-SP1
2026-06-02 13:25:00,PDU-B01,61.9,PDU-B01-SP3
2026-06-02 13:30:00,PDU-B01,63.2,PDU-B01-SP1
2026-06-02 13:35:00,PDU-B01,64.2,PDU-B01-SP2
2026-06-02 13:40:00,PDU-B01,68.6,PDU-B01-SP4
2026-06-02 13:45:00,PDU-B01,57.0,PDU-B01-SP3
2026-06-02 13:50:00,PDU-B01,56.9,PDU-B01-SP5
2026-06-02 13:55:00,PDU-B01,67.5,PDU-B01-SP5
2026-06-02 14:00:00,PDU-B01,70.0,PDU-B01-SP1
2026-06-02 14:05:00,PDU-B01,67.6,PDU-B01-SP3
2026-06-02 14:10:00,PDU-B01,62.8,PDU-B01-SP1
2026-06-02 14:15:00,PDU-B01,62.4,PDU-B01-SP2
2026-06-02 14:20:00,PDU-B01,63.6,PDU-B01-SP5
2026-06-02 14:25:00,PDU-B01,67.4,PDU-B01-SP2
2026-06-02 14:30:00,PDU-B01,52.3,PDU-B01-SP1
2026-06-02 14:35:00,PDU-B01,55.0,PDU-B01-SP4
2026-06-02 14:40:00,PDU-B01,63.3,PDU-B01-SP4
2026-06-02 14:45:00,PDU-B01,65.6,PDU-B01-SP4
2026-06-02 14:50:00,PDU-B01,52.1,PDU-B01-SP1
2026-06-02 14:55:00,PDU-B01,54.9,PDU-B01-SP4
2026-06-02 15:00:00,PDU-B01,67.6,PDU-B01-SP2
2026-06-02 15:05:00,PDU-B01,54.0,PDU-B01-SP3
2026-06-02 15:10:00,PDU-B01,70.2,PDU-B01-SP3
2026-06-02 15:15:00,PDU-B01,57.4,PDU-B01-SP3
2026-06-02 15:20:00,PDU-B01,50.8,PDU-B01-SP5
2026-06-02 15:25:00,PDU-B01,50.7,PDU-B01-SP2
2026-06-02 15:30:00,PDU-B01,52.0,PDU-B01-SP1
2026-06-02 15:35:00,PDU-B01,49.6,PDU-B01-SP1
2026-06-02 15:40:00,PDU-B01,66.3,PDU-B01-SP3
2026-06-02 15:45:00,PDU-B01,69.0,PDU-B01-SP2
2026-06-02 15:50:00,PDU-B01,62.7,PDU-B01-SP5
2026-06-02 15:55:00,PDU-B01,53.7,PDU-B01-SP2
2026-06-02 16:00:00,PDU-B01,62.3,PDU-B01-SP4
2026-06-02 16:05:00,PDU-B01,65.6,PDU-B01-SP2
2026-06-02 16:10:00,PDU-B01,61.4,PDU-B01-SP4
2026-06-02 16:15:00,PDU-B01,48.8,PDU-B01-SP5
2026-06-02 16:20:00,PDU-B01,68.9,PDU-B01-SP1
2026-06-02 16:25:00,PDU-B01,65.4,PDU-B01-SP3
2026-06-02 16:30:00,PDU-B01,52.9,PDU-B01-SP5
2026-06-02 16:35:00,PDU-B01,62.0,PDU-B01-SP4
2026-06-02 16:40:00,PDU-B01,52.5,PDU-B01-SP5
2026-06-02 16:45:00,PDU-B01,70.2,PDU-B01-SP5
2026-06-02 16:50:00,PDU-B01,67.8,PDU-B01-SP1
2026-06-02 16:55:00,PDU-B01,61.6,PDU-B01-SP2
2026-06-02 17:00:00,PDU-B01,56.3,PDU-B01-SP4
2026-06-02 17:05:00,PDU-B01,53.4,PDU-B01-SP3
2026-06-02 17:10:00,PDU-B01,53.1,PDU-B01-SP4
2026-06-02 17:15:00,PDU-B01,67.9,PDU-B01-SP5
2026-06-02 17:20:00,PDU-B01,52.1,PDU-B01-SP3
2026-06-02 17:25:00,PDU-B01,68.5,PDU-B01-SP5
2026-06-02 17:30:00,PDU-B01,61.5,PDU-B01-SP2
2026-06-02 17:35:00,PDU-B01,54.2,PDU-B01-SP2
2026-06-02 17:40:00,PDU-B01,56.4,PDU-B01-SP4
2026-06-02 17:45:00,PDU-B01,57.0,PDU-B01-SP1
2026-06-02 17:50:00,PDU-B01,59.1,PDU-B01-SP4
2026-06-02 17:55:00,PDU-B01,61.4,PDU-B01-SP3
2026-06-02 18:00:00,PDU-B01,66.2,PDU-B01-SP5
2026-06-02 18:05:00,PDU-B01,65.4,PDU-B01-SP1
2026-06-02 18:10:00,PDU-B01,56.5,PDU-B01-SP5
2026-06-02 18:15:00,PDU-B01,61.4,PDU-B01-SP1
2026-06-02 18:20:00,PDU-B01,58.9,PDU-B01-SP3
2026-06-02 18:25:00,PDU-B01,57.1,PDU-B01-SP5
2026-06-02 18:30:00,PDU-B01,52.4,PDU-B01-SP4
2026-06-02 18:35:00,PDU-B01,64.9,PDU-B01-SP2
2026-06-02 18:40:00,PDU-B01,60.9,PDU-B01-SP1
2026-06-02 18:45:00,PDU-B01,66.6,PDU-B01-SP2
2026-06-02 18:50:00,PDU-B01,68.7,PDU-B01-SP1
2026-06-02 18:55:00,PDU-B01,64.3,PDU-B01-SP5
2026-06-02 19:00:00,PDU-B01,44.1,PDU-B01-SP4
2026-06-02 19:05:00,PDU-B01,42.0,PDU-B01-SP3
2026-06-02 19:10:00,PDU-B01,38.0,PDU-B01-SP3
2026-06-02 19:15:00,PDU-B01,51.8,PDU-B01-SP2
2026-06-02 19:20:00,PDU-B01,44.4,PDU-B01-SP1
2026-06-02 19:25:00,PDU-B01,41.1,PDU-B01-SP5
2026-06-02 19:30:00,PDU-B01,47.9,PDU-B01-SP4
2026-06-02 19:35:00,PDU-B01,47.3,PDU-B01-SP3
2026-06-02 19:40:00,PDU-B01,42.8,PDU-B01-SP3
2026-06-02 19:45:00,PDU-B01,41.5,PDU-B01-SP4
2026-06-02 19:50:00,PDU-B01,44.5,PDU-B01-SP2
2026-06-02 19:55:00,PDU-B01,47.9,PDU-B01-SP5
2026-06-02 20:00:00,PDU-B01,39.9,PDU-B01-SP1
2026-06-02 20:05:00,PDU-B01,46.5,PDU-B01-SP2
2026-06-02 20:10:00,PDU-B01,38.2,PDU-B01-SP2
2026-06-02 20:15:00,PDU-B01,48.9,PDU-B01-SP2
2026-06-02 20:20:00,PDU-B01,43.6,PDU-B01-SP3
2026-06-02 20:25:00,PDU-B01,50.4,PDU-B01-SP4
2026-06-02 20:30:00,PDU-B01,41.3,PDU-B01-SP5
2026-06-02 20:35:00,PDU-B01,42.9,PDU-B01-SP4
2026-06-02 20:40:00,PDU-B01,49.6,PDU-B01-SP1
2026-06-02 20:45:00,PDU-B01,45.1,PDU-B01-SP2
2026-06-02 20:50:00,PDU-B01,42.8,PDU-B01-SP4
2026-06-02 20:55:00,PDU-B01,39.1,PDU-B01-SP4
2026-06-02 21:00:00,PDU-B01,42.1,PDU-B01-SP1
2026-06-02 21:05:00,PDU-B01,42.1,PDU-B01-SP4
2026-06-02 21:10:00,PDU-B01,46.9,PDU-B01-SP1
2026-06-02 21:15:00,PDU-B01,46.3,PDU-B01-SP2
2026-06-02 21:20:00,PDU-B01,48.4,PDU-B01-SP1
2026-06-02 21:25:00,PDU-B01,47.1,PDU-B01-SP3
2026-06-02 21:30:00,PDU-B01,47.5,PDU-B01-SP2
2026-06-02 21:35:00,PDU-B01,41.7,PDU-B01-SP1
2026-06-02 21:40:00,PDU-B01,41.9,PDU-B01-SP3
2026-06-02 21:45:00,PDU-B01,43.5,PDU-B01-SP2
2026-06-02 21:50:00,PDU-B01,43.6,PDU-B01-SP1
2026-06-02 21:55:00,PDU-B01,46.9,PDU-B01-SP2
2026-06-02 22:00:00,PDU-B01,44.8,PDU-B01-SP2
2026-06-02 22:05:00,PDU-B01,42.4,PDU-B01-SP1
2026-06-02 22:10:00,PDU-B01,38.5,PDU-B01-SP5
2026-06-02 22:15:00,PDU-B01,45.4,PDU-B01-SP2
2026-06-02 22:20:00,PDU-B01,46.3,PDU-B01-SP1
2026-06-02 22:25:00,PDU-B01,39.0,PDU-B01-SP2
2026-06-02 22:30:00,PDU-B01,37.1,PDU-B01-SP1
2026-06-02 22:35:00,PDU-B01,49.0,PDU-B01-SP1
2026-06-02 22:40:00,PDU-B01,49.5,PDU-B01-SP1
2026-06-02 22:45:00,PDU-B01,43.5,PDU-B01-SP4
2026-06-02 22:50:00,PDU-B01,49.9,PDU-B01-SP3
2026-06-02 22:55:00,PDU-B01,46.1,PDU-B01-SP2
2026-06-02 23:00:00,PDU-B01,47.0,PDU-B01-SP3
2026-06-02 23:05:00,PDU-B01,50.3,PDU-B01-SP4
2026-06-02 23:10:00,PDU-B01,47.7,PDU-B01-SP5
2026-06-02 23:15:00,PDU-B01,47.6,PDU-B01-SP3
2026-06-02 23:20:00,PDU-B01,44.7,PDU-B01-SP4
2026-06-02 23:25:00,PDU-B01,51.5,PDU-B01-SP3
2026-06-02 23:30:00,PDU-B01,46.9,PDU-B01-SP3
2026-06-02 23:35:00,PDU-B01,40.4,PDU-B01-SP5
2026-06-02 23:40:00,PDU-B01,50.3,PDU-B01-SP2
2026-06-02 23:45:00,PDU-B01,47.7,PDU-B01-SP4
2026-06-02 23:50:00,PDU-B01,43.3,PDU-B01-SP4
2026-06-02 23:55:00,PDU-B01,43.4,PDU-B01-SP3
2026-06-03 00:00:00,PDU-B01,43.4,PDU-B01-SP2
2026-06-03 00:05:00,PDU-B01,45.8,PDU-B01-SP2
2026-06-03 00:10:00,PDU-B01,47.1,PDU-B01-SP5
2026-06-03 00:15:00,PDU-B01,42.9,PDU-B01-SP4
2026-06-03 00:20:00,PDU-B01,42.4,PDU-B01-SP4
2026-06-03 00:25:00,PDU-B01,39.0,PDU-B01-SP4
2026-06-03 00:30:00,PDU-B01,43.6,PDU-B01-SP5
2026-06-03 00:35:00,PDU-B01,42.3,PDU-B01-SP3
2026-06-03 00:40:00,PDU-B01,43.7,PDU-B01-SP4
2026-06-03 00:45:00,PDU-B01,49.0,PDU-B01-SP4
2026-06-03 00:50:00,PDU-B01,38.1,PDU-B01-SP5
2026-06-03 00:55:00,PDU-B01,45.4,PDU-B01-SP5
2026-06-03 01:00:00,PDU-B01,48.0,PDU-B01-SP5
2026-06-03 01:05:00,PDU-B01,46.4,PDU-B01-SP4
2026-06-03 01:10:00,PDU-B01,41.5,PDU-B01-SP2
2026-06-03 01:15:00,PDU-B01,47.3,PDU-B01-SP5
2026-06-03 01:20:00,PDU-B01,49.7,PDU-B01-SP1
2026-06-03 01:25:00,PDU-B01,47.6,PDU-B01-SP1
2026-06-03 01:30:00,PDU-B01,40.9,PDU-B01-SP1
2026-06-03 01:35:00,PDU-B01,41.0,PDU-B01-SP3
2026-06-03 01:40:00,PDU-B01,39.8,PDU-B01-SP2
2026-06-03 01:45:00,PDU-B01,40.6,PDU-B01-SP5
2026-06-03 01:50:00,PDU-B01,49.3,PDU-B01-SP4
2026-06-03 01:55:00,PDU-B01,45.0,PDU-B01-SP3
2026-06-03 02:00:00,PDU-B01,43.5,PDU-B01-SP2
2026-06-03 02:05:00,PDU-B01,47.5,PDU-B01-SP4
2026-06-03 02:10:00,PDU-B01,41.9,PDU-B01-SP4
2026-06-03 02:15:00,PDU-B01,41.0,PDU-B01-SP4
2026-06-03 02:20:00,PDU-B01,45.8,PDU-B01-SP2
2026-06-03 02:25:00,PDU-B01,50.4,PDU-B01-SP2
2026-06-03 02:30:00,PDU-B01,47.4,PDU-B01-SP1
2026-06-03 02:35:00,PDU-B01,40.0,PDU-B01-SP4
2026-06-03 02:40:00,PDU-B01,45.3,PDU-B01-SP5
2026-06-03 02:45:00,PDU-B01,47.8,PDU-B01-SP4
2026-06-03 02:50:00,PDU-B01,44.2,PDU-B01-SP1
2026-06-03 02:55:00,PDU-B01,51.5,PDU-B01-SP5
2026-06-03 03:00:00,PDU-B01,42.1,PDU-B01-SP1
2026-06-03 03:05:00,PDU-B01,47.0,PDU-B01-SP2
2026-06-03 03:10:00,PDU-B01,46.6,PDU-B01-SP2
2026-06-03 03:15:00,PDU-B01,42.0,PDU-B01-SP2
2026-06-03 03:20:00,PDU-B01,48.9,PDU-B01-SP1
2026-06-03 03:25:00,PDU-B01,44.8,PDU-B01-SP4
2026-06-03 03:30:00,PDU-B01,40.7,PDU-B01-SP4
2026-06-03 03:35:00,PDU-B01,49.4,PDU-B01-SP3
2026-06-03 03:40:00,PDU-B01,40.2,PDU-B01-SP5
2026-06-03 03:45:00,PDU-B01,47.0,PDU-B01-SP3
2026-06-03 03:50:00,PDU-B01,47.2,PDU-B01-SP2
2026-06-03 03:55:00,PDU-B01,45.8,PDU-B01-SP4
2026-06-03 04:00:00,PDU-B01,41.8,PDU-B01-SP4
2026-06-03 04:05:00,PDU-B01,45.6,PDU-B01-SP1
2026-06-03 04:10:00,PDU-B01,42.4,PDU-B01-SP5
2026-06-03 04:15:00,PDU-B01,39.4,PDU-B01-SP3
2026-06-03 04:20:00,PDU-B01,44.8,PDU-B01-SP4
2026-06-03 04:25:00,PDU-B01,44.1,PDU-B01-SP3
2026-06-03 04:30:00,PDU-B01,46.0,PDU-B01-SP5
2026-06-03 04:35:00,PDU-B01,49.5,PDU-B01-SP4
2026-06-03 04:40:00,PDU-B01,45.3,PDU-B01-SP3
2026-06-03 04:45:00,PDU-B01,47.1,PDU-B01-SP4
2026-06-03 04:50:00,PDU-B01,40.4,PDU-B01-SP4
2026-06-03 04:55:00,PDU-B01,47.4,PDU-B01-SP3
2026-06-03 05:00:00,PDU-B01,50.1,PDU-B01-SP1
2026-06-03 05:05:00,PDU-B01,49.1,PDU-B01-SP1
2026-06-03 05:10:00,PDU-B01,40.4,PDU-B01-SP1
2026-06-03 05:15:00,PDU-B01,41.9,PDU-B01-SP1
2026-06-03 05:20:00,PDU-B01,46.5,PDU-B01-SP1
2026-06-03 05:25:00,PDU-B01,46.5,PDU-B01-SP5
2026-06-03 05:30:00,PDU-B01,40.1,PDU-B01-SP4
2026-06-03 05:35:00,PDU-B01,45.3,PDU-B01-SP1
2026-06-03 05:40:00,PDU-B01,44.0,PDU-B01-SP2
2026-06-03 05:45:00,PDU-B01,42.2,PDU-B01-SP1
2026-06-03 05:50:00,PDU-B01,41.9,PDU-B01-SP1
2026-06-03 05:55:00,PDU-B01,40.2,PDU-B01-SP2
2026-06-03 06:00:00,PDU-B01,42.2,PDU-B01-SP4
2026-06-03 06:05:00,PDU-B01,42.6,PDU-B01-SP4
2026-06-03 06:10:00,PDU-B01,48.8,PDU-B01-SP4
2026-06-03 06:15:00,PDU-B01,44.4,PDU-B01-SP3
2026-06-03 06:20:00,PDU-B01,47.4,PDU-B01-SP1
2026-06-03 06:25:00,PDU-B01,43.9,PDU-B01-SP1
2026-06-03 06:30:00,PDU-B01,39.7,PDU-B01-SP2
2026-06-03 06:35:00,PDU-B01,49.0,PDU-B01-SP2
2026-06-03 06:40:00,PDU-B01,47.5,PDU-B01-SP1
2026-06-03 06:45:00,PDU-B01,42.5,PDU-B01-SP2
2026-06-03 06:50:00,PDU-B01,41.3,PDU-B01-SP5
2026-06-03 06:55:00,PDU-B01,41.9,PDU-B01-SP3
2026-06-03 07:00:00,PDU-B01,33.9,PDU-B01-SP3
2026-06-03 07:05:00,PDU-B01,36.3,PDU-B01-SP2
2026-06-03 07:10:00,PDU-B01,35.1,PDU-B01-SP3
2026-06-03 07:15:00,PDU-B01,34.1,PDU-B01-SP2
2026-06-03 07:20:00,PDU-B01,33.3,PDU-B01-SP1
2026-06-03 07:25:00,PDU-B01,35.0,PDU-B01-SP1
2026-06-03 07:30:00,PDU-B01,35.5,PDU-B01-SP4
2026-06-03 07:35:00,PDU-B01,33.3,PDU-B01-SP4
2026-06-03 07:40:00,PDU-B01,33.0,PDU-B01-SP1
2026-06-03 07:45:00,PDU-B01,34.3,PDU-B01-SP3
2026-06-03 07:50:00,PDU-B01,35.8,PDU-B01-SP5
2026-06-03 07:55:00,PDU-B01,35.7,PDU-B01-SP1
2026-06-03 08:00:00,PDU-B01,35.3,PDU-B01-SP3
2026-06-03 08:05:00,PDU-B01,34.8,PDU-B01-SP4
2026-06-03 08:10:00,PDU-B01,34.5,PDU-B01-SP3
2026-06-03 08:15:00,PDU-B01,36.1,PDU-B01-SP3
2026-06-03 08:20:00,PDU-B01,35.2,PDU-B01-SP2
2026-06-03 08:25:00,PDU-B01,33.9,PDU-B01-SP2
2026-06-03 08:30:00,PDU-B01,33.2,PDU-B01-SP3
2026-06-03 08:35:00,PDU-B01,34.6,PDU-B01-SP4
2026-06-03 08:40:00,PDU-B01,34.3,PDU-B01-SP4
2026-06-03 08:45:00,PDU-B01,34.9,PDU-B01-SP4
2026-06-03 08:50:00,PDU-B01,34.8,PDU-B01-SP2
2026-06-03 08:55:00,PDU-B01,36.0,PDU-B01-SP4
2026-06-03 09:00:00,PDU-B01,56.5,PDU-B01-SP2
2026-06-03 09:05:00,PDU-B01,65.3,PDU-B01-SP2
2026-06-03 09:10:00,PDU-B01,56.0,PDU-B01-SP2
2026-06-03 09:15:00,PDU-B01,54.8,PDU-B01-SP2
2026-06-03 09:20:00,PDU-B01,51.5,PDU-B01-SP2
2026-06-03 09:25:00,PDU-B01,54.2,PDU-B01-SP4
2026-06-03 09:30:00,PDU-B01,57.1,PDU-B01-SP5
2026-06-03 09:35:00,PDU-B01,54.3,PDU-B01-SP5
2026-06-03 09:40:00,PDU-B01,64.2,PDU-B01-SP2
2026-06-03 09:45:00,PDU-B01,60.4,PDU-B01-SP3
2026-06-03 09:50:00,PDU-B01,67.5,PDU-B01-SP3
2026-06-03 09:55:00,PDU-B01,64.6,PDU-B01-SP2
2026-06-03 10:00:00,PDU-B01,56.5,PDU-B01-SP2
2026-06-03 10:05:00,PDU-B01,56.4,PDU-B01-SP3
2026-06-03 10:10:00,PDU-B01,62.0,PDU-B01-SP3
2026-06-03 10:15:00,PDU-B01,63.4,PDU-B01-SP1
2026-06-03 10:20:00,PDU-B01,62.1,PDU-B01-SP3
2026-06-03 10:25:00,PDU-B01,65.7,PDU-B01-SP2
2026-06-03 10:30:00,PDU-B01,59.3,PDU-B01-SP1
2026-06-03 10:35:00,PDU-B01,49.8,PDU-B01-SP2
2026-06-03 10:40:00,PDU-B01,53.5,PDU-B01-SP2
2026-06-03 10:45:00,PDU-B01,69.8,PDU-B01-SP4
2026-06-03 10:50:00,PDU-B01,66.0,PDU-B01-SP5
2026-06-03 10:55:00,PDU-B01,66.7,PDU-B01-SP2
2026-06-03 11:00:00,PDU-B01,70.4,PDU-B01-SP5
2026-06-03 11:05:00,PDU-B01,68.3,PDU-B01-SP5
2026-06-03 11:10:00,PDU-B01,63.4,PDU-B01-SP2
2026-06-03 11:15:00,PDU-B01,59.7,PDU-B01-SP1
2026-06-03 11:20:00,PDU-B01,57.8,PDU-B01-SP4
2026-06-03 11:25:00,PDU-B01,65.5,PDU-B01-SP1
2026-06-03 11:30:00,PDU-B01,60.4,PDU-B01-SP3
2026-06-03 11:35:00,PDU-B01,50.9,PDU-B01-SP2
2026-06-03 11:40:00,PDU-B01,64.9,PDU-B01-SP2
2026-06-03 11:45:00,PDU-B01,58.4,PDU-B01-SP4
2026-06-03 11:50:00,PDU-B01,55.5,PDU-B01-SP3
2026-06-03 11:55:00,PDU-B01,57.6,PDU-B01-SP5
2026-06-03 12:00:00,PDU-B01,52.0,PDU-B01-SP3
2026-06-03 12:05:00,PDU-B01,59.0,PDU-B01-SP5
2026-06-03 12:10:00,PDU-B01,55.2,PDU-B01-SP2
2026-06-03 12:15:00,PDU-B01,69.5,PDU-B01-SP1
2026-06-03 12:20:00,PDU-B01,54.2,PDU-B01-SP2
2026-06-03 12:25:00,PDU-B01,60.5,PDU-B01-SP2
2026-06-03 12:30:00,PDU-B01,65.5,PDU-B01-SP1
2026-06-03 12:35:00,PDU-B01,54.8,PDU-B01-SP3
2026-06-03 12:40:00,PDU-B01,51.1,PDU-B01-SP4
2026-06-03 12:45:00,PDU-B01,51.4,PDU-B01-SP2
2026-06-03 12:50:00,PDU-B01,58.5,PDU-B01-SP2
2026-06-03 12:55:00,PDU-B01,62.9,PDU-B01-SP1
2026-06-03 13:00:00,PDU-B01,68.6,PDU-B01-SP2
2026-06-03 13:05:00,PDU-B01,63.9,PDU-B01-SP2
2026-06-03 13:10:00,PDU-B01,61.0,PDU-B01-SP1
2026-06-03 13:15:00,PDU-B01,53.9,PDU-B01-SP5
2026-06-03 13:20:00,PDU-B01,58.1,PDU-B01-SP4
2026-06-03 13:25:00,PDU-B01,61.5,PDU-B01-SP3
2026-06-03 13:30:00,PDU-B01,57.2,PDU-B01-SP1
2026-06-03 13:35:00,PDU-B01,62.2,PDU-B01-SP5
2026-06-03 13:40:00,PDU-B01,50.8,PDU-B01-SP2
2026-06-03 13:45:00,PDU-B01,61.6,PDU-B01-SP2
2026-06-03 13:50:00,PDU-B01,53.1,PDU-B01-SP2
2026-06-03 13:55:00,PDU-B01,51.3,PDU-B01-SP3
2026-06-03 14:00:00,PDU-B01,56.4,PDU-B01-SP1
2026-06-03 14:05:00,PDU-B01,60.0,PDU-B01-SP5
2026-06-03 14:10:00,PDU-B01,59.5,PDU-B01-SP2
2026-06-03 14:15:00,PDU-B01,59.3,PDU-B01-SP2
2026-06-03 14:20:00,PDU-B01,57.4,PDU-B01-SP3
2026-06-03 14:25:00,PDU-B01,52.8,PDU-B01-SP5
2026-06-03 14:30:00,PDU-B01,51.1,PDU-B01-SP2
2026-06-03 14:35:00,PDU-B01,57.7,PDU-B01-SP2
2026-06-03 14:40:00,PDU-B01,70.8,PDU-B01-SP2
2026-06-03 14:45:00,PDU-B01,59.3,PDU-B01-SP4
2026-06-03 14:50:00,PDU-B01,51.4,PDU-B01-SP4
2026-06-03 14:55:00,PDU-B01,51.3,PDU-B01-SP4
2026-06-03 15:00:00,PDU-B01,59.2,PDU-B01-SP5
2026-06-03 15:05:00,PDU-B01,49.6,PDU-B01-SP4
2026-06-03 15:10:00,PDU-B01,51.0,PDU-B01-SP5
2026-06-03 15:15:00,PDU-B01,67.7,PDU-B01-SP2
2026-06-03 15:20:00,PDU-B01,56.6,PDU-B01-SP1
2026-06-03 15:25:00,PDU-B01,69.3,PDU-B01-SP3
2026-06-03 15:30:00,PDU-B01,54.8,PDU-B01-SP4
2026-06-03 15:35:00,PDU-B01,52.0,PDU-B01-SP5
2026-06-03 15:40:00,PDU-B01,53.9,PDU-B01-SP3
2026-06-03 15:45:00,PDU-B01,58.5,PDU-B01-SP4
2026-06-03 15:50:00,PDU-B01,51.0,PDU-B01-SP5
2026-06-03 15:55:00,PDU-B01,64.2,PDU-B01-SP1
2026-06-03 16:00:00,PDU-B01,52.1,PDU-B01-SP2
2026-06-03 16:05:00,PDU-B01,54.3,PDU-B01-SP3
2026-06-03 16:10:00,PDU-B01,67.4,PDU-B01-SP5
2026-06-03 16:15:00,PDU-B01,65.8,PDU-B01-SP1
2026-06-03 16:20:00,PDU-B01,61.9,PDU-B01-SP3
2026-06-03 16:25:00,PDU-B01,52.4,PDU-B01-SP1
2026-06-03 16:30:00,PDU-B01,53.1,PDU-B01-SP3
2026-06-03 16:35:00,PDU-B01,55.9,PDU-B01-SP4
2026-06-03 16:40:00,PDU-B01,64.2,PDU-B01-SP4
2026-06-03 16:45:00,PDU-B01,60.7,PDU-B01-SP4
2026-06-03 16:50:00,PDU-B01,60.0,PDU-B01-SP2
2026-06-03 16:55:00,PDU-B01,50.0,PDU-B01-SP1
2026-06-03 17:00:00,PDU-B01,67.5,PDU-B01-SP1
2026-06-03 17:05:00,PDU-B01,70.7,PDU-B01-SP3
2026-06-03 17:10:00,PDU-B01,59.8,PDU-B01-SP2
2026-06-03 17:15:00,PDU-B01,51.4,PDU-B01-SP2
2026-06-03 17:20:00,PDU-B01,70.4,PDU-B01-SP3
2026-06-03 17:25:00,PDU-B01,51.2,PDU-B01-SP1
2026-06-03 17:30:00,PDU-B01,54.1,PDU-B01-SP1
2026-06-03 17:35:00,PDU-B01,55.1,PDU-B01-SP2
2026-06-03 17:40:00,PDU-B01,53.0,PDU-B01-SP1
2026-06-03 17:45:00,PDU-B01,69.3,PDU-B01-SP2
2026-06-03 17:50:00,PDU-B01,48.6,PDU-B01-SP2
2026-06-03 17:55:00,PDU-B01,60.7,PDU-B01-SP5
2026-06-03 18:00:00,PDU-B01,53.6,PDU-B01-SP5
2026-06-03 18:05:00,PDU-B01,60.5,PDU-B01-SP2
2026-06-03 18:10:00,PDU-B01,53.9,PDU-B01-SP4
2026-06-03 18:15:00,PDU-B01,50.6,PDU-B01-SP4
2026-06-03 18:20:00,PDU-B01,60.1,PDU-B01-SP5
2026-06-03 18:25:00,PDU-B01,68.6,PDU-B01-SP3
2026-06-03 18:30:00,PDU-B01,65.1,PDU-B01-SP2
2026-06-03 18:35:00,PDU-B01,64.1,PDU-B01-SP3
2026-06-03 18:40:00,PDU-B01,68.0,PDU-B01-SP4
2026-06-03 18:45:00,PDU-B01,68.2,PDU-B01-SP1
2026-06-03 18:50:00,PDU-B01,68.8,PDU-B01-SP4
2026-06-03 18:55:00,PDU-B01,62.0,PDU-B01-SP2
2026-06-03 19:00:00,PDU-B01,47.8,PDU-B01-SP3
2026-06-03 19:05:00,PDU-B01,43.4,PDU-B01-SP4
2026-06-03 19:10:00,PDU-B01,48.2,PDU-B01-SP3
2026-06-03 19:15:00,PDU-B01,45.7,PDU-B01-SP5
2026-06-03 19:20:00,PDU-B01,44.2,PDU-B01-SP3
2026-06-03 19:25:00,PDU-B01,43.8,PDU-B01-SP3
2026-06-03 19:30:00,PDU-B01,43.5,PDU-B01-SP3
2026-06-03 19:35:00,PDU-B01,41.3,PDU-B01-SP4
2026-06-03 19:40:00,PDU-B01,46.1,PDU-B01-SP4
2026-06-03 19:45:00,PDU-B01,39.0,PDU-B01-SP2
2026-06-03 19:50:00,PDU-B01,42.1,PDU-B01-SP4
2026-06-03 19:55:00,PDU-B01,44.1,PDU-B01-SP2
2026-06-03 20:00:00,PDU-B01,48.2,PDU-B01-SP2
2026-06-03 20:05:00,PDU-B01,45.7,PDU-B01-SP2
2026-06-03 20:10:00,PDU-B01,48.7,PDU-B01-SP2
2026-06-03 20:15:00,PDU-B01,47.7,PDU-B01-SP4
2026-06-03 20:20:00,PDU-B01,50.6,PDU-B01-SP5
2026-06-03 20:25:00,PDU-B01,37.9,PDU-B01-SP1
2026-06-03 20:30:00,PDU-B01,42.0,PDU-B01-SP2
2026-06-03 20:35:00,PDU-B01,47.9,PDU-B01-SP3
2026-06-03 20:40:00,PDU-B01,43.7,PDU-B01-SP3
2026-06-03 20:45:00,PDU-B01,44.6,PDU-B01-SP4
2026-06-03 20:50:00,PDU-B01,40.8,PDU-B01-SP4
2026-06-03 20:55:00,PDU-B01,48.5,PDU-B01-SP2
2026-06-03 21:00:00,PDU-B01,45.9,PDU-B01-SP2
2026-06-03 21:05:00,PDU-B01,48.5,PDU-B01-SP5
2026-06-03 21:10:00,PDU-B01,47.8,PDU-B01-SP1
2026-06-03 21:15:00,PDU-B01,45.9,PDU-B01-SP4
2026-06-03 21:20:00,PDU-B01,41.2,PDU-B01-SP1
2026-06-03 21:25:00,PDU-B01,48.2,PDU-B01-SP1
2026-06-03 21:30:00,PDU-B01,37.8,PDU-B01-SP2
2026-06-03 21:35:00,PDU-B01,48.8,PDU-B01-SP1
2026-06-03 21:40:00,PDU-B01,43.6,PDU-B01-SP4
2026-06-03 21:45:00,PDU-B01,50.0,PDU-B01-SP1
2026-06-03 21:50:00,PDU-B01,45.9,PDU-B01-SP4
2026-06-03 21:55:00,PDU-B01,42.3,PDU-B01-SP5
2026-06-03 22:00:00,PDU-B01,45.4,PDU-B01-SP5
2026-06-03 22:05:00,PDU-B01,46.2,PDU-B01-SP1
2026-06-03 22:10:00,PDU-B01,43.9,PDU-B01-SP3
2026-06-03 22:15:00,PDU-B01,48.2,PDU-B01-SP4
2026-06-03 22:20:00,PDU-B01,48.4,PDU-B01-SP4
2026-06-03 22:25:00,PDU-B01,47.1,PDU-B01-SP3
2026-06-03 22:30:00,PDU-B01,50.2,PDU-B01-SP1
2026-06-03 22:35:00,PDU-B01,45.0,PDU-B01-SP1
2026-06-03 22:40:00,PDU-B01,44.4,PDU-B01-SP1
2026-06-03 22:45:00,PDU-B01,43.0,PDU-B01-SP1
2026-06-03 22:50:00,PDU-B01,45.0,PDU-B01-SP2
2026-06-03 22:55:00,PDU-B01,45.5,PDU-B01-SP3
2026-06-03 23:00:00,PDU-B01,43.5,PDU-B01-SP4
2026-06-03 23:05:00,PDU-B01,41.0,PDU-B01-SP1
2026-06-03 23:10:00,PDU-B01,46.9,PDU-B01-SP1
2026-06-03 23:15:00,PDU-B01,49.1,PDU-B01-SP5
2026-06-03 23:20:00,PDU-B01,40.1,PDU-B01-SP5
2026-06-03 23:25:00,PDU-B01,45.0,PDU-B01-SP1
2026-06-03 23:30:00,PDU-B01,40.3,PDU-B01-SP5
2026-06-03 23:35:00,PDU-B01,46.0,PDU-B01-SP3
2026-06-03 23:40:00,PDU-B01,46.5,PDU-B01-SP5
2026-06-03 23:45:00,PDU-B01,41.1,PDU-B01-SP2
2026-06-03 23:50:00,PDU-B01,48.0,PDU-B01-SP4
2026-06-03 23:55:00,PDU-B01,42.4,PDU-B01-SP2
2026-06-04 00:00:00,PDU-B01,45.7,PDU-B01-SP2
2026-06-04 00:05:00,PDU-B01,42.9,PDU-B01-SP5
2026-06-04 00:10:00,PDU-B01,47.2,PDU-B01-SP4
2026-06-04 00:15:00,PDU-B01,49.7,PDU-B01-SP1
2026-06-04 00:20:00,PDU-B01,38.7,PDU-B01-SP5
2026-06-04 00:25:00,PDU-B01,44.9,PDU-B01-SP3
2026-06-04 00:30:00,PDU-B01,47.5,PDU-B01-SP5
2026-06-04 00:35:00,PDU-B01,48.3,PDU-B01-SP5
2026-06-04 00:40:00,PDU-B01,40.1,PDU-B01-SP3
2026-06-04 00:45:00,PDU-B01,44.6,PDU-B01-SP1
2026-06-04 00:50:00,PDU-B01,38.8,PDU-B01-SP3
2026-06-04 00:55:00,PDU-B01,44.2,PDU-B01-SP2
2026-06-04 01:00:00,PDU-B01,50.5,PDU-B01-SP1
2026-06-04 01:05:00,PDU-B01,37.6,PDU-B01-SP2
2026-06-04 01:10:00,PDU-B01,46.1,PDU-B01-SP5
2026-06-04 01:15:00,PDU-B01,42.2,PDU-B01-SP1
2026-06-04 01:20:00,PDU-B01,50.3,PDU-B01-SP5
2026-06-04 01:25:00,PDU-B01,43.8,PDU-B01-SP2
2026-06-04 01:30:00,PDU-B01,40.4,PDU-B01-SP4
2026-06-04 01:35:00,PDU-B01,37.4,PDU-B01-SP1
2026-06-04 01:40:00,PDU-B01,40.9,PDU-B01-SP5
2026-06-04 01:45:00,PDU-B01,44.0,PDU-B01-SP2
2026-06-04 01:50:00,PDU-B01,41.5,PDU-B01-SP4
2026-06-04 01:55:00,PDU-B01,46.6,PDU-B01-SP4
2026-06-04 02:00:00,PDU-B01,43.1,PDU-B01-SP2
2026-06-04 02:05:00,PDU-B01,43.8,PDU-B01-SP5
2026-06-04 02:10:00,PDU-B01,46.7,PDU-B01-SP2
2026-06-04 02:15:00,PDU-B01,47.0,PDU-B01-SP1
2026-06-04 02:20:00,PDU-B01,46.2,PDU-B01-SP1
2026-06-04 02:25:00,PDU-B01,44.2,PDU-B01-SP4
2026-06-04 02:30:00,PDU-B01,47.7,PDU-B01-SP2
2026-06-04 02:35:00,PDU-B01,47.7,PDU-B01-SP4
2026-06-04 02:40:00,PDU-B01,38.8,PDU-B01-SP4
2026-06-04 02:45:00,PDU-B01,40.0,PDU-B01-SP3
2026-06-04 02:50:00,PDU-B01,43.7,PDU-B01-SP2
2026-06-04 02:55:00,PDU-B01,45.7,PDU-B01-SP5
2026-06-04 03:00:00,PDU-B01,49.5,PDU-B01-SP4
2026-06-04 03:05:00,PDU-B01,47.1,PDU-B01-SP2
2026-06-04 03:10:00,PDU-B01,41.7,PDU-B01-SP4
2026-06-04 03:15:00,PDU-B01,47.2,PDU-B01-SP1
2026-06-04 03:20:00,PDU-B01,43.8,PDU-B01-SP2
2026-06-04 03:25:00,PDU-B01,45.7,PDU-B01-SP3
2026-06-04 03:30:00,PDU-B01,43.2,PDU-B01-SP3
2026-06-04 03:35:00,PDU-B01,42.5,PDU-B01-SP3
2026-06-04 03:40:00,PDU-B01,50.5,PDU-B01-SP4
2026-06-04 03:45:00,PDU-B01,44.2,PDU-B01-SP5
2026-06-04 03:50:00,PDU-B01,48.3,PDU-B01-SP5
2026-06-04 03:55:00,PDU-B01,46.7,PDU-B01-SP2
2026-06-04 04:00:00,PDU-B01,42.5,PDU-B01-SP4
2026-06-04 04:05:00,PDU-B01,49.9,PDU-B01-SP5
2026-06-04 04:10:00,PDU-B01,45.0,PDU-B01-SP3
2026-06-04 04:15:00,PDU-B01,50.8,PDU-B01-SP5
2026-06-04 04:20:00,PDU-B01,43.9,PDU-B01-SP3
2026-06-04 04:25:00,PDU-B01,49.2,PDU-B01-SP3
2026-06-04 04:30:00,PDU-B01,48.5,PDU-B01-SP3
2026-06-04 04:35:00,PDU-B01,44.3,PDU-B01-SP3
2026-06-04 04:40:00,PDU-B01,46.3,PDU-B01-SP2
2026-06-04 04:45:00,PDU-B01,49.0,PDU-B01-SP2
2026-06-04 04:50:00,PDU-B01,48.6,PDU-B01-SP2
2026-06-04 04:55:00,PDU-B01,46.0,PDU-B01-SP5
2026-06-04 05:00:00,PDU-B01,43.9,PDU-B01-SP4
2026-06-04 05:05:00,PDU-B01,44.1,PDU-B01-SP3
2026-06-04 05:10:00,PDU-B01,44.8,PDU-B01-SP3
2026-06-04 05:15:00,PDU-B01,41.6,PDU-B01-SP4
2026-06-04 05:20:00,PDU-B01,42.7,PDU-B01-SP3
2026-06-04 05:25:00,PDU-B01,49.1,PDU-B01-SP3
2026-06-04 05:30:00,PDU-B01,41.0,PDU-B01-SP3
2026-06-04 05:35:00,PDU-B01,39.9,PDU-B01-SP5
2026-06-04 05:40:00,PDU-B01,47.8,PDU-B01-SP2
2026-06-04 05:45:00,PDU-B01,47.0,PDU-B01-SP4
2026-06-04 05:50:00,PDU-B01,46.0,PDU-B01-SP5
2026-06-04 05:55:00,PDU-B01,48.1,PDU-B01-SP4
2026-06-04 06:00:00,PDU-B01,39.4,PDU-B01-SP4
2026-06-04 06:05:00,PDU-B01,45.9,PDU-B01-SP1
2026-06-04 06:10:00,PDU-B01,43.8,PDU-B01-SP1
2026-06-04 06:15:00,PDU-B01,39.0,PDU-B01-SP1
2026-06-04 06:20:00,PDU-B01,37.7,PDU-B01-SP1
2026-06-04 06:25:00,PDU-B01,44.1,PDU-B01-SP1
2026-06-04 06:30:00,PDU-B01,49.9,PDU-B01-SP2
2026-06-04 06:35:00,PDU-B01,40.1,PDU-B01-SP1
2026-06-04 06:40:00,PDU-B01,38.5,PDU-B01-SP5
2026-06-04 06:45:00,PDU-B01,46.1,PDU-B01-SP2
2026-06-04 06:50:00,PDU-B01,42.0,PDU-B01-SP5
2026-06-04 06:55:00,PDU-B01,49.0,PDU-B01-SP3
2026-06-04 07:00:00,PDU-B01,36.4,PDU-B01-SP2
2026-06-04 07:05:00,PDU-B01,33.1,PDU-B01-SP5
2026-06-04 07:10:00,PDU-B01,34.3,PDU-B01-SP2
2026-06-04 07:15:00,PDU-B01,33.7,PDU-B01-SP4
2026-06-04 07:20:00,PDU-B01,33.8,PDU-B01-SP5
2026-06-04 07:25:00,PDU-B01,33.1,PDU-B01-SP2
2026-06-04 07:30:00,PDU-B01,33.4,PDU-B01-SP5
2026-06-04 07:35:00,PDU-B01,36.9,PDU-B01-SP3
2026-06-04 07:40:00,PDU-B01,36.2,PDU-B01-SP1
2026-06-04 07:45:00,PDU-B01,33.4,PDU-B01-SP4
2026-06-04 07:50:00,PDU-B01,33.9,PDU-B01-SP4
2026-06-04 07:55:00,PDU-B01,35.4,PDU-B01-SP2
2026-06-04 08:00:00,PDU-B01,36.7,PDU-B01-SP3
2026-06-04 08:05:00,PDU-B01,33.4,PDU-B01-SP2
2026-06-04 08:10:00,PDU-B01,35.7,PDU-B01-SP4
2026-06-04 08:15:00,PDU-B01,35.3,PDU-B01-SP5
2026-06-04 08:20:00,PDU-B01,36.4,PDU-B01-SP4
2026-06-04 08:25:00,PDU-B01,33.9,PDU-B01-SP1
2026-06-04 08:30:00,PDU-B01,36.4,PDU-B01-SP4
2026-06-04 08:35:00,PDU-B01,35.8,PDU-B01-SP4
2026-06-04 08:40:00,PDU-B01,33.6,PDU-B01-SP4
2026-06-04 08:45:00,PDU-B01,36.4,PDU-B01-SP4
2026-06-04 08:50:00,PDU-B01,33.1,PDU-B01-SP3
2026-06-04 08:55:00,PDU-B01,33.8,PDU-B01-SP4
2026-06-04 09:00:00,PDU-B01,60.2,PDU-B01-SP3
2026-06-04 09:05:00,PDU-B01,56.4,PDU-B01-SP5
2026-06-04 09:10:00,PDU-B01,57.5,PDU-B01-SP2
2026-06-04 09:15:00,PDU-B01,58.3,PDU-B01-SP5
2026-06-04 09:20:00,PDU-B01,67.5,PDU-B01-SP2
2026-06-04 09:25:00,PDU-B01,64.6,PDU-B01-SP3
2026-06-04 09:30:00,PDU-B01,56.2,PDU-B01-SP3
2026-06-04 09:35:00,PDU-B01,67.5,PDU-B01-SP4
2026-06-04 09:40:00,PDU-B01,70.0,PDU-B01-SP5
2026-06-04 09:45:00,PDU-B01,55.7,PDU-B01-SP4
2026-06-04 09:50:00,PDU-B01,62.3,PDU-B01-SP5
2026-06-04 09:55:00,PDU-B01,56.4,PDU-B01-SP4
2026-06-04 10:00:00,PDU-B01,58.5,PDU-B01-SP4
2026-06-04 10:05:00,PDU-B01,50.8,PDU-B01-SP2
2026-06-04 10:10:00,PDU-B01,57.0,PDU-B01-SP3
2026-06-04 10:15:00,PDU-B01,58.2,PDU-B01-SP5
2026-06-04 10:20:00,PDU-B01,63.3,PDU-B01-SP2
2026-06-04 10:25:00,PDU-B01,68.8,PDU-B01-SP3
2026-06-04 10:30:00,PDU-B01,49.9,PDU-B01-SP2
2026-06-04 10:35:00,PDU-B01,52.6,PDU-B01-SP1
2026-06-04 10:40:00,PDU-B01,55.1,PDU-B01-SP3
2026-06-04 10:45:00,PDU-B01,58.2,PDU-B01-SP4
2026-06-04 10:50:00,PDU-B01,57.2,PDU-B01-SP2
2026-06-04 10:55:00,PDU-B01,56.9,PDU-B01-SP1
2026-06-04 11:00:00,PDU-B01,53.0,PDU-B01-SP1
2026-06-04 11:05:00,PDU-B01,62.6,PDU-B01-SP2
2026-06-04 11:10:00,PDU-B01,55.6,PDU-B01-SP4
2026-06-04 11:15:00,PDU-B01,66.8,PDU-B01-SP2
2026-06-04 11:20:00,PDU-B01,60.4,PDU-B01-SP1
2026-06-04 11:25:00,PDU-B01,56.5,PDU-B01-SP5
2026-06-04 11:30:00,PDU-B01,52.3,PDU-B01-SP3
2026-06-04 11:35:00,PDU-B01,63.1,PDU-B01-SP2
2026-06-04 11:40:00,PDU-B01,52.9,PDU-B01-SP2
2026-06-04 11:45:00,PDU-B01,65.4,PDU-B01-SP1
2026-06-04 11:50:00,PDU-B01,61.6,PDU-B01-SP4
2026-06-04 11:55:00,PDU-B01,50.9,PDU-B01-SP2
2026-06-04 12:00:00,PDU-B01,65.9,PDU-B01-SP5
2026-06-04 12:05:00,PDU-B01,67.0,PDU-B01-SP3
2026-06-04 12:10:00,PDU-B01,59.1,PDU-B01-SP1
2026-06-04 12:15:00,PDU-B01,62.9,PDU-B01-SP5
2026-06-04 12:20:00,PDU-B01,63.4,PDU-B01-SP4
2026-06-04 12:25:00,PDU-B01,51.9,PDU-B01-SP5
2026-06-04 12:30:00,PDU-B01,66.7,PDU-B01-SP4
2026-06-04 12:35:00,PDU-B01,61.9,PDU-B01-SP5
2026-06-04 12:40:00,PDU-B01,59.9,PDU-B01-SP5
2026-06-04 12:45:00,PDU-B01,57.5,PDU-B01-SP4
2026-06-04 12:50:00,PDU-B01,65.1,PDU-B01-SP4
2026-06-04 12:55:00,PDU-B01,54.8,PDU-B01-SP2
2026-06-04 13:00:00,PDU-B01,64.9,PDU-B01-SP5
2026-06-04 13:05:00,PDU-B01,71.3,PDU-B01-SP1
2026-06-04 13:10:00,PDU-B01,61.7,PDU-B01-SP4
2026-06-04 13:15:00,PDU-B01,54.1,PDU-B01-SP4
2026-06-04 13:20:00,PDU-B01,52.0,PDU-B01-SP4
2026-06-04 13:25:00,PDU-B01,66.5,PDU-B01-SP4
2026-06-04 13:30:00,PDU-B01,68.5,PDU-B01-SP2
2026-06-04 13:35:00,PDU-B01,62.2,PDU-B01-SP2
2026-06-04 13:40:00,PDU-B01,54.4,PDU-B01-SP4
2026-06-04 13:45:00,PDU-B01,54.7,PDU-B01-SP4
2026-06-04 13:50:00,PDU-B01,56.3,PDU-B01-SP2
2026-06-04 13:55:00,PDU-B01,56.5,PDU-B01-SP2
2026-06-04 14:00:00,PDU-B01,69.6,PDU-B01-SP3
2026-06-04 14:05:00,PDU-B01,56.9,PDU-B01-SP4
2026-06-04 14:10:00,PDU-B01,69.2,PDU-B01-SP1
2026-06-04 14:15:00,PDU-B01,61.4,PDU-B01-SP5
2026-06-04 14:20:00,PDU-B01,59.2,PDU-B01-SP4
2026-06-04 14:25:00,PDU-B01,50.7,PDU-B01-SP3
2026-06-04 14:30:00,PDU-B01,67.1,PDU-B01-SP1
2026-06-04 14:35:00,PDU-B01,53.8,PDU-B01-SP3
2026-06-04 14:40:00,PDU-B01,51.2,PDU-B01-SP5
2026-06-04 14:45:00,PDU-B01,57.2,PDU-B01-SP3
2026-06-04 14:50:00,PDU-B01,65.8,PDU-B01-SP5
2026-06-04 14:55:00,PDU-B01,56.0,PDU-B01-SP5
2026-06-04 15:00:00,PDU-B01,63.2,PDU-B01-SP4
2026-06-04 15:05:00,PDU-B01,58.7,PDU-B01-SP5
2026-06-04 15:10:00,PDU-B01,64.8,PDU-B01-SP1
2026-06-04 15:15:00,PDU-B01,68.6,PDU-B01-SP4
2026-06-04 15:20:00,PDU-B01,57.5,PDU-B01-SP3
2026-06-04 15:25:00,PDU-B01,53.9,PDU-B01-SP2
2026-06-04 15:30:00,PDU-B01,51.4,PDU-B01-SP4
2026-06-04 15:35:00,PDU-B01,52.6,PDU-B01-SP1
2026-06-04 15:40:00,PDU-B01,67.8,PDU-B01-SP5
2026-06-04 15:45:00,PDU-B01,55.1,PDU-B01-SP2
2026-06-04 15:50:00,PDU-B01,58.8,PDU-B01-SP2
2026-06-04 15:55:00,PDU-B01,48.3,PDU-B01-SP1
2026-06-04 16:00:00,PDU-B01,55.2,PDU-B01-SP1
2026-06-04 16:05:00,PDU-B01,56.0,PDU-B01-SP2
2026-06-04 16:10:00,PDU-B01,68.5,PDU-B01-SP1
2026-06-04 16:15:00,PDU-B01,64.6,PDU-B01-SP3
2026-06-04 16:20:00,PDU-B01,64.3,PDU-B01-SP4
2026-06-04 16:25:00,PDU-B01,68.1,PDU-B01-SP5
2026-06-04 16:30:00,PDU-B01,62.6,PDU-B01-SP3
2026-06-04 16:35:00,PDU-B01,61.9,PDU-B01-SP2
2026-06-04 16:40:00,PDU-B01,64.7,PDU-B01-SP5
2026-06-04 16:45:00,PDU-B01,59.5,PDU-B01-SP5
2026-06-04 16:50:00,PDU-B01,64.5,PDU-B01-SP1
2026-06-04 16:55:00,PDU-B01,57.8,PDU-B01-SP5
2026-06-04 17:00:00,PDU-B01,57.9,PDU-B01-SP4
2026-06-04 17:05:00,PDU-B01,51.4,PDU-B01-SP3
2026-06-04 17:10:00,PDU-B01,50.7,PDU-B01-SP2
2026-06-04 17:15:00,PDU-B01,65.8,PDU-B01-SP2
2026-06-04 17:20:00,PDU-B01,57.9,PDU-B01-SP1
2026-06-04 17:25:00,PDU-B01,64.0,PDU-B01-SP4
2026-06-04 17:30:00,PDU-B01,64.5,PDU-B01-SP3
2026-06-04 17:35:00,PDU-B01,55.0,PDU-B01-SP5
2026-06-04 17:40:00,PDU-B01,61.3,PDU-B01-SP1
2026-06-04 17:45:00,PDU-B01,67.2,PDU-B01-SP1
2026-06-04 17:50:00,PDU-B01,60.0,PDU-B01-SP2
2026-06-04 17:55:00,PDU-B01,60.2,PDU-B01-SP3
2026-06-04 18:00:00,PDU-B01,67.2,PDU-B01-SP2
2026-06-04 18:05:00,PDU-B01,61.7,PDU-B01-SP4
2026-06-04 18:10:00,PDU-B01,61.4,PDU-B01-SP2
2026-06-04 18:15:00,PDU-B01,56.2,PDU-B01-SP2
2026-06-04 18:20:00,PDU-B01,57.1,PDU-B01-SP5
2026-06-04 18:25:00,PDU-B01,55.9,PDU-B01-SP1
2026-06-04 18:30:00,PDU-B01,52.6,PDU-B01-SP2
2026-06-04 18:35:00,PDU-B01,60.8,PDU-B01-SP1
2026-06-04 18:40:00,PDU-B01,69.9,PDU-B01-SP2
2026-06-04 18:45:00,PDU-B01,67.8,PDU-B01-SP2
2026-06-04 18:50:00,PDU-B01,49.8,PDU-B01-SP3
2026-06-04 18:55:00,PDU-B01,65.2,PDU-B01-SP3
2026-06-04 19:00:00,PDU-B01,44.7,PDU-B01-SP2
2026-06-04 19:05:00,PDU-B01,48.1,PDU-B01-SP1
2026-06-04 19:10:00,PDU-B01,48.3,PDU-B01-SP1
2026-06-04 19:15:00,PDU-B01,47.0,PDU-B01-SP2
2026-06-04 19:20:00,PDU-B01,49.3,PDU-B01-SP4
2026-06-04 19:25:00,PDU-B01,40.6,PDU-B01-SP5
2026-06-04 19:30:00,PDU-B01,46.5,PDU-B01-SP5
2026-06-04 19:35:00,PDU-B01,40.4,PDU-B01-SP5
2026-06-04 19:40:00,PDU-B01,47.0,PDU-B01-SP5
2026-06-04 19:45:00,PDU-B01,40.5,PDU-B01-SP3
2026-06-04 19:50:00,PDU-B01,40.8,PDU-B01-SP2
2026-06-04 19:55:00,PDU-B01,47.9,PDU-B01-SP3
2026-06-04 20:00:00,PDU-B01,48.7,PDU-B01-SP4
2026-06-04 20:05:00,PDU-B01,45.3,PDU-B01-SP3
2026-06-04 20:10:00,PDU-B01,45.2,PDU-B01-SP4
2026-06-04 20:15:00,PDU-B01,39.3,PDU-B01-SP1
2026-06-04 20:20:00,PDU-B01,41.1,PDU-B01-SP2
2026-06-04 20:25:00,PDU-B01,40.0,PDU-B01-SP2
2026-06-04 20:30:00,PDU-B01,46.1,PDU-B01-SP3
2026-06-04 20:35:00,PDU-B01,46.9,PDU-B01-SP4
2026-06-04 20:40:00,PDU-B01,42.3,PDU-B01-SP5
2026-06-04 20:45:00,PDU-B01,46.2,PDU-B01-SP2
2026-06-04 20:50:00,PDU-B01,49.5,PDU-B01-SP3
2026-06-04 20:55:00,PDU-B01,39.5,PDU-B01-SP1
2026-06-04 21:00:00,PDU-B01,40.9,PDU-B01-SP3
2026-06-04 21:05:00,PDU-B01,44.5,PDU-B01-SP4
2026-06-04 21:10:00,PDU-B01,45.8,PDU-B01-SP3
2026-06-04 21:15:00,PDU-B01,45.2,PDU-B01-SP4
2026-06-04 21:20:00,PDU-B01,48.1,PDU-B01-SP5
2026-06-04 21:25:00,PDU-B01,47.3,PDU-B01-SP2
2026-06-04 21:30:00,PDU-B01,49.2,PDU-B01-SP4
2026-06-04 21:35:00,PDU-B01,48.0,PDU-B01-SP1
2026-06-04 21:40:00,PDU-B01,47.7,PDU-B01-SP5
2026-06-04 21:45:00,PDU-B01,43.6,PDU-B01-SP2
2026-06-04 21:50:00,PDU-B01,46.6,PDU-B01-SP1
2026-06-04 21:55:00,PDU-B01,46.8,PDU-B01-SP5
2026-06-04 22:00:00,PDU-B01,41.1,PDU-B01-SP4
2026-06-04 22:05:00,PDU-B01,49.4,PDU-B01-SP2
2026-06-04 22:10:00,PDU-B01,40.7,PDU-B01-SP5
2026-06-04 22:15:00,PDU-B01,41.6,PDU-B01-SP5
2026-06-04 22:20:00,PDU-B01,50.4,PDU-B01-SP5
2026-06-04 22:25:00,PDU-B01,42.2,PDU-B01-SP1
2026-06-04 22:30:00,PDU-B01,44.9,PDU-B01-SP5
2026-06-04 22:35:00,PDU-B01,44.2,PDU-B01-SP4
2026-06-04 22:40:00,PDU-B01,38.8,PDU-B01-SP4
2026-06-04 22:45:00,PDU-B01,47.3,PDU-B01-SP1
2026-06-04 22:50:00,PDU-B01,45.7,PDU-B01-SP4
2026-06-04 22:55:00,PDU-B01,49.5,PDU-B01-SP2
2026-06-04 23:00:00,PDU-B01,50.5,PDU-B01-SP2
2026-06-04 23:05:00,PDU-B01,43.1,PDU-B01-SP1
2026-06-04 23:10:00,PDU-B01,48.7,PDU-B01-SP5
2026-06-04 23:15:00,PDU-B01,40.9,PDU-B01-SP5
2026-06-04 23:20:00,PDU-B01,40.4,PDU-B01-SP4
2026-06-04 23:25:00,PDU-B01,39.6,PDU-B01-SP1
2026-06-04 23:30:00,PDU-B01,50.8,PDU-B01-SP3
2026-06-04 23:35:00,PDU-B01,46.5,PDU-B01-SP4
2026-06-04 23:40:00,PDU-B01,40.7,PDU-B01-SP3
2026-06-04 23:45:00,PDU-B01,48.1,PDU-B01-SP4
2026-06-04 23:50:00,PDU-B01,48.7,PDU-B01-SP5
2026-06-04 23:55:00,PDU-B01,40.6,PDU-B01-SP2
2026-06-05 00:00:00,PDU-B01,48.7,PDU-B01-SP3
2026-06-05 00:05:00,PDU-B01,41.6,PDU-B01-SP1
2026-06-05 00:10:00,PDU-B01,44.9,PDU-B01-SP2
2026-06-05 00:15:00,PDU-B01,47.5,PDU-B01-SP2
2026-06-05 00:20:00,PDU-B01,50.2,PDU-B01-SP2
2026-06-05 00:25:00,PDU-B01,46.9,PDU-B01-SP4
2026-06-05 00:30:00,PDU-B01,40.5,PDU-B01-SP2
2026-06-05 00:35:00,PDU-B01,44.0,PDU-B01-SP3
2026-06-05 00:40:00,PDU-B01,42.6,PDU-B01-SP5
2026-06-05 00:45:00,PDU-B01,44.3,PDU-B01-SP2
2026-06-05 00:50:00,PDU-B01,50.0,PDU-B01-SP1
2026-06-05 00:55:00,PDU-B01,47.8,PDU-B01-SP3
2026-06-05 01:00:00,PDU-B01,48.1,PDU-B01-SP4
2026-06-05 01:05:00,PDU-B01,42.7,PDU-B01-SP5
2026-06-05 01:10:00,PDU-B01,42.6,PDU-B01-SP5
2026-06-05 01:15:00,PDU-B01,40.4,PDU-B01-SP1
2026-06-05 01:20:00,PDU-B01,42.4,PDU-B01-SP2
2026-06-05 01:25:00,PDU-B01,44.0,PDU-B01-SP1
2026-06-05 01:30:00,PDU-B01,49.5,PDU-B01-SP1
2026-06-05 01:35:00,PDU-B01,48.6,PDU-B01-SP3
2026-06-05 01:40:00,PDU-B01,42.0,PDU-B01-SP5
2026-06-05 01:45:00,PDU-B01,43.1,PDU-B01-SP3
2026-06-05 01:50:00,PDU-B01,40.7,PDU-B01-SP4
2026-06-05 01:55:00,PDU-B01,40.2,PDU-B01-SP4
2026-06-05 02:00:00,PDU-B01,40.1,PDU-B01-SP4
2026-06-05 02:05:00,PDU-B01,48.5,PDU-B01-SP1
2026-06-05 02:10:00,PDU-B01,50.7,PDU-B01-SP4
2026-06-05 02:15:00,PDU-B01,45.0,PDU-B01-SP3
2026-06-05 02:20:00,PDU-B01,44.9,PDU-B01-SP1
2026-06-05 02:25:00,PDU-B01,38.2,PDU-B01-SP5
2026-06-05 02:30:00,PDU-B01,44.9,PDU-B01-SP3
2026-06-05 02:35:00,PDU-B01,45.8,PDU-B01-SP1
2026-06-05 02:40:00,PDU-B01,51.1,PDU-B01-SP1
2026-06-05 02:45:00,PDU-B01,38.9,PDU-B01-SP5
2026-06-05 02:50:00,PDU-B01,43.6,PDU-B01-SP2
2026-06-05 02:55:00,PDU-B01,44.4,PDU-B01-SP5
2026-06-05 03:00:00,PDU-B01,46.3,PDU-B01-SP5
2026-06-05 03:05:00,PDU-B01,49.1,PDU-B01-SP3
2026-06-05 03:10:00,PDU-B01,41.9,PDU-B01-SP4
2026-06-05 03:15:00,PDU-B01,43.7,PDU-B01-SP1
2026-06-05 03:20:00,PDU-B01,50.0,PDU-B01-SP2
2026-06-05 03:25:00,PDU-B01,47.9,PDU-B01-SP2
2026-06-05 03:30:00,PDU-B01,43.5,PDU-B01-SP1
2026-06-05 03:35:00,PDU-B01,49.2,PDU-B01-SP4
2026-06-05 03:40:00,PDU-B01,41.6,PDU-B01-SP1
2026-06-05 03:45:00,PDU-B01,38.4,PDU-B01-SP2
2026-06-05 03:50:00,PDU-B01,48.3,PDU-B01-SP5
2026-06-05 03:55:00,PDU-B01,47.0,PDU-B01-SP3
2026-06-05 04:00:00,PDU-B01,42.1,PDU-B01-SP3
2026-06-05 04:05:00,PDU-B01,41.0,PDU-B01-SP5
2026-06-05 04:10:00,PDU-B01,42.5,PDU-B01-SP2
2026-06-05 04:15:00,PDU-B01,38.8,PDU-B01-SP5
2026-06-05 04:20:00,PDU-B01,49.0,PDU-B01-SP1
2026-06-05 04:25:00,PDU-B01,48.1,PDU-B01-SP5
2026-06-05 04:30:00,PDU-B01,48.8,PDU-B01-SP5
2026-06-05 04:35:00,PDU-B01,44.6,PDU-B01-SP4
2026-06-05 04:40:00,PDU-B01,45.4,PDU-B01-SP4
2026-06-05 04:45:00,PDU-B01,39.4,PDU-B01-SP1
2026-06-05 04:50:00,PDU-B01,38.9,PDU-B01-SP5
2026-06-05 04:55:00,PDU-B01,40.6,PDU-B01-SP1
2026-06-05 05:00:00,PDU-B01,43.6,PDU-B01-SP5
2026-06-05 05:05:00,PDU-B01,38.8,PDU-B01-SP5
2026-06-05 05:10:00,PDU-B01,47.8,PDU-B01-SP3
2026-06-05 05:15:00,PDU-B01,41.4,PDU-B01-SP5
2026-06-05 05:20:00,PDU-B01,45.1,PDU-B01-SP1
2026-06-05 05:25:00,PDU-B01,45.1,PDU-B01-SP2
2026-06-05 05:30:00,PDU-B01,42.7,PDU-B01-SP5
2026-06-05 05:35:00,PDU-B01,41.3,PDU-B01-SP5
2026-06-05 05:40:00,PDU-B01,48.9,PDU-B01-SP2
2026-06-05 05:45:00,PDU-B01,43.4,PDU-B01-SP4
2026-06-05 05:50:00,PDU-B01,42.0,PDU-B01-SP2
2026-06-05 05:55:00,PDU-B01,47.2,PDU-B01-SP2
2026-06-05 06:00:00,PDU-B01,43.8,PDU-B01-SP5
2026-06-05 06:05:00,PDU-B01,41.2,PDU-B01-SP1
2026-06-05 06:10:00,PDU-B01,45.8,PDU-B01-SP5
2026-06-05 06:15:00,PDU-B01,46.4,PDU-B01-SP4
2026-06-05 06:20:00,PDU-B01,46.5,PDU-B01-SP2
2026-06-05 06:25:00,PDU-B01,46.6,PDU-B01-SP5
2026-06-05 06:30:00,PDU-B01,41.0,PDU-B01-SP2
2026-06-05 06:35:00,PDU-B01,45.7,PDU-B01-SP2
2026-06-05 06:40:00,PDU-B01,48.1,PDU-B01-SP4
2026-06-05 06:45:00,PDU-B01,39.3,PDU-B01-SP1
2026-06-05 06:50:00,PDU-B01,45.9,PDU-B01-SP1
2026-06-05 06:55:00,PDU-B01,46.2,PDU-B01-SP1
2026-06-05 07:00:00,PDU-B01,34.4,PDU-B01-SP4
2026-06-05 07:05:00,PDU-B01,33.6,PDU-B01-SP1
2026-06-05 07:10:00,PDU-B01,36.5,PDU-B01-SP3
2026-06-05 07:15:00,PDU-B01,36.9,PDU-B01-SP4
2026-06-05 07:20:00,PDU-B01,35.6,PDU-B01-SP3
2026-06-05 07:25:00,PDU-B01,34.8,PDU-B01-SP2
2026-06-05 07:30:00,PDU-B01,36.4,PDU-B01-SP2
2026-06-05 07:35:00,PDU-B01,33.8,PDU-B01-SP3
2026-06-05 07:40:00,PDU-B01,33.8,PDU-B01-SP2
2026-06-05 07:45:00,PDU-B01,35.0,PDU-B01-SP3
2026-06-05 07:50:00,PDU-B01,34.7,PDU-B01-SP3
2026-06-05 07:55:00,PDU-B01,33.0,PDU-B01-SP4
2026-06-05 08:00:00,PDU-B01,33.6,PDU-B01-SP1
2026-06-05 08:05:00,PDU-B01,36.0,PDU-B01-SP5
2026-06-05 08:10:00,PDU-B01,34.2,PDU-B01-SP4
2026-06-05 08:15:00,PDU-B01,33.4,PDU-B01-SP3
2026-06-05 08:20:00,PDU-B01,33.6,PDU-B01-SP3
2026-06-05 08:25:00,PDU-B01,33.7,PDU-B01-SP1
2026-06-05 08:30:00,PDU-B01,34.9,PDU-B01-SP5
2026-06-05 08:35:00,PDU-B01,33.3,PDU-B01-SP4
2026-06-05 08:40:00,PDU-B01,34.4,PDU-B01-SP2
2026-06-05 08:45:00,PDU-B01,34.8,PDU-B01-SP3
2026-06-05 08:50:00,PDU-B01,36.4,PDU-B01-SP4
2026-06-05 08:55:00,PDU-B01,34.1,PDU-B01-SP4
2026-06-05 09:00:00,PDU-B01,56.0,PDU-B01-SP1
2026-06-05 09:05:00,PDU-B01,66.2,PDU-B01-SP4
2026-06-05 09:10:00,PDU-B01,56.2,PDU-B01-SP5
2026-06-05 09:15:00,PDU-B01,61.4,PDU-B01-SP3
2026-06-05 09:20:00,PDU-B01,64.5,PDU-B01-SP1
2026-06-05 09:25:00,PDU-B01,56.1,PDU-B01-SP3
2026-06-05 09:30:00,PDU-B01,63.0,PDU-B01-SP5
2026-06-05 09:35:00,PDU-B01,67.6,PDU-B01-SP3
2026-06-05 09:40:00,PDU-B01,54.0,PDU-B01-SP5
2026-06-05 09:45:00,PDU-B01,67.4,PDU-B01-SP5
2026-06-05 09:50:00,PDU-B01,68.9,PDU-B01-SP5
2026-06-05 09:55:00,PDU-B01,51.9,PDU-B01-SP3
2026-06-05 10:00:00,PDU-B01,66.4,PDU-B01-SP4
2026-06-05 10:05:00,PDU-B01,59.4,PDU-B01-SP2
2026-06-05 10:10:00,PDU-B01,54.7,PDU-B01-SP4
2026-06-05 10:15:00,PDU-B01,56.2,PDU-B01-SP5
2026-06-05 10:20:00,PDU-B01,53.6,PDU-B01-SP5
2026-06-05 10:25:00,PDU-B01,60.7,PDU-B01-SP4
2026-06-05 10:30:00,PDU-B01,58.2,PDU-B01-SP2
2026-06-05 10:35:00,PDU-B01,57.9,PDU-B01-SP3
2026-06-05 10:40:00,PDU-B01,58.4,PDU-B01-SP3
2026-06-05 10:45:00,PDU-B01,59.6,PDU-B01-SP5
2026-06-05 10:50:00,PDU-B01,48.6,PDU-B01-SP5
2026-06-05 10:55:00,PDU-B01,66.8,PDU-B01-SP1
2026-06-05 11:00:00,PDU-B01,53.7,PDU-B01-SP1
2026-06-05 11:05:00,PDU-B01,54.0,PDU-B01-SP5
2026-06-05 11:10:00,PDU-B01,57.4,PDU-B01-SP2
2026-06-05 11:15:00,PDU-B01,52.8,PDU-B01-SP3
2026-06-05 11:20:00,PDU-B01,50.6,PDU-B01-SP1
2026-06-05 11:25:00,PDU-B01,70.4,PDU-B01-SP4
2026-06-05 11:30:00,PDU-B01,66.2,PDU-B01-SP2
2026-06-05 11:35:00,PDU-B01,60.6,PDU-B01-SP3
2026-06-05 11:40:00,PDU-B01,66.0,PDU-B01-SP2
2026-06-05 11:45:00,PDU-B01,51.6,PDU-B01-SP5
2026-06-05 11:50:00,PDU-B01,54.4,PDU-B01-SP1
2026-06-05 11:55:00,PDU-B01,68.5,PDU-B01-SP2
2026-06-05 12:00:00,PDU-B01,67.5,PDU-B01-SP1
2026-06-05 12:05:00,PDU-B01,52.1,PDU-B01-SP5
2026-06-05 12:10:00,PDU-B01,55.3,PDU-B01-SP3
2026-06-05 12:15:00,PDU-B01,69.7,PDU-B01-SP5
2026-06-05 12:20:00,PDU-B01,62.0,PDU-B01-SP1
2026-06-05 12:25:00,PDU-B01,69.9,PDU-B01-SP3
2026-06-05 12:30:00,PDU-B01,55.1,PDU-B01-SP2
2026-06-05 12:35:00,PDU-B01,65.7,PDU-B01-SP2
2026-06-05 12:40:00,PDU-B01,65.3,PDU-B01-SP3
2026-06-05 12:45:00,PDU-B01,59.9,PDU-B01-SP2
2026-06-05 12:50:00,PDU-B01,60.5,PDU-B01-SP2
2026-06-05 12:55:00,PDU-B01,58.4,PDU-B01-SP3
2026-06-05 13:00:00,PDU-B01,66.4,PDU-B01-SP1
2026-06-05 13:05:00,PDU-B01,65.3,PDU-B01-SP4
2026-06-05 13:10:00,PDU-B01,49.7,PDU-B01-SP5
2026-06-05 13:15:00,PDU-B01,54.9,PDU-B01-SP4
2026-06-05 13:20:00,PDU-B01,53.2,PDU-B01-SP2
2026-06-05 13:25:00,PDU-B01,51.1,PDU-B01-SP4
2026-06-05 13:30:00,PDU-B01,55.8,PDU-B01-SP3
2026-06-05 13:35:00,PDU-B01,65.1,PDU-B01-SP5
2026-06-05 13:40:00,PDU-B01,70.7,PDU-B01-SP5
2026-06-05 13:45:00,PDU-B01,71.2,PDU-B01-SP2
2026-06-05 13:50:00,PDU-B01,67.0,PDU-B01-SP5
2026-06-05 13:55:00,PDU-B01,54.1,PDU-B01-SP2
2026-06-05 14:00:00,PDU-B01,63.4,PDU-B01-SP3
2026-06-05 14:05:00,PDU-B01,56.7,PDU-B01-SP1
2026-06-05 14:10:00,PDU-B01,53.1,PDU-B01-SP5
2026-06-05 14:15:00,PDU-B01,57.7,PDU-B01-SP5
2026-06-05 14:20:00,PDU-B01,53.1,PDU-B01-SP1
2026-06-05 14:25:00,PDU-B01,55.4,PDU-B01-SP1
2026-06-05 14:30:00,PDU-B01,60.8,PDU-B01-SP5
2026-06-05 14:35:00,PDU-B01,65.5,PDU-B01-SP1
2026-06-05 14:40:00,PDU-B01,60.5,PDU-B01-SP2
2026-06-05 14:45:00,PDU-B01,64.9,PDU-B01-SP1
2026-06-05 14:50:00,PDU-B01,60.6,PDU-B01-SP1
2026-06-05 14:55:00,PDU-B01,55.0,PDU-B01-SP3
2026-06-05 15:00:00,PDU-B01,58.9,PDU-B01-SP3
2026-06-05 15:05:00,PDU-B01,55.2,PDU-B01-SP2
2026-06-05 15:10:00,PDU-B01,50.8,PDU-B01-SP2
2026-06-05 15:15:00,PDU-B01,54.0,PDU-B01-SP1
2026-06-05 15:20:00,PDU-B01,60.9,PDU-B01-SP1
2026-06-05 15:25:00,PDU-B01,59.0,PDU-B01-SP1
2026-06-05 15:30:00,PDU-B01,64.0,PDU-B01-SP2
2026-06-05 15:35:00,PDU-B01,65.6,PDU-B01-SP3
2026-06-05 15:40:00,PDU-B01,51.7,PDU-B01-SP1
2026-06-05 15:45:00,PDU-B01,66.3,PDU-B01-SP1
2026-06-05 15:50:00,PDU-B01,50.3,PDU-B01-SP5
2026-06-05 15:55:00,PDU-B01,52.4,PDU-B01-SP4
2026-06-05 16:00:00,PDU-B01,67.5,PDU-B01-SP5
2026-06-05 16:05:00,PDU-B01,61.2,PDU-B01-SP5
2026-06-05 16:10:00,PDU-B01,49.1,PDU-B01-SP3
2026-06-05 16:15:00,PDU-B01,56.9,PDU-B01-SP5
2026-06-05 16:20:00,PDU-B01,63.9,PDU-B01-SP3
2026-06-05 16:25:00,PDU-B01,53.4,PDU-B01-SP2
2026-06-05 16:30:00,PDU-B01,62.3,PDU-B01-SP4
2026-06-05 16:35:00,PDU-B01,55.8,PDU-B01-SP1
2026-06-05 16:40:00,PDU-B01,54.3,PDU-B01-SP3
2026-06-05 16:45:00,PDU-B01,61.2,PDU-B01-SP3
2026-06-05 16:50:00,PDU-B01,55.8,PDU-B01-SP4
2026-06-05 16:55:00,PDU-B01,57.5,PDU-B01-SP1
2026-06-05 17:00:00,PDU-B01,49.1,PDU-B01-SP2
2026-06-05 17:05:00,PDU-B01,58.1,PDU-B01-SP1
2026-06-05 17:10:00,PDU-B01,57.3,PDU-B01-SP5
2026-06-05 17:15:00,PDU-B01,52.5,PDU-B01-SP1
2026-06-05 17:20:00,PDU-B01,53.3,PDU-B01-SP3
2026-06-05 17:25:00,PDU-B01,62.2,PDU-B01-SP3
2026-06-05 17:30:00,PDU-B01,62.7,PDU-B01-SP2
2026-06-05 17:35:00,PDU-B01,65.2,PDU-B01-SP1
2026-06-05 17:40:00,PDU-B01,59.2,PDU-B01-SP4
2026-06-05 17:45:00,PDU-B01,49.9,PDU-B01-SP4
2026-06-05 17:50:00,PDU-B01,62.5,PDU-B01-SP4
2026-06-05 17:55:00,PDU-B01,63.5,PDU-B01-SP1
2026-06-05 18:00:00,PDU-B01,66.6,PDU-B01-SP5
2026-06-05 18:05:00,PDU-B01,52.0,PDU-B01-SP3
2026-06-05 18:10:00,PDU-B01,67.8,PDU-B01-SP4
2026-06-05 18:15:00,PDU-B01,55.2,PDU-B01-SP5
2026-06-05 18:20:00,PDU-B01,69.3,PDU-B01-SP3
2026-06-05 18:25:00,PDU-B01,61.5,PDU-B01-SP2
2026-06-05 18:30:00,PDU-B01,60.8,PDU-B01-SP2
2026-06-05 18:35:00,PDU-B01,59.8,PDU-B01-SP2
2026-06-05 18:40:00,PDU-B01,58.8,PDU-B01-SP3
2026-06-05 18:45:00,PDU-B01,55.5,PDU-B01-SP2
2026-06-05 18:50:00,PDU-B01,64.4,PDU-B01-SP3
2026-06-05 18:55:00,PDU-B01,64.6,PDU-B01-SP3
2026-06-05 19:00:00,PDU-B01,42.1,PDU-B01-SP2
2026-06-05 19:05:00,PDU-B01,49.7,PDU-B01-SP2
2026-06-05 19:10:00,PDU-B01,44.0,PDU-B01-SP5
2026-06-05 19:15:00,PDU-B01,42.2,PDU-B01-SP3
2026-06-05 19:20:00,PDU-B01,41.4,PDU-B01-SP4
2026-06-05 19:25:00,PDU-B01,44.1,PDU-B01-SP4
2026-06-05 19:30:00,PDU-B01,42.5,PDU-B01-SP3
2026-06-05 19:35:00,PDU-B01,48.8,PDU-B01-SP1
2026-06-05 19:40:00,PDU-B01,42.2,PDU-B01-SP3
2026-06-05 19:45:00,PDU-B01,43.5,PDU-B01-SP3
2026-06-05 19:50:00,PDU-B01,42.6,PDU-B01-SP1
2026-06-05 19:55:00,PDU-B01,46.2,PDU-B01-SP3
2026-06-05 20:00:00,PDU-B01,42.6,PDU-B01-SP3
2026-06-05 20:05:00,PDU-B01,46.5,PDU-B01-SP5
2026-06-05 20:10:00,PDU-B01,46.2,PDU-B01-SP2
2026-06-05 20:15:00,PDU-B01,46.5,PDU-B01-SP5
2026-06-05 20:20:00,PDU-B01,46.7,PDU-B01-SP3
2026-06-05 20:25:00,PDU-B01,44.5,PDU-B01-SP4
2026-06-05 20:30:00,PDU-B01,46.5,PDU-B01-SP3
2026-06-05 20:35:00,PDU-B01,40.2,PDU-B01-SP1
2026-06-05 20:40:00,PDU-B01,49.1,PDU-B01-SP2
2026-06-05 20:45:00,PDU-B01,47.9,PDU-B01-SP3
2026-06-05 20:50:00,PDU-B01,41.2,PDU-B01-SP5
2026-06-05 20:55:00,PDU-B01,43.3,PDU-B01-SP4
2026-06-05 21:00:00,PDU-B01,48.2,PDU-B01-SP1
2026-06-05 21:05:00,PDU-B01,40.8,PDU-B01-SP4
2026-06-05 21:10:00,PDU-B01,45.7,PDU-B01-SP1
2026-06-05 21:15:00,PDU-B01,45.4,PDU-B01-SP2
2026-06-05 21:20:00,PDU-B01,40.0,PDU-B01-SP2
2026-06-05 21:25:00,PDU-B01,43.0,PDU-B01-SP3
2026-06-05 21:30:00,PDU-B01,48.2,PDU-B01-SP4
2026-06-05 21:35:00,PDU-B01,49.3,PDU-B01-SP1
2026-06-05 21:40:00,PDU-B01,49.5,PDU-B01-SP5
2026-06-05 21:45:00,PDU-B01,46.3,PDU-B01-SP4
2026-06-05 21:50:00,PDU-B01,41.9,PDU-B01-SP4
2026-06-05 21:55:00,PDU-B01,48.4,PDU-B01-SP5
2026-06-05 22:00:00,PDU-B01,46.9,PDU-B01-SP2
2026-06-05 22:05:00,PDU-B01,39.4,PDU-B01-SP1
2026-06-05 22:10:00,PDU-B01,44.8,PDU-B01-SP4
2026-06-05 22:15:00,PDU-B01,38.7,PDU-B01-SP5
2026-06-05 22:20:00,PDU-B01,42.8,PDU-B01-SP4
2026-06-05 22:25:00,PDU-B01,43.2,PDU-B01-SP4
2026-06-05 22:30:00,PDU-B01,41.0,PDU-B01-SP5
2026-06-05 22:35:00,PDU-B01,41.2,PDU-B01-SP4
2026-06-05 22:40:00,PDU-B01,50.6,PDU-B01-SP2
2026-06-05 22:45:00,PDU-B01,43.7,PDU-B01-SP3
2026-06-05 22:50:00,PDU-B01,38.7,PDU-B01-SP3
2026-06-05 22:55:00,PDU-B01,46.9,PDU-B01-SP5
2026-06-05 23:00:00,PDU-B01,46.3,PDU-B01-SP1
2026-06-05 23:05:00,PDU-B01,43.8,PDU-B01-SP4
2026-06-05 23:10:00,PDU-B01,44.2,PDU-B01-SP1
2026-06-05 23:15:00,PDU-B01,46.5,PDU-B01-SP4
2026-06-05 23:20:00,PDU-B01,42.4,PDU-B01-SP2
2026-06-05 23:25:00,PDU-B01,49.8,PDU-B01-SP5
2026-06-05 23:30:00,PDU-B01,39.6,PDU-B01-SP3
2026-06-05 23:35:00,PDU-B01,42.4,PDU-B01-SP1
2026-06-05 23:40:00,PDU-B01,40.0,PDU-B01-SP3
2026-06-05 23:45:00,PDU-B01,40.6,PDU-B01-SP1
2026-06-05 23:50:00,PDU-B01,48.6,PDU-B01-SP3
2026-06-05 23:55:00,PDU-B01,43.4,PDU-B01-SP4
2026-06-06 00:00:00,PDU-B01,45.0,PDU-B01-SP1
2026-06-06 00:05:00,PDU-B01,43.1,PDU-B01-SP2
2026-06-06 00:10:00,PDU-B01,45.1,PDU-B01-SP1
2026-06-06 00:15:00,PDU-B01,50.9,PDU-B01-SP1
2026-06-06 00:20:00,PDU-B01,43.5,PDU-B01-SP4
2026-06-06 00:25:00,PDU-B01,43.8,PDU-B01-SP1
2026-06-06 00:30:00,PDU-B01,44.0,PDU-B01-SP1
2026-06-06 00:35:00,PDU-B01,43.5,PDU-B01-SP1
2026-06-06 00:40:00,PDU-B01,50.6,PDU-B01-SP3
2026-06-06 00:45:00,PDU-B01,48.3,PDU-B01-SP4
2026-06-06 00:50:00,PDU-B01,43.3,PDU-B01-SP5
2026-06-06 00:55:00,PDU-B01,40.7,PDU-B01-SP4
2026-06-06 01:00:00,PDU-B01,43.9,PDU-B01-SP2
2026-06-06 01:05:00,PDU-B01,47.8,PDU-B01-SP3
2026-06-06 01:10:00,PDU-B01,44.0,PDU-B01-SP1
2026-06-06 01:15:00,PDU-B01,43.2,PDU-B01-SP1
2026-06-06 01:20:00,PDU-B01,49.7,PDU-B01-SP2
2026-06-06 01:25:00,PDU-B01,41.7,PDU-B01-SP5
2026-06-06 01:30:00,PDU-B01,47.2,PDU-B01-SP4
2026-06-06 01:35:00,PDU-B01,38.4,PDU-B01-SP3
2026-06-06 01:40:00,PDU-B01,44.3,PDU-B01-SP1
2026-06-06 01:45:00,PDU-B01,46.1,PDU-B01-SP1
2026-06-06 01:50:00,PDU-B01,43.9,PDU-B01-SP3
2026-06-06 01:55:00,PDU-B01,50.2,PDU-B01-SP1
2026-06-06 02:00:00,PDU-B01,47.0,PDU-B01-SP2
2026-06-06 02:05:00,PDU-B01,50.1,PDU-B01-SP4
2026-06-06 02:10:00,PDU-B01,50.2,PDU-B01-SP2
2026-06-06 02:15:00,PDU-B01,43.8,PDU-B01-SP5
2026-06-06 02:20:00,PDU-B01,46.4,PDU-B01-SP5
2026-06-06 02:25:00,PDU-B01,44.8,PDU-B01-SP3
2026-06-06 02:30:00,PDU-B01,48.7,PDU-B01-SP5
2026-06-06 02:35:00,PDU-B01,47.9,PDU-B01-SP4
2026-06-06 02:40:00,PDU-B01,40.1,PDU-B01-SP2
2026-06-06 02:45:00,PDU-B01,44.4,PDU-B01-SP4
2026-06-06 02:50:00,PDU-B01,46.3,PDU-B01-SP2
2026-06-06 02:55:00,PDU-B01,41.0,PDU-B01-SP1
2026-06-06 03:00:00,PDU-B01,49.0,PDU-B01-SP5
2026-06-06 03:05:00,PDU-B01,47.7,PDU-B01-SP2
2026-06-06 03:10:00,PDU-B01,51.0,PDU-B01-SP1
2026-06-06 03:15:00,PDU-B01,42.2,PDU-B01-SP2
2026-06-06 03:20:00,PDU-B01,40.8,PDU-B01-SP4
2026-06-06 03:25:00,PDU-B01,43.7,PDU-B01-SP1
2026-06-06 03:30:00,PDU-B01,44.3,PDU-B01-SP5
2026-06-06 03:35:00,PDU-B01,43.8,PDU-B01-SP1
2026-06-06 03:40:00,PDU-B01,43.7,PDU-B01-SP1
2026-06-06 03:45:00,PDU-B01,44.8,PDU-B01-SP2
2026-06-06 03:50:00,PDU-B01,44.2,PDU-B01-SP2
2026-06-06 03:55:00,PDU-B01,43.6,PDU-B01-SP5
2026-06-06 04:00:00,PDU-B01,49.6,PDU-B01-SP5
2026-06-06 04:05:00,PDU-B01,42.1,PDU-B01-SP1
2026-06-06 04:10:00,PDU-B01,50.1,PDU-B01-SP1
2026-06-06 04:15:00,PDU-B01,50.7,PDU-B01-SP1
2026-06-06 04:20:00,PDU-B01,51.4,PDU-B01-SP5
2026-06-06 04:25:00,PDU-B01,45.1,PDU-B01-SP5
2026-06-06 04:30:00,PDU-B01,49.0,PDU-B01-SP4
2026-06-06 04:35:00,PDU-B01,44.9,PDU-B01-SP2
2026-06-06 04:40:00,PDU-B01,42.8,PDU-B01-SP5
2026-06-06 04:45:00,PDU-B01,42.7,PDU-B01-SP4
2026-06-06 04:50:00,PDU-B01,47.6,PDU-B01-SP2
2026-06-06 04:55:00,PDU-B01,39.1,PDU-B01-SP4
2026-06-06 05:00:00,PDU-B01,41.4,PDU-B01-SP2
2026-06-06 05:05:00,PDU-B01,48.7,PDU-B01-SP3
2026-06-06 05:10:00,PDU-B01,47.2,PDU-B01-SP1
2026-06-06 05:15:00,PDU-B01,40.5,PDU-B01-SP3
2026-06-06 05:20:00,PDU-B01,42.0,PDU-B01-SP5
2026-06-06 05:25:00,PDU-B01,47.0,PDU-B01-SP5
2026-06-06 05:30:00,PDU-B01,43.6,PDU-B01-SP1
2026-06-06 05:35:00,PDU-B01,46.8,PDU-B01-SP2
2026-06-06 05:40:00,PDU-B01,39.7,PDU-B01-SP5
2026-06-06 05:45:00,PDU-B01,43.3,PDU-B01-SP4
2026-06-06 05:50:00,PDU-B01,37.9,PDU-B01-SP4
2026-06-06 05:55:00,PDU-B01,42.8,PDU-B01-SP2
2026-06-06 06:00:00,PDU-B01,47.3,PDU-B01-SP1
2026-06-06 06:05:00,PDU-B01,37.8,PDU-B01-SP5
2026-06-06 06:10:00,PDU-B01,40.2,PDU-B01-SP1
2026-06-06 06:15:00,PDU-B01,42.6,PDU-B01-SP3
2026-06-06 06:20:00,PDU-B01,39.2,PDU-B01-SP2
2026-06-06 06:25:00,PDU-B01,48.6,PDU-B01-SP5
2026-06-06 06:30:00,PDU-B01,50.0,PDU-B01-SP2
2026-06-06 06:35:00,PDU-B01,39.0,PDU-B01-SP3
2026-06-06 06:40:00,PDU-B01,43.6,PDU-B01-SP4
2026-06-06 06:45:00,PDU-B01,43.0,PDU-B01-SP2
2026-06-06 06:50:00,PDU-B01,41.4,PDU-B01-SP2
2026-06-06 06:55:00,PDU-B01,48.0,PDU-B01-SP4
2026-06-06 07:00:00,PDU-B01,35.7,PDU-B01-SP5
2026-06-06 07:05:00,PDU-B01,33.5,PDU-B01-SP1
2026-06-06 07:10:00,PDU-B01,35.2,PDU-B01-SP1
2026-06-06 07:15:00,PDU-B01,36.0,PDU-B01-SP4
2026-06-06 07:20:00,PDU-B01,35.9,PDU-B01-SP4
2026-06-06 07:25:00,PDU-B01,36.7,PDU-B01-SP1
2026-06-06 07:30:00,PDU-B01,36.9,PDU-B01-SP5
2026-06-06 07:35:00,PDU-B01,35.8,PDU-B01-SP5
2026-06-06 07:40:00,PDU-B01,33.3,PDU-B01-SP3
2026-06-06 07:45:00,PDU-B01,33.1,PDU-B01-SP5
2026-06-06 07:50:00,PDU-B01,35.7,PDU-B01-SP3
2026-06-06 07:55:00,PDU-B01,33.3,PDU-B01-SP2
2026-06-06 08:00:00,PDU-B01,33.8,PDU-B01-SP4
2026-06-06 08:05:00,PDU-B01,33.9,PDU-B01-SP2
2026-06-06 08:10:00,PDU-B01,36.8,PDU-B01-SP3
2026-06-06 08:15:00,PDU-B01,34.4,PDU-B01-SP2
2026-06-06 08:20:00,PDU-B01,33.8,PDU-B01-SP4
2026-06-06 08:25:00,PDU-B01,33.4,PDU-B01-SP5
2026-06-06 08:30:00,PDU-B01,36.7,PDU-B01-SP4
2026-06-06 08:35:00,PDU-B01,33.0,PDU-B01-SP2
2026-06-06 08:40:00,PDU-B01,35.7,PDU-B01-SP1
2026-06-06 08:45:00,PDU-B01,35.4,PDU-B01-SP1
2026-06-06 08:50:00,PDU-B01,34.5,PDU-B01-SP2
2026-06-06 08:55:00,PDU-B01,36.0,PDU-B01-SP2
2026-06-06 09:00:00,PDU-B01,68.4,PDU-B01-SP3
2026-06-06 09:05:00,PDU-B01,52.6,PDU-B01-SP5
2026-06-06 09:10:00,PDU-B01,69.0,PDU-B01-SP2
2026-06-06 09:15:00,PDU-B01,52.7,PDU-B01-SP5
2026-06-06 09:20:00,PDU-B01,55.0,PDU-B01-SP1
2026-06-06 09:25:00,PDU-B01,63.2,PDU-B01-SP5
2026-06-06 09:30:00,PDU-B01,55.0,PDU-B01-SP4
2026-06-06 09:35:00,PDU-B01,54.1,PDU-B01-SP1
2026-06-06 09:40:00,PDU-B01,57.8,PDU-B01-SP1
2026-06-06 09:45:00,PDU-B01,53.5,PDU-B01-SP3
2026-06-06 09:50:00,PDU-B01,66.2,PDU-B01-SP5
2026-06-06 09:55:00,PDU-B01,50.7,PDU-B01-SP4
2026-06-06 10:00:00,PDU-B01,64.8,PDU-B01-SP5
2026-06-06 10:05:00,PDU-B01,52.2,PDU-B01-SP1
2026-06-06 10:10:00,PDU-B01,67.2,PDU-B01-SP4
2026-06-06 10:15:00,PDU-B01,68.2,PDU-B01-SP2
2026-06-06 10:20:00,PDU-B01,50.8,PDU-B01-SP5
2026-06-06 10:25:00,PDU-B01,68.3,PDU-B01-SP5
2026-06-06 10:30:00,PDU-B01,61.9,PDU-B01-SP4
2026-06-06 10:35:00,PDU-B01,66.4,PDU-B01-SP4
2026-06-06 10:40:00,PDU-B01,54.4,PDU-B01-SP2
2026-06-06 10:45:00,PDU-B01,67.7,PDU-B01-SP1
2026-06-06 10:50:00,PDU-B01,65.7,PDU-B01-SP3
2026-06-06 10:55:00,PDU-B01,57.5,PDU-B01-SP5
2026-06-06 11:00:00,PDU-B01,66.8,PDU-B01-SP1
2026-06-06 11:05:00,PDU-B01,60.7,PDU-B01-SP5
2026-06-06 11:10:00,PDU-B01,64.1,PDU-B01-SP1
2026-06-06 11:15:00,PDU-B01,59.9,PDU-B01-SP4
2026-06-06 11:20:00,PDU-B01,67.2,PDU-B01-SP4
2026-06-06 11:25:00,PDU-B01,61.6,PDU-B01-SP1
2026-06-06 11:30:00,PDU-B01,55.3,PDU-B01-SP5
2026-06-06 11:35:00,PDU-B01,53.5,PDU-B01-SP2
2026-06-06 11:40:00,PDU-B01,54.1,PDU-B01-SP3
2026-06-06 11:45:00,PDU-B01,61.8,PDU-B01-SP4
2026-06-06 11:50:00,PDU-B01,64.2,PDU-B01-SP1
2026-06-06 11:55:00,PDU-B01,65.7,PDU-B01-SP4
2026-06-06 12:00:00,PDU-B01,69.5,PDU-B01-SP4
2026-06-06 12:05:00,PDU-B01,62.3,PDU-B01-SP5
2026-06-06 12:10:00,PDU-B01,64.8,PDU-B01-SP1
2026-06-06 12:15:00,PDU-B01,68.2,PDU-B01-SP5
2026-06-06 12:20:00,PDU-B01,57.8,PDU-B01-SP5
2026-06-06 12:25:00,PDU-B01,69.3,PDU-B01-SP5
2026-06-06 12:30:00,PDU-B01,64.5,PDU-B01-SP4
2026-06-06 12:35:00,PDU-B01,62.6,PDU-B01-SP5
2026-06-06 12:40:00,PDU-B01,69.2,PDU-B01-SP2
2026-06-06 12:45:00,PDU-B01,66.0,PDU-B01-SP3
2026-06-06 12:50:00,PDU-B01,67.8,PDU-B01-SP2
2026-06-06 12:55:00,PDU-B01,63.4,PDU-B01-SP5
2026-06-06 13:00:00,PDU-B01,63.3,PDU-B01-SP3
2026-06-06 13:05:00,PDU-B01,62.2,PDU-B01-SP5
2026-06-06 13:10:00,PDU-B01,57.7,PDU-B01-SP5
2026-06-06 13:15:00,PDU-B01,59.3,PDU-B01-SP1
2026-06-06 13:20:00,PDU-B01,55.5,PDU-B01-SP5
2026-06-06 13:25:00,PDU-B01,62.0,PDU-B01-SP1
2026-06-06 13:30:00,PDU-B01,63.7,PDU-B01-SP3
2026-06-06 13:35:00,PDU-B01,67.4,PDU-B01-SP5
2026-06-06 13:40:00,PDU-B01,57.6,PDU-B01-SP2
2026-06-06 13:45:00,PDU-B01,62.7,PDU-B01-SP2
2026-06-06 13:50:00,PDU-B01,51.0,PDU-B01-SP3
2026-06-06 13:55:00,PDU-B01,55.9,PDU-B01-SP5
2026-06-06 14:00:00,PDU-B01,51.8,PDU-B01-SP4
2026-06-06 14:05:00,PDU-B01,60.0,PDU-B01-SP4
2026-06-06 14:10:00,PDU-B01,62.3,PDU-B01-SP5
2026-06-06 14:15:00,PDU-B01,68.3,PDU-B01-SP2
2026-06-06 14:20:00,PDU-B01,65.3,PDU-B01-SP5
2026-06-06 14:25:00,PDU-B01,61.5,PDU-B01-SP1
2026-06-06 14:30:00,PDU-B01,65.9,PDU-B01-SP5
2026-06-06 14:35:00,PDU-B01,50.6,PDU-B01-SP2
2026-06-06 14:40:00,PDU-B01,58.2,PDU-B01-SP1
2026-06-06 14:45:00,PDU-B01,64.7,PDU-B01-SP4
2026-06-06 14:50:00,PDU-B01,58.1,PDU-B01-SP4
2026-06-06 14:55:00,PDU-B01,59.5,PDU-B01-SP1
2026-06-06 15:00:00,PDU-B01,55.0,PDU-B01-SP2
2026-06-06 15:05:00,PDU-B01,64.9,PDU-B01-SP3
2026-06-06 15:10:00,PDU-B01,54.1,PDU-B01-SP5
2026-06-06 15:15:00,PDU-B01,58.2,PDU-B01-SP2
2026-06-06 15:20:00,PDU-B01,54.1,PDU-B01-SP5
2026-06-06 15:25:00,PDU-B01,56.4,PDU-B01-SP2
2026-06-06 15:30:00,PDU-B01,64.6,PDU-B01-SP3
2026-06-06 15:35:00,PDU-B01,67.1,PDU-B01-SP2
2026-06-06 15:40:00,PDU-B01,66.1,PDU-B01-SP5
2026-06-06 15:45:00,PDU-B01,68.1,PDU-B01-SP2
2026-06-06 15:50:00,PDU-B01,56.0,PDU-B01-SP3
2026-06-06 15:55:00,PDU-B01,54.8,PDU-B01-SP4
2026-06-06 16:00:00,PDU-B01,55.3,PDU-B01-SP4
2026-06-06 16:05:00,PDU-B01,53.7,PDU-B01-SP4
2026-06-06 16:10:00,PDU-B01,67.8,PDU-B01-SP2
2026-06-06 16:15:00,PDU-B01,57.3,PDU-B01-SP3
2026-06-06 16:20:00,PDU-B01,53.5,PDU-B01-SP5
2026-06-06 16:25:00,PDU-B01,53.0,PDU-B01-SP3
2026-06-06 16:30:00,PDU-B01,59.1,PDU-B01-SP4
2026-06-06 16:35:00,PDU-B01,62.2,PDU-B01-SP5
2026-06-06 16:40:00,PDU-B01,56.9,PDU-B01-SP4
2026-06-06 16:45:00,PDU-B01,64.6,PDU-B01-SP3
2026-06-06 16:50:00,PDU-B01,53.3,PDU-B01-SP5
2026-06-06 16:55:00,PDU-B01,53.1,PDU-B01-SP5
2026-06-06 17:00:00,PDU-B01,64.8,PDU-B01-SP1
2026-06-06 17:05:00,PDU-B01,68.7,PDU-B01-SP2
2026-06-06 17:10:00,PDU-B01,51.0,PDU-B01-SP3
2026-06-06 17:15:00,PDU-B01,60.7,PDU-B01-SP1
2026-06-06 17:20:00,PDU-B01,51.2,PDU-B01-SP4
2026-06-06 17:25:00,PDU-B01,55.5,PDU-B01-SP4
2026-06-06 17:30:00,PDU-B01,53.5,PDU-B01-SP2
2026-06-06 17:35:00,PDU-B01,53.1,PDU-B01-SP3
2026-06-06 17:40:00,PDU-B01,61.2,PDU-B01-SP4
2026-06-06 17:45:00,PDU-B01,60.9,PDU-B01-SP5
2026-06-06 17:50:00,PDU-B01,53.1,PDU-B01-SP4
2026-06-06 17:55:00,PDU-B01,65.2,PDU-B01-SP5
2026-06-06 18:00:00,PDU-B01,56.7,PDU-B01-SP1
2026-06-06 18:05:00,PDU-B01,56.7,PDU-B01-SP1
2026-06-06 18:10:00,PDU-B01,50.1,PDU-B01-SP4
2026-06-06 18:15:00,PDU-B01,57.8,PDU-B01-SP1
2026-06-06 18:20:00,PDU-B01,64.0,PDU-B01-SP5
2026-06-06 18:25:00,PDU-B01,52.1,PDU-B01-SP2
2026-06-06 18:30:00,PDU-B01,63.2,PDU-B01-SP3
2026-06-06 18:35:00,PDU-B01,54.0,PDU-B01-SP5
2026-06-06 18:40:00,PDU-B01,62.2,PDU-B01-SP4
2026-06-06 18:45:00,PDU-B01,51.8,PDU-B01-SP3
2026-06-06 18:50:00,PDU-B01,62.8,PDU-B01-SP4
2026-06-06 18:55:00,PDU-B01,60.1,PDU-B01-SP5
2026-06-06 19:00:00,PDU-B01,45.7,PDU-B01-SP4
2026-06-06 19:05:00,PDU-B01,44.0,PDU-B01-SP2
2026-06-06 19:10:00,PDU-B01,41.3,PDU-B01-SP5
2026-06-06 19:15:00,PDU-B01,43.7,PDU-B01-SP3
2026-06-06 19:20:00,PDU-B01,44.3,PDU-B01-SP5
2026-06-06 19:25:00,PDU-B01,43.1,PDU-B01-SP3
2026-06-06 19:30:00,PDU-B01,49.0,PDU-B01-SP3
2026-06-06 19:35:00,PDU-B01,39.5,PDU-B01-SP5
2026-06-06 19:40:00,PDU-B01,50.9,PDU-B01-SP4
2026-06-06 19:45:00,PDU-B01,47.9,PDU-B01-SP1
2026-06-06 19:50:00,PDU-B01,46.9,PDU-B01-SP3
2026-06-06 19:55:00,PDU-B01,42.0,PDU-B01-SP2
2026-06-06 20:00:00,PDU-B01,38.7,PDU-B01-SP1
2026-06-06 20:05:00,PDU-B01,49.3,PDU-B01-SP1
2026-06-06 20:10:00,PDU-B01,40.6,PDU-B01-SP4
2026-06-06 20:15:00,PDU-B01,38.2,PDU-B01-SP4
2026-06-06 20:20:00,PDU-B01,43.8,PDU-B01-SP1
2026-06-06 20:25:00,PDU-B01,41.3,PDU-B01-SP5
2026-06-06 20:30:00,PDU-B01,44.3,PDU-B01-SP5
2026-06-06 20:35:00,PDU-B01,46.7,PDU-B01-SP2
2026-06-06 20:40:00,PDU-B01,45.9,PDU-B01-SP2
2026-06-06 20:45:00,PDU-B01,45.2,PDU-B01-SP4
2026-06-06 20:50:00,PDU-B01,46.1,PDU-B01-SP4
2026-06-06 20:55:00,PDU-B01,38.7,PDU-B01-SP3
2026-06-06 21:00:00,PDU-B01,50.2,PDU-B01-SP2
2026-06-06 21:05:00,PDU-B01,48.3,PDU-B01-SP1
2026-06-06 21:10:00,PDU-B01,46.0,PDU-B01-SP2
2026-06-06 21:15:00,PDU-B01,48.0,PDU-B01-SP1
2026-06-06 21:20:00,PDU-B01,45.9,PDU-B01-SP1
2026-06-06 21:25:00,PDU-B01,40.8,PDU-B01-SP1
2026-06-06 21:30:00,PDU-B01,46.4,PDU-B01-SP1
2026-06-06 21:35:00,PDU-B01,41.2,PDU-B01-SP1
2026-06-06 21:40:00,PDU-B01,44.4,PDU-B01-SP4
2026-06-06 21:45:00,PDU-B01,41.6,PDU-B01-SP4
2026-06-06 21:50:00,PDU-B01,42.9,PDU-B01-SP4
2026-06-06 21:55:00,PDU-B01,44.3,PDU-B01-SP4
2026-06-06 22:00:00,PDU-B01,39.7,PDU-B01-SP3
2026-06-06 22:05:00,PDU-B01,43.6,PDU-B01-SP3
2026-06-06 22:10:00,PDU-B01,44.2,PDU-B01-SP2
2026-06-06 22:15:00,PDU-B01,44.6,PDU-B01-SP1
2026-06-06 22:20:00,PDU-B01,43.1,PDU-B01-SP5
2026-06-06 22:25:00,PDU-B01,49.4,PDU-B01-SP4
2026-06-06 22:30:00,PDU-B01,43.8,PDU-B01-SP2
2026-06-06 22:35:00,PDU-B01,46.6,PDU-B01-SP5
2026-06-06 22:40:00,PDU-B01,49.4,PDU-B01-SP1
2026-06-06 22:45:00,PDU-B01,44.8,PDU-B01-SP4
2026-06-06 22:50:00,PDU-B01,45.4,PDU-B01-SP2
2026-06-06 22:55:00,PDU-B01,49.8,PDU-B01-SP2
2026-06-06 23:00:00,PDU-B01,51.2,PDU-B01-SP3
2026-06-06 23:05:00,PDU-B01,39.6,PDU-B01-SP5
2026-06-06 23:10:00,PDU-B01,47.9,PDU-B01-SP4
2026-06-06 23:15:00,PDU-B01,50.5,PDU-B01-SP4
2026-06-06 23:20:00,PDU-B01,48.4,PDU-B01-SP5
2026-06-06 23:25:00,PDU-B01,39.0,PDU-B01-SP5
2026-06-06 23:30:00,PDU-B01,44.0,PDU-B01-SP2
2026-06-06 23:35:00,PDU-B01,42.0,PDU-B01-SP2
2026-06-06 23:40:00,PDU-B01,49.1,PDU-B01-SP5
2026-06-06 23:45:00,PDU-B01,41.5,PDU-B01-SP3
2026-06-06 23:50:00,PDU-B01,40.4,PDU-B01-SP4
2026-06-06 23:55:00,PDU-B01,48.6,PDU-B01-SP2
2026-06-07 00:00:00,PDU-B01,40.3,PDU-B01-SP2
2026-06-07 00:05:00,PDU-B01,49.6,PDU-B01-SP3
2026-06-07 00:10:00,PDU-B01,48.8,PDU-B01-SP4
2026-06-07 00:15:00,PDU-B01,46.6,PDU-B01-SP2
2026-06-07 00:20:00,PDU-B01,49.2,PDU-B01-SP5
2026-06-07 00:25:00,PDU-B01,42.6,PDU-B01-SP2
2026-06-07 00:30:00,PDU-B01,42.5,PDU-B01-SP3
2026-06-07 00:35:00,PDU-B01,43.3,PDU-B01-SP4
2026-06-07 00:40:00,PDU-B01,49.0,PDU-B01-SP1
2026-06-07 00:45:00,PDU-B01,42.2,PDU-B01-SP3
2026-06-07 00:50:00,PDU-B01,42.3,PDU-B01-SP5
2026-06-07 00:55:00,PDU-B01,40.3,PDU-B01-SP1
2026-06-07 01:00:00,PDU-B01,39.9,PDU-B01-SP1
2026-06-07 01:05:00,PDU-B01,43.7,PDU-B01-SP1
2026-06-07 01:10:00,PDU-B01,42.1,PDU-B01-SP5
2026-06-07 01:15:00,PDU-B01,48.7,PDU-B01-SP4
2026-06-07 01:20:00,PDU-B01,44.7,PDU-B01-SP5
2026-06-07 01:25:00,PDU-B01,44.6,PDU-B01-SP3
2026-06-07 01:30:00,PDU-B01,45.8,PDU-B01-SP2
2026-06-07 01:35:00,PDU-B01,45.6,PDU-B01-SP1
2026-06-07 01:40:00,PDU-B01,49.5,PDU-B01-SP1
2026-06-07 01:45:00,PDU-B01,40.3,PDU-B01-SP3
2026-06-07 01:50:00,PDU-B01,41.2,PDU-B01-SP1
2026-06-07 01:55:00,PDU-B01,49.4,PDU-B01-SP5
2026-06-07 02:00:00,PDU-B01,42.4,PDU-B01-SP3
2026-06-07 02:05:00,PDU-B01,46.8,PDU-B01-SP2
2026-06-07 02:10:00,PDU-B01,48.9,PDU-B01-SP1
2026-06-07 02:15:00,PDU-B01,37.8,PDU-B01-SP5
2026-06-07 02:20:00,PDU-B01,42.5,PDU-B01-SP5
2026-06-07 02:25:00,PDU-B01,47.9,PDU-B01-SP1
2026-06-07 02:30:00,PDU-B01,42.2,PDU-B01-SP5
2026-06-07 02:35:00,PDU-B01,41.6,PDU-B01-SP2
2026-06-07 02:40:00,PDU-B01,49.3,PDU-B01-SP4
2026-06-07 02:45:00,PDU-B01,40.7,PDU-B01-SP4
2026-06-07 02:50:00,PDU-B01,41.9,PDU-B01-SP2
2026-06-07 02:55:00,PDU-B01,43.9,PDU-B01-SP2
2026-06-07 03:00:00,PDU-B01,38.9,PDU-B01-SP4
2026-06-07 03:05:00,PDU-B01,44.5,PDU-B01-SP2
2026-06-07 03:10:00,PDU-B01,40.0,PDU-B01-SP1
2026-06-07 03:15:00,PDU-B01,39.8,PDU-B01-SP1
2026-06-07 03:20:00,PDU-B01,39.1,PDU-B01-SP1
2026-06-07 03:25:00,PDU-B01,43.9,PDU-B01-SP2
2026-06-07 03:30:00,PDU-B01,47.6,PDU-B01-SP5
2026-06-07 03:35:00,PDU-B01,49.1,PDU-B01-SP2
2026-06-07 03:40:00,PDU-B01,50.2,PDU-B01-SP2
2026-06-07 03:45:00,PDU-B01,39.7,PDU-B01-SP4
2026-06-07 03:50:00,PDU-B01,42.0,PDU-B01-SP1
2026-06-07 03:55:00,PDU-B01,46.1,PDU-B01-SP3
2026-06-07 04:00:00,PDU-B01,46.0,PDU-B01-SP3
2026-06-07 04:05:00,PDU-B01,39.3,PDU-B01-SP1
2026-06-07 04:10:00,PDU-B01,48.4,PDU-B01-SP5
2026-06-07 04:15:00,PDU-B01,39.9,PDU-B01-SP1
2026-06-07 04:20:00,PDU-B01,44.6,PDU-B01-SP2
2026-06-07 04:25:00,PDU-B01,39.8,PDU-B01-SP2
2026-06-07 04:30:00,PDU-B01,40.5,PDU-B01-SP2
2026-06-07 04:35:00,PDU-B01,46.2,PDU-B01-SP3
2026-06-07 04:40:00,PDU-B01,48.3,PDU-B01-SP1
2026-06-07 04:45:00,PDU-B01,48.9,PDU-B01-SP1
2026-06-07 04:50:00,PDU-B01,46.7,PDU-B01-SP5
2026-06-07 04:55:00,PDU-B01,44.1,PDU-B01-SP5
2026-06-07 05:00:00,PDU-B01,42.5,PDU-B01-SP1
2026-06-07 05:05:00,PDU-B01,41.3,PDU-B01-SP2
2026-06-07 05:10:00,PDU-B01,41.7,PDU-B01-SP3
2026-06-07 05:15:00,PDU-B01,45.2,PDU-B01-SP4
2026-06-07 05:20:00,PDU-B01,44.1,PDU-B01-SP2
2026-06-07 05:25:00,PDU-B01,47.3,PDU-B01-SP1
2026-06-07 05:30:00,PDU-B01,49.9,PDU-B01-SP1
2026-06-07 05:35:00,PDU-B01,40.5,PDU-B01-SP1
2026-06-07 05:40:00,PDU-B01,43.1,PDU-B01-SP2
2026-06-07 05:45:00,PDU-B01,44.5,PDU-B01-SP3
2026-06-07 05:50:00,PDU-B01,40.1,PDU-B01-SP1
2026-06-07 05:55:00,PDU-B01,44.8,PDU-B01-SP1
2026-06-07 06:00:00,PDU-B01,45.2,PDU-B01-SP1
2026-06-07 06:05:00,PDU-B01,42.1,PDU-B01-SP3
2026-06-07 06:10:00,PDU-B01,46.6,PDU-B01-SP1
2026-06-07 06:15:00,PDU-B01,41.8,PDU-B01-SP2
2026-06-07 06:20:00,PDU-B01,48.8,PDU-B01-SP1
2026-06-07 06:25:00,PDU-B01,42.3,PDU-B01-SP3
2026-06-07 06:30:00,PDU-B01,37.6,PDU-B01-SP1
2026-06-07 06:35:00,PDU-B01,47.4,PDU-B01-SP4
2026-06-07 06:40:00,PDU-B01,49.8,PDU-B01-SP4
2026-06-07 06:45:00,PDU-B01,44.6,PDU-B01-SP3
2026-06-07 06:50:00,PDU-B01,45.3,PDU-B01-SP5
2026-06-07 06:55:00,PDU-B01,48.4,PDU-B01-SP3
2026-06-07 07:00:00,PDU-B01,34.1,PDU-B01-SP2
2026-06-07 07:05:00,PDU-B01,36.8,PDU-B01-SP3
2026-06-07 07:10:00,PDU-B01,34.9,PDU-B01-SP1
2026-06-07 07:15:00,PDU-B01,33.5,PDU-B01-SP3
2026-06-07 07:20:00,PDU-B01,34.8,PDU-B01-SP1
2026-06-07 07:25:00,PDU-B01,33.4,PDU-B01-SP5
2026-06-07 07:30:00,PDU-B01,33.2,PDU-B01-SP1
2026-06-07 07:35:00,PDU-B01,36.2,PDU-B01-SP5
2026-06-07 07:40:00,PDU-B01,33.5,PDU-B01-SP2
2026-06-07 07:45:00,PDU-B01,33.1,PDU-B01-SP4
2026-06-07 07:50:00,PDU-B01,35.2,PDU-B01-SP1
2026-06-07 07:55:00,PDU-B01,34.8,PDU-B01-SP3
2026-06-07 08:00:00,PDU-B01,36.1,PDU-B01-SP1
2026-06-07 08:05:00,PDU-B01,35.0,PDU-B01-SP4
2026-06-07 08:10:00,PDU-B01,35.1,PDU-B01-SP5
2026-06-07 08:15:00,PDU-B01,33.1,PDU-B01-SP1
2026-06-07 08:20:00,PDU-B01,36.2,PDU-B01-SP3
2026-06-07 08:25:00,PDU-B01,34.8,PDU-B01-SP2
2026-06-07 08:30:00,PDU-B01,35.4,PDU-B01-SP1
2026-06-07 08:35:00,PDU-B01,36.9,PDU-B01-SP1
2026-06-07 08:40:00,PDU-B01,34.9,PDU-B01-SP2
2026-06-07 08:45:00,PDU-B01,35.0,PDU-B01-SP4
2026-06-07 08:50:00,PDU-B01,34.8,PDU-B01-SP2
2026-06-07 08:55:00,PDU-B01,33.2,PDU-B01-SP2
2026-06-07 09:00:00,PDU-B01,58.5,PDU-B01-SP3
2026-06-07 09:05:00,PDU-B01,57.3,PDU-B01-SP3
2026-06-07 09:10:00,PDU-B01,58.6,PDU-B01-SP4
2026-06-07 09:15:00,PDU-B01,54.3,PDU-B01-SP1
2026-06-07 09:20:00,PDU-B01,50.1,PDU-B01-SP3
2026-06-07 09:25:00,PDU-B01,60.7,PDU-B01-SP3
2026-06-07 09:30:00,PDU-B01,59.8,PDU-B01-SP5
2026-06-07 09:35:00,PDU-B01,53.2,PDU-B01-SP1
2026-06-07 09:40:00,PDU-B01,60.6,PDU-B01-SP2
2026-06-07 09:45:00,PDU-B01,60.8,PDU-B01-SP4
2026-06-07 09:50:00,PDU-B01,69.8,PDU-B01-SP4
2026-06-07 09:55:00,PDU-B01,57.3,PDU-B01-SP3
2026-06-07 10:00:00,PDU-B01,61.8,PDU-B01-SP2
2026-06-07 10:05:00,PDU-B01,63.9,PDU-B01-SP1
2026-06-07 10:10:00,PDU-B01,50.2,PDU-B01-SP4
2026-06-07 10:15:00,PDU-B01,57.8,PDU-B01-SP3
2026-06-07 10:20:00,PDU-B01,60.6,PDU-B01-SP1
2026-06-07 10:25:00,PDU-B01,64.1,PDU-B01-SP5
2026-06-07 10:30:00,PDU-B01,59.6,PDU-B01-SP3
2026-06-07 10:35:00,PDU-B01,51.7,PDU-B01-SP3
2026-06-07 10:40:00,PDU-B01,61.9,PDU-B01-SP5
2026-06-07 10:45:00,PDU-B01,52.2,PDU-B01-SP3
2026-06-07 10:50:00,PDU-B01,60.7,PDU-B01-SP1
2026-06-07 10:55:00,PDU-B01,55.0,PDU-B01-SP3
2026-06-07 11:00:00,PDU-B01,62.2,PDU-B01-SP5
2026-06-07 11:05:00,PDU-B01,57.3,PDU-B01-SP4
2026-06-07 11:10:00,PDU-B01,68.2,PDU-B01-SP5
2026-06-07 11:15:00,PDU-B01,60.6,PDU-B01-SP2
2026-06-07 11:20:00,PDU-B01,61.8,PDU-B01-SP5
2026-06-07 11:25:00,PDU-B01,57.3,PDU-B01-SP4
2026-06-07 11:30:00,PDU-B01,57.9,PDU-B01-SP3
2026-06-07 11:35:00,PDU-B01,53.7,PDU-B01-SP1
2026-06-07 11:40:00,PDU-B01,52.9,PDU-B01-SP1
2026-06-07 11:45:00,PDU-B01,60.0,PDU-B01-SP2
2026-06-07 11:50:00,PDU-B01,53.4,PDU-B01-SP3
2026-06-07 11:55:00,PDU-B01,57.6,PDU-B01-SP5
2026-06-07 12:00:00,PDU-B01,63.8,PDU-B01-SP5
2026-06-07 12:05:00,PDU-B01,59.8,PDU-B01-SP5
2026-06-07 12:10:00,PDU-B01,57.0,PDU-B01-SP3
2026-06-07 12:15:00,PDU-B01,53.0,PDU-B01-SP2
2026-06-07 12:20:00,PDU-B01,50.4,PDU-B01-SP5
2026-06-07 12:25:00,PDU-B01,60.8,PDU-B01-SP2
2026-06-07 12:30:00,PDU-B01,51.8,PDU-B01-SP2
2026-06-07 12:35:00,PDU-B01,63.9,PDU-B01-SP3
2026-06-07 12:40:00,PDU-B01,53.6,PDU-B01-SP5
2026-06-07 12:45:00,PDU-B01,70.1,PDU-B01-SP2
2026-06-07 12:50:00,PDU-B01,58.2,PDU-B01-SP5
2026-06-07 12:55:00,PDU-B01,61.8,PDU-B01-SP5
2026-06-07 13:00:00,PDU-B01,57.6,PDU-B01-SP1
2026-06-07 13:05:00,PDU-B01,51.4,PDU-B01-SP1
2026-06-07 13:10:00,PDU-B01,64.8,PDU-B01-SP5
2026-06-07 13:15:00,PDU-B01,71.0,PDU-B01-SP5
2026-06-07 13:20:00,PDU-B01,51.9,PDU-B01-SP1
2026-06-07 13:25:00,PDU-B01,71.1,PDU-B01-SP3
2026-06-07 13:30:00,PDU-B01,54.6,PDU-B01-SP1
2026-06-07 13:35:00,PDU-B01,60.5,PDU-B01-SP3
2026-06-07 13:40:00,PDU-B01,61.4,PDU-B01-SP2
2026-06-07 13:45:00,PDU-B01,61.2,PDU-B01-SP5
2026-06-07 13:50:00,PDU-B01,59.2,PDU-B01-SP5
2026-06-07 13:55:00,PDU-B01,54.7,PDU-B01-SP3
2026-06-07 14:00:00,PDU-B01,60.5,PDU-B01-SP3
2026-06-07 14:05:00,PDU-B01,57.8,PDU-B01-SP2
2026-06-07 14:10:00,PDU-B01,66.4,PDU-B01-SP1
2026-06-07 14:15:00,PDU-B01,55.6,PDU-B01-SP1
2026-06-07 14:20:00,PDU-B01,68.7,PDU-B01-SP4
2026-06-07 14:25:00,PDU-B01,63.8,PDU-B01-SP2
2026-06-07 14:30:00,PDU-B01,61.7,PDU-B01-SP5
2026-06-07 14:35:00,PDU-B01,53.9,PDU-B01-SP4
2026-06-07 14:40:00,PDU-B01,63.6,PDU-B01-SP4
2026-06-07 14:45:00,PDU-B01,61.5,PDU-B01-SP1
2026-06-07 14:50:00,PDU-B01,60.7,PDU-B01-SP1
2026-06-07 14:55:00,PDU-B01,56.3,PDU-B01-SP5
2026-06-07 15:00:00,PDU-B01,57.9,PDU-B01-SP1
2026-06-07 15:05:00,PDU-B01,60.1,PDU-B01-SP2
2026-06-07 15:10:00,PDU-B01,52.7,PDU-B01-SP5
2026-06-07 15:15:00,PDU-B01,60.5,PDU-B01-SP4
2026-06-07 15:20:00,PDU-B01,58.2,PDU-B01-SP4
2026-06-07 15:25:00,PDU-B01,63.1,PDU-B01-SP4
2026-06-07 15:30:00,PDU-B01,54.2,PDU-B01-SP5
2026-06-07 15:35:00,PDU-B01,69.3,PDU-B01-SP3
2026-06-07 15:40:00,PDU-B01,66.2,PDU-B01-SP5
2026-06-07 15:45:00,PDU-B01,54.0,PDU-B01-SP5
2026-06-07 15:50:00,PDU-B01,57.6,PDU-B01-SP5
2026-06-07 15:55:00,PDU-B01,54.5,PDU-B01-SP1
2026-06-07 16:00:00,PDU-B01,52.4,PDU-B01-SP4
2026-06-07 16:05:00,PDU-B01,54.8,PDU-B01-SP3
2026-06-07 16:10:00,PDU-B01,60.6,PDU-B01-SP4
2026-06-07 16:15:00,PDU-B01,55.7,PDU-B01-SP1
2026-06-07 16:20:00,PDU-B01,60.3,PDU-B01-SP2
2026-06-07 16:25:00,PDU-B01,54.9,PDU-B01-SP5
2026-06-07 16:30:00,PDU-B01,52.7,PDU-B01-SP4
2026-06-07 16:35:00,PDU-B01,51.8,PDU-B01-SP4
2026-06-07 16:40:00,PDU-B01,55.0,PDU-B01-SP5
2026-06-07 16:45:00,PDU-B01,59.2,PDU-B01-SP4
2026-06-07 16:50:00,PDU-B01,51.8,PDU-B01-SP1
2026-06-07 16:55:00,PDU-B01,54.9,PDU-B01-SP1
2026-06-07 17:00:00,PDU-B01,62.8,PDU-B01-SP2
2026-06-07 17:05:00,PDU-B01,58.2,PDU-B01-SP5
2026-06-07 17:10:00,PDU-B01,61.5,PDU-B01-SP2
2026-06-07 17:15:00,PDU-B01,62.7,PDU-B01-SP2
2026-06-07 17:20:00,PDU-B01,59.1,PDU-B01-SP1
2026-06-07 17:25:00,PDU-B01,58.8,PDU-B01-SP1
2026-06-07 17:30:00,PDU-B01,67.7,PDU-B01-SP5
2026-06-07 17:35:00,PDU-B01,51.2,PDU-B01-SP1
2026-06-07 17:40:00,PDU-B01,67.6,PDU-B01-SP3
2026-06-07 17:45:00,PDU-B01,65.0,PDU-B01-SP3
2026-06-07 17:50:00,PDU-B01,50.9,PDU-B01-SP3
2026-06-07 17:55:00,PDU-B01,64.5,PDU-B01-SP3
2026-06-07 18:00:00,PDU-B01,56.6,PDU-B01-SP4
2026-06-07 18:05:00,PDU-B01,56.3,PDU-B01-SP4
2026-06-07 18:10:00,PDU-B01,69.7,PDU-B01-SP1
2026-06-07 18:15:00,PDU-B01,64.0,PDU-B01-SP3
2026-06-07 18:20:00,PDU-B01,62.2,PDU-B01-SP5
2026-06-07 18:25:00,PDU-B01,62.8,PDU-B01-SP1
2026-06-07 18:30:00,PDU-B01,67.2,PDU-B01-SP5
2026-06-07 18:35:00,PDU-B01,52.0,PDU-B01-SP4
2026-06-07 18:40:00,PDU-B01,55.5,PDU-B01-SP1
2026-06-07 18:45:00,PDU-B01,67.1,PDU-B01-SP5
2026-06-07 18:50:00,PDU-B01,53.3,PDU-B01-SP4
2026-06-07 18:55:00,PDU-B01,69.1,PDU-B01-SP5
2026-06-07 19:00:00,PDU-B01,46.8,PDU-B01-SP2
2026-06-07 19:05:00,PDU-B01,47.0,PDU-B01-SP5
2026-06-07 19:10:00,PDU-B01,44.3,PDU-B01-SP5
2026-06-07 19:15:00,PDU-B01,42.4,PDU-B01-SP1
2026-06-07 19:20:00,PDU-B01,43.0,PDU-B01-SP3
2026-06-07 19:25:00,PDU-B01,46.0,PDU-B01-SP1
2026-06-07 19:30:00,PDU-B01,46.6,PDU-B01-SP2
2026-06-07 19:35:00,PDU-B01,40.4,PDU-B01-SP4
2026-06-07 19:40:00,PDU-B01,48.9,PDU-B01-SP4
2026-06-07 19:45:00,PDU-B01,47.0,PDU-B01-SP1
2026-06-07 19:50:00,PDU-B01,38.1,PDU-B01-SP1
2026-06-07 19:55:00,PDU-B01,41.9,PDU-B01-SP5
2026-06-07 20:00:00,PDU-B01,46.7,PDU-B01-SP3
2026-06-07 20:05:00,PDU-B01,43.6,PDU-B01-SP2
2026-06-07 20:10:00,PDU-B01,40.4,PDU-B01-SP3
2026-06-07 20:15:00,PDU-B01,41.3,PDU-B01-SP4
2026-06-07 20:20:00,PDU-B01,37.2,PDU-B01-SP5
2026-06-07 20:25:00,PDU-B01,40.9,PDU-B01-SP5
2026-06-07 20:30:00,PDU-B01,48.7,PDU-B01-SP1
2026-06-07 20:35:00,PDU-B01,41.7,PDU-B01-SP4
2026-06-07 20:40:00,PDU-B01,45.6,PDU-B01-SP5
2026-06-07 20:45:00,PDU-B01,45.5,PDU-B01-SP4
2026-06-07 20:50:00,PDU-B01,40.7,PDU-B01-SP3
2026-06-07 20:55:00,PDU-B01,42.1,PDU-B01-SP3
2026-06-07 21:00:00,PDU-B01,43.9,PDU-B01-SP4
2026-06-07 21:05:00,PDU-B01,46.7,PDU-B01-SP1
2026-06-07 21:10:00,PDU-B01,46.4,PDU-B01-SP3
2026-06-07 21:15:00,PDU-B01,49.3,PDU-B01-SP2
2026-06-07 21:20:00,PDU-B01,48.8,PDU-B01-SP1
2026-06-07 21:25:00,PDU-B01,42.6,PDU-B01-SP3
2026-06-07 21:30:00,PDU-B01,41.5,PDU-B01-SP4
2026-06-07 21:35:00,PDU-B01,49.0,PDU-B01-SP2
2026-06-07 21:40:00,PDU-B01,46.8,PDU-B01-SP3
2026-06-07 21:45:00,PDU-B01,39.2,PDU-B01-SP3
2026-06-07 21:50:00,PDU-B01,45.0,PDU-B01-SP1
2026-06-07 21:55:00,PDU-B01,40.8,PDU-B01-SP4
2026-06-07 22:00:00,PDU-B01,39.5,PDU-B01-SP2
2026-06-07 22:05:00,PDU-B01,39.4,PDU-B01-SP4
2026-06-07 22:10:00,PDU-B01,45.2,PDU-B01-SP4
2026-06-07 22:15:00,PDU-B01,41.0,PDU-B01-SP3
2026-06-07 22:20:00,PDU-B01,45.3,PDU-B01-SP1
2026-06-07 22:25:00,PDU-B01,39.0,PDU-B01-SP1
2026-06-07 22:30:00,PDU-B01,41.7,PDU-B01-SP5
2026-06-07 22:35:00,PDU-B01,47.0,PDU-B01-SP5
2026-06-07 22:40:00,PDU-B01,48.0,PDU-B01-SP1
2026-06-07 22:45:00,PDU-B01,49.3,PDU-B01-SP1
2026-06-07 22:50:00,PDU-B01,40.5,PDU-B01-SP4
2026-06-07 22:55:00,PDU-B01,44.3,PDU-B01-SP5
2026-06-07 23:00:00,PDU-B01,41.9,PDU-B01-SP2
2026-06-07 23:05:00,PDU-B01,46.9,PDU-B01-SP3
2026-06-07 23:10:00,PDU-B01,45.0,PDU-B01-SP1
2026-06-07 23:15:00,PDU-B01,48.3,PDU-B01-SP2
2026-06-07 23:20:00,PDU-B01,49.6,PDU-B01-SP3
2026-06-07 23:25:00,PDU-B01,48.9,PDU-B01-SP4
2026-06-07 23:30:00,PDU-B01,40.8,PDU-B01-SP2
2026-06-07 23:35:00,PDU-B01,39.7,PDU-B01-SP2
2026-06-07 23:40:00,PDU-B01,48.6,PDU-B01-SP3
2026-06-07 23:45:00,PDU-B01,40.9,PDU-B01-SP5
2026-06-07 23:50:00,PDU-B01,48.5,PDU-B01-SP5
2026-06-07 23:55:00,PDU-B01,39.7,PDU-B01-SP2
2026-06-01 00:00:00,PDU-B02,42.1,PDU-B02-SP5
2026-06-01 00:05:00,PDU-B02,39.4,PDU-B02-SP5
2026-06-01 00:10:00,PDU-B02,45.6,PDU-B02-SP3
2026-06-01 00:15:00,PDU-B02,48.1,PDU-B02-SP3
2026-06-01 00:20:00,PDU-B02,40.2,PDU-B02-SP4
2026-06-01 00:25:00,PDU-B02,42.4,PDU-B02-SP3
2026-06-01 00:30:00,PDU-B02,45.5,PDU-B02-SP2
2026-06-01 00:35:00,PDU-B02,50.0,PDU-B02-SP1
2026-06-01 00:40:00,PDU-B02,42.0,PDU-B02-SP2
2026-06-01 00:45:00,PDU-B02,51.2,PDU-B02-SP3
2026-06-01 00:50:00,PDU-B02,47.9,PDU-B02-SP4
2026-06-01 00:55:00,PDU-B02,47.0,PDU-B02-SP1
2026-06-01 01:00:00,PDU-B02,45.6,PDU-B02-SP4
2026-06-01 01:05:00,PDU-B02,46.4,PDU-B02-SP3
2026-06-01 01:10:00,PDU-B02,46.8,PDU-B02-SP2
2026-06-01 01:15:00,PDU-B02,42.5,PDU-B02-SP5
2026-06-01 01:20:00,PDU-B02,45.7,PDU-B02-SP1
2026-06-01 01:25:00,PDU-B02,48.3,PDU-B02-SP1
2026-06-01 01:30:00,PDU-B02,44.4,PDU-B02-SP1
2026-06-01 01:35:00,PDU-B02,45.2,PDU-B02-SP2
2026-06-01 01:40:00,PDU-B02,47.1,PDU-B02-SP2
2026-06-01 01:45:00,PDU-B02,39.8,PDU-B02-SP2
2026-06-01 01:50:00,PDU-B02,42.8,PDU-B02-SP2
2026-06-01 01:55:00,PDU-B02,43.5,PDU-B02-SP3
2026-06-01 02:00:00,PDU-B02,49.8,PDU-B02-SP1
2026-06-01 02:05:00,PDU-B02,41.1,PDU-B02-SP1
2026-06-01 02:10:00,PDU-B02,45.5,PDU-B02-SP4
2026-06-01 02:15:00,PDU-B02,43.9,PDU-B02-SP5
2026-06-01 02:20:00,PDU-B02,50.3,PDU-B02-SP3
2026-06-01 02:25:00,PDU-B02,49.0,PDU-B02-SP3
2026-06-01 02:30:00,PDU-B02,50.9,PDU-B02-SP3
2026-06-01 02:35:00,PDU-B02,40.1,PDU-B02-SP5
2026-06-01 02:40:00,PDU-B02,41.5,PDU-B02-SP3
2026-06-01 02:45:00,PDU-B02,46.5,PDU-B02-SP5
2026-06-01 02:50:00,PDU-B02,42.2,PDU-B02-SP5
2026-06-01 02:55:00,PDU-B02,40.7,PDU-B02-SP3
2026-06-01 03:00:00,PDU-B02,42.0,PDU-B02-SP2
2026-06-01 03:05:00,PDU-B02,46.7,PDU-B02-SP5
2026-06-01 03:10:00,PDU-B02,47.8,PDU-B02-SP4
2026-06-01 03:15:00,PDU-B02,48.1,PDU-B02-SP4
2026-06-01 03:20:00,PDU-B02,50.0,PDU-B02-SP2
2026-06-01 03:25:00,PDU-B02,49.8,PDU-B02-SP5
2026-06-01 03:30:00,PDU-B02,41.6,PDU-B02-SP3
2026-06-01 03:35:00,PDU-B02,45.1,PDU-B02-SP4
2026-06-01 03:40:00,PDU-B02,41.5,PDU-B02-SP2
2026-06-01 03:45:00,PDU-B02,40.7,PDU-B02-SP1
2026-06-01 03:50:00,PDU-B02,50.4,PDU-B02-SP5
2026-06-01 03:55:00,PDU-B02,46.8,PDU-B02-SP3
2026-06-01 04:00:00,PDU-B02,39.5,PDU-B02-SP2
2026-06-01 04:05:00,PDU-B02,48.7,PDU-B02-SP5
2026-06-01 04:10:00,PDU-B02,44.0,PDU-B02-SP2
2026-06-01 04:15:00,PDU-B02,43.7,PDU-B02-SP1
2026-06-01 04:20:00,PDU-B02,50.5,PDU-B02-SP4
2026-06-01 04:25:00,PDU-B02,41.0,PDU-B02-SP2
2026-06-01 04:30:00,PDU-B02,49.6,PDU-B02-SP2
2026-06-01 04:35:00,PDU-B02,44.7,PDU-B02-SP1
2026-06-01 04:40:00,PDU-B02,47.1,PDU-B02-SP2
2026-06-01 04:45:00,PDU-B02,39.3,PDU-B02-SP1
2026-06-01 04:50:00,PDU-B02,38.1,PDU-B02-SP1
2026-06-01 04:55:00,PDU-B02,39.9,PDU-B02-SP4
2026-06-01 05:00:00,PDU-B02,43.6,PDU-B02-SP1
2026-06-01 05:05:00,PDU-B02,49.0,PDU-B02-SP5
2026-06-01 05:10:00,PDU-B02,46.6,PDU-B02-SP4
2026-06-01 05:15:00,PDU-B02,45.4,PDU-B02-SP5
2026-06-01 05:20:00,PDU-B02,39.1,PDU-B02-SP3
2026-06-01 05:25:00,PDU-B02,41.6,PDU-B02-SP1
2026-06-01 05:30:00,PDU-B02,48.0,PDU-B02-SP5
2026-06-01 05:35:00,PDU-B02,41.5,PDU-B02-SP2
2026-06-01 05:40:00,PDU-B02,44.4,PDU-B02-SP5
2026-06-01 05:45:00,PDU-B02,48.5,PDU-B02-SP3
2026-06-01 05:50:00,PDU-B02,44.6,PDU-B02-SP5
2026-06-01 05:55:00,PDU-B02,44.8,PDU-B02-SP3
2026-06-01 06:00:00,PDU-B02,45.4,PDU-B02-SP3
2026-06-01 06:05:00,PDU-B02,49.3,PDU-B02-SP1
2026-06-01 06:10:00,PDU-B02,40.0,PDU-B02-SP1
2026-06-01 06:15:00,PDU-B02,45.0,PDU-B02-SP2
2026-06-01 06:20:00,PDU-B02,40.3,PDU-B02-SP3
2026-06-01 06:25:00,PDU-B02,51.2,PDU-B02-SP5
2026-06-01 06:30:00,PDU-B02,44.5,PDU-B02-SP3
2026-06-01 06:35:00,PDU-B02,40.0,PDU-B02-SP4
2026-06-01 06:40:00,PDU-B02,45.3,PDU-B02-SP4
2026-06-01 06:45:00,PDU-B02,42.0,PDU-B02-SP1
2026-06-01 06:50:00,PDU-B02,48.5,PDU-B02-SP3
2026-06-01 06:55:00,PDU-B02,40.6,PDU-B02-SP1
2026-06-01 07:00:00,PDU-B02,35.8,PDU-B02-SP2
2026-06-01 07:05:00,PDU-B02,36.9,PDU-B02-SP1
2026-06-01 07:10:00,PDU-B02,36.2,PDU-B02-SP5
2026-06-01 07:15:00,PDU-B02,34.3,PDU-B02-SP4
2026-06-01 07:20:00,PDU-B02,35.5,PDU-B02-SP5
2026-06-01 07:25:00,PDU-B02,34.1,PDU-B02-SP5
2026-06-01 07:30:00,PDU-B02,34.9,PDU-B02-SP5
2026-06-01 07:35:00,PDU-B02,35.5,PDU-B02-SP3
2026-06-01 07:40:00,PDU-B02,36.1,PDU-B02-SP2
2026-06-01 07:45:00,PDU-B02,34.7,PDU-B02-SP5
2026-06-01 07:50:00,PDU-B02,33.8,PDU-B02-SP5
2026-06-01 07:55:00,PDU-B02,33.6,PDU-B02-SP5
2026-06-01 08:00:00,PDU-B02,35.9,PDU-B02-SP5
2026-06-01 08:05:00,PDU-B02,35.5,PDU-B02-SP2
2026-06-01 08:10:00,PDU-B02,34.6,PDU-B02-SP4
2026-06-01 08:15:00,PDU-B02,36.1,PDU-B02-SP5
2026-06-01 08:20:00,PDU-B02,33.9,PDU-B02-SP4
2026-06-01 08:25:00,PDU-B02,35.2,PDU-B02-SP5
2026-06-01 08:30:00,PDU-B02,36.6,PDU-B02-SP5
2026-06-01 08:35:00,PDU-B02,33.5,PDU-B02-SP5
2026-06-01 08:40:00,PDU-B02,37.0,PDU-B02-SP4
2026-06-01 08:45:00,PDU-B02,36.1,PDU-B02-SP1
2026-06-01 08:50:00,PDU-B02,34.5,PDU-B02-SP3
2026-06-01 08:55:00,PDU-B02,36.2,PDU-B02-SP4
2026-06-01 09:00:00,PDU-B02,53.4,PDU-B02-SP1
2026-06-01 09:05:00,PDU-B02,63.0,PDU-B02-SP1
2026-06-01 09:10:00,PDU-B02,62.8,PDU-B02-SP1
2026-06-01 09:15:00,PDU-B02,67.4,PDU-B02-SP3
2026-06-01 09:20:00,PDU-B02,60.9,PDU-B02-SP5
2026-06-01 09:25:00,PDU-B02,62.9,PDU-B02-SP2
2026-06-01 09:30:00,PDU-B02,56.8,PDU-B02-SP1
2026-06-01 09:35:00,PDU-B02,59.1,PDU-B02-SP5
2026-06-01 09:40:00,PDU-B02,55.9,PDU-B02-SP1
2026-06-01 09:45:00,PDU-B02,65.1,PDU-B02-SP5
2026-06-01 09:50:00,PDU-B02,58.1,PDU-B02-SP4
2026-06-01 09:55:00,PDU-B02,58.9,PDU-B02-SP1
2026-06-01 10:00:00,PDU-B02,62.0,PDU-B02-SP3
2026-06-01 10:05:00,PDU-B02,56.4,PDU-B02-SP1
2026-06-01 10:10:00,PDU-B02,52.6,PDU-B02-SP5
2026-06-01 10:15:00,PDU-B02,51.3,PDU-B02-SP5
2026-06-01 10:20:00,PDU-B02,56.6,PDU-B02-SP3
2026-06-01 10:25:00,PDU-B02,52.1,PDU-B02-SP4
2026-06-01 10:30:00,PDU-B02,57.0,PDU-B02-SP4
2026-06-01 10:35:00,PDU-B02,51.9,PDU-B02-SP3
2026-06-01 10:40:00,PDU-B02,63.9,PDU-B02-SP2
2026-06-01 10:45:00,PDU-B02,52.3,PDU-B02-SP3
2026-06-01 10:50:00,PDU-B02,58.8,PDU-B02-SP1
2026-06-01 10:55:00,PDU-B02,57.5,PDU-B02-SP2
2026-06-01 11:00:00,PDU-B02,50.4,PDU-B02-SP2
2026-06-01 11:05:00,PDU-B02,66.4,PDU-B02-SP1
2026-06-01 11:10:00,PDU-B02,62.3,PDU-B02-SP1
2026-06-01 11:15:00,PDU-B02,50.9,PDU-B02-SP3
2026-06-01 11:20:00,PDU-B02,60.0,PDU-B02-SP4
2026-06-01 11:25:00,PDU-B02,54.7,PDU-B02-SP3
2026-06-01 11:30:00,PDU-B02,66.8,PDU-B02-SP2
2026-06-01 11:35:00,PDU-B02,61.7,PDU-B02-SP5
2026-06-01 11:40:00,PDU-B02,57.4,PDU-B02-SP3
2026-06-01 11:45:00,PDU-B02,48.5,PDU-B02-SP5
2026-06-01 11:50:00,PDU-B02,64.7,PDU-B02-SP5
2026-06-01 11:55:00,PDU-B02,54.4,PDU-B02-SP4
2026-06-01 12:00:00,PDU-B02,53.4,PDU-B02-SP4
2026-06-01 12:05:00,PDU-B02,53.2,PDU-B02-SP5
2026-06-01 12:10:00,PDU-B02,69.7,PDU-B02-SP3
2026-06-01 12:15:00,PDU-B02,48.4,PDU-B02-SP3
2026-06-01 12:20:00,PDU-B02,69.4,PDU-B02-SP1
2026-06-01 12:25:00,PDU-B02,52.1,PDU-B02-SP1
2026-06-01 12:30:00,PDU-B02,63.6,PDU-B02-SP1
2026-06-01 12:35:00,PDU-B02,70.2,PDU-B02-SP3
2026-06-01 12:40:00,PDU-B02,52.0,PDU-B02-SP1
2026-06-01 12:45:00,PDU-B02,63.8,PDU-B02-SP4
2026-06-01 12:50:00,PDU-B02,51.3,PDU-B02-SP2
2026-06-01 12:55:00,PDU-B02,50.7,PDU-B02-SP4
2026-06-01 13:00:00,PDU-B02,62.6,PDU-B02-SP1
2026-06-01 13:05:00,PDU-B02,68.2,PDU-B02-SP1
2026-06-01 13:10:00,PDU-B02,67.8,PDU-B02-SP3
2026-06-01 13:15:00,PDU-B02,60.5,PDU-B02-SP3
2026-06-01 13:20:00,PDU-B02,55.1,PDU-B02-SP5
2026-06-01 13:25:00,PDU-B02,60.1,PDU-B02-SP5
2026-06-01 13:30:00,PDU-B02,62.9,PDU-B02-SP4
2026-06-01 13:35:00,PDU-B02,57.3,PDU-B02-SP3
2026-06-01 13:40:00,PDU-B02,70.2,PDU-B02-SP4
2026-06-01 13:45:00,PDU-B02,65.1,PDU-B02-SP5
2026-06-01 13:50:00,PDU-B02,65.9,PDU-B02-SP2
2026-06-01 13:55:00,PDU-B02,68.4,PDU-B02-SP3
2026-06-01 14:00:00,PDU-B02,64.5,PDU-B02-SP1
2026-06-01 14:05:00,PDU-B02,50.0,PDU-B02-SP2
2026-06-01 14:10:00,PDU-B02,57.3,PDU-B02-SP5
2026-06-01 14:15:00,PDU-B02,58.8,PDU-B02-SP1
2026-06-01 14:20:00,PDU-B02,58.6,PDU-B02-SP3
2026-06-01 14:25:00,PDU-B02,58.9,PDU-B02-SP2
2026-06-01 14:30:00,PDU-B02,58.4,PDU-B02-SP4
2026-06-01 14:35:00,PDU-B02,60.2,PDU-B02-SP3
2026-06-01 14:40:00,PDU-B02,69.3,PDU-B02-SP4
2026-06-01 14:45:00,PDU-B02,59.3,PDU-B02-SP2
2026-06-01 14:50:00,PDU-B02,71.8,PDU-B02-SP3
2026-06-01 14:55:00,PDU-B02,68.6,PDU-B02-SP5
2026-06-01 15:00:00,PDU-B02,54.8,PDU-B02-SP2
2026-06-01 15:05:00,PDU-B02,59.6,PDU-B02-SP3
2026-06-01 15:10:00,PDU-B02,56.7,PDU-B02-SP1
2026-06-01 15:15:00,PDU-B02,54.8,PDU-B02-SP4
2026-06-01 15:20:00,PDU-B02,69.4,PDU-B02-SP4
2026-06-01 15:25:00,PDU-B02,57.7,PDU-B02-SP3
2026-06-01 15:30:00,PDU-B02,53.4,PDU-B02-SP2
2026-06-01 15:35:00,PDU-B02,52.9,PDU-B02-SP1
2026-06-01 15:40:00,PDU-B02,62.0,PDU-B02-SP3
2026-06-01 15:45:00,PDU-B02,67.3,PDU-B02-SP1
2026-06-01 15:50:00,PDU-B02,60.7,PDU-B02-SP1
2026-06-01 15:55:00,PDU-B02,63.7,PDU-B02-SP2
2026-06-01 16:00:00,PDU-B02,50.3,PDU-B02-SP1
2026-06-01 16:05:00,PDU-B02,59.3,PDU-B02-SP4
2026-06-01 16:10:00,PDU-B02,53.8,PDU-B02-SP1
2026-06-01 16:15:00,PDU-B02,54.1,PDU-B02-SP4
2026-06-01 16:20:00,PDU-B02,61.9,PDU-B02-SP2
2026-06-01 16:25:00,PDU-B02,51.5,PDU-B02-SP5
2026-06-01 16:30:00,PDU-B02,56.4,PDU-B02-SP3
2026-06-01 16:35:00,PDU-B02,62.3,PDU-B02-SP2
2026-06-01 16:40:00,PDU-B02,71.5,PDU-B02-SP2
2026-06-01 16:45:00,PDU-B02,55.2,PDU-B02-SP5
2026-06-01 16:50:00,PDU-B02,59.0,PDU-B02-SP1
2026-06-01 16:55:00,PDU-B02,52.8,PDU-B02-SP1
2026-06-01 17:00:00,PDU-B02,50.0,PDU-B02-SP2
2026-06-01 17:05:00,PDU-B02,69.0,PDU-B02-SP3
2026-06-01 17:10:00,PDU-B02,70.0,PDU-B02-SP5
2026-06-01 17:15:00,PDU-B02,55.7,PDU-B02-SP5
2026-06-01 17:20:00,PDU-B02,56.5,PDU-B02-SP1
2026-06-01 17:25:00,PDU-B02,69.1,PDU-B02-SP4
2026-06-01 17:30:00,PDU-B02,65.5,PDU-B02-SP4
2026-06-01 17:35:00,PDU-B02,60.1,PDU-B02-SP3
2026-06-01 17:40:00,PDU-B02,64.5,PDU-B02-SP3
2026-06-01 17:45:00,PDU-B02,64.5,PDU-B02-SP1
2026-06-01 17:50:00,PDU-B02,52.9,PDU-B02-SP3
2026-06-01 17:55:00,PDU-B02,69.6,PDU-B02-SP3
2026-06-01 18:00:00,PDU-B02,63.5,PDU-B02-SP5
2026-06-01 18:05:00,PDU-B02,51.5,PDU-B02-SP2
2026-06-01 18:10:00,PDU-B02,70.3,PDU-B02-SP4
2026-06-01 18:15:00,PDU-B02,51.4,PDU-B02-SP3
2026-06-01 18:20:00,PDU-B02,51.5,PDU-B02-SP5
2026-06-01 18:25:00,PDU-B02,70.0,PDU-B02-SP3
2026-06-01 18:30:00,PDU-B02,68.1,PDU-B02-SP2
2026-06-01 18:35:00,PDU-B02,68.6,PDU-B02-SP2
2026-06-01 18:40:00,PDU-B02,68.9,PDU-B02-SP3
2026-06-01 18:45:00,PDU-B02,52.4,PDU-B02-SP1
2026-06-01 18:50:00,PDU-B02,50.3,PDU-B02-SP4
2026-06-01 18:55:00,PDU-B02,61.7,PDU-B02-SP1
2026-06-01 19:00:00,PDU-B02,43.1,PDU-B02-SP5
2026-06-01 19:05:00,PDU-B02,39.8,PDU-B02-SP4
2026-06-01 19:10:00,PDU-B02,42.4,PDU-B02-SP2
2026-06-01 19:15:00,PDU-B02,50.0,PDU-B02-SP2
2026-06-01 19:20:00,PDU-B02,48.7,PDU-B02-SP2
2026-06-01 19:25:00,PDU-B02,44.4,PDU-B02-SP5
2026-06-01 19:30:00,PDU-B02,48.6,PDU-B02-SP2
2026-06-01 19:35:00,PDU-B02,38.8,PDU-B02-SP4
2026-06-01 19:40:00,PDU-B02,44.5,PDU-B02-SP2
2026-06-01 19:45:00,PDU-B02,40.7,PDU-B02-SP2
2026-06-01 19:50:00,PDU-B02,47.3,PDU-B02-SP1
2026-06-01 19:55:00,PDU-B02,46.4,PDU-B02-SP3
2026-06-01 20:00:00,PDU-B02,43.4,PDU-B02-SP2
2026-06-01 20:05:00,PDU-B02,42.0,PDU-B02-SP3
2026-06-01 20:10:00,PDU-B02,39.3,PDU-B02-SP2
2026-06-01 20:15:00,PDU-B02,46.6,PDU-B02-SP2
2026-06-01 20:20:00,PDU-B02,40.3,PDU-B02-SP3
2026-06-01 20:25:00,PDU-B02,46.7,PDU-B02-SP1
2026-06-01 20:30:00,PDU-B02,45.9,PDU-B02-SP4
2026-06-01 20:35:00,PDU-B02,46.4,PDU-B02-SP2
2026-06-01 20:40:00,PDU-B02,40.1,PDU-B02-SP5
2026-06-01 20:45:00,PDU-B02,44.8,PDU-B02-SP3
2026-06-01 20:50:00,PDU-B02,40.3,PDU-B02-SP1
2026-06-01 20:55:00,PDU-B02,39.5,PDU-B02-SP2
2026-06-01 21:00:00,PDU-B02,48.2,PDU-B02-SP1
2026-06-01 21:05:00,PDU-B02,42.8,PDU-B02-SP4
2026-06-01 21:10:00,PDU-B02,44.2,PDU-B02-SP5
2026-06-01 21:15:00,PDU-B02,47.0,PDU-B02-SP4
2026-06-01 21:20:00,PDU-B02,42.8,PDU-B02-SP2
2026-06-01 21:25:00,PDU-B02,40.3,PDU-B02-SP5
2026-06-01 21:30:00,PDU-B02,46.7,PDU-B02-SP4
2026-06-01 21:35:00,PDU-B02,41.3,PDU-B02-SP2
2026-06-01 21:40:00,PDU-B02,44.8,PDU-B02-SP2
2026-06-01 21:45:00,PDU-B02,49.3,PDU-B02-SP2
2026-06-01 21:50:00,PDU-B02,43.4,PDU-B02-SP2
2026-06-01 21:55:00,PDU-B02,39.7,PDU-B02-SP4
2026-06-01 22:00:00,PDU-B02,49.6,PDU-B02-SP2
2026-06-01 22:05:00,PDU-B02,38.8,PDU-B02-SP1
2026-06-01 22:10:00,PDU-B02,49.2,PDU-B02-SP2
2026-06-01 22:15:00,PDU-B02,47.1,PDU-B02-SP2
2026-06-01 22:20:00,PDU-B02,41.9,PDU-B02-SP2
2026-06-01 22:25:00,PDU-B02,41.3,PDU-B02-SP2
2026-06-01 22:30:00,PDU-B02,41.4,PDU-B02-SP5
2026-06-01 22:35:00,PDU-B02,47.7,PDU-B02-SP4
2026-06-01 22:40:00,PDU-B02,47.7,PDU-B02-SP5
2026-06-01 22:45:00,PDU-B02,38.5,PDU-B02-SP1
2026-06-01 22:50:00,PDU-B02,43.4,PDU-B02-SP3
2026-06-01 22:55:00,PDU-B02,42.9,PDU-B02-SP5
2026-06-01 23:00:00,PDU-B02,49.0,PDU-B02-SP4
2026-06-01 23:05:00,PDU-B02,46.5,PDU-B02-SP1
2026-06-01 23:10:00,PDU-B02,43.3,PDU-B02-SP1
2026-06-01 23:15:00,PDU-B02,48.3,PDU-B02-SP2
2026-06-01 23:20:00,PDU-B02,45.3,PDU-B02-SP5
2026-06-01 23:25:00,PDU-B02,46.7,PDU-B02-SP4
2026-06-01 23:30:00,PDU-B02,44.3,PDU-B02-SP5
2026-06-01 23:35:00,PDU-B02,43.0,PDU-B02-SP5
2026-06-01 23:40:00,PDU-B02,43.9,PDU-B02-SP3
2026-06-01 23:45:00,PDU-B02,49.2,PDU-B02-SP5
2026-06-01 23:50:00,PDU-B02,41.4,PDU-B02-SP4
2026-06-01 23:55:00,PDU-B02,39.0,PDU-B02-SP5
2026-06-02 00:00:00,PDU-B02,40.5,PDU-B02-SP2
2026-06-02 00:05:00,PDU-B02,47.2,PDU-B02-SP2
2026-06-02 00:10:00,PDU-B02,42.3,PDU-B02-SP1
2026-06-02 00:15:00,PDU-B02,40.9,PDU-B02-SP4
2026-06-02 00:20:00,PDU-B02,50.5,PDU-B02-SP2
2026-06-02 00:25:00,PDU-B02,50.6,PDU-B02-SP1
2026-06-02 00:30:00,PDU-B02,41.6,PDU-B02-SP3
2026-06-02 00:35:00,PDU-B02,46.2,PDU-B02-SP1
2026-06-02 00:40:00,PDU-B02,47.3,PDU-B02-SP1
2026-06-02 00:45:00,PDU-B02,40.9,PDU-B02-SP1
2026-06-02 00:50:00,PDU-B02,42.9,PDU-B02-SP2
2026-06-02 00:55:00,PDU-B02,39.9,PDU-B02-SP4
2026-06-02 01:00:00,PDU-B02,45.9,PDU-B02-SP2
2026-06-02 01:05:00,PDU-B02,45.1,PDU-B02-SP3
2026-06-02 01:10:00,PDU-B02,45.1,PDU-B02-SP2
2026-06-02 01:15:00,PDU-B02,44.2,PDU-B02-SP1
2026-06-02 01:20:00,PDU-B02,43.1,PDU-B02-SP1
2026-06-02 01:25:00,PDU-B02,47.8,PDU-B02-SP3
2026-06-02 01:30:00,PDU-B02,47.2,PDU-B02-SP4
2026-06-02 01:35:00,PDU-B02,43.4,PDU-B02-SP5
2026-06-02 01:40:00,PDU-B02,40.2,PDU-B02-SP2
2026-06-02 01:45:00,PDU-B02,48.2,PDU-B02-SP2
2026-06-02 01:50:00,PDU-B02,48.3,PDU-B02-SP1
2026-06-02 01:55:00,PDU-B02,43.7,PDU-B02-SP5
2026-06-02 02:00:00,PDU-B02,41.2,PDU-B02-SP5
2026-06-02 02:05:00,PDU-B02,47.4,PDU-B02-SP1
2026-06-02 02:10:00,PDU-B02,47.5,PDU-B02-SP2
2026-06-02 02:15:00,PDU-B02,49.2,PDU-B02-SP3
2026-06-02 02:20:00,PDU-B02,39.3,PDU-B02-SP2
2026-06-02 02:25:00,PDU-B02,39.0,PDU-B02-SP2
2026-06-02 02:30:00,PDU-B02,49.0,PDU-B02-SP1
2026-06-02 02:35:00,PDU-B02,44.0,PDU-B02-SP5
2026-06-02 02:40:00,PDU-B02,50.6,PDU-B02-SP4
2026-06-02 02:45:00,PDU-B02,49.9,PDU-B02-SP4
2026-06-02 02:50:00,PDU-B02,51.0,PDU-B02-SP1
2026-06-02 02:55:00,PDU-B02,44.0,PDU-B02-SP2
2026-06-02 03:00:00,PDU-B02,40.0,PDU-B02-SP4
2026-06-02 03:05:00,PDU-B02,41.2,PDU-B02-SP5
2026-06-02 03:10:00,PDU-B02,43.2,PDU-B02-SP3
2026-06-02 03:15:00,PDU-B02,40.5,PDU-B02-SP4
2026-06-02 03:20:00,PDU-B02,42.1,PDU-B02-SP3
2026-06-02 03:25:00,PDU-B02,44.4,PDU-B02-SP2
2026-06-02 03:30:00,PDU-B02,44.6,PDU-B02-SP3
2026-06-02 03:35:00,PDU-B02,45.6,PDU-B02-SP4
2026-06-02 03:40:00,PDU-B02,42.5,PDU-B02-SP4
2026-06-02 03:45:00,PDU-B02,42.0,PDU-B02-SP1
2026-06-02 03:50:00,PDU-B02,41.8,PDU-B02-SP3
2026-06-02 03:55:00,PDU-B02,41.0,PDU-B02-SP2
2026-06-02 04:00:00,PDU-B02,50.1,PDU-B02-SP5
2026-06-02 04:05:00,PDU-B02,45.7,PDU-B02-SP2
2026-06-02 04:10:00,PDU-B02,40.2,PDU-B02-SP5
2026-06-02 04:15:00,PDU-B02,47.8,PDU-B02-SP5
2026-06-02 04:20:00,PDU-B02,48.9,PDU-B02-SP5
2026-06-02 04:25:00,PDU-B02,49.9,PDU-B02-SP5
2026-06-02 04:30:00,PDU-B02,47.8,PDU-B02-SP2
2026-06-02 04:35:00,PDU-B02,48.6,PDU-B02-SP1
2026-06-02 04:40:00,PDU-B02,46.5,PDU-B02-SP4
2026-06-02 04:45:00,PDU-B02,40.7,PDU-B02-SP3
2026-06-02 04:50:00,PDU-B02,49.4,PDU-B02-SP3
2026-06-02 04:55:00,PDU-B02,51.3,PDU-B02-SP2
2026-06-02 05:00:00,PDU-B02,49.4,PDU-B02-SP3
2026-06-02 05:05:00,PDU-B02,43.7,PDU-B02-SP3
2026-06-02 05:10:00,PDU-B02,51.2,PDU-B02-SP1
2026-06-02 05:15:00,PDU-B02,46.9,PDU-B02-SP1
2026-06-02 05:20:00,PDU-B02,46.2,PDU-B02-SP5
2026-06-02 05:25:00,PDU-B02,42.6,PDU-B02-SP3
2026-06-02 05:30:00,PDU-B02,42.9,PDU-B02-SP4
2026-06-02 05:35:00,PDU-B02,49.3,PDU-B02-SP3
2026-06-02 05:40:00,PDU-B02,45.7,PDU-B02-SP4
2026-06-02 05:45:00,PDU-B02,47.0,PDU-B02-SP3
2026-06-02 05:50:00,PDU-B02,48.7,PDU-B02-SP3
2026-06-02 05:55:00,PDU-B02,48.9,PDU-B02-SP2
2026-06-02 06:00:00,PDU-B02,44.1,PDU-B02-SP3
2026-06-02 06:05:00,PDU-B02,45.0,PDU-B02-SP5
2026-06-02 06:10:00,PDU-B02,47.1,PDU-B02-SP1
2026-06-02 06:15:00,PDU-B02,45.4,PDU-B02-SP2
2026-06-02 06:20:00,PDU-B02,39.2,PDU-B02-SP3
2026-06-02 06:25:00,PDU-B02,40.0,PDU-B02-SP1
2026-06-02 06:30:00,PDU-B02,47.0,PDU-B02-SP5
2026-06-02 06:35:00,PDU-B02,48.3,PDU-B02-SP1
2026-06-02 06:40:00,PDU-B02,46.7,PDU-B02-SP4
2026-06-02 06:45:00,PDU-B02,44.8,PDU-B02-SP3
2026-06-02 06:50:00,PDU-B02,44.9,PDU-B02-SP4
2026-06-02 06:55:00,PDU-B02,42.4,PDU-B02-SP2
2026-06-02 07:00:00,PDU-B02,33.1,PDU-B02-SP3
2026-06-02 07:05:00,PDU-B02,33.5,PDU-B02-SP3
2026-06-02 07:10:00,PDU-B02,36.1,PDU-B02-SP5
2026-06-02 07:15:00,PDU-B02,36.9,PDU-B02-SP3
2026-06-02 07:20:00,PDU-B02,33.7,PDU-B02-SP1
2026-06-02 07:25:00,PDU-B02,36.7,PDU-B02-SP3
2026-06-02 07:30:00,PDU-B02,33.2,PDU-B02-SP3
2026-06-02 07:35:00,PDU-B02,35.6,PDU-B02-SP5
2026-06-02 07:40:00,PDU-B02,33.8,PDU-B02-SP2
2026-06-02 07:45:00,PDU-B02,36.8,PDU-B02-SP1
2026-06-02 07:50:00,PDU-B02,34.2,PDU-B02-SP3
2026-06-02 07:55:00,PDU-B02,36.5,PDU-B02-SP2
2026-06-02 08:00:00,PDU-B02,35.9,PDU-B02-SP1
2026-06-02 08:05:00,PDU-B02,34.8,PDU-B02-SP4
2026-06-02 08:10:00,PDU-B02,33.9,PDU-B02-SP4
2026-06-02 08:15:00,PDU-B02,33.9,PDU-B02-SP1
2026-06-02 08:20:00,PDU-B02,33.1,PDU-B02-SP1
2026-06-02 08:25:00,PDU-B02,35.0,PDU-B02-SP5
2026-06-02 08:30:00,PDU-B02,36.3,PDU-B02-SP2
2026-06-02 08:35:00,PDU-B02,33.6,PDU-B02-SP1
2026-06-02 08:40:00,PDU-B02,33.3,PDU-B02-SP5
2026-06-02 08:45:00,PDU-B02,34.8,PDU-B02-SP5
2026-06-02 08:50:00,PDU-B02,34.1,PDU-B02-SP2
2026-06-02 08:55:00,PDU-B02,33.8,PDU-B02-SP3
2026-06-02 09:00:00,PDU-B02,63.5,PDU-B02-SP5
2026-06-02 09:05:00,PDU-B02,65.0,PDU-B02-SP4
2026-06-02 09:10:00,PDU-B02,51.0,PDU-B02-SP2
2026-06-02 09:15:00,PDU-B02,69.1,PDU-B02-SP1
2026-06-02 09:20:00,PDU-B02,63.5,PDU-B02-SP3
2026-06-02 09:25:00,PDU-B02,68.8,PDU-B02-SP2
2026-06-02 09:30:00,PDU-B02,67.9,PDU-B02-SP2
2026-06-02 09:35:00,PDU-B02,61.1,PDU-B02-SP3
2026-06-02 09:40:00,PDU-B02,56.9,PDU-B02-SP1
2026-06-02 09:45:00,PDU-B02,53.9,PDU-B02-SP1
2026-06-02 09:50:00,PDU-B02,69.0,PDU-B02-SP3
2026-06-02 09:55:00,PDU-B02,67.6,PDU-B02-SP5
2026-06-02 10:00:00,PDU-B02,53.0,PDU-B02-SP3
2026-06-02 10:05:00,PDU-B02,56.6,PDU-B02-SP1
2026-06-02 10:10:00,PDU-B02,52.4,PDU-B02-SP4
2026-06-02 10:15:00,PDU-B02,65.8,PDU-B02-SP2
2026-06-02 10:20:00,PDU-B02,50.1,PDU-B02-SP4
2026-06-02 10:25:00,PDU-B02,65.0,PDU-B02-SP1
2026-06-02 10:30:00,PDU-B02,58.9,PDU-B02-SP2
2026-06-02 10:35:00,PDU-B02,70.1,PDU-B02-SP1
2026-06-02 10:40:00,PDU-B02,64.3,PDU-B02-SP4
2026-06-02 10:45:00,PDU-B02,61.1,PDU-B02-SP1
2026-06-02 10:50:00,PDU-B02,58.5,PDU-B02-SP1
2026-06-02 10:55:00,PDU-B02,52.8,PDU-B02-SP5
2026-06-02 11:00:00,PDU-B02,57.8,PDU-B02-SP5
2026-06-02 11:05:00,PDU-B02,64.2,PDU-B02-SP1
2026-06-02 11:10:00,PDU-B02,60.8,PDU-B02-SP4
2026-06-02 11:15:00,PDU-B02,65.1,PDU-B02-SP3
2026-06-02 11:20:00,PDU-B02,68.7,PDU-B02-SP2
2026-06-02 11:25:00,PDU-B02,66.8,PDU-B02-SP2
2026-06-02 11:30:00,PDU-B02,63.9,PDU-B02-SP4
2026-06-02 11:35:00,PDU-B02,55.0,PDU-B02-SP5
2026-06-02 11:40:00,PDU-B02,60.8,PDU-B02-SP3
2026-06-02 11:45:00,PDU-B02,57.2,PDU-B02-SP2
2026-06-02 11:50:00,PDU-B02,64.5,PDU-B02-SP2
2026-06-02 11:55:00,PDU-B02,56.8,PDU-B02-SP3
2026-06-02 12:00:00,PDU-B02,69.3,PDU-B02-SP1
2026-06-02 12:05:00,PDU-B02,68.4,PDU-B02-SP4
2026-06-02 12:10:00,PDU-B02,49.7,PDU-B02-SP5
2026-06-02 12:15:00,PDU-B02,61.8,PDU-B02-SP5
2026-06-02 12:20:00,PDU-B02,67.5,PDU-B02-SP2
2026-06-02 12:25:00,PDU-B02,56.0,PDU-B02-SP4
2026-06-02 12:30:00,PDU-B02,52.1,PDU-B02-SP3
2026-06-02 12:35:00,PDU-B02,64.7,PDU-B02-SP5
2026-06-02 12:40:00,PDU-B02,56.3,PDU-B02-SP5
2026-06-02 12:45:00,PDU-B02,61.4,PDU-B02-SP1
2026-06-02 12:50:00,PDU-B02,69.2,PDU-B02-SP4
2026-06-02 12:55:00,PDU-B02,69.5,PDU-B02-SP5
2026-06-02 13:00:00,PDU-B02,68.3,PDU-B02-SP4
2026-06-02 13:05:00,PDU-B02,53.8,PDU-B02-SP3
2026-06-02 13:10:00,PDU-B02,51.5,PDU-B02-SP2
2026-06-02 13:15:00,PDU-B02,71.6,PDU-B02-SP2
2026-06-02 13:20:00,PDU-B02,70.7,PDU-B02-SP5
2026-06-02 13:25:00,PDU-B02,48.8,PDU-B02-SP5
2026-06-02 13:30:00,PDU-B02,57.8,PDU-B02-SP3
2026-06-02 13:35:00,PDU-B02,61.9,PDU-B02-SP5
2026-06-02 13:40:00,PDU-B02,54.3,PDU-B02-SP2
2026-06-02 13:45:00,PDU-B02,55.4,PDU-B02-SP4
2026-06-02 13:50:00,PDU-B02,49.9,PDU-B02-SP5
2026-06-02 13:55:00,PDU-B02,69.2,PDU-B02-SP3
2026-06-02 14:00:00,PDU-B02,64.7,PDU-B02-SP2
2026-06-02 14:05:00,PDU-B02,67.2,PDU-B02-SP4
2026-06-02 14:10:00,PDU-B02,66.3,PDU-B02-SP1
2026-06-02 14:15:00,PDU-B02,59.7,PDU-B02-SP4
2026-06-02 14:20:00,PDU-B02,56.8,PDU-B02-SP1
2026-06-02 14:25:00,PDU-B02,59.0,PDU-B02-SP5
2026-06-02 14:30:00,PDU-B02,70.1,PDU-B02-SP5
2026-06-02 14:35:00,PDU-B02,54.5,PDU-B02-SP1
2026-06-02 14:40:00,PDU-B02,53.9,PDU-B02-SP4
2026-06-02 14:45:00,PDU-B02,63.3,PDU-B02-SP3
2026-06-02 14:50:00,PDU-B02,62.2,PDU-B02-SP4
2026-06-02 14:55:00,PDU-B02,62.7,PDU-B02-SP3
2026-06-02 15:00:00,PDU-B02,65.8,PDU-B02-SP1
2026-06-02 15:05:00,PDU-B02,56.2,PDU-B02-SP1
2026-06-02 15:10:00,PDU-B02,67.7,PDU-B02-SP1
2026-06-02 15:15:00,PDU-B02,57.1,PDU-B02-SP3
2026-06-02 15:20:00,PDU-B02,51.7,PDU-B02-SP3
2026-06-02 15:25:00,PDU-B02,55.7,PDU-B02-SP5
2026-06-02 15:30:00,PDU-B02,67.0,PDU-B02-SP4
2026-06-02 15:35:00,PDU-B02,60.7,PDU-B02-SP3
2026-06-02 15:40:00,PDU-B02,59.0,PDU-B02-SP2
2026-06-02 15:45:00,PDU-B02,52.4,PDU-B02-SP2
2026-06-02 15:50:00,PDU-B02,49.0,PDU-B02-SP2
2026-06-02 15:55:00,PDU-B02,61.6,PDU-B02-SP4
2026-06-02 16:00:00,PDU-B02,52.8,PDU-B02-SP1
2026-06-02 16:05:00,PDU-B02,51.3,PDU-B02-SP2
2026-06-02 16:10:00,PDU-B02,62.4,PDU-B02-SP4
2026-06-02 16:15:00,PDU-B02,68.6,PDU-B02-SP4
2026-06-02 16:20:00,PDU-B02,61.2,PDU-B02-SP4
2026-06-02 16:25:00,PDU-B02,52.5,PDU-B02-SP4
2026-06-02 16:30:00,PDU-B02,53.0,PDU-B02-SP4
2026-06-02 16:35:00,PDU-B02,66.8,PDU-B02-SP5
2026-06-02 16:40:00,PDU-B02,68.4,PDU-B02-SP4
2026-06-02 16:45:00,PDU-B02,63.7,PDU-B02-SP1
2026-06-02 16:50:00,PDU-B02,58.6,PDU-B02-SP5
2026-06-02 16:55:00,PDU-B02,69.4,PDU-B02-SP4
2026-06-02 17:00:00,PDU-B02,62.7,PDU-B02-SP2
2026-06-02 17:05:00,PDU-B02,68.6,PDU-B02-SP5
2026-06-02 17:10:00,PDU-B02,68.8,PDU-B02-SP3
2026-06-02 17:15:00,PDU-B02,54.5,PDU-B02-SP4
2026-06-02 17:20:00,PDU-B02,55.3,PDU-B02-SP5
2026-06-02 17:25:00,PDU-B02,64.6,PDU-B02-SP3
2026-06-02 17:30:00,PDU-B02,52.1,PDU-B02-SP1
2026-06-02 17:35:00,PDU-B02,53.5,PDU-B02-SP3
2026-06-02 17:40:00,PDU-B02,67.9,PDU-B02-SP4
2026-06-02 17:45:00,PDU-B02,65.2,PDU-B02-SP3
2026-06-02 17:50:00,PDU-B02,61.1,PDU-B02-SP3
2026-06-02 17:55:00,PDU-B02,60.4,PDU-B02-SP1
2026-06-02 18:00:00,PDU-B02,54.7,PDU-B02-SP4
2026-06-02 18:05:00,PDU-B02,57.1,PDU-B02-SP4
2026-06-02 18:10:00,PDU-B02,59.1,PDU-B02-SP4
2026-06-02 18:15:00,PDU-B02,63.6,PDU-B02-SP1
2026-06-02 18:20:00,PDU-B02,57.2,PDU-B02-SP3
2026-06-02 18:25:00,PDU-B02,60.5,PDU-B02-SP3
2026-06-02 18:30:00,PDU-B02,65.3,PDU-B02-SP4
2026-06-02 18:35:00,PDU-B02,54.1,PDU-B02-SP2
2026-06-02 18:40:00,PDU-B02,57.6,PDU-B02-SP4
2026-06-02 18:45:00,PDU-B02,69.8,PDU-B02-SP5
2026-06-02 18:50:00,PDU-B02,53.6,PDU-B02-SP1
2026-06-02 18:55:00,PDU-B02,52.7,PDU-B02-SP3
2026-06-02 19:00:00,PDU-B02,41.3,PDU-B02-SP2
2026-06-02 19:05:00,PDU-B02,40.7,PDU-B02-SP3
2026-06-02 19:10:00,PDU-B02,46.4,PDU-B02-SP2
2026-06-02 19:15:00,PDU-B02,41.5,PDU-B02-SP5
2026-06-02 19:20:00,PDU-B02,40.4,PDU-B02-SP2
2026-06-02 19:25:00,PDU-B02,42.6,PDU-B02-SP1
2026-06-02 19:30:00,PDU-B02,48.8,PDU-B02-SP5
2026-06-02 19:35:00,PDU-B02,46.1,PDU-B02-SP5
2026-06-02 19:40:00,PDU-B02,47.8,PDU-B02-SP3
2026-06-02 19:45:00,PDU-B02,48.8,PDU-B02-SP4
2026-06-02 19:50:00,PDU-B02,43.6,PDU-B02-SP3
2026-06-02 19:55:00,PDU-B02,50.4,PDU-B02-SP3
2026-06-02 20:00:00,PDU-B02,46.4,PDU-B02-SP3
2026-06-02 20:05:00,PDU-B02,48.8,PDU-B02-SP3
2026-06-02 20:10:00,PDU-B02,45.3,PDU-B02-SP5
2026-06-02 20:15:00,PDU-B02,46.5,PDU-B02-SP2
2026-06-02 20:20:00,PDU-B02,50.0,PDU-B02-SP3
2026-06-02 20:25:00,PDU-B02,41.8,PDU-B02-SP2
2026-06-02 20:30:00,PDU-B02,44.4,PDU-B02-SP4
2026-06-02 20:35:00,PDU-B02,42.0,PDU-B02-SP5
2026-06-02 20:40:00,PDU-B02,39.8,PDU-B02-SP5
2026-06-02 20:45:00,PDU-B02,42.3,PDU-B02-SP5
2026-06-02 20:50:00,PDU-B02,47.8,PDU-B02-SP2
2026-06-02 20:55:00,PDU-B02,50.5,PDU-B02-SP5
2026-06-02 21:00:00,PDU-B02,47.6,PDU-B02-SP5
2026-06-02 21:05:00,PDU-B02,47.5,PDU-B02-SP2
2026-06-02 21:10:00,PDU-B02,42.6,PDU-B02-SP5
2026-06-02 21:15:00,PDU-B02,42.1,PDU-B02-SP2
2026-06-02 21:20:00,PDU-B02,40.2,PDU-B02-SP1
2026-06-02 21:25:00,PDU-B02,43.5,PDU-B02-SP5
2026-06-02 21:30:00,PDU-B02,42.0,PDU-B02-SP4
2026-06-02 21:35:00,PDU-B02,43.0,PDU-B02-SP5
2026-06-02 21:40:00,PDU-B02,41.6,PDU-B02-SP1
2026-06-02 21:45:00,PDU-B02,39.9,PDU-B02-SP3
2026-06-02 21:50:00,PDU-B02,46.6,PDU-B02-SP4
2026-06-02 21:55:00,PDU-B02,47.8,PDU-B02-SP5
2026-06-02 22:00:00,PDU-B02,39.7,PDU-B02-SP1
2026-06-02 22:05:00,PDU-B02,41.5,PDU-B02-SP3
2026-06-02 22:10:00,PDU-B02,41.3,PDU-B02-SP2
2026-06-02 22:15:00,PDU-B02,46.9,PDU-B02-SP4
2026-06-02 22:20:00,PDU-B02,48.6,PDU-B02-SP5
2026-06-02 22:25:00,PDU-B02,42.6,PDU-B02-SP3
2026-06-02 22:30:00,PDU-B02,47.3,PDU-B02-SP1
2026-06-02 22:35:00,PDU-B02,44.8,PDU-B02-SP1
2026-06-02 22:40:00,PDU-B02,49.6,PDU-B02-SP1
2026-06-02 22:45:00,PDU-B02,41.3,PDU-B02-SP3
2026-06-02 22:50:00,PDU-B02,41.9,PDU-B02-SP4
2026-06-02 22:55:00,PDU-B02,41.6,PDU-B02-SP2
2026-06-02 23:00:00,PDU-B02,49.5,PDU-B02-SP1
2026-06-02 23:05:00,PDU-B02,47.9,PDU-B02-SP2
2026-06-02 23:10:00,PDU-B02,40.7,PDU-B02-SP2
2026-06-02 23:15:00,PDU-B02,38.4,PDU-B02-SP3
2026-06-02 23:20:00,PDU-B02,42.8,PDU-B02-SP4
2026-06-02 23:25:00,PDU-B02,39.7,PDU-B02-SP3
2026-06-02 23:30:00,PDU-B02,41.4,PDU-B02-SP5
2026-06-02 23:35:00,PDU-B02,44.5,PDU-B02-SP4
2026-06-02 23:40:00,PDU-B02,47.8,PDU-B02-SP1
2026-06-02 23:45:00,PDU-B02,40.5,PDU-B02-SP3
2026-06-02 23:50:00,PDU-B02,48.4,PDU-B02-SP5
2026-06-02 23:55:00,PDU-B02,48.0,PDU-B02-SP5
2026-06-03 00:00:00,PDU-B02,48.2,PDU-B02-SP1
2026-06-03 00:05:00,PDU-B02,48.0,PDU-B02-SP4
2026-06-03 00:10:00,PDU-B02,47.0,PDU-B02-SP3
2026-06-03 00:15:00,PDU-B02,39.2,PDU-B02-SP2
2026-06-03 00:20:00,PDU-B02,46.5,PDU-B02-SP2
2026-06-03 00:25:00,PDU-B02,46.1,PDU-B02-SP3
2026-06-03 00:30:00,PDU-B02,48.1,PDU-B02-SP5
2026-06-03 00:35:00,PDU-B02,44.8,PDU-B02-SP4
2026-06-03 00:40:00,PDU-B02,42.5,PDU-B02-SP3
2026-06-03 00:45:00,PDU-B02,48.0,PDU-B02-SP2
2026-06-03 00:50:00,PDU-B02,39.7,PDU-B02-SP2
2026-06-03 00:55:00,PDU-B02,44.8,PDU-B02-SP2
2026-06-03 01:00:00,PDU-B02,38.5,PDU-B02-SP5
2026-06-03 01:05:00,PDU-B02,48.8,PDU-B02-SP1
2026-06-03 01:10:00,PDU-B02,40.4,PDU-B02-SP3
2026-06-03 01:15:00,PDU-B02,43.3,PDU-B02-SP1
2026-06-03 01:20:00,PDU-B02,46.1,PDU-B02-SP4
2026-06-03 01:25:00,PDU-B02,44.3,PDU-B02-SP4
2026-06-03 01:30:00,PDU-B02,47.0,PDU-B02-SP4
2026-06-03 01:35:00,PDU-B02,45.1,PDU-B02-SP3
2026-06-03 01:40:00,PDU-B02,42.7,PDU-B02-SP2
2026-06-03 01:45:00,PDU-B02,41.5,PDU-B02-SP1
2026-06-03 01:50:00,PDU-B02,41.5,PDU-B02-SP2
2026-06-03 01:55:00,PDU-B02,47.3,PDU-B02-SP3
2026-06-03 02:00:00,PDU-B02,46.7,PDU-B02-SP1
2026-06-03 02:05:00,PDU-B02,42.3,PDU-B02-SP2
2026-06-03 02:10:00,PDU-B02,39.7,PDU-B02-SP4
2026-06-03 02:15:00,PDU-B02,41.6,PDU-B02-SP5
2026-06-03 02:20:00,PDU-B02,49.1,PDU-B02-SP1
2026-06-03 02:25:00,PDU-B02,40.9,PDU-B02-SP2
2026-06-03 02:30:00,PDU-B02,44.8,PDU-B02-SP1
2026-06-03 02:35:00,PDU-B02,46.9,PDU-B02-SP4
2026-06-03 02:40:00,PDU-B02,48.1,PDU-B02-SP5
2026-06-03 02:45:00,PDU-B02,45.2,PDU-B02-SP1
2026-06-03 02:50:00,PDU-B02,48.1,PDU-B02-SP4
2026-06-03 02:55:00,PDU-B02,41.6,PDU-B02-SP1
2026-06-03 03:00:00,PDU-B02,47.2,PDU-B02-SP2
2026-06-03 03:05:00,PDU-B02,47.4,PDU-B02-SP3
2026-06-03 03:10:00,PDU-B02,44.9,PDU-B02-SP4
2026-06-03 03:15:00,PDU-B02,41.4,PDU-B02-SP2
2026-06-03 03:20:00,PDU-B02,44.2,PDU-B02-SP1
2026-06-03 03:25:00,PDU-B02,40.2,PDU-B02-SP1
2026-06-03 03:30:00,PDU-B02,48.2,PDU-B02-SP3
2026-06-03 03:35:00,PDU-B02,44.3,PDU-B02-SP3
2026-06-03 03:40:00,PDU-B02,48.5,PDU-B02-SP2
2026-06-03 03:45:00,PDU-B02,49.4,PDU-B02-SP2
2026-06-03 03:50:00,PDU-B02,45.0,PDU-B02-SP1
2026-06-03 03:55:00,PDU-B02,46.1,PDU-B02-SP1
2026-06-03 04:00:00,PDU-B02,38.1,PDU-B02-SP5
2026-06-03 04:05:00,PDU-B02,44.1,PDU-B02-SP2
2026-06-03 04:10:00,PDU-B02,48.6,PDU-B02-SP5
2026-06-03 04:15:00,PDU-B02,45.2,PDU-B02-SP5
2026-06-03 04:20:00,PDU-B02,41.2,PDU-B02-SP1
2026-06-03 04:25:00,PDU-B02,42.2,PDU-B02-SP4
2026-06-03 04:30:00,PDU-B02,40.3,PDU-B02-SP2
2026-06-03 04:35:00,PDU-B02,45.0,PDU-B02-SP5
2026-06-03 04:40:00,PDU-B02,50.2,PDU-B02-SP3
2026-06-03 04:45:00,PDU-B02,40.2,PDU-B02-SP1
2026-06-03 04:50:00,PDU-B02,43.1,PDU-B02-SP2
2026-06-03 04:55:00,PDU-B02,50.7,PDU-B02-SP3
2026-06-03 05:00:00,PDU-B02,42.0,PDU-B02-SP2
2026-06-03 05:05:00,PDU-B02,40.2,PDU-B02-SP3
2026-06-03 05:10:00,PDU-B02,39.1,PDU-B02-SP2
2026-06-03 05:15:00,PDU-B02,42.4,PDU-B02-SP3
2026-06-03 05:20:00,PDU-B02,46.1,PDU-B02-SP2
2026-06-03 05:25:00,PDU-B02,50.0,PDU-B02-SP1
2026-06-03 05:30:00,PDU-B02,47.9,PDU-B02-SP2
2026-06-03 05:35:00,PDU-B02,48.9,PDU-B02-SP4
2026-06-03 05:40:00,PDU-B02,50.0,PDU-B02-SP3
2026-06-03 05:45:00,PDU-B02,44.6,PDU-B02-SP5
2026-06-03 05:50:00,PDU-B02,47.3,PDU-B02-SP1
2026-06-03 05:55:00,PDU-B02,40.1,PDU-B02-SP2
2026-06-03 06:00:00,PDU-B02,38.6,PDU-B02-SP4
2026-06-03 06:05:00,PDU-B02,48.2,PDU-B02-SP1
2026-06-03 06:10:00,PDU-B02,47.2,PDU-B02-SP2
2026-06-03 06:15:00,PDU-B02,47.5,PDU-B02-SP3
2026-06-03 06:20:00,PDU-B02,47.5,PDU-B02-SP4
2026-06-03 06:25:00,PDU-B02,44.3,PDU-B02-SP2
2026-06-03 06:30:00,PDU-B02,49.8,PDU-B02-SP3
2026-06-03 06:35:00,PDU-B02,42.6,PDU-B02-SP4
2026-06-03 06:40:00,PDU-B02,49.0,PDU-B02-SP2
2026-06-03 06:45:00,PDU-B02,40.2,PDU-B02-SP2
2026-06-03 06:50:00,PDU-B02,37.5,PDU-B02-SP4
2026-06-03 06:55:00,PDU-B02,41.2,PDU-B02-SP5
2026-06-03 07:00:00,PDU-B02,33.5,PDU-B02-SP3
2026-06-03 07:05:00,PDU-B02,35.3,PDU-B02-SP2
2026-06-03 07:10:00,PDU-B02,33.6,PDU-B02-SP3
2026-06-03 07:15:00,PDU-B02,33.5,PDU-B02-SP3
2026-06-03 07:20:00,PDU-B02,36.7,PDU-B02-SP4
2026-06-03 07:25:00,PDU-B02,33.9,PDU-B02-SP2
2026-06-03 07:30:00,PDU-B02,35.4,PDU-B02-SP3
2026-06-03 07:35:00,PDU-B02,36.0,PDU-B02-SP5
2026-06-03 07:40:00,PDU-B02,34.6,PDU-B02-SP4
2026-06-03 07:45:00,PDU-B02,34.0,PDU-B02-SP2
2026-06-03 07:50:00,PDU-B02,35.6,PDU-B02-SP2
2026-06-03 07:55:00,PDU-B02,36.3,PDU-B02-SP3
2026-06-03 08:00:00,PDU-B02,35.7,PDU-B02-SP2
2026-06-03 08:05:00,PDU-B02,33.2,PDU-B02-SP4
2026-06-03 08:10:00,PDU-B02,33.3,PDU-B02-SP3
2026-06-03 08:15:00,PDU-B02,35.5,PDU-B02-SP1
2026-06-03 08:20:00,PDU-B02,35.6,PDU-B02-SP5
2026-06-03 08:25:00,PDU-B02,34.4,PDU-B02-SP2
2026-06-03 08:30:00,PDU-B02,33.8,PDU-B02-SP1
2026-06-03 08:35:00,PDU-B02,33.9,PDU-B02-SP5
2026-06-03 08:40:00,PDU-B02,36.0,PDU-B02-SP1
2026-06-03 08:45:00,PDU-B02,33.2,PDU-B02-SP5
2026-06-03 08:50:00,PDU-B02,35.1,PDU-B02-SP2
2026-06-03 08:55:00,PDU-B02,35.8,PDU-B02-SP2
2026-06-03 09:00:00,PDU-B02,51.9,PDU-B02-SP2
2026-06-03 09:05:00,PDU-B02,65.4,PDU-B02-SP2
2026-06-03 09:10:00,PDU-B02,65.1,PDU-B02-SP3
2026-06-03 09:15:00,PDU-B02,61.9,PDU-B02-SP1
2026-06-03 09:20:00,PDU-B02,64.4,PDU-B02-SP4
2026-06-03 09:25:00,PDU-B02,61.0,PDU-B02-SP4
2026-06-03 09:30:00,PDU-B02,54.0,PDU-B02-SP5
2026-06-03 09:35:00,PDU-B02,51.5,PDU-B02-SP5
2026-06-03 09:40:00,PDU-B02,60.3,PDU-B02-SP3
2026-06-03 09:45:00,PDU-B02,66.4,PDU-B02-SP1
2026-06-03 09:50:00,PDU-B02,50.4,PDU-B02-SP5
2026-06-03 09:55:00,PDU-B02,70.2,PDU-B02-SP4
2026-06-03 10:00:00,PDU-B02,58.9,PDU-B02-SP2
2026-06-03 10:05:00,PDU-B02,66.7,PDU-B02-SP4
2026-06-03 10:10:00,PDU-B02,61.9,PDU-B02-SP4
2026-06-03 10:15:00,PDU-B02,66.1,PDU-B02-SP1
2026-06-03 10:20:00,PDU-B02,62.8,PDU-B02-SP2
2026-06-03 10:25:00,PDU-B02,54.6,PDU-B02-SP5
2026-06-03 10:30:00,PDU-B02,54.5,PDU-B02-SP2
2026-06-03 10:35:00,PDU-B02,52.4,PDU-B02-SP1
2026-06-03 10:40:00,PDU-B02,54.4,PDU-B02-SP3
2026-06-03 10:45:00,PDU-B02,52.3,PDU-B02-SP2
2026-06-03 10:50:00,PDU-B02,64.4,PDU-B02-SP4
2026-06-03 10:55:00,PDU-B02,70.4,PDU-B02-SP5
2026-06-03 11:00:00,PDU-B02,66.2,PDU-B02-SP1
2026-06-03 11:05:00,PDU-B02,53.3,PDU-B02-SP4
2026-06-03 11:10:00,PDU-B02,54.1,PDU-B02-SP5
2026-06-03 11:15:00,PDU-B02,64.1,PDU-B02-SP3
2026-06-03 11:20:00,PDU-B02,61.6,PDU-B02-SP2
2026-06-03 11:25:00,PDU-B02,59.1,PDU-B02-SP5
2026-06-03 11:30:00,PDU-B02,49.3,PDU-B02-SP4
2026-06-03 11:35:00,PDU-B02,56.5,PDU-B02-SP2
2026-06-03 11:40:00,PDU-B02,62.4,PDU-B02-SP3
2026-06-03 11:45:00,PDU-B02,69.7,PDU-B02-SP5
2026-06-03 11:50:00,PDU-B02,56.9,PDU-B02-SP2
2026-06-03 11:55:00,PDU-B02,65.5,PDU-B02-SP1
2026-06-03 12:00:00,PDU-B02,55.3,PDU-B02-SP2
2026-06-03 12:05:00,PDU-B02,69.3,PDU-B02-SP5
2026-06-03 12:10:00,PDU-B02,65.9,PDU-B02-SP5
2026-06-03 12:15:00,PDU-B02,65.5,PDU-B02-SP5
2026-06-03 12:20:00,PDU-B02,54.5,PDU-B02-SP5
2026-06-03 12:25:00,PDU-B02,51.1,PDU-B02-SP5
2026-06-03 12:30:00,PDU-B02,62.6,PDU-B02-SP4
2026-06-03 12:35:00,PDU-B02,66.9,PDU-B02-SP2
2026-06-03 12:40:00,PDU-B02,53.8,PDU-B02-SP2
2026-06-03 12:45:00,PDU-B02,67.6,PDU-B02-SP4
2026-06-03 12:50:00,PDU-B02,65.0,PDU-B02-SP2
2026-06-03 12:55:00,PDU-B02,54.2,PDU-B02-SP1
2026-06-03 13:00:00,PDU-B02,60.7,PDU-B02-SP5
2026-06-03 13:05:00,PDU-B02,69.3,PDU-B02-SP4
2026-06-03 13:10:00,PDU-B02,53.4,PDU-B02-SP2
2026-06-03 13:15:00,PDU-B02,57.9,PDU-B02-SP1
2026-06-03 13:20:00,PDU-B02,48.3,PDU-B02-SP2
2026-06-03 13:25:00,PDU-B02,64.4,PDU-B02-SP2
2026-06-03 13:30:00,PDU-B02,68.9,PDU-B02-SP2
2026-06-03 13:35:00,PDU-B02,52.1,PDU-B02-SP5
2026-06-03 13:40:00,PDU-B02,63.5,PDU-B02-SP2
2026-06-03 13:45:00,PDU-B02,59.6,PDU-B02-SP1
2026-06-03 13:50:00,PDU-B02,59.9,PDU-B02-SP1
2026-06-03 13:55:00,PDU-B02,59.7,PDU-B02-SP4
2026-06-03 14:00:00,PDU-B02,58.3,PDU-B02-SP4
2026-06-03 14:05:00,PDU-B02,66.0,PDU-B02-SP5
2026-06-03 14:10:00,PDU-B02,53.9,PDU-B02-SP5
2026-06-03 14:15:00,PDU-B02,61.9,PDU-B02-SP3
2026-06-03 14:20:00,PDU-B02,53.2,PDU-B02-SP2
2026-06-03 14:25:00,PDU-B02,59.1,PDU-B02-SP4
2026-06-03 14:30:00,PDU-B02,54.0,PDU-B02-SP1
2026-06-03 14:35:00,PDU-B02,57.4,PDU-B02-SP5
2026-06-03 14:40:00,PDU-B02,67.6,PDU-B02-SP5
2026-06-03 14:45:00,PDU-B02,63.3,PDU-B02-SP4
2026-06-03 14:50:00,PDU-B02,54.3,PDU-B02-SP2
2026-06-03 14:55:00,PDU-B02,63.5,PDU-B02-SP4
2026-06-03 15:00:00,PDU-B02,61.7,PDU-B02-SP5
2026-06-03 15:05:00,PDU-B02,67.7,PDU-B02-SP1
2026-06-03 15:10:00,PDU-B02,52.6,PDU-B02-SP3
2026-06-03 15:15:00,PDU-B02,62.7,PDU-B02-SP2
2026-06-03 15:20:00,PDU-B02,55.8,PDU-B02-SP3
2026-06-03 15:25:00,PDU-B02,63.9,PDU-B02-SP1
2026-06-03 15:30:00,PDU-B02,66.2,PDU-B02-SP2
2026-06-03 15:35:00,PDU-B02,62.0,PDU-B02-SP4
2026-06-03 15:40:00,PDU-B02,55.3,PDU-B02-SP5
2026-06-03 15:45:00,PDU-B02,58.6,PDU-B02-SP3
2026-06-03 15:50:00,PDU-B02,51.0,PDU-B02-SP5
2026-06-03 15:55:00,PDU-B02,56.0,PDU-B02-SP1
2026-06-03 16:00:00,PDU-B02,61.4,PDU-B02-SP3
2026-06-03 16:05:00,PDU-B02,63.7,PDU-B02-SP5
2026-06-03 16:10:00,PDU-B02,57.5,PDU-B02-SP5
2026-06-03 16:15:00,PDU-B02,54.8,PDU-B02-SP5
2026-06-03 16:20:00,PDU-B02,54.3,PDU-B02-SP5
2026-06-03 16:25:00,PDU-B02,65.4,PDU-B02-SP4
2026-06-03 16:30:00,PDU-B02,56.2,PDU-B02-SP5
2026-06-03 16:35:00,PDU-B02,68.2,PDU-B02-SP4
2026-06-03 16:40:00,PDU-B02,64.8,PDU-B02-SP5
2026-06-03 16:45:00,PDU-B02,51.7,PDU-B02-SP5
2026-06-03 16:50:00,PDU-B02,59.7,PDU-B02-SP3
2026-06-03 16:55:00,PDU-B02,50.6,PDU-B02-SP5
2026-06-03 17:00:00,PDU-B02,67.6,PDU-B02-SP3
2026-06-03 17:05:00,PDU-B02,67.8,PDU-B02-SP1
2026-06-03 17:10:00,PDU-B02,51.8,PDU-B02-SP4
2026-06-03 17:15:00,PDU-B02,50.4,PDU-B02-SP5
2026-06-03 17:20:00,PDU-B02,60.3,PDU-B02-SP5
2026-06-03 17:25:00,PDU-B02,53.7,PDU-B02-SP3
2026-06-03 17:30:00,PDU-B02,55.6,PDU-B02-SP2
2026-06-03 17:35:00,PDU-B02,51.5,PDU-B02-SP5
2026-06-03 17:40:00,PDU-B02,62.6,PDU-B02-SP1
2026-06-03 17:45:00,PDU-B02,55.8,PDU-B02-SP5
2026-06-03 17:50:00,PDU-B02,61.5,PDU-B02-SP4
2026-06-03 17:55:00,PDU-B02,56.7,PDU-B02-SP1
2026-06-03 18:00:00,PDU-B02,60.7,PDU-B02-SP2
2026-06-03 18:05:00,PDU-B02,52.0,PDU-B02-SP4
2026-06-03 18:10:00,PDU-B02,67.4,PDU-B02-SP1
2026-06-03 18:15:00,PDU-B02,48.2,PDU-B02-SP3
2026-06-03 18:20:00,PDU-B02,65.4,PDU-B02-SP4
2026-06-03 18:25:00,PDU-B02,53.6,PDU-B02-SP5
2026-06-03 18:30:00,PDU-B02,55.9,PDU-B02-SP3
2026-06-03 18:35:00,PDU-B02,56.1,PDU-B02-SP3
2026-06-03 18:40:00,PDU-B02,64.1,PDU-B02-SP4
2026-06-03 18:45:00,PDU-B02,70.2,PDU-B02-SP3
2026-06-03 18:50:00,PDU-B02,58.9,PDU-B02-SP5
2026-06-03 18:55:00,PDU-B02,66.9,PDU-B02-SP1
2026-06-03 19:00:00,PDU-B02,46.3,PDU-B02-SP2
2026-06-03 19:05:00,PDU-B02,44.1,PDU-B02-SP1
2026-06-03 19:10:00,PDU-B02,39.9,PDU-B02-SP2
2026-06-03 19:15:00,PDU-B02,45.3,PDU-B02-SP1
2026-06-03 19:20:00,PDU-B02,38.6,PDU-B02-SP3
2026-06-03 19:25:00,PDU-B02,44.2,PDU-B02-SP2
2026-06-03 19:30:00,PDU-B02,47.4,PDU-B02-SP4
2026-06-03 19:35:00,PDU-B02,45.0,PDU-B02-SP4
2026-06-03 19:40:00,PDU-B02,46.9,PDU-B02-SP3
2026-06-03 19:45:00,PDU-B02,42.6,PDU-B02-SP4
2026-06-03 19:50:00,PDU-B02,41.7,PDU-B02-SP1
2026-06-03 19:55:00,PDU-B02,41.9,PDU-B02-SP5
2026-06-03 20:00:00,PDU-B02,43.7,PDU-B02-SP3
2026-06-03 20:05:00,PDU-B02,50.3,PDU-B02-SP2
2026-06-03 20:10:00,PDU-B02,48.1,PDU-B02-SP5
2026-06-03 20:15:00,PDU-B02,38.0,PDU-B02-SP3
2026-06-03 20:20:00,PDU-B02,42.0,PDU-B02-SP4
2026-06-03 20:25:00,PDU-B02,44.0,PDU-B02-SP3
2026-06-03 20:30:00,PDU-B02,45.7,PDU-B02-SP3
2026-06-03 20:35:00,PDU-B02,42.0,PDU-B02-SP4
2026-06-03 20:40:00,PDU-B02,41.0,PDU-B02-SP2
2026-06-03 20:45:00,PDU-B02,44.1,PDU-B02-SP4
2026-06-03 20:50:00,PDU-B02,50.0,PDU-B02-SP3
2026-06-03 20:55:00,PDU-B02,42.1,PDU-B02-SP1
2026-06-03 21:00:00,PDU-B02,42.1,PDU-B02-SP5
2026-06-03 21:05:00,PDU-B02,40.6,PDU-B02-SP4
2026-06-03 21:10:00,PDU-B02,39.1,PDU-B02-SP1
2026-06-03 21:15:00,PDU-B02,47.5,PDU-B02-SP4
2026-06-03 21:20:00,PDU-B02,42.7,PDU-B02-SP2
2026-06-03 21:25:00,PDU-B02,45.8,PDU-B02-SP2
2026-06-03 21:30:00,PDU-B02,42.8,PDU-B02-SP5
2026-06-03 21:35:00,PDU-B02,47.5,PDU-B02-SP5
2026-06-03 21:40:00,PDU-B02,43.2,PDU-B02-SP5
2026-06-03 21:45:00,PDU-B02,41.3,PDU-B02-SP3
2026-06-03 21:50:00,PDU-B02,42.2,PDU-B02-SP2
2026-06-03 21:55:00,PDU-B02,46.1,PDU-B02-SP4
2026-06-03 22:00:00,PDU-B02,40.3,PDU-B02-SP4
2026-06-03 22:05:00,PDU-B02,41.4,PDU-B02-SP1
2026-06-03 22:10:00,PDU-B02,41.3,PDU-B02-SP5
2026-06-03 22:15:00,PDU-B02,46.6,PDU-B02-SP3
2026-06-03 22:20:00,PDU-B02,44.6,PDU-B02-SP4
2026-06-03 22:25:00,PDU-B02,42.3,PDU-B02-SP3
2026-06-03 22:30:00,PDU-B02,45.5,PDU-B02-SP2
2026-06-03 22:35:00,PDU-B02,43.8,PDU-B02-SP3
2026-06-03 22:40:00,PDU-B02,41.4,PDU-B02-SP4
2026-06-03 22:45:00,PDU-B02,40.6,PDU-B02-SP5
2026-06-03 22:50:00,PDU-B02,43.1,PDU-B02-SP5
2026-06-03 22:55:00,PDU-B02,40.6,PDU-B02-SP4
2026-06-03 23:00:00,PDU-B02,42.7,PDU-B02-SP2
2026-06-03 23:05:00,PDU-B02,39.2,PDU-B02-SP1
2026-06-03 23:10:00,PDU-B02,46.9,PDU-B02-SP2
2026-06-03 23:15:00,PDU-B02,42.2,PDU-B02-SP5
2026-06-03 23:20:00,PDU-B02,49.5,PDU-B02-SP1
2026-06-03 23:25:00,PDU-B02,44.7,PDU-B02-SP2
2026-06-03 23:30:00,PDU-B02,48.2,PDU-B02-SP3
2026-06-03 23:35:00,PDU-B02,47.7,PDU-B02-SP4
2026-06-03 23:40:00,PDU-B02,40.3,PDU-B02-SP5
2026-06-03 23:45:00,PDU-B02,43.0,PDU-B02-SP1
2026-06-03 23:50:00,PDU-B02,40.9,PDU-B02-SP3
2026-06-03 23:55:00,PDU-B02,44.8,PDU-B02-SP2
2026-06-04 00:00:00,PDU-B02,50.1,PDU-B02-SP4
2026-06-04 00:05:00,PDU-B02,49.1,PDU-B02-SP1
2026-06-04 00:10:00,PDU-B02,40.4,PDU-B02-SP1
2026-06-04 00:15:00,PDU-B02,43.7,PDU-B02-SP2
2026-06-04 00:20:00,PDU-B02,43.7,PDU-B02-SP4
2026-06-04 00:25:00,PDU-B02,39.9,PDU-B02-SP4
2026-06-04 00:30:00,PDU-B02,49.6,PDU-B02-SP4
2026-06-04 00:35:00,PDU-B02,43.7,PDU-B02-SP3
2026-06-04 00:40:00,PDU-B02,42.7,PDU-B02-SP2
2026-06-04 00:45:00,PDU-B02,45.8,PDU-B02-SP4
2026-06-04 00:50:00,PDU-B02,45.6,PDU-B02-SP3
2026-06-04 00:55:00,PDU-B02,39.9,PDU-B02-SP5
2026-06-04 01:00:00,PDU-B02,48.5,PDU-B02-SP1
2026-06-04 01:05:00,PDU-B02,39.9,PDU-B02-SP3
2026-06-04 01:10:00,PDU-B02,44.6,PDU-B02-SP5
2026-06-04 01:15:00,PDU-B02,50.3,PDU-B02-SP3
2026-06-04 01:20:00,PDU-B02,41.6,PDU-B02-SP5
2026-06-04 01:25:00,PDU-B02,46.2,PDU-B02-SP3
2026-06-04 01:30:00,PDU-B02,47.6,PDU-B02-SP3
2026-06-04 01:35:00,PDU-B02,44.2,PDU-B02-SP5
2026-06-04 01:40:00,PDU-B02,46.7,PDU-B02-SP5
2026-06-04 01:45:00,PDU-B02,47.3,PDU-B02-SP4
2026-06-04 01:50:00,PDU-B02,42.5,PDU-B02-SP3
2026-06-04 01:55:00,PDU-B02,49.6,PDU-B02-SP3
2026-06-04 02:00:00,PDU-B02,46.3,PDU-B02-SP5
2026-06-04 02:05:00,PDU-B02,40.5,PDU-B02-SP1
2026-06-04 02:10:00,PDU-B02,46.5,PDU-B02-SP2
2026-06-04 02:15:00,PDU-B02,40.8,PDU-B02-SP4
2026-06-04 02:20:00,PDU-B02,47.5,PDU-B02-SP1
2026-06-04 02:25:00,PDU-B02,47.2,PDU-B02-SP5
2026-06-04 02:30:00,PDU-B02,41.5,PDU-B02-SP4
2026-06-04 02:35:00,PDU-B02,48.7,PDU-B02-SP3
2026-06-04 02:40:00,PDU-B02,47.4,PDU-B02-SP3
2026-06-04 02:45:00,PDU-B02,50.4,PDU-B02-SP3
2026-06-04 02:50:00,PDU-B02,46.6,PDU-B02-SP4
2026-06-04 02:55:00,PDU-B02,46.0,PDU-B02-SP4
2026-06-04 03:00:00,PDU-B02,48.2,PDU-B02-SP2
2026-06-04 03:05:00,PDU-B02,47.5,PDU-B02-SP2
2026-06-04 03:10:00,PDU-B02,44.2,PDU-B02-SP4
2026-06-04 03:15:00,PDU-B02,46.8,PDU-B02-SP1
2026-06-04 03:20:00,PDU-B02,45.8,PDU-B02-SP4
2026-06-04 03:25:00,PDU-B02,46.5,PDU-B02-SP3
2026-06-04 03:30:00,PDU-B02,46.9,PDU-B02-SP1
2026-06-04 03:35:00,PDU-B02,47.6,PDU-B02-SP5
2026-06-04 03:40:00,PDU-B02,44.6,PDU-B02-SP1
2026-06-04 03:45:00,PDU-B02,44.2,PDU-B02-SP3
2026-06-04 03:50:00,PDU-B02,42.7,PDU-B02-SP4
2026-06-04 03:55:00,PDU-B02,49.5,PDU-B02-SP2
2026-06-04 04:00:00,PDU-B02,47.5,PDU-B02-SP3
2026-06-04 04:05:00,PDU-B02,47.3,PDU-B02-SP1
2026-06-04 04:10:00,PDU-B02,47.2,PDU-B02-SP1
2026-06-04 04:15:00,PDU-B02,48.1,PDU-B02-SP2
2026-06-04 04:20:00,PDU-B02,40.0,PDU-B02-SP1
2026-06-04 04:25:00,PDU-B02,39.3,PDU-B02-SP5
2026-06-04 04:30:00,PDU-B02,38.9,PDU-B02-SP5
2026-06-04 04:35:00,PDU-B02,40.7,PDU-B02-SP4
2026-06-04 04:40:00,PDU-B02,43.0,PDU-B02-SP3
2026-06-04 04:45:00,PDU-B02,41.8,PDU-B02-SP4
2026-06-04 04:50:00,PDU-B02,37.7,PDU-B02-SP5
2026-06-04 04:55:00,PDU-B02,42.7,PDU-B02-SP1
2026-06-04 05:00:00,PDU-B02,49.3,PDU-B02-SP1
2026-06-04 05:05:00,PDU-B02,40.4,PDU-B02-SP2
2026-06-04 05:10:00,PDU-B02,43.2,PDU-B02-SP2
2026-06-04 05:15:00,PDU-B02,45.0,PDU-B02-SP5
2026-06-04 05:20:00,PDU-B02,44.0,PDU-B02-SP4
2026-06-04 05:25:00,PDU-B02,40.3,PDU-B02-SP2
2026-06-04 05:30:00,PDU-B02,46.6,PDU-B02-SP5
2026-06-04 05:35:00,PDU-B02,42.4,PDU-B02-SP3
2026-06-04 05:40:00,PDU-B02,42.1,PDU-B02-SP1
2026-06-04 05:45:00,PDU-B02,46.1,PDU-B02-SP4
2026-06-04 05:50:00,PDU-B02,40.5,PDU-B02-SP3
2026-06-04 05:55:00,PDU-B02,42.9,PDU-B02-SP3
2026-06-04 06:00:00,PDU-B02,49.8,PDU-B02-SP2
2026-06-04 06:05:00,PDU-B02,45.7,PDU-B02-SP3
2026-06-04 06:10:00,PDU-B02,44.3,PDU-B02-SP1
2026-06-04 06:15:00,PDU-B02,42.2,PDU-B02-SP5
2026-06-04 06:20:00,PDU-B02,38.0,PDU-B02-SP5
2026-06-04 06:25:00,PDU-B02,48.9,PDU-B02-SP2
2026-06-04 06:30:00,PDU-B02,45.4,PDU-B02-SP5
2026-06-04 06:35:00,PDU-B02,47.5,PDU-B02-SP4
2026-06-04 06:40:00,PDU-B02,42.9,PDU-B02-SP2
2026-06-04 06:45:00,PDU-B02,42.3,PDU-B02-SP4
2026-06-04 06:50:00,PDU-B02,46.9,PDU-B02-SP4
2026-06-04 06:55:00,PDU-B02,41.4,PDU-B02-SP5
2026-06-04 07:00:00,PDU-B02,37.0,PDU-B02-SP4
2026-06-04 07:05:00,PDU-B02,36.8,PDU-B02-SP3
2026-06-04 07:10:00,PDU-B02,35.5,PDU-B02-SP2
2026-06-04 07:15:00,PDU-B02,34.3,PDU-B02-SP3
2026-06-04 07:20:00,PDU-B02,34.6,PDU-B02-SP3
2026-06-04 07:25:00,PDU-B02,33.2,PDU-B02-SP3
2026-06-04 07:30:00,PDU-B02,36.9,PDU-B02-SP1
2026-06-04 07:35:00,PDU-B02,33.8,PDU-B02-SP5
2026-06-04 07:40:00,PDU-B02,35.2,PDU-B02-SP2
2026-06-04 07:45:00,PDU-B02,35.0,PDU-B02-SP2
2026-06-04 07:50:00,PDU-B02,33.0,PDU-B02-SP2
2026-06-04 07:55:00,PDU-B02,34.9,PDU-B02-SP2
2026-06-04 08:00:00,PDU-B02,34.7,PDU-B02-SP5
2026-06-04 08:05:00,PDU-B02,36.5,PDU-B02-SP3
2026-06-04 08:10:00,PDU-B02,35.5,PDU-B02-SP3
2026-06-04 08:15:00,PDU-B02,34.8,PDU-B02-SP5
2026-06-04 08:20:00,PDU-B02,36.0,PDU-B02-SP2
2026-06-04 08:25:00,PDU-B02,35.4,PDU-B02-SP2
2026-06-04 08:30:00,PDU-B02,36.7,PDU-B02-SP5
2026-06-04 08:35:00,PDU-B02,34.6,PDU-B02-SP1
2026-06-04 08:40:00,PDU-B02,34.7,PDU-B02-SP4
2026-06-04 08:45:00,PDU-B02,34.0,PDU-B02-SP5
2026-06-04 08:50:00,PDU-B02,35.5,PDU-B02-SP1
2026-06-04 08:55:00,PDU-B02,35.3,PDU-B02-SP2
2026-06-04 09:00:00,PDU-B02,61.2,PDU-B02-SP3
2026-06-04 09:05:00,PDU-B02,68.8,PDU-B02-SP3
2026-06-04 09:10:00,PDU-B02,68.4,PDU-B02-SP3
2026-06-04 09:15:00,PDU-B02,53.1,PDU-B02-SP3
2026-06-04 09:20:00,PDU-B02,62.3,PDU-B02-SP2
2026-06-04 09:25:00,PDU-B02,65.4,PDU-B02-SP3
2026-06-04 09:30:00,PDU-B02,65.9,PDU-B02-SP4
2026-06-04 09:35:00,PDU-B02,68.0,PDU-B02-SP1
2026-06-04 09:40:00,PDU-B02,66.8,PDU-B02-SP3
2026-06-04 09:45:00,PDU-B02,66.6,PDU-B02-SP1
2026-06-04 09:50:00,PDU-B02,55.9,PDU-B02-SP5
2026-06-04 09:55:00,PDU-B02,60.2,PDU-B02-SP1
2026-06-04 10:00:00,PDU-B02,59.0,PDU-B02-SP4
2026-06-04 10:05:00,PDU-B02,59.9,PDU-B02-SP5
2026-06-04 10:10:00,PDU-B02,53.4,PDU-B02-SP4
2026-06-04 10:15:00,PDU-B02,55.6,PDU-B02-SP1
2026-06-04 10:20:00,PDU-B02,65.0,PDU-B02-SP1
2026-06-04 10:25:00,PDU-B02,62.6,PDU-B02-SP1
2026-06-04 10:30:00,PDU-B02,68.2,PDU-B02-SP5
2026-06-04 10:35:00,PDU-B02,68.0,PDU-B02-SP1
2026-06-04 10:40:00,PDU-B02,52.2,PDU-B02-SP2
2026-06-04 10:45:00,PDU-B02,58.1,PDU-B02-SP1
2026-06-04 10:50:00,PDU-B02,66.7,PDU-B02-SP2
2026-06-04 10:55:00,PDU-B02,66.2,PDU-B02-SP1
2026-06-04 11:00:00,PDU-B02,63.1,PDU-B02-SP3
2026-06-04 11:05:00,PDU-B02,57.5,PDU-B02-SP3
2026-06-04 11:10:00,PDU-B02,63.4,PDU-B02-SP1
2026-06-04 11:15:00,PDU-B02,64.1,PDU-B02-SP5
2026-06-04 11:20:00,PDU-B02,65.9,PDU-B02-SP5
2026-06-04 11:25:00,PDU-B02,53.4,PDU-B02-SP2
2026-06-04 11:30:00,PDU-B02,67.4,PDU-B02-SP1
2026-06-04 11:35:00,PDU-B02,63.3,PDU-B02-SP3
2026-06-04 11:40:00,PDU-B02,52.5,PDU-B02-SP2
2026-06-04 11:45:00,PDU-B02,52.0,PDU-B02-SP4
2026-06-04 11:50:00,PDU-B02,51.5,PDU-B02-SP5
2026-06-04 11:55:00,PDU-B02,60.5,PDU-B02-SP3
2026-06-04 12:00:00,PDU-B02,67.6,PDU-B02-SP2
2026-06-04 12:05:00,PDU-B02,53.2,PDU-B02-SP4
2026-06-04 12:10:00,PDU-B02,68.0,PDU-B02-SP2
2026-06-04 12:15:00,PDU-B02,54.9,PDU-B02-SP2
2026-06-04 12:20:00,PDU-B02,51.8,PDU-B02-SP5
2026-06-04 12:25:00,PDU-B02,64.8,PDU-B02-SP2
2026-06-04 12:30:00,PDU-B02,56.2,PDU-B02-SP1
2026-06-04 12:35:00,PDU-B02,62.6,PDU-B02-SP4
2026-06-04 12:40:00,PDU-B02,50.4,PDU-B02-SP4
2026-06-04 12:45:00,PDU-B02,62.6,PDU-B02-SP2
2026-06-04 12:50:00,PDU-B02,63.7,PDU-B02-SP3
2026-06-04 12:55:00,PDU-B02,64.5,PDU-B02-SP4
2026-06-04 13:00:00,PDU-B02,62.7,PDU-B02-SP3
2026-06-04 13:05:00,PDU-B02,55.8,PDU-B02-SP5
2026-06-04 13:10:00,PDU-B02,50.0,PDU-B02-SP4
2026-06-04 13:15:00,PDU-B02,60.2,PDU-B02-SP1
2026-06-04 13:20:00,PDU-B02,58.4,PDU-B02-SP5
2026-06-04 13:25:00,PDU-B02,67.4,PDU-B02-SP4
2026-06-04 13:30:00,PDU-B02,54.2,PDU-B02-SP2
2026-06-04 13:35:00,PDU-B02,63.2,PDU-B02-SP4
2026-06-04 13:40:00,PDU-B02,51.8,PDU-B02-SP2
2026-06-04 13:45:00,PDU-B02,60.3,PDU-B02-SP1
2026-06-04 13:50:00,PDU-B02,64.8,PDU-B02-SP1
2026-06-04 13:55:00,PDU-B02,63.1,PDU-B02-SP2
2026-06-04 14:00:00,PDU-B02,53.6,PDU-B02-SP3
2026-06-04 14:05:00,PDU-B02,58.0,PDU-B02-SP3
2026-06-04 14:10:00,PDU-B02,66.0,PDU-B02-SP4
2026-06-04 14:15:00,PDU-B02,50.9,PDU-B02-SP1
2026-06-04 14:20:00,PDU-B02,57.5,PDU-B02-SP3
2026-06-04 14:25:00,PDU-B02,55.8,PDU-B02-SP2
2026-06-04 14:30:00,PDU-B02,67.5,PDU-B02-SP3
2026-06-04 14:35:00,PDU-B02,68.9,PDU-B02-SP2
2026-06-04 14:40:00,PDU-B02,52.3,PDU-B02-SP4
2026-06-04 14:45:00,PDU-B02,49.7,PDU-B02-SP2
2026-06-04 14:50:00,PDU-B02,67.3,PDU-B02-SP1
2026-06-04 14:55:00,PDU-B02,53.8,PDU-B02-SP1
2026-06-04 15:00:00,PDU-B02,60.9,PDU-B02-SP4
2026-06-04 15:05:00,PDU-B02,65.9,PDU-B02-SP2
2026-06-04 15:10:00,PDU-B02,55.6,PDU-B02-SP2
2026-06-04 15:15:00,PDU-B02,58.9,PDU-B02-SP3
2026-06-04 15:20:00,PDU-B02,53.6,PDU-B02-SP4
2026-06-04 15:25:00,PDU-B02,58.8,PDU-B02-SP5
2026-06-04 15:30:00,PDU-B02,67.2,PDU-B02-SP1
2026-06-04 15:35:00,PDU-B02,70.1,PDU-B02-SP3
2026-06-04 15:40:00,PDU-B02,70.3,PDU-B02-SP3
2026-06-04 15:45:00,PDU-B02,61.1,PDU-B02-SP4
2026-06-04 15:50:00,PDU-B02,49.2,PDU-B02-SP5
2026-06-04 15:55:00,PDU-B02,62.6,PDU-B02-SP5
2026-06-04 16:00:00,PDU-B02,63.0,PDU-B02-SP2
2026-06-04 16:05:00,PDU-B02,66.3,PDU-B02-SP4
2026-06-04 16:10:00,PDU-B02,70.7,PDU-B02-SP5
2026-06-04 16:15:00,PDU-B02,67.6,PDU-B02-SP3
2026-06-04 16:20:00,PDU-B02,59.3,PDU-B02-SP5
2026-06-04 16:25:00,PDU-B02,62.0,PDU-B02-SP4
2026-06-04 16:30:00,PDU-B02,55.8,PDU-B02-SP1
2026-06-04 16:35:00,PDU-B02,59.1,PDU-B02-SP4
2026-06-04 16:40:00,PDU-B02,55.2,PDU-B02-SP2
2026-06-04 16:45:00,PDU-B02,59.4,PDU-B02-SP1
2026-06-04 16:50:00,PDU-B02,68.0,PDU-B02-SP1
2026-06-04 16:55:00,PDU-B02,60.3,PDU-B02-SP5
2026-06-04 17:00:00,PDU-B02,52.4,PDU-B02-SP1
2026-06-04 17:05:00,PDU-B02,51.3,PDU-B02-SP5
2026-06-04 17:10:00,PDU-B02,69.7,PDU-B02-SP2
2026-06-04 17:15:00,PDU-B02,59.7,PDU-B02-SP2
2026-06-04 17:20:00,PDU-B02,67.8,PDU-B02-SP2
2026-06-04 17:25:00,PDU-B02,54.6,PDU-B02-SP4
2026-06-04 17:30:00,PDU-B02,57.2,PDU-B02-SP1
2026-06-04 17:35:00,PDU-B02,58.6,PDU-B02-SP5
2026-06-04 17:40:00,PDU-B02,69.0,PDU-B02-SP3
2026-06-04 17:45:00,PDU-B02,57.2,PDU-B02-SP1
2026-06-04 17:50:00,PDU-B02,55.4,PDU-B02-SP2
2026-06-04 17:55:00,PDU-B02,64.8,PDU-B02-SP2
2026-06-04 18:00:00,PDU-B02,66.8,PDU-B02-SP3
2026-06-04 18:05:00,PDU-B02,48.9,PDU-B02-SP2
2026-06-04 18:10:00,PDU-B02,48.1,PDU-B02-SP5
2026-06-04 18:15:00,PDU-B02,59.4,PDU-B02-SP3
2026-06-04 18:20:00,PDU-B02,66.9,PDU-B02-SP4
2026-06-04 18:25:00,PDU-B02,53.2,PDU-B02-SP1
2026-06-04 18:30:00,PDU-B02,50.2,PDU-B02-SP5
2026-06-04 18:35:00,PDU-B02,68.5,PDU-B02-SP1
2026-06-04 18:40:00,PDU-B02,56.1,PDU-B02-SP5
2026-06-04 18:45:00,PDU-B02,70.5,PDU-B02-SP4
2026-06-04 18:50:00,PDU-B02,62.3,PDU-B02-SP2
2026-06-04 18:55:00,PDU-B02,65.0,PDU-B02-SP4
2026-06-04 19:00:00,PDU-B02,41.0,PDU-B02-SP5
2026-06-04 19:05:00,PDU-B02,48.2,PDU-B02-SP5
2026-06-04 19:10:00,PDU-B02,48.0,PDU-B02-SP5
2026-06-04 19:15:00,PDU-B02,37.5,PDU-B02-SP3
2026-06-04 19:20:00,PDU-B02,44.3,PDU-B02-SP1
2026-06-04 19:25:00,PDU-B02,50.8,PDU-B02-SP5
2026-06-04 19:30:00,PDU-B02,45.7,PDU-B02-SP4
2026-06-04 19:35:00,PDU-B02,39.9,PDU-B02-SP5
2026-06-04 19:40:00,PDU-B02,49.9,PDU-B02-SP5
2026-06-04 19:45:00,PDU-B02,40.9,PDU-B02-SP4
2026-06-04 19:50:00,PDU-B02,38.7,PDU-B02-SP2
2026-06-04 19:55:00,PDU-B02,47.8,PDU-B02-SP1
2026-06-04 20:00:00,PDU-B02,43.1,PDU-B02-SP1
2026-06-04 20:05:00,PDU-B02,46.5,PDU-B02-SP3
2026-06-04 20:10:00,PDU-B02,46.0,PDU-B02-SP2
2026-06-04 20:15:00,PDU-B02,49.2,PDU-B02-SP3
2026-06-04 20:20:00,PDU-B02,38.7,PDU-B02-SP3
2026-06-04 20:25:00,PDU-B02,48.5,PDU-B02-SP1
2026-06-04 20:30:00,PDU-B02,42.3,PDU-B02-SP2
2026-06-04 20:35:00,PDU-B02,41.7,PDU-B02-SP4
2026-06-04 20:40:00,PDU-B02,44.3,PDU-B02-SP5
2026-06-04 20:45:00,PDU-B02,44.7,PDU-B02-SP3
2026-06-04 20:50:00,PDU-B02,48.2,PDU-B02-SP2
2026-06-04 20:55:00,PDU-B02,45.3,PDU-B02-SP5
2026-06-04 21:00:00,PDU-B02,42.0,PDU-B02-SP1
2026-06-04 21:05:00,PDU-B02,48.7,PDU-B02-SP5
2026-06-04 21:10:00,PDU-B02,49.8,PDU-B02-SP2
2026-06-04 21:15:00,PDU-B02,49.7,PDU-B02-SP5
2026-06-04 21:20:00,PDU-B02,45.6,PDU-B02-SP3
2026-06-04 21:25:00,PDU-B02,48.2,PDU-B02-SP4
2026-06-04 21:30:00,PDU-B02,40.7,PDU-B02-SP5
2026-06-04 21:35:00,PDU-B02,48.7,PDU-B02-SP3
2026-06-04 21:40:00,PDU-B02,48.8,PDU-B02-SP3
2026-06-04 21:45:00,PDU-B02,44.8,PDU-B02-SP3
2026-06-04 21:50:00,PDU-B02,42.5,PDU-B02-SP3
2026-06-04 21:55:00,PDU-B02,48.0,PDU-B02-SP3
2026-06-04 22:00:00,PDU-B02,40.4,PDU-B02-SP5
2026-06-04 22:05:00,PDU-B02,49.7,PDU-B02-SP3
2026-06-04 22:10:00,PDU-B02,38.6,PDU-B02-SP4
2026-06-04 22:15:00,PDU-B02,49.8,PDU-B02-SP3
2026-06-04 22:20:00,PDU-B02,40.9,PDU-B02-SP4
2026-06-04 22:25:00,PDU-B02,38.4,PDU-B02-SP4
2026-06-04 22:30:00,PDU-B02,44.5,PDU-B02-SP3
2026-06-04 22:35:00,PDU-B02,41.8,PDU-B02-SP1
2026-06-04 22:40:00,PDU-B02,39.4,PDU-B02-SP2
2026-06-04 22:45:00,PDU-B02,42.2,PDU-B02-SP2
2026-06-04 22:50:00,PDU-B02,42.8,PDU-B02-SP5
2026-06-04 22:55:00,PDU-B02,48.8,PDU-B02-SP4
2026-06-04 23:00:00,PDU-B02,38.1,PDU-B02-SP1
2026-06-04 23:05:00,PDU-B02,45.3,PDU-B02-SP5
2026-06-04 23:10:00,PDU-B02,44.9,PDU-B02-SP4
2026-06-04 23:15:00,PDU-B02,43.1,PDU-B02-SP3
2026-06-04 23:20:00,PDU-B02,43.3,PDU-B02-SP3
2026-06-04 23:25:00,PDU-B02,47.8,PDU-B02-SP4
2026-06-04 23:30:00,PDU-B02,42.5,PDU-B02-SP3
2026-06-04 23:35:00,PDU-B02,45.1,PDU-B02-SP1
2026-06-04 23:40:00,PDU-B02,45.2,PDU-B02-SP1
2026-06-04 23:45:00,PDU-B02,43.9,PDU-B02-SP2
2026-06-04 23:50:00,PDU-B02,48.8,PDU-B02-SP2
2026-06-04 23:55:00,PDU-B02,41.3,PDU-B02-SP4
2026-06-05 00:00:00,PDU-B02,41.9,PDU-B02-SP5
2026-06-05 00:05:00,PDU-B02,42.6,PDU-B02-SP1
2026-06-05 00:10:00,PDU-B02,45.7,PDU-B02-SP4
2026-06-05 00:15:00,PDU-B02,45.1,PDU-B02-SP4
2026-06-05 00:20:00,PDU-B02,49.9,PDU-B02-SP4
2026-06-05 00:25:00,PDU-B02,46.3,PDU-B02-SP3
2026-06-05 00:30:00,PDU-B02,50.4,PDU-B02-SP2
2026-06-05 00:35:00,PDU-B02,47.5,PDU-B02-SP1
2026-06-05 00:40:00,PDU-B02,50.0,PDU-B02-SP4
2026-06-05 00:45:00,PDU-B02,48.4,PDU-B02-SP5
2026-06-05 00:50:00,PDU-B02,45.3,PDU-B02-SP3
2026-06-05 00:55:00,PDU-B02,46.9,PDU-B02-SP4
2026-06-05 01:00:00,PDU-B02,48.8,PDU-B02-SP5
2026-06-05 01:05:00,PDU-B02,38.5,PDU-B02-SP1
2026-06-05 01:10:00,PDU-B02,41.3,PDU-B02-SP1
2026-06-05 01:15:00,PDU-B02,47.1,PDU-B02-SP5
2026-06-05 01:20:00,PDU-B02,43.5,PDU-B02-SP2
2026-06-05 01:25:00,PDU-B02,39.6,PDU-B02-SP3
2026-06-05 01:30:00,PDU-B02,47.2,PDU-B02-SP3
2026-06-05 01:35:00,PDU-B02,48.5,PDU-B02-SP4
2026-06-05 01:40:00,PDU-B02,46.8,PDU-B02-SP2
2026-06-05 01:45:00,PDU-B02,41.1,PDU-B02-SP4
2026-06-05 01:50:00,PDU-B02,48.7,PDU-B02-SP3
2026-06-05 01:55:00,PDU-B02,39.8,PDU-B02-SP2
2026-06-05 02:00:00,PDU-B02,38.8,PDU-B02-SP3
2026-06-05 02:05:00,PDU-B02,48.4,PDU-B02-SP1
2026-06-05 02:10:00,PDU-B02,45.8,PDU-B02-SP5
2026-06-05 02:15:00,PDU-B02,43.2,PDU-B02-SP5
2026-06-05 02:20:00,PDU-B02,38.5,PDU-B02-SP2
2026-06-05 02:25:00,PDU-B02,39.7,PDU-B02-SP2
2026-06-05 02:30:00,PDU-B02,41.7,PDU-B02-SP5
2026-06-05 02:35:00,PDU-B02,47.7,PDU-B02-SP5
2026-06-05 02:40:00,PDU-B02,48.8,PDU-B02-SP5
2026-06-05 02:45:00,PDU-B02,45.0,PDU-B02-SP4
2026-06-05 02:50:00,PDU-B02,46.9,PDU-B02-SP4
2026-06-05 02:55:00,PDU-B02,43.0,PDU-B02-SP3
2026-06-05 03:00:00,PDU-B02,49.6,PDU-B02-SP1
2026-06-05 03:05:00,PDU-B02,39.6,PDU-B02-SP3
2026-06-05 03:10:00,PDU-B02,43.0,PDU-B02-SP3
2026-06-05 03:15:00,PDU-B02,40.8,PDU-B02-SP2
2026-06-05 03:20:00,PDU-B02,47.0,PDU-B02-SP4
2026-06-05 03:25:00,PDU-B02,40.0,PDU-B02-SP5
2026-06-05 03:30:00,PDU-B02,45.0,PDU-B02-SP2
2026-06-05 03:35:00,PDU-B02,42.9,PDU-B02-SP5
2026-06-05 03:40:00,PDU-B02,45.2,PDU-B02-SP2
2026-06-05 03:45:00,PDU-B02,42.8,PDU-B02-SP2
2026-06-05 03:50:00,PDU-B02,39.9,PDU-B02-SP5
2026-06-05 03:55:00,PDU-B02,47.5,PDU-B02-SP1
2026-06-05 04:00:00,PDU-B02,41.1,PDU-B02-SP1
2026-06-05 04:05:00,PDU-B02,48.2,PDU-B02-SP4
2026-06-05 04:10:00,PDU-B02,46.9,PDU-B02-SP4
2026-06-05 04:15:00,PDU-B02,47.6,PDU-B02-SP4
2026-06-05 04:20:00,PDU-B02,47.6,PDU-B02-SP1
2026-06-05 04:25:00,PDU-B02,46.0,PDU-B02-SP4
2026-06-05 04:30:00,PDU-B02,47.3,PDU-B02-SP3
2026-06-05 04:35:00,PDU-B02,47.0,PDU-B02-SP1
2026-06-05 04:40:00,PDU-B02,46.0,PDU-B02-SP5
2026-06-05 04:45:00,PDU-B02,47.5,PDU-B02-SP4
2026-06-05 04:50:00,PDU-B02,47.4,PDU-B02-SP3
2026-06-05 04:55:00,PDU-B02,49.6,PDU-B02-SP1
2026-06-05 05:00:00,PDU-B02,41.0,PDU-B02-SP2
2026-06-05 05:05:00,PDU-B02,41.4,PDU-B02-SP1
2026-06-05 05:10:00,PDU-B02,40.9,PDU-B02-SP5
2026-06-05 05:15:00,PDU-B02,46.3,PDU-B02-SP4
2026-06-05 05:20:00,PDU-B02,42.8,PDU-B02-SP2
2026-06-05 05:25:00,PDU-B02,48.0,PDU-B02-SP1
2026-06-05 05:30:00,PDU-B02,46.7,PDU-B02-SP4
2026-06-05 05:35:00,PDU-B02,38.3,PDU-B02-SP5
2026-06-05 05:40:00,PDU-B02,40.7,PDU-B02-SP2
2026-06-05 05:45:00,PDU-B02,39.2,PDU-B02-SP5
2026-06-05 05:50:00,PDU-B02,49.0,PDU-B02-SP4
2026-06-05 05:55:00,PDU-B02,41.7,PDU-B02-SP1
2026-06-05 06:00:00,PDU-B02,44.8,PDU-B02-SP2
2026-06-05 06:05:00,PDU-B02,41.0,PDU-B02-SP5
2026-06-05 06:10:00,PDU-B02,50.1,PDU-B02-SP1
2026-06-05 06:15:00,PDU-B02,40.1,PDU-B02-SP1
2026-06-05 06:20:00,PDU-B02,47.3,PDU-B02-SP3
2026-06-05 06:25:00,PDU-B02,47.5,PDU-B02-SP5
2026-06-05 06:30:00,PDU-B02,38.0,PDU-B02-SP3
2026-06-05 06:35:00,PDU-B02,45.5,PDU-B02-SP2
2026-06-05 06:40:00,PDU-B02,40.9,PDU-B02-SP2
2026-06-05 06:45:00,PDU-B02,42.1,PDU-B02-SP4
2026-06-05 06:50:00,PDU-B02,46.6,PDU-B02-SP4
2026-06-05 06:55:00,PDU-B02,46.7,PDU-B02-SP5
2026-06-05 07:00:00,PDU-B02,34.4,PDU-B02-SP4
2026-06-05 07:05:00,PDU-B02,34.0,PDU-B02-SP4
2026-06-05 07:10:00,PDU-B02,33.1,PDU-B02-SP4
2026-06-05 07:15:00,PDU-B02,35.7,PDU-B02-SP3
2026-06-05 07:20:00,PDU-B02,33.3,PDU-B02-SP5
2026-06-05 07:25:00,PDU-B02,35.8,PDU-B02-SP2
2026-06-05 07:30:00,PDU-B02,35.3,PDU-B02-SP3
2026-06-05 07:35:00,PDU-B02,35.8,PDU-B02-SP2
2026-06-05 07:40:00,PDU-B02,33.4,PDU-B02-SP1
2026-06-05 07:45:00,PDU-B02,35.9,PDU-B02-SP4
2026-06-05 07:50:00,PDU-B02,36.6,PDU-B02-SP2
2026-06-05 07:55:00,PDU-B02,34.6,PDU-B02-SP1
2026-06-05 08:00:00,PDU-B02,34.9,PDU-B02-SP1
2026-06-05 08:05:00,PDU-B02,33.9,PDU-B02-SP3
2026-06-05 08:10:00,PDU-B02,33.2,PDU-B02-SP5
2026-06-05 08:15:00,PDU-B02,36.1,PDU-B02-SP2
2026-06-05 08:20:00,PDU-B02,34.1,PDU-B02-SP2
2026-06-05 08:25:00,PDU-B02,35.8,PDU-B02-SP1
2026-06-05 08:30:00,PDU-B02,35.5,PDU-B02-SP2
2026-06-05 08:35:00,PDU-B02,35.3,PDU-B02-SP3
2026-06-05 08:40:00,PDU-B02,35.2,PDU-B02-SP3
2026-06-05 08:45:00,PDU-B02,35.0,PDU-B02-SP2
2026-06-05 08:50:00,PDU-B02,33.1,PDU-B02-SP3
2026-06-05 08:55:00,PDU-B02,36.7,PDU-B02-SP4
2026-06-05 09:00:00,PDU-B02,63.3,PDU-B02-SP1
2026-06-05 09:05:00,PDU-B02,55.2,PDU-B02-SP2
2026-06-05 09:10:00,PDU-B02,53.7,PDU-B02-SP4
2026-06-05 09:15:00,PDU-B02,59.0,PDU-B02-SP5
2026-06-05 09:20:00,PDU-B02,70.6,PDU-B02-SP4
2026-06-05 09:25:00,PDU-B02,63.2,PDU-B02-SP5
2026-06-05 09:30:00,PDU-B02,66.2,PDU-B02-SP5
2026-06-05 09:35:00,PDU-B02,49.8,PDU-B02-SP1
2026-06-05 09:40:00,PDU-B02,67.9,PDU-B02-SP3
2026-06-05 09:45:00,PDU-B02,67.9,PDU-B02-SP2
2026-06-05 09:50:00,PDU-B02,61.1,PDU-B02-SP5
2026-06-05 09:55:00,PDU-B02,67.2,PDU-B02-SP1
2026-06-05 10:00:00,PDU-B02,55.4,PDU-B02-SP3
2026-06-05 10:05:00,PDU-B02,57.5,PDU-B02-SP1
2026-06-05 10:10:00,PDU-B02,53.8,PDU-B02-SP4
2026-06-05 10:15:00,PDU-B02,67.5,PDU-B02-SP1
2026-06-05 10:20:00,PDU-B02,53.0,PDU-B02-SP5
2026-06-05 10:25:00,PDU-B02,58.3,PDU-B02-SP3
2026-06-05 10:30:00,PDU-B02,54.7,PDU-B02-SP1
2026-06-05 10:35:00,PDU-B02,66.5,PDU-B02-SP4
2026-06-05 10:40:00,PDU-B02,54.2,PDU-B02-SP1
2026-06-05 10:45:00,PDU-B02,54.2,PDU-B02-SP4
2026-06-05 10:50:00,PDU-B02,66.5,PDU-B02-SP3
2026-06-05 10:55:00,PDU-B02,65.1,PDU-B02-SP4
2026-06-05 11:00:00,PDU-B02,57.5,PDU-B02-SP1
2026-06-05 11:05:00,PDU-B02,56.9,PDU-B02-SP2
2026-06-05 11:10:00,PDU-B02,51.2,PDU-B02-SP1
2026-06-05 11:15:00,PDU-B02,58.5,PDU-B02-SP4
2026-06-05 11:20:00,PDU-B02,61.2,PDU-B02-SP2
2026-06-05 11:25:00,PDU-B02,60.5,PDU-B02-SP2
2026-06-05 11:30:00,PDU-B02,51.2,PDU-B02-SP2
2026-06-05 11:35:00,PDU-B02,61.7,PDU-B02-SP4
2026-06-05 11:40:00,PDU-B02,54.2,PDU-B02-SP3
2026-06-05 11:45:00,PDU-B02,59.4,PDU-B02-SP4
2026-06-05 11:50:00,PDU-B02,63.0,PDU-B02-SP2
2026-06-05 11:55:00,PDU-B02,60.6,PDU-B02-SP4
2026-06-05 12:00:00,PDU-B02,63.3,PDU-B02-SP2
2026-06-05 12:05:00,PDU-B02,66.6,PDU-B02-SP5
2026-06-05 12:10:00,PDU-B02,68.7,PDU-B02-SP4
2026-06-05 12:15:00,PDU-B02,57.3,PDU-B02-SP1
2026-06-05 12:20:00,PDU-B02,60.5,PDU-B02-SP2
2026-06-05 12:25:00,PDU-B02,54.7,PDU-B02-SP2
2026-06-05 12:30:00,PDU-B02,67.7,PDU-B02-SP5
2026-06-05 12:35:00,PDU-B02,68.9,PDU-B02-SP4
2026-06-05 12:40:00,PDU-B02,63.3,PDU-B02-SP2
2026-06-05 12:45:00,PDU-B02,54.5,PDU-B02-SP5
2026-06-05 12:50:00,PDU-B02,67.1,PDU-B02-SP4
2026-06-05 12:55:00,PDU-B02,68.7,PDU-B02-SP3
2026-06-05 13:00:00,PDU-B02,62.1,PDU-B02-SP4
2026-06-05 13:05:00,PDU-B02,60.8,PDU-B02-SP1
2026-06-05 13:10:00,PDU-B02,65.0,PDU-B02-SP2
2026-06-05 13:15:00,PDU-B02,54.6,PDU-B02-SP1
2026-06-05 13:20:00,PDU-B02,65.5,PDU-B02-SP5
2026-06-05 13:25:00,PDU-B02,65.3,PDU-B02-SP5
2026-06-05 13:30:00,PDU-B02,56.7,PDU-B02-SP3
2026-06-05 13:35:00,PDU-B02,61.7,PDU-B02-SP3
2026-06-05 13:40:00,PDU-B02,64.8,PDU-B02-SP3
2026-06-05 13:45:00,PDU-B02,56.5,PDU-B02-SP4
2026-06-05 13:50:00,PDU-B02,61.5,PDU-B02-SP4
2026-06-05 13:55:00,PDU-B02,63.6,PDU-B02-SP2
2026-06-05 14:00:00,PDU-B02,57.0,PDU-B02-SP1
2026-06-05 14:05:00,PDU-B02,55.9,PDU-B02-SP3
2026-06-05 14:10:00,PDU-B02,51.7,PDU-B02-SP2
2026-06-05 14:15:00,PDU-B02,68.2,PDU-B02-SP2
2026-06-05 14:20:00,PDU-B02,57.9,PDU-B02-SP1
2026-06-05 14:25:00,PDU-B02,62.8,PDU-B02-SP2
2026-06-05 14:30:00,PDU-B02,58.1,PDU-B02-SP1
2026-06-05 14:35:00,PDU-B02,68.0,PDU-B02-SP4
2026-06-05 14:40:00,PDU-B02,57.0,PDU-B02-SP4
2026-06-05 14:45:00,PDU-B02,50.8,PDU-B02-SP3
2026-06-05 14:50:00,PDU-B02,54.7,PDU-B02-SP3
2026-06-05 14:55:00,PDU-B02,51.4,PDU-B02-SP5
2026-06-05 15:00:00,PDU-B02,58.3,PDU-B02-SP1
2026-06-05 15:05:00,PDU-B02,59.3,PDU-B02-SP4
2026-06-05 15:10:00,PDU-B02,67.1,PDU-B02-SP5
2026-06-05 15:15:00,PDU-B02,65.8,PDU-B02-SP1
2026-06-05 15:20:00,PDU-B02,69.0,PDU-B02-SP5
2026-06-05 15:25:00,PDU-B02,63.9,PDU-B02-SP3
2026-06-05 15:30:00,PDU-B02,53.3,PDU-B02-SP4
2026-06-05 15:35:00,PDU-B02,64.8,PDU-B02-SP5
2026-06-05 15:40:00,PDU-B02,48.8,PDU-B02-SP4
2026-06-05 15:45:00,PDU-B02,68.7,PDU-B02-SP2
2026-06-05 15:50:00,PDU-B02,64.4,PDU-B02-SP2
2026-06-05 15:55:00,PDU-B02,60.0,PDU-B02-SP3
2026-06-05 16:00:00,PDU-B02,65.5,PDU-B02-SP3
2026-06-05 16:05:00,PDU-B02,60.5,PDU-B02-SP4
2026-06-05 16:10:00,PDU-B02,65.4,PDU-B02-SP3
2026-06-05 16:15:00,PDU-B02,56.4,PDU-B02-SP1
2026-06-05 16:20:00,PDU-B02,67.0,PDU-B02-SP5
2026-06-05 16:25:00,PDU-B02,55.3,PDU-B02-SP2
2026-06-05 16:30:00,PDU-B02,66.3,PDU-B02-SP2
2026-06-05 16:35:00,PDU-B02,67.3,PDU-B02-SP4
2026-06-05 16:40:00,PDU-B02,64.4,PDU-B02-SP1
2026-06-05 16:45:00,PDU-B02,52.5,PDU-B02-SP5
2026-06-05 16:50:00,PDU-B02,66.6,PDU-B02-SP1
2026-06-05 16:55:00,PDU-B02,62.9,PDU-B02-SP5
2026-06-05 17:00:00,PDU-B02,54.3,PDU-B02-SP2
2026-06-05 17:05:00,PDU-B02,69.8,PDU-B02-SP5
2026-06-05 17:10:00,PDU-B02,65.9,PDU-B02-SP5
2026-06-05 17:15:00,PDU-B02,51.9,PDU-B02-SP3
2026-06-05 17:20:00,PDU-B02,62.2,PDU-B02-SP5
2026-06-05 17:25:00,PDU-B02,64.6,PDU-B02-SP4
2026-06-05 17:30:00,PDU-B02,64.2,PDU-B02-SP3
2026-06-05 17:35:00,PDU-B02,66.3,PDU-B02-SP2
2026-06-05 17:40:00,PDU-B02,60.3,PDU-B02-SP2
2026-06-05 17:45:00,PDU-B02,60.8,PDU-B02-SP5
2026-06-05 17:50:00,PDU-B02,57.3,PDU-B02-SP1
2026-06-05 17:55:00,PDU-B02,60.3,PDU-B02-SP3
2026-06-05 18:00:00,PDU-B02,66.0,PDU-B02-SP4
2026-06-05 18:05:00,PDU-B02,70.9,PDU-B02-SP1
2026-06-05 18:10:00,PDU-B02,53.6,PDU-B02-SP1
2026-06-05 18:15:00,PDU-B02,62.7,PDU-B02-SP2
2026-06-05 18:20:00,PDU-B02,60.6,PDU-B02-SP1
2026-06-05 18:25:00,PDU-B02,69.2,PDU-B02-SP3
2026-06-05 18:30:00,PDU-B02,66.6,PDU-B02-SP1
2026-06-05 18:35:00,PDU-B02,55.8,PDU-B02-SP1
2026-06-05 18:40:00,PDU-B02,60.4,PDU-B02-SP2
2026-06-05 18:45:00,PDU-B02,55.7,PDU-B02-SP2
2026-06-05 18:50:00,PDU-B02,55.3,PDU-B02-SP2
2026-06-05 18:55:00,PDU-B02,55.3,PDU-B02-SP3
2026-06-05 19:00:00,PDU-B02,50.2,PDU-B02-SP3
2026-06-05 19:05:00,PDU-B02,46.6,PDU-B02-SP5
2026-06-05 19:10:00,PDU-B02,47.6,PDU-B02-SP3
2026-06-05 19:15:00,PDU-B02,43.3,PDU-B02-SP1
2026-06-05 19:20:00,PDU-B02,41.1,PDU-B02-SP5
2026-06-05 19:25:00,PDU-B02,49.2,PDU-B02-SP3
2026-06-05 19:30:00,PDU-B02,45.5,PDU-B02-SP2
2026-06-05 19:35:00,PDU-B02,46.3,PDU-B02-SP2
2026-06-05 19:40:00,PDU-B02,41.2,PDU-B02-SP2
2026-06-05 19:45:00,PDU-B02,44.0,PDU-B02-SP5
2026-06-05 19:50:00,PDU-B02,39.6,PDU-B02-SP5
2026-06-05 19:55:00,PDU-B02,48.9,PDU-B02-SP2
2026-06-05 20:00:00,PDU-B02,49.3,PDU-B02-SP3
2026-06-05 20:05:00,PDU-B02,41.5,PDU-B02-SP1
2026-06-05 20:10:00,PDU-B02,43.2,PDU-B02-SP5
2026-06-05 20:15:00,PDU-B02,45.0,PDU-B02-SP5
2026-06-05 20:20:00,PDU-B02,44.1,PDU-B02-SP1
2026-06-05 20:25:00,PDU-B02,39.3,PDU-B02-SP4
2026-06-05 20:30:00,PDU-B02,41.7,PDU-B02-SP4
2026-06-05 20:35:00,PDU-B02,41.9,PDU-B02-SP2
2026-06-05 20:40:00,PDU-B02,37.8,PDU-B02-SP2
2026-06-05 20:45:00,PDU-B02,47.0,PDU-B02-SP1
2026-06-05 20:50:00,PDU-B02,46.8,PDU-B02-SP3
2026-06-05 20:55:00,PDU-B02,47.0,PDU-B02-SP5
2026-06-05 21:00:00,PDU-B02,40.0,PDU-B02-SP1
2026-06-05 21:05:00,PDU-B02,45.1,PDU-B02-SP3
2026-06-05 21:10:00,PDU-B02,41.2,PDU-B02-SP4
2026-06-05 21:15:00,PDU-B02,47.5,PDU-B02-SP3
2026-06-05 21:20:00,PDU-B02,42.1,PDU-B02-SP4
2026-06-05 21:25:00,PDU-B02,40.2,PDU-B02-SP2
2026-06-05 21:30:00,PDU-B02,48.3,PDU-B02-SP4
2026-06-05 21:35:00,PDU-B02,41.6,PDU-B02-SP2
2026-06-05 21:40:00,PDU-B02,39.6,PDU-B02-SP2
2026-06-05 21:45:00,PDU-B02,47.8,PDU-B02-SP3
2026-06-05 21:50:00,PDU-B02,41.0,PDU-B02-SP1
2026-06-05 21:55:00,PDU-B02,41.9,PDU-B02-SP1
2026-06-05 22:00:00,PDU-B02,41.8,PDU-B02-SP3
2026-06-05 22:05:00,PDU-B02,42.2,PDU-B02-SP3
2026-06-05 22:10:00,PDU-B02,42.4,PDU-B02-SP1
2026-06-05 22:15:00,PDU-B02,43.8,PDU-B02-SP2
2026-06-05 22:20:00,PDU-B02,44.5,PDU-B02-SP4
2026-06-05 22:25:00,PDU-B02,44.7,PDU-B02-SP2
2026-06-05 22:30:00,PDU-B02,42.3,PDU-B02-SP2
2026-06-05 22:35:00,PDU-B02,44.1,PDU-B02-SP2
2026-06-05 22:40:00,PDU-B02,39.1,PDU-B02-SP5
2026-06-05 22:45:00,PDU-B02,42.9,PDU-B02-SP3
2026-06-05 22:50:00,PDU-B02,46.9,PDU-B02-SP1
2026-06-05 22:55:00,PDU-B02,46.4,PDU-B02-SP1
2026-06-05 23:00:00,PDU-B02,42.5,PDU-B02-SP4
2026-06-05 23:05:00,PDU-B02,39.4,PDU-B02-SP4
2026-06-05 23:10:00,PDU-B02,46.9,PDU-B02-SP2
2026-06-05 23:15:00,PDU-B02,49.7,PDU-B02-SP5
2026-06-05 23:20:00,PDU-B02,45.7,PDU-B02-SP3
2026-06-05 23:25:00,PDU-B02,41.5,PDU-B02-SP1
2026-06-05 23:30:00,PDU-B02,40.7,PDU-B02-SP5
2026-06-05 23:35:00,PDU-B02,48.2,PDU-B02-SP3
2026-06-05 23:40:00,PDU-B02,39.7,PDU-B02-SP5
2026-06-05 23:45:00,PDU-B02,47.1,PDU-B02-SP5
2026-06-05 23:50:00,PDU-B02,46.2,PDU-B02-SP5
2026-06-05 23:55:00,PDU-B02,42.0,PDU-B02-SP4
2026-06-06 00:00:00,PDU-B02,46.7,PDU-B02-SP4
2026-06-06 00:05:00,PDU-B02,45.7,PDU-B02-SP5
2026-06-06 00:10:00,PDU-B02,41.9,PDU-B02-SP5
2026-06-06 00:15:00,PDU-B02,47.0,PDU-B02-SP2
2026-06-06 00:20:00,PDU-B02,49.0,PDU-B02-SP3
2026-06-06 00:25:00,PDU-B02,45.4,PDU-B02-SP5
2026-06-06 00:30:00,PDU-B02,43.5,PDU-B02-SP2
2026-06-06 00:35:00,PDU-B02,40.4,PDU-B02-SP1
2026-06-06 00:40:00,PDU-B02,44.3,PDU-B02-SP4
2026-06-06 00:45:00,PDU-B02,42.4,PDU-B02-SP3
2026-06-06 00:50:00,PDU-B02,44.1,PDU-B02-SP2
2026-06-06 00:55:00,PDU-B02,44.5,PDU-B02-SP2
2026-06-06 01:00:00,PDU-B02,44.5,PDU-B02-SP2
2026-06-06 01:05:00,PDU-B02,46.7,PDU-B02-SP3
2026-06-06 01:10:00,PDU-B02,40.2,PDU-B02-SP2
2026-06-06 01:15:00,PDU-B02,46.7,PDU-B02-SP5
2026-06-06 01:20:00,PDU-B02,46.4,PDU-B02-SP2
2026-06-06 01:25:00,PDU-B02,47.9,PDU-B02-SP2
2026-06-06 01:30:00,PDU-B02,41.5,PDU-B02-SP3
2026-06-06 01:35:00,PDU-B02,46.3,PDU-B02-SP5
2026-06-06 01:40:00,PDU-B02,41.8,PDU-B02-SP1
2026-06-06 01:45:00,PDU-B02,43.4,PDU-B02-SP1
2026-06-06 01:50:00,PDU-B02,38.1,PDU-B02-SP1
2026-06-06 01:55:00,PDU-B02,40.6,PDU-B02-SP5
2026-06-06 02:00:00,PDU-B02,40.9,PDU-B02-SP2
2026-06-06 02:05:00,PDU-B02,43.6,PDU-B02-SP2
2026-06-06 02:10:00,PDU-B02,42.1,PDU-B02-SP1
2026-06-06 02:15:00,PDU-B02,48.3,PDU-B02-SP1
2026-06-06 02:20:00,PDU-B02,46.3,PDU-B02-SP1
2026-06-06 02:25:00,PDU-B02,47.8,PDU-B02-SP4
2026-06-06 02:30:00,PDU-B02,45.5,PDU-B02-SP3
2026-06-06 02:35:00,PDU-B02,45.1,PDU-B02-SP4
2026-06-06 02:40:00,PDU-B02,46.4,PDU-B02-SP4
2026-06-06 02:45:00,PDU-B02,48.1,PDU-B02-SP2
2026-06-06 02:50:00,PDU-B02,47.6,PDU-B02-SP3
2026-06-06 02:55:00,PDU-B02,39.4,PDU-B02-SP2
2026-06-06 03:00:00,PDU-B02,42.9,PDU-B02-SP4
2026-06-06 03:05:00,PDU-B02,41.3,PDU-B02-SP2
2026-06-06 03:10:00,PDU-B02,49.1,PDU-B02-SP2
2026-06-06 03:15:00,PDU-B02,51.4,PDU-B02-SP4
2026-06-06 03:20:00,PDU-B02,40.8,PDU-B02-SP5
2026-06-06 03:25:00,PDU-B02,42.7,PDU-B02-SP4
2026-06-06 03:30:00,PDU-B02,44.1,PDU-B02-SP1
2026-06-06 03:35:00,PDU-B02,42.4,PDU-B02-SP3
2026-06-06 03:40:00,PDU-B02,41.3,PDU-B02-SP4
2026-06-06 03:45:00,PDU-B02,40.8,PDU-B02-SP4
2026-06-06 03:50:00,PDU-B02,44.7,PDU-B02-SP4
2026-06-06 03:55:00,PDU-B02,49.8,PDU-B02-SP4
2026-06-06 04:00:00,PDU-B02,47.3,PDU-B02-SP3
2026-06-06 04:05:00,PDU-B02,44.4,PDU-B02-SP1
2026-06-06 04:10:00,PDU-B02,49.5,PDU-B02-SP1
2026-06-06 04:15:00,PDU-B02,45.6,PDU-B02-SP1
2026-06-06 04:20:00,PDU-B02,44.4,PDU-B02-SP1
2026-06-06 04:25:00,PDU-B02,48.2,PDU-B02-SP5
2026-06-06 04:30:00,PDU-B02,43.9,PDU-B02-SP2
2026-06-06 04:35:00,PDU-B02,38.1,PDU-B02-SP5
2026-06-06 04:40:00,PDU-B02,40.6,PDU-B02-SP3
2026-06-06 04:45:00,PDU-B02,39.8,PDU-B02-SP2
2026-06-06 04:50:00,PDU-B02,41.7,PDU-B02-SP3
2026-06-06 04:55:00,PDU-B02,47.8,PDU-B02-SP4
2026-06-06 05:00:00,PDU-B02,45.1,PDU-B02-SP1
2026-06-06 05:05:00,PDU-B02,42.3,PDU-B02-SP5
2026-06-06 05:10:00,PDU-B02,42.0,PDU-B02-SP2
2026-06-06 05:15:00,PDU-B02,43.9,PDU-B02-SP3
2026-06-06 05:20:00,PDU-B02,45.3,PDU-B02-SP5
2026-06-06 05:25:00,PDU-B02,44.6,PDU-B02-SP1
2026-06-06 05:30:00,PDU-B02,48.1,PDU-B02-SP1
2026-06-06 05:35:00,PDU-B02,44.5,PDU-B02-SP3
2026-06-06 05:40:00,PDU-B02,45.1,PDU-B02-SP3
2026-06-06 05:45:00,PDU-B02,40.5,PDU-B02-SP3
2026-06-06 05:50:00,PDU-B02,42.7,PDU-B02-SP5
2026-06-06 05:55:00,PDU-B02,40.4,PDU-B02-SP5
2026-06-06 06:00:00,PDU-B02,47.5,PDU-B02-SP1
2026-06-06 06:05:00,PDU-B02,41.6,PDU-B02-SP3
2026-06-06 06:10:00,PDU-B02,45.0,PDU-B02-SP4
2026-06-06 06:15:00,PDU-B02,46.3,PDU-B02-SP4
2026-06-06 06:20:00,PDU-B02,46.2,PDU-B02-SP3
2026-06-06 06:25:00,PDU-B02,41.9,PDU-B02-SP4
2026-06-06 06:30:00,PDU-B02,45.3,PDU-B02-SP4
2026-06-06 06:35:00,PDU-B02,50.1,PDU-B02-SP3
2026-06-06 06:40:00,PDU-B02,47.7,PDU-B02-SP4
2026-06-06 06:45:00,PDU-B02,46.9,PDU-B02-SP4
2026-06-06 06:50:00,PDU-B02,46.9,PDU-B02-SP1
2026-06-06 06:55:00,PDU-B02,42.2,PDU-B02-SP1
2026-06-06 07:00:00,PDU-B02,35.1,PDU-B02-SP5
2026-06-06 07:05:00,PDU-B02,36.0,PDU-B02-SP5
2026-06-06 07:10:00,PDU-B02,33.1,PDU-B02-SP1
2026-06-06 07:15:00,PDU-B02,33.6,PDU-B02-SP4
2026-06-06 07:20:00,PDU-B02,36.7,PDU-B02-SP2
2026-06-06 07:25:00,PDU-B02,35.3,PDU-B02-SP1
2026-06-06 07:30:00,PDU-B02,33.0,PDU-B02-SP5
2026-06-06 07:35:00,PDU-B02,34.2,PDU-B02-SP1
2026-06-06 07:40:00,PDU-B02,35.8,PDU-B02-SP5
2026-06-06 07:45:00,PDU-B02,34.5,PDU-B02-SP3
2026-06-06 07:50:00,PDU-B02,36.9,PDU-B02-SP3
2026-06-06 07:55:00,PDU-B02,34.6,PDU-B02-SP4
2026-06-06 08:00:00,PDU-B02,33.1,PDU-B02-SP1
2026-06-06 08:05:00,PDU-B02,33.9,PDU-B02-SP2
2026-06-06 08:10:00,PDU-B02,34.8,PDU-B02-SP4
2026-06-06 08:15:00,PDU-B02,35.4,PDU-B02-SP2
2026-06-06 08:20:00,PDU-B02,33.8,PDU-B02-SP4
2026-06-06 08:25:00,PDU-B02,34.9,PDU-B02-SP4
2026-06-06 08:30:00,PDU-B02,35.7,PDU-B02-SP1
2026-06-06 08:35:00,PDU-B02,36.3,PDU-B02-SP4
2026-06-06 08:40:00,PDU-B02,35.8,PDU-B02-SP1
2026-06-06 08:45:00,PDU-B02,35.2,PDU-B02-SP2
2026-06-06 08:50:00,PDU-B02,33.7,PDU-B02-SP2
2026-06-06 08:55:00,PDU-B02,34.7,PDU-B02-SP4
2026-06-06 09:00:00,PDU-B02,68.8,PDU-B02-SP1
2026-06-06 09:05:00,PDU-B02,63.4,PDU-B02-SP4
2026-06-06 09:10:00,PDU-B02,60.2,PDU-B02-SP3
2026-06-06 09:15:00,PDU-B02,55.4,PDU-B02-SP5
2026-06-06 09:20:00,PDU-B02,64.4,PDU-B02-SP4
2026-06-06 09:25:00,PDU-B02,65.3,PDU-B02-SP2
2026-06-06 09:30:00,PDU-B02,57.3,PDU-B02-SP5
2026-06-06 09:35:00,PDU-B02,65.3,PDU-B02-SP5
2026-06-06 09:40:00,PDU-B02,67.1,PDU-B02-SP1
2026-06-06 09:45:00,PDU-B02,64.1,PDU-B02-SP3
2026-06-06 09:50:00,PDU-B02,68.3,PDU-B02-SP3
2026-06-06 09:55:00,PDU-B02,60.0,PDU-B02-SP1
2026-06-06 10:00:00,PDU-B02,62.1,PDU-B02-SP5
2026-06-06 10:05:00,PDU-B02,59.3,PDU-B02-SP1
2026-06-06 10:10:00,PDU-B02,60.5,PDU-B02-SP4
2026-06-06 10:15:00,PDU-B02,50.2,PDU-B02-SP2
2026-06-06 10:20:00,PDU-B02,67.8,PDU-B02-SP4
2026-06-06 10:25:00,PDU-B02,65.6,PDU-B02-SP1
2026-06-06 10:30:00,PDU-B02,61.3,PDU-B02-SP5
2026-06-06 10:35:00,PDU-B02,62.7,PDU-B02-SP5
2026-06-06 10:40:00,PDU-B02,65.1,PDU-B02-SP5
2026-06-06 10:45:00,PDU-B02,68.0,PDU-B02-SP4
2026-06-06 10:50:00,PDU-B02,51.0,PDU-B02-SP3
2026-06-06 10:55:00,PDU-B02,70.4,PDU-B02-SP2
2026-06-06 11:00:00,PDU-B02,59.1,PDU-B02-SP1
2026-06-06 11:05:00,PDU-B02,62.0,PDU-B02-SP3
2026-06-06 11:10:00,PDU-B02,60.9,PDU-B02-SP5
2026-06-06 11:15:00,PDU-B02,54.0,PDU-B02-SP5
2026-06-06 11:20:00,PDU-B02,62.5,PDU-B02-SP2
2026-06-06 11:25:00,PDU-B02,67.8,PDU-B02-SP2
2026-06-06 11:30:00,PDU-B02,68.4,PDU-B02-SP5
2026-06-06 11:35:00,PDU-B02,62.3,PDU-B02-SP3
2026-06-06 11:40:00,PDU-B02,65.9,PDU-B02-SP4
2026-06-06 11:45:00,PDU-B02,61.0,PDU-B02-SP5
2026-06-06 11:50:00,PDU-B02,54.1,PDU-B02-SP5
2026-06-06 11:55:00,PDU-B02,56.8,PDU-B02-SP3
2026-06-06 12:00:00,PDU-B02,70.0,PDU-B02-SP3
2026-06-06 12:05:00,PDU-B02,56.3,PDU-B02-SP3
2026-06-06 12:10:00,PDU-B02,62.2,PDU-B02-SP1
2026-06-06 12:15:00,PDU-B02,65.1,PDU-B02-SP1
2026-06-06 12:20:00,PDU-B02,59.5,PDU-B02-SP4
2026-06-06 12:25:00,PDU-B02,60.9,PDU-B02-SP1
2026-06-06 12:30:00,PDU-B02,57.2,PDU-B02-SP3
2026-06-06 12:35:00,PDU-B02,64.0,PDU-B02-SP3
2026-06-06 12:40:00,PDU-B02,67.8,PDU-B02-SP1
2026-06-06 12:45:00,PDU-B02,52.7,PDU-B02-SP3
2026-06-06 12:50:00,PDU-B02,68.0,PDU-B02-SP2
2026-06-06 12:55:00,PDU-B02,68.6,PDU-B02-SP1
2026-06-06 13:00:00,PDU-B02,55.4,PDU-B02-SP4
2026-06-06 13:05:00,PDU-B02,64.0,PDU-B02-SP1
2026-06-06 13:10:00,PDU-B02,70.6,PDU-B02-SP4
2026-06-06 13:15:00,PDU-B02,60.8,PDU-B02-SP1
2026-06-06 13:20:00,PDU-B02,54.1,PDU-B02-SP5
2026-06-06 13:25:00,PDU-B02,51.2,PDU-B02-SP1
2026-06-06 13:30:00,PDU-B02,58.7,PDU-B02-SP5
2026-06-06 13:35:00,PDU-B02,55.1,PDU-B02-SP5
2026-06-06 13:40:00,PDU-B02,55.0,PDU-B02-SP3
2026-06-06 13:45:00,PDU-B02,68.0,PDU-B02-SP3
2026-06-06 13:50:00,PDU-B02,63.2,PDU-B02-SP1
2026-06-06 13:55:00,PDU-B02,59.2,PDU-B02-SP5
2026-06-06 14:00:00,PDU-B02,71.1,PDU-B02-SP2
2026-06-06 14:05:00,PDU-B02,62.7,PDU-B02-SP3
2026-06-06 14:10:00,PDU-B02,51.5,PDU-B02-SP1
2026-06-06 14:15:00,PDU-B02,58.8,PDU-B02-SP1
2026-06-06 14:20:00,PDU-B02,65.9,PDU-B02-SP4
2026-06-06 14:25:00,PDU-B02,65.9,PDU-B02-SP4
2026-06-06 14:30:00,PDU-B02,56.7,PDU-B02-SP5
2026-06-06 14:35:00,PDU-B02,49.2,PDU-B02-SP1
2026-06-06 14:40:00,PDU-B02,53.3,PDU-B02-SP1
2026-06-06 14:45:00,PDU-B02,63.9,PDU-B02-SP4
2026-06-06 14:50:00,PDU-B02,55.5,PDU-B02-SP3
2026-06-06 14:55:00,PDU-B02,54.5,PDU-B02-SP5
2026-06-06 15:00:00,PDU-B02,58.2,PDU-B02-SP3
2026-06-06 15:05:00,PDU-B02,56.8,PDU-B02-SP4
2026-06-06 15:10:00,PDU-B02,66.3,PDU-B02-SP1
2026-06-06 15:15:00,PDU-B02,63.9,PDU-B02-SP2
2026-06-06 15:20:00,PDU-B02,56.6,PDU-B02-SP3
2026-06-06 15:25:00,PDU-B02,54.7,PDU-B02-SP5
2026-06-06 15:30:00,PDU-B02,53.5,PDU-B02-SP2
2026-06-06 15:35:00,PDU-B02,58.2,PDU-B02-SP2
2026-06-06 15:40:00,PDU-B02,60.1,PDU-B02-SP4
2026-06-06 15:45:00,PDU-B02,59.4,PDU-B02-SP1
2026-06-06 15:50:00,PDU-B02,54.5,PDU-B02-SP4
2026-06-06 15:55:00,PDU-B02,51.7,PDU-B02-SP3
2026-06-06 16:00:00,PDU-B02,54.1,PDU-B02-SP3
2026-06-06 16:05:00,PDU-B02,50.3,PDU-B02-SP4
2026-06-06 16:10:00,PDU-B02,56.1,PDU-B02-SP5
2026-06-06 16:15:00,PDU-B02,67.5,PDU-B02-SP3
2026-06-06 16:20:00,PDU-B02,65.5,PDU-B02-SP4
2026-06-06 16:25:00,PDU-B02,65.6,PDU-B02-SP5
2026-06-06 16:30:00,PDU-B02,59.4,PDU-B02-SP5
2026-06-06 16:35:00,PDU-B02,59.0,PDU-B02-SP5
2026-06-06 16:40:00,PDU-B02,59.1,PDU-B02-SP4
2026-06-06 16:45:00,PDU-B02,60.2,PDU-B02-SP2
2026-06-06 16:50:00,PDU-B02,52.8,PDU-B02-SP4
2026-06-06 16:55:00,PDU-B02,66.6,PDU-B02-SP5
2026-06-06 17:00:00,PDU-B02,69.0,PDU-B02-SP5
2026-06-06 17:05:00,PDU-B02,51.0,PDU-B02-SP3
2026-06-06 17:10:00,PDU-B02,61.3,PDU-B02-SP2
2026-06-06 17:15:00,PDU-B02,50.9,PDU-B02-SP3
2026-06-06 17:20:00,PDU-B02,53.8,PDU-B02-SP2
2026-06-06 17:25:00,PDU-B02,53.0,PDU-B02-SP5
2026-06-06 17:30:00,PDU-B02,52.1,PDU-B02-SP4
2026-06-06 17:35:00,PDU-B02,51.3,PDU-B02-SP5
2026-06-06 17:40:00,PDU-B02,60.4,PDU-B02-SP3
2026-06-06 17:45:00,PDU-B02,59.5,PDU-B02-SP5
2026-06-06 17:50:00,PDU-B02,61.8,PDU-B02-SP5
2026-06-06 17:55:00,PDU-B02,66.8,PDU-B02-SP2
2026-06-06 18:00:00,PDU-B02,55.3,PDU-B02-SP4
2026-06-06 18:05:00,PDU-B02,66.9,PDU-B02-SP5
2026-06-06 18:10:00,PDU-B02,59.3,PDU-B02-SP5
2026-06-06 18:15:00,PDU-B02,55.4,PDU-B02-SP4
2026-06-06 18:20:00,PDU-B02,48.7,PDU-B02-SP3
2026-06-06 18:25:00,PDU-B02,58.7,PDU-B02-SP3
2026-06-06 18:30:00,PDU-B02,69.2,PDU-B02-SP1
2026-06-06 18:35:00,PDU-B02,57.0,PDU-B02-SP2
2026-06-06 18:40:00,PDU-B02,69.9,PDU-B02-SP2
2026-06-06 18:45:00,PDU-B02,69.4,PDU-B02-SP1
2026-06-06 18:50:00,PDU-B02,48.4,PDU-B02-SP3
2026-06-06 18:55:00,PDU-B02,52.9,PDU-B02-SP4
2026-06-06 19:00:00,PDU-B02,47.8,PDU-B02-SP5
2026-06-06 19:05:00,PDU-B02,48.7,PDU-B02-SP3
2026-06-06 19:10:00,PDU-B02,47.8,PDU-B02-SP1
2026-06-06 19:15:00,PDU-B02,49.5,PDU-B02-SP5
2026-06-06 19:20:00,PDU-B02,39.0,PDU-B02-SP1
2026-06-06 19:25:00,PDU-B02,42.5,PDU-B02-SP4
2026-06-06 19:30:00,PDU-B02,44.1,PDU-B02-SP5
2026-06-06 19:35:00,PDU-B02,42.3,PDU-B02-SP5
2026-06-06 19:40:00,PDU-B02,45.5,PDU-B02-SP4
2026-06-06 19:45:00,PDU-B02,43.2,PDU-B02-SP2
2026-06-06 19:50:00,PDU-B02,40.3,PDU-B02-SP5
2026-06-06 19:55:00,PDU-B02,50.3,PDU-B02-SP1
2026-06-06 20:00:00,PDU-B02,43.6,PDU-B02-SP2
2026-06-06 20:05:00,PDU-B02,41.1,PDU-B02-SP4
2026-06-06 20:10:00,PDU-B02,45.5,PDU-B02-SP1
2026-06-06 20:15:00,PDU-B02,44.9,PDU-B02-SP5
2026-06-06 20:20:00,PDU-B02,45.1,PDU-B02-SP5
2026-06-06 20:25:00,PDU-B02,50.7,PDU-B02-SP5
2026-06-06 20:30:00,PDU-B02,51.0,PDU-B02-SP1
2026-06-06 20:35:00,PDU-B02,47.6,PDU-B02-SP4
2026-06-06 20:40:00,PDU-B02,46.4,PDU-B02-SP1
2026-06-06 20:45:00,PDU-B02,43.7,PDU-B02-SP1
2026-06-06 20:50:00,PDU-B02,43.6,PDU-B02-SP1
2026-06-06 20:55:00,PDU-B02,49.0,PDU-B02-SP3
2026-06-06 21:00:00,PDU-B02,48.4,PDU-B02-SP3
2026-06-06 21:05:00,PDU-B02,46.4,PDU-B02-SP2
2026-06-06 21:10:00,PDU-B02,47.0,PDU-B02-SP3
2026-06-06 21:15:00,PDU-B02,39.0,PDU-B02-SP2
2026-06-06 21:20:00,PDU-B02,50.2,PDU-B02-SP4
2026-06-06 21:25:00,PDU-B02,45.5,PDU-B02-SP4
2026-06-06 21:30:00,PDU-B02,38.3,PDU-B02-SP4
2026-06-06 21:35:00,PDU-B02,45.0,PDU-B02-SP1
2026-06-06 21:40:00,PDU-B02,46.3,PDU-B02-SP1
2026-06-06 21:45:00,PDU-B02,39.8,PDU-B02-SP5
2026-06-06 21:50:00,PDU-B02,46.1,PDU-B02-SP1
2026-06-06 21:55:00,PDU-B02,39.9,PDU-B02-SP5
2026-06-06 22:00:00,PDU-B02,47.5,PDU-B02-SP1
2026-06-06 22:05:00,PDU-B02,45.6,PDU-B02-SP2
2026-06-06 22:10:00,PDU-B02,39.5,PDU-B02-SP3
2026-06-06 22:15:00,PDU-B02,48.3,PDU-B02-SP3
2026-06-06 22:20:00,PDU-B02,41.8,PDU-B02-SP5
2026-06-06 22:25:00,PDU-B02,46.8,PDU-B02-SP4
2026-06-06 22:30:00,PDU-B02,43.5,PDU-B02-SP5
2026-06-06 22:35:00,PDU-B02,42.1,PDU-B02-SP2
2026-06-06 22:40:00,PDU-B02,40.7,PDU-B02-SP1
2026-06-06 22:45:00,PDU-B02,46.5,PDU-B02-SP3
2026-06-06 22:50:00,PDU-B02,40.9,PDU-B02-SP1
2026-06-06 22:55:00,PDU-B02,48.2,PDU-B02-SP5
2026-06-06 23:00:00,PDU-B02,50.3,PDU-B02-SP1
2026-06-06 23:05:00,PDU-B02,43.3,PDU-B02-SP2
2026-06-06 23:10:00,PDU-B02,48.9,PDU-B02-SP1
2026-06-06 23:15:00,PDU-B02,41.5,PDU-B02-SP3
2026-06-06 23:20:00,PDU-B02,40.7,PDU-B02-SP5
2026-06-06 23:25:00,PDU-B02,47.8,PDU-B02-SP3
2026-06-06 23:30:00,PDU-B02,43.8,PDU-B02-SP1
2026-06-06 23:35:00,PDU-B02,43.9,PDU-B02-SP3
2026-06-06 23:40:00,PDU-B02,43.2,PDU-B02-SP4
2026-06-06 23:45:00,PDU-B02,45.4,PDU-B02-SP1
2026-06-06 23:50:00,PDU-B02,47.3,PDU-B02-SP4
2026-06-06 23:55:00,PDU-B02,46.0,PDU-B02-SP3
2026-06-07 00:00:00,PDU-B02,38.1,PDU-B02-SP1
2026-06-07 00:05:00,PDU-B02,46.2,PDU-B02-SP3
2026-06-07 00:10:00,PDU-B02,39.4,PDU-B02-SP1
2026-06-07 00:15:00,PDU-B02,48.9,PDU-B02-SP5
2026-06-07 00:20:00,PDU-B02,39.0,PDU-B02-SP5
2026-06-07 00:25:00,PDU-B02,38.1,PDU-B02-SP4
2026-06-07 00:30:00,PDU-B02,42.0,PDU-B02-SP1
2026-06-07 00:35:00,PDU-B02,41.1,PDU-B02-SP5
2026-06-07 00:40:00,PDU-B02,45.8,PDU-B02-SP3
2026-06-07 00:45:00,PDU-B02,46.7,PDU-B02-SP1
2026-06-07 00:50:00,PDU-B02,46.4,PDU-B02-SP1
2026-06-07 00:55:00,PDU-B02,40.0,PDU-B02-SP5
2026-06-07 01:00:00,PDU-B02,45.0,PDU-B02-SP4
2026-06-07 01:05:00,PDU-B02,41.9,PDU-B02-SP5
2026-06-07 01:10:00,PDU-B02,40.1,PDU-B02-SP2
2026-06-07 01:15:00,PDU-B02,42.4,PDU-B02-SP2
2026-06-07 01:20:00,PDU-B02,38.4,PDU-B02-SP4
2026-06-07 01:25:00,PDU-B02,43.7,PDU-B02-SP5
2026-06-07 01:30:00,PDU-B02,50.6,PDU-B02-SP4
2026-06-07 01:35:00,PDU-B02,44.4,PDU-B02-SP5
2026-06-07 01:40:00,PDU-B02,47.1,PDU-B02-SP1
2026-06-07 01:45:00,PDU-B02,43.7,PDU-B02-SP1
2026-06-07 01:50:00,PDU-B02,46.1,PDU-B02-SP5
2026-06-07 01:55:00,PDU-B02,49.5,PDU-B02-SP3
2026-06-07 02:00:00,PDU-B02,46.8,PDU-B02-SP2
2026-06-07 02:05:00,PDU-B02,48.1,PDU-B02-SP4
2026-06-07 02:10:00,PDU-B02,41.5,PDU-B02-SP5
2026-06-07 02:15:00,PDU-B02,41.4,PDU-B02-SP1
2026-06-07 02:20:00,PDU-B02,44.0,PDU-B02-SP2
2026-06-07 02:25:00,PDU-B02,39.5,PDU-B02-SP5
2026-06-07 02:30:00,PDU-B02,44.3,PDU-B02-SP4
2026-06-07 02:35:00,PDU-B02,48.5,PDU-B02-SP2
2026-06-07 02:40:00,PDU-B02,39.9,PDU-B02-SP5
2026-06-07 02:45:00,PDU-B02,49.7,PDU-B02-SP4
2026-06-07 02:50:00,PDU-B02,43.3,PDU-B02-SP3
2026-06-07 02:55:00,PDU-B02,43.2,PDU-B02-SP1
2026-06-07 03:00:00,PDU-B02,49.2,PDU-B02-SP2
2026-06-07 03:05:00,PDU-B02,50.7,PDU-B02-SP1
2026-06-07 03:10:00,PDU-B02,42.1,PDU-B02-SP4
2026-06-07 03:15:00,PDU-B02,48.5,PDU-B02-SP5
2026-06-07 03:20:00,PDU-B02,41.7,PDU-B02-SP3
2026-06-07 03:25:00,PDU-B02,44.8,PDU-B02-SP4
2026-06-07 03:30:00,PDU-B02,48.5,PDU-B02-SP4
2026-06-07 03:35:00,PDU-B02,40.3,PDU-B02-SP5
2026-06-07 03:40:00,PDU-B02,41.1,PDU-B02-SP2
2026-06-07 03:45:00,PDU-B02,48.3,PDU-B02-SP4
2026-06-07 03:50:00,PDU-B02,39.9,PDU-B02-SP1
2026-06-07 03:55:00,PDU-B02,40.4,PDU-B02-SP5
2026-06-07 04:00:00,PDU-B02,47.0,PDU-B02-SP4
2026-06-07 04:05:00,PDU-B02,42.9,PDU-B02-SP1
2026-06-07 04:10:00,PDU-B02,41.5,PDU-B02-SP4
2026-06-07 04:15:00,PDU-B02,42.9,PDU-B02-SP3
2026-06-07 04:20:00,PDU-B02,40.4,PDU-B02-SP1
2026-06-07 04:25:00,PDU-B02,45.8,PDU-B02-SP1
2026-06-07 04:30:00,PDU-B02,46.2,PDU-B02-SP1
2026-06-07 04:35:00,PDU-B02,48.8,PDU-B02-SP5
2026-06-07 04:40:00,PDU-B02,39.0,PDU-B02-SP2
2026-06-07 04:45:00,PDU-B02,44.6,PDU-B02-SP2
2026-06-07 04:50:00,PDU-B02,38.3,PDU-B02-SP2
2026-06-07 04:55:00,PDU-B02,47.6,PDU-B02-SP4
2026-06-07 05:00:00,PDU-B02,47.6,PDU-B02-SP5
2026-06-07 05:05:00,PDU-B02,44.5,PDU-B02-SP5
2026-06-07 05:10:00,PDU-B02,44.9,PDU-B02-SP4
2026-06-07 05:15:00,PDU-B02,40.0,PDU-B02-SP5
2026-06-07 05:20:00,PDU-B02,42.3,PDU-B02-SP4
2026-06-07 05:25:00,PDU-B02,44.1,PDU-B02-SP4
2026-06-07 05:30:00,PDU-B02,49.9,PDU-B02-SP3
2026-06-07 05:35:00,PDU-B02,49.9,PDU-B02-SP5
2026-06-07 05:40:00,PDU-B02,47.6,PDU-B02-SP3
2026-06-07 05:45:00,PDU-B02,49.1,PDU-B02-SP3
2026-06-07 05:50:00,PDU-B02,48.3,PDU-B02-SP2
2026-06-07 05:55:00,PDU-B02,43.1,PDU-B02-SP1
2026-06-07 06:00:00,PDU-B02,44.4,PDU-B02-SP5
2026-06-07 06:05:00,PDU-B02,44.9,PDU-B02-SP3
2026-06-07 06:10:00,PDU-B02,44.0,PDU-B02-SP3
2026-06-07 06:15:00,PDU-B02,47.0,PDU-B02-SP4
2026-06-07 06:20:00,PDU-B02,39.4,PDU-B02-SP3
2026-06-07 06:25:00,PDU-B02,40.6,PDU-B02-SP4
2026-06-07 06:30:00,PDU-B02,40.4,PDU-B02-SP4
2026-06-07 06:35:00,PDU-B02,41.0,PDU-B02-SP4
2026-06-07 06:40:00,PDU-B02,39.8,PDU-B02-SP2
2026-06-07 06:45:00,PDU-B02,42.1,PDU-B02-SP4
2026-06-07 06:50:00,PDU-B02,38.9,PDU-B02-SP2
2026-06-07 06:55:00,PDU-B02,48.9,PDU-B02-SP4
2026-06-07 07:00:00,PDU-B02,33.1,PDU-B02-SP2
2026-06-07 07:05:00,PDU-B02,34.4,PDU-B02-SP1
2026-06-07 07:10:00,PDU-B02,34.5,PDU-B02-SP3
2026-06-07 07:15:00,PDU-B02,33.1,PDU-B02-SP3
2026-06-07 07:20:00,PDU-B02,36.8,PDU-B02-SP1
2026-06-07 07:25:00,PDU-B02,33.3,PDU-B02-SP2
2026-06-07 07:30:00,PDU-B02,35.7,PDU-B02-SP1
2026-06-07 07:35:00,PDU-B02,34.7,PDU-B02-SP1
2026-06-07 07:40:00,PDU-B02,34.3,PDU-B02-SP1
2026-06-07 07:45:00,PDU-B02,34.4,PDU-B02-SP4
2026-06-07 07:50:00,PDU-B02,35.3,PDU-B02-SP3
2026-06-07 07:55:00,PDU-B02,33.5,PDU-B02-SP3
2026-06-07 08:00:00,PDU-B02,34.2,PDU-B02-SP2
2026-06-07 08:05:00,PDU-B02,34.0,PDU-B02-SP3
2026-06-07 08:10:00,PDU-B02,34.2,PDU-B02-SP5
2026-06-07 08:15:00,PDU-B02,34.1,PDU-B02-SP4
2026-06-07 08:20:00,PDU-B02,36.9,PDU-B02-SP3
2026-06-07 08:25:00,PDU-B02,33.9,PDU-B02-SP3
2026-06-07 08:30:00,PDU-B02,35.8,PDU-B02-SP4
2026-06-07 08:35:00,PDU-B02,35.3,PDU-B02-SP3
2026-06-07 08:40:00,PDU-B02,35.9,PDU-B02-SP1
2026-06-07 08:45:00,PDU-B02,35.3,PDU-B02-SP1
2026-06-07 08:50:00,PDU-B02,36.0,PDU-B02-SP5
2026-06-07 08:55:00,PDU-B02,35.5,PDU-B02-SP5
2026-06-07 09:00:00,PDU-B02,59.8,PDU-B02-SP3
2026-06-07 09:05:00,PDU-B02,66.6,PDU-B02-SP2
2026-06-07 09:10:00,PDU-B02,58.1,PDU-B02-SP1
2026-06-07 09:15:00,PDU-B02,59.9,PDU-B02-SP3
2026-06-07 09:20:00,PDU-B02,64.2,PDU-B02-SP5
2026-06-07 09:25:00,PDU-B02,59.4,PDU-B02-SP1
2026-06-07 09:30:00,PDU-B02,57.4,PDU-B02-SP2
2026-06-07 09:35:00,PDU-B02,71.4,PDU-B02-SP4
2026-06-07 09:40:00,PDU-B02,68.2,PDU-B02-SP1
2026-06-07 09:45:00,PDU-B02,59.8,PDU-B02-SP1
2026-06-07 09:50:00,PDU-B02,64.5,PDU-B02-SP2
2026-06-07 09:55:00,PDU-B02,53.7,PDU-B02-SP4
2026-06-07 10:00:00,PDU-B02,58.6,PDU-B02-SP2
2026-06-07 10:05:00,PDU-B02,64.2,PDU-B02-SP4
2026-06-07 10:10:00,PDU-B02,55.0,PDU-B02-SP2
2026-06-07 10:15:00,PDU-B02,62.8,PDU-B02-SP3
2026-06-07 10:20:00,PDU-B02,53.9,PDU-B02-SP5
2026-06-07 10:25:00,PDU-B02,67.7,PDU-B02-SP2
2026-06-07 10:30:00,PDU-B02,68.0,PDU-B02-SP4
2026-06-07 10:35:00,PDU-B02,59.0,PDU-B02-SP2
2026-06-07 10:40:00,PDU-B02,54.9,PDU-B02-SP2
2026-06-07 10:45:00,PDU-B02,63.3,PDU-B02-SP2
2026-06-07 10:50:00,PDU-B02,65.9,PDU-B02-SP2
2026-06-07 10:55:00,PDU-B02,49.9,PDU-B02-SP2
2026-06-07 11:00:00,PDU-B02,48.8,PDU-B02-SP1
2026-06-07 11:05:00,PDU-B02,51.8,PDU-B02-SP2
2026-06-07 11:10:00,PDU-B02,63.9,PDU-B02-SP3
2026-06-07 11:15:00,PDU-B02,54.7,PDU-B02-SP3
2026-06-07 11:20:00,PDU-B02,58.2,PDU-B02-SP5
2026-06-07 11:25:00,PDU-B02,62.1,PDU-B02-SP1
2026-06-07 11:30:00,PDU-B02,65.9,PDU-B02-SP3
2026-06-07 11:35:00,PDU-B02,66.6,PDU-B02-SP3
2026-06-07 11:40:00,PDU-B02,62.3,PDU-B02-SP4
2026-06-07 11:45:00,PDU-B02,52.9,PDU-B02-SP3
2026-06-07 11:50:00,PDU-B02,59.5,PDU-B02-SP5
2026-06-07 11:55:00,PDU-B02,51.6,PDU-B02-SP2
2026-06-07 12:00:00,PDU-B02,50.5,PDU-B02-SP4
2026-06-07 12:05:00,PDU-B02,67.7,PDU-B02-SP2
2026-06-07 12:10:00,PDU-B02,62.2,PDU-B02-SP4
2026-06-07 12:15:00,PDU-B02,70.8,PDU-B02-SP2
2026-06-07 12:20:00,PDU-B02,68.2,PDU-B02-SP4
2026-06-07 12:25:00,PDU-B02,58.2,PDU-B02-SP1
2026-06-07 12:30:00,PDU-B02,59.2,PDU-B02-SP1
2026-06-07 12:35:00,PDU-B02,68.7,PDU-B02-SP3
2026-06-07 12:40:00,PDU-B02,62.7,PDU-B02-SP4
2026-06-07 12:45:00,PDU-B02,50.3,PDU-B02-SP1
2026-06-07 12:50:00,PDU-B02,56.0,PDU-B02-SP3
2026-06-07 12:55:00,PDU-B02,61.0,PDU-B02-SP5
2026-06-07 13:00:00,PDU-B02,64.5,PDU-B02-SP3
2026-06-07 13:05:00,PDU-B02,53.0,PDU-B02-SP4
2026-06-07 13:10:00,PDU-B02,65.0,PDU-B02-SP1
2026-06-07 13:15:00,PDU-B02,52.6,PDU-B02-SP1
2026-06-07 13:20:00,PDU-B02,65.0,PDU-B02-SP4
2026-06-07 13:25:00,PDU-B02,65.1,PDU-B02-SP2
2026-06-07 13:30:00,PDU-B02,58.2,PDU-B02-SP3
2026-06-07 13:35:00,PDU-B02,59.4,PDU-B02-SP4
2026-06-07 13:40:00,PDU-B02,64.7,PDU-B02-SP1
2026-06-07 13:45:00,PDU-B02,54.5,PDU-B02-SP5
2026-06-07 13:50:00,PDU-B02,62.7,PDU-B02-SP4
2026-06-07 13:55:00,PDU-B02,68.8,PDU-B02-SP4
2026-06-07 14:00:00,PDU-B02,63.7,PDU-B02-SP4
2026-06-07 14:05:00,PDU-B02,55.7,PDU-B02-SP5
2026-06-07 14:10:00,PDU-B02,54.3,PDU-B02-SP2
2026-06-07 14:15:00,PDU-B02,70.4,PDU-B02-SP5
2026-06-07 14:20:00,PDU-B02,64.6,PDU-B02-SP5
2026-06-07 14:25:00,PDU-B02,65.5,PDU-B02-SP5
2026-06-07 14:30:00,PDU-B02,64.8,PDU-B02-SP5
2026-06-07 14:35:00,PDU-B02,58.9,PDU-B02-SP5
2026-06-07 14:40:00,PDU-B02,69.0,PDU-B02-SP1
2026-06-07 14:45:00,PDU-B02,67.7,PDU-B02-SP2
2026-06-07 14:50:00,PDU-B02,52.5,PDU-B02-SP4
2026-06-07 14:55:00,PDU-B02,54.4,PDU-B02-SP2
2026-06-07 15:00:00,PDU-B02,68.5,PDU-B02-SP4
2026-06-07 15:05:00,PDU-B02,50.4,PDU-B02-SP5
2026-06-07 15:10:00,PDU-B02,63.5,PDU-B02-SP5
2026-06-07 15:15:00,PDU-B02,64.4,PDU-B02-SP1
2026-06-07 15:20:00,PDU-B02,55.7,PDU-B02-SP3
2026-06-07 15:25:00,PDU-B02,52.6,PDU-B02-SP1
2026-06-07 15:30:00,PDU-B02,53.5,PDU-B02-SP2
2026-06-07 15:35:00,PDU-B02,51.5,PDU-B02-SP5
2026-06-07 15:40:00,PDU-B02,70.3,PDU-B02-SP3
2026-06-07 15:45:00,PDU-B02,68.0,PDU-B02-SP2
2026-06-07 15:50:00,PDU-B02,57.7,PDU-B02-SP5
2026-06-07 15:55:00,PDU-B02,62.2,PDU-B02-SP5
2026-06-07 16:00:00,PDU-B02,65.6,PDU-B02-SP2
2026-06-07 16:05:00,PDU-B02,54.2,PDU-B02-SP5
2026-06-07 16:10:00,PDU-B02,61.2,PDU-B02-SP5
2026-06-07 16:15:00,PDU-B02,68.6,PDU-B02-SP4
2026-06-07 16:20:00,PDU-B02,60.0,PDU-B02-SP1
2026-06-07 16:25:00,PDU-B02,68.5,PDU-B02-SP3
2026-06-07 16:30:00,PDU-B02,61.0,PDU-B02-SP3
2026-06-07 16:35:00,PDU-B02,61.3,PDU-B02-SP5
2026-06-07 16:40:00,PDU-B02,62.2,PDU-B02-SP3
2026-06-07 16:45:00,PDU-B02,58.8,PDU-B02-SP3
2026-06-07 16:50:00,PDU-B02,61.1,PDU-B02-SP5
2026-06-07 16:55:00,PDU-B02,56.5,PDU-B02-SP4
2026-06-07 17:00:00,PDU-B02,54.6,PDU-B02-SP2
2026-06-07 17:05:00,PDU-B02,70.8,PDU-B02-SP4
2026-06-07 17:10:00,PDU-B02,52.7,PDU-B02-SP1
2026-06-07 17:15:00,PDU-B02,51.2,PDU-B02-SP5
2026-06-07 17:20:00,PDU-B02,67.3,PDU-B02-SP4
2026-06-07 17:25:00,PDU-B02,56.0,PDU-B02-SP4
2026-06-07 17:30:00,PDU-B02,58.1,PDU-B02-SP4
2026-06-07 17:35:00,PDU-B02,63.3,PDU-B02-SP3
2026-06-07 17:40:00,PDU-B02,57.3,PDU-B02-SP5
2026-06-07 17:45:00,PDU-B02,68.2,PDU-B02-SP3
2026-06-07 17:50:00,PDU-B02,67.2,PDU-B02-SP2
2026-06-07 17:55:00,PDU-B02,54.8,PDU-B02-SP1
2026-06-07 18:00:00,PDU-B02,49.7,PDU-B02-SP4
2026-06-07 18:05:00,PDU-B02,57.9,PDU-B02-SP4
2026-06-07 18:10:00,PDU-B02,67.6,PDU-B02-SP3
2026-06-07 18:15:00,PDU-B02,63.1,PDU-B02-SP4
2026-06-07 18:20:00,PDU-B02,56.7,PDU-B02-SP1
2026-06-07 18:25:00,PDU-B02,54.6,PDU-B02-SP3
2026-06-07 18:30:00,PDU-B02,56.3,PDU-B02-SP5
2026-06-07 18:35:00,PDU-B02,64.0,PDU-B02-SP1
2026-06-07 18:40:00,PDU-B02,54.3,PDU-B02-SP2
2026-06-07 18:45:00,PDU-B02,53.7,PDU-B02-SP5
2026-06-07 18:50:00,PDU-B02,68.0,PDU-B02-SP2
2026-06-07 18:55:00,PDU-B02,68.0,PDU-B02-SP1
2026-06-07 19:00:00,PDU-B02,46.8,PDU-B02-SP2
2026-06-07 19:05:00,PDU-B02,41.7,PDU-B02-SP5
2026-06-07 19:10:00,PDU-B02,44.0,PDU-B02-SP2
2026-06-07 19:15:00,PDU-B02,49.1,PDU-B02-SP4
2026-06-07 19:20:00,PDU-B02,37.8,PDU-B02-SP3
2026-06-07 19:25:00,PDU-B02,47.2,PDU-B02-SP5
2026-06-07 19:30:00,PDU-B02,43.4,PDU-B02-SP3
2026-06-07 19:35:00,PDU-B02,46.1,PDU-B02-SP5
2026-06-07 19:40:00,PDU-B02,40.2,PDU-B02-SP1
2026-06-07 19:45:00,PDU-B02,48.0,PDU-B02-SP4
2026-06-07 19:50:00,PDU-B02,50.2,PDU-B02-SP5
2026-06-07 19:55:00,PDU-B02,47.2,PDU-B02-SP3
2026-06-07 20:00:00,PDU-B02,41.3,PDU-B02-SP3
2026-06-07 20:05:00,PDU-B02,39.7,PDU-B02-SP5
2026-06-07 20:10:00,PDU-B02,40.0,PDU-B02-SP3
2026-06-07 20:15:00,PDU-B02,48.9,PDU-B02-SP3
2026-06-07 20:20:00,PDU-B02,46.8,PDU-B02-SP4
2026-06-07 20:25:00,PDU-B02,42.3,PDU-B02-SP1
2026-06-07 20:30:00,PDU-B02,45.3,PDU-B02-SP2
2026-06-07 20:35:00,PDU-B02,46.0,PDU-B02-SP3
2026-06-07 20:40:00,PDU-B02,45.9,PDU-B02-SP5
2026-06-07 20:45:00,PDU-B02,40.1,PDU-B02-SP4
2026-06-07 20:50:00,PDU-B02,39.9,PDU-B02-SP3
2026-06-07 20:55:00,PDU-B02,42.6,PDU-B02-SP1
2026-06-07 21:00:00,PDU-B02,49.7,PDU-B02-SP3
2026-06-07 21:05:00,PDU-B02,49.4,PDU-B02-SP2
2026-06-07 21:10:00,PDU-B02,41.8,PDU-B02-SP1
2026-06-07 21:15:00,PDU-B02,45.5,PDU-B02-SP2
2026-06-07 21:20:00,PDU-B02,37.8,PDU-B02-SP4
2026-06-07 21:25:00,PDU-B02,46.2,PDU-B02-SP5
2026-06-07 21:30:00,PDU-B02,43.3,PDU-B02-SP3
2026-06-07 21:35:00,PDU-B02,48.0,PDU-B02-SP3
2026-06-07 21:40:00,PDU-B02,41.3,PDU-B02-SP3
2026-06-07 21:45:00,PDU-B02,50.7,PDU-B02-SP2
2026-06-07 21:50:00,PDU-B02,41.2,PDU-B02-SP2
2026-06-07 21:55:00,PDU-B02,47.5,PDU-B02-SP5
2026-06-07 22:00:00,PDU-B02,49.4,PDU-B02-SP3
2026-06-07 22:05:00,PDU-B02,39.8,PDU-B02-SP2
2026-06-07 22:10:00,PDU-B02,45.0,PDU-B02-SP4
2026-06-07 22:15:00,PDU-B02,39.9,PDU-B02-SP5
2026-06-07 22:20:00,PDU-B02,43.6,PDU-B02-SP3
2026-06-07 22:25:00,PDU-B02,40.5,PDU-B02-SP4
2026-06-07 22:30:00,PDU-B02,42.3,PDU-B02-SP1
2026-06-07 22:35:00,PDU-B02,48.1,PDU-B02-SP1
2026-06-07 22:40:00,PDU-B02,42.0,PDU-B02-SP5
2026-06-07 22:45:00,PDU-B02,43.2,PDU-B02-SP1
2026-06-07 22:50:00,PDU-B02,45.0,PDU-B02-SP5
2026-06-07 22:55:00,PDU-B02,50.3,PDU-B02-SP1
2026-06-07 23:00:00,PDU-B02,44.2,PDU-B02-SP3
2026-06-07 23:05:00,PDU-B02,49.1,PDU-B02-SP3
2026-06-07 23:10:00,PDU-B02,48.3,PDU-B02-SP4
2026-06-07 23:15:00,PDU-B02,46.2,PDU-B02-SP1
2026-06-07 23:20:00,PDU-B02,51.0,PDU-B02-SP2
2026-06-07 23:25:00,PDU-B02,41.4,PDU-B02-SP2
2026-06-07 23:30:00,PDU-B02,44.7,PDU-B02-SP5
2026-06-07 23:35:00,PDU-B02,44.8,PDU-B02-SP2
2026-06-07 23:40:00,PDU-B02,47.6,PDU-B02-SP5
2026-06-07 23:45:00,PDU-B02,40.5,PDU-B02-SP4
2026-06-07 23:50:00,PDU-B02,41.6,PDU-B02-SP5
2026-06-07 23:55:00,PDU-B02,45.7,PDU-B02-SP5
2026-06-01 00:00:00,PDU-C01,42.0,PDU-C01-SP4
2026-06-01 00:05:00,PDU-C01,46.2,PDU-C01-SP1
2026-06-01 00:10:00,PDU-C01,45.7,PDU-C01-SP4
2026-06-01 00:15:00,PDU-C01,41.3,PDU-C01-SP5
2026-06-01 00:20:00,PDU-C01,41.1,PDU-C01-SP5
2026-06-01 00:25:00,PDU-C01,45.7,PDU-C01-SP4
2026-06-01 00:30:00,PDU-C01,47.1,PDU-C01-SP1
2026-06-01 00:35:00,PDU-C01,41.1,PDU-C01-SP4
2026-06-01 00:40:00,PDU-C01,45.9,PDU-C01-SP3
2026-06-01 00:45:00,PDU-C01,45.0,PDU-C01-SP4
2026-06-01 00:50:00,PDU-C01,42.2,PDU-C01-SP2
2026-06-01 00:55:00,PDU-C01,44.8,PDU-C01-SP4
2026-06-01 01:00:00,PDU-C01,43.6,PDU-C01-SP2
2026-06-01 01:05:00,PDU-C01,50.3,PDU-C01-SP4
2026-06-01 01:10:00,PDU-C01,38.8,PDU-C01-SP4
2026-06-01 01:15:00,PDU-C01,45.2,PDU-C01-SP5
2026-06-01 01:20:00,PDU-C01,40.7,PDU-C01-SP1
2026-06-01 01:25:00,PDU-C01,46.2,PDU-C01-SP1
2026-06-01 01:30:00,PDU-C01,41.0,PDU-C01-SP5
2026-06-01 01:35:00,PDU-C01,44.3,PDU-C01-SP1
2026-06-01 01:40:00,PDU-C01,43.2,PDU-C01-SP1
2026-06-01 01:45:00,PDU-C01,46.1,PDU-C01-SP4
2026-06-01 01:50:00,PDU-C01,44.3,PDU-C01-SP5
2026-06-01 01:55:00,PDU-C01,37.9,PDU-C01-SP4
2026-06-01 02:00:00,PDU-C01,44.3,PDU-C01-SP2
2026-06-01 02:05:00,PDU-C01,44.1,PDU-C01-SP5
2026-06-01 02:10:00,PDU-C01,44.6,PDU-C01-SP3
2026-06-01 02:15:00,PDU-C01,49.0,PDU-C01-SP4
2026-06-01 02:20:00,PDU-C01,46.7,PDU-C01-SP4
2026-06-01 02:25:00,PDU-C01,48.1,PDU-C01-SP3
2026-06-01 02:30:00,PDU-C01,39.4,PDU-C01-SP4
2026-06-01 02:35:00,PDU-C01,44.3,PDU-C01-SP5
2026-06-01 02:40:00,PDU-C01,49.1,PDU-C01-SP2
2026-06-01 02:45:00,PDU-C01,43.5,PDU-C01-SP1
2026-06-01 02:50:00,PDU-C01,47.6,PDU-C01-SP1
2026-06-01 02:55:00,PDU-C01,48.8,PDU-C01-SP2
2026-06-01 03:00:00,PDU-C01,39.4,PDU-C01-SP1
2026-06-01 03:05:00,PDU-C01,47.6,PDU-C01-SP4
2026-06-01 03:10:00,PDU-C01,44.6,PDU-C01-SP2
2026-06-01 03:15:00,PDU-C01,46.2,PDU-C01-SP5
2026-06-01 03:20:00,PDU-C01,47.1,PDU-C01-SP2
2026-06-01 03:25:00,PDU-C01,45.5,PDU-C01-SP3
2026-06-01 03:30:00,PDU-C01,41.1,PDU-C01-SP5
2026-06-01 03:35:00,PDU-C01,43.3,PDU-C01-SP1
2026-06-01 03:40:00,PDU-C01,41.7,PDU-C01-SP4
2026-06-01 03:45:00,PDU-C01,50.1,PDU-C01-SP1
2026-06-01 03:50:00,PDU-C01,49.0,PDU-C01-SP3
2026-06-01 03:55:00,PDU-C01,47.2,PDU-C01-SP5
2026-06-01 04:00:00,PDU-C01,48.4,PDU-C01-SP4
2026-06-01 04:05:00,PDU-C01,49.1,PDU-C01-SP5
2026-06-01 04:10:00,PDU-C01,38.0,PDU-C01-SP4
2026-06-01 04:15:00,PDU-C01,48.5,PDU-C01-SP4
2026-06-01 04:20:00,PDU-C01,46.4,PDU-C01-SP2
2026-06-01 04:25:00,PDU-C01,43.4,PDU-C01-SP3
2026-06-01 04:30:00,PDU-C01,43.0,PDU-C01-SP3
2026-06-01 04:35:00,PDU-C01,43.4,PDU-C01-SP3
2026-06-01 04:40:00,PDU-C01,40.3,PDU-C01-SP2
2026-06-01 04:45:00,PDU-C01,47.7,PDU-C01-SP4
2026-06-01 04:50:00,PDU-C01,50.7,PDU-C01-SP1
2026-06-01 04:55:00,PDU-C01,45.5,PDU-C01-SP5
2026-06-01 05:00:00,PDU-C01,41.4,PDU-C01-SP4
2026-06-01 05:05:00,PDU-C01,43.4,PDU-C01-SP1
2026-06-01 05:10:00,PDU-C01,44.7,PDU-C01-SP3
2026-06-01 05:15:00,PDU-C01,45.7,PDU-C01-SP5
2026-06-01 05:20:00,PDU-C01,49.7,PDU-C01-SP4
2026-06-01 05:25:00,PDU-C01,41.6,PDU-C01-SP5
2026-06-01 05:30:00,PDU-C01,46.3,PDU-C01-SP1
2026-06-01 05:35:00,PDU-C01,41.8,PDU-C01-SP3
2026-06-01 05:40:00,PDU-C01,46.8,PDU-C01-SP3
2026-06-01 05:45:00,PDU-C01,48.1,PDU-C01-SP2
2026-06-01 05:50:00,PDU-C01,40.7,PDU-C01-SP4
2026-06-01 05:55:00,PDU-C01,49.3,PDU-C01-SP1
2026-06-01 06:00:00,PDU-C01,45.6,PDU-C01-SP3
2026-06-01 06:05:00,PDU-C01,45.2,PDU-C01-SP4
2026-06-01 06:10:00,PDU-C01,39.1,PDU-C01-SP2
2026-06-01 06:15:00,PDU-C01,43.5,PDU-C01-SP4
2026-06-01 06:20:00,PDU-C01,46.4,PDU-C01-SP1
2026-06-01 06:25:00,PDU-C01,43.3,PDU-C01-SP3
2026-06-01 06:30:00,PDU-C01,45.6,PDU-C01-SP4
2026-06-01 06:35:00,PDU-C01,43.7,PDU-C01-SP5
2026-06-01 06:40:00,PDU-C01,38.5,PDU-C01-SP1
2026-06-01 06:45:00,PDU-C01,44.5,PDU-C01-SP2
2026-06-01 06:50:00,PDU-C01,40.5,PDU-C01-SP4
2026-06-01 06:55:00,PDU-C01,43.5,PDU-C01-SP3
2026-06-01 07:00:00,PDU-C01,36.6,PDU-C01-SP1
2026-06-01 07:05:00,PDU-C01,33.9,PDU-C01-SP3
2026-06-01 07:10:00,PDU-C01,36.4,PDU-C01-SP4
2026-06-01 07:15:00,PDU-C01,34.5,PDU-C01-SP1
2026-06-01 07:20:00,PDU-C01,35.8,PDU-C01-SP3
2026-06-01 07:25:00,PDU-C01,36.3,PDU-C01-SP2
2026-06-01 07:30:00,PDU-C01,35.8,PDU-C01-SP4
2026-06-01 07:35:00,PDU-C01,34.2,PDU-C01-SP2
2026-06-01 07:40:00,PDU-C01,35.4,PDU-C01-SP2
2026-06-01 07:45:00,PDU-C01,35.1,PDU-C01-SP3
2026-06-01 07:50:00,PDU-C01,35.7,PDU-C01-SP2
2026-06-01 07:55:00,PDU-C01,36.9,PDU-C01-SP1
2026-06-01 08:00:00,PDU-C01,36.2,PDU-C01-SP4
2026-06-01 08:05:00,PDU-C01,36.8,PDU-C01-SP3
2026-06-01 08:10:00,PDU-C01,36.9,PDU-C01-SP1
2026-06-01 08:15:00,PDU-C01,35.3,PDU-C01-SP5
2026-06-01 08:20:00,PDU-C01,34.5,PDU-C01-SP2
2026-06-01 08:25:00,PDU-C01,33.5,PDU-C01-SP2
2026-06-01 08:30:00,PDU-C01,34.7,PDU-C01-SP4
2026-06-01 08:35:00,PDU-C01,34.8,PDU-C01-SP5
2026-06-01 08:40:00,PDU-C01,36.0,PDU-C01-SP4
2026-06-01 08:45:00,PDU-C01,34.7,PDU-C01-SP1
2026-06-01 08:50:00,PDU-C01,33.0,PDU-C01-SP3
2026-06-01 08:55:00,PDU-C01,36.0,PDU-C01-SP2
2026-06-01 09:00:00,PDU-C01,56.8,PDU-C01-SP1
2026-06-01 09:05:00,PDU-C01,54.1,PDU-C01-SP2
2026-06-01 09:10:00,PDU-C01,53.5,PDU-C01-SP2
2026-06-01 09:15:00,PDU-C01,55.7,PDU-C01-SP1
2026-06-01 09:20:00,PDU-C01,53.4,PDU-C01-SP4
2026-06-01 09:25:00,PDU-C01,69.7,PDU-C01-SP4
2026-06-01 09:30:00,PDU-C01,60.2,PDU-C01-SP1
2026-06-01 09:35:00,PDU-C01,53.3,PDU-C01-SP5
2026-06-01 09:40:00,PDU-C01,50.0,PDU-C01-SP3
2026-06-01 09:45:00,PDU-C01,55.1,PDU-C01-SP3
2026-06-01 09:50:00,PDU-C01,56.3,PDU-C01-SP2
2026-06-01 09:55:00,PDU-C01,56.3,PDU-C01-SP1
2026-06-01 10:00:00,PDU-C01,60.6,PDU-C01-SP3
2026-06-01 10:05:00,PDU-C01,57.9,PDU-C01-SP4
2026-06-01 10:10:00,PDU-C01,64.7,PDU-C01-SP4
2026-06-01 10:15:00,PDU-C01,55.9,PDU-C01-SP4
2026-06-01 10:20:00,PDU-C01,54.6,PDU-C01-SP3
2026-06-01 10:25:00,PDU-C01,65.3,PDU-C01-SP5
2026-06-01 10:30:00,PDU-C01,62.1,PDU-C01-SP2
2026-06-01 10:35:00,PDU-C01,62.7,PDU-C01-SP4
2026-06-01 10:40:00,PDU-C01,59.0,PDU-C01-SP1
2026-06-01 10:45:00,PDU-C01,54.2,PDU-C01-SP2
2026-06-01 10:50:00,PDU-C01,70.4,PDU-C01-SP5
2026-06-01 10:55:00,PDU-C01,58.4,PDU-C01-SP3
2026-06-01 11:00:00,PDU-C01,57.8,PDU-C01-SP2
2026-06-01 11:05:00,PDU-C01,67.8,PDU-C01-SP3
2026-06-01 11:10:00,PDU-C01,67.3,PDU-C01-SP3
2026-06-01 11:15:00,PDU-C01,67.1,PDU-C01-SP2
2026-06-01 11:20:00,PDU-C01,55.3,PDU-C01-SP2
2026-06-01 11:25:00,PDU-C01,60.7,PDU-C01-SP2
2026-06-01 11:30:00,PDU-C01,67.4,PDU-C01-SP3
2026-06-01 11:35:00,PDU-C01,56.4,PDU-C01-SP1
2026-06-01 11:40:00,PDU-C01,57.4,PDU-C01-SP5
2026-06-01 11:45:00,PDU-C01,65.2,PDU-C01-SP1
2026-06-01 11:50:00,PDU-C01,53.1,PDU-C01-SP5
2026-06-01 11:55:00,PDU-C01,59.2,PDU-C01-SP5
2026-06-01 12:00:00,PDU-C01,65.3,PDU-C01-SP2
2026-06-01 12:05:00,PDU-C01,65.5,PDU-C01-SP1
2026-06-01 12:10:00,PDU-C01,60.8,PDU-C01-SP4
2026-06-01 12:15:00,PDU-C01,59.7,PDU-C01-SP1
2026-06-01 12:20:00,PDU-C01,58.5,PDU-C01-SP5
2026-06-01 12:25:00,PDU-C01,66.1,PDU-C01-SP1
2026-06-01 12:30:00,PDU-C01,52.8,PDU-C01-SP4
2026-06-01 12:35:00,PDU-C01,67.6,PDU-C01-SP2
2026-06-01 12:40:00,PDU-C01,60.9,PDU-C01-SP1
2026-06-01 12:45:00,PDU-C01,54.7,PDU-C01-SP5
2026-06-01 12:50:00,PDU-C01,58.8,PDU-C01-SP1
2026-06-01 12:55:00,PDU-C01,59.9,PDU-C01-SP5
2026-06-01 13:00:00,PDU-C01,57.3,PDU-C01-SP4
2026-06-01 13:05:00,PDU-C01,61.9,PDU-C01-SP3
2026-06-01 13:10:00,PDU-C01,53.6,PDU-C01-SP1
2026-06-01 13:15:00,PDU-C01,58.3,PDU-C01-SP1
2026-06-01 13:20:00,PDU-C01,52.6,PDU-C01-SP5
2026-06-01 13:25:00,PDU-C01,62.1,PDU-C01-SP1
2026-06-01 13:30:00,PDU-C01,56.5,PDU-C01-SP2
2026-06-01 13:35:00,PDU-C01,48.4,PDU-C01-SP2
2026-06-01 13:40:00,PDU-C01,52.6,PDU-C01-SP5
2026-06-01 13:45:00,PDU-C01,58.0,PDU-C01-SP3
2026-06-01 13:50:00,PDU-C01,66.3,PDU-C01-SP3
2026-06-01 13:55:00,PDU-C01,66.9,PDU-C01-SP3
2026-06-01 14:00:00,PDU-C01,63.2,PDU-C01-SP2
2026-06-01 14:05:00,PDU-C01,50.2,PDU-C01-SP1
2026-06-01 14:10:00,PDU-C01,50.4,PDU-C01-SP3
2026-06-01 14:15:00,PDU-C01,65.0,PDU-C01-SP1
2026-06-01 14:20:00,PDU-C01,53.3,PDU-C01-SP4
2026-06-01 14:25:00,PDU-C01,66.7,PDU-C01-SP5
2026-06-01 14:30:00,PDU-C01,51.4,PDU-C01-SP2
2026-06-01 14:35:00,PDU-C01,53.7,PDU-C01-SP3
2026-06-01 14:40:00,PDU-C01,56.6,PDU-C01-SP2
2026-06-01 14:45:00,PDU-C01,52.4,PDU-C01-SP3
2026-06-01 14:50:00,PDU-C01,58.2,PDU-C01-SP1
2026-06-01 14:55:00,PDU-C01,70.2,PDU-C01-SP1
2026-06-01 15:00:00,PDU-C01,65.5,PDU-C01-SP2
2026-06-01 15:05:00,PDU-C01,54.3,PDU-C01-SP2
2026-06-01 15:10:00,PDU-C01,60.3,PDU-C01-SP2
2026-06-01 15:15:00,PDU-C01,57.3,PDU-C01-SP1
2026-06-01 15:20:00,PDU-C01,64.6,PDU-C01-SP5
2026-06-01 15:25:00,PDU-C01,56.4,PDU-C01-SP4
2026-06-01 15:30:00,PDU-C01,62.9,PDU-C01-SP2
2026-06-01 15:35:00,PDU-C01,56.1,PDU-C01-SP3
2026-06-01 15:40:00,PDU-C01,64.6,PDU-C01-SP4
2026-06-01 15:45:00,PDU-C01,56.6,PDU-C01-SP3
2026-06-01 15:50:00,PDU-C01,61.4,PDU-C01-SP2
2026-06-01 15:55:00,PDU-C01,56.3,PDU-C01-SP5
2026-06-01 16:00:00,PDU-C01,68.0,PDU-C01-SP4
2026-06-01 16:05:00,PDU-C01,62.6,PDU-C01-SP2
2026-06-01 16:10:00,PDU-C01,55.8,PDU-C01-SP3
2026-06-01 16:15:00,PDU-C01,53.4,PDU-C01-SP2
2026-06-01 16:20:00,PDU-C01,58.5,PDU-C01-SP1
2026-06-01 16:25:00,PDU-C01,55.4,PDU-C01-SP4
2026-06-01 16:30:00,PDU-C01,69.3,PDU-C01-SP3
2026-06-01 16:35:00,PDU-C01,59.5,PDU-C01-SP4
2026-06-01 16:40:00,PDU-C01,64.8,PDU-C01-SP2
2026-06-01 16:45:00,PDU-C01,56.4,PDU-C01-SP5
2026-06-01 16:50:00,PDU-C01,52.9,PDU-C01-SP4
2026-06-01 16:55:00,PDU-C01,55.1,PDU-C01-SP3
2026-06-01 17:00:00,PDU-C01,54.0,PDU-C01-SP5
2026-06-01 17:05:00,PDU-C01,62.6,PDU-C01-SP4
2026-06-01 17:10:00,PDU-C01,67.3,PDU-C01-SP4
2026-06-01 17:15:00,PDU-C01,58.0,PDU-C01-SP2
2026-06-01 17:20:00,PDU-C01,57.0,PDU-C01-SP4
2026-06-01 17:25:00,PDU-C01,53.1,PDU-C01-SP5
2026-06-01 17:30:00,PDU-C01,60.4,PDU-C01-SP2
2026-06-01 17:35:00,PDU-C01,51.9,PDU-C01-SP4
2026-06-01 17:40:00,PDU-C01,60.2,PDU-C01-SP3
2026-06-01 17:45:00,PDU-C01,52.0,PDU-C01-SP2
2026-06-01 17:50:00,PDU-C01,64.3,PDU-C01-SP4
2026-06-01 17:55:00,PDU-C01,70.0,PDU-C01-SP5
2026-06-01 18:00:00,PDU-C01,67.9,PDU-C01-SP2
2026-06-01 18:05:00,PDU-C01,68.0,PDU-C01-SP5
2026-06-01 18:10:00,PDU-C01,57.6,PDU-C01-SP2
2026-06-01 18:15:00,PDU-C01,61.5,PDU-C01-SP1
2026-06-01 18:20:00,PDU-C01,58.0,PDU-C01-SP3
2026-06-01 18:25:00,PDU-C01,61.7,PDU-C01-SP2
2026-06-01 18:30:00,PDU-C01,63.3,PDU-C01-SP5
2026-06-01 18:35:00,PDU-C01,64.1,PDU-C01-SP1
2026-06-01 18:40:00,PDU-C01,56.0,PDU-C01-SP5
2026-06-01 18:45:00,PDU-C01,51.2,PDU-C01-SP5
2026-06-01 18:50:00,PDU-C01,63.9,PDU-C01-SP1
2026-06-01 18:55:00,PDU-C01,48.7,PDU-C01-SP2
2026-06-01 19:00:00,PDU-C01,43.7,PDU-C01-SP4
2026-06-01 19:05:00,PDU-C01,47.7,PDU-C01-SP1
2026-06-01 19:10:00,PDU-C01,48.5,PDU-C01-SP5
2026-06-01 19:15:00,PDU-C01,43.6,PDU-C01-SP5
2026-06-01 19:20:00,PDU-C01,47.0,PDU-C01-SP2
2026-06-01 19:25:00,PDU-C01,42.4,PDU-C01-SP2
2026-06-01 19:30:00,PDU-C01,42.2,PDU-C01-SP3
2026-06-01 19:35:00,PDU-C01,42.2,PDU-C01-SP3
2026-06-01 19:40:00,PDU-C01,47.4,PDU-C01-SP2
2026-06-01 19:45:00,PDU-C01,41.7,PDU-C01-SP2
2026-06-01 19:50:00,PDU-C01,49.2,PDU-C01-SP2
2026-06-01 19:55:00,PDU-C01,44.1,PDU-C01-SP3
2026-06-01 20:00:00,PDU-C01,46.1,PDU-C01-SP2
2026-06-01 20:05:00,PDU-C01,45.4,PDU-C01-SP5
2026-06-01 20:10:00,PDU-C01,48.8,PDU-C01-SP3
2026-06-01 20:15:00,PDU-C01,38.7,PDU-C01-SP5
2026-06-01 20:20:00,PDU-C01,43.3,PDU-C01-SP1
2026-06-01 20:25:00,PDU-C01,48.4,PDU-C01-SP4
2026-06-01 20:30:00,PDU-C01,46.3,PDU-C01-SP3
2026-06-01 20:35:00,PDU-C01,43.6,PDU-C01-SP4
2026-06-01 20:40:00,PDU-C01,44.7,PDU-C01-SP4
2026-06-01 20:45:00,PDU-C01,46.7,PDU-C01-SP2
2026-06-01 20:50:00,PDU-C01,43.0,PDU-C01-SP1
2026-06-01 20:55:00,PDU-C01,39.7,PDU-C01-SP2
2026-06-01 21:00:00,PDU-C01,43.9,PDU-C01-SP1
2026-06-01 21:05:00,PDU-C01,41.4,PDU-C01-SP2
2026-06-01 21:10:00,PDU-C01,44.3,PDU-C01-SP5
2026-06-01 21:15:00,PDU-C01,40.4,PDU-C01-SP2
2026-06-01 21:20:00,PDU-C01,40.6,PDU-C01-SP3
2026-06-01 21:25:00,PDU-C01,43.0,PDU-C01-SP4
2026-06-01 21:30:00,PDU-C01,48.8,PDU-C01-SP2
2026-06-01 21:35:00,PDU-C01,48.6,PDU-C01-SP1
2026-06-01 21:40:00,PDU-C01,43.4,PDU-C01-SP5
2026-06-01 21:45:00,PDU-C01,46.8,PDU-C01-SP1
2026-06-01 21:50:00,PDU-C01,51.0,PDU-C01-SP4
2026-06-01 21:55:00,PDU-C01,43.8,PDU-C01-SP3
2026-06-01 22:00:00,PDU-C01,47.4,PDU-C01-SP4
2026-06-01 22:05:00,PDU-C01,38.2,PDU-C01-SP5
2026-06-01 22:10:00,PDU-C01,44.6,PDU-C01-SP1
2026-06-01 22:15:00,PDU-C01,38.8,PDU-C01-SP2
2026-06-01 22:20:00,PDU-C01,47.0,PDU-C01-SP5
2026-06-01 22:25:00,PDU-C01,46.7,PDU-C01-SP4
2026-06-01 22:30:00,PDU-C01,48.8,PDU-C01-SP5
2026-06-01 22:35:00,PDU-C01,51.0,PDU-C01-SP1
2026-06-01 22:40:00,PDU-C01,49.0,PDU-C01-SP2
2026-06-01 22:45:00,PDU-C01,40.7,PDU-C01-SP2
2026-06-01 22:50:00,PDU-C01,43.4,PDU-C01-SP3
2026-06-01 22:55:00,PDU-C01,41.4,PDU-C01-SP2
2026-06-01 23:00:00,PDU-C01,48.8,PDU-C01-SP2
2026-06-01 23:05:00,PDU-C01,38.1,PDU-C01-SP4
2026-06-01 23:10:00,PDU-C01,45.9,PDU-C01-SP4
2026-06-01 23:15:00,PDU-C01,49.9,PDU-C01-SP1
2026-06-01 23:20:00,PDU-C01,41.4,PDU-C01-SP1
2026-06-01 23:25:00,PDU-C01,41.0,PDU-C01-SP1
2026-06-01 23:30:00,PDU-C01,49.9,PDU-C01-SP4
2026-06-01 23:35:00,PDU-C01,41.8,PDU-C01-SP1
2026-06-01 23:40:00,PDU-C01,44.7,PDU-C01-SP1
2026-06-01 23:45:00,PDU-C01,49.2,PDU-C01-SP4
2026-06-01 23:50:00,PDU-C01,44.4,PDU-C01-SP5
2026-06-01 23:55:00,PDU-C01,45.7,PDU-C01-SP3
2026-06-02 00:00:00,PDU-C01,38.5,PDU-C01-SP5
2026-06-02 00:05:00,PDU-C01,44.6,PDU-C01-SP3
2026-06-02 00:10:00,PDU-C01,40.4,PDU-C01-SP1
2026-06-02 00:15:00,PDU-C01,47.9,PDU-C01-SP4
2026-06-02 00:20:00,PDU-C01,44.3,PDU-C01-SP4
2026-06-02 00:25:00,PDU-C01,44.6,PDU-C01-SP2
2026-06-02 00:30:00,PDU-C01,44.6,PDU-C01-SP1
2026-06-02 00:35:00,PDU-C01,40.0,PDU-C01-SP3
2026-06-02 00:40:00,PDU-C01,44.2,PDU-C01-SP4
2026-06-02 00:45:00,PDU-C01,40.7,PDU-C01-SP3
2026-06-02 00:50:00,PDU-C01,41.4,PDU-C01-SP1
2026-06-02 00:55:00,PDU-C01,44.3,PDU-C01-SP1
2026-06-02 01:00:00,PDU-C01,45.1,PDU-C01-SP3
2026-06-02 01:05:00,PDU-C01,39.6,PDU-C01-SP5
2026-06-02 01:10:00,PDU-C01,48.2,PDU-C01-SP2
2026-06-02 01:15:00,PDU-C01,42.9,PDU-C01-SP3
2026-06-02 01:20:00,PDU-C01,47.3,PDU-C01-SP3
2026-06-02 01:25:00,PDU-C01,41.6,PDU-C01-SP3
2026-06-02 01:30:00,PDU-C01,46.8,PDU-C01-SP3
2026-06-02 01:35:00,PDU-C01,43.0,PDU-C01-SP1
2026-06-02 01:40:00,PDU-C01,49.1,PDU-C01-SP5
2026-06-02 01:45:00,PDU-C01,46.0,PDU-C01-SP5
2026-06-02 01:50:00,PDU-C01,46.4,PDU-C01-SP4
2026-06-02 01:55:00,PDU-C01,42.4,PDU-C01-SP5
2026-06-02 02:00:00,PDU-C01,50.2,PDU-C01-SP1
2026-06-02 02:05:00,PDU-C01,37.8,PDU-C01-SP3
2026-06-02 02:10:00,PDU-C01,43.2,PDU-C01-SP4
2026-06-02 02:15:00,PDU-C01,40.7,PDU-C01-SP5
2026-06-02 02:20:00,PDU-C01,40.8,PDU-C01-SP2
2026-06-02 02:25:00,PDU-C01,44.8,PDU-C01-SP4
2026-06-02 02:30:00,PDU-C01,40.3,PDU-C01-SP3
2026-06-02 02:35:00,PDU-C01,41.6,PDU-C01-SP4
2026-06-02 02:40:00,PDU-C01,48.5,PDU-C01-SP1
2026-06-02 02:45:00,PDU-C01,41.3,PDU-C01-SP3
2026-06-02 02:50:00,PDU-C01,39.1,PDU-C01-SP4
2026-06-02 02:55:00,PDU-C01,46.4,PDU-C01-SP4
2026-06-02 03:00:00,PDU-C01,47.5,PDU-C01-SP5
2026-06-02 03:05:00,PDU-C01,45.1,PDU-C01-SP1
2026-06-02 03:10:00,PDU-C01,39.6,PDU-C01-SP4
2026-06-02 03:15:00,PDU-C01,43.9,PDU-C01-SP3
2026-06-02 03:20:00,PDU-C01,51.1,PDU-C01-SP1
2026-06-02 03:25:00,PDU-C01,44.5,PDU-C01-SP1
2026-06-02 03:30:00,PDU-C01,42.9,PDU-C01-SP5
2026-06-02 03:35:00,PDU-C01,45.4,PDU-C01-SP2
2026-06-02 03:40:00,PDU-C01,39.1,PDU-C01-SP2
2026-06-02 03:45:00,PDU-C01,41.2,PDU-C01-SP3
2026-06-02 03:50:00,PDU-C01,38.3,PDU-C01-SP3
2026-06-02 03:55:00,PDU-C01,48.6,PDU-C01-SP3
2026-06-02 04:00:00,PDU-C01,50.4,PDU-C01-SP3
2026-06-02 04:05:00,PDU-C01,38.4,PDU-C01-SP1
2026-06-02 04:10:00,PDU-C01,47.2,PDU-C01-SP4
2026-06-02 04:15:00,PDU-C01,44.1,PDU-C01-SP3
2026-06-02 04:20:00,PDU-C01,47.2,PDU-C01-SP1
2026-06-02 04:25:00,PDU-C01,48.7,PDU-C01-SP1
2026-06-02 04:30:00,PDU-C01,49.9,PDU-C01-SP3
2026-06-02 04:35:00,PDU-C01,43.0,PDU-C01-SP4
2026-06-02 04:40:00,PDU-C01,47.9,PDU-C01-SP5
2026-06-02 04:45:00,PDU-C01,47.2,PDU-C01-SP1
2026-06-02 04:50:00,PDU-C01,47.5,PDU-C01-SP1
2026-06-02 04:55:00,PDU-C01,47.8,PDU-C01-SP3
2026-06-02 05:00:00,PDU-C01,49.7,PDU-C01-SP1
2026-06-02 05:05:00,PDU-C01,45.4,PDU-C01-SP2
2026-06-02 05:10:00,PDU-C01,41.0,PDU-C01-SP1
2026-06-02 05:15:00,PDU-C01,46.5,PDU-C01-SP3
2026-06-02 05:20:00,PDU-C01,39.3,PDU-C01-SP3
2026-06-02 05:25:00,PDU-C01,40.0,PDU-C01-SP3
2026-06-02 05:30:00,PDU-C01,47.1,PDU-C01-SP5
2026-06-02 05:35:00,PDU-C01,45.8,PDU-C01-SP3
2026-06-02 05:40:00,PDU-C01,42.4,PDU-C01-SP4
2026-06-02 05:45:00,PDU-C01,43.7,PDU-C01-SP2
2026-06-02 05:50:00,PDU-C01,43.8,PDU-C01-SP5
2026-06-02 05:55:00,PDU-C01,48.1,PDU-C01-SP2
2026-06-02 06:00:00,PDU-C01,38.1,PDU-C01-SP3
2026-06-02 06:05:00,PDU-C01,46.1,PDU-C01-SP1
2026-06-02 06:10:00,PDU-C01,45.3,PDU-C01-SP5
2026-06-02 06:15:00,PDU-C01,43.9,PDU-C01-SP2
2026-06-02 06:20:00,PDU-C01,41.4,PDU-C01-SP5
2026-06-02 06:25:00,PDU-C01,47.9,PDU-C01-SP3
2026-06-02 06:30:00,PDU-C01,50.9,PDU-C01-SP4
2026-06-02 06:35:00,PDU-C01,43.6,PDU-C01-SP3
2026-06-02 06:40:00,PDU-C01,46.9,PDU-C01-SP4
2026-06-02 06:45:00,PDU-C01,48.0,PDU-C01-SP3
2026-06-02 06:50:00,PDU-C01,44.8,PDU-C01-SP3
2026-06-02 06:55:00,PDU-C01,42.6,PDU-C01-SP1
2026-06-02 07:00:00,PDU-C01,36.3,PDU-C01-SP5
2026-06-02 07:05:00,PDU-C01,36.9,PDU-C01-SP5
2026-06-02 07:10:00,PDU-C01,35.6,PDU-C01-SP3
2026-06-02 07:15:00,PDU-C01,34.4,PDU-C01-SP2
2026-06-02 07:20:00,PDU-C01,35.1,PDU-C01-SP5
2026-06-02 07:25:00,PDU-C01,34.7,PDU-C01-SP4
2026-06-02 07:30:00,PDU-C01,33.3,PDU-C01-SP1
2026-06-02 07:35:00,PDU-C01,34.6,PDU-C01-SP4
2026-06-02 07:40:00,PDU-C01,34.8,PDU-C01-SP2
2026-06-02 07:45:00,PDU-C01,34.8,PDU-C01-SP3
2026-06-02 07:50:00,PDU-C01,34.5,PDU-C01-SP1
2026-06-02 07:55:00,PDU-C01,33.3,PDU-C01-SP3
2026-06-02 08:00:00,PDU-C01,33.6,PDU-C01-SP4
2026-06-02 08:05:00,PDU-C01,33.4,PDU-C01-SP2
2026-06-02 08:10:00,PDU-C01,34.7,PDU-C01-SP5
2026-06-02 08:15:00,PDU-C01,33.3,PDU-C01-SP5
2026-06-02 08:20:00,PDU-C01,36.6,PDU-C01-SP1
2026-06-02 08:25:00,PDU-C01,33.6,PDU-C01-SP2
2026-06-02 08:30:00,PDU-C01,35.5,PDU-C01-SP5
2026-06-02 08:35:00,PDU-C01,34.1,PDU-C01-SP4
2026-06-02 08:40:00,PDU-C01,35.9,PDU-C01-SP5
2026-06-02 08:45:00,PDU-C01,35.5,PDU-C01-SP5
2026-06-02 08:50:00,PDU-C01,36.4,PDU-C01-SP3
2026-06-02 08:55:00,PDU-C01,34.1,PDU-C01-SP4
2026-06-02 09:00:00,PDU-C01,65.5,PDU-C01-SP2
2026-06-02 09:05:00,PDU-C01,58.0,PDU-C01-SP1
2026-06-02 09:10:00,PDU-C01,61.3,PDU-C01-SP2
2026-06-02 09:15:00,PDU-C01,66.5,PDU-C01-SP2
2026-06-02 09:20:00,PDU-C01,54.3,PDU-C01-SP1
2026-06-02 09:25:00,PDU-C01,55.3,PDU-C01-SP2
2026-06-02 09:30:00,PDU-C01,57.0,PDU-C01-SP3
2026-06-02 09:35:00,PDU-C01,56.4,PDU-C01-SP5
2026-06-02 09:40:00,PDU-C01,52.3,PDU-C01-SP3
2026-06-02 09:45:00,PDU-C01,60.6,PDU-C01-SP5
2026-06-02 09:50:00,PDU-C01,68.1,PDU-C01-SP4
2026-06-02 09:55:00,PDU-C01,60.8,PDU-C01-SP2
2026-06-02 10:00:00,PDU-C01,55.0,PDU-C01-SP1
2026-06-02 10:05:00,PDU-C01,55.8,PDU-C01-SP2
2026-06-02 10:10:00,PDU-C01,63.6,PDU-C01-SP3
2026-06-02 10:15:00,PDU-C01,62.7,PDU-C01-SP2
2026-06-02 10:20:00,PDU-C01,70.0,PDU-C01-SP3
2026-06-02 10:25:00,PDU-C01,64.5,PDU-C01-SP2
2026-06-02 10:30:00,PDU-C01,59.4,PDU-C01-SP3
2026-06-02 10:35:00,PDU-C01,51.7,PDU-C01-SP5
2026-06-02 10:40:00,PDU-C01,57.4,PDU-C01-SP5
2026-06-02 10:45:00,PDU-C01,61.8,PDU-C01-SP1
2026-06-02 10:50:00,PDU-C01,61.5,PDU-C01-SP5
2026-06-02 10:55:00,PDU-C01,51.3,PDU-C01-SP3
2026-06-02 11:00:00,PDU-C01,51.6,PDU-C01-SP2
2026-06-02 11:05:00,PDU-C01,67.5,PDU-C01-SP2
2026-06-02 11:10:00,PDU-C01,63.4,PDU-C01-SP4
2026-06-02 11:15:00,PDU-C01,62.0,PDU-C01-SP1
2026-06-02 11:20:00,PDU-C01,59.9,PDU-C01-SP3
2026-06-02 11:25:00,PDU-C01,66.9,PDU-C01-SP1
2026-06-02 11:30:00,PDU-C01,67.1,PDU-C01-SP5
2026-06-02 11:35:00,PDU-C01,51.0,PDU-C01-SP3
2026-06-02 11:40:00,PDU-C01,48.8,PDU-C01-SP4
2026-06-02 11:45:00,PDU-C01,52.2,PDU-C01-SP1
2026-06-02 11:50:00,PDU-C01,62.1,PDU-C01-SP2
2026-06-02 11:55:00,PDU-C01,56.4,PDU-C01-SP5
2026-06-02 12:00:00,PDU-C01,60.2,PDU-C01-SP1
2026-06-02 12:05:00,PDU-C01,49.2,PDU-C01-SP5
2026-06-02 12:10:00,PDU-C01,62.7,PDU-C01-SP4
2026-06-02 12:15:00,PDU-C01,54.3,PDU-C01-SP4
2026-06-02 12:20:00,PDU-C01,65.0,PDU-C01-SP4
2026-06-02 12:25:00,PDU-C01,52.2,PDU-C01-SP3
2026-06-02 12:30:00,PDU-C01,68.6,PDU-C01-SP4
2026-06-02 12:35:00,PDU-C01,62.1,PDU-C01-SP2
2026-06-02 12:40:00,PDU-C01,53.7,PDU-C01-SP3
2026-06-02 12:45:00,PDU-C01,66.4,PDU-C01-SP2
2026-06-02 12:50:00,PDU-C01,63.2,PDU-C01-SP4
2026-06-02 12:55:00,PDU-C01,62.9,PDU-C01-SP5
2026-06-02 13:00:00,PDU-C01,64.5,PDU-C01-SP4
2026-06-02 13:05:00,PDU-C01,56.7,PDU-C01-SP2
2026-06-02 13:10:00,PDU-C01,60.0,PDU-C01-SP1
2026-06-02 13:15:00,PDU-C01,64.1,PDU-C01-SP3
2026-06-02 13:20:00,PDU-C01,54.4,PDU-C01-SP1
2026-06-02 13:25:00,PDU-C01,69.1,PDU-C01-SP4
2026-06-02 13:30:00,PDU-C01,58.2,PDU-C01-SP4
2026-06-02 13:35:00,PDU-C01,56.2,PDU-C01-SP4
2026-06-02 13:40:00,PDU-C01,64.0,PDU-C01-SP1
2026-06-02 13:45:00,PDU-C01,53.6,PDU-C01-SP2
2026-06-02 13:50:00,PDU-C01,62.4,PDU-C01-SP3
2026-06-02 13:55:00,PDU-C01,57.8,PDU-C01-SP1
2026-06-02 14:00:00,PDU-C01,66.4,PDU-C01-SP2
2026-06-02 14:05:00,PDU-C01,50.9,PDU-C01-SP1
2026-06-02 14:10:00,PDU-C01,58.3,PDU-C01-SP4
2026-06-02 14:15:00,PDU-C01,51.0,PDU-C01-SP4
2026-06-02 14:20:00,PDU-C01,61.5,PDU-C01-SP2
2026-06-02 14:25:00,PDU-C01,51.5,PDU-C01-SP4
2026-06-02 14:30:00,PDU-C01,51.9,PDU-C01-SP2
2026-06-02 14:35:00,PDU-C01,50.0,PDU-C01-SP5
2026-06-02 14:40:00,PDU-C01,65.0,PDU-C01-SP3
2026-06-02 14:45:00,PDU-C01,59.9,PDU-C01-SP1
2026-06-02 14:50:00,PDU-C01,53.0,PDU-C01-SP5
2026-06-02 14:55:00,PDU-C01,54.3,PDU-C01-SP1
2026-06-02 15:00:00,PDU-C01,67.8,PDU-C01-SP3
2026-06-02 15:05:00,PDU-C01,64.4,PDU-C01-SP5
2026-06-02 15:10:00,PDU-C01,62.1,PDU-C01-SP2
2026-06-02 15:15:00,PDU-C01,62.4,PDU-C01-SP2
2026-06-02 15:20:00,PDU-C01,54.6,PDU-C01-SP5
2026-06-02 15:25:00,PDU-C01,66.5,PDU-C01-SP2
2026-06-02 15:30:00,PDU-C01,52.5,PDU-C01-SP5
2026-06-02 15:35:00,PDU-C01,62.7,PDU-C01-SP5
2026-06-02 15:40:00,PDU-C01,54.8,PDU-C01-SP4
2026-06-02 15:45:00,PDU-C01,55.1,PDU-C01-SP3
2026-06-02 15:50:00,PDU-C01,69.6,PDU-C01-SP2
2026-06-02 15:55:00,PDU-C01,49.2,PDU-C01-SP3
2026-06-02 16:00:00,PDU-C01,61.5,PDU-C01-SP4
2026-06-02 16:05:00,PDU-C01,64.7,PDU-C01-SP4
2026-06-02 16:10:00,PDU-C01,56.6,PDU-C01-SP4
2026-06-02 16:15:00,PDU-C01,68.8,PDU-C01-SP3
2026-06-02 16:20:00,PDU-C01,49.9,PDU-C01-SP2
2026-06-02 16:25:00,PDU-C01,69.1,PDU-C01-SP3
2026-06-02 16:30:00,PDU-C01,55.6,PDU-C01-SP2
2026-06-02 16:35:00,PDU-C01,61.1,PDU-C01-SP4
2026-06-02 16:40:00,PDU-C01,57.3,PDU-C01-SP5
2026-06-02 16:45:00,PDU-C01,59.0,PDU-C01-SP5
2026-06-02 16:50:00,PDU-C01,58.0,PDU-C01-SP4
2026-06-02 16:55:00,PDU-C01,52.3,PDU-C01-SP5
2026-06-02 17:00:00,PDU-C01,55.2,PDU-C01-SP1
2026-06-02 17:05:00,PDU-C01,50.1,PDU-C01-SP2
2026-06-02 17:10:00,PDU-C01,58.1,PDU-C01-SP5
2026-06-02 17:15:00,PDU-C01,52.9,PDU-C01-SP3
2026-06-02 17:20:00,PDU-C01,59.4,PDU-C01-SP1
2026-06-02 17:25:00,PDU-C01,53.5,PDU-C01-SP4
2026-06-02 17:30:00,PDU-C01,66.3,PDU-C01-SP4
2026-06-02 17:35:00,PDU-C01,62.9,PDU-C01-SP2
2026-06-02 17:40:00,PDU-C01,65.6,PDU-C01-SP5
2026-06-02 17:45:00,PDU-C01,59.9,PDU-C01-SP3
2026-06-02 17:50:00,PDU-C01,62.8,PDU-C01-SP2
2026-06-02 17:55:00,PDU-C01,51.8,PDU-C01-SP3
2026-06-02 18:00:00,PDU-C01,59.9,PDU-C01-SP3
2026-06-02 18:05:00,PDU-C01,66.8,PDU-C01-SP2
2026-06-02 18:10:00,PDU-C01,55.8,PDU-C01-SP5
2026-06-02 18:15:00,PDU-C01,70.4,PDU-C01-SP1
2026-06-02 18:20:00,PDU-C01,55.1,PDU-C01-SP4
2026-06-02 18:25:00,PDU-C01,64.3,PDU-C01-SP2
2026-06-02 18:30:00,PDU-C01,58.9,PDU-C01-SP3
2026-06-02 18:35:00,PDU-C01,62.2,PDU-C01-SP1
2026-06-02 18:40:00,PDU-C01,54.7,PDU-C01-SP5
2026-06-02 18:45:00,PDU-C01,51.8,PDU-C01-SP5
2026-06-02 18:50:00,PDU-C01,65.4,PDU-C01-SP2
2026-06-02 18:55:00,PDU-C01,64.3,PDU-C01-SP2
2026-06-02 19:00:00,PDU-C01,48.3,PDU-C01-SP3
2026-06-02 19:05:00,PDU-C01,43.4,PDU-C01-SP4
2026-06-02 19:10:00,PDU-C01,45.4,PDU-C01-SP4
2026-06-02 19:15:00,PDU-C01,37.9,PDU-C01-SP2
2026-06-02 19:20:00,PDU-C01,47.8,PDU-C01-SP5
2026-06-02 19:25:00,PDU-C01,41.7,PDU-C01-SP1
2026-06-02 19:30:00,PDU-C01,51.4,PDU-C01-SP2
2026-06-02 19:35:00,PDU-C01,41.1,PDU-C01-SP1
2026-06-02 19:40:00,PDU-C01,49.7,PDU-C01-SP5
2026-06-02 19:45:00,PDU-C01,43.9,PDU-C01-SP2
2026-06-02 19:50:00,PDU-C01,42.3,PDU-C01-SP5
2026-06-02 19:55:00,PDU-C01,43.2,PDU-C01-SP2
2026-06-02 20:00:00,PDU-C01,43.5,PDU-C01-SP5
2026-06-02 20:05:00,PDU-C01,45.0,PDU-C01-SP5
2026-06-02 20:10:00,PDU-C01,42.7,PDU-C01-SP5
2026-06-02 20:15:00,PDU-C01,45.7,PDU-C01-SP1
2026-06-02 20:20:00,PDU-C01,46.2,PDU-C01-SP3
2026-06-02 20:25:00,PDU-C01,45.1,PDU-C01-SP3
2026-06-02 20:30:00,PDU-C01,50.3,PDU-C01-SP5
2026-06-02 20:35:00,PDU-C01,40.7,PDU-C01-SP3
2026-06-02 20:40:00,PDU-C01,48.2,PDU-C01-SP1
2026-06-02 20:45:00,PDU-C01,39.0,PDU-C01-SP3
2026-06-02 20:50:00,PDU-C01,46.9,PDU-C01-SP1
2026-06-02 20:55:00,PDU-C01,50.7,PDU-C01-SP3
2026-06-02 21:00:00,PDU-C01,40.2,PDU-C01-SP1
2026-06-02 21:05:00,PDU-C01,41.4,PDU-C01-SP3
2026-06-02 21:10:00,PDU-C01,43.2,PDU-C01-SP5
2026-06-02 21:15:00,PDU-C01,48.4,PDU-C01-SP1
2026-06-02 21:20:00,PDU-C01,43.1,PDU-C01-SP5
2026-06-02 21:25:00,PDU-C01,47.4,PDU-C01-SP1
2026-06-02 21:30:00,PDU-C01,42.7,PDU-C01-SP1
2026-06-02 21:35:00,PDU-C01,41.2,PDU-C01-SP1
2026-06-02 21:40:00,PDU-C01,42.4,PDU-C01-SP5
2026-06-02 21:45:00,PDU-C01,43.5,PDU-C01-SP3
2026-06-02 21:50:00,PDU-C01,41.6,PDU-C01-SP1
2026-06-02 21:55:00,PDU-C01,42.6,PDU-C01-SP4
2026-06-02 22:00:00,PDU-C01,41.7,PDU-C01-SP5
2026-06-02 22:05:00,PDU-C01,37.7,PDU-C01-SP1
2026-06-02 22:10:00,PDU-C01,39.7,PDU-C01-SP3
2026-06-02 22:15:00,PDU-C01,43.0,PDU-C01-SP4
2026-06-02 22:20:00,PDU-C01,48.1,PDU-C01-SP3
2026-06-02 22:25:00,PDU-C01,41.2,PDU-C01-SP5
2026-06-02 22:30:00,PDU-C01,41.0,PDU-C01-SP1
2026-06-02 22:35:00,PDU-C01,43.9,PDU-C01-SP5
2026-06-02 22:40:00,PDU-C01,44.9,PDU-C01-SP1
2026-06-02 22:45:00,PDU-C01,42.2,PDU-C01-SP5
2026-06-02 22:50:00,PDU-C01,48.9,PDU-C01-SP5
2026-06-02 22:55:00,PDU-C01,48.2,PDU-C01-SP5
2026-06-02 23:00:00,PDU-C01,46.6,PDU-C01-SP4
2026-06-02 23:05:00,PDU-C01,44.1,PDU-C01-SP5
2026-06-02 23:10:00,PDU-C01,40.0,PDU-C01-SP4
2026-06-02 23:15:00,PDU-C01,41.2,PDU-C01-SP3
2026-06-02 23:20:00,PDU-C01,47.8,PDU-C01-SP5
2026-06-02 23:25:00,PDU-C01,40.0,PDU-C01-SP3
2026-06-02 23:30:00,PDU-C01,44.3,PDU-C01-SP3
2026-06-02 23:35:00,PDU-C01,43.4,PDU-C01-SP2
2026-06-02 23:40:00,PDU-C01,44.0,PDU-C01-SP2
2026-06-02 23:45:00,PDU-C01,50.2,PDU-C01-SP5
2026-06-02 23:50:00,PDU-C01,47.5,PDU-C01-SP3
2026-06-02 23:55:00,PDU-C01,40.4,PDU-C01-SP2
2026-06-03 00:00:00,PDU-C01,41.7,PDU-C01-SP4
2026-06-03 00:05:00,PDU-C01,40.9,PDU-C01-SP3
2026-06-03 00:10:00,PDU-C01,44.0,PDU-C01-SP4
2026-06-03 00:15:00,PDU-C01,43.6,PDU-C01-SP2
2026-06-03 00:20:00,PDU-C01,40.5,PDU-C01-SP2
2026-06-03 00:25:00,PDU-C01,40.2,PDU-C01-SP3
2026-06-03 00:30:00,PDU-C01,42.9,PDU-C01-SP4
2026-06-03 00:35:00,PDU-C01,42.0,PDU-C01-SP4
2026-06-03 00:40:00,PDU-C01,46.8,PDU-C01-SP2
2026-06-03 00:45:00,PDU-C01,40.1,PDU-C01-SP3
2026-06-03 00:50:00,PDU-C01,48.8,PDU-C01-SP2
2026-06-03 00:55:00,PDU-C01,44.0,PDU-C01-SP3
2026-06-03 01:00:00,PDU-C01,49.1,PDU-C01-SP2
2026-06-03 01:05:00,PDU-C01,39.2,PDU-C01-SP2
2026-06-03 01:10:00,PDU-C01,47.4,PDU-C01-SP5
2026-06-03 01:15:00,PDU-C01,47.7,PDU-C01-SP1
2026-06-03 01:20:00,PDU-C01,47.1,PDU-C01-SP2
2026-06-03 01:25:00,PDU-C01,46.0,PDU-C01-SP2
2026-06-03 01:30:00,PDU-C01,50.6,PDU-C01-SP4
2026-06-03 01:35:00,PDU-C01,45.0,PDU-C01-SP1
2026-06-03 01:40:00,PDU-C01,41.4,PDU-C01-SP3
2026-06-03 01:45:00,PDU-C01,39.1,PDU-C01-SP4
2026-06-03 01:50:00,PDU-C01,47.9,PDU-C01-SP2
2026-06-03 01:55:00,PDU-C01,39.4,PDU-C01-SP1
2026-06-03 02:00:00,PDU-C01,42.2,PDU-C01-SP1
2026-06-03 02:05:00,PDU-C01,38.1,PDU-C01-SP3
2026-06-03 02:10:00,PDU-C01,39.7,PDU-C01-SP3
2026-06-03 02:15:00,PDU-C01,45.9,PDU-C01-SP1
2026-06-03 02:20:00,PDU-C01,43.5,PDU-C01-SP4
2026-06-03 02:25:00,PDU-C01,48.2,PDU-C01-SP5
2026-06-03 02:30:00,PDU-C01,49.3,PDU-C01-SP4
2026-06-03 02:35:00,PDU-C01,50.0,PDU-C01-SP5
2026-06-03 02:40:00,PDU-C01,44.4,PDU-C01-SP3
2026-06-03 02:45:00,PDU-C01,46.5,PDU-C01-SP4
2026-06-03 02:50:00,PDU-C01,43.3,PDU-C01-SP3
2026-06-03 02:55:00,PDU-C01,39.9,PDU-C01-SP4
2026-06-03 03:00:00,PDU-C01,43.7,PDU-C01-SP3
2026-06-03 03:05:00,PDU-C01,45.6,PDU-C01-SP5
2026-06-03 03:10:00,PDU-C01,45.5,PDU-C01-SP3
2026-06-03 03:15:00,PDU-C01,51.3,PDU-C01-SP4
2026-06-03 03:20:00,PDU-C01,46.0,PDU-C01-SP4
2026-06-03 03:25:00,PDU-C01,47.7,PDU-C01-SP2
2026-06-03 03:30:00,PDU-C01,38.8,PDU-C01-SP1
2026-06-03 03:35:00,PDU-C01,46.3,PDU-C01-SP5
2026-06-03 03:40:00,PDU-C01,46.6,PDU-C01-SP3
2026-06-03 03:45:00,PDU-C01,46.5,PDU-C01-SP2
2026-06-03 03:50:00,PDU-C01,44.7,PDU-C01-SP3
2026-06-03 03:55:00,PDU-C01,45.0,PDU-C01-SP1
2026-06-03 04:00:00,PDU-C01,41.7,PDU-C01-SP1
2026-06-03 04:05:00,PDU-C01,45.6,PDU-C01-SP1
2026-06-03 04:10:00,PDU-C01,44.7,PDU-C01-SP2
2026-06-03 04:15:00,PDU-C01,41.7,PDU-C01-SP1
2026-06-03 04:20:00,PDU-C01,39.9,PDU-C01-SP5
2026-06-03 04:25:00,PDU-C01,47.6,PDU-C01-SP4
2026-06-03 04:30:00,PDU-C01,49.4,PDU-C01-SP5
2026-06-03 04:35:00,PDU-C01,47.9,PDU-C01-SP3
2026-06-03 04:40:00,PDU-C01,42.2,PDU-C01-SP2
2026-06-03 04:45:00,PDU-C01,44.5,PDU-C01-SP5
2026-06-03 04:50:00,PDU-C01,40.2,PDU-C01-SP4
2026-06-03 04:55:00,PDU-C01,42.6,PDU-C01-SP3
2026-06-03 05:00:00,PDU-C01,45.1,PDU-C01-SP5
2026-06-03 05:05:00,PDU-C01,51.1,PDU-C01-SP4
2026-06-03 05:10:00,PDU-C01,49.1,PDU-C01-SP2
2026-06-03 05:15:00,PDU-C01,46.0,PDU-C01-SP2
2026-06-03 05:20:00,PDU-C01,42.0,PDU-C01-SP4
2026-06-03 05:25:00,PDU-C01,47.9,PDU-C01-SP4
2026-06-03 05:30:00,PDU-C01,42.2,PDU-C01-SP5
2026-06-03 05:35:00,PDU-C01,40.1,PDU-C01-SP3
2026-06-03 05:40:00,PDU-C01,43.5,PDU-C01-SP2
2026-06-03 05:45:00,PDU-C01,49.9,PDU-C01-SP2
2026-06-03 05:50:00,PDU-C01,40.3,PDU-C01-SP1
2026-06-03 05:55:00,PDU-C01,47.5,PDU-C01-SP2
2026-06-03 06:00:00,PDU-C01,38.8,PDU-C01-SP1
2026-06-03 06:05:00,PDU-C01,40.6,PDU-C01-SP4
2026-06-03 06:10:00,PDU-C01,47.0,PDU-C01-SP5
2026-06-03 06:15:00,PDU-C01,40.3,PDU-C01-SP3
2026-06-03 06:20:00,PDU-C01,39.9,PDU-C01-SP1
2026-06-03 06:25:00,PDU-C01,44.0,PDU-C01-SP1
2026-06-03 06:30:00,PDU-C01,49.5,PDU-C01-SP2
2026-06-03 06:35:00,PDU-C01,49.2,PDU-C01-SP4
2026-06-03 06:40:00,PDU-C01,49.9,PDU-C01-SP4
2026-06-03 06:45:00,PDU-C01,46.6,PDU-C01-SP2
2026-06-03 06:50:00,PDU-C01,46.3,PDU-C01-SP1
2026-06-03 06:55:00,PDU-C01,37.8,PDU-C01-SP1
2026-06-03 07:00:00,PDU-C01,35.1,PDU-C01-SP5
2026-06-03 07:05:00,PDU-C01,35.4,PDU-C01-SP1
2026-06-03 07:10:00,PDU-C01,35.2,PDU-C01-SP5
2026-06-03 07:15:00,PDU-C01,33.5,PDU-C01-SP1
2026-06-03 07:20:00,PDU-C01,36.2,PDU-C01-SP3
2026-06-03 07:25:00,PDU-C01,36.4,PDU-C01-SP5
2026-06-03 07:30:00,PDU-C01,36.9,PDU-C01-SP2
2026-06-03 07:35:00,PDU-C01,35.1,PDU-C01-SP2
2026-06-03 07:40:00,PDU-C01,34.3,PDU-C01-SP3
2026-06-03 07:45:00,PDU-C01,33.3,PDU-C01-SP5
2026-06-03 07:50:00,PDU-C01,36.5,PDU-C01-SP5
2026-06-03 07:55:00,PDU-C01,36.0,PDU-C01-SP5
2026-06-03 08:00:00,PDU-C01,35.7,PDU-C01-SP5
2026-06-03 08:05:00,PDU-C01,36.0,PDU-C01-SP1
2026-06-03 08:10:00,PDU-C01,36.7,PDU-C01-SP2
2026-06-03 08:15:00,PDU-C01,35.5,PDU-C01-SP4
2026-06-03 08:20:00,PDU-C01,34.7,PDU-C01-SP2
2026-06-03 08:25:00,PDU-C01,36.1,PDU-C01-SP4
2026-06-03 08:30:00,PDU-C01,33.7,PDU-C01-SP1
2026-06-03 08:35:00,PDU-C01,35.0,PDU-C01-SP1
2026-06-03 08:40:00,PDU-C01,33.6,PDU-C01-SP2
2026-06-03 08:45:00,PDU-C01,35.7,PDU-C01-SP4
2026-06-03 08:50:00,PDU-C01,35.1,PDU-C01-SP3
2026-06-03 08:55:00,PDU-C01,36.4,PDU-C01-SP5
2026-06-03 09:00:00,PDU-C01,55.9,PDU-C01-SP3
2026-06-03 09:05:00,PDU-C01,66.8,PDU-C01-SP3
2026-06-03 09:10:00,PDU-C01,67.1,PDU-C01-SP1
2026-06-03 09:15:00,PDU-C01,50.1,PDU-C01-SP5
2026-06-03 09:20:00,PDU-C01,69.6,PDU-C01-SP2
2026-06-03 09:25:00,PDU-C01,50.6,PDU-C01-SP4
2026-06-03 09:30:00,PDU-C01,69.0,PDU-C01-SP5
2026-06-03 09:35:00,PDU-C01,62.0,PDU-C01-SP1
2026-06-03 09:40:00,PDU-C01,63.1,PDU-C01-SP3
2026-06-03 09:45:00,PDU-C01,52.5,PDU-C01-SP2
2026-06-03 09:50:00,PDU-C01,59.1,PDU-C01-SP3
2026-06-03 09:55:00,PDU-C01,64.0,PDU-C01-SP1
2026-06-03 10:00:00,PDU-C01,58.1,PDU-C01-SP4
2026-06-03 10:05:00,PDU-C01,62.2,PDU-C01-SP4
2026-06-03 10:10:00,PDU-C01,61.1,PDU-C01-SP2
2026-06-03 10:15:00,PDU-C01,63.3,PDU-C01-SP2
2026-06-03 10:20:00,PDU-C01,57.1,PDU-C01-SP5
2026-06-03 10:25:00,PDU-C01,61.2,PDU-C01-SP3
2026-06-03 10:30:00,PDU-C01,51.4,PDU-C01-SP4
2026-06-03 10:35:00,PDU-C01,68.7,PDU-C01-SP2
2026-06-03 10:40:00,PDU-C01,58.8,PDU-C01-SP5
2026-06-03 10:45:00,PDU-C01,52.9,PDU-C01-SP4
2026-06-03 10:50:00,PDU-C01,60.2,PDU-C01-SP5
2026-06-03 10:55:00,PDU-C01,51.0,PDU-C01-SP2
2026-06-03 11:00:00,PDU-C01,58.5,PDU-C01-SP4
2026-06-03 11:05:00,PDU-C01,69.1,PDU-C01-SP2
2026-06-03 11:10:00,PDU-C01,61.6,PDU-C01-SP5
2026-06-03 11:15:00,PDU-C01,67.4,PDU-C01-SP3
2026-06-03 11:20:00,PDU-C01,60.6,PDU-C01-SP3
2026-06-03 11:25:00,PDU-C01,59.7,PDU-C01-SP3
2026-06-03 11:30:00,PDU-C01,56.7,PDU-C01-SP4
2026-06-03 11:35:00,PDU-C01,52.3,PDU-C01-SP5
2026-06-03 11:40:00,PDU-C01,66.2,PDU-C01-SP1
2026-06-03 11:45:00,PDU-C01,59.7,PDU-C01-SP5
2026-06-03 11:50:00,PDU-C01,58.4,PDU-C01-SP1
2026-06-03 11:55:00,PDU-C01,58.0,PDU-C01-SP3
2026-06-03 12:00:00,PDU-C01,52.3,PDU-C01-SP4
2026-06-03 12:05:00,PDU-C01,56.8,PDU-C01-SP2
2026-06-03 12:10:00,PDU-C01,63.2,PDU-C01-SP2
2026-06-03 12:15:00,PDU-C01,63.6,PDU-C01-SP3
2026-06-03 12:20:00,PDU-C01,66.8,PDU-C01-SP1
2026-06-03 12:25:00,PDU-C01,60.5,PDU-C01-SP1
2026-06-03 12:30:00,PDU-C01,66.1,PDU-C01-SP4
2026-06-03 12:35:00,PDU-C01,52.3,PDU-C01-SP3
2026-06-03 12:40:00,PDU-C01,63.5,PDU-C01-SP5
2026-06-03 12:45:00,PDU-C01,52.8,PDU-C01-SP2
2026-06-03 12:50:00,PDU-C01,60.2,PDU-C01-SP4
2026-06-03 12:55:00,PDU-C01,56.8,PDU-C01-SP1
2026-06-03 13:00:00,PDU-C01,63.1,PDU-C01-SP2
2026-06-03 13:05:00,PDU-C01,59.9,PDU-C01-SP1
2026-06-03 13:10:00,PDU-C01,63.2,PDU-C01-SP1
2026-06-03 13:15:00,PDU-C01,51.3,PDU-C01-SP1
2026-06-03 13:20:00,PDU-C01,58.6,PDU-C01-SP1
2026-06-03 13:25:00,PDU-C01,58.6,PDU-C01-SP3
2026-06-03 13:30:00,PDU-C01,51.7,PDU-C01-SP2
2026-06-03 13:35:00,PDU-C01,66.7,PDU-C01-SP2
2026-06-03 13:40:00,PDU-C01,67.0,PDU-C01-SP1
2026-06-03 13:45:00,PDU-C01,59.2,PDU-C01-SP1
2026-06-03 13:50:00,PDU-C01,65.6,PDU-C01-SP2
2026-06-03 13:55:00,PDU-C01,48.9,PDU-C01-SP3
2026-06-03 14:00:00,PDU-C01,67.3,PDU-C01-SP4
2026-06-03 14:05:00,PDU-C01,53.6,PDU-C01-SP5
2026-06-03 14:10:00,PDU-C01,58.0,PDU-C01-SP3
2026-06-03 14:15:00,PDU-C01,70.7,PDU-C01-SP3
2026-06-03 14:20:00,PDU-C01,61.0,PDU-C01-SP1
2026-06-03 14:25:00,PDU-C01,67.2,PDU-C01-SP3
2026-06-03 14:30:00,PDU-C01,58.5,PDU-C01-SP5
2026-06-03 14:35:00,PDU-C01,57.0,PDU-C01-SP4
2026-06-03 14:40:00,PDU-C01,56.0,PDU-C01-SP5
2026-06-03 14:45:00,PDU-C01,69.2,PDU-C01-SP3
2026-06-03 14:50:00,PDU-C01,61.9,PDU-C01-SP3
2026-06-03 14:55:00,PDU-C01,53.7,PDU-C01-SP1
2026-06-03 15:00:00,PDU-C01,56.2,PDU-C01-SP5
2026-06-03 15:05:00,PDU-C01,70.2,PDU-C01-SP4
2026-06-03 15:10:00,PDU-C01,58.6,PDU-C01-SP2
2026-06-03 15:15:00,PDU-C01,64.8,PDU-C01-SP5
2026-06-03 15:20:00,PDU-C01,53.2,PDU-C01-SP2
2026-06-03 15:25:00,PDU-C01,64.9,PDU-C01-SP5
2026-06-03 15:30:00,PDU-C01,69.4,PDU-C01-SP4
2026-06-03 15:35:00,PDU-C01,65.5,PDU-C01-SP4
2026-06-03 15:40:00,PDU-C01,66.7,PDU-C01-SP2
2026-06-03 15:45:00,PDU-C01,54.5,PDU-C01-SP4
2026-06-03 15:50:00,PDU-C01,59.6,PDU-C01-SP1
2026-06-03 15:55:00,PDU-C01,70.1,PDU-C01-SP3
2026-06-03 16:00:00,PDU-C01,56.0,PDU-C01-SP4
2026-06-03 16:05:00,PDU-C01,65.9,PDU-C01-SP2
2026-06-03 16:10:00,PDU-C01,63.7,PDU-C01-SP3
2026-06-03 16:15:00,PDU-C01,56.8,PDU-C01-SP4
2026-06-03 16:20:00,PDU-C01,70.7,PDU-C01-SP5
2026-06-03 16:25:00,PDU-C01,48.7,PDU-C01-SP3
2026-06-03 16:30:00,PDU-C01,54.6,PDU-C01-SP1
2026-06-03 16:35:00,PDU-C01,62.0,PDU-C01-SP4
2026-06-03 16:40:00,PDU-C01,60.2,PDU-C01-SP1
2026-06-03 16:45:00,PDU-C01,49.8,PDU-C01-SP2
2026-06-03 16:50:00,PDU-C01,69.4,PDU-C01-SP2
2026-06-03 16:55:00,PDU-C01,62.1,PDU-C01-SP4
2026-06-03 17:00:00,PDU-C01,55.5,PDU-C01-SP2
2026-06-03 17:05:00,PDU-C01,67.3,PDU-C01-SP3
2026-06-03 17:10:00,PDU-C01,64.4,PDU-C01-SP1
2026-06-03 17:15:00,PDU-C01,56.5,PDU-C01-SP1
2026-06-03 17:20:00,PDU-C01,57.8,PDU-C01-SP3
2026-06-03 17:25:00,PDU-C01,50.4,PDU-C01-SP2
2026-06-03 17:30:00,PDU-C01,64.3,PDU-C01-SP3
2026-06-03 17:35:00,PDU-C01,67.9,PDU-C01-SP2
2026-06-03 17:40:00,PDU-C01,67.6,PDU-C01-SP2
2026-06-03 17:45:00,PDU-C01,58.4,PDU-C01-SP2
2026-06-03 17:50:00,PDU-C01,68.6,PDU-C01-SP2
2026-06-03 17:55:00,PDU-C01,67.5,PDU-C01-SP5
2026-06-03 18:00:00,PDU-C01,68.2,PDU-C01-SP2
2026-06-03 18:05:00,PDU-C01,52.5,PDU-C01-SP1
2026-06-03 18:10:00,PDU-C01,51.2,PDU-C01-SP3
2026-06-03 18:15:00,PDU-C01,60.6,PDU-C01-SP2
2026-06-03 18:20:00,PDU-C01,56.8,PDU-C01-SP4
2026-06-03 18:25:00,PDU-C01,64.9,PDU-C01-SP4
2026-06-03 18:30:00,PDU-C01,66.3,PDU-C01-SP2
2026-06-03 18:35:00,PDU-C01,65.5,PDU-C01-SP1
2026-06-03 18:40:00,PDU-C01,60.5,PDU-C01-SP5
2026-06-03 18:45:00,PDU-C01,54.7,PDU-C01-SP3
2026-06-03 18:50:00,PDU-C01,56.3,PDU-C01-SP1
2026-06-03 18:55:00,PDU-C01,56.2,PDU-C01-SP1
2026-06-03 19:00:00,PDU-C01,49.1,PDU-C01-SP1
2026-06-03 19:05:00,PDU-C01,44.7,PDU-C01-SP1
2026-06-03 19:10:00,PDU-C01,45.9,PDU-C01-SP3
2026-06-03 19:15:00,PDU-C01,42.2,PDU-C01-SP2
2026-06-03 19:20:00,PDU-C01,47.4,PDU-C01-SP4
2026-06-03 19:25:00,PDU-C01,39.2,PDU-C01-SP1
2026-06-03 19:30:00,PDU-C01,42.4,PDU-C01-SP4
2026-06-03 19:35:00,PDU-C01,40.1,PDU-C01-SP2
2026-06-03 19:40:00,PDU-C01,49.0,PDU-C01-SP4
2026-06-03 19:45:00,PDU-C01,42.8,PDU-C01-SP2
2026-06-03 19:50:00,PDU-C01,46.4,PDU-C01-SP1
2026-06-03 19:55:00,PDU-C01,40.6,PDU-C01-SP5
2026-06-03 20:00:00,PDU-C01,40.3,PDU-C01-SP4
2026-06-03 20:05:00,PDU-C01,41.4,PDU-C01-SP5
2026-06-03 20:10:00,PDU-C01,49.0,PDU-C01-SP2
2026-06-03 20:15:00,PDU-C01,41.3,PDU-C01-SP2
2026-06-03 20:20:00,PDU-C01,40.6,PDU-C01-SP5
2026-06-03 20:25:00,PDU-C01,47.4,PDU-C01-SP4
2026-06-03 20:30:00,PDU-C01,49.0,PDU-C01-SP3
2026-06-03 20:35:00,PDU-C01,43.5,PDU-C01-SP5
2026-06-03 20:40:00,PDU-C01,48.2,PDU-C01-SP2
2026-06-03 20:45:00,PDU-C01,49.9,PDU-C01-SP4
2026-06-03 20:50:00,PDU-C01,44.6,PDU-C01-SP1
2026-06-03 20:55:00,PDU-C01,51.2,PDU-C01-SP2
2026-06-03 21:00:00,PDU-C01,41.0,PDU-C01-SP5
2026-06-03 21:05:00,PDU-C01,49.2,PDU-C01-SP1
2026-06-03 21:10:00,PDU-C01,41.8,PDU-C01-SP1
2026-06-03 21:15:00,PDU-C01,46.8,PDU-C01-SP1
2026-06-03 21:20:00,PDU-C01,41.0,PDU-C01-SP2
2026-06-03 21:25:00,PDU-C01,42.9,PDU-C01-SP2
2026-06-03 21:30:00,PDU-C01,46.2,PDU-C01-SP2
2026-06-03 21:35:00,PDU-C01,39.2,PDU-C01-SP4
2026-06-03 21:40:00,PDU-C01,42.5,PDU-C01-SP4
2026-06-03 21:45:00,PDU-C01,44.6,PDU-C01-SP1
2026-06-03 21:50:00,PDU-C01,39.5,PDU-C01-SP5
2026-06-03 21:55:00,PDU-C01,38.4,PDU-C01-SP3
2026-06-03 22:00:00,PDU-C01,39.5,PDU-C01-SP2
2026-06-03 22:05:00,PDU-C01,45.1,PDU-C01-SP5
2026-06-03 22:10:00,PDU-C01,44.8,PDU-C01-SP1
2026-06-03 22:15:00,PDU-C01,49.5,PDU-C01-SP2
2026-06-03 22:20:00,PDU-C01,46.7,PDU-C01-SP4
2026-06-03 22:25:00,PDU-C01,40.9,PDU-C01-SP3
2026-06-03 22:30:00,PDU-C01,37.8,PDU-C01-SP5
2026-06-03 22:35:00,PDU-C01,41.0,PDU-C01-SP4
2026-06-03 22:40:00,PDU-C01,45.2,PDU-C01-SP3
2026-06-03 22:45:00,PDU-C01,49.5,PDU-C01-SP2
2026-06-03 22:50:00,PDU-C01,48.5,PDU-C01-SP4
2026-06-03 22:55:00,PDU-C01,41.0,PDU-C01-SP1
2026-06-03 23:00:00,PDU-C01,47.0,PDU-C01-SP5
2026-06-03 23:05:00,PDU-C01,39.1,PDU-C01-SP5
2026-06-03 23:10:00,PDU-C01,42.0,PDU-C01-SP1
2026-06-03 23:15:00,PDU-C01,47.4,PDU-C01-SP4
2026-06-03 23:20:00,PDU-C01,43.7,PDU-C01-SP1
2026-06-03 23:25:00,PDU-C01,43.2,PDU-C01-SP4
2026-06-03 23:30:00,PDU-C01,44.1,PDU-C01-SP3
2026-06-03 23:35:00,PDU-C01,43.2,PDU-C01-SP5
2026-06-03 23:40:00,PDU-C01,46.6,PDU-C01-SP2
2026-06-03 23:45:00,PDU-C01,38.7,PDU-C01-SP1
2026-06-03 23:50:00,PDU-C01,41.1,PDU-C01-SP1
2026-06-03 23:55:00,PDU-C01,41.0,PDU-C01-SP5
2026-06-04 00:00:00,PDU-C01,41.7,PDU-C01-SP5
2026-06-04 00:05:00,PDU-C01,38.2,PDU-C01-SP3
2026-06-04 00:10:00,PDU-C01,47.5,PDU-C01-SP2
2026-06-04 00:15:00,PDU-C01,45.6,PDU-C01-SP4
2026-06-04 00:20:00,PDU-C01,45.6,PDU-C01-SP1
2026-06-04 00:25:00,PDU-C01,42.4,PDU-C01-SP2
2026-06-04 00:30:00,PDU-C01,42.7,PDU-C01-SP4
2026-06-04 00:35:00,PDU-C01,45.7,PDU-C01-SP1
2026-06-04 00:40:00,PDU-C01,45.8,PDU-C01-SP2
2026-06-04 00:45:00,PDU-C01,47.8,PDU-C01-SP1
2026-06-04 00:50:00,PDU-C01,41.0,PDU-C01-SP5
2026-06-04 00:55:00,PDU-C01,46.1,PDU-C01-SP1
2026-06-04 01:00:00,PDU-C01,40.5,PDU-C01-SP1
2026-06-04 01:05:00,PDU-C01,40.8,PDU-C01-SP1
2026-06-04 01:10:00,PDU-C01,39.3,PDU-C01-SP2
2026-06-04 01:15:00,PDU-C01,38.0,PDU-C01-SP5
2026-06-04 01:20:00,PDU-C01,42.0,PDU-C01-SP2
2026-06-04 01:25:00,PDU-C01,39.5,PDU-C01-SP2
2026-06-04 01:30:00,PDU-C01,44.8,PDU-C01-SP4
2026-06-04 01:35:00,PDU-C01,45.6,PDU-C01-SP4
2026-06-04 01:40:00,PDU-C01,42.8,PDU-C01-SP2
2026-06-04 01:45:00,PDU-C01,45.6,PDU-C01-SP1
2026-06-04 01:50:00,PDU-C01,46.9,PDU-C01-SP2
2026-06-04 01:55:00,PDU-C01,47.5,PDU-C01-SP4
2026-06-04 02:00:00,PDU-C01,47.6,PDU-C01-SP3
2026-06-04 02:05:00,PDU-C01,45.8,PDU-C01-SP2
2026-06-04 02:10:00,PDU-C01,37.6,PDU-C01-SP2
2026-06-04 02:15:00,PDU-C01,40.7,PDU-C01-SP1
2026-06-04 02:20:00,PDU-C01,49.5,PDU-C01-SP1
2026-06-04 02:25:00,PDU-C01,43.8,PDU-C01-SP3
2026-06-04 02:30:00,PDU-C01,46.7,PDU-C01-SP1
2026-06-04 02:35:00,PDU-C01,48.4,PDU-C01-SP5
2026-06-04 02:40:00,PDU-C01,41.2,PDU-C01-SP4
2026-06-04 02:45:00,PDU-C01,38.6,PDU-C01-SP1
2026-06-04 02:50:00,PDU-C01,49.0,PDU-C01-SP1
2026-06-04 02:55:00,PDU-C01,47.0,PDU-C01-SP3
2026-06-04 03:00:00,PDU-C01,44.7,PDU-C01-SP4
2026-06-04 03:05:00,PDU-C01,44.2,PDU-C01-SP4
2026-06-04 03:10:00,PDU-C01,42.3,PDU-C01-SP1
2026-06-04 03:15:00,PDU-C01,45.4,PDU-C01-SP4
2026-06-04 03:20:00,PDU-C01,39.6,PDU-C01-SP1
2026-06-04 03:25:00,PDU-C01,47.3,PDU-C01-SP5
2026-06-04 03:30:00,PDU-C01,42.1,PDU-C01-SP4
2026-06-04 03:35:00,PDU-C01,41.1,PDU-C01-SP1
2026-06-04 03:40:00,PDU-C01,40.1,PDU-C01-SP4
2026-06-04 03:45:00,PDU-C01,48.9,PDU-C01-SP2
2026-06-04 03:50:00,PDU-C01,48.8,PDU-C01-SP4
2026-06-04 03:55:00,PDU-C01,39.7,PDU-C01-SP5
2026-06-04 04:00:00,PDU-C01,48.4,PDU-C01-SP3
2026-06-04 04:05:00,PDU-C01,46.2,PDU-C01-SP2
2026-06-04 04:10:00,PDU-C01,42.0,PDU-C01-SP3
2026-06-04 04:15:00,PDU-C01,48.2,PDU-C01-SP3
2026-06-04 04:20:00,PDU-C01,41.8,PDU-C01-SP4
2026-06-04 04:25:00,PDU-C01,40.6,PDU-C01-SP2
2026-06-04 04:30:00,PDU-C01,40.8,PDU-C01-SP1
2026-06-04 04:35:00,PDU-C01,39.6,PDU-C01-SP1
2026-06-04 04:40:00,PDU-C01,45.2,PDU-C01-SP1
2026-06-04 04:45:00,PDU-C01,42.3,PDU-C01-SP2
2026-06-04 04:50:00,PDU-C01,39.8,PDU-C01-SP5
2026-06-04 04:55:00,PDU-C01,45.9,PDU-C01-SP4
2026-06-04 05:00:00,PDU-C01,40.0,PDU-C01-SP3
2026-06-04 05:05:00,PDU-C01,42.8,PDU-C01-SP5
2026-06-04 05:10:00,PDU-C01,43.3,PDU-C01-SP4
2026-06-04 05:15:00,PDU-C01,48.1,PDU-C01-SP5
2026-06-04 05:20:00,PDU-C01,47.0,PDU-C01-SP1
2026-06-04 05:25:00,PDU-C01,39.5,PDU-C01-SP4
2026-06-04 05:30:00,PDU-C01,48.2,PDU-C01-SP2
2026-06-04 05:35:00,PDU-C01,42.3,PDU-C01-SP1
2026-06-04 05:40:00,PDU-C01,47.7,PDU-C01-SP2
2026-06-04 05:45:00,PDU-C01,45.8,PDU-C01-SP5
2026-06-04 05:50:00,PDU-C01,40.8,PDU-C01-SP4
2026-06-04 05:55:00,PDU-C01,48.8,PDU-C01-SP5
2026-06-04 06:00:00,PDU-C01,39.7,PDU-C01-SP3
2026-06-04 06:05:00,PDU-C01,40.5,PDU-C01-SP2
2026-06-04 06:10:00,PDU-C01,43.7,PDU-C01-SP4
2026-06-04 06:15:00,PDU-C01,40.9,PDU-C01-SP3
2026-06-04 06:20:00,PDU-C01,44.4,PDU-C01-SP1
2026-06-04 06:25:00,PDU-C01,38.4,PDU-C01-SP5
2026-06-04 06:30:00,PDU-C01,49.3,PDU-C01-SP1
2026-06-04 06:35:00,PDU-C01,48.2,PDU-C01-SP4
2026-06-04 06:40:00,PDU-C01,45.7,PDU-C01-SP5
2026-06-04 06:45:00,PDU-C01,47.5,PDU-C01-SP4
2026-06-04 06:50:00,PDU-C01,49.2,PDU-C01-SP4
2026-06-04 06:55:00,PDU-C01,44.1,PDU-C01-SP2
2026-06-04 07:00:00,PDU-C01,36.7,PDU-C01-SP2
2026-06-04 07:05:00,PDU-C01,33.4,PDU-C01-SP1
2026-06-04 07:10:00,PDU-C01,33.4,PDU-C01-SP5
2026-06-04 07:15:00,PDU-C01,36.4,PDU-C01-SP3
2026-06-04 07:20:00,PDU-C01,37.0,PDU-C01-SP3
2026-06-04 07:25:00,PDU-C01,35.1,PDU-C01-SP1
2026-06-04 07:30:00,PDU-C01,35.2,PDU-C01-SP5
2026-06-04 07:35:00,PDU-C01,35.7,PDU-C01-SP1
2026-06-04 07:40:00,PDU-C01,34.7,PDU-C01-SP4
2026-06-04 07:45:00,PDU-C01,33.8,PDU-C01-SP3
2026-06-04 07:50:00,PDU-C01,34.6,PDU-C01-SP2
2026-06-04 07:55:00,PDU-C01,33.4,PDU-C01-SP4
2026-06-04 08:00:00,PDU-C01,33.8,PDU-C01-SP1
2026-06-04 08:05:00,PDU-C01,33.7,PDU-C01-SP4
2026-06-04 08:10:00,PDU-C01,36.9,PDU-C01-SP3
2026-06-04 08:15:00,PDU-C01,36.3,PDU-C01-SP4
2026-06-04 08:20:00,PDU-C01,36.3,PDU-C01-SP4
2026-06-04 08:25:00,PDU-C01,33.4,PDU-C01-SP5
2026-06-04 08:30:00,PDU-C01,34.2,PDU-C01-SP4
2026-06-04 08:35:00,PDU-C01,33.9,PDU-C01-SP5
2026-06-04 08:40:00,PDU-C01,35.0,PDU-C01-SP1
2026-06-04 08:45:00,PDU-C01,35.3,PDU-C01-SP2
2026-06-04 08:50:00,PDU-C01,35.1,PDU-C01-SP5
2026-06-04 08:55:00,PDU-C01,35.6,PDU-C01-SP5
2026-06-04 09:00:00,PDU-C01,51.2,PDU-C01-SP2
2026-06-04 09:05:00,PDU-C01,62.4,PDU-C01-SP2
2026-06-04 09:10:00,PDU-C01,60.9,PDU-C01-SP1
2026-06-04 09:15:00,PDU-C01,58.5,PDU-C01-SP2
2026-06-04 09:20:00,PDU-C01,66.7,PDU-C01-SP1
2026-06-04 09:25:00,PDU-C01,59.0,PDU-C01-SP2
2026-06-04 09:30:00,PDU-C01,56.9,PDU-C01-SP2
2026-06-04 09:35:00,PDU-C01,52.0,PDU-C01-SP5
2026-06-04 09:40:00,PDU-C01,56.9,PDU-C01-SP1
2026-06-04 09:45:00,PDU-C01,56.6,PDU-C01-SP1
2026-06-04 09:50:00,PDU-C01,55.5,PDU-C01-SP5
2026-06-04 09:55:00,PDU-C01,56.3,PDU-C01-SP5
2026-06-04 10:00:00,PDU-C01,65.5,PDU-C01-SP3
2026-06-04 10:05:00,PDU-C01,65.5,PDU-C01-SP2
2026-06-04 10:10:00,PDU-C01,65.3,PDU-C01-SP5
2026-06-04 10:15:00,PDU-C01,63.7,PDU-C01-SP4
2026-06-04 10:20:00,PDU-C01,69.0,PDU-C01-SP2
2026-06-04 10:25:00,PDU-C01,60.7,PDU-C01-SP3
2026-06-04 10:30:00,PDU-C01,67.1,PDU-C01-SP1
2026-06-04 10:35:00,PDU-C01,57.8,PDU-C01-SP5
2026-06-04 10:40:00,PDU-C01,62.7,PDU-C01-SP5
2026-06-04 10:45:00,PDU-C01,65.9,PDU-C01-SP3
2026-06-04 10:50:00,PDU-C01,68.1,PDU-C01-SP2
2026-06-04 10:55:00,PDU-C01,66.5,PDU-C01-SP2
2026-06-04 11:00:00,PDU-C01,63.8,PDU-C01-SP1
2026-06-04 11:05:00,PDU-C01,52.6,PDU-C01-SP2
2026-06-04 11:10:00,PDU-C01,60.5,PDU-C01-SP3
2026-06-04 11:15:00,PDU-C01,50.8,PDU-C01-SP5
2026-06-04 11:20:00,PDU-C01,54.0,PDU-C01-SP3
2026-06-04 11:25:00,PDU-C01,58.9,PDU-C01-SP5
2026-06-04 11:30:00,PDU-C01,56.4,PDU-C01-SP4
2026-06-04 11:35:00,PDU-C01,62.0,PDU-C01-SP3
2026-06-04 11:40:00,PDU-C01,66.0,PDU-C01-SP5
2026-06-04 11:45:00,PDU-C01,59.2,PDU-C01-SP3
2026-06-04 11:50:00,PDU-C01,68.0,PDU-C01-SP4
2026-06-04 11:55:00,PDU-C01,51.8,PDU-C01-SP1
2026-06-04 12:00:00,PDU-C01,62.2,PDU-C01-SP5
2026-06-04 12:05:00,PDU-C01,68.1,PDU-C01-SP4
2026-06-04 12:10:00,PDU-C01,60.8,PDU-C01-SP2
2026-06-04 12:15:00,PDU-C01,58.4,PDU-C01-SP1
2026-06-04 12:20:00,PDU-C01,58.4,PDU-C01-SP1
2026-06-04 12:25:00,PDU-C01,66.4,PDU-C01-SP5
2026-06-04 12:30:00,PDU-C01,61.1,PDU-C01-SP4
2026-06-04 12:35:00,PDU-C01,51.3,PDU-C01-SP1
2026-06-04 12:40:00,PDU-C01,58.5,PDU-C01-SP3
2026-06-04 12:45:00,PDU-C01,70.3,PDU-C01-SP2
2026-06-04 12:50:00,PDU-C01,56.7,PDU-C01-SP2
2026-06-04 12:55:00,PDU-C01,66.5,PDU-C01-SP1
2026-06-04 13:00:00,PDU-C01,63.9,PDU-C01-SP2
2026-06-04 13:05:00,PDU-C01,64.5,PDU-C01-SP2
2026-06-04 13:10:00,PDU-C01,52.6,PDU-C01-SP3
2026-06-04 13:15:00,PDU-C01,54.2,PDU-C01-SP5
2026-06-04 13:20:00,PDU-C01,53.2,PDU-C01-SP3
2026-06-04 13:25:00,PDU-C01,54.6,PDU-C01-SP5
2026-06-04 13:30:00,PDU-C01,66.5,PDU-C01-SP1
2026-06-04 13:35:00,PDU-C01,52.3,PDU-C01-SP3
2026-06-04 13:40:00,PDU-C01,50.6,PDU-C01-SP4
2026-06-04 13:45:00,PDU-C01,59.0,PDU-C01-SP1
2026-06-04 13:50:00,PDU-C01,53.3,PDU-C01-SP4
2026-06-04 13:55:00,PDU-C01,65.1,PDU-C01-SP4
2026-06-04 14:00:00,PDU-C01,67.8,PDU-C01-SP5
2026-06-04 14:05:00,PDU-C01,54.9,PDU-C01-SP3
2026-06-04 14:10:00,PDU-C01,54.0,PDU-C01-SP1
2026-06-04 14:15:00,PDU-C01,67.8,PDU-C01-SP3
2026-06-04 14:20:00,PDU-C01,56.8,PDU-C01-SP3
2026-06-04 14:25:00,PDU-C01,68.7,PDU-C01-SP5
2026-06-04 14:30:00,PDU-C01,52.8,PDU-C01-SP2
2026-06-04 14:35:00,PDU-C01,56.0,PDU-C01-SP1
2026-06-04 14:40:00,PDU-C01,49.3,PDU-C01-SP4
2026-06-04 14:45:00,PDU-C01,55.5,PDU-C01-SP5
2026-06-04 14:50:00,PDU-C01,60.6,PDU-C01-SP2
2026-06-04 14:55:00,PDU-C01,54.4,PDU-C01-SP4
2026-06-04 15:00:00,PDU-C01,59.3,PDU-C01-SP4
2026-06-04 15:05:00,PDU-C01,63.1,PDU-C01-SP5
2026-06-04 15:10:00,PDU-C01,55.9,PDU-C01-SP4
2026-06-04 15:15:00,PDU-C01,50.9,PDU-C01-SP1
2026-06-04 15:20:00,PDU-C01,62.7,PDU-C01-SP2
2026-06-04 15:25:00,PDU-C01,60.2,PDU-C01-SP5
2026-06-04 15:30:00,PDU-C01,67.0,PDU-C01-SP3
2026-06-04 15:35:00,PDU-C01,53.2,PDU-C01-SP2
2026-06-04 15:40:00,PDU-C01,55.4,PDU-C01-SP2
2026-06-04 15:45:00,PDU-C01,59.0,PDU-C01-SP4
2026-06-04 15:50:00,PDU-C01,55.1,PDU-C01-SP5
2026-06-04 15:55:00,PDU-C01,59.7,PDU-C01-SP2
2026-06-04 16:00:00,PDU-C01,55.0,PDU-C01-SP1
2026-06-04 16:05:00,PDU-C01,69.7,PDU-C01-SP4
2026-06-04 16:10:00,PDU-C01,59.2,PDU-C01-SP1
2026-06-04 16:15:00,PDU-C01,61.3,PDU-C01-SP3
2026-06-04 16:20:00,PDU-C01,64.9,PDU-C01-SP2
2026-06-04 16:25:00,PDU-C01,63.3,PDU-C01-SP5
2026-06-04 16:30:00,PDU-C01,69.1,PDU-C01-SP3
2026-06-04 16:35:00,PDU-C01,49.5,PDU-C01-SP3
2026-06-04 16:40:00,PDU-C01,64.5,PDU-C01-SP3
2026-06-04 16:45:00,PDU-C01,54.3,PDU-C01-SP5
2026-06-04 16:50:00,PDU-C01,64.4,PDU-C01-SP5
2026-06-04 16:55:00,PDU-C01,70.2,PDU-C01-SP4
2026-06-04 17:00:00,PDU-C01,68.3,PDU-C01-SP2
2026-06-04 17:05:00,PDU-C01,62.6,PDU-C01-SP5
2026-06-04 17:10:00,PDU-C01,67.2,PDU-C01-SP3
2026-06-04 17:15:00,PDU-C01,54.6,PDU-C01-SP4
2026-06-04 17:20:00,PDU-C01,56.3,PDU-C01-SP4
2026-06-04 17:25:00,PDU-C01,52.7,PDU-C01-SP2
2026-06-04 17:30:00,PDU-C01,51.1,PDU-C01-SP5
2026-06-04 17:35:00,PDU-C01,55.3,PDU-C01-SP5
2026-06-04 17:40:00,PDU-C01,67.8,PDU-C01-SP3
2026-06-04 17:45:00,PDU-C01,70.7,PDU-C01-SP5
2026-06-04 17:50:00,PDU-C01,63.6,PDU-C01-SP5
2026-06-04 17:55:00,PDU-C01,69.0,PDU-C01-SP5
2026-06-04 18:00:00,PDU-C01,61.1,PDU-C01-SP4
2026-06-04 18:05:00,PDU-C01,51.1,PDU-C01-SP4
2026-06-04 18:10:00,PDU-C01,65.4,PDU-C01-SP1
2026-06-04 18:15:00,PDU-C01,68.9,PDU-C01-SP4
2026-06-04 18:20:00,PDU-C01,60.0,PDU-C01-SP3
2026-06-04 18:25:00,PDU-C01,64.1,PDU-C01-SP1
2026-06-04 18:30:00,PDU-C01,51.6,PDU-C01-SP5
2026-06-04 18:35:00,PDU-C01,57.0,PDU-C01-SP4
2026-06-04 18:40:00,PDU-C01,51.6,PDU-C01-SP3
2026-06-04 18:45:00,PDU-C01,59.3,PDU-C01-SP1
2026-06-04 18:50:00,PDU-C01,61.4,PDU-C01-SP5
2026-06-04 18:55:00,PDU-C01,56.5,PDU-C01-SP1
2026-06-04 19:00:00,PDU-C01,43.9,PDU-C01-SP3
2026-06-04 19:05:00,PDU-C01,46.1,PDU-C01-SP2
2026-06-04 19:10:00,PDU-C01,42.0,PDU-C01-SP3
2026-06-04 19:15:00,PDU-C01,46.3,PDU-C01-SP4
2026-06-04 19:20:00,PDU-C01,44.6,PDU-C01-SP3
2026-06-04 19:25:00,PDU-C01,44.2,PDU-C01-SP3
2026-06-04 19:30:00,PDU-C01,47.2,PDU-C01-SP5
2026-06-04 19:35:00,PDU-C01,46.6,PDU-C01-SP3
2026-06-04 19:40:00,PDU-C01,41.0,PDU-C01-SP3
2026-06-04 19:45:00,PDU-C01,50.1,PDU-C01-SP4
2026-06-04 19:50:00,PDU-C01,41.1,PDU-C01-SP5
2026-06-04 19:55:00,PDU-C01,47.1,PDU-C01-SP4
2026-06-04 20:00:00,PDU-C01,42.2,PDU-C01-SP2
2026-06-04 20:05:00,PDU-C01,44.6,PDU-C01-SP2
2026-06-04 20:10:00,PDU-C01,46.4,PDU-C01-SP4
2026-06-04 20:15:00,PDU-C01,42.4,PDU-C01-SP4
2026-06-04 20:20:00,PDU-C01,47.8,PDU-C01-SP1
2026-06-04 20:25:00,PDU-C01,47.0,PDU-C01-SP2
2026-06-04 20:30:00,PDU-C01,43.8,PDU-C01-SP2
2026-06-04 20:35:00,PDU-C01,47.0,PDU-C01-SP5
2026-06-04 20:40:00,PDU-C01,49.2,PDU-C01-SP2
2026-06-04 20:45:00,PDU-C01,42.0,PDU-C01-SP1
2026-06-04 20:50:00,PDU-C01,45.3,PDU-C01-SP1
2026-06-04 20:55:00,PDU-C01,46.9,PDU-C01-SP5
2026-06-04 21:00:00,PDU-C01,45.8,PDU-C01-SP1
2026-06-04 21:05:00,PDU-C01,50.1,PDU-C01-SP2
2026-06-04 21:10:00,PDU-C01,38.2,PDU-C01-SP5
2026-06-04 21:15:00,PDU-C01,47.0,PDU-C01-SP4
2026-06-04 21:20:00,PDU-C01,44.2,PDU-C01-SP4
2026-06-04 21:25:00,PDU-C01,38.4,PDU-C01-SP3
2026-06-04 21:30:00,PDU-C01,41.8,PDU-C01-SP2
2026-06-04 21:35:00,PDU-C01,46.1,PDU-C01-SP3
2026-06-04 21:40:00,PDU-C01,45.3,PDU-C01-SP5
2026-06-04 21:45:00,PDU-C01,41.9,PDU-C01-SP5
2026-06-04 21:50:00,PDU-C01,44.1,PDU-C01-SP2
2026-06-04 21:55:00,PDU-C01,41.7,PDU-C01-SP2
2026-06-04 22:00:00,PDU-C01,40.6,PDU-C01-SP4
2026-06-04 22:05:00,PDU-C01,40.8,PDU-C01-SP1
2026-06-04 22:10:00,PDU-C01,42.8,PDU-C01-SP1
2026-06-04 22:15:00,PDU-C01,48.0,PDU-C01-SP3
2026-06-04 22:20:00,PDU-C01,45.6,PDU-C01-SP2
2026-06-04 22:25:00,PDU-C01,48.0,PDU-C01-SP4
2026-06-04 22:30:00,PDU-C01,41.3,PDU-C01-SP5
2026-06-04 22:35:00,PDU-C01,40.6,PDU-C01-SP5
2026-06-04 22:40:00,PDU-C01,49.1,PDU-C01-SP5
2026-06-04 22:45:00,PDU-C01,44.4,PDU-C01-SP4
2026-06-04 22:50:00,PDU-C01,51.1,PDU-C01-SP5
2026-06-04 22:55:00,PDU-C01,41.1,PDU-C01-SP2
2026-06-04 23:00:00,PDU-C01,50.7,PDU-C01-SP3
2026-06-04 23:05:00,PDU-C01,39.9,PDU-C01-SP2
2026-06-04 23:10:00,PDU-C01,43.7,PDU-C01-SP3
2026-06-04 23:15:00,PDU-C01,50.1,PDU-C01-SP2
2026-06-04 23:20:00,PDU-C01,44.1,PDU-C01-SP5
2026-06-04 23:25:00,PDU-C01,42.3,PDU-C01-SP2
2026-06-04 23:30:00,PDU-C01,40.7,PDU-C01-SP4
2026-06-04 23:35:00,PDU-C01,42.5,PDU-C01-SP5
2026-06-04 23:40:00,PDU-C01,42.7,PDU-C01-SP1
2026-06-04 23:45:00,PDU-C01,40.9,PDU-C01-SP2
2026-06-04 23:50:00,PDU-C01,45.0,PDU-C01-SP5
2026-06-04 23:55:00,PDU-C01,46.6,PDU-C01-SP1
2026-06-05 00:00:00,PDU-C01,44.4,PDU-C01-SP1
2026-06-05 00:05:00,PDU-C01,47.2,PDU-C01-SP3
2026-06-05 00:10:00,PDU-C01,45.6,PDU-C01-SP3
2026-06-05 00:15:00,PDU-C01,46.3,PDU-C01-SP5
2026-06-05 00:20:00,PDU-C01,51.0,PDU-C01-SP4
2026-06-05 00:25:00,PDU-C01,42.4,PDU-C01-SP2
2026-06-05 00:30:00,PDU-C01,50.5,PDU-C01-SP2
2026-06-05 00:35:00,PDU-C01,49.1,PDU-C01-SP1
2026-06-05 00:40:00,PDU-C01,47.6,PDU-C01-SP1
2026-06-05 00:45:00,PDU-C01,46.6,PDU-C01-SP4
2026-06-05 00:50:00,PDU-C01,41.3,PDU-C01-SP1
2026-06-05 00:55:00,PDU-C01,40.7,PDU-C01-SP3
2026-06-05 01:00:00,PDU-C01,46.4,PDU-C01-SP3
2026-06-05 01:05:00,PDU-C01,46.4,PDU-C01-SP5
2026-06-05 01:10:00,PDU-C01,47.0,PDU-C01-SP5
2026-06-05 01:15:00,PDU-C01,45.1,PDU-C01-SP3
2026-06-05 01:20:00,PDU-C01,48.3,PDU-C01-SP1
2026-06-05 01:25:00,PDU-C01,45.8,PDU-C01-SP2
2026-06-05 01:30:00,PDU-C01,47.0,PDU-C01-SP3
2026-06-05 01:35:00,PDU-C01,41.7,PDU-C01-SP3
2026-06-05 01:40:00,PDU-C01,43.9,PDU-C01-SP1
2026-06-05 01:45:00,PDU-C01,45.7,PDU-C01-SP4
2026-06-05 01:50:00,PDU-C01,45.3,PDU-C01-SP3
2026-06-05 01:55:00,PDU-C01,47.9,PDU-C01-SP4
2026-06-05 02:00:00,PDU-C01,44.0,PDU-C01-SP4
2026-06-05 02:05:00,PDU-C01,43.6,PDU-C01-SP5
2026-06-05 02:10:00,PDU-C01,38.7,PDU-C01-SP2
2026-06-05 02:15:00,PDU-C01,42.4,PDU-C01-SP5
2026-06-05 02:20:00,PDU-C01,43.5,PDU-C01-SP5
2026-06-05 02:25:00,PDU-C01,40.6,PDU-C01-SP2
2026-06-05 02:30:00,PDU-C01,44.6,PDU-C01-SP2
2026-06-05 02:35:00,PDU-C01,44.1,PDU-C01-SP4
2026-06-05 02:40:00,PDU-C01,50.4,PDU-C01-SP3
2026-06-05 02:45:00,PDU-C01,42.0,PDU-C01-SP2
2026-06-05 02:50:00,PDU-C01,45.5,PDU-C01-SP2
2026-06-05 02:55:00,PDU-C01,38.0,PDU-C01-SP1
2026-06-05 03:00:00,PDU-C01,39.7,PDU-C01-SP4
2026-06-05 03:05:00,PDU-C01,42.4,PDU-C01-SP3
2026-06-05 03:10:00,PDU-C01,42.9,PDU-C01-SP5
2026-06-05 03:15:00,PDU-C01,43.9,PDU-C01-SP4
2026-06-05 03:20:00,PDU-C01,47.1,PDU-C01-SP2
2026-06-05 03:25:00,PDU-C01,41.1,PDU-C01-SP3
2026-06-05 03:30:00,PDU-C01,46.1,PDU-C01-SP3
2026-06-05 03:35:00,PDU-C01,44.8,PDU-C01-SP1
2026-06-05 03:40:00,PDU-C01,50.2,PDU-C01-SP2
2026-06-05 03:45:00,PDU-C01,48.0,PDU-C01-SP5
2026-06-05 03:50:00,PDU-C01,43.2,PDU-C01-SP3
2026-06-05 03:55:00,PDU-C01,50.1,PDU-C01-SP4
2026-06-05 04:00:00,PDU-C01,45.3,PDU-C01-SP4
2026-06-05 04:05:00,PDU-C01,42.7,PDU-C01-SP1
2026-06-05 04:10:00,PDU-C01,51.3,PDU-C01-SP1
2026-06-05 04:15:00,PDU-C01,43.3,PDU-C01-SP2
2026-06-05 04:20:00,PDU-C01,42.4,PDU-C01-SP3
2026-06-05 04:25:00,PDU-C01,50.8,PDU-C01-SP3
2026-06-05 04:30:00,PDU-C01,43.2,PDU-C01-SP2
2026-06-05 04:35:00,PDU-C01,51.2,PDU-C01-SP5
2026-06-05 04:40:00,PDU-C01,41.7,PDU-C01-SP1
2026-06-05 04:45:00,PDU-C01,44.8,PDU-C01-SP3
2026-06-05 04:50:00,PDU-C01,49.9,PDU-C01-SP1
2026-06-05 04:55:00,PDU-C01,48.0,PDU-C01-SP1
2026-06-05 05:00:00,PDU-C01,51.0,PDU-C01-SP5
2026-06-05 05:05:00,PDU-C01,49.1,PDU-C01-SP5
2026-06-05 05:10:00,PDU-C01,50.1,PDU-C01-SP1
2026-06-05 05:15:00,PDU-C01,42.5,PDU-C01-SP5
2026-06-05 05:20:00,PDU-C01,41.1,PDU-C01-SP1
2026-06-05 05:25:00,PDU-C01,44.7,PDU-C01-SP5
2026-06-05 05:30:00,PDU-C01,41.6,PDU-C01-SP1
2026-06-05 05:35:00,PDU-C01,49.0,PDU-C01-SP5
2026-06-05 05:40:00,PDU-C01,38.7,PDU-C01-SP4
2026-06-05 05:45:00,PDU-C01,39.6,PDU-C01-SP5
2026-06-05 05:50:00,PDU-C01,48.5,PDU-C01-SP2
2026-06-05 05:55:00,PDU-C01,40.6,PDU-C01-SP3
2026-06-05 06:00:00,PDU-C01,46.3,PDU-C01-SP2
2026-06-05 06:05:00,PDU-C01,51.1,PDU-C01-SP5
2026-06-05 06:10:00,PDU-C01,45.5,PDU-C01-SP1
2026-06-05 06:15:00,PDU-C01,43.3,PDU-C01-SP2
2026-06-05 06:20:00,PDU-C01,44.2,PDU-C01-SP3
2026-06-05 06:25:00,PDU-C01,45.3,PDU-C01-SP2
2026-06-05 06:30:00,PDU-C01,41.5,PDU-C01-SP3
2026-06-05 06:35:00,PDU-C01,44.4,PDU-C01-SP1
2026-06-05 06:40:00,PDU-C01,40.7,PDU-C01-SP1
2026-06-05 06:45:00,PDU-C01,47.1,PDU-C01-SP4
2026-06-05 06:50:00,PDU-C01,42.2,PDU-C01-SP1
2026-06-05 06:55:00,PDU-C01,49.3,PDU-C01-SP4
2026-06-05 07:00:00,PDU-C01,34.4,PDU-C01-SP5
2026-06-05 07:05:00,PDU-C01,34.2,PDU-C01-SP3
2026-06-05 07:10:00,PDU-C01,34.3,PDU-C01-SP4
2026-06-05 07:15:00,PDU-C01,36.0,PDU-C01-SP4
2026-06-05 07:20:00,PDU-C01,33.9,PDU-C01-SP3
2026-06-05 07:25:00,PDU-C01,34.3,PDU-C01-SP3
2026-06-05 07:30:00,PDU-C01,33.5,PDU-C01-SP5
2026-06-05 07:35:00,PDU-C01,36.0,PDU-C01-SP2
2026-06-05 07:40:00,PDU-C01,35.4,PDU-C01-SP1
2026-06-05 07:45:00,PDU-C01,33.6,PDU-C01-SP5
2026-06-05 07:50:00,PDU-C01,36.4,PDU-C01-SP5
2026-06-05 07:55:00,PDU-C01,34.1,PDU-C01-SP2
2026-06-05 08:00:00,PDU-C01,33.2,PDU-C01-SP3
2026-06-05 08:05:00,PDU-C01,35.7,PDU-C01-SP5
2026-06-05 08:10:00,PDU-C01,36.7,PDU-C01-SP1
2026-06-05 08:15:00,PDU-C01,33.1,PDU-C01-SP1
2026-06-05 08:20:00,PDU-C01,36.7,PDU-C01-SP4
2026-06-05 08:25:00,PDU-C01,36.9,PDU-C01-SP4
2026-06-05 08:30:00,PDU-C01,35.8,PDU-C01-SP1
2026-06-05 08:35:00,PDU-C01,33.1,PDU-C01-SP5
2026-06-05 08:40:00,PDU-C01,35.5,PDU-C01-SP2
2026-06-05 08:45:00,PDU-C01,35.7,PDU-C01-SP2
2026-06-05 08:50:00,PDU-C01,36.2,PDU-C01-SP1
2026-06-05 08:55:00,PDU-C01,34.6,PDU-C01-SP2
2026-06-05 09:00:00,PDU-C01,58.4,PDU-C01-SP2
2026-06-05 09:05:00,PDU-C01,51.4,PDU-C01-SP4
2026-06-05 09:10:00,PDU-C01,57.7,PDU-C01-SP2
2026-06-05 09:15:00,PDU-C01,62.5,PDU-C01-SP5
2026-06-05 09:20:00,PDU-C01,60.9,PDU-C01-SP2
2026-06-05 09:25:00,PDU-C01,49.4,PDU-C01-SP3
2026-06-05 09:30:00,PDU-C01,61.1,PDU-C01-SP1
2026-06-05 09:35:00,PDU-C01,63.0,PDU-C01-SP5
2026-06-05 09:40:00,PDU-C01,55.3,PDU-C01-SP3
2026-06-05 09:45:00,PDU-C01,60.9,PDU-C01-SP5
2026-06-05 09:50:00,PDU-C01,60.7,PDU-C01-SP2
2026-06-05 09:55:00,PDU-C01,51.3,PDU-C01-SP4
2026-06-05 10:00:00,PDU-C01,67.3,PDU-C01-SP3
2026-06-05 10:05:00,PDU-C01,63.3,PDU-C01-SP3
2026-06-05 10:10:00,PDU-C01,66.3,PDU-C01-SP1
2026-06-05 10:15:00,PDU-C01,52.3,PDU-C01-SP3
2026-06-05 10:20:00,PDU-C01,58.3,PDU-C01-SP1
2026-06-05 10:25:00,PDU-C01,58.6,PDU-C01-SP1
2026-06-05 10:30:00,PDU-C01,62.7,PDU-C01-SP5
2026-06-05 10:35:00,PDU-C01,59.2,PDU-C01-SP1
2026-06-05 10:40:00,PDU-C01,53.9,PDU-C01-SP2
2026-06-05 10:45:00,PDU-C01,54.9,PDU-C01-SP3
2026-06-05 10:50:00,PDU-C01,68.5,PDU-C01-SP3
2026-06-05 10:55:00,PDU-C01,60.2,PDU-C01-SP5
2026-06-05 11:00:00,PDU-C01,67.5,PDU-C01-SP5
2026-06-05 11:05:00,PDU-C01,51.9,PDU-C01-SP5
2026-06-05 11:10:00,PDU-C01,69.8,PDU-C01-SP3
2026-06-05 11:15:00,PDU-C01,60.6,PDU-C01-SP3
2026-06-05 11:20:00,PDU-C01,52.5,PDU-C01-SP4
2026-06-05 11:25:00,PDU-C01,57.9,PDU-C01-SP4
2026-06-05 11:30:00,PDU-C01,65.0,PDU-C01-SP5
2026-06-05 11:35:00,PDU-C01,59.9,PDU-C01-SP5
2026-06-05 11:40:00,PDU-C01,60.4,PDU-C01-SP3
2026-06-05 11:45:00,PDU-C01,60.4,PDU-C01-SP5
2026-06-05 11:50:00,PDU-C01,61.4,PDU-C01-SP2
2026-06-05 11:55:00,PDU-C01,59.6,PDU-C01-SP4
2026-06-05 12:00:00,PDU-C01,64.5,PDU-C01-SP2
2026-06-05 12:05:00,PDU-C01,65.0,PDU-C01-SP1
2026-06-05 12:10:00,PDU-C01,71.0,PDU-C01-SP2
2026-06-05 12:15:00,PDU-C01,59.2,PDU-C01-SP3
2026-06-05 12:20:00,PDU-C01,60.0,PDU-C01-SP4
2026-06-05 12:25:00,PDU-C01,66.4,PDU-C01-SP5
2026-06-05 12:30:00,PDU-C01,61.2,PDU-C01-SP1
2026-06-05 12:35:00,PDU-C01,52.6,PDU-C01-SP3
2026-06-05 12:40:00,PDU-C01,67.2,PDU-C01-SP3
2026-06-05 12:45:00,PDU-C01,64.8,PDU-C01-SP5
2026-06-05 12:50:00,PDU-C01,54.1,PDU-C01-SP1
2026-06-05 12:55:00,PDU-C01,56.4,PDU-C01-SP1
2026-06-05 13:00:00,PDU-C01,68.1,PDU-C01-SP4
2026-06-05 13:05:00,PDU-C01,51.5,PDU-C01-SP3
2026-06-05 13:10:00,PDU-C01,69.5,PDU-C01-SP4
2026-06-05 13:15:00,PDU-C01,60.0,PDU-C01-SP5
2026-06-05 13:20:00,PDU-C01,55.5,PDU-C01-SP4
2026-06-05 13:25:00,PDU-C01,61.1,PDU-C01-SP3
2026-06-05 13:30:00,PDU-C01,68.3,PDU-C01-SP4
2026-06-05 13:35:00,PDU-C01,66.4,PDU-C01-SP4
2026-06-05 13:40:00,PDU-C01,66.0,PDU-C01-SP2
2026-06-05 13:45:00,PDU-C01,60.5,PDU-C01-SP5
2026-06-05 13:50:00,PDU-C01,64.8,PDU-C01-SP2
2026-06-05 13:55:00,PDU-C01,59.2,PDU-C01-SP5
2026-06-05 14:00:00,PDU-C01,69.1,PDU-C01-SP1
2026-06-05 14:05:00,PDU-C01,59.2,PDU-C01-SP3
2026-06-05 14:10:00,PDU-C01,53.9,PDU-C01-SP5
2026-06-05 14:15:00,PDU-C01,60.0,PDU-C01-SP3
2026-06-05 14:20:00,PDU-C01,65.0,PDU-C01-SP4
2026-06-05 14:25:00,PDU-C01,68.7,PDU-C01-SP5
2026-06-05 14:30:00,PDU-C01,52.2,PDU-C01-SP3
2026-06-05 14:35:00,PDU-C01,56.7,PDU-C01-SP4
2026-06-05 14:40:00,PDU-C01,70.4,PDU-C01-SP5
2026-06-05 14:45:00,PDU-C01,56.8,PDU-C01-SP3
2026-06-05 14:50:00,PDU-C01,51.9,PDU-C01-SP2
2026-06-05 14:55:00,PDU-C01,51.5,PDU-C01-SP3
2026-06-05 15:00:00,PDU-C01,64.5,PDU-C01-SP5
2026-06-05 15:05:00,PDU-C01,64.3,PDU-C01-SP5
2026-06-05 15:10:00,PDU-C01,59.9,PDU-C01-SP4
2026-06-05 15:15:00,PDU-C01,67.7,PDU-C01-SP1
2026-06-05 15:20:00,PDU-C01,63.3,PDU-C01-SP5
2026-06-05 15:25:00,PDU-C01,59.3,PDU-C01-SP2
2026-06-05 15:30:00,PDU-C01,57.9,PDU-C01-SP1
2026-06-05 15:35:00,PDU-C01,67.4,PDU-C01-SP5
2026-06-05 15:40:00,PDU-C01,62.1,PDU-C01-SP3
2026-06-05 15:45:00,PDU-C01,54.9,PDU-C01-SP3
2026-06-05 15:50:00,PDU-C01,64.0,PDU-C01-SP3
2026-06-05 15:55:00,PDU-C01,65.3,PDU-C01-SP1
2026-06-05 16:00:00,PDU-C01,62.0,PDU-C01-SP5
2026-06-05 16:05:00,PDU-C01,60.3,PDU-C01-SP1
2026-06-05 16:10:00,PDU-C01,66.5,PDU-C01-SP2
2026-06-05 16:15:00,PDU-C01,57.0,PDU-C01-SP2
2026-06-05 16:20:00,PDU-C01,49.7,PDU-C01-SP2
2026-06-05 16:25:00,PDU-C01,65.1,PDU-C01-SP3
2026-06-05 16:30:00,PDU-C01,62.1,PDU-C01-SP2
2026-06-05 16:35:00,PDU-C01,52.6,PDU-C01-SP2
2026-06-05 16:40:00,PDU-C01,61.5,PDU-C01-SP2
2026-06-05 16:45:00,PDU-C01,56.8,PDU-C01-SP2
2026-06-05 16:50:00,PDU-C01,59.2,PDU-C01-SP1
2026-06-05 16:55:00,PDU-C01,61.4,PDU-C01-SP3
2026-06-05 17:00:00,PDU-C01,59.5,PDU-C01-SP1
2026-06-05 17:05:00,PDU-C01,67.6,PDU-C01-SP1
2026-06-05 17:10:00,PDU-C01,56.7,PDU-C01-SP2
2026-06-05 17:15:00,PDU-C01,68.4,PDU-C01-SP1
2026-06-05 17:20:00,PDU-C01,66.1,PDU-C01-SP2
2026-06-05 17:25:00,PDU-C01,57.7,PDU-C01-SP5
2026-06-05 17:30:00,PDU-C01,59.9,PDU-C01-SP4
2026-06-05 17:35:00,PDU-C01,51.5,PDU-C01-SP3
2026-06-05 17:40:00,PDU-C01,57.0,PDU-C01-SP3
2026-06-05 17:45:00,PDU-C01,53.5,PDU-C01-SP4
2026-06-05 17:50:00,PDU-C01,52.4,PDU-C01-SP4
2026-06-05 17:55:00,PDU-C01,68.8,PDU-C01-SP4
2026-06-05 18:00:00,PDU-C01,61.2,PDU-C01-SP2
2026-06-05 18:05:00,PDU-C01,50.3,PDU-C01-SP2
2026-06-05 18:10:00,PDU-C01,58.7,PDU-C01-SP3
2026-06-05 18:15:00,PDU-C01,60.7,PDU-C01-SP5
2026-06-05 18:20:00,PDU-C01,64.7,PDU-C01-SP3
2026-06-05 18:25:00,PDU-C01,59.1,PDU-C01-SP2
2026-06-05 18:30:00,PDU-C01,65.5,PDU-C01-SP1
2026-06-05 18:35:00,PDU-C01,51.8,PDU-C01-SP3
2026-06-05 18:40:00,PDU-C01,70.3,PDU-C01-SP2
2026-06-05 18:45:00,PDU-C01,62.6,PDU-C01-SP4
2026-06-05 18:50:00,PDU-C01,60.6,PDU-C01-SP5
2026-06-05 18:55:00,PDU-C01,54.4,PDU-C01-SP4
2026-06-05 19:00:00,PDU-C01,40.0,PDU-C01-SP5
2026-06-05 19:05:00,PDU-C01,43.0,PDU-C01-SP5
2026-06-05 19:10:00,PDU-C01,42.9,PDU-C01-SP1
2026-06-05 19:15:00,PDU-C01,44.3,PDU-C01-SP1
2026-06-05 19:20:00,PDU-C01,49.5,PDU-C01-SP1
2026-06-05 19:25:00,PDU-C01,47.9,PDU-C01-SP5
2026-06-05 19:30:00,PDU-C01,49.7,PDU-C01-SP1
2026-06-05 19:35:00,PDU-C01,43.5,PDU-C01-SP1
2026-06-05 19:40:00,PDU-C01,41.4,PDU-C01-SP3
2026-06-05 19:45:00,PDU-C01,43.5,PDU-C01-SP5
2026-06-05 19:50:00,PDU-C01,46.9,PDU-C01-SP1
2026-06-05 19:55:00,PDU-C01,42.8,PDU-C01-SP5
2026-06-05 20:00:00,PDU-C01,42.0,PDU-C01-SP2
2026-06-05 20:05:00,PDU-C01,45.3,PDU-C01-SP5
2026-06-05 20:10:00,PDU-C01,44.0,PDU-C01-SP4
2026-06-05 20:15:00,PDU-C01,44.0,PDU-C01-SP5
2026-06-05 20:20:00,PDU-C01,48.8,PDU-C01-SP3
2026-06-05 20:25:00,PDU-C01,43.5,PDU-C01-SP3
2026-06-05 20:30:00,PDU-C01,47.0,PDU-C01-SP3
2026-06-05 20:35:00,PDU-C01,42.5,PDU-C01-SP5
2026-06-05 20:40:00,PDU-C01,44.1,PDU-C01-SP3
2026-06-05 20:45:00,PDU-C01,49.7,PDU-C01-SP2
2026-06-05 20:50:00,PDU-C01,50.4,PDU-C01-SP5
2026-06-05 20:55:00,PDU-C01,42.4,PDU-C01-SP1
2026-06-05 21:00:00,PDU-C01,46.1,PDU-C01-SP2
2026-06-05 21:05:00,PDU-C01,40.7,PDU-C01-SP2
2026-06-05 21:10:00,PDU-C01,42.8,PDU-C01-SP1
2026-06-05 21:15:00,PDU-C01,50.6,PDU-C01-SP1
2026-06-05 21:20:00,PDU-C01,39.7,PDU-C01-SP3
2026-06-05 21:25:00,PDU-C01,45.5,PDU-C01-SP3
2026-06-05 21:30:00,PDU-C01,44.8,PDU-C01-SP1
2026-06-05 21:35:00,PDU-C01,48.6,PDU-C01-SP5
2026-06-05 21:40:00,PDU-C01,43.0,PDU-C01-SP3
2026-06-05 21:45:00,PDU-C01,44.2,PDU-C01-SP4
2026-06-05 21:50:00,PDU-C01,40.7,PDU-C01-SP3
2026-06-05 21:55:00,PDU-C01,47.1,PDU-C01-SP4
2026-06-06 02:00:00,PDU-C01,64.0,PDU-C01-SP3
2026-06-06 02:05:00,PDU-C01,70.1,PDU-C01-SP2
2026-06-06 02:10:00,PDU-C01,67.1,PDU-C01-SP2
2026-06-06 02:15:00,PDU-C01,70.6,PDU-C01-SP3
2026-06-06 02:20:00,PDU-C01,62.9,PDU-C01-SP5
2026-06-06 02:25:00,PDU-C01,71.0,PDU-C01-SP4
2026-06-06 02:30:00,PDU-C01,68.4,PDU-C01-SP4
2026-06-06 02:35:00,PDU-C01,65.0,PDU-C01-SP4
2026-06-06 02:40:00,PDU-C01,64.0,PDU-C01-SP5
2026-06-06 02:45:00,PDU-C01,68.6,PDU-C01-SP1
2026-06-06 02:50:00,PDU-C01,69.2,PDU-C01-SP2
2026-06-06 02:55:00,PDU-C01,64.3,PDU-C01-SP3
2026-06-06 03:00:00,PDU-C01,65.1,PDU-C01-SP4
2026-06-06 03:05:00,PDU-C01,61.7,PDU-C01-SP5
2026-06-06 03:10:00,PDU-C01,71.7,PDU-C01-SP1
2026-06-06 03:15:00,PDU-C01,65.7,PDU-C01-SP5
2026-06-06 03:20:00,PDU-C01,67.6,PDU-C01-SP2
2026-06-06 03:25:00,PDU-C01,70.2,PDU-C01-SP3
2026-06-06 03:30:00,PDU-C01,69.1,PDU-C01-SP1
2026-06-06 03:35:00,PDU-C01,65.6,PDU-C01-SP3
2026-06-06 03:40:00,PDU-C01,66.2,PDU-C01-SP1
2026-06-06 03:45:00,PDU-C01,60.5,PDU-C01-SP5
2026-06-06 03:50:00,PDU-C01,68.5,PDU-C01-SP1
2026-06-06 03:55:00,PDU-C01,66.5,PDU-C01-SP1
2026-06-06 04:00:00,PDU-C01,66.4,PDU-C01-SP1
2026-06-06 04:05:00,PDU-C01,64.0,PDU-C01-SP4
2026-06-06 04:10:00,PDU-C01,67.2,PDU-C01-SP3
2026-06-06 04:15:00,PDU-C01,67.3,PDU-C01-SP4
2026-06-06 04:20:00,PDU-C01,67.4,PDU-C01-SP5
2026-06-06 04:25:00,PDU-C01,65.2,PDU-C01-SP4
2026-06-06 04:30:00,PDU-C01,69.6,PDU-C01-SP3
2026-06-06 04:35:00,PDU-C01,68.5,PDU-C01-SP5
2026-06-06 04:40:00,PDU-C01,71.2,PDU-C01-SP4
2026-06-06 04:45:00,PDU-C01,66.6,PDU-C01-SP3
2026-06-06 04:50:00,PDU-C01,73.1,PDU-C01-SP4
2026-06-06 04:55:00,PDU-C01,71.5,PDU-C01-SP3
2026-06-06 05:00:00,PDU-C01,69.1,PDU-C01-SP1
2026-06-06 05:05:00,PDU-C01,66.2,PDU-C01-SP2
2026-06-06 05:10:00,PDU-C01,65.7,PDU-C01-SP1
2026-06-06 05:15:00,PDU-C01,70.6,PDU-C01-SP3
2026-06-06 05:20:00,PDU-C01,71.0,PDU-C01-SP5
2026-06-06 05:25:00,PDU-C01,60.2,PDU-C01-SP1
2026-06-06 05:30:00,PDU-C01,69.3,PDU-C01-SP3
2026-06-06 05:35:00,PDU-C01,63.4,PDU-C01-SP5
2026-06-06 05:40:00,PDU-C01,63.1,PDU-C01-SP2
2026-06-06 05:45:00,PDU-C01,65.3,PDU-C01-SP5
2026-06-06 05:50:00,PDU-C01,66.6,PDU-C01-SP1
2026-06-06 05:55:00,PDU-C01,70.5,PDU-C01-SP1
2026-06-06 06:00:00,PDU-C01,64.2,PDU-C01-SP1
2026-06-06 06:05:00,PDU-C01,70.0,PDU-C01-SP2
2026-06-06 06:10:00,PDU-C01,70.9,PDU-C01-SP4
2026-06-06 06:15:00,PDU-C01,70.5,PDU-C01-SP2
2026-06-06 06:20:00,PDU-C01,63.4,PDU-C01-SP2
2026-06-06 06:25:00,PDU-C01,71.1,PDU-C01-SP4
2026-06-06 06:30:00,PDU-C01,64.5,PDU-C01-SP5
2026-06-06 06:35:00,PDU-C01,72.2,PDU-C01-SP1
2026-06-06 06:40:00,PDU-C01,62.6,PDU-C01-SP5
2026-06-06 06:45:00,PDU-C01,67.0,PDU-C01-SP1
2026-06-06 06:50:00,PDU-C01,60.5,PDU-C01-SP2
2026-06-06 06:55:00,PDU-C01,72.7,PDU-C01-SP2
2026-06-06 07:00:00,PDU-C01,55.3,PDU-C01-SP2
2026-06-06 07:05:00,PDU-C01,56.3,PDU-C01-SP2
2026-06-06 07:10:00,PDU-C01,58.2,PDU-C01-SP1
2026-06-06 07:15:00,PDU-C01,58.7,PDU-C01-SP5
2026-06-06 07:20:00,PDU-C01,57.0,PDU-C01-SP5
2026-06-06 07:25:00,PDU-C01,57.3,PDU-C01-SP2
2026-06-06 07:30:00,PDU-C01,58.4,PDU-C01-SP5
2026-06-06 07:35:00,PDU-C01,58.5,PDU-C01-SP4
2026-06-06 07:40:00,PDU-C01,58.9,PDU-C01-SP3
2026-06-06 07:45:00,PDU-C01,56.8,PDU-C01-SP3
2026-06-06 07:50:00,PDU-C01,57.5,PDU-C01-SP3
2026-06-06 07:55:00,PDU-C01,56.5,PDU-C01-SP3
2026-06-06 08:00:00,PDU-C01,57.8,PDU-C01-SP2
2026-06-06 08:05:00,PDU-C01,56.5,PDU-C01-SP3
2026-06-06 08:10:00,PDU-C01,56.1,PDU-C01-SP1
2026-06-06 08:15:00,PDU-C01,55.4,PDU-C01-SP1
2026-06-06 08:20:00,PDU-C01,58.2,PDU-C01-SP5
2026-06-06 08:25:00,PDU-C01,57.7,PDU-C01-SP3
2026-06-06 08:30:00,PDU-C01,55.3,PDU-C01-SP4
2026-06-06 08:35:00,PDU-C01,58.7,PDU-C01-SP2
2026-06-06 08:40:00,PDU-C01,57.0,PDU-C01-SP1
2026-06-06 08:45:00,PDU-C01,57.7,PDU-C01-SP2
2026-06-06 08:50:00,PDU-C01,55.2,PDU-C01-SP5
2026-06-06 08:55:00,PDU-C01,58.3,PDU-C01-SP5
2026-06-06 09:00:00,PDU-C01,74.4,PDU-C01-SP4
2026-06-06 09:05:00,PDU-C01,89.6,PDU-C01-SP5
2026-06-06 09:10:00,PDU-C01,76.4,PDU-C01-SP3
2026-06-06 09:15:00,PDU-C01,91.0,PDU-C01-SP3
2026-06-06 09:20:00,PDU-C01,78.2,PDU-C01-SP1
2026-06-06 09:25:00,PDU-C01,90.0,PDU-C01-SP5
2026-06-06 09:30:00,PDU-C01,75.8,PDU-C01-SP3
2026-06-06 09:35:00,PDU-C01,93.1,PDU-C01-SP1
2026-06-06 09:40:00,PDU-C01,74.4,PDU-C01-SP2
2026-06-06 09:45:00,PDU-C01,88.3,PDU-C01-SP1
2026-06-06 09:50:00,PDU-C01,83.7,PDU-C01-SP4
2026-06-06 09:55:00,PDU-C01,90.3,PDU-C01-SP4
2026-06-06 10:00:00,PDU-C01,73.2,PDU-C01-SP4
2026-06-06 10:05:00,PDU-C01,85.2,PDU-C01-SP1
2026-06-06 10:10:00,PDU-C01,90.4,PDU-C01-SP4
2026-06-06 10:15:00,PDU-C01,80.5,PDU-C01-SP3
2026-06-06 10:20:00,PDU-C01,71.7,PDU-C01-SP4
2026-06-06 10:25:00,PDU-C01,84.0,PDU-C01-SP4
2026-06-06 10:30:00,PDU-C01,74.1,PDU-C01-SP2
2026-06-06 10:35:00,PDU-C01,73.0,PDU-C01-SP5
2026-06-06 10:40:00,PDU-C01,78.1,PDU-C01-SP3
2026-06-06 10:45:00,PDU-C01,73.6,PDU-C01-SP5
2026-06-06 10:50:00,PDU-C01,75.4,PDU-C01-SP2
2026-06-06 10:55:00,PDU-C01,78.9,PDU-C01-SP3
2026-06-06 11:00:00,PDU-C01,86.9,PDU-C01-SP4
2026-06-06 11:05:00,PDU-C01,79.8,PDU-C01-SP5
2026-06-06 11:10:00,PDU-C01,71.8,PDU-C01-SP2
2026-06-06 11:15:00,PDU-C01,82.3,PDU-C01-SP3
2026-06-06 11:20:00,PDU-C01,88.2,PDU-C01-SP5
2026-06-06 11:25:00,PDU-C01,87.4,PDU-C01-SP1
2026-06-06 11:30:00,PDU-C01,75.1,PDU-C01-SP1
2026-06-06 11:35:00,PDU-C01,86.5,PDU-C01-SP1
2026-06-06 11:40:00,PDU-C01,72.7,PDU-C01-SP3
2026-06-06 11:45:00,PDU-C01,81.6,PDU-C01-SP4
2026-06-06 11:50:00,PDU-C01,90.4,PDU-C01-SP4
2026-06-06 11:55:00,PDU-C01,79.3,PDU-C01-SP3
2026-06-06 12:00:00,PDU-C01,77.3,PDU-C01-SP2
2026-06-06 12:05:00,PDU-C01,72.3,PDU-C01-SP4
2026-06-06 12:10:00,PDU-C01,87.7,PDU-C01-SP3
2026-06-06 12:15:00,PDU-C01,90.7,PDU-C01-SP1
2026-06-06 12:20:00,PDU-C01,73.3,PDU-C01-SP5
2026-06-06 12:25:00,PDU-C01,87.7,PDU-C01-SP5
2026-06-06 12:30:00,PDU-C01,86.0,PDU-C01-SP3
2026-06-06 12:35:00,PDU-C01,80.9,PDU-C01-SP5
2026-06-06 12:40:00,PDU-C01,77.7,PDU-C01-SP3
2026-06-06 12:45:00,PDU-C01,83.9,PDU-C01-SP3
2026-06-06 12:50:00,PDU-C01,77.2,PDU-C01-SP1
2026-06-06 12:55:00,PDU-C01,71.5,PDU-C01-SP2
2026-06-06 13:00:00,PDU-C01,89.0,PDU-C01-SP1
2026-06-06 13:05:00,PDU-C01,81.0,PDU-C01-SP3
2026-06-06 13:10:00,PDU-C01,78.4,PDU-C01-SP3
2026-06-06 13:15:00,PDU-C01,75.9,PDU-C01-SP1
2026-06-06 13:20:00,PDU-C01,79.7,PDU-C01-SP1
2026-06-06 13:25:00,PDU-C01,75.2,PDU-C01-SP2
2026-06-06 13:30:00,PDU-C01,73.1,PDU-C01-SP5
2026-06-06 13:35:00,PDU-C01,91.4,PDU-C01-SP4
2026-06-06 13:40:00,PDU-C01,81.4,PDU-C01-SP2
2026-06-06 13:45:00,PDU-C01,79.8,PDU-C01-SP5
2026-06-06 13:50:00,PDU-C01,81.0,PDU-C01-SP4
2026-06-06 13:55:00,PDU-C01,73.6,PDU-C01-SP1
2026-06-06 14:00:00,PDU-C01,75.2,PDU-C01-SP5
2026-06-06 14:05:00,PDU-C01,79.3,PDU-C01-SP5
2026-06-06 14:10:00,PDU-C01,76.6,PDU-C01-SP4
2026-06-06 14:15:00,PDU-C01,70.5,PDU-C01-SP4
2026-06-06 14:20:00,PDU-C01,78.3,PDU-C01-SP5
2026-06-06 14:25:00,PDU-C01,82.6,PDU-C01-SP4
2026-06-06 14:30:00,PDU-C01,78.7,PDU-C01-SP5
2026-06-06 14:35:00,PDU-C01,82.4,PDU-C01-SP4
2026-06-06 14:40:00,PDU-C01,82.0,PDU-C01-SP1
2026-06-06 14:45:00,PDU-C01,71.3,PDU-C01-SP3
2026-06-06 14:50:00,PDU-C01,80.3,PDU-C01-SP5
2026-06-06 14:55:00,PDU-C01,87.8,PDU-C01-SP2
2026-06-06 15:00:00,PDU-C01,89.4,PDU-C01-SP4
2026-06-06 15:05:00,PDU-C01,85.4,PDU-C01-SP2
2026-06-06 15:10:00,PDU-C01,75.9,PDU-C01-SP4
2026-06-06 15:15:00,PDU-C01,87.9,PDU-C01-SP4
2026-06-06 15:20:00,PDU-C01,79.7,PDU-C01-SP4
2026-06-06 15:25:00,PDU-C01,89.0,PDU-C01-SP3
2026-06-06 15:30:00,PDU-C01,72.3,PDU-C01-SP5
2026-06-06 15:35:00,PDU-C01,77.8,PDU-C01-SP1
2026-06-06 15:40:00,PDU-C01,84.5,PDU-C01-SP4
2026-06-06 15:45:00,PDU-C01,85.4,PDU-C01-SP1
2026-06-06 15:50:00,PDU-C01,84.8,PDU-C01-SP4
2026-06-06 15:55:00,PDU-C01,71.8,PDU-C01-SP3
2026-06-06 16:00:00,PDU-C01,73.4,PDU-C01-SP5
2026-06-06 16:05:00,PDU-C01,87.9,PDU-C01-SP3
2026-06-06 16:10:00,PDU-C01,89.2,PDU-C01-SP3
2026-06-06 16:15:00,PDU-C01,87.7,PDU-C01-SP1
2026-06-06 16:20:00,PDU-C01,72.3,PDU-C01-SP5
2026-06-06 16:25:00,PDU-C01,80.7,PDU-C01-SP4
2026-06-06 16:30:00,PDU-C01,79.9,PDU-C01-SP3
2026-06-06 16:35:00,PDU-C01,80.2,PDU-C01-SP5
2026-06-06 16:40:00,PDU-C01,83.1,PDU-C01-SP2
2026-06-06 16:45:00,PDU-C01,80.1,PDU-C01-SP3
2026-06-06 16:50:00,PDU-C01,81.2,PDU-C01-SP1
2026-06-06 16:55:00,PDU-C01,87.5,PDU-C01-SP5
2026-06-06 17:00:00,PDU-C01,84.0,PDU-C01-SP4
2026-06-06 17:05:00,PDU-C01,82.0,PDU-C01-SP4
2026-06-06 17:10:00,PDU-C01,72.0,PDU-C01-SP5
2026-06-06 17:15:00,PDU-C01,85.3,PDU-C01-SP4
2026-06-06 17:20:00,PDU-C01,73.4,PDU-C01-SP4
2026-06-06 17:25:00,PDU-C01,87.5,PDU-C01-SP5
2026-06-06 17:30:00,PDU-C01,87.1,PDU-C01-SP4
2026-06-06 17:35:00,PDU-C01,89.6,PDU-C01-SP3
2026-06-06 17:40:00,PDU-C01,82.4,PDU-C01-SP2
2026-06-06 17:45:00,PDU-C01,85.0,PDU-C01-SP4
2026-06-06 17:50:00,PDU-C01,73.8,PDU-C01-SP4
2026-06-06 17:55:00,PDU-C01,85.3,PDU-C01-SP4
2026-06-06 18:00:00,PDU-C01,74.5,PDU-C01-SP1
2026-06-06 18:05:00,PDU-C01,92.0,PDU-C01-SP3
2026-06-06 18:10:00,PDU-C01,74.7,PDU-C01-SP4
2026-06-06 18:15:00,PDU-C01,76.1,PDU-C01-SP1
2026-06-06 18:20:00,PDU-C01,82.0,PDU-C01-SP2
2026-06-06 18:25:00,PDU-C01,76.4,PDU-C01-SP2
2026-06-06 18:30:00,PDU-C01,86.8,PDU-C01-SP1
2026-06-06 18:35:00,PDU-C01,86.6,PDU-C01-SP5
2026-06-06 18:40:00,PDU-C01,89.6,PDU-C01-SP4
2026-06-06 18:45:00,PDU-C01,72.1,PDU-C01-SP1
2026-06-06 18:50:00,PDU-C01,90.5,PDU-C01-SP4
2026-06-06 18:55:00,PDU-C01,85.2,PDU-C01-SP2
2026-06-06 19:00:00,PDU-C01,66.5,PDU-C01-SP5
2026-06-06 19:05:00,PDU-C01,63.3,PDU-C01-SP3
2026-06-06 19:10:00,PDU-C01,67.3,PDU-C01-SP3
2026-06-06 19:15:00,PDU-C01,70.0,PDU-C01-SP1
2026-06-06 19:20:00,PDU-C01,61.9,PDU-C01-SP4
2026-06-06 19:25:00,PDU-C01,67.1,PDU-C01-SP4
2026-06-06 19:30:00,PDU-C01,69.5,PDU-C01-SP5
2026-06-06 19:35:00,PDU-C01,71.0,PDU-C01-SP3
2026-06-06 19:40:00,PDU-C01,68.0,PDU-C01-SP3
2026-06-06 19:45:00,PDU-C01,62.2,PDU-C01-SP5
2026-06-06 19:50:00,PDU-C01,69.0,PDU-C01-SP5
2026-06-06 19:55:00,PDU-C01,68.6,PDU-C01-SP3
2026-06-06 20:00:00,PDU-C01,64.1,PDU-C01-SP2
2026-06-06 20:05:00,PDU-C01,64.8,PDU-C01-SP2
2026-06-06 20:10:00,PDU-C01,71.4,PDU-C01-SP3
2026-06-06 20:15:00,PDU-C01,71.1,PDU-C01-SP1
2026-06-06 20:20:00,PDU-C01,67.7,PDU-C01-SP4
2026-06-06 20:25:00,PDU-C01,67.6,PDU-C01-SP4
2026-06-06 20:30:00,PDU-C01,65.1,PDU-C01-SP2
2026-06-06 20:35:00,PDU-C01,62.4,PDU-C01-SP2
2026-06-06 20:40:00,PDU-C01,61.9,PDU-C01-SP1
2026-06-06 20:45:00,PDU-C01,69.2,PDU-C01-SP1
2026-06-06 20:50:00,PDU-C01,68.7,PDU-C01-SP3
2026-06-06 20:55:00,PDU-C01,69.0,PDU-C01-SP2
2026-06-06 21:00:00,PDU-C01,72.6,PDU-C01-SP2
2026-06-06 21:05:00,PDU-C01,66.8,PDU-C01-SP5
2026-06-06 21:10:00,PDU-C01,68.2,PDU-C01-SP5
2026-06-06 21:15:00,PDU-C01,67.8,PDU-C01-SP1
2026-06-06 21:20:00,PDU-C01,62.4,PDU-C01-SP3
2026-06-06 21:25:00,PDU-C01,68.4,PDU-C01-SP2
2026-06-06 21:30:00,PDU-C01,65.8,PDU-C01-SP5
2026-06-06 21:35:00,PDU-C01,64.5,PDU-C01-SP4
2026-06-06 21:40:00,PDU-C01,59.9,PDU-C01-SP2
2026-06-06 21:45:00,PDU-C01,67.0,PDU-C01-SP4
2026-06-06 21:50:00,PDU-C01,60.3,PDU-C01-SP1
2026-06-06 21:55:00,PDU-C01,62.9,PDU-C01-SP3
2026-06-06 22:00:00,PDU-C01,67.1,PDU-C01-SP1
2026-06-06 22:05:00,PDU-C01,61.3,PDU-C01-SP1
2026-06-06 22:10:00,PDU-C01,63.5,PDU-C01-SP3
2026-06-06 22:15:00,PDU-C01,66.1,PDU-C01-SP1
2026-06-06 22:20:00,PDU-C01,65.5,PDU-C01-SP5
2026-06-06 22:25:00,PDU-C01,64.0,PDU-C01-SP1
2026-06-06 22:30:00,PDU-C01,63.2,PDU-C01-SP4
2026-06-06 22:35:00,PDU-C01,67.1,PDU-C01-SP3
2026-06-06 22:40:00,PDU-C01,66.2,PDU-C01-SP1
2026-06-06 22:45:00,PDU-C01,64.5,PDU-C01-SP5
2026-06-06 22:50:00,PDU-C01,65.0,PDU-C01-SP1
2026-06-06 22:55:00,PDU-C01,64.4,PDU-C01-SP1
2026-06-06 23:00:00,PDU-C01,67.9,PDU-C01-SP3
2026-06-06 23:05:00,PDU-C01,64.4,PDU-C01-SP2
2026-06-06 23:10:00,PDU-C01,63.5,PDU-C01-SP3
2026-06-06 23:15:00,PDU-C01,66.6,PDU-C01-SP2
2026-06-06 23:20:00,PDU-C01,67.4,PDU-C01-SP5
2026-06-06 23:25:00,PDU-C01,66.8,PDU-C01-SP1
2026-06-06 23:30:00,PDU-C01,71.2,PDU-C01-SP3
2026-06-06 23:35:00,PDU-C01,66.3,PDU-C01-SP2
2026-06-06 23:40:00,PDU-C01,62.4,PDU-C01-SP3
2026-06-06 23:45:00,PDU-C01,69.3,PDU-C01-SP5
2026-06-06 23:50:00,PDU-C01,69.2,PDU-C01-SP4
2026-06-06 23:55:00,PDU-C01,60.5,PDU-C01-SP1
2026-06-07 00:00:00,PDU-C01,67.2,PDU-C01-SP4
2026-06-07 00:05:00,PDU-C01,66.5,PDU-C01-SP2
2026-06-07 00:10:00,PDU-C01,65.1,PDU-C01-SP1
2026-06-07 00:15:00,PDU-C01,62.6,PDU-C01-SP5
2026-06-07 00:20:00,PDU-C01,68.4,PDU-C01-SP2
2026-06-07 00:25:00,PDU-C01,62.1,PDU-C01-SP5
2026-06-07 00:30:00,PDU-C01,64.0,PDU-C01-SP3
2026-06-07 00:35:00,PDU-C01,68.7,PDU-C01-SP4
2026-06-07 00:40:00,PDU-C01,67.5,PDU-C01-SP5
2026-06-07 00:45:00,PDU-C01,70.4,PDU-C01-SP3
2026-06-07 00:50:00,PDU-C01,72.3,PDU-C01-SP1
2026-06-07 00:55:00,PDU-C01,64.6,PDU-C01-SP5
2026-06-07 01:00:00,PDU-C01,66.4,PDU-C01-SP5
2026-06-07 01:05:00,PDU-C01,60.9,PDU-C01-SP4
2026-06-07 01:10:00,PDU-C01,66.4,PDU-C01-SP3
2026-06-07 01:15:00,PDU-C01,67.1,PDU-C01-SP3
2026-06-07 01:20:00,PDU-C01,70.3,PDU-C01-SP4
2026-06-07 01:25:00,PDU-C01,70.4,PDU-C01-SP2
2026-06-07 01:30:00,PDU-C01,64.6,PDU-C01-SP1
2026-06-07 01:35:00,PDU-C01,66.9,PDU-C01-SP1
2026-06-07 01:40:00,PDU-C01,63.6,PDU-C01-SP4
2026-06-07 01:45:00,PDU-C01,67.9,PDU-C01-SP4
2026-06-07 01:50:00,PDU-C01,68.6,PDU-C01-SP2
2026-06-07 01:55:00,PDU-C01,69.7,PDU-C01-SP2
2026-06-07 02:00:00,PDU-C01,66.8,PDU-C01-SP3
2026-06-07 02:05:00,PDU-C01,70.9,PDU-C01-SP4
2026-06-07 02:10:00,PDU-C01,65.4,PDU-C01-SP4
2026-06-07 02:15:00,PDU-C01,63.4,PDU-C01-SP4
2026-06-07 02:20:00,PDU-C01,70.7,PDU-C01-SP2
2026-06-07 02:25:00,PDU-C01,72.3,PDU-C01-SP1
2026-06-07 02:30:00,PDU-C01,70.6,PDU-C01-SP5
2026-06-07 02:35:00,PDU-C01,62.7,PDU-C01-SP3
2026-06-07 02:40:00,PDU-C01,71.8,PDU-C01-SP3
2026-06-07 02:45:00,PDU-C01,62.3,PDU-C01-SP4
2026-06-07 02:50:00,PDU-C01,72.1,PDU-C01-SP1
2026-06-07 02:55:00,PDU-C01,65.3,PDU-C01-SP1
2026-06-07 03:00:00,PDU-C01,65.0,PDU-C01-SP2
2026-06-07 03:05:00,PDU-C01,64.8,PDU-C01-SP2
2026-06-07 03:10:00,PDU-C01,66.2,PDU-C01-SP2
2026-06-07 03:15:00,PDU-C01,61.4,PDU-C01-SP2
2026-06-07 03:20:00,PDU-C01,70.0,PDU-C01-SP5
2026-06-07 03:25:00,PDU-C01,63.9,PDU-C01-SP1
2026-06-07 03:30:00,PDU-C01,68.0,PDU-C01-SP1
2026-06-07 03:35:00,PDU-C01,71.8,PDU-C01-SP2
2026-06-07 03:40:00,PDU-C01,64.6,PDU-C01-SP1
2026-06-07 03:45:00,PDU-C01,68.0,PDU-C01-SP2
2026-06-07 03:50:00,PDU-C01,67.0,PDU-C01-SP3
2026-06-07 03:55:00,PDU-C01,67.9,PDU-C01-SP4
2026-06-07 04:00:00,PDU-C01,68.4,PDU-C01-SP1
2026-06-07 04:05:00,PDU-C01,68.1,PDU-C01-SP2
2026-06-07 04:10:00,PDU-C01,72.3,PDU-C01-SP2
2026-06-07 04:15:00,PDU-C01,72.2,PDU-C01-SP3
2026-06-07 04:20:00,PDU-C01,65.2,PDU-C01-SP2
2026-06-07 04:25:00,PDU-C01,67.9,PDU-C01-SP3
2026-06-07 04:30:00,PDU-C01,68.5,PDU-C01-SP4
2026-06-07 04:35:00,PDU-C01,70.9,PDU-C01-SP1
2026-06-07 04:40:00,PDU-C01,70.8,PDU-C01-SP5
2026-06-07 04:45:00,PDU-C01,59.9,PDU-C01-SP4
2026-06-07 04:50:00,PDU-C01,68.1,PDU-C01-SP3
2026-06-07 04:55:00,PDU-C01,67.2,PDU-C01-SP4
2026-06-07 05:00:00,PDU-C01,62.7,PDU-C01-SP2
2026-06-07 05:05:00,PDU-C01,62.8,PDU-C01-SP5
2026-06-07 05:10:00,PDU-C01,63.3,PDU-C01-SP1
2026-06-07 05:15:00,PDU-C01,67.1,PDU-C01-SP4
2026-06-07 05:20:00,PDU-C01,63.1,PDU-C01-SP3
2026-06-07 05:25:00,PDU-C01,64.1,PDU-C01-SP4
2026-06-07 05:30:00,PDU-C01,64.7,PDU-C01-SP3
2026-06-07 05:35:00,PDU-C01,65.1,PDU-C01-SP1
2026-06-07 05:40:00,PDU-C01,68.0,PDU-C01-SP2
2026-06-07 05:45:00,PDU-C01,62.9,PDU-C01-SP5
2026-06-07 05:50:00,PDU-C01,63.4,PDU-C01-SP1
2026-06-07 05:55:00,PDU-C01,68.9,PDU-C01-SP3
2026-06-07 06:00:00,PDU-C01,69.0,PDU-C01-SP5
2026-06-07 06:05:00,PDU-C01,62.3,PDU-C01-SP2
2026-06-07 06:10:00,PDU-C01,68.1,PDU-C01-SP1
2026-06-07 06:15:00,PDU-C01,65.5,PDU-C01-SP5
2026-06-07 06:20:00,PDU-C01,71.7,PDU-C01-SP3
2026-06-07 06:25:00,PDU-C01,62.8,PDU-C01-SP2
2026-06-07 06:30:00,PDU-C01,63.5,PDU-C01-SP5
2026-06-07 06:35:00,PDU-C01,61.0,PDU-C01-SP1
2026-06-07 06:40:00,PDU-C01,70.2,PDU-C01-SP3
2026-06-07 06:45:00,PDU-C01,65.3,PDU-C01-SP2
2026-06-07 06:50:00,PDU-C01,63.5,PDU-C01-SP4
2026-06-07 06:55:00,PDU-C01,65.8,PDU-C01-SP2
2026-06-07 07:00:00,PDU-C01,56.2,PDU-C01-SP4
2026-06-07 07:05:00,PDU-C01,58.7,PDU-C01-SP1
2026-06-07 07:10:00,PDU-C01,57.5,PDU-C01-SP5
2026-06-07 07:15:00,PDU-C01,56.5,PDU-C01-SP4
2026-06-07 07:20:00,PDU-C01,55.6,PDU-C01-SP2
2026-06-07 07:25:00,PDU-C01,55.9,PDU-C01-SP1
2026-06-07 07:30:00,PDU-C01,56.3,PDU-C01-SP1
2026-06-07 07:35:00,PDU-C01,56.6,PDU-C01-SP2
2026-06-07 07:40:00,PDU-C01,56.0,PDU-C01-SP2
2026-06-07 07:45:00,PDU-C01,56.3,PDU-C01-SP1
2026-06-07 07:50:00,PDU-C01,56.9,PDU-C01-SP1
2026-06-07 07:55:00,PDU-C01,56.5,PDU-C01-SP3
2026-06-07 08:00:00,PDU-C01,56.3,PDU-C01-SP4
2026-06-07 08:05:00,PDU-C01,55.2,PDU-C01-SP5
2026-06-07 08:10:00,PDU-C01,58.8,PDU-C01-SP3
2026-06-07 08:15:00,PDU-C01,57.5,PDU-C01-SP1
2026-06-07 08:20:00,PDU-C01,56.1,PDU-C01-SP2
2026-06-07 08:25:00,PDU-C01,58.6,PDU-C01-SP3
2026-06-07 08:30:00,PDU-C01,58.8,PDU-C01-SP4
2026-06-07 08:35:00,PDU-C01,56.2,PDU-C01-SP1
2026-06-07 08:40:00,PDU-C01,57.4,PDU-C01-SP2
2026-06-07 08:45:00,PDU-C01,56.5,PDU-C01-SP3
2026-06-07 08:50:00,PDU-C01,58.4,PDU-C01-SP2
2026-06-07 08:55:00,PDU-C01,56.3,PDU-C01-SP5
2026-06-07 09:00:00,PDU-C01,86.2,PDU-C01-SP4
2026-06-07 09:05:00,PDU-C01,85.7,PDU-C01-SP1
2026-06-07 09:10:00,PDU-C01,90.2,PDU-C01-SP3
2026-06-07 09:15:00,PDU-C01,89.5,PDU-C01-SP2
2026-06-07 09:20:00,PDU-C01,85.8,PDU-C01-SP3
2026-06-07 09:25:00,PDU-C01,92.5,PDU-C01-SP5
2026-06-07 09:30:00,PDU-C01,86.1,PDU-C01-SP3
2026-06-07 09:35:00,PDU-C01,87.3,PDU-C01-SP3
2026-06-07 09:40:00,PDU-C01,81.0,PDU-C01-SP4
2026-06-07 09:45:00,PDU-C01,79.6,PDU-C01-SP5
2026-06-07 09:50:00,PDU-C01,83.2,PDU-C01-SP3
2026-06-07 09:55:00,PDU-C01,78.3,PDU-C01-SP4
2026-06-07 10:00:00,PDU-C01,74.0,PDU-C01-SP1
2026-06-07 10:05:00,PDU-C01,86.9,PDU-C01-SP3
2026-06-07 10:10:00,PDU-C01,90.7,PDU-C01-SP2
2026-06-07 10:15:00,PDU-C01,76.4,PDU-C01-SP1
2026-06-07 10:20:00,PDU-C01,82.9,PDU-C01-SP3
2026-06-07 10:25:00,PDU-C01,71.4,PDU-C01-SP3
2026-06-07 10:30:00,PDU-C01,84.8,PDU-C01-SP5
2026-06-07 10:35:00,PDU-C01,88.8,PDU-C01-SP4
2026-06-07 10:40:00,PDU-C01,83.8,PDU-C01-SP1
2026-06-07 10:45:00,PDU-C01,78.9,PDU-C01-SP4
2026-06-07 10:50:00,PDU-C01,74.2,PDU-C01-SP1
2026-06-07 10:55:00,PDU-C01,87.3,PDU-C01-SP1
2026-06-07 11:00:00,PDU-C01,74.5,PDU-C01-SP4
2026-06-07 11:05:00,PDU-C01,88.1,PDU-C01-SP2
2026-06-07 11:10:00,PDU-C01,83.9,PDU-C01-SP5
2026-06-07 11:15:00,PDU-C01,82.7,PDU-C01-SP5
2026-06-07 11:20:00,PDU-C01,82.0,PDU-C01-SP4
2026-06-07 11:25:00,PDU-C01,84.7,PDU-C01-SP2
2026-06-07 11:30:00,PDU-C01,81.6,PDU-C01-SP5
2026-06-07 11:35:00,PDU-C01,81.6,PDU-C01-SP3
2026-06-07 11:40:00,PDU-C01,75.0,PDU-C01-SP3
2026-06-07 11:45:00,PDU-C01,92.4,PDU-C01-SP1
2026-06-07 11:50:00,PDU-C01,92.4,PDU-C01-SP5
2026-06-07 11:55:00,PDU-C01,81.6,PDU-C01-SP5
2026-06-07 12:00:00,PDU-C01,59.4,PDU-C01-SP4
2026-06-07 12:05:00,PDU-C01,51.7,PDU-C01-SP4
2026-06-07 12:10:00,PDU-C01,69.8,PDU-C01-SP2
2026-06-07 12:15:00,PDU-C01,67.4,PDU-C01-SP5
2026-06-07 12:20:00,PDU-C01,52.9,PDU-C01-SP3
2026-06-07 12:25:00,PDU-C01,59.5,PDU-C01-SP4
2026-06-07 12:30:00,PDU-C01,53.9,PDU-C01-SP1
2026-06-07 12:35:00,PDU-C01,58.2,PDU-C01-SP1
2026-06-07 12:40:00,PDU-C01,68.1,PDU-C01-SP4
2026-06-07 12:45:00,PDU-C01,63.9,PDU-C01-SP5
2026-06-07 12:50:00,PDU-C01,65.5,PDU-C01-SP5
2026-06-07 12:55:00,PDU-C01,58.0,PDU-C01-SP3
2026-06-07 13:00:00,PDU-C01,70.0,PDU-C01-SP2
2026-06-07 13:05:00,PDU-C01,59.8,PDU-C01-SP3
2026-06-07 13:10:00,PDU-C01,56.8,PDU-C01-SP1
2026-06-07 13:15:00,PDU-C01,68.4,PDU-C01-SP5
2026-06-07 13:20:00,PDU-C01,64.3,PDU-C01-SP1
2026-06-07 13:25:00,PDU-C01,66.7,PDU-C01-SP4
2026-06-07 13:30:00,PDU-C01,66.2,PDU-C01-SP3
2026-06-07 13:35:00,PDU-C01,55.3,PDU-C01-SP5
2026-06-07 13:40:00,PDU-C01,67.2,PDU-C01-SP2
2026-06-07 13:45:00,PDU-C01,68.9,PDU-C01-SP1
2026-06-07 13:50:00,PDU-C01,61.7,PDU-C01-SP4
2026-06-07 13:55:00,PDU-C01,55.9,PDU-C01-SP1
2026-06-07 14:00:00,PDU-C01,62.9,PDU-C01-SP5
2026-06-07 14:05:00,PDU-C01,66.1,PDU-C01-SP3
2026-06-07 14:10:00,PDU-C01,64.0,PDU-C01-SP4
2026-06-07 14:15:00,PDU-C01,64.0,PDU-C01-SP2
2026-06-07 14:20:00,PDU-C01,49.2,PDU-C01-SP4
2026-06-07 14:25:00,PDU-C01,60.1,PDU-C01-SP1
2026-06-07 14:30:00,PDU-C01,60.5,PDU-C01-SP4
2026-06-07 14:35:00,PDU-C01,51.3,PDU-C01-SP4
2026-06-07 14:40:00,PDU-C01,61.5,PDU-C01-SP1
2026-06-07 14:45:00,PDU-C01,53.5,PDU-C01-SP2
2026-06-07 14:50:00,PDU-C01,70.9,PDU-C01-SP3
2026-06-07 14:55:00,PDU-C01,54.8,PDU-C01-SP1
2026-06-07 15:00:00,PDU-C01,69.1,PDU-C01-SP1
2026-06-07 15:05:00,PDU-C01,61.1,PDU-C01-SP1
2026-06-07 15:10:00,PDU-C01,63.7,PDU-C01-SP5
2026-06-07 15:15:00,PDU-C01,67.1,PDU-C01-SP4
2026-06-07 15:20:00,PDU-C01,57.9,PDU-C01-SP5
2026-06-07 15:25:00,PDU-C01,58.7,PDU-C01-SP4
2026-06-07 15:30:00,PDU-C01,50.8,PDU-C01-SP2
2026-06-07 15:35:00,PDU-C01,67.1,PDU-C01-SP2
2026-06-07 15:40:00,PDU-C01,61.6,PDU-C01-SP1
2026-06-07 15:45:00,PDU-C01,50.9,PDU-C01-SP3
2026-06-07 15:50:00,PDU-C01,53.1,PDU-C01-SP3
2026-06-07 15:55:00,PDU-C01,61.3,PDU-C01-SP1
2026-06-07 16:00:00,PDU-C01,61.7,PDU-C01-SP3
2026-06-07 16:05:00,PDU-C01,54.1,PDU-C01-SP5
2026-06-07 16:10:00,PDU-C01,68.9,PDU-C01-SP3
2026-06-07 16:15:00,PDU-C01,57.8,PDU-C01-SP5
2026-06-07 16:20:00,PDU-C01,63.2,PDU-C01-SP3
2026-06-07 16:25:00,PDU-C01,52.4,PDU-C01-SP4
2026-06-07 16:30:00,PDU-C01,52.5,PDU-C01-SP4
2026-06-07 16:35:00,PDU-C01,66.1,PDU-C01-SP1
2026-06-07 16:40:00,PDU-C01,48.6,PDU-C01-SP1
2026-06-07 16:45:00,PDU-C01,54.2,PDU-C01-SP3
2026-06-07 16:50:00,PDU-C01,50.3,PDU-C01-SP4
2026-06-07 16:55:00,PDU-C01,60.4,PDU-C01-SP1
2026-06-07 17:00:00,PDU-C01,52.0,PDU-C01-SP3
2026-06-07 17:05:00,PDU-C01,61.3,PDU-C01-SP3
2026-06-07 17:10:00,PDU-C01,52.1,PDU-C01-SP2
2026-06-07 17:15:00,PDU-C01,65.5,PDU-C01-SP1
2026-06-07 17:20:00,PDU-C01,56.4,PDU-C01-SP4
2026-06-07 17:25:00,PDU-C01,51.0,PDU-C01-SP1
2026-06-07 17:30:00,PDU-C01,65.9,PDU-C01-SP2
2026-06-07 17:35:00,PDU-C01,60.0,PDU-C01-SP3
2026-06-07 17:40:00,PDU-C01,60.2,PDU-C01-SP5
2026-06-07 17:45:00,PDU-C01,62.3,PDU-C01-SP4
2026-06-07 17:50:00,PDU-C01,50.2,PDU-C01-SP4
2026-06-07 17:55:00,PDU-C01,63.5,PDU-C01-SP3
2026-06-07 18:00:00,PDU-C01,54.7,PDU-C01-SP2
2026-06-07 18:05:00,PDU-C01,55.1,PDU-C01-SP5
2026-06-07 18:10:00,PDU-C01,53.1,PDU-C01-SP4
2026-06-07 18:15:00,PDU-C01,52.1,PDU-C01-SP4
2026-06-07 18:20:00,PDU-C01,53.0,PDU-C01-SP3
2026-06-07 18:25:00,PDU-C01,52.6,PDU-C01-SP1
2026-06-07 18:30:00,PDU-C01,66.4,PDU-C01-SP2
2026-06-07 18:35:00,PDU-C01,57.1,PDU-C01-SP5
2026-06-07 18:40:00,PDU-C01,67.9,PDU-C01-SP1
2026-06-07 18:45:00,PDU-C01,61.1,PDU-C01-SP5
2026-06-07 18:50:00,PDU-C01,57.7,PDU-C01-SP1
2026-06-07 18:55:00,PDU-C01,57.0,PDU-C01-SP1
2026-06-07 19:00:00,PDU-C01,48.9,PDU-C01-SP1
2026-06-07 19:05:00,PDU-C01,49.4,PDU-C01-SP5
2026-06-07 19:10:00,PDU-C01,39.6,PDU-C01-SP4
2026-06-07 19:15:00,PDU-C01,50.2,PDU-C01-SP2
2026-06-07 19:20:00,PDU-C01,49.7,PDU-C01-SP4
2026-06-07 19:25:00,PDU-C01,45.8,PDU-C01-SP2
2026-06-07 19:30:00,PDU-C01,44.1,PDU-C01-SP2
2026-06-07 19:35:00,PDU-C01,41.0,PDU-C01-SP2
2026-06-07 19:40:00,PDU-C01,47.4,PDU-C01-SP1
2026-06-07 19:45:00,PDU-C01,51.4,PDU-C01-SP5
2026-06-07 19:50:00,PDU-C01,45.2,PDU-C01-SP3
2026-06-07 19:55:00,PDU-C01,49.9,PDU-C01-SP2
2026-06-07 20:00:00,PDU-C01,41.3,PDU-C01-SP4
2026-06-07 20:05:00,PDU-C01,49.3,PDU-C01-SP3
2026-06-07 20:10:00,PDU-C01,40.6,PDU-C01-SP3
2026-06-07 20:15:00,PDU-C01,43.8,PDU-C01-SP3
2026-06-07 20:20:00,PDU-C01,48.9,PDU-C01-SP4
2026-06-07 20:25:00,PDU-C01,43.2,PDU-C01-SP5
2026-06-07 20:30:00,PDU-C01,42.9,PDU-C01-SP1
2026-06-07 20:35:00,PDU-C01,40.2,PDU-C01-SP3
2026-06-07 20:40:00,PDU-C01,47.0,PDU-C01-SP3
2026-06-07 20:45:00,PDU-C01,46.0,PDU-C01-SP2
2026-06-07 20:50:00,PDU-C01,44.7,PDU-C01-SP4
2026-06-07 20:55:00,PDU-C01,46.8,PDU-C01-SP4
2026-06-07 21:00:00,PDU-C01,45.1,PDU-C01-SP2
2026-06-07 21:05:00,PDU-C01,50.2,PDU-C01-SP3
2026-06-07 21:10:00,PDU-C01,42.4,PDU-C01-SP5
2026-06-07 21:15:00,PDU-C01,49.2,PDU-C01-SP1
2026-06-07 21:20:00,PDU-C01,44.6,PDU-C01-SP5
2026-06-07 21:25:00,PDU-C01,39.1,PDU-C01-SP5
2026-06-07 21:30:00,PDU-C01,40.9,PDU-C01-SP4
2026-06-07 21:35:00,PDU-C01,47.9,PDU-C01-SP4
2026-06-07 21:40:00,PDU-C01,37.9,PDU-C01-SP4
2026-06-07 21:45:00,PDU-C01,44.6,PDU-C01-SP5
2026-06-07 21:50:00,PDU-C01,39.5,PDU-C01-SP4
2026-06-07 21:55:00,PDU-C01,42.4,PDU-C01-SP1
2026-06-07 22:00:00,PDU-C01,41.9,PDU-C01-SP5
2026-06-07 22:05:00,PDU-C01,42.8,PDU-C01-SP4
2026-06-07 22:10:00,PDU-C01,46.3,PDU-C01-SP2
2026-06-07 22:15:00,PDU-C01,42.9,PDU-C01-SP3
2026-06-07 22:20:00,PDU-C01,38.4,PDU-C01-SP3
2026-06-07 22:25:00,PDU-C01,49.1,PDU-C01-SP5
2026-06-07 22:30:00,PDU-C01,42.5,PDU-C01-SP5
2026-06-07 22:35:00,PDU-C01,48.3,PDU-C01-SP5
2026-06-07 22:40:00,PDU-C01,40.1,PDU-C01-SP1
2026-06-07 22:45:00,PDU-C01,47.9,PDU-C01-SP1
2026-06-07 22:50:00,PDU-C01,37.5,PDU-C01-SP4
2026-06-07 22:55:00,PDU-C01,45.8,PDU-C01-SP1
2026-06-07 23:00:00,PDU-C01,45.7,PDU-C01-SP2
2026-06-07 23:05:00,PDU-C01,45.4,PDU-C01-SP3
2026-06-07 23:10:00,PDU-C01,46.8,PDU-C01-SP1
2026-06-07 23:15:00,PDU-C01,42.3,PDU-C01-SP1
2026-06-07 23:20:00,PDU-C01,44.2,PDU-C01-SP4
2026-06-07 23:25:00,PDU-C01,50.1,PDU-C01-SP3
2026-06-07 23:30:00,PDU-C01,44.5,PDU-C01-SP1
2026-06-07 23:35:00,PDU-C01,41.1,PDU-C01-SP3
2026-06-07 23:40:00,PDU-C01,43.0,PDU-C01-SP4
2026-06-07 23:45:00,PDU-C01,41.0,PDU-C01-SP5
2026-06-07 23:50:00,PDU-C01,42.6,PDU-C01-SP4
2026-06-07 23:55:00,PDU-C01,51.5,PDU-C01-SP3
