sensor_id,timestamp,temperature,humidity,location,batch_id,temperature_unit,humidity_unit
SENSOR_000,2024-06-01 00:00:00,20.60C,59.7,Room_A,BATCH_2024_Q1,C,%RH
SENSOR_000,2024-06-01 01:00:00,20.75C,61.8,Room_A,BATCH_2024_Q1,C,%RH
SENSOR_000,2024-06-01 02:00:00,20.78C,58.2,Room_A,BATCH_2024_Q1,C,%RH
SENSOR_000,2024-06-01 03:00:00,21.80C,58.1,Room_A,BATCH_2024_Q1,C,%RH
SENSOR_000,2024-06-01 04:00:00,21.81C,55.7,Room_A,BATCH_2024_Q1,C,%RH
SENSOR_000,2024-06-01 05:00:00,22.53C,51.8,Room_A,BATCH_2024_Q1,C,%RH
SENSOR_000,2024-06-01 06:00:00,23.52C,47.0,Room_A,BATCH_2024_Q1,C,%RH
SENSOR_000,2024-06-01 07:00:00,,46.5,Room_A,BATCH_2024_Q1,C,%RH
SENSOR_000,2024-06-01 08:00:00,24.65C,45.4,Room_A,BATCH_2024_Q1,C,%RH
SENSOR_000,2024-06-01 09:00:00,25.30C,40.7,Room_A,BATCH_2024_Q1,C,%RH
SENSOR_000,2024-06-01 10:00:00,26.49C,40.9,Room_A,BATCH_2024_Q1,C,%RH
SENSOR_000,2024-06-01 11:00:00,26.37C,38.1,Room_A,BATCH_2024_Q1,C,%RH
SENSOR_000,2024-06-02 00:00:00,20.29C,60.1,Room_A,BATCH_2024_Q1,C,%RH
SENSOR_000,2024-06-02 01:00:00,20.21C,60.1,Room_A,BATCH_2024_Q1,C,%RH
SENSOR_000,2024-06-02 02:00:00,20.67C,58.1,Room_A,BATCH_2024_Q1,C,%RH
SENSOR_000,2024-06-02 03:00:00,21.15C,59.7,Room_A,BATCH_2024_Q1,C,%RH
SENSOR_000,2024-06-02 04:00:00,21.95C,53.3,Room_A,BATCH_2024_Q1,C,%RH
SENSOR_000,2024-06-02 05:00:00,22.92C,50.7,Room_A,BATCH_2024_Q1,C,%RH
SENSOR_000,2024-06-02 06:00:00,23.51C,47.0,Room_A,BATCH_2024_Q1,C,%RH
SENSOR_000,2024-06-02 07:00:00,23.83C,47.6,Room_A,BATCH_2024_Q1,C,%RH
SENSOR_000,2024-06-02 08:00:00,25.17C,45.2,Room_A,BATCH_2024_Q1,C,%RH
SENSOR_000,2024-06-02 09:00:00,25.54C,42.4,Room_A,BATCH_2024_Q1,C,%RH
SENSOR_000,2024-06-02 10:00:00,,40.2,Room_A,BATCH_2024_Q1,C,%RH
SENSOR_000,2024-06-02 11:00:00,26.21C,41.8,Room_A,BATCH_2024_Q1,C,%RH
SENSOR_000,2024-06-03 00:00:00,20.55C,57.3,Room_A,BATCH_2024_Q1,C,%RH
SENSOR_000,2024-06-03 01:00:00,20.65C,59.0,Room_A,BATCH_2024_Q1,C,%RH
SENSOR_000,2024-06-03 02:00:00,20.65C,59.5,Room_A,BATCH_2024_Q1,C,%RH
SENSOR_000,2024-06-03 03:00:00,21.64C,58.4,Room_A,BATCH_2024_Q1,C,%RH
SENSOR_000,2024-06-03 04:00:00,21.70C,54.4,Room_A,BATCH_2024_Q1,C,%RH
SENSOR_000,2024-06-03 05:00:00,22.77C,53.9,Room_A,BATCH_2024_Q1,C,%RH
SENSOR_000,2024-06-03 06:00:00,23.31C,49.6,Room_A,BATCH_2024_Q1,C,%RH
SENSOR_000,2024-06-03 07:00:00,23.89C,45.5,Room_A,BATCH_2024_Q1,C,%RH
SENSOR_000,2024-06-03 08:00:00,25.19C,46.9,Room_A,BATCH_2024_Q1,C,%RH
SENSOR_000,2024-06-03 09:00:00,,44.3,Room_A,BATCH_2024_Q1,C,%RH
SENSOR_000,2024-06-03 10:00:00,26.16C,40.3,Room_A,BATCH_2024_Q1,C,%RH
SENSOR_000,2024-06-03 11:00:00,26.46C,42.5,Room_A,BATCH_2024_Q1,C,%RH
SENSOR_000,2024-06-04 00:00:00,20.44C,62.2,Room_A,BATCH_2024_Q1,C,%RH
SENSOR_000,2024-06-04 01:00:00,19.77C,60.8,Room_A,BATCH_2024_Q1,C,%RH
SENSOR_000,2024-06-04 02:00:00,20.88C,58.1,Room_A,BATCH_2024_Q1,C,%RH
SENSOR_000,2024-06-04 03:00:00,21.36C,54.0,Room_A,BATCH_2024_Q1,C,%RH
SENSOR_000,2024-06-04 04:00:00,21.88C,55.4,Room_A,BATCH_2024_Q1,C,%RH
SENSOR_000,2024-06-04 05:00:00,23.12C,51.7,Room_A,BATCH_2024_Q1,C,%RH
SENSOR_000,2024-06-04 06:00:00,23.21C,49.1,Room_A,BATCH_2024_Q1,C,%RH
SENSOR_000,2024-06-04 07:00:00,24.50C,47.8,Room_A,BATCH_2024_Q1,C,%RH
SENSOR_000,2024-06-04 08:00:00,24.79C,45.7,Room_A,BATCH_2024_Q1,C,%RH
SENSOR_000,2024-06-04 09:00:00,25.60C,44.3,Room_A,BATCH_2024_Q1,C,%RH
SENSOR_000,2024-06-04 10:00:00,25.84C,40.7,Room_A,BATCH_2024_Q1,C,%RH
SENSOR_000,2024-06-04 11:00:00,26.23C,38.0,Room_A,BATCH_2024_Q1,C,%RH
SENSOR_000,2024-06-05 00:00:00,20.54C,60.3,Room_A,BATCH_2024_Q1,C,%RH
SENSOR_000,2024-06-05 01:00:00,20.55C,59.2,Room_A,BATCH_2024_Q1,C,%RH
SENSOR_000,2024-06-05 02:00:00,20.43C,57.9,Room_A,BATCH_2024_Q1,C,%RH
SENSOR_000,2024-06-05 03:00:00,21.23°C,55.8,Room_A,BATCH_2024_Q1,°C,%RH
SENSOR_000,2024-06-05 04:00:00,21.90C,55.5,Room_A,BATCH_2024_Q1,C,%RH
SENSOR_000,2024-06-05 05:00:00,23.24C,52.7,Room_A,BATCH_2024_Q1,C,%RH
SENSOR_000,2024-06-05 06:00:00,23.53C,49.8,Room_A,BATCH_2024_Q1,C,%RH
SENSOR_000,2024-06-05 07:00:00,23.65C,47.3,Room_A,BATCH_2024_Q1,C,%RH
SENSOR_000,2024-06-05 08:00:00,24.97C,48.6,Room_A,BATCH_2024_Q1,C,%RH
SENSOR_000,2024-06-05 09:00:00,25.51C,43.3,Room_A,BATCH_2024_Q1,C,%RH
SENSOR_000,2024-06-05 10:00:00,26.04C,39.5,Room_A,BATCH_2024_Q1,C,%RH
SENSOR_000,2024-06-05 11:00:00,26.69C,41.4,Room_A,BATCH_2024_Q1,C,%RH
SENSOR_000,2024-06-06 00:00:00,20.69C,58.5,Room_A,BATCH_2024_Q1,C,%RH
SENSOR_000,2024-06-06 01:00:00,20.97C,57.5,Room_A,BATCH_2024_Q1,C,%RH
SENSOR_000,2024-06-06 02:00:00,21.03C,61.8,Room_A,BATCH_2024_Q1,C,%RH
SENSOR_000,2024-06-06 03:00:00,109.06832268154282C,56.1,Room_A,BATCH_2024_Q1,C,%RH
SENSOR_000,2024-06-06 04:00:00,21.98C,54.1,Room_A,BATCH_2024_Q1,C,%RH
SENSOR_000,2024-06-06 05:00:00,22.21C,52.6,Room_A,BATCH_2024_Q1,C,%RH
SENSOR_000,2024-06-06 06:00:00,23.13C,50.6,Room_A,BATCH_2024_Q1,C,%RH
SENSOR_000,2024-06-06 07:00:00,23.95C,49.6,Room_A,BATCH_2024_Q1,C,%RH
SENSOR_000,2024-06-06 08:00:00,24.71C,44.4,Room_A,BATCH_2024_Q1,C,%RH
SENSOR_000,2024-06-06 09:00:00,25.81C,41.0,Room_A,BATCH_2024_Q1,C,%RH
SENSOR_000,2024-06-06 10:00:00,26.12C,43.2,Room_A,BATCH_2024_Q1,C,%RH
SENSOR_000,2024-06-06 11:00:00,25.86C,40.5,Room_A,BATCH_2024_Q1,C,%RH
SENSOR_000,2024-06-07 00:00:00,20.53C,61.1,Room_A,BATCH_2024_Q1,C,%RH
SENSOR_000,2024-06-07 01:00:00,20.18C,57.6,Room_A,BATCH_2024_Q1,C,%RH
SENSOR_000,2024-06-07 02:00:00,21.01C,59.0,Room_A,BATCH_2024_Q1,C,%RH
SENSOR_000,2024-06-07 03:00:00,21.40°C,57.5,Room_A,BATCH_2024_Q1,°C,%RH
SENSOR_000,2024-06-07 04:00:00,21.75C,55.2,Room_A,BATCH_2024_Q1,C,%RH
SENSOR_000,2024-06-07 05:00:00,72.97F,51.4,Room_A,BATCH_2024_Q1,F,%RH
SENSOR_000,2024-06-07 06:00:00,24.01C,50.6,Room_A,BATCH_2024_Q1,C,%RH
SENSOR_000,2024-06-07 07:00:00,23.87C,48.3,Room_A,BATCH_2024_Q1,C,%RH
SENSOR_000,2024-06-07 08:00:00,24.66C,46.1,Room_A,BATCH_2024_Q1,C,%RH
SENSOR_000,2024-06-07 09:00:00,25.92C,41.6,Room_A,BATCH_2024_Q1,C,%RH
SENSOR_000,2024-06-07 10:00:00,26.34C,41.9,Room_A,BATCH_2024_Q1,C,%RH
SENSOR_000,2024-06-07 11:00:00,26.59C,43.1,Room_A,BATCH_2024_Q1,C,%RH
SENSOR_000,2024-06-08 00:00:00,20.38C,58.8,Room_A,BATCH_2024_Q1,C,%RH
SENSOR_000,2024-06-08 01:00:00,20.28C,58.3,Room_A,BATCH_2024_Q1,C,%RH
SENSOR_000,2024-06-08 02:00:00,20.83C,59.1,Room_A,BATCH_2024_Q1,C,%RH
SENSOR_000,2024-06-08 03:00:00,21.41C,58.2,Room_A,BATCH_2024_Q1,C,%RH
SENSOR_000,2024-06-08 04:00:00,21.95C,57.1,Room_A,BATCH_2024_Q1,C,%RH
SENSOR_000,2024-06-08 05:00:00,22.59C,56.6,Room_A,BATCH_2024_Q1,C,%RH
SENSOR_000,2024-06-08 06:00:00,23.64C,48.6,Room_A,BATCH_2024_Q1,C,%RH
SENSOR_000,2024-06-08 07:00:00,23.90C,48.0,Room_A,BATCH_2024_Q1,C,%RH
SENSOR_000,2024-06-08 08:00:00,24.88C,46.0,Room_A,BATCH_2024_Q1,C,%RH
SENSOR_000,2024-06-08 09:00:00,25.71C,42.7,Room_A,BATCH_2024_Q1,C,%RH
SENSOR_000,2024-06-08 10:00:00,25.79C,39.0,Room_A,BATCH_2024_Q1,C,%RH
SENSOR_000,2024-06-08 11:00:00,26.21C,41.5,Room_A,BATCH_2024_Q1,C,%RH
SENSOR_000,2024-06-09 00:00:00,20.51C,,Room_A,BATCH_2024_Q1,C,%RH
SENSOR_000,2024-06-09 01:00:00,69.09F,60.1,Room_A,BATCH_2024_Q1,F,%RH
SENSOR_000,2024-06-09 02:00:00,20.59C,58.8,Room_A,BATCH_2024_Q1,C,%RH
SENSOR_000,2024-06-09 03:00:00,21.35C,55.3,Room_A,BATCH_2024_Q1,C,%RH
SENSOR_000,2024-06-09 04:00:00,22.06C,55.7,Room_A,BATCH_2024_Q1,C,%RH
SENSOR_000,2024-06-09 05:00:00,23.00°C,54.1,Room_A,BATCH_2024_Q1,°C,%RH
SENSOR_000,2024-06-09 06:00:00,23.04C,48.5,Room_A,BATCH_2024_Q1,C,%RH
SENSOR_000,2024-06-09 07:00:00,24.38C,48.1,Room_A,BATCH_2024_Q1,C,%RH
SENSOR_000,2024-06-09 08:00:00,25.10C,50.7,Room_A,BATCH_2024_Q1,C,%RH
SENSOR_000,2024-06-09 09:00:00,25.74C,44.5,Room_A,BATCH_2024_Q1,C,%RH
SENSOR_000,2024-06-09 10:00:00,26.33C,42.2,Room_A,BATCH_2024_Q1,C,%RH
SENSOR_000,2024-06-09 11:00:00,26.25C,41.4,Room_A,BATCH_2024_Q1,C,%RH
SENSOR_000,2024-06-10 00:00:00,20.22C,59.5,Room_A,BATCH_2024_Q1,C,%RH
SENSOR_000,2024-06-10 01:00:00,20.41C,59.7,Room_A,BATCH_2024_Q1,C,%RH
SENSOR_000,2024-06-10 02:00:00,21.55C,55.8,Room_A,BATCH_2024_Q1,C,%RH
SENSOR_000,2024-06-10 03:00:00,21.53C,54.5,Room_A,BATCH_2024_Q1,C,%RH
SENSOR_000,2024-06-10 04:00:00,21.81C,56.5,Room_A,BATCH_2024_Q1,C,%RH
SENSOR_000,2024-06-10 05:00:00,22.69C,50.9,Room_A,BATCH_2024_Q1,C,%RH
SENSOR_000,2024-06-10 06:00:00,23.23C,50.9,Room_A,BATCH_2024_Q1,C,%RH
SENSOR_000,2024-06-10 07:00:00,24.01C,47.6,Room_A,BATCH_2024_Q1,C,%RH
SENSOR_000,2024-06-10 08:00:00,24.96C,43.9,Room_A,BATCH_2024_Q1,C,%RH
SENSOR_000,2024-06-10 09:00:00,26.21C,43.8,Room_A,BATCH_2024_Q1,C,%RH
SENSOR_000,2024-06-10 10:00:00,25.44C,41.5,Room_A,BATCH_2024_Q1,C,%RH
SENSOR_000,2024-06-10 11:00:00,26.15C,41.5,Room_A,BATCH_2024_Q1,C,%RH
SENSOR_000,2024-06-11 00:00:00,20.21C,59.7,Room_A,BATCH_2024_Q1,C,%RH
SENSOR_000,2024-06-11 01:00:00,20.70C,,Room_A,BATCH_2024_Q1,C,%RH
SENSOR_000,2024-06-11 02:00:00,20.49C,58.1,Room_A,BATCH_2024_Q1,C,%RH
SENSOR_000,2024-06-11 03:00:00,,56.0,Room_A,BATCH_2024_Q1,°C,%RH
SENSOR_000,2024-06-11 04:00:00,22.48C,55.5,Room_A,BATCH_2024_Q1,C,%RH
SENSOR_000,2024-06-11 05:00:00,22.29C,53.9,Room_A,BATCH_2024_Q1,C,%RH
SENSOR_000,2024-06-11 06:00:00,24.09C,51.4,Room_A,BATCH_2024_Q1,C,%RH
SENSOR_000,2024-06-11 07:00:00,23.77C,46.6,Room_A,BATCH_2024_Q1,C,%RH
SENSOR_000,2024-06-11 08:00:00,25.33C,43.8,Room_A,BATCH_2024_Q1,C,%RH
SENSOR_000,2024-06-11 09:00:00,25.70C,44.0,Room_A,BATCH_2024_Q1,C,%RH
SENSOR_000,2024-06-11 10:00:00,,41.1,Room_A,BATCH_2024_Q1,C,%RH
SENSOR_000,2024-06-11 11:00:00,25.37C,38.7,Room_A,BATCH_2024_Q1,C,%RH
SENSOR_000,2024-06-12 00:00:00,20.37C,58.0,Room_A,BATCH_2024_Q1,C,%RH
SENSOR_000,2024-06-12 01:00:00,21.04C,57.4,Room_A,BATCH_2024_Q1,C,%RH
SENSOR_000,2024-06-12 02:00:00,20.72C,58.8,Room_A,BATCH_2024_Q1,C,%RH
SENSOR_000,2024-06-12 03:00:00,,54.8,Room_A,BATCH_2024_Q1,C,%RH
SENSOR_000,2024-06-12 04:00:00,22.30C,54.9,Room_A,BATCH_2024_Q1,C,%RH
SENSOR_000,2024-06-12 05:00:00,22.38C,53.2,Room_A,BATCH_2024_Q1,C,%RH
SENSOR_000,2024-06-12 06:00:00,23.51C,49.0,Room_A,BATCH_2024_Q1,C,%RH
SENSOR_000,2024-06-12 07:00:00,24.25C,,Room_A,BATCH_2024_Q1,C,%RH
SENSOR_000,2024-06-12 08:00:00,24.98C,45.9,Room_A,BATCH_2024_Q1,C,%RH
SENSOR_000,2024-06-12 09:00:00,26.05C,41.0,Room_A,BATCH_2024_Q1,C,%RH
SENSOR_000,2024-06-12 10:00:00,26.69C,38.3,Room_A,BATCH_2024_Q1,C,%RH
SENSOR_000,2024-06-12 11:00:00,26.30C,41.1,Room_A,BATCH_2024_Q1,C,%RH
SENSOR_000,2024-06-13 00:00:00,20.53C,59.0,Room_A,BATCH_2024_Q1,C,%RH
SENSOR_000,2024-06-13 01:00:00,20.49C,58.8,Room_A,BATCH_2024_Q1,C,%RH
SENSOR_000,2024-06-13 02:00:00,20.67C,59.8,Room_A,BATCH_2024_Q1,C,%RH
SENSOR_000,2024-06-13 03:00:00,21.44C,55.9,Room_A,BATCH_2024_Q1,C,%RH
SENSOR_000,2024-06-13 04:00:00,22.22C,55.4,Room_A,BATCH_2024_Q1,C,%RH
SENSOR_000,2024-06-13 05:00:00,22.92C,53.4,Room_A,BATCH_2024_Q1,C,%RH
SENSOR_000,2024-06-13 06:00:00,23.20C,49.1,Room_A,BATCH_2024_Q1,C,%RH
SENSOR_000,2024-06-13 07:00:00,24.45C,48.2,Room_A,BATCH_2024_Q1,C,%RH
SENSOR_000,2024-06-13 08:00:00,24.94C,45.1,Room_A,BATCH_2024_Q1,C,%RH
SENSOR_000,2024-06-13 09:00:00,25.95C,41.9,Room_A,BATCH_2024_Q1,C,%RH
SENSOR_000,2024-06-13 10:00:00,26.21C,40.9,Room_A,BATCH_2024_Q1,C,%RH
SENSOR_000,2024-06-13 11:00:00,26.28C,41.9,Room_A,BATCH_2024_Q1,C,%RH
SENSOR_000,2024-06-14 00:00:00,20.70C,61.1,Room_A,BATCH_2024_Q1,C,%RH
SENSOR_000,2024-06-14 01:00:00,20.94C,59.6,Room_A,BATCH_2024_Q1,C,%RH
SENSOR_000,2024-06-14 02:00:00,21.06C,149.2838448871224,Room_A,BATCH_2024_Q1,C,%RH
SENSOR_000,2024-06-14 03:00:00,21.43C,56.8,Room_A,BATCH_2024_Q1,C,%RH
SENSOR_000,2024-06-14 04:00:00,21.98C,55.8,Room_A,BATCH_2024_Q1,C,%RH
SENSOR_000,2024-06-14 05:00:00,22.43C,55.6,Room_A,BATCH_2024_Q1,C,%RH
SENSOR_000,2024-06-14 06:00:00,23.15C,48.1,Room_A,BATCH_2024_Q1,C,%RH
SENSOR_000,2024-06-14 07:00:00,24.57C,48.5,Room_A,BATCH_2024_Q1,C,%RH
SENSOR_000,2024-06-14 08:00:00,25.14C,45.8,Room_A,BATCH_2024_Q1,C,%RH
SENSOR_000,2024-06-14 09:00:00,25.57C,41.5,Room_A,BATCH_2024_Q1,C,%RH
SENSOR_000,2024-06-14 10:00:00,26.07C,40.2,Room_A,BATCH_2024_Q1,C,%RH
SENSOR_000,2024-06-14 11:00:00,26.64C,40.0,Room_A,BATCH_2024_Q1,C,%RH
SENSOR_000,2024-06-15 00:00:00,20.20C,59.4,Room_A,BATCH_2024_Q1,C,%RH
SENSOR_000,2024-06-15 01:00:00,20.68C,58.7,Room_A,BATCH_2024_Q1,C,%RH
SENSOR_000,2024-06-15 02:00:00,20.60C,,Room_A,BATCH_2024_Q1,C,%RH
SENSOR_000,2024-06-15 03:00:00,21.40C,56.2,Room_A,BATCH_2024_Q1,C,%RH
SENSOR_000,2024-06-15 04:00:00,21.81C,55.2,Room_A,BATCH_2024_Q1,C,%RH
SENSOR_000,2024-06-15 05:00:00,22.24°C,50.4,Room_A,BATCH_2024_Q1,°C,%RH
SENSOR_000,2024-06-15 06:00:00,,49.6,Room_A,BATCH_2024_Q1,C,%RH
SENSOR_000,2024-06-15 07:00:00,24.32C,49.5,Room_A,BATCH_2024_Q1,C,%RH
SENSOR_000,2024-06-15 08:00:00,25.21C,44.7,Room_A,BATCH_2024_Q1,C,%RH
SENSOR_000,2024-06-15 09:00:00,25.56C,41.3,Room_A,BATCH_2024_Q1,C,%RH
SENSOR_000,2024-06-15 10:00:00,26.04C,40.8,Room_A,BATCH_2024_Q1,C,%RH
SENSOR_000,2024-06-15 11:00:00,26.44C,39.0,Room_A,BATCH_2024_Q1,C,%RH
SENSOR_000,2024-06-16 00:00:00,20.61C,62.2,Room_A,BATCH_2024_Q1,C,%RH
SENSOR_000,2024-06-16 01:00:00,20.52C,60.2,Room_A,BATCH_2024_Q1,C,%RH
SENSOR_000,2024-06-16 02:00:00,21.06C,58.0,Room_A,BATCH_2024_Q1,C,%RH
SENSOR_000,2024-06-16 03:00:00,21.40C,57.0,Room_A,BATCH_2024_Q1,C,%RH
SENSOR_000,2024-06-16 04:00:00,21.98C,,Room_A,BATCH_2024_Q1,C,%RH
SENSOR_000,2024-06-16 05:00:00,22.68C,53.2,Room_A,BATCH_2024_Q1,C,%RH
SENSOR_000,2024-06-16 06:00:00,23.88C,51.3,Room_A,BATCH_2024_Q1,C,%RH
SENSOR_000,2024-06-16 07:00:00,24.87C,46.2,Room_A,BATCH_2024_Q1,C,%RH
SENSOR_000,2024-06-16 08:00:00,25.21C,45.2,Room_A,BATCH_2024_Q1,C,%RH
SENSOR_000,2024-06-16 09:00:00,26.23C,41.6,Room_A,BATCH_2024_Q1,C,%RH
SENSOR_000,2024-06-16 10:00:00,25.80C,40.3,Room_A,BATCH_2024_Q1,C,%RH
SENSOR_000,2024-06-16 11:00:00,25.71C,39.4,Room_A,BATCH_2024_Q1,C,%RH
SENSOR_000,2024-06-17 00:00:00,20.22C,60.1,Room_A,BATCH_2024_Q1,C,%RH
SENSOR_000,2024-06-17 01:00:00,20.65C,62.4,Room_A,BATCH_2024_Q1,C,%RH
SENSOR_000,2024-06-17 02:00:00,21.14C,57.7,Room_A,BATCH_2024_Q1,C,%RH
SENSOR_000,2024-06-17 03:00:00,21.06C,57.7,Room_A,BATCH_2024_Q1,C,%RH
SENSOR_000,2024-06-17 04:00:00,21.55C,57.6,Room_A,BATCH_2024_Q1,C,%RH
SENSOR_000,2024-06-17 05:00:00,23.03C,51.8,Room_A,BATCH_2024_Q1,C,%RH
SENSOR_000,2024-06-17 06:00:00,22.94C,51.9,Room_A,BATCH_2024_Q1,C,%RH
SENSOR_000,2024-06-17 07:00:00,24.19C,49.2,Room_A,BATCH_2024_Q1,C,%RH
SENSOR_000,2024-06-17 08:00:00,24.47C,44.0,Room_A,BATCH_2024_Q1,C,%RH
SENSOR_000,2024-06-17 09:00:00,25.57C,42.9,Room_A,BATCH_2024_Q1,C,%RH
SENSOR_000,2024-06-17 10:00:00,25.91C,42.2,Room_A,BATCH_2024_Q1,C,%RH
SENSOR_000,2024-06-17 11:00:00,26.03C,40.0,Room_A,BATCH_2024_Q1,C,%RH
SENSOR_000,2024-06-18 00:00:00,20.49C,60.7,Room_A,BATCH_2024_Q1,C,%RH
SENSOR_000,2024-06-18 01:00:00,20.77C,57.9,Room_A,BATCH_2024_Q1,C,%RH
SENSOR_000,2024-06-18 02:00:00,20.39C,60.5,Room_A,BATCH_2024_Q1,C,%RH
SENSOR_000,2024-06-18 03:00:00,21.43C,55.8,Room_A,BATCH_2024_Q1,C,%RH
SENSOR_000,2024-06-18 04:00:00,22.41C,120.8631934874191,Room_A,BATCH_2024_Q1,C,%RH
SENSOR_000,2024-06-18 05:00:00,23.03C,52.6,Room_A,BATCH_2024_Q1,C,%RH
SENSOR_000,2024-06-18 06:00:00,24.07C,52.5,Room_A,BATCH_2024_Q1,C,%RH
SENSOR_000,2024-06-18 07:00:00,24.15C,48.8,Room_A,BATCH_2024_Q1,C,%RH
SENSOR_000,2024-06-18 08:00:00,25.14C,47.0,Room_A,BATCH_2024_Q1,C,%RH
SENSOR_000,2024-06-18 09:00:00,25.28C,43.9,Room_A,BATCH_2024_Q1,C,%RH
SENSOR_000,2024-06-18 10:00:00,26.36C,38.6,Room_A,BATCH_2024_Q1,C,%RH
SENSOR_000,2024-06-18 11:00:00,25.99C,37.2,Room_A,BATCH_2024_Q1,C,%RH
SENSOR_000,2024-06-19 00:00:00,20.37C,61.0,Room_A,BATCH_2024_Q1,C,%RH
SENSOR_000,2024-06-19 01:00:00,21.00C,59.7,Room_A,BATCH_2024_Q1,C,%RH
SENSOR_000,2024-06-19 02:00:00,21.34C,56.5,Room_A,BATCH_2024_Q1,C,%RH
SENSOR_000,2024-06-19 03:00:00,20.82C,56.9,Room_A,BATCH_2024_Q1,C,%RH
SENSOR_000,2024-06-19 04:00:00,22.06C,54.8,Room_A,BATCH_2024_Q1,C,%RH
SENSOR_000,2024-06-19 05:00:00,,52.4,Room_A,BATCH_2024_Q1,C,%RH
SENSOR_000,2024-06-19 06:00:00,23.06C,50.9,Room_A,BATCH_2024_Q1,C,%RH
SENSOR_000,2024-06-19 07:00:00,24.34C,45.9,Room_A,BATCH_2024_Q1,C,%RH
SENSOR_000,2024-06-19 08:00:00,24.80C,43.3,Room_A,BATCH_2024_Q1,C,%RH
SENSOR_000,2024-06-19 09:00:00,25.55C,44.3,Room_A,BATCH_2024_Q1,C,%RH
SENSOR_000,2024-06-19 10:00:00,25.75C,42.0,Room_A,BATCH_2024_Q1,C,%RH
SENSOR_000,2024-06-19 11:00:00,26.19C,39.0,Room_A,BATCH_2024_Q1,C,%RH
SENSOR_000,2024-06-20 00:00:00,20.42C,58.3,Room_A,BATCH_2024_Q1,C,%RH
SENSOR_000,2024-06-20 01:00:00,20.39C,57.8,Room_A,BATCH_2024_Q1,C,%RH
SENSOR_000,2024-06-20 02:00:00,21.44C,58.6,Room_A,BATCH_2024_Q1,C,%RH
SENSOR_000,2024-06-20 03:00:00,21.12C,57.3,Room_A,BATCH_2024_Q1,C,%RH
SENSOR_000,2024-06-20 04:00:00,,54.6,Room_A,BATCH_2024_Q1,C,%RH
SENSOR_000,2024-06-20 05:00:00,,53.6,Room_A,BATCH_2024_Q1,C,%RH
SENSOR_000,2024-06-20 06:00:00,23.29C,49.0,Room_A,BATCH_2024_Q1,C,%RH
SENSOR_000,2024-06-20 07:00:00,24.14C,43.9,Room_A,BATCH_2024_Q1,C,%RH
SENSOR_000,2024-06-20 08:00:00,76.09F,46.9,Room_A,BATCH_2024_Q1,F,%RH
SENSOR_000,2024-06-20 09:00:00,26.06C,42.5,Room_A,BATCH_2024_Q1,C,%RH
SENSOR_000,2024-06-20 10:00:00,26.22C,41.7,Room_A,BATCH_2024_Q1,C,%RH
SENSOR_000,2024-06-20 11:00:00,27.27C,41.9,Room_A,BATCH_2024_Q1,C,%RH
SENSOR_000,2024-06-21 00:00:00,20.41C,58.5,Room_A,BATCH_2024_Q1,C,%RH
SENSOR_000,2024-06-21 01:00:00,20.07C,59.9,Room_A,BATCH_2024_Q1,C,%RH
SENSOR_000,2024-06-21 02:00:00,20.62C,56.4,Room_A,BATCH_2024_Q1,C,%RH
SENSOR_000,2024-06-21 03:00:00,21.13C,55.3,Room_A,BATCH_2024_Q1,C,%RH
SENSOR_000,2024-06-21 04:00:00,22.46C,56.2,Room_A,BATCH_2024_Q1,C,%RH
SENSOR_000,2024-06-21 05:00:00,22.67C,54.7,Room_A,BATCH_2024_Q1,C,%RH
SENSOR_000,2024-06-21 06:00:00,23.47C,48.6,Room_A,BATCH_2024_Q1,C,%RH
SENSOR_000,2024-06-21 07:00:00,24.68C,48.1,Room_A,BATCH_2024_Q1,C,%RH
SENSOR_000,2024-06-21 08:00:00,24.64C,44.6,Room_A,BATCH_2024_Q1,C,%RH
SENSOR_000,2024-06-21 09:00:00,25.31C,40.8,Room_A,BATCH_2024_Q1,C,%RH
SENSOR_000,2024-06-21 10:00:00,26.33C,44.1,Room_A,BATCH_2024_Q1,C,%RH
SENSOR_000,2024-06-21 11:00:00,25.93C,41.1,Room_A,BATCH_2024_Q1,C,%RH
SENSOR_000,2024-06-22 00:00:00,20.25C,59.2,Room_A,BATCH_2024_Q1,C,%RH
SENSOR_000,2024-06-22 01:00:00,20.37C,58.3,Room_A,BATCH_2024_Q1,C,%RH
SENSOR_000,2024-06-22 02:00:00,20.87C,57.3,Room_A,BATCH_2024_Q1,C,%RH
SENSOR_000,2024-06-22 03:00:00,21.41C,56.9,Room_A,BATCH_2024_Q1,C,%RH
SENSOR_000,2024-06-22 04:00:00,21.88C,53.5,Room_A,BATCH_2024_Q1,C,%RH
SENSOR_000,2024-06-22 05:00:00,22.50C,53.6,Room_A,BATCH_2024_Q1,C,%RH
SENSOR_000,2024-06-22 06:00:00,23.60C,48.4,Room_A,BATCH_2024_Q1,C,%RH
SENSOR_000,2024-06-22 07:00:00,24.26C,48.4,Room_A,BATCH_2024_Q1,C,%RH
SENSOR_000,2024-06-22 08:00:00,24.45C,45.7,Room_A,BATCH_2024_Q1,C,%RH
SENSOR_000,2024-06-22 09:00:00,25.37C,43.7,Room_A,BATCH_2024_Q1,C,%RH
SENSOR_000,2024-06-22 10:00:00,25.82C,38.5,Room_A,BATCH_2024_Q1,C,%RH
SENSOR_000,2024-06-22 11:00:00,25.86C,40.3,Room_A,BATCH_2024_Q1,C,%RH
SENSOR_000,2024-06-23 00:00:00,20.53C,58.5,Room_A,BATCH_2024_Q1,C,%RH
SENSOR_000,2024-06-23 01:00:00,20.74C,57.1,Room_A,BATCH_2024_Q1,C,%RH
SENSOR_000,2024-06-23 02:00:00,20.83C,56.7,Room_A,BATCH_2024_Q1,C,%RH
SENSOR_000,2024-06-23 03:00:00,21.13C,57.0,Room_A,BATCH_2024_Q1,C,%RH
SENSOR_000,2024-06-23 04:00:00,21.69C,54.3,Room_A,BATCH_2024_Q1,C,%RH
SENSOR_000,2024-06-23 05:00:00,22.97C,51.6,Room_A,BATCH_2024_Q1,C,%RH
SENSOR_000,2024-06-23 06:00:00,23.70C,48.2,Room_A,BATCH_2024_Q1,C,%RH
SENSOR_000,2024-06-23 07:00:00,24.38C,,Room_A,BATCH_2024_Q1,C,%RH
SENSOR_000,2024-06-23 08:00:00,24.21C,43.7,Room_A,BATCH_2024_Q1,C,%RH
SENSOR_000,2024-06-23 09:00:00,25.74C,42.5,Room_A,BATCH_2024_Q1,C,%RH
SENSOR_000,2024-06-23 10:00:00,26.16C,40.3,Room_A,BATCH_2024_Q1,C,%RH
SENSOR_000,2024-06-23 11:00:00,,40.0,Room_A,BATCH_2024_Q1,C,%RH
SENSOR_000,2024-06-24 00:00:00,20.80C,60.3,Room_A,BATCH_2024_Q1,C,%RH
SENSOR_000,2024-06-24 01:00:00,20.65C,58.9,Room_A,BATCH_2024_Q1,C,%RH
SENSOR_000,2024-06-24 02:00:00,20.70C,57.9,Room_A,BATCH_2024_Q1,C,%RH
SENSOR_000,2024-06-24 03:00:00,70.60F,56.3,Room_A,BATCH_2024_Q1,F,%RH
SENSOR_000,2024-06-24 04:00:00,22.04C,58.0,Room_A,BATCH_2024_Q1,C,%RH
SENSOR_000,2024-06-24 05:00:00,22.93C,,Room_A,BATCH_2024_Q1,C,%RH
SENSOR_000,2024-06-24 06:00:00,23.81C,49.3,Room_A,BATCH_2024_Q1,C,%RH
SENSOR_000,2024-06-24 07:00:00,23.61C,45.8,Room_A,BATCH_2024_Q1,C,%RH
SENSOR_000,2024-06-24 08:00:00,24.39C,44.4,Room_A,BATCH_2024_Q1,C,%RH
SENSOR_000,2024-06-24 09:00:00,25.58C,45.3,Room_A,BATCH_2024_Q1,C,%RH
SENSOR_000,2024-06-24 10:00:00,26.15C,40.9,Room_A,BATCH_2024_Q1,C,%RH
SENSOR_000,2024-06-24 11:00:00,26.60C,36.9,Room_A,BATCH_2024_Q1,C,%RH
SENSOR_000,2024-06-25 00:00:00,20.52C,61.1,Room_A,BATCH_2024_Q1,C,%RH
SENSOR_000,2024-06-25 01:00:00,20.11C,61.3,Room_A,BATCH_2024_Q1,C,%RH
SENSOR_000,2024-06-25 02:00:00,20.95C,57.9,Room_A,BATCH_2024_Q1,C,%RH
SENSOR_000,2024-06-25 03:00:00,21.52C,60.4,Room_A,BATCH_2024_Q1,C,%RH
SENSOR_000,2024-06-25 04:00:00,22.00C,55.3,Room_A,BATCH_2024_Q1,C,%RH
SENSOR_000,2024-06-25 05:00:00,22.54C,51.2,Room_A,BATCH_2024_Q1,C,%RH
SENSOR_000,2024-06-25 06:00:00,23.70C,48.6,Room_A,BATCH_2024_Q1,C,%RH
SENSOR_000,2024-06-25 07:00:00,24.25C,46.6,Room_A,BATCH_2024_Q1,C,%RH
SENSOR_000,2024-06-25 08:00:00,25.09C,45.4,Room_A,BATCH_2024_Q1,C,%RH
SENSOR_000,2024-06-25 09:00:00,,42.1,Room_A,BATCH_2024_Q1,C,%RH
SENSOR_000,2024-06-25 10:00:00,25.97C,39.8,Room_A,BATCH_2024_Q1,C,%RH
SENSOR_000,2024-06-25 11:00:00,26.21C,40.8,Room_A,BATCH_2024_Q1,C,%RH
SENSOR_000,2024-06-26 00:00:00,20.68C,58.5,Room_A,BATCH_2024_Q1,C,%RH
SENSOR_000,2024-06-26 01:00:00,69.46F,61.6,Room_A,BATCH_2024_Q1,F,%RH
SENSOR_000,2024-06-26 02:00:00,20.98C,61.4,Room_A,BATCH_2024_Q1,C,%RH
SENSOR_000,2024-06-26 03:00:00,21.10C,55.1,Room_A,BATCH_2024_Q1,C,%RH
SENSOR_000,2024-06-26 04:00:00,21.42C,57.1,Room_A,BATCH_2024_Q1,C,%RH
SENSOR_000,2024-06-26 05:00:00,22.87C,52.4,Room_A,BATCH_2024_Q1,C,%RH
SENSOR_000,2024-06-26 06:00:00,23.53C,48.2,Room_A,BATCH_2024_Q1,C,%RH
SENSOR_000,2024-06-26 07:00:00,24.96C,47.5,Room_A,BATCH_2024_Q1,C,%RH
SENSOR_000,2024-06-26 08:00:00,24.98C,46.0,Room_A,BATCH_2024_Q1,C,%RH
SENSOR_000,2024-06-26 09:00:00,25.71C,43.2,Room_A,BATCH_2024_Q1,C,%RH
SENSOR_000,2024-06-26 10:00:00,25.81C,41.9,Room_A,BATCH_2024_Q1,C,%RH
SENSOR_000,2024-06-26 11:00:00,26.91C,42.3,Room_A,BATCH_2024_Q1,C,%RH
SENSOR_000,2024-06-27 00:00:00,20.93C,59.1,Room_A,BATCH_2024_Q1,C,%RH
SENSOR_000,2024-06-27 01:00:00,20.25C,59.4,Room_A,BATCH_2024_Q1,C,%RH
SENSOR_000,2024-06-27 02:00:00,20.87C,60.2,Room_A,BATCH_2024_Q1,C,%RH
SENSOR_000,2024-06-27 03:00:00,20.82C,59.3,Room_A,BATCH_2024_Q1,C,%RH
SENSOR_000,2024-06-27 04:00:00,21.90C,54.3,Room_A,BATCH_2024_Q1,C,%RH
SENSOR_000,2024-06-27 05:00:00,22.37C,50.0,Room_A,BATCH_2024_Q1,C,%RH
SENSOR_000,2024-06-27 06:00:00,,50.0,Room_A,BATCH_2024_Q1,C,%RH
SENSOR_000,2024-06-27 07:00:00,23.84C,45.4,Room_A,BATCH_2024_Q1,C,%RH
SENSOR_000,2024-06-27 08:00:00,24.85°C,47.4,Room_A,BATCH_2024_Q1,°C,%RH
SENSOR_000,2024-06-27 09:00:00,25.49C,40.6,Room_A,BATCH_2024_Q1,C,%RH
SENSOR_000,2024-06-27 10:00:00,25.97C,40.8,Room_A,BATCH_2024_Q1,C,%RH
SENSOR_000,2024-06-27 11:00:00,25.54C,40.2,Room_A,BATCH_2024_Q1,C,%RH
SENSOR_000,2024-06-28 00:00:00,20.38C,60.9,Room_A,BATCH_2024_Q1,C,%RH
SENSOR_000,2024-06-28 01:00:00,21.11C,61.2,Room_A,BATCH_2024_Q1,C,%RH
SENSOR_000,2024-06-28 02:00:00,20.77C,56.9,Room_A,BATCH_2024_Q1,C,%RH
SENSOR_000,2024-06-28 03:00:00,22.10C,57.1,Room_A,BATCH_2024_Q1,C,%RH
SENSOR_000,2024-06-28 04:00:00,21.95C,54.9,Room_A,BATCH_2024_Q1,C,%RH
SENSOR_000,2024-06-28 05:00:00,22.73C,52.3,Room_A,BATCH_2024_Q1,C,%RH
SENSOR_000,2024-06-28 06:00:00,23.28C,49.1,Room_A,BATCH_2024_Q1,C,%RH
SENSOR_000,2024-06-28 07:00:00,24.22C,46.5,Room_A,BATCH_2024_Q1,C,%RH
SENSOR_000,2024-06-28 08:00:00,24.74C,45.1,Room_A,BATCH_2024_Q1,C,%RH
SENSOR_000,2024-06-28 09:00:00,25.49C,45.1,Room_A,BATCH_2024_Q1,C,%RH
SENSOR_000,2024-06-28 10:00:00,25.25C,42.9,Room_A,BATCH_2024_Q1,C,%RH
SENSOR_000,2024-06-28 11:00:00,26.72C,37.1,Room_A,BATCH_2024_Q1,C,%RH
SENSOR_000,2024-06-29 00:00:00,20.35C,59.3,Room_A,BATCH_2024_Q1,C,%RH
SENSOR_000,2024-06-29 01:00:00,20.13C,58.4,Room_A,BATCH_2024_Q1,C,%RH
SENSOR_000,2024-06-29 02:00:00,20.52C,61.2,Room_A,BATCH_2024_Q1,C,%RH
SENSOR_000,2024-06-29 03:00:00,21.61C,58.9,Room_A,BATCH_2024_Q1,C,%RH
SENSOR_000,2024-06-29 04:00:00,22.17C,53.2,Room_A,BATCH_2024_Q1,C,%RH
SENSOR_000,2024-06-29 05:00:00,22.52C,53.2,Room_A,BATCH_2024_Q1,C,%RH
SENSOR_000,2024-06-29 06:00:00,23.08C,51.0,Room_A,BATCH_2024_Q1,C,%RH
SENSOR_000,2024-06-29 07:00:00,24.15C,46.7,Room_A,BATCH_2024_Q1,C,%RH
SENSOR_000,2024-06-29 08:00:00,25.16C,45.6,Room_A,BATCH_2024_Q1,C,%RH
SENSOR_000,2024-06-29 09:00:00,,44.6,Room_A,BATCH_2024_Q1,C,%RH
SENSOR_000,2024-06-29 10:00:00,25.72C,42.2,Room_A,BATCH_2024_Q1,C,%RH
SENSOR_000,2024-06-29 11:00:00,26.53C,39.8,Room_A,BATCH_2024_Q1,C,%RH
SENSOR_000,2024-06-30 00:00:00,20.55C,58.0,Room_A,BATCH_2024_Q1,C,%RH
SENSOR_000,2024-06-30 01:00:00,20.83C,59.3,Room_A,BATCH_2024_Q1,C,%RH
SENSOR_000,2024-06-30 02:00:00,20.69C,60.1,Room_A,BATCH_2024_Q1,C,%RH
SENSOR_000,2024-06-30 03:00:00,21.12C,54.9,Room_A,BATCH_2024_Q1,C,%RH
SENSOR_000,2024-06-30 04:00:00,21.48C,55.8,Room_A,BATCH_2024_Q1,C,%RH
SENSOR_000,2024-06-30 05:00:00,22.29C,55.1,Room_A,BATCH_2024_Q1,C,%RH
SENSOR_000,2024-06-30 06:00:00,22.82C,52.4,Room_A,BATCH_2024_Q1,C,%RH
SENSOR_000,2024-06-30 07:00:00,24.29C,47.2,Room_A,BATCH_2024_Q1,C,%RH
SENSOR_000,2024-06-30 08:00:00,24.79C,45.5,Room_A,BATCH_2024_Q1,C,%RH
SENSOR_000,2024-06-30 09:00:00,25.56C,44.5,Room_A,BATCH_2024_Q1,C,%RH
SENSOR_000,2024-06-30 10:00:00,26.08C,41.5,Room_A,BATCH_2024_Q1,C,%RH
SENSOR_000,2024-06-30 11:00:00,,40.2,Room_A,BATCH_2024_Q1,°C,%RH
SENSOR_001,2024-06-01 00:00:00,,57.9,Room_C,BATCH_2024_Q1,C,%RH
SENSOR_001,2024-06-01 01:00:00,20.75C,59.2,Room_C,BATCH_2024_Q1,C,%RH
SENSOR_001,2024-06-01 02:00:00,20.64C,55.5,Room_C,BATCH_2024_Q1,C,%RH
SENSOR_001,2024-06-01 03:00:00,21.63C,55.7,Room_C,BATCH_2024_Q1,C,%RH
SENSOR_001,2024-06-01 04:00:00,21.50C,51.3,Room_C,BATCH_2024_Q1,C,%RH
SENSOR_001,2024-06-01 05:00:00,73.81F,50.9,Room_C,BATCH_2024_Q1,F,%RH
SENSOR_001,2024-06-01 06:00:00,23.66C,44.2,Room_C,BATCH_2024_Q1,C,%RH
SENSOR_001,2024-06-01 07:00:00,24.66C,46.4,Room_C,BATCH_2024_Q1,C,%RH
SENSOR_001,2024-06-01 08:00:00,24.79C,44.1,Room_C,BATCH_2024_Q1,C,%RH
SENSOR_001,2024-06-01 09:00:00,25.73C,43.5,Room_C,BATCH_2024_Q1,C,%RH
SENSOR_001,2024-06-01 10:00:00,25.44C,36.0,Room_C,BATCH_2024_Q1,C,%RH
SENSOR_001,2024-06-01 11:00:00,26.63C,37.3,Room_C,BATCH_2024_Q1,C,%RH
SENSOR_001,2024-06-02 00:00:00,20.39C,59.1,Room_C,BATCH_2024_Q1,C,%RH
SENSOR_001,2024-06-02 01:00:00,20.65C,57.0,Room_C,BATCH_2024_Q1,C,%RH
SENSOR_001,2024-06-02 02:00:00,20.44C,53.8,Room_C,BATCH_2024_Q1,C,%RH
SENSOR_001,2024-06-02 03:00:00,20.82C,51.8,Room_C,BATCH_2024_Q1,C,%RH
SENSOR_001,2024-06-02 04:00:00,21.63°C,56.2,Room_C,BATCH_2024_Q1,°C,%RH
SENSOR_001,2024-06-02 05:00:00,22.74C,56.4,Room_C,BATCH_2024_Q1,C,%RH
SENSOR_001,2024-06-02 06:00:00,24.09C,48.6,Room_C,BATCH_2024_Q1,C,%RH
SENSOR_001,2024-06-02 07:00:00,24.36C,46.5,Room_C,BATCH_2024_Q1,C,%RH
SENSOR_001,2024-06-02 08:00:00,25.39C,42.6,Room_C,BATCH_2024_Q1,C,%RH
SENSOR_001,2024-06-02 09:00:00,26.38C,40.6,Room_C,BATCH_2024_Q1,C,%RH
SENSOR_001,2024-06-02 10:00:00,26.40C,40.7,Room_C,BATCH_2024_Q1,C,%RH
SENSOR_001,2024-06-02 11:00:00,26.12C,43.4,Room_C,BATCH_2024_Q1,C,%RH
SENSOR_001,2024-06-03 00:00:00,20.22C,59.6,Room_C,BATCH_2024_Q1,C,%RH
SENSOR_001,2024-06-03 01:00:00,21.30C,55.4,Room_C,BATCH_2024_Q1,C,%RH
SENSOR_001,2024-06-03 02:00:00,21.64C,56.9,Room_C,BATCH_2024_Q1,C,%RH
SENSOR_001,2024-06-03 03:00:00,21.77C,52.8,Room_C,BATCH_2024_Q1,C,%RH
SENSOR_001,2024-06-03 04:00:00,22.03C,53.3,Room_C,BATCH_2024_Q1,C,%RH
SENSOR_001,2024-06-03 05:00:00,23.17C,52.0,Room_C,BATCH_2024_Q1,C,%RH
SENSOR_001,2024-06-03 06:00:00,23.37C,,Room_C,BATCH_2024_Q1,C,%RH
SENSOR_001,2024-06-03 07:00:00,24.06C,48.7,Room_C,BATCH_2024_Q1,C,%RH
SENSOR_001,2024-06-03 08:00:00,24.85°C,43.8,Room_C,BATCH_2024_Q1,°C,%RH
SENSOR_001,2024-06-03 09:00:00,25.77C,40.3,Room_C,BATCH_2024_Q1,C,%RH
SENSOR_001,2024-06-03 10:00:00,25.90C,37.0,Room_C,BATCH_2024_Q1,C,%RH
SENSOR_001,2024-06-03 11:00:00,26.28C,39.6,Room_C,BATCH_2024_Q1,C,%RH
SENSOR_001,2024-06-04 00:00:00,20.66C,56.9,Room_C,BATCH_2024_Q1,C,%RH
SENSOR_001,2024-06-04 01:00:00,20.32C,60.4,Room_C,BATCH_2024_Q1,C,%RH
SENSOR_001,2024-06-04 02:00:00,20.76C,58.4,Room_C,BATCH_2024_Q1,C,%RH
SENSOR_001,2024-06-04 03:00:00,,54.8,Room_C,BATCH_2024_Q1,C,%RH
SENSOR_001,2024-06-04 04:00:00,22.32C,51.9,Room_C,BATCH_2024_Q1,C,%RH
SENSOR_001,2024-06-04 05:00:00,22.44C,49.9,Room_C,BATCH_2024_Q1,C,%RH
SENSOR_001,2024-06-04 06:00:00,23.65C,46.1,Room_C,BATCH_2024_Q1,C,%RH
SENSOR_001,2024-06-04 07:00:00,23.93C,46.7,Room_C,BATCH_2024_Q1,C,%RH
SENSOR_001,2024-06-04 08:00:00,25.87C,43.1,Room_C,BATCH_2024_Q1,C,%RH
SENSOR_001,2024-06-04 09:00:00,25.92C,39.7,Room_C,BATCH_2024_Q1,C,%RH
SENSOR_001,2024-06-04 10:00:00,26.30C,39.1,Room_C,BATCH_2024_Q1,C,%RH
SENSOR_001,2024-06-04 11:00:00,26.97C,35.2,Room_C,BATCH_2024_Q1,C,%RH
SENSOR_001,2024-06-05 00:00:00,20.20C,61.0,Room_C,BATCH_2024_Q1,C,%RH
SENSOR_001,2024-06-05 01:00:00,20.34C,61.4,Room_C,BATCH_2024_Q1,C,%RH
SENSOR_001,2024-06-05 02:00:00,20.53C,60.4,Room_C,BATCH_2024_Q1,C,%RH
SENSOR_001,2024-06-05 03:00:00,22.15C,,Room_C,BATCH_2024_Q1,C,%RH
SENSOR_001,2024-06-05 04:00:00,22.39C,57.6,Room_C,BATCH_2024_Q1,C,%RH
SENSOR_001,2024-06-05 05:00:00,23.58C,50.2,Room_C,BATCH_2024_Q1,C,%RH
SENSOR_001,2024-06-05 06:00:00,23.18C,48.8,Room_C,BATCH_2024_Q1,C,%RH
SENSOR_001,2024-06-05 07:00:00,24.30C,44.8,Room_C,BATCH_2024_Q1,C,%RH
SENSOR_001,2024-06-05 08:00:00,24.54C,40.8,Room_C,BATCH_2024_Q1,C,%RH
SENSOR_001,2024-06-05 09:00:00,25.45C,41.3,Room_C,BATCH_2024_Q1,C,%RH
SENSOR_001,2024-06-05 10:00:00,26.82C,38.2,Room_C,BATCH_2024_Q1,C,%RH
SENSOR_001,2024-06-05 11:00:00,26.60C,39.0,Room_C,BATCH_2024_Q1,C,%RH
SENSOR_001,2024-06-06 00:00:00,20.53C,60.3,Room_C,BATCH_2024_Q1,C,%RH
SENSOR_001,2024-06-06 01:00:00,19.89C,56.9,Room_C,BATCH_2024_Q1,C,%RH
SENSOR_001,2024-06-06 02:00:00,20.77C,58.1,Room_C,BATCH_2024_Q1,C,%RH
SENSOR_001,2024-06-06 03:00:00,21.99C,60.0,Room_C,BATCH_2024_Q1,C,%RH
SENSOR_001,2024-06-06 04:00:00,22.11C,54.2,Room_C,BATCH_2024_Q1,C,%RH
SENSOR_001,2024-06-06 05:00:00,22.73C,52.0,Room_C,BATCH_2024_Q1,C,%RH
SENSOR_001,2024-06-06 06:00:00,23.10C,50.1,Room_C,BATCH_2024_Q1,C,%RH
SENSOR_001,2024-06-06 07:00:00,25.26C,44.5,Room_C,BATCH_2024_Q1,C,%RH
SENSOR_001,2024-06-06 08:00:00,24.39C,43.3,Room_C,BATCH_2024_Q1,C,%RH
SENSOR_001,2024-06-06 09:00:00,25.86C,40.7,Room_C,BATCH_2024_Q1,C,%RH
SENSOR_001,2024-06-06 10:00:00,26.71C,35.8,Room_C,BATCH_2024_Q1,C,%RH
SENSOR_001,2024-06-06 11:00:00,,40.4,Room_C,BATCH_2024_Q1,C,%RH
SENSOR_001,2024-06-07 00:00:00,20.48C,59.2,Room_C,BATCH_2024_Q1,C,%RH
SENSOR_001,2024-06-07 01:00:00,21.06C,59.0,Room_C,BATCH_2024_Q1,C,%RH
SENSOR_001,2024-06-07 02:00:00,21.67C,60.3,Room_C,BATCH_2024_Q1,C,%RH
SENSOR_001,2024-06-07 03:00:00,21.77C,52.9,Room_C,BATCH_2024_Q1,C,%RH
SENSOR_001,2024-06-07 04:00:00,21.75C,50.5,Room_C,BATCH_2024_Q1,C,%RH
SENSOR_001,2024-06-07 05:00:00,22.71C,52.2,Room_C,BATCH_2024_Q1,C,%RH
SENSOR_001,2024-06-07 06:00:00,23.29C,49.2,Room_C,BATCH_2024_Q1,C,%RH
SENSOR_001,2024-06-07 07:00:00,24.47C,48.6,Room_C,BATCH_2024_Q1,C,%RH
SENSOR_001,2024-06-07 08:00:00,25.64C,43.3,Room_C,BATCH_2024_Q1,C,%RH
SENSOR_001,2024-06-07 09:00:00,25.90C,42.7,Room_C,BATCH_2024_Q1,C,%RH
SENSOR_001,2024-06-07 10:00:00,26.32C,44.2,Room_C,BATCH_2024_Q1,C,%RH
SENSOR_001,2024-06-07 11:00:00,26.28C,38.8,Room_C,BATCH_2024_Q1,C,%RH
SENSOR_001,2024-06-08 00:00:00,20.64C,60.6,Room_C,BATCH_2024_Q1,C,%RH
SENSOR_001,2024-06-08 01:00:00,20.86C,60.1,Room_C,BATCH_2024_Q1,C,%RH
SENSOR_001,2024-06-08 02:00:00,21.68C,59.1,Room_C,BATCH_2024_Q1,C,%RH
SENSOR_001,2024-06-08 03:00:00,22.26C,56.2,Room_C,BATCH_2024_Q1,C,%RH
SENSOR_001,2024-06-08 04:00:00,22.26C,53.0,Room_C,BATCH_2024_Q1,C,%RH
SENSOR_001,2024-06-08 05:00:00,23.62C,50.6,Room_C,BATCH_2024_Q1,C,%RH
SENSOR_001,2024-06-08 06:00:00,,47.6,Room_C,BATCH_2024_Q1,C,%RH
SENSOR_001,2024-06-08 07:00:00,23.99C,46.1,Room_C,BATCH_2024_Q1,C,%RH
SENSOR_001,2024-06-08 08:00:00,25.31C,43.2,Room_C,BATCH_2024_Q1,C,%RH
SENSOR_001,2024-06-08 09:00:00,25.21C,44.2,Room_C,BATCH_2024_Q1,C,%RH
SENSOR_001,2024-06-08 10:00:00,26.18C,41.5,Room_C,BATCH_2024_Q1,C,%RH
SENSOR_001,2024-06-08 11:00:00,26.37C,40.6,Room_C,BATCH_2024_Q1,C,%RH
SENSOR_001,2024-06-09 00:00:00,20.27C,60.0,Room_C,BATCH_2024_Q1,C,%RH
SENSOR_001,2024-06-09 01:00:00,20.71C,59.7,Room_C,BATCH_2024_Q1,C,%RH
SENSOR_001,2024-06-09 02:00:00,21.22C,57.9,Room_C,BATCH_2024_Q1,C,%RH
SENSOR_001,2024-06-09 03:00:00,20.85C,,Room_C,BATCH_2024_Q1,C,%RH
SENSOR_001,2024-06-09 04:00:00,22.25C,50.7,Room_C,BATCH_2024_Q1,C,%RH
SENSOR_001,2024-06-09 05:00:00,22.41C,51.0,Room_C,BATCH_2024_Q1,C,%RH
SENSOR_001,2024-06-09 06:00:00,23.97C,45.7,Room_C,BATCH_2024_Q1,C,%RH
SENSOR_001,2024-06-09 07:00:00,24.00C,45.8,Room_C,BATCH_2024_Q1,C,%RH
SENSOR_001,2024-06-09 08:00:00,25.93C,42.0,Room_C,BATCH_2024_Q1,C,%RH
SENSOR_001,2024-06-09 09:00:00,25.11C,44.0,Room_C,BATCH_2024_Q1,C,%RH
SENSOR_001,2024-06-09 10:00:00,25.66C,35.4,Room_C,BATCH_2024_Q1,C,%RH
SENSOR_001,2024-06-09 11:00:00,26.22C,38.8,Room_C,BATCH_2024_Q1,C,%RH
SENSOR_001,2024-06-10 00:00:00,20.08C,58.4,Room_C,BATCH_2024_Q1,C,%RH
SENSOR_001,2024-06-10 01:00:00,20.46C,125.68089509420044,Room_C,BATCH_2024_Q1,C,%RH
SENSOR_001,2024-06-10 02:00:00,20.39C,57.0,Room_C,BATCH_2024_Q1,C,%RH
SENSOR_001,2024-06-10 03:00:00,21.28C,55.6,Room_C,BATCH_2024_Q1,C,%RH
SENSOR_001,2024-06-10 04:00:00,22.80C,51.3,Room_C,BATCH_2024_Q1,C,%RH
SENSOR_001,2024-06-10 05:00:00,22.28C,49.9,Room_C,BATCH_2024_Q1,C,%RH
SENSOR_001,2024-06-10 06:00:00,23.49C,48.5,Room_C,BATCH_2024_Q1,C,%RH
SENSOR_001,2024-06-10 07:00:00,24.19C,48.3,Room_C,BATCH_2024_Q1,C,%RH
SENSOR_001,2024-06-10 08:00:00,24.66C,46.4,Room_C,BATCH_2024_Q1,C,%RH
SENSOR_001,2024-06-10 09:00:00,25.28C,42.9,Room_C,BATCH_2024_Q1,C,%RH
SENSOR_001,2024-06-10 10:00:00,26.65C,41.5,Room_C,BATCH_2024_Q1,C,%RH
SENSOR_001,2024-06-10 11:00:00,26.22C,40.0,Room_C,BATCH_2024_Q1,C,%RH
SENSOR_001,2024-06-11 00:00:00,21.05C,59.9,Room_C,BATCH_2024_Q1,C,%RH
SENSOR_001,2024-06-11 01:00:00,20.39C,57.6,Room_C,BATCH_2024_Q1,C,%RH
SENSOR_001,2024-06-11 02:00:00,20.61C,60.4,Room_C,BATCH_2024_Q1,C,%RH
SENSOR_001,2024-06-11 03:00:00,21.38C,58.1,Room_C,BATCH_2024_Q1,C,%RH
SENSOR_001,2024-06-11 04:00:00,22.25C,52.9,Room_C,BATCH_2024_Q1,C,%RH
SENSOR_001,2024-06-11 05:00:00,22.66C,52.0,Room_C,BATCH_2024_Q1,C,%RH
SENSOR_001,2024-06-11 06:00:00,23.80C,48.1,Room_C,BATCH_2024_Q1,C,%RH
SENSOR_001,2024-06-11 07:00:00,24.07C,41.4,Room_C,BATCH_2024_Q1,C,%RH
SENSOR_001,2024-06-11 08:00:00,24.81C,39.0,Room_C,BATCH_2024_Q1,C,%RH
SENSOR_001,2024-06-11 09:00:00,24.82C,42.9,Room_C,BATCH_2024_Q1,C,%RH
SENSOR_001,2024-06-11 10:00:00,26.87C,41.4,Room_C,BATCH_2024_Q1,C,%RH
SENSOR_001,2024-06-11 11:00:00,26.26C,37.5,Room_C,BATCH_2024_Q1,C,%RH
SENSOR_001,2024-06-12 00:00:00,21.04C,56.6,Room_C,BATCH_2024_Q1,C,%RH
SENSOR_001,2024-06-12 01:00:00,21.61C,57.8,Room_C,BATCH_2024_Q1,C,%RH
SENSOR_001,2024-06-12 02:00:00,21.12C,59.2,Room_C,BATCH_2024_Q1,C,%RH
SENSOR_001,2024-06-12 03:00:00,21.38C,54.2,Room_C,BATCH_2024_Q1,C,%RH
SENSOR_001,2024-06-12 04:00:00,22.18C,50.7,Room_C,BATCH_2024_Q1,C,%RH
SENSOR_001,2024-06-12 05:00:00,22.33C,50.9,Room_C,BATCH_2024_Q1,C,%RH
SENSOR_001,2024-06-12 06:00:00,112.96355553953863C,51.3,Room_C,BATCH_2024_Q1,C,%RH
SENSOR_001,2024-06-12 07:00:00,23.77C,47.4,Room_C,BATCH_2024_Q1,C,%RH
SENSOR_001,2024-06-12 08:00:00,25.65C,45.5,Room_C,BATCH_2024_Q1,C,%RH
SENSOR_001,2024-06-12 09:00:00,25.30C,40.7,Room_C,BATCH_2024_Q1,C,%RH
SENSOR_001,2024-06-12 10:00:00,26.01C,41.2,Room_C,BATCH_2024_Q1,C,%RH
SENSOR_001,2024-06-12 11:00:00,27.16C,38.2,Room_C,BATCH_2024_Q1,C,%RH
SENSOR_001,2024-06-13 00:00:00,20.41C,56.9,Room_C,BATCH_2024_Q1,C,%RH
SENSOR_001,2024-06-13 01:00:00,21.34C,57.2,Room_C,BATCH_2024_Q1,C,%RH
SENSOR_001,2024-06-13 02:00:00,21.40C,57.3,Room_C,BATCH_2024_Q1,C,%RH
SENSOR_001,2024-06-13 03:00:00,22.22C,56.0,Room_C,BATCH_2024_Q1,C,%RH
SENSOR_001,2024-06-13 04:00:00,22.00C,53.2,Room_C,BATCH_2024_Q1,C,%RH
SENSOR_001,2024-06-13 05:00:00,22.90C,52.2,Room_C,BATCH_2024_Q1,C,%RH
SENSOR_001,2024-06-13 06:00:00,23.28C,47.1,Room_C,BATCH_2024_Q1,C,%RH
SENSOR_001,2024-06-13 07:00:00,24.46C,50.1,Room_C,BATCH_2024_Q1,C,%RH
SENSOR_001,2024-06-13 08:00:00,25.34C,46.0,Room_C,BATCH_2024_Q1,C,%RH
SENSOR_001,2024-06-13 09:00:00,25.41C,42.3,Room_C,BATCH_2024_Q1,C,%RH
SENSOR_001,2024-06-13 10:00:00,26.63C,39.4,Room_C,BATCH_2024_Q1,C,%RH
SENSOR_001,2024-06-13 11:00:00,26.06C,35.1,Room_C,BATCH_2024_Q1,C,%RH
SENSOR_001,2024-06-14 00:00:00,20.25C,59.4,Room_C,BATCH_2024_Q1,C,%RH
SENSOR_001,2024-06-14 01:00:00,20.75C,60.6,Room_C,BATCH_2024_Q1,C,%RH
SENSOR_001,2024-06-14 02:00:00,20.27C,54.8,Room_C,BATCH_2024_Q1,C,%RH
SENSOR_001,2024-06-14 03:00:00,21.12C,58.8,Room_C,BATCH_2024_Q1,C,%RH
SENSOR_001,2024-06-14 04:00:00,23.01C,52.5,Room_C,BATCH_2024_Q1,C,%RH
SENSOR_001,2024-06-14 05:00:00,23.01C,49.4,Room_C,BATCH_2024_Q1,C,%RH
SENSOR_001,2024-06-14 06:00:00,23.13C,50.7,Room_C,BATCH_2024_Q1,C,%RH
SENSOR_001,2024-06-14 07:00:00,24.09C,45.2,Room_C,BATCH_2024_Q1,C,%RH
SENSOR_001,2024-06-14 08:00:00,25.78C,45.5,Room_C,BATCH_2024_Q1,C,%RH
SENSOR_001,2024-06-14 09:00:00,25.03C,40.9,Room_C,BATCH_2024_Q1,C,%RH
SENSOR_001,2024-06-14 10:00:00,26.43C,39.9,Room_C,BATCH_2024_Q1,C,%RH
SENSOR_001,2024-06-14 11:00:00,25.93C,36.8,Room_C,BATCH_2024_Q1,C,%RH
SENSOR_001,2024-06-15 00:00:00,20.13C,61.6,Room_C,BATCH_2024_Q1,C,%RH
SENSOR_001,2024-06-15 01:00:00,20.98C,57.9,Room_C,BATCH_2024_Q1,C,%RH
SENSOR_001,2024-06-15 02:00:00,20.71C,52.3,Room_C,BATCH_2024_Q1,C,%RH
SENSOR_001,2024-06-15 03:00:00,21.97C,53.1,Room_C,BATCH_2024_Q1,C,%RH
SENSOR_001,2024-06-15 04:00:00,22.01°C,53.0,Room_C,BATCH_2024_Q1,°C,%RH
SENSOR_001,2024-06-15 05:00:00,22.79C,51.0,Room_C,BATCH_2024_Q1,C,%RH
SENSOR_001,2024-06-15 06:00:00,23.69C,48.5,Room_C,BATCH_2024_Q1,C,%RH
SENSOR_001,2024-06-15 07:00:00,24.50C,45.0,Room_C,BATCH_2024_Q1,C,%RH
SENSOR_001,2024-06-15 08:00:00,24.74C,41.0,Room_C,BATCH_2024_Q1,C,%RH
SENSOR_001,2024-06-15 09:00:00,26.33C,41.4,Room_C,BATCH_2024_Q1,C,%RH
SENSOR_001,2024-06-15 10:00:00,25.39C,37.7,Room_C,BATCH_2024_Q1,C,%RH
SENSOR_001,2024-06-15 11:00:00,26.46C,38.9,Room_C,BATCH_2024_Q1,C,%RH
SENSOR_001,2024-06-16 00:00:00,20.29C,57.2,Room_C,BATCH_2024_Q1,C,%RH
SENSOR_001,2024-06-16 01:00:00,20.56C,59.4,Room_C,BATCH_2024_Q1,C,%RH
SENSOR_001,2024-06-16 02:00:00,21.46C,56.0,Room_C,BATCH_2024_Q1,C,%RH
SENSOR_001,2024-06-16 03:00:00,22.07C,55.7,Room_C,BATCH_2024_Q1,C,%RH
SENSOR_001,2024-06-16 04:00:00,22.46C,52.6,Room_C,BATCH_2024_Q1,C,%RH
SENSOR_001,2024-06-16 05:00:00,22.65C,52.2,Room_C,BATCH_2024_Q1,C,%RH
SENSOR_001,2024-06-16 06:00:00,23.72C,48.3,Room_C,BATCH_2024_Q1,C,%RH
SENSOR_001,2024-06-16 07:00:00,24.37C,44.2,Room_C,BATCH_2024_Q1,C,%RH
SENSOR_001,2024-06-16 08:00:00,25.05C,41.4,Room_C,BATCH_2024_Q1,C,%RH
SENSOR_001,2024-06-16 09:00:00,25.92C,42.9,Room_C,BATCH_2024_Q1,C,%RH
SENSOR_001,2024-06-16 10:00:00,26.41C,36.1,Room_C,BATCH_2024_Q1,C,%RH
SENSOR_001,2024-06-16 11:00:00,27.27C,38.3,Room_C,BATCH_2024_Q1,C,%RH
SENSOR_001,2024-06-17 00:00:00,20.57C,55.1,Room_C,BATCH_2024_Q1,C,%RH
SENSOR_001,2024-06-17 01:00:00,20.80C,55.1,Room_C,BATCH_2024_Q1,C,%RH
SENSOR_001,2024-06-17 02:00:00,20.66C,61.8,Room_C,BATCH_2024_Q1,C,%RH
SENSOR_001,2024-06-17 03:00:00,21.35C,55.4,Room_C,BATCH_2024_Q1,C,%RH
SENSOR_001,2024-06-17 04:00:00,21.98C,53.7,Room_C,BATCH_2024_Q1,C,%RH
SENSOR_001,2024-06-17 05:00:00,23.31C,49.7,Room_C,BATCH_2024_Q1,C,%RH
SENSOR_001,2024-06-17 06:00:00,24.71C,46.9,Room_C,BATCH_2024_Q1,C,%RH
SENSOR_001,2024-06-17 07:00:00,24.13C,47.9,Room_C,BATCH_2024_Q1,C,%RH
SENSOR_001,2024-06-17 08:00:00,25.11C,43.8,Room_C,BATCH_2024_Q1,C,%RH
SENSOR_001,2024-06-17 09:00:00,26.10C,41.7,Room_C,BATCH_2024_Q1,C,%RH
SENSOR_001,2024-06-17 10:00:00,27.15C,38.8,Room_C,BATCH_2024_Q1,C,%RH
SENSOR_001,2024-06-17 11:00:00,26.36C,36.9,Room_C,BATCH_2024_Q1,C,%RH
SENSOR_001,2024-06-18 00:00:00,20.76C,57.7,Room_C,BATCH_2024_Q1,C,%RH
SENSOR_001,2024-06-18 01:00:00,21.26C,60.0,Room_C,BATCH_2024_Q1,C,%RH
SENSOR_001,2024-06-18 02:00:00,21.33C,58.1,Room_C,BATCH_2024_Q1,C,%RH
SENSOR_001,2024-06-18 03:00:00,21.01C,58.6,Room_C,BATCH_2024_Q1,C,%RH
SENSOR_001,2024-06-18 04:00:00,22.65C,51.6,Room_C,BATCH_2024_Q1,C,%RH
SENSOR_001,2024-06-18 05:00:00,23.06C,50.6,Room_C,BATCH_2024_Q1,C,%RH
SENSOR_001,2024-06-18 06:00:00,23.46C,50.6,Room_C,BATCH_2024_Q1,C,%RH
SENSOR_001,2024-06-18 07:00:00,24.36C,46.5,Room_C,BATCH_2024_Q1,C,%RH
SENSOR_001,2024-06-18 08:00:00,25.03C,45.0,Room_C,BATCH_2024_Q1,C,%RH
SENSOR_001,2024-06-18 09:00:00,25.18C,37.9,Room_C,BATCH_2024_Q1,C,%RH
SENSOR_001,2024-06-18 10:00:00,27.10C,38.6,Room_C,BATCH_2024_Q1,C,%RH
SENSOR_001,2024-06-18 11:00:00,25.88C,37.4,Room_C,BATCH_2024_Q1,C,%RH
SENSOR_001,2024-06-19 00:00:00,20.50C,54.9,Room_C,BATCH_2024_Q1,C,%RH
SENSOR_001,2024-06-19 01:00:00,21.25C,58.4,Room_C,BATCH_2024_Q1,C,%RH
SENSOR_001,2024-06-19 02:00:00,20.61C,62.2,Room_C,BATCH_2024_Q1,C,%RH
SENSOR_001,2024-06-19 03:00:00,21.33C,56.9,Room_C,BATCH_2024_Q1,C,%RH
SENSOR_001,2024-06-19 04:00:00,21.04C,57.2,Room_C,BATCH_2024_Q1,C,%RH
SENSOR_001,2024-06-19 05:00:00,22.77C,48.8,Room_C,BATCH_2024_Q1,C,%RH
SENSOR_001,2024-06-19 06:00:00,23.63C,53.4,Room_C,BATCH_2024_Q1,C,%RH
SENSOR_001,2024-06-19 07:00:00,24.96C,45.4,Room_C,BATCH_2024_Q1,C,%RH
SENSOR_001,2024-06-19 08:00:00,25.10C,43.4,Room_C,BATCH_2024_Q1,C,%RH
SENSOR_001,2024-06-19 09:00:00,26.42C,41.2,Room_C,BATCH_2024_Q1,C,%RH
SENSOR_001,2024-06-19 10:00:00,26.22C,38.2,Room_C,BATCH_2024_Q1,C,%RH
SENSOR_001,2024-06-19 11:00:00,26.20C,37.0,Room_C,BATCH_2024_Q1,C,%RH
SENSOR_001,2024-06-20 00:00:00,20.43C,58.0,Room_C,BATCH_2024_Q1,C,%RH
SENSOR_001,2024-06-20 01:00:00,20.70C,58.2,Room_C,BATCH_2024_Q1,C,%RH
SENSOR_001,2024-06-20 02:00:00,,61.2,Room_C,BATCH_2024_Q1,C,%RH
SENSOR_001,2024-06-20 03:00:00,21.73C,51.6,Room_C,BATCH_2024_Q1,C,%RH
SENSOR_001,2024-06-20 04:00:00,21.52C,55.2,Room_C,BATCH_2024_Q1,C,%RH
SENSOR_001,2024-06-20 05:00:00,22.60C,52.1,Room_C,BATCH_2024_Q1,C,%RH
SENSOR_001,2024-06-20 06:00:00,23.25C,45.5,Room_C,BATCH_2024_Q1,C,%RH
SENSOR_001,2024-06-20 07:00:00,24.25C,43.5,Room_C,BATCH_2024_Q1,C,%RH
SENSOR_001,2024-06-20 08:00:00,24.96C,43.4,Room_C,BATCH_2024_Q1,C,%RH
SENSOR_001,2024-06-20 09:00:00,25.17C,42.3,Room_C,BATCH_2024_Q1,C,%RH
SENSOR_001,2024-06-20 10:00:00,26.28C,39.2,Room_C,BATCH_2024_Q1,C,%RH
SENSOR_001,INVALID_DATE,27.03C,41.1,Room_C,BATCH_2024_Q1,C,%RH
SENSOR_001,2024-06-21 00:00:00,20.72C,57.5,Room_C,BATCH_2024_Q1,C,%RH
SENSOR_001,2024-06-21 01:00:00,20.93C,60.2,Room_C,BATCH_2024_Q1,C,%RH
SENSOR_001,2024-06-21 02:00:00,21.39C,55.8,Room_C,BATCH_2024_Q1,C,%RH
SENSOR_001,2024-06-21 03:00:00,21.14C,55.0,Room_C,BATCH_2024_Q1,C,%RH
SENSOR_001,2024-06-21 04:00:00,21.67C,56.2,Room_C,BATCH_2024_Q1,C,%RH
SENSOR_001,2024-06-21 05:00:00,22.40C,48.1,Room_C,BATCH_2024_Q1,C,%RH
SENSOR_001,2024-06-21 06:00:00,23.28C,49.1,Room_C,BATCH_2024_Q1,C,%RH
SENSOR_001,2024-06-21 07:00:00,24.40C,48.2,Room_C,BATCH_2024_Q1,C,%RH
SENSOR_001,2024-06-21 08:00:00,25.35C,44.2,Room_C,BATCH_2024_Q1,C,%RH
SENSOR_001,2024-06-21 09:00:00,25.43C,44.7,Room_C,BATCH_2024_Q1,C,%RH
SENSOR_001,2024-06-21 10:00:00,25.70C,41.6,Room_C,BATCH_2024_Q1,C,%RH
SENSOR_001,2024-06-21 11:00:00,26.87C,38.2,Room_C,BATCH_2024_Q1,C,%RH
SENSOR_001,2024-06-22 00:00:00,20.44C,57.1,Room_C,BATCH_2024_Q1,C,%RH
SENSOR_001,2024-06-22 01:00:00,,59.3,Room_C,BATCH_2024_Q1,C,%RH
SENSOR_001,2024-06-22 02:00:00,21.29C,60.7,Room_C,BATCH_2024_Q1,C,%RH
SENSOR_001,2024-06-22 03:00:00,21.17C,55.3,Room_C,BATCH_2024_Q1,C,%RH
SENSOR_001,2024-06-22 04:00:00,22.10C,58.1,Room_C,BATCH_2024_Q1,C,%RH
SENSOR_001,2024-06-22 05:00:00,22.86C,52.6,Room_C,BATCH_2024_Q1,C,%RH
SENSOR_001,2024-06-22 06:00:00,23.86C,46.9,Room_C,BATCH_2024_Q1,C,%RH
SENSOR_001,2024-06-22 07:00:00,24.80C,49.2,Room_C,BATCH_2024_Q1,C,%RH
SENSOR_001,2024-06-22 08:00:00,24.94C,43.4,Room_C,BATCH_2024_Q1,C,%RH
SENSOR_001,2024-06-22 09:00:00,25.31C,40.2,Room_C,BATCH_2024_Q1,C,%RH
SENSOR_001,2024-06-22 10:00:00,25.88C,37.4,Room_C,BATCH_2024_Q1,C,%RH
SENSOR_001,2024-06-22 11:00:00,26.03C,39.5,Room_C,BATCH_2024_Q1,C,%RH
SENSOR_001,2024-06-23 00:00:00,20.80C,57.2,Room_C,BATCH_2024_Q1,C,%RH
SENSOR_001,2024-06-23 01:00:00,20.55C,59.7,Room_C,BATCH_2024_Q1,C,%RH
SENSOR_001,2024-06-23 02:00:00,20.62C,56.7,Room_C,BATCH_2024_Q1,C,%RH
SENSOR_001,2024-06-23 03:00:00,21.55C,52.7,Room_C,BATCH_2024_Q1,C,%RH
SENSOR_001,2024-06-23 04:00:00,22.55C,54.9,Room_C,BATCH_2024_Q1,C,%RH
SENSOR_001,2024-06-23 05:00:00,23.07C,49.6,Room_C,BATCH_2024_Q1,C,%RH
SENSOR_001,2024-06-23 06:00:00,23.72C,49.2,Room_C,BATCH_2024_Q1,C,%RH
SENSOR_001,2024-06-23 07:00:00,24.30C,42.8,Room_C,BATCH_2024_Q1,C,%RH
SENSOR_001,2024-06-23 08:00:00,24.86C,42.3,Room_C,BATCH_2024_Q1,C,%RH
SENSOR_001,2024-06-23 09:00:00,26.09C,39.7,Room_C,BATCH_2024_Q1,C,%RH
SENSOR_001,2024-06-23 10:00:00,25.49C,43.0,Room_C,BATCH_2024_Q1,C,%RH
SENSOR_001,2024-06-23 11:00:00,27.05C,41.2,Room_C,BATCH_2024_Q1,C,%RH
SENSOR_001,2024-06-24 00:00:00,20.05C,58.4,Room_C,BATCH_2024_Q1,C,%RH
SENSOR_001,2024-06-24 01:00:00,,58.9,Room_C,BATCH_2024_Q1,C,%RH
SENSOR_001,2024-06-24 02:00:00,21.31C,57.8,Room_C,BATCH_2024_Q1,C,%RH
SENSOR_001,2024-06-24 03:00:00,21.35C,56.0,Room_C,BATCH_2024_Q1,C,%RH
SENSOR_001,2024-06-24 04:00:00,21.63C,52.6,Room_C,BATCH_2024_Q1,C,%RH
SENSOR_001,2024-06-24 05:00:00,22.71C,53.0,Room_C,BATCH_2024_Q1,C,%RH
SENSOR_001,2024-06-24 06:00:00,23.27C,45.8,Room_C,BATCH_2024_Q1,C,%RH
SENSOR_001,2024-06-24 07:00:00,24.29°C,46.6,Room_C,BATCH_2024_Q1,°C,%RH
SENSOR_001,2024-06-24 08:00:00,24.63C,40.1,Room_C,BATCH_2024_Q1,C,%RH
SENSOR_001,2024-06-24 09:00:00,25.90C,45.5,Room_C,BATCH_2024_Q1,C,%RH
SENSOR_001,2024-06-24 10:00:00,25.91C,41.8,Room_C,BATCH_2024_Q1,C,%RH
SENSOR_001,2024-06-24 11:00:00,26.69C,40.4,Room_C,BATCH_2024_Q1,C,%RH
SENSOR_001,2024-06-25 00:00:00,21.04C,58.6,Room_C,BATCH_2024_Q1,C,%RH
SENSOR_001,2024-06-25 01:00:00,20.48C,60.5,Room_C,BATCH_2024_Q1,C,%RH
SENSOR_001,2024-06-25 02:00:00,21.27C,58.1,Room_C,BATCH_2024_Q1,C,%RH
SENSOR_001,2024-06-25 03:00:00,21.66C,55.6,Room_C,BATCH_2024_Q1,C,%RH
SENSOR_001,2024-06-25 04:00:00,22.42C,52.5,Room_C,BATCH_2024_Q1,C,%RH
SENSOR_001,2024-06-25 05:00:00,22.84C,50.5,Room_C,BATCH_2024_Q1,C,%RH
SENSOR_001,2024-06-25 06:00:00,24.23C,50.8,Room_C,BATCH_2024_Q1,C,%RH
SENSOR_001,2024-06-25 07:00:00,24.01C,48.6,Room_C,BATCH_2024_Q1,C,%RH
SENSOR_001,2024-06-25 08:00:00,25.71C,44.3,Room_C,BATCH_2024_Q1,C,%RH
SENSOR_001,2024-06-25 09:00:00,25.26C,38.0,Room_C,BATCH_2024_Q1,C,%RH
SENSOR_001,2024-06-25 10:00:00,25.92°C,40.1,Room_C,BATCH_2024_Q1,°C,%RH
SENSOR_001,2024-06-25 11:00:00,,36.6,Room_C,BATCH_2024_Q1,C,%RH
SENSOR_001,2024-06-26 00:00:00,20.52C,60.1,Room_C,BATCH_2024_Q1,C,%RH
SENSOR_001,2024-06-26 01:00:00,21.05C,60.8,Room_C,BATCH_2024_Q1,C,%RH
SENSOR_001,2024-06-26 02:00:00,20.68C,52.7,Room_C,BATCH_2024_Q1,C,%RH
SENSOR_001,2024-06-26 03:00:00,21.64C,54.9,Room_C,BATCH_2024_Q1,C,%RH
SENSOR_001,2024-06-26 04:00:00,22.13C,53.9,Room_C,BATCH_2024_Q1,C,%RH
SENSOR_001,2024-06-26 05:00:00,23.64C,51.5,Room_C,BATCH_2024_Q1,C,%RH
SENSOR_001,2024-06-26 06:00:00,24.01C,50.3,Room_C,BATCH_2024_Q1,C,%RH
SENSOR_001,2024-06-26 07:00:00,24.73C,46.4,Room_C,BATCH_2024_Q1,C,%RH
SENSOR_001,2024-06-26 08:00:00,25.11C,42.7,Room_C,BATCH_2024_Q1,C,%RH
SENSOR_001,2024-06-26 09:00:00,25.54C,40.3,Room_C,BATCH_2024_Q1,C,%RH
SENSOR_001,2024-06-26 10:00:00,26.49C,38.0,Room_C,BATCH_2024_Q1,C,%RH
SENSOR_001,2024-06-26 11:00:00,27.04C,42.2,Room_C,BATCH_2024_Q1,C,%RH
SENSOR_001,2024-06-27 00:00:00,20.96C,56.1,Room_C,BATCH_2024_Q1,C,%RH
SENSOR_001,2024-06-27 01:00:00,19.66C,57.7,Room_C,BATCH_2024_Q1,C,%RH
SENSOR_001,2024-06-27 02:00:00,20.82C,57.9,Room_C,BATCH_2024_Q1,C,%RH
SENSOR_001,2024-06-27 03:00:00,20.84C,54.5,Room_C,BATCH_2024_Q1,C,%RH
SENSOR_001,2024-06-27 04:00:00,22.51C,55.9,Room_C,BATCH_2024_Q1,C,%RH
SENSOR_001,2024-06-27 05:00:00,23.11C,47.3,Room_C,BATCH_2024_Q1,C,%RH
SENSOR_001,2024-06-27 06:00:00,23.47C,49.5,Room_C,BATCH_2024_Q1,C,%RH
SENSOR_001,2024-06-27 07:00:00,24.09C,46.4,Room_C,BATCH_2024_Q1,C,%RH
SENSOR_001,2024-06-27 08:00:00,25.22C,43.9,Room_C,BATCH_2024_Q1,C,%RH
SENSOR_001,2024-06-27 09:00:00,25.64C,39.2,Room_C,BATCH_2024_Q1,C,%RH
SENSOR_001,2024-06-27 10:00:00,26.28C,38.5,Room_C,BATCH_2024_Q1,C,%RH
SENSOR_001,2024-06-27 11:00:00,26.43C,35.7,Room_C,BATCH_2024_Q1,C,%RH
SENSOR_001,2024-06-28 00:00:00,20.48C,56.7,Room_C,BATCH_2024_Q1,C,%RH
SENSOR_001,2024-06-28 01:00:00,20.21C,60.5,Room_C,BATCH_2024_Q1,C,%RH
SENSOR_001,2024-06-28 02:00:00,20.90C,52.9,Room_C,BATCH_2024_Q1,C,%RH
SENSOR_001,2024-06-28 03:00:00,21.44C,53.6,Room_C,BATCH_2024_Q1,C,%RH
SENSOR_001,2024-06-28 04:00:00,22.05C,53.9,Room_C,BATCH_2024_Q1,C,%RH
SENSOR_001,2024-06-28 05:00:00,22.42C,55.5,Room_C,BATCH_2024_Q1,C,%RH
SENSOR_001,2024-06-28 06:00:00,24.02C,48.8,Room_C,BATCH_2024_Q1,C,%RH
SENSOR_001,2024-06-28 07:00:00,25.20C,45.8,Room_C,BATCH_2024_Q1,C,%RH
SENSOR_001,2024-06-28 08:00:00,25.12C,43.1,Room_C,BATCH_2024_Q1,C,%RH
SENSOR_001,2024-06-28 09:00:00,25.90C,43.2,Room_C,BATCH_2024_Q1,C,%RH
SENSOR_001,2024-06-28 10:00:00,26.49C,39.6,Room_C,BATCH_2024_Q1,C,%RH
SENSOR_001,2024-06-28 11:00:00,,37.1,Room_C,BATCH_2024_Q1,C,%RH
SENSOR_001,2024-06-29 00:00:00,21.42C,56.8,Room_C,BATCH_2024_Q1,C,%RH
SENSOR_001,2024-06-29 01:00:00,20.79C,57.6,Room_C,BATCH_2024_Q1,C,%RH
SENSOR_001,2024-06-29 02:00:00,20.65C,54.7,Room_C,BATCH_2024_Q1,C,%RH
SENSOR_001,2024-06-29 03:00:00,,55.6,Room_C,BATCH_2024_Q1,C,%RH
SENSOR_001,2024-06-29 04:00:00,22.00C,54.2,Room_C,BATCH_2024_Q1,C,%RH
SENSOR_001,2024-06-29 05:00:00,22.80C,52.4,Room_C,BATCH_2024_Q1,C,%RH
SENSOR_001,2024-06-29 06:00:00,24.37C,49.2,Room_C,BATCH_2024_Q1,C,%RH
SENSOR_001,2024-06-29 07:00:00,23.50°C,49.4,Room_C,BATCH_2024_Q1,°C,%RH
SENSOR_001,2024-06-29 08:00:00,24.62C,43.7,Room_C,BATCH_2024_Q1,C,%RH
SENSOR_001,2024-06-29 09:00:00,25.82C,42.1,Room_C,BATCH_2024_Q1,C,%RH
SENSOR_001,2024-06-29 10:00:00,26.75°C,44.7,Room_C,BATCH_2024_Q1,°C,%RH
SENSOR_001,2024-06-29 11:00:00,79.37F,39.9,Room_C,BATCH_2024_Q1,F,%RH
SENSOR_001,2024-06-30 00:00:00,20.63C,58.1,Room_C,BATCH_2024_Q1,C,%RH
SENSOR_001,2024-06-30 01:00:00,21.07C,60.7,Room_C,BATCH_2024_Q1,C,%RH
SENSOR_001,2024-06-30 02:00:00,21.17C,57.7,Room_C,BATCH_2024_Q1,C,%RH
SENSOR_001,2024-06-30 03:00:00,21.20C,55.5,Room_C,BATCH_2024_Q1,C,%RH
SENSOR_001,2024-06-30 04:00:00,21.72C,49.5,Room_C,BATCH_2024_Q1,C,%RH
SENSOR_001,2024-06-30 05:00:00,23.75C,47.8,Room_C,BATCH_2024_Q1,C,%RH
SENSOR_001,2024-06-30 06:00:00,23.04C,47.7,Room_C,BATCH_2024_Q1,C,%RH
SENSOR_001,2024-06-30 07:00:00,24.58C,48.0,Room_C,BATCH_2024_Q1,C,%RH
SENSOR_001,2024-06-30 08:00:00,25.48C,42.0,Room_C,BATCH_2024_Q1,C,%RH
SENSOR_001,2024-06-30 09:00:00,26.04C,43.5,Room_C,BATCH_2024_Q1,C,%RH
SENSOR_001,2024-06-30 10:00:00,26.29C,42.5,Room_C,BATCH_2024_Q1,C,%RH
SENSOR_001,2024-06-30 11:00:00,26.81C,39.1,Room_C,BATCH_2024_Q1,C,%RH
SENSOR_002,2024-06-01 00:00:00,16.61C,62.6,Room_B,BATCH_2024_Q2,C,%RH
SENSOR_002,2024-06-01 01:00:00,16.30C,58.3,Room_B,BATCH_2024_Q2,C,%RH
SENSOR_002,2024-06-01 02:00:00,16.47C,57.8,Room_B,BATCH_2024_Q2,C,%RH
SENSOR_002,2024-06-01 03:00:00,16.35C,58.2,Room_B,BATCH_2024_Q2,C,%RH
SENSOR_002,2024-06-01 04:00:00,17.64C,52.6,Room_B,BATCH_2024_Q2,C,%RH
SENSOR_002,2024-06-01 05:00:00,18.43C,56.3,Room_B,BATCH_2024_Q2,C,%RH
SENSOR_002,2024-06-01 06:00:00,19.36C,53.0,Room_B,BATCH_2024_Q2,C,%RH
SENSOR_002,2024-06-01 07:00:00,19.82C,42.9,Room_B,BATCH_2024_Q2,C,%RH
SENSOR_002,2024-06-01 08:00:00,20.98C,44.2,Room_B,BATCH_2024_Q2,C,%RH
SENSOR_002,2024-06-01 09:00:00,21.24C,42.9,Room_B,BATCH_2024_Q2,C,%RH
SENSOR_002,2024-06-01 10:00:00,21.40C,38.4,Room_B,BATCH_2024_Q2,C,%RH
SENSOR_002,2024-06-01 11:00:00,21.72C,39.6,Room_B,BATCH_2024_Q2,C,%RH
SENSOR_002,2024-06-02 00:00:00,15.51C,61.0,Room_B,BATCH_2024_Q2,C,%RH
SENSOR_002,2024-06-02 01:00:00,15.93C,60.4,Room_B,BATCH_2024_Q2,C,%RH
SENSOR_002,2024-06-02 02:00:00,16.13C,57.4,Room_B,BATCH_2024_Q2,C,%RH
SENSOR_002,2024-06-02 03:00:00,17.17C,56.4,Room_B,BATCH_2024_Q2,C,%RH
SENSOR_002,2024-06-02 04:00:00,17.18C,55.8,Room_B,BATCH_2024_Q2,C,%RH
SENSOR_002,2024-06-02 05:00:00,17.44C,52.2,Room_B,BATCH_2024_Q2,C,%RH
SENSOR_002,2024-06-02 06:00:00,18.43C,51.9,Room_B,BATCH_2024_Q2,C,%RH
SENSOR_002,2024-06-02 07:00:00,19.38C,46.9,Room_B,BATCH_2024_Q2,C,%RH
SENSOR_002,2024-06-02 08:00:00,19.99C,42.6,Room_B,BATCH_2024_Q2,C,%RH
SENSOR_002,2024-06-02 09:00:00,21.14C,44.0,Room_B,BATCH_2024_Q2,C,%RH
SENSOR_002,2024-06-02 10:00:00,21.60C,43.6,Room_B,BATCH_2024_Q2,C,%RH
SENSOR_002,2024-06-02 11:00:00,21.17C,38.7,Room_B,BATCH_2024_Q2,C,%RH
SENSOR_002,2024-06-03 00:00:00,14.85C,61.9,Room_B,BATCH_2024_Q2,C,%RH
SENSOR_002,2024-06-03 01:00:00,15.80C,65.3,Room_B,BATCH_2024_Q2,C,%RH
SENSOR_002,2024-06-03 02:00:00,15.90C,59.1,Room_B,BATCH_2024_Q2,C,%RH
SENSOR_002,2024-06-03 03:00:00,17.21°C,59.6,Room_B,BATCH_2024_Q2,°C,%RH
SENSOR_002,2024-06-03 04:00:00,17.70C,59.4,Room_B,BATCH_2024_Q2,C,%RH
SENSOR_002,2024-06-03 05:00:00,18.20C,52.6,Room_B,BATCH_2024_Q2,C,%RH
SENSOR_002,2024-06-03 06:00:00,18.73C,48.6,Room_B,BATCH_2024_Q2,C,%RH
SENSOR_002,2024-06-03 07:00:00,18.50C,48.0,Room_B,BATCH_2024_Q2,C,%RH
SENSOR_002,2024-06-03 08:00:00,19.84C,45.6,Room_B,BATCH_2024_Q2,C,%RH
SENSOR_002,2024-06-03 09:00:00,20.98C,45.0,Room_B,BATCH_2024_Q2,C,%RH
SENSOR_002,2024-06-03 10:00:00,21.09C,45.8,Room_B,BATCH_2024_Q2,C,%RH
SENSOR_002,2024-06-03 11:00:00,20.42C,40.1,Room_B,BATCH_2024_Q2,C,%RH
SENSOR_002,2024-06-04 00:00:00,14.97C,58.9,Room_B,BATCH_2024_Q2,C,%RH
SENSOR_002,2024-06-04 01:00:00,15.60C,60.3,Room_B,BATCH_2024_Q2,C,%RH
SENSOR_002,2024-06-04 02:00:00,15.50C,60.0,Room_B,BATCH_2024_Q2,C,%RH
SENSOR_002,2024-06-04 03:00:00,15.79C,60.3,Room_B,BATCH_2024_Q2,C,%RH
SENSOR_002,2024-06-04 04:00:00,17.06C,58.2,Room_B,BATCH_2024_Q2,C,%RH
SENSOR_002,2024-06-04 05:00:00,17.14C,,Room_B,BATCH_2024_Q2,C,%RH
SENSOR_002,2024-06-04 06:00:00,18.20C,54.2,Room_B,BATCH_2024_Q2,C,%RH
SENSOR_002,2024-06-04 07:00:00,19.60C,51.5,Room_B,BATCH_2024_Q2,C,%RH
SENSOR_002,2024-06-04 08:00:00,19.53C,44.8,Room_B,BATCH_2024_Q2,C,%RH
SENSOR_002,2024-06-04 09:00:00,20.32C,40.1,Room_B,BATCH_2024_Q2,C,%RH
SENSOR_002,2024-06-04 10:00:00,20.92C,44.6,Room_B,BATCH_2024_Q2,C,%RH
SENSOR_002,2024-06-04 11:00:00,20.72C,39.1,Room_B,BATCH_2024_Q2,C,%RH
SENSOR_002,2024-06-05 00:00:00,15.18C,61.9,Room_B,BATCH_2024_Q2,C,%RH
SENSOR_002,2024-06-05 01:00:00,14.36C,58.6,Room_B,BATCH_2024_Q2,C,%RH
SENSOR_002,2024-06-05 02:00:00,15.02C,61.6,Room_B,BATCH_2024_Q2,C,%RH
SENSOR_002,2024-06-05 03:00:00,16.27C,59.9,Room_B,BATCH_2024_Q2,C,%RH
SENSOR_002,2024-06-05 04:00:00,16.03C,57.5,Room_B,BATCH_2024_Q2,C,%RH
SENSOR_002,2024-06-05 05:00:00,16.75C,55.4,Room_B,BATCH_2024_Q2,C,%RH
SENSOR_002,2024-06-05 06:00:00,17.76C,53.8,Room_B,BATCH_2024_Q2,C,%RH
SENSOR_002,2024-06-05 07:00:00,18.33C,48.2,Room_B,BATCH_2024_Q2,C,%RH
SENSOR_002,2024-06-05 08:00:00,19.27C,46.6,Room_B,BATCH_2024_Q2,C,%RH
SENSOR_002,2024-06-05 09:00:00,19.39C,44.5,Room_B,BATCH_2024_Q2,C,%RH
SENSOR_002,2024-06-05 10:00:00,20.35C,43.1,Room_B,BATCH_2024_Q2,C,%RH
SENSOR_002,2024-06-05 11:00:00,20.90C,42.7,Room_B,BATCH_2024_Q2,C,%RH
SENSOR_002,2024-06-06 00:00:00,14.05C,60.5,Room_B,BATCH_2024_Q2,C,%RH
SENSOR_002,2024-06-06 01:00:00,14.09C,64.5,Room_B,BATCH_2024_Q2,C,%RH
SENSOR_002,2024-06-06 02:00:00,14.97C,60.1,Room_B,BATCH_2024_Q2,C,%RH
SENSOR_002,2024-06-06 03:00:00,15.40C,60.6,Room_B,BATCH_2024_Q2,C,%RH
SENSOR_002,2024-06-06 04:00:00,15.30C,56.0,Room_B,BATCH_2024_Q2,C,%RH
SENSOR_002,2024-06-06 05:00:00,16.50C,52.0,Room_B,BATCH_2024_Q2,C,%RH
SENSOR_002,2024-06-06 06:00:00,17.67C,51.4,Room_B,BATCH_2024_Q2,C,%RH
SENSOR_002,2024-06-06 07:00:00,18.21C,50.9,Room_B,BATCH_2024_Q2,C,%RH
SENSOR_002,2024-06-06 08:00:00,18.78C,50.2,Room_B,BATCH_2024_Q2,C,%RH
SENSOR_002,2024-06-06 09:00:00,19.10C,43.9,Room_B,BATCH_2024_Q2,C,%RH
SENSOR_002,2024-06-06 10:00:00,20.06C,45.4,Room_B,BATCH_2024_Q2,C,%RH
SENSOR_002,2024-06-06 11:00:00,19.59C,45.2,Room_B,BATCH_2024_Q2,C,%RH
SENSOR_002,2024-06-07 00:00:00,13.79C,66.0,Room_B,BATCH_2024_Q2,C,%RH
SENSOR_002,2024-06-07 01:00:00,14.37C,64.3,Room_B,BATCH_2024_Q2,C,%RH
SENSOR_002,2024-06-07 02:00:00,14.29C,63.8,Room_B,BATCH_2024_Q2,C,%RH
SENSOR_002,2024-06-07 03:00:00,14.63C,56.7,Room_B,BATCH_2024_Q2,C,%RH
SENSOR_002,2024-06-07 04:00:00,16.10C,59.4,Room_B,BATCH_2024_Q2,C,%RH
SENSOR_002,2024-06-07 05:00:00,15.50C,56.6,Room_B,BATCH_2024_Q2,C,%RH
SENSOR_002,2024-06-07 06:00:00,17.39C,56.7,Room_B,BATCH_2024_Q2,C,%RH
SENSOR_002,2024-06-07 07:00:00,17.88C,51.1,Room_B,BATCH_2024_Q2,C,%RH
SENSOR_002,2024-06-07 08:00:00,18.20C,50.1,Room_B,BATCH_2024_Q2,C,%RH
SENSOR_002,2024-06-07 09:00:00,18.49C,46.3,Room_B,BATCH_2024_Q2,C,%RH
SENSOR_002,2024-06-07 10:00:00,18.93C,45.2,Room_B,BATCH_2024_Q2,C,%RH
SENSOR_002,2024-06-07 11:00:00,20.07C,47.7,Room_B,BATCH_2024_Q2,C,%RH
SENSOR_002,2024-06-08 00:00:00,13.79C,64.5,Room_B,BATCH_2024_Q2,C,%RH
SENSOR_002,2024-06-08 01:00:00,13.30C,63.8,Room_B,BATCH_2024_Q2,C,%RH
SENSOR_002,2024-06-08 02:00:00,14.69C,64.3,Room_B,BATCH_2024_Q2,C,%RH
SENSOR_002,2024-06-08 03:00:00,14.81C,66.5,Room_B,BATCH_2024_Q2,C,%RH
SENSOR_002,2024-06-08 04:00:00,15.28C,57.1,Room_B,BATCH_2024_Q2,C,%RH
SENSOR_002,2024-06-08 05:00:00,16.12C,60.1,Room_B,BATCH_2024_Q2,C,%RH
SENSOR_002,2024-06-08 06:00:00,16.99C,50.6,Room_B,BATCH_2024_Q2,C,%RH
SENSOR_002,2024-06-08 07:00:00,17.61C,53.1,Room_B,BATCH_2024_Q2,C,%RH
SENSOR_002,2024-06-08 08:00:00,19.06C,52.9,Room_B,BATCH_2024_Q2,C,%RH
SENSOR_002,2024-06-08 09:00:00,18.94C,48.0,Room_B,BATCH_2024_Q2,C,%RH
SENSOR_002,2024-06-08 10:00:00,19.34C,48.1,Room_B,BATCH_2024_Q2,C,%RH
SENSOR_002,2024-06-08 11:00:00,19.82C,45.0,Room_B,BATCH_2024_Q2,C,%RH
SENSOR_002,2024-06-09 00:00:00,12.76C,65.7,Room_B,BATCH_2024_Q2,C,%RH
SENSOR_002,2024-06-09 01:00:00,56.06F,64.2,Room_B,BATCH_2024_Q2,F,%RH
SENSOR_002,2024-06-09 02:00:00,13.07C,66.1,Room_B,BATCH_2024_Q2,C,%RH
SENSOR_002,2024-06-09 03:00:00,14.55C,59.2,Room_B,BATCH_2024_Q2,C,%RH
SENSOR_002,2024-06-09 04:00:00,14.68C,61.7,Room_B,BATCH_2024_Q2,C,%RH
SENSOR_002,2024-06-09 05:00:00,15.86C,59.3,Room_B,BATCH_2024_Q2,C,%RH
SENSOR_002,2024-06-09 06:00:00,16.02C,56.6,Room_B,BATCH_2024_Q2,C,%RH
SENSOR_002,2024-06-09 07:00:00,16.70C,55.4,Room_B,BATCH_2024_Q2,C,%RH
SENSOR_002,2024-06-09 08:00:00,18.05C,53.3,Room_B,BATCH_2024_Q2,C,%RH
SENSOR_002,2024-06-09 09:00:00,18.15C,49.9,Room_B,BATCH_2024_Q2,C,%RH
SENSOR_002,2024-06-09 10:00:00,19.17C,45.4,Room_B,BATCH_2024_Q2,C,%RH
SENSOR_002,2024-06-09 11:00:00,19.31C,46.4,Room_B,BATCH_2024_Q2,C,%RH
SENSOR_002,2024-06-10 00:00:00,12.60C,69.4,Room_B,BATCH_2024_Q2,C,%RH
SENSOR_002,2024-06-10 01:00:00,12.91C,66.2,Room_B,BATCH_2024_Q2,C,%RH
SENSOR_002,2024-06-10 02:00:00,14.07C,65.8,Room_B,BATCH_2024_Q2,C,%RH
SENSOR_002,2024-06-10 03:00:00,12.96C,62.9,Room_B,BATCH_2024_Q2,C,%RH
SENSOR_002,2024-06-10 04:00:00,14.36C,60.6,Room_B,BATCH_2024_Q2,C,%RH
SENSOR_002,2024-06-10 05:00:00,15.21C,57.7,Room_B,BATCH_2024_Q2,C,%RH
SENSOR_002,2024-06-10 06:00:00,16.16C,59.0,Room_B,BATCH_2024_Q2,C,%RH
SENSOR_002,2024-06-10 07:00:00,16.14C,52.0,Room_B,BATCH_2024_Q2,C,%RH
SENSOR_002,2024-06-10 08:00:00,17.19C,49.1,Room_B,BATCH_2024_Q2,C,%RH
SENSOR_002,2024-06-10 09:00:00,18.42C,48.4,Room_B,BATCH_2024_Q2,C,%RH
SENSOR_002,2024-06-10 10:00:00,18.49C,48.3,Room_B,BATCH_2024_Q2,C,%RH
SENSOR_002,2024-06-10 11:00:00,19.53C,44.7,Room_B,BATCH_2024_Q2,C,%RH
SENSOR_002,2024-06-11 00:00:00,13.06C,67.4,Room_B,BATCH_2024_Q2,C,%RH
SENSOR_002,2024-06-11 01:00:00,12.43C,68.8,Room_B,BATCH_2024_Q2,C,%RH
SENSOR_002,2024-06-11 02:00:00,13.12C,65.8,Room_B,BATCH_2024_Q2,C,%RH
SENSOR_002,2024-06-11 03:00:00,13.54°C,64.9,Room_B,BATCH_2024_Q2,°C,%RH
SENSOR_002,2024-06-11 04:00:00,13.84C,59.6,Room_B,BATCH_2024_Q2,C,%RH
SENSOR_002,2024-06-11 05:00:00,15.02C,60.2,Room_B,BATCH_2024_Q2,C,%RH
SENSOR_002,2024-06-11 06:00:00,16.10C,56.5,Room_B,BATCH_2024_Q2,C,%RH
SENSOR_002,2024-06-11 07:00:00,16.79C,56.7,Room_B,BATCH_2024_Q2,C,%RH
SENSOR_002,2024-06-11 08:00:00,16.53C,53.0,Room_B,BATCH_2024_Q2,C,%RH
SENSOR_002,2024-06-11 09:00:00,17.84C,48.5,Room_B,BATCH_2024_Q2,C,%RH
SENSOR_002,2024-06-11 10:00:00,17.90C,50.3,Room_B,BATCH_2024_Q2,C,%RH
SENSOR_002,2024-06-11 11:00:00,64.81F,50.2,Room_B,BATCH_2024_Q2,F,%RH
SENSOR_002,2024-06-12 00:00:00,11.97C,65.4,Room_B,BATCH_2024_Q2,C,%RH
SENSOR_002,2024-06-12 01:00:00,12.31C,72.0,Room_B,BATCH_2024_Q2,C,%RH
SENSOR_002,2024-06-12 02:00:00,12.88C,65.5,Room_B,BATCH_2024_Q2,C,%RH
SENSOR_002,2024-06-12 03:00:00,13.92C,63.9,Room_B,BATCH_2024_Q2,C,%RH
SENSOR_002,2024-06-12 04:00:00,12.75C,64.7,Room_B,BATCH_2024_Q2,C,%RH
SENSOR_002,2024-06-12 05:00:00,14.34C,58.4,Room_B,BATCH_2024_Q2,C,%RH
SENSOR_002,2024-06-12 06:00:00,15.72C,59.2,Room_B,BATCH_2024_Q2,C,%RH
SENSOR_002,2024-06-12 07:00:00,16.18C,54.1,Room_B,BATCH_2024_Q2,C,%RH
SENSOR_002,2024-06-12 08:00:00,17.12C,51.4,Room_B,BATCH_2024_Q2,C,%RH
SENSOR_002,2024-06-12 09:00:00,18.05C,52.9,Room_B,BATCH_2024_Q2,C,%RH
SENSOR_002,2024-06-12 10:00:00,17.81°C,49.5,Room_B,BATCH_2024_Q2,°C,%RH
SENSOR_002,2024-06-12 11:00:00,17.96°C,50.1,Room_B,BATCH_2024_Q2,°C,%RH
SENSOR_002,2024-06-13 00:00:00,11.94C,72.2,Room_B,BATCH_2024_Q2,C,%RH
SENSOR_002,2024-06-13 01:00:00,11.82C,66.4,Room_B,BATCH_2024_Q2,C,%RH
SENSOR_002,2024-06-13 02:00:00,12.82C,68.5,Room_B,BATCH_2024_Q2,C,%RH
SENSOR_002,2024-06-13 03:00:00,12.61C,62.0,Room_B,BATCH_2024_Q2,C,%RH
SENSOR_002,2024-06-13 04:00:00,13.52C,61.7,Room_B,BATCH_2024_Q2,C,%RH
SENSOR_002,2024-06-13 05:00:00,14.44C,64.2,Room_B,BATCH_2024_Q2,C,%RH
SENSOR_002,2024-06-13 06:00:00,14.44C,59.0,Room_B,BATCH_2024_Q2,C,%RH
SENSOR_002,2024-06-13 07:00:00,16.04C,59.5,Room_B,BATCH_2024_Q2,C,%RH
SENSOR_002,2024-06-13 08:00:00,15.93C,53.8,Room_B,BATCH_2024_Q2,C,%RH
SENSOR_002,2024-06-13 09:00:00,16.92C,53.4,Room_B,BATCH_2024_Q2,C,%RH
SENSOR_002,2024-06-13 10:00:00,17.46C,50.8,Room_B,BATCH_2024_Q2,C,%RH
SENSOR_002,2024-06-13 11:00:00,17.20C,49.9,Room_B,BATCH_2024_Q2,C,%RH
SENSOR_002,2024-06-14 00:00:00,11.05C,67.6,Room_B,BATCH_2024_Q2,C,%RH
SENSOR_002,2024-06-14 01:00:00,12.00C,69.8,Room_B,BATCH_2024_Q2,C,%RH
SENSOR_002,2024-06-14 02:00:00,12.20C,71.2,Room_B,BATCH_2024_Q2,C,%RH
SENSOR_002,2024-06-14 03:00:00,12.77C,69.6,Room_B,BATCH_2024_Q2,C,%RH
SENSOR_002,2024-06-14 04:00:00,13.94C,65.6,Room_B,BATCH_2024_Q2,C,%RH
SENSOR_002,2024-06-14 05:00:00,13.43C,60.7,Room_B,BATCH_2024_Q2,C,%RH
SENSOR_002,2024-06-14 06:00:00,14.78C,57.0,Room_B,BATCH_2024_Q2,C,%RH
SENSOR_002,2024-06-14 07:00:00,16.17C,58.3,Room_B,BATCH_2024_Q2,C,%RH
SENSOR_002,2024-06-14 08:00:00,16.49C,53.5,Room_B,BATCH_2024_Q2,C,%RH
SENSOR_002,2024-06-14 09:00:00,16.81C,56.1,Room_B,BATCH_2024_Q2,C,%RH
SENSOR_002,2024-06-14 10:00:00,17.23C,49.6,Room_B,BATCH_2024_Q2,C,%RH
SENSOR_002,2024-06-14 11:00:00,17.60C,47.6,Room_B,BATCH_2024_Q2,C,%RH
SENSOR_002,2024-06-15 00:00:00,11.01C,69.6,Room_B,BATCH_2024_Q2,C,%RH
SENSOR_002,2024-06-15 01:00:00,11.05C,68.4,Room_B,BATCH_2024_Q2,C,%RH
SENSOR_002,2024-06-15 02:00:00,11.38C,69.1,Room_B,BATCH_2024_Q2,C,%RH
SENSOR_002,2024-06-15 03:00:00,11.68C,66.6,Room_B,BATCH_2024_Q2,C,%RH
SENSOR_002,2024-06-15 04:00:00,12.92C,64.0,Room_B,BATCH_2024_Q2,C,%RH
SENSOR_002,2024-06-15 05:00:00,13.42C,59.6,Room_B,BATCH_2024_Q2,C,%RH
SENSOR_002,2024-06-15 06:00:00,14.30C,63.2,Room_B,BATCH_2024_Q2,C,%RH
SENSOR_002,2024-06-15 07:00:00,14.25C,56.8,Room_B,BATCH_2024_Q2,C,%RH
SENSOR_002,2024-06-15 08:00:00,15.18C,57.4,Room_B,BATCH_2024_Q2,C,%RH
SENSOR_002,2024-06-15 09:00:00,16.34C,51.4,Room_B,BATCH_2024_Q2,C,%RH
SENSOR_002,2024-06-15 10:00:00,16.33C,49.4,Room_B,BATCH_2024_Q2,C,%RH
SENSOR_002,2024-06-15 11:00:00,17.67C,51.6,Room_B,BATCH_2024_Q2,C,%RH
SENSOR_002,2024-06-16 00:00:00,11.62C,72.5,Room_B,BATCH_2024_Q2,C,%RH
SENSOR_002,2024-06-16 01:00:00,11.34C,66.8,Room_B,BATCH_2024_Q2,C,%RH
SENSOR_002,2024-06-16 02:00:00,11.04C,66.5,Room_B,BATCH_2024_Q2,C,%RH
SENSOR_002,2024-06-16 03:00:00,11.74C,68.9,Room_B,BATCH_2024_Q2,C,%RH
SENSOR_002,2024-06-16 04:00:00,12.28C,68.4,Room_B,BATCH_2024_Q2,C,%RH
SENSOR_002,2024-06-16 05:00:00,12.65C,61.8,Room_B,BATCH_2024_Q2,C,%RH
SENSOR_002,2024-06-16 06:00:00,13.89C,125.41109615754874,Room_B,BATCH_2024_Q2,C,%RH
SENSOR_002,2024-06-16 07:00:00,14.87C,56.4,Room_B,BATCH_2024_Q2,C,%RH
SENSOR_002,2024-06-16 08:00:00,15.08C,53.1,Room_B,BATCH_2024_Q2,C,%RH
SENSOR_002,2024-06-16 09:00:00,15.54C,50.9,Room_B,BATCH_2024_Q2,C,%RH
SENSOR_002,2024-06-16 10:00:00,15.96C,53.3,Room_B,BATCH_2024_Q2,C,%RH
SENSOR_002,2024-06-16 11:00:00,16.48C,49.7,Room_B,BATCH_2024_Q2,C,%RH
SENSOR_002,2024-06-17 00:00:00,10.62C,72.7,Room_B,BATCH_2024_Q2,C,%RH
SENSOR_002,2024-06-17 01:00:00,10.60C,73.5,Room_B,BATCH_2024_Q2,C,%RH
SENSOR_002,2024-06-17 02:00:00,10.83C,70.9,Room_B,BATCH_2024_Q2,C,%RH
SENSOR_002,2024-06-17 03:00:00,11.91°C,68.2,Room_B,BATCH_2024_Q2,°C,%RH
SENSOR_002,2024-06-17 04:00:00,12.56C,67.3,Room_B,BATCH_2024_Q2,C,%RH
SENSOR_002,2024-06-17 05:00:00,12.66C,63.5,Room_B,BATCH_2024_Q2,C,%RH
SENSOR_002,2024-06-17 06:00:00,13.31C,62.4,Room_B,BATCH_2024_Q2,C,%RH
SENSOR_002,2024-06-17 07:00:00,14.13C,57.1,Room_B,BATCH_2024_Q2,C,%RH
SENSOR_002,2024-06-17 08:00:00,15.11C,55.7,Room_B,BATCH_2024_Q2,C,%RH
SENSOR_002,2024-06-17 09:00:00,60.24F,54.2,Room_B,BATCH_2024_Q2,F,%RH
SENSOR_002,2024-06-17 10:00:00,16.33C,51.0,Room_B,BATCH_2024_Q2,C,%RH
SENSOR_002,2024-06-17 11:00:00,16.30C,50.6,Room_B,BATCH_2024_Q2,C,%RH
SENSOR_002,2024-06-18 00:00:00,10.49C,74.4,Room_B,BATCH_2024_Q2,C,%RH
SENSOR_002,2024-06-18 01:00:00,10.51C,75.7,Room_B,BATCH_2024_Q2,C,%RH
SENSOR_002,2024-06-18 02:00:00,10.03C,72.1,Room_B,BATCH_2024_Q2,C,%RH
SENSOR_002,2024-06-18 03:00:00,10.94C,67.4,Room_B,BATCH_2024_Q2,C,%RH
SENSOR_002,2024-06-18 04:00:00,12.54C,65.6,Room_B,BATCH_2024_Q2,C,%RH
SENSOR_002,2024-06-18 05:00:00,13.00C,64.7,Room_B,BATCH_2024_Q2,C,%RH
SENSOR_002,2024-06-18 06:00:00,13.37C,63.4,Room_B,BATCH_2024_Q2,C,%RH
SENSOR_002,2024-06-18 07:00:00,14.14C,55.5,Room_B,BATCH_2024_Q2,C,%RH
SENSOR_002,2024-06-18 08:00:00,14.97C,55.2,Room_B,BATCH_2024_Q2,C,%RH
SENSOR_002,2024-06-18 09:00:00,15.75C,56.3,Room_B,BATCH_2024_Q2,C,%RH
SENSOR_002,2024-06-18 10:00:00,15.47°C,53.2,Room_B,BATCH_2024_Q2,°C,%RH
SENSOR_002,2024-06-18 11:00:00,15.28C,53.9,Room_B,BATCH_2024_Q2,C,%RH
SENSOR_002,2024-06-19 00:00:00,,73.0,Room_B,BATCH_2024_Q2,C,%RH
SENSOR_002,2024-06-19 01:00:00,10.40C,73.2,Room_B,BATCH_2024_Q2,C,%RH
SENSOR_002,2024-06-19 02:00:00,10.55C,70.5,Room_B,BATCH_2024_Q2,C,%RH
SENSOR_002,2024-06-19 03:00:00,10.15C,68.5,Room_B,BATCH_2024_Q2,C,%RH
SENSOR_002,2024-06-19 04:00:00,11.62C,69.6,Room_B,BATCH_2024_Q2,C,%RH
SENSOR_002,2024-06-19 05:00:00,11.38C,65.6,Room_B,BATCH_2024_Q2,C,%RH
SENSOR_002,2024-06-19 06:00:00,13.16C,63.3,Room_B,BATCH_2024_Q2,C,%RH
SENSOR_002,2024-06-19 07:00:00,12.94C,60.8,Room_B,BATCH_2024_Q2,C,%RH
SENSOR_002,2024-06-19 08:00:00,14.38C,60.0,Room_B,BATCH_2024_Q2,C,%RH
SENSOR_002,2024-06-19 09:00:00,14.90C,55.8,Room_B,BATCH_2024_Q2,C,%RH
SENSOR_002,2024-06-19 10:00:00,15.34C,54.6,Room_B,BATCH_2024_Q2,C,%RH
SENSOR_002,2024-06-19 11:00:00,15.31C,54.9,Room_B,BATCH_2024_Q2,C,%RH
SENSOR_002,2024-06-20 00:00:00,9.19C,75.0,Room_B,BATCH_2024_Q2,C,%RH
SENSOR_002,2024-06-20 01:00:00,9.44C,73.7,Room_B,BATCH_2024_Q2,C,%RH
SENSOR_002,2024-06-20 02:00:00,9.83C,72.4,Room_B,BATCH_2024_Q2,C,%RH
SENSOR_002,2024-06-20 03:00:00,11.10C,69.8,Room_B,BATCH_2024_Q2,C,%RH
SENSOR_002,2024-06-20 04:00:00,11.37°C,69.6,Room_B,BATCH_2024_Q2,°C,%RH
SENSOR_002,2024-06-20 05:00:00,11.49C,65.2,Room_B,BATCH_2024_Q2,C,%RH
SENSOR_002,2024-06-20 06:00:00,11.81C,64.4,Room_B,BATCH_2024_Q2,C,%RH
SENSOR_002,2024-06-20 07:00:00,13.40C,63.2,Room_B,BATCH_2024_Q2,C,%RH
SENSOR_002,2024-06-20 08:00:00,14.55C,61.3,Room_B,BATCH_2024_Q2,C,%RH
SENSOR_002,2024-06-20 09:00:00,14.21C,56.5,Room_B,BATCH_2024_Q2,C,%RH
SENSOR_002,2024-06-20 10:00:00,14.73C,55.0,Room_B,BATCH_2024_Q2,C,%RH
SENSOR_002,2024-06-20 11:00:00,15.19C,55.3,Room_B,BATCH_2024_Q2,C,%RH
SENSOR_002,2024-06-21 00:00:00,8.64C,74.7,Room_B,BATCH_2024_Q2,C,%RH
SENSOR_002,2024-06-21 01:00:00,90.64811387299358C,73.8,Room_B,BATCH_2024_Q2,C,%RH
SENSOR_002,2024-06-21 02:00:00,10.44C,73.8,Room_B,BATCH_2024_Q2,C,%RH
SENSOR_002,2024-06-21 03:00:00,9.58C,72.4,Room_B,BATCH_2024_Q2,C,%RH
SENSOR_002,2024-06-21 04:00:00,11.14C,71.0,Room_B,BATCH_2024_Q2,C,%RH
SENSOR_002,2024-06-21 05:00:00,95.28294060534219C,68.0,Room_B,BATCH_2024_Q2,C,%RH
SENSOR_002,2024-06-21 06:00:00,11.59C,65.7,Room_B,BATCH_2024_Q2,C,%RH
SENSOR_002,2024-06-21 07:00:00,13.64C,61.0,Room_B,BATCH_2024_Q2,C,%RH
SENSOR_002,2024-06-21 08:00:00,13.40C,62.0,Room_B,BATCH_2024_Q2,C,%RH
SENSOR_002,2024-06-21 09:00:00,14.11C,56.1,Room_B,BATCH_2024_Q2,C,%RH
SENSOR_002,2024-06-21 10:00:00,14.68C,55.5,Room_B,BATCH_2024_Q2,C,%RH
SENSOR_002,2024-06-21 11:00:00,15.27C,53.7,Room_B,BATCH_2024_Q2,C,%RH
SENSOR_002,2024-06-22 00:00:00,9.57C,74.6,Room_B,BATCH_2024_Q2,C,%RH
SENSOR_002,2024-06-22 01:00:00,9.46C,74.0,Room_B,BATCH_2024_Q2,C,%RH
SENSOR_002,2024-06-22 02:00:00,9.16C,72.2,Room_B,BATCH_2024_Q2,C,%RH
SENSOR_002,2024-06-22 03:00:00,8.94C,73.3,Room_B,BATCH_2024_Q2,C,%RH
SENSOR_002,2024-06-22 04:00:00,10.24C,69.5,Room_B,BATCH_2024_Q2,C,%RH
SENSOR_002,2024-06-22 05:00:00,11.08C,70.0,Room_B,BATCH_2024_Q2,C,%RH
SENSOR_002,2024-06-22 06:00:00,11.50C,69.1,Room_B,BATCH_2024_Q2,C,%RH
SENSOR_002,2024-06-22 07:00:00,13.13C,,Room_B,BATCH_2024_Q2,C,%RH
SENSOR_002,2024-06-22 08:00:00,13.64C,60.8,Room_B,BATCH_2024_Q2,C,%RH
SENSOR_002,2024-06-22 09:00:00,14.09°C,60.0,Room_B,BATCH_2024_Q2,°C,%RH
SENSOR_002,2024-06-22 10:00:00,15.04C,59.0,Room_B,BATCH_2024_Q2,C,%RH
SENSOR_002,2024-06-22 11:00:00,14.70C,54.9,Room_B,BATCH_2024_Q2,C,%RH
SENSOR_002,2024-06-23 00:00:00,8.36C,76.9,Room_B,BATCH_2024_Q2,C,%RH
SENSOR_002,2024-06-23 01:00:00,9.00C,73.2,Room_B,BATCH_2024_Q2,C,%RH
SENSOR_002,2024-06-23 02:00:00,9.17C,74.1,Room_B,BATCH_2024_Q2,C,%RH
SENSOR_002,2024-06-23 03:00:00,9.72C,72.3,Room_B,BATCH_2024_Q2,C,%RH
SENSOR_002,2024-06-23 04:00:00,9.89C,72.6,Room_B,BATCH_2024_Q2,C,%RH
SENSOR_002,2024-06-23 05:00:00,10.40C,70.4,Room_B,BATCH_2024_Q2,C,%RH
SENSOR_002,2024-06-23 06:00:00,11.52C,63.6,Room_B,BATCH_2024_Q2,C,%RH
SENSOR_002,2024-06-23 07:00:00,12.21C,64.9,Room_B,BATCH_2024_Q2,C,%RH
SENSOR_002,2024-06-23 08:00:00,13.05C,60.8,Room_B,BATCH_2024_Q2,C,%RH
SENSOR_002,2024-06-23 09:00:00,13.58C,60.0,Room_B,BATCH_2024_Q2,C,%RH
SENSOR_002,2024-06-23 10:00:00,13.90C,60.0,Room_B,BATCH_2024_Q2,C,%RH
SENSOR_002,2024-06-23 11:00:00,14.72C,56.8,Room_B,BATCH_2024_Q2,C,%RH
SENSOR_002,2024-06-24 00:00:00,8.51C,79.5,Room_B,BATCH_2024_Q2,C,%RH
SENSOR_002,2024-06-24 01:00:00,8.39C,76.6,Room_B,BATCH_2024_Q2,C,%RH
SENSOR_002,2024-06-24 02:00:00,8.68C,74.7,Room_B,BATCH_2024_Q2,C,%RH
SENSOR_002,2024-06-24 03:00:00,8.64C,73.6,Room_B,BATCH_2024_Q2,C,%RH
SENSOR_002,2024-06-24 04:00:00,9.85C,70.4,Room_B,BATCH_2024_Q2,C,%RH
SENSOR_002,2024-06-24 05:00:00,10.64C,70.7,Room_B,BATCH_2024_Q2,C,%RH
SENSOR_002,2024-06-24 06:00:00,10.95C,66.1,Room_B,BATCH_2024_Q2,C,%RH
SENSOR_002,2024-06-24 07:00:00,12.40C,,Room_B,BATCH_2024_Q2,C,%RH
SENSOR_002,2024-06-24 08:00:00,12.53C,64.6,Room_B,BATCH_2024_Q2,C,%RH
SENSOR_002,2024-06-24 09:00:00,13.03C,60.0,Room_B,BATCH_2024_Q2,C,%RH
SENSOR_002,2024-06-24 10:00:00,13.39°C,56.8,Room_B,BATCH_2024_Q2,°C,%RH
SENSOR_002,2024-06-24 11:00:00,14.26C,58.2,Room_B,BATCH_2024_Q2,C,%RH
SENSOR_002,2024-06-25 00:00:00,46.53°C,74.7,Room_B,BATCH_2024_Q2,°C,%RH
SENSOR_002,2024-06-25 01:00:00,8.41C,74.4,Room_B,BATCH_2024_Q2,C,%RH
SENSOR_002,2024-06-25 02:00:00,7.89C,76.8,Room_B,BATCH_2024_Q2,C,%RH
SENSOR_002,2024-06-25 03:00:00,8.69C,74.6,Room_B,BATCH_2024_Q2,C,%RH
SENSOR_002,2024-06-25 04:00:00,8.46C,72.8,Room_B,BATCH_2024_Q2,C,%RH
SENSOR_002,2024-06-25 05:00:00,11.08C,72.2,Room_B,BATCH_2024_Q2,C,%RH
SENSOR_002,2024-06-25 06:00:00,52.30F,68.3,Room_B,BATCH_2024_Q2,F,%RH
SENSOR_002,2024-06-25 07:00:00,12.30C,62.6,Room_B,BATCH_2024_Q2,C,%RH
SENSOR_002,2024-06-25 08:00:00,12.05C,64.5,Room_B,BATCH_2024_Q2,C,%RH
SENSOR_002,2024-06-25 09:00:00,13.35C,66.1,Room_B,BATCH_2024_Q2,C,%RH
SENSOR_002,2024-06-25 10:00:00,13.02C,56.9,Room_B,BATCH_2024_Q2,C,%RH
SENSOR_002,2024-06-25 11:00:00,13.25C,55.4,Room_B,BATCH_2024_Q2,C,%RH
SENSOR_002,2024-06-26 00:00:00,7.55°C,76.6,Room_B,BATCH_2024_Q2,°C,%RH
SENSOR_002,2024-06-26 01:00:00,7.41C,76.7,Room_B,BATCH_2024_Q2,C,%RH
SENSOR_002,2024-06-26 02:00:00,7.88C,78.5,Room_B,BATCH_2024_Q2,C,%RH
SENSOR_002,2024-06-26 03:00:00,8.51C,74.7,Room_B,BATCH_2024_Q2,C,%RH
SENSOR_002,2024-06-26 04:00:00,9.01C,74.9,Room_B,BATCH_2024_Q2,C,%RH
SENSOR_002,2024-06-26 05:00:00,9.81C,69.5,Room_B,BATCH_2024_Q2,C,%RH
SENSOR_002,2024-06-26 06:00:00,10.68C,68.9,Room_B,BATCH_2024_Q2,C,%RH
SENSOR_002,2024-06-26 07:00:00,10.34C,63.1,Room_B,BATCH_2024_Q2,C,%RH
SENSOR_002,2024-06-26 08:00:00,11.79C,66.8,Room_B,BATCH_2024_Q2,C,%RH
SENSOR_002,2024-06-26 09:00:00,12.85C,63.5,Room_B,BATCH_2024_Q2,C,%RH
SENSOR_002,2024-06-26 10:00:00,13.74C,58.9,Room_B,BATCH_2024_Q2,C,%RH
SENSOR_002,2024-06-26 11:00:00,13.79C,60.3,Room_B,BATCH_2024_Q2,C,%RH
SENSOR_002,2024-06-27 00:00:00,7.22C,76.7,Room_B,BATCH_2024_Q2,C,%RH
SENSOR_002,2024-06-27 01:00:00,6.08C,77.2,Room_B,BATCH_2024_Q2,C,%RH
SENSOR_002,2024-06-27 02:00:00,8.41C,81.1,Room_B,BATCH_2024_Q2,C,%RH
SENSOR_002,2024-06-27 03:00:00,8.21C,77.5,Room_B,BATCH_2024_Q2,C,%RH
SENSOR_002,2024-06-27 04:00:00,8.64C,75.9,Room_B,BATCH_2024_Q2,C,%RH
SENSOR_002,2024-06-27 05:00:00,9.10C,73.0,Room_B,BATCH_2024_Q2,C,%RH
SENSOR_002,2024-06-27 06:00:00,10.54C,73.1,Room_B,BATCH_2024_Q2,C,%RH
SENSOR_002,2024-06-27 07:00:00,11.26C,66.0,Room_B,BATCH_2024_Q2,C,%RH
SENSOR_002,2024-06-27 08:00:00,11.71C,66.4,Room_B,BATCH_2024_Q2,C,%RH
SENSOR_002,2024-06-27 09:00:00,12.15C,59.8,Room_B,BATCH_2024_Q2,C,%RH
SENSOR_002,2024-06-27 10:00:00,12.49C,60.5,Room_B,BATCH_2024_Q2,C,%RH
SENSOR_002,2024-06-27 11:00:00,12.96C,57.7,Room_B,BATCH_2024_Q2,C,%RH
SENSOR_002,2024-06-28 00:00:00,6.98C,83.0,Room_B,BATCH_2024_Q2,C,%RH
SENSOR_002,2024-06-28 01:00:00,7.43C,80.1,Room_B,BATCH_2024_Q2,C,%RH
SENSOR_002,2024-06-28 02:00:00,7.36C,77.8,Room_B,BATCH_2024_Q2,C,%RH
SENSOR_002,2024-06-28 03:00:00,8.16C,75.6,Room_B,BATCH_2024_Q2,C,%RH
SENSOR_002,2024-06-28 04:00:00,8.63C,71.5,Room_B,BATCH_2024_Q2,C,%RH
SENSOR_002,2024-06-28 05:00:00,8.53C,73.9,Room_B,BATCH_2024_Q2,C,%RH
SENSOR_002,2024-06-28 06:00:00,9.72C,68.1,Room_B,BATCH_2024_Q2,C,%RH
SENSOR_002,2024-06-28 07:00:00,10.34C,68.8,Room_B,BATCH_2024_Q2,C,%RH
SENSOR_002,2024-06-28 08:00:00,10.84C,67.9,Room_B,BATCH_2024_Q2,C,%RH
SENSOR_002,2024-06-28 09:00:00,11.41°C,66.0,Room_B,BATCH_2024_Q2,°C,%RH
SENSOR_002,2024-06-28 10:00:00,12.13C,60.6,Room_B,BATCH_2024_Q2,C,%RH
SENSOR_002,2024-06-28 11:00:00,12.74C,62.2,Room_B,BATCH_2024_Q2,C,%RH
SENSOR_002,2024-06-29 00:00:00,6.60C,79.8,Room_B,BATCH_2024_Q2,C,%RH
SENSOR_002,2024-06-29 01:00:00,7.17C,80.9,Room_B,BATCH_2024_Q2,C,%RH
SENSOR_002,2024-06-29 02:00:00,7.10C,78.3,Room_B,BATCH_2024_Q2,C,%RH
SENSOR_002,2024-06-29 03:00:00,6.55°C,76.0,Room_B,BATCH_2024_Q2,°C,%RH
SENSOR_002,2024-06-29 04:00:00,8.55C,77.5,Room_B,BATCH_2024_Q2,C,%RH
SENSOR_002,2024-06-29 05:00:00,8.55C,71.5,Room_B,BATCH_2024_Q2,C,%RH
SENSOR_002,2024-06-29 06:00:00,9.77C,72.7,Room_B,BATCH_2024_Q2,C,%RH
SENSOR_002,2024-06-29 07:00:00,9.55C,68.5,Room_B,BATCH_2024_Q2,C,%RH
SENSOR_002,2024-06-29 08:00:00,11.46C,65.8,Room_B,BATCH_2024_Q2,C,%RH
SENSOR_002,2024-06-29 09:00:00,11.20C,64.5,Room_B,BATCH_2024_Q2,C,%RH
SENSOR_002,2024-06-29 10:00:00,12.58C,63.1,Room_B,BATCH_2024_Q2,C,%RH
SENSOR_002,2024-06-29 11:00:00,12.63C,58.5,Room_B,BATCH_2024_Q2,C,%RH
SENSOR_002,2024-06-30 00:00:00,6.15C,84.1,Room_B,BATCH_2024_Q2,C,%RH
SENSOR_002,2024-06-30 01:00:00,6.31C,79.7,Room_B,BATCH_2024_Q2,C,%RH
SENSOR_002,2024-06-30 02:00:00,6.21C,80.9,Room_B,BATCH_2024_Q2,C,%RH
SENSOR_002,2024-06-30 03:00:00,7.46C,78.7,Room_B,BATCH_2024_Q2,C,%RH
SENSOR_002,2024-06-30 04:00:00,7.31C,78.4,Room_B,BATCH_2024_Q2,C,%RH
SENSOR_002,2024-06-30 05:00:00,8.17C,71.5,Room_B,BATCH_2024_Q2,C,%RH
SENSOR_002,2024-06-30 06:00:00,9.08C,70.6,Room_B,BATCH_2024_Q2,C,%RH
SENSOR_002,2024-06-30 07:00:00,10.05C,71.8,Room_B,BATCH_2024_Q2,C,%RH
SENSOR_002,2024-06-30 08:00:00,10.80C,67.8,Room_B,BATCH_2024_Q2,C,%RH
SENSOR_002,2024-06-30 09:00:00,11.01C,65.7,Room_B,BATCH_2024_Q2,C,%RH
SENSOR_002,2024-06-30 10:00:00,11.67C,63.5,Room_B,BATCH_2024_Q2,C,%RH
SENSOR_002,2024-06-30 11:00:00,12.40C,64.8,Room_B,BATCH_2024_Q2,C,%RH
SENSOR_003,2024-06-01 00:00:00,20.81C,62.0,Rooftop,BATCH_2024_Q2,C,%RH
SENSOR_003,2024-06-01 01:00:00,21.78C,66.7,Rooftop,BATCH_2024_Q2,C,%RH
SENSOR_003,2024-06-01 02:00:00,21.66C,61.6,Rooftop,BATCH_2024_Q2,C,%RH
SENSOR_003,2024-06-01 03:00:00,21.70C,58.3,Rooftop,BATCH_2024_Q2,C,%RH
SENSOR_003,2024-06-01 04:00:00,22.68C,57.9,Rooftop,BATCH_2024_Q2,C,%RH
SENSOR_003,2024-06-01 05:00:00,23.70C,56.9,Rooftop,BATCH_2024_Q2,C,%RH
SENSOR_003,2024-06-01 06:00:00,23.60C,53.0,Rooftop,BATCH_2024_Q2,C,%RH
SENSOR_003,2024-06-01 07:00:00,24.84C,55.6,Rooftop,BATCH_2024_Q2,C,%RH
SENSOR_003,2024-06-01 08:00:00,24.83C,49.9,Rooftop,BATCH_2024_Q2,C,%RH
SENSOR_003,2024-06-01 09:00:00,26.54C,46.6,Rooftop,BATCH_2024_Q2,C,%RH
SENSOR_003,2024-06-01 10:00:00,26.70C,44.8,Rooftop,BATCH_2024_Q2,C,%RH
SENSOR_003,2024-06-01 11:00:00,26.59C,45.2,Rooftop,BATCH_2024_Q2,C,%RH
SENSOR_003,2024-06-02 00:00:00,20.60C,65.7,Rooftop,BATCH_2024_Q2,C,%RH
SENSOR_003,2024-06-02 01:00:00,20.23C,60.8,Rooftop,BATCH_2024_Q2,C,%RH
SENSOR_003,2024-06-02 02:00:00,20.54C,61.8,Rooftop,BATCH_2024_Q2,C,%RH
SENSOR_003,2024-06-02 03:00:00,21.57C,60.5,Rooftop,BATCH_2024_Q2,C,%RH
SENSOR_003,2024-06-02 04:00:00,23.17C,54.5,Rooftop,BATCH_2024_Q2,C,%RH
SENSOR_003,2024-06-02 05:00:00,22.55C,54.7,Rooftop,BATCH_2024_Q2,C,%RH
SENSOR_003,2024-06-02 06:00:00,23.83C,53.4,Rooftop,BATCH_2024_Q2,C,%RH
SENSOR_003,2024-06-02 07:00:00,24.15C,49.8,Rooftop,BATCH_2024_Q2,C,%RH
SENSOR_003,2024-06-02 08:00:00,25.51C,46.1,Rooftop,BATCH_2024_Q2,C,%RH
SENSOR_003,2024-06-02 09:00:00,25.93C,43.4,Rooftop,BATCH_2024_Q2,C,%RH
SENSOR_003,2024-06-02 10:00:00,25.53C,43.5,Rooftop,BATCH_2024_Q2,C,%RH
SENSOR_003,2024-06-02 11:00:00,27.34C,41.9,Rooftop,BATCH_2024_Q2,C,%RH
SENSOR_003,2024-06-03 00:00:00,20.12C,62.7,Rooftop,BATCH_2024_Q2,C,%RH
SENSOR_003,2024-06-03 01:00:00,20.26C,60.2,Rooftop,BATCH_2024_Q2,C,%RH
SENSOR_003,2024-06-03 02:00:00,20.97C,59.5,Rooftop,BATCH_2024_Q2,C,%RH
SENSOR_003,2024-06-03 03:00:00,21.16C,58.2,Rooftop,BATCH_2024_Q2,C,%RH
SENSOR_003,2024-06-03 04:00:00,22.09C,57.4,Rooftop,BATCH_2024_Q2,C,%RH
SENSOR_003,2024-06-03 05:00:00,22.80C,54.1,Rooftop,BATCH_2024_Q2,C,%RH
SENSOR_003,2024-06-03 06:00:00,23.44C,49.2,Rooftop,BATCH_2024_Q2,C,%RH
SENSOR_003,2024-06-03 07:00:00,24.43C,48.2,Rooftop,BATCH_2024_Q2,C,%RH
SENSOR_003,2024-06-03 08:00:00,24.66C,46.3,Rooftop,BATCH_2024_Q2,C,%RH
SENSOR_003,2024-06-03 09:00:00,25.27C,41.9,Rooftop,BATCH_2024_Q2,C,%RH
SENSOR_003,2024-06-03 10:00:00,25.49C,45.7,Rooftop,BATCH_2024_Q2,C,%RH
SENSOR_003,2024-06-03 11:00:00,,41.9,Rooftop,BATCH_2024_Q2,C,%RH
SENSOR_003,2024-06-04 00:00:00,18.78C,62.8,Rooftop,BATCH_2024_Q2,C,%RH
SENSOR_003,2024-06-04 01:00:00,19.13C,62.7,Rooftop,BATCH_2024_Q2,C,%RH
SENSOR_003,2024-06-04 02:00:00,20.02C,58.5,Rooftop,BATCH_2024_Q2,C,%RH
SENSOR_003,2024-06-04 03:00:00,20.99C,58.1,Rooftop,BATCH_2024_Q2,C,%RH
SENSOR_003,2024-06-04 04:00:00,20.97C,55.2,Rooftop,BATCH_2024_Q2,C,%RH
SENSOR_003,2024-06-04 05:00:00,22.93C,49.8,Rooftop,BATCH_2024_Q2,C,%RH
SENSOR_003,2024-06-04 06:00:00,23.62C,52.4,Rooftop,BATCH_2024_Q2,C,%RH
SENSOR_003,2024-06-04 07:00:00,,43.8,Rooftop,BATCH_2024_Q2,C,%RH
SENSOR_003,2024-06-04 08:00:00,23.69C,47.0,Rooftop,BATCH_2024_Q2,C,%RH
SENSOR_003,2024-06-04 09:00:00,24.35C,44.3,Rooftop,BATCH_2024_Q2,C,%RH
SENSOR_003,2024-06-04 10:00:00,24.54C,43.2,Rooftop,BATCH_2024_Q2,C,%RH
SENSOR_003,2024-06-04 11:00:00,24.85C,41.5,Rooftop,BATCH_2024_Q2,C,%RH
SENSOR_003,2024-06-05 00:00:00,19.83C,59.3,Rooftop,BATCH_2024_Q2,C,%RH
SENSOR_003,2024-06-05 01:00:00,19.19C,59.8,Rooftop,BATCH_2024_Q2,C,%RH
SENSOR_003,2024-06-05 02:00:00,20.06C,57.9,Rooftop,BATCH_2024_Q2,C,%RH
SENSOR_003,2024-06-05 03:00:00,21.04C,54.4,Rooftop,BATCH_2024_Q2,C,%RH
SENSOR_003,2024-06-05 04:00:00,20.81C,54.6,Rooftop,BATCH_2024_Q2,C,%RH
SENSOR_003,2024-06-05 05:00:00,20.81C,53.2,Rooftop,BATCH_2024_Q2,C,%RH
SENSOR_003,2024-06-05 06:00:00,22.19C,50.5,Rooftop,BATCH_2024_Q2,C,%RH
SENSOR_003,2024-06-05 07:00:00,22.95C,47.2,Rooftop,BATCH_2024_Q2,C,%RH
SENSOR_003,2024-06-05 08:00:00,23.31C,43.8,Rooftop,BATCH_2024_Q2,C,%RH
SENSOR_003,2024-06-05 09:00:00,23.99C,40.4,Rooftop,BATCH_2024_Q2,C,%RH
SENSOR_003,2024-06-05 10:00:00,24.61C,39.5,Rooftop,BATCH_2024_Q2,C,%RH
SENSOR_003,2024-06-05 11:00:00,25.60C,41.8,Rooftop,BATCH_2024_Q2,C,%RH
SENSOR_003,2024-06-06 00:00:00,18.54C,58.6,Rooftop,BATCH_2024_Q2,C,%RH
SENSOR_003,2024-06-06 01:00:00,19.50C,58.1,Rooftop,BATCH_2024_Q2,C,%RH
SENSOR_003,2024-06-06 02:00:00,18.86C,56.1,Rooftop,BATCH_2024_Q2,C,%RH
SENSOR_003,2024-06-06 03:00:00,20.02C,55.9,Rooftop,BATCH_2024_Q2,C,%RH
SENSOR_003,2024-06-06 04:00:00,20.56C,56.1,Rooftop,BATCH_2024_Q2,C,%RH
SENSOR_003,2024-06-06 05:00:00,21.58°C,50.9,Rooftop,BATCH_2024_Q2,°C,%RH
SENSOR_003,2024-06-06 06:00:00,21.57C,49.1,Rooftop,BATCH_2024_Q2,C,%RH
SENSOR_003,2024-06-06 07:00:00,22.57C,45.2,Rooftop,BATCH_2024_Q2,C,%RH
SENSOR_003,2024-06-06 08:00:00,23.46C,47.0,Rooftop,BATCH_2024_Q2,C,%RH
SENSOR_003,2024-06-06 09:00:00,24.51C,37.2,Rooftop,BATCH_2024_Q2,C,%RH
SENSOR_003,2024-06-06 10:00:00,24.41C,37.1,Rooftop,BATCH_2024_Q2,C,%RH
SENSOR_003,2024-06-06 11:00:00,24.79C,38.6,Rooftop,BATCH_2024_Q2,C,%RH
SENSOR_003,2024-06-07 00:00:00,18.60C,63.0,Rooftop,BATCH_2024_Q2,C,%RH
SENSOR_003,2024-06-07 01:00:00,18.86C,56.2,Rooftop,BATCH_2024_Q2,C,%RH
SENSOR_003,2024-06-07 02:00:00,19.05C,57.2,Rooftop,BATCH_2024_Q2,C,%RH
SENSOR_003,2024-06-07 03:00:00,19.58C,55.7,Rooftop,BATCH_2024_Q2,C,%RH
SENSOR_003,2024-06-07 04:00:00,19.67C,53.0,Rooftop,BATCH_2024_Q2,C,%RH
SENSOR_003,2024-06-07 05:00:00,69.94F,52.4,Rooftop,BATCH_2024_Q2,F,%RH
SENSOR_003,2024-06-07 06:00:00,21.53C,45.5,Rooftop,BATCH_2024_Q2,C,%RH
SENSOR_003,2024-06-07 07:00:00,21.58C,41.9,Rooftop,BATCH_2024_Q2,C,%RH
SENSOR_003,2024-06-07 08:00:00,23.10C,43.3,Rooftop,BATCH_2024_Q2,C,%RH
SENSOR_003,2024-06-07 09:00:00,23.72C,42.8,Rooftop,BATCH_2024_Q2,C,%RH
SENSOR_003,2024-06-07 10:00:00,23.77C,38.7,Rooftop,BATCH_2024_Q2,C,%RH
SENSOR_003,2024-06-07 11:00:00,23.45C,,Rooftop,BATCH_2024_Q2,C,%RH
SENSOR_003,2024-06-08 00:00:00,17.87C,59.8,Rooftop,BATCH_2024_Q2,C,%RH
SENSOR_003,2024-06-08 01:00:00,18.45C,56.9,Rooftop,BATCH_2024_Q2,C,%RH
SENSOR_003,2024-06-08 02:00:00,18.22C,56.7,Rooftop,BATCH_2024_Q2,C,%RH
SENSOR_003,2024-06-08 03:00:00,19.05C,54.6,Rooftop,BATCH_2024_Q2,C,%RH
SENSOR_003,2024-06-08 04:00:00,19.21C,52.1,Rooftop,BATCH_2024_Q2,C,%RH
SENSOR_003,2024-06-08 05:00:00,20.13C,46.9,Rooftop,BATCH_2024_Q2,C,%RH
SENSOR_003,2024-06-08 06:00:00,21.18C,45.5,Rooftop,BATCH_2024_Q2,C,%RH
SENSOR_003,2024-06-08 07:00:00,21.29C,43.3,Rooftop,BATCH_2024_Q2,C,%RH
SENSOR_003,2024-06-08 08:00:00,22.02C,43.6,Rooftop,BATCH_2024_Q2,C,%RH
SENSOR_003,2024-06-08 09:00:00,22.89C,39.6,Rooftop,BATCH_2024_Q2,C,%RH
SENSOR_003,2024-06-08 10:00:00,23.20C,37.8,Rooftop,BATCH_2024_Q2,C,%RH
SENSOR_003,2024-06-08 11:00:00,23.49C,39.4,Rooftop,BATCH_2024_Q2,C,%RH
SENSOR_003,2024-06-09 00:00:00,17.65C,55.3,Rooftop,BATCH_2024_Q2,C,%RH
SENSOR_003,2024-06-09 01:00:00,18.41C,55.8,Rooftop,BATCH_2024_Q2,C,%RH
SENSOR_003,2024-06-09 02:00:00,18.08C,56.3,Rooftop,BATCH_2024_Q2,C,%RH
SENSOR_003,2024-06-09 03:00:00,17.74C,52.5,Rooftop,BATCH_2024_Q2,C,%RH
SENSOR_003,2024-06-09 04:00:00,18.22C,49.1,Rooftop,BATCH_2024_Q2,C,%RH
SENSOR_003,2024-06-09 05:00:00,65.66F,50.9,Rooftop,BATCH_2024_Q2,F,%RH
SENSOR_003,2024-06-09 06:00:00,20.24C,47.5,Rooftop,BATCH_2024_Q2,C,%RH
SENSOR_003,2024-06-09 07:00:00,20.91C,38.9,Rooftop,BATCH_2024_Q2,C,%RH
SENSOR_003,2024-06-09 08:00:00,21.29C,42.6,Rooftop,BATCH_2024_Q2,C,%RH
SENSOR_003,2024-06-09 09:00:00,22.91C,37.2,Rooftop,BATCH_2024_Q2,C,%RH
SENSOR_003,2024-06-09 10:00:00,23.03C,36.3,Rooftop,BATCH_2024_Q2,C,%RH
SENSOR_003,2024-06-09 11:00:00,24.03C,38.3,Rooftop,BATCH_2024_Q2,C,%RH
SENSOR_003,2024-06-10 00:00:00,16.59C,54.4,Rooftop,BATCH_2024_Q2,C,%RH
SENSOR_003,2024-06-10 01:00:00,17.30C,56.8,Rooftop,BATCH_2024_Q2,C,%RH
SENSOR_003,2024-06-10 02:00:00,17.42C,53.3,Rooftop,BATCH_2024_Q2,C,%RH
SENSOR_003,2024-06-10 03:00:00,97.25234355221323C,51.4,Rooftop,BATCH_2024_Q2,C,%RH
SENSOR_003,2024-06-10 04:00:00,18.81C,48.5,Rooftop,BATCH_2024_Q2,C,%RH
SENSOR_003,2024-06-10 05:00:00,18.88C,45.4,Rooftop,BATCH_2024_Q2,C,%RH
SENSOR_003,2024-06-10 06:00:00,20.64C,45.9,Rooftop,BATCH_2024_Q2,C,%RH
SENSOR_003,2024-06-10 07:00:00,20.60C,38.9,Rooftop,BATCH_2024_Q2,C,%RH
SENSOR_003,2024-06-10 08:00:00,20.94C,36.7,Rooftop,BATCH_2024_Q2,C,%RH
SENSOR_003,2024-06-10 09:00:00,21.99C,34.1,Rooftop,BATCH_2024_Q2,C,%RH
SENSOR_003,2024-06-10 10:00:00,,34.8,Rooftop,BATCH_2024_Q2,C,%RH
SENSOR_003,2024-06-10 11:00:00,22.96C,36.9,Rooftop,BATCH_2024_Q2,C,%RH
SENSOR_003,2024-06-11 00:00:00,16.27C,54.9,Rooftop,BATCH_2024_Q2,C,%RH
SENSOR_003,2024-06-11 01:00:00,16.02C,,Rooftop,BATCH_2024_Q2,C,%RH
SENSOR_003,2024-06-11 02:00:00,17.68C,54.8,Rooftop,BATCH_2024_Q2,C,%RH
SENSOR_003,2024-06-11 03:00:00,17.33C,51.1,Rooftop,BATCH_2024_Q2,C,%RH
SENSOR_003,2024-06-11 04:00:00,18.16C,45.1,Rooftop,BATCH_2024_Q2,C,%RH
SENSOR_003,2024-06-11 05:00:00,19.02C,48.7,Rooftop,BATCH_2024_Q2,C,%RH
SENSOR_003,2024-06-11 06:00:00,19.15C,41.4,Rooftop,BATCH_2024_Q2,C,%RH
SENSOR_003,2024-06-11 07:00:00,20.28C,41.3,Rooftop,BATCH_2024_Q2,C,%RH
SENSOR_003,2024-06-11 08:00:00,20.84C,38.6,Rooftop,BATCH_2024_Q2,C,%RH
SENSOR_003,2024-06-11 09:00:00,22.05C,36.0,Rooftop,BATCH_2024_Q2,C,%RH
SENSOR_003,2024-06-11 10:00:00,22.19C,37.9,Rooftop,BATCH_2024_Q2,C,%RH
SENSOR_003,2024-06-11 11:00:00,22.50C,33.5,Rooftop,BATCH_2024_Q2,C,%RH
SENSOR_003,2024-06-12 00:00:00,15.86C,52.9,Rooftop,BATCH_2024_Q2,C,%RH
SENSOR_003,2024-06-12 01:00:00,16.62C,52.0,Rooftop,BATCH_2024_Q2,C,%RH
SENSOR_003,2024-06-12 02:00:00,16.63C,50.0,Rooftop,BATCH_2024_Q2,C,%RH
SENSOR_003,2024-06-12 03:00:00,17.36C,50.2,Rooftop,BATCH_2024_Q2,C,%RH
SENSOR_003,2024-06-12 04:00:00,17.27C,46.6,Rooftop,BATCH_2024_Q2,C,%RH
SENSOR_003,2024-06-12 05:00:00,18.65C,46.2,Rooftop,BATCH_2024_Q2,C,%RH
SENSOR_003,2024-06-12 06:00:00,18.58C,42.4,Rooftop,BATCH_2024_Q2,C,%RH
SENSOR_003,2024-06-12 07:00:00,19.14C,39.2,Rooftop,BATCH_2024_Q2,C,%RH
SENSOR_003,2024-06-12 08:00:00,20.86C,39.1,Rooftop,BATCH_2024_Q2,C,%RH
SENSOR_003,2024-06-12 09:00:00,20.75C,35.8,Rooftop,BATCH_2024_Q2,C,%RH
SENSOR_003,2024-06-12 10:00:00,21.38C,34.0,Rooftop,BATCH_2024_Q2,C,%RH
SENSOR_003,2024-06-12 11:00:00,21.92C,32.3,Rooftop,BATCH_2024_Q2,C,%RH
SENSOR_003,2024-06-13 00:00:00,15.26C,52.5,Rooftop,BATCH_2024_Q2,C,%RH
SENSOR_003,2024-06-13 01:00:00,15.08°C,50.6,Rooftop,BATCH_2024_Q2,°C,%RH
SENSOR_003,2024-06-13 02:00:00,16.17C,49.1,Rooftop,BATCH_2024_Q2,C,%RH
SENSOR_003,2024-06-13 03:00:00,17.04C,50.0,Rooftop,BATCH_2024_Q2,C,%RH
SENSOR_003,2024-06-13 04:00:00,17.36C,46.7,Rooftop,BATCH_2024_Q2,C,%RH
SENSOR_003,2024-06-13 05:00:00,17.85C,46.2,Rooftop,BATCH_2024_Q2,C,%RH
SENSOR_003,2024-06-13 06:00:00,18.51C,43.3,Rooftop,BATCH_2024_Q2,C,%RH
SENSOR_003,2024-06-13 07:00:00,19.75C,38.3,Rooftop,BATCH_2024_Q2,C,%RH
SENSOR_003,2024-06-13 08:00:00,20.61C,36.9,Rooftop,BATCH_2024_Q2,C,%RH
SENSOR_003,2024-06-13 09:00:00,20.34C,32.8,Rooftop,BATCH_2024_Q2,C,%RH
SENSOR_003,2024-06-13 10:00:00,21.65C,33.3,Rooftop,BATCH_2024_Q2,C,%RH
SENSOR_003,2024-06-13 11:00:00,21.64C,,Rooftop,BATCH_2024_Q2,C,%RH
SENSOR_003,2024-06-14 00:00:00,14.55C,47.8,Rooftop,BATCH_2024_Q2,C,%RH
SENSOR_003,2024-06-14 01:00:00,15.70C,50.3,Rooftop,BATCH_2024_Q2,C,%RH
SENSOR_003,2024-06-14 02:00:00,15.34C,52.2,Rooftop,BATCH_2024_Q2,C,%RH
SENSOR_003,2024-06-14 03:00:00,15.51C,48.6,Rooftop,BATCH_2024_Q2,C,%RH
SENSOR_003,2024-06-14 04:00:00,16.50C,49.2,Rooftop,BATCH_2024_Q2,C,%RH
SENSOR_003,2024-06-14 05:00:00,17.69C,41.7,Rooftop,BATCH_2024_Q2,C,%RH
SENSOR_003,2024-06-14 06:00:00,17.85C,40.5,Rooftop,BATCH_2024_Q2,C,%RH
SENSOR_003,2024-06-14 07:00:00,19.16C,39.7,Rooftop,BATCH_2024_Q2,C,%RH
SENSOR_003,2024-06-14 08:00:00,19.46C,33.4,Rooftop,BATCH_2024_Q2,C,%RH
SENSOR_003,2024-06-14 09:00:00,19.71C,32.1,Rooftop,BATCH_2024_Q2,C,%RH
SENSOR_003,2024-06-14 10:00:00,20.65C,34.7,Rooftop,BATCH_2024_Q2,C,%RH
SENSOR_003,2024-06-14 11:00:00,20.77C,34.1,Rooftop,BATCH_2024_Q2,C,%RH
SENSOR_003,2024-06-15 00:00:00,14.58C,48.5,Rooftop,BATCH_2024_Q2,C,%RH
SENSOR_003,2024-06-15 01:00:00,14.77C,49.4,Rooftop,BATCH_2024_Q2,C,%RH
SENSOR_003,2024-06-15 02:00:00,14.96C,49.8,Rooftop,BATCH_2024_Q2,C,%RH
SENSOR_003,2024-06-15 03:00:00,15.41C,44.5,Rooftop,BATCH_2024_Q2,C,%RH
SENSOR_003,2024-06-15 04:00:00,16.31C,42.2,Rooftop,BATCH_2024_Q2,C,%RH
SENSOR_003,2024-06-15 05:00:00,18.16C,44.0,Rooftop,BATCH_2024_Q2,C,%RH
SENSOR_003,2024-06-15 06:00:00,17.14C,36.5,Rooftop,BATCH_2024_Q2,C,%RH
SENSOR_003,2024-06-15 07:00:00,18.04C,37.6,Rooftop,BATCH_2024_Q2,C,%RH
SENSOR_003,2024-06-15 08:00:00,19.19C,36.0,Rooftop,BATCH_2024_Q2,C,%RH
SENSOR_003,2024-06-15 09:00:00,19.26C,35.1,Rooftop,BATCH_2024_Q2,C,%RH
SENSOR_003,2024-06-15 10:00:00,20.10C,28.8,Rooftop,BATCH_2024_Q2,C,%RH
SENSOR_003,2024-06-15 11:00:00,20.47C,29.0,Rooftop,BATCH_2024_Q2,C,%RH
SENSOR_003,2024-06-16 00:00:00,14.03C,52.1,Rooftop,BATCH_2024_Q2,C,%RH
SENSOR_003,2024-06-16 01:00:00,14.10C,46.5,Rooftop,BATCH_2024_Q2,C,%RH
SENSOR_003,2024-06-16 02:00:00,14.52C,47.7,Rooftop,BATCH_2024_Q2,C,%RH
SENSOR_003,2024-06-16 03:00:00,15.19C,48.2,Rooftop,BATCH_2024_Q2,C,%RH
SENSOR_003,2024-06-16 04:00:00,16.59C,42.8,Rooftop,BATCH_2024_Q2,C,%RH
SENSOR_003,2024-06-16 05:00:00,16.21C,41.8,Rooftop,BATCH_2024_Q2,C,%RH
SENSOR_003,2024-06-16 06:00:00,17.51C,38.3,Rooftop,BATCH_2024_Q2,C,%RH
SENSOR_003,2024-06-16 07:00:00,17.34C,36.5,Rooftop,BATCH_2024_Q2,C,%RH
SENSOR_003,2024-06-16 08:00:00,19.00C,36.1,Rooftop,BATCH_2024_Q2,C,%RH
SENSOR_003,2024-06-16 09:00:00,18.85C,31.0,Rooftop,BATCH_2024_Q2,C,%RH
SENSOR_003,2024-06-16 10:00:00,19.08C,26.8,Rooftop,BATCH_2024_Q2,C,%RH
SENSOR_003,2024-06-16 11:00:00,20.07C,28.7,Rooftop,BATCH_2024_Q2,C,%RH
SENSOR_003,2024-06-17 00:00:00,14.98C,47.1,Rooftop,BATCH_2024_Q2,C,%RH
SENSOR_003,2024-06-17 01:00:00,55.54F,46.9,Rooftop,BATCH_2024_Q2,F,%RH
SENSOR_003,2024-06-17 02:00:00,13.97C,48.9,Rooftop,BATCH_2024_Q2,C,%RH
SENSOR_003,2024-06-17 03:00:00,14.12C,42.0,Rooftop,BATCH_2024_Q2,C,%RH
SENSOR_003,2024-06-17 04:00:00,15.34C,44.8,Rooftop,BATCH_2024_Q2,C,%RH
SENSOR_003,2024-06-17 05:00:00,15.54C,41.7,Rooftop,BATCH_2024_Q2,C,%RH
SENSOR_003,2024-06-17 06:00:00,60.12F,37.6,Rooftop,BATCH_2024_Q2,F,%RH
SENSOR_003,2024-06-17 07:00:00,17.73C,36.4,Rooftop,BATCH_2024_Q2,C,%RH
SENSOR_003,2024-06-17 08:00:00,18.32C,31.9,Rooftop,BATCH_2024_Q2,C,%RH
SENSOR_003,2024-06-17 09:00:00,18.62C,30.1,Rooftop,BATCH_2024_Q2,C,%RH
SENSOR_003,2024-06-17 10:00:00,19.35C,27.3,Rooftop,BATCH_2024_Q2,C,%RH
SENSOR_003,2024-06-17 11:00:00,19.22C,27.7,Rooftop,BATCH_2024_Q2,C,%RH
SENSOR_003,2024-06-18 00:00:00,13.43C,,Rooftop,BATCH_2024_Q2,C,%RH
SENSOR_003,2024-06-18 01:00:00,55.66F,44.6,Rooftop,BATCH_2024_Q2,F,%RH
SENSOR_003,2024-06-18 02:00:00,13.67C,45.5,Rooftop,BATCH_2024_Q2,C,%RH
SENSOR_003,2024-06-18 03:00:00,15.00C,43.4,Rooftop,BATCH_2024_Q2,C,%RH
SENSOR_003,2024-06-18 04:00:00,15.45C,42.7,Rooftop,BATCH_2024_Q2,C,%RH
SENSOR_003,2024-06-18 05:00:00,15.36C,44.3,Rooftop,BATCH_2024_Q2,C,%RH
SENSOR_003,2024-06-18 06:00:00,16.16C,36.4,Rooftop,BATCH_2024_Q2,C,%RH
SENSOR_003,2024-06-18 07:00:00,16.93C,,Rooftop,BATCH_2024_Q2,C,%RH
SENSOR_003,2024-06-18 08:00:00,17.83°C,32.7,Rooftop,BATCH_2024_Q2,°C,%RH
SENSOR_003,2024-06-18 09:00:00,17.74C,30.6,Rooftop,BATCH_2024_Q2,C,%RH
SENSOR_003,2024-06-18 10:00:00,18.68C,28.5,Rooftop,BATCH_2024_Q2,C,%RH
SENSOR_003,2024-06-18 11:00:00,19.43C,26.8,Rooftop,BATCH_2024_Q2,C,%RH
SENSOR_003,2024-06-19 00:00:00,13.20C,46.9,Rooftop,BATCH_2024_Q2,C,%RH
SENSOR_003,2024-06-19 01:00:00,13.21C,42.5,Rooftop,BATCH_2024_Q2,C,%RH
SENSOR_003,2024-06-19 02:00:00,12.98C,46.4,Rooftop,BATCH_2024_Q2,C,%RH
SENSOR_003,2024-06-19 03:00:00,14.41C,43.1,Rooftop,BATCH_2024_Q2,C,%RH
SENSOR_003,2024-06-19 04:00:00,13.53C,40.5,Rooftop,BATCH_2024_Q2,C,%RH
SENSOR_003,2024-06-19 05:00:00,14.47C,37.8,Rooftop,BATCH_2024_Q2,C,%RH
SENSOR_003,2024-06-19 06:00:00,15.32C,35.6,Rooftop,BATCH_2024_Q2,C,%RH
SENSOR_003,2024-06-19 07:00:00,16.46C,28.5,Rooftop,BATCH_2024_Q2,C,%RH
SENSOR_003,2024-06-19 08:00:00,16.99C,31.5,Rooftop,BATCH_2024_Q2,C,%RH
SENSOR_003,2024-06-19 09:00:00,18.13C,26.9,Rooftop,BATCH_2024_Q2,C,%RH
SENSOR_003,2024-06-19 10:00:00,18.28C,25.6,Rooftop,BATCH_2024_Q2,C,%RH
SENSOR_003,2024-06-19 11:00:00,18.22C,29.0,Rooftop,BATCH_2024_Q2,C,%RH
SENSOR_003,2024-06-20 00:00:00,12.49C,45.5,Rooftop,BATCH_2024_Q2,C,%RH
SENSOR_003,2024-06-20 01:00:00,12.84C,48.9,Rooftop,BATCH_2024_Q2,C,%RH
SENSOR_003,2024-06-20 02:00:00,12.51C,45.7,Rooftop,BATCH_2024_Q2,C,%RH
SENSOR_003,2024-06-20 03:00:00,13.56C,42.9,Rooftop,BATCH_2024_Q2,C,%RH
SENSOR_003,2024-06-20 04:00:00,,38.0,Rooftop,BATCH_2024_Q2,C,%RH
SENSOR_003,2024-06-20 05:00:00,15.08C,39.2,Rooftop,BATCH_2024_Q2,C,%RH
SENSOR_003,2024-06-20 06:00:00,15.19C,35.5,Rooftop,BATCH_2024_Q2,C,%RH
SENSOR_003,2024-06-20 07:00:00,16.28C,34.1,Rooftop,BATCH_2024_Q2,C,%RH
SENSOR_003,2024-06-20 08:00:00,17.07C,30.9,Rooftop,BATCH_2024_Q2,C,%RH
SENSOR_003,2024-06-20 09:00:00,17.87C,30.1,Rooftop,BATCH_2024_Q2,C,%RH
SENSOR_003,2024-06-20 10:00:00,17.89C,29.8,Rooftop,BATCH_2024_Q2,C,%RH
SENSOR_003,2024-06-20 11:00:00,17.88C,27.3,Rooftop,BATCH_2024_Q2,C,%RH
SENSOR_003,2024-06-21 00:00:00,12.50C,43.7,Rooftop,BATCH_2024_Q2,C,%RH
SENSOR_003,2024-06-21 01:00:00,11.60°C,43.0,Rooftop,BATCH_2024_Q2,°C,%RH
SENSOR_003,2024-06-21 02:00:00,52.67F,41.1,Rooftop,BATCH_2024_Q2,F,%RH
SENSOR_003,2024-06-21 03:00:00,13.01C,37.4,Rooftop,BATCH_2024_Q2,C,%RH
SENSOR_003,2024-06-21 04:00:00,13.15C,41.8,Rooftop,BATCH_2024_Q2,C,%RH
SENSOR_003,2024-06-21 05:00:00,14.18C,39.3,Rooftop,BATCH_2024_Q2,C,%RH
SENSOR_003,2024-06-21 06:00:00,14.54C,35.7,Rooftop,BATCH_2024_Q2,C,%RH
SENSOR_003,2024-06-21 07:00:00,15.74C,32.0,Rooftop,BATCH_2024_Q2,C,%RH
SENSOR_003,2024-06-21 08:00:00,16.00C,30.9,Rooftop,BATCH_2024_Q2,C,%RH
SENSOR_003,2024-06-21 09:00:00,16.73C,27.9,Rooftop,BATCH_2024_Q2,C,%RH
SENSOR_003,2024-06-21 10:00:00,17.16C,25.4,Rooftop,BATCH_2024_Q2,C,%RH
SENSOR_003,2024-06-21 11:00:00,17.31C,24.3,Rooftop,BATCH_2024_Q2,C,%RH
SENSOR_003,2024-06-22 00:00:00,12.00C,40.9,Rooftop,BATCH_2024_Q2,C,%RH
SENSOR_003,2024-06-22 01:00:00,12.21C,39.9,Rooftop,BATCH_2024_Q2,C,%RH
SENSOR_003,2024-06-22 02:00:00,12.32C,44.8,Rooftop,BATCH_2024_Q2,C,%RH
SENSOR_003,2024-06-22 03:00:00,11.61C,41.5,Rooftop,BATCH_2024_Q2,C,%RH
SENSOR_003,2024-06-22 04:00:00,12.77C,38.4,Rooftop,BATCH_2024_Q2,C,%RH
SENSOR_003,2024-06-22 05:00:00,13.76C,34.9,Rooftop,BATCH_2024_Q2,C,%RH
SENSOR_003,2024-06-22 06:00:00,14.02C,30.8,Rooftop,BATCH_2024_Q2,C,%RH
SENSOR_003,2024-06-22 07:00:00,14.95C,30.3,Rooftop,BATCH_2024_Q2,C,%RH
SENSOR_003,2024-06-22 08:00:00,15.75C,27.4,Rooftop,BATCH_2024_Q2,C,%RH
SENSOR_003,2024-06-22 09:00:00,16.55C,27.2,Rooftop,BATCH_2024_Q2,C,%RH
SENSOR_003,2024-06-22 10:00:00,17.02C,25.3,Rooftop,BATCH_2024_Q2,C,%RH
SENSOR_003,2024-06-22 11:00:00,17.01C,20.3,Rooftop,BATCH_2024_Q2,C,%RH
SENSOR_003,2024-06-23 00:00:00,11.28C,42.0,Rooftop,BATCH_2024_Q2,C,%RH
SENSOR_003,2024-06-23 01:00:00,10.44C,41.3,Rooftop,BATCH_2024_Q2,C,%RH
SENSOR_003,2024-06-23 02:00:00,10.99C,40.4,Rooftop,BATCH_2024_Q2,C,%RH
SENSOR_003,2024-06-23 03:00:00,12.02C,41.5,Rooftop,BATCH_2024_Q2,C,%RH
SENSOR_003,2024-06-23 04:00:00,12.91C,34.2,Rooftop,BATCH_2024_Q2,C,%RH
SENSOR_003,2024-06-23 05:00:00,13.53C,36.0,Rooftop,BATCH_2024_Q2,C,%RH
SENSOR_003,2024-06-23 06:00:00,14.31C,33.2,Rooftop,BATCH_2024_Q2,C,%RH
SENSOR_003,2024-06-23 07:00:00,15.02C,31.2,Rooftop,BATCH_2024_Q2,C,%RH
SENSOR_003,2024-06-23 08:00:00,15.11C,29.1,Rooftop,BATCH_2024_Q2,C,%RH
SENSOR_003,2024-06-23 09:00:00,16.09C,27.2,Rooftop,BATCH_2024_Q2,C,%RH
SENSOR_003,2024-06-23 10:00:00,16.15C,27.6,Rooftop,BATCH_2024_Q2,C,%RH
SENSOR_003,2024-06-23 11:00:00,15.97C,23.7,Rooftop,BATCH_2024_Q2,C,%RH
SENSOR_003,2024-06-24 00:00:00,10.62C,41.4,Rooftop,BATCH_2024_Q2,C,%RH
SENSOR_003,2024-06-24 01:00:00,10.86C,39.8,Rooftop,BATCH_2024_Q2,C,%RH
SENSOR_003,2024-06-24 02:00:00,10.85C,43.2,Rooftop,BATCH_2024_Q2,C,%RH
SENSOR_003,2024-06-24 03:00:00,11.16C,39.7,Rooftop,BATCH_2024_Q2,C,%RH
SENSOR_003,2024-06-24 04:00:00,12.61C,34.2,Rooftop,BATCH_2024_Q2,C,%RH
SENSOR_003,2024-06-24 05:00:00,12.38C,37.2,Rooftop,BATCH_2024_Q2,C,%RH
SENSOR_003,2024-06-24 06:00:00,13.78°C,31.5,Rooftop,BATCH_2024_Q2,°C,%RH
SENSOR_003,2024-06-24 07:00:00,14.63C,30.3,Rooftop,BATCH_2024_Q2,C,%RH
SENSOR_003,2024-06-24 08:00:00,15.11C,24.8,Rooftop,BATCH_2024_Q2,C,%RH
SENSOR_003,2024-06-24 09:00:00,15.71C,28.8,Rooftop,BATCH_2024_Q2,C,%RH
SENSOR_003,2024-06-24 10:00:00,16.53C,20.3,Rooftop,BATCH_2024_Q2,C,%RH
SENSOR_003,2024-06-24 11:00:00,16.42C,21.8,Rooftop,BATCH_2024_Q2,C,%RH
SENSOR_003,2024-06-25 00:00:00,10.31C,42.0,Rooftop,BATCH_2024_Q2,C,%RH
SENSOR_003,2024-06-25 01:00:00,10.51C,40.9,Rooftop,BATCH_2024_Q2,C,%RH
SENSOR_003,2024-06-25 02:00:00,10.16C,40.7,Rooftop,BATCH_2024_Q2,C,%RH
SENSOR_003,2024-06-25 03:00:00,10.57C,37.1,Rooftop,BATCH_2024_Q2,C,%RH
SENSOR_003,2024-06-25 04:00:00,11.11C,34.9,Rooftop,BATCH_2024_Q2,C,%RH
SENSOR_003,2024-06-25 05:00:00,12.39C,31.7,Rooftop,BATCH_2024_Q2,C,%RH
SENSOR_003,2024-06-25 06:00:00,13.07C,31.1,Rooftop,BATCH_2024_Q2,C,%RH
SENSOR_003,2024-06-25 07:00:00,13.85C,28.4,Rooftop,BATCH_2024_Q2,C,%RH
SENSOR_003,2024-06-25 08:00:00,14.70C,24.5,Rooftop,BATCH_2024_Q2,C,%RH
SENSOR_003,2024-06-25 09:00:00,15.10C,23.6,Rooftop,BATCH_2024_Q2,C,%RH
SENSOR_003,2024-06-25 10:00:00,15.13C,18.7,Rooftop,BATCH_2024_Q2,C,%RH
SENSOR_003,2024-06-25 11:00:00,15.49C,22.1,Rooftop,BATCH_2024_Q2,C,%RH
SENSOR_003,2024-06-26 00:00:00,9.29C,36.9,Rooftop,BATCH_2024_Q2,C,%RH
SENSOR_003,2024-06-26 01:00:00,10.27C,38.4,Rooftop,BATCH_2024_Q2,C,%RH
SENSOR_003,2024-06-26 02:00:00,9.90C,39.5,Rooftop,BATCH_2024_Q2,C,%RH
SENSOR_003,2024-06-26 03:00:00,10.29C,39.3,Rooftop,BATCH_2024_Q2,C,%RH
SENSOR_003,2024-06-26 04:00:00,10.56C,35.1,Rooftop,BATCH_2024_Q2,C,%RH
SENSOR_003,2024-06-26 05:00:00,11.31C,32.9,Rooftop,BATCH_2024_Q2,C,%RH
SENSOR_003,2024-06-26 06:00:00,12.59C,28.7,Rooftop,BATCH_2024_Q2,C,%RH
SENSOR_003,2024-06-26 07:00:00,13.34C,27.0,Rooftop,BATCH_2024_Q2,C,%RH
SENSOR_003,2024-06-26 08:00:00,13.73C,25.9,Rooftop,BATCH_2024_Q2,C,%RH
SENSOR_003,2024-06-26 09:00:00,14.64C,23.9,Rooftop,BATCH_2024_Q2,C,%RH
SENSOR_003,2024-06-26 10:00:00,15.19C,21.3,Rooftop,BATCH_2024_Q2,C,%RH
SENSOR_003,2024-06-26 11:00:00,14.93C,20.1,Rooftop,BATCH_2024_Q2,C,%RH
SENSOR_003,2024-06-27 00:00:00,9.22C,40.2,Rooftop,BATCH_2024_Q2,C,%RH
SENSOR_003,2024-06-27 01:00:00,9.34C,37.7,Rooftop,BATCH_2024_Q2,C,%RH
SENSOR_003,2024-06-27 02:00:00,9.12C,39.4,Rooftop,BATCH_2024_Q2,C,%RH
SENSOR_003,2024-06-27 03:00:00,10.07C,35.6,Rooftop,BATCH_2024_Q2,C,%RH
SENSOR_003,2024-06-27 04:00:00,10.08C,32.7,Rooftop,BATCH_2024_Q2,C,%RH
SENSOR_003,2024-06-27 05:00:00,11.11C,29.3,Rooftop,BATCH_2024_Q2,C,%RH
SENSOR_003,2024-06-27 06:00:00,12.56C,27.6,Rooftop,BATCH_2024_Q2,C,%RH
SENSOR_003,2024-06-27 07:00:00,12.46C,27.1,Rooftop,BATCH_2024_Q2,C,%RH
SENSOR_003,2024-06-27 08:00:00,13.74C,26.0,Rooftop,BATCH_2024_Q2,C,%RH
SENSOR_003,2024-06-27 09:00:00,13.74C,20.8,Rooftop,BATCH_2024_Q2,C,%RH
SENSOR_003,2024-06-27 10:00:00,14.59C,15.8,Rooftop,BATCH_2024_Q2,C,%RH
SENSOR_003,2024-06-27 11:00:00,14.43C,16.9,Rooftop,BATCH_2024_Q2,C,%RH
SENSOR_003,2024-06-28 00:00:00,8.57C,35.7,Rooftop,BATCH_2024_Q2,C,%RH
SENSOR_003,2024-06-28 01:00:00,8.49C,37.5,Rooftop,BATCH_2024_Q2,C,%RH
SENSOR_003,2024-06-28 02:00:00,9.20°C,37.6,Rooftop,BATCH_2024_Q2,°C,%RH
SENSOR_003,2024-06-28 03:00:00,10.27C,34.2,Rooftop,BATCH_2024_Q2,C,%RH
SENSOR_003,2024-06-28 04:00:00,10.51C,,Rooftop,BATCH_2024_Q2,C,%RH
SENSOR_003,2024-06-28 05:00:00,11.04C,27.3,Rooftop,BATCH_2024_Q2,C,%RH
SENSOR_003,2024-06-28 06:00:00,10.94C,30.5,Rooftop,BATCH_2024_Q2,C,%RH
SENSOR_003,2024-06-28 07:00:00,12.58C,21.8,Rooftop,BATCH_2024_Q2,C,%RH
SENSOR_003,2024-06-28 08:00:00,12.81C,23.8,Rooftop,BATCH_2024_Q2,C,%RH
SENSOR_003,INVALID_DATE,14.06C,19.8,Rooftop,BATCH_2024_Q2,C,%RH
SENSOR_003,2024-06-28 10:00:00,14.82C,17.0,Rooftop,BATCH_2024_Q2,C,%RH
SENSOR_003,2024-06-28 11:00:00,14.01C,16.8,Rooftop,BATCH_2024_Q2,C,%RH
SENSOR_003,2024-06-29 00:00:00,8.89C,36.0,Rooftop,BATCH_2024_Q2,C,%RH
SENSOR_003,2024-06-29 01:00:00,8.00C,37.8,Rooftop,BATCH_2024_Q2,C,%RH
SENSOR_003,2024-06-29 02:00:00,9.45C,36.3,Rooftop,BATCH_2024_Q2,C,%RH
SENSOR_003,2024-06-29 03:00:00,10.01C,33.0,Rooftop,BATCH_2024_Q2,C,%RH
SENSOR_003,2024-06-29 04:00:00,9.39C,27.8,Rooftop,BATCH_2024_Q2,C,%RH
SENSOR_003,2024-06-29 05:00:00,10.77C,26.0,Rooftop,BATCH_2024_Q2,C,%RH
SENSOR_003,2024-06-29 06:00:00,11.40C,25.9,Rooftop,BATCH_2024_Q2,C,%RH
SENSOR_003,2024-06-29 07:00:00,11.39C,23.2,Rooftop,BATCH_2024_Q2,C,%RH
SENSOR_003,2024-06-29 08:00:00,,20.9,Rooftop,BATCH_2024_Q2,C,%RH
SENSOR_003,2024-06-29 09:00:00,13.26C,22.4,Rooftop,BATCH_2024_Q2,C,%RH
SENSOR_003,2024-06-29 10:00:00,12.93C,16.8,Rooftop,BATCH_2024_Q2,C,%RH
SENSOR_003,2024-06-29 11:00:00,14.45C,15.0,Rooftop,BATCH_2024_Q2,C,%RH
SENSOR_003,2024-06-30 00:00:00,7.03C,35.1,Rooftop,BATCH_2024_Q2,C,%RH
SENSOR_003,2024-06-30 01:00:00,8.28C,36.7,Rooftop,BATCH_2024_Q2,C,%RH
SENSOR_003,2024-06-30 02:00:00,7.70C,35.6,Rooftop,BATCH_2024_Q2,C,%RH
SENSOR_003,2024-06-30 03:00:00,8.02C,33.6,Rooftop,BATCH_2024_Q2,C,%RH
SENSOR_003,2024-06-30 04:00:00,9.58C,29.2,Rooftop,BATCH_2024_Q2,C,%RH
SENSOR_003,2024-06-30 05:00:00,9.55C,27.0,Rooftop,BATCH_2024_Q2,C,%RH
SENSOR_003,2024-06-30 06:00:00,10.40C,27.5,Rooftop,BATCH_2024_Q2,C,%RH
SENSOR_003,2024-06-30 07:00:00,11.11C,25.1,Rooftop,BATCH_2024_Q2,C,%RH
SENSOR_003,2024-06-30 08:00:00,11.44C,143.77390604002986,Rooftop,BATCH_2024_Q2,C,%RH
SENSOR_003,2024-06-30 09:00:00,12.16C,17.6,Rooftop,BATCH_2024_Q2,C,%RH
SENSOR_003,2024-06-30 10:00:00,13.12C,14.3,Rooftop,BATCH_2024_Q2,C,%RH
SENSOR_003,2024-06-30 11:00:00,13.31C,15.2,Rooftop,BATCH_2024_Q2,C,%RH
SENSOR_004,2024-06-01 00:00:00,15.24C,49.7,Rooftop,BATCH_2024_Q2,C,%RH
SENSOR_004,2024-06-01 01:00:00,17.00C,58.3,Rooftop,BATCH_2024_Q2,C,%RH
SENSOR_004,2024-06-01 02:00:00,14.80C,52.7,Rooftop,BATCH_2024_Q2,C,%RH
SENSOR_004,2024-06-01 03:00:00,17.18C,58.3,Rooftop,BATCH_2024_Q2,C,%RH
SENSOR_004,2024-06-01 04:00:00,18.64C,52.5,Rooftop,BATCH_2024_Q2,C,%RH
SENSOR_004,2024-06-01 05:00:00,19.86C,40.6,Rooftop,BATCH_2024_Q2,C,%RH
SENSOR_004,2024-06-01 06:00:00,20.49C,50.1,Rooftop,BATCH_2024_Q2,C,%RH
SENSOR_004,2024-06-01 07:00:00,21.11C,58.6,Rooftop,BATCH_2024_Q2,C,%RH
SENSOR_004,2024-06-01 08:00:00,19.16C,48.5,Rooftop,BATCH_2024_Q2,C,%RH
SENSOR_004,2024-06-01 09:00:00,22.33C,40.7,Rooftop,BATCH_2024_Q2,C,%RH
SENSOR_004,2024-06-01 10:00:00,22.94C,38.0,Rooftop,BATCH_2024_Q2,C,%RH
SENSOR_004,2024-06-01 11:00:00,22.59C,37.8,Rooftop,BATCH_2024_Q2,C,%RH
SENSOR_004,2024-06-02 00:00:00,15.64C,61.4,Rooftop,BATCH_2024_Q2,C,%RH
SENSOR_004,2024-06-02 01:00:00,16.47C,50.9,Rooftop,BATCH_2024_Q2,C,%RH
SENSOR_004,2024-06-02 02:00:00,16.68C,61.2,Rooftop,BATCH_2024_Q2,C,%RH
SENSOR_004,2024-06-02 03:00:00,17.91C,57.1,Rooftop,BATCH_2024_Q2,C,%RH
SENSOR_004,2024-06-02 04:00:00,17.70C,56.9,Rooftop,BATCH_2024_Q2,C,%RH
SENSOR_004,2024-06-02 05:00:00,19.56C,,Rooftop,BATCH_2024_Q2,C,%RH
SENSOR_004,INVALID_DATE,19.53C,49.6,Rooftop,BATCH_2024_Q2,C,%RH
SENSOR_004,2024-06-02 07:00:00,21.13C,50.7,Rooftop,BATCH_2024_Q2,C,%RH
SENSOR_004,2024-06-02 08:00:00,20.74C,44.1,Rooftop,BATCH_2024_Q2,C,%RH
SENSOR_004,2024-06-02 09:00:00,21.63C,41.7,Rooftop,BATCH_2024_Q2,C,%RH
SENSOR_004,2024-06-02 10:00:00,22.41C,40.9,Rooftop,BATCH_2024_Q2,C,%RH
SENSOR_004,2024-06-02 11:00:00,22.72C,39.1,Rooftop,BATCH_2024_Q2,C,%RH
SENSOR_004,2024-06-03 00:00:00,19.15C,59.9,Rooftop,BATCH_2024_Q2,C,%RH
SENSOR_004,2024-06-03 01:00:00,17.96C,53.9,Rooftop,BATCH_2024_Q2,C,%RH
SENSOR_004,2024-06-03 02:00:00,17.00C,59.1,Rooftop,BATCH_2024_Q2,C,%RH
SENSOR_004,2024-06-03 03:00:00,18.49C,60.2,Rooftop,BATCH_2024_Q2,C,%RH
SENSOR_004,2024-06-03 04:00:00,17.87C,51.7,Rooftop,BATCH_2024_Q2,C,%RH
SENSOR_004,2024-06-03 05:00:00,17.92C,46.8,Rooftop,BATCH_2024_Q2,C,%RH
SENSOR_004,2024-06-03 06:00:00,20.92C,45.3,Rooftop,BATCH_2024_Q2,C,%RH
SENSOR_004,2024-06-03 07:00:00,21.28C,42.6,Rooftop,BATCH_2024_Q2,C,%RH
SENSOR_004,2024-06-03 08:00:00,21.66C,38.5,Rooftop,BATCH_2024_Q2,C,%RH
SENSOR_004,2024-06-03 09:00:00,22.40C,27.7,Rooftop,BATCH_2024_Q2,C,%RH
SENSOR_004,2024-06-03 10:00:00,22.71C,33.1,Rooftop,BATCH_2024_Q2,C,%RH
SENSOR_004,2024-06-03 11:00:00,23.84C,41.2,Rooftop,BATCH_2024_Q2,C,%RH
SENSOR_004,2024-06-04 00:00:00,17.54C,62.7,Rooftop,BATCH_2024_Q2,C,%RH
SENSOR_004,2024-06-04 01:00:00,16.46C,64.4,Rooftop,BATCH_2024_Q2,C,%RH
SENSOR_004,2024-06-04 02:00:00,18.60C,53.3,Rooftop,BATCH_2024_Q2,C,%RH
SENSOR_004,2024-06-04 03:00:00,19.22C,51.0,Rooftop,BATCH_2024_Q2,C,%RH
SENSOR_004,2024-06-04 04:00:00,17.96C,49.7,Rooftop,BATCH_2024_Q2,C,%RH
SENSOR_004,2024-06-04 05:00:00,18.77C,44.5,Rooftop,BATCH_2024_Q2,C,%RH
SENSOR_004,2024-06-04 06:00:00,21.64C,47.0,Rooftop,BATCH_2024_Q2,C,%RH
SENSOR_004,2024-06-04 07:00:00,21.47C,44.1,Rooftop,BATCH_2024_Q2,C,%RH
SENSOR_004,2024-06-04 08:00:00,19.92C,43.5,Rooftop,BATCH_2024_Q2,C,%RH
SENSOR_004,2024-06-04 09:00:00,19.90°C,41.6,Rooftop,BATCH_2024_Q2,°C,%RH
SENSOR_004,2024-06-04 10:00:00,21.41C,48.5,Rooftop,BATCH_2024_Q2,C,%RH
SENSOR_004,2024-06-04 11:00:00,23.46C,37.8,Rooftop,BATCH_2024_Q2,C,%RH
SENSOR_004,2024-06-05 00:00:00,18.60C,53.6,Rooftop,BATCH_2024_Q2,C,%RH
SENSOR_004,2024-06-05 01:00:00,17.44C,56.4,Rooftop,BATCH_2024_Q2,C,%RH
SENSOR_004,2024-06-05 02:00:00,17.65C,60.8,Rooftop,BATCH_2024_Q2,C,%RH
SENSOR_004,2024-06-05 03:00:00,18.36C,53.6,Rooftop,BATCH_2024_Q2,C,%RH
SENSOR_004,2024-06-05 04:00:00,17.35C,49.1,Rooftop,BATCH_2024_Q2,C,%RH
SENSOR_004,2024-06-05 05:00:00,18.86C,51.5,Rooftop,BATCH_2024_Q2,C,%RH
SENSOR_004,2024-06-05 06:00:00,19.19C,58.7,Rooftop,BATCH_2024_Q2,C,%RH
SENSOR_004,2024-06-05 07:00:00,22.34C,48.4,Rooftop,BATCH_2024_Q2,C,%RH
SENSOR_004,2024-06-05 08:00:00,21.62C,39.5,Rooftop,BATCH_2024_Q2,C,%RH
SENSOR_004,2024-06-05 09:00:00,21.51C,39.7,Rooftop,BATCH_2024_Q2,C,%RH
SENSOR_004,2024-06-05 10:00:00,22.51C,31.9,Rooftop,BATCH_2024_Q2,C,%RH
SENSOR_004,2024-06-05 11:00:00,23.44C,38.9,Rooftop,BATCH_2024_Q2,C,%RH
SENSOR_004,2024-06-06 00:00:00,15.24C,55.3,Rooftop,BATCH_2024_Q2,C,%RH
SENSOR_004,2024-06-06 01:00:00,16.83C,64.6,Rooftop,BATCH_2024_Q2,C,%RH
SENSOR_004,2024-06-06 02:00:00,18.21C,51.3,Rooftop,BATCH_2024_Q2,C,%RH
SENSOR_004,2024-06-06 03:00:00,18.53C,48.5,Rooftop,BATCH_2024_Q2,C,%RH
SENSOR_004,2024-06-06 04:00:00,19.74C,48.5,Rooftop,BATCH_2024_Q2,C,%RH
SENSOR_004,2024-06-06 05:00:00,19.33C,54.6,Rooftop,BATCH_2024_Q2,C,%RH
SENSOR_004,2024-06-06 06:00:00,18.63C,40.4,Rooftop,BATCH_2024_Q2,C,%RH
SENSOR_004,2024-06-06 07:00:00,20.12C,50.0,Rooftop,BATCH_2024_Q2,C,%RH
SENSOR_004,2024-06-06 08:00:00,20.18C,31.3,Rooftop,BATCH_2024_Q2,C,%RH
SENSOR_004,2024-06-06 09:00:00,22.03C,40.6,Rooftop,BATCH_2024_Q2,C,%RH
SENSOR_004,2024-06-06 10:00:00,23.50C,38.0,Rooftop,BATCH_2024_Q2,C,%RH
SENSOR_004,2024-06-06 11:00:00,22.39C,41.3,Rooftop,BATCH_2024_Q2,C,%RH
SENSOR_004,2024-06-07 00:00:00,15.66C,56.7,Rooftop,BATCH_2024_Q2,C,%RH
SENSOR_004,2024-06-07 01:00:00,17.09C,59.9,Rooftop,BATCH_2024_Q2,C,%RH
SENSOR_004,2024-06-07 02:00:00,17.04C,54.3,Rooftop,BATCH_2024_Q2,C,%RH
SENSOR_004,2024-06-07 03:00:00,15.61C,53.1,Rooftop,BATCH_2024_Q2,C,%RH
SENSOR_004,2024-06-07 04:00:00,18.99C,47.9,Rooftop,BATCH_2024_Q2,C,%RH
SENSOR_004,2024-06-07 05:00:00,19.07C,52.0,Rooftop,BATCH_2024_Q2,C,%RH
SENSOR_004,2024-06-07 06:00:00,19.55C,49.3,Rooftop,BATCH_2024_Q2,C,%RH
SENSOR_004,2024-06-07 07:00:00,19.91C,43.8,Rooftop,BATCH_2024_Q2,C,%RH
SENSOR_004,2024-06-07 08:00:00,21.97C,43.7,Rooftop,BATCH_2024_Q2,C,%RH
SENSOR_004,2024-06-07 09:00:00,21.69C,40.9,Rooftop,BATCH_2024_Q2,C,%RH
SENSOR_004,2024-06-07 10:00:00,23.32C,29.7,Rooftop,BATCH_2024_Q2,C,%RH
SENSOR_004,2024-06-07 11:00:00,23.78C,36.5,Rooftop,BATCH_2024_Q2,C,%RH
SENSOR_004,2024-06-08 00:00:00,17.66C,62.7,Rooftop,BATCH_2024_Q2,C,%RH
SENSOR_004,2024-06-08 01:00:00,16.16C,53.2,Rooftop,BATCH_2024_Q2,C,%RH
SENSOR_004,2024-06-08 02:00:00,17.41C,51.8,Rooftop,BATCH_2024_Q2,C,%RH
SENSOR_004,2024-06-08 03:00:00,19.76C,51.7,Rooftop,BATCH_2024_Q2,C,%RH
SENSOR_004,2024-06-08 04:00:00,17.58C,51.2,Rooftop,BATCH_2024_Q2,C,%RH
SENSOR_004,2024-06-08 05:00:00,18.17C,49.1,Rooftop,BATCH_2024_Q2,C,%RH
SENSOR_004,2024-06-08 06:00:00,20.19C,44.1,Rooftop,BATCH_2024_Q2,C,%RH
SENSOR_004,2024-06-08 07:00:00,20.90C,44.2,Rooftop,BATCH_2024_Q2,C,%RH
SENSOR_004,2024-06-08 08:00:00,19.73C,45.5,Rooftop,BATCH_2024_Q2,C,%RH
SENSOR_004,2024-06-08 09:00:00,23.88C,41.4,Rooftop,BATCH_2024_Q2,C,%RH
SENSOR_004,2024-06-08 10:00:00,22.63C,39.9,Rooftop,BATCH_2024_Q2,C,%RH
SENSOR_004,2024-06-08 11:00:00,21.91C,42.8,Rooftop,BATCH_2024_Q2,C,%RH
SENSOR_004,2024-06-09 00:00:00,17.60C,64.6,Rooftop,BATCH_2024_Q2,C,%RH
SENSOR_004,2024-06-09 01:00:00,16.25C,65.4,Rooftop,BATCH_2024_Q2,C,%RH
SENSOR_004,2024-06-09 02:00:00,18.19C,60.2,Rooftop,BATCH_2024_Q2,C,%RH
SENSOR_004,2024-06-09 03:00:00,17.91C,51.7,Rooftop,BATCH_2024_Q2,C,%RH
SENSOR_004,2024-06-09 04:00:00,19.72C,,Rooftop,BATCH_2024_Q2,C,%RH
SENSOR_004,2024-06-09 05:00:00,17.31C,45.9,Rooftop,BATCH_2024_Q2,C,%RH
SENSOR_004,2024-06-09 06:00:00,19.70C,46.7,Rooftop,BATCH_2024_Q2,C,%RH
SENSOR_004,2024-06-09 07:00:00,21.12C,,Rooftop,BATCH_2024_Q2,C,%RH
SENSOR_004,2024-06-09 08:00:00,19.17C,41.1,Rooftop,BATCH_2024_Q2,C,%RH
SENSOR_004,2024-06-09 09:00:00,68.46F,42.9,Rooftop,BATCH_2024_Q2,F,%RH
SENSOR_004,2024-06-09 10:00:00,22.90C,40.3,Rooftop,BATCH_2024_Q2,C,%RH
SENSOR_004,2024-06-09 11:00:00,22.47C,41.1,Rooftop,BATCH_2024_Q2,C,%RH
SENSOR_004,2024-06-10 00:00:00,18.36C,60.8,Rooftop,BATCH_2024_Q2,C,%RH
SENSOR_004,2024-06-10 01:00:00,17.59C,58.6,Rooftop,BATCH_2024_Q2,C,%RH
SENSOR_004,2024-06-10 02:00:00,17.32C,60.0,Rooftop,BATCH_2024_Q2,C,%RH
SENSOR_004,2024-06-10 03:00:00,19.49C,60.1,Rooftop,BATCH_2024_Q2,C,%RH
SENSOR_004,2024-06-10 04:00:00,17.60C,54.0,Rooftop,BATCH_2024_Q2,C,%RH
SENSOR_004,2024-06-10 05:00:00,17.85C,51.8,Rooftop,BATCH_2024_Q2,C,%RH
SENSOR_004,2024-06-10 06:00:00,20.56C,41.4,Rooftop,BATCH_2024_Q2,C,%RH
SENSOR_004,2024-06-10 07:00:00,19.27C,41.7,Rooftop,BATCH_2024_Q2,C,%RH
SENSOR_004,2024-06-10 08:00:00,21.21C,38.7,Rooftop,BATCH_2024_Q2,C,%RH
SENSOR_004,2024-06-10 09:00:00,23.10°C,42.5,Rooftop,BATCH_2024_Q2,°C,%RH
SENSOR_004,2024-06-10 10:00:00,22.37C,35.0,Rooftop,BATCH_2024_Q2,C,%RH
SENSOR_004,2024-06-10 11:00:00,23.78C,44.9,Rooftop,BATCH_2024_Q2,C,%RH
SENSOR_004,2024-06-11 00:00:00,17.01C,55.0,Rooftop,BATCH_2024_Q2,C,%RH
SENSOR_004,2024-06-11 01:00:00,17.29°C,56.5,Rooftop,BATCH_2024_Q2,°C,%RH
SENSOR_004,2024-06-11 02:00:00,17.79C,59.4,Rooftop,BATCH_2024_Q2,C,%RH
SENSOR_004,2024-06-11 03:00:00,15.61C,60.2,Rooftop,BATCH_2024_Q2,C,%RH
SENSOR_004,2024-06-11 04:00:00,18.29C,,Rooftop,BATCH_2024_Q2,C,%RH
SENSOR_004,2024-06-11 05:00:00,19.58C,48.2,Rooftop,BATCH_2024_Q2,C,%RH
SENSOR_004,2024-06-11 06:00:00,17.96C,52.1,Rooftop,BATCH_2024_Q2,C,%RH
SENSOR_004,2024-06-11 07:00:00,21.18C,46.1,Rooftop,BATCH_2024_Q2,C,%RH
SENSOR_004,2024-06-11 08:00:00,22.62C,37.5,Rooftop,BATCH_2024_Q2,C,%RH
SENSOR_004,2024-06-11 09:00:00,22.26C,37.9,Rooftop,BATCH_2024_Q2,C,%RH
SENSOR_004,2024-06-11 10:00:00,23.83C,28.8,Rooftop,BATCH_2024_Q2,C,%RH
SENSOR_004,2024-06-11 11:00:00,22.67C,35.6,Rooftop,BATCH_2024_Q2,C,%RH
SENSOR_004,2024-06-12 00:00:00,17.69C,58.7,Rooftop,BATCH_2024_Q2,C,%RH
SENSOR_004,2024-06-12 01:00:00,16.10C,52.2,Rooftop,BATCH_2024_Q2,C,%RH
SENSOR_004,2024-06-12 02:00:00,17.51C,51.5,Rooftop,BATCH_2024_Q2,C,%RH
SENSOR_004,2024-06-12 03:00:00,18.82C,51.4,Rooftop,BATCH_2024_Q2,C,%RH
SENSOR_004,2024-06-12 04:00:00,15.67C,49.8,Rooftop,BATCH_2024_Q2,C,%RH
SENSOR_004,2024-06-12 05:00:00,18.41C,44.3,Rooftop,BATCH_2024_Q2,C,%RH
SENSOR_004,2024-06-12 06:00:00,19.21C,47.0,Rooftop,BATCH_2024_Q2,C,%RH
SENSOR_004,2024-06-12 07:00:00,21.92C,47.9,Rooftop,BATCH_2024_Q2,C,%RH
SENSOR_004,2024-06-12 08:00:00,21.38C,46.1,Rooftop,BATCH_2024_Q2,C,%RH
SENSOR_004,2024-06-12 09:00:00,21.91C,36.3,Rooftop,BATCH_2024_Q2,C,%RH
SENSOR_004,2024-06-12 10:00:00,21.22C,33.0,Rooftop,BATCH_2024_Q2,C,%RH
SENSOR_004,2024-06-12 11:00:00,22.29C,40.0,Rooftop,BATCH_2024_Q2,C,%RH
SENSOR_004,2024-06-13 00:00:00,16.74C,54.7,Rooftop,BATCH_2024_Q2,C,%RH
SENSOR_004,2024-06-13 01:00:00,16.23C,57.8,Rooftop,BATCH_2024_Q2,C,%RH
SENSOR_004,2024-06-13 02:00:00,15.87C,57.2,Rooftop,BATCH_2024_Q2,C,%RH
SENSOR_004,2024-06-13 03:00:00,16.74C,51.2,Rooftop,BATCH_2024_Q2,C,%RH
SENSOR_004,2024-06-13 04:00:00,17.40C,51.9,Rooftop,BATCH_2024_Q2,C,%RH
SENSOR_004,2024-06-13 05:00:00,20.05C,50.9,Rooftop,BATCH_2024_Q2,C,%RH
SENSOR_004,2024-06-13 06:00:00,21.49C,47.7,Rooftop,BATCH_2024_Q2,C,%RH
SENSOR_004,2024-06-13 07:00:00,19.73C,42.3,Rooftop,BATCH_2024_Q2,C,%RH
SENSOR_004,2024-06-13 08:00:00,,47.5,Rooftop,BATCH_2024_Q2,C,%RH
SENSOR_004,2024-06-13 09:00:00,20.82C,43.2,Rooftop,BATCH_2024_Q2,C,%RH
SENSOR_004,2024-06-13 10:00:00,23.40C,44.4,Rooftop,BATCH_2024_Q2,C,%RH
SENSOR_004,2024-06-13 11:00:00,22.87C,39.4,Rooftop,BATCH_2024_Q2,C,%RH
SENSOR_004,2024-06-14 00:00:00,19.70C,56.7,Rooftop,BATCH_2024_Q2,C,%RH
SENSOR_004,2024-06-14 01:00:00,15.74C,48.4,Rooftop,BATCH_2024_Q2,C,%RH
SENSOR_004,2024-06-14 02:00:00,18.60C,47.3,Rooftop,BATCH_2024_Q2,C,%RH
SENSOR_004,2024-06-14 03:00:00,17.15C,55.9,Rooftop,BATCH_2024_Q2,C,%RH
SENSOR_004,2024-06-14 04:00:00,18.74C,52.9,Rooftop,BATCH_2024_Q2,C,%RH
SENSOR_004,2024-06-14 05:00:00,19.98C,56.6,Rooftop,BATCH_2024_Q2,C,%RH
SENSOR_004,2024-06-14 06:00:00,19.66C,45.6,Rooftop,BATCH_2024_Q2,C,%RH
SENSOR_004,2024-06-14 07:00:00,20.02C,49.3,Rooftop,BATCH_2024_Q2,C,%RH
SENSOR_004,2024-06-14 08:00:00,88.26423811915004C,42.5,Rooftop,BATCH_2024_Q2,C,%RH
SENSOR_004,2024-06-14 09:00:00,23.34C,34.4,Rooftop,BATCH_2024_Q2,C,%RH
SENSOR_004,2024-06-14 10:00:00,24.89C,42.8,Rooftop,BATCH_2024_Q2,C,%RH
SENSOR_004,2024-06-14 11:00:00,23.72C,45.1,Rooftop,BATCH_2024_Q2,C,%RH
SENSOR_004,2024-06-15 00:00:00,15.43C,,Rooftop,BATCH_2024_Q2,C,%RH
SENSOR_004,2024-06-15 01:00:00,16.86°C,60.4,Rooftop,BATCH_2024_Q2,°C,%RH
SENSOR_004,2024-06-15 02:00:00,16.60C,58.6,Rooftop,BATCH_2024_Q2,C,%RH
SENSOR_004,2024-06-15 03:00:00,19.17C,58.2,Rooftop,BATCH_2024_Q2,C,%RH
SENSOR_004,2024-06-15 04:00:00,,47.2,Rooftop,BATCH_2024_Q2,C,%RH
SENSOR_004,2024-06-15 05:00:00,18.34C,56.7,Rooftop,BATCH_2024_Q2,C,%RH
SENSOR_004,2024-06-15 06:00:00,20.77C,45.4,Rooftop,BATCH_2024_Q2,C,%RH
SENSOR_004,2024-06-15 07:00:00,20.02C,36.1,Rooftop,BATCH_2024_Q2,C,%RH
SENSOR_004,2024-06-15 08:00:00,20.61C,51.1,Rooftop,BATCH_2024_Q2,C,%RH
SENSOR_004,2024-06-15 09:00:00,21.00C,41.6,Rooftop,BATCH_2024_Q2,C,%RH
SENSOR_004,2024-06-15 10:00:00,24.10C,34.5,Rooftop,BATCH_2024_Q2,C,%RH
SENSOR_004,2024-06-15 11:00:00,23.03C,43.0,Rooftop,BATCH_2024_Q2,C,%RH
SENSOR_004,2024-06-16 00:00:00,16.69C,68.3,Rooftop,BATCH_2024_Q2,C,%RH
SENSOR_004,2024-06-16 01:00:00,15.89C,61.1,Rooftop,BATCH_2024_Q2,C,%RH
SENSOR_004,2024-06-16 02:00:00,17.75C,58.9,Rooftop,BATCH_2024_Q2,C,%RH
SENSOR_004,2024-06-16 03:00:00,109.85772117798571C,53.4,Rooftop,BATCH_2024_Q2,C,%RH
SENSOR_004,2024-06-16 04:00:00,19.24C,43.3,Rooftop,BATCH_2024_Q2,C,%RH
SENSOR_004,2024-06-16 05:00:00,20.41C,49.4,Rooftop,BATCH_2024_Q2,C,%RH
SENSOR_004,2024-06-16 06:00:00,20.41C,50.2,Rooftop,BATCH_2024_Q2,C,%RH
SENSOR_004,2024-06-16 07:00:00,20.79C,45.0,Rooftop,BATCH_2024_Q2,C,%RH
SENSOR_004,2024-06-16 08:00:00,20.72°C,39.2,Rooftop,BATCH_2024_Q2,°C,%RH
SENSOR_004,2024-06-16 09:00:00,23.12C,44.1,Rooftop,BATCH_2024_Q2,C,%RH
SENSOR_004,2024-06-16 10:00:00,22.50C,38.2,Rooftop,BATCH_2024_Q2,C,%RH
SENSOR_004,2024-06-16 11:00:00,22.40C,42.3,Rooftop,BATCH_2024_Q2,C,%RH
SENSOR_004,2024-06-17 00:00:00,17.84C,64.9,Rooftop,BATCH_2024_Q2,C,%RH
SENSOR_004,2024-06-17 01:00:00,16.15C,56.6,Rooftop,BATCH_2024_Q2,C,%RH
SENSOR_004,2024-06-17 02:00:00,17.55C,60.0,Rooftop,BATCH_2024_Q2,C,%RH
SENSOR_004,2024-06-17 03:00:00,18.24C,51.4,Rooftop,BATCH_2024_Q2,C,%RH
SENSOR_004,2024-06-17 04:00:00,19.19C,53.9,Rooftop,BATCH_2024_Q2,C,%RH
SENSOR_004,2024-06-17 05:00:00,18.73C,54.0,Rooftop,BATCH_2024_Q2,C,%RH
SENSOR_004,2024-06-17 06:00:00,21.37C,47.6,Rooftop,BATCH_2024_Q2,C,%RH
SENSOR_004,2024-06-17 07:00:00,21.19C,47.6,Rooftop,BATCH_2024_Q2,C,%RH
SENSOR_004,2024-06-17 08:00:00,20.71C,44.4,Rooftop,BATCH_2024_Q2,C,%RH
SENSOR_004,2024-06-17 09:00:00,19.62C,45.5,Rooftop,BATCH_2024_Q2,C,%RH
SENSOR_004,2024-06-17 10:00:00,21.59C,43.3,Rooftop,BATCH_2024_Q2,C,%RH
SENSOR_004,2024-06-17 11:00:00,22.70C,37.4,Rooftop,BATCH_2024_Q2,C,%RH
SENSOR_004,2024-06-18 00:00:00,16.97C,57.2,Rooftop,BATCH_2024_Q2,C,%RH
SENSOR_004,2024-06-18 01:00:00,18.94C,48.0,Rooftop,BATCH_2024_Q2,C,%RH
SENSOR_004,2024-06-18 02:00:00,18.42C,57.3,Rooftop,BATCH_2024_Q2,C,%RH
SENSOR_004,2024-06-18 03:00:00,16.41C,48.2,Rooftop,BATCH_2024_Q2,C,%RH
SENSOR_004,2024-06-18 04:00:00,20.16C,47.9,Rooftop,BATCH_2024_Q2,C,%RH
SENSOR_004,2024-06-18 05:00:00,18.22C,55.6,Rooftop,BATCH_2024_Q2,C,%RH
SENSOR_004,2024-06-18 06:00:00,20.05C,45.0,Rooftop,BATCH_2024_Q2,C,%RH
SENSOR_004,2024-06-18 07:00:00,21.59C,40.2,Rooftop,BATCH_2024_Q2,C,%RH
SENSOR_004,2024-06-18 08:00:00,22.74C,44.8,Rooftop,BATCH_2024_Q2,C,%RH
SENSOR_004,2024-06-18 09:00:00,22.99°C,41.4,Rooftop,BATCH_2024_Q2,°C,%RH
SENSOR_004,2024-06-18 10:00:00,24.33C,37.9,Rooftop,BATCH_2024_Q2,C,%RH
SENSOR_004,2024-06-18 11:00:00,21.56C,41.0,Rooftop,BATCH_2024_Q2,C,%RH
SENSOR_004,2024-06-19 00:00:00,19.15C,51.9,Rooftop,BATCH_2024_Q2,C,%RH
SENSOR_004,2024-06-19 01:00:00,17.09C,58.3,Rooftop,BATCH_2024_Q2,C,%RH
SENSOR_004,2024-06-19 02:00:00,17.12C,51.3,Rooftop,BATCH_2024_Q2,C,%RH
SENSOR_004,2024-06-19 03:00:00,18.96C,65.4,Rooftop,BATCH_2024_Q2,C,%RH
SENSOR_004,2024-06-19 04:00:00,18.33C,49.3,Rooftop,BATCH_2024_Q2,C,%RH
SENSOR_004,2024-06-19 05:00:00,17.76C,51.2,Rooftop,BATCH_2024_Q2,C,%RH
SENSOR_004,2024-06-19 06:00:00,21.56C,48.4,Rooftop,BATCH_2024_Q2,C,%RH
SENSOR_004,2024-06-19 07:00:00,20.70C,42.7,Rooftop,BATCH_2024_Q2,C,%RH
SENSOR_004,2024-06-19 08:00:00,20.26C,46.8,Rooftop,BATCH_2024_Q2,C,%RH
SENSOR_004,2024-06-19 09:00:00,23.30C,34.6,Rooftop,BATCH_2024_Q2,C,%RH
SENSOR_004,2024-06-19 10:00:00,24.10C,39.7,Rooftop,BATCH_2024_Q2,C,%RH
SENSOR_004,2024-06-19 11:00:00,23.95C,33.4,Rooftop,BATCH_2024_Q2,C,%RH
SENSOR_004,2024-06-20 00:00:00,15.86C,56.2,Rooftop,BATCH_2024_Q2,C,%RH
SENSOR_004,2024-06-20 01:00:00,17.49C,64.9,Rooftop,BATCH_2024_Q2,C,%RH
SENSOR_004,2024-06-20 02:00:00,64.59F,56.0,Rooftop,BATCH_2024_Q2,F,%RH
SENSOR_004,2024-06-20 03:00:00,17.06C,57.9,Rooftop,BATCH_2024_Q2,C,%RH
SENSOR_004,2024-06-20 04:00:00,17.52C,,Rooftop,BATCH_2024_Q2,C,%RH
SENSOR_004,2024-06-20 05:00:00,19.52C,54.5,Rooftop,BATCH_2024_Q2,C,%RH
SENSOR_004,2024-06-20 06:00:00,20.38C,45.6,Rooftop,BATCH_2024_Q2,C,%RH
SENSOR_004,2024-06-20 07:00:00,20.48C,42.1,Rooftop,BATCH_2024_Q2,C,%RH
SENSOR_004,2024-06-20 08:00:00,22.40C,43.8,Rooftop,BATCH_2024_Q2,C,%RH
SENSOR_004,2024-06-20 09:00:00,21.51C,39.7,Rooftop,BATCH_2024_Q2,C,%RH
SENSOR_004,2024-06-20 10:00:00,22.44C,29.3,Rooftop,BATCH_2024_Q2,C,%RH
SENSOR_004,2024-06-20 11:00:00,23.90C,32.4,Rooftop,BATCH_2024_Q2,C,%RH
SENSOR_004,2024-06-21 00:00:00,16.30C,51.8,Rooftop,BATCH_2024_Q2,C,%RH
SENSOR_004,2024-06-21 01:00:00,15.89C,53.0,Rooftop,BATCH_2024_Q2,C,%RH
SENSOR_004,2024-06-21 02:00:00,17.12C,63.5,Rooftop,BATCH_2024_Q2,C,%RH
SENSOR_004,2024-06-21 03:00:00,17.11C,53.2,Rooftop,BATCH_2024_Q2,C,%RH
SENSOR_004,2024-06-21 04:00:00,,52.6,Rooftop,BATCH_2024_Q2,C,%RH
SENSOR_004,2024-06-21 05:00:00,19.74C,43.8,Rooftop,BATCH_2024_Q2,C,%RH
SENSOR_004,2024-06-21 06:00:00,21.19C,53.1,Rooftop,BATCH_2024_Q2,C,%RH
SENSOR_004,2024-06-21 07:00:00,19.03C,39.5,Rooftop,BATCH_2024_Q2,C,%RH
SENSOR_004,2024-06-21 08:00:00,70.89F,36.9,Rooftop,BATCH_2024_Q2,F,%RH
SENSOR_004,2024-06-21 09:00:00,22.68C,36.1,Rooftop,BATCH_2024_Q2,C,%RH
SENSOR_004,2024-06-21 10:00:00,24.98C,43.3,Rooftop,BATCH_2024_Q2,C,%RH
SENSOR_004,2024-06-21 11:00:00,23.04C,39.8,Rooftop,BATCH_2024_Q2,C,%RH
SENSOR_004,2024-06-22 00:00:00,88.62266391372903C,55.4,Rooftop,BATCH_2024_Q2,C,%RH
SENSOR_004,2024-06-22 01:00:00,15.94C,55.9,Rooftop,BATCH_2024_Q2,C,%RH
SENSOR_004,2024-06-22 02:00:00,18.47C,56.0,Rooftop,BATCH_2024_Q2,C,%RH
SENSOR_004,2024-06-22 03:00:00,16.54C,51.2,Rooftop,BATCH_2024_Q2,C,%RH
SENSOR_004,2024-06-22 04:00:00,18.81C,52.1,Rooftop,BATCH_2024_Q2,C,%RH
SENSOR_004,2024-06-22 05:00:00,69.79F,45.4,Rooftop,BATCH_2024_Q2,F,%RH
SENSOR_004,2024-06-22 06:00:00,,55.0,Rooftop,BATCH_2024_Q2,C,%RH
SENSOR_004,2024-06-22 07:00:00,23.37C,41.9,Rooftop,BATCH_2024_Q2,C,%RH
SENSOR_004,2024-06-22 08:00:00,22.45C,46.5,Rooftop,BATCH_2024_Q2,C,%RH
SENSOR_004,2024-06-22 09:00:00,22.35C,40.9,Rooftop,BATCH_2024_Q2,C,%RH
SENSOR_004,2024-06-22 10:00:00,23.18C,28.5,Rooftop,BATCH_2024_Q2,C,%RH
SENSOR_004,2024-06-22 11:00:00,23.93C,36.5,Rooftop,BATCH_2024_Q2,C,%RH
SENSOR_004,2024-06-23 00:00:00,16.86C,66.5,Rooftop,BATCH_2024_Q2,C,%RH
SENSOR_004,2024-06-23 01:00:00,16.28C,55.0,Rooftop,BATCH_2024_Q2,C,%RH
SENSOR_004,2024-06-23 02:00:00,19.87C,54.2,Rooftop,BATCH_2024_Q2,C,%RH
SENSOR_004,2024-06-23 03:00:00,17.32C,51.9,Rooftop,BATCH_2024_Q2,C,%RH
SENSOR_004,2024-06-23 04:00:00,19.36C,53.3,Rooftop,BATCH_2024_Q2,C,%RH
SENSOR_004,2024-06-23 05:00:00,17.95C,48.6,Rooftop,BATCH_2024_Q2,C,%RH
SENSOR_004,2024-06-23 06:00:00,19.91C,45.7,Rooftop,BATCH_2024_Q2,C,%RH
SENSOR_004,2024-06-23 07:00:00,21.03C,47.8,Rooftop,BATCH_2024_Q2,C,%RH
SENSOR_004,2024-06-23 08:00:00,19.77C,46.6,Rooftop,BATCH_2024_Q2,C,%RH
SENSOR_004,2024-06-23 09:00:00,22.59C,46.8,Rooftop,BATCH_2024_Q2,C,%RH
SENSOR_004,2024-06-23 10:00:00,23.02C,43.7,Rooftop,BATCH_2024_Q2,C,%RH
SENSOR_004,2024-06-23 11:00:00,23.50C,41.7,Rooftop,BATCH_2024_Q2,C,%RH
SENSOR_004,2024-06-24 00:00:00,17.64°C,55.9,Rooftop,BATCH_2024_Q2,°C,%RH
SENSOR_004,2024-06-24 01:00:00,19.74°C,61.9,Rooftop,BATCH_2024_Q2,°C,%RH
SENSOR_004,2024-06-24 02:00:00,17.78C,51.3,Rooftop,BATCH_2024_Q2,C,%RH
SENSOR_004,2024-06-24 03:00:00,16.84C,56.6,Rooftop,BATCH_2024_Q2,C,%RH
SENSOR_004,2024-06-24 04:00:00,18.76C,49.7,Rooftop,BATCH_2024_Q2,C,%RH
SENSOR_004,2024-06-24 05:00:00,19.49C,56.4,Rooftop,BATCH_2024_Q2,C,%RH
SENSOR_004,2024-06-24 06:00:00,20.34C,43.8,Rooftop,BATCH_2024_Q2,C,%RH
SENSOR_004,2024-06-24 07:00:00,20.41C,41.3,Rooftop,BATCH_2024_Q2,C,%RH
SENSOR_004,2024-06-24 08:00:00,20.77C,39.4,Rooftop,BATCH_2024_Q2,C,%RH
SENSOR_004,2024-06-24 09:00:00,22.15C,33.9,Rooftop,BATCH_2024_Q2,C,%RH
SENSOR_004,2024-06-24 10:00:00,22.48C,37.5,Rooftop,BATCH_2024_Q2,C,%RH
SENSOR_004,2024-06-24 11:00:00,20.15C,46.0,Rooftop,BATCH_2024_Q2,C,%RH
SENSOR_004,2024-06-25 00:00:00,17.87C,54.1,Rooftop,BATCH_2024_Q2,C,%RH
SENSOR_004,2024-06-25 01:00:00,17.12C,53.0,Rooftop,BATCH_2024_Q2,C,%RH
SENSOR_004,2024-06-25 02:00:00,18.78C,63.9,Rooftop,BATCH_2024_Q2,C,%RH
SENSOR_004,2024-06-25 03:00:00,18.47C,58.8,Rooftop,BATCH_2024_Q2,C,%RH
SENSOR_004,2024-06-25 04:00:00,18.68C,46.7,Rooftop,BATCH_2024_Q2,C,%RH
SENSOR_004,2024-06-25 05:00:00,18.49C,49.4,Rooftop,BATCH_2024_Q2,C,%RH
SENSOR_004,2024-06-25 06:00:00,19.25C,47.2,Rooftop,BATCH_2024_Q2,C,%RH
SENSOR_004,2024-06-25 07:00:00,20.48C,44.6,Rooftop,BATCH_2024_Q2,C,%RH
SENSOR_004,2024-06-25 08:00:00,21.60°C,38.2,Rooftop,BATCH_2024_Q2,°C,%RH
SENSOR_004,2024-06-25 09:00:00,21.50C,33.2,Rooftop,BATCH_2024_Q2,C,%RH
SENSOR_004,2024-06-25 10:00:00,23.52C,28.6,Rooftop,BATCH_2024_Q2,C,%RH
SENSOR_004,2024-06-25 11:00:00,23.88C,43.2,Rooftop,BATCH_2024_Q2,C,%RH
SENSOR_004,2024-06-26 00:00:00,16.49C,46.1,Rooftop,BATCH_2024_Q2,C,%RH
SENSOR_004,2024-06-26 01:00:00,17.00C,58.6,Rooftop,BATCH_2024_Q2,C,%RH
SENSOR_004,2024-06-26 02:00:00,16.23C,53.0,Rooftop,BATCH_2024_Q2,C,%RH
SENSOR_004,2024-06-26 03:00:00,19.84C,57.6,Rooftop,BATCH_2024_Q2,C,%RH
SENSOR_004,2024-06-26 04:00:00,17.78C,46.3,Rooftop,BATCH_2024_Q2,C,%RH
SENSOR_004,2024-06-26 05:00:00,19.05C,48.8,Rooftop,BATCH_2024_Q2,C,%RH
SENSOR_004,2024-06-26 06:00:00,20.94C,45.2,Rooftop,BATCH_2024_Q2,C,%RH
SENSOR_004,2024-06-26 07:00:00,21.23C,52.1,Rooftop,BATCH_2024_Q2,C,%RH
SENSOR_004,2024-06-26 08:00:00,22.61C,42.3,Rooftop,BATCH_2024_Q2,C,%RH
SENSOR_004,2024-06-26 09:00:00,22.08C,,Rooftop,BATCH_2024_Q2,C,%RH
SENSOR_004,2024-06-26 10:00:00,24.23C,37.9,Rooftop,BATCH_2024_Q2,C,%RH
SENSOR_004,2024-06-26 11:00:00,23.38C,39.3,Rooftop,BATCH_2024_Q2,C,%RH
SENSOR_004,2024-06-27 00:00:00,16.85C,50.1,Rooftop,BATCH_2024_Q2,C,%RH
SENSOR_004,2024-06-27 01:00:00,17.29C,57.7,Rooftop,BATCH_2024_Q2,C,%RH
SENSOR_004,2024-06-27 02:00:00,17.94C,55.3,Rooftop,BATCH_2024_Q2,C,%RH
SENSOR_004,2024-06-27 03:00:00,19.57C,50.0,Rooftop,BATCH_2024_Q2,C,%RH
SENSOR_004,2024-06-27 04:00:00,20.52C,44.3,Rooftop,BATCH_2024_Q2,C,%RH
SENSOR_004,2024-06-27 05:00:00,19.31C,53.0,Rooftop,BATCH_2024_Q2,C,%RH
SENSOR_004,2024-06-27 06:00:00,19.82C,48.7,Rooftop,BATCH_2024_Q2,C,%RH
SENSOR_004,2024-06-27 07:00:00,21.95C,34.0,Rooftop,BATCH_2024_Q2,C,%RH
SENSOR_004,2024-06-27 08:00:00,22.18C,32.9,Rooftop,BATCH_2024_Q2,C,%RH
SENSOR_004,2024-06-27 09:00:00,21.56C,45.0,Rooftop,BATCH_2024_Q2,C,%RH
SENSOR_004,2024-06-27 10:00:00,21.94C,32.2,Rooftop,BATCH_2024_Q2,C,%RH
SENSOR_004,2024-06-27 11:00:00,23.00C,47.5,Rooftop,BATCH_2024_Q2,C,%RH
SENSOR_004,2024-06-28 00:00:00,15.64C,52.1,Rooftop,BATCH_2024_Q2,C,%RH
SENSOR_004,2024-06-28 01:00:00,18.34C,65.1,Rooftop,BATCH_2024_Q2,C,%RH
SENSOR_004,2024-06-28 02:00:00,17.45C,51.0,Rooftop,BATCH_2024_Q2,C,%RH
SENSOR_004,2024-06-28 03:00:00,20.37C,60.0,Rooftop,BATCH_2024_Q2,C,%RH
SENSOR_004,2024-06-28 04:00:00,19.61C,50.1,Rooftop,BATCH_2024_Q2,C,%RH
SENSOR_004,2024-06-28 05:00:00,18.91C,48.1,Rooftop,BATCH_2024_Q2,C,%RH
SENSOR_004,2024-06-28 06:00:00,20.82C,51.4,Rooftop,BATCH_2024_Q2,C,%RH
SENSOR_004,2024-06-28 07:00:00,21.39C,40.6,Rooftop,BATCH_2024_Q2,C,%RH
SENSOR_004,2024-06-28 08:00:00,22.78C,44.7,Rooftop,BATCH_2024_Q2,C,%RH
SENSOR_004,2024-06-28 09:00:00,22.80C,45.4,Rooftop,BATCH_2024_Q2,C,%RH
SENSOR_004,2024-06-28 10:00:00,21.15C,39.5,Rooftop,BATCH_2024_Q2,C,%RH
SENSOR_004,2024-06-28 11:00:00,22.91C,32.1,Rooftop,BATCH_2024_Q2,C,%RH
SENSOR_004,2024-06-29 00:00:00,17.61C,68.2,Rooftop,BATCH_2024_Q2,C,%RH
SENSOR_004,2024-06-29 01:00:00,15.42°C,55.8,Rooftop,BATCH_2024_Q2,°C,%RH
SENSOR_004,2024-06-29 02:00:00,18.63C,58.2,Rooftop,BATCH_2024_Q2,C,%RH
SENSOR_004,2024-06-29 03:00:00,18.33C,50.2,Rooftop,BATCH_2024_Q2,C,%RH
SENSOR_004,2024-06-29 04:00:00,18.52C,49.1,Rooftop,BATCH_2024_Q2,C,%RH
SENSOR_004,2024-06-29 05:00:00,17.30C,55.9,Rooftop,BATCH_2024_Q2,C,%RH
SENSOR_004,2024-06-29 06:00:00,21.36C,47.5,Rooftop,BATCH_2024_Q2,C,%RH
SENSOR_004,2024-06-29 07:00:00,20.96C,48.7,Rooftop,BATCH_2024_Q2,C,%RH
SENSOR_004,2024-06-29 08:00:00,21.51C,45.0,Rooftop,BATCH_2024_Q2,C,%RH
SENSOR_004,2024-06-29 09:00:00,22.18C,45.7,Rooftop,BATCH_2024_Q2,C,%RH
SENSOR_004,2024-06-29 10:00:00,23.31C,40.0,Rooftop,BATCH_2024_Q2,C,%RH
SENSOR_004,2024-06-29 11:00:00,21.89C,36.8,Rooftop,BATCH_2024_Q2,C,%RH
SENSOR_004,2024-06-30 00:00:00,16.37C,53.2,Rooftop,BATCH_2024_Q2,C,%RH
SENSOR_004,2024-06-30 01:00:00,16.68C,53.3,Rooftop,BATCH_2024_Q2,C,%RH
SENSOR_004,2024-06-30 02:00:00,19.56C,63.1,Rooftop,BATCH_2024_Q2,C,%RH
SENSOR_004,2024-06-30 03:00:00,19.56C,48.2,Rooftop,BATCH_2024_Q2,C,%RH
SENSOR_004,2024-06-30 04:00:00,18.48C,45.5,Rooftop,BATCH_2024_Q2,C,%RH
SENSOR_004,2024-06-30 05:00:00,18.53°C,47.6,Rooftop,BATCH_2024_Q2,°C,%RH
SENSOR_004,2024-06-30 06:00:00,20.89C,46.0,Rooftop,BATCH_2024_Q2,C,%RH
SENSOR_004,2024-06-30 07:00:00,21.56C,,Rooftop,BATCH_2024_Q2,C,%RH
SENSOR_004,2024-06-30 08:00:00,23.48C,36.9,Rooftop,BATCH_2024_Q2,C,%RH
SENSOR_004,2024-06-30 09:00:00,23.96°C,43.5,Rooftop,BATCH_2024_Q2,°C,%RH
SENSOR_004,2024-06-30 10:00:00,,43.8,Rooftop,BATCH_2024_Q2,C,%RH
SENSOR_004,2024-06-30 11:00:00,23.35C,35.7,Rooftop,BATCH_2024_Q2,C,%RH
SENSOR_000,2024-06-09 05:00:00,23.00°C,54.1,Room_A,BATCH_2024_Q1,°C,%RH
SENSOR_001,2024-06-15 08:00:00,24.74C,41.0,Room_C,BATCH_2024_Q1,C,%RH
SENSOR_002,2024-06-21 08:00:00,13.40C,62.0,Room_B,BATCH_2024_Q2,C,%RH
SENSOR_003,2024-06-05 01:00:00,112.53649705115615C,59.8,Rooftop,BATCH_2024_Q2,C,%RH
SENSOR_003,2024-06-17 03:00:00,14.12C,42.0,Rooftop,BATCH_2024_Q2,C,%RH
SENSOR_000,2024-06-09 01:00:00,69.09F,60.1,Room_A,BATCH_2024_Q1,F,%RH
SENSOR_001,2024-06-25 02:00:00,21.27C,58.1,Room_C,BATCH_2024_Q1,C,%RH
SENSOR_001,2024-06-25 01:00:00,20.48C,60.5,Room_C,BATCH_2024_Q1,C,%RH
SENSOR_004,2024-06-28 10:00:00,21.15C,39.5,Rooftop,BATCH_2024_Q2,C,%RH
SENSOR_000,2024-06-18 01:00:00,20.77C,57.9,Room_A,BATCH_2024_Q1,C,%RH
SENSOR_002,2024-06-04 07:00:00,19.60C,51.5,Room_B,BATCH_2024_Q2,C,%RH
SENSOR_000,2024-06-15 09:00:00,25.56C,41.3,Room_A,BATCH_2024_Q1,C,%RH
SENSOR_004,2024-06-24 01:00:00,19.74°C,61.9,Rooftop,BATCH_2024_Q2,°C,%RH
SENSOR_000,2024-06-10 02:00:00,21.55C,55.8,Room_A,BATCH_2024_Q1,C,%RH
SENSOR_000,2024-06-30 11:00:00,,40.2,Room_A,BATCH_2024_Q1,°C,%RH
SENSOR_001,2024-06-30 06:00:00,23.04C,47.7,Room_C,BATCH_2024_Q1,C,%RH
SENSOR_000,2024-06-29 04:00:00,22.17C,53.2,Room_A,BATCH_2024_Q1,C,%RH
SENSOR_003,2024-06-21 03:00:00,13.01C,37.4,Rooftop,BATCH_2024_Q2,C,%RH
