时间,产量,能耗,压力,泄漏,_original_index
2024-01-01 00:00:00,104.9671415301123,13.2918645030722,0.5880884383337514,0.02013656689925719,0
2024-01-01 01:00:00,98.87933497777888,13.02584334375304,0.5939649923682466,0.01976314648727782,1
2024-01-01 02:00:00,107.0008213816123,13.03379312048424,0.6696567411071412,0.01208911618326936,2
2024-01-01 03:00:00,116.0161526205715,12.41740378249579,0.7228843293026775,0.01529800541757823,3
2024-01-01 04:00:00,98.70617843610948,12.23925811517773,0.5626247578637382,0.0171961954651007,4
2024-01-01 05:00:00,98.96812084243291,11.23153882332853,0.6750134911924184,0.009818897485720316,5
2024-01-01 06:00:00,117.3632969341684,13.46319366625469,0.6736876071741289,0.02023746734125821,6
2024-01-01 07:00:00,109.5070746208542,13.78295903807048,0.7694168889104224,0.0187546407767348,7
2024-01-01 08:00:00,97.39940225687724,12.89400858064973,0.6807489094143567,0.01163553049344213,8
2024-01-01 09:00:00,107.7810056399277,12.95664739611292,0.7191494492370464,0.02202106432638666,9
2024-01-01 10:00:00,97.98230774117145,12.06047864175162,0.7070628570043731,0.0235793637234548,10
2024-01-01 11:00:00,98.2200670663534,13.45832470819663,0.5934716760096399,0.02113517239432445,11
2024-01-01 12:00:00,105.5576478233695,12.92105113213244,0.7384103608315868,0.01837965912395515,12
2024-01-01 13:00:00,84.26564386177242,12.30420229081981,0.7107698252728144,0.02295721075875928,13
2024-01-01 14:00:00,86.4094300191937,10.85778526379702,0.7254134319837294,0.02340110180238346,14
2024-01-01 15:00:00,98.29561608332831,10.06472132812138,0.8963118853218163,0.02153701784859844,15
2024-01-01 16:00:00,94.04976438063304,17.99173161795903,0.5957943530250706,0.0158769387478262,16
2024-01-01 17:00:00,107.5798144991675,13.31962722330502,0.7862348324880554,0.0213830038275559,17
2024-01-01 18:00:00,95.61602761670932,12.70713366353614,0.6856276240299822,0.0259774032541274,18
2024-01-01 19:00:00,90.83180042102067,11.51127879197954,0.7143664452201505,0.01701685470694135,19
2024-01-01 20:00:00,119.8695163313746,14.21837544143176,0.6977243877349378,0.03048969669566216,20
2024-01-01 21:00:00,103.2130593008155,11.12193145145768,0.6787881833300978,0.01737184533007308,21
2024-01-01 22:00:00,106.4034808125376,12.54600967604444,0.671508353588062,0.02016203506670068,22
2024-01-01 23:00:00,91.73765653249252,10.22827125087798,0.7164754367786504,0.01663757201996832,23
2024-01-02 00:00:00,100.7977943531831,11.5105804892758,0.624141315166416,0.0211163541796013,24
2024-01-02 01:00:00,107.6068547148354,17.61002525660044,0.7375289583760882,0.1125053898123191,25
2024-01-02 02:00:00,95.24320475526291,13.01965513692832,0.6791902797557372,0.0172697910059164,26
2024-01-02 03:00:00,110.7651174318797,13.72897247530419,0.643496533047982,0.01453939399825717,27
2024-01-02 04:00:00,101.2562126293738,10.93983961943185,0.6774993571002093,0.02067669173946145,28
2024-01-02 05:00:00,104.5995704667397,13.0170009372507,0.7628574608431286,0.02497223687754454,29
2024-01-02 06:00:00,101.7527770714669,13.42793901754956,0.6732332456491888,0.02323003093557276,30
2024-01-02 07:00:00,126.545367741635,14.41379211029962,0.717922680910481,0.008141703195705539,31
2024-01-02 08:00:00,108.139744551552,12.83184352449092,0.6634521862142263,0.0302103482646394,32
2024-01-02 09:00:00,97.94910738391928,11.76827984169837,0.7378960924961809,0.02147639970310434,33
2024-01-02 10:00:00,117.0025154619006,13.12195108530383,0.7342753869395101,0.016117504297535,34
2024-01-02 11:00:00,96.81881017165942,12.24591462322243,0.7924304416648206,0.02078563959495471,35
2024-01-02 12:00:00,111.365374536339,13.22915058566885,0.6912218027250392,0.02088094911251346,36
2024-01-02 13:00:00,89.92882182064514,11.16873920243837,0.7334327402378953,0.01666575641524218,37
2024-01-02 14:00:00,96.49172062959789,10.72265000273741,0.7049033769769472,0.02098958333671038,38
2024-01-02 15:00:00,111.9895062055548,19.42325003141877,0.7647935890931506,0.01696263856189846,39
2024-01-02 16:00:00,117.6521081842343,14.96814987872239,0.6640583806195635,0.01797819003654989,40
2024-01-02 17:00:00,112.2268907410017,13.04880783467594,0.737250265643864,0.01656860432122458,41
2024-01-02 18:00:00,109.6016889154274,22.56747632664301,0.6902651351941659,0.01283664355130174,42
2024-01-02 19:00:00,107.9912781781318,12.52738115646827,0.6967905911445751,0.02072918235107692,43
2024-01-02 20:00:00,96.46039959125788,11.79197973523174,0.7045876242224186,0.02292649718258169,44
2024-01-02 21:00:00,104.2896241837553,13.48735037578324,0.7126120198213338,0.02257441798038186,45
2024-01-02 22:00:00,107.1232492538072,11.33539045103642,0.694188547843902,0.02409962626317617,46
2024-01-02 23:00:00,122.5415354221082,12.54726209660396,0.7107356591585263,0.02162170105007434,47
2024-01-03 00:00:00,115.6462593990223,12.11318666879738,0.7789059028781091,0.01733637250891548,48
2024-01-03 01:00:00,94.81850715574096,12.57538425714427,0.7492724842807609,0.02419831932215594,49
2024-01-03 02:00:00,115.9276312586743,13.27155967459976,0.7434577296248448,0.01321241230079033,50
2024-01-03 03:00:00,109.0728841243615,15.87904783745055,0.6772230236988064,0.0154966430874376,51
2024-01-03 04:00:00,106.3904167305971,15.81650802688796,0.5347496152170681,0.1528386313400807,52
2024-01-03 05:00:00,119.511325876583,14.56191881456325,0.7477650279118876,0.02540028029569655,53
2024-01-03 06:00:00,123.9384630016196,16.78388293320197,0.7438023396264897,0.02471394257070038,54
2024-01-03 07:00:00,123.174134452755,17.25188368563887,0.7736335337875491,0.02243652618522498,55
2024-01-03 08:00:00,105.7009664524831,14.86314517825515,0.6698009687015385,0.02535964932605899,56
2024-01-03 09:00:00,111.2317516098447,14.69189711733198,0.6885225672319826,0.01560358608794006,57
2024-01-03 10:00:00,117.8661510308777,15.35096120702889,0.6180257918737282,,58
2024-01-03 11:00:00,124.5374994889968,15.6824181850132,0.6803764446969564,0.01937412785808418,59
2024-01-03 12:00:00,110.2177100649419,14.08401696198074,0.7498285255289723,0.02423441051942457,60
2024-01-03 13:00:00,113.3791222852794,12.98056514689841,0.6766752310385901,0.01942387883723901,61
2024-01-03 14:00:00,104.3974600487798,11.67351635341321,0.7320239897600411,0.01807528555794959,62
2024-01-03 15:00:00,103.7226622474585,12.44321939263197,0.6904748447001093,0.02270454259280495,63
2024-01-03 16:00:00,124.0327092981506,22.00926077647735,0.716202851411078,0.02438084583595616,64
2024-01-03 17:00:00,129.6913608476098,14.97516567679755,0.6426154305092165,0.01665827402576599,65
2024-01-03 18:00:00,115.6291388432824,14.6807234697008,0.704260472481695,0.01969462164323812,66
2024-01-03 19:00:00,126.603601746222,16.40188301126616,0.5504432014549638,0.01470779683179174,67
2024-01-03 20:00:00,120.4024022336461,14.55473228287288,0.6906551920919007,0.007509694912535303,68
2024-01-03 21:00:00,110.5513335536125,14.89958923469587,0.6184763378142429,0.02100229815706865,69
2024-01-03 22:00:00,120.8316796624619,13.12027942636443,0.7602997258273407,0.02304452678127316,70
2024-01-03 23:00:00,132.8119687604445,15.68023331069311,0.7388703676382256,0.02131033404543363,71
2024-01-04 00:00:00,117.2858928633889,13.2335756846436,0.723333549098304,0.01025219141122817,72
2024-01-04 01:00:00,133.5017944326065,13.52835545437858,0.776050311357969,0.01824575284961763,73
2024-01-04 02:00:00,91.86774980841005,10.94817309139936,0.6525541739587581,0.008908261199744595,74
2024-01-04 03:00:00,126.4926912201907,15.02512124657534,0.7873681598957779,0.02684850553827092,75
2024-01-04 04:00:00,119.3512086407273,16.12846559761674,0.7466095782130192,0.01456972708940957,76
2024-01-04 05:00:00,115.6963268991277,14.61338517657572,0.6881722356390526,0.02627701804729948,77
2024-01-04 06:00:00,119.8082455943492,13.1499292054846,0.7567810073591472,0.02472934821842073,78
2024-01-04 07:00:00,99.21774551286475,13.74571830558217,0.6446853243794183,0.01549704823731969,79
2024-01-04 08:00:00,117.0980565498143,15.48157351325628,0.6587742919236163,0.01433607524366128,80
2024-01-04 09:00:00,123.0657704978619,15.48425548356744,0.6695705138380149,0.02175185108193169,81
2024-01-04 10:00:00,134.4719679279669,15.83207852658873,0.6735511145967992,0.01577837981408465,82
2024-01-04 11:00:00,114.7072062102597,12.66431880150061,0.6471721178619874,0.02051242321079104,83
2024-01-04 12:00:00,112.0003364770566,16.93011779635385,0.5705021830516355,0.2310908269321525,84
2024-01-04 13:00:00,115.2615344852648,15.08629250398996,0.6870572799815083,0.01109420792767183,85
2024-01-04 14:00:00,129.6254120337704,17.9979522082522,0.7176252484178439,0.008847659904377705,86
2024-01-04 15:00:00,123.9496267458263,16.78679980257165,0.671482431679316,0.02113342124247299,87
2024-01-04 16:00:00,115.553662716254,13.30155611390921,0.6089698349725741,0.01719221126834687,88
2024-01-04 17:00:00,126.1714980775045,13.72794168098289,0.7135028679195711,0.01723455091542934,89
2024-01-04 18:00:00,122.1955538168476,14.83562318768663,0.6043872512290112,0.02347931919546893,90
2024-01-04 19:00:00,131.0955642093924,13.41312214114147,0.6965682976957265,0.02586721138316223,91
2024-01-04 20:00:00,114.5712866922704,14.11881181138796,0.6315842480583594,0.01863727639319095,92
2024-01-04 21:00:00,118.4962529054207,14.04464681469507,0.7993637999615404,0.01829700646545069,93
2024-01-04 22:00:00,118.0311891864633,13.61367427717752,0.7455681361087361,0.02250071516556942,94
2024-01-04 23:00:00,107.4948435081618,11.18515765440111,0.705287689563574,0.01321532215150212,95
2024-01-05 00:00:00,125.2672304040821,15.67544027734215,0.7631853338827334,0.02111576527373848,96
2024-01-05 01:00:00,125.0909139470861,14.34454932471344,0.6576842011267132,0.02275942985911077,97
2024-01-05 02:00:00,122.7041150368238,13.28895770449373,0.7271739689335046,0.02340115104208815,98
2024-01-05 03:00:00,120.4780008711203,10.99691601019611,0.7099905216859357,0.01031623648748768,99
2024-01-05 04:00:00,108.8393159760397,13.0307708826762,0.7132010040666834,0.0161932236509553,100
2024-01-05 05:00:00,118.9539679183343,16.38263974593481,0.7636176750053384,0.01560868373588267,101
2024-01-05 06:00:00,119.8989075222254,16.37970055202225,0.7366246051389901,0.02049943477204607,102
2024-01-05 07:00:00,115.4671326978234,13.32825998258955,0.7144361831412511,0.02240372289883992,103
2024-01-05 08:00:00,122.0391096416009,13.90975892037226,0.6172556281885851,0.02748355203722991,104
2024-01-05 09:00:00,127.8527330015434,15.94166865818478,0.6519976852360267,0.01752517259815963,105
2024-01-05 10:00:00,142.8325252063454,15.71388389067635,0.6938645533202138,0.01751213750845393,106
2024-01-05 11:00:00,125.8730580863766,15.48464166372493,0.7046686187138325,0.02574836009439373,107
2024-01-05 12:00:00,126.8575576887535,16.19473765374444,0.6434898137663038,0.02148288469265153,108
2024-01-05 13:00:00,123.690516703968,16.36046204871132,0.8205838337789211,0.02633825755593987,109
2024-01-05 14:00:00,105.3983223835798,12.54223796962093,0.7758197027626786,0.02144364001504918,110
2024-01-05 15:00:00,124.4700795321582,14.68289666502759,0.7301059160196242,0.01421441690643365,111
2024-01-05 16:00:00,125.484817834565,13.95644329053713,0.7036018430641872,0.01333435822611097,112
2024-01-05 17:00:00,149.6603367740695,16.72172849031367,0.6893895515049424,0.01224243875470536,113
2024-01-05 18:00:00,123.2477972928637,14.51060542954172,0.6524040769988881,0.02331025917379237,114
2024-01-05 19:00:00,128.3284520902554,15.87084871924137,0.7038740259259431,0.02594298411543504,115
2024-01-05 20:00:00,125.105502334673,24.23340737409332,0.7128876270071375,0.02924681070693191,116
2024-01-05 21:00:00,113.9035400098824,12.75357554374675,0.6379119712259187,0.0242155266616162,117
2024-01-05 22:00:00,137.1542973741315,18.5058022036362,0.7167088208622449,0.02581419288767493,118
2024-01-05 23:00:00,133.3791865351312,15.64387993064041,0.6922370475587625,0.01709991833673158,119
2024-01-06 00:00:00,133.9019905917929,16.03962763854699,0.6046096221061303,0.01421792091628072,120
2024-01-06 01:00:00,117.0276293681584,13.1688714097103,0.6569807494610249,0.02425039666208777,121
2024-01-06 02:00:00,140.2772878008381,13.43261604921371,0.6793197233289178,0.022088403761197,122
2024-01-06 03:00:00,112.3566730704479,14.47608476423748,0.7943843828670095,0.02053722187170446,123
2024-01-06 04:00:00,132.367582278338,16.85945232514731,0.7278276562266879,0.02193685740316495,124
2024-01-06 05:00:00,148.5253744324056,17.40520212429731,0.6332259215450053,0.02161592741229103,125
2024-01-06 06:00:00,116.8352316600166,14.09849655886238,0.7243018144708818,0.02641908429926781,126
2024-01-06 07:00:00,121.1953551212165,15.16873698165209,0.6226348005530817,0.02647492792408478,127
2024-01-06 08:00:00,127.9705353643116,13.35686594534681,0.7541345526943536,0.02272110176170174,128
2024-01-06 09:00:00,122.0528974362975,14.00062357069024,0.6764437674091061,0.02422901436281464,129
2024-01-06 10:00:00,111.6925862330877,14.2902451101761,0.6953181905630414,0.02257031276212388,130
2024-01-06 11:00:00,127.9943426523257,13.75390161613595,0.7662898323771095,0.0176941513398269,131
2024-01-06 12:00:00,116.7930855718873,14.35802563554491,0.6356418215707874,0.0237828233745657,132
2024-01-06 13:00:00,132.2573660737049,14.07670456541454,0.6301440907443504,0.01302752465570369,133
2024-01-06 14:00:00,118.4304197049363,14.76404535041804,0.6708200336826997,0.02526945776147942,134
2024-01-06 15:00:00,143.2251197275349,17.13596681161095,0.7519189425509658,0.01402738530116983,135
2024-01-06 16:00:00,119.9922420233459,12.4610361652641,0.6240326962261579,0.02142901643397366,136
2024-01-06 17:00:00,124.7010371436043,16.41656651226032,0.5583922200944715,0.0157742302078692,137
2024-01-06 18:00:00,136.1515725400713,15.3380307212511,0.67744205707955,0.02276694491537213,138
2024-01-06 19:00:00,115.800368739046,12.95776893890576,0.727587039995546,0.01983037387036046,139
2024-01-06 20:00:00,130.4740792002024,15.9185803172706,0.7600130874869414,0.01202622020918334,140
2024-01-06 21:00:00,141.3592248624622,24.16285538826722,0.67684193189573,0.07694063004651334,141
2024-01-06 22:00:00,112.2991252191358,12.33513600979845,0.6794286696441998,0.01711039611583645,142
2024-01-06 23:00:00,130.3042926042559,15.71688660453448,0.7576950367127873,0.02440573360406684,143
2024-01-07 00:00:00,131.1386082191279,16.29897697664283,0.6065129150152289,0.02000662844367204,144
2024-01-07 01:00:00,136.4376588156034,17.31817612154192,0.6805739612408495,0.02197710492694019,145
2024-01-07 02:00:00,116.3273902996366,14.16453669261448,0.7095211944962528,0.01521215522492394,146
2024-01-07 03:00:00,115.5676101699245,13.44394791810403,0.7224609360642517,0.01705333884286319,147
2024-01-07 04:00:00,134.0646766902992,14.97825504920266,0.6745096653404559,0.01770680681949458,148
2024-01-07 05:00:00,131.8859927674146,15.93993084745386,0.701722050585292,0.02428351240121278,149
2024-01-07 06:00:00,131.4897544014111,14.36901757446774,0.5755836323293505,0.02838688543902745,150
2024-01-07 07:00:00,132.5157774801996,12.0306429914995,0.6670875793833075,0.01597414124128562,151
2024-01-07 08:00:00,122.3153022121838,15.21181570925443,0.7226754356277233,0.0253842407232884,152
2024-01-07 09:00:00,131.5001200977818,16.96868981336785,0.6508852982872659,0.00915161291137149,153
2024-01-07 10:00:00,132.1681164821513,12.73713068405668,0.7029492110794798,0.01402905299453855,154
2024-01-07 11:00:00,122.1514565556926,17.45220623066682,0.5269261543732029,0.2429489830221377,155
2024-01-07 12:00:00,148.0080608070356,18.6773655119622,0.6828725399571117,0.01323745655279639,156
2024-01-07 13:00:00,134.1417516165847,18.85697065649332,0.7085231885498285,0.0120820580510621,157
2024-01-07 14:00:00,117.5412518496618,14.12939140626704,0.6518633717357694,0.02206499456068899,158
2024-01-07 15:00:00,136.0684411456828,15.33763068385674,0.6896694360151976,0.01892966151136069,159
2024-01-07 16:00:00,119.8024567105479,14.15718037558599,0.730510808479461,0.02189702698802555,160
2024-01-07 17:00:00,137.4642343835035,18.3856714693218,0.7078486480484216,0.02345236343060757,161
2024-01-07 18:00:00,141.2212022849983,16.0343058941097,0.6706734365218032,0.02132808496586267,162
2024-01-07 19:00:00,121.4680214837478,13.6053998597154,0.7112108202145396,0.02328881588075187,163
2024-01-07 20:00:00,139.3459411357974,16.04882943203904,0.7357304895318308,0.01965233856878865,164
2024-01-07 21:00:00,133.875058445386,14.78873778196338,0.597502936071126,0.01406503305847128,165
2024-01-07 22:00:00,138.0006515908316,16.72936402628115,0.7579537032477949,0.02528907090410398,166
2024-01-07 23:00:00,148.7785096131089,20.27059355008931,0.6831872630659463,0.01705443933609437,167
2024-01-08 00:00:00,127.3849550748457,15.69774899589648,0.7212744966620115,0.01532201850618787,168
2024-01-08 01:00:00,122.3274555373972,14.37059704637706,0.7598623461822613,0.01911041062097801,169
2024-01-08 02:00:00,120.9933763473067,14.16613285485397,0.6314163151384766,0.01543594540351743,170
2024-01-08 03:00:00,121.7518419653694,12.7070074328228,0.6645279498786226,0.01791284809005284,171
2024-01-08 04:00:00,129.1580709674147,16.63957606877768,0.6855725652062147,0.02172026960781733,172
2024-01-08 05:00:00,133.357468671465,15.89909452495471,0.6608123239437785,0.02174170869623063,173
2024-01-08 06:00:00,132.7274341077473,15.68774573454096,0.7867468287918404,0.01551084966787185,174
2024-01-08 07:00:00,138.2446510137087,21.00365853530449,0.6571613953086604,0.01756147313525628,175
2024-01-08 08:00:00,130.1128441313656,16.00225720176364,0.6722226610256566,0.02537166502385122,176
2024-01-08 09:00:00,144.5258861906269,16.25657366542335,,0.02248200058866971,177
2024-01-08 10:00:00,127.3494102216296,14.73896534239267,0.6398925236961955,0.03037532519674271,178
2024-01-08 11:00:00,157.2008158690192,20.66946392895235,0.6802159644121868,0.02590064086870764,179
2024-01-08 12:00:00,136.2566556041592,16.50513714568697,0.7158726630625087,0.0257214653427997,180
2024-01-08 13:00:00,121.4269766945796,12.82477973781485,0.6833569797808744,0.01306065724772099,181
2024-01-08 14:00:00,119.285909728253,15.41081976448372,0.6953306570550025,0.02381930175816711,182
2024-01-08 15:00:00,134.8135539128058,15.27687768256336,0.6735333943775814,0.01973446599151545,183
2024-01-08 16:00:00,127.7459100179489,17.72257049372897,0.6242764845409616,0.01724509098230875,184
2024-01-08 17:00:00,137.1099646146231,17.93404927447704,0.7160796605669619,0.02084007670266264,185
2024-01-08 18:00:00,134.6894722202842,15.56024116604557,0.7877466535823621,0.02472605767305742,186
2024-01-08 19:00:00,129.2136586281611,25.74133071600394,0.7009200815391718,0.02250415795502106,187
2024-01-08 20:00:00,121.4565789887607,14.65720446039323,0.7112632058623775,0.0156076309932897,188
2024-01-08 21:00:00,114.7563303011632,14.74937141148421,0.7346361377558429,0.0237122945679631,189
2024-01-08 22:00:00,125.4176588731469,15.6580596160182,0.636533475172665,0.01681206228962018,190
2024-01-08 23:00:00,138.4225233273338,15.43915456109287,0.7851257329064802,0.02108341559482143,191
2024-01-09 00:00:00,131.9729228112235,14.98743921389074,0.71011643982114,0.01848324966261433,192
2024-01-09 01:00:00,117.3457725888619,15.29010818941659,0.7815928449544554,0.01890566874132187,193
2024-01-09 02:00:00,131.5038718589786,15.34022209932858,0.6633483502238005,0.02383121487520255,194
2024-01-09 03:00:00,133.5918682121736,15.49178266240612,0.7909030961278912,0.01479903140092051,195
2024-01-09 04:00:00,120.8644840018752,13.34933410310902,0.7387577747017391,0.02972597537138467,196
2024-01-09 05:00:00,131.2024082245223,16.30006116221787,0.7276520042926179,0.01089456965352752,197
2024-01-09 06:00:00,130.2070808932226,18.31040319722851,0.7117012227176573,0.01701166158372571,198
2024-01-09 07:00:00,118.1528680795224,12.91702341365835,0.6875735690962775,0.02185105944970871,199
2024-01-09 08:00:00,133.1157660508886,16.00613184138994,0.7600265829236936,0.02292157083217655,200
2024-01-09 09:00:00,135.098806548356,18.11974990199954,0.7070179934924024,0.01949762139714148,201
2024-01-09 10:00:00,140.272293580344,16.72096042350162,0.6016465148206424,0.01971304648499229,202
2024-01-09 11:00:00,139.9283763099722,17.42440166657317,0.6441406769146498,0.02205275042663808,203
2024-01-09 12:00:00,115.5599954498837,12.63949754119965,0.6907077123903625,0.0188446526127116,204
2024-01-09 13:00:00,119.9025348615405,14.90185524992872,0.7154999491582777,0.02696590628967453,205
2024-01-09 14:00:00,134.3730011186362,15.87328876892832,0.6971705755550052,0.02419674557115801,206
2024-01-09 15:00:00,134.3001426296492,17.4398539056992,0.7609485394896831,0.02436412175502817,207
2024-01-09 16:00:00,134.2501707491295,23.01531477904433,0.5167783316886566,0.1428529897483315,208
2024-01-09 17:00:00,167.5622004227619,24.44659387064562,0.707179396825258,0.01960305787797149,209
2024-01-09 18:00:00,134.6767680601658,16.94184339150853,0.6091010387306423,0.01849767025639648,210
2024-01-09 19:00:00,140.2542877100575,17.28745782841482,0.7379856147742083,0.01497199312155267,211
2024-01-09 20:00:00,138.3672134957867,16.87302976106021,0.6952770642778998,0.02180082091972883,212
2024-01-09 21:00:00,135.2674745717511,15.75437782328643,0.7209804986012058,0.01731177121110092,213
2024-01-09 22:00:00,125.5250430706585,15.48788715877153,0.6568058519705117,0.02327701914925118,214
2024-01-09 23:00:00,136.1894142234073,15.94042425673285,0.7639732465828875,0.01464904218552834,215
2024-01-10 00:00:00,120.7912753668453,19.10797096747882,0.7520862332029425,0.1580578074313289,216
2024-01-10 01:00:00,126.068972046514,16.78935831443283,0.7291772151505943,0.01551833670703969,217
2024-01-10 02:00:00,123.4989846267325,13.57680830725168,0.693524137656828,0.02109651168600218,218
2024-01-10 03:00:00,129.0846613262603,16.96156773931531,0.7289928642647565,0.02395929655194034,219
2024-01-10 04:00:00,151.323649874503,20.15194457788607,0.6646553716006325,0.01714679784899944,220
2024-01-10 05:00:00,109.4134077813343,16.90055397532054,0.5744056579283544,0.208267367842689,221
2024-01-10 06:00:00,134.8555152745741,13.32122347551206,0.782474044716196,0.01385408201099792,222
2024-01-10 07:00:00,111.7704735899194,12.73309131723122,0.7535305279989593,0.0272605884959128,223
2024-01-10 08:00:00,123.0809051084288,16.36606124012583,0.6635198765096295,0.02007074632482879,224
2024-01-10 09:00:00,138.590201162375,16.59913124594304,0.7180708658636551,0.0170179429601556,225
2024-01-10 10:00:00,128.2418543619292,14.10749881005636,0.6353429228120676,0.01850409113786283,226
2024-01-10 11:00:00,116.7178606729689,13.41698079148503,0.7286195155587838,0.0240445963469636,227
2024-01-10 12:00:00,120.2364288555864,15.43910296278432,0.7225301706431269,0.01707772354074781,228
2024-01-10 13:00:00,134.0775122196166,16.82234823306793,0.6065091830233917,0.01625321155288611,229
2024-01-10 14:00:00,119.8678567121496,14.09774001918589,0.6419108078043818,0.01889231701208131,230
2024-01-10 15:00:00,129.2240251306242,15.03285774556622,0.6858430551628116,0.01411518943615016,231
2024-01-10 16:00:00,127.4010102932405,14.78901739540093,0.6849570126429586,0.02910271953970908,232
2024-01-10 17:00:00,120.3130862363043,13.32779018762838,0.6395261532290597,0.01716802704392639,233
2024-01-10 18:00:00,148.1502824440875,20.17121753977261,0.7194489364676091,0.02415808393090202,234
2024-01-10 19:00:00,132.9297466503731,15.52310981491984,0.7125736804470255,0.02104735041823886,235
2024-01-10 20:00:00,106.216817647776,14.0388451642827,0.690286543401074,0.01507732974759016,236
2024-01-10 21:00:00,128.2084552875581,17.33547044471841,0.6622104249920818,0.01997022645393635,237
2024-01-10 22:00:00,119.599707137524,15.54594176700982,0.7524353563208281,0.02392001389655374,238
2024-01-10 23:00:00,134.6135654330303,23.35891253982101,0.7827703556544148,0.01905869332456847,239
2024-01-11 00:00:00,118.0336954422709,14.64058099830922,0.6758219258076731,0.02596556472925514,240
2024-01-11 01:00:00,124.6792295340052,14.93134064845135,0.6693916541422589,0.02510757696390932,241
2024-01-11 02:00:00,130.7421883309436,14.5075430110072,0.7245603832705998,0.02459457427329165,242
2024-01-11 03:00:00,134.2136297857313,16.54096993983325,0.6820985310126506,0.01770171613863502,243
2024-01-11 04:00:00,113.4149271762425,12.27258414062629,0.6930301399668383,0.01460078776109256,244
2024-01-11 05:00:00,121.9327539291155,16.08010065769352,0.7369826575862335,0.01693206197318603,245
2024-01-11 06:00:00,120.3862605404892,13.88701587481688,0.6045321956246353,0.0209812047033336,246
2024-01-11 07:00:00,118.4584518476829,18.78929628655434,0.5538379547174608,0.08087364192168099,247
2024-01-11 08:00:00,142.5004112333762,17.50373572993268,0.703634026216467,0.009142142976197762,248
2024-01-11 09:00:00,128.7479158575614,15.1164151452118,0.6794253427718909,0.01995943399194125,249
2024-01-11 10:00:00,111.9396056511389,14.08949540588777,0.6955382922889275,0.02079044612661592,250
2024-01-11 11:00:00,133.5755390532682,15.39470956707497,0.6981214677510259,0.01861227871842224,251
2024-01-11 12:00:00,145.4650954380768,18.72324489786478,0.6134399348277537,0.02645636919507939,252
2024-01-11 13:00:00,134.4129511528778,14.32038312820762,0.7747469113726617,0.02210890037125435,253
2024-01-11 14:00:00,108.7375269996042,13.18592526938377,0.7020662816135309,0.02655095954040448,254
2024-01-11 15:00:00,118.9299890528848,16.57756673266941,0.7221501065223688,0.01892019739824884,255
2024-01-11 16:00:00,136.280731523878,14.99042893603039,0.7475774885287021,0.02468738746253463,256
2024-01-11 17:00:00,116.3724150100352,13.1759816113954,0.6489418771219849,0.0281753319726376,257
2024-01-11 18:00:00,127.7230053586432,15.98313919339553,0.7236735949517614,0.02655846724636331,258
2024-01-11 19:00:00,130.8650773285483,15.93881911722904,0.6866179454550603,0.01453929203285633,259
2024-01-11 20:00:00,113.6815947664477,14.04039326055909,0.7423385387608247,0.0187316196122881,260
2024-01-11 21:00:00,122.1860583797152,15.2600454779941,0.5936386289824251,0.01827417647275102,261
2024-01-11 22:00:00,90.19731370058179,11.39617935819341,0.6950452849879365,0.02244627267538164,262
2024-01-11 23:00:00,112.1930616168931,14.70817362147569,0.6698589672108018,0.02343176777507266,263
2024-01-12 00:00:00,119.7364964099711,14.85908207063714,0.7216131475317077,0.01580553662987132,264
2024-01-12 01:00:00,109.6078882897862,12.8885091742095,0.72350220936841,0.02033919256958469,265
2024-01-12 02:00:00,138.2316910827773,17.51751293088383,0.6646187052588987,0.009900363339219318,266
2024-01-12 03:00:00,107.4263515314445,14.93213602983628,0.6643913067911977,0.02720972502900945,267
2024-01-12 04:00:00,117.1458507577087,13.90212716033336,0.6944667315721335,0.01743812879661653,268
2024-01-12 05:00:00,122.670588596038,13.52500979744421,0.6551678886342396,0.02027931969922249,269
2024-01-12 06:00:00,135.5911737613442,17.77204452533245,0.7420991847726063,0.0184517514300597,270
2024-01-12 07:00:00,106.6334623437772,12.6676488781198,0.6815396399776277,0.02573013787506707,271
2024-01-12 08:00:00,132.4357635109318,13.01490011947864,0.5546505890339178,0.005812467793013105,272
2024-01-12 09:00:00,120.7169122159308,15.50901074801614,0.6812588971689096,0.01991694828837046,273
2024-01-12 10:00:00,110.6083786487577,12.68088761091748,0.6480728089578014,0.01947090621251151,274
2024-01-12 11:00:00,124.8518259670141,14.86918665997707,0.6184362092269526,0.01773181806204159,275
2024-01-12 12:00:00,122.0271714501685,15.04836678118451,0.6381286680888714,0.02863113272817816,276
2024-01-12 13:00:00,113.8386610087259,13.87750160573351,0.7054704235916485,0.01556335270572114,277
2024-01-12 14:00:00,120.3415928593647,15.29475676043859,0.7664320414124115,0.02385898088617831,278
2024-01-12 15:00:00,115.5916802560967,13.36761561770363,0.715659223693249,0.02178126394353042,279
2024-01-12 16:00:00,120.3797510356421,22.5948684100063,0.669674830589213,0.02630759626267758,280
2024-01-12 17:00:00,125.6641781000699,14.75354417283653,0.7227952097585351,0.01666405457611247,281
2024-01-12 18:00:00,134.6998810834239,17.15916256919821,0.6770454844890503,0.01633515550438121,282
2024-01-12 19:00:00,106.2569627890054,13.40470633318404,0.6652699815418427,0.02548034953738699,283
2024-01-12 20:00:00,139.7594352697073,15.46376838509307,0.6422818665883507,0.02212660654165055,284
2024-01-12 21:00:00,98.70080187510568,12.91596928189768,0.612408559662414,0.01227531326661621,285
2024-01-12 22:00:00,116.4950176863998,13.35503141218973,0.6805038146720277,0.01730347492768365,286
2024-01-12 23:00:00,123.6858558111578,15.84175590059177,0.7079026744960065,0.0219319132692403,287
2024-01-13 00:00:00,120.4010599049975,14.8903450068315,0.6951688164992554,0.02418882110773295,288
2024-01-13 01:00:00,111.1512620147348,15.38131579667481,0.6792016536026321,0.01660384673403523,289
2024-01-13 02:00:00,115.082825433102,13.55276808557687,0.6527126969651609,0.005428720050915294,290
2024-01-13 03:00:00,112.0185203878065,13.05092294005909,0.7304123095842484,0.02261611592868517,291
2024-01-13 04:00:00,110.8380714720236,13.2790442599894,0.6341434040026707,0.01389839655028012,292
2024-01-13 05:00:00,125.0096533620267,14.62215440785833,0.7388013956921737,0.009913306009387944,293
2024-01-13 06:00:00,119.8644412763312,15.34257884445784,0.6498891490536637,0.005838370375079296,294
2024-01-13 07:00:00,109.1446018907213,11.33323644799094,0.6623782381323482,0.02406990430098871,295
2024-01-13 08:00:00,124.8478822481198,13.66624568384939,0.6266607404692162,0.02064308725202483,296
2024-01-13 09:00:00,118.7018554923321,12.97672077816402,0.6749298926557181,0.01887171809643874,297
2024-01-13 10:00:00,123.5332664087482,15.99793797834506,0.7487656229238989,0.02694512181481381,298
2024-01-13 11:00:00,121.4755438219857,16.65504215567379,0.7257814044221977,0.02318662341511536,299
2024-01-13 12:00:00,106.6627579096896,12.68812253205557,0.7489211056014017,0.02808150021360958,300
2024-01-13 13:00:00,109.1232099433182,12.91056150977162,0.7261071272966968,0.01303632263916502,301
2024-01-13 14:00:00,121.96914579652,14.72173952054353,0.6448165085734815,0.01982724688023018,302
2024-01-13 15:00:00,120.3699963222827,15.8429524287928,0.6834605387836221,0.01191643312525993,303
2024-01-13 16:00:00,113.8262737069712,12.6035813280826,0.6609900435441268,0.01885308834072267,304
2024-01-13 17:00:00,114.976489130678,14.07124698320632,0.766528745201952,0.01875692073116661,305
2024-01-13 18:00:00,126.3467372766968,16.3937388604334,0.6401605676786843,0.02313306818631536,306
2024-01-13 19:00:00,107.4202126001269,13.42870193469144,0.7446848844694555,0.02022781940570949,307
2024-01-13 20:00:00,118.571721475431,14.4533967634538,0.7446476935054385,0.02311703569139958,308
2024-01-13 21:00:00,110.8426432548886,14.41070313978783,0.7914810100858043,0.02351720066569447,309
2024-01-13 22:00:00,110.4505988135702,10.26833560268896,0.6795156703685251,0.03077464338691571,310
2024-01-13 23:00:00,123.3770574691283,15.64158951884208,0.735616107979008,0.01842351672356938,311
2024-01-14 00:00:00,120.4043857384661,13.66099048008168,0.8140825918269421,0.0152948864966681,312
2024-01-14 01:00:00,120.0453253350041,15.87020477052341,0.6691179161533152,0.1467292974010961,313
2024-01-14 02:00:00,124.7241155018625,15.60448678090356,0.623247987623382,0.01598859986430228,314
2024-01-14 03:00:00,111.6375744019696,14.93002800862167,0.6059994983046118,0.02740980384218268,315
2024-01-14 04:00:00,118.0044027928711,13.99833303631045,0.7356356014430665,0.01858390980527384,316
2024-01-14 05:00:00,107.8386896526355,13.9682101840534,0.6058424895970708,0.01717211816063005,317
2024-01-14 06:00:00,113.9386704969312,15.50964887149508,0.6813840473531038,0.01764342139424441,318
2024-01-14 07:00:00,109.1504104307635,14.53328377459204,0.721865659351948,0.0235920871173582,319
2024-01-14 08:00:00,111.1758375719758,15.16434481004906,0.7092587768414956,0.01921126508384257,320
2024-01-14 09:00:00,115.9107068263218,14.7694900396125,0.7212722432092086,0.01679166589934809,321
2024-01-14 10:00:00,101.5294289082516,12.26011881177169,0.7111144927900427,0.02832675958811766,322
2024-01-14 11:00:00,130.3872670591557,13.55771260574395,0.7639432906656696,0.01571915079669125,323
2024-01-14 12:00:00,99.15425737293018,11.65452945197302,0.6523841809630601,0.02017783037016497,324
2024-01-14 13:00:00,96.82287925545234,10.80228987784557,0.6661502430770734,0.02326153075805115,325
2024-01-14 14:00:00,120.2955246629611,17.04700989170168,0.6613670277364587,0.01184332444791463,326
2024-01-14 15:00:00,116.3800288530359,13.76090750310716,0.7415095905931305,0.02240130250702962,327
2024-01-14 16:00:00,114.4529406524557,13.8753644026847,0.7450199294197531,0.01472446162259775,328
2024-01-14 17:00:00,114.2429119176714,14.33918238250931,0.7225612659659254,0.02411391390417001,329
2024-01-14 18:00:00,107.5840964534621,12.95700087237686,0.7591746833444963,0.01518674494040512,330
2024-01-14 19:00:00,98.48054012331362,13.48696023477969,0.641097956631181,0.0234638451592443,331
2024-01-14 20:00:00,107.9570807060357,12.28265561076101,0.7833612055775568,0.02552916533147356,332
2024-01-14 21:00:00,100.1728202982813,12.21568221221561,0.7761619310856129,0.02430718262816402,333
2024-01-14 22:00:00,116.4405074558191,19.66248656550194,0.7367810998622872,0.02125658324119051,334
2024-01-14 23:00:00,104.9630988897383,14.57304593283396,0.5496025272926338,0.167734083537718,335
2024-01-15 00:00:00,97.92257268967724,11.15164869002656,0.6171688396161112,0.01711790211832578,336
2024-01-15 01:00:00,102.7070870959006,12.28681103610603,0.6737775931868674,0.02735517345408552,337
2024-01-15 02:00:00,109.7932093801873,12.70384043538444,0.6632348269659023,0.01650252389916178,338
2024-01-15 03:00:00,99.76916670718451,11.28147736313627,0.7360739661878671,0.01481466963215002,339
2024-01-15 04:00:00,96.92631338570482,10.26806593424812,0.6474929630198927,0.02332684467516415,340
2024-01-15 05:00:00,107.3271019377851,12.79005742988303,0.7378747574668743,0.01601931598406752,341
2024-01-15 06:00:00,107.0812350877437,11.23847504939993,0.7685268071998357,0.01524968251266936,342
2024-01-15 07:00:00,99.30312397441045,12.67113419282684,0.7347601450042,0.01278197868915118,343
2024-01-15 08:00:00,99.40282557339481,12.01028651262,0.714187551183075,0.01758545080269741,344
2024-01-15 09:00:00,106.1740472323467,11.19334425040393,0.6506063329549625,0.01958642488051754,345
2024-01-15 10:00:00,89.11274980239106,10.4179852650892,0.6576574516937317,0.02121545863830349,346
2024-01-15 11:00:00,89.25872678567045,10.03968198321344,0.7624809452648333,0.02475653122149742,347
2024-01-15 12:00:00,95.88843942743588,11.81266418838342,0.7389674501952666,0.02263448961832897,348
2024-01-15 13:00:00,100.6776928961788,13.43085773101409,0.6980490240311228,0.0190456389022341,349
2024-01-15 14:00:00,105.6603083876577,10.69792399229077,0.6791045227117054,0.0190090216181014,350
2024-01-15 15:00:00,117.0436686631819,21.26980647380307,0.598709606344431,0.02255078734457592,351
2024-01-15 16:00:00,110.6054018447654,13.0955326993501,0.646457379065778,0.02636285081464285,352
2024-01-15 17:00:00,100.1679647159598,12.69262345681818,0.7955709543569861,0.020631570997416,353
2024-01-15 18:00:00,101.3155975617449,12.37387314528989,0.6359772214498767,0.01765434572894796,354
2024-01-15 19:00:00,91.21876079071673,10.26031418894762,0.709473991061054,0.01503566999457227,355
2024-01-15 20:00:00,100.797123002213,11.77405757228827,0.7503721986597599,0.01277397367793887,356
2024-01-15 21:00:00,97.83379299150495,10.96127287007661,0.6372538665998854,0.02333134836021761,357
2024-01-15 22:00:00,103.6856350667048,13.55794104302361,0.7092355237390541,0.02288989261819779,358
2024-01-15 23:00:00,91.92417514917659,11.05049157515356,0.7468957768755327,0.02288681762553331,359
2024-01-16 00:00:00,105.127969864622,18.99825142142468,0.7006249660953625,0.1548176829951528,360
2024-01-16 01:00:00,114.9999189844001,13.73023039138592,0.8434201527833384,0.02703467372945875,361
2024-01-16 02:00:00,98.32297847476136,11.10223078402823,0.6165700370560901,0.01757940752707591,362
2024-01-16 03:00:00,103.1657922343002,10.81825962281238,0.7529364264941939,0.02477634618603603,363
2024-01-16 04:00:00,105.7882749062339,10.78708263108706,0.6913599131301768,0.01980628552505229,364
2024-01-16 05:00:00,94.6128751357625,9.854748454554981,0.7385960077418338,0.01695824617660331,365
2024-01-16 06:00:00,100.6043543892903,12.34126356936667,0.7220653575849623,0.02296265153658881,366
2024-01-16 07:00:00,98.22782810002202,12.28704891332274,0.6633421901445001,0.02204818059341997,367
2024-01-16 08:00:00,98.81728434703074,10.29558440954778,0.7114498196229669,0.02178486379633463,368
2024-01-16 09:00:00,89.84920947347581,11.58608998649921,0.6071049274300856,0.020406392110281,369
2024-01-16 10:00:00,97.56337760652846,11.23631463485943,0.7301623750285696,0.01981053459141584,370
2024-01-16 11:00:00,102.0374318359157,12.39427563985453,0.7149079232995262,0.03194185996435219,371
2024-01-16 12:00:00,111.3082824591448,15.15152898586052,,0.02592128322598087,372
2024-01-16 13:00:00,106.1291963714755,13.68731192324858,0.7529059162543574,0.02361413447492756,373
2024-01-16 14:00:00,117.8082185417207,13.82063505247008,0.7183809920104856,0.02055899579101694,374
2024-01-16 15:00:00,88.34310815497346,9.813866067029473,0.7074044709899138,0.02503578600298335,375
2024-01-16 16:00:00,104.4802837426365,10.28941121218977,0.6559465831669353,0.02258997388195726,376
2024-01-16 17:00:00,97.33131458860989,10.97979637110692,0.6643889618175474,0.02013102376387018,377
2024-01-16 18:00:00,117.1370843486396,13.80913831589567,0.7593367310088666,0.01848217837367043,378
2024-01-16 19:00:00,86.89759571662464,9.569876211493833,0.7718167702852989,0.01959541331168656,379
2024-01-16 20:00:00,86.32526648190769,10.24572405121042,0.6880944781843973,0.00414787132060972,380
2024-01-16 21:00:00,88.47086724479917,10.68449559672348,0.7023001373626636,0.02105300419648821,381
2024-01-16 22:00:00,72.96856736511691,8.592153895253906,0.6547692812503116,0.0175576195994482,382
2024-01-16 23:00:00,88.69314703311127,10.06666989924458,0.7586378422633722,0.02796334999141442,383
2024-01-17 00:00:00,86.10300459440438,10.47757729128072,0.7332708411845889,0.02009672035405877,384
2024-01-17 01:00:00,94.94238390345481,11.81267505655419,0.7970608718231874,0.01405518290232519,385
2024-01-17 02:00:00,96.60062100768386,10.53874224065022,0.656083846141013,0.01975059922935941,386
2024-01-17 03:00:00,111.6899047113391,14.97865759584073,0.6810996050490891,0.01476939457468748,387
2024-01-17 04:00:00,102.1781090642932,12.16063759838532,0.7115722961262786,0.02236703707856233,388
2024-01-17 05:00:00,86.65106717785523,10.41446146078334,0.7323244768862884,0.02145473682169743,389
2024-01-17 06:00:00,83.1827681140405,10.57104453513255,0.6892166181226184,0.02478919815554134,390
2024-01-17 07:00:00,96.83351498475507,11.84585317558452,0.6563519454773149,0.01604559104152718,391
2024-01-17 08:00:00,78.46001625333984,10.16303310828565,0.7440703764461785,0.02017004048114074,392
2024-01-17 09:00:00,109.7255968631829,13.48212032758808,0.736056768127279,0.01317489102286682,393
2024-01-17 10:00:00,102.9547262872407,11.72403393172705,0.6541862949718137,0.02350747390962357,394
2024-01-17 11:00:00,86.21855854577336,10.65791015401766,0.7677721400552747,0.02259435590220061,395
2024-01-17 12:00:00,73.52965293980964,7.982580441952626,0.7585099354598301,0.02247902510513786,396
2024-01-17 13:00:00,103.9511173262157,12.58698310626663,0.7067148248623896,0.02000809515678471,397
2024-01-17 14:00:00,89.01912163435189,10.65271355033135,0.7039798931188018,0.02207386445394395,398
2024-01-17 15:00:00,102.2955597601737,12.06257286711862,0.7277028885557953,0.02802169554154298,399
2024-01-17 16:00:00,73.72676550287335,8.752445310702992,0.656914846487187,0.01857452871478993,400
2024-01-17 17:00:00,83.4317249954106,8.441747878980923,0.7015015739582041,0.02069322591855042,401
2024-01-17 18:00:00,89.23315176688278,10.21833368231875,0.592380822769541,0.01456936850409295,402
2024-01-17 19:00:00,89.40658532809354,10.81179969513274,0.7438227822751468,0.01565869519200834,403
2024-01-17 20:00:00,84.19303297484261,10.23775190180788,0.621925338877907,0.02048906646546654,404
2024-01-17 21:00:00,94.67995752885514,10.38859251649932,0.77517099142145,0.02551966773350954,405
2024-01-17 22:00:00,77.53390511621554,13.37104772942952,0.5636272465315062,0.1468141772988074,406
2024-01-17 23:00:00,86.54586485860506,9.635865269457657,0.6894166509034411,0.01882041735343938,407
2024-01-18 00:00:00,88.93308375546286,11.53413823477335,0.6686133046957746,0.01796557377747813,408
2024-01-18 01:00:00,92.6359192058778,11.51204572862085,0.6855980563038961,0.01732621664577838,409
2024-01-18 02:00:00,94.37003696586139,10.71455948472028,0.7709265672574018,0.02147485727854411,410
2024-01-18 03:00:00,75.77079660158323,10.43766279767489,0.575609567173246,0.01251371177410678,411
2024-01-18 04:00:00,71.4403952113482,7.72010855536674,0.7638482693044093,0.02640469788333364,412
2024-01-18 05:00:00,99.32363257312898,12.83177322295245,0.7169011740550854,0.0166728885093527,413
2024-01-18 06:00:00,89.63635784214746,11.65324848816395,0.6396489176071392,0.02360951742719071,414
2024-01-18 07:00:00,78.5957494755957,8.904410957612887,0.6462343803475381,0.01365000701303062,415
2024-01-18 08:00:00,101.3605932040359,13.57468227278987,0.7838196513604101,0.02334420065273109,416
2024-01-18 09:00:00,86.77535754551722,10.19606414838872,0.6527246560028634,0.02335972303907249,417
2024-01-18 10:00:00,97.18221751812682,11.94242497294294,0.642332474470202,0.02192101036002948,418
2024-01-18 11:00:00,85.83617917896926,10.52379182144596,0.7568657271182364,0.01502785739100104,419
2024-01-18 12:00:00,105.5413539199355,12.52321120621142,0.7169276438142956,0.02124774094799039,420
2024-01-18 13:00:00,102.2613123407541,13.1005006615911,0.65310372117318,0.01408471907632805,421
2024-01-18 14:00:00,81.99345784817022,10.48982378139639,0.7108312487702309,0.01873618372451907,422
2024-01-18 15:00:00,93.97518757411726,9.633836307250077,0.6487123658179861,0.02514706550477663,423
2024-01-18 16:00:00,90.4908166603139,12.03920613704723,0.7550410699211302,0.02398350963535371,424
2024-01-18 17:00:00,97.50216916971299,10.07929454975809,0.7530685482436567,0.02007591471270216,425
2024-01-18 18:00:00,73.94664961748296,9.637131277961101,0.7266003099410971,0.01512596712038579,426
2024-01-18 19:00:00,90.23768042593967,11.84523423182588,0.7180830530623508,0.02322793856087097,427
2024-01-18 20:00:00,93.74395995030962,10.2265600606249,0.7880594062433687,0.02009690618849013,428
2024-01-18 21:00:00,65.35615370936779,7.574246027628491,0.6999843163694113,0.008398422008847883,429
2024-01-18 22:00:00,70.89609765945706,7.723630257539882,0.6409062937289599,0.02391314913158259,430
2024-01-18 23:00:00,62.1228123273717,7.321222490986279,0.7224736956416153,0.01987883583065154,431
2024-01-19 00:00:00,79.60885047089623,9.307839503811024,0.8043023524768557,0.02601225623991536,432
2024-01-19 01:00:00,89.26747565866677,11.40808035490378,0.6492620253407073,0.01452364740578598,433
2024-01-19 02:00:00,96.9061235625958,12.89850424007766,0.6819268616653007,0.004116480934019996,434
2024-01-19 03:00:00,82.4153824187469,11.04010404026871,0.7208223019050726,0.02139541929172593,435
2024-01-19 04:00:00,97.75386914622031,11.18092330046319,0.697304757549713,0.02145781838340986,436
2024-01-19 05:00:00,67.46139145184742,7.954222986972004,0.6508848209811342,0.01154664186196774,437
2024-01-19 06:00:00,64.02470290817507,6.605148047768792,0.7560928928115235,0.01510750227066697,438
2024-01-19 07:00:00,80.30061605247336,8.988955298317887,0.816002036100863,0.03377608871859951,439
2024-01-19 08:00:00,84.49577318011437,10.95475162904038,0.7098065729511953,0.01847194692923098,440
2024-01-19 09:00:00,80.12867209488476,10.90998571448841,0.6547965855132,0.02365479488188108,441
2024-01-19 10:00:00,59.58318991010673,6.414518356727332,0.6225519737473262,0.01674670086315808,442
2024-01-19 11:00:00,79.16990739972421,9.031335482619097,0.712898799061059,0.009548485505734217,443
2024-01-19 12:00:00,66.82143020909558,8.000926920633976,0.7551938671658128,0.01914870876602047,444
2024-01-19 13:00:00,86.36940352600485,10.60630194490462,0.723758387324769,0.01867197719856947,445
2024-01-19 14:00:00,83.14676347873507,9.304452493623442,0.6998798079540572,0.01800060880665814,446
2024-01-19 15:00:00,69.8916509250758,8.683381375915166,0.6705364174105346,0.01942679582246804,447
2024-01-19 16:00:00,73.96302669077416,8.525097280147447,0.6453918183640954,0.02132134135822818,448
2024-01-19 17:00:00,68.3224014205032,8.188814031936547,0.7417375663162441,0.01924941524373097,449
2024-01-19 18:00:00,78.1021944140883,9.798923315119987,0.7456885810692793,0.01367996916026318,450
2024-01-19 19:00:00,88.0964794615276,10.57723532898827,0.6227135106654633,0.02243092395780969,451
2024-01-19 20:00:00,68.50550281151246,7.921711988877773,0.7794919489090342,0.01025314122338788,452
2024-01-19 21:00:00,83.22258549867384,9.895490147053756,0.7287035610447,0.009748212713578999,453
2024-01-19 22:00:00,72.70056505445815,8.65982743589386,0.7699797322572897,0.02369590247350784,454
2024-01-19 23:00:00,69.8971112852079,8.129026332900693,0.6328936125757442,0.02253510136067679,455
2024-01-20 00:00:00,76.57992537387423,8.991405213203915,0.631708792229228,0.01971302317462982,456
2024-01-20 01:00:00,67.1238995027774,9.127942260466869,0.6925515345116351,0.01302275747622464,457
2024-01-20 03:00:00,65.15489738927428,7.626067788695512,0.7898180411463481,0.01868626626156748,459
2024-01-20 04:00:00,96.61221360909683,12.26680871113554,0.7353039456907565,0.01202053015712943,460
2024-01-20 05:00:00,77.15064041065033,9.000532975115712,0.6878659361593983,0.01630485670988384,461
2024-01-20 06:00:00,69.63556180036612,9.1731793480459,0.6486815396167054,0.0232616516908834,462
2024-01-20 07:00:00,78.60920995254838,9.723678001244007,0.7615000286359574,0.02713652682144608,463
2024-01-20 08:00:00,75.18451875007082,8.941467649430411,0.6517647287124642,0.01790282623670725,464
2024-01-20 09:00:00,73.93829841473875,9.203630086427548,0.7814234277386161,0.02378244177158049,465
2024-01-20 10:00:00,82.131675521593,8.565614158528174,0.6857807675196745,0.01042969964706266,466
2024-01-20 11:00:00,83.40893072867993,9.069246989825313,0.7795291036308925,0.02329725620556806,467
2024-01-20 12:00:00,70.37453016344332,7.604724505856003,0.7339465645029639,0.0159802579263626,468
2024-01-20 13:00:00,69.76890191653084,8.471998057565845,0.6931502255278771,0.02153672808353985,469
2024-01-20 14:00:00,72.62597633333448,9.97337309349765,0.6740301814086936,0.01876123790880145,470
2024-01-20 15:00:00,52.2085684218461,7.429958074143264,0.682954606132696,0.02660207004891917,471
2024-01-20 16:00:00,59.92904533487942,7.573863374027658,0.7214158346187618,0.01562782175830041,472
2024-01-20 17:00:00,88.60477483905532,11.07634510000502,0.7038578248108858,0.02313803148780916,473
2024-01-20 18:00:00,91.24269687930246,9.305789976522078,0.6703094295965647,0.01860246268351733,474
2024-01-20 19:00:00,72.16156920643127,8.267786375211516,0.6917184294841183,0.01920847260995168,475
2024-01-20 20:00:00,80.27834212778312,9.000981319749991,0.7039288514859574,0.01908073053420395,476
2024-01-20 21:00:00,77.48806058750223,8.81748450741139,0.5935632952792593,0.01577163447752944,477
2024-01-20 22:00:00,105.0291077849356,12.42689298173714,0.7229084057394349,0.01992950517046664,478
2024-01-20 23:00:00,85.30275390136386,9.833624204479154,0.6510139387641596,0.01968675888939089,479
2024-01-21 00:00:00,72.6965085522007,7.284699170340557,0.6423333798397127,0.02120620124203365,480
2024-01-21 01:00:00,64.29094434880462,8.19575188839608,0.6156327826444644,0.02042252572846431,481
2024-01-21 02:00:00,57.65454431095306,6.30006021419655,0.6103053751066054,0.02398997274806118,482
2024-01-21 03:00:00,75.62830681285159,9.256335169972296,0.6322276248443854,0.02461754308023684,483
2024-01-21 04:00:00,65.90683968209046,9.275783101876993,0.6645489521184754,0.014746883390861,484
2024-01-21 05:00:00,59.12650986441999,6.551581162494094,0.7976629568763284,0.02434386250295386,485
2024-01-21 06:00:00,66.76405033846488,6.32236360522153,0.6737060162052397,0.01406831786445073,486
2024-01-21 07:00:00,62.2970728556009,7.297476484197361,0.7088875053134015,0.02293927944068868,487
2024-01-21 08:00:00,89.86879338333404,11.77367434561086,0.7200240693253164,0.02309869392351434,488
2024-01-21 09:00:00,81.70065795625754,11.40406170991875,0.7065532593107924,0.01044341554168748,489
2024-01-21 10:00:00,72.69348516728985,7.829415768007041,0.6961278269637002,0.02046489623264705,490
2024-01-21 11:00:00,87.46368047114184,10.93007307805125,0.6402353118200377,0.01765751943319842,491
2024-01-21 12:00:00,73.33103427881144,8.458507142893097,0.7725463774139606,0.01620617371032312,492
2024-01-21 13:00:00,63.83971407869746,7.593128562984849,0.7903598321818942,0.02675426165349503,493
2024-01-21 14:00:00,87.58110251552165,12.82567735947596,0.6158670652938657,0.0167316042968129,494
2024-01-21 15:00:00,77.63837642316226,8.149723409691603,0.648798570455681,0.01596811535440975,495
2024-01-21 16:00:00,61.77834494983196,7.570157557332489,0.6860094828811496,0.02037847470002547,496
2024-01-21 17:00:00,70.15107399159058,11.37008686056055,0.5370885585592922,0.1588569772512181,497
2024-01-21 18:00:00,63.20406363775913,8.270748716315847,0.7252982776727932,0.01929175706994937,498
2024-01-21 19:00:00,58.04017256577524,,0.6635863898796693,0.02583185272834626,499
2024-01-21 20:00:00,81.04001438089414,9.974445927221842,0.8082528033903301,0.02265487830982045,500
2024-01-21 21:00:00,90.7846265248987,10.53859849376385,0.7595274297171798,0.00910894340134285,501
2024-01-21 22:00:00,57.61916447507448,7.069368431931692,,0.01735266518246496,502
2024-01-22 00:00:00,64.93367729580862,8.195650760617621,0.7552950212178654,0.02239680476714711,504
2024-01-22 01:00:00,66.4897443928922,7.733016359461942,0.6718026255970878,0.006875914718129442,505
2024-01-22 02:00:00,65.36013823479311,8.089689926913591,0.6591891377729017,0.03274504854358861,506
2024-01-22 03:00:00,62.56943889611406,7.490023089205781,0.7039071531484823,0.02265513047447105,507
2024-01-22 04:00:00,71.62202755613733,9.401143327640474,0.7430818062248972,0.02074438401958846,508
2024-01-22 05:00:00,62.75697589592701,7.498583960786795,0.7069530199326708,0.02590783858209573,509
2024-01-22 06:00:00,73.70291756442545,7.537573449298038,0.6211501758904501,0.03171827026406313,510
2024-01-22 07:00:00,70.43005211737218,9.34037822471785,0.6598587778024578,0.02435373322294202,511
2024-01-22 08:00:00,68.47925333382769,7.597271683225303,0.696301356820281,0.0247440654823581,512
2024-01-22 09:00:00,61.73161931579686,7.00421377050611,0.6962167197837085,0.02065345012232191,513
2024-01-22 10:00:00,64.98029099563014,7.410572477257819,0.7986271088394904,0.01929237123316526,514
2024-01-22 11:00:00,78.2448956745661,10.46481513306093,0.63070060288005,0.01762102277997549,515
2024-01-22 12:00:00,75.64536950584036,7.461905690095707,0.7252794620917937,0.01586944004142729,516
2024-01-22 13:00:00,60.80809867114241,9.204977064937383,0.7744556554164145,0.01656492950150251,517
2024-01-22 14:00:00,71.52667094637869,9.338562792392944,0.8135724872711397,0.01324722017828509,518
2024-01-22 15:00:00,77.9991630183015,9.534024046748069,0.6797801288408019,0.01962064274657488,519
2024-01-22 16:00:00,53.74543365015253,6.419949019339163,0.72457147263601,0.01157666211386807,520
2024-01-22 17:00:00,75.82953733933618,9.316078814538525,0.7284880178599323,0.02095458262071855,521
2024-01-22 18:00:00,63.72840437882883,7.979511533925817,0.7097740865776645,0.01981834695978829,522
2024-01-22 19:00:00,76.0215959545772,9.613094700336173,0.6950577399380347,0.02073467649193344,523
2024-01-22 20:00:00,62.64624872781054,7.865615203052608,0.7217987694750022,0.01738934214990004,524
2024-01-22 21:00:00,52.19551683940526,6.310219120298068,0.5733876957390157,0.03538430185090252,525
2024-01-22 22:00:00,53.93668017940628,6.365963828896499,0.7341034745031315,0.02680057950090156,526
2024-01-22 23:00:00,70.66299235451437,8.37266485367922,0.7063088951830984,0.01377728749957639,527
2024-01-23 00:00:00,72.75168013712269,8.588402567771775,0.6888762551610866,0.02116434043713449,528
2024-01-23 01:00:00,61.08587711467807,8.02287866189655,0.8023431097859779,0.01695996928531338,529
2024-01-23 02:00:00,76.49183415101116,9.633042521720593,0.6662532990604724,0.01492760136646293,530
2024-01-23 03:00:00,53.46985485394211,4.844161047376252,0.6798462005467484,0.01329963964438033,531
2024-01-23 04:00:00,69.40568470975927,8.78391459013822,0.7995776651102366,0.02216108345379627,532
2024-01-23 05:00:00,57.94003064077064,7.065633887781205,0.6583969347575072,0.01659309882465213,533
2024-01-23 06:00:00,63.51782546737417,7.610255660818479,0.672494235853173,0.02483913012012602,534
2024-01-23 07:00:00,70.49845219849944,8.185914767886715,0.6926487288284574,0.0249689110726522,535
2024-01-23 08:00:00,61.41089669921935,8.059635305159718,0.7420367241064774,0.02686957192605725,536
2024-01-23 09:00:00,66.16232642278918,8.566384721546733,0.7103901253676657,0.01573806616962948,537
2024-01-23 10:00:00,80.06594866170721,8.989102002667414,0.6353687326423868,0.02237682805346005,538
2024-01-23 11:00:00,64.23152814097467,7.969239281269838,0.6733915718436405,0.02316227108321151,539
2024-01-23 12:00:00,78.3570819819412,8.641487973765376,0.6696322783393894,0.01762910912448018,540
2024-01-23 13:00:00,58.70509412004586,6.234705152268912,0.6961389477388477,0.01614114021303563,541
2024-01-23 14:00:00,75.30449387869858,8.564593031415729,0.7212921829314914,0.02804760332887987,542
2024-01-23 15:00:00,84.42871503952884,10.859553532061,0.7209102877943986,0.02113747937866027,543
2024-01-23 16:00:00,45.30544736402135,5.86847124942873,0.6111994122975799,0.02317983875355869,544
2024-01-23 17:00:00,62.06408946594345,7.766132530079109,0.7531970493780428,0.01588961994086036,545
2024-01-23 18:00:00,75.81719822054721,9.647811096469049,0.7126284422998311,0.01390357766738903,546
2024-01-23 19:00:00,68.03174226460084,8.514974153667978,0.7692266023796953,0.01715275112753945,547
2024-01-23 20:00:00,73.79165708448771,8.381638951131503,0.7222099163645336,0.01937989306305002,548
2024-01-23 21:00:00,64.06063038596992,7.963967951213639,,0.01467889996591326,549
2024-01-23 22:00:00,70.98894415997493,9.086875570111992,0.7233272655725063,0.01995077595674808,550
2024-01-23 23:00:00,68.59111637247982,8.748310808517532,0.7673112878101374,0.0115574740596575,551
2024-01-24 00:00:00,81.85282829871186,10.79549861641899,0.7261125318008889,0.01439976288765064,552
2024-01-24 01:00:00,72.74860951731279,12.01864864469612,0.6951042376778548,0.1464114112689369,553
2024-01-24 02:00:00,73.61209331217972,9.09215957994106,0.8136217360223441,0.02301895260138947,554
2024-01-24 03:00:00,66.15123242745894,8.646065462766778,0.7444518561139946,0.01804061617306567,555
2024-01-24 04:00:00,65.43014244743856,7.834264195987112,0.7286872210502207,0.01491117845461523,556
2024-01-24 05:00:00,66.0190898508699,7.340085163738316,0.6361847791730831,0.01486298224236995,557
2024-01-24 06:00:00,74.32992170168751,8.798383057581782,0.6355846191268231,0.01813365877029343,558
2024-01-24 07:00:00,66.21854242052716,7.452961416620472,0.7146357741070927,0.02322259245822646,559
2024-01-24 08:00:00,73.37137787233185,8.309177741236477,0.707276059888412,0.02464122845672162,560
2024-01-24 09:00:00,91.27513103812339,10.82110611850466,0.6692938717495841,0.01751734132259015,561
2024-01-24 10:00:00,79.28211188608918,8.885606177955854,0.707049134980603,0.01423253787007608,562
2024-01-24 11:00:00,67.36261558870179,7.876062929272381,0.7794313464021798,0.02133921818933167,563
2024-01-24 12:00:00,82.68921648468842,8.356890846819383,0.7347701237275149,0.01588232514687075,564
2024-01-24 13:00:00,66.65278604427493,8.140500523734179,0.642949574512363,0.01740873680569399,565
2024-01-24 14:00:00,50.41098878710905,6.049926346502769,0.6944245586428528,0.02662638045218519,566
2024-01-24 15:00:00,60.77229277104879,6.796111637454138,0.6597516759573719,0.02413557714282884,567
2024-01-24 16:00:00,52.20838114236079,6.609187228322988,0.6806150041795719,0.02078987156125726,568
2024-01-24 17:00:00,67.46652790028236,8.728529366520421,0.6793192167185178,0.01364040499443639,569
2024-01-24 18:00:00,71.23342185182723,7.402890722512654,0.6761177208697997,0.0210569828373533,570
2024-01-24 19:00:00,87.88339427980397,,0.6372432314013302,0.02531328645393763,571
2024-01-24 20:00:00,74.46028044805381,8.362528103070083,0.6936172659240905,0.01812183167117232,572
2024-01-24 21:00:00,69.07418394232583,7.639671676139537,0.6719696181576345,0.02675557044993358,573
2024-01-24 22:00:00,79.63561887175246,10.21683168836813,0.5535275654998866,0.02646372644759103,574
2024-01-24 23:00:00,49.30876928459342,5.821479030570493,0.8026486012250831,0.02831866416071737,575
2024-01-25 00:00:00,73.85700676485048,8.667478067541246,0.7544384827108336,0.02152621563265677,576
2024-01-25 01:00:00,79.29242526894348,7.926179964483508,0.6811849637537502,0.02293695849903006,577
2024-01-25 02:00:00,56.88299003294121,7.18740357874437,0.7009409524870299,0.02707093644165545,578
2024-01-25 03:00:00,83.19363260971599,8.952251837066457,0.6414172826341219,0.02223696968534488,579
2024-01-25 04:00:00,75.2304498128624,9.072741564877527,0.7847861438905432,0.01749382946104894,580
2024-01-25 05:00:00,67.78414721541573,8.32211525781708,0.7948644347386555,0.01775728581736069,581
2024-01-25 06:00:00,78.35852570736138,10.46921510049302,0.7078346864123262,0.0211927747688687,582
2024-01-25 07:00:00,94.83344924752039,10.13881438076263,0.7511765322092672,0.01354719289026891,583
2024-01-25 08:00:00,74.04312246781943,6.649433612673223,0.7087643389466961,0.01928370542317904,584
2024-01-25 09:00:00,74.8067231837534,9.114338602068896,0.6331637280562035,0.02548273559115127,585
2024-01-25 10:00:00,67.83307625426806,9.361311273233047,0.6794088315518171,0.009043730744173596,586
2024-01-25 11:00:00,64.03251221804716,8.477229940986653,0.7065963983385978,0.02767241050897257,587
2024-01-25 12:00:00,80.94067952361151,9.882581298241893,0.6772726140628278,0.0256118710935158,588
2024-01-25 13:00:00,64.18493521560136,7.38663585862778,0.6890673361282481,0.01770117692084762,589
2024-01-25 14:00:00,73.57196636392062,9.42245192898408,0.6954300221245442,0.02271695413935905,590
2024-01-25 15:00:00,68.19233001259823,7.519195764184208,0.6959560751067269,0.02001573863453163,591
2024-01-25 16:00:00,77.87336461083689,9.715759575883245,0.7026129245248741,0.02614995184219342,592
2024-01-25 17:00:00,76.53690191988106,9.571299430341355,0.6469697466801699,0.02491341571384971,593
2024-01-25 18:00:00,83.6944385631245,10.93066935724675,0.6641491925436032,0.01299964638408495,594
2024-01-25 19:00:00,68.33966806895253,10.08670267869766,0.6357707867150015,0.02293631206732089,595
2024-01-25 20:00:00,70.86390111330206,8.781749396530616,0.74889077748431,0.01897186073178376,596
2024-01-25 21:00:00,63.89984782282859,7.342754756438788,0.5947176529079837,0.0204141628525905,597
2024-01-25 22:00:00,69.3713934801376,8.306825960875964,0.7576795171658463,0.01635914049515092,598
2024-01-25 23:00:00,77.71616902455479,7.951082262530275,0.7693174698631421,0.02874068534560418,599
2024-01-26 00:00:00,81.64387536157312,9.230074320521942,0.6848909706508689,0.02520030909951288,600
2024-01-26 01:00:00,64.98513816547288,7.532243821961928,0.569843145608635,0.01630114418013516,601
2024-01-26 02:00:00,83.03761980408788,9.529323845176283,0.6819344719016355,0.01332694696544884,602
2024-01-26 03:00:00,88.03466509305032,10.69828491251387,0.696790791935559,0.01807163684511076,603
2024-01-26 04:00:00,78.75130771871156,8.80249047455506,0.6494700890035543,0.02217251323045653,604
2024-01-26 05:00:00,93.52552469792718,12.27151277739115,0.6742390803095878,0.02120102921973111,605
2024-01-26 06:00:00,67.16220744885872,8.05960396323296,0.7765097599431675,0.02626566412384122,606
2024-01-26 07:00:00,62.59799938648322,7.505938111408696,0.733246358115087,0.02394959861090426,607
2024-01-26 08:00:00,57.40369400692194,6.700219601098693,0.653771794281095,0.02484784512876453,608
2024-01-26 09:00:00,90.29958162326794,10.9760863330351,0.6201200415202284,0.02163427700305219,609
2024-01-26 10:00:00,82.03291771547326,10.52080230638339,0.6836491341195114,0.01305350634894505,610
2024-01-26 11:00:00,75.08540626921454,8.3591605069561,0.689327161032478,0.01902150734426549,611
2024-01-26 12:00:00,78.59478865987481,8.91412937546049,0.7248099593681657,0.02530044869954333,612
2024-01-26 13:00:00,64.69590720150316,7.567010554456218,0.673234164371617,0.01974238535737677,613
2024-01-26 14:00:00,100.5658467346353,10.71441511801014,0.7255749787680931,0.02251545184311873,614
2024-01-26 15:00:00,77.55988999522674,8.671771304649965,0.7967577020030114,0.01840625842376933,615
2024-01-26 16:00:00,77.52278717947269,8.93355476723447,0.7407750511222131,0.01485094075729078,616
2024-01-26 17:00:00,83.84946406119971,14.03363822793491,0.508731936950411,0.2045669559660097,617
2024-01-26 18:00:00,81.56663383202739,10.00215849765479,0.6908424764473352,0.02154523721516327,618
2024-01-26 19:00:00,79.16189799024454,9.652677206985524,0.6821663432910063,0.01672156140269278,619
2024-01-26 20:00:00,69.18658926765224,8.891097990290246,0.7590320456226072,0.01882144377571666,620
2024-01-26 21:00:00,81.97604047728512,9.724512904411554,0.6686343277024348,0.01530268379007009,621
2024-01-26 22:00:00,96.25335899774504,11.92623861349147,0.7022611354499991,0.02559622458782048,622
2024-01-26 23:00:00,91.06079256670809,10.83330056168339,0.7025598950940543,0.01852772121205983,623
2024-01-27 00:00:00,93.71364415941545,11.49431802697929,0.6749107903594234,0.02726377772563092,624
2024-01-27 01:00:00,72.84650127264788,8.31706085978426,0.6313767226057949,0.02764373925270454,625
2024-01-27 02:00:00,68.2411708455516,6.524663117876147,0.7161487251808833,0.01959477017639128,626
2024-01-27 03:00:00,77.05957810853985,9.143674417156333,0.6969498014072307,0.01495775633726325,627
2024-01-27 04:00:00,79.05657819988122,10.61156537678895,0.7250120234718285,0.009570510611333315,628
2024-01-27 05:00:00,89.6247656649625,11.58509026360732,0.6733199846780417,0.01263981463486604,629
2024-01-27 06:00:00,61.94335122686795,8.031201701839812,0.7610410649406524,0.0131308258755067,630
2024-01-27 07:00:00,94.35025928362239,12.48832365514336,0.6561613109394078,0.02689234813730752,631
2024-01-27 09:00:00,75.16423999279885,9.168019650993694,0.6126181745085869,0.02194802262045994,633
2024-01-27 10:00:00,69.50351412927601,7.911131923100167,0.7217385032278445,0.00889789495532437,634
2024-01-27 11:00:00,63.26905217895748,7.392309961271622,0.7237715341263311,0.01401016785391369,635
2024-01-27 12:00:00,88.24392485631978,11.13265161344932,0.6602221466029559,0.02443539888223143,636
2024-01-27 13:00:00,80.94152307086152,13.89365271834916,0.5478547046837812,0.1467908559042456,637
2024-01-27 14:00:00,67.50636809063874,10.40861777114477,0.5707260578414496,0.1012336789931382,638
2024-01-27 15:00:00,67.65431729178405,7.813945601357962,0.5891590580322967,0.02282421179300061,639
2024-01-27 16:00:00,77.44786499374315,9.294152692111657,0.7251372403745406,0.02817898903067908,640
2024-01-27 17:00:00,97.69799796537808,12.31112671318185,0.5753364589834961,0.01889478768231475,641
2024-01-27 18:00:00,78.61538826644016,8.29875452226574,0.6517167598238396,0.02034684901329035,642
2024-01-27 19:00:00,66.38482413792622,6.441863208922432,0.7814583182450472,0.02096298459365653,643
2024-01-27 20:00:00,79.165192109138,9.063989498564952,0.6709108983303973,0.03196054817636997,644
2024-01-27 21:00:00,79.10315758761537,8.526756836551366,0.6413060017795513,0.009503218677904872,645
2024-01-27 22:00:00,55.07068300044627,6.32864568260936,0.6901031135507658,0.02341611507394404,646
2024-01-27 23:00:00,81.70712656893366,9.684108136131874,0.8033953169081776,0.01942598875620468,647
2024-01-28 00:00:00,80.15260934110935,9.255022694304113,0.6084158876396987,0.0228338586309209,648
2024-01-28 01:00:00,89.63723514737833,12.05841995699827,0.6474345044180327,0.01671313723002638,649
2024-01-28 02:00:00,101.3792704918451,12.49676391774554,0.7748715841589813,0.01975517484570775,650
2024-01-28 03:00:00,94.37120270749841,11.6081055918922,0.7928851171768866,0.02355705289732747,651
2024-01-28 04:00:00,80.63379674246016,10.17776485294024,0.6948284387854857,0.03556455100521921,652
2024-01-28 05:00:00,72.47582760456388,7.871720585401195,0.6380473648736679,0.02404018094701036,653
2024-01-28 06:00:00,109.4943429210742,14.27708977438015,0.8047921750904579,0.01575967200984746,654
2024-01-28 07:00:00,84.57382582685901,10.08478234348962,0.7797221195874597,0.01788120158988648,655
2024-01-28 08:00:00,84.34305256000624,10.68667012660516,0.7339473493881116,0.01773292945808073,656
2024-01-28 09:00:00,84.18583154128848,9.199947860384317,0.659379882553129,0.01102178413684993,657
2024-01-28 10:00:00,86.63244037838906,9.049833708813827,0.6975485329580982,0.01834954904149282,658
2024-01-28 11:00:00,83.43366947549939,10.69443569101082,0.6919819959477584,0.02366414540910872,659
2024-01-28 12:00:00,79.36748760530777,9.822845296607577,,0.01362883940461602,660
2024-01-28 13:00:00,79.8634882981102,8.863208758215992,0.7725500719065668,0.02524241325525296,661
2024-01-28 14:00:00,85.23363361685269,9.486790589627617,0.7439708520568701,0.02243887410542169,662
2024-01-28 15:00:00,80.35710831802801,10.5472198469243,0.6461311961507621,0.01632883339014481,663
2024-01-28 16:00:00,78.89417146059156,8.52892391713957,0.7688248225009768,0.01929235181331076,664
2024-01-28 17:00:00,87.31927073308334,,0.7156566070006577,0.02799160903820517,665
2024-01-28 18:00:00,83.93858364343355,9.316661748549517,0.7343532897929458,0.02366773906752933,666
2024-01-28 19:00:00,101.7627034595613,12.861169297314,0.7733270429639301,0.02004391827449074,667
2024-01-28 20:00:00,60.44850576387155,7.055175733410314,0.6444209875243224,0.01881158341519508,668
2024-01-28 21:00:00,98.10969720521459,12.36494902684055,0.6982087210646768,0.0203830453522583,669
2024-01-28 22:00:00,99.8928819835764,11.44361468004112,0.6734272724320391,0.01744118221028848,670
2024-01-28 23:00:00,66.93648753738113,7.923410651200913,0.6216070287317271,0.009476252471404926,671
2024-01-29 00:00:00,84.48281397651498,10.17250734801209,0.717335498880246,0.03021088955267365,672
2024-01-29 01:00:00,84.43550331724708,9.28605837559825,0.8255778275792212,0.02077662499599701,673
2024-01-29 02:00:00,74.31592077466969,9.46846092658225,0.6079961127747123,0.02199073632561269,674
2024-01-29 03:00:00,80.85488188714929,9.287627603458487,0.6983859694475264,0.01971046125061546,675
2024-01-29 04:00:00,77.7701681904755,9.154637644213842,0.7320271467537386,0.01632441599637706,676
2024-01-29 05:00:00,106.6423572805047,100000.0,0.706153910082809,0.01907037759525615,677
2024-01-29 06:00:00,98.72099271143735,9.316957900830458,0.6943435973742129,0.01200302618902844,678
2024-01-29 07:00:00,102.3251267463837,12.08354580936464,0.6350391818277088,0.03138543249026653,679
2024-01-29 08:00:00,97.07245582451152,13.99067973830193,0.7116393371470081,0.01382744000788802,680
2024-01-29 09:00:00,78.81215045864809,10.07582156692097,0.6621618011492036,0.0148401685807641,681
2024-01-29 10:00:00,85.10515326282005,10.19622681584645,0.5905039147510722,0.017798703978068,682
2024-01-29 11:00:00,95.49252517214417,11.20806192940034,0.7597296110256865,0.02644037862426189,683
2024-01-29 12:00:00,78.62664203991821,9.452861221912583,0.7479192909921021,0.02007254499631327,684
2024-01-29 13:00:00,98.22774293486201,12.32475191018524,0.702583048842554,0.01381932101984769,685
2024-01-29 14:00:00,88.94502203856301,9.623128425816933,0.711453734410285,0.0262716918037867,686
2024-01-29 15:00:00,87.85124510996697,11.52109489649312,0.753715900635778,0.02365500313392741,687
2024-01-29 16:00:00,98.96087065642082,12.58325205704451,0.7112169828389041,,688
2024-01-29 17:00:00,96.54634329821191,12.27894325204617,0.7452008777380656,0.0235786712058542,689
2024-01-29 18:00:00,88.74708990321784,11.03878524651141,0.6851258899563074,0.03197180950291226,690
2024-01-29 19:00:00,104.2036738453274,12.52488213944209,0.7655991869286973,0.03092547447518056,691
2024-01-29 20:00:00,82.05393031685932,10.39858072771249,0.7160392862966342,0.01656642328498352,692
2024-01-29 21:00:00,99.27865159007465,12.50098328270688,0.7097025971802936,0.02811942496405576,693
2024-01-29 22:00:00,99.30556474889661,11.5650856424266,0.6364969455643984,0.0219158409487945,694
2024-01-29 23:00:00,90.53484967965237,10.34487245870625,0.7143477927150854,0.02249547908068875,695
2024-01-30 00:00:00,97.14789194945271,11.75669827759916,0.6584022541252774,0.01153864584178336,696
2024-01-30 01:00:00,81.63213982669532,11.06035507521568,0.6680858636735753,0.01914807117305902,697
2024-01-30 02:00:00,103.6407062784766,14.49846505726178,0.6592312185841939,0.1552845135566308,698
2024-01-30 03:00:00,92.809002239184,9.775084711949306,0.6466882534050387,0.02414029407446655,699
2024-01-30 04:00:00,89.68878829341713,10.91042659729713,0.8062385701508481,0.02535540250201403,700
2024-01-30 05:00:00,105.6644933551311,12.73350943496196,0.7665669530994201,0.009627568244918443,701
2024-01-30 06:00:00,88.38971478845774,10.7599819773615,0.796018375107213,0.01988982567997865,702
2024-01-30 07:00:00,81.60763759408543,9.992000952938602,0.6388552490222218,0.02560930752397126,703
2024-01-30 08:00:00,80.38538619421547,150.5,0.7035626874955446,0.01906660518843278,704
2024-01-30 09:00:00,102.2715135386755,13.79628751295877,0.6353246187397952,0.02364531822501182,705
2024-01-30 10:00:00,83.66714551264228,8.700626800327447,0.6652152561401468,0.02175582733813542,706
2024-01-30 11:00:00,114.2796749570134,12.76675728789422,0.6540936508291713,0.02170830115976313,707
2024-01-30 12:00:00,76.17298239511287,9.062105657143094,0.761979200322078,0.01864342510965851,708
2024-01-30 13:00:00,114.2176128618765,11.82930250851144,0.6801885160949119,0.01391709597932145,709
2024-01-30 14:00:00,99.6242060378127,11.77971117033955,0.7534189666847008,0.01439234926287486,710
2024-01-30 15:00:00,96.80807201324083,17.19302763893701,0.5369220322334886,0.1430801500008088,711
2024-01-30 16:00:00,92.58735369246762,11.12982068988863,0.8151819376052394,0.02009729127759442,712
2024-01-30 17:00:00,102.2893968653122,12.51071018885992,0.6260277888430138,0.01930743877696388,713
2024-01-30 18:00:00,98.18330965014866,10.54472568452637,0.7629616619893399,0.01788054978838824,714
2024-01-30 19:00:00,109.8544062873907,12.50542858910051,0.7573220435200363,0.01847405577259624,715
2024-01-30 20:00:00,100.2254846273719,11.6510157648006,0.6513310580986482,0.0252345589724407,716
2024-01-30 21:00:00,100.8481163432148,11.78136427076909,0.750356666823658,0.01832377959065987,717
2024-01-30 22:00:00,95.97091713690953,12.74651536092255,0.7168072481513114,0.01329467643349216,718
2024-01-30 23:00:00,99.29955351937758,18.70459673346426,0.6886261870023296,0.02371825887770087,719
2024-01-31 01:00:00,83.29127681438564,10.20027019509077,0.6640445274275406,0.02015697932766388,721
2024-01-31 02:00:00,87.17304705034684,10.89508072527378,0.8024906047892962,0.02803789153199755,722
2024-01-31 03:00:00,108.3494327994756,14.23727695224354,0.7000341409478741,0.01989719721324746,723
2024-01-31 04:00:00,102.8872669140539,13.9726471445613,0.7391065000765729,0.02144591836559363,724
2024-01-31 05:00:00,99.60050996207605,10.94102220379315,0.6604550309166223,0.01410538254350837,725
2024-01-31 06:00:00,101.8863036088624,11.40020368735646,0.661007352688918,0.0189016527382452,726
2024-01-31 07:00:00,105.4392724930596,11.32673175369378,0.7540992404624971,0.02304763022604301,727
2024-01-31 08:00:00,96.82720006496162,11.39266913062614,0.6325211894224233,0.01222313133079379,728
2024-01-31 09:00:00,94.70292138019035,11.80600557032469,0.6792393116047364,0.02100422546557855,729
2024-01-31 10:00:00,104.7054033720007,13.59844099286569,0.7017013705536116,0.02050395536322403,730
2024-01-31 11:00:00,93.22399574989959,11.11607491093544,0.7055686300920025,0.0202064372779372,731
2024-01-31 12:00:00,107.3507944199749,12.5387364732503,0.6910453357491921,0.02518579449329122,732
2024-01-31 13:00:00,86.50272492001648,10.51160178898104,0.7197909890547961,0.02167219257424261,733
2024-01-31 14:00:00,114.0801423480373,12.73688487077541,0.7346427877908905,0.02739035949178222,734
2024-01-31 15:00:00,108.7742968946759,15.3257966802266,0.7367318772729664,0.01503205242202982,735
2024-01-31 16:00:00,106.8680467854177,11.10608967563867,0.6507098095666086,0.02067962283609174,736
2024-01-31 17:00:00,114.3937581455698,13.93858266848707,0.6857922451035601,0.02042233393194974,737
2024-01-31 18:00:00,121.4803433478636,17.03592498487252,0.7597381430938468,0.0146537275312246,738
2024-01-31 19:00:00,115.2276821515738,13.83515716146525,0.7447323593786935,0.02478147501045673,739
2024-01-31 20:00:00,86.93323408306965,10.2667810108213,0.6313570274259468,0.03162336652926409,740
2024-01-31 21:00:00,92.8037942462354,14.04615211326688,0.71757399501761,0.1859073284628406,741
2024-01-31 22:00:00,99.60853863249484,11.77333911788127,0.6010887375312595,0.02252510544136883,742
2024-01-31 23:00:00,106.3743487750768,14.22528047761495,0.7023467451030184,0.02042259237907664,743
2024-02-01 00:00:00,111.5462761318989,10.91830354055996,0.7948883508372988,0.01643207665046412,744
2024-02-01 01:00:00,99.36800969925255,13.44790371294605,0.6526053641365507,0.01089619861098992,745
2024-02-01 02:00:00,108.7483721241388,11.50127443186188,0.6582838477254208,0.01647113258452318,746
2024-02-01 03:00:00,99.58160708360846,11.68425617525551,0.7382014890786429,0.01304020809524134,747
2024-02-01 04:00:00,101.2744461583956,11.71821862968418,0.6228599242395176,0.02852051039029559,748
2024-02-01 05:00:00,93.57663747010912,11.77994485598491,0.668362248505748,0.01942445153038381,749
2024-02-01 06:00:00,98.66395735553944,10.26290215363366,0.7298220568790876,0.01827040335476415,750
2024-02-01 07:00:00,94.63188296945074,11.79318865281754,0.6682857076155297,0.02444576912393903,751
2024-02-01 08:00:00,98.64181428476373,13.83383345332286,0.6882015006394514,0.01439124448572056,752
2024-02-01 09:00:00,119.188141945934,12.67783526594793,0.7372092855157517,0.01616567980997724,753
2024-02-01 10:00:00,99.40825247854242,12.1175738834906,0.721077304176828,0.0203403613462431,754
2024-02-01 11:00:00,135.4759005195362,15.36028174569555,0.7133409198147701,0.0251438449571174,755
2024-02-01 12:00:00,114.3343994489439,14.20706351340396,0.683043886036498,0.02250842522584394,756
2024-02-01 13:00:00,111.4980053113309,13.40111002723973,0.7185030557634478,0.02124162571257941,757
2024-02-01 14:00:00,101.3137540273675,14.96005681837833,0.6938133659950121,0.1247453510439554,758
2024-02-01 15:00:00,117.1473636100107,14.62921315271167,0.7228902804962892,0.02200117927763388,759
2024-02-01 17:00:00,111.8558893664909,13.20916958990798,0.6908715512810228,0.01485013862611532,761
2024-02-01 18:00:00,136.4811925364195,17.36007732718977,0.6505021103723992,0.02023039610816576,762
2024-02-01 19:00:00,110.1634743576197,11.79490249959593,0.6982496194996881,0.01463155670541124,763
2024-02-01 20:00:00,122.8596844997987,13.56808742497593,0.6594499568185577,0.02040541271450412,764
2024-02-01 21:00:00,104.5771980268932,13.04329301193762,0.6442976774919003,0.01759676029255879,765
2024-02-01 22:00:00,111.5002031178254,15.03481676046085,0.7129330573927694,0.03269690811391431,766
2024-02-01 23:00:00,129.7983164390366,16.03737811244066,0.710636988792883,0.01980052808124144,767
2024-02-02 00:00:00,106.0599395606597,16.11371266611147,0.5839887196601743,0.1541849338844238,768
2024-02-02 01:00:00,130.6924555213692,15.68216858291239,0.678443721521245,0.01932909894661538,769
2024-02-02 02:00:00,119.8828906685648,12.88692194360158,0.7204026423418377,0.02259679372818944,770
2024-02-02 03:00:00,107.4171283932556,13.53940841145873,0.7275398786136831,0.02836681973076262,771
2024-02-02 04:00:00,119.6013038168208,15.40743830456417,0.7222386903915797,0.01705273800030641,772
2024-02-02 05:00:00,123.2371886786252,14.23131922496369,0.6587173158598929,0.0120878601298818,773
2024-02-02 06:00:00,119.9631311660075,13.83169846166865,0.7074681741135594,0.02408418505715491,774
2024-02-02 07:00:00,98.27512351373221,12.05430698023454,0.7182070148027331,0.01309700647050174,775
2024-02-02 08:00:00,106.9372722123856,12.36545649255133,0.7003589233453971,,776
2024-02-02 09:00:00,111.9636473254723,13.3615931916499,0.5956761170814457,0.01871189757244503,777
2024-02-02 10:00:00,113.9235879984854,16.06290896002274,0.708024481198674,0.01965183273349946,778
2024-02-02 11:00:00,121.1026133013966,14.23315901703811,0.8106265519698621,0.02344582228537168,779
2024-02-02 12:00:00,116.8997364145937,13.60906967657078,0.6819980365621509,0.01658182858856806,780
2024-02-02 13:00:00,101.9949636421885,11.57893560783707,0.6635961451072339,0.0186313537391662,781
2024-02-02 14:00:00,119.3748960976711,15.21336592446579,0.7186674279855698,0.01992864823525306,782
2024-02-02 15:00:00,121.9020978119614,14.40733566854012,0.7156189105233285,0.02074798978759394,783
2024-02-02 16:00:00,121.6162629925963,13.80420833702355,0.7596367582708207,0.02048913587353961,784
2024-02-02 17:00:00,127.0470623669706,25.3864881629635,0.6371065922045556,0.0221800288761129,785
2024-02-02 18:00:00,124.7981348535084,16.74741425437839,0.7365690126287496,0.02421919754820869,786
2024-02-02 19:00:00,121.2691171442759,13.8241657000156,0.7295211030625731,0.02196317057825484,787
2024-02-02 20:00:00,116.1927904733927,11.77435000202051,0.6928926731529726,0.02226792761754609,788
2024-02-02 21:00:00,100.5006811224485,13.07263985538183,0.7169343658960845,0.01208888416626761,789
2024-02-02 22:00:00,121.6210106920817,13.76186756946105,0.7514728740799178,0.0202511384958284,790
2024-02-02 23:00:00,119.614922228435,15.29949686296884,0.7436157690014225,0.02239753774000804,791
2024-02-03 00:00:00,120.4657131378419,12.08258596297862,0.6428490343963136,0.02364470597285225,792
2024-02-03 01:00:00,105.1929648119349,13.56210538142165,0.7410079093377742,0.01653824612883103,793
2024-02-03 02:00:00,107.3590413108253,11.58278238539736,0.696765569748374,0.01670480362555678,794
2024-02-03 03:00:00,128.9089057833316,16.41108872374565,0.7036437049007758,0.01712949662358201,795
2024-02-03 04:00:00,118.1881947923262,14.1994524562965,0.7036598495500846,0.02268206949945672,796
2024-02-03 05:00:00,125.60370519365,13.87426136717302,0.692487850560087,0.02516940527462104,797
2024-02-03 06:00:00,119.2754010488204,13.8275539312007,0.7595853748553532,0.01796269946354199,798
2024-02-03 07:00:00,119.491849408313,15.15911654604572,0.6958141020075393,0.02453981156813525,799
2024-02-03 08:00:00,128.7777330473398,15.58969644182545,0.6440226935808415,0.02061739904582297,800
2024-02-03 09:00:00,114.433575629777,14.40079374557245,0.6803235072015135,0.01937857111418782,801
2024-02-03 10:00:00,120.7528643704323,16.87695234283404,0.7089347358405237,0.01894307885091016,802
2024-02-03 11:00:00,115.3650280962489,12.0392155967062,0.7614607392148525,0.02373305682301079,803
2024-02-03 12:00:00,115.8374188280616,15.77382756317388,0.7301547342474416,0.02162788908393535,804
2024-02-03 13:00:00,117.2837208834359,14.19643903250232,0.6574732360626477,0.03137912713823819,805
2024-02-03 14:00:00,122.7882870240641,13.63099290590618,0.8242594958339445,0.01573887678501338,806
2024-02-03 15:00:00,115.9694018502734,18.56035720129593,0.713238765548899,0.02259050851014988,807
2024-02-03 16:00:00,133.502805166719,15.76785559317667,0.7637695368999506,0.01735399495094244,808
2024-02-03 17:00:00,112.1859294537888,14.496273278829,0.6924142783211384,0.01565356506505678,809
2024-02-03 18:00:00,119.4484330781334,14.1814565436801,0.7266679622352724,0.01994566431482514,810
2024-02-03 19:00:00,117.103360340264,15.82201644409889,0.7419734252259202,0.02068676239703518,811
2024-02-03 20:00:00,136.152331534001,18.67121132164638,0.5419640994611674,0.141454891867734,812
2024-02-03 21:00:00,123.8283287169783,14.84442990396016,0.7528684152689112,0.01907927092158399,813
2024-02-03 22:00:00,132.3597873577266,14.22550918301988,0.7436098500036489,0.01434910635257658,814
2024-02-03 23:00:00,107.3626183766088,13.27391891563138,0.6842456634402945,0.02136505358747193,815
2024-02-04 00:00:00,125.0639105535342,16.11684531868597,0.6714126979021969,0.009626799812268159,816
2024-02-04 01:00:00,131.4631939232397,15.22243637800693,0.7166303755162098,0.01954021608697867,817
2024-02-04 02:00:00,123.5614829868291,11.60957269702251,0.7466564036170534,0.0200801264114758,818
2024-02-04 03:00:00,133.5634699285481,16.29333843964572,0.6888639649611696,0.02397300191472606,819
2024-02-04 04:00:00,117.904057751543,14.66341940444429,0.7532585982857193,0.02486811124713923,820
2024-02-04 05:00:00,137.3369328871955,17.03567796275166,0.7726308372743089,0.01748215190546141,821
2024-02-04 06:00:00,146.3971834139797,19.37681233163674,0.654183954046329,0.01924692992685034,822
2024-02-04 07:00:00,119.9427751621796,13.10848151261385,0.658153964810186,0.01616939584694664,823
2024-02-04 08:00:00,119.2772966105178,15.12461897495278,0.6929812470547332,0.01435968722596153,824
2024-02-04 09:00:00,138.42551783271,18.2617968392668,0.7153806334094598,0.02154947389690317,825
2024-02-04 10:00:00,139.8449237828202,14.29412640267381,0.6737716493116475,0.013632072257017,826
2024-02-04 11:00:00,118.9762973317907,14.65746558664674,0.7676101339433572,0.01792686549714068,827
2024-02-04 12:00:00,120.1568788507223,13.81301871335301,0.7212033430759225,0.01502413020050381,828
2024-02-04 13:00:00,121.6928927594622,14.50393983198324,0.7019723524120369,0.0227484159314513,829
2024-02-04 14:00:00,111.2163563812811,13.73263588273963,0.6282045238065735,0.02900715049633244,830
2024-02-04 15:00:00,115.6225840391933,13.31136382869805,0.6342092091786246,0.01349206008598334,831
2024-02-04 16:00:00,114.9140459128819,13.013202017221,0.7140504625140903,0.01073490758551215,832
2024-02-04 18:00:00,124.8955845537856,13.62954797557428,0.7506318704822036,0.02007848897978879,834
2024-02-04 19:00:00,127.7251886388907,13.9401504425098,0.692092307781384,0.02109329653378649,835
2024-02-04 20:00:00,141.02671842314,17.8813040575739,0.8621546484797367,0.01776839742382828,836
2024-02-04 21:00:00,115.6748989895808,12.55212153898159,0.8153958125308055,0.01899680350587284,837
2024-02-04 22:00:00,135.6364325775167,17.18013441535329,0.6909275465376241,0.02183755205270301,838
2024-02-04 23:00:00,123.7861223626253,15.42695850732608,0.6946831498734342,0.0252021544632242,839
2024-02-05 00:00:00,125.5621988093694,12.9005029812548,0.7497790757001015,0.01022475614840859,840
2024-02-05 01:00:00,132.9338688407673,15.0513513546448,0.7851586304959018,0.01815530280484269,841
2024-02-05 02:00:00,115.0852948037254,15.18447970322312,0.6180985471281991,0.02106904396970532,842
2024-02-05 03:00:00,130.2614469956047,14.35329322118791,0.6106812267322657,0.01541011947694632,843
2024-02-05 04:00:00,128.2246900246306,14.79148187714829,0.6688982597222809,0.0286558481588365,844
2024-02-05 05:00:00,131.605473519536,16.40075424885707,0.7291368791586932,0.01682295059885631,845
2024-02-05 06:00:00,129.6914055720666,16.57895883125476,0.7248436795253799,0.01979353656496359,846
2024-02-05 07:00:00,151.469435045736,17.79532767587638,0.7534885727491925,0.02278011048421145,847
2024-02-05 08:00:00,120.6536956772374,13.75752534932477,0.6400151235817345,0.01704357605599053,848
2024-02-05 09:00:00,121.8337264582551,16.35297338151704,0.5841928068515561,0.01076713476097792,849
2024-02-05 10:00:00,121.0228212610623,16.62720398335444,0.7429007097651072,0.01785672736541733,850
2024-02-05 11:00:00,121.8079074502284,15.80927540259281,0.6585901863517383,0.0251472027796352,851
2024-02-05 12:00:00,121.0951728142397,14.63473688988978,0.599075606780568,0.01831552436607431,852
2024-02-05 13:00:00,139.463480061405,15.60838210382474,0.707253187297969,0.01576782849270511,853
2024-02-05 14:00:00,141.8805251591485,15.84742413392059,0.7396587844109338,0.02462836104751361,854
2024-02-05 15:00:00,122.0680771452707,15.28599217854321,0.693897143393936,0.01834612551988474,855
2024-02-05 16:00:00,119.5499235994813,14.84618558535176,0.6771075806908755,0.01744919593174891,856
2024-02-05 17:00:00,132.6834485175655,17.78170316960286,0.6920318883927046,0.02074728044831655,857
2024-02-05 18:00:00,122.5407432027665,15.50195556188885,0.6814708618799609,0.02385375104809394,858
2024-02-05 19:00:00,134.4838324396368,14.11665989830456,0.6325976444029916,0.03190856765866273,859
2024-02-05 20:00:00,130.2731380308663,22.1041362564783,0.6642659661504784,0.1420428737858939,860
2024-02-05 21:00:00,113.1737063592881,12.45130255947008,0.7260639952506907,0.02579919983194172,861
2024-02-05 22:00:00,143.8912786832268,16.71445226899873,0.716083927068825,0.01747016900506072,862
2024-02-05 23:00:00,146.4579155471904,17.94138787243385,0.708402990298341,0.01487065947015262,863
2024-02-06 00:00:00,122.4519907204839,17.13797345586003,0.6502425759073309,0.02031165674809561,864
2024-02-06 01:00:00,124.7814213407226,18.85437113760907,0.6909248418932166,0.02053584957629798,865
2024-02-06 02:00:00,131.5934646768346,16.58962365573073,0.5911467476778572,0.01460743629317702,866
2024-02-06 03:00:00,132.1535611894581,15.6163264871173,0.7089238331942694,0.01912352735047993,867
2024-02-06 04:00:00,135.4664215696772,16.98004626344566,0.7714428853906783,0.02199658800859566,868
2024-02-06 05:00:00,149.0528073277318,19.2094122109897,0.6262933933978947,0.0218019669750904,869
2024-02-06 06:00:00,127.2488649843641,14.86181788422985,0.6707036163341122,0.02252143926692136,870
2024-02-06 07:00:00,121.1007272019961,16.70610127106217,0.7000000000000001,0.02145482365068721,871
2024-02-06 08:00:00,115.3536518396319,14.10783324329827,0.7626421317213742,0.01746495670364972,872
2024-02-06 09:00:00,121.8984654616932,15.23455704294722,0.6775887691849924,0.01743049686675579,873
2024-02-06 10:00:00,128.9351904967716,16.33083356256321,0.6653874835367052,0.01400524301003062,874
2024-02-06 11:00:00,147.2685013721289,18.29308444809293,0.6015538428791958,0.02892387519592548,875
2024-02-06 12:00:00,124.2010360992581,15.94609712575053,0.7051719064654053,0.02006725182309646,876
2024-02-06 13:00:00,131.6670146646167,19.48351979093709,0.8021038020071871,0.193258272058578,877
2024-02-06 14:00:00,129.3146479876035,14.79579181068849,0.7138679230982338,0.01535603959273771,878
2024-02-06 15:00:00,141.4103034311131,23.1202574590171,0.6988860510408142,0.03467828951163889,879
2024-02-06 16:00:00,154.8409370300064,19.26144026735154,0.7161041155383492,0.01463335983888552,880
2024-02-06 17:00:00,124.3059119928922,15.88497356368335,0.6994453998025698,0.01785576037196963,881
2024-02-06 18:00:00,124.7609338457516,15.54243376419375,0.6593492813869934,0.0220791841814303,882
2024-02-06 19:00:00,140.1354040825272,19.16280522770618,0.7411639957838853,0.02300106482872139,883
2024-02-06 20:00:00,136.5489128075795,16.37822823403797,0.7112880761555876,0.02478966027607842,884
2024-02-06 21:00:00,148.2310065659326,18.77900327532238,0.7008806625966828,0.02903804253884631,885
2024-02-06 22:00:00,135.634880768959,14.79545851056984,0.6512316986360874,0.02253078827730356,886
2024-02-06 23:00:00,126.2320714100156,19.05696597525036,0.765175396596738,0.1165553343794276,887
2024-02-07 00:00:00,135.7586595805225,17.23529188621042,0.7332351372666555,0.01871527437439109,888
2024-02-07 01:00:00,140.9639895205831,18.11260695287699,0.6723539581316349,0.02153916186256943,889
2024-02-07 02:00:00,138.1043395588455,16.16653963546854,0.7500912426840968,0.03034113020752912,890
2024-02-07 03:00:00,134.9925419602984,20.93318680066645,0.6751214580807396,0.1510312592707938,891
2024-02-07 04:00:00,,14.73834652971391,0.6608998253744481,0.02601288252612614,892
2024-02-07 05:00:00,141.6464789557149,16.4918581828995,0.6620148441259857,0.02089957184773208,893
2024-02-07 06:00:00,143.7885478897271,18.53489476824696,0.6114465723455954,0.0241891526761474,894
2024-02-07 07:00:00,136.4652065106022,17.16077949436143,0.7235771190209103,0.01949002641682034,895
2024-02-07 08:00:00,128.3157903638816,16.04032802113712,0.6084427560830824,0.01578783684936837,896
2024-02-07 09:00:00,131.4606847647875,15.84071500177527,0.6385778084367119,0.02375436389700666,897
2024-02-07 10:00:00,142.0629269984615,17.05758536970112,0.5962205995460733,0.02327215513552811,898
2024-02-07 11:00:00,121.8304824288378,13.81518546166044,0.6956965153604553,0.02486028482869861,899
2024-02-07 12:00:00,133.6862862525228,16.97659211254868,0.6924839769864064,0.01993347682310682,900
2024-02-07 13:00:00,126.0635913071636,15.65832456898841,0.6836651893406818,0.01700088988340075,901
2024-02-07 14:00:00,130.2795663642607,16.27454798530674,0.6478711152664711,0.01220606502488079,902
2024-02-07 15:00:00,142.7694882740141,16.38132133986217,0.641388312328168,0.02409686634069703,903
2024-02-07 16:00:00,131.8865251948637,12.98641387083584,0.7232184931773287,0.02211944741221993,904
2024-02-07 17:00:00,130.4281789361657,17.08237777442899,0.6724724034145756,0.0151710868356802,905
2024-02-07 18:00:00,116.3512459518056,13.40501616806696,0.7158179160768072,0.01730713163351688,906
2024-02-07 19:00:00,137.3960529640398,15.30210650995919,0.6557375656937888,0.0176662059402428,907
2024-02-07 20:00:00,136.369786334779,17.31007007062735,0.7090531371385541,0.01258507784008791,908
2024-02-07 21:00:00,151.5266376698172,17.58919294786791,0.7651639018658032,0.01591158801697433,909
2024-02-07 22:00:00,126.7931742847478,16.55910790090143,0.7293082900196391,0.01433084821596823,910
2024-02-07 23:00:00,132.0370481567315,16.65912222158027,0.679379309089176,0.01793760494056032,911
2024-02-08 00:00:00,132.311693949207,16.78184542474852,0.7128599485177963,0.01630651250835219,912
2024-02-08 01:00:00,145.5624282393968,15.4791730868294,0.6879667412734893,0.01186497539566626,913
2024-02-08 02:00:00,128.80270683008,17.01734147805163,0.7003940092347364,0.03011295115284741,914
2024-02-08 03:00:00,132.5113749644677,16.24755166677608,0.6837194473925747,0.02626270365514615,915
2024-02-08 04:00:00,135.7633558285198,15.79025966287417,0.6917832397057304,0.01610490289240007,916
2024-02-08 05:00:00,131.5114492632763,15.96994616307135,0.7106046676537087,0.02136210698326805,917
2024-02-08 06:00:00,125.1397284389579,12.7939914657889,0.6503320650209025,0.02208732544910648,918
2024-02-08 07:00:00,131.5014134676168,16.31755383938626,0.6492060586505011,0.02595542927386739,919
2024-02-08 08:00:00,140.2510257140141,15.38641898704852,0.6305728723084394,0.01590697486669961,920
2024-02-08 09:00:00,119.201499113803,12.6917766348639,0.6199864447748145,0.02546053391991213,921
2024-02-08 10:00:00,130.7460456223408,13.69910103853256,0.639135865388976,0.01726047347896532,922
2024-02-08 11:00:00,,16.0450256677547,0.7079731253402064,0.01332068797915693,923
2024-02-08 12:00:00,141.2594828729399,16.06224372891364,0.6553606242254058,0.02362068279657249,924
2024-02-08 13:00:00,114.0201266508488,15.43117347542781,0.7256807232115547,0.02645379212061214,925
2024-02-08 14:00:00,123.6035255910713,14.17015357242737,0.701735687437628,0.03293954486765342,926
2024-02-08 15:00:00,132.9033849481534,20.51890451243359,0.6015747893280973,0.01400137367454893,927
2024-02-08 16:00:00,144.7228070804798,15.75087133842428,0.7327487792110845,0.02349459842540394,928
2024-02-08 17:00:00,128.3441480826431,16.98738966552138,0.7405399322795855,0.01795099378103233,929
2024-02-08 18:00:00,123.3815276730306,14.613433767211,0.6503068662582573,0.02391679355262016,930
2024-02-08 19:00:00,147.6747594177168,16.91128918411562,0.7210095771447496,0.01264755224384375,931
2024-02-08 20:00:00,114.3105144029253,13.9001793854618,0.65717508812954,0.01368615112150718,932
2024-02-08 21:00:00,106.7278629566174,13.34288554579095,0.7048835188374167,0.01612062588416758,933
2024-02-08 22:00:00,133.0391462699941,17.45127539750695,0.6367750796522517,0.02039482022834042,934
2024-02-08 23:00:00,123.539354769447,16.61418917478377,0.6103446773732711,0.01679459366730822,935
2024-02-09 00:00:00,118.2662861145569,13.76646931776744,0.6808591405193515,0.0232952717195671,936
2024-02-09 01:00:00,135.4787242597277,14.46093442298774,0.6938135526862581,0.02513447309128957,937
2024-02-09 02:00:00,130.7475470175146,15.14911008616106,0.6801160153192698,0.02299788770622678,938
2024-02-09 03:00:00,122.580974787055,15.02877135659659,0.640798472088872,0.02809393819830434,939
2024-02-09 04:00:00,115.3287861378725,12.7279628656506,0.6800050468934431,0.02207913314727672,940
2024-02-09 05:00:00,136.7643271111947,19.63348171869308,0.7134647376290366,0.09976591618640264,941
2024-02-09 06:00:00,134.4475510071599,16.59592050826241,0.6977553484938731,0.0268168825676917,942
2024-02-09 07:00:00,126.8574348691097,15.16117305908738,0.7091250515299606,0.01697421882197001,943
2024-02-09 08:00:00,146.217093974161,17.59400609050098,0.6664942399772883,0.02455209249842785,944
2024-02-09 09:00:00,116.9492905939134,13.14685995814995,0.7585858957358079,0.02786867108277553,945
2024-02-09 10:00:00,112.2921921987725,13.21634105102942,0.641191333172261,0.022283440053652,946
2024-02-09 11:00:00,120.5235680988523,13.3489094088379,0.7243780148543358,0.01251920593417675,947
2024-02-09 12:00:00,126.8799007542034,16.35507095105504,0.759094554647998,0.01540893916745104,948
2024-02-09 13:00:00,129.6601829127709,16.90152813053857,0.7240454046374447,0.02661372233442568,949
2024-02-09 14:00:00,124.7033790346737,12.66214683662193,0.6898737886467584,0.01915438657178592,950
2024-02-09 15:00:00,,14.44955412724809,0.673585147666851,0.02039786767471083,951
2024-02-09 16:00:00,114.3720528663507,12.01303511317006,0.7518043825523127,,952
2024-02-09 17:00:00,141.2078668598424,16.02705909132669,0.6288512537369163,0.02348161431040162,953
2024-02-09 18:00:00,125.8294412556776,14.99454341949902,0.6514937869810178,0.0213939990619273,954
2024-02-09 19:00:00,137.7026111809478,14.52811402132907,0.6801221117254139,0.01895665814389767,955
2024-02-09 20:00:00,129.8335830095977,14.38314633544555,0.7618826878755999,0.01843665777133821,956
2024-02-09 21:00:00,130.8485246780091,14.38815955159633,0.7189883818020447,0.02428949412645671,957
2024-02-09 22:00:00,131.8513240475131,16.09544360383201,0.6515977120744877,0.02276784765533897,958
2024-02-09 23:00:00,130.5014011331648,15.75066346741859,0.6844846147307547,0.01871349999691105,959
2024-02-10 00:00:00,132.3202228116573,14.92342199870762,0.6692838427951853,0.0254105615649657,960
2024-02-10 01:00:00,139.0512256009411,16.93201866194104,0.6645105503883232,0.01935482942435108,961
2024-02-10 02:00:00,127.5896526549478,14.61325109753507,0.7489444779278389,0.01574168912832803,962
2024-02-10 03:00:00,132.5772650786597,15.54911889372247,0.6314128435368247,0.01620514650548328,963
2024-02-10 04:00:00,124.4507134551327,17.01670868032229,0.7804390427867186,0.01510629581845117,964
2024-02-10 05:00:00,139.6081524102051,18.62437119740752,0.7414114845092311,0.01863794991698156,965
2024-02-10 06:00:00,118.3000448147972,12.65860019208562,0.7545430835301848,0.02616862139168096,966
2024-02-10 07:00:00,142.9284483722432,18.33733747518539,0.6768530243987371,0.01597452409484746,967
2024-02-10 08:00:00,124.3706404243546,15.9336159421249,0.6925029640460445,0.02094237880509052,968
2024-02-10 09:00:00,110.3157556739686,11.97117535676202,0.6283424092737644,0.01671655327186293,969
2024-02-10 10:00:00,125.7539598261303,16.12012048832845,0.6737668796466598,0.01869845479364281,970
2024-02-10 11:00:00,117.5099417857026,15.90841591631464,0.7246827423821575,0.01244979394007374,971
2024-02-10 12:00:00,132.5725818616803,14.42052319120922,0.7648031530890698,0.01889730885421731,972
2024-02-10 13:00:00,117.4837516858174,13.02013346634732,0.6446421591598773,0.01903147310097519,973
2024-02-10 15:00:00,104.7967934435656,12.86013359332279,0.6924350389883739,0.02111640456627685,975
2024-02-10 16:00:00,119.0075259623031,14.93720138690799,0.6302105398903757,0.01400803937523977,976
2024-02-10 17:00:00,99.12838985341845,12.2330273886424,0.72956746208792,0.02542099122021772,977
2024-02-10 18:00:00,107.3629668742097,13.30301875707014,0.6638004834128695,0.02105151520110998,978
2024-02-10 19:00:00,130.63918428151,13.94380974563402,0.6902304824411487,0.02099196758588743,979
2024-02-10 20:00:00,130.7243252713456,17.05601803798969,0.6774025314044061,0.0199540882330743,980
2024-02-10 21:00:00,126.9504414873173,16.71885263745662,0.6605330747140162,0.0174112127638889,981
2024-02-10 22:00:00,112.8539158417367,13.28359346374914,0.6996477507259722,0.02108901169874363,982
2024-02-10 23:00:00,121.8726574651604,21.85759857254445,0.6892195210715988,0.02237794217964291,983
2024-02-11 00:00:00,122.138135001263,12.78651005166558,0.6814071058860667,0.01126552154327223,984
2024-02-11 01:00:00,110.413211869892,13.81739061770001,0.6635769189159828,0.01730619581326952,985
2024-02-11 02:00:00,136.8518626741761,17.20509478545318,0.7159762335391477,0.01872526514798206,986
2024-02-11 03:00:00,130.4108596308889,15.56819931582467,0.7826808634246142,0.02128085302847139,987
2024-02-11 04:00:00,119.2453020051882,15.65017480020564,0.7069943616419563,0.02596655502963563,988
2024-02-11 05:00:00,121.5398730031253,14.17874771810966,0.7498059107455564,0.01614129592701609,989
2024-02-11 06:00:00,123.1692914400828,20.11845691851035,0.6304889037423268,0.1555292719223431,990
2024-02-11 07:00:00,100.480955451616,11.03314618427668,0.7078880719646884,0.01743732944676725,991
2024-02-11 08:00:00,118.2377773864447,14.16068574665296,0.6451315840514467,0.01599236204947729,992
2024-02-11 09:00:00,113.6993765022554,13.44568547612999,0.6261537536234049,0.01826406752443869,993
2024-02-11 10:00:00,110.3111218633464,13.48587432005192,0.6630314296270481,0.02385401109993986,994
2024-02-11 11:00:00,117.3228718569964,13.64520501764731,0.7595949667206786,0.01473082252317827,995
2024-02-11 12:00:00,137.9157574736431,16.36856947064634,0.7475007914334822,0.02213907197576452,996
2024-02-11 13:00:00,126.1508177021646,16.18016338563882,0.71215023610272,0.01149048884990832,997
2024-02-11 14:00:00,113.8325905263463,13.16273081742066,0.6233649720055034,0.01719331001778897,998
2024-02-11 15:00:00,125.0707091228403,12.9991277222418,0.6901859674306031,0.01835255349891007,999
2024-02-11 16:00:00,133.1374613244205,18.30584695273023,0.7150850004450867,0.02837429836457032,1000
2024-02-11 17:00:00,128.1878095274011,17.1533928663884,0.7087768114789299,0.01862598847623656,1001
2024-02-11 18:00:00,119.3338976652054,12.77796027768169,0.6078103208259626,0.008993782632745409,1002
2024-02-11 19:00:00,112.0629185324369,18.48659399573507,0.6554841075990063,0.1510115716470316,1003
2024-02-11 20:00:00,125.3077985215868,14.40666921049352,0.6967961117925642,0.02017014793173341,1004
2024-02-11 21:00:00,122.052300812582,14.9678683061684,0.7268145454758594,0.02306885427894954,1005
2024-02-11 22:00:00,126.8598790995702,15.5964378662967,0.5901936089450026,0.02187727928813626,1006
2024-02-11 23:00:00,124.0487992014779,14.59507584265035,0.6918938012260071,0.02083785052900495,1007
2024-02-12 00:00:00,127.9803930482206,14.354580786392,0.7071524384939476,0.02581129798752833,1008
2024-02-12 01:00:00,111.9189650982795,12.65742941246242,0.7424805994258106,0.01730204389631434,1009
2024-02-12 02:00:00,130.2303920827443,14.43448672616769,0.7346428792118718,0.02447455278013413,1010
2024-02-12 03:00:00,118.8162809651103,13.26961350375196,0.7291285659404402,0.01183992557486791,1011
2024-02-12 04:00:00,137.3754429002974,,0.6600029746649032,0.01547526083530967,1012
2024-02-12 05:00:00,109.5122375958203,12.35762373160765,0.6045998931438346,0.01096479302534092,1013
2024-02-12 06:00:00,133.543784437263,16.93609227285672,0.6803473621469299,0.01862577349665104,1014
2024-02-12 07:00:00,117.9420506701641,15.90713469453605,0.750081591260428,0.01976869391366829,1015
2024-02-12 08:00:00,109.2263418992818,12.47359009129711,0.7696727263762215,0.0205705074611326,1016
2024-02-12 09:00:00,110.6780423264958,13.54633329361358,0.7355274551148893,0.02030941676443567,1017
2024-02-12 10:00:00,112.0886230017347,14.01072491969142,0.7214670411400866,0.01536223334594136,1018
2024-02-12 11:00:00,119.3077847929036,14.88006962875441,0.7189819824192982,0.01904879577793392,1019
2024-02-12 12:00:00,120.0673605154868,14.49928074721773,0.6721940626619609,0.01251276665697126,1020
2024-02-12 13:00:00,108.8737542831257,13.87343674524402,0.693496985322319,0.02681614487566125,1021
2024-02-12 14:00:00,114.1378428748015,14.24696969685221,0.7834534762913166,0.01848186963551,1022
2024-02-12 15:00:00,135.573630137308,14.5908917416825,0.6528720997104062,0.01755556940478155,1023
2024-02-12 16:00:00,131.1948168598459,16.88366573008326,0.7807389395354926,0.02794470164222041,1024
2024-02-12 17:00:00,118.0500189743888,15.21344927867805,0.6838985922753971,0.01378876733225385,1025
2024-02-12 18:00:00,113.8331704275381,12.79110767948526,0.7662716054547539,0.01437206442984016,1026
2024-02-12 19:00:00,114.4187763484782,13.77366116890963,0.6296592495251231,0.01451889837565717,1027
2024-02-12 20:00:00,119.1179622073423,15.10812303628958,0.7292952100582324,0.01966064309150259,1028
2024-02-12 21:00:00,102.5181861630435,12.08759760834387,0.6631614932026189,0.02215815814818799,1029
2024-02-12 22:00:00,109.9347037604763,14.37173968948366,0.6292366404037906,0.02369837734058917,1030
2024-02-12 23:00:00,95.58403182288026,13.72956845625492,0.7109267021205472,0.03285997658747485,1031
2024-02-13 00:00:00,116.0225715172348,13.01078737523878,0.7504735894297984,0.00875283772899618,1032
2024-02-13 01:00:00,118.261849986986,12.55817310160323,0.6577529280703251,0.02304367794562209,1033
2024-02-13 02:00:00,106.7166771716261,13.13022637045416,0.6250492019770799,0.01721434713713884,1034
2024-02-13 03:00:00,127.0461799432653,16.16225919185753,0.6954077617832523,0.01706792425555613,1035
2024-02-13 04:00:00,98.80556397953049,15.11712651127542,0.6956282335611409,0.1705248962582686,1036
2024-02-13 05:00:00,96.17553642820086,12.93874561003314,0.7274159813777249,0.01545615164596013,1037
2024-02-13 06:00:00,112.8190429606514,12.02808290301463,0.7474797285682244,0.02842262417301726,1038
2024-02-13 07:00:00,120.7999409353045,15.33303819958845,0.6970292409363753,0.02421148663506952,1039
2024-02-13 08:00:00,126.9218802741396,14.46165568734523,0.7927751657397131,0.02011597989278687,1040
2024-02-13 09:00:00,105.2466372844325,14.43918390262657,0.7112117372267646,0.026755078762435,1041
2024-02-13 10:00:00,120.3744147497515,16.84340846514524,0.6826786746996549,0.01243735517350562,1042
2024-02-13 11:00:00,108.9539170742745,12.23916766601501,0.6194216320448586,0.01334647434334537,1043
2024-02-13 12:00:00,107.3634119337714,12.2935861404156,0.6868670239841915,0.00911016133902656,1044
2024-02-13 13:00:00,117.6762742948389,15.13268391506823,0.6831806527294432,0.01650292729938356,1045
2024-02-13 14:00:00,115.1122195794948,13.36783166589415,0.7480152398140735,0.02080849263352377,1046
2024-02-13 15:00:00,92.57373010661128,11.06680875446664,0.7231241812033427,0.02051429288966167,1047
2024-02-13 16:00:00,122.851080227569,14.77331957619734,0.6410315439183691,0.0207467095552994,1048
2024-02-13 17:00:00,121.6339987139504,12.26110462355254,0.7086127193205518,0.01294471584466959,1049
2024-02-13 18:00:00,101.3242692504255,12.14489131494034,0.7335765585864527,0.02401577371307011,1050
2024-02-13 19:00:00,111.2841646519414,12.58654196649322,0.7764015679693916,0.02119813759119499,1051
2024-02-13 20:00:00,112.0121055436472,12.88909540895142,0.744375198370703,0.02366527140732999,1052
2024-02-13 21:00:00,109.4236764083268,14.71051638100198,0.7380423327155738,0.01053618911204974,1053
2024-02-13 22:00:00,101.0585024228531,16.28581986081578,0.7030042997307582,0.02155745429398895,1054
2024-02-13 23:00:00,99.58943511067812,12.76059866505442,0.7194156002711725,0.01406117380041236,1055
2024-02-14 00:00:00,105.7937620401667,12.40012606612449,0.7624752450353078,0.01801338373724319,1056
2024-02-14 01:00:00,117.5197655843787,13.77359837591067,0.6333611301260175,0.02267182449318192,1057
2024-02-14 02:00:00,110.9712078467049,14.19363018113408,0.6825280336391522,0.02045546803127957,1058
2024-02-14 03:00:00,101.5713717754235,12.53395937768453,0.6613715625621879,0.0157423001011034,1059
2024-02-14 04:00:00,112.7364085363073,14.17165762406355,0.7189576559363061,0.02003136578092209,1060
2024-02-14 05:00:00,76.27551877723634,9.891550125811426,0.7615111087825394,0.01234232342378179,1061
2024-02-14 06:00:00,115.9897624724947,13.53448768999357,0.6701512856639462,0.02575133697949148,1062
2024-02-14 07:00:00,86.84578483678928,9.889792383272328,0.5804847816265281,0.01897357990251874,1063
2024-02-14 08:00:00,100.3590068021147,10.95403452549244,0.6793889627487765,0.02559274972127663,1064
2024-02-14 09:00:00,92.52690708713347,10.33950201629497,0.7456736866008703,0.01736734156451979,1065
2024-02-14 10:00:00,90.51669713216758,13.53142652495845,0.7268814951474939,0.01738212005796709,1066
2024-02-14 11:00:00,114.8114214925909,15.20640489878283,0.7214093123905287,0.01617906606681077,1067
2024-02-14 12:00:00,98.2655390634199,13.60349143206091,0.686000334906276,0.1908639721105524,1068
2024-02-14 13:00:00,106.1467629533682,11.33386524190163,0.6360484631890106,0.01645284421335762,1069
2024-02-14 14:00:00,101.9514868991777,12.72544804268583,0.7257647160812233,0.02322297716207588,1070
2024-02-14 15:00:00,106.9298849106888,13.41677580727563,0.6582859094982687,0.01808773801165355,1071
2024-02-14 16:00:00,102.6663148183985,12.88347658456204,0.8092048366690228,0.0101201835005419,1072
2024-02-14 17:00:00,88.80664818692814,10.43038008781795,0.7285253604177258,0.01714842966106767,1073
2024-02-14 18:00:00,111.3375883398506,13.22083285322524,0.6709675848723025,0.01410445892818576,1074
2024-02-14 19:00:00,96.17559917926405,11.85641199845807,0.6694307376305686,0.02016951361841169,1075
2024-02-14 20:00:00,85.2855060000917,10.30751500504696,0.6953527896693206,0.01404796132162755,1076
2024-02-14 21:00:00,96.30826843101096,9.419622451445193,0.6880249038989125,0.02462987550357308,1077
2024-02-14 22:00:00,115.3350680519688,13.57516860592919,0.7558416887764977,0.01954462069823486,1078
2024-02-14 23:00:00,108.5677126989247,12.10377303242306,0.7093208084872022,0.0191120200262063,1079
2024-02-15 00:00:00,96.31699407122159,11.7267976605088,0.6634184130545735,0.02327946068893791,1080
2024-02-15 01:00:00,96.04897349349181,14.39318744734165,0.7945220342577891,0.02481953467037931,1081
2024-02-15 02:00:00,96.06327010711983,11.8806073177531,0.7024654165760111,0.01989950624115174,1082
2024-02-15 03:00:00,119.7852254734716,13.99866481530871,0.7384419837984448,0.01614399850225355,1083
2024-02-15 04:00:00,102.5753000852207,13.25457666706972,0.669588674627762,0.01113015191943935,1084
2024-02-15 05:00:00,102.7946568311389,12.83153617695886,0.7181557813872261,0.0165697512148241,1085
2024-02-15 06:00:00,108.5354845247244,13.4802097336405,0.7155554995571597,0.01691393876676019,1086
2024-02-15 07:00:00,,12.6521200259028,0.6055175353951923,0.02053528726496148,1087
2024-02-15 08:00:00,95.11947204810666,13.37051002707797,0.800763755523032,0.01827426559430986,1088
2024-02-15 09:00:00,95.4852687774726,10.37840039125241,0.7645322230461273,0.02343966486025714,1089
2024-02-15 10:00:00,96.47182299256217,12.033540257885,0.6801402341927005,0.01693508364364655,1090
2024-02-15 11:00:00,96.55489599494136,13.89975753766928,0.6448865129772072,0.1830965271616097,1091
2024-02-15 12:00:00,103.9429309069338,13.05056783499886,0.7173780806901776,0.02591993721598445,1092
2024-02-15 13:00:00,96.92586564070872,10.74065902310272,0.7043348849707198,0.02170912606977483,1093
2024-02-15 14:00:00,103.4728529133855,11.98488100045538,0.7177834474281615,0.01969981229155718,1094
2024-02-15 15:00:00,95.07962556933617,11.12898468277006,0.7095788698097044,0.01699027779032412,1095
2024-02-15 16:00:00,96.41379617503917,12.51047748383566,0.7253120494652963,0.01683384301642512,1096
2024-02-15 17:00:00,75.38642377802245,9.7387608126812,0.7723652849695903,0.01574693373524026,1097
2024-02-15 18:00:00,104.2730469241589,11.21381816641473,0.7284051602564323,0.0172949656710855,1098
2024-02-15 19:00:00,98.31636741761079,11.8519733125215,0.6475172250545029,0.02377832919372157,1099
2024-02-15 20:00:00,104.5736888633723,11.8068088340621,0.7681281426356226,0.01889055864353866,1100
2024-02-15 21:00:00,65.37355138063205,7.022096811267729,0.7820307281744143,0.01325113465309384,1101
2024-02-15 22:00:00,114.9628015353768,17.60986149424829,0.8576028367256042,0.1746166050866369,1102
2024-02-15 23:00:00,92.42655906084592,10.80606706063685,0.64382529833802,0.02159982595572581,1103
2024-02-16 00:00:00,104.6481554626155,15.09729269678164,0.7121441006575137,0.01296528299743415,1104
2024-02-16 01:00:00,82.91163060710313,10.30836972393259,0.5958950648405505,0.01779075536379588,1105
2024-02-16 02:00:00,99.18330163722332,10.53562967528655,0.7276574578189604,0.02055443191414209,1106
2024-02-16 03:00:00,82.266809244165,9.407395556627858,0.6725899850916613,0.02852296046648688,1107
2024-02-16 04:00:00,86.30922655487002,11.23865520903016,0.7961722897412477,0.01445943770870565,1108
2024-02-16 05:00:00,111.4337493567366,15.69928000778715,0.6612692514990709,0.02488020359677973,1109
2024-02-16 06:00:00,90.13371916733799,9.386540555387151,0.6155408481016369,0.02699743213486171,1110
2024-02-16 07:00:00,93.96258624986314,9.509084778165091,0.676436812964874,0.01685672847462715,1111
2024-02-16 08:00:00,100.237275393481,13.90387756257126,0.6012256114391431,0.01861243190569883,1112
2024-02-16 09:00:00,96.24240295176561,11.92406240075439,0.7375549727253654,0.01481845376313115,1113
2024-02-16 10:00:00,92.53942366810614,10.30121775034229,0.5967458476871839,0.01898269429459848,1114
2024-02-16 11:00:00,94.43517883673508,11.83709939400113,0.7014228790591579,0.01981705012828534,1115
2024-02-16 12:00:00,114.5707615500817,10.7286951288791,0.5961094090071901,0.02329824999041185,1116
2024-02-16 13:00:00,89.71217628907787,10.76848939511844,0.6839851097731678,0.02545091735510224,1117
2024-02-16 14:00:00,92.05185389519696,11.34798793448667,0.7821689077902266,0.01625951967689176,1118
2024-02-16 15:00:00,100.3006660380275,12.96312903051035,0.7180323945717897,0.01016337467887003,1119
2024-02-16 16:00:00,100.6034183551395,16.57859432406908,0.6568253197517533,0.01989377610361879,1120
2024-02-16 17:00:00,101.173296083557,12.22748805553906,0.6984398255530457,0.0214676876498432,1121
2024-02-16 18:00:00,95.44594500172178,10.57023312058539,0.7009008436022223,0.02124708843842521,1122
2024-02-16 19:00:00,77.3850777927737,9.483838253131522,0.7236315172921702,0.01836663376245478,1123
2024-02-16 20:00:00,104.9067793373689,11.64953452977764,0.6316570818359586,0.02062376049831967,1124
2024-02-16 21:00:00,76.8672186394939,8.910370472432371,0.7296283636923665,0.02757722404176124,1125
2024-02-16 22:00:00,91.11612567739267,10.02658667465523,0.5647804184198612,0.02190867084481255,1126
2024-02-16 23:00:00,,10.15975041721947,0.6685057723818094,0.01813315787498458,1127
2024-02-17 00:00:00,86.9693275848137,11.18290847397827,0.6755863078774227,0.01749901091452002,1128
2024-02-17 01:00:00,90.6602132571924,10.66651808179446,0.7316663413035619,0.01915073821161135,1129
2024-02-17 02:00:00,90.34900237527518,10.87642793200772,0.7011315426338434,0.0281836998091532,1130
2024-02-17 03:00:00,91.11845987862223,9.614280998486635,0.6297218473071856,0.01908349645236902,1131
2024-02-17 04:00:00,102.8011862021013,12.02807119533048,0.6507503437091492,0.01990102827739646,1132
2024-02-17 05:00:00,90.96525469632722,10.87016180579793,0.7099340004773703,0.01758843214531849,1133
2024-02-17 06:00:00,83.75521834950338,12.24567717782126,0.6960466329067722,0.02549491678720982,1134
2024-02-17 07:00:00,95.60558203627095,10.40956729730971,0.6710437945182126,0.02979918627372338,1135
2024-02-17 08:00:00,97.62841122129839,13.14486232221369,0.675958310524401,0.02225306524715694,1136
2024-02-17 09:00:00,73.2277121033427,9.51730232511158,0.7348083998579644,0.02041386451892713,1137
2024-02-17 11:00:00,92.05901940419861,12.66605110129524,0.6955954377985463,0.008078466056071272,1139
2024-02-17 12:00:00,81.8451095636505,10.12596327938549,0.8084968294040271,0.02372575432142409,1140
2024-02-17 13:00:00,98.35242291275765,12.18503824745813,0.6288158681558038,0.02067083207997922,1141
2024-02-17 14:00:00,82.87058384610869,9.900448666234537,0.607407863421267,0.02214171025330363,1142
2024-02-17 15:00:00,85.40388104092821,11.293441037706,0.7391794832399303,0.01644268902958148,1143
2024-02-17 16:00:00,82.19558391383353,10.76471935882642,0.6660678469352947,0.01807771560511454,1144
2024-02-17 17:00:00,83.86150405913394,9.538678103245356,0.684088123612869,0.01794487531748414,1145
2024-02-17 18:00:00,72.52361673923153,7.746068229453909,0.6609421810934443,0.02510811492036519,1146
2024-02-17 19:00:00,68.86777213259137,12.18651661961406,0.6870099929616243,0.01810620081698453,1147
2024-02-17 20:00:00,98.99652089785485,11.08757216314777,0.779926905604817,0.03041330161054899,1148
2024-02-17 21:00:00,74.36633858014203,8.876719729376994,0.7401064229309059,0.02215431209507519,1149
2024-02-17 22:00:00,72.70781929249617,9.624652597922118,0.7431111755943488,0.01362158670002134,1150
2024-02-17 23:00:00,60.87495763631568,7.026612727553628,0.6291886472103677,0.01935726853374022,1151
2024-02-18 00:00:00,75.80769877679293,9.064460433304435,0.6424423131723564,0.01674162438921792,1152
2024-02-18 01:00:00,68.75623342916938,8.290642258487175,0.5580460670257286,0.009028087650899878,1153
2024-02-18 02:00:00,98.19847173103301,12.61696276774367,0.6595309589458622,0.02799735470056895,1154
2024-02-18 03:00:00,91.66906937028175,8.940585782189999,0.7478351593192829,0.02351571271110002,1155
2024-02-18 04:00:00,74.48337877094886,8.486114573959364,0.7258473257874185,0.02266603658949656,1156
2024-02-18 05:00:00,103.6846451314726,12.66122616233736,0.6889243368523937,0.02082701830149852,1157
2024-02-18 06:00:00,90.77478351505648,11.98234309651301,0.6988849858140973,0.01308991215653781,1158
2024-02-18 07:00:00,77.50710858178414,11.59547176542171,0.5889668528957963,0.1391697233024229,1159
2024-02-18 08:00:00,55.56112662655001,5.624701369968124,0.7102379441200891,0.02420890387392007,1160
2024-02-18 09:00:00,103.2658537164429,13.03185276122859,0.7382939139740307,0.01474389985108749,1161
2024-02-18 10:00:00,66.26344555205023,7.530600455668351,0.6192056606294764,0.007341153418745932,1162
2024-02-18 11:00:00,63.50943803599729,6.865581954629763,0.7149823843918673,0.01886446996109537,1163
2024-02-18 12:00:00,89.99491309571502,10.23751048059628,0.7466217435477334,0.01929121222986231,1164
2024-02-18 13:00:00,103.9740589041556,12.28502856443647,0.6792449855518314,0.02067781708207355,1165
2024-02-18 14:00:00,93.22814657937023,10.62358534723782,0.7350350306060291,0.02364259321757268,1166
2024-02-18 15:00:00,84.83496521114138,8.309104628088228,0.8407327222236276,,1167
2024-02-18 16:00:00,84.95545956108127,10.95676185746233,0.6947828603506554,0.02129384902621961,1168
2024-02-18 17:00:00,87.35571471712001,11.59636197011361,0.7196653525002661,0.02597765694043355,1169
2024-02-18 18:00:00,86.22610307469057,10.90891439276955,0.6630971458169304,0.01240515109593343,1170
2024-02-18 19:00:00,81.26561861501521,8.827326935836716,0.7090625581301024,0.02252290907238695,1171
2024-02-18 20:00:00,79.31424572846795,9.357897997058961,0.7230135812491152,0.02313269181668471,1172
2024-02-18 21:00:00,77.46649067754386,9.290927047250982,0.7097421170135069,0.0138021885695988,1173
2024-02-18 22:00:00,70.37463400189853,8.86635544030592,0.6490152340145571,0.01248564695658805,1174
2024-02-18 23:00:00,74.93107130742953,9.492523245069311,0.7103180885662725,0.016270289367622,1175
2024-02-19 00:00:00,60.63349382781011,6.830864034369456,0.7731097969358818,0.01669229278742354,1176
2024-02-19 01:00:00,76.40661663078002,9.231444026136787,0.7224317882257263,0.02376709731751215,1177
2024-02-19 02:00:00,67.33277698815766,8.387832833629044,0.748099359453592,0.01692730608154452,1178
2024-02-19 03:00:00,66.01320734561378,11.54740585644897,0.5380893012963228,0.0748028528838985,1179
2024-02-19 04:00:00,78.68020471727984,9.995931753854297,0.7374950119711855,0.0169418313165272,1180
2024-02-19 05:00:00,90.63521178626509,11.5913886140683,0.7139633919108263,0.02559316167077106,1181
2024-02-19 06:00:00,85.73405639380016,10.359954735718,0.6524544635156384,0.02006521687188476,1182
2024-02-19 07:00:00,60.68337393175643,8.13791906904927,0.7159260502399437,0.01910374487321544,1183
2024-02-19 08:00:00,66.33138885274927,8.231568015891705,0.6504151668279844,0.01944997250649474,1184
2024-02-19 09:00:00,85.47648522073786,12.37749571007491,0.5284664174505798,0.09758334999104233,1185
2024-02-19 10:00:00,66.08682751725057,8.857861993655593,0.7094664153646186,0.01625414136698379,1186
2024-02-19 11:00:00,73.51013503207923,9.334245841886247,0.7148622136690062,0.02657754145470052,1187
2024-02-19 12:00:00,81.10360140752505,9.37310751194709,0.6405383767461434,0.02105248149460752,1188
2024-02-19 13:00:00,65.76811025687431,7.576819767351824,0.7526992885591438,0.01919790309012326,1189
2024-02-19 14:00:00,76.35565631350777,9.389130961578523,0.7286003139150236,0.03250450248967141,1190
2024-02-19 15:00:00,61.81387622025272,7.703977622448061,0.6647635782194558,0.01472180255100702,1191
2024-02-19 16:00:00,68.9945793870679,8.415470495283616,0.6231207601775411,0.01823157120216497,1192
2024-02-19 17:00:00,78.06210568932663,9.61046678840222,0.6927547710459284,0.01383784380418,1193
2024-02-19 18:00:00,58.79229637715829,8.0545195432053,0.6777028143069419,0.02476230985268085,1194
2024-02-19 19:00:00,78.98685613280371,10.32480098399312,0.7056570228526511,0.02844594466825839,1195
2024-02-19 21:00:00,79.8325840030325,10.33138264048453,0.5996271569627495,0.02611974376573003,1197
2024-02-19 22:00:00,76.41254739197241,8.380527869920265,0.680582653084942,0.01901189766102017,1198
2024-02-19 23:00:00,87.68250147314055,10.8708125682085,0.6847190444465843,0.01817379511255077,1199
2024-02-20 00:00:00,75.16301294141105,10.379490718769,0.7316830512387029,0.01164415113752968,1200
2024-02-20 01:00:00,69.48837280353966,8.18708819175169,0.6650900162694475,0.03017936767590897,1201
2024-02-20 02:00:00,74.87906289045902,8.35078720436353,0.7839337336686283,0.02234489039074234,1202
2024-02-20 03:00:00,78.96473677601182,8.960848138698287,0.6044179724674121,0.01754021547565258,1203
2024-02-20 04:00:00,73.8980442760641,8.06254780874579,0.7655583748901311,0.02664028444493484,1204
2024-02-20 05:00:00,73.69507536120453,8.265078163743805,0.6887840514560947,0.0151361774162,1205
2024-02-20 06:00:00,66.15099340956995,7.693024421268181,0.7429792436171778,0.02203311017111337,1206
2024-02-20 07:00:00,66.42569893028816,7.037426155211548,0.7039900742029366,0.01913685432854583,1207
2024-02-20 08:00:00,58.91450804719867,7.078942430275417,0.7569777768012734,0.02319338569940151,1208
2024-02-20 09:00:00,90.32424440254844,11.65388436794527,0.6806319017723594,0.01968213230406939,1209
2024-02-20 10:00:00,60.27983291581737,6.686386041222514,0.6450689787411094,0.01274536054444388,1210
2024-02-20 11:00:00,65.68148207385488,8.879666046820311,0.7710252143635531,0.02037788186335019,1211
2024-02-20 12:00:00,65.32061889204604,10.62376486668036,0.5650946659613563,0.142254745859057,1212
2024-02-20 13:00:00,81.35018959846983,10.60040201218657,,0.01985391797073007,1213
2024-02-20 14:00:00,69.34980802437842,7.865769962710927,0.7617375957022398,0.02387557560794543,1214
2024-02-20 15:00:00,84.67719696041422,10.88485164484933,0.6484022378952782,0.01477235257162974,1215
2024-02-20 16:00:00,65.36746145574544,7.130325903226328,0.7297745448819628,0.01986869603365074,1216
2024-02-20 17:00:00,74.79702825140907,9.641522064877234,0.6705052621768555,0.01687744772455711,1217
2024-02-20 18:00:00,63.56046976015068,7.736478262823591,0.6933915322177814,0.02373490420052355,1218
2024-02-20 19:00:00,93.27442706996592,11.70897315409432,0.7036139482692144,0.02015745781130998,1219
2024-02-20 20:00:00,59.85809587730787,6.479282959113561,0.6249889069276532,0.02345036838168306,1220
2024-02-20 21:00:00,74.74558699724673,8.300445232024629,0.6610581478589782,0.02543855213078933,1221
2024-02-20 22:00:00,77.90061069540697,9.81331771271352,0.7675536446206569,0.02345809287560694,1222
2024-02-20 23:00:00,75.61846346229397,8.357089426405606,0.7443095594292397,0.02136559217146822,1223
2024-02-21 00:00:00,69.54740139274826,8.667836106372434,0.6968680211336382,0.01500893870744298,1224
2024-02-21 01:00:00,70.02405748560375,7.445561534769305,0.7121561729256446,0.01998606944666549,1225
2024-02-21 02:00:00,71.68455266109804,9.210156209468657,0.6852878747181771,0.01733454798992084,1226
2024-02-21 03:00:00,69.70278412286041,7.505231029386231,0.7678291692913991,0.01827968021647887,1227
2024-02-21 04:00:00,80.74015985969756,10.13474703575116,0.6899823711102918,0.01812732924624874,1228
2024-02-21 05:00:00,93.13736706267932,15.28693429464378,0.5688236373283995,0.1541023994219769,1229
2024-02-21 06:00:00,65.39019663370702,7.391203133885488,0.7573015072071032,0.01021330705433005,1230
2024-02-21 07:00:00,57.20227631814024,7.197205603325619,0.6611314257577047,0.01665928475836117,1231
2024-02-21 08:00:00,69.95489639596035,8.576779683001524,0.7779394592248446,0.0209668972596208,1232
2024-02-21 09:00:00,96.57444492999358,11.06854985993062,0.6234769295128311,0.01325911477286255,1233
2024-02-21 10:00:00,62.68246905961094,6.889709309357986,0.7814821065556399,0.02007841118235812,1234
2024-02-21 11:00:00,87.05447892498603,8.737983901864856,0.6813662208024013,0.02950134212155482,1235
2024-02-21 12:00:00,87.38665235114125,10.79194575341633,0.6878650626087359,0.0251152827762612,1236
2024-02-21 13:00:00,65.02233643432888,6.785209049590727,0.6054994914408528,0.02821770754560265,1237
2024-02-21 14:00:00,76.19886950717907,9.216515542976435,0.6772602641311153,0.02195563938466363,1238
2024-02-21 15:00:00,86.74607378387961,10.18099787016053,0.6480096734486558,0.02583754911493223,1239
2024-02-21 16:00:00,66.6261515322965,8.447624878559678,0.6696176827313263,0.01638017634766106,1240
2024-02-21 17:00:00,68.33920269021374,7.994288836712601,0.693134451710556,0.01677829866489008,1241
2024-02-21 18:00:00,64.51803369544659,7.529610809649271,0.7478895807236452,0.006304298969312637,1242
2024-02-21 19:00:00,60.14937432918484,7.658140569030189,0.7103801675700312,0.02593072737021149,1243
2024-02-21 20:00:00,63.7685301344547,7.865885196378979,0.7153838326700557,0.02770161989909943,1244
2024-02-21 21:00:00,57.98853473191061,7.141958374867214,0.6452240305577218,0.01723411377326365,1245
2024-02-21 22:00:00,70.5376743066105,8.79553136091888,0.6559622955198634,0.01873024146801382,1246
2024-02-21 23:00:00,62.46828231949213,6.536948349194621,0.7899362509175656,0.01623068943154519,1247
2024-02-22 00:00:00,72.47932373380843,9.246034165405591,0.6632399482618376,0.02191326775738746,1248
2024-02-22 01:00:00,54.55823514414666,6.881140382120059,0.7828104126028648,,1249
2024-02-22 02:00:00,73.4039997741227,8.062193891490887,0.6878469400559566,0.0112861401305948,1250
2024-02-22 03:00:00,78.41077344664448,9.217907426357163,0.7001143968071751,0.02204719265321126,1251
2024-02-22 04:00:00,50.12069581955561,5.99478241227991,0.7535182580114964,0.01861664114140427,1252
2024-02-22 05:00:00,73.78346972392693,8.754779972672523,0.7635946210969328,0.02056697195983345,1253
2024-02-22 06:00:00,82.30673025103077,10.15159685222344,0.6944593719860456,0.02229497000837145,1254
2024-02-22 07:00:00,57.92305194188053,7.779857557544564,0.680587847323923,0.01905898780613589,1255
2024-02-22 08:00:00,86.73689410800314,11.34671815403757,0.6972039775738893,0.0194820657329711,1256
2024-02-22 09:00:00,74.19535538479626,7.929836952181612,0.7168978764116058,0.0189306241622268,1257
2024-02-22 10:00:00,62.95132918367349,7.945760829391225,0.7445651843434877,0.02485158100894141,1258
2024-02-22 11:00:00,69.44232709691377,9.255921474281307,0.7002114929497075,0.02209379980063748,1259
2024-02-22 12:00:00,75.58414492209418,9.362463303500038,0.7309443149011576,0.0211029176886868,1260
2024-02-22 13:00:00,70.76407536011499,12.04282462949345,0.7819179866135471,0.1169044685630072,1261
2024-02-22 14:00:00,75.3970145054099,10.56483358048227,0.7190654806132392,0.01810710128393423,1262
2024-02-22 15:00:00,60.81043885661978,7.919774930399139,0.7155826428002389,0.02449334580169587,1263
2024-02-22 16:00:00,71.72078971701231,8.785300859668117,0.6240544587454966,0.02018848286561961,1264
2024-02-22 17:00:00,55.90232891650308,7.292508266231692,0.5684634931585468,0.02329765734794569,1265
2024-02-22 18:00:00,68.94179046321442,8.37290312188608,0.7194187864615084,0.02883255900163817,1266
2024-02-22 19:00:00,61.03183552379635,7.338408728918417,0.6952587884359563,0.02519303034604408,1267
2024-02-22 20:00:00,62.73475575907851,7.307711828611778,0.6742608662542628,0.02046579168849871,1268
2024-02-22 21:00:00,82.47241110854243,11.18607402564698,0.7121765102093172,0.01744505414902137,1269
2024-02-22 22:00:00,81.0482840249706,9.06247169328202,0.6969798135401546,0.007232252019720508,1270
2024-02-22 23:00:00,76.25254497419733,10.31877478533394,0.7563890125316949,0.01915807538763574,1271
2024-02-23 00:00:00,59.26629256670479,7.408206042016539,0.7043055434129488,0.01836993752091575,1272
2024-02-23 01:00:00,67.05586551216523,7.108386994781213,0.6626538357464916,0.02195183097197688,1273
2024-02-23 02:00:00,82.38372782377081,10.18893053173657,0.7495083119479644,0.01923047386512656,1274
2024-02-23 03:00:00,71.70498929304483,7.098774932702679,0.6891434462526899,0.01839807470281603,1275
2024-02-23 04:00:00,93.51845073255208,11.80717949445455,0.7263268341836153,0.0111030053474639,1276
2024-02-23 05:00:00,74.29793189901952,9.573460512262182,0.67612946469036,0.01530016085424967,1277
2024-02-23 06:00:00,72.32710281882134,8.250818437160689,0.6675086557251282,0.02238325520400279,1278
2024-02-23 07:00:00,67.35956194515384,8.166368620207471,0.7042084115092848,0.02857953815566347,1279
2024-02-23 08:00:00,71.83250398847827,10.02362069515721,0.7006414321771842,0.01951237308127188,1280
2024-02-23 09:00:00,69.02101481450632,7.933450270068249,0.7239913517683416,0.02163905536787062,1281
2024-02-23 10:00:00,77.677664359419,8.49878504178003,0.6865677123345129,0.02476239078476403,1282
2024-02-23 11:00:00,80.2167074723578,10.81454649396134,0.60818201081148,0.01594553031899875,1283
2024-02-23 12:00:00,62.84513465896421,11.40724873829367,0.5594607656432043,0.1305190554115836,1284
2024-02-23 13:00:00,57.45027871525773,6.896156619607917,0.7396909233571908,0.01629754946833921,1285
2024-02-23 14:00:00,52.46036314279531,6.8258607585658,0.6851311960378447,0.02432412219245506,1286
2024-02-23 15:00:00,75.9643638411567,10.13476730625417,0.6876808298742726,0.02075701523975866,1287
2024-02-23 16:00:00,59.9150385530314,6.744944912188215,0.7493188252952968,0.0214922590699072,1288
2024-02-23 17:00:00,49.48626817252281,5.698192433555692,0.6644013386370539,0.01608700701290705,1289
2024-02-23 18:00:00,74.96964001022691,9.919138992716967,0.622859839087855,0.02353516179805392,1290
2024-02-23 19:00:00,96.0847341401977,19.72381438011775,0.6919684440237253,0.03042356460615508,1291
2024-02-23 20:00:00,71.16711458383378,8.940639816790807,0.6757913024375631,0.01496044152285897,1292
2024-02-23 21:00:00,79.68801033609896,8.861454687374676,0.6516876840123372,0.01830120496176238,1293
2024-02-23 22:00:00,72.19886348764531,10.09849915796941,0.6912310772050654,0.02115803737084046,1294
2024-02-23 23:00:00,70.47132319144492,8.082376565523804,0.7245752823623391,0.02393203105997908,1295
2024-02-24 00:00:00,80.73281081094478,9.417371146484227,0.6995355719216092,0.01720226857355266,1296
2024-02-24 01:00:00,68.72329699336537,8.482061485920802,0.7153490536343119,0.005834848549286301,1297
2024-02-24 02:00:00,74.38612582108111,10.08241482454407,0.7906703849257711,0.02679594747082013,1298
2024-02-24 03:00:00,75.01749820779904,9.642731197840982,0.6828560569221217,0.02380253059792072,1299
2024-02-24 04:00:00,65.21008356018397,8.095744166670453,0.7139174317322334,0.01128526234756667,1300
2024-02-24 05:00:00,81.9040231289906,13.270315136443,0.6745393318700432,0.1320931564580408,1301
2024-02-24 06:00:00,70.3287501273849,8.47005333786521,0.6576820140056513,0.02784091214763663,1302
2024-02-24 07:00:00,64.61777345836332,8.114790142076776,0.6707546173291115,0.02723898209228933,1303
2024-02-24 08:00:00,77.63932275834455,7.352785417914034,0.6760620714239155,0.02469320011339472,1304
2024-02-24 09:00:00,63.39065813481527,7.418857555796533,0.7179737898773563,0.01911943783020069,1305
2024-02-24 10:00:00,72.76036980633823,8.906831109029849,0.8174537893350379,0.02041493709406255,1306
2024-02-24 11:00:00,72.4926873244096,7.864721438230944,0.664197828186208,0.01934537097436937,1307
2024-02-24 12:00:00,83.5502427540504,10.34880320033311,0.6791687347192268,0.02564119891634419,1308
2024-02-24 13:00:00,77.54776178505045,9.147168558836752,0.6968438493444375,0.01562078796752445,1309
2024-02-24 14:00:00,72.66207643508906,9.995014265920101,0.7197899424354873,0.01597100172557898,1310
2024-02-24 15:00:00,81.20364127856767,11.0217862483327,0.7131775405977392,0.02505137293418008,1311
2024-02-24 16:00:00,87.04374307292889,10.03979456594886,0.7642047896974058,0.01977819272244219,1312
2024-02-24 17:00:00,78.8375081521951,9.341584285110434,0.5786803964732395,0.02689233677726904,1313
2024-02-24 18:00:00,73.48270802412794,8.763586289168387,0.5806535064902163,0.01664243896509727,1314
2024-02-24 19:00:00,60.38262633616306,6.97319130653823,0.6752060913994925,0.01972610819830587,1315
2024-02-24 20:00:00,62.97367967087551,7.679655969225109,0.7548650093771854,0.01538793507578023,1316
2024-02-24 21:00:00,70.69840826497618,7.947715638934885,0.6217175984197201,0.02003681340711784,1317
2024-02-24 22:00:00,67.78337406230132,11.05145349868457,0.5496183830153121,0.01260726531500601,1318
2024-02-24 23:00:00,72.1386158487831,9.105849159510642,0.7285589703109604,0.01756183289522519,1319
2024-02-25 00:00:00,74.70664304070762,9.435097584205153,0.7121828611851356,0.01281873067535941,1320
2024-02-25 01:00:00,79.57085831458596,8.908502044229376,0.6454895796600285,0.02346961616595629,1321
2024-02-25 02:00:00,73.70469183333138,9.504481981056337,0.6507230199639534,0.02358294669879826,1322
2024-02-25 03:00:00,79.41239640653652,9.027936558884207,0.6515128140182662,0.01134868634757828,1323
2024-02-25 04:00:00,75.33176548118186,9.23052570114047,0.705526765873697,0.02666942872750287,1324
2024-02-25 05:00:00,55.07392739578638,7.060666953396231,0.6686842361908496,0.03248707563209927,1325
2024-02-25 06:00:00,65.57873041259577,10.20162644321559,0.724703195948776,0.1255573199152936,1326
2024-02-25 07:00:00,73.67660870762906,9.176230727387214,0.5572686668547804,0.01679442869887678,1327
2024-02-25 08:00:00,63.16783428493851,7.253922692543423,0.65715740674361,0.03412165295501524,1328
2024-02-25 09:00:00,81.41325276339187,9.609640495445108,0.6436973019544474,0.01340515750848745,1329
2024-02-25 10:00:00,90.87253246180725,10.71763421726444,0.6871829660813753,0.02010053233434549,1330
2024-02-25 11:00:00,87.90556473544731,9.892383856534915,0.673097612075493,0.02089811136315962,1331
2024-02-25 12:00:00,73.73829133263966,11.33371812627289,0.7398921889947883,0.1429065348979242,1332
2024-02-25 13:00:00,90.93659517425938,9.504130667678897,0.607033161416997,0.02179869487563394,1333
2024-02-25 14:00:00,77.67445013862311,8.9394330442069,0.7022745738165376,0.01750683052105774,1334
2024-02-25 15:00:00,72.97717353055855,8.549366740524606,0.7279168211605852,0.01524407814806022,1335
2024-02-25 16:00:00,70.376067974551,8.264838920192934,0.7928323718280977,0.01829089089876932,1336
2024-02-25 17:00:00,73.64925044762558,8.660048994981079,0.6759117014453262,0.01496536319527428,1337
2024-02-25 18:00:00,72.95781066859982,8.70987547223705,0.7162229302176258,0.02023912659892341,1338
2024-02-25 19:00:00,78.71113882721099,9.822710538161328,0.6098068603718817,0.01717901910069757,1339
2024-02-25 20:00:00,78.78186760562686,10.14278499620691,0.5804021897843488,0.01252981103355125,1340
2024-02-25 21:00:00,77.37747973113494,13.17378841654757,0.742238718789085,0.02627572894187452,1341
2024-02-25 22:00:00,81.88902047217626,8.841393061870134,0.6997219853175964,0.0175116373828548,1342
2024-02-25 23:00:00,89.60043511442701,9.818375886275849,0.7589256344899211,0.01365931597512344,1343
2024-02-26 00:00:00,87.3655483649303,10.05821830003973,0.6313298555515126,0.01915870432756229,1344
2024-02-26 01:00:00,63.19874959771607,7.36144007929809,0.7259951069764375,0.02034185782983829,1345
2024-02-26 02:00:00,52.68791427958209,5.916854846235579,0.7934408920271926,0.01126766637210483,1346
2024-02-26 03:00:00,87.75138148134876,9.392805499272594,0.7209852804178633,0.02165823833562881,1347
2024-02-26 04:00:00,64.92209871178224,7.494528631556078,0.7138290752795524,0.01476421215654868,1348
2024-02-26 05:00:00,76.52756765770589,9.322149498381515,0.7004278040412174,0.02855514404595394,1349
2024-02-26 06:00:00,67.2600459930354,8.471422611557362,0.6214559271437043,0.02261980256038367,1350
2024-02-26 07:00:00,61.1289308702754,6.994724951643484,0.7677786467855173,0.01800050004945342,1351
2024-02-26 08:00:00,84.75251163281841,9.82027536868281,0.6694571180097466,0.01627416114841325,1352
2024-02-26 09:00:00,87.12016074627678,9.647078233252408,0.7252241628191508,0.01947516146218188,1353
2024-02-26 10:00:00,73.95579107162257,11.50687699386899,0.6218482846714373,0.1565689174756792,1354
2024-02-26 11:00:00,54.0043045725624,6.022328565018249,0.6410270167746109,0.019872529357074,1355
2024-02-26 12:00:00,74.64764712447902,9.385544082538017,0.7717543699611117,0.01891420596431572,1356
2024-02-26 13:00:00,84.22501257347373,8.602855231439888,0.6826348855521078,0.02029185145408948,1357
2024-02-26 14:00:00,65.71623952951427,7.649613646573645,0.7726637738021271,0.01698070534381523,1358
2024-02-26 15:00:00,82.53882376960213,15.2297839626076,0.696088467047074,0.01828397036578481,1359
2024-02-26 16:00:00,80.75346684939636,9.838868767123806,0.6079051113521071,0.009571037805474981,1360
2024-02-26 17:00:00,86.90227716701672,12.7685808389154,0.744603379986586,0.02486863115426184,1361
2024-02-26 18:00:00,82.50940328035513,10.18974630658813,0.6705053841122196,0.02149398890160881,1362
2024-02-26 19:00:00,71.78857263283886,7.893832252413379,0.7349344406758521,0.01613272077983285,1363
2024-02-26 21:00:00,80.34950342042279,8.214735301986973,0.6228440886028564,0.02043508240196193,1365
2024-02-26 22:00:00,81.87159673043415,9.758603305942112,0.7082147382685284,0.01481928214012402,1366
2024-02-26 23:00:00,73.02316715477966,8.154456141576878,0.80981115710764,0.02428368710735229,1367
2024-02-27 00:00:00,,10.09151437681621,0.7246493229257229,0.02199024108254631,1368
2024-02-27 01:00:00,73.93424925235321,8.465811433920855,0.6971241123497268,0.0219728999274211,1369
2024-02-27 02:00:00,81.268008301102,9.6572676619909,0.7537671700978449,0.01787122197674205,1370
2024-02-27 03:00:00,100.3310428182536,11.40206332819622,0.7105334232601555,0.02225247861889017,1371
2024-02-27 04:00:00,69.71271580338471,9.577726397566991,0.7104767115131396,0.01869120854889453,1372
2024-02-27 05:00:00,67.5151459621468,7.88492999302027,0.6454187413920448,0.02277970725822921,1373
2024-02-27 06:00:00,98.58274271303452,13.63651412080684,0.7116924012894799,0.01047527772994681,1374
2024-02-27 07:00:00,81.99931215427274,10.5075163033416,0.7517721708208472,0.01783063268510406,1375
2024-02-27 08:00:00,77.62454412513564,9.689147394489332,0.6581968923949987,0.02861077548904097,1376
2024-02-27 09:00:00,94.93823708512065,11.74265719982621,0.7712247910623473,0.0161646627229985,1377
2024-02-27 10:00:00,78.70813255071376,9.754926405546827,0.6954146987927436,0.01698080851253407,1378
2024-02-27 11:00:00,103.2506446920745,10.39974299732226,0.6556115244230729,0.01776019330775012,1379
2024-02-27 12:00:00,91.99721049561953,10.78310031632014,0.7498816038460122,0.01392596932055678,1380
2024-02-27 13:00:00,80.56736920170084,10.34900584718578,0.6856602882130864,0.00895859611885874,1381
2024-02-27 14:00:00,107.2492067642981,12.81746297030971,0.7379757443743054,0.01884706800738194,1382
2024-02-27 15:00:00,79.84970908525709,8.459925085462626,0.6854120683870731,0.02067929712040828,1383
2024-02-27 16:00:00,93.55962045850002,11.17812504995636,0.6970086928235047,0.01973747465730674,1384
2024-02-27 17:00:00,89.36445802740484,12.24659962210541,0.7246780102167145,0.01927560719026057,1385
2024-02-27 18:00:00,99.62284990581365,13.19693105095282,0.7145448528795002,0.02021520435425194,1386
2024-02-27 19:00:00,102.4554752336119,15.90046968324563,0.5680106615466318,0.1589238615935345,1387
2024-02-27 20:00:00,87.396334562133,16.97863791123396,0.6439378129952804,0.01904776907035392,1388
2024-02-27 21:00:00,79.77902973181182,9.281087823068813,0.7464704992395408,0.01712958711456365,1389
2024-02-27 22:00:00,92.15081272002284,9.48796601143637,0.6933931705549226,0.01859437257555957,1390
2024-02-27 23:00:00,81.01276979914121,8.972596873062193,0.6738134348614289,0.02289673379878388,1391
2024-02-28 00:00:00,108.1635593153472,14.67010323799992,0.6320712992371262,0.02706013439271625,1392
2024-02-28 01:00:00,89.6357163474223,10.5106903000506,0.6460131839362075,0.01685928130415411,1393
2024-02-28 02:00:00,84.85871821917648,9.976513661052712,0.5989100680019026,0.02049466893514442,1394
2024-02-28 03:00:00,90.60118356371689,10.60048507304488,0.6949359640649233,0.0216917872096798,1395
2024-02-28 04:00:00,75.52642197067836,10.5012968720204,0.6700781209709477,0.01503710996635589,1396
2024-02-28 05:00:00,79.52568787558363,10.8361375570861,0.6516706054507342,0.02010208583606459,1397
2024-02-28 06:00:00,101.4909311503423,14.43077245714732,0.6965938287416023,0.01267163071328952,1398
2024-02-28 07:00:00,83.16361482600585,9.847366032944393,0.7181985315426369,0.01115474848130301,1399
2024-02-28 08:00:00,79.50999632631697,9.776250579300545,0.8046598966104972,0.02183373203946129,1400
2024-02-28 09:00:00,95.59294640669066,13.0277553501602,0.5436529901551493,0.1853155488955301,1401
2024-02-28 10:00:00,102.331518487187,13.79115164376929,0.7579690521650261,0.0210114020381061,1402
2024-02-28 11:00:00,97.91279452035923,10.60612974995936,0.7486550780507536,0.01991052511495825,1403
2024-02-28 12:00:00,100.9332301866885,12.33078620116365,0.6610453630311649,0.01511799975668101,1404
2024-02-28 13:00:00,83.65498277343664,9.120649692348657,0.7101617977293015,0.01977372849017832,1405
2024-02-28 14:00:00,77.25567665910327,8.815748147474423,0.6771183375331192,0.01383449347492572,1406
2024-02-28 15:00:00,106.7386197206235,11.91495200413303,0.7092844290209369,0.026954861790007,1407
2024-02-28 16:00:00,88.75061571503296,10.11058084917481,0.7754565506702275,0.01322014827570018,1408
2024-02-28 17:00:00,89.72182664168861,10.28290845989732,0.7302803116315656,0.01902107364515709,1409
2024-02-28 18:00:00,105.765433453818,12.11197314701363,0.725430418661672,0.01478864205976376,1410
2024-02-28 19:00:00,98.29970056544472,12.61512880784372,0.6784845340022678,0.02285210586680398,1411
2024-02-28 20:00:00,97.55074047239302,10.62828702085071,0.6257971667537832,0.01834284314359249,1412
2024-02-28 21:00:00,114.8968829195249,21.06153176329224,0.6895765894729795,0.01740666640189395,1413
2024-02-28 22:00:00,87.06718887846178,14.96105709932055,0.5539884797197354,0.1653037308375022,1414
2024-02-28 23:00:00,103.0367796823774,11.83563255444365,0.6236416071705175,0.02014715295838776,1415
2024-02-29 00:00:00,94.58499285434375,10.67115561100765,0.6472455315911652,0.02258322222967984,1416
2024-02-29 01:00:00,96.95772402297415,11.41141545286963,0.7063133868117034,0.01509337031741268,1417
2024-02-29 02:00:00,109.8138619584444,14.47316524681153,0.6507672607576368,0.01297591528036247,1418
2024-02-29 03:00:00,99.86532892073711,12.17768569460027,0.6603738276442394,0.02053603981020067,1419
2024-02-29 04:00:00,100.4281233561227,11.51788625566085,0.6788200709135911,0.01840576822252634,1420
2024-02-29 06:00:00,91.91313153135634,10.01642455022379,0.6512939076891815,0.01960045773668725,1422
2024-02-29 07:00:00,87.42982774263265,11.08729077540423,0.7351713958393654,0.02102537669617315,1423
2024-02-29 08:00:00,85.63341668405161,10.62591440049193,0.6346315108884517,0.01188308735029378,1424
2024-02-29 09:00:00,76.67782576191594,8.965318248249622,0.6201063932752581,0.02944218469807128,1425
2024-02-29 10:00:00,117.1636249910528,13.07711747880539,0.6684987510233052,0.01917879007483984,1426
2024-02-29 11:00:00,85.82989123507403,12.40011458011409,0.5600650412949901,0.1376844455181081,1427
2024-02-29 12:00:00,94.91009916208631,11.89680756371229,0.6901539096001554,0.01581954164890187,1428
2024-02-29 13:00:00,94.6153823318147,12.51665048103125,0.6767709460942191,0.02154004951108671,1429
2024-02-29 14:00:00,100.718661774023,11.44435157869318,0.7022179398757803,0.01348577618237627,1430
2024-02-29 15:00:00,106.0632260091662,13.21376684648372,0.6127146283570173,0.02226033919129836,1431
2024-02-29 16:00:00,106.7720075542724,10.58428026055118,0.7247352826887515,0.01822012957807084,1432
2024-02-29 17:00:00,92.59805683521613,10.57042216172323,0.7191717515701822,0.02014595251967784,1433
2024-02-29 18:00:00,97.01929245021115,11.6121819371114,0.6795345762952139,0.02348987015065049,1434
2024-02-29 19:00:00,101.7780873215402,11.28751209609948,0.7502962255898208,0.0138372984438986,1435
2024-02-29 20:00:00,96.72723468167327,10.70141144284923,0.643625195052348,0.01657754134693602,1436
2024-02-29 21:00:00,115.5495197595946,13.0943263005988,0.7563954496626784,0.02228662140543383,1437
2024-02-29 22:00:00,104.6477715268918,12.86350576198419,0.7077246832797626,0.03049110737273374,1438
2024-02-29 23:00:00,107.3487778604982,12.68075793142247,0.6831723705060913,0.01930958832669259,1439
